G21         ; Set units to mm
G90         ; Absolute positioning

;
; Operation:    0
; Type:         Mill Cut
; Paths:        158
; Direction:    Conventional
; Rapid Z:      3
; Start Z:      0
; End Z:        -0.2
; Pass Depth:   1
; Plunge rate:  4000 mm/min
; Cut rate:     4000 mm/min
;
; Retract
G0 Z3.000

; Path 0
; Rapid to initial position
G0 X175.395 Y-127.065
G0 Z0.000
; plunge
G1 Z-0.200 F4000
; cut
G1 X175.734 Y-127.111 F4000
G1 X165.318 Y-176.773
G1 X205.823 Y-176.773
G1 X202.380 Y-165.458
G1 X202.322 Y-165.309
G1 X202.241 Y-165.168
G1 X202.137 Y-165.034
G1 X202.012 Y-164.911
G1 X187.086 Y-170.970
G1 X186.837 Y-170.780
G1 X201.750 Y-164.726
G1 X201.634 Y-164.665
G1 X201.512 Y-164.612
G1 X201.386 Y-164.567
G1 X201.255 Y-164.529
G1 X201.121 Y-164.500
G1 X200.983 Y-164.479
G1 X200.843 Y-164.466
G1 X200.702 Y-164.461
G1 X193.781 Y-164.461
G1 X189.961 Y-149.679
G1 X189.961 Y-112.290
G1 X190.311 Y-112.191
G1 X190.486 Y-112.142
G1 X190.661 Y-112.093
G1 X190.836 Y-112.044
G1 X191.011 Y-111.994
G1 X191.186 Y-111.945
G1 X191.361 Y-111.896
G1 X191.536 Y-111.846
G1 X191.711 Y-111.797
G1 X191.886 Y-111.748
G1 X192.061 Y-111.698
G1 X192.236 Y-111.649
G1 X192.411 Y-111.599
G1 X192.586 Y-111.550
G1 X192.761 Y-111.500
G1 X192.935 Y-111.451
G1 X193.110 Y-111.401
G1 X193.285 Y-111.352
G1 X193.460 Y-111.302
G1 X193.635 Y-111.252
G1 X193.809 Y-111.203
G1 X193.984 Y-111.153
G1 X194.159 Y-111.103
G1 X194.334 Y-111.053
G1 X194.508 Y-111.003
G1 X194.683 Y-110.953
G1 X194.858 Y-110.903
G1 X195.032 Y-110.853
G1 X195.207 Y-110.802
G1 X195.381 Y-110.752
G1 X195.556 Y-110.702
G1 X195.730 Y-110.651
G1 X195.904 Y-110.601
G1 X196.079 Y-110.550
G1 X196.253 Y-110.499
G1 X196.427 Y-110.449
G1 X196.601 Y-110.398
G1 X196.776 Y-110.347
G1 X196.950 Y-110.296
G1 X197.124 Y-110.245
G1 X197.298 Y-110.194
G1 X197.472 Y-110.142
G1 X197.646 Y-110.091
G1 X197.820 Y-110.040
G1 X197.993 Y-109.988
G1 X198.167 Y-109.936
G1 X198.341 Y-109.884
G1 X198.514 Y-109.833
G1 X198.688 Y-109.781
G1 X198.861 Y-109.728
G1 X199.035 Y-109.676
G1 X199.208 Y-109.624
G1 X199.382 Y-109.571
G1 X199.555 Y-109.519
G1 X199.728 Y-109.466
G1 X199.901 Y-109.413
G1 X200.074 Y-109.360
G1 X200.247 Y-109.307
G1 X200.420 Y-109.254
G1 X200.593 Y-109.201
G1 X200.766 Y-109.147
G1 X200.939 Y-109.094
G1 X201.111 Y-109.040
G1 X201.290 Y-108.984
G1 X201.468 Y-108.928
G1 X201.647 Y-108.873
G1 X201.825 Y-108.816
G1 X202.003 Y-108.760
G1 X202.181 Y-108.704
G1 X202.359 Y-108.647
G1 X202.537 Y-108.590
G1 X202.715 Y-108.533
G1 X202.892 Y-108.476
G1 X203.070 Y-108.418
G1 X203.247 Y-108.361
G1 X203.425 Y-108.303
G1 X203.602 Y-108.245
G1 X203.779 Y-108.187
G1 X203.956 Y-108.129
G1 X204.133 Y-108.070
G1 X204.310 Y-108.012
G1 X204.486 Y-107.953
G1 X204.663 Y-107.894
G1 X204.840 Y-107.835
G1 X205.016 Y-107.775
G1 X205.192 Y-107.716
G1 X205.368 Y-107.656
G1 X205.544 Y-107.596
G1 X205.720 Y-107.536
G1 X205.896 Y-107.475
G1 X206.071 Y-107.415
G1 X206.247 Y-107.354
G1 X206.422 Y-107.293
G1 X206.598 Y-107.232
G1 X206.773 Y-107.171
G1 X206.948 Y-107.109
G1 X207.122 Y-107.047
G1 X207.297 Y-106.985
G1 X207.472 Y-106.923
G1 X207.646 Y-106.861
G1 X207.821 Y-106.798
G1 X207.995 Y-106.735
G1 X208.169 Y-106.672
G1 X208.343 Y-106.609
G1 X208.517 Y-106.546
G1 X208.690 Y-106.482
G1 X208.864 Y-106.418
G1 X209.037 Y-106.354
G1 X209.210 Y-106.290
G1 X209.383 Y-106.226
G1 X209.556 Y-106.161
G1 X209.729 Y-106.096
G1 X209.902 Y-106.031
G1 X210.074 Y-105.966
G1 X210.247 Y-105.900
G1 X210.419 Y-105.834
G1 X210.591 Y-105.769
G1 X210.763 Y-105.702
G1 X210.935 Y-105.636
G1 X211.106 Y-105.569
G1 X211.278 Y-105.503
G1 X211.449 Y-105.435
G1 X211.620 Y-105.368
G1 X211.791 Y-105.301
G1 X211.962 Y-105.233
G1 X212.133 Y-105.165
G1 X212.303 Y-105.097
G1 X212.473 Y-105.028
G1 X212.643 Y-104.960
G1 X212.813 Y-104.891
G1 X212.983 Y-104.822
G1 X213.153 Y-104.753
G1 X213.322 Y-104.684
G1 X213.492 Y-104.614
G1 X213.661 Y-104.544
G1 X213.830 Y-104.474
G1 X213.999 Y-104.404
G1 X214.168 Y-104.334
G1 X214.336 Y-104.263
G1 X214.505 Y-104.192
G1 X214.673 Y-104.121
G1 X214.841 Y-104.050
G1 X215.010 Y-103.978
G1 X215.177 Y-103.907
G1 X215.345 Y-103.835
G1 X215.513 Y-103.763
G1 X215.680 Y-103.690
G1 X215.847 Y-103.618
G1 X216.014 Y-103.545
G1 X216.181 Y-103.472
G1 X216.348 Y-103.399
G1 X216.514 Y-103.325
G1 X216.681 Y-103.252
G1 X216.847 Y-103.178
G1 X217.013 Y-103.104
G1 X217.179 Y-103.030
G1 X217.345 Y-102.955
G1 X217.510 Y-102.881
G1 X217.676 Y-102.806
G1 X217.841 Y-102.731
G1 X218.006 Y-102.655
G1 X218.170 Y-102.580
G1 X218.335 Y-102.504
G1 X218.500 Y-102.428
G1 X218.664 Y-102.352
G1 X218.828 Y-102.275
G1 X218.992 Y-102.199
G1 X219.155 Y-102.122
G1 X219.319 Y-102.045
G1 X219.482 Y-101.967
G1 X219.645 Y-101.890
G1 X219.808 Y-101.812
G1 X219.971 Y-101.734
G1 X220.134 Y-101.656
G1 X220.296 Y-101.578
G1 X220.458 Y-101.499
G1 X220.620 Y-101.420
G1 X220.782 Y-101.341
G1 X220.944 Y-101.262
G1 X221.105 Y-101.182
G1 X221.266 Y-101.102
G1 X221.427 Y-101.022
G1 X221.588 Y-100.942
G1 X221.748 Y-100.862
G1 X221.909 Y-100.781
G1 X222.069 Y-100.700
G1 X222.229 Y-100.619
G1 X222.388 Y-100.538
G1 X222.548 Y-100.456
G1 X222.707 Y-100.375
G1 X222.866 Y-100.293
G1 X223.025 Y-100.210
G1 X223.184 Y-100.128
G1 X223.342 Y-100.045
G1 X223.500 Y-99.962
G1 X223.658 Y-99.879
G1 X223.816 Y-99.796
G1 X223.974 Y-99.712
G1 X224.131 Y-99.628
G1 X224.288 Y-99.544
G1 X224.445 Y-99.460
G1 X224.602 Y-99.375
G1 X224.758 Y-99.291
G1 X224.914 Y-99.206
G1 X225.070 Y-99.121
G1 X225.226 Y-99.035
G1 X225.381 Y-98.949
G1 X225.537 Y-98.864
G1 X225.692 Y-98.777
G1 X225.846 Y-98.691
G1 X226.001 Y-98.604
G1 X226.155 Y-98.518
G1 X226.309 Y-98.430
G1 X226.463 Y-98.343
G1 X226.616 Y-98.256
G1 X226.770 Y-98.168
G1 X226.923 Y-98.080
G1 X227.076 Y-97.992
G1 X227.228 Y-97.903
G1 X227.381 Y-97.814
G1 X227.533 Y-97.725
G1 X227.684 Y-97.636
G1 X227.836 Y-97.547
G1 X227.987 Y-97.457
G1 X228.138 Y-97.367
G1 X228.289 Y-97.277
G1 X228.440 Y-97.187
G1 X228.590 Y-97.096
G1 X228.740 Y-97.005
G1 X228.890 Y-96.914
G1 X229.039 Y-96.823
G1 X229.188 Y-96.731
G1 X229.337 Y-96.639
G1 X229.486 Y-96.547
G1 X229.635 Y-96.455
G1 X229.783 Y-96.362
G1 X229.931 Y-96.269
G1 X230.078 Y-96.176
G1 X230.226 Y-96.083
G1 X230.373 Y-95.990
G1 X230.519 Y-95.896
G1 X230.666 Y-95.802
G1 X230.812 Y-95.708
G1 X230.958 Y-95.613
G1 X231.104 Y-95.518
G1 X231.249 Y-95.423
G1 X231.394 Y-95.328
G1 X231.539 Y-95.233
G1 X231.684 Y-95.137
G1 X231.828 Y-95.041
G1 X231.972 Y-94.945
G1 X232.116 Y-94.848
G1 X232.259 Y-94.752
G1 X232.402 Y-94.655
G1 X232.545 Y-94.557
G1 X232.678 Y-94.466
G1 X232.810 Y-94.375
G1 X232.943 Y-94.284
G1 X233.075 Y-94.192
G1 X233.206 Y-94.100
G1 X233.338 Y-94.008
G1 X233.469 Y-93.916
G1 X233.600 Y-93.823
G1 X233.731 Y-93.731
G1 X233.861 Y-93.638
G1 X233.991 Y-93.544
G1 X234.121 Y-93.451
G1 X234.250 Y-93.357
G1 X234.379 Y-93.263
G1 X234.508 Y-93.169
G1 X234.637 Y-93.075
G1 X234.765 Y-92.981
G1 X234.893 Y-92.886
G1 X235.021 Y-92.791
G1 X235.148 Y-92.696
G1 X235.275 Y-92.600
G1 X235.402 Y-92.505
G1 X235.529 Y-92.409
G1 X235.655 Y-92.313
G1 X235.781 Y-92.216
G1 X235.906 Y-92.120
G1 X236.031 Y-92.023
G1 X236.156 Y-91.926
G1 X236.281 Y-91.829
G1 X236.405 Y-91.731
G1 X236.529 Y-91.633
G1 X236.652 Y-91.536
G1 X236.776 Y-91.437
G1 X236.899 Y-91.339
G1 X237.021 Y-91.240
G1 X237.143 Y-91.142
G1 X237.265 Y-91.043
G1 X237.387 Y-90.943
G1 X237.508 Y-90.844
G1 X237.629 Y-90.744
G1 X237.750 Y-90.644
G1 X237.870 Y-90.544
G1 X237.990 Y-90.443
G1 X238.109 Y-90.343
G1 X238.228 Y-90.242
G1 X238.347 Y-90.141
G1 X238.466 Y-90.039
G1 X238.584 Y-89.938
G1 X238.701 Y-89.836
G1 X238.819 Y-89.734
G1 X238.936 Y-89.632
G1 X239.052 Y-89.529
G1 X239.169 Y-89.426
G1 X239.284 Y-89.323
G1 X239.400 Y-89.220
G1 X239.515 Y-89.117
G1 X239.630 Y-89.013
G1 X239.744 Y-88.909
G1 X239.858 Y-88.805
G1 X239.972 Y-88.701
G1 X240.085 Y-88.596
G1 X240.198 Y-88.491
G1 X240.310 Y-88.386
G1 X240.422 Y-88.281
G1 X240.550 Y-88.160
G1 X240.677 Y-88.039
G1 X240.803 Y-87.918
G1 X240.929 Y-87.797
G1 X241.055 Y-87.675
G1 X241.180 Y-87.553
G1 X241.304 Y-87.430
G1 X241.428 Y-87.307
G1 X241.551 Y-87.184
G1 X241.674 Y-87.061
G1 X241.796 Y-86.937
G1 X241.918 Y-86.813
G1 X242.039 Y-86.689
G1 X242.159 Y-86.564
G1 X242.279 Y-86.439
G1 X242.398 Y-86.314
G1 X242.517 Y-86.188
G1 X242.635 Y-86.063
G1 X242.753 Y-85.936
G1 X242.870 Y-85.810
G1 X242.986 Y-85.683
G1 X243.102 Y-85.556
G1 X243.217 Y-85.429
G1 X243.332 Y-85.301
G1 X243.446 Y-85.173
G1 X243.559 Y-85.045
G1 X243.672 Y-84.917
G1 X243.784 Y-84.788
G1 X243.895 Y-84.659
G1 X244.006 Y-84.529
G1 X244.117 Y-84.399
G1 X244.226 Y-84.269
G1 X244.335 Y-84.139
G1 X244.443 Y-84.008
G1 X244.551 Y-83.878
G1 X244.658 Y-83.746
G1 X244.764 Y-83.615
G1 X244.870 Y-83.483
G1 X244.975 Y-83.351
G1 X245.079 Y-83.219
G1 X245.183 Y-83.086
G1 X245.286 Y-82.953
G1 X245.388 Y-82.820
G1 X245.490 Y-82.686
G1 X245.591 Y-82.553
G1 X245.691 Y-82.418
G1 X245.790 Y-82.284
G1 X245.889 Y-82.149
G1 X245.987 Y-82.014
G1 X246.084 Y-81.879
G1 X246.181 Y-81.744
G1 X246.277 Y-81.608
G1 X246.372 Y-81.472
G1 X246.467 Y-81.335
G1 X246.561 Y-81.199
G1 X246.654 Y-81.062
G1 X246.746 Y-80.925
G1 X246.837 Y-80.787
G1 X246.928 Y-80.649
G1 X247.018 Y-80.511
G1 X247.107 Y-80.373
G1 X247.196 Y-80.234
G1 X247.284 Y-80.095
G1 X247.371 Y-79.956
G1 X247.447 Y-79.834
G1 X247.522 Y-79.712
G1 X247.596 Y-79.590
G1 X247.670 Y-79.467
G1 X247.743 Y-79.344
G1 X247.816 Y-79.222
G1 X247.888 Y-79.098
G1 X247.959 Y-78.975
G1 X248.029 Y-78.851
G1 X248.099 Y-78.728
G1 X248.169 Y-78.604
G1 X248.237 Y-78.480
G1 X248.305 Y-78.355
G1 X248.373 Y-78.231
G1 X248.439 Y-78.106
G1 X248.505 Y-77.981
G1 X248.571 Y-77.856
G1 X248.636 Y-77.731
G1 X248.700 Y-77.606
G1 X248.764 Y-77.480
G1 X248.827 Y-77.355
G1 X248.890 Y-77.229
G1 X248.952 Y-77.103
G1 X249.013 Y-76.976
G1 X249.074 Y-76.850
G1 X249.134 Y-76.724
G1 X249.194 Y-76.597
G1 X249.253 Y-76.470
G1 X249.311 Y-76.343
G1 X249.369 Y-76.216
G1 X249.427 Y-76.089
G1 X249.484 Y-75.962
G1 X249.540 Y-75.834
G1 X249.596 Y-75.706
G1 X249.651 Y-75.579
G1 X249.706 Y-75.451
G1 X249.760 Y-75.323
G1 X249.814 Y-75.195
G1 X249.867 Y-75.066
G1 X249.920 Y-74.938
G1 X249.972 Y-74.810
G1 X250.024 Y-74.681
G1 X250.075 Y-74.552
G1 X250.126 Y-74.423
G1 X250.176 Y-74.294
G1 X250.226 Y-74.165
G1 X250.275 Y-74.036
G1 X250.324 Y-73.907
G1 X250.372 Y-73.778
G1 X250.420 Y-73.648
G1 X250.468 Y-73.519
G1 X250.515 Y-73.389
G1 X250.561 Y-73.260
G1 X250.607 Y-73.130
G1 X250.653 Y-73.000
G1 X250.698 Y-72.870
G1 X250.743 Y-72.740
G1 X250.787 Y-72.610
G1 X250.831 Y-72.480
G1 X250.875 Y-72.350
G1 X250.918 Y-72.219
G1 X250.961 Y-72.089
G1 X251.003 Y-71.959
G1 X251.045 Y-71.828
G1 X251.092 Y-71.681
G1 X251.138 Y-71.533
G1 X251.184 Y-71.385
G1 X251.230 Y-71.237
G1 X251.275 Y-71.089
G1 X251.320 Y-70.941
G1 X251.364 Y-70.793
G1 X251.408 Y-70.645
G1 X251.452 Y-70.497
G1 X251.495 Y-70.349
G1 X251.538 Y-70.200
G1 X251.580 Y-70.052
G1 X251.622 Y-69.904
G1 X251.663 Y-69.755
G1 X251.705 Y-69.607
G1 X251.745 Y-69.458
G1 X251.786 Y-69.309
G1 X251.826 Y-69.161
G1 X251.866 Y-69.012
G1 X251.905 Y-68.863
G1 X251.944 Y-68.714
G1 X251.983 Y-68.566
G1 X252.022 Y-68.417
G1 X252.060 Y-68.268
G1 X252.098 Y-68.119
G1 X252.135 Y-67.970
G1 X252.173 Y-67.820
G1 X252.210 Y-67.671
G1 X252.247 Y-67.522
G1 X252.283 Y-67.373
G1 X252.319 Y-67.224
G1 X252.355 Y-67.074
G1 X252.391 Y-66.925
G1 X252.427 Y-66.776
G1 X252.462 Y-66.626
G1 X252.497 Y-66.477
G1 X252.532 Y-66.328
G1 X252.567 Y-66.178
G1 X252.602 Y-66.029
G1 X252.636 Y-65.879
G1 X252.670 Y-65.730
G1 X252.704 Y-65.580
G1 X252.738 Y-65.430
G1 X252.772 Y-65.281
G1 X252.805 Y-65.131
G1 X252.839 Y-64.982
G1 X252.872 Y-64.832
G1 X252.905 Y-64.682
G1 X252.938 Y-64.533
G1 X252.971 Y-64.383
G1 X253.004 Y-64.233
G1 X253.037 Y-64.084
G1 X253.070 Y-63.934
G1 X253.102 Y-63.784
G1 X253.135 Y-63.634
G1 X253.167 Y-63.485
G1 X253.200 Y-63.335
G1 X253.232 Y-63.185
G1 X253.264 Y-63.036
G1 X253.297 Y-62.886
G1 X253.329 Y-62.736
G1 X253.361 Y-62.586
G1 X253.426 Y-62.287
G1 X150.152 Y-62.287
G1 X150.152 Y-78.081
G1 X157.016 Y-176.773
G1 X164.969 Y-176.773
G1 X175.395 Y-127.065
G1 X175.395 Y-127.065
; Retract
G0 Z3.000

; Path 1
; Rapid to initial position
G0 X179.220 Y-134.092
G0 Z0.000
; plunge
G1 Z-0.200 F4000
; cut
G1 X179.991 Y-131.764 F4000
G1 X180.689 Y-134.460
G1 X183.077 Y-143.357
; Retract
G0 Z3.000

; Path 2
; Rapid to initial position
G0 X182.942 Y-134.776
G0 Z0.000
; plunge
G1 Z-0.200 F4000
; cut
G1 X192.689 Y-150.294 F4000
; Retract
G0 Z3.000

; Path 3
; Rapid to initial position
G0 X190.799 Y-152.793
G0 Z0.000
; plunge
G1 Z-0.200 F4000
; cut
G1 X236.526 Y-149.847 F4000
G1 X235.440 Y-177.326
G1 X198.814 Y-177.326
G1 X149.084 Y-170.850
G1 X148.971 Y-171.018
G1 X197.408 Y-177.326
G1 X96.138 Y-177.326
G1 X96.138 Y-158.889
G1 X190.089 Y-152.838
G1 X165.039 Y-162.170
G1 X165.296 Y-162.293
G1 X190.799 Y-152.793
; Retract
G0 Z3.000

; Path 4
; Rapid to initial position
G0 X188.980 Y-151.679
G0 Z0.000
; plunge
G1 Z-0.200 F4000
; cut
G1 X140.559 Y-142.594 F4000
; Retract
G0 Z3.000

; Path 5
; Rapid to initial position
G0 X133.553 Y-144.335
G0 Z0.000
; plunge
G1 Z-0.200 F4000
; cut
G1 X133.553 Y-142.760 F4000
G1 X129.547 Y-129.891
G1 X125.012 Y-123.720
G1 X121.459 Y-119.124
G1 X129.774 Y-124.114
; Retract
G0 Z3.000

; Path 6
; Rapid to initial position
G0 X129.774 Y-124.114
G0 Z0.000
; plunge
G1 Z-0.200 F4000
; cut
G1 X155.020 Y-139.871 F4000
G1 X170.008 Y-154.709
G1 X179.774 Y-167.971
G1 X183.818 Y-181.588
G1 X183.818 Y-189.033
G1 X181.437 Y-198.566
G1 X179.774 Y-199.354
; Retract
G0 Z3.000

; Path 7
; Rapid to initial position
G0 X181.799 Y-194.639
G0 Z0.000
; plunge
G1 Z-0.200 F4000
; cut
G1 X181.917 Y-194.637 F4000
G1 X182.033 Y-194.631
G1 X182.148 Y-194.621
G1 X182.260 Y-194.607
G1 X182.370 Y-194.589
G1 X182.477 Y-194.568
G1 X182.580 Y-194.543
G1 X182.680 Y-194.514
G1 X182.777 Y-194.483
G1 X182.956 Y-194.409
G1 X183.116 Y-194.324
G1 X183.254 Y-194.227
G1 X183.313 Y-194.174
; Retract
G0 Z3.000

; Path 8
; Rapid to initial position
G0 X184.308 Y-187.114
G0 Z0.000
; plunge
G1 Z-0.200 F4000
; cut
G1 X182.776 Y-177.470 F4000
G1 X181.089 Y-167.078
G1 X179.357 Y-154.701
G1 X177.802 Y-145.020
G1 X175.427 Y-134.971
G1 X173.406 Y-132.275
G1 X172.362 Y-137.667
G1 X173.273 Y-148.451
G1 X175.848 Y-159.358
G1 X180.400 Y-171.294
G1 X183.886 Y-178.622
G1 X186.764 Y-179.774
G1 X187.182 Y-178.622
G1 X185.152 Y-177.078
G1 X182.976 Y-167.078
G1 X181.377 Y-152.740
G1 X180.955 Y-142.324
G1 X181.799 Y-138.525
G1 X182.776 Y-138.035
G1 X184.308 Y-143.059
G1 X185.707 Y-148.084
G1 X187.464 Y-160.093
G1 X187.952 Y-166.710
G1 X188.581 Y-184.798
; Retract
G0 Z3.000

; Path 9
; Rapid to initial position
G0 X189.418 Y-185.680
G0 Z0.000
; plunge
G1 Z-0.200 F4000
; cut
G1 X192.347 Y-189.533 F4000
G1 X193.731 Y-194.649
G1 X191.449 Y-198.556
G1 X183.174 Y-199.609
G1 X170.223 Y-197.884
G1 X150.752 Y-192.338
G1 X141.040 Y-188.672
G1 X129.673 Y-183.647
G1 X123.349 Y-179.256
G1 X116.488 Y-171.624
G1 X114.483 Y-165.825
G1 X117.128 Y-164.583
G1 X123.724 Y-165.596
G1 X140.519 Y-177.328
G1 X156.990 Y-190.305
G1 X168.711 Y-200.402
G1 X181.440 Y-209.031
G1 X192.656 Y-217.673
G1 X199.562 Y-223.798
G1 X201.032 Y-232.086
G1 X197.501 Y-234.035
G1 X191.374 Y-232.844
G1 X180.560 Y-225.614
G1 X170.075 Y-215.899
G1 X161.743 Y-205.077
G1 X160.195 Y-200.015
G1 X161.770 Y-196.212
; Retract
G0 Z3.000

; Path 10
; Rapid to initial position
G0 X162.068 Y-199.118
G0 Z0.000
; plunge
G1 Z-0.200 F4000
; cut
G1 X161.981 Y-199.053 F4000
G1 X161.893 Y-198.988
G1 X161.805 Y-198.923
G1 X161.716 Y-198.859
G1 X161.627 Y-198.795
G1 X161.537 Y-198.731
G1 X161.446 Y-198.668
G1 X161.355 Y-198.604
G1 X161.264 Y-198.542
G1 X161.171 Y-198.479
G1 X161.079 Y-198.417
G1 X160.985 Y-198.355
G1 X160.892 Y-198.293
G1 X160.797 Y-198.232
G1 X160.703 Y-198.170
G1 X160.607 Y-198.110
G1 X160.511 Y-198.049
G1 X160.415 Y-197.989
G1 X160.318 Y-197.929
G1 X160.221 Y-197.869
G1 X160.123 Y-197.810
G1 X160.024 Y-197.751
G1 X159.925 Y-197.692
G1 X159.826 Y-197.634
G1 X159.726 Y-197.575
G1 X159.626 Y-197.517
G1 X159.525 Y-197.460
G1 X159.423 Y-197.403
G1 X159.321 Y-197.346
G1 X159.219 Y-197.289
G1 X159.116 Y-197.232
G1 X159.013 Y-197.176
G1 X158.909 Y-197.121
G1 X158.804 Y-197.065
G1 X158.700 Y-197.010
G1 X158.594 Y-196.955
G1 X158.489 Y-196.900
G1 X158.382 Y-196.846
G1 X158.276 Y-196.792
G1 X158.169 Y-196.738
G1 X158.061 Y-196.685
G1 X157.953 Y-196.632
G1 X157.844 Y-196.579
G1 X157.735 Y-196.527
G1 X157.626 Y-196.474
G1 X157.516 Y-196.423
G1 X157.406 Y-196.371
G1 X157.295 Y-196.320
G1 X157.184 Y-196.269
G1 X157.072 Y-196.218
G1 X156.960 Y-196.168
G1 X156.848 Y-196.118
G1 X156.735 Y-196.068
G1 X156.621 Y-196.019
G1 X156.508 Y-195.970
G1 X156.393 Y-195.921
G1 X156.279 Y-195.872
G1 X156.164 Y-195.824
G1 X156.048 Y-195.776
G1 X155.932 Y-195.729
G1 X155.816 Y-195.682
G1 X155.699 Y-195.635
G1 X155.582 Y-195.588
G1 X155.465 Y-195.542
G1 X155.347 Y-195.496
G1 X155.229 Y-195.450
G1 X155.110 Y-195.405
G1 X154.991 Y-195.360
G1 X154.871 Y-195.315
G1 X154.752 Y-195.271
G1 X154.631 Y-195.227
G1 X154.511 Y-195.183
G1 X154.390 Y-195.139
G1 X154.268 Y-195.096
G1 X154.147 Y-195.053
G1 X154.025 Y-195.011
G1 X153.902 Y-194.969
G1 X153.779 Y-194.927
G1 X153.656 Y-194.885
G1 X153.533 Y-194.844
G1 X153.409 Y-194.803
G1 X153.284 Y-194.763
G1 X153.160 Y-194.723
G1 X153.035 Y-194.683
G1 X152.910 Y-194.643
G1 X152.784 Y-194.604
G1 X152.658 Y-194.565
G1 X152.531 Y-194.526
G1 X152.405 Y-194.488
G1 X152.278 Y-194.450
G1 X152.150 Y-194.412
G1 X152.023 Y-194.375
G1 X151.895 Y-194.338
G1 X151.766 Y-194.301
G1 X151.638 Y-194.265
G1 X151.509 Y-194.229
G1 X151.379 Y-194.193
G1 X151.250 Y-194.158
G1 X151.120 Y-194.123
G1 X150.990 Y-194.088
G1 X150.859 Y-194.054
G1 X150.728 Y-194.020
G1 X150.597 Y-193.986
G1 X150.466 Y-193.953
G1 X150.334 Y-193.920
G1 X150.202 Y-193.887
G1 X150.070 Y-193.855
G1 X149.937 Y-193.823
G1 X149.804 Y-193.791
G1 X149.671 Y-193.760
G1 X149.537 Y-193.729
G1 X149.404 Y-193.698
G1 X149.270 Y-193.668
G1 X149.135 Y-193.638
G1 X149.001 Y-193.608
G1 X148.866 Y-193.579
G1 X148.731 Y-193.550
G1 X148.596 Y-193.521
G1 X148.460 Y-193.493
G1 X148.324 Y-193.465
G1 X148.188 Y-193.437
G1 X148.052 Y-193.410
G1 X147.915 Y-193.383
G1 X147.778 Y-193.356
G1 X147.641 Y-193.330
G1 X147.504 Y-193.304
G1 X147.366 Y-193.279
G1 X147.228 Y-193.253
G1 X147.090 Y-193.229
G1 X146.952 Y-193.204
G1 X146.813 Y-193.180
G1 X146.674 Y-193.156
G1 X146.535 Y-193.132
G1 X146.396 Y-193.109
G1 X146.257 Y-193.086
G1 X146.117 Y-193.064
G1 X145.977 Y-193.042
G1 X145.837 Y-193.020
G1 X145.697 Y-192.999
G1 X145.556 Y-192.978
G1 X145.415 Y-192.957
G1 X145.274 Y-192.936
G1 X145.133 Y-192.916
G1 X144.992 Y-192.897
G1 X144.851 Y-192.877
G1 X144.709 Y-192.858
G1 X144.567 Y-192.840
G1 X144.425 Y-192.822
G1 X144.283 Y-192.804
G1 X144.140 Y-192.786
G1 X143.998 Y-192.769
G1 X143.855 Y-192.752
G1 X143.712 Y-192.736
G1 X143.569 Y-192.719
G1 X143.425 Y-192.704
G1 X143.282 Y-192.688
G1 X143.138 Y-192.673
G1 X142.994 Y-192.658
G1 X142.850 Y-192.644
G1 X142.706 Y-192.630
G1 X142.562 Y-192.616
G1 X142.418 Y-192.603
G1 X142.273 Y-192.590
G1 X142.128 Y-192.578
G1 X141.983 Y-192.565
G1 X141.838 Y-192.554
G1 X141.693 Y-192.542
G1 X141.548 Y-192.531
G1 X141.403 Y-192.520
G1 X141.257 Y-192.510
G1 X141.111 Y-192.500
G1 X140.965 Y-192.490
G1 X140.820 Y-192.481
G1 X140.674 Y-192.472
G1 X140.527 Y-192.463
G1 X140.381 Y-192.455
G1 X140.235 Y-192.447
G1 X140.088 Y-192.440
G1 X139.942 Y-192.433
G1 X139.795 Y-192.426
G1 X139.648 Y-192.420
G1 X139.501 Y-192.414
G1 X139.354 Y-192.408
G1 X139.207 Y-192.403
G1 X139.060 Y-192.398
G1 X138.913 Y-192.393
G1 X138.765 Y-192.389
G1 X138.618 Y-192.386
G1 X138.470 Y-192.382
G1 X138.322 Y-192.379
G1 X138.175 Y-192.376
G1 X138.027 Y-192.374
G1 X137.879 Y-192.372
G1 X137.731 Y-192.371
G1 X137.583 Y-192.370
G1 X137.435 Y-192.369
G1 X137.287 Y-192.368
G1 X137.139 Y-192.368
G1 X136.991 Y-192.369
G1 X136.842 Y-192.369
G1 X136.694 Y-192.370
G1 X136.546 Y-192.372
G1 X136.397 Y-192.374
G1 X136.249 Y-192.376
G1 X136.100 Y-192.379
G1 X135.952 Y-192.382
G1 X135.803 Y-192.385
G1 X135.655 Y-192.389
G1 X135.506 Y-192.393
G1 X135.357 Y-192.397
G1 X135.208 Y-192.402
G1 X135.060 Y-192.408
G1 X134.911 Y-192.413
G1 X134.762 Y-192.419
G1 X134.613 Y-192.426
G1 X134.465 Y-192.433
G1 X134.316 Y-192.440
G1 X134.167 Y-192.447
G1 X134.018 Y-192.455
G1 X133.869 Y-192.464
G1 X133.720 Y-192.472
G1 X133.572 Y-192.482
G1 X133.423 Y-192.491
G1 X133.274 Y-192.501
G1 X133.125 Y-192.511
G1 X132.976 Y-192.522
G1 X132.828 Y-192.533
G1 X132.679 Y-192.544
G1 X132.530 Y-192.556
G1 X132.381 Y-192.569
G1 X132.233 Y-192.581
G1 X132.084 Y-192.594
G1 X131.935 Y-192.608
G1 X131.787 Y-192.621
G1 X131.638 Y-192.636
G1 X131.490 Y-192.650
G1 X131.341 Y-192.665
G1 X131.193 Y-192.681
G1 X131.044 Y-192.696
G1 X130.896 Y-192.713
G1 X130.748 Y-192.729
G1 X130.599 Y-192.746
G1 X130.451 Y-192.764
G1 X130.303 Y-192.781
G1 X130.155 Y-192.799
G1 X130.007 Y-192.818
G1 X129.859 Y-192.837
G1 X129.711 Y-192.856
G1 X129.563 Y-192.876
G1 X129.416 Y-192.896
G1 X129.268 Y-192.917
G1 X129.120 Y-192.938
G1 X128.973 Y-192.959
G1 X128.825 Y-192.981
G1 X128.678 Y-193.003
G1 X128.531 Y-193.026
; Retract
G0 Z3.000

; Path 11
; Rapid to initial position
G0 X127.140 Y-197.613
G0 Z0.000
; plunge
G1 Z-0.200 F4000
; cut
G1 X99.571 Y-197.613 F4000
; Retract
G0 Z3.000

; Path 12
; Rapid to initial position
G0 X101.182 Y-206.044
G0 Z0.000
; plunge
G1 Z-0.200 F4000
; cut
G1 X99.583 Y-196.400 F4000
G1 X98.118 Y-192.919
G1 X104.614 Y-206.424
G1 X102.936 Y-197.552
G1 X99.650 Y-181.719
G1 X98.384 Y-173.631
G1 X97.762 Y-167.871
G1 X97.696 Y-165.175
G1 X98.317 Y-164.317
G1 X99.161 Y-165.910
G1 X102.869 Y-176.694
G1 X100.915 Y-163.214
G1 X99.450 Y-152.798
G1 X98.739 Y-142.014
G1 X100.138 Y-147.406
G1 X103.147 Y-153.166
G1 X104.406 Y-151.573
G1 X104.825 Y-144.343
G1 X103.706 Y-133.436
G1 X101.182 Y-121.917
; Retract
G0 Z3.000

; Path 13
; Rapid to initial position
G0 X112.027 Y-115.347
G0 Z0.000
; plunge
G1 Z-0.200 F4000
; cut
G1 X205.978 Y-109.296 F4000
; Retract
G0 Z3.000

; Path 14
; Rapid to initial position
G0 X204.415 Y-106.403
G0 Z0.000
; plunge
G1 Z-0.200 F4000
; cut
G1 X204.393 Y-106.511 F4000
G1 X204.371 Y-106.620
G1 X204.349 Y-106.729
G1 X204.326 Y-106.838
G1 X204.304 Y-106.947
G1 X204.282 Y-107.056
G1 X204.259 Y-107.165
G1 X204.237 Y-107.273
G1 X204.214 Y-107.382
G1 X204.191 Y-107.491
G1 X204.168 Y-107.600
G1 X204.145 Y-107.709
G1 X204.122 Y-107.818
G1 X204.099 Y-107.927
G1 X204.075 Y-108.036
G1 X204.051 Y-108.145
G1 X204.027 Y-108.254
G1 X204.002 Y-108.363
G1 X203.978 Y-108.471
G1 X203.953 Y-108.580
G1 X203.927 Y-108.689
G1 X203.902 Y-108.798
G1 X203.876 Y-108.906
G1 X203.850 Y-109.015
G1 X203.823 Y-109.123
G1 X203.796 Y-109.232
G1 X203.769 Y-109.340
G1 X203.741 Y-109.449
G1 X203.712 Y-109.557
G1 X203.684 Y-109.665
G1 X203.654 Y-109.773
G1 X203.625 Y-109.881
G1 X203.595 Y-109.989
G1 X203.564 Y-110.097
G1 X203.533 Y-110.205
G1 X203.501 Y-110.313
G1 X203.469 Y-110.420
G1 X203.436 Y-110.528
G1 X203.402 Y-110.635
G1 X203.368 Y-110.742
G1 X203.334 Y-110.849
G1 X203.298 Y-110.956
G1 X203.262 Y-111.063
G1 X203.226 Y-111.170
G1 X203.188 Y-111.276
G1 X203.150 Y-111.383
G1 X203.112 Y-111.489
G1 X203.072 Y-111.595
G1 X203.032 Y-111.701
G1 X202.991 Y-111.807
G1 X202.949 Y-111.913
G1 X202.907 Y-112.018
G1 X202.864 Y-112.124
G1 X202.819 Y-112.229
G1 X202.774 Y-112.334
G1 X202.729 Y-112.439
G1 X202.682 Y-112.543
G1 X202.634 Y-112.648
G1 X202.586 Y-112.752
G1 X202.536 Y-112.856
G1 X202.486 Y-112.960
G1 X202.435 Y-113.064
G1 X202.383 Y-113.167
G1 X202.329 Y-113.270
G1 X202.273 Y-113.378
G1 X202.216 Y-113.485
G1 X202.157 Y-113.591
G1 X202.097 Y-113.698
G1 X202.036 Y-113.803
G1 X201.974 Y-113.909
G1 X201.910 Y-114.014
G1 X201.846 Y-114.119
G1 X201.780 Y-114.223
G1 X201.713 Y-114.327
G1 X201.645 Y-114.430
G1 X201.576 Y-114.533
G1 X201.505 Y-114.636
G1 X201.434 Y-114.738
G1 X201.361 Y-114.840
G1 X201.287 Y-114.941
G1 X201.212 Y-115.042
G1 X201.136 Y-115.142
G1 X201.059 Y-115.242
G1 X200.980 Y-115.341
G1 X200.900 Y-115.440
G1 X200.819 Y-115.538
G1 X200.737 Y-115.636
G1 X200.654 Y-115.733
G1 X200.570 Y-115.830
G1 X200.485 Y-115.926
G1 X200.398 Y-116.022
G1 X200.310 Y-116.117
G1 X200.221 Y-116.211
G1 X200.131 Y-116.305
G1 X200.040 Y-116.398
G1 X199.948 Y-116.491
G1 X199.839 Y-116.598
G1 X199.729 Y-116.704
G1 X199.617 Y-116.810
G1 X199.504 Y-116.915
G1 X199.389 Y-117.019
G1 X199.273 Y-117.122
G1 X199.155 Y-117.224
G1 X199.036 Y-117.325
G1 X198.916 Y-117.426
G1 X198.794 Y-117.525
G1 X198.670 Y-117.623
G1 X198.546 Y-117.721
G1 X198.420 Y-117.817
G1 X198.292 Y-117.913
G1 X198.163 Y-118.007
G1 X198.033 Y-118.100
G1 X197.901 Y-118.192
G1 X197.768 Y-118.283
G1 X197.633 Y-118.373
G1 X197.497 Y-118.462
G1 X197.360 Y-118.550
G1 X197.222 Y-118.636
G1 X197.082 Y-118.721
G1 X196.941 Y-118.805
G1 X196.798 Y-118.888
G1 X196.654 Y-118.969
G1 X196.509 Y-119.050
G1 X196.362 Y-119.129
G1 X196.215 Y-119.206
G1 X196.066 Y-119.282
G1 X195.915 Y-119.357
G1 X195.764 Y-119.431
G1 X195.633 Y-119.493
G1 X195.502 Y-119.554
G1 X195.369 Y-119.614
G1 X195.236 Y-119.673
G1 X195.103 Y-119.732
G1 X194.969 Y-119.789
G1 X194.834 Y-119.846
G1 X194.698 Y-119.902
G1 X194.562 Y-119.957
G1 X194.426 Y-120.011
G1 X194.289 Y-120.065
G1 X194.151 Y-120.117
G1 X194.013 Y-120.169
G1 X193.874 Y-120.220
G1 X193.735 Y-120.271
G1 X193.595 Y-120.321
G1 X193.455 Y-120.370
G1 X193.314 Y-120.419
G1 X193.173 Y-120.466
G1 X193.032 Y-120.514
G1 X192.890 Y-120.560
G1 X192.748 Y-120.607
G1 X192.606 Y-120.652
G1 X192.463 Y-120.697
G1 X192.320 Y-120.742
G1 X192.177 Y-120.786
G1 X192.033 Y-120.829
G1 X191.889 Y-120.873
G1 X191.746 Y-120.915
G1 X191.601 Y-120.957
G1 X191.457 Y-120.999
G1 X191.313 Y-121.041
G1 X191.168 Y-121.082
G1 X191.023 Y-121.122
G1 X190.878 Y-121.163
G1 X190.733 Y-121.203
G1 X190.588 Y-121.243
G1 X190.442 Y-121.282
G1 X190.297 Y-121.322
G1 X190.151 Y-121.361
G1 X190.005 Y-121.400
G1 X189.860 Y-121.439
G1 X189.714 Y-121.478
G1 X189.568 Y-121.517
G1 X189.422 Y-121.555
G1 X189.276 Y-121.594
G1 X189.130 Y-121.632
G1 X188.984 Y-121.670
G1 X188.838 Y-121.709
G1 X188.692 Y-121.747
G1 X188.545 Y-121.785
G1 X188.399 Y-121.823
G1 X188.253 Y-121.861
G1 X188.107 Y-121.900
G1 X187.961 Y-121.938
G1 X187.815 Y-121.976
G1 X187.669 Y-122.015
G1 X187.523 Y-122.053
G1 X187.377 Y-122.092
G1 X187.231 Y-122.130
G1 X187.085 Y-122.169
G1 X186.939 Y-122.208
G1 X186.794 Y-122.247
G1 X186.648 Y-122.286
G1 X186.502 Y-122.325
G1 X186.356 Y-122.364
G1 X186.210 Y-122.402
G1 X186.064 Y-122.440
G1 X185.918 Y-122.479
G1 X185.772 Y-122.517
G1 X185.625 Y-122.554
G1 X185.479 Y-122.592
G1 X185.332 Y-122.629
G1 X185.185 Y-122.666
G1 X185.038 Y-122.702
G1 X184.891 Y-122.738
G1 X184.744 Y-122.774
G1 X184.596 Y-122.810
G1 X184.448 Y-122.844
G1 X184.300 Y-122.879
G1 X184.152 Y-122.913
G1 X184.004 Y-122.946
G1 X183.855 Y-122.978
G1 X183.706 Y-123.011
G1 X183.557 Y-123.042
G1 X183.408 Y-123.073
G1 X183.259 Y-123.103
G1 X183.109 Y-123.132
G1 X182.959 Y-123.161
G1 X182.808 Y-123.188
G1 X182.658 Y-123.215
G1 X182.507 Y-123.241
G1 X182.355 Y-123.266
G1 X182.204 Y-123.291
G1 X182.052 Y-123.314
G1 X181.900 Y-123.336
G1 X181.747 Y-123.358
G1 X181.595 Y-123.378
G1 X181.442 Y-123.397
G1 X181.289 Y-123.415
G1 X181.135 Y-123.432
G1 X180.982 Y-123.448
G1 X180.828 Y-123.463
G1 X180.674 Y-123.477
G1 X180.520 Y-123.490
G1 X180.366 Y-123.502
G1 X180.212 Y-123.513
G1 X180.057 Y-123.523
G1 X179.903 Y-123.531
G1 X179.748 Y-123.540
G1 X179.593 Y-123.547
G1 X179.438 Y-123.553
G1 X179.284 Y-123.558
G1 X179.129 Y-123.563
G1 X178.974 Y-123.566
G1 X178.819 Y-123.569
G1 X178.663 Y-123.571
G1 X178.508 Y-123.572
G1 X178.353 Y-123.572
G1 X178.198 Y-123.572
G1 X178.043 Y-123.570
G1 X177.888 Y-123.568
G1 X177.733 Y-123.566
G1 X177.578 Y-123.562
G1 X177.423 Y-123.558
G1 X177.268 Y-123.553
G1 X177.113 Y-123.548
G1 X176.959 Y-123.541
G1 X176.830 Y-123.536
G1 X176.701 Y-123.530
G1 X176.572 Y-123.523
G1 X176.443 Y-123.516
G1 X176.314 Y-123.509
G1 X176.186 Y-123.501
G1 X176.057 Y-123.493
G1 X175.928 Y-123.484
G1 X175.800 Y-123.476
G1 X175.671 Y-123.466
G1 X175.543 Y-123.457
G1 X175.415 Y-123.447
G1 X175.286 Y-123.436
G1 X175.158 Y-123.426
G1 X175.030 Y-123.415
G1 X174.901 Y-123.403
G1 X174.773 Y-123.392
G1 X174.645 Y-123.380
G1 X174.517 Y-123.368
G1 X174.389 Y-123.355
G1 X174.261 Y-123.342
G1 X174.133 Y-123.329
G1 X174.005 Y-123.316
G1 X173.877 Y-123.302
G1 X173.750 Y-123.288
G1 X173.622 Y-123.274
G1 X173.494 Y-123.260
G1 X173.367 Y-123.246
G1 X173.239 Y-123.231
G1 X173.111 Y-123.216
G1 X172.984 Y-123.201
G1 X172.856 Y-123.185
G1 X172.678 Y-123.163
G1 X172.500 Y-123.140
G1 X172.322 Y-123.118
G1 X172.144 Y-123.095
G1 X171.966 Y-123.072
G1 X171.788 Y-123.048
G1 X171.610 Y-123.025
G1 X171.432 Y-123.001
G1 X171.254 Y-122.977
G1 X171.076 Y-122.953
G1 X170.899 Y-122.929
G1 X170.721 Y-122.904
G1 X170.543 Y-122.879
G1 X170.366 Y-122.854
G1 X170.188 Y-122.828
G1 X170.011 Y-122.803
G1 X169.834 Y-122.777
G1 X169.656 Y-122.750
G1 X169.479 Y-122.724
G1 X169.302 Y-122.697
G1 X169.125 Y-122.669
G1 X168.948 Y-122.641
G1 X168.772 Y-122.613
G1 X168.595 Y-122.585
G1 X168.419 Y-122.556
G1 X168.242 Y-122.527
G1 X168.066 Y-122.497
G1 X167.890 Y-122.467
G1 X167.714 Y-122.437
G1 X167.538 Y-122.406
G1 X167.362 Y-122.374
G1 X167.187 Y-122.342
G1 X167.036 Y-122.315
G1 X166.886 Y-122.286
G1 X166.736 Y-122.258
G1 X166.586 Y-122.228
G1 X166.436 Y-122.199
G1 X166.287 Y-122.169
G1 X166.137 Y-122.138
G1 X165.988 Y-122.107
G1 X165.839 Y-122.076
G1 X165.690 Y-122.044
G1 X165.541 Y-122.012
G1 X165.393 Y-121.979
G1 X165.245 Y-121.945
G1 X165.096 Y-121.911
G1 X164.949 Y-121.877
G1 X164.801 Y-121.842
G1 X164.654 Y-121.806
G1 X164.506 Y-121.770
G1 X164.360 Y-121.733
G1 X164.213 Y-121.696
G1 X164.067 Y-121.658
G1 X163.921 Y-121.620
G1 X163.775 Y-121.580
G1 X163.630 Y-121.541
G1 X163.485 Y-121.500
G1 X163.340 Y-121.459
G1 X163.195 Y-121.418
G1 X163.051 Y-121.375
G1 X162.907 Y-121.332
G1 X162.764 Y-121.289
G1 X162.621 Y-121.244
G1 X162.478 Y-121.199
G1 X162.336 Y-121.154
G1 X162.194 Y-121.107
G1 X162.053 Y-121.060
G1 X161.912 Y-121.012
G1 X161.771 Y-120.964
G1 X161.631 Y-120.914
G1 X161.491 Y-120.864
G1 X161.352 Y-120.813
G1 X161.214 Y-120.762
G1 X161.075 Y-120.709
G1 X160.938 Y-120.656
G1 X160.801 Y-120.603
G1 X160.664 Y-120.548
G1 X160.528 Y-120.493
G1 X160.393 Y-120.437
G1 X160.258 Y-120.380
G1 X160.124 Y-120.322
G1 X159.990 Y-120.264
G1 X159.857 Y-120.205
G1 X159.724 Y-120.145
G1 X159.592 Y-120.085
G1 X159.461 Y-120.023
G1 X159.330 Y-119.961
G1 X159.200 Y-119.899
G1 X159.071 Y-119.835
G1 X158.942 Y-119.771
G1 X158.814 Y-119.706
G1 X158.687 Y-119.641
G1 X158.560 Y-119.574
G1 X158.434 Y-119.507
G1 X158.308 Y-119.440
G1 X158.184 Y-119.371
G1 X158.060 Y-119.302
G1 X157.937 Y-119.232
G1 X157.814 Y-119.161
G1 X157.692 Y-119.090
G1 X157.571 Y-119.018
G1 X157.451 Y-118.945
G1 X157.331 Y-118.872
G1 X157.213 Y-118.798
G1 X157.095 Y-118.723
G1 X156.978 Y-118.647
G1 X156.862 Y-118.571
G1 X156.746 Y-118.494
G1 X156.632 Y-118.416
G1 X156.518 Y-118.338
G1 X156.405 Y-118.259
G1 X156.293 Y-118.179
G1 X156.182 Y-118.098
G1 X156.073 Y-118.017
G1 X155.963 Y-117.935
G1 X155.855 Y-117.853
G1 X155.748 Y-117.769
G1 X155.642 Y-117.685
G1 X155.537 Y-117.601
G1 X155.433 Y-117.515
G1 X155.330 Y-117.429
G1 X155.228 Y-117.342
G1 X155.128 Y-117.255
G1 X155.028 Y-117.167
G1 X154.929 Y-117.078
G1 X154.832 Y-116.988
G1 X154.735 Y-116.898
G1 X154.640 Y-116.807
G1 X154.546 Y-116.715
G1 X154.453 Y-116.623
G1 X154.361 Y-116.530
G1 X154.270 Y-116.436
G1 X154.181 Y-116.342
G1 X154.092 Y-116.247
G1 X154.005 Y-116.152
G1 X153.919 Y-116.056
G1 X153.834 Y-115.959
G1 X153.750 Y-115.862
G1 X153.667 Y-115.765
G1 X153.585 Y-115.667
G1 X153.504 Y-115.568
G1 X153.425 Y-115.469
G1 X153.346 Y-115.369
G1 X153.268 Y-115.269
G1 X153.192 Y-115.169
G1 X153.116 Y-115.068
G1 X153.042 Y-114.967
G1 X152.969 Y-114.865
G1 X152.896 Y-114.763
G1 X152.825 Y-114.660
G1 X152.754 Y-114.557
G1 X152.685 Y-114.454
G1 X152.616 Y-114.350
G1 X152.549 Y-114.246
G1 X152.482 Y-114.142
G1 X152.417 Y-114.037
G1 X152.352 Y-113.932
G1 X152.288 Y-113.827
G1 X152.225 Y-113.721
G1 X152.163 Y-113.616
G1 X152.101 Y-113.507
G1 X152.040 Y-113.399
G1 X151.979 Y-113.290
G1 X151.920 Y-113.181
G1 X151.861 Y-113.072
G1 X151.803 Y-112.962
G1 X151.746 Y-112.853
G1 X151.689 Y-112.743
G1 X151.633 Y-112.633
G1 X151.578 Y-112.523
G1 X151.524 Y-112.412
G1 X151.471 Y-112.302
G1 X151.418 Y-112.191
G1 X151.366 Y-112.080
G1 X151.314 Y-111.969
G1 X151.264 Y-111.858
G1 X151.214 Y-111.746
G1 X151.164 Y-111.635
G1 X151.115 Y-111.523
G1 X151.067 Y-111.411
G1 X151.019 Y-111.299
G1 X150.972 Y-111.187
G1 X150.926 Y-111.074
G1 X150.880 Y-110.962
G1 X150.835 Y-110.849
G1 X150.790 Y-110.737
G1 X150.745 Y-110.624
G1 X150.702 Y-110.511
G1 X150.658 Y-110.398
G1 X150.615 Y-110.285
G1 X150.573 Y-110.172
G1 X150.531 Y-110.058
G1 X150.489 Y-109.945
G1 X150.448 Y-109.831
G1 X150.407 Y-109.718
G1 X150.367 Y-109.604
G1 X150.327 Y-109.490
G1 X150.287 Y-109.376
G1 X150.248 Y-109.262
G1 X150.209 Y-109.148
G1 X150.170 Y-109.034
G1 X150.132 Y-108.920
G1 X150.094 Y-108.806
G1 X150.056 Y-108.692
G1 X150.018 Y-108.577
G1 X149.981 Y-108.463
G1 X149.944 Y-108.349
G1 X149.907 Y-108.234
G1 X149.871 Y-108.120
G1 X149.834 Y-108.006
G1 X149.798 Y-107.891
G1 X149.762 Y-107.777
G1 X149.726 Y-107.662
G1 X149.690 Y-107.548
G1 X149.654 Y-107.433
G1 X149.619 Y-107.318
G1 X149.583 Y-107.204
G1 X149.548 Y-107.089
G1 X149.512 Y-106.975
G1 X149.477 Y-106.860
G1 X149.441 Y-106.746
G1 X149.406 Y-106.631
G1 X149.371 Y-106.517
G1 X149.336 Y-106.403
; Retract
G0 Z3.000

; Path 15
; Rapid to initial position
G0 X153.593 Y-113.612
G0 Z0.000
; plunge
G1 Z-0.200 F4000
; cut
G1 X153.279 Y-117.468 F4000
; Retract
G0 Z3.000

; Path 16
; Rapid to initial position
G0 X145.017 Y-124.193
G0 Z0.000
; plunge
G1 Z-0.200 F4000
; cut
G1 X204.228 Y-124.193 F4000
; Retract
G0 Z3.000

; Path 17
; Rapid to initial position
G0 X193.312 Y-140.278
G0 Z0.000
; plunge
G1 Z-0.200 F4000
; cut
G1 X296.622 Y-140.278 F4000
; Retract
G0 Z3.000

; Path 18
; Rapid to initial position
G0 X299.261 Y-144.367
G0 Z0.000
; plunge
G1 Z-0.200 F4000
; cut
G1 X297.858 Y-143.264 F4000
G1 X295.416 Y-138.607
G1 X290.597 Y-126.965
G1 X285.757 Y-115.079
G1 X285.757 Y-118.510
G1 X287.022 Y-123.534
G1 X288.488 Y-130.152
G1 X290.109 Y-141.303
; Retract
G0 Z3.000

; Path 19
; Rapid to initial position
G0 X293.052 Y-147.343
G0 Z0.000
; plunge
G1 Z-0.200 F4000
; cut
G1 X322.989 Y-169.074 F4000
G1 X322.670 Y-169.149
G1 X292.912 Y-147.663
G1 X271.981 Y-195.824
G1 X409.727 Y-195.824
G1 X409.633 Y-195.673
G1 X409.540 Y-195.522
G1 X409.446 Y-195.371
G1 X409.353 Y-195.220
G1 X409.259 Y-195.069
G1 X409.166 Y-194.918
G1 X409.072 Y-194.767
G1 X408.978 Y-194.616
G1 X408.885 Y-194.466
G1 X408.791 Y-194.315
G1 X408.697 Y-194.164
G1 X408.603 Y-194.013
G1 X408.508 Y-193.862
G1 X408.414 Y-193.711
G1 X408.320 Y-193.561
G1 X408.225 Y-193.410
G1 X408.130 Y-193.259
G1 X408.035 Y-193.108
G1 X407.940 Y-192.958
G1 X407.845 Y-192.807
G1 X407.749 Y-192.657
G1 X407.653 Y-192.506
G1 X407.557 Y-192.356
G1 X407.461 Y-192.205
G1 X407.365 Y-192.055
G1 X407.268 Y-191.904
G1 X407.171 Y-191.754
G1 X407.074 Y-191.604
G1 X406.976 Y-191.453
G1 X406.878 Y-191.303
G1 X406.780 Y-191.153
G1 X406.682 Y-191.003
G1 X406.583 Y-190.853
G1 X406.484 Y-190.703
G1 X406.384 Y-190.553
G1 X406.284 Y-190.403
G1 X406.184 Y-190.253
G1 X406.084 Y-190.104
G1 X405.983 Y-189.954
G1 X405.881 Y-189.805
G1 X405.780 Y-189.655
G1 X405.678 Y-189.506
G1 X405.575 Y-189.356
G1 X405.472 Y-189.207
G1 X405.369 Y-189.058
G1 X405.265 Y-188.909
G1 X405.160 Y-188.760
G1 X405.056 Y-188.611
G1 X404.950 Y-188.462
G1 X404.845 Y-188.313
G1 X404.738 Y-188.165
G1 X404.631 Y-188.016
G1 X404.524 Y-187.868
G1 X404.416 Y-187.719
G1 X404.308 Y-187.571
G1 X404.199 Y-187.423
G1 X404.089 Y-187.275
G1 X403.979 Y-187.127
G1 X403.869 Y-186.979
G1 X403.757 Y-186.831
G1 X403.645 Y-186.684
G1 X403.533 Y-186.536
G1 X403.420 Y-186.389
G1 X403.306 Y-186.242
G1 X403.191 Y-186.094
G1 X403.075 Y-185.945
G1 X402.959 Y-185.797
G1 X402.841 Y-185.650
G1 X402.723 Y-185.502
G1 X402.605 Y-185.354
G1 X402.485 Y-185.207
G1 X402.365 Y-185.060
G1 X402.245 Y-184.913
G1 X402.123 Y-184.766
G1 X402.001 Y-184.619
G1 X401.878 Y-184.473
G1 X401.754 Y-184.326
G1 X401.629 Y-184.180
G1 X401.504 Y-184.034
G1 X401.378 Y-183.888
G1 X401.251 Y-183.742
G1 X401.124 Y-183.597
G1 X400.995 Y-183.451
G1 X400.866 Y-183.306
G1 X400.736 Y-183.161
G1 X400.605 Y-183.016
G1 X400.474 Y-182.872
G1 X400.341 Y-182.727
G1 X400.208 Y-182.583
G1 X400.074 Y-182.439
G1 X399.939 Y-182.295
G1 X399.804 Y-182.152
G1 X399.667 Y-182.009
G1 X399.530 Y-181.865
G1 X399.391 Y-181.722
G1 X399.252 Y-181.580
G1 X399.177 Y-181.502
G1 X399.101 Y-181.425
G1 X399.025 Y-181.348
G1 X398.948 Y-181.271
G1 X398.872 Y-181.194
G1 X398.795 Y-181.117
G1 X398.718 Y-181.040
G1 X398.641 Y-180.963
G1 X398.564 Y-180.886
G1 X398.486 Y-180.810
G1 X398.408 Y-180.733
G1 X398.330 Y-180.656
G1 X398.252 Y-180.580
G1 X398.173 Y-180.503
G1 X398.094 Y-180.427
G1 X398.015 Y-180.351
G1 X397.936 Y-180.274
G1 X397.857 Y-180.198
G1 X397.777 Y-180.122
G1 X397.697 Y-180.046
G1 X397.617 Y-179.970
G1 X397.537 Y-179.894
G1 X397.457 Y-179.818
G1 X397.376 Y-179.742
G1 X397.295 Y-179.667
G1 X397.214 Y-179.591
G1 X397.132 Y-179.515
G1 X397.051 Y-179.440
G1 X396.969 Y-179.364
G1 X396.887 Y-179.289
G1 X396.805 Y-179.213
G1 X396.722 Y-179.138
G1 X396.640 Y-179.063
G1 X396.557 Y-178.988
G1 X396.474 Y-178.913
G1 X396.390 Y-178.838
G1 X396.307 Y-178.763
G1 X396.223 Y-178.688
G1 X396.139 Y-178.613
G1 X396.055 Y-178.538
G1 X395.970 Y-178.463
G1 X395.886 Y-178.389
G1 X395.801 Y-178.314
G1 X395.716 Y-178.239
G1 X395.630 Y-178.165
G1 X395.545 Y-178.091
G1 X395.459 Y-178.016
G1 X395.373 Y-177.942
G1 X395.287 Y-177.868
G1 X395.200 Y-177.794
G1 X395.114 Y-177.719
G1 X395.027 Y-177.645
G1 X394.940 Y-177.571
G1 X394.853 Y-177.498
G1 X394.765 Y-177.424
G1 X394.677 Y-177.350
G1 X394.589 Y-177.276
G1 X394.501 Y-177.203
G1 X394.413 Y-177.129
G1 X394.324 Y-177.055
G1 X394.235 Y-176.982
G1 X394.146 Y-176.909
G1 X394.057 Y-176.835
G1 X393.968 Y-176.762
G1 X393.885 Y-176.695
G1 X393.802 Y-176.627
G1 X393.719 Y-176.560
G1 X393.636 Y-176.492
G1 X393.552 Y-176.425
G1 X393.469 Y-176.358
G1 X393.385 Y-176.291
G1 X393.301 Y-176.224
G1 X393.217 Y-176.156
G1 X393.132 Y-176.089
G1 X393.048 Y-176.023
G1 X392.963 Y-175.956
G1 X392.878 Y-175.889
G1 X392.793 Y-175.822
G1 X392.708 Y-175.755
G1 X392.623 Y-175.689
G1 X392.537 Y-175.622
G1 X392.452 Y-175.556
G1 X392.366 Y-175.489
G1 X392.280 Y-175.423
G1 X392.194 Y-175.356
G1 X392.107 Y-175.290
G1 X392.021 Y-175.224
G1 X391.934 Y-175.158
G1 X391.847 Y-175.092
G1 X391.760 Y-175.025
G1 X391.673 Y-174.959
G1 X391.585 Y-174.894
G1 X391.498 Y-174.828
G1 X391.410 Y-174.762
G1 X391.322 Y-174.696
G1 X391.234 Y-174.630
G1 X391.146 Y-174.565
G1 X391.057 Y-174.499
G1 X390.969 Y-174.434
G1 X390.880 Y-174.368
G1 X390.791 Y-174.303
G1 X390.702 Y-174.237
G1 X390.613 Y-174.172
G1 X390.523 Y-174.107
G1 X390.434 Y-174.042
G1 X390.344 Y-173.977
G1 X390.254 Y-173.912
G1 X390.164 Y-173.847
G1 X390.074 Y-173.782
G1 X389.983 Y-173.717
G1 X389.893 Y-173.652
G1 X389.802 Y-173.588
G1 X389.711 Y-173.523
G1 X389.620 Y-173.458
G1 X389.529 Y-173.394
G1 X389.437 Y-173.329
G1 X389.346 Y-173.265
G1 X389.254 Y-173.200
G1 X389.162 Y-173.136
G1 X389.070 Y-173.072
G1 X388.978 Y-173.008
G1 X388.886 Y-172.944
G1 X388.793 Y-172.880
G1 X388.700 Y-172.816
G1 X388.607 Y-172.752
G1 X388.514 Y-172.688
G1 X388.421 Y-172.624
G1 X388.328 Y-172.560
G1 X388.234 Y-172.497
G1 X388.140 Y-172.433
G1 X388.047 Y-172.370
G1 X387.953 Y-172.306
G1 X387.858 Y-172.243
G1 X387.764 Y-172.179
G1 X387.669 Y-172.116
G1 X387.575 Y-172.053
G1 X387.480 Y-171.990
G1 X387.385 Y-171.927
G1 X387.290 Y-171.864
G1 X387.194 Y-171.801
G1 X387.099 Y-171.738
G1 X387.003 Y-171.675
G1 X386.908 Y-171.612
G1 X386.812 Y-171.550
G1 X386.715 Y-171.487
G1 X386.619 Y-171.424
G1 X386.523 Y-171.362
G1 X386.426 Y-171.300
G1 X386.329 Y-171.237
G1 X386.232 Y-171.175
G1 X386.135 Y-171.113
G1 X386.038 Y-171.050
G1 X385.941 Y-170.988
G1 X385.843 Y-170.926
G1 X385.745 Y-170.864
G1 X385.648 Y-170.802
G1 X385.550 Y-170.741
G1 X385.451 Y-170.679
G1 X385.353 Y-170.617
G1 X385.255 Y-170.555
G1 X385.156 Y-170.494
G1 X385.057 Y-170.432
G1 X384.958 Y-170.371
G1 X384.859 Y-170.310
G1 X384.760 Y-170.248
G1 X384.660 Y-170.187
G1 X384.561 Y-170.126
G1 X384.461 Y-170.065
G1 X384.361 Y-170.004
G1 X384.261 Y-169.943
G1 X384.161 Y-169.882
G1 X384.060 Y-169.821
G1 X383.960 Y-169.760
G1 X383.859 Y-169.700
G1 X383.758 Y-169.639
G1 X383.657 Y-169.578
G1 X383.556 Y-169.518
G1 X383.455 Y-169.457
G1 X383.353 Y-169.397
G1 X383.252 Y-169.337
G1 X383.150 Y-169.277
G1 X383.048 Y-169.216
G1 X382.946 Y-169.156
G1 X382.844 Y-169.096
G1 X382.742 Y-169.036
G1 X382.639 Y-168.976
G1 X382.536 Y-168.917
G1 X382.434 Y-168.857
G1 X382.331 Y-168.797
G1 X382.227 Y-168.738
G1 X382.124 Y-168.678
G1 X382.021 Y-168.619
G1 X381.917 Y-168.559
G1 X381.813 Y-168.500
G1 X381.710 Y-168.441
G1 X381.606 Y-168.381
G1 X381.501 Y-168.322
G1 X381.397 Y-168.263
G1 X381.293 Y-168.204
G1 X381.188 Y-168.145
G1 X381.083 Y-168.087
G1 X380.978 Y-168.028
G1 X380.873 Y-167.969
G1 X380.768 Y-167.910
G1 X380.663 Y-167.852
G1 X380.557 Y-167.793
G1 X380.451 Y-167.735
G1 X380.346 Y-167.677
G1 X380.240 Y-167.618
G1 X380.134 Y-167.560
G1 X380.027 Y-167.502
G1 X379.921 Y-167.444
G1 X379.814 Y-167.386
G1 X379.708 Y-167.328
G1 X379.601 Y-167.270
G1 X379.494 Y-167.213
G1 X379.387 Y-167.155
G1 X379.279 Y-167.097
G1 X379.172 Y-167.040
G1 X379.064 Y-166.982
G1 X378.957 Y-166.925
G1 X378.849 Y-166.868
G1 X378.741 Y-166.810
G1 X378.633 Y-166.753
G1 X378.524 Y-166.696
G1 X378.416 Y-166.639
G1 X378.307 Y-166.582
G1 X378.198 Y-166.525
G1 X378.090 Y-166.468
G1 X377.981 Y-166.412
G1 X377.871 Y-166.355
G1 X377.762 Y-166.298
G1 X377.653 Y-166.242
G1 X377.543 Y-166.185
G1 X377.433 Y-166.129
G1 X377.323 Y-166.073
G1 X377.213 Y-166.016
G1 X377.103 Y-165.960
G1 X376.993 Y-165.904
G1 X376.882 Y-165.848
G1 X376.772 Y-165.792
G1 X376.661 Y-165.736
G1 X376.550 Y-165.681
G1 X376.439 Y-165.625
G1 X376.328 Y-165.569
G1 X376.217 Y-165.514
G1 X376.105 Y-165.458
G1 X375.994 Y-165.403
G1 X375.882 Y-165.347
G1 X375.770 Y-165.292
G1 X375.658 Y-165.237
G1 X375.546 Y-165.182
G1 X375.434 Y-165.127
G1 X375.321 Y-165.072
G1 X375.209 Y-165.017
G1 X375.096 Y-164.962
G1 X374.983 Y-164.907
G1 X374.870 Y-164.853
G1 X374.757 Y-164.798
G1 X374.644 Y-164.744
G1 X374.530 Y-164.689
G1 X374.417 Y-164.635
G1 X374.303 Y-164.581
G1 X374.189 Y-164.527
G1 X374.075 Y-164.472
G1 X373.961 Y-164.418
G1 X373.847 Y-164.364
G1 X373.733 Y-164.311
G1 X373.618 Y-164.257
G1 X373.504 Y-164.203
G1 X373.389 Y-164.149
G1 X373.274 Y-164.096
G1 X373.159 Y-164.042
G1 X373.044 Y-163.989
G1 X372.928 Y-163.935
G1 X372.813 Y-163.882
G1 X372.697 Y-163.829
G1 X372.582 Y-163.776
G1 X372.466 Y-163.723
G1 X372.350 Y-163.670
G1 X372.234 Y-163.617
G1 X372.118 Y-163.564
G1 X372.001 Y-163.512
G1 X371.885 Y-163.459
G1 X371.768 Y-163.406
G1 X371.651 Y-163.354
G1 X371.534 Y-163.301
G1 X371.417 Y-163.249
G1 X371.300 Y-163.197
G1 X371.183 Y-163.145
G1 X371.065 Y-163.093
G1 X370.948 Y-163.041
G1 X370.830 Y-162.989
G1 X370.712 Y-162.937
G1 X370.594 Y-162.885
G1 X370.476 Y-162.833
G1 X370.358 Y-162.782
G1 X370.239 Y-162.730
G1 X370.121 Y-162.679
G1 X370.002 Y-162.627
G1 X369.884 Y-162.576
G1 X369.765 Y-162.525
G1 X369.646 Y-162.474
G1 X369.526 Y-162.423
G1 X369.407 Y-162.372
G1 X369.288 Y-162.321
G1 X369.168 Y-162.270
G1 X369.049 Y-162.219
G1 X368.929 Y-162.169
G1 X368.809 Y-162.118
G1 X368.689 Y-162.068
G1 X368.569 Y-162.017
G1 X368.448 Y-161.967
G1 X368.328 Y-161.917
G1 X368.207 Y-161.867
G1 X368.086 Y-161.817
G1 X367.966 Y-161.767
G1 X367.845 Y-161.717
G1 X367.724 Y-161.667
G1 X367.602 Y-161.617
G1 X367.476 Y-161.565
G1 X367.349 Y-161.514
G1 X367.223 Y-161.462
G1 X367.096 Y-161.411
G1 X366.969 Y-161.360
G1 X366.842 Y-161.308
G1 X366.714 Y-161.257
G1 X366.587 Y-161.206
G1 X366.459 Y-161.155
G1 X366.332 Y-161.104
G1 X366.204 Y-161.053
G1 X366.076 Y-161.003
G1 X365.948 Y-160.952
G1 X365.820 Y-160.902
G1 X365.691 Y-160.851
G1 X365.563 Y-160.801
G1 X365.434 Y-160.751
G1 X365.305 Y-160.700
G1 X365.176 Y-160.650
G1 X365.047 Y-160.600
G1 X364.918 Y-160.551
G1 X364.789 Y-160.501
G1 X364.659 Y-160.451
G1 X364.530 Y-160.402
G1 X364.400 Y-160.352
G1 X364.270 Y-160.303
G1 X364.140 Y-160.253
G1 X364.010 Y-160.204
G1 X363.879 Y-160.155
G1 X363.749 Y-160.106
G1 X363.618 Y-160.057
G1 X363.488 Y-160.008
G1 X363.357 Y-159.960
G1 X363.226 Y-159.911
G1 X363.095 Y-159.863
G1 X362.964 Y-159.814
G1 X362.832 Y-159.766
G1 X362.701 Y-159.717
G1 X362.569 Y-159.669
G1 X362.437 Y-159.621
G1 X362.305 Y-159.573
G1 X362.173 Y-159.525
G1 X362.041 Y-159.478
G1 X361.909 Y-159.430
G1 X361.777 Y-159.383
G1 X361.644 Y-159.335
G1 X361.511 Y-159.288
G1 X361.378 Y-159.240
G1 X361.245 Y-159.193
G1 X361.112 Y-159.146
G1 X360.979 Y-159.099
G1 X360.846 Y-159.052
G1 X360.712 Y-159.006
G1 X360.579 Y-158.959
G1 X360.445 Y-158.912
G1 X360.311 Y-158.866
G1 X360.177 Y-158.819
G1 X360.043 Y-158.773
G1 X359.909 Y-158.727
G1 X359.774 Y-158.681
G1 X359.640 Y-158.635
G1 X359.505 Y-158.589
G1 X359.370 Y-158.543
G1 X359.236 Y-158.498
G1 X359.101 Y-158.452
G1 X358.965 Y-158.406
G1 X358.830 Y-158.361
G1 X358.695 Y-158.316
G1 X358.559 Y-158.271
G1 X358.424 Y-158.226
G1 X358.288 Y-158.181
G1 X358.152 Y-158.136
G1 X358.016 Y-158.091
G1 X357.880 Y-158.046
G1 X357.743 Y-158.002
G1 X357.607 Y-157.957
G1 X357.470 Y-157.913
G1 X357.334 Y-157.869
G1 X357.197 Y-157.824
G1 X357.060 Y-157.780
G1 X356.923 Y-157.736
G1 X356.786 Y-157.692
G1 X356.649 Y-157.649
G1 X356.511 Y-157.605
G1 X356.374 Y-157.562
G1 X356.236 Y-157.518
G1 X356.098 Y-157.475
G1 X355.960 Y-157.431
G1 X355.822 Y-157.388
G1 X355.684 Y-157.345
G1 X355.546 Y-157.302
G1 X355.408 Y-157.260
G1 X355.269 Y-157.217
G1 X355.130 Y-157.174
G1 X354.992 Y-157.132
G1 X354.853 Y-157.089
G1 X354.714 Y-157.047
G1 X354.575 Y-157.005
G1 X354.436 Y-156.963
G1 X354.296 Y-156.921
G1 X354.157 Y-156.879
G1 X354.017 Y-156.837
G1 X353.877 Y-156.795
G1 X353.738 Y-156.754
G1 X353.598 Y-156.712
G1 X353.458 Y-156.671
G1 X353.317 Y-156.630
G1 X353.177 Y-156.589
G1 X353.037 Y-156.548
G1 X352.896 Y-156.507
G1 X352.756 Y-156.466
G1 X352.615 Y-156.425
G1 X352.474 Y-156.385
G1 X352.333 Y-156.344
G1 X352.192 Y-156.304
G1 X352.051 Y-156.263
G1 X351.909 Y-156.223
G1 X351.768 Y-156.183
G1 X351.626 Y-156.143
G1 X351.484 Y-156.103
G1 X351.343 Y-156.064
G1 X351.201 Y-156.024
G1 X351.059 Y-155.985
G1 X350.916 Y-155.945
G1 X350.774 Y-155.906
G1 X350.632 Y-155.867
G1 X350.489 Y-155.828
G1 X350.347 Y-155.789
G1 X350.210 Y-155.751
G1 X350.073 Y-155.714
G1 X349.935 Y-155.677
G1 X349.798 Y-155.640
G1 X349.661 Y-155.603
G1 X349.523 Y-155.566
G1 X349.386 Y-155.529
G1 X349.248 Y-155.492
G1 X349.110 Y-155.456
G1 X348.973 Y-155.419
G1 X348.835 Y-155.383
G1 X348.697 Y-155.346
G1 X348.559 Y-155.310
G1 X348.420 Y-155.274
G1 X348.282 Y-155.238
G1 X348.144 Y-155.202
G1 X348.005 Y-155.166
G1 X347.867 Y-155.131
G1 X347.728 Y-155.095
G1 X347.589 Y-155.059
G1 X347.450 Y-155.024
G1 X347.311 Y-154.989
G1 X347.172 Y-154.953
G1 X347.033 Y-154.918
G1 X346.894 Y-154.883
G1 X346.755 Y-154.848
G1 X346.615 Y-154.813
G1 X346.476 Y-154.778
G1 X346.336 Y-154.744
G1 X346.197 Y-154.709
G1 X346.057 Y-154.675
G1 X345.917 Y-154.640
G1 X345.777 Y-154.606
G1 X345.637 Y-154.572
G1 X345.497 Y-154.537
G1 X345.357 Y-154.503
G1 X345.217 Y-154.469
G1 X345.076 Y-154.436
G1 X344.936 Y-154.402
G1 X344.796 Y-154.368
G1 X344.655 Y-154.335
G1 X344.514 Y-154.301
G1 X344.374 Y-154.268
G1 X344.233 Y-154.234
G1 X344.092 Y-154.201
G1 X343.951 Y-154.168
G1 X343.810 Y-154.135
G1 X343.669 Y-154.102
G1 X343.527 Y-154.069
G1 X343.386 Y-154.036
G1 X343.245 Y-154.004
G1 X343.103 Y-153.971
G1 X342.962 Y-153.939
G1 X342.820 Y-153.906
G1 X342.678 Y-153.874
G1 X342.536 Y-153.842
G1 X342.395 Y-153.810
G1 X342.253 Y-153.778
G1 X342.111 Y-153.746
G1 X341.968 Y-153.714
G1 X341.826 Y-153.682
G1 X341.684 Y-153.650
G1 X341.542 Y-153.619
G1 X341.399 Y-153.587
G1 X341.257 Y-153.556
G1 X341.114 Y-153.525
G1 X340.972 Y-153.494
G1 X340.829 Y-153.462
G1 X340.686 Y-153.431
G1 X340.543 Y-153.400
G1 X340.400 Y-153.370
G1 X340.257 Y-153.339
G1 X340.114 Y-153.308
G1 X339.971 Y-153.278
G1 X339.828 Y-153.247
G1 X339.685 Y-153.217
G1 X339.541 Y-153.186
G1 X339.398 Y-153.156
G1 X339.254 Y-153.126
G1 X339.111 Y-153.096
G1 X338.967 Y-153.066
G1 X338.823 Y-153.036
G1 X338.679 Y-153.006
G1 X338.536 Y-152.976
G1 X338.392 Y-152.947
G1 X338.248 Y-152.917
G1 X338.104 Y-152.888
G1 X337.960 Y-152.859
G1 X337.815 Y-152.829
G1 X337.671 Y-152.800
G1 X337.527 Y-152.771
G1 X337.382 Y-152.742
G1 X337.238 Y-152.713
G1 X337.093 Y-152.684
G1 X336.949 Y-152.656
G1 X336.804 Y-152.627
G1 X336.659 Y-152.598
G1 X336.515 Y-152.570
G1 X336.370 Y-152.541
G1 X336.225 Y-152.513
G1 X336.080 Y-152.485
G1 X335.935 Y-152.457
G1 X335.790 Y-152.429
G1 X335.645 Y-152.401
G1 X335.499 Y-152.373
G1 X335.354 Y-152.345
G1 X335.209 Y-152.317
G1 X335.063 Y-152.290
G1 X334.918 Y-152.262
G1 X334.772 Y-152.235
G1 X334.627 Y-152.207
G1 X334.481 Y-152.180
G1 X334.336 Y-152.153
G1 X334.190 Y-152.126
G1 X334.044 Y-152.099
G1 X333.898 Y-152.072
G1 X333.752 Y-152.045
G1 X333.606 Y-152.018
G1 X333.460 Y-151.991
G1 X333.314 Y-151.965
G1 X333.168 Y-151.938
G1 X333.022 Y-151.912
G1 X332.875 Y-151.885
G1 X332.729 Y-151.859
G1 X332.583 Y-151.833
G1 X332.436 Y-151.807
G1 X332.290 Y-151.781
G1 X332.143 Y-151.755
G1 X331.990 Y-151.728
G1 X331.838 Y-151.701
G1 X331.685 Y-151.674
G1 X331.532 Y-151.648
G1 X331.379 Y-151.621
G1 X331.226 Y-151.595
G1 X331.073 Y-151.568
G1 X330.920 Y-151.542
G1 X330.767 Y-151.516
G1 X330.613 Y-151.490
G1 X330.460 Y-151.463
G1 X330.307 Y-151.438
G1 X330.153 Y-151.412
G1 X330.000 Y-151.386
G1 X329.846 Y-151.360
G1 X329.693 Y-151.335
G1 X329.539 Y-151.309
G1 X329.385 Y-151.284
G1 X329.232 Y-151.258
G1 X329.078 Y-151.233
G1 X328.924 Y-151.208
G1 X328.770 Y-151.183
G1 X328.616 Y-151.158
G1 X328.462 Y-151.133
G1 X328.308 Y-151.108
G1 X328.154 Y-151.083
G1 X328.000 Y-151.059
G1 X327.846 Y-151.034
G1 X327.691 Y-151.009
G1 X327.537 Y-150.985
G1 X327.383 Y-150.961
G1 X327.228 Y-150.936
G1 X327.074 Y-150.912
G1 X326.919 Y-150.888
G1 X326.765 Y-150.864
G1 X326.610 Y-150.840
G1 X326.455 Y-150.817
G1 X326.301 Y-150.793
G1 X326.146 Y-150.769
G1 X325.991 Y-150.746
G1 X325.836 Y-150.722
G1 X325.681 Y-150.699
G1 X325.526 Y-150.675
G1 X325.371 Y-150.652
G1 X325.216 Y-150.629
G1 X325.061 Y-150.606
G1 X324.906 Y-150.583
G1 X324.751 Y-150.560
G1 X324.596 Y-150.537
G1 X324.441 Y-150.515
G1 X324.285 Y-150.492
G1 X324.130 Y-150.469
G1 X323.974 Y-150.447
G1 X323.819 Y-150.424
G1 X323.664 Y-150.402
G1 X323.508 Y-150.380
G1 X323.352 Y-150.358
G1 X323.197 Y-150.336
G1 X323.041 Y-150.314
G1 X322.885 Y-150.292
G1 X322.730 Y-150.270
G1 X322.574 Y-150.248
G1 X322.418 Y-150.226
G1 X322.262 Y-150.205
G1 X322.106 Y-150.183
G1 X321.950 Y-150.162
G1 X321.794 Y-150.141
G1 X321.638 Y-150.119
G1 X321.482 Y-150.098
G1 X321.326 Y-150.077
G1 X321.170 Y-150.056
G1 X321.014 Y-150.035
G1 X320.857 Y-150.014
G1 X320.701 Y-149.993
G1 X320.545 Y-149.973
G1 X320.388 Y-149.952
G1 X320.232 Y-149.931
G1 X320.075 Y-149.911
G1 X319.919 Y-149.890
G1 X319.762 Y-149.870
G1 X319.606 Y-149.850
G1 X319.449 Y-149.830
G1 X319.293 Y-149.810
G1 X319.136 Y-149.790
G1 X318.979 Y-149.770
G1 X318.822 Y-149.750
G1 X318.666 Y-149.730
G1 X318.509 Y-149.710
G1 X318.352 Y-149.691
G1 X318.195 Y-149.671
G1 X318.038 Y-149.652
G1 X317.881 Y-149.632
G1 X317.724 Y-149.613
G1 X317.567 Y-149.594
G1 X317.410 Y-149.574
G1 X317.253 Y-149.555
G1 X317.096 Y-149.536
G1 X316.938 Y-149.517
G1 X316.781 Y-149.498
G1 X316.624 Y-149.480
G1 X316.467 Y-149.461
G1 X316.309 Y-149.442
G1 X316.152 Y-149.424
G1 X315.995 Y-149.405
G1 X315.837 Y-149.387
G1 X315.680 Y-149.368
G1 X315.522 Y-149.350
G1 X315.365 Y-149.332
G1 X315.207 Y-149.314
G1 X315.050 Y-149.296
G1 X314.892 Y-149.278
G1 X314.734 Y-149.260
G1 X314.577 Y-149.242
G1 X314.419 Y-149.224
G1 X314.261 Y-149.206
G1 X314.104 Y-149.189
G1 X313.946 Y-149.171
G1 X313.788 Y-149.154
G1 X313.630 Y-149.136
G1 X313.472 Y-149.119
G1 X313.314 Y-149.102
G1 X313.157 Y-149.085
G1 X312.999 Y-149.067
G1 X312.841 Y-149.050
G1 X312.683 Y-149.033
G1 X312.525 Y-149.016
G1 X312.366 Y-149.000
G1 X312.208 Y-148.983
G1 X312.060 Y-148.967
G1 X311.911 Y-148.951
G1 X311.762 Y-148.936
G1 X311.614 Y-148.920
G1 X311.465 Y-148.905
G1 X311.316 Y-148.889
G1 X311.167 Y-148.874
G1 X311.018 Y-148.859
G1 X310.870 Y-148.844
G1 X310.721 Y-148.828
G1 X310.572 Y-148.813
G1 X310.423 Y-148.798
G1 X310.274 Y-148.783
G1 X310.125 Y-148.768
G1 X309.976 Y-148.754
G1 X309.827 Y-148.739
G1 X309.678 Y-148.724
G1 X309.529 Y-148.710
G1 X309.380 Y-148.695
G1 X309.231 Y-148.680
G1 X309.082 Y-148.666
G1 X308.933 Y-148.651
G1 X308.783 Y-148.637
G1 X308.634 Y-148.623
G1 X308.485 Y-148.609
G1 X308.336 Y-148.594
G1 X308.187 Y-148.580
G1 X308.037 Y-148.566
G1 X307.888 Y-148.552
G1 X307.739 Y-148.538
G1 X307.590 Y-148.524
G1 X307.440 Y-148.510
G1 X307.291 Y-148.497
G1 X307.141 Y-148.483
G1 X306.992 Y-148.469
G1 X306.843 Y-148.455
G1 X306.693 Y-148.442
G1 X306.544 Y-148.428
G1 X306.394 Y-148.415
G1 X306.245 Y-148.401
G1 X306.096 Y-148.388
G1 X305.946 Y-148.375
G1 X305.797 Y-148.361
G1 X305.647 Y-148.348
G1 X305.497 Y-148.335
G1 X305.348 Y-148.322
G1 X305.198 Y-148.308
G1 X305.049 Y-148.295
G1 X304.899 Y-148.282
G1 X304.750 Y-148.269
G1 X304.600 Y-148.256
G1 X304.450 Y-148.243
G1 X304.301 Y-148.230
G1 X304.151 Y-148.218
G1 X304.001 Y-148.205
G1 X303.852 Y-148.192
G1 X303.702 Y-148.179
G1 X303.552 Y-148.167
G1 X303.402 Y-148.154
G1 X303.253 Y-148.141
G1 X303.103 Y-148.129
G1 X302.953 Y-148.116
G1 X302.803 Y-148.104
G1 X302.654 Y-148.091
G1 X302.504 Y-148.079
G1 X302.354 Y-148.067
G1 X302.204 Y-148.054
G1 X302.054 Y-148.042
G1 X301.904 Y-148.030
G1 X301.754 Y-148.017
G1 X301.605 Y-148.005
G1 X301.455 Y-147.993
G1 X301.305 Y-147.981
G1 X301.155 Y-147.969
G1 X301.005 Y-147.956
G1 X300.855 Y-147.944
G1 X300.705 Y-147.932
G1 X300.555 Y-147.920
G1 X300.405 Y-147.908
G1 X300.255 Y-147.896
G1 X300.105 Y-147.884
G1 X299.955 Y-147.873
G1 X299.805 Y-147.861
G1 X299.655 Y-147.849
G1 X299.505 Y-147.837
G1 X299.355 Y-147.825
G1 X299.205 Y-147.813
G1 X299.055 Y-147.802
G1 X298.905 Y-147.790
G1 X298.755 Y-147.778
G1 X298.605 Y-147.766
G1 X298.455 Y-147.755
G1 X298.305 Y-147.743
G1 X298.155 Y-147.731
G1 X298.005 Y-147.720
G1 X297.855 Y-147.708
G1 X297.705 Y-147.697
G1 X297.555 Y-147.685
G1 X297.405 Y-147.673
G1 X297.255 Y-147.662
G1 X297.105 Y-147.650
G1 X296.955 Y-147.639
G1 X296.805 Y-147.627
G1 X296.654 Y-147.616
G1 X296.504 Y-147.604
G1 X296.354 Y-147.593
G1 X296.204 Y-147.581
G1 X296.054 Y-147.570
G1 X295.904 Y-147.559
G1 X295.754 Y-147.547
G1 X295.604 Y-147.536
G1 X295.454 Y-147.524
G1 X295.303 Y-147.513
G1 X295.153 Y-147.502
G1 X295.003 Y-147.490
G1 X294.853 Y-147.479
G1 X294.703 Y-147.468
G1 X294.553 Y-147.456
G1 X294.403 Y-147.445
G1 X294.253 Y-147.434
G1 X294.102 Y-147.422
G1 X293.802 Y-147.400
G1 X293.502 Y-147.377
G1 X293.052 Y-147.343
; Retract
G0 Z3.000

; Path 20
; Rapid to initial position
G0 X299.891 Y-161.364
G0 Z0.000
; plunge
G1 Z-0.200 F4000
; cut
G1 X299.401 Y-153.644 F4000
G1 X299.401 Y-145.960
G1 X299.261 Y-137.014
G1 X299.332 Y-127.333
; Retract
G0 Z3.000

; Path 21
; Rapid to initial position
G0 X307.019 Y-119.289
G0 Z0.000
; plunge
G1 Z-0.200 F4000
; cut
G1 X306.987 Y-119.393 F4000
G1 X306.954 Y-119.497
G1 X306.922 Y-119.601
G1 X306.890 Y-119.705
G1 X306.858 Y-119.809
G1 X306.825 Y-119.913
G1 X306.793 Y-120.017
G1 X306.760 Y-120.121
G1 X306.728 Y-120.225
G1 X306.695 Y-120.329
G1 X306.663 Y-120.433
G1 X306.630 Y-120.537
G1 X306.597 Y-120.641
G1 X306.565 Y-120.745
G1 X306.532 Y-120.849
G1 X306.498 Y-120.953
G1 X306.465 Y-121.056
G1 X306.432 Y-121.160
G1 X306.399 Y-121.264
G1 X306.365 Y-121.368
G1 X306.331 Y-121.472
G1 X306.297 Y-121.576
G1 X306.263 Y-121.680
G1 X306.229 Y-121.783
G1 X306.195 Y-121.887
G1 X306.160 Y-121.991
G1 X306.125 Y-122.095
G1 X306.090 Y-122.199
G1 X306.055 Y-122.302
G1 X306.020 Y-122.406
G1 X305.984 Y-122.510
G1 X305.948 Y-122.613
G1 X305.912 Y-122.717
G1 X305.876 Y-122.821
G1 X305.840 Y-122.924
G1 X305.803 Y-123.028
G1 X305.766 Y-123.131
G1 X305.728 Y-123.235
G1 X305.691 Y-123.338
G1 X305.653 Y-123.442
G1 X305.615 Y-123.545
G1 X305.576 Y-123.649
G1 X305.537 Y-123.752
G1 X305.498 Y-123.855
G1 X305.459 Y-123.959
G1 X305.419 Y-124.062
G1 X305.379 Y-124.165
G1 X305.338 Y-124.268
G1 X305.297 Y-124.371
G1 X305.256 Y-124.474
G1 X305.215 Y-124.578
G1 X305.173 Y-124.681
G1 X305.130 Y-124.784
G1 X305.088 Y-124.887
G1 X305.045 Y-124.989
G1 X305.001 Y-125.092
G1 X304.957 Y-125.195
G1 X304.913 Y-125.298
G1 X304.868 Y-125.401
G1 X304.823 Y-125.503
G1 X304.777 Y-125.606
G1 X304.731 Y-125.709
G1 X304.684 Y-125.811
G1 X304.637 Y-125.914
G1 X304.574 Y-126.050
G1 X304.510 Y-126.185
G1 X304.467 Y-126.276
G1 X304.402 Y-126.411
G1 X304.358 Y-126.502
G1 X304.313 Y-126.592
G1 X304.268 Y-126.682
G1 X304.222 Y-126.772
G1 X304.177 Y-126.862
G1 X304.130 Y-126.953
G1 X304.083 Y-127.043
G1 X304.036 Y-127.132
G1 X303.989 Y-127.222
G1 X303.940 Y-127.312
G1 X303.892 Y-127.402
G1 X303.843 Y-127.492
G1 X303.793 Y-127.581
G1 X303.743 Y-127.671
G1 X303.693 Y-127.760
G1 X303.642 Y-127.850
G1 X303.590 Y-127.939
G1 X303.538 Y-128.028
G1 X303.486 Y-128.117
G1 X303.433 Y-128.207
G1 X303.379 Y-128.296
G1 X303.325 Y-128.384
G1 X303.271 Y-128.473
G1 X303.216 Y-128.562
G1 X303.160 Y-128.651
G1 X303.104 Y-128.739
G1 X303.047 Y-128.828
G1 X302.990 Y-128.916
G1 X302.932 Y-129.004
G1 X302.874 Y-129.093
G1 X302.815 Y-129.181
G1 X302.756 Y-129.269
G1 X302.696 Y-129.356
G1 X302.635 Y-129.444
G1 X302.574 Y-129.532
G1 X302.512 Y-129.619
G1 X302.450 Y-129.707
G1 X302.387 Y-129.794
G1 X302.324 Y-129.881
G1 X302.260 Y-129.969
G1 X302.195 Y-130.056
G1 X302.130 Y-130.142
G1 X302.064 Y-130.229
G1 X301.998 Y-130.316
G1 X301.931 Y-130.402
G1 X301.863 Y-130.489
G1 X301.795 Y-130.575
G1 X301.726 Y-130.661
G1 X301.656 Y-130.747
G1 X301.586 Y-130.833
G1 X301.515 Y-130.918
G1 X301.443 Y-131.004
G1 X301.371 Y-131.089
G1 X301.298 Y-131.175
G1 X301.225 Y-131.260
G1 X301.151 Y-131.345
G1 X301.076 Y-131.430
G1 X301.000 Y-131.514
G1 X300.919 Y-131.605
G1 X300.831 Y-131.702
G1 X300.743 Y-131.798
G1 X300.654 Y-131.894
G1 X300.564 Y-131.990
G1 X300.474 Y-132.086
G1 X300.383 Y-132.181
G1 X300.291 Y-132.277
G1 X300.198 Y-132.372
G1 X300.105 Y-132.467
G1 X300.011 Y-132.562
G1 X299.916 Y-132.656
G1 X299.820 Y-132.751
G1 X299.724 Y-132.845
G1 X299.627 Y-132.939
G1 X299.529 Y-133.033
G1 X299.431 Y-133.126
G1 X299.331 Y-133.220
G1 X299.231 Y-133.313
G1 X299.131 Y-133.406
G1 X299.030 Y-133.499
G1 X298.928 Y-133.591
G1 X298.825 Y-133.684
G1 X298.722 Y-133.776
G1 X298.618 Y-133.868
G1 X298.513 Y-133.960
G1 X298.408 Y-134.051
G1 X298.302 Y-134.143
G1 X298.195 Y-134.234
G1 X298.088 Y-134.325
G1 X297.980 Y-134.416
G1 X297.871 Y-134.506
G1 X297.762 Y-134.597
G1 X297.652 Y-134.687
G1 X297.541 Y-134.777
G1 X297.430 Y-134.866
G1 X297.318 Y-134.956
G1 X297.206 Y-135.045
G1 X297.093 Y-135.134
G1 X296.979 Y-135.223
G1 X296.865 Y-135.312
G1 X296.750 Y-135.401
G1 X296.634 Y-135.489
G1 X296.518 Y-135.577
G1 X296.401 Y-135.665
G1 X296.284 Y-135.753
G1 X296.166 Y-135.840
G1 X296.047 Y-135.927
G1 X295.928 Y-136.014
G1 X295.809 Y-136.101
G1 X295.689 Y-136.188
G1 X295.568 Y-136.274
G1 X295.446 Y-136.361
G1 X295.324 Y-136.447
G1 X295.202 Y-136.532
G1 X295.079 Y-136.618
G1 X294.955 Y-136.703
G1 X294.831 Y-136.788
G1 X294.706 Y-136.873
G1 X294.581 Y-136.958
G1 X294.456 Y-137.042
G1 X294.329 Y-137.127
G1 X294.202 Y-137.211
G1 X294.075 Y-137.295
G1 X293.955 Y-137.373
G1 X293.843 Y-137.446
G1 X293.730 Y-137.519
G1 X293.617 Y-137.592
G1 X293.504 Y-137.664
G1 X293.390 Y-137.737
G1 X293.276 Y-137.809
G1 X293.161 Y-137.881
G1 X293.046 Y-137.953
G1 X292.931 Y-138.025
G1 X292.815 Y-138.096
G1 X292.699 Y-138.167
G1 X292.582 Y-138.239
G1 X292.466 Y-138.310
G1 X292.348 Y-138.381
G1 X292.231 Y-138.452
G1 X292.113 Y-138.522
G1 X291.995 Y-138.593
G1 X291.876 Y-138.663
G1 X291.757 Y-138.733
G1 X291.638 Y-138.803
G1 X291.518 Y-138.873
G1 X291.398 Y-138.942
G1 X291.277 Y-139.012
G1 X291.157 Y-139.081
G1 X291.036 Y-139.150
G1 X290.914 Y-139.219
G1 X290.792 Y-139.288
G1 X290.670 Y-139.357
G1 X290.548 Y-139.425
G1 X290.425 Y-139.494
G1 X290.302 Y-139.562
G1 X290.178 Y-139.630
G1 X290.055 Y-139.698
G1 X289.930 Y-139.766
G1 X289.806 Y-139.833
G1 X289.681 Y-139.901
G1 X289.556 Y-139.968
G1 X289.431 Y-140.035
G1 X289.305 Y-140.102
G1 X289.179 Y-140.169
G1 X289.053 Y-140.236
G1 X288.926 Y-140.302
G1 X288.799 Y-140.368
G1 X288.672 Y-140.435
G1 X288.544 Y-140.501
G1 X288.416 Y-140.566
G1 X288.288 Y-140.632
G1 X288.160 Y-140.698
G1 X288.031 Y-140.763
G1 X287.902 Y-140.828
G1 X287.772 Y-140.893
G1 X287.643 Y-140.958
G1 X287.513 Y-141.023
G1 X287.383 Y-141.088
G1 X287.252 Y-141.152
G1 X287.121 Y-141.217
G1 X286.990 Y-141.281
G1 X286.859 Y-141.345
G1 X286.727 Y-141.409
G1 X286.595 Y-141.472
G1 X286.463 Y-141.536
G1 X286.331 Y-141.599
G1 X286.198 Y-141.663
G1 X286.060 Y-141.728
G1 X285.917 Y-141.795
G1 X285.774 Y-141.863
G1 X285.630 Y-141.930
G1 X285.486 Y-141.996
G1 X285.342 Y-142.063
G1 X285.198 Y-142.130
G1 X285.053 Y-142.196
G1 X284.908 Y-142.262
G1 X284.762 Y-142.328
G1 X284.617 Y-142.394
G1 X284.471 Y-142.460
G1 X284.325 Y-142.525
G1 X284.178 Y-142.591
G1 X284.032 Y-142.656
G1 X283.885 Y-142.721
G1 X283.737 Y-142.786
G1 X283.590 Y-142.851
G1 X283.442 Y-142.915
G1 X283.294 Y-142.979
G1 X283.146 Y-143.044
G1 X282.997 Y-143.108
G1 X282.848 Y-143.171
G1 X282.699 Y-143.235
G1 X282.550 Y-143.299
G1 X282.400 Y-143.362
G1 X282.250 Y-143.425
G1 X282.100 Y-143.488
G1 X281.949 Y-143.551
G1 X281.799 Y-143.614
G1 X281.648 Y-143.676
G1 X281.496 Y-143.738
G1 X281.345 Y-143.801
G1 X281.193 Y-143.863
G1 X281.041 Y-143.924
G1 X280.889 Y-143.986
G1 X280.736 Y-144.048
G1 X280.584 Y-144.109
G1 X280.431 Y-144.170
G1 X280.277 Y-144.231
G1 X280.124 Y-144.292
G1 X279.970 Y-144.353
G1 X279.816 Y-144.413
G1 X279.662 Y-144.474
G1 X279.508 Y-144.534
G1 X279.353 Y-144.594
G1 X279.198 Y-144.654
G1 X279.043 Y-144.714
G1 X278.887 Y-144.773
G1 X278.732 Y-144.833
G1 X278.576 Y-144.892
G1 X278.420 Y-144.951
G1 X278.263 Y-145.010
G1 X278.107 Y-145.069
G1 X277.950 Y-145.127
G1 X277.793 Y-145.186
G1 X277.636 Y-145.244
G1 X277.478 Y-145.302
G1 X277.321 Y-145.360
G1 X277.163 Y-145.418
G1 X277.005 Y-145.475
G1 X276.846 Y-145.533
G1 X276.688 Y-145.590
G1 X276.529 Y-145.647
G1 X276.370 Y-145.704
G1 X276.211 Y-145.761
G1 X276.051 Y-145.818
G1 X275.891 Y-145.875
G1 X275.732 Y-145.931
G1 X275.571 Y-145.987
G1 X275.411 Y-146.043
G1 X275.251 Y-146.099
G1 X275.090 Y-146.155
G1 X274.929 Y-146.210
G1 X274.768 Y-146.266
G1 X274.607 Y-146.321
G1 X274.445 Y-146.376
G1 X274.283 Y-146.431
G1 X274.121 Y-146.486
G1 X273.959 Y-146.541
G1 X273.797 Y-146.595
G1 X273.635 Y-146.650
G1 X273.472 Y-146.704
G1 X273.309 Y-146.758
G1 X273.146 Y-146.812
G1 X272.983 Y-146.866
G1 X272.819 Y-146.919
G1 X272.655 Y-146.973
G1 X272.492 Y-147.026
G1 X272.327 Y-147.079
G1 X272.163 Y-147.132
G1 X271.999 Y-147.185
G1 X271.834 Y-147.238
G1 X271.669 Y-147.290
G1 X271.504 Y-147.342
G1 X271.339 Y-147.395
G1 X271.174 Y-147.447
G1 X271.009 Y-147.499
G1 X270.843 Y-147.550
G1 X270.677 Y-147.602
G1 X270.511 Y-147.654
G1 X270.345 Y-147.705
G1 X270.178 Y-147.756
G1 X270.012 Y-147.807
G1 X269.845 Y-147.858
G1 X269.678 Y-147.909
G1 X269.511 Y-147.959
G1 X269.344 Y-148.010
G1 X269.177 Y-148.060
G1 X269.009 Y-148.110
G1 X268.842 Y-148.160
G1 X268.674 Y-148.210
G1 X268.506 Y-148.260
G1 X268.338 Y-148.309
G1 X268.169 Y-148.359
G1 X268.001 Y-148.408
G1 X267.832 Y-148.457
G1 X267.663 Y-148.506
G1 X267.495 Y-148.555
G1 X267.325 Y-148.603
G1 X267.156 Y-148.652
G1 X266.987 Y-148.700
G1 X266.817 Y-148.749
G1 X266.648 Y-148.797
G1 X266.478 Y-148.845
G1 X266.308 Y-148.893
G1 X266.138 Y-148.940
G1 X265.968 Y-148.988
G1 X265.797 Y-149.035
G1 X265.627 Y-149.082
G1 X265.456 Y-149.129
G1 X265.285 Y-149.176
G1 X265.114 Y-149.223
G1 X264.942 Y-149.270
G1 X264.771 Y-149.316
G1 X264.599 Y-149.363
G1 X264.428 Y-149.409
G1 X264.256 Y-149.455
G1 X264.084 Y-149.501
G1 X263.912 Y-149.546
G1 X263.739 Y-149.592
G1 X263.567 Y-149.637
G1 X263.394 Y-149.683
G1 X263.221 Y-149.728
G1 X263.048 Y-149.773
G1 X262.875 Y-149.818
G1 X262.702 Y-149.862
G1 X262.529 Y-149.907
G1 X262.355 Y-149.951
G1 X262.182 Y-149.995
G1 X262.008 Y-150.039
G1 X261.834 Y-150.083
G1 X261.660 Y-150.127
G1 X261.486 Y-150.171
G1 X261.311 Y-150.214
G1 X261.137 Y-150.258
G1 X260.962 Y-150.301
G1 X260.788 Y-150.344
G1 X260.613 Y-150.387
G1 X260.438 Y-150.430
G1 X260.263 Y-150.472
G1 X260.087 Y-150.515
G1 X259.912 Y-150.557
G1 X259.736 Y-150.600
G1 X259.561 Y-150.642
G1 X259.385 Y-150.684
G1 X259.209 Y-150.726
G1 X259.033 Y-150.767
G1 X258.857 Y-150.809
G1 X258.681 Y-150.850
G1 X258.505 Y-150.892
G1 X258.328 Y-150.933
G1 X258.152 Y-150.974
G1 X257.975 Y-151.015
G1 X257.798 Y-151.056
G1 X257.621 Y-151.096
G1 X257.444 Y-151.137
G1 X257.267 Y-151.177
G1 X257.090 Y-151.217
G1 X256.912 Y-151.258
G1 X256.735 Y-151.298
G1 X256.557 Y-151.338
G1 X256.380 Y-151.377
G1 X256.202 Y-151.417
G1 X256.024 Y-151.456
G1 X255.846 Y-151.496
G1 X255.668 Y-151.535
G1 X255.490 Y-151.574
G1 X255.312 Y-151.613
G1 X255.133 Y-151.652
G1 X254.955 Y-151.691
G1 X254.776 Y-151.730
G1 X254.600 Y-151.768
G1 X254.428 Y-151.805
G1 X254.255 Y-151.842
G1 X254.082 Y-151.879
G1 X253.909 Y-151.916
G1 X253.736 Y-151.953
G1 X253.563 Y-151.990
G1 X253.390 Y-152.027
G1 X253.217 Y-152.063
G1 X253.043 Y-152.100
G1 X252.870 Y-152.136
G1 X252.697 Y-152.173
G1 X252.523 Y-152.209
G1 X252.350 Y-152.245
G1 X252.176 Y-152.281
G1 X252.002 Y-152.317
G1 X251.829 Y-152.353
G1 X251.655 Y-152.389
G1 X251.481 Y-152.425
G1 X251.307 Y-152.461
G1 X251.133 Y-152.497
G1 X250.959 Y-152.532
G1 X250.785 Y-152.568
G1 X250.611 Y-152.603
G1 X250.437 Y-152.639
G1 X250.263 Y-152.674
G1 X250.088 Y-152.710
G1 X249.914 Y-152.745
G1 X249.740 Y-152.780
G1 X249.565 Y-152.815
G1 X249.391 Y-152.850
G1 X249.216 Y-152.885
G1 X249.042 Y-152.920
G1 X248.867 Y-152.955
G1 X248.693 Y-152.990
G1 X248.518 Y-153.025
G1 X248.344 Y-153.060
G1 X248.169 Y-153.095
G1 X247.994 Y-153.129
G1 X247.820 Y-153.164
G1 X247.645 Y-153.199
G1 X247.470 Y-153.233
G1 X247.295 Y-153.268
G1 X247.120 Y-153.302
G1 X246.945 Y-153.337
G1 X246.771 Y-153.371
G1 X246.596 Y-153.406
G1 X246.421 Y-153.440
G1 X246.246 Y-153.475
G1 X246.071 Y-153.509
G1 X245.896 Y-153.543
G1 X245.721 Y-153.578
G1 X245.546 Y-153.612
G1 X245.371 Y-153.646
G1 X245.196 Y-153.680
G1 X245.021 Y-153.715
G1 X244.846 Y-153.749
G1 X244.671 Y-153.783
G1 X244.496 Y-153.817
G1 X244.320 Y-153.852
G1 X244.145 Y-153.886
G1 X243.970 Y-153.920
G1 X243.795 Y-153.954
G1 X243.620 Y-153.988
G1 X243.533 Y-154.005
; Retract
G0 Z3.000

; Path 22
; Rapid to initial position
G0 X248.581 Y-156.493
G0 Z0.000
; plunge
G1 Z-0.200 F4000
; cut
G1 X247.670 Y-150.316 F4000
G1 X246.849 Y-146.076
G1 X245.161 Y-139.153
G1 X242.497 Y-130.207
G1 X241.320 Y-126.040
G1 X241.164 Y-130.207
G1 X249.291 Y-151.475
G1 X251.176 Y-153.405
G1 X252.156 Y-150.316
G1 X252.013 Y-140.672
G1 X250.202 Y-129.104
G1 X248.581 Y-121.016
; Retract
G0 Z3.000

; Path 23
; Rapid to initial position
G0 X244.739 Y-121.016
G0 Z0.000
; plunge
G1 Z-0.200 F4000
; cut
G1 X244.961 Y-146.076 F4000
; Retract
G0 Z3.000

; Path 24
; Rapid to initial position
G0 X245.302 Y-140.109
G0 Z0.000
; plunge
G1 Z-0.200 F4000
; cut
G1 X244.947 Y-138.271 F4000
G1 X244.236 Y-137.413
G1 X243.548 Y-138.271
G1 X243.326 Y-144.398
G1 X243.481 Y-149.790
G1 X244.658 Y-165.966
G1 X246.124 Y-172.204
G1 X247.611 Y-176.064
G1 X248.588 Y-179.146
G1 X249.343 Y-184.164
; Retract
G0 Z3.000

; Path 25
; Rapid to initial position
G0 X252.638 Y-182.240
G0 Z0.000
; plunge
G1 Z-0.200 F4000
; cut
G1 X253.056 Y-184.544 F4000
G1 X253.826 Y-184.544
G1 X254.106 Y-183.392
G1 X254.037 Y-176.444
G1 X253.547 Y-170.647
G1 X252.638 Y-161.800
G1 X251.448 Y-156.408
G1 X250.409 Y-156.040
G1 X249.343 Y-160.574
G1 X248.233 Y-171.419
G1 X247.323 Y-173.748
; Retract
G0 Z3.000

; Path 26
; Rapid to initial position
G0 X261.998 Y-169.235
G0 Z0.000
; plunge
G1 Z-0.200 F4000
; cut
G1 X261.965 Y-169.343 F4000
G1 X261.932 Y-169.450
G1 X261.899 Y-169.558
G1 X261.866 Y-169.666
G1 X261.834 Y-169.773
G1 X261.801 Y-169.881
G1 X261.768 Y-169.989
G1 X261.736 Y-170.096
G1 X261.704 Y-170.204
G1 X261.671 Y-170.312
G1 X261.639 Y-170.420
G1 X261.607 Y-170.527
G1 X261.575 Y-170.635
G1 X261.544 Y-170.743
G1 X261.512 Y-170.850
G1 X261.481 Y-170.958
G1 X261.450 Y-171.066
G1 X261.419 Y-171.174
G1 X261.388 Y-171.282
G1 X261.357 Y-171.390
G1 X261.327 Y-171.497
G1 X261.297 Y-171.605
G1 X261.267 Y-171.713
G1 X261.238 Y-171.821
G1 X261.208 Y-171.929
G1 X261.179 Y-172.037
G1 X261.151 Y-172.145
G1 X261.122 Y-172.253
G1 X261.094 Y-172.361
G1 X261.066 Y-172.469
G1 X261.039 Y-172.577
G1 X261.012 Y-172.685
G1 X260.973 Y-172.843
G1 X260.936 Y-173.001
G1 X260.899 Y-173.159
G1 X260.864 Y-173.318
G1 X260.830 Y-173.476
G1 X260.797 Y-173.634
G1 X260.766 Y-173.793
G1 X260.737 Y-173.952
G1 X260.710 Y-174.110
G1 X260.685 Y-174.269
G1 X260.663 Y-174.428
G1 X260.642 Y-174.587
G1 X260.625 Y-174.746
G1 X260.609 Y-174.905
G1 X260.597 Y-175.064
G1 X260.587 Y-175.224
G1 X260.583 Y-175.330
G1 X260.580 Y-175.436
G1 X260.578 Y-175.542
G1 X260.578 Y-175.649
G1 X260.580 Y-175.755
G1 X260.583 Y-175.861
G1 X260.588 Y-175.967
G1 X260.595 Y-176.074
G1 X260.604 Y-176.180
G1 X260.615 Y-176.286
G1 X260.627 Y-176.392
G1 X260.642 Y-176.498
G1 X260.659 Y-176.604
G1 X260.678 Y-176.710
G1 X260.700 Y-176.816
G1 X260.723 Y-176.921
G1 X260.750 Y-177.027
G1 X260.778 Y-177.132
G1 X260.810 Y-177.237
G1 X260.844 Y-177.342
G1 X260.881 Y-177.447
G1 X260.921 Y-177.552
G1 X260.963 Y-177.656
G1 X261.009 Y-177.760
G1 X261.058 Y-177.863
G1 X261.110 Y-177.966
G1 X261.165 Y-178.069
G1 X261.224 Y-178.171
G1 X261.286 Y-178.272
G1 X261.352 Y-178.373
G1 X261.421 Y-178.474
G1 X261.494 Y-178.573
G1 X261.570 Y-178.673
G1 X261.650 Y-178.771
G1 X261.735 Y-178.868
G1 X261.824 Y-178.965
G1 X261.916 Y-179.060
G1 X262.013 Y-179.155
G1 X262.113 Y-179.248
G1 X262.216 Y-179.340
G1 X262.324 Y-179.431
G1 X262.435 Y-179.521
G1 X262.549 Y-179.610
G1 X262.667 Y-179.698
G1 X262.789 Y-179.784
G1 X262.913 Y-179.869
G1 X263.041 Y-179.953
G1 X263.172 Y-180.035
G1 X263.339 Y-180.137
G1 X263.511 Y-180.237
G1 X263.599 Y-180.286
G1 X263.687 Y-180.335
G1 X263.777 Y-180.383
G1 X263.867 Y-180.430
G1 X263.958 Y-180.478
G1 X264.051 Y-180.524
G1 X264.144 Y-180.571
G1 X264.238 Y-180.616
G1 X264.333 Y-180.662
G1 X264.429 Y-180.706
G1 X264.525 Y-180.751
G1 X264.623 Y-180.794
G1 X264.721 Y-180.838
G1 X264.820 Y-180.881
G1 X264.920 Y-180.923
G1 X265.020 Y-180.965
G1 X265.122 Y-181.007
G1 X265.224 Y-181.048
G1 X265.326 Y-181.088
G1 X265.430 Y-181.129
G1 X265.533 Y-181.168
G1 X265.638 Y-181.208
G1 X265.743 Y-181.247
G1 X265.849 Y-181.285
G1 X265.955 Y-181.323
G1 X266.062 Y-181.360
G1 X266.169 Y-181.398
G1 X266.277 Y-181.434
G1 X266.452 Y-181.492
G1 X266.627 Y-181.548
G1 X266.803 Y-181.604
G1 X266.981 Y-181.659
G1 X267.159 Y-181.713
G1 X267.339 Y-181.765
G1 X267.519 Y-181.817
G1 X267.700 Y-181.868
G1 X267.883 Y-181.918
G1 X268.066 Y-181.967
G1 X268.250 Y-182.015
G1 X268.436 Y-182.062
G1 X268.622 Y-182.108
G1 X268.809 Y-182.154
G1 X268.998 Y-182.198
G1 X269.187 Y-182.241
G1 X269.294 Y-182.265
G1 X269.400 Y-182.289
G1 X269.507 Y-182.312
G1 X269.615 Y-182.336
G1 X269.722 Y-182.359
G1 X269.830 Y-182.382
G1 X269.937 Y-182.404
G1 X270.045 Y-182.426
G1 X270.154 Y-182.448
G1 X270.262 Y-182.470
G1 X270.370 Y-182.492
G1 X270.479 Y-182.513
G1 X270.588 Y-182.534
G1 X270.697 Y-182.555
G1 X270.806 Y-182.575
G1 X270.916 Y-182.595
G1 X271.025 Y-182.616
G1 X271.135 Y-182.635
G1 X271.245 Y-182.655
G1 X271.355 Y-182.674
G1 X271.465 Y-182.693
G1 X271.575 Y-182.712
G1 X271.686 Y-182.731
G1 X271.796 Y-182.749
G1 X271.907 Y-182.767
G1 X272.018 Y-182.785
G1 X272.129 Y-182.803
G1 X272.240 Y-182.820
G1 X272.352 Y-182.838
G1 X272.463 Y-182.855
G1 X272.575 Y-182.872
G1 X272.687 Y-182.888
G1 X272.798 Y-182.904
G1 X272.910 Y-182.921
G1 X273.023 Y-182.937
G1 X273.135 Y-182.952
G1 X273.247 Y-182.968
G1 X273.360 Y-182.983
G1 X273.472 Y-182.998
G1 X273.585 Y-183.013
G1 X273.698 Y-183.027
G1 X273.811 Y-183.042
G1 X273.924 Y-183.056
G1 X274.037 Y-183.070
G1 X274.150 Y-183.084
G1 X274.263 Y-183.097
G1 X274.376 Y-183.111
G1 X274.490 Y-183.124
G1 X274.604 Y-183.137
G1 X274.717 Y-183.149
G1 X274.831 Y-183.162
G1 X274.945 Y-183.174
G1 X275.059 Y-183.186
G1 X275.173 Y-183.198
G1 X275.287 Y-183.210
G1 X275.401 Y-183.221
G1 X275.515 Y-183.233
G1 X275.629 Y-183.244
G1 X275.743 Y-183.255
G1 X275.858 Y-183.266
G1 X275.972 Y-183.276
G1 X276.087 Y-183.287
G1 X276.201 Y-183.297
G1 X276.316 Y-183.307
G1 X276.430 Y-183.316
G1 X276.545 Y-183.326
G1 X276.660 Y-183.335
G1 X276.775 Y-183.344
G1 X276.890 Y-183.353
G1 X277.005 Y-183.362
G1 X277.120 Y-183.370
G1 X277.235 Y-183.379
G1 X277.350 Y-183.387
G1 X277.466 Y-183.395
G1 X277.581 Y-183.402
G1 X277.696 Y-183.410
G1 X277.812 Y-183.417
G1 X277.927 Y-183.425
G1 X278.043 Y-183.432
G1 X278.158 Y-183.438
G1 X278.274 Y-183.445
G1 X278.389 Y-183.451
G1 X278.505 Y-183.457
G1 X278.621 Y-183.463
G1 X278.736 Y-183.469
G1 X278.852 Y-183.475
G1 X278.968 Y-183.480
G1 X279.084 Y-183.485
G1 X279.200 Y-183.490
G1 X279.316 Y-183.495
G1 X279.432 Y-183.500
G1 X279.548 Y-183.504
G1 X279.664 Y-183.508
G1 X279.780 Y-183.512
G1 X279.896 Y-183.516
G1 X280.012 Y-183.519
G1 X280.128 Y-183.522
G1 X280.244 Y-183.525
G1 X280.360 Y-183.528
G1 X280.476 Y-183.531
G1 X280.593 Y-183.533
G1 X280.709 Y-183.535
G1 X280.825 Y-183.537
G1 X280.941 Y-183.539
G1 X281.057 Y-183.540
G1 X281.174 Y-183.542
G1 X281.290 Y-183.543
G1 X281.406 Y-183.544
G1 X281.522 Y-183.544
G1 X281.639 Y-183.545
G1 X281.755 Y-183.545
G1 X281.871 Y-183.545
G1 X281.987 Y-183.544
G1 X282.104 Y-183.544
G1 X282.220 Y-183.543
G1 X282.336 Y-183.542
G1 X282.452 Y-183.541
G1 X282.569 Y-183.539
G1 X282.685 Y-183.537
G1 X282.801 Y-183.535
G1 X282.917 Y-183.533
G1 X283.033 Y-183.531
G1 X283.150 Y-183.528
G1 X283.266 Y-183.525
G1 X283.382 Y-183.522
G1 X283.498 Y-183.519
G1 X283.614 Y-183.515
G1 X283.730 Y-183.511
G1 X283.833 Y-183.507
G1 X283.936 Y-183.503
G1 X284.040 Y-183.499
G1 X284.143 Y-183.495
G1 X284.246 Y-183.490
G1 X284.349 Y-183.486
G1 X284.452 Y-183.481
G1 X284.555 Y-183.476
G1 X284.657 Y-183.470
G1 X284.760 Y-183.465
G1 X284.863 Y-183.459
G1 X284.966 Y-183.453
G1 X285.068 Y-183.447
G1 X285.171 Y-183.441
G1 X285.273 Y-183.434
G1 X285.376 Y-183.427
G1 X285.478 Y-183.421
G1 X285.581 Y-183.413
G1 X285.683 Y-183.406
G1 X285.785 Y-183.399
G1 X285.888 Y-183.391
G1 X285.990 Y-183.383
G1 X286.092 Y-183.375
G1 X286.194 Y-183.367
G1 X286.296 Y-183.358
G1 X286.398 Y-183.349
G1 X286.500 Y-183.340
G1 X286.602 Y-183.331
G1 X286.704 Y-183.322
G1 X286.805 Y-183.312
G1 X286.907 Y-183.303
G1 X287.009 Y-183.293
G1 X287.136 Y-183.280
G1 X287.262 Y-183.267
G1 X287.389 Y-183.254
G1 X287.515 Y-183.240
G1 X287.642 Y-183.227
G1 X287.768 Y-183.213
G1 X287.894 Y-183.198
G1 X288.020 Y-183.183
G1 X288.146 Y-183.169
G1 X288.272 Y-183.153
G1 X288.397 Y-183.138
G1 X288.523 Y-183.122
G1 X288.648 Y-183.106
G1 X288.774 Y-183.090
G1 X288.899 Y-183.074
G1 X289.024 Y-183.057
G1 X289.149 Y-183.040
G1 X289.274 Y-183.023
G1 X289.398 Y-183.006
G1 X289.523 Y-182.988
G1 X289.647 Y-182.970
G1 X289.772 Y-182.952
G1 X289.896 Y-182.934
G1 X290.020 Y-182.916
G1 X290.144 Y-182.897
G1 X290.268 Y-182.878
G1 X290.392 Y-182.859
G1 X290.516 Y-182.840
G1 X290.639 Y-182.821
G1 X290.763 Y-182.801
G1 X290.886 Y-182.782
G1 X291.009 Y-182.762
G1 X291.194 Y-182.732
G1 X291.379 Y-182.701
G1 X291.563 Y-182.670
G1 X291.747 Y-182.639
G1 X291.931 Y-182.608
G1 X292.114 Y-182.576
G1 X292.298 Y-182.544
G1 X292.481 Y-182.511
G1 X292.664 Y-182.479
G1 X292.847 Y-182.446
G1 X293.030 Y-182.413
G1 X293.212 Y-182.379
G1 X293.394 Y-182.346
G1 X293.577 Y-182.312
G1 X293.759 Y-182.278
G1 X293.941 Y-182.243
G1 X294.123 Y-182.209
G1 X294.304 Y-182.174
G1 X294.486 Y-182.140
G1 X294.667 Y-182.105
G1 X294.849 Y-182.070
G1 X295.030 Y-182.035
G1 X295.211 Y-181.999
G1 X295.392 Y-181.964
G1 X295.574 Y-181.929
G1 X295.755 Y-181.893
G1 X295.936 Y-181.857
G1 X296.116 Y-181.822
G1 X296.297 Y-181.786
G1 X296.478 Y-181.750
G1 X296.659 Y-181.715
G1 X296.840 Y-181.679
; Retract
G0 Z3.000

; Path 27
; Rapid to initial position
G0 X296.478 Y-184.604
G0 Z0.000
; plunge
G1 Z-0.200 F4000
; cut
G1 X296.365 Y-184.591 F4000
G1 X296.251 Y-184.577
G1 X296.138 Y-184.564
G1 X296.025 Y-184.550
G1 X295.912 Y-184.536
G1 X295.799 Y-184.522
G1 X295.686 Y-184.508
G1 X295.573 Y-184.493
G1 X295.461 Y-184.478
G1 X295.348 Y-184.463
G1 X295.235 Y-184.448
G1 X295.123 Y-184.432
G1 X295.011 Y-184.417
G1 X294.899 Y-184.401
G1 X294.787 Y-184.385
G1 X294.675 Y-184.368
G1 X294.563 Y-184.352
G1 X294.452 Y-184.335
G1 X294.340 Y-184.318
G1 X294.229 Y-184.301
G1 X294.118 Y-184.283
G1 X294.006 Y-184.266
G1 X293.896 Y-184.248
G1 X293.785 Y-184.229
G1 X293.674 Y-184.211
G1 X293.564 Y-184.192
G1 X293.453 Y-184.174
G1 X293.343 Y-184.154
G1 X293.233 Y-184.135
G1 X293.123 Y-184.116
G1 X293.014 Y-184.096
G1 X292.904 Y-184.076
G1 X292.795 Y-184.055
G1 X292.685 Y-184.035
G1 X292.576 Y-184.014
G1 X292.467 Y-183.993
G1 X292.359 Y-183.972
G1 X292.250 Y-183.950
G1 X292.142 Y-183.928
G1 X292.034 Y-183.906
G1 X291.926 Y-183.884
G1 X291.818 Y-183.862
G1 X291.710 Y-183.839
G1 X291.603 Y-183.816
G1 X291.496 Y-183.793
G1 X291.389 Y-183.769
G1 X291.282 Y-183.745
G1 X291.175 Y-183.721
G1 X290.986 Y-183.678
G1 X290.798 Y-183.634
G1 X290.610 Y-183.589
G1 X290.424 Y-183.543
G1 X290.239 Y-183.495
G1 X290.054 Y-183.447
G1 X289.871 Y-183.398
G1 X289.689 Y-183.348
G1 X289.507 Y-183.298
G1 X289.327 Y-183.246
G1 X289.148 Y-183.193
G1 X288.969 Y-183.139
G1 X288.792 Y-183.084
G1 X288.615 Y-183.029
G1 X288.440 Y-182.972
G1 X288.266 Y-182.914
G1 X288.158 Y-182.878
G1 X288.050 Y-182.841
G1 X287.944 Y-182.803
G1 X287.837 Y-182.765
G1 X287.732 Y-182.727
G1 X287.626 Y-182.688
G1 X287.522 Y-182.649
G1 X287.418 Y-182.609
G1 X287.315 Y-182.569
G1 X287.212 Y-182.528
G1 X287.110 Y-182.487
G1 X287.009 Y-182.445
G1 X286.908 Y-182.403
G1 X286.809 Y-182.361
G1 X286.710 Y-182.318
G1 X286.611 Y-182.275
G1 X286.514 Y-182.231
G1 X286.417 Y-182.186
G1 X286.321 Y-182.142
G1 X286.226 Y-182.096
G1 X286.132 Y-182.051
G1 X286.039 Y-182.005
G1 X285.947 Y-181.958
G1 X285.855 Y-181.911
G1 X285.765 Y-181.863
G1 X285.675 Y-181.815
G1 X285.587 Y-181.766
G1 X285.413 Y-181.667
G1 X285.243 Y-181.567
G1 X285.094 Y-181.475
G1 X284.965 Y-181.391
G1 X284.839 Y-181.307
G1 X284.716 Y-181.221
G1 X284.596 Y-181.134
G1 X284.480 Y-181.046
G1 X284.367 Y-180.957
G1 X284.258 Y-180.866
G1 X284.152 Y-180.774
G1 X284.050 Y-180.682
G1 X283.952 Y-180.588
G1 X283.858 Y-180.493
G1 X283.767 Y-180.397
G1 X283.681 Y-180.300
G1 X283.598 Y-180.202
G1 X283.520 Y-180.103
G1 X283.445 Y-180.004
G1 X283.374 Y-179.904
G1 X283.307 Y-179.803
G1 X283.243 Y-179.702
G1 X283.182 Y-179.600
G1 X283.125 Y-179.498
G1 X283.072 Y-179.395
G1 X283.021 Y-179.292
G1 X282.974 Y-179.188
G1 X282.930 Y-179.084
G1 X282.889 Y-178.980
G1 X282.850 Y-178.875
G1 X282.815 Y-178.770
G1 X282.782 Y-178.665
G1 X282.752 Y-178.560
G1 X282.725 Y-178.454
G1 X282.700 Y-178.349
G1 X282.677 Y-178.243
G1 X282.657 Y-178.137
G1 X282.639 Y-178.031
G1 X282.623 Y-177.925
G1 X282.609 Y-177.819
G1 X282.597 Y-177.713
G1 X282.588 Y-177.607
G1 X282.580 Y-177.501
G1 X282.574 Y-177.394
G1 X282.570 Y-177.288
G1 X282.567 Y-177.182
G1 X282.566 Y-177.076
G1 X282.567 Y-176.969
G1 X282.570 Y-176.863
G1 X282.573 Y-176.757
G1 X282.580 Y-176.624
G1 X282.591 Y-176.465
G1 X282.605 Y-176.306
G1 X282.621 Y-176.147
G1 X282.641 Y-175.988
G1 X282.662 Y-175.829
G1 X282.686 Y-175.670
G1 X282.712 Y-175.511
G1 X282.740 Y-175.352
G1 X282.770 Y-175.194
G1 X282.802 Y-175.035
G1 X282.835 Y-174.877
G1 X282.869 Y-174.719
G1 X282.905 Y-174.560
G1 X282.943 Y-174.402
G1 X282.981 Y-174.244
G1 X283.014 Y-174.111
G1 X283.041 Y-174.003
G1 X283.069 Y-173.895
G1 X283.097 Y-173.787
G1 X283.125 Y-173.679
G1 X283.153 Y-173.571
G1 X283.182 Y-173.463
G1 X283.211 Y-173.355
G1 X283.241 Y-173.247
G1 X283.270 Y-173.139
G1 X283.300 Y-173.031
G1 X283.331 Y-172.924
G1 X283.361 Y-172.816
G1 X283.392 Y-172.708
G1 X283.423 Y-172.600
G1 X283.454 Y-172.492
G1 X283.485 Y-172.385
G1 X283.516 Y-172.277
G1 X283.548 Y-172.169
G1 X283.580 Y-172.061
G1 X283.612 Y-171.954
G1 X283.644 Y-171.846
G1 X283.676 Y-171.738
G1 X283.708 Y-171.630
G1 X283.741 Y-171.523
G1 X283.773 Y-171.415
G1 X283.806 Y-171.307
G1 X283.838 Y-171.200
G1 X283.871 Y-171.092
G1 X283.904 Y-170.984
G1 X283.937 Y-170.877
G1 X283.970 Y-170.769
G1 X316.016 Y-167.285
G1 X318.828 Y-183.159
G1 X318.557 Y-183.213
G1 X318.376 Y-183.248
G1 X318.195 Y-183.284
G1 X318.014 Y-183.320
G1 X317.833 Y-183.355
G1 X317.652 Y-183.391
G1 X317.471 Y-183.426
G1 X317.290 Y-183.462
G1 X317.109 Y-183.497
G1 X316.928 Y-183.532
G1 X316.746 Y-183.568
G1 X316.565 Y-183.602
G1 X316.383 Y-183.637
G1 X316.202 Y-183.672
G1 X316.020 Y-183.706
G1 X315.838 Y-183.741
G1 X315.656 Y-183.775
G1 X315.474 Y-183.809
G1 X315.292 Y-183.843
G1 X315.109 Y-183.876
G1 X314.927 Y-183.909
G1 X314.744 Y-183.943
G1 X314.561 Y-183.975
G1 X314.378 Y-184.008
G1 X314.194 Y-184.040
G1 X314.011 Y-184.072
G1 X313.827 Y-184.104
G1 X313.643 Y-184.135
G1 X313.459 Y-184.166
G1 X313.275 Y-184.197
G1 X313.090 Y-184.227
G1 X312.875 Y-184.262
G1 X312.751 Y-184.282
G1 X312.628 Y-184.301
G1 X312.504 Y-184.320
G1 X312.380 Y-184.340
G1 X312.257 Y-184.359
G1 X312.133 Y-184.377
G1 X312.009 Y-184.396
G1 X311.885 Y-184.414
G1 X311.760 Y-184.433
G1 X311.636 Y-184.451
G1 X311.511 Y-184.468
G1 X311.387 Y-184.486
G1 X311.262 Y-184.503
G1 X311.137 Y-184.520
G1 X311.012 Y-184.537
G1 X310.887 Y-184.554
G1 X310.762 Y-184.570
G1 X310.637 Y-184.587
G1 X310.511 Y-184.602
G1 X310.386 Y-184.618
G1 X310.260 Y-184.634
G1 X310.134 Y-184.649
G1 X310.009 Y-184.664
G1 X309.883 Y-184.678
G1 X309.756 Y-184.693
G1 X309.630 Y-184.707
G1 X309.504 Y-184.721
G1 X309.377 Y-184.734
G1 X309.251 Y-184.747
G1 X309.124 Y-184.760
G1 X308.997 Y-184.773
G1 X308.895 Y-184.783
G1 X308.794 Y-184.793
G1 X308.692 Y-184.802
G1 X308.590 Y-184.811
G1 X308.488 Y-184.821
G1 X308.386 Y-184.830
G1 X308.284 Y-184.838
G1 X308.182 Y-184.847
G1 X308.080 Y-184.855
G1 X307.978 Y-184.863
G1 X307.876 Y-184.871
G1 X307.774 Y-184.879
G1 X307.671 Y-184.886
G1 X307.569 Y-184.894
G1 X307.467 Y-184.901
G1 X307.364 Y-184.908
G1 X307.262 Y-184.914
G1 X307.159 Y-184.921
G1 X307.057 Y-184.927
G1 X306.954 Y-184.933
G1 X306.851 Y-184.939
G1 X306.749 Y-184.945
G1 X306.646 Y-184.951
G1 X306.543 Y-184.956
G1 X306.440 Y-184.961
G1 X306.337 Y-184.966
G1 X306.234 Y-184.971
G1 X306.131 Y-184.975
G1 X306.028 Y-184.979
G1 X305.925 Y-184.984
G1 X305.822 Y-184.987
G1 X305.718 Y-184.991
G1 X305.602 Y-184.995
G1 X305.486 Y-184.999
G1 X305.370 Y-185.002
G1 X305.254 Y-185.005
G1 X305.138 Y-185.008
G1 X305.022 Y-185.011
G1 X304.906 Y-185.013
G1 X304.789 Y-185.016
G1 X304.673 Y-185.018
G1 X304.557 Y-185.019
G1 X304.441 Y-185.021
G1 X304.324 Y-185.022
G1 X304.208 Y-185.023
G1 X304.092 Y-185.024
G1 X303.976 Y-185.025
G1 X303.859 Y-185.025
G1 X303.743 Y-185.025
G1 X303.627 Y-185.025
G1 X303.511 Y-185.024
G1 X303.394 Y-185.024
G1 X303.278 Y-185.023
G1 X303.162 Y-185.022
G1 X303.046 Y-185.021
G1 X302.930 Y-185.019
G1 X302.813 Y-185.017
G1 X302.697 Y-185.016
G1 X302.581 Y-185.013
G1 X302.465 Y-185.011
G1 X302.349 Y-185.008
G1 X302.232 Y-185.006
G1 X302.116 Y-185.002
G1 X302.000 Y-184.999
G1 X301.884 Y-184.996
G1 X301.768 Y-184.992
G1 X301.652 Y-184.988
G1 X301.536 Y-184.984
G1 X301.420 Y-184.980
G1 X301.304 Y-184.975
G1 X301.188 Y-184.970
G1 X301.072 Y-184.965
G1 X300.956 Y-184.960
G1 X300.841 Y-184.955
G1 X300.725 Y-184.949
G1 X300.609 Y-184.944
G1 X300.493 Y-184.938
G1 X300.378 Y-184.931
G1 X300.262 Y-184.925
G1 X300.146 Y-184.918
G1 X300.031 Y-184.912
G1 X299.915 Y-184.905
G1 X299.800 Y-184.898
G1 X299.685 Y-184.890
G1 X299.569 Y-184.883
G1 X299.454 Y-184.875
G1 X299.339 Y-184.867
G1 X299.224 Y-184.859
G1 X299.108 Y-184.850
G1 X298.993 Y-184.842
G1 X298.878 Y-184.833
G1 X298.763 Y-184.824
G1 X298.648 Y-184.815
G1 X298.534 Y-184.806
G1 X298.419 Y-184.796
G1 X298.304 Y-184.787
G1 X298.190 Y-184.777
G1 X298.075 Y-184.767
G1 X297.961 Y-184.756
G1 X297.846 Y-184.746
G1 X297.732 Y-184.735
G1 X297.617 Y-184.724
G1 X297.503 Y-184.713
G1 X297.389 Y-184.702
G1 X297.275 Y-184.690
G1 X297.161 Y-184.678
G1 X297.047 Y-184.667
G1 X296.933 Y-184.654
G1 X296.819 Y-184.642
G1 X296.706 Y-184.630
G1 X296.592 Y-184.617
G1 X296.478 Y-184.604
; Retract
G0 Z3.000

; Path 28
; Rapid to initial position
G0 X302.779 Y-191.291
G0 Z0.000
; plunge
G1 Z-0.200 F4000
; cut
G1 X287.848 Y-195.498 F4000
; Retract
G0 Z3.000

; Path 29
; Rapid to initial position
G0 X291.679 Y-193.410
G0 Z0.000
; plunge
G1 Z-0.200 F4000
; cut
G1 X299.635 Y-193.410 F4000
; Retract
G0 Z3.000

; Path 30
; Rapid to initial position
G0 X298.818 Y-196.234
G0 Z0.000
; plunge
G1 Z-0.200 F4000
; cut
G1 X353.916 Y-196.234 F4000
G1 X353.872 Y-196.385
G1 X353.828 Y-196.536
G1 X353.783 Y-196.687
G1 X353.738 Y-196.839
G1 X353.693 Y-196.990
G1 X353.647 Y-197.141
G1 X353.600 Y-197.292
G1 X353.552 Y-197.444
G1 X353.504 Y-197.595
G1 X353.454 Y-197.746
G1 X353.403 Y-197.897
G1 X353.351 Y-198.048
G1 X353.297 Y-198.198
G1 X353.242 Y-198.349
G1 X353.185 Y-198.499
G1 X353.126 Y-198.649
G1 X353.065 Y-198.799
G1 X353.002 Y-198.949
G1 X352.937 Y-199.098
G1 X352.869 Y-199.247
G1 X352.799 Y-199.395
G1 X352.727 Y-199.544
G1 X352.651 Y-199.692
G1 X352.573 Y-199.839
G1 X352.492 Y-199.986
G1 X352.408 Y-200.133
G1 X352.320 Y-200.279
G1 X352.229 Y-200.425
G1 X352.135 Y-200.570
G1 X352.037 Y-200.715
G1 X351.935 Y-200.859
G1 X351.830 Y-201.002
G1 X351.716 Y-201.151
G1 X351.598 Y-201.299
G1 X351.474 Y-201.445
G1 X351.346 Y-201.591
G1 X351.214 Y-201.736
G1 X351.076 Y-201.879
G1 X350.934 Y-202.021
G1 X350.861 Y-202.092
G1 X350.787 Y-202.162
G1 X350.712 Y-202.232
G1 X350.636 Y-202.302
G1 X350.559 Y-202.371
G1 X350.480 Y-202.440
G1 X350.400 Y-202.508
G1 X350.320 Y-202.577
G1 X350.238 Y-202.645
G1 X350.154 Y-202.712
G1 X350.070 Y-202.779
G1 X349.985 Y-202.846
G1 X349.898 Y-202.912
G1 X349.810 Y-202.978
G1 X349.721 Y-203.044
G1 X349.631 Y-203.109
G1 X349.540 Y-203.174
G1 X349.448 Y-203.238
G1 X349.339 Y-203.312
G1 X349.229 Y-203.386
G1 X349.117 Y-203.460
G1 X349.003 Y-203.532
G1 X348.889 Y-203.604
G1 X348.773 Y-203.676
G1 X348.655 Y-203.747
G1 X348.536 Y-203.817
G1 X348.415 Y-203.887
G1 X348.293 Y-203.956
G1 X348.170 Y-204.024
G1 X348.045 Y-204.092
G1 X347.919 Y-204.159
G1 X347.791 Y-204.225
G1 X347.662 Y-204.291
G1 X347.532 Y-204.355
G1 X347.400 Y-204.419
G1 X347.267 Y-204.482
G1 X347.132 Y-204.545
G1 X346.996 Y-204.607
G1 X346.859 Y-204.667
G1 X346.721 Y-204.727
G1 X346.581 Y-204.786
G1 X346.439 Y-204.845
G1 X346.297 Y-204.902
G1 X346.153 Y-204.959
G1 X346.008 Y-205.015
G1 X345.861 Y-205.069
G1 X345.713 Y-205.123
G1 X345.564 Y-205.176
G1 X345.414 Y-205.228
G1 X345.262 Y-205.279
G1 X345.131 Y-205.322
G1 X345.000 Y-205.365
G1 X344.868 Y-205.406
G1 X344.735 Y-205.448
G1 X344.601 Y-205.488
G1 X344.467 Y-205.528
G1 X344.332 Y-205.567
G1 X344.196 Y-205.606
G1 X344.060 Y-205.644
G1 X343.924 Y-205.682
G1 X343.786 Y-205.719
G1 X343.649 Y-205.756
G1 X343.510 Y-205.792
G1 X343.371 Y-205.827
G1 X343.232 Y-205.862
G1 X343.092 Y-205.897
G1 X342.952 Y-205.931
G1 X342.812 Y-205.965
G1 X342.671 Y-205.998
G1 X342.529 Y-206.031
G1 X342.387 Y-206.063
G1 X342.245 Y-206.096
G1 X342.103 Y-206.127
G1 X341.960 Y-206.158
G1 X341.817 Y-206.189
G1 X341.674 Y-206.220
G1 X341.530 Y-206.250
G1 X341.386 Y-206.280
G1 X341.243 Y-206.310
G1 X341.098 Y-206.339
G1 X340.954 Y-206.368
G1 X340.810 Y-206.397
G1 X340.665 Y-206.425
G1 X340.520 Y-206.454
G1 X340.375 Y-206.482
G1 X340.229 Y-206.510
G1 X340.084 Y-206.537
G1 X339.939 Y-206.565
G1 X339.793 Y-206.592
G1 X339.648 Y-206.619
G1 X339.502 Y-206.647
G1 X339.356 Y-206.674
G1 X339.210 Y-206.701
G1 X339.064 Y-206.727
G1 X338.918 Y-206.754
G1 X338.772 Y-206.781
G1 X338.626 Y-206.807
G1 X338.480 Y-206.834
G1 X338.334 Y-206.861
G1 X338.188 Y-206.887
G1 X338.041 Y-206.914
G1 X337.895 Y-206.940
G1 X337.749 Y-206.967
G1 X337.603 Y-206.993
G1 X337.457 Y-207.020
G1 X337.311 Y-207.046
G1 X337.164 Y-207.073
G1 X337.018 Y-207.100
G1 X336.872 Y-207.126
G1 X336.726 Y-207.153
G1 X336.581 Y-207.180
G1 X336.435 Y-207.207
G1 X336.289 Y-207.234
G1 X336.143 Y-207.262
G1 X335.998 Y-207.289
G1 X335.852 Y-207.315
G1 X335.706 Y-207.342
G1 X335.559 Y-207.369
G1 X335.413 Y-207.395
G1 X335.267 Y-207.422
G1 X335.120 Y-207.448
G1 X334.974 Y-207.474
G1 X334.827 Y-207.500
G1 X334.680 Y-207.525
G1 X334.533 Y-207.551
G1 X334.386 Y-207.576
G1 X334.238 Y-207.600
G1 X334.091 Y-207.625
G1 X333.943 Y-207.649
G1 X333.795 Y-207.673
G1 X333.647 Y-207.696
G1 X333.498 Y-207.720
G1 X333.350 Y-207.742
G1 X333.201 Y-207.764
G1 X333.052 Y-207.786
G1 X332.902 Y-207.808
G1 X332.753 Y-207.828
G1 X332.603 Y-207.849
G1 X332.453 Y-207.869
G1 X332.302 Y-207.888
G1 X332.152 Y-207.907
G1 X332.001 Y-207.925
G1 X331.849 Y-207.942
G1 X331.698 Y-207.959
G1 X331.546 Y-207.975
G1 X331.393 Y-207.991
G1 X331.241 Y-208.006
G1 X331.088 Y-208.020
G1 X330.935 Y-208.033
G1 X330.782 Y-208.046
G1 X330.629 Y-208.057
G1 X330.475 Y-208.068
G1 X330.321 Y-208.079
G1 X330.167 Y-208.088
G1 X330.013 Y-208.097
G1 X329.859 Y-208.106
G1 X329.705 Y-208.113
G1 X329.550 Y-208.120
G1 X329.396 Y-208.126
G1 X329.241 Y-208.132
G1 X329.086 Y-208.137
G1 X328.931 Y-208.141
G1 X328.776 Y-208.145
G1 X328.621 Y-208.148
G1 X328.466 Y-208.150
G1 X328.311 Y-208.152
G1 X328.156 Y-208.153
G1 X328.001 Y-208.154
G1 X327.846 Y-208.154
G1 X327.690 Y-208.154
G1 X327.535 Y-208.153
G1 X327.380 Y-208.152
G1 X327.225 Y-208.150
G1 X327.070 Y-208.148
G1 X326.915 Y-208.145
G1 X326.760 Y-208.141
G1 X326.605 Y-208.137
G1 X326.451 Y-208.133
G1 X326.322 Y-208.129
G1 X326.193 Y-208.125
G1 X326.064 Y-208.120
G1 X325.935 Y-208.116
G1 X325.806 Y-208.110
G1 X325.677 Y-208.105
G1 X325.549 Y-208.099
G1 X325.420 Y-208.094
G1 X325.291 Y-208.087
G1 X325.163 Y-208.081
G1 X325.034 Y-208.074
G1 X324.906 Y-208.067
G1 X324.778 Y-208.060
G1 X324.649 Y-208.053
G1 X324.521 Y-208.045
G1 X324.393 Y-208.037
G1 X324.264 Y-208.029
G1 X324.136 Y-208.021
G1 X324.008 Y-208.012
G1 X323.880 Y-208.004
G1 X323.752 Y-207.995
G1 X323.624 Y-207.986
G1 X323.496 Y-207.977
G1 X323.368 Y-207.967
G1 X323.240 Y-207.957
G1 X323.113 Y-207.948
G1 X322.985 Y-207.938
G1 X322.857 Y-207.928
G1 X322.730 Y-207.917
G1 X322.602 Y-207.907
G1 X322.474 Y-207.896
G1 X322.347 Y-207.886
G1 X322.169 Y-207.870
G1 X321.991 Y-207.855
G1 X321.812 Y-207.839
G1 X321.634 Y-207.823
G1 X321.456 Y-207.807
G1 X321.278 Y-207.791
G1 X321.100 Y-207.774
G1 X320.922 Y-207.758
G1 X320.744 Y-207.741
G1 X320.566 Y-207.725
G1 X320.388 Y-207.708
G1 X320.211 Y-207.691
G1 X320.033 Y-207.673
G1 X319.855 Y-207.656
G1 X319.678 Y-207.638
G1 X319.500 Y-207.620
G1 X319.323 Y-207.602
G1 X319.146 Y-207.584
G1 X318.969 Y-207.565
G1 X318.792 Y-207.547
G1 X318.615 Y-207.527
G1 X318.438 Y-207.508
G1 X318.261 Y-207.489
G1 X318.084 Y-207.469
G1 X317.908 Y-207.449
G1 X317.731 Y-207.429
G1 X317.555 Y-207.408
G1 X317.379 Y-207.387
G1 X317.203 Y-207.366
G1 X317.027 Y-207.345
G1 X316.851 Y-207.323
G1 X316.675 Y-207.301
G1 X316.525 Y-207.281
G1 X316.375 Y-207.262
G1 X316.225 Y-207.242
G1 X316.075 Y-207.221
G1 X315.925 Y-207.201
G1 X315.775 Y-207.180
G1 X315.626 Y-207.159
G1 X315.476 Y-207.137
G1 X315.327 Y-207.116
G1 X315.178 Y-207.093
G1 X315.029 Y-207.071
G1 X314.881 Y-207.048
G1 X314.732 Y-207.025
G1 X314.584 Y-207.001
G1 X314.436 Y-206.977
G1 X314.289 Y-206.953
G1 X314.141 Y-206.928
G1 X313.994 Y-206.903
G1 X313.847 Y-206.878
G1 X313.701 Y-206.852
G1 X313.554 Y-206.826
G1 X313.408 Y-206.799
G1 X313.262 Y-206.772
G1 X313.117 Y-206.744
G1 X312.972 Y-206.716
G1 X312.827 Y-206.688
G1 X312.683 Y-206.659
G1 X312.538 Y-206.629
G1 X312.395 Y-206.599
G1 X312.251 Y-206.569
G1 X312.108 Y-206.538
G1 X311.965 Y-206.507
G1 X311.823 Y-206.475
G1 X311.681 Y-206.443
G1 X311.539 Y-206.410
G1 X311.398 Y-206.377
G1 X311.258 Y-206.343
G1 X311.118 Y-206.309
G1 X310.978 Y-206.274
G1 X310.839 Y-206.239
G1 X310.700 Y-206.203
G1 X310.562 Y-206.167
G1 X310.424 Y-206.130
G1 X310.287 Y-206.093
G1 X310.151 Y-206.055
G1 X310.015 Y-206.016
G1 X309.879 Y-205.977
G1 X309.744 Y-205.938
G1 X309.610 Y-205.898
G1 X309.476 Y-205.858
G1 X309.343 Y-205.817
G1 X309.210 Y-205.775
G1 X309.078 Y-205.733
G1 X308.947 Y-205.691
G1 X308.816 Y-205.648
G1 X308.686 Y-205.604
G1 X308.557 Y-205.560
G1 X308.428 Y-205.516
G1 X308.300 Y-205.470
G1 X308.172 Y-205.425
G1 X308.046 Y-205.379
G1 X307.919 Y-205.332
G1 X307.794 Y-205.285
G1 X307.669 Y-205.238
G1 X307.545 Y-205.190
G1 X307.422 Y-205.141
G1 X307.300 Y-205.092
G1 X307.178 Y-205.043
G1 X307.057 Y-204.993
G1 X306.936 Y-204.942
G1 X306.817 Y-204.891
G1 X306.698 Y-204.840
G1 X306.580 Y-204.788
G1 X306.463 Y-204.735
G1 X306.347 Y-204.682
G1 X306.231 Y-204.629
G1 X306.117 Y-204.575
G1 X306.003 Y-204.520
G1 X305.890 Y-204.465
G1 X305.778 Y-204.410
G1 X305.667 Y-204.354
G1 X305.557 Y-204.298
G1 X305.448 Y-204.241
G1 X305.340 Y-204.184
G1 X305.233 Y-204.126
G1 X305.127 Y-204.067
G1 X305.022 Y-204.009
G1 X304.918 Y-203.949
G1 X304.815 Y-203.889
G1 X304.713 Y-203.829
G1 X304.612 Y-203.768
G1 X304.512 Y-203.707
G1 X304.414 Y-203.645
G1 X304.316 Y-203.583
G1 X304.220 Y-203.521
G1 X304.124 Y-203.457
G1 X304.030 Y-203.394
G1 X303.937 Y-203.330
G1 X303.845 Y-203.265
G1 X303.754 Y-203.200
G1 X303.665 Y-203.135
G1 X303.576 Y-203.069
G1 X303.489 Y-203.003
G1 X303.403 Y-202.936
G1 X303.318 Y-202.869
G1 X303.234 Y-202.802
G1 X303.151 Y-202.734
G1 X303.069 Y-202.666
G1 X302.988 Y-202.597
G1 X302.908 Y-202.529
G1 X302.830 Y-202.459
G1 X302.752 Y-202.390
G1 X302.676 Y-202.320
G1 X302.600 Y-202.250
G1 X302.526 Y-202.180
G1 X302.452 Y-202.109
G1 X302.380 Y-202.038
G1 X302.309 Y-201.967
G1 X302.238 Y-201.895
G1 X302.100 Y-201.752
G1 X301.966 Y-201.607
G1 X301.836 Y-201.462
G1 X301.709 Y-201.315
G1 X301.585 Y-201.167
G1 X301.463 Y-201.016
G1 X301.344 Y-200.864
G1 X301.229 Y-200.712
G1 X301.117 Y-200.559
G1 X301.008 Y-200.406
G1 X300.901 Y-200.253
G1 X300.798 Y-200.098
G1 X300.697 Y-199.944
G1 X300.598 Y-199.789
G1 X300.503 Y-199.633
G1 X300.409 Y-199.478
G1 X300.318 Y-199.321
G1 X300.228 Y-199.165
G1 X300.141 Y-199.008
G1 X300.056 Y-198.851
G1 X299.972 Y-198.693
G1 X299.890 Y-198.536
G1 X299.810 Y-198.378
G1 X299.731 Y-198.219
G1 X299.653 Y-198.061
G1 X299.577 Y-197.903
G1 X299.501 Y-197.744
G1 X299.427 Y-197.585
G1 X299.353 Y-197.426
G1 X299.281 Y-197.267
G1 X299.208 Y-197.108
G1 X299.137 Y-196.949
G1 X299.066 Y-196.790
G1 X298.995 Y-196.631
G1 X298.924 Y-196.472
G1 X298.853 Y-196.313
G1 X298.818 Y-196.234
; Retract
G0 Z3.000

; Path 31
; Rapid to initial position
G0 X309.884 Y-196.116
G0 Z0.000
; plunge
G1 Z-0.200 F4000
; cut
G1 X320.313 Y-161.605 F4000
; Retract
G0 Z3.000

; Path 32
; Rapid to initial position
G0 X314.878 Y-170.907
G0 Z0.000
; plunge
G1 Z-0.200 F4000
; cut
G1 X338.983 Y-170.907 F4000
; Retract
G0 Z3.000

; Path 33
; Rapid to initial position
G0 X339.538 Y-172.325
G0 Z0.000
; plunge
G1 Z-0.200 F4000
; cut
G1 X339.707 Y-172.261 F4000
G1 X339.878 Y-172.199
G1 X340.051 Y-172.139
G1 X340.223 Y-172.079
G1 X340.314 Y-172.032
G1 X340.405 Y-171.985
G1 X340.496 Y-171.938
G1 X340.588 Y-171.891
G1 X340.679 Y-171.844
G1 X340.771 Y-171.797
G1 X340.863 Y-171.750
G1 X340.955 Y-171.704
G1 X341.047 Y-171.657
G1 X341.140 Y-171.610
G1 X341.232 Y-171.564
G1 X341.325 Y-171.518
G1 X341.418 Y-171.472
G1 X341.511 Y-171.425
G1 X341.604 Y-171.379
G1 X341.698 Y-171.334
G1 X341.864 Y-171.253
G1 X342.032 Y-171.173
G1 X342.202 Y-171.094
G1 X342.373 Y-171.016
G1 X342.546 Y-170.939
G1 X342.721 Y-170.864
G1 X342.897 Y-170.789
G1 X343.075 Y-170.715
G1 X343.255 Y-170.642
G1 X343.438 Y-170.571
G1 X343.624 Y-170.502
G1 X343.812 Y-170.435
G1 X343.907 Y-170.403
G1 X344.003 Y-170.371
G1 X344.100 Y-170.339
G1 X344.197 Y-170.308
G1 X344.294 Y-170.278
G1 X344.393 Y-170.248
G1 X344.492 Y-170.218
G1 X344.592 Y-170.189
G1 X344.706 Y-170.158
G1 X344.820 Y-170.127
G1 X344.936 Y-170.098
G1 X345.054 Y-170.069
G1 X345.172 Y-170.042
G1 X345.291 Y-170.016
G1 X345.411 Y-169.990
G1 X345.532 Y-169.966
G1 X345.654 Y-169.944
G1 X345.776 Y-169.922
G1 X345.900 Y-169.902
G1 X346.025 Y-169.883
G1 X346.150 Y-169.866
G1 X346.276 Y-169.850
G1 X346.403 Y-169.836
G1 X346.531 Y-169.823
G1 X346.654 Y-169.812
G1 X346.777 Y-169.803
G1 X346.901 Y-169.794
G1 X347.025 Y-169.788
G1 X347.149 Y-169.782
G1 X347.273 Y-169.778
G1 X347.397 Y-169.775
G1 X347.521 Y-169.773
G1 X347.646 Y-169.772
G1 X347.770 Y-169.773
G1 X347.894 Y-169.774
G1 X348.018 Y-169.777
G1 X348.142 Y-169.781
G1 X348.266 Y-169.786
G1 X348.390 Y-169.792
G1 X348.513 Y-169.799
G1 X348.655 Y-169.809
G1 X348.797 Y-169.819
G1 X348.938 Y-169.831
G1 X349.079 Y-169.845
G1 X349.219 Y-169.859
G1 X349.359 Y-169.874
G1 X349.498 Y-169.891
G1 X349.637 Y-169.909
G1 X349.776 Y-169.927
G1 X349.913 Y-169.947
G1 X350.051 Y-169.968
G1 X350.187 Y-169.990
G1 X350.323 Y-170.013
G1 X350.459 Y-170.036
G1 X350.594 Y-170.061
G1 X350.728 Y-170.087
G1 X350.862 Y-170.113
G1 X350.995 Y-170.141
G1 X351.127 Y-170.169
G1 X351.259 Y-170.198
G1 X351.390 Y-170.228
G1 X351.521 Y-170.259
G1 X351.650 Y-170.290
G1 X351.779 Y-170.322
G1 X351.908 Y-170.355
G1 X352.035 Y-170.389
G1 X352.162 Y-170.423
G1 X352.288 Y-170.458
G1 X352.414 Y-170.493
G1 X352.538 Y-170.529
G1 X352.662 Y-170.566
G1 X352.785 Y-170.603
G1 X352.928 Y-170.648
G1 X353.071 Y-170.694
G1 X353.212 Y-170.740
G1 X353.352 Y-170.787
G1 X353.492 Y-170.835
G1 X353.630 Y-170.884
G1 X353.767 Y-170.933
G1 X353.904 Y-170.984
G1 X354.039 Y-171.034
G1 X354.174 Y-171.086
G1 X354.307 Y-171.139
G1 X354.439 Y-171.192
G1 X354.570 Y-171.246
G1 X354.700 Y-171.300
G1 X354.829 Y-171.356
G1 X354.956 Y-171.412
G1 X355.083 Y-171.468
G1 X355.208 Y-171.526
G1 X355.332 Y-171.584
G1 X355.455 Y-171.643
G1 X355.576 Y-171.702
G1 X355.697 Y-171.762
G1 X355.816 Y-171.823
G1 X355.933 Y-171.884
G1 X356.050 Y-171.946
G1 X356.165 Y-172.009
G1 X356.279 Y-172.073
G1 X356.391 Y-172.137
G1 X356.502 Y-172.201
G1 X356.612 Y-172.267
G1 X356.720 Y-172.332
G1 X356.827 Y-172.399
G1 X356.933 Y-172.466
G1 X357.036 Y-172.534
G1 X357.139 Y-172.602
G1 X357.240 Y-172.671
G1 X357.339 Y-172.740
G1 X357.437 Y-172.810
G1 X357.534 Y-172.881
G1 X357.629 Y-172.952
G1 X357.723 Y-173.023
G1 X357.815 Y-173.095
G1 X357.906 Y-173.168
G1 X357.996 Y-173.241
G1 X358.084 Y-173.314
G1 X358.171 Y-173.387
G1 X358.257 Y-173.462
G1 X358.342 Y-173.536
G1 X358.425 Y-173.611
G1 X358.507 Y-173.686
G1 X358.588 Y-173.762
G1 X358.668 Y-173.838
G1 X358.747 Y-173.914
G1 X358.824 Y-173.990
G1 X358.901 Y-174.067
G1 X358.976 Y-174.144
G1 X359.051 Y-174.222
G1 X359.124 Y-174.299
G1 X359.196 Y-174.377
G1 X359.268 Y-174.455
G1 X359.338 Y-174.533
G1 X359.408 Y-174.612
G1 X359.476 Y-174.691
G1 X359.544 Y-174.769
G1 X359.656 Y-174.901
G1 X359.765 Y-175.033
G1 X359.873 Y-175.166
G1 X359.980 Y-175.299
G1 X360.084 Y-175.432
G1 X360.188 Y-175.565
G1 X360.290 Y-175.699
G1 X360.392 Y-175.832
G1 X360.493 Y-175.966
G1 X360.593 Y-176.101
G1 X360.693 Y-176.235
G1 X360.793 Y-176.369
G1 X360.892 Y-176.503
G1 X360.992 Y-176.637
G1 X361.092 Y-176.772
G1 X361.192 Y-176.906
G1 X361.298 Y-177.047
G1 X361.404 Y-177.188
G1 X361.511 Y-177.329
G1 X361.618 Y-177.470
G1 X361.725 Y-177.611
G1 X361.832 Y-177.752
G1 X361.940 Y-177.893
G1 X362.048 Y-178.034
G1 X362.156 Y-178.175
G1 X362.264 Y-178.315
G1 X362.373 Y-178.456
G1 X362.482 Y-178.597
G1 X362.591 Y-178.738
G1 X362.700 Y-178.878
G1 X362.809 Y-179.019
G1 X362.918 Y-179.159
G1 X363.028 Y-179.300
G1 X363.138 Y-179.440
G1 X363.248 Y-179.581
G1 X363.358 Y-179.721
G1 X363.468 Y-179.861
G1 X363.578 Y-180.002
G1 X363.688 Y-180.142
G1 X363.799 Y-180.283
G1 X363.909 Y-180.423
G1 X364.020 Y-180.563
G1 X364.130 Y-180.703
G1 X364.241 Y-180.844
G1 X364.352 Y-180.984
G1 X364.462 Y-181.124
G1 X364.573 Y-181.265
G1 X364.684 Y-181.405
G1 X356.292 Y-189.692
G1 X343.961 Y-176.176
G1 X343.812 Y-176.211
G1 X342.236 Y-174.278
G1 X341.918 Y-174.347
G1 X343.498 Y-176.284
G1 X353.364 Y-187.098
G1 X340.144 Y-188.988
G1 X333.222 Y-183.374
G1 X333.098 Y-183.254
G1 X333.012 Y-183.128
G1 X332.965 Y-182.998
G1 X332.955 Y-182.866
G1 X332.983 Y-182.735
G1 X333.049 Y-182.607
G1 X333.153 Y-182.484
G1 X333.294 Y-182.369
G1 X333.828 Y-181.999
G1 X339.118 Y-181.999
G1 X339.236 Y-181.997
G1 X339.352 Y-181.991
G1 X339.467 Y-181.981
G1 X339.579 Y-181.967
G1 X339.689 Y-181.949
G1 X339.796 Y-181.927
G1 X339.899 Y-181.902
G1 X339.999 Y-181.874
G1 X340.096 Y-181.842
G1 X340.275 Y-181.769
G1 X340.435 Y-181.683
G1 X340.573 Y-181.586
G1 X340.969 Y-181.214
G1 X341.043 Y-181.133
G1 X341.101 Y-181.050
G1 X341.158 Y-180.921
G1 X341.176 Y-180.790
G1 X341.156 Y-180.658
G1 X341.098 Y-180.528
G1 X341.038 Y-180.444
G1 X340.963 Y-180.364
G1 X340.873 Y-180.289
G1 X340.770 Y-180.220
G1 X340.654 Y-180.155
G1 X340.525 Y-180.097
G1 X340.385 Y-180.045
G1 X340.235 Y-180.001
G1 X339.384 Y-179.778
G1 X339.258 Y-179.741
G1 X339.141 Y-179.700
G1 X339.031 Y-179.655
G1 X338.930 Y-179.605
G1 X338.837 Y-179.552
G1 X338.753 Y-179.495
G1 X338.614 Y-179.373
G1 X338.515 Y-179.241
G1 X338.457 Y-179.101
G1 X338.444 Y-178.957
G1 X338.478 Y-178.811
G1 X339.070 Y-177.309
G1 X338.944 Y-177.162
G1 X338.831 Y-177.012
G1 X338.776 Y-176.918
G1 X338.737 Y-176.821
G1 X338.728 Y-176.673
G1 X338.779 Y-176.548
G1 X338.899 Y-176.406
G1 X339.025 Y-176.292
G1 X339.132 Y-176.199
G1 X339.236 Y-176.106
G1 X339.328 Y-176.009
G1 X339.405 Y-175.894
G1 X339.442 Y-175.761
G1 X339.436 Y-175.648
G1 X339.395 Y-175.513
G1 X339.327 Y-175.382
G1 X339.271 Y-175.296
G1 X339.209 Y-175.212
G1 X339.144 Y-175.128
G1 X339.076 Y-175.045
G1 X339.006 Y-174.963
G1 X338.934 Y-174.881
G1 X338.862 Y-174.799
G1 X338.789 Y-174.717
G1 X338.685 Y-174.599
G1 X338.618 Y-174.520
G1 X338.552 Y-174.441
G1 X338.489 Y-174.362
G1 X338.429 Y-174.282
G1 X338.322 Y-174.120
G1 X338.251 Y-173.987
G1 X338.209 Y-173.887
G1 X338.181 Y-173.785
G1 X338.164 Y-173.683
G1 X338.161 Y-173.581
G1 X338.171 Y-173.478
G1 X338.195 Y-173.377
G1 X338.233 Y-173.276
G1 X338.280 Y-173.184
G1 X338.334 Y-173.099
G1 X338.397 Y-173.017
G1 X338.470 Y-172.937
G1 X338.552 Y-172.859
G1 X338.644 Y-172.784
G1 X338.745 Y-172.712
G1 X338.854 Y-172.643
G1 X338.984 Y-172.571
G1 X339.135 Y-172.496
G1 X339.292 Y-172.425
G1 X339.455 Y-172.358
G1 X339.538 Y-172.325
; Retract
G0 Z3.000

; Path 34
; Rapid to initial position
G0 X343.977 Y-171.583
G0 Z0.000
; plunge
G1 Z-0.200 F4000
; cut
G1 X335.802 Y-187.880 F4000
; Retract
G0 Z3.000

; Path 35
; Rapid to initial position
G0 X337.208 Y-187.669
G0 Z0.000
; plunge
G1 Z-0.200 F4000
; cut
G1 X334.396 Y-171.795 F4000
; Retract
G0 Z3.000

; Path 36
; Rapid to initial position
G0 X350.778 Y-181.545
G0 Z0.000
; plunge
G1 Z-0.200 F4000
; cut
G1 X350.651 Y-181.602 F4000
G1 X350.524 Y-181.659
G1 X350.397 Y-181.716
G1 X350.270 Y-181.774
G1 X350.144 Y-181.832
G1 X350.019 Y-181.890
G1 X349.894 Y-181.948
G1 X349.771 Y-182.008
G1 X349.649 Y-182.068
G1 X349.528 Y-182.128
G1 X349.409 Y-182.190
G1 X349.291 Y-182.253
G1 X349.175 Y-182.316
G1 X349.062 Y-182.381
G1 X348.950 Y-182.446
G1 X348.841 Y-182.514
G1 X348.694 Y-182.610
G1 X348.553 Y-182.708
G1 X348.419 Y-182.809
G1 X348.291 Y-182.913
G1 X348.171 Y-183.019
G1 X348.057 Y-183.126
G1 X347.950 Y-183.236
G1 X347.850 Y-183.347
G1 X347.729 Y-183.495
G1 X347.619 Y-183.645
G1 X347.519 Y-183.797
G1 X347.430 Y-183.950
G1 X347.379 Y-184.048
G1 X347.331 Y-184.147
G1 X347.288 Y-184.246
G1 X347.248 Y-184.345
G1 X347.212 Y-184.445
G1 X347.180 Y-184.545
G1 X347.152 Y-184.645
G1 X347.127 Y-184.746
G1 X347.105 Y-184.847
G1 X347.088 Y-184.948
G1 X347.073 Y-185.049
G1 X347.062 Y-185.151
G1 X347.054 Y-185.252
G1 X347.050 Y-185.354
G1 X347.049 Y-185.455
G1 X347.051 Y-185.557
G1 X347.058 Y-185.679
G1 X347.070 Y-185.802
G1 X347.087 Y-185.924
G1 X347.108 Y-186.047
G1 X347.134 Y-186.169
G1 X347.165 Y-186.290
G1 X347.200 Y-186.412
G1 X347.240 Y-186.533
G1 X347.285 Y-186.653
G1 X347.333 Y-186.773
G1 X347.387 Y-186.893
G1 X347.444 Y-187.012
G1 X347.506 Y-187.131
G1 X347.573 Y-187.249
G1 X347.643 Y-187.366
G1 X347.717 Y-187.482
G1 X347.776 Y-187.569
G1 X347.836 Y-187.656
G1 X347.899 Y-187.742
G1 X347.964 Y-187.828
G1 X348.030 Y-187.913
G1 X348.099 Y-187.998
G1 X348.170 Y-188.082
G1 X348.242 Y-188.166
G1 X348.317 Y-188.249
G1 X348.393 Y-188.332
G1 X348.471 Y-188.415
G1 X348.551 Y-188.497
G1 X348.633 Y-188.578
G1 X348.716 Y-188.660
G1 X348.801 Y-188.740
G1 X348.888 Y-188.821
G1 X348.976 Y-188.901
G1 X349.065 Y-188.980
G1 X349.157 Y-189.059
G1 X349.249 Y-189.138
G1 X349.344 Y-189.216
G1 X349.439 Y-189.293
G1 X349.536 Y-189.370
G1 X349.634 Y-189.447
G1 X349.734 Y-189.523
G1 X349.835 Y-189.599
G1 X349.937 Y-189.675
G1 X350.040 Y-189.750
G1 X350.144 Y-189.824
G1 X350.249 Y-189.898
G1 X350.356 Y-189.972
G1 X350.463 Y-190.045
G1 X350.609 Y-190.142
G1 X350.756 Y-190.238
G1 X350.904 Y-190.333
G1 X351.054 Y-190.428
G1 X351.206 Y-190.522
G1 X351.359 Y-190.616
G1 X351.514 Y-190.708
G1 X351.670 Y-190.800
G1 X351.827 Y-190.892
G1 X351.986 Y-190.983
G1 X352.146 Y-191.073
G1 X352.308 Y-191.163
G1 X352.470 Y-191.252
G1 X352.634 Y-191.340
G1 X352.799 Y-191.428
G1 X352.965 Y-191.515
G1 X353.132 Y-191.602
G1 X353.301 Y-191.689
G1 X353.470 Y-191.774
G1 X353.640 Y-191.860
G1 X353.811 Y-191.945
G1 X353.983 Y-192.029
G1 X354.156 Y-192.113
G1 X354.329 Y-192.197
G1 X354.503 Y-192.280
G1 X354.678 Y-192.362
G1 X354.854 Y-192.445
G1 X355.030 Y-192.527
G1 X355.207 Y-192.608
G1 X355.385 Y-192.689
G1 X355.563 Y-192.770
G1 X355.741 Y-192.850
G1 X355.898 Y-192.920
G1 X356.056 Y-192.990
G1 X356.214 Y-193.059
G1 X356.373 Y-193.128
G1 X356.532 Y-193.197
G1 X356.692 Y-193.265
G1 X356.852 Y-193.333
G1 X357.013 Y-193.401
G1 X357.175 Y-193.468
G1 X357.337 Y-193.535
G1 X357.500 Y-193.601
G1 X357.663 Y-193.668
G1 X357.827 Y-193.733
G1 X357.992 Y-193.798
G1 X358.157 Y-193.863
G1 X358.323 Y-193.928
G1 X358.489 Y-193.992
G1 X358.656 Y-194.055
G1 X358.824 Y-194.118
G1 X358.992 Y-194.181
G1 X359.161 Y-194.243
G1 X359.331 Y-194.305
G1 X359.501 Y-194.366
G1 X359.672 Y-194.427
G1 X359.844 Y-194.487
G1 X360.016 Y-194.547
G1 X360.189 Y-194.606
G1 X360.363 Y-194.665
G1 X360.537 Y-194.723
G1 X360.712 Y-194.781
G1 X360.888 Y-194.838
G1 X361.064 Y-194.894
G1 X361.241 Y-194.950
G1 X361.419 Y-195.006
G1 X361.597 Y-195.060
G1 X361.776 Y-195.115
G1 X361.956 Y-195.168
G1 X362.137 Y-195.221
G1 X362.318 Y-195.273
G1 X362.500 Y-195.325
G1 X362.683 Y-195.376
G1 X362.866 Y-195.426
G1 X363.050 Y-195.476
G1 X363.235 Y-195.525
G1 X363.420 Y-195.573
G1 X363.606 Y-195.621
G1 X363.793 Y-195.668
G1 X363.981 Y-195.714
G1 X364.169 Y-195.759
G1 X364.357 Y-195.804
G1 X364.547 Y-195.848
G1 X364.737 Y-195.891
G1 X364.928 Y-195.934
G1 X365.119 Y-195.975
G1 X365.311 Y-196.016
G1 X365.503 Y-196.056
G1 X365.697 Y-196.095
G1 X365.890 Y-196.134
G1 X366.085 Y-196.172
G1 X366.280 Y-196.208
G1 X366.476 Y-196.244
G1 X366.672 Y-196.280
G1 X366.869 Y-196.314
G1 X366.968 Y-196.331
G1 X367.165 Y-196.364
G1 X367.264 Y-196.380
G1 X367.363 Y-196.396
G1 X367.462 Y-196.412
G1 X367.562 Y-196.428
G1 X367.661 Y-196.443
G1 X367.761 Y-196.459
G1 X367.860 Y-196.474
G1 X367.960 Y-196.489
G1 X368.060 Y-196.503
G1 X368.160 Y-196.518
G1 X368.260 Y-196.533
G1 X368.360 Y-196.547
G1 X368.460 Y-196.561
G1 X368.560 Y-196.575
G1 X368.660 Y-196.589
G1 X368.761 Y-196.602
G1 X368.861 Y-196.616
G1 X368.962 Y-196.629
G1 X369.063 Y-196.642
G1 X369.163 Y-196.655
G1 X369.264 Y-196.668
G1 X369.365 Y-196.680
G1 X369.466 Y-196.693
G1 X369.567 Y-196.705
G1 X369.668 Y-196.717
G1 X369.769 Y-196.729
G1 X369.871 Y-196.741
G1 X369.972 Y-196.753
G1 X370.073 Y-196.764
G1 X370.175 Y-196.776
G1 X370.276 Y-196.787
G1 X370.378 Y-196.798
G1 X370.480 Y-196.809
G1 X370.581 Y-196.820
G1 X370.683 Y-196.831
G1 X370.785 Y-196.841
G1 X370.887 Y-196.852
G1 X370.989 Y-196.862
G1 X371.090 Y-196.872
G1 X371.192 Y-196.882
G1 X371.295 Y-196.892
G1 X371.397 Y-196.902
G1 X371.499 Y-196.912
G1 X371.601 Y-196.921
G1 X371.703 Y-196.931
G1 X371.805 Y-196.940
G1 X371.908 Y-196.949
G1 X372.010 Y-196.959
G1 X372.113 Y-196.968
G1 X372.215 Y-196.977
G1 X372.317 Y-196.985
G1 X372.420 Y-196.994
G1 X372.522 Y-197.003
G1 X372.625 Y-197.011
G1 X372.727 Y-197.020
G1 X372.830 Y-197.028
G1 X372.933 Y-197.036
G1 X373.035 Y-197.044
G1 X373.138 Y-197.052
G1 X373.241 Y-197.060
G1 X373.343 Y-197.068
G1 X373.446 Y-197.076
G1 X373.549 Y-197.083
G1 X373.722 Y-197.096
G1 X373.895 Y-197.109
G1 X374.068 Y-197.121
G1 X374.241 Y-197.133
G1 X374.414 Y-197.145
G1 X374.587 Y-197.156
G1 X374.761 Y-197.168
G1 X374.934 Y-197.179
G1 X375.108 Y-197.190
G1 X375.281 Y-197.201
G1 X375.454 Y-197.212
G1 X375.628 Y-197.222
G1 X375.802 Y-197.233
G1 X375.975 Y-197.243
G1 X376.149 Y-197.253
G1 X376.322 Y-197.263
G1 X376.496 Y-197.273
G1 X376.670 Y-197.283
G1 X376.843 Y-197.293
G1 X377.017 Y-197.302
G1 X377.191 Y-197.312
G1 X377.365 Y-197.321
G1 X377.538 Y-197.331
G1 X377.712 Y-197.340
G1 X377.886 Y-197.349
G1 X378.060 Y-197.358
G1 X378.234 Y-197.367
G1 X378.408 Y-197.377
G1 X378.581 Y-197.386
G1 X378.755 Y-197.395
G1 X378.929 Y-197.404
G1 X379.103 Y-197.413
; Retract
G0 Z3.000

; Path 37
; Rapid to initial position
G0 X376.708 Y-197.413
G0 Z0.000
; plunge
G1 Z-0.200 F4000
; cut
G1 X345.715 Y-197.413 F4000
; Retract
G0 Z3.000

; Path 38
; Rapid to initial position
G0 X343.862 Y-199.128
G0 Z0.000
; plunge
G1 Z-0.200 F4000
; cut
G1 X375.892 Y-195.698 F4000
; Retract
G0 Z3.000

; Path 39
; Rapid to initial position
G0 X375.328 Y-192.281
G0 Z0.000
; plunge
G1 Z-0.200 F4000
; cut
G1 X379.149 Y-202.544 F4000
; Retract
G0 Z3.000

; Path 40
; Rapid to initial position
G0 X374.295 Y-211.972
G0 Z0.000
; plunge
G1 Z-0.200 F4000
; cut
G1 X374.295 Y-222.938 F4000
; Retract
G0 Z3.000

; Path 41
; Rapid to initial position
G0 X377.830 Y-220.103
G0 Z0.000
; plunge
G1 Z-0.200 F4000
; cut
G1 X337.311 Y-220.103 F4000
; Retract
G0 Z3.000

; Path 42
; Rapid to initial position
G0 X329.429 Y-206.912
G0 Z0.000
; plunge
G1 Z-0.200 F4000
; cut
G1 X329.371 Y-206.809 F4000
G1 X329.289 Y-206.710
G1 X329.185 Y-206.618
G1 X329.060 Y-206.532
; Retract
G0 Z3.000

; Path 43
; Rapid to initial position
G0 X327.512 Y-204.040
G0 Z0.000
; plunge
G1 Z-0.200 F4000
; cut
G1 X327.677 Y-203.938 F4000
G1 X327.841 Y-203.835
G1 X328.005 Y-203.732
G1 X328.185 Y-203.619
G1 X328.283 Y-203.557
G1 X328.381 Y-203.495
G1 X328.479 Y-203.433
G1 X328.577 Y-203.371
G1 X328.674 Y-203.309
G1 X328.772 Y-203.247
G1 X328.869 Y-203.185
G1 X328.966 Y-203.122
G1 X329.063 Y-203.060
G1 X329.160 Y-202.998
G1 X329.257 Y-202.935
G1 X329.354 Y-202.873
G1 X329.450 Y-202.810
G1 X329.547 Y-202.747
G1 X329.643 Y-202.685
G1 X329.770 Y-202.601
G1 X329.896 Y-202.516
G1 X330.021 Y-202.431
G1 X330.146 Y-202.346
G1 X330.269 Y-202.260
G1 X330.391 Y-202.174
G1 X330.512 Y-202.088
G1 X330.631 Y-202.001
G1 X330.749 Y-201.913
G1 X330.865 Y-201.825
G1 X330.979 Y-201.736
G1 X331.092 Y-201.646
G1 X331.203 Y-201.556
G1 X331.311 Y-201.466
G1 X331.417 Y-201.374
G1 X331.521 Y-201.282
G1 X331.598 Y-201.212
G1 X331.672 Y-201.142
G1 X331.746 Y-201.071
G1 X331.817 Y-201.000
G1 X331.887 Y-200.928
G1 X332.022 Y-200.784
G1 X332.149 Y-200.638
G1 X332.268 Y-200.490
G1 X332.379 Y-200.340
G1 X332.481 Y-200.189
G1 X332.573 Y-200.036
G1 X332.658 Y-199.882
G1 X332.734 Y-199.726
G1 X332.802 Y-199.570
G1 X332.864 Y-199.413
G1 X332.919 Y-199.256
G1 X332.968 Y-199.098
G1 X333.011 Y-198.939
G1 X333.045 Y-198.800
G1 X333.071 Y-198.681
G1 X333.094 Y-198.562
G1 X333.115 Y-198.443
G1 X333.134 Y-198.323
G1 X333.151 Y-198.204
G1 X333.166 Y-198.084
G1 X333.180 Y-197.965
G1 X333.192 Y-197.845
G1 X333.203 Y-197.726
G1 X333.213 Y-197.606
G1 X333.222 Y-197.486
G1 X333.231 Y-197.366
G1 X333.238 Y-197.247
G1 X333.246 Y-197.127
G1 X333.253 Y-197.007
G1 X311.506 Y-196.947
G1 X320.837 Y-207.257
G1 X320.984 Y-207.199
G1 X321.131 Y-207.141
G1 X321.278 Y-207.083
G1 X321.425 Y-207.024
G1 X321.572 Y-206.966
G1 X321.718 Y-206.907
G1 X321.865 Y-206.849
G1 X322.011 Y-206.790
G1 X322.157 Y-206.731
G1 X322.303 Y-206.672
G1 X322.449 Y-206.612
G1 X322.594 Y-206.552
G1 X322.738 Y-206.493
G1 X322.883 Y-206.432
G1 X323.026 Y-206.372
G1 X323.170 Y-206.311
G1 X323.313 Y-206.250
G1 X323.455 Y-206.189
G1 X323.596 Y-206.127
G1 X323.737 Y-206.065
G1 X323.877 Y-206.002
G1 X324.017 Y-205.939
G1 X324.156 Y-205.876
G1 X324.294 Y-205.812
G1 X324.431 Y-205.747
G1 X324.567 Y-205.683
G1 X324.702 Y-205.617
G1 X324.837 Y-205.551
G1 X324.970 Y-205.485
G1 X325.102 Y-205.418
G1 X325.234 Y-205.350
G1 X325.364 Y-205.282
G1 X325.454 Y-205.234
G1 X325.544 Y-205.186
G1 X325.633 Y-205.138
G1 X325.722 Y-205.090
G1 X325.811 Y-205.042
G1 X325.899 Y-204.993
G1 X325.987 Y-204.944
G1 X326.161 Y-204.846
G1 X326.334 Y-204.747
G1 X326.505 Y-204.647
G1 X326.676 Y-204.547
G1 X326.845 Y-204.447
G1 X327.013 Y-204.346
G1 X327.180 Y-204.244
G1 X327.346 Y-204.142
G1 X327.512 Y-204.040
; Retract
G0 Z3.000

; Path 44
; Rapid to initial position
G0 X328.595 Y-201.817
G0 Z0.000
; plunge
G1 Z-0.200 F4000
; cut
G1 X335.319 Y-214.929 F4000
G1 X331.748 Y-197.528
G1 X329.661 Y-186.744
G1 X328.817 Y-179.023
G1 X328.395 Y-173.264
G1 X328.950 Y-171.671
G1 X331.548 Y-179.391
G1 X333.635 Y-184.415
G1 X334.830 Y-184.048
G1 X335.527 Y-179.759
G1 X335.319 Y-172.529
G1 X334.339 Y-164.808
G1 X332.947 Y-157.088
G1 X331.815 Y-152.799
; Retract
G0 Z3.000

; Path 45
; Rapid to initial position
G0 X326.930 Y-144.144
G0 Z0.000
; plunge
G1 Z-0.200 F4000
; cut
G1 X326.930 Y-118.185 F4000
; Retract
G0 Z3.000

; Path 46
; Rapid to initial position
G0 X320.666 Y-95.789
G0 Z0.000
; plunge
G1 Z-0.200 F4000
; cut
G1 X320.847 Y-95.738 F4000
G1 X321.028 Y-95.687
G1 X321.209 Y-95.635
G1 X321.390 Y-95.583
G1 X321.570 Y-95.532
G1 X321.750 Y-95.479
G1 X321.930 Y-95.427
G1 X322.110 Y-95.374
G1 X322.289 Y-95.322
G1 X322.468 Y-95.269
G1 X322.647 Y-95.215
G1 X322.826 Y-95.162
G1 X323.004 Y-95.108
G1 X323.182 Y-95.054
G1 X323.359 Y-94.999
G1 X323.537 Y-94.945
G1 X323.714 Y-94.890
G1 X323.891 Y-94.835
G1 X324.078 Y-94.776
G1 X324.177 Y-94.744
G1 X324.276 Y-94.713
G1 X324.375 Y-94.682
G1 X324.474 Y-94.650
G1 X324.572 Y-94.618
G1 X324.671 Y-94.586
G1 X324.769 Y-94.554
G1 X324.867 Y-94.522
G1 X324.965 Y-94.490
G1 X325.063 Y-94.458
G1 X325.161 Y-94.425
G1 X325.259 Y-94.393
G1 X325.356 Y-94.360
G1 X325.454 Y-94.328
G1 X325.551 Y-94.295
G1 X325.648 Y-94.262
G1 X325.745 Y-94.229
G1 X325.842 Y-94.196
G1 X325.938 Y-94.163
G1 X326.035 Y-94.129
G1 X326.131 Y-94.096
G1 X326.228 Y-94.062
G1 X326.324 Y-94.029
G1 X326.420 Y-93.995
G1 X326.516 Y-93.961
G1 X326.611 Y-93.927
G1 X326.707 Y-93.893
G1 X326.802 Y-93.858
G1 X326.897 Y-93.824
G1 X326.993 Y-93.790
G1 X327.087 Y-93.755
G1 X327.182 Y-93.720
G1 X327.277 Y-93.685
G1 X327.371 Y-93.650
G1 X327.465 Y-93.615
G1 X327.559 Y-93.580
G1 X327.653 Y-93.545
G1 X327.747 Y-93.509
G1 X327.934 Y-93.438
G1 X328.120 Y-93.366
G1 X328.305 Y-93.294
G1 X328.490 Y-93.221
G1 X328.674 Y-93.148
G1 X328.857 Y-93.074
G1 X329.039 Y-93.000
G1 X329.221 Y-92.925
G1 X329.402 Y-92.850
G1 X329.582 Y-92.774
G1 X329.761 Y-92.698
G1 X329.939 Y-92.621
G1 X330.107 Y-92.548
G1 X330.264 Y-92.478
G1 X330.420 Y-92.409
G1 X330.576 Y-92.339
G1 X330.731 Y-92.268
G1 X330.885 Y-92.197
G1 X331.039 Y-92.126
G1 X331.192 Y-92.054
G1 X331.344 Y-91.982
G1 X331.496 Y-91.910
G1 X331.647 Y-91.837
G1 X331.797 Y-91.764
G1 X331.946 Y-91.690
G1 X332.095 Y-91.616
G1 X332.243 Y-91.541
G1 X332.390 Y-91.466
G1 X332.536 Y-91.391
G1 X332.682 Y-91.315
G1 X332.826 Y-91.239
G1 X332.970 Y-91.163
G1 X333.114 Y-91.086
G1 X333.256 Y-91.009
G1 X333.398 Y-90.931
G1 X333.539 Y-90.853
G1 X333.678 Y-90.775
G1 X333.818 Y-90.696
G1 X333.956 Y-90.617
G1 X334.093 Y-90.537
G1 X334.230 Y-90.457
G1 X334.366 Y-90.377
G1 X334.501 Y-90.296
G1 X334.635 Y-90.215
G1 X334.768 Y-90.133
G1 X334.900 Y-90.052
G1 X335.031 Y-89.969
G1 X335.161 Y-89.887
G1 X335.291 Y-89.804
G1 X335.419 Y-89.720
G1 X335.547 Y-89.636
G1 X335.673 Y-89.552
G1 X335.799 Y-89.468
G1 X335.924 Y-89.383
G1 X336.047 Y-89.297
G1 X336.170 Y-89.211
G1 X336.291 Y-89.125
G1 X336.412 Y-89.039
G1 X336.532 Y-88.952
G1 X336.650 Y-88.865
G1 X336.768 Y-88.777
G1 X336.884 Y-88.689
G1 X336.999 Y-88.601
G1 X337.113 Y-88.512
G1 X337.226 Y-88.423
G1 X337.338 Y-88.333
G1 X337.449 Y-88.243
G1 X337.559 Y-88.153
G1 X337.667 Y-88.062
G1 X337.774 Y-87.971
G1 X337.880 Y-87.880
G1 X337.985 Y-87.788
G1 X338.089 Y-87.696
G1 X338.191 Y-87.603
G1 X338.293 Y-87.510
G1 X338.392 Y-87.417
G1 X338.491 Y-87.324
G1 X338.589 Y-87.230
G1 X338.685 Y-87.135
G1 X338.780 Y-87.041
G1 X338.873 Y-86.946
G1 X338.965 Y-86.850
G1 X339.055 Y-86.754
G1 X339.144 Y-86.658
G1 X339.232 Y-86.562
G1 X339.318 Y-86.465
G1 X339.403 Y-86.368
G1 X339.487 Y-86.271
G1 X339.569 Y-86.173
G1 X339.650 Y-86.075
G1 X339.729 Y-85.977
G1 X339.808 Y-85.878
G1 X339.885 Y-85.779
G1 X339.960 Y-85.680
G1 X340.035 Y-85.581
G1 X340.108 Y-85.481
G1 X340.180 Y-85.381
G1 X340.251 Y-85.281
G1 X340.321 Y-85.181
G1 X340.389 Y-85.081
G1 X340.456 Y-84.980
G1 X340.522 Y-84.879
G1 X340.587 Y-84.778
G1 X340.650 Y-84.676
G1 X340.713 Y-84.575
G1 X340.774 Y-84.473
G1 X340.834 Y-84.371
G1 X340.893 Y-84.269
G1 X340.950 Y-84.169
G1 X341.006 Y-84.069
G1 X341.060 Y-83.970
G1 X341.113 Y-83.870
G1 X341.166 Y-83.771
G1 X341.217 Y-83.671
G1 X341.268 Y-83.571
G1 X341.318 Y-83.471
G1 X341.366 Y-83.371
G1 X341.414 Y-83.271
G1 X341.462 Y-83.171
G1 X341.508 Y-83.071
G1 X341.554 Y-82.970
G1 X341.598 Y-82.870
G1 X341.642 Y-82.769
G1 X341.686 Y-82.669
G1 X341.728 Y-82.568
G1 X341.770 Y-82.467
G1 X341.811 Y-82.366
G1 X341.851 Y-82.265
G1 X341.891 Y-82.164
G1 X341.930 Y-82.063
G1 X341.969 Y-81.962
G1 X342.006 Y-81.861
G1 X342.044 Y-81.760
G1 X342.080 Y-81.658
G1 X342.116 Y-81.557
G1 X342.151 Y-81.455
G1 X342.186 Y-81.354
G1 X342.221 Y-81.252
G1 X342.254 Y-81.150
G1 X342.288 Y-81.049
G1 X342.320 Y-80.947
G1 X342.353 Y-80.845
G1 X342.385 Y-80.743
G1 X342.416 Y-80.642
G1 X342.447 Y-80.540
G1 X342.478 Y-80.438
G1 X342.508 Y-80.336
G1 X342.537 Y-80.234
G1 X342.567 Y-80.132
G1 X342.596 Y-80.029
G1 X342.625 Y-79.927
G1 X342.653 Y-79.825
G1 X342.681 Y-79.723
G1 X342.709 Y-79.621
G1 X342.737 Y-79.519
G1 X342.764 Y-79.416
G1 X342.791 Y-79.314
G1 X342.818 Y-79.212
G1 X342.844 Y-79.110
G1 X342.871 Y-79.007
G1 X342.897 Y-78.905
G1 X342.923 Y-78.803
G1 X342.949 Y-78.701
G1 X342.975 Y-78.598
G1 X343.000 Y-78.496
G1 X343.026 Y-78.394
G1 X343.051 Y-78.291
G1 X343.077 Y-78.189
G1 X343.102 Y-78.087
G1 X343.127 Y-77.985
G1 X343.191 Y-77.729
G1 X288.092 Y-77.729
G1 X288.019 Y-77.898
G1 X287.948 Y-78.066
G1 X287.879 Y-78.236
G1 X287.814 Y-78.405
G1 X287.754 Y-78.575
G1 X287.701 Y-78.746
G1 X287.657 Y-78.917
G1 X287.622 Y-79.089
G1 X287.599 Y-79.252
G1 X287.588 Y-79.416
G1 X287.588 Y-79.579
G1 X287.598 Y-79.743
G1 X287.618 Y-79.906
G1 X287.646 Y-80.069
G1 X287.682 Y-80.231
G1 X287.725 Y-80.393
G1 X287.755 Y-80.492
G1 X287.787 Y-80.590
G1 X287.821 Y-80.689
G1 X287.856 Y-80.787
G1 X287.894 Y-80.885
G1 X287.933 Y-80.982
G1 X287.973 Y-81.080
G1 X288.015 Y-81.178
G1 X288.057 Y-81.275
G1 X288.101 Y-81.372
G1 X288.146 Y-81.469
G1 X288.191 Y-81.566
G1 X288.236 Y-81.663
G1 X288.283 Y-81.760
G1 X288.329 Y-81.857
G1 X288.376 Y-81.954
G1 X288.422 Y-82.051
G1 X288.468 Y-82.148
G1 X288.514 Y-82.245
G1 X288.560 Y-82.342
G1 X288.605 Y-82.440
G1 X288.649 Y-82.537
G1 X288.692 Y-82.634
G1 X288.734 Y-82.732
G1 X288.775 Y-82.829
G1 X288.815 Y-82.927
G1 X288.853 Y-83.025
G1 X288.889 Y-83.123
G1 X288.924 Y-83.221
G1 X288.957 Y-83.319
G1 X288.988 Y-83.418
G1 X289.016 Y-83.517
G1 X289.056 Y-83.657
G1 X289.098 Y-83.796
G1 X289.144 Y-83.936
G1 X289.193 Y-84.075
G1 X289.244 Y-84.214
G1 X289.299 Y-84.352
G1 X289.356 Y-84.491
G1 X289.417 Y-84.629
G1 X289.480 Y-84.766
G1 X289.546 Y-84.903
G1 X289.614 Y-85.040
G1 X289.686 Y-85.177
G1 X289.760 Y-85.313
G1 X289.836 Y-85.448
G1 X289.916 Y-85.584
G1 X289.998 Y-85.719
G1 X290.082 Y-85.853
G1 X290.170 Y-85.987
G1 X290.259 Y-86.121
G1 X290.352 Y-86.254
G1 X290.446 Y-86.387
G1 X290.543 Y-86.519
G1 X290.643 Y-86.651
G1 X290.745 Y-86.782
G1 X290.849 Y-86.913
G1 X290.956 Y-87.043
G1 X291.065 Y-87.173
G1 X291.176 Y-87.302
G1 X291.290 Y-87.430
G1 X291.405 Y-87.559
G1 X291.523 Y-87.686
G1 X291.643 Y-87.813
G1 X291.715 Y-87.888
G1 X291.787 Y-87.962
G1 X291.860 Y-88.037
G1 X291.934 Y-88.111
G1 X292.008 Y-88.185
G1 X292.083 Y-88.258
G1 X292.158 Y-88.332
G1 X292.234 Y-88.405
G1 X292.311 Y-88.478
G1 X292.388 Y-88.551
G1 X292.466 Y-88.624
G1 X292.545 Y-88.697
G1 X292.624 Y-88.769
G1 X292.704 Y-88.842
G1 X292.784 Y-88.914
G1 X292.865 Y-88.986
G1 X292.946 Y-89.057
G1 X293.028 Y-89.129
G1 X293.111 Y-89.201
G1 X293.194 Y-89.272
G1 X293.278 Y-89.343
G1 X293.362 Y-89.414
G1 X293.446 Y-89.485
G1 X293.532 Y-89.555
G1 X293.617 Y-89.626
G1 X293.704 Y-89.696
G1 X293.790 Y-89.766
G1 X293.878 Y-89.836
G1 X293.965 Y-89.906
G1 X294.053 Y-89.976
G1 X294.142 Y-90.045
G1 X294.231 Y-90.114
G1 X294.321 Y-90.184
G1 X294.411 Y-90.253
G1 X294.501 Y-90.322
G1 X294.592 Y-90.390
G1 X294.683 Y-90.459
G1 X294.775 Y-90.527
G1 X294.867 Y-90.596
G1 X294.959 Y-90.664
G1 X295.052 Y-90.732
G1 X295.145 Y-90.800
G1 X295.239 Y-90.868
G1 X295.333 Y-90.935
G1 X295.428 Y-91.003
G1 X295.522 Y-91.070
G1 X295.617 Y-91.138
G1 X295.713 Y-91.205
G1 X295.809 Y-91.272
G1 X295.905 Y-91.338
G1 X296.001 Y-91.405
G1 X296.098 Y-91.472
G1 X296.195 Y-91.538
G1 X296.292 Y-91.605
G1 X296.390 Y-91.671
G1 X296.488 Y-91.737
G1 X296.586 Y-91.803
G1 X296.685 Y-91.869
G1 X296.784 Y-91.935
G1 X296.883 Y-92.000
G1 X296.982 Y-92.066
G1 X297.082 Y-92.131
G1 X297.181 Y-92.196
G1 X297.281 Y-92.262
G1 X297.374 Y-92.322
G1 X297.467 Y-92.382
G1 X297.560 Y-92.442
G1 X297.653 Y-92.501
G1 X297.747 Y-92.561
G1 X297.841 Y-92.621
G1 X297.934 Y-92.681
G1 X298.028 Y-92.740
G1 X298.123 Y-92.800
G1 X298.217 Y-92.859
G1 X298.312 Y-92.918
G1 X298.407 Y-92.978
G1 X298.502 Y-93.037
G1 X298.597 Y-93.096
G1 X298.693 Y-93.155
G1 X298.788 Y-93.213
G1 X298.884 Y-93.272
G1 X298.981 Y-93.331
G1 X299.077 Y-93.389
G1 X299.174 Y-93.447
G1 X299.271 Y-93.506
G1 X299.369 Y-93.564
G1 X299.466 Y-93.622
G1 X299.564 Y-93.680
G1 X299.662 Y-93.737
G1 X299.761 Y-93.795
G1 X299.860 Y-93.852
G1 X299.959 Y-93.910
G1 X300.058 Y-93.967
G1 X300.158 Y-94.024
G1 X300.258 Y-94.081
G1 X300.358 Y-94.138
G1 X300.459 Y-94.194
G1 X300.560 Y-94.251
G1 X300.661 Y-94.307
G1 X300.763 Y-94.363
G1 X300.865 Y-94.419
G1 X300.968 Y-94.475
G1 X301.071 Y-94.530
G1 X301.174 Y-94.585
G1 X301.278 Y-94.641
G1 X301.382 Y-94.696
G1 X301.487 Y-94.750
G1 X301.591 Y-94.805
G1 X301.697 Y-94.859
G1 X301.803 Y-94.913
G1 X301.909 Y-94.967
G1 X302.016 Y-95.021
G1 X302.123 Y-95.074
G1 X302.230 Y-95.127
G1 X302.338 Y-95.180
G1 X302.447 Y-95.233
G1 X302.556 Y-95.285
G1 X302.666 Y-95.337
G1 X302.776 Y-95.389
G1 X302.886 Y-95.440
G1 X302.997 Y-95.491
G1 X303.109 Y-95.542
G1 X303.221 Y-95.593
G1 X303.334 Y-95.643
G1 X303.447 Y-95.693
G1 X303.560 Y-95.743
G1 X303.675 Y-95.792
G1 X303.790 Y-95.841
G1 X303.886 Y-95.881
G1 X303.983 Y-95.922
G1 X304.080 Y-95.961
G1 X304.177 Y-96.001
G1 X304.275 Y-96.041
G1 X304.373 Y-96.080
G1 X304.472 Y-96.119
G1 X304.571 Y-96.157
G1 X304.671 Y-96.195
G1 X304.771 Y-96.233
G1 X304.872 Y-96.271
G1 X304.973 Y-96.308
G1 X305.074 Y-96.345
G1 X305.176 Y-96.382
G1 X305.279 Y-96.418
G1 X305.382 Y-96.454
G1 X305.485 Y-96.489
G1 X305.589 Y-96.524
G1 X305.693 Y-96.559
G1 X305.798 Y-96.593
G1 X305.904 Y-96.627
G1 X306.010 Y-96.661
G1 X306.116 Y-96.694
G1 X306.223 Y-96.726
G1 X306.330 Y-96.759
G1 X306.438 Y-96.790
G1 X306.546 Y-96.822
G1 X306.655 Y-96.852
G1 X306.765 Y-96.883
G1 X306.875 Y-96.913
G1 X306.985 Y-96.942
G1 X307.096 Y-96.971
G1 X307.275 Y-97.016
G1 X307.456 Y-97.059
G1 X307.638 Y-97.101
G1 X307.821 Y-97.142
G1 X308.006 Y-97.181
G1 X308.192 Y-97.218
G1 X308.379 Y-97.254
G1 X308.567 Y-97.287
G1 X308.757 Y-97.319
G1 X308.948 Y-97.349
G1 X309.139 Y-97.377
G1 X309.332 Y-97.403
G1 X309.526 Y-97.427
G1 X309.721 Y-97.449
G1 X309.917 Y-97.469
G1 X310.114 Y-97.486
G1 X310.243 Y-97.496
G1 X310.372 Y-97.506
G1 X310.501 Y-97.514
G1 X310.630 Y-97.521
G1 X310.759 Y-97.527
G1 X310.889 Y-97.532
G1 X311.018 Y-97.536
G1 X311.147 Y-97.539
G1 X311.277 Y-97.540
G1 X311.406 Y-97.541
G1 X311.536 Y-97.541
G1 X311.666 Y-97.540
G1 X311.795 Y-97.537
G1 X311.925 Y-97.534
G1 X312.055 Y-97.529
G1 X312.185 Y-97.524
G1 X312.502 Y-94.816
G1 X312.846 Y-94.827
G1 X312.532 Y-97.504
G1 X312.702 Y-97.492
G1 X312.871 Y-97.478
G1 X313.039 Y-97.463
G1 X313.207 Y-97.446
G1 X313.375 Y-97.428
G1 X313.542 Y-97.409
G1 X313.708 Y-97.388
G1 X313.874 Y-97.366
G1 X314.039 Y-97.343
G1 X314.204 Y-97.319
G1 X314.368 Y-97.294
G1 X314.532 Y-97.267
G1 X314.694 Y-97.240
G1 X314.857 Y-97.212
G1 X315.018 Y-97.183
G1 X315.179 Y-97.153
G1 X315.373 Y-97.116
G1 X315.566 Y-97.078
G1 X315.758 Y-97.039
G1 X315.950 Y-96.999
G1 X316.141 Y-96.958
G1 X316.331 Y-96.916
G1 X316.520 Y-96.873
G1 X316.709 Y-96.830
G1 X316.897 Y-96.785
G1 X317.084 Y-96.740
G1 X317.271 Y-96.695
G1 X317.458 Y-96.649
G1 X317.643 Y-96.602
G1 X317.829 Y-96.555
G1 X318.014 Y-96.508
G1 X318.198 Y-96.460
G1 X318.382 Y-96.411
G1 X318.566 Y-96.362
G1 X318.749 Y-96.313
G1 X318.933 Y-96.264
G1 X319.116 Y-96.215
G1 X319.299 Y-96.166
G1 X319.482 Y-96.116
G1 X319.664 Y-96.066
G1 X319.847 Y-96.016
G1 X320.029 Y-95.966
G1 X320.211 Y-95.916
G1 X320.393 Y-95.865
G1 X320.575 Y-95.814
G1 X320.666 Y-95.789
; Retract
G0 Z3.000

; Path 47
; Rapid to initial position
G0 X320.054 Y-92.790
G0 Z0.000
; plunge
G1 Z-0.200 F4000
; cut
G1 X310.723 Y-82.480 F4000
; Retract
G0 Z3.000

; Path 48
; Rapid to initial position
G0 X317.536 Y-86.608
G0 Z0.000
; plunge
G1 Z-0.200 F4000
; cut
G1 X363.262 Y-83.663 F4000
; Retract
G0 Z3.000

; Path 49
; Rapid to initial position
G0 X335.524 Y-79.749
G0 Z0.000
; plunge
G1 Z-0.200 F4000
; cut
G1 X287.313 Y-79.749 F4000
; Retract
G0 Z3.000

; Path 50
; Rapid to initial position
G0 X301.610 Y-113.201
G0 Z0.000
; plunge
G1 Z-0.200 F4000
; cut
G1 X264.776 Y-139.876 F4000
; Retract
G0 Z3.000

; Path 51
; Rapid to initial position
G0 X264.126 Y-133.890
G0 Z0.000
; plunge
G1 Z-0.200 F4000
; cut
G1 X263.566 Y-131.929 F4000
; Retract
G0 Z3.000

; Path 52
; Rapid to initial position
G0 X279.320 Y-155.767
G0 Z0.000
; plunge
G1 Z-0.200 F4000
; cut
G1 X130.770 Y-155.767 F4000
; Retract
G0 Z3.000

; Path 53
; Rapid to initial position
G0 X129.958 Y-153.946
G0 Z0.000
; plunge
G1 Z-0.200 F4000
; cut
G1 X131.090 Y-158.602 F4000
G1 X132.271 Y-164.852
G1 X133.322 Y-174.043
G1 X133.602 Y-181.396
G1 X132.622 Y-184.827
G1 X130.868 Y-183.356
G1 X127.937 Y-178.332
G1 X128.626 Y-180.660
G1 X130.802 Y-193.037
G1 X132.762 Y-206.113
G1 X133.602 Y-216.922
G1 X132.553 Y-222.326
G1 X130.602 Y-221.554
G1 X128.226 Y-210.365
G1 X126.672 Y-196.469
G1 X126.116 Y-186.420
G1 X126.116 Y-176.371
G1 X126.405 Y-174.901
; Retract
G0 Z3.000

; Path 54
; Rapid to initial position
G0 X126.025 Y-172.832
G0 Z0.000
; plunge
G1 Z-0.200 F4000
; cut
G1 X111.587 Y-177.596 F4000
G1 X106.014 Y-183.010
G1 X106.014 Y-194.921
G1 X116.399 Y-213.003
G1 X133.877 Y-226.646
G1 X156.927 Y-239.639
G1 X181.751 Y-247.543
G1 X202.521 Y-252.611
G1 X225.572 Y-255.004
G1 X247.102 Y-253.629
G1 X263.947 Y-248.518
G1 X276.713 Y-238.990
G1 X279.905 Y-227.079
G1 X269.545 Y-211.054
G1 X251.915 Y-199.360
G1 X228.865 Y-186.475
G1 X215.946 Y-180.628
G1 X208.854 Y-178.246
G1 X198.469 Y-171.749
G1 X193.656 Y-169.692
G1 X196.189 Y-173.157
G1 X219.239 Y-178.896
G1 X298.269 Y-188.857
G1 X340.570 Y-200.118
G1 X377.298 Y-211.704
G1 X390.723 Y-222.640
G1 X392.497 Y-232.818
G1 X382.871 Y-237.582
G1 X364.380 Y-237.582
G1 X343.610 Y-233.467
G1 X317.520 Y-222.640
G1 X295.863 Y-208.564
G1 X280.690 Y-196.328
G1 X270.330 Y-183.010
G1 X268.734 Y-179.654
G1 X264.732 Y-170.450
; Retract
G0 Z3.000

; Path 55
; Rapid to initial position
G0 X273.890 Y-207.141
G0 Z0.000
; plunge
G1 Z-0.200 F4000
; cut
G1 X273.981 Y-207.093 F4000
G1 X274.072 Y-207.046
G1 X274.163 Y-206.999
G1 X274.255 Y-206.952
G1 X274.346 Y-206.905
G1 X274.438 Y-206.858
G1 X274.530 Y-206.812
G1 X274.622 Y-206.765
G1 X274.714 Y-206.718
G1 X274.806 Y-206.672
G1 X274.899 Y-206.625
G1 X274.992 Y-206.579
G1 X275.085 Y-206.533
G1 X275.178 Y-206.487
G1 X275.271 Y-206.441
G1 X275.365 Y-206.395
G1 X275.531 Y-206.314
G1 X275.699 Y-206.234
G1 X275.869 Y-206.156
G1 X276.040 Y-206.078
G1 X276.213 Y-206.001
G1 X276.388 Y-205.925
G1 X276.564 Y-205.850
G1 X276.742 Y-205.776
G1 X276.922 Y-205.703
G1 X277.105 Y-205.632
G1 X277.291 Y-205.564
G1 X277.479 Y-205.497
G1 X277.574 Y-205.464
G1 X277.670 Y-205.432
G1 X277.766 Y-205.401
G1 X277.863 Y-205.370
G1 X277.961 Y-205.339
G1 X278.060 Y-205.309
G1 X278.159 Y-205.280
G1 X278.258 Y-205.251
G1 X278.372 Y-205.219
G1 X278.487 Y-205.189
G1 X278.603 Y-205.159
G1 X278.720 Y-205.131
G1 X278.838 Y-205.103
G1 X278.957 Y-205.077
G1 X279.077 Y-205.052
G1 X279.198 Y-205.028
G1 X279.320 Y-205.005
G1 X279.443 Y-204.984
G1 X279.567 Y-204.964
G1 X279.691 Y-204.945
G1 X279.817 Y-204.928
G1 X279.943 Y-204.912
G1 X280.070 Y-204.897
G1 X280.198 Y-204.884
G1 X280.321 Y-204.874
G1 X280.444 Y-204.864
G1 X280.568 Y-204.856
G1 X280.691 Y-204.849
G1 X280.815 Y-204.843
G1 X280.940 Y-204.839
G1 X281.064 Y-204.836
G1 X281.188 Y-204.834
G1 X281.313 Y-204.833
G1 X281.437 Y-204.834
G1 X281.561 Y-204.836
G1 X281.685 Y-204.838
G1 X281.809 Y-204.842
G1 X281.933 Y-204.847
G1 X282.056 Y-204.853
G1 X282.180 Y-204.860
G1 X282.322 Y-204.870
G1 X282.464 Y-204.881
G1 X282.605 Y-204.893
G1 X282.746 Y-204.906
G1 X282.886 Y-204.920
G1 X283.026 Y-204.936
G1 X283.165 Y-204.952
G1 X283.304 Y-204.970
G1 X283.442 Y-204.989
G1 X283.580 Y-205.009
G1 X283.717 Y-205.029
G1 X283.854 Y-205.051
G1 X283.990 Y-205.074
G1 X284.126 Y-205.098
G1 X284.261 Y-205.123
G1 X284.395 Y-205.148
G1 X284.529 Y-205.175
G1 X284.662 Y-205.202
G1 X284.794 Y-205.230
G1 X284.926 Y-205.259
G1 X285.057 Y-205.289
G1 X285.187 Y-205.320
G1 X285.317 Y-205.351
G1 X285.446 Y-205.384
G1 X285.574 Y-205.416
G1 X285.702 Y-205.450
G1 X285.829 Y-205.484
G1 X285.955 Y-205.519
G1 X286.080 Y-205.555
G1 X286.205 Y-205.591
G1 X286.329 Y-205.628
G1 X286.452 Y-205.665
G1 X286.595 Y-205.710
G1 X286.737 Y-205.755
G1 X286.879 Y-205.802
G1 X287.019 Y-205.849
G1 X287.158 Y-205.897
G1 X287.297 Y-205.945
G1 X287.434 Y-205.995
G1 X287.571 Y-206.045
G1 X287.706 Y-206.096
G1 X287.840 Y-206.148
G1 X287.973 Y-206.200
G1 X288.106 Y-206.253
G1 X288.237 Y-206.307
G1 X288.367 Y-206.362
G1 X288.495 Y-206.417
G1 X288.623 Y-206.473
G1 X288.749 Y-206.530
G1 X288.875 Y-206.587
G1 X288.999 Y-206.645
G1 X289.122 Y-206.704
G1 X289.243 Y-206.763
G1 X289.363 Y-206.824
G1 X289.482 Y-206.884
G1 X289.600 Y-206.946
G1 X289.717 Y-207.008
G1 X289.832 Y-207.071
G1 X289.946 Y-207.134
G1 X290.058 Y-207.198
G1 X290.169 Y-207.263
G1 X290.279 Y-207.328
G1 X290.387 Y-207.394
G1 X290.494 Y-207.460
G1 X290.599 Y-207.527
G1 X290.703 Y-207.595
G1 X290.806 Y-207.664
G1 X290.907 Y-207.732
G1 X291.006 Y-207.802
G1 X291.104 Y-207.872
G1 X291.201 Y-207.942
G1 X291.296 Y-208.013
G1 X291.389 Y-208.085
G1 X291.482 Y-208.157
G1 X291.573 Y-208.229
G1 X291.663 Y-208.302
G1 X291.751 Y-208.375
G1 X291.838 Y-208.449
G1 X291.924 Y-208.523
G1 X292.008 Y-208.597
G1 X292.092 Y-208.672
G1 X292.174 Y-208.748
G1 X292.255 Y-208.823
G1 X292.335 Y-208.899
G1 X292.413 Y-208.975
G1 X292.491 Y-209.052
G1 X292.568 Y-209.129
G1 X292.643 Y-209.206
G1 X292.717 Y-209.283
G1 X292.791 Y-209.361
G1 X292.863 Y-209.438
G1 X292.935 Y-209.517
G1 X293.005 Y-209.595
G1 X293.075 Y-209.673
G1 X293.143 Y-209.752
G1 X293.211 Y-209.831
G1 X293.323 Y-209.962
G1 X293.432 Y-210.095
G1 X293.540 Y-210.227
G1 X293.646 Y-210.360
G1 X293.751 Y-210.493
G1 X293.855 Y-210.626
G1 X293.957 Y-210.760
G1 X294.059 Y-210.894
G1 X294.160 Y-211.028
G1 X294.260 Y-211.162
G1 X294.360 Y-211.296
G1 X294.459 Y-211.430
G1 X294.559 Y-211.565
G1 X294.659 Y-211.699
G1 X294.759 Y-211.833
G1 X294.859 Y-211.967
G1 X294.965 Y-212.108
G1 X295.071 Y-212.249
G1 X295.178 Y-212.391
G1 X295.285 Y-212.532
G1 X295.392 Y-212.673
G1 X295.499 Y-212.814
G1 X295.607 Y-212.954
G1 X295.715 Y-213.095
G1 X295.823 Y-213.236
G1 X295.931 Y-213.377
G1 X296.040 Y-213.518
G1 X296.148 Y-213.658
G1 X296.257 Y-213.799
G1 X296.366 Y-213.940
G1 X296.476 Y-214.080
G1 X296.585 Y-214.221
G1 X296.695 Y-214.361
G1 X296.804 Y-214.502
G1 X296.914 Y-214.642
G1 X297.024 Y-214.782
G1 X297.135 Y-214.923
G1 X297.245 Y-215.063
G1 X297.355 Y-215.204
G1 X297.465 Y-215.344
G1 X297.576 Y-215.484
G1 X297.687 Y-215.625
G1 X297.797 Y-215.765
G1 X297.908 Y-215.905
G1 X298.019 Y-216.045
G1 X298.129 Y-216.186
G1 X298.240 Y-216.326
G1 X298.351 Y-216.466
; Retract
G0 Z3.000

; Path 56
; Rapid to initial position
G0 X296.404 Y-207.584
G0 Z0.000
; plunge
G1 Z-0.200 F4000
; cut
G1 X296.542 Y-207.584 F4000
G1 X296.699 Y-207.584
G1 X296.901 Y-207.584
G1 X297.040 Y-207.584
G1 X297.188 Y-207.584
G1 X297.346 Y-207.584
G1 X297.511 Y-207.584
G1 X297.681 Y-207.584
G1 X297.856 Y-207.584
G1 X298.034 Y-207.584
G1 X298.213 Y-207.584
G1 X346.424 Y-207.584
G1 X356.175 Y-207.584
G1 X389.485 Y-207.584
G1 X389.485 Y-207.691
G1 X356.175 Y-207.691
G1 X346.424 Y-207.691
G1 X298.213 Y-207.691
G1 X298.113 Y-207.691
G1 X298.013 Y-207.691
G1 X297.815 Y-207.691
G1 X297.620 Y-207.691
G1 X297.432 Y-207.691
G1 X297.251 Y-207.691
G1 X297.081 Y-207.691
G1 X296.924 Y-207.691
G1 X296.782 Y-207.691
G1 X296.627 Y-207.691
G1 X296.507 Y-207.691
G1 X296.404 Y-207.691
G1 X286.176 Y-207.691
G1 X286.033 Y-207.691
G1 X285.890 Y-207.691
G1 X285.745 Y-207.691
G1 X285.599 Y-207.691
G1 X285.453 Y-207.691
G1 X285.305 Y-207.691
G1 X285.157 Y-207.691
G1 X285.008 Y-207.691
G1 X284.858 Y-207.691
G1 X284.707 Y-207.691
G1 X284.555 Y-207.691
G1 X284.402 Y-207.691
G1 X284.248 Y-207.691
G1 X284.093 Y-207.691
G1 X283.938 Y-207.691
G1 X283.781 Y-207.691
G1 X283.624 Y-207.691
G1 X283.465 Y-207.691
G1 X283.306 Y-207.691
G1 X283.146 Y-207.691
G1 X282.985 Y-207.691
G1 X282.824 Y-207.691
G1 X282.661 Y-207.691
G1 X282.497 Y-207.691
G1 X282.333 Y-207.691
G1 X282.167 Y-207.691
G1 X282.001 Y-207.691
G1 X281.834 Y-207.691
G1 X281.666 Y-207.691
G1 X281.498 Y-207.691
G1 X281.328 Y-207.691
G1 X281.157 Y-207.691
G1 X280.986 Y-207.691
G1 X280.814 Y-207.691
G1 X280.641 Y-207.691
G1 X280.467 Y-207.691
G1 X280.292 Y-207.691
G1 X280.117 Y-207.691
G1 X279.940 Y-207.691
G1 X279.763 Y-207.691
G1 X279.585 Y-207.691
G1 X279.406 Y-207.691
G1 X279.226 Y-207.691
G1 X279.046 Y-207.691
G1 X278.865 Y-207.691
G1 X278.682 Y-207.691
G1 X278.499 Y-207.691
G1 X278.316 Y-207.691
G1 X278.131 Y-207.691
G1 X277.946 Y-207.691
G1 X277.759 Y-207.691
G1 X277.572 Y-207.691
G1 X277.385 Y-207.691
G1 X277.196 Y-207.691
G1 X277.007 Y-207.691
G1 X276.816 Y-207.691
G1 X276.625 Y-207.691
G1 X276.434 Y-207.691
G1 X276.241 Y-207.691
G1 X276.048 Y-207.691
G1 X275.854 Y-207.691
G1 X275.659 Y-207.691
G1 X275.463 Y-207.691
G1 X275.267 Y-207.691
G1 X248.514 Y-207.691
G1 X193.416 Y-207.691
G1 X193.230 Y-207.691
G1 X193.067 Y-207.691
G1 X192.952 Y-207.691
G1 X164.418 Y-207.691
G1 X109.320 Y-207.691
G1 X87.344 Y-207.691
G1 X82.468 Y-207.691
G1 X79.169 Y-207.691
G1 X75.753 Y-207.691
G1 X68.750 Y-207.691
G1 X68.648 Y-207.691
G1 X68.548 Y-207.691
G1 X68.353 Y-207.691
G1 X68.165 Y-207.691
G1 X67.985 Y-207.691
G1 X67.812 Y-207.691
G1 X67.645 Y-207.691
G1 X67.485 Y-207.691
G1 X67.332 Y-207.691
G1 X67.184 Y-207.691
G1 X67.044 Y-207.691
G1 X66.909 Y-207.691
G1 X66.780 Y-207.691
G1 X66.657 Y-207.691
G1 X66.539 Y-207.691
G1 X66.427 Y-207.691
G1 X66.320 Y-207.691
G1 X66.183 Y-207.691
G1 X66.053 Y-207.691
G1 X65.931 Y-207.691
G1 X65.817 Y-207.691
G1 X65.709 Y-207.691
G1 X65.607 Y-207.691
G1 X65.421 Y-207.691
G1 X65.315 Y-207.691
G1 X65.123 Y-207.691
G1 X64.953 Y-207.691
G1 X64.801 Y-207.691
G1 X64.661 Y-207.691
G1 X64.529 Y-207.691
G1 X64.402 Y-207.691
G1 X64.274 Y-207.691
G1 X64.085 Y-207.691
G1 X63.961 Y-207.691
G1 X63.838 Y-207.691
G1 X63.716 Y-207.691
G1 X63.598 Y-207.691
G1 X63.484 Y-207.691
G1 X63.375 Y-207.691
G1 X63.273 Y-207.691
G1 X63.092 Y-207.691
G1 X62.950 Y-207.691
G1 X62.833 Y-207.691
G1 X62.823 Y-207.584
G1 X62.944 Y-207.584
G1 X63.079 Y-207.584
G1 X63.251 Y-207.584
G1 X63.454 Y-207.584
G1 X63.564 Y-207.584
G1 X63.677 Y-207.584
G1 X63.794 Y-207.584
G1 X63.914 Y-207.584
G1 X64.034 Y-207.584
G1 X64.154 Y-207.584
G1 X64.308 Y-207.584
G1 X64.461 Y-207.584
G1 X64.617 Y-207.584
G1 X64.781 Y-207.584
G1 X64.898 Y-207.584
G1 X65.028 Y-207.584
G1 X65.170 Y-207.584
G1 X65.324 Y-207.584
G1 X65.453 Y-207.584
G1 X65.593 Y-207.584
G1 X65.747 Y-207.584
G1 X65.914 Y-207.584
G1 X66.098 Y-207.584
G1 X66.299 Y-207.584
G1 X66.406 Y-207.584
G1 X66.519 Y-207.584
G1 X66.637 Y-207.584
G1 X66.761 Y-207.584
G1 X66.957 Y-207.584
G1 X67.060 Y-207.584
G1 X67.167 Y-207.584
G1 X67.278 Y-207.584
G1 X67.393 Y-207.584
G1 X67.511 Y-207.584
G1 X67.632 Y-207.584
G1 X67.758 Y-207.584
G1 X67.888 Y-207.584
G1 X68.021 Y-207.584
G1 X68.159 Y-207.584
G1 X68.301 Y-207.584
G1 X68.446 Y-207.584
G1 X68.596 Y-207.584
G1 X68.750 Y-207.584
G1 X75.753 Y-207.584
G1 X79.169 Y-207.584
G1 X82.468 Y-207.584
G1 X87.344 Y-207.584
G1 X109.320 Y-207.584
G1 X164.418 Y-207.584
G1 X192.911 Y-207.584
G1 X193.067 Y-207.584
G1 X193.230 Y-207.584
G1 X193.416 Y-207.584
G1 X203.654 Y-207.584
G1 X203.654 Y-207.478
G1 X203.994 Y-207.478
G1 X204.528 Y-207.478
G1 X208.860 Y-207.478
G1 X208.986 Y-207.478
G1 X209.138 Y-207.478
G1 X209.350 Y-207.478
G1 X209.509 Y-207.478
G1 X209.684 Y-207.478
G1 X209.873 Y-207.478
G1 X210.072 Y-207.478
G1 X210.175 Y-207.478
G1 X210.280 Y-207.478
G1 X210.386 Y-207.478
G1 X210.493 Y-207.478
G1 X210.600 Y-207.478
G1 X210.708 Y-207.478
G1 X210.816 Y-207.478
G1 X210.923 Y-207.478
G1 X235.384 Y-207.478
G1 X235.384 Y-207.584
G1 X248.514 Y-207.584
G1 X275.267 Y-207.584
G1 X275.463 Y-207.584
G1 X275.659 Y-207.584
G1 X275.854 Y-207.584
G1 X276.048 Y-207.584
G1 X276.241 Y-207.584
G1 X276.434 Y-207.584
G1 X276.625 Y-207.584
G1 X276.816 Y-207.584
G1 X277.007 Y-207.584
G1 X277.196 Y-207.584
G1 X277.385 Y-207.584
G1 X277.572 Y-207.584
G1 X277.759 Y-207.584
G1 X277.946 Y-207.584
G1 X278.131 Y-207.584
G1 X278.316 Y-207.584
G1 X278.499 Y-207.584
G1 X278.682 Y-207.584
G1 X278.865 Y-207.584
G1 X279.046 Y-207.584
G1 X279.226 Y-207.584
G1 X279.406 Y-207.584
G1 X279.585 Y-207.584
G1 X279.763 Y-207.584
G1 X279.940 Y-207.584
G1 X280.117 Y-207.584
G1 X280.292 Y-207.584
G1 X280.467 Y-207.584
G1 X280.641 Y-207.584
G1 X280.814 Y-207.584
G1 X280.986 Y-207.584
G1 X281.157 Y-207.584
G1 X281.328 Y-207.584
G1 X281.498 Y-207.584
G1 X281.666 Y-207.584
G1 X281.834 Y-207.584
G1 X282.001 Y-207.584
G1 X282.167 Y-207.584
G1 X282.333 Y-207.584
G1 X282.497 Y-207.584
G1 X282.661 Y-207.584
G1 X282.824 Y-207.584
G1 X282.985 Y-207.584
G1 X283.146 Y-207.584
G1 X283.306 Y-207.584
G1 X283.465 Y-207.584
G1 X283.624 Y-207.584
G1 X283.781 Y-207.584
G1 X283.938 Y-207.584
G1 X284.093 Y-207.584
G1 X284.248 Y-207.584
G1 X284.402 Y-207.584
G1 X284.555 Y-207.584
G1 X284.707 Y-207.584
G1 X284.858 Y-207.584
G1 X285.008 Y-207.584
G1 X285.157 Y-207.584
G1 X285.305 Y-207.584
G1 X285.453 Y-207.584
G1 X285.599 Y-207.584
G1 X285.745 Y-207.584
G1 X285.890 Y-207.584
G1 X286.033 Y-207.584
G1 X286.176 Y-207.584
G1 X296.404 Y-207.584
; Retract
G0 Z3.000

; Path 57
; Rapid to initial position
G0 X306.888 Y-223.795
G0 Z0.000
; plunge
G1 Z-0.200 F4000
; cut
G1 X317.308 Y-189.316 F4000
; Retract
G0 Z3.000

; Path 58
; Rapid to initial position
G0 X315.287 Y-193.043
G0 Z0.000
; plunge
G1 Z-0.200 F4000
; cut
G1 X318.731 Y-200.899 F4000
; Retract
G0 Z3.000

; Path 59
; Rapid to initial position
G0 X319.263 Y-204.372
G0 Z0.000
; plunge
G1 Z-0.200 F4000
; cut
G1 X319.602 Y-204.404 F4000
; Retract
G0 Z3.000

; Path 60
; Rapid to initial position
G0 X319.529 Y-204.555
G0 Z0.000
; plunge
G1 Z-0.200 F4000
; cut
G1 X319.848 Y-204.480 F4000
; Retract
G0 Z3.000

; Path 61
; Rapid to initial position
G0 X319.879 Y-204.706
G0 Z0.000
; plunge
G1 Z-0.200 F4000
; cut
G1 X334.797 Y-200.502 F4000
; Retract
G0 Z3.000

; Path 62
; Rapid to initial position
G0 X353.413 Y-211.233
G0 Z0.000
; plunge
G1 Z-0.200 F4000
; cut
G1 X360.336 Y-211.233 F4000
; Retract
G0 Z3.000

; Path 63
; Rapid to initial position
G0 X358.095 Y-218.480
G0 Z0.000
; plunge
G1 Z-0.200 F4000
; cut
G1 X357.979 Y-218.438 F4000
G1 X357.858 Y-218.401
G1 X357.731 Y-218.369
G1 X357.600 Y-218.343
G1 X357.465 Y-218.323
G1 X357.328 Y-218.308
G1 X357.188 Y-218.299
G1 X357.046 Y-218.296
; Retract
G0 Z3.000

; Path 64
; Rapid to initial position
G0 X359.717 Y-199.120
G0 Z0.000
; plunge
G1 Z-0.200 F4000
; cut
G1 X359.429 Y-200.590 F4000
G1 X359.429 Y-210.639
G1 X359.984 Y-220.688
G1 X361.538 Y-234.584
G1 X363.914 Y-245.773
G1 X365.866 Y-246.545
G1 X366.914 Y-241.141
G1 X366.075 Y-230.332
G1 X364.114 Y-217.257
G1 X361.938 Y-204.880
G1 X361.250 Y-202.551
G1 X364.180 Y-207.576
G1 X365.935 Y-209.046
G1 X366.914 Y-205.615
G1 X366.634 Y-198.262
G1 X365.584 Y-189.071
G1 X364.403 Y-182.821
G1 X363.270 Y-178.165
; Retract
G0 Z3.000

; Path 65
; Rapid to initial position
G0 X345.967 Y-156.282
G0 Z0.000
; plunge
G1 Z-0.200 F4000
; cut
G1 X371.504 Y-140.764 F4000
; Retract
G0 Z3.000

; Path 66
; Rapid to initial position
G0 X307.273 Y-176.390
G0 Z0.000
; plunge
G1 Z-0.200 F4000
; cut
G1 X314.140 Y-244.910 F4000
; Retract
G0 Z3.000

; Path 67
; Rapid to initial position
G0 X299.051 Y-231.802
G0 Z0.000
; plunge
G1 Z-0.200 F4000
; cut
G1 X298.994 Y-231.655 F4000
G1 X298.937 Y-231.509
G1 X298.881 Y-231.363
G1 X298.824 Y-231.217
G1 X298.767 Y-231.070
G1 X298.710 Y-230.924
G1 X298.654 Y-230.778
G1 X298.597 Y-230.632
G1 X298.540 Y-230.485
G1 X298.483 Y-230.339
G1 X298.426 Y-230.193
G1 X298.370 Y-230.047
G1 X298.313 Y-229.900
G1 X298.256 Y-229.754
G1 X298.199 Y-229.608
G1 X298.142 Y-229.462
G1 X298.085 Y-229.315
G1 X298.028 Y-229.169
G1 X297.971 Y-229.023
G1 X297.914 Y-228.877
G1 X297.857 Y-228.731
G1 X297.800 Y-228.584
G1 X297.743 Y-228.438
G1 X297.686 Y-228.292
G1 X297.629 Y-228.146
G1 X297.571 Y-228.000
G1 X297.514 Y-227.854
G1 X297.457 Y-227.707
G1 X297.399 Y-227.561
G1 X297.342 Y-227.415
G1 X297.284 Y-227.269
G1 X297.227 Y-227.123
G1 X297.169 Y-226.977
G1 X297.112 Y-226.831
G1 X297.054 Y-226.685
G1 X296.996 Y-226.539
G1 X296.939 Y-226.393
G1 X296.881 Y-226.247
G1 X296.823 Y-226.101
G1 X296.765 Y-225.955
G1 X296.707 Y-225.809
G1 X296.649 Y-225.663
G1 X296.591 Y-225.517
G1 X296.533 Y-225.371
G1 X296.474 Y-225.225
G1 X296.416 Y-225.079
G1 X296.358 Y-224.933
G1 X296.299 Y-224.788
G1 X296.241 Y-224.642
G1 X296.182 Y-224.496
G1 X296.123 Y-224.350
G1 X296.064 Y-224.204
G1 X296.006 Y-224.059
G1 X295.947 Y-223.913
G1 X295.888 Y-223.767
G1 X295.828 Y-223.622
G1 X295.769 Y-223.476
G1 X295.710 Y-223.331
G1 X295.651 Y-223.185
G1 X295.591 Y-223.039
G1 X295.532 Y-222.894
G1 X295.472 Y-222.748
G1 X295.412 Y-222.603
G1 X295.352 Y-222.457
G1 X295.292 Y-222.312
G1 X295.232 Y-222.167
G1 X295.172 Y-222.021
G1 X295.112 Y-221.876
G1 X295.052 Y-221.731
G1 X294.991 Y-221.585
G1 X294.931 Y-221.440
G1 X294.870 Y-221.295
G1 X294.809 Y-221.150
G1 X294.748 Y-221.005
G1 X294.687 Y-220.860
G1 X294.626 Y-220.714
G1 X294.565 Y-220.569
G1 X294.504 Y-220.424
G1 X294.442 Y-220.279
G1 X294.381 Y-220.135
G1 X294.319 Y-219.990
G1 X294.257 Y-219.845
G1 X294.195 Y-219.700
G1 X294.133 Y-219.555
G1 X294.071 Y-219.410
G1 X294.008 Y-219.266
G1 X293.946 Y-219.121
G1 X293.883 Y-218.976
G1 X293.820 Y-218.832
G1 X293.758 Y-218.687
G1 X293.695 Y-218.543
G1 X293.631 Y-218.398
G1 X293.568 Y-218.254
G1 X293.505 Y-218.109
G1 X293.441 Y-217.965
G1 X293.377 Y-217.821
G1 X293.313 Y-217.677
G1 X293.249 Y-217.532
G1 X293.185 Y-217.388
G1 X293.121 Y-217.244
G1 X293.056 Y-217.100
G1 X292.992 Y-216.956
G1 X292.927 Y-216.812
G1 X292.862 Y-216.668
G1 X292.797 Y-216.524
G1 X292.732 Y-216.380
G1 X292.666 Y-216.237
G1 X292.601 Y-216.093
G1 X292.535 Y-215.949
G1 X292.469 Y-215.805
G1 X292.403 Y-215.662
G1 X292.337 Y-215.518
G1 X292.270 Y-215.375
G1 X292.204 Y-215.231
G1 X292.137 Y-215.088
G1 X292.070 Y-214.945
G1 X292.003 Y-214.801
G1 X291.936 Y-214.658
G1 X291.868 Y-214.515
G1 X291.800 Y-214.372
G1 X291.733 Y-214.229
G1 X291.664 Y-214.086
G1 X291.596 Y-213.943
G1 X291.528 Y-213.800
G1 X291.459 Y-213.657
G1 X291.390 Y-213.514
G1 X291.321 Y-213.372
G1 X291.252 Y-213.229
G1 X291.182 Y-213.085
G1 X291.112 Y-212.942
G1 X291.042 Y-212.798
G1 X290.972 Y-212.654
G1 X290.901 Y-212.511
G1 X290.830 Y-212.368
G1 X290.759 Y-212.224
G1 X290.688 Y-212.081
G1 X290.616 Y-211.938
G1 X290.545 Y-211.795
G1 X290.473 Y-211.652
G1 X290.401 Y-211.509
G1 X290.328 Y-211.366
G1 X290.256 Y-211.223
G1 X290.183 Y-211.080
G1 X290.110 Y-210.938
G1 X290.036 Y-210.795
G1 X289.963 Y-210.653
G1 X289.889 Y-210.510
G1 X289.815 Y-210.368
G1 X289.741 Y-210.226
G1 X289.667 Y-210.084
G1 X289.592 Y-209.941
G1 X289.517 Y-209.799
G1 X289.442 Y-209.657
G1 X289.367 Y-209.516
G1 X289.291 Y-209.374
G1 X289.216 Y-209.232
G1 X289.140 Y-209.091
G1 X289.064 Y-208.949
G1 X288.987 Y-208.808
G1 X288.910 Y-208.666
G1 X288.834 Y-208.525
G1 X288.756 Y-208.384
G1 X288.679 Y-208.243
G1 X288.601 Y-208.102
G1 X288.524 Y-207.961
G1 X288.445 Y-207.820
G1 X288.367 Y-207.679
G1 X288.289 Y-207.539
G1 X288.210 Y-207.398
G1 X288.131 Y-207.258
G1 X288.051 Y-207.117
G1 X287.972 Y-206.977
G1 X287.892 Y-206.837
G1 X287.812 Y-206.697
G1 X287.732 Y-206.557
G1 X287.651 Y-206.417
G1 X287.570 Y-206.277
G1 X287.489 Y-206.137
G1 X287.408 Y-205.998
G1 X287.327 Y-205.858
G1 X287.245 Y-205.719
G1 X287.163 Y-205.580
G1 X287.081 Y-205.440
G1 X286.998 Y-205.301
G1 X286.915 Y-205.162
G1 X286.832 Y-205.023
G1 X286.749 Y-204.885
G1 X286.665 Y-204.746
G1 X286.582 Y-204.607
G1 X286.497 Y-204.469
G1 X286.413 Y-204.330
G1 X286.329 Y-204.192
G1 X286.237 Y-204.042
G1 X286.145 Y-203.893
G1 X286.052 Y-203.743
G1 X285.959 Y-203.594
G1 X285.866 Y-203.444
G1 X285.773 Y-203.295
G1 X285.680 Y-203.146
G1 X285.586 Y-202.997
G1 X285.492 Y-202.848
G1 X285.398 Y-202.700
G1 X285.303 Y-202.551
G1 X285.208 Y-202.403
G1 X285.113 Y-202.254
G1 X285.018 Y-202.106
G1 X284.922 Y-201.958
G1 X284.826 Y-201.810
G1 X284.730 Y-201.662
G1 X284.634 Y-201.515
G1 X284.537 Y-201.367
G1 X284.440 Y-201.220
G1 X284.343 Y-201.072
G1 X284.245 Y-200.925
G1 X284.147 Y-200.778
G1 X284.049 Y-200.631
G1 X283.951 Y-200.484
G1 X283.853 Y-200.337
G1 X283.754 Y-200.191
G1 X283.655 Y-200.044
G1 X283.555 Y-199.898
G1 X283.456 Y-199.752
G1 X283.356 Y-199.606
G1 X283.256 Y-199.460
G1 X283.155 Y-199.314
G1 X283.054 Y-199.168
G1 X282.953 Y-199.023
G1 X282.852 Y-198.877
G1 X282.751 Y-198.732
G1 X282.649 Y-198.586
G1 X282.547 Y-198.441
G1 X282.445 Y-198.296
G1 X282.342 Y-198.152
G1 X282.239 Y-198.007
G1 X282.136 Y-197.862
G1 X282.033 Y-197.718
G1 X281.929 Y-197.573
G1 X281.825 Y-197.429
G1 X281.721 Y-197.285
G1 X281.617 Y-197.141
G1 X281.512 Y-196.997
G1 X281.407 Y-196.853
G1 X281.302 Y-196.710
G1 X281.196 Y-196.566
G1 X281.090 Y-196.423
G1 X280.984 Y-196.280
G1 X280.878 Y-196.137
G1 X280.772 Y-195.994
G1 X280.665 Y-195.851
G1 X280.558 Y-195.708
G1 X280.450 Y-195.565
G1 X280.343 Y-195.423
G1 X280.235 Y-195.280
G1 X280.127 Y-195.138
G1 X280.018 Y-194.996
G1 X279.910 Y-194.854
G1 X279.809 Y-194.723
G1 X279.708 Y-194.592
G1 X279.607 Y-194.462
G1 X279.506 Y-194.331
G1 X279.405 Y-194.201
G1 X279.303 Y-194.070
G1 X279.202 Y-193.940
G1 X279.100 Y-193.810
G1 X278.997 Y-193.680
G1 X278.895 Y-193.550
G1 X278.792 Y-193.421
G1 X278.690 Y-193.291
G1 X278.586 Y-193.161
G1 X278.483 Y-193.032
G1 X278.380 Y-192.903
G1 X278.276 Y-192.774
G1 X278.172 Y-192.644
G1 X278.068 Y-192.515
G1 X277.964 Y-192.387
G1 X277.859 Y-192.258
G1 X277.755 Y-192.129
G1 X277.650 Y-192.001
G1 X277.545 Y-191.872
G1 X277.439 Y-191.744
G1 X277.334 Y-191.616
G1 X277.228 Y-191.488
G1 X277.122 Y-191.360
G1 X277.016 Y-191.232
G1 X276.910 Y-191.105
G1 X276.803 Y-190.977
G1 X276.696 Y-190.850
G1 X276.589 Y-190.722
G1 X276.482 Y-190.595
G1 X276.375 Y-190.468
G1 X276.267 Y-190.341
G1 X276.159 Y-190.214
G1 X276.051 Y-190.087
G1 X275.943 Y-189.961
G1 X275.835 Y-189.834
G1 X275.726 Y-189.708
G1 X275.617 Y-189.581
G1 X275.508 Y-189.455
G1 X275.399 Y-189.329
G1 X275.290 Y-189.203
G1 X275.180 Y-189.077
G1 X275.070 Y-188.952
G1 X274.960 Y-188.826
G1 X274.850 Y-188.701
G1 X274.740 Y-188.575
G1 X274.629 Y-188.450
G1 X274.518 Y-188.325
G1 X274.407 Y-188.200
G1 X274.296 Y-188.075
G1 X274.184 Y-187.951
G1 X274.073 Y-187.826
G1 X273.961 Y-187.701
G1 X273.849 Y-187.577
G1 X273.737 Y-187.453
G1 X273.624 Y-187.329
G1 X273.512 Y-187.205
G1 X273.399 Y-187.081
G1 X273.286 Y-186.957
G1 X273.173 Y-186.833
G1 X273.059 Y-186.710
G1 X272.945 Y-186.587
G1 X272.832 Y-186.463
G1 X272.718 Y-186.340
G1 X272.603 Y-186.217
G1 X272.489 Y-186.094
G1 X272.374 Y-185.971
G1 X272.260 Y-185.849
G1 X272.145 Y-185.726
G1 X272.029 Y-185.604
G1 X271.914 Y-185.482
G1 X271.798 Y-185.360
G1 X271.683 Y-185.237
G1 X271.567 Y-185.116
G1 X271.450 Y-184.994
G1 X271.334 Y-184.872
G1 X271.218 Y-184.751
G1 X271.101 Y-184.629
G1 X270.984 Y-184.508
G1 X270.867 Y-184.387
G1 X270.749 Y-184.266
G1 X270.632 Y-184.145
G1 X270.514 Y-184.024
G1 X270.396 Y-183.904
G1 X270.278 Y-183.783
G1 X270.160 Y-183.663
G1 X270.041 Y-183.542
G1 X269.923 Y-183.422
G1 X269.804 Y-183.302
G1 X269.685 Y-183.182
G1 X269.565 Y-183.063
G1 X269.446 Y-182.943
G1 X269.326 Y-182.824
G1 X269.207 Y-182.704
G1 X269.087 Y-182.585
G1 X268.966 Y-182.466
G1 X268.846 Y-182.347
G1 X268.725 Y-182.228
G1 X268.605 Y-182.109
G1 X268.484 Y-181.991
G1 X268.362 Y-181.872
G1 X268.241 Y-181.754
G1 X268.120 Y-181.636
G1 X267.998 Y-181.518
G1 X267.876 Y-181.400
G1 X267.754 Y-181.282
G1 X267.631 Y-181.164
G1 X267.509 Y-181.047
G1 X267.386 Y-180.930
G1 X267.264 Y-180.812
G1 X267.140 Y-180.695
G1 X267.017 Y-180.578
G1 X266.894 Y-180.461
G1 X266.770 Y-180.345
G1 X266.646 Y-180.228
G1 X266.523 Y-180.112
G1 X266.398 Y-179.995
G1 X266.274 Y-179.879
G1 X266.150 Y-179.763
G1 X266.025 Y-179.647
G1 X265.900 Y-179.531
G1 X265.775 Y-179.416
G1 X265.650 Y-179.300
G1 X265.524 Y-179.185
G1 X265.399 Y-179.069
G1 X265.273 Y-178.954
G1 X265.147 Y-178.839
G1 X265.021 Y-178.724
G1 X264.894 Y-178.610
G1 X264.768 Y-178.495
G1 X264.641 Y-178.381
G1 X264.514 Y-178.266
G1 X264.387 Y-178.152
G1 X264.260 Y-178.038
G1 X264.132 Y-177.924
G1 X264.005 Y-177.810
G1 X263.877 Y-177.697
G1 X263.749 Y-177.583
G1 X263.621 Y-177.470
G1 X263.492 Y-177.357
G1 X263.364 Y-177.244
G1 X263.235 Y-177.131
G1 X263.106 Y-177.018
G1 X262.977 Y-176.905
G1 X262.848 Y-176.793
G1 X262.718 Y-176.680
G1 X262.589 Y-176.568
G1 X262.459 Y-176.456
G1 X262.329 Y-176.344
G1 X262.199 Y-176.232
G1 X262.069 Y-176.121
G1 X261.938 Y-176.009
G1 X261.808 Y-175.898
G1 X261.677 Y-175.786
G1 X261.546 Y-175.675
G1 X261.414 Y-175.564
G1 X261.283 Y-175.453
G1 X261.152 Y-175.343
G1 X261.020 Y-175.232
G1 X260.888 Y-175.122
G1 X260.756 Y-175.011
G1 X260.624 Y-174.901
G1 X260.491 Y-174.791
G1 X260.359 Y-174.681
G1 X260.226 Y-174.572
G1 X260.093 Y-174.462
G1 X259.960 Y-174.353
G1 X259.826 Y-174.243
G1 X259.693 Y-174.134
G1 X259.559 Y-174.025
G1 X259.425 Y-173.917
G1 X259.291 Y-173.808
G1 X259.157 Y-173.699
G1 X259.023 Y-173.591
G1 X258.888 Y-173.483
G1 X258.754 Y-173.374
G1 X258.619 Y-173.266
G1 X258.484 Y-173.159
G1 X258.349 Y-173.051
G1 X258.213 Y-172.943
G1 X258.078 Y-172.836
G1 X257.942 Y-172.729
G1 X257.806 Y-172.622
G1 X257.670 Y-172.515
G1 X257.534 Y-172.408
G1 X257.398 Y-172.301
G1 X257.261 Y-172.195
G1 X257.124 Y-172.088
G1 X256.987 Y-171.982
G1 X256.850 Y-171.876
G1 X256.713 Y-171.770
G1 X256.576 Y-171.664
G1 X256.438 Y-171.559
G1 X256.300 Y-171.453
G1 X256.163 Y-171.348
G1 X256.025 Y-171.243
G1 X255.886 Y-171.138
G1 X255.748 Y-171.033
G1 X255.609 Y-170.928
G1 X255.471 Y-170.823
G1 X255.332 Y-170.719
G1 X255.193 Y-170.615
G1 X255.053 Y-170.510
G1 X254.914 Y-170.406
G1 X254.774 Y-170.303
G1 X254.635 Y-170.199
G1 X254.495 Y-170.095
G1 X254.355 Y-169.992
G1 X254.215 Y-169.889
G1 X254.074 Y-169.786
G1 X253.934 Y-169.683
G1 X253.793 Y-169.580
G1 X253.652 Y-169.477
G1 X253.511 Y-169.375
G1 X253.370 Y-169.272
G1 X253.228 Y-169.170
G1 X253.087 Y-169.068
G1 X252.945 Y-168.966
G1 X252.803 Y-168.865
G1 X252.661 Y-168.763
G1 X252.519 Y-168.662
G1 X252.377 Y-168.560
G1 X252.234 Y-168.459
G1 X252.092 Y-168.358
G1 X251.949 Y-168.257
G1 X251.806 Y-168.157
G1 X251.663 Y-168.056
G1 X251.519 Y-167.956
G1 X251.376 Y-167.856
G1 X251.232 Y-167.756
G1 X251.089 Y-167.656
G1 X250.945 Y-167.556
G1 X250.801 Y-167.457
G1 X250.656 Y-167.357
G1 X250.512 Y-167.258
G1 X250.367 Y-167.159
G1 X250.223 Y-167.060
G1 X250.078 Y-166.961
G1 X249.933 Y-166.862
G1 X249.787 Y-166.764
G1 X249.642 Y-166.666
G1 X249.497 Y-166.568
G1 X249.351 Y-166.470
G1 X249.205 Y-166.372
G1 X249.059 Y-166.274
G1 X248.913 Y-166.176
G1 X248.767 Y-166.079
G1 X248.620 Y-165.982
G1 X248.474 Y-165.885
G1 X248.327 Y-165.788
G1 X248.180 Y-165.691
G1 X248.033 Y-165.595
G1 X247.886 Y-165.498
G1 X247.732 Y-165.398
G1 X247.578 Y-165.298
G1 X247.424 Y-165.198
G1 X247.270 Y-165.098
G1 X247.116 Y-164.999
G1 X246.962 Y-164.900
G1 X246.807 Y-164.800
G1 X246.652 Y-164.701
G1 X246.497 Y-164.603
G1 X246.342 Y-164.504
G1 X246.187 Y-164.405
G1 X246.031 Y-164.307
G1 X245.876 Y-164.209
G1 X245.720 Y-164.111
G1 X245.564 Y-164.013
G1 X245.408 Y-163.916
G1 X245.252 Y-163.819
G1 X245.095 Y-163.721
G1 X244.939 Y-163.624
G1 X244.782 Y-163.528
G1 X244.625 Y-163.431
G1 X244.468 Y-163.334
G1 X244.311 Y-163.238
G1 X244.153 Y-163.142
G1 X243.996 Y-163.046
G1 X243.838 Y-162.950
G1 X243.680 Y-162.855
G1 X243.522 Y-162.760
G1 X243.364 Y-162.664
G1 X243.205 Y-162.569
G1 X243.047 Y-162.475
G1 X242.888 Y-162.380
G1 X242.729 Y-162.285
G1 X242.570 Y-162.191
G1 X242.411 Y-162.097
G1 X242.251 Y-162.003
G1 X242.092 Y-161.910
G1 X241.932 Y-161.816
G1 X241.772 Y-161.723
G1 X241.612 Y-161.630
G1 X241.452 Y-161.537
G1 X241.291 Y-161.444
G1 X241.131 Y-161.351
G1 X240.970 Y-161.259
G1 X240.809 Y-161.167
G1 X240.648 Y-161.075
G1 X240.487 Y-160.983
G1 X240.326 Y-160.891
G1 X240.164 Y-160.800
G1 X240.003 Y-160.709
G1 X239.841 Y-160.618
G1 X239.679 Y-160.527
G1 X239.517 Y-160.436
G1 X239.354 Y-160.346
G1 X239.192 Y-160.255
G1 X239.029 Y-160.165
G1 X238.867 Y-160.075
G1 X238.704 Y-159.986
G1 X238.541 Y-159.896
G1 X238.377 Y-159.807
G1 X238.214 Y-159.718
G1 X238.050 Y-159.629
G1 X237.887 Y-159.540
G1 X237.723 Y-159.451
G1 X237.559 Y-159.363
G1 X237.395 Y-159.275
G1 X237.230 Y-159.187
G1 X237.066 Y-159.099
G1 X236.901 Y-159.012
G1 X236.737 Y-158.924
G1 X236.572 Y-158.837
G1 X236.407 Y-158.750
G1 X236.241 Y-158.663
G1 X236.076 Y-158.577
G1 X235.910 Y-158.490
G1 X235.745 Y-158.404
G1 X235.579 Y-158.318
G1 X235.413 Y-158.232
G1 X235.247 Y-158.147
G1 X235.081 Y-158.061
G1 X234.914 Y-157.976
G1 X234.747 Y-157.891
G1 X234.581 Y-157.806
G1 X234.414 Y-157.721
G1 X234.247 Y-157.637
G1 X234.080 Y-157.553
G1 X233.912 Y-157.469
G1 X233.745 Y-157.385
G1 X233.577 Y-157.301
G1 X233.409 Y-157.218
G1 X233.241 Y-157.135
G1 X233.073 Y-157.052
G1 X232.905 Y-156.969
G1 X232.737 Y-156.886
G1 X232.568 Y-156.804
G1 X232.400 Y-156.722
G1 X232.231 Y-156.640
G1 X232.062 Y-156.558
G1 X231.893 Y-156.476
G1 X231.723 Y-156.395
G1 X231.554 Y-156.314
G1 X231.384 Y-156.233
G1 X231.215 Y-156.152
G1 X231.045 Y-156.072
G1 X230.875 Y-155.991
G1 X230.705 Y-155.911
G1 X230.535 Y-155.831
G1 X230.364 Y-155.751
G1 X230.194 Y-155.672
G1 X230.023 Y-155.593
G1 X229.852 Y-155.513
G1 X229.681 Y-155.435
G1 X229.510 Y-155.356
G1 X229.339 Y-155.277
G1 X229.167 Y-155.199
G1 X228.996 Y-155.121
G1 X228.824 Y-155.043
G1 X228.652 Y-154.965
G1 X228.480 Y-154.888
G1 X228.308 Y-154.811
G1 X228.136 Y-154.734
G1 X227.963 Y-154.657
G1 X227.791 Y-154.580
G1 X227.618 Y-154.504
G1 X227.445 Y-154.428
G1 X227.273 Y-154.352
G1 X227.099 Y-154.276
G1 X226.926 Y-154.201
G1 X226.760 Y-154.128
G1 X226.593 Y-154.056
G1 X226.427 Y-153.984
G1 X226.260 Y-153.912
G1 X226.093 Y-153.840
G1 X225.926 Y-153.769
G1 X225.759 Y-153.697
G1 X225.592 Y-153.626
G1 X225.425 Y-153.555
G1 X225.257 Y-153.485
G1 X225.090 Y-153.414
G1 X224.922 Y-153.344
G1 X224.754 Y-153.273
G1 X224.586 Y-153.203
G1 X224.418 Y-153.134
G1 X224.250 Y-153.064
G1 X224.082 Y-152.994
G1 X223.914 Y-152.925
G1 X223.745 Y-152.856
G1 X223.577 Y-152.787
G1 X223.408 Y-152.718
G1 X223.239 Y-152.650
G1 X223.071 Y-152.582
G1 X222.902 Y-152.513
G1 X222.733 Y-152.445
G1 X222.563 Y-152.378
G1 X222.394 Y-152.310
G1 X222.225 Y-152.242
G1 X222.055 Y-152.175
G1 X221.885 Y-152.108
G1 X221.716 Y-152.041
G1 X221.546 Y-151.975
G1 X221.376 Y-151.908
G1 X221.206 Y-151.842
G1 X221.036 Y-151.775
G1 X220.866 Y-151.709
G1 X220.695 Y-151.644
G1 X220.525 Y-151.578
G1 X220.354 Y-151.513
G1 X220.184 Y-151.447
G1 X220.013 Y-151.382
G1 X219.842 Y-151.317
G1 X219.671 Y-151.253
G1 X219.500 Y-151.188
G1 X219.329 Y-151.124
G1 X219.158 Y-151.059
G1 X218.986 Y-150.995
G1 X218.815 Y-150.931
G1 X218.643 Y-150.868
G1 X218.471 Y-150.804
G1 X218.300 Y-150.741
G1 X218.128 Y-150.678
G1 X217.956 Y-150.615
G1 X217.784 Y-150.552
G1 X217.612 Y-150.490
G1 X217.440 Y-150.427
G1 X217.267 Y-150.365
G1 X217.095 Y-150.303
G1 X216.922 Y-150.241
G1 X216.750 Y-150.179
G1 X216.577 Y-150.118
G1 X216.404 Y-150.056
G1 X216.231 Y-149.995
G1 X216.058 Y-149.934
G1 X215.885 Y-149.873
G1 X215.712 Y-149.812
G1 X215.539 Y-149.752
G1 X215.365 Y-149.692
G1 X215.192 Y-149.631
G1 X215.019 Y-149.571
G1 X214.845 Y-149.512
G1 X214.671 Y-149.452
G1 X214.497 Y-149.393
G1 X214.324 Y-149.333
G1 X214.150 Y-149.274
G1 X213.976 Y-149.215
G1 X213.801 Y-149.156
G1 X213.627 Y-149.098
G1 X213.453 Y-149.039
G1 X213.279 Y-148.981
G1 X213.104 Y-148.923
G1 X212.929 Y-148.865
G1 X212.755 Y-148.807
G1 X212.580 Y-148.750
G1 X212.405 Y-148.692
G1 X212.230 Y-148.635
G1 X212.055 Y-148.578
G1 X211.880 Y-148.521
G1 X211.705 Y-148.464
G1 X211.530 Y-148.408
G1 X211.355 Y-148.352
G1 X211.179 Y-148.295
G1 X211.004 Y-148.239
G1 X210.828 Y-148.183
G1 X210.653 Y-148.128
G1 X210.477 Y-148.072
G1 X210.301 Y-148.017
G1 X210.125 Y-147.962
G1 X209.949 Y-147.906
G1 X209.773 Y-147.852
G1 X209.597 Y-147.797
G1 X209.421 Y-147.742
G1 X209.245 Y-147.688
G1 X209.069 Y-147.634
G1 X208.892 Y-147.580
G1 X208.716 Y-147.526
G1 X208.539 Y-147.472
G1 X208.363 Y-147.419
G1 X208.186 Y-147.365
G1 X208.009 Y-147.312
G1 X207.832 Y-147.259
G1 X207.655 Y-147.206
G1 X207.479 Y-147.153
G1 X207.301 Y-147.101
G1 X207.124 Y-147.048
G1 X206.947 Y-146.996
G1 X206.770 Y-146.944
G1 X206.593 Y-146.892
G1 X206.415 Y-146.840
G1 X206.238 Y-146.789
G1 X206.060 Y-146.737
G1 X205.883 Y-146.686
G1 X205.705 Y-146.635
G1 X205.527 Y-146.584
G1 X205.349 Y-146.533
G1 X205.172 Y-146.483
G1 X204.994 Y-146.432
G1 X204.816 Y-146.382
G1 X204.630 Y-146.330
G1 X204.445 Y-146.278
G1 X204.259 Y-146.226
G1 X204.073 Y-146.174
G1 X203.887 Y-146.123
G1 X203.702 Y-146.071
G1 X203.516 Y-146.020
G1 X203.330 Y-145.969
G1 X203.143 Y-145.918
G1 X202.957 Y-145.868
G1 X202.771 Y-145.817
G1 X202.585 Y-145.767
G1 X202.399 Y-145.717
G1 X202.212 Y-145.667
G1 X202.026 Y-145.617
G1 X201.839 Y-145.567
G1 X201.652 Y-145.518
G1 X201.466 Y-145.468
G1 X201.279 Y-145.419
G1 X201.092 Y-145.370
G1 X200.905 Y-145.321
G1 X200.719 Y-145.273
G1 X200.532 Y-145.224
G1 X200.344 Y-145.176
G1 X200.157 Y-145.128
G1 X199.970 Y-145.080
G1 X199.783 Y-145.032
G1 X199.596 Y-144.984
G1 X199.408 Y-144.937
G1 X199.221 Y-144.890
G1 X199.033 Y-144.843
G1 X198.846 Y-144.796
G1 X198.658 Y-144.749
G1 X198.470 Y-144.702
G1 X198.283 Y-144.656
G1 X198.095 Y-144.609
G1 X197.907 Y-144.563
G1 X197.719 Y-144.517
G1 X197.531 Y-144.471
G1 X197.343 Y-144.426
G1 X197.155 Y-144.380
G1 X196.967 Y-144.335
G1 X196.779 Y-144.290
G1 X196.591 Y-144.245
G1 X196.402 Y-144.200
G1 X196.214 Y-144.155
G1 X196.025 Y-144.110
G1 X195.837 Y-144.066
G1 X195.648 Y-144.022
G1 X195.460 Y-143.978
G1 X195.271 Y-143.934
G1 X195.082 Y-143.890
G1 X194.894 Y-143.847
G1 X194.705 Y-143.803
G1 X194.516 Y-143.760
G1 X194.327 Y-143.717
G1 X194.138 Y-143.674
G1 X193.949 Y-143.631
G1 X193.760 Y-143.588
G1 X193.571 Y-143.546
G1 X193.382 Y-143.504
G1 X193.192 Y-143.461
G1 X193.003 Y-143.419
G1 X192.814 Y-143.378
G1 X192.624 Y-143.336
G1 X192.435 Y-143.294
G1 X192.245 Y-143.253
G1 X192.056 Y-143.212
G1 X191.866 Y-143.171
G1 X191.677 Y-143.130
G1 X191.487 Y-143.089
G1 X191.297 Y-143.048
G1 X191.107 Y-143.008
G1 X190.918 Y-142.967
G1 X190.728 Y-142.927
G1 X190.538 Y-142.887
G1 X190.348 Y-142.847
G1 X190.158 Y-142.808
G1 X189.968 Y-142.768
G1 X189.777 Y-142.729
G1 X189.587 Y-142.689
G1 X189.397 Y-142.650
G1 X189.207 Y-142.611
G1 X189.016 Y-142.573
G1 X188.826 Y-142.534
G1 X188.636 Y-142.495
G1 X188.445 Y-142.457
G1 X188.255 Y-142.419
G1 X188.064 Y-142.381
G1 X187.874 Y-142.343
G1 X187.683 Y-142.305
G1 X187.492 Y-142.267
G1 X187.302 Y-142.230
G1 X187.111 Y-142.193
G1 X186.920 Y-142.155
G1 X186.729 Y-142.118
G1 X186.538 Y-142.082
G1 X186.348 Y-142.045
G1 X186.157 Y-142.008
G1 X185.966 Y-141.972
G1 X185.775 Y-141.935
G1 X185.583 Y-141.899
G1 X185.392 Y-141.863
G1 X185.201 Y-141.827
G1 X185.010 Y-141.792
G1 X184.819 Y-141.756
G1 X184.627 Y-141.721
G1 X184.436 Y-141.685
G1 X184.245 Y-141.650
G1 X184.053 Y-141.615
G1 X183.862 Y-141.580
G1 X183.670 Y-141.546
G1 X183.479 Y-141.511
G1 X183.287 Y-141.476
G1 X183.096 Y-141.442
G1 X182.904 Y-141.408
G1 X182.713 Y-141.374
G1 X182.521 Y-141.340
G1 X182.329 Y-141.306
G1 X182.137 Y-141.273
G1 X181.946 Y-141.239
G1 X181.754 Y-141.206
G1 X181.562 Y-141.173
G1 X181.370 Y-141.140
G1 X181.178 Y-141.107
G1 X180.986 Y-141.074
G1 X180.794 Y-141.041
G1 X180.602 Y-141.009
G1 X180.422 Y-140.978
G1 X180.241 Y-140.948
G1 X180.060 Y-140.918
G1 X179.880 Y-140.888
G1 X179.699 Y-140.858
G1 X179.518 Y-140.828
G1 X179.338 Y-140.798
G1 X179.157 Y-140.768
G1 X178.976 Y-140.739
G1 X178.795 Y-140.709
G1 X178.614 Y-140.680
G1 X178.433 Y-140.651
G1 X178.253 Y-140.622
G1 X178.072 Y-140.593
G1 X177.891 Y-140.565
G1 X177.710 Y-140.536
G1 X177.529 Y-140.507
G1 X177.348 Y-140.479
G1 X177.167 Y-140.451
G1 X176.986 Y-140.423
G1 X176.804 Y-140.394
G1 X176.623 Y-140.367
G1 X176.442 Y-140.339
G1 X176.261 Y-140.311
G1 X176.080 Y-140.283
G1 X175.898 Y-140.256
G1 X175.717 Y-140.229
G1 X175.536 Y-140.201
G1 X175.355 Y-140.174
G1 X175.173 Y-140.147
G1 X174.992 Y-140.120
G1 X174.811 Y-140.093
G1 X174.629 Y-140.066
G1 X174.448 Y-140.040
G1 X174.266 Y-140.013
G1 X174.085 Y-139.987
G1 X173.903 Y-139.960
G1 X173.722 Y-139.934
G1 X173.540 Y-139.908
G1 X173.359 Y-139.882
G1 X173.177 Y-139.856
G1 X172.996 Y-139.830
G1 X172.814 Y-139.804
G1 X172.633 Y-139.778
G1 X172.451 Y-139.753
G1 X172.269 Y-139.727
G1 X172.088 Y-139.702
G1 X171.906 Y-139.676
G1 X171.724 Y-139.651
G1 X171.542 Y-139.626
G1 X171.361 Y-139.601
G1 X171.179 Y-139.575
G1 X170.997 Y-139.551
G1 X170.815 Y-139.526
G1 X170.634 Y-139.501
G1 X170.452 Y-139.476
G1 X170.270 Y-139.451
G1 X170.088 Y-139.427
G1 X169.906 Y-139.402
G1 X169.724 Y-139.378
G1 X169.542 Y-139.354
G1 X169.360 Y-139.329
G1 X169.178 Y-139.305
G1 X168.997 Y-139.281
G1 X168.815 Y-139.257
G1 X168.633 Y-139.233
G1 X168.451 Y-139.209
G1 X168.269 Y-139.185
G1 X168.087 Y-139.161
G1 X167.905 Y-139.137
G1 X167.723 Y-139.114
G1 X167.540 Y-139.090
G1 X167.358 Y-139.066
G1 X167.176 Y-139.043
G1 X166.994 Y-139.019
G1 X166.812 Y-138.996
G1 X166.630 Y-138.973
G1 X166.448 Y-138.949
G1 X166.266 Y-138.926
G1 X166.084 Y-138.903
G1 X165.901 Y-138.880
G1 X165.719 Y-138.857
G1 X165.537 Y-138.834
G1 X165.355 Y-138.811
G1 X165.173 Y-138.788
G1 X164.991 Y-138.765
G1 X164.808 Y-138.742
G1 X164.626 Y-138.719
G1 X164.444 Y-138.696
G1 X164.262 Y-138.674
G1 X164.079 Y-138.651
G1 X163.897 Y-138.628
G1 X163.715 Y-138.606
G1 X163.533 Y-138.583
G1 X163.350 Y-138.560
G1 X163.168 Y-138.538
G1 X162.986 Y-138.516
G1 X162.804 Y-138.493
G1 X162.621 Y-138.471
G1 X162.439 Y-138.448
G1 X162.257 Y-138.426
G1 X162.074 Y-138.404
G1 X161.892 Y-138.381
G1 X161.710 Y-138.359
G1 X161.528 Y-138.337
G1 X161.345 Y-138.315
G1 X161.163 Y-138.292
G1 X160.981 Y-138.270
G1 X160.798 Y-138.248
G1 X160.616 Y-138.226
G1 X160.434 Y-138.204
G1 X160.251 Y-138.182
G1 X160.069 Y-138.160
G1 X159.887 Y-138.138
G1 X159.704 Y-138.116
G1 X159.522 Y-138.094
G1 X159.340 Y-138.072
G1 X159.157 Y-138.050
G1 X158.975 Y-138.028
G1 X158.793 Y-138.006
G1 X158.610 Y-137.984
G1 X158.428 Y-137.962
G1 X158.245 Y-137.940
G1 X158.063 Y-137.918
G1 X157.881 Y-137.896
G1 X157.698 Y-137.874
G1 X157.516 Y-137.852
G1 X157.334 Y-137.830
; Retract
G0 Z3.000

; Path 68
; Rapid to initial position
G0 X151.600 Y-151.353
G0 Z0.000
; plunge
G1 Z-0.200 F4000
; cut
G1 X151.857 Y-151.531 F4000
; Retract
G0 Z3.000

; Path 69
; Rapid to initial position
G0 X153.022 Y-153.483
G0 Z0.000
; plunge
G1 Z-0.200 F4000
; cut
G1 X127.980 Y-166.923 F4000
; Retract
G0 Z3.000

; Path 70
; Rapid to initial position
G0 X128.117 Y-162.810
G0 Z0.000
; plunge
G1 Z-0.200 F4000
; cut
G1 X127.943 Y-162.803 F4000
G1 X127.768 Y-162.796
G1 X127.594 Y-162.789
G1 X127.419 Y-162.782
G1 X127.245 Y-162.774
G1 X127.070 Y-162.767
G1 X126.896 Y-162.760
G1 X126.721 Y-162.752
G1 X126.547 Y-162.745
G1 X126.372 Y-162.737
G1 X126.198 Y-162.730
G1 X126.023 Y-162.722
G1 X125.849 Y-162.714
G1 X125.675 Y-162.706
G1 X125.500 Y-162.698
G1 X125.326 Y-162.690
G1 X125.152 Y-162.681
G1 X124.977 Y-162.673
G1 X124.803 Y-162.664
G1 X124.629 Y-162.656
G1 X124.455 Y-162.647
G1 X124.280 Y-162.637
G1 X124.106 Y-162.628
G1 X123.932 Y-162.619
G1 X123.758 Y-162.609
G1 X123.584 Y-162.599
G1 X123.410 Y-162.589
G1 X123.236 Y-162.578
G1 X123.062 Y-162.568
G1 X122.889 Y-162.557
G1 X122.715 Y-162.546
G1 X122.541 Y-162.534
G1 X122.439 Y-162.528
G1 X122.336 Y-162.521
G1 X122.234 Y-162.514
G1 X122.131 Y-162.507
G1 X122.029 Y-162.499
G1 X121.927 Y-162.492
G1 X121.824 Y-162.485
G1 X121.722 Y-162.477
G1 X121.620 Y-162.469
G1 X121.518 Y-162.462
G1 X121.415 Y-162.454
G1 X121.313 Y-162.446
G1 X121.211 Y-162.438
G1 X121.109 Y-162.429
G1 X121.007 Y-162.421
G1 X120.905 Y-162.412
G1 X120.803 Y-162.404
G1 X120.701 Y-162.395
G1 X120.599 Y-162.386
G1 X120.497 Y-162.377
G1 X120.395 Y-162.368
G1 X120.293 Y-162.359
G1 X120.192 Y-162.350
G1 X120.090 Y-162.340
G1 X119.988 Y-162.331
G1 X119.887 Y-162.321
G1 X119.785 Y-162.311
G1 X119.684 Y-162.301
G1 X119.582 Y-162.291
G1 X119.481 Y-162.280
G1 X119.379 Y-162.270
G1 X119.278 Y-162.259
G1 X119.177 Y-162.248
G1 X119.076 Y-162.238
G1 X118.975 Y-162.226
G1 X118.874 Y-162.215
G1 X118.773 Y-162.204
G1 X118.672 Y-162.192
G1 X118.571 Y-162.181
G1 X118.470 Y-162.169
G1 X118.370 Y-162.157
G1 X118.269 Y-162.145
G1 X118.169 Y-162.132
G1 X118.068 Y-162.120
G1 X117.968 Y-162.107
G1 X117.867 Y-162.094
G1 X117.767 Y-162.081
G1 X117.667 Y-162.068
G1 X117.567 Y-162.055
G1 X117.467 Y-162.041
G1 X117.367 Y-162.028
G1 X117.267 Y-162.014
G1 X117.068 Y-161.986
G1 X116.969 Y-161.971
G1 X116.869 Y-161.957
G1 X116.770 Y-161.942
G1 X116.671 Y-161.927
G1 X116.572 Y-161.912
G1 X116.473 Y-161.897
G1 X116.374 Y-161.881
G1 X116.275 Y-161.865
G1 X116.176 Y-161.850
G1 X115.979 Y-161.817
G1 X115.783 Y-161.784
G1 X115.587 Y-161.750
G1 X115.391 Y-161.715
G1 X115.197 Y-161.680
G1 X115.002 Y-161.644
G1 X114.808 Y-161.607
G1 X114.615 Y-161.569
G1 X114.422 Y-161.530
G1 X114.230 Y-161.491
G1 X114.038 Y-161.451
G1 X113.848 Y-161.410
G1 X113.657 Y-161.368
G1 X113.468 Y-161.325
G1 X113.279 Y-161.282
G1 X113.091 Y-161.237
G1 X112.904 Y-161.192
G1 X112.717 Y-161.146
G1 X112.531 Y-161.100
G1 X112.347 Y-161.052
G1 X112.162 Y-161.004
G1 X111.979 Y-160.954
G1 X111.797 Y-160.904
G1 X111.615 Y-160.853
G1 X111.435 Y-160.801
G1 X111.255 Y-160.749
G1 X111.076 Y-160.695
G1 X110.899 Y-160.641
G1 X110.722 Y-160.586
G1 X110.546 Y-160.529
G1 X110.371 Y-160.472
G1 X110.198 Y-160.414
G1 X110.036 Y-160.359
G1 X109.886 Y-160.307
G1 X109.737 Y-160.254
G1 X109.589 Y-160.201
G1 X109.442 Y-160.146
G1 X109.295 Y-160.091
G1 X109.150 Y-160.036
G1 X109.006 Y-159.979
G1 X108.863 Y-159.922
G1 X108.721 Y-159.864
G1 X108.580 Y-159.805
G1 X108.440 Y-159.746
G1 X108.302 Y-159.686
G1 X108.164 Y-159.625
G1 X108.028 Y-159.564
G1 X107.893 Y-159.501
G1 X107.760 Y-159.438
G1 X107.628 Y-159.374
G1 X107.497 Y-159.310
G1 X107.368 Y-159.245
G1 X107.240 Y-159.179
G1 X107.114 Y-159.112
G1 X106.989 Y-159.044
G1 X106.866 Y-158.976
G1 X106.744 Y-158.907
G1 X106.624 Y-158.837
G1 X106.506 Y-158.766
G1 X106.389 Y-158.695
G1 X106.274 Y-158.623
G1 X106.161 Y-158.550
G1 X106.050 Y-158.476
G1 X105.941 Y-158.402
G1 X105.825 Y-158.321
G1 X105.704 Y-158.234
G1 X105.586 Y-158.147
G1 X105.471 Y-158.058
G1 X105.357 Y-157.969
G1 X105.247 Y-157.879
G1 X105.138 Y-157.788
G1 X105.032 Y-157.696
G1 X104.929 Y-157.604
G1 X104.828 Y-157.511
G1 X104.729 Y-157.417
G1 X104.632 Y-157.323
G1 X104.538 Y-157.228
G1 X104.445 Y-157.132
G1 X104.355 Y-157.036
G1 X104.268 Y-156.940
G1 X104.182 Y-156.843
G1 X104.098 Y-156.745
G1 X104.016 Y-156.647
G1 X103.937 Y-156.548
G1 X103.859 Y-156.449
G1 X103.783 Y-156.350
G1 X103.710 Y-156.250
G1 X103.638 Y-156.150
G1 X103.568 Y-156.049
G1 X103.499 Y-155.948
G1 X103.433 Y-155.847
G1 X103.368 Y-155.746
G1 X103.305 Y-155.644
G1 X103.244 Y-155.542
G1 X103.185 Y-155.440
G1 X103.127 Y-155.337
G1 X103.057 Y-155.209
G1 X102.976 Y-155.055
G1 X102.898 Y-154.900
G1 X102.823 Y-154.745
G1 X102.752 Y-154.590
G1 X102.683 Y-154.434
G1 X102.617 Y-154.278
G1 X102.554 Y-154.122
G1 X102.494 Y-153.965
G1 X102.436 Y-153.808
G1 X102.380 Y-153.651
G1 X102.327 Y-153.493
G1 X102.275 Y-153.336
G1 X102.226 Y-153.178
G1 X102.179 Y-153.020
G1 X102.134 Y-152.862
G1 X102.100 Y-152.737
G1 X102.063 Y-152.599
G1 X102.027 Y-152.460
G1 X101.993 Y-152.321
G1 X101.959 Y-152.183
G1 X101.927 Y-152.044
G1 X101.895 Y-151.905
G1 X101.865 Y-151.766
G1 X101.835 Y-151.628
G1 X101.806 Y-151.489
G1 X101.778 Y-151.350
G1 X101.751 Y-151.211
G1 X101.724 Y-151.071
G1 X101.699 Y-150.932
G1 X101.674 Y-150.793
G1 X101.649 Y-150.654
G1 X101.625 Y-150.515
G1 X101.602 Y-150.376
G1 X101.580 Y-150.236
G1 X101.558 Y-150.097
G1 X101.536 Y-149.958
G1 X101.515 Y-149.818
G1 X101.495 Y-149.669
G1 X101.474 Y-149.520
G1 X101.461 Y-149.420
G1 X101.441 Y-149.271
G1 X101.428 Y-149.171
G1 X101.410 Y-149.022
G1 X101.397 Y-148.922
G1 X101.379 Y-148.773
G1 X101.368 Y-148.673
G1 X101.351 Y-148.524
G1 X101.339 Y-148.424
G1 X101.323 Y-148.275
G1 X101.313 Y-148.175
G1 X101.302 Y-148.075
G1 X101.287 Y-147.926
G1 X101.277 Y-147.826
G1 X101.263 Y-147.677
G1 X101.254 Y-147.577
G1 X101.245 Y-147.477
G1 X101.232 Y-147.328
G1 X101.223 Y-147.228
G1 X101.215 Y-147.128
G1 X101.203 Y-146.979
G1 X101.195 Y-146.879
G1 X101.188 Y-146.779
G1 X101.180 Y-146.679
G1 X101.177 Y-146.630
; Retract
G0 Z3.000

; Path 71
; Rapid to initial position
G0 X100.921 Y-145.147
G0 Z0.000
; plunge
G1 Z-0.200 F4000
; cut
G1 X100.814 Y-145.166 F4000
G1 X100.707 Y-145.186
G1 X100.600 Y-145.206
G1 X100.493 Y-145.226
G1 X100.386 Y-145.245
G1 X100.279 Y-145.265
G1 X100.172 Y-145.285
G1 X100.065 Y-145.305
G1 X99.958 Y-145.325
G1 X99.851 Y-145.345
G1 X99.744 Y-145.365
G1 X99.638 Y-145.386
G1 X99.531 Y-145.406
G1 X99.424 Y-145.426
G1 X99.318 Y-145.447
G1 X99.211 Y-145.467
G1 X99.105 Y-145.488
G1 X98.998 Y-145.508
G1 X98.892 Y-145.529
G1 X98.786 Y-145.550
G1 X98.680 Y-145.571
G1 X98.574 Y-145.592
G1 X98.468 Y-145.613
G1 X98.362 Y-145.635
G1 X98.256 Y-145.656
G1 X98.138 Y-145.683
G1 X98.020 Y-145.710
G1 X97.903 Y-145.737
G1 X97.785 Y-145.764
G1 X97.668 Y-145.792
G1 X97.552 Y-145.820
G1 X97.435 Y-145.848
G1 X97.319 Y-145.877
G1 X97.203 Y-145.906
G1 X97.087 Y-145.935
G1 X96.972 Y-145.964
G1 X96.857 Y-145.994
G1 X96.742 Y-146.023
G1 X96.627 Y-146.053
G1 X96.512 Y-146.084
G1 X96.398 Y-146.114
G1 X96.284 Y-146.145
G1 X96.171 Y-146.176
G1 X96.057 Y-146.207
G1 X95.944 Y-146.239
G1 X95.831 Y-146.271
G1 X95.719 Y-146.303
G1 X95.606 Y-146.335
G1 X95.494 Y-146.367
G1 X95.382 Y-146.400
G1 X95.271 Y-146.433
G1 X95.160 Y-146.466
G1 X95.049 Y-146.500
G1 X94.938 Y-146.533
G1 X94.828 Y-146.567
G1 X94.718 Y-146.602
G1 X94.608 Y-146.636
G1 X94.498 Y-146.671
G1 X94.389 Y-146.706
G1 X94.280 Y-146.741
G1 X94.171 Y-146.776
G1 X94.063 Y-146.812
G1 X93.955 Y-146.848
G1 X93.847 Y-146.884
G1 X93.740 Y-146.920
G1 X93.633 Y-146.957
G1 X93.526 Y-146.994
G1 X93.419 Y-147.031
G1 X93.313 Y-147.068
G1 X93.207 Y-147.106
G1 X93.101 Y-147.143
G1 X92.996 Y-147.181
G1 X92.891 Y-147.220
G1 X92.786 Y-147.258
G1 X92.682 Y-147.297
G1 X92.577 Y-147.336
G1 X92.474 Y-147.375
G1 X92.370 Y-147.414
G1 X92.267 Y-147.454
G1 X92.164 Y-147.494
G1 X92.062 Y-147.534
G1 X91.959 Y-147.574
G1 X91.857 Y-147.615
G1 X91.756 Y-147.656
G1 X91.655 Y-147.697
G1 X91.554 Y-147.738
G1 X91.453 Y-147.779
G1 X91.353 Y-147.821
G1 X91.253 Y-147.863
G1 X91.118 Y-147.941
G1 X90.987 Y-148.021
G1 X90.859 Y-148.103
G1 X90.734 Y-148.185
G1 X90.612 Y-148.269
G1 X90.493 Y-148.354
G1 X90.377 Y-148.440
G1 X90.264 Y-148.527
G1 X90.154 Y-148.615
G1 X90.047 Y-148.704
G1 X89.943 Y-148.794
G1 X89.842 Y-148.884
G1 X89.744 Y-148.976
G1 X89.648 Y-149.068
G1 X89.556 Y-149.162
G1 X89.466 Y-149.255
G1 X89.377 Y-149.352
G1 X89.290 Y-149.448
G1 X89.206 Y-149.546
G1 X89.125 Y-149.644
G1 X89.045 Y-149.742
G1 X88.969 Y-149.841
G1 X88.894 Y-149.941
G1 X88.823 Y-150.041
G1 X88.753 Y-150.141
G1 X88.685 Y-150.242
G1 X88.619 Y-150.343
G1 X88.556 Y-150.444
G1 X88.494 Y-150.546
G1 X88.434 Y-150.648
G1 X88.376 Y-150.750
G1 X88.319 Y-150.853
G1 X88.265 Y-150.955
G1 X88.211 Y-151.058
G1 X88.160 Y-151.162
G1 X88.110 Y-151.265
G1 X88.061 Y-151.368
G1 X88.014 Y-151.472
G1 X87.968 Y-151.576
G1 X87.923 Y-151.680
G1 X87.880 Y-151.784
G1 X87.838 Y-151.888
G1 X87.797 Y-151.993
G1 X87.757 Y-152.097
G1 X87.718 Y-152.202
G1 X87.681 Y-152.307
G1 X87.644 Y-152.411
G1 X87.608 Y-152.516
G1 X87.572 Y-152.621
G1 X87.538 Y-152.726
G1 X87.505 Y-152.831
G1 X87.472 Y-152.936
G1 X87.440 Y-153.041
G1 X87.408 Y-153.147
G1 X87.378 Y-153.252
G1 X87.347 Y-153.357
G1 X87.318 Y-153.463
G1 X87.289 Y-153.568
G1 X87.260 Y-153.673
G1 X87.232 Y-153.779
G1 X87.205 Y-153.884
G1 X87.177 Y-153.990
G1 X87.150 Y-154.096
G1 X87.124 Y-154.201
G1 X87.097 Y-154.307
G1 X87.071 Y-154.412
G1 X87.045 Y-154.518
G1 X87.019 Y-154.624
G1 X86.994 Y-154.729
G1 X86.968 Y-154.835
G1 X86.929 Y-154.993
G1 X86.906 Y-155.092
G1 X86.872 Y-155.231
G1 X86.838 Y-155.370
G1 X86.805 Y-155.508
G1 X86.771 Y-155.647
G1 X86.737 Y-155.786
G1 X86.703 Y-155.924
G1 X86.669 Y-156.063
G1 X86.566 Y-156.479
G1 X86.532 Y-156.617
G1 X86.498 Y-156.756
G1 X86.464 Y-156.895
G1 X86.430 Y-157.033
G1 X86.396 Y-157.172
G1 X86.362 Y-157.311
G1 X86.329 Y-157.449
G1 X86.296 Y-157.588
G1 X86.262 Y-157.727
G1 X86.229 Y-157.865
G1 X86.197 Y-158.004
G1 X86.164 Y-158.143
G1 X86.132 Y-158.281
G1 X86.100 Y-158.420
G1 X86.068 Y-158.559
G1 X86.037 Y-158.698
G1 X86.006 Y-158.837
G1 X85.976 Y-158.975
G1 X85.945 Y-159.114
G1 X85.916 Y-159.253
G1 X85.887 Y-159.392
G1 X85.858 Y-159.531
G1 X85.829 Y-159.670
G1 X85.802 Y-159.809
G1 X85.774 Y-159.948
G1 X85.748 Y-160.087
G1 X85.721 Y-160.226
G1 X85.696 Y-160.365
G1 X85.671 Y-160.504
G1 X85.646 Y-160.643
G1 X85.623 Y-160.783
G1 X85.600 Y-160.922
G1 X85.584 Y-161.021
G1 X85.567 Y-161.127
G1 X85.551 Y-161.233
G1 X85.535 Y-161.339
G1 X85.520 Y-161.446
G1 X85.505 Y-161.552
G1 X85.491 Y-161.658
G1 X85.477 Y-161.764
G1 X85.464 Y-161.870
G1 X85.451 Y-161.977
G1 X85.439 Y-162.083
G1 X85.428 Y-162.189
G1 X85.416 Y-162.296
G1 X85.406 Y-162.402
G1 X85.396 Y-162.509
G1 X85.387 Y-162.615
G1 X85.378 Y-162.722
G1 X85.370 Y-162.828
G1 X85.362 Y-162.934
G1 X85.356 Y-163.041
G1 X85.349 Y-163.147
G1 X85.344 Y-163.254
G1 X85.339 Y-163.360
G1 X85.335 Y-163.467
G1 X85.332 Y-163.574
G1 X85.329 Y-163.680
G1 X85.327 Y-163.787
G1 X85.326 Y-163.893
G1 X85.325 Y-164.000
G1 X85.326 Y-164.106
G1 X85.327 Y-164.213
G1 X85.329 Y-164.319
G1 X85.332 Y-164.426
G1 X85.335 Y-164.532
G1 X85.340 Y-164.639
G1 X85.345 Y-164.745
G1 X85.351 Y-164.851
G1 X85.358 Y-164.958
G1 X85.366 Y-165.064
G1 X85.375 Y-165.170
G1 X85.385 Y-165.277
G1 X85.395 Y-165.383
G1 X85.407 Y-165.489
G1 X85.419 Y-165.596
G1 X85.433 Y-165.702
G1 X85.447 Y-165.808
G1 X85.463 Y-165.914
G1 X85.479 Y-166.020
G1 X85.497 Y-166.126
G1 X85.515 Y-166.232
G1 X85.535 Y-166.338
G1 X85.556 Y-166.444
G1 X85.577 Y-166.550
G1 X85.600 Y-166.656
G1 X85.624 Y-166.761
G1 X85.649 Y-166.867
G1 X85.675 Y-166.973
G1 X85.702 Y-167.078
G1 X85.730 Y-167.184
G1 X85.760 Y-167.289
G1 X85.791 Y-167.395
G1 X85.822 Y-167.500
G1 X85.855 Y-167.605
G1 X85.890 Y-167.710
G1 X85.925 Y-167.815
G1 X85.961 Y-167.920
G1 X85.999 Y-168.025
G1 X86.038 Y-168.129
G1 X86.078 Y-168.234
G1 X86.120 Y-168.338
G1 X86.163 Y-168.442
G1 X86.207 Y-168.546
G1 X86.252 Y-168.650
G1 X86.299 Y-168.754
G1 X86.347 Y-168.858
G1 X86.396 Y-168.961
G1 X86.446 Y-169.065
G1 X86.498 Y-169.168
G1 X86.551 Y-169.271
G1 X86.605 Y-169.373
G1 X86.661 Y-169.476
G1 X86.718 Y-169.578
G1 X86.776 Y-169.680
G1 X86.836 Y-169.782
G1 X86.897 Y-169.884
G1 X86.959 Y-169.986
G1 X87.022 Y-170.087
G1 X87.087 Y-170.188
G1 X87.153 Y-170.289
G1 X87.221 Y-170.390
G1 X87.289 Y-170.490
G1 X87.360 Y-170.590
G1 X87.431 Y-170.690
G1 X87.504 Y-170.790
G1 X87.578 Y-170.889
G1 X87.653 Y-170.989
G1 X87.730 Y-171.087
G1 X87.808 Y-171.186
G1 X87.887 Y-171.284
G1 X87.968 Y-171.383
G1 X88.050 Y-171.480
G1 X88.133 Y-171.578
G1 X88.217 Y-171.675
G1 X88.303 Y-171.772
G1 X88.390 Y-171.869
G1 X88.478 Y-171.965
G1 X88.567 Y-172.061
G1 X88.658 Y-172.157
G1 X88.750 Y-172.252
G1 X88.843 Y-172.347
G1 X88.938 Y-172.442
G1 X89.033 Y-172.536
G1 X89.130 Y-172.630
G1 X89.229 Y-172.724
G1 X89.328 Y-172.817
G1 X89.429 Y-172.910
G1 X89.531 Y-173.003
G1 X89.634 Y-173.095
G1 X89.738 Y-173.187
G1 X89.844 Y-173.279
G1 X89.951 Y-173.370
G1 X90.059 Y-173.461
G1 X90.168 Y-173.551
G1 X90.278 Y-173.641
G1 X90.390 Y-173.731
G1 X90.503 Y-173.820
G1 X90.617 Y-173.909
G1 X90.732 Y-173.997
G1 X90.852 Y-174.088
G1 X90.978 Y-174.181
G1 X91.104 Y-174.274
G1 X91.232 Y-174.366
G1 X91.361 Y-174.457
G1 X91.492 Y-174.548
G1 X91.624 Y-174.639
G1 X91.756 Y-174.729
G1 X91.891 Y-174.818
G1 X92.026 Y-174.907
G1 X92.162 Y-174.996
G1 X92.300 Y-175.084
G1 X92.439 Y-175.172
G1 X92.579 Y-175.259
G1 X92.720 Y-175.345
G1 X92.862 Y-175.432
G1 X93.006 Y-175.517
G1 X93.151 Y-175.602
G1 X93.296 Y-175.687
G1 X93.443 Y-175.771
G1 X93.591 Y-175.854
G1 X93.740 Y-175.937
G1 X93.890 Y-176.020
G1 X94.042 Y-176.102
G1 X94.194 Y-176.183
G1 X94.347 Y-176.264
G1 X94.501 Y-176.345
G1 X94.657 Y-176.425
G1 X94.813 Y-176.504
G1 X94.971 Y-176.583
G1 X95.129 Y-176.661
G1 X95.288 Y-176.739
G1 X95.449 Y-176.817
G1 X95.610 Y-176.893
G1 X95.772 Y-176.970
G1 X95.936 Y-177.045
G1 X96.100 Y-177.120
G1 X96.265 Y-177.195
G1 X96.431 Y-177.269
G1 X96.598 Y-177.343
G1 X96.766 Y-177.416
G1 X96.934 Y-177.488
G1 X97.104 Y-177.560
G1 X97.275 Y-177.631
G1 X97.446 Y-177.702
G1 X97.618 Y-177.773
G1 X97.791 Y-177.842
G1 X97.965 Y-177.911
G1 X98.140 Y-177.980
G1 X98.315 Y-178.048
G1 X98.491 Y-178.116
G1 X98.669 Y-178.183
G1 X98.846 Y-178.249
G1 X99.025 Y-178.315
G1 X99.204 Y-178.380
G1 X99.385 Y-178.445
G1 X99.565 Y-178.509
G1 X99.747 Y-178.572
G1 X99.929 Y-178.635
G1 X100.112 Y-178.698
G1 X100.296 Y-178.760
G1 X100.481 Y-178.821
G1 X100.666 Y-178.882
G1 X100.852 Y-178.942
G1 X101.033 Y-179.000
G1 X101.209 Y-179.055
G1 X101.386 Y-179.110
G1 X101.563 Y-179.164
G1 X101.742 Y-179.218
G1 X101.921 Y-179.271
G1 X102.100 Y-179.324
G1 X102.280 Y-179.376
G1 X102.461 Y-179.428
G1 X102.642 Y-179.479
G1 X102.824 Y-179.530
G1 X103.006 Y-179.580
G1 X103.189 Y-179.629
G1 X103.373 Y-179.678
G1 X103.557 Y-179.727
G1 X103.742 Y-179.775
G1 X103.927 Y-179.822
G1 X104.113 Y-179.869
G1 X104.299 Y-179.915
G1 X104.486 Y-179.961
G1 X104.673 Y-180.006
G1 X104.861 Y-180.050
G1 X105.050 Y-180.094
G1 X105.239 Y-180.137
G1 X105.428 Y-180.180
G1 X105.618 Y-180.222
G1 X105.808 Y-180.263
G1 X105.999 Y-180.304
G1 X106.191 Y-180.344
G1 X106.383 Y-180.384
G1 X106.575 Y-180.423
G1 X106.768 Y-180.461
G1 X106.961 Y-180.499
G1 X107.155 Y-180.536
G1 X107.349 Y-180.573
G1 X107.544 Y-180.608
G1 X107.739 Y-180.643
G1 X107.934 Y-180.678
G1 X108.130 Y-180.712
G1 X108.327 Y-180.745
G1 X108.523 Y-180.777
G1 X108.622 Y-180.793
G1 X108.721 Y-180.809
G1 X108.918 Y-180.840
G1 X109.017 Y-180.856
G1 X109.116 Y-180.871
G1 X109.215 Y-180.886
G1 X109.314 Y-180.901
G1 X109.414 Y-180.915
G1 X109.513 Y-180.930
G1 X109.613 Y-180.944
G1 X109.812 Y-180.972
G1 X109.912 Y-180.986
G1 X110.111 Y-181.013
G1 X110.211 Y-181.026
G1 X110.312 Y-181.039
G1 X110.412 Y-181.052
G1 X110.512 Y-181.065
G1 X110.613 Y-181.077
G1 X110.713 Y-181.090
G1 X110.814 Y-181.102
G1 X110.914 Y-181.114
G1 X111.015 Y-181.126
G1 X111.116 Y-181.137
G1 X111.217 Y-181.149
G1 X111.318 Y-181.160
G1 X111.419 Y-181.171
G1 X111.520 Y-181.182
G1 X111.621 Y-181.193
G1 X111.722 Y-181.203
G1 X111.824 Y-181.213
G1 X111.925 Y-181.224
G1 X112.027 Y-181.234
G1 X112.128 Y-181.243
G1 X112.230 Y-181.253
G1 X112.332 Y-181.262
G1 X112.434 Y-181.272
G1 X112.535 Y-181.281
G1 X112.637 Y-181.290
G1 X112.739 Y-181.298
G1 X112.842 Y-181.307
G1 X112.944 Y-181.315
G1 X113.046 Y-181.323
G1 X113.148 Y-181.331
G1 X113.251 Y-181.339
G1 X113.353 Y-181.346
G1 X113.455 Y-181.353
G1 X113.558 Y-181.360
G1 X113.660 Y-181.367
G1 X113.763 Y-181.374
G1 X113.865 Y-181.380
G1 X113.968 Y-181.386
G1 X114.071 Y-181.392
G1 X114.174 Y-181.398
G1 X114.276 Y-181.404
G1 X114.379 Y-181.409
G1 X114.482 Y-181.414
G1 X114.585 Y-181.419
G1 X114.688 Y-181.424
G1 X114.791 Y-181.429
G1 X114.894 Y-181.433
G1 X114.997 Y-181.437
G1 X115.100 Y-181.441
G1 X115.203 Y-181.445
G1 X115.306 Y-181.448
G1 X115.410 Y-181.452
G1 X115.513 Y-181.455
G1 X115.616 Y-181.458
G1 X115.719 Y-181.460
G1 X115.823 Y-181.463
G1 X115.926 Y-181.465
G1 X116.029 Y-181.467
G1 X116.133 Y-181.468
G1 X116.236 Y-181.470
G1 X116.339 Y-181.471
G1 X116.443 Y-181.472
G1 X116.546 Y-181.473
G1 X116.649 Y-181.474
G1 X116.753 Y-181.474
G1 X116.856 Y-181.474
G1 X116.960 Y-181.474
G1 X117.063 Y-181.474
G1 X117.166 Y-181.474
G1 X117.270 Y-181.473
G1 X117.373 Y-181.472
G1 X117.476 Y-181.471
G1 X117.580 Y-181.469
G1 X117.683 Y-181.468
G1 X117.786 Y-181.466
G1 X117.890 Y-181.464
G1 X117.993 Y-181.461
G1 X118.096 Y-181.459
G1 X118.199 Y-181.456
G1 X118.302 Y-181.453
G1 X118.406 Y-181.450
G1 X118.509 Y-181.446
G1 X118.612 Y-181.442
G1 X118.715 Y-181.438
G1 X118.818 Y-181.434
G1 X118.921 Y-181.429
G1 X119.024 Y-181.425
G1 X119.127 Y-181.420
G1 X119.230 Y-181.415
G1 X119.333 Y-181.409
G1 X119.435 Y-181.403
G1 X119.538 Y-181.397
G1 X119.641 Y-181.391
G1 X119.744 Y-181.385
G1 X119.846 Y-181.378
G1 X119.949 Y-181.371
G1 X120.051 Y-181.364
G1 X120.154 Y-181.357
G1 X120.256 Y-181.349
G1 X120.358 Y-181.341
G1 X120.460 Y-181.333
G1 X120.562 Y-181.324
G1 X120.664 Y-181.316
G1 X120.766 Y-181.307
G1 X120.868 Y-181.297
G1 X120.970 Y-181.288
G1 X121.071 Y-181.278
G1 X121.173 Y-181.268
G1 X121.274 Y-181.258
G1 X121.376 Y-181.248
G1 X121.477 Y-181.237
G1 X121.578 Y-181.226
G1 X121.679 Y-181.215
G1 X121.780 Y-181.203
G1 X121.881 Y-181.192
G1 X121.982 Y-181.180
G1 X122.082 Y-181.168
G1 X122.183 Y-181.155
G1 X122.283 Y-181.143
G1 X122.384 Y-181.130
G1 X122.484 Y-181.117
G1 X122.584 Y-181.104
G1 X122.684 Y-181.090
G1 X122.784 Y-181.076
G1 X122.983 Y-181.048
G1 X123.082 Y-181.033
G1 X123.182 Y-181.019
G1 X123.281 Y-181.004
G1 X123.380 Y-180.989
G1 X123.479 Y-180.973
G1 X123.578 Y-180.958
G1 X123.775 Y-180.926
G1 X123.972 Y-180.893
G1 X124.168 Y-180.859
G1 X124.363 Y-180.825
G1 X124.558 Y-180.789
G1 X124.753 Y-180.753
G1 X124.947 Y-180.716
G1 X125.140 Y-180.678
G1 X125.332 Y-180.639
G1 X125.524 Y-180.600
G1 X125.716 Y-180.559
G1 X125.906 Y-180.518
G1 X126.096 Y-180.476
G1 X126.282 Y-180.434
G1 X126.465 Y-180.391
G1 X126.648 Y-180.348
G1 X126.829 Y-180.305
G1 X127.010 Y-180.260
G1 X127.190 Y-180.215
G1 X127.370 Y-180.169
G1 X127.548 Y-180.123
G1 X127.727 Y-180.076
G1 X127.904 Y-180.028
G1 X128.081 Y-179.980
G1 X128.257 Y-179.931
G1 X128.432 Y-179.881
G1 X128.607 Y-179.830
G1 X128.781 Y-179.780
G1 X128.954 Y-179.728
G1 X129.127 Y-179.676
G1 X129.298 Y-179.623
G1 X129.469 Y-179.569
G1 X129.640 Y-179.515
G1 X129.810 Y-179.461
G1 X129.979 Y-179.405
G1 X130.147 Y-179.350
G1 X130.314 Y-179.293
G1 X130.481 Y-179.236
G1 X130.647 Y-179.179
G1 X130.812 Y-179.121
G1 X130.977 Y-179.062
G1 X131.141 Y-179.003
G1 X131.304 Y-178.943
G1 X131.467 Y-178.882
G1 X131.628 Y-178.822
G1 X131.789 Y-178.760
G1 X131.949 Y-178.698
G1 X132.109 Y-178.636
G1 X132.267 Y-178.573
G1 X132.425 Y-178.509
G1 X132.582 Y-178.445
G1 X132.739 Y-178.381
G1 X132.895 Y-178.316
G1 X133.049 Y-178.251
G1 X133.204 Y-178.185
G1 X133.357 Y-178.118
G1 X133.510 Y-178.051
G1 X133.661 Y-177.984
G1 X133.812 Y-177.916
G1 X133.963 Y-177.848
G1 X134.112 Y-177.779
G1 X134.261 Y-177.710
G1 X134.409 Y-177.640
G1 X134.556 Y-177.570
G1 X134.702 Y-177.500
G1 X134.848 Y-177.429
G1 X134.993 Y-177.358
G1 X135.137 Y-177.286
G1 X135.280 Y-177.214
G1 X135.422 Y-177.141
G1 X135.564 Y-177.068
G1 X135.705 Y-176.995
G1 X135.845 Y-176.921
G1 X135.984 Y-176.847
G1 X136.122 Y-176.773
G1 X136.260 Y-176.698
G1 X136.397 Y-176.623
G1 X136.519 Y-176.539
G1 X136.628 Y-176.446
G1 X136.735 Y-176.354
G1 X136.841 Y-176.261
G1 X136.947 Y-176.167
G1 X137.052 Y-176.074
G1 X137.156 Y-175.981
G1 X137.259 Y-175.887
G1 X137.361 Y-175.793
G1 X137.462 Y-175.699
G1 X137.562 Y-175.605
G1 X137.661 Y-175.510
G1 X137.760 Y-175.416
G1 X137.857 Y-175.321
G1 X137.954 Y-175.226
G1 X138.050 Y-175.131
G1 X138.145 Y-175.036
G1 X138.238 Y-174.940
G1 X138.332 Y-174.845
G1 X138.424 Y-174.749
G1 X138.515 Y-174.653
G1 X138.605 Y-174.557
G1 X138.695 Y-174.461
G1 X138.783 Y-174.364
G1 X138.871 Y-174.268
G1 X138.958 Y-174.171
G1 X139.044 Y-174.074
G1 X139.129 Y-173.977
G1 X139.213 Y-173.880
G1 X139.296 Y-173.783
G1 X139.378 Y-173.685
G1 X139.460 Y-173.588
G1 X139.540 Y-173.490
G1 X139.620 Y-173.392
G1 X139.698 Y-173.294
G1 X139.776 Y-173.196
G1 X139.853 Y-173.098
G1 X139.929 Y-173.000
G1 X140.004 Y-172.901
G1 X140.079 Y-172.803
G1 X140.152 Y-172.704
G1 X140.224 Y-172.605
G1 X140.296 Y-172.506
G1 X140.367 Y-172.407
G1 X140.436 Y-172.307
G1 X140.505 Y-172.208
G1 X140.573 Y-172.109
G1 X140.640 Y-172.009
G1 X140.707 Y-171.909
G1 X140.772 Y-171.809
G1 X140.836 Y-171.709
G1 X140.900 Y-171.609
G1 X140.962 Y-171.509
G1 X141.024 Y-171.409
G1 X141.085 Y-171.308
G1 X141.145 Y-171.208
G1 X141.204 Y-171.107
G1 X141.262 Y-171.007
G1 X141.319 Y-170.906
G1 X141.376 Y-170.805
G1 X141.431 Y-170.704
G1 X141.486 Y-170.603
G1 X141.539 Y-170.502
G1 X141.592 Y-170.400
G1 X141.644 Y-170.299
G1 X141.695 Y-170.198
G1 X141.745 Y-170.096
G1 X141.794 Y-169.994
G1 X141.843 Y-169.893
G1 X141.890 Y-169.791
G1 X141.936 Y-169.689
G1 X141.982 Y-169.587
G1 X142.027 Y-169.485
G1 X142.071 Y-169.383
G1 X142.114 Y-169.281
G1 X142.156 Y-169.179
G1 X142.197 Y-169.076
G1 X142.237 Y-168.974
G1 X142.277 Y-168.871
G1 X142.315 Y-168.769
G1 X142.353 Y-168.666
G1 X142.389 Y-168.564
G1 X142.425 Y-168.461
G1 X142.460 Y-168.358
G1 X142.494 Y-168.255
G1 X142.527 Y-168.152
G1 X142.560 Y-168.049
G1 X142.591 Y-167.946
G1 X142.621 Y-167.843
G1 X142.651 Y-167.740
G1 X142.680 Y-167.637
G1 X142.707 Y-167.534
G1 X142.734 Y-167.431
G1 X142.760 Y-167.327
G1 X142.786 Y-167.224
G1 X142.810 Y-167.121
G1 X142.833 Y-167.017
G1 X142.856 Y-166.914
G1 X142.877 Y-166.810
G1 X142.898 Y-166.707
G1 X142.918 Y-166.603
G1 X142.936 Y-166.500
G1 X142.954 Y-166.396
G1 X142.972 Y-166.292
G1 X142.988 Y-166.189
G1 X143.003 Y-166.085
G1 X143.018 Y-165.981
G1 X143.031 Y-165.877
G1 X143.044 Y-165.774
G1 X143.056 Y-165.670
G1 X143.066 Y-165.566
G1 X143.076 Y-165.462
G1 X143.086 Y-165.358
G1 X143.094 Y-165.255
G1 X143.101 Y-165.151
G1 X143.108 Y-165.047
G1 X143.113 Y-164.943
G1 X143.118 Y-164.839
G1 X143.121 Y-164.735
G1 X143.124 Y-164.631
G1 X143.126 Y-164.527
G1 X143.127 Y-164.423
G1 X143.128 Y-164.320
G1 X143.127 Y-164.216
G1 X143.125 Y-164.112
G1 X143.123 Y-164.008
G1 X143.120 Y-163.904
G1 X143.115 Y-163.800
G1 X143.110 Y-163.696
G1 X143.104 Y-163.592
G1 X143.097 Y-163.489
G1 X143.090 Y-163.385
G1 X143.081 Y-163.281
G1 X143.071 Y-163.177
G1 X143.061 Y-163.073
G1 X143.050 Y-162.970
G1 X143.037 Y-162.866
G1 X143.024 Y-162.762
G1 X143.010 Y-162.659
G1 X142.995 Y-162.555
G1 X142.980 Y-162.451
G1 X142.963 Y-162.348
G1 X142.945 Y-162.244
G1 X142.927 Y-162.141
G1 X142.908 Y-162.037
G1 X142.887 Y-161.934
G1 X142.866 Y-161.831
G1 X142.844 Y-161.727
G1 X142.821 Y-161.624
G1 X142.798 Y-161.521
G1 X142.773 Y-161.417
G1 X142.748 Y-161.314
G1 X142.721 Y-161.211
G1 X142.694 Y-161.108
G1 X142.666 Y-161.005
G1 X142.637 Y-160.902
G1 X142.607 Y-160.799
G1 X142.576 Y-160.696
G1 X142.544 Y-160.594
G1 X142.511 Y-160.491
G1 X142.478 Y-160.388
G1 X142.444 Y-160.286
G1 X142.408 Y-160.183
G1 X142.372 Y-160.080
G1 X142.335 Y-159.978
G1 X142.297 Y-159.876
G1 X142.258 Y-159.773
G1 X142.219 Y-159.671
G1 X142.178 Y-159.569
G1 X142.137 Y-159.467
G1 X142.094 Y-159.365
G1 X142.051 Y-159.263
G1 X142.007 Y-159.161
G1 X141.962 Y-159.060
G1 X141.916 Y-158.958
G1 X141.869 Y-158.856
G1 X141.822 Y-158.755
G1 X141.773 Y-158.654
G1 X141.724 Y-158.552
G1 X141.673 Y-158.451
G1 X141.622 Y-158.350
G1 X141.570 Y-158.249
G1 X141.517 Y-158.148
G1 X141.463 Y-158.047
G1 X141.408 Y-157.946
G1 X141.353 Y-157.846
G1 X141.296 Y-157.745
G1 X141.239 Y-157.645
G1 X141.181 Y-157.545
G1 X141.121 Y-157.444
G1 X141.061 Y-157.344
G1 X141.001 Y-157.244
G1 X140.939 Y-157.144
G1 X140.876 Y-157.045
G1 X140.812 Y-156.945
G1 X140.748 Y-156.845
G1 X140.683 Y-156.746
G1 X140.616 Y-156.647
G1 X140.549 Y-156.548
G1 X140.481 Y-156.448
G1 X140.413 Y-156.350
G1 X140.343 Y-156.251
G1 X140.272 Y-156.152
G1 X140.201 Y-156.054
G1 X140.128 Y-155.955
G1 X140.055 Y-155.857
G1 X139.981 Y-155.759
G1 X139.906 Y-155.661
G1 X139.830 Y-155.563
G1 X139.753 Y-155.465
G1 X139.675 Y-155.367
G1 X139.597 Y-155.270
G1 X139.517 Y-155.173
G1 X139.437 Y-155.076
G1 X139.356 Y-154.979
G1 X139.274 Y-154.882
G1 X139.191 Y-154.785
G1 X139.107 Y-154.688
G1 X139.022 Y-154.592
G1 X138.936 Y-154.496
G1 X138.850 Y-154.400
G1 X138.763 Y-154.304
G1 X138.674 Y-154.208
G1 X138.585 Y-154.112
G1 X138.495 Y-154.017
G1 X138.404 Y-153.921
G1 X138.312 Y-153.826
G1 X138.220 Y-153.731
G1 X138.126 Y-153.637
G1 X138.032 Y-153.542
G1 X137.936 Y-153.447
G1 X137.840 Y-153.353
G1 X137.743 Y-153.259
G1 X137.645 Y-153.165
G1 X137.546 Y-153.071
G1 X137.447 Y-152.978
G1 X137.346 Y-152.884
G1 X137.245 Y-152.791
G1 X137.142 Y-152.698
G1 X137.039 Y-152.605
G1 X136.935 Y-152.513
G1 X136.830 Y-152.420
G1 X136.724 Y-152.328
G1 X136.617 Y-152.236
G1 X136.510 Y-152.144
G1 X136.401 Y-152.052
G1 X136.292 Y-151.961
G1 X136.182 Y-151.869
G1 X136.070 Y-151.778
G1 X135.958 Y-151.687
G1 X135.846 Y-151.597
G1 X135.732 Y-151.506
G1 X135.617 Y-151.416
G1 X135.502 Y-151.326
G1 X135.385 Y-151.236
G1 X135.268 Y-151.146
G1 X135.122 Y-151.036
G1 X135.034 Y-150.972
G1 X134.946 Y-150.907
G1 X134.857 Y-150.843
G1 X134.767 Y-150.779
G1 X134.677 Y-150.715
G1 X134.587 Y-150.652
G1 X134.496 Y-150.588
G1 X134.404 Y-150.526
G1 X134.312 Y-150.463
G1 X134.219 Y-150.401
G1 X134.126 Y-150.339
G1 X134.032 Y-150.277
G1 X133.938 Y-150.216
G1 X133.843 Y-150.154
G1 X133.748 Y-150.094
G1 X133.652 Y-150.033
G1 X133.555 Y-149.973
G1 X133.459 Y-149.913
G1 X133.361 Y-149.853
G1 X133.263 Y-149.794
G1 X133.165 Y-149.735
G1 X133.066 Y-149.676
G1 X132.966 Y-149.617
G1 X132.866 Y-149.559
G1 X132.766 Y-149.501
G1 X132.665 Y-149.444
G1 X132.564 Y-149.387
G1 X132.462 Y-149.330
G1 X132.359 Y-149.273
G1 X132.256 Y-149.216
G1 X132.153 Y-149.160
G1 X132.049 Y-149.104
G1 X131.945 Y-149.049
G1 X131.840 Y-148.994
G1 X131.735 Y-148.939
G1 X131.629 Y-148.884
G1 X131.523 Y-148.830
G1 X131.416 Y-148.776
G1 X131.309 Y-148.722
G1 X131.201 Y-148.669
G1 X131.093 Y-148.616
G1 X130.985 Y-148.563
G1 X130.876 Y-148.511
G1 X130.766 Y-148.458
G1 X130.656 Y-148.407
G1 X130.546 Y-148.355
G1 X130.435 Y-148.304
G1 X130.324 Y-148.253
G1 X130.213 Y-148.202
G1 X130.101 Y-148.152
G1 X129.988 Y-148.102
G1 X129.875 Y-148.052
G1 X129.762 Y-148.003
G1 X129.648 Y-147.954
G1 X129.534 Y-147.905
G1 X129.419 Y-147.856
G1 X129.304 Y-147.808
G1 X129.189 Y-147.760
G1 X129.073 Y-147.713
G1 X128.957 Y-147.665
G1 X128.840 Y-147.619
G1 X128.723 Y-147.572
G1 X128.605 Y-147.526
G1 X128.487 Y-147.480
G1 X128.369 Y-147.434
G1 X128.250 Y-147.389
G1 X128.131 Y-147.344
G1 X128.012 Y-147.299
G1 X127.892 Y-147.255
G1 X127.772 Y-147.210
G1 X127.651 Y-147.167
G1 X127.530 Y-147.123
G1 X127.409 Y-147.080
G1 X127.287 Y-147.037
G1 X127.165 Y-146.995
G1 X127.043 Y-146.953
G1 X126.920 Y-146.911
G1 X126.797 Y-146.869
G1 X126.673 Y-146.828
G1 X126.549 Y-146.787
G1 X126.425 Y-146.747
G1 X126.300 Y-146.706
G1 X126.175 Y-146.667
G1 X126.050 Y-146.627
G1 X125.924 Y-146.588
G1 X125.798 Y-146.549
G1 X125.672 Y-146.510
G1 X125.545 Y-146.472
G1 X125.418 Y-146.434
G1 X125.291 Y-146.396
G1 X125.163 Y-146.359
G1 X125.035 Y-146.322
G1 X124.907 Y-146.285
G1 X124.778 Y-146.249
G1 X124.649 Y-146.213
G1 X124.520 Y-146.177
G1 X124.390 Y-146.142
G1 X124.260 Y-146.107
G1 X124.130 Y-146.072
G1 X124.000 Y-146.038
G1 X123.869 Y-146.004
G1 X123.738 Y-145.970
G1 X123.606 Y-145.937
G1 X123.474 Y-145.904
G1 X123.342 Y-145.871
G1 X123.210 Y-145.839
G1 X123.077 Y-145.807
G1 X122.945 Y-145.775
G1 X122.811 Y-145.744
G1 X122.678 Y-145.713
G1 X122.544 Y-145.682
G1 X122.410 Y-145.652
G1 X122.276 Y-145.622
G1 X122.141 Y-145.592
G1 X122.006 Y-145.563
G1 X121.871 Y-145.534
G1 X121.736 Y-145.505
G1 X121.600 Y-145.477
G1 X121.465 Y-145.449
G1 X121.328 Y-145.421
G1 X121.192 Y-145.394
G1 X121.055 Y-145.367
G1 X120.918 Y-145.340
G1 X120.781 Y-145.314
G1 X120.644 Y-145.288
G1 X120.506 Y-145.263
G1 X120.368 Y-145.237
G1 X120.230 Y-145.212
G1 X120.092 Y-145.188
G1 X119.953 Y-145.164
G1 X119.815 Y-145.140
G1 X119.676 Y-145.116
G1 X119.536 Y-145.093
G1 X119.397 Y-145.070
G1 X119.257 Y-145.048
G1 X119.117 Y-145.026
G1 X118.977 Y-145.004
G1 X118.837 Y-144.983
G1 X118.697 Y-144.961
G1 X118.556 Y-144.941
G1 X118.415 Y-144.920
G1 X118.274 Y-144.900
G1 X118.132 Y-144.881
G1 X117.991 Y-144.861
G1 X117.849 Y-144.842
G1 X117.707 Y-144.824
G1 X117.565 Y-144.805
G1 X117.423 Y-144.788
G1 X117.281 Y-144.770
G1 X117.138 Y-144.753
G1 X116.995 Y-144.736
G1 X116.852 Y-144.719
G1 X116.709 Y-144.703
G1 X116.566 Y-144.688
G1 X116.422 Y-144.672
G1 X116.279 Y-144.657
G1 X116.135 Y-144.642
G1 X115.991 Y-144.628
G1 X115.847 Y-144.614
G1 X115.702 Y-144.600
G1 X115.558 Y-144.587
G1 X115.413 Y-144.574
G1 X115.269 Y-144.562
G1 X115.124 Y-144.549
G1 X114.979 Y-144.538
G1 X114.834 Y-144.526
G1 X114.688 Y-144.515
G1 X114.543 Y-144.504
G1 X114.397 Y-144.494
G1 X114.252 Y-144.484
G1 X114.106 Y-144.474
G1 X113.960 Y-144.465
G1 X113.814 Y-144.456
G1 X113.668 Y-144.447
G1 X113.522 Y-144.439
G1 X113.375 Y-144.431
G1 X113.229 Y-144.424
G1 X113.082 Y-144.417
G1 X112.935 Y-144.410
G1 X112.788 Y-144.404
G1 X112.642 Y-144.398
G1 X112.495 Y-144.392
G1 X112.347 Y-144.387
G1 X112.200 Y-144.382
G1 X112.053 Y-144.377
G1 X111.906 Y-144.373
G1 X111.758 Y-144.369
G1 X111.611 Y-144.366
G1 X111.463 Y-144.363
G1 X111.315 Y-144.360
G1 X111.167 Y-144.358
G1 X111.020 Y-144.356
G1 X110.872 Y-144.355
G1 X110.724 Y-144.353
G1 X110.576 Y-144.353
G1 X110.428 Y-144.352
G1 X110.279 Y-144.352
G1 X110.131 Y-144.353
G1 X109.983 Y-144.353
G1 X109.835 Y-144.354
G1 X109.686 Y-144.356
G1 X109.538 Y-144.358
G1 X109.389 Y-144.360
G1 X109.241 Y-144.363
G1 X109.092 Y-144.366
G1 X108.944 Y-144.369
G1 X108.795 Y-144.373
G1 X108.646 Y-144.377
G1 X108.498 Y-144.381
G1 X108.349 Y-144.386
G1 X108.200 Y-144.392
G1 X108.051 Y-144.397
G1 X107.903 Y-144.403
G1 X107.754 Y-144.410
G1 X107.605 Y-144.416
G1 X107.456 Y-144.424
G1 X107.307 Y-144.431
G1 X107.159 Y-144.439
G1 X107.010 Y-144.448
G1 X106.861 Y-144.456
G1 X106.712 Y-144.465
G1 X106.563 Y-144.475
G1 X106.414 Y-144.485
G1 X106.266 Y-144.495
G1 X106.117 Y-144.506
G1 X105.968 Y-144.517
G1 X105.819 Y-144.528
G1 X105.671 Y-144.540
G1 X105.522 Y-144.552
G1 X105.373 Y-144.565
G1 X105.224 Y-144.578
G1 X105.076 Y-144.592
G1 X104.927 Y-144.605
G1 X104.779 Y-144.620
G1 X104.630 Y-144.634
G1 X104.482 Y-144.649
G1 X104.333 Y-144.665
G1 X104.185 Y-144.680
G1 X104.036 Y-144.697
G1 X103.888 Y-144.713
G1 X103.740 Y-144.730
G1 X103.592 Y-144.747
G1 X103.444 Y-144.765
G1 X103.295 Y-144.783
G1 X103.147 Y-144.802
G1 X102.999 Y-144.821
G1 X102.852 Y-144.840
G1 X102.704 Y-144.860
G1 X102.556 Y-144.880
G1 X102.408 Y-144.901
G1 X102.261 Y-144.922
G1 X102.113 Y-144.943
G1 X101.966 Y-144.965
G1 X101.819 Y-144.987
G1 X101.671 Y-145.010
G1 X101.457 Y-145.049
G1 X101.350 Y-145.068
G1 X101.243 Y-145.088
G1 X101.135 Y-145.107
G1 X101.028 Y-145.127
G1 X100.921 Y-145.147
; Retract
G0 Z3.000

; Path 72
; Rapid to initial position
G0 X105.394 Y-153.462
G0 Z0.000
; plunge
G1 Z-0.200 F4000
; cut
G1 X105.616 Y-178.523 F4000
; Retract
G0 Z3.000

; Path 73
; Rapid to initial position
G0 X108.727 Y-183.598
G0 Z0.000
; plunge
G1 Z-0.200 F4000
; cut
G1 X107.106 Y-172.447 F4000
G1 X105.641 Y-165.829
G1 X104.375 Y-160.805
G1 X104.375 Y-157.374
G1 X109.216 Y-169.261
G1 X114.034 Y-180.902
G1 X116.477 Y-185.559
G1 X117.880 Y-186.662
; Retract
G0 Z3.000

; Path 74
; Rapid to initial position
G0 X109.235 Y-188.939
G0 Z0.000
; plunge
G1 Z-0.200 F4000
; cut
G1 X108.325 Y-182.763 F4000
G1 X107.503 Y-178.523
G1 X105.816 Y-171.599
G1 X103.151 Y-162.653
G1 X101.974 Y-158.487
G1 X101.819 Y-162.653
G1 X109.946 Y-183.921
G1 X111.831 Y-185.851
G1 X112.810 Y-182.763
G1 X112.668 Y-173.119
G1 X110.856 Y-161.550
G1 X109.235 Y-153.462
; Retract
G0 Z3.000

; Path 75
; Rapid to initial position
G0 X109.173 Y-162.826
G0 Z0.000
; plunge
G1 Z-0.200 F4000
; cut
G1 X107.966 Y-147.205 F4000
G1 X99.644 Y-129.247
G1 X89.391 Y-115.962
G1 X79.500 Y-109.976
G1 X70.815 Y-112.750
G1 X66.956 Y-123.699
G1 X72.987 Y-151.292
G1 X83.360 Y-169.688
G1 X102.297 Y-189.981
G1 X119.063 Y-200.055
G1 X136.915 Y-204.201
G1 X149.797 Y-197.296
G1 X156.637 Y-178.448
G1 X154.743 Y-155.526
G1 X148.664 Y-136.547
G1 X139.207 Y-119.174
G1 X130.040 Y-108.516
; Retract
G0 Z3.000

; Path 76
; Rapid to initial position
G0 X123.199 Y-102.114
G0 Z0.000
; plunge
G1 Z-0.200 F4000
; cut
G1 X182.410 Y-102.114 F4000
G1 X182.443 Y-102.255
G1 X182.477 Y-102.397
G1 X182.510 Y-102.539
G1 X182.544 Y-102.680
G1 X182.577 Y-102.822
G1 X182.610 Y-102.963
G1 X182.643 Y-103.105
G1 X182.676 Y-103.247
G1 X182.709 Y-103.388
G1 X182.742 Y-103.530
G1 X182.774 Y-103.672
G1 X182.806 Y-103.814
G1 X182.838 Y-103.955
G1 X182.870 Y-104.097
G1 X182.901 Y-104.239
G1 X182.932 Y-104.381
G1 X182.963 Y-104.523
G1 X182.994 Y-104.665
G1 X183.023 Y-104.807
G1 X183.053 Y-104.949
G1 X183.082 Y-105.091
G1 X183.111 Y-105.233
G1 X183.139 Y-105.376
G1 X183.167 Y-105.518
G1 X183.194 Y-105.660
G1 X183.221 Y-105.802
G1 X183.247 Y-105.945
G1 X183.272 Y-106.087
G1 X183.297 Y-106.230
G1 X183.321 Y-106.373
G1 X183.345 Y-106.515
G1 X183.368 Y-106.658
G1 X183.392 Y-106.810
G1 X183.414 Y-106.963
G1 X183.436 Y-107.115
G1 X183.457 Y-107.268
G1 X183.477 Y-107.420
G1 X183.497 Y-107.573
G1 X183.515 Y-107.726
G1 X183.532 Y-107.879
G1 X183.548 Y-108.032
G1 X183.563 Y-108.185
G1 X183.577 Y-108.338
G1 X183.589 Y-108.491
G1 X183.601 Y-108.644
G1 X183.611 Y-108.798
G1 X183.619 Y-108.951
G1 X183.627 Y-109.104
G1 X183.633 Y-109.257
G1 X183.638 Y-109.411
G1 X183.641 Y-109.564
G1 X183.643 Y-109.717
G1 X183.643 Y-109.871
G1 X183.642 Y-110.024
G1 X183.639 Y-110.177
G1 X183.634 Y-110.331
G1 X183.628 Y-110.484
G1 X183.620 Y-110.637
G1 X183.610 Y-110.790
G1 X183.599 Y-110.943
G1 X183.585 Y-111.096
G1 X183.570 Y-111.250
G1 X183.553 Y-111.402
G1 X183.534 Y-111.555
G1 X183.513 Y-111.708
G1 X183.491 Y-111.861
G1 X183.466 Y-112.014
G1 X183.438 Y-112.166
G1 X183.408 Y-112.318
G1 X183.377 Y-112.469
G1 X183.342 Y-112.620
G1 X183.306 Y-112.771
G1 X183.267 Y-112.922
G1 X183.226 Y-113.072
G1 X183.183 Y-113.222
G1 X183.137 Y-113.371
G1 X183.089 Y-113.520
G1 X183.039 Y-113.669
G1 X182.986 Y-113.818
G1 X182.932 Y-113.966
G1 X182.874 Y-114.114
G1 X182.813 Y-114.261
G1 X182.750 Y-114.407
G1 X182.685 Y-114.553
G1 X182.617 Y-114.698
G1 X182.546 Y-114.842
G1 X182.473 Y-114.985
G1 X182.397 Y-115.128
G1 X182.319 Y-115.270
G1 X182.239 Y-115.411
G1 X182.156 Y-115.551
G1 X182.070 Y-115.691
G1 X181.982 Y-115.830
G1 X181.892 Y-115.968
G1 X181.798 Y-116.105
G1 X181.703 Y-116.242
G1 X181.605 Y-116.377
G1 X181.505 Y-116.512
G1 X181.403 Y-116.645
G1 X181.299 Y-116.778
G1 X181.193 Y-116.910
G1 X181.085 Y-117.041
G1 X180.975 Y-117.170
G1 X180.862 Y-117.299
G1 X180.748 Y-117.427
G1 X180.632 Y-117.554
G1 X180.513 Y-117.680
G1 X180.393 Y-117.805
G1 X180.271 Y-117.929
G1 X180.147 Y-118.051
G1 X180.021 Y-118.173
G1 X179.893 Y-118.294
G1 X179.763 Y-118.413
G1 X179.631 Y-118.532
G1 X179.498 Y-118.649
G1 X179.363 Y-118.765
G1 X179.225 Y-118.880
G1 X179.087 Y-118.994
G1 X178.946 Y-119.106
G1 X178.804 Y-119.218
G1 X178.660 Y-119.328
G1 X178.514 Y-119.437
G1 X178.367 Y-119.545
G1 X178.218 Y-119.651
G1 X178.067 Y-119.756
G1 X177.915 Y-119.860
G1 X177.761 Y-119.963
G1 X177.606 Y-120.064
G1 X177.469 Y-120.152
G1 X177.330 Y-120.239
G1 X177.190 Y-120.324
G1 X177.049 Y-120.408
G1 X176.907 Y-120.491
G1 X176.764 Y-120.573
G1 X176.619 Y-120.653
G1 X176.473 Y-120.733
G1 X176.327 Y-120.811
G1 X176.179 Y-120.888
G1 X176.030 Y-120.964
G1 X175.879 Y-121.039
G1 X175.728 Y-121.113
G1 X175.576 Y-121.185
G1 X175.423 Y-121.257
G1 X175.269 Y-121.327
G1 X175.114 Y-121.397
G1 X174.958 Y-121.465
G1 X174.802 Y-121.532
G1 X174.644 Y-121.598
G1 X174.486 Y-121.663
G1 X174.327 Y-121.727
G1 X174.167 Y-121.790
G1 X174.007 Y-121.852
G1 X173.845 Y-121.913
G1 X173.683 Y-121.973
G1 X173.521 Y-122.032
G1 X173.358 Y-122.090
G1 X173.194 Y-122.147
G1 X173.030 Y-122.203
G1 X172.865 Y-122.258
G1 X172.699 Y-122.312
G1 X172.533 Y-122.366
G1 X172.367 Y-122.418
G1 X172.200 Y-122.470
G1 X172.033 Y-122.521
G1 X171.865 Y-122.571
G1 X171.697 Y-122.620
G1 X171.529 Y-122.669
G1 X171.360 Y-122.717
G1 X171.191 Y-122.764
G1 X171.021 Y-122.811
G1 X170.852 Y-122.857
G1 X170.681 Y-122.902
G1 X170.511 Y-122.946
G1 X170.340 Y-122.990
G1 X170.169 Y-123.034
G1 X169.998 Y-123.076
G1 X169.826 Y-123.119
G1 X169.654 Y-123.160
G1 X169.482 Y-123.201
G1 X169.310 Y-123.242
G1 X169.137 Y-123.282
G1 X168.965 Y-123.322
G1 X168.792 Y-123.361
G1 X168.619 Y-123.400
G1 X168.445 Y-123.438
G1 X168.272 Y-123.476
G1 X168.098 Y-123.514
G1 X167.925 Y-123.551
G1 X167.751 Y-123.588
G1 X167.577 Y-123.624
G1 X167.403 Y-123.660
G1 X167.229 Y-123.696
G1 X167.129 Y-123.717
G1 X167.030 Y-123.737
G1 X166.930 Y-123.757
G1 X166.830 Y-123.777
G1 X166.731 Y-123.796
G1 X166.631 Y-123.816
G1 X166.531 Y-123.835
G1 X166.431 Y-123.855
G1 X166.331 Y-123.874
G1 X166.231 Y-123.893
G1 X166.131 Y-123.912
G1 X166.031 Y-123.931
G1 X165.931 Y-123.950
G1 X165.830 Y-123.968
G1 X165.730 Y-123.987
G1 X165.630 Y-124.005
G1 X165.529 Y-124.023
G1 X165.429 Y-124.041
G1 X165.328 Y-124.059
G1 X165.228 Y-124.077
G1 X165.127 Y-124.094
G1 X165.027 Y-124.112
G1 X164.926 Y-124.129
G1 X164.826 Y-124.146
G1 X164.725 Y-124.163
G1 X164.624 Y-124.180
G1 X164.523 Y-124.197
G1 X164.422 Y-124.214
G1 X164.321 Y-124.230
G1 X164.220 Y-124.247
G1 X164.120 Y-124.263
G1 X164.018 Y-124.279
G1 X163.917 Y-124.295
G1 X163.816 Y-124.311
G1 X163.715 Y-124.327
G1 X163.614 Y-124.342
G1 X163.513 Y-124.358
G1 X163.411 Y-124.373
G1 X163.310 Y-124.388
G1 X163.209 Y-124.403
G1 X163.107 Y-124.418
G1 X163.006 Y-124.432
G1 X162.905 Y-124.447
G1 X162.803 Y-124.461
G1 X162.701 Y-124.475
G1 X162.600 Y-124.490
G1 X162.498 Y-124.503
G1 X162.397 Y-124.517
G1 X162.295 Y-124.531
G1 X162.193 Y-124.544
G1 X162.091 Y-124.558
G1 X161.990 Y-124.571
G1 X161.888 Y-124.584
G1 X161.786 Y-124.597
G1 X161.684 Y-124.610
G1 X161.582 Y-124.622
G1 X161.480 Y-124.635
G1 X161.378 Y-124.647
G1 X161.276 Y-124.659
G1 X161.174 Y-124.671
G1 X161.072 Y-124.683
G1 X160.970 Y-124.694
G1 X160.868 Y-124.706
G1 X160.766 Y-124.717
G1 X160.663 Y-124.728
G1 X160.561 Y-124.739
G1 X160.459 Y-124.750
G1 X160.357 Y-124.761
G1 X160.254 Y-124.771
G1 X160.152 Y-124.782
G1 X160.050 Y-124.792
G1 X159.947 Y-124.802
G1 X159.845 Y-124.812
G1 X159.742 Y-124.822
G1 X159.640 Y-124.831
G1 X159.537 Y-124.841
G1 X159.435 Y-124.850
G1 X159.332 Y-124.859
G1 X159.230 Y-124.868
G1 X159.127 Y-124.877
G1 X159.024 Y-124.885
G1 X158.922 Y-124.894
G1 X158.819 Y-124.902
G1 X158.716 Y-124.910
G1 X158.613 Y-124.918
G1 X158.511 Y-124.926
G1 X158.408 Y-124.933
G1 X158.305 Y-124.941
G1 X158.202 Y-124.948
G1 X158.099 Y-124.955
G1 X157.997 Y-124.962
G1 X157.894 Y-124.969
G1 X157.791 Y-124.975
G1 X157.688 Y-124.982
G1 X157.585 Y-124.988
G1 X157.482 Y-124.994
G1 X157.379 Y-125.000
G1 X157.276 Y-125.006
G1 X157.173 Y-125.011
G1 X157.070 Y-125.017
G1 X156.967 Y-125.022
G1 X156.864 Y-125.027
G1 X156.761 Y-125.032
G1 X156.658 Y-125.036
G1 X156.555 Y-125.041
G1 X156.451 Y-125.045
G1 X156.348 Y-125.049
G1 X156.245 Y-125.053
G1 X156.142 Y-125.057
G1 X156.039 Y-125.060
G1 X155.935 Y-125.064
G1 X155.832 Y-125.067
G1 X155.729 Y-125.070
G1 X155.626 Y-125.073
G1 X155.523 Y-125.076
G1 X155.419 Y-125.078
G1 X155.316 Y-125.080
G1 X155.213 Y-125.083
G1 X155.109 Y-125.085
G1 X155.006 Y-125.086
G1 X154.903 Y-125.088
G1 X154.799 Y-125.089
G1 X154.696 Y-125.090
G1 X154.593 Y-125.092
G1 X154.489 Y-125.092
G1 X154.386 Y-125.093
G1 X154.283 Y-125.093
G1 X154.179 Y-125.094
G1 X154.076 Y-125.094
G1 X153.973 Y-125.094
G1 X153.869 Y-125.093
G1 X153.766 Y-125.093
G1 X153.663 Y-125.092
G1 X153.559 Y-125.091
G1 X153.456 Y-125.090
G1 X153.353 Y-125.089
G1 X153.250 Y-125.088
G1 X153.146 Y-125.086
G1 X153.043 Y-125.084
G1 X152.940 Y-125.082
G1 X152.837 Y-125.080
G1 X152.733 Y-125.078
G1 X152.630 Y-125.075
G1 X152.527 Y-125.073
G1 X152.424 Y-125.070
G1 X152.321 Y-125.067
G1 X152.217 Y-125.063
G1 X152.114 Y-125.060
G1 X152.011 Y-125.056
G1 X151.908 Y-125.053
G1 X151.805 Y-125.049
G1 X151.702 Y-125.045
G1 X151.598 Y-125.040
G1 X151.495 Y-125.036
G1 X151.392 Y-125.031
G1 X151.289 Y-125.026
G1 X151.186 Y-125.021
G1 X151.083 Y-125.016
G1 X150.980 Y-125.011
G1 X150.877 Y-125.005
G1 X150.774 Y-125.000
G1 X150.671 Y-124.994
G1 X150.568 Y-124.988
G1 X150.465 Y-124.982
G1 X150.362 Y-124.975
G1 X150.259 Y-124.969
G1 X150.156 Y-124.962
G1 X150.053 Y-124.955
G1 X149.951 Y-124.948
G1 X149.848 Y-124.941
G1 X149.745 Y-124.934
G1 X149.642 Y-124.926
G1 X149.539 Y-124.918
G1 X149.437 Y-124.911
G1 X149.334 Y-124.903
G1 X149.231 Y-124.894
G1 X149.129 Y-124.886
G1 X149.026 Y-124.878
G1 X148.923 Y-124.869
G1 X148.821 Y-124.860
G1 X148.718 Y-124.851
G1 X148.615 Y-124.842
G1 X148.513 Y-124.833
G1 X148.410 Y-124.823
G1 X148.308 Y-124.814
G1 X148.205 Y-124.804
G1 X148.103 Y-124.794
G1 X148.001 Y-124.784
G1 X147.898 Y-124.774
G1 X147.796 Y-124.764
G1 X147.694 Y-124.753
G1 X147.591 Y-124.742
G1 X147.489 Y-124.732
G1 X147.387 Y-124.720
G1 X147.285 Y-124.709
G1 X147.183 Y-124.698
G1 X147.081 Y-124.686
G1 X146.978 Y-124.675
G1 X146.876 Y-124.663
G1 X146.774 Y-124.651
G1 X146.672 Y-124.639
G1 X146.570 Y-124.627
G1 X146.468 Y-124.615
G1 X146.366 Y-124.603
G1 X146.265 Y-124.590
G1 X146.163 Y-124.578
G1 X146.061 Y-124.565
G1 X145.959 Y-124.552
G1 X145.857 Y-124.539
G1 X145.755 Y-124.526
G1 X145.654 Y-124.513
G1 X145.552 Y-124.499
G1 X145.450 Y-124.486
G1 X145.349 Y-124.472
G1 X145.247 Y-124.458
G1 X145.146 Y-124.444
G1 X145.044 Y-124.430
G1 X144.943 Y-124.415
G1 X144.841 Y-124.401
G1 X144.740 Y-124.386
G1 X144.638 Y-124.371
G1 X144.537 Y-124.356
G1 X144.436 Y-124.341
G1 X144.335 Y-124.326
G1 X144.233 Y-124.311
G1 X144.132 Y-124.295
G1 X144.031 Y-124.279
G1 X143.930 Y-124.263
G1 X143.829 Y-124.247
G1 X143.728 Y-124.231
G1 X143.627 Y-124.215
G1 X143.527 Y-124.198
G1 X143.426 Y-124.181
G1 X143.325 Y-124.164
G1 X143.224 Y-124.147
G1 X143.124 Y-124.130
G1 X143.023 Y-124.112
G1 X142.923 Y-124.095
G1 X142.822 Y-124.077
G1 X142.722 Y-124.059
G1 X142.622 Y-124.041
G1 X142.521 Y-124.022
G1 X142.421 Y-124.004
G1 X142.321 Y-123.985
G1 X142.221 Y-123.966
G1 X142.121 Y-123.947
G1 X142.021 Y-123.928
G1 X141.921 Y-123.908
G1 X141.821 Y-123.889
G1 X141.721 Y-123.869
G1 X141.622 Y-123.849
G1 X141.522 Y-123.828
G1 X141.422 Y-123.808
G1 X141.323 Y-123.787
G1 X141.224 Y-123.766
G1 X141.124 Y-123.745
G1 X140.951 Y-123.708
G1 X140.777 Y-123.670
G1 X140.604 Y-123.631
G1 X140.431 Y-123.591
G1 X140.259 Y-123.551
G1 X140.087 Y-123.510
G1 X139.915 Y-123.469
G1 X139.743 Y-123.426
G1 X139.572 Y-123.383
G1 X139.401 Y-123.339
G1 X139.231 Y-123.295
G1 X139.060 Y-123.250
G1 X138.890 Y-123.204
G1 X138.721 Y-123.157
G1 X138.552 Y-123.109
G1 X138.383 Y-123.061
G1 X138.215 Y-123.012
G1 X138.047 Y-122.962
G1 X137.880 Y-122.912
G1 X137.713 Y-122.860
G1 X137.546 Y-122.808
G1 X137.380 Y-122.755
G1 X137.214 Y-122.701
G1 X137.049 Y-122.647
G1 X136.885 Y-122.591
G1 X136.721 Y-122.535
G1 X136.557 Y-122.478
G1 X136.394 Y-122.420
G1 X136.231 Y-122.361
G1 X136.069 Y-122.302
G1 X135.908 Y-122.241
G1 X135.747 Y-122.180
G1 X135.587 Y-122.118
G1 X135.427 Y-122.055
G1 X135.268 Y-121.991
G1 X135.109 Y-121.927
G1 X134.951 Y-121.861
G1 X134.794 Y-121.795
G1 X134.637 Y-121.728
G1 X134.481 Y-121.661
G1 X134.325 Y-121.592
G1 X134.171 Y-121.523
G1 X134.016 Y-121.453
G1 X133.863 Y-121.382
G1 X133.710 Y-121.310
G1 X133.558 Y-121.237
G1 X133.407 Y-121.164
G1 X133.256 Y-121.089
G1 X133.106 Y-121.014
G1 X132.957 Y-120.938
G1 X132.809 Y-120.861
G1 X132.661 Y-120.784
G1 X132.515 Y-120.705
G1 X132.369 Y-120.626
G1 X132.224 Y-120.546
G1 X132.080 Y-120.465
G1 X131.936 Y-120.383
G1 X131.794 Y-120.300
G1 X131.652 Y-120.216
G1 X131.512 Y-120.132
G1 X131.372 Y-120.047
G1 X131.233 Y-119.961
G1 X131.096 Y-119.874
G1 X130.959 Y-119.786
G1 X130.823 Y-119.697
G1 X130.688 Y-119.608
G1 X130.554 Y-119.517
G1 X130.421 Y-119.426
G1 X130.290 Y-119.334
G1 X130.160 Y-119.241
G1 X130.031 Y-119.146
G1 X129.903 Y-119.051
G1 X129.776 Y-118.955
G1 X129.651 Y-118.859
G1 X129.526 Y-118.761
G1 X129.404 Y-118.662
G1 X129.282 Y-118.562
G1 X129.162 Y-118.462
G1 X129.043 Y-118.361
G1 X128.926 Y-118.259
G1 X128.810 Y-118.155
G1 X128.695 Y-118.052
G1 X128.582 Y-117.947
G1 X128.470 Y-117.841
G1 X128.360 Y-117.735
G1 X128.251 Y-117.627
G1 X128.144 Y-117.519
G1 X128.038 Y-117.410
G1 X127.934 Y-117.300
G1 X127.832 Y-117.190
G1 X127.731 Y-117.078
G1 X127.631 Y-116.966
G1 X127.534 Y-116.853
G1 X127.438 Y-116.739
G1 X127.343 Y-116.624
G1 X127.250 Y-116.509
G1 X127.146 Y-116.376
G1 X127.043 Y-116.243
G1 X126.943 Y-116.109
G1 X126.844 Y-115.974
G1 X126.747 Y-115.838
G1 X126.653 Y-115.702
G1 X126.560 Y-115.565
G1 X126.469 Y-115.427
G1 X126.380 Y-115.289
G1 X126.293 Y-115.150
G1 X126.208 Y-115.010
G1 X126.124 Y-114.869
G1 X126.043 Y-114.729
G1 X125.963 Y-114.587
G1 X125.885 Y-114.445
G1 X125.809 Y-114.302
G1 X125.734 Y-114.159
G1 X125.661 Y-114.016
G1 X125.590 Y-113.872
G1 X125.520 Y-113.727
G1 X125.452 Y-113.582
G1 X125.386 Y-113.437
G1 X125.321 Y-113.291
G1 X125.258 Y-113.145
G1 X125.196 Y-112.998
G1 X125.136 Y-112.851
G1 X125.077 Y-112.704
G1 X125.020 Y-112.557
G1 X124.964 Y-112.409
G1 X124.909 Y-112.261
G1 X124.856 Y-112.113
G1 X124.805 Y-111.964
G1 X124.748 Y-111.797
G1 X124.693 Y-111.629
G1 X124.640 Y-111.461
G1 X124.588 Y-111.293
G1 X124.537 Y-111.125
G1 X124.489 Y-110.956
G1 X124.441 Y-110.787
G1 X124.395 Y-110.618
G1 X124.350 Y-110.449
G1 X124.307 Y-110.279
G1 X124.265 Y-110.110
G1 X124.224 Y-109.940
G1 X124.184 Y-109.770
G1 X124.146 Y-109.600
G1 X124.109 Y-109.430
G1 X124.073 Y-109.259
G1 X124.038 Y-109.089
G1 X124.004 Y-108.918
G1 X123.971 Y-108.747
G1 X123.939 Y-108.576
G1 X123.908 Y-108.405
G1 X123.878 Y-108.234
G1 X123.849 Y-108.063
G1 X123.821 Y-107.891
G1 X123.794 Y-107.720
G1 X123.767 Y-107.548
G1 X123.742 Y-107.377
G1 X123.717 Y-107.205
G1 X123.693 Y-107.034
G1 X123.669 Y-106.862
G1 X123.646 Y-106.691
G1 X123.624 Y-106.519
G1 X123.607 Y-106.381
G1 X123.590 Y-106.244
G1 X123.573 Y-106.107
G1 X123.557 Y-105.969
G1 X123.541 Y-105.832
G1 X123.526 Y-105.694
G1 X123.511 Y-105.556
G1 X123.496 Y-105.419
G1 X123.481 Y-105.281
G1 X123.467 Y-105.144
G1 X123.453 Y-105.006
G1 X123.439 Y-104.868
G1 X123.426 Y-104.731
G1 X123.413 Y-104.593
G1 X123.400 Y-104.455
G1 X123.387 Y-104.318
G1 X123.374 Y-104.180
G1 X123.362 Y-104.042
G1 X123.349 Y-103.905
G1 X123.337 Y-103.767
G1 X123.325 Y-103.629
G1 X123.313 Y-103.491
G1 X123.302 Y-103.354
G1 X123.290 Y-103.216
G1 X123.279 Y-103.078
G1 X123.267 Y-102.940
G1 X123.256 Y-102.803
G1 X123.244 Y-102.665
G1 X123.233 Y-102.527
G1 X123.222 Y-102.389
G1 X123.211 Y-102.252
G1 X123.199 Y-102.114
; Retract
G0 Z3.000

; Path 77
; Rapid to initial position
G0 X112.669 Y-101.939
G0 Z0.000
; plunge
G1 Z-0.200 F4000
; cut
G1 X99.449 Y-103.829 F4000
; Retract
G0 Z3.000

; Path 78
; Rapid to initial position
G0 X79.222 Y-106.092
G0 Z0.000
; plunge
G1 Z-0.200 F4000
; cut
G1 X87.692 Y-110.321 F4000
G1 X97.062 Y-117.331
G1 X103.732 Y-122.228
G1 X109.846 Y-137.641
G1 X103.732 Y-146.755
G1 X95.951 Y-149.203
G1 X86.987 Y-148.502
G1 X77.634 Y-144.996
G1 X67.047 Y-139.388
G1 X60.871 Y-134.135
G1 X48.695 Y-121.115
G1 X49.754 Y-114.549
G1 X57.518 Y-113.103
G1 X67.576 Y-116.998
G1 X74.282 Y-124.676
G1 X81.516 Y-133.790
; Retract
G0 Z3.000

; Path 79
; Rapid to initial position
G0 X67.824 Y-139.115
G0 Z0.000
; plunge
G1 Z-0.200 F4000
; cut
G1 X81.391 Y-146.787 F4000
G1 X87.784 Y-151.780
G1 X88.379 Y-156.773
G1 X83.064 Y-160.548
G1 X72.470 Y-162.497
; Retract
G0 Z3.000

; Path 80
; Rapid to initial position
G0 X78.036 Y-169.594
G0 Z0.000
; plunge
G1 Z-0.200 F4000
; cut
G1 X77.911 Y-169.736 F4000
G1 X77.785 Y-169.877
G1 X77.660 Y-170.019
G1 X77.536 Y-170.161
G1 X77.414 Y-170.304
G1 X77.294 Y-170.447
G1 X77.177 Y-170.591
G1 X77.063 Y-170.736
G1 X76.953 Y-170.881
G1 X76.847 Y-171.027
G1 X76.746 Y-171.174
G1 X76.651 Y-171.321
G1 X76.562 Y-171.470
G1 X76.479 Y-171.620
G1 X76.403 Y-171.771
G1 X76.335 Y-171.924
G1 X76.284 Y-172.055
G1 X76.240 Y-172.186
G1 X76.202 Y-172.318
G1 X76.171 Y-172.451
G1 X76.147 Y-172.584
G1 X76.128 Y-172.717
G1 X76.116 Y-172.850
G1 X76.109 Y-172.984
G1 X76.108 Y-173.117
G1 X76.113 Y-173.251
G1 X76.124 Y-173.384
G1 X76.140 Y-173.517
G1 X76.161 Y-173.650
G1 X76.187 Y-173.783
G1 X76.218 Y-173.916
G1 X76.254 Y-174.048
G1 X76.286 Y-174.153
G1 X76.321 Y-174.258
G1 X76.359 Y-174.363
G1 X76.399 Y-174.468
G1 X76.442 Y-174.572
G1 X76.487 Y-174.676
G1 X76.535 Y-174.780
G1 X76.585 Y-174.883
G1 X76.638 Y-174.986
G1 X76.692 Y-175.089
G1 X76.749 Y-175.192
G1 X76.808 Y-175.294
G1 X76.869 Y-175.396
G1 X76.932 Y-175.497
G1 X76.997 Y-175.598
G1 X77.063 Y-175.699
G1 X77.132 Y-175.800
G1 X77.202 Y-175.900
G1 X77.274 Y-176.000
G1 X77.347 Y-176.100
G1 X77.422 Y-176.199
G1 X77.498 Y-176.298
G1 X77.576 Y-176.397
G1 X77.655 Y-176.496
G1 X77.735 Y-176.594
G1 X77.817 Y-176.692
G1 X77.900 Y-176.789
G1 X77.984 Y-176.887
G1 X78.069 Y-176.984
G1 X78.156 Y-177.081
G1 X78.243 Y-177.177
G1 X78.332 Y-177.273
G1 X78.422 Y-177.369
G1 X78.512 Y-177.465
G1 X78.604 Y-177.561
G1 X78.697 Y-177.656
G1 X78.790 Y-177.751
G1 X78.884 Y-177.846
G1 X78.979 Y-177.941
G1 X79.075 Y-178.035
G1 X79.172 Y-178.129
G1 X79.269 Y-178.224
G1 X79.367 Y-178.317
G1 X79.465 Y-178.411
G1 X79.564 Y-178.505
G1 X79.664 Y-178.598
G1 X79.764 Y-178.691
G1 X79.864 Y-178.784
G1 X79.940 Y-178.854
G1 X80.017 Y-178.923
G1 X80.093 Y-178.993
G1 X80.170 Y-179.062
G1 X80.246 Y-179.131
G1 X80.323 Y-179.201
G1 X80.400 Y-179.270
G1 X80.478 Y-179.339
G1 X80.555 Y-179.408
G1 X80.633 Y-179.477
G1 X80.711 Y-179.546
G1 X80.789 Y-179.615
G1 X80.868 Y-179.684
G1 X80.947 Y-179.753
G1 X81.026 Y-179.822
G1 X81.105 Y-179.890
G1 X81.185 Y-179.959
G1 X81.265 Y-180.027
G1 X81.345 Y-180.095
G1 X81.425 Y-180.164
G1 X81.506 Y-180.232
G1 X81.588 Y-180.300
G1 X81.669 Y-180.368
G1 X81.751 Y-180.435
G1 X81.833 Y-180.503
G1 X81.916 Y-180.571
G1 X81.999 Y-180.638
G1 X82.083 Y-180.705
G1 X82.166 Y-180.772
G1 X82.251 Y-180.840
G1 X82.335 Y-180.906
G1 X82.420 Y-180.973
G1 X82.506 Y-181.040
G1 X82.592 Y-181.106
G1 X82.679 Y-181.172
G1 X82.766 Y-181.238
G1 X82.853 Y-181.304
G1 X82.941 Y-181.370
G1 X83.030 Y-181.436
G1 X83.119 Y-181.501
G1 X83.209 Y-181.566
G1 X83.299 Y-181.631
G1 X83.390 Y-181.696
G1 X83.481 Y-181.760
G1 X83.573 Y-181.825
G1 X83.665 Y-181.889
G1 X83.758 Y-181.953
G1 X83.852 Y-182.016
G1 X83.946 Y-182.080
G1 X84.041 Y-182.143
G1 X84.136 Y-182.206
G1 X84.232 Y-182.269
G1 X84.329 Y-182.331
G1 X84.426 Y-182.393
G1 X84.524 Y-182.455
G1 X84.623 Y-182.517
G1 X84.722 Y-182.578
G1 X84.822 Y-182.639
G1 X84.922 Y-182.700
G1 X85.024 Y-182.761
G1 X85.126 Y-182.821
G1 X85.228 Y-182.881
G1 X85.331 Y-182.940
G1 X85.435 Y-183.000
G1 X85.540 Y-183.058
G1 X85.645 Y-183.117
G1 X85.752 Y-183.175
G1 X85.858 Y-183.233
G1 X85.966 Y-183.291
G1 X86.074 Y-183.348
G1 X86.183 Y-183.405
G1 X86.292 Y-183.462
G1 X86.402 Y-183.518
G1 X86.513 Y-183.574
G1 X86.625 Y-183.629
G1 X86.737 Y-183.685
G1 X86.850 Y-183.739
G1 X86.964 Y-183.794
G1 X87.079 Y-183.848
G1 X87.194 Y-183.901
G1 X87.310 Y-183.954
G1 X87.427 Y-184.007
G1 X87.544 Y-184.059
G1 X87.662 Y-184.111
G1 X87.781 Y-184.162
G1 X87.901 Y-184.213
G1 X88.021 Y-184.264
G1 X88.142 Y-184.313
G1 X88.264 Y-184.363
G1 X88.386 Y-184.412
G1 X88.510 Y-184.460
G1 X88.634 Y-184.508
G1 X88.758 Y-184.556
G1 X88.884 Y-184.603
G1 X89.010 Y-184.649
G1 X89.137 Y-184.695
G1 X89.308 Y-184.755
G1 X89.480 Y-184.815
G1 X89.654 Y-184.873
G1 X89.829 Y-184.930
G1 X90.005 Y-184.986
G1 X90.182 Y-185.041
G1 X90.361 Y-185.095
G1 X90.541 Y-185.147
G1 X90.723 Y-185.198
G1 X90.906 Y-185.248
G1 X91.090 Y-185.297
G1 X91.275 Y-185.344
G1 X91.462 Y-185.391
G1 X91.650 Y-185.435
G1 X91.839 Y-185.479
G1 X92.029 Y-185.521
G1 X92.149 Y-185.546
G1 X92.268 Y-185.571
G1 X92.388 Y-185.596
G1 X92.509 Y-185.620
G1 X92.629 Y-185.644
G1 X92.750 Y-185.667
G1 X92.871 Y-185.691
G1 X92.992 Y-185.714
G1 X93.114 Y-185.736
G1 X93.235 Y-185.759
G1 X93.357 Y-185.781
G1 X93.479 Y-185.803
G1 X93.601 Y-185.825
G1 X93.723 Y-185.847
G1 X93.845 Y-185.869
G1 X93.967 Y-185.891
; Retract
G0 Z3.000

; Path 81
; Rapid to initial position
G0 X93.841 Y-184.780
G0 Z0.000
; plunge
G1 Z-0.200 F4000
; cut
G1 X69.735 Y-184.780 F4000
G1 X69.610 Y-184.922
G1 X69.484 Y-185.064
G1 X69.359 Y-185.206
G1 X69.235 Y-185.348
G1 X69.113 Y-185.491
G1 X68.993 Y-185.634
G1 X68.875 Y-185.778
G1 X68.762 Y-185.922
G1 X68.652 Y-186.067
G1 X68.546 Y-186.213
G1 X68.445 Y-186.360
G1 X68.350 Y-186.508
G1 X68.261 Y-186.657
G1 X68.178 Y-186.807
G1 X68.102 Y-186.958
G1 X68.034 Y-187.110
G1 X67.983 Y-187.241
G1 X67.939 Y-187.373
G1 X67.901 Y-187.505
G1 X67.870 Y-187.637
G1 X67.845 Y-187.770
G1 X67.827 Y-187.903
G1 X67.814 Y-188.036
G1 X67.808 Y-188.170
G1 X67.807 Y-188.303
G1 X67.812 Y-188.437
G1 X67.823 Y-188.570
G1 X67.838 Y-188.704
G1 X67.860 Y-188.837
G1 X67.886 Y-188.970
G1 X67.917 Y-189.102
G1 X67.953 Y-189.234
G1 X67.985 Y-189.340
G1 X68.020 Y-189.445
G1 X68.058 Y-189.550
G1 X68.098 Y-189.654
G1 X68.141 Y-189.758
G1 X68.186 Y-189.862
G1 X68.234 Y-189.966
G1 X68.284 Y-190.069
G1 X68.337 Y-190.173
G1 X68.391 Y-190.275
G1 X68.448 Y-190.378
G1 X68.507 Y-190.480
G1 X68.568 Y-190.582
G1 X68.631 Y-190.684
G1 X68.696 Y-190.785
G1 X68.762 Y-190.886
G1 X68.831 Y-190.986
G1 X68.901 Y-191.087
G1 X68.973 Y-191.187
G1 X69.046 Y-191.286
G1 X69.121 Y-191.386
G1 X69.197 Y-191.485
G1 X69.275 Y-191.584
G1 X69.354 Y-191.682
G1 X69.434 Y-191.780
G1 X69.516 Y-191.878
G1 X69.599 Y-191.976
G1 X69.683 Y-192.073
G1 X69.768 Y-192.170
G1 X69.855 Y-192.267
G1 X69.942 Y-192.363
G1 X70.031 Y-192.460
G1 X70.121 Y-192.556
G1 X70.211 Y-192.652
G1 X70.303 Y-192.747
G1 X70.396 Y-192.842
G1 X70.489 Y-192.938
G1 X70.583 Y-193.032
G1 X70.678 Y-193.127
G1 X70.774 Y-193.222
G1 X70.871 Y-193.316
G1 X70.968 Y-193.410
G1 X71.066 Y-193.504
G1 X71.164 Y-193.597
G1 X71.263 Y-193.691
G1 X71.363 Y-193.784
G1 X71.463 Y-193.877
G1 X71.563 Y-193.970
G1 X71.639 Y-194.040
G1 X71.716 Y-194.110
G1 X71.792 Y-194.179
G1 X71.868 Y-194.248
G1 X71.945 Y-194.318
G1 X72.022 Y-194.387
G1 X72.099 Y-194.456
G1 X72.177 Y-194.526
G1 X72.254 Y-194.595
G1 X72.332 Y-194.664
G1 X72.410 Y-194.733
G1 X72.488 Y-194.802
G1 X72.567 Y-194.871
G1 X72.645 Y-194.939
G1 X72.725 Y-195.008
G1 X72.804 Y-195.077
G1 X72.884 Y-195.145
G1 X72.963 Y-195.214
G1 X73.044 Y-195.282
G1 X73.124 Y-195.350
G1 X73.205 Y-195.418
G1 X73.286 Y-195.486
G1 X73.368 Y-195.554
G1 X73.450 Y-195.622
G1 X73.532 Y-195.690
G1 X73.615 Y-195.757
G1 X73.698 Y-195.824
G1 X73.782 Y-195.892
G1 X73.865 Y-195.959
G1 X73.950 Y-196.026
G1 X74.034 Y-196.093
G1 X74.119 Y-196.160
G1 X74.205 Y-196.226
G1 X74.291 Y-196.293
G1 X74.378 Y-196.359
G1 X74.465 Y-196.425
G1 X74.552 Y-196.491
G1 X74.640 Y-196.557
G1 X74.729 Y-196.622
G1 X74.818 Y-196.687
G1 X74.908 Y-196.753
G1 X74.998 Y-196.818
G1 X75.089 Y-196.882
G1 X75.180 Y-196.947
G1 X75.272 Y-197.011
G1 X75.364 Y-197.075
G1 X75.457 Y-197.139
G1 X75.551 Y-197.203
G1 X75.645 Y-197.266
G1 X75.740 Y-197.330
G1 X75.835 Y-197.392
G1 X75.931 Y-197.455
G1 X76.028 Y-197.518
G1 X76.125 Y-197.580
G1 X76.223 Y-197.642
G1 X76.322 Y-197.703
G1 X76.421 Y-197.765
G1 X76.521 Y-197.826
G1 X76.621 Y-197.887
G1 X76.723 Y-197.947
G1 X76.824 Y-198.007
G1 X76.927 Y-198.067
G1 X77.030 Y-198.127
G1 X77.134 Y-198.186
G1 X77.239 Y-198.245
G1 X77.344 Y-198.303
G1 X77.450 Y-198.362
G1 X77.557 Y-198.420
G1 X77.665 Y-198.477
G1 X77.773 Y-198.535
G1 X77.882 Y-198.592
G1 X77.991 Y-198.648
G1 X78.101 Y-198.705
G1 X78.212 Y-198.760
G1 X78.324 Y-198.816
G1 X78.436 Y-198.871
G1 X78.549 Y-198.926
G1 X78.663 Y-198.980
G1 X78.778 Y-199.034
G1 X78.893 Y-199.088
G1 X79.009 Y-199.141
G1 X79.126 Y-199.193
G1 X79.243 Y-199.246
G1 X79.361 Y-199.297
G1 X79.480 Y-199.349
G1 X79.599 Y-199.400
G1 X79.720 Y-199.450
G1 X79.841 Y-199.500
G1 X79.963 Y-199.549
G1 X80.085 Y-199.598
G1 X80.209 Y-199.647
G1 X80.333 Y-199.695
G1 X80.457 Y-199.742
G1 X80.583 Y-199.789
G1 X80.709 Y-199.836
G1 X80.836 Y-199.881
G1 X81.007 Y-199.942
G1 X81.179 Y-200.001
G1 X81.353 Y-200.059
G1 X81.527 Y-200.116
G1 X81.704 Y-200.172
G1 X81.881 Y-200.227
G1 X82.060 Y-200.281
G1 X82.240 Y-200.333
G1 X82.422 Y-200.385
G1 X82.605 Y-200.435
G1 X82.789 Y-200.483
G1 X82.974 Y-200.531
G1 X83.161 Y-200.577
G1 X83.349 Y-200.622
G1 X83.538 Y-200.665
G1 X83.728 Y-200.707
G1 X83.848 Y-200.733
G1 X83.967 Y-200.758
G1 X84.087 Y-200.782
G1 X84.207 Y-200.806
G1 X84.328 Y-200.830
G1 X84.449 Y-200.854
G1 X84.570 Y-200.877
G1 X84.691 Y-200.900
G1 X84.813 Y-200.923
G1 X84.934 Y-200.945
G1 X85.056 Y-200.968
G1 X85.178 Y-200.990
G1 X85.300 Y-201.012
G1 X85.422 Y-201.034
G1 X85.544 Y-201.056
G1 X85.666 Y-201.078
G1 X93.841 Y-184.780
G1 X93.841 Y-184.780
; Retract
G0 Z3.000

; Path 82
; Rapid to initial position
G0 X96.635 Y-183.806
G0 Z0.000
; plunge
G1 Z-0.200 F4000
; cut
G1 X89.547 Y-173.230 F4000
; Retract
G0 Z3.000

; Path 83
; Rapid to initial position
G0 X88.679 Y-170.079
G0 Z0.000
; plunge
G1 Z-0.200 F4000
; cut
G1 X88.789 Y-170.086 F4000
G1 X88.899 Y-170.093
G1 X89.009 Y-170.099
G1 X89.119 Y-170.106
G1 X89.229 Y-170.112
G1 X89.338 Y-170.119
G1 X89.448 Y-170.125
G1 X89.558 Y-170.131
G1 X89.668 Y-170.137
G1 X89.778 Y-170.143
G1 X89.888 Y-170.149
G1 X89.998 Y-170.155
G1 X90.109 Y-170.160
G1 X90.219 Y-170.166
G1 X90.329 Y-170.171
G1 X90.439 Y-170.176
G1 X90.549 Y-170.181
G1 X90.659 Y-170.186
G1 X90.769 Y-170.191
G1 X90.879 Y-170.195
G1 X90.989 Y-170.200
G1 X91.100 Y-170.204
G1 X91.210 Y-170.209
G1 X91.320 Y-170.213
G1 X91.430 Y-170.217
G1 X91.540 Y-170.221
G1 X91.651 Y-170.225
G1 X91.761 Y-170.229
G1 X91.871 Y-170.232
G1 X91.981 Y-170.236
G1 X92.092 Y-170.239
G1 X92.202 Y-170.242
G1 X92.312 Y-170.245
G1 X92.423 Y-170.248
G1 X92.533 Y-170.251
G1 X92.643 Y-170.254
G1 X92.754 Y-170.257
G1 X92.864 Y-170.259
G1 X92.974 Y-170.262
G1 X93.085 Y-170.264
G1 X93.195 Y-170.266
G1 X93.306 Y-170.268
G1 X93.416 Y-170.270
G1 X93.527 Y-170.272
G1 X93.637 Y-170.274
G1 X93.748 Y-170.275
G1 X93.858 Y-170.277
G1 X93.969 Y-170.278
G1 X94.079 Y-170.279
G1 X94.190 Y-170.280
G1 X94.300 Y-170.281
G1 X94.411 Y-170.282
G1 X94.521 Y-170.283
G1 X94.632 Y-170.283
G1 X94.743 Y-170.284
G1 X94.853 Y-170.284
G1 X94.964 Y-170.284
G1 X95.074 Y-170.285
G1 X95.185 Y-170.285
G1 X95.296 Y-170.284
G1 X95.406 Y-170.284
G1 X95.517 Y-170.284
G1 X95.628 Y-170.283
G1 X95.739 Y-170.283
G1 X95.842 Y-170.282
G1 X95.945 Y-170.281
G1 X96.049 Y-170.280
G1 X96.152 Y-170.279
G1 X96.255 Y-170.278
G1 X96.358 Y-170.277
G1 X96.462 Y-170.276
G1 X96.565 Y-170.274
G1 X96.668 Y-170.273
G1 X96.772 Y-170.271
G1 X96.875 Y-170.269
G1 X96.978 Y-170.267
G1 X97.081 Y-170.265
G1 X97.185 Y-170.263
G1 X97.288 Y-170.261
G1 X97.391 Y-170.258
G1 X97.494 Y-170.256
G1 X97.598 Y-170.253
G1 X97.701 Y-170.251
G1 X97.804 Y-170.248
G1 X97.907 Y-170.245
G1 X98.010 Y-170.242
G1 X98.113 Y-170.239
G1 X98.217 Y-170.235
G1 X98.320 Y-170.232
G1 X98.423 Y-170.228
G1 X98.526 Y-170.225
G1 X98.629 Y-170.221
G1 X98.732 Y-170.217
G1 X98.835 Y-170.213
G1 X98.938 Y-170.209
G1 X99.041 Y-170.205
G1 X99.144 Y-170.200
G1 X99.247 Y-170.196
G1 X99.350 Y-170.191
G1 X99.453 Y-170.187
G1 X99.556 Y-170.182
G1 X99.659 Y-170.177
G1 X99.762 Y-170.172
G1 X99.864 Y-170.166
G1 X99.967 Y-170.161
G1 X100.070 Y-170.156
G1 X100.173 Y-170.150
G1 X100.276 Y-170.144
G1 X100.378 Y-170.138
G1 X100.481 Y-170.132
G1 X100.584 Y-170.126
G1 X100.686 Y-170.120
G1 X100.789 Y-170.114
G1 X100.891 Y-170.107
G1 X100.994 Y-170.101
G1 X101.096 Y-170.094
G1 X101.199 Y-170.087
G1 X101.301 Y-170.080
G1 X101.404 Y-170.073
G1 X101.506 Y-170.065
G1 X101.608 Y-170.058
G1 X101.711 Y-170.050
G1 X101.813 Y-170.043
G1 X101.915 Y-170.035
G1 X102.017 Y-170.027
G1 X102.119 Y-170.019
G1 X102.221 Y-170.011
G1 X102.324 Y-170.002
G1 X102.425 Y-169.994
G1 X102.527 Y-169.985
G1 X102.629 Y-169.976
G1 X102.731 Y-169.967
G1 X102.833 Y-169.958
G1 X102.935 Y-169.949
G1 X103.036 Y-169.939
G1 X103.138 Y-169.930
G1 X103.240 Y-169.920
G1 X103.341 Y-169.910
G1 X103.443 Y-169.901
G1 X103.544 Y-169.890
G1 X103.646 Y-169.880
G1 X103.747 Y-169.870
G1 X103.849 Y-169.859
G1 X103.950 Y-169.848
G1 X104.051 Y-169.838
G1 X104.152 Y-169.827
G1 X104.253 Y-169.815
G1 X104.354 Y-169.804
G1 X104.455 Y-169.793
G1 X104.556 Y-169.781
G1 X104.657 Y-169.769
G1 X104.758 Y-169.757
G1 X104.858 Y-169.745
G1 X104.959 Y-169.733
G1 X105.059 Y-169.720
G1 X105.160 Y-169.708
G1 X105.260 Y-169.695
G1 X105.361 Y-169.682
G1 X105.461 Y-169.669
G1 X105.561 Y-169.656
G1 X105.661 Y-169.642
G1 X105.761 Y-169.629
G1 X105.861 Y-169.615
G1 X106.060 Y-169.587
G1 X106.160 Y-169.573
G1 X106.259 Y-169.558
G1 X106.358 Y-169.543
G1 X106.458 Y-169.529
G1 X106.557 Y-169.514
G1 X106.656 Y-169.498
G1 X106.755 Y-169.483
G1 X106.854 Y-169.468
G1 X107.051 Y-169.436
G1 X107.150 Y-169.420
G1 X107.346 Y-169.387
G1 X107.542 Y-169.354
G1 X107.738 Y-169.319
G1 X107.933 Y-169.284
G1 X108.128 Y-169.249
G1 X108.322 Y-169.212
G1 X108.516 Y-169.175
G1 X108.709 Y-169.137
G1 X108.817 Y-169.115
G1 X108.925 Y-169.093
G1 X109.033 Y-169.070
G1 X109.140 Y-169.048
G1 X109.248 Y-169.025
G1 X109.355 Y-169.002
G1 X109.462 Y-168.978
G1 X109.569 Y-168.954
G1 X109.676 Y-168.930
G1 X109.782 Y-168.906
G1 X109.888 Y-168.881
G1 X109.994 Y-168.857
G1 X110.100 Y-168.831
G1 X110.205 Y-168.806
G1 X110.311 Y-168.780
G1 X110.416 Y-168.754
G1 X110.520 Y-168.728
G1 X110.625 Y-168.701
G1 X110.729 Y-168.674
G1 X110.833 Y-168.647
G1 X110.936 Y-168.620
G1 X111.039 Y-168.592
G1 X111.142 Y-168.564
G1 X111.245 Y-168.535
G1 X111.347 Y-168.507
G1 X111.449 Y-168.477
G1 X111.550 Y-168.448
G1 X111.652 Y-168.418
G1 X111.752 Y-168.388
G1 X111.853 Y-168.358
G1 X111.953 Y-168.328
G1 X112.053 Y-168.297
G1 X112.152 Y-168.265
G1 X112.251 Y-168.234
G1 X112.349 Y-168.202
G1 X112.447 Y-168.169
G1 X112.545 Y-168.137
G1 X112.642 Y-168.104
G1 X112.739 Y-168.071
G1 X112.835 Y-168.037
G1 X112.931 Y-168.003
G1 X113.026 Y-167.969
G1 X113.121 Y-167.934
G1 X113.216 Y-167.899
G1 X113.310 Y-167.864
G1 X113.496 Y-167.792
G1 X113.680 Y-167.719
G1 X113.863 Y-167.645
G1 X114.043 Y-167.569
G1 X114.220 Y-167.492
G1 X114.396 Y-167.413
G1 X114.569 Y-167.333
G1 X114.740 Y-167.251
G1 X114.908 Y-167.168
G1 X115.056 Y-167.093
G1 X115.183 Y-167.026
G1 X115.308 Y-166.959
G1 X115.431 Y-166.890
G1 X115.553 Y-166.821
G1 X115.672 Y-166.751
G1 X115.790 Y-166.680
G1 X115.905 Y-166.608
G1 X116.019 Y-166.535
G1 X116.130 Y-166.462
G1 X116.240 Y-166.387
G1 X116.348 Y-166.313
G1 X116.453 Y-166.237
G1 X116.557 Y-166.160
G1 X116.659 Y-166.083
G1 X116.759 Y-166.006
G1 X116.858 Y-165.927
G1 X116.954 Y-165.848
G1 X117.048 Y-165.768
G1 X117.141 Y-165.688
G1 X117.231 Y-165.607
G1 X117.320 Y-165.526
G1 X117.407 Y-165.444
G1 X117.491 Y-165.361
G1 X117.574 Y-165.278
G1 X117.656 Y-165.195
G1 X117.735 Y-165.111
G1 X117.812 Y-165.027
G1 X117.888 Y-164.942
G1 X117.962 Y-164.857
G1 X118.034 Y-164.771
G1 X118.104 Y-164.685
G1 X118.182 Y-164.586
G1 X118.267 Y-164.475
G1 X118.350 Y-164.362
G1 X118.430 Y-164.250
G1 X118.507 Y-164.137
G1 X118.582 Y-164.023
G1 X118.655 Y-163.910
G1 X118.725 Y-163.795
G1 X118.793 Y-163.681
G1 X118.858 Y-163.566
G1 X118.921 Y-163.451
G1 X118.982 Y-163.335
G1 X119.041 Y-163.219
G1 X119.097 Y-163.103
G1 X119.152 Y-162.987
G1 X119.204 Y-162.870
G1 X119.254 Y-162.753
G1 X119.303 Y-162.636
G1 X119.349 Y-162.518
G1 X119.394 Y-162.400
G1 X119.437 Y-162.283
G1 X119.478 Y-162.165
G1 X119.517 Y-162.046
G1 X119.555 Y-161.928
G1 X119.591 Y-161.810
G1 X119.626 Y-161.691
G1 X119.659 Y-161.572
G1 X119.690 Y-161.454
G1 X119.720 Y-161.335
G1 X119.749 Y-161.216
G1 X119.776 Y-161.097
G1 X119.803 Y-160.978
G1 X119.826 Y-160.866
G1 X119.847 Y-160.760
G1 X119.867 Y-160.654
G1 X119.886 Y-160.548
G1 X119.904 Y-160.442
G1 X119.921 Y-160.336
G1 X119.937 Y-160.229
G1 X119.953 Y-160.123
G1 X119.967 Y-160.017
G1 X119.981 Y-159.911
G1 X119.994 Y-159.805
G1 X120.007 Y-159.698
G1 X120.018 Y-159.592
G1 X120.029 Y-159.486
G1 X120.039 Y-159.379
G1 X120.048 Y-159.273
G1 X120.057 Y-159.167
G1 X120.065 Y-159.060
G1 X120.072 Y-158.954
G1 X120.078 Y-158.847
G1 X120.084 Y-158.741
G1 X120.090 Y-158.634
G1 X120.095 Y-158.528
G1 X120.099 Y-158.422
G1 X120.103 Y-158.315
G1 X120.106 Y-158.209
G1 X120.109 Y-158.102
G1 X120.111 Y-157.996
G1 X120.113 Y-157.889
G1 X120.114 Y-157.783
G1 X120.115 Y-157.676
G1 X120.115 Y-157.570
G1 X120.116 Y-157.460
G1 X120.115 Y-157.347
G1 X120.114 Y-157.234
G1 X120.113 Y-157.121
G1 X120.111 Y-157.008
G1 X120.109 Y-156.894
G1 X120.107 Y-156.781
G1 X120.104 Y-156.668
G1 X120.101 Y-156.555
G1 X120.097 Y-156.442
G1 X120.093 Y-156.329
G1 X120.089 Y-156.216
G1 X120.085 Y-156.103
G1 X120.080 Y-155.990
G1 X120.075 Y-155.877
G1 X120.070 Y-155.764
G1 X120.064 Y-155.650
G1 X120.059 Y-155.537
G1 X120.053 Y-155.424
G1 X120.047 Y-155.311
G1 X120.041 Y-155.198
G1 X120.034 Y-155.085
G1 X120.028 Y-154.972
G1 X120.021 Y-154.859
G1 X120.015 Y-154.746
G1 X120.008 Y-154.633
G1 X120.001 Y-154.520
G1 X119.994 Y-154.407
G1 X119.987 Y-154.294
G1 X119.980 Y-154.181
G1 X119.973 Y-154.068
G1 X119.966 Y-153.954
G1 X119.962 Y-153.898
; Retract
G0 Z3.000

; Path 84
; Rapid to initial position
G0 X124.145 Y-140.139
G0 Z0.000
; plunge
G1 Z-0.200 F4000
; cut
G1 X124.095 Y-140.242 F4000
G1 X124.046 Y-140.345
G1 X123.996 Y-140.449
G1 X123.946 Y-140.552
G1 X123.896 Y-140.656
G1 X123.846 Y-140.759
G1 X123.797 Y-140.863
G1 X123.748 Y-140.966
G1 X123.698 Y-141.070
G1 X123.650 Y-141.174
G1 X123.601 Y-141.277
G1 X123.553 Y-141.381
G1 X123.505 Y-141.485
G1 X123.458 Y-141.589
G1 X123.411 Y-141.694
G1 X123.365 Y-141.798
G1 X123.319 Y-141.902
G1 X123.273 Y-142.007
G1 X123.228 Y-142.112
G1 X123.184 Y-142.217
G1 X123.141 Y-142.322
G1 X123.098 Y-142.427
G1 X123.056 Y-142.532
G1 X123.014 Y-142.637
G1 X122.974 Y-142.743
G1 X122.934 Y-142.849
G1 X122.895 Y-142.955
G1 X122.857 Y-143.061
G1 X122.820 Y-143.167
G1 X122.784 Y-143.274
G1 X122.749 Y-143.381
G1 X122.715 Y-143.488
G1 X122.671 Y-143.632
G1 X122.629 Y-143.778
G1 X122.589 Y-143.923
G1 X122.552 Y-144.069
G1 X122.517 Y-144.215
G1 X122.485 Y-144.362
G1 X122.456 Y-144.509
G1 X122.430 Y-144.656
G1 X122.407 Y-144.803
G1 X122.386 Y-144.951
G1 X122.369 Y-145.099
G1 X122.356 Y-145.247
G1 X122.346 Y-145.395
G1 X122.339 Y-145.543
G1 X122.337 Y-145.692
G1 X122.338 Y-145.840
G1 X122.342 Y-145.965
G1 X122.349 Y-146.091
G1 X122.358 Y-146.216
G1 X122.370 Y-146.341
G1 X122.385 Y-146.466
G1 X122.403 Y-146.590
G1 X122.422 Y-146.715
G1 X122.445 Y-146.839
G1 X122.470 Y-146.963
G1 X122.497 Y-147.087
G1 X122.526 Y-147.210
G1 X122.558 Y-147.333
G1 X122.593 Y-147.456
G1 X122.629 Y-147.578
G1 X122.668 Y-147.700
G1 X122.709 Y-147.822
G1 X122.766 Y-147.983
G1 X122.828 Y-148.144
G1 X122.893 Y-148.303
G1 X122.961 Y-148.462
G1 X123.033 Y-148.620
G1 X123.107 Y-148.777
G1 X123.185 Y-148.934
G1 X123.267 Y-149.089
G1 X123.351 Y-149.244
G1 X123.438 Y-149.398
G1 X123.527 Y-149.551
G1 X123.620 Y-149.703
G1 X123.715 Y-149.854
G1 X123.813 Y-150.004
G1 X123.913 Y-150.154
G1 X124.015 Y-150.302
G1 X124.093 Y-150.413
G1 X124.173 Y-150.523
G1 X124.254 Y-150.632
G1 X124.336 Y-150.741
G1 X124.419 Y-150.850
G1 X124.503 Y-150.958
G1 X124.589 Y-151.066
G1 X124.675 Y-151.173
G1 X124.763 Y-151.279
G1 X124.851 Y-151.386
G1 X124.941 Y-151.491
G1 X125.032 Y-151.596
G1 X125.123 Y-151.701
G1 X125.216 Y-151.805
G1 X125.310 Y-151.909
G1 X125.404 Y-152.012
G1 X125.500 Y-152.115
G1 X125.596 Y-152.218
G1 X125.694 Y-152.320
G1 X125.792 Y-152.421
G1 X125.891 Y-152.522
G1 X125.991 Y-152.623
G1 X126.091 Y-152.723
G1 X126.193 Y-152.823
G1 X126.295 Y-152.922
G1 X126.398 Y-153.021
G1 X126.502 Y-153.119
G1 X126.606 Y-153.217
G1 X126.711 Y-153.315
G1 X126.817 Y-153.412
G1 X126.924 Y-153.508
G1 X127.031 Y-153.605
G1 X127.130 Y-153.692
G1 X127.229 Y-153.780
G1 X127.329 Y-153.867
G1 X127.430 Y-153.954
G1 X127.530 Y-154.040
G1 X127.632 Y-154.126
G1 X127.734 Y-154.212
G1 X127.836 Y-154.298
G1 X127.939 Y-154.383
G1 X128.042 Y-154.468
G1 X128.146 Y-154.552
G1 X128.250 Y-154.637
G1 X128.355 Y-154.721
G1 X128.460 Y-154.804
G1 X128.566 Y-154.888
G1 X128.672 Y-154.971
G1 X128.778 Y-155.054
G1 X128.885 Y-155.136
G1 X128.993 Y-155.218
G1 X129.101 Y-155.300
G1 X129.209 Y-155.381
G1 X129.318 Y-155.462
G1 X129.427 Y-155.543
G1 X129.537 Y-155.623
G1 X129.647 Y-155.703
G1 X129.758 Y-155.783
G1 X129.869 Y-155.862
G1 X129.981 Y-155.941
G1 X130.092 Y-156.020
G1 X130.205 Y-156.098
G1 X130.318 Y-156.176
G1 X130.431 Y-156.254
G1 X130.545 Y-156.331
G1 X130.659 Y-156.408
G1 X130.774 Y-156.484
G1 X130.889 Y-156.560
G1 X131.004 Y-156.636
G1 X131.120 Y-156.711
G1 X131.237 Y-156.786
G1 X131.354 Y-156.861
G1 X131.471 Y-156.935
G1 X131.589 Y-157.009
G1 X131.707 Y-157.083
G1 X131.825 Y-157.156
G1 X131.944 Y-157.229
G1 X132.064 Y-157.301
G1 X132.184 Y-157.373
G1 X132.304 Y-157.444
G1 X132.425 Y-157.516
G1 X132.546 Y-157.586
G1 X132.667 Y-157.657
G1 X132.789 Y-157.727
G1 X132.912 Y-157.796
G1 X133.034 Y-157.865
G1 X133.158 Y-157.934
G1 X133.281 Y-158.002
G1 X133.405 Y-158.070
G1 X133.530 Y-158.138
G1 X133.655 Y-158.205
G1 X133.780 Y-158.272
G1 X133.906 Y-158.338
G1 X134.032 Y-158.404
G1 X134.158 Y-158.469
G1 X134.285 Y-158.534
G1 X134.413 Y-158.599
G1 X134.540 Y-158.663
G1 X134.668 Y-158.726
G1 X134.797 Y-158.790
G1 X134.926 Y-158.852
G1 X135.055 Y-158.915
G1 X135.185 Y-158.976
G1 X135.315 Y-159.038
G1 X135.445 Y-159.099
G1 X135.576 Y-159.159
G1 X135.707 Y-159.219
G1 X135.839 Y-159.279
G1 X135.971 Y-159.338
G1 X136.103 Y-159.397
G1 X136.236 Y-159.455
G1 X136.369 Y-159.513
G1 X136.503 Y-159.570
G1 X136.637 Y-159.627
G1 X136.771 Y-159.683
G1 X136.905 Y-159.739
G1 X137.040 Y-159.794
G1 X137.176 Y-159.849
G1 X137.311 Y-159.903
G1 X137.447 Y-159.957
G1 X137.583 Y-160.011
G1 X137.720 Y-160.064
G1 X137.857 Y-160.116
G1 X137.994 Y-160.168
G1 X138.132 Y-160.220
G1 X138.270 Y-160.271
G1 X138.408 Y-160.321
G1 X138.547 Y-160.371
G1 X138.686 Y-160.421
G1 X138.825 Y-160.470
G1 X138.965 Y-160.519
G1 X139.104 Y-160.567
G1 X139.245 Y-160.614
G1 X139.385 Y-160.661
G1 X139.526 Y-160.708
G1 X139.667 Y-160.754
G1 X139.808 Y-160.800
G1 X139.950 Y-160.845
G1 X140.092 Y-160.890
G1 X140.234 Y-160.934
G1 X140.377 Y-160.977
G1 X140.519 Y-161.020
G1 X140.662 Y-161.063
G1 X140.806 Y-161.105
G1 X140.949 Y-161.147
G1 X141.093 Y-161.188
G1 X141.237 Y-161.228
G1 X141.382 Y-161.268
G1 X141.527 Y-161.308
G1 X141.671 Y-161.347
G1 X141.817 Y-161.385
G1 X141.962 Y-161.423
G1 X142.108 Y-161.461
G1 X142.254 Y-161.498
G1 X142.400 Y-161.534
G1 X142.546 Y-161.570
G1 X142.693 Y-161.605
G1 X142.840 Y-161.640
G1 X142.987 Y-161.674
G1 X143.134 Y-161.708
G1 X143.282 Y-161.741
G1 X143.429 Y-161.774
G1 X143.577 Y-161.806
G1 X143.725 Y-161.838
G1 X143.874 Y-161.869
G1 X144.022 Y-161.900
G1 X144.171 Y-161.930
G1 X144.320 Y-161.960
G1 X144.469 Y-161.989
G1 X144.618 Y-162.018
G1 X144.767 Y-162.046
G1 X144.917 Y-162.074
G1 X145.067 Y-162.101
G1 X145.216 Y-162.128
G1 X145.366 Y-162.154
G1 X145.517 Y-162.180
G1 X145.667 Y-162.205
G1 X145.817 Y-162.230
G1 X145.968 Y-162.255
G1 X146.119 Y-162.278
G1 X146.270 Y-162.302
G1 X146.421 Y-162.324
G1 X146.572 Y-162.347
G1 X146.723 Y-162.369
G1 X146.875 Y-162.390
G1 X147.026 Y-162.411
G1 X147.178 Y-162.431
G1 X147.330 Y-162.451
G1 X147.482 Y-162.470
G1 X147.634 Y-162.489
G1 X147.786 Y-162.508
G1 X147.938 Y-162.526
G1 X148.090 Y-162.543
G1 X148.243 Y-162.560
G1 X148.395 Y-162.576
G1 X148.548 Y-162.592
G1 X148.701 Y-162.608
G1 X148.854 Y-162.623
G1 X149.007 Y-162.638
G1 X149.160 Y-162.652
G1 X149.313 Y-162.665
G1 X149.466 Y-162.678
G1 X149.619 Y-162.691
G1 X149.772 Y-162.703
G1 X149.926 Y-162.715
G1 X150.079 Y-162.726
G1 X150.233 Y-162.737
G1 X150.386 Y-162.747
G1 X150.540 Y-162.757
G1 X150.693 Y-162.767
G1 X150.847 Y-162.776
G1 X151.001 Y-162.784
G1 X151.155 Y-162.792
G1 X151.308 Y-162.800
G1 X151.462 Y-162.807
G1 X151.616 Y-162.813
G1 X151.770 Y-162.819
G1 X151.924 Y-162.825
G1 X152.078 Y-162.830
G1 X152.232 Y-162.835
G1 X152.386 Y-162.839
G1 X152.540 Y-162.843
G1 X152.694 Y-162.846
G1 X152.848 Y-162.849
G1 X153.002 Y-162.852
G1 X153.156 Y-162.854
G1 X153.311 Y-162.855
G1 X153.465 Y-162.856
G1 X153.619 Y-162.857
G1 X153.773 Y-162.857
G1 X153.927 Y-162.857
G1 X154.081 Y-162.856
G1 X154.235 Y-162.855
G1 X154.389 Y-162.853
G1 X154.544 Y-162.851
G1 X154.698 Y-162.849
G1 X154.852 Y-162.846
G1 X155.006 Y-162.842
G1 X155.160 Y-162.838
G1 X155.314 Y-162.834
G1 X155.468 Y-162.829
G1 X155.622 Y-162.824
G1 X155.776 Y-162.818
G1 X155.930 Y-162.812
G1 X156.084 Y-162.805
G1 X156.238 Y-162.798
G1 X156.391 Y-162.790
G1 X156.545 Y-162.782
G1 X156.699 Y-162.774
G1 X156.853 Y-162.765
G1 X157.006 Y-162.756
G1 X157.160 Y-162.746
G1 X157.313 Y-162.735
G1 X157.467 Y-162.725
G1 X157.620 Y-162.714
G1 X157.774 Y-162.702
G1 X157.927 Y-162.690
G1 X158.080 Y-162.677
G1 X158.233 Y-162.664
G1 X158.386 Y-162.651
G1 X158.539 Y-162.637
G1 X158.692 Y-162.622
G1 X158.845 Y-162.608
G1 X158.998 Y-162.592
G1 X159.150 Y-162.577
G1 X159.303 Y-162.560
G1 X159.456 Y-162.544
G1 X159.608 Y-162.527
G1 X159.760 Y-162.509
G1 X159.912 Y-162.491
G1 X160.065 Y-162.473
G1 X160.217 Y-162.454
G1 X160.369 Y-162.434
G1 X160.520 Y-162.414
G1 X160.672 Y-162.394
G1 X160.824 Y-162.373
G1 X160.975 Y-162.352
G1 X161.126 Y-162.331
G1 X161.278 Y-162.308
G1 X161.429 Y-162.286
G1 X161.580 Y-162.263
G1 X161.731 Y-162.239
G1 X161.881 Y-162.215
G1 X162.032 Y-162.191
G1 X162.183 Y-162.166
G1 X162.333 Y-162.141
G1 X162.483 Y-162.115
G1 X162.633 Y-162.089
G1 X162.797 Y-162.060
G1 X162.960 Y-162.030
G1 X163.123 Y-162.000
G1 X163.287 Y-161.969
G1 X163.449 Y-161.938
G1 X163.612 Y-161.906
G1 X163.775 Y-161.874
G1 X163.937 Y-161.841
G1 X164.099 Y-161.808
G1 X164.261 Y-161.775
G1 X164.422 Y-161.740
G1 X164.584 Y-161.706
G1 X164.745 Y-161.671
G1 X164.906 Y-161.635
G1 X165.067 Y-161.599
G1 X165.228 Y-161.562
G1 X165.389 Y-161.525
G1 X165.549 Y-161.488
G1 X165.709 Y-161.450
G1 X165.869 Y-161.412
G1 X166.029 Y-161.373
G1 X166.188 Y-161.333
G1 X166.348 Y-161.294
G1 X166.507 Y-161.254
G1 X166.666 Y-161.213
G1 X166.825 Y-161.172
G1 X166.983 Y-161.131
G1 X167.142 Y-161.089
G1 X167.300 Y-161.047
G1 X167.458 Y-161.004
G1 X167.616 Y-160.961
G1 X167.774 Y-160.918
G1 X167.931 Y-160.874
G1 X168.088 Y-160.830
G1 X168.245 Y-160.785
G1 X168.402 Y-160.741
G1 X168.559 Y-160.695
G1 X168.716 Y-160.650
G1 X168.872 Y-160.604
G1 X169.028 Y-160.557
G1 X169.184 Y-160.511
G1 X169.340 Y-160.464
G1 X169.496 Y-160.416
G1 X169.651 Y-160.369
G1 X169.806 Y-160.321
G1 X169.961 Y-160.272
G1 X170.116 Y-160.224
G1 X170.271 Y-160.175
G1 X170.425 Y-160.125
G1 X170.580 Y-160.076
G1 X170.734 Y-160.026
G1 X170.888 Y-159.975
G1 X171.042 Y-159.925
G1 X171.195 Y-159.874
G1 X171.349 Y-159.823
G1 X171.502 Y-159.772
G1 X171.655 Y-159.720
G1 X171.808 Y-159.668
G1 X171.961 Y-159.616
G1 X172.113 Y-159.563
G1 X172.266 Y-159.511
G1 X172.418 Y-159.458
G1 X172.570 Y-159.404
G1 X172.722 Y-159.351
G1 X172.871 Y-159.298
G1 X173.021 Y-159.245
G1 X173.170 Y-159.191
G1 X173.319 Y-159.138
G1 X173.468 Y-159.084
G1 X173.617 Y-159.030
G1 X173.766 Y-158.976
G1 X173.915 Y-158.921
G1 X174.063 Y-158.866
G1 X174.211 Y-158.812
G1 X174.360 Y-158.757
G1 X174.508 Y-158.701
G1 X174.656 Y-158.646
G1 X174.803 Y-158.590
G1 X174.951 Y-158.534
G1 X175.099 Y-158.478
G1 X175.246 Y-158.422
G1 X175.394 Y-158.366
G1 X175.541 Y-158.310
G1 X175.688 Y-158.253
G1 X175.835 Y-158.196
G1 X175.982 Y-158.139
G1 X176.129 Y-158.082
G1 X176.275 Y-158.025
G1 X176.422 Y-157.967
G1 X176.568 Y-157.910
G1 X176.715 Y-157.852
G1 X176.861 Y-157.794
G1 X177.007 Y-157.737
G1 X177.154 Y-157.679
G1 X177.300 Y-157.620
G1 X177.446 Y-157.562
G1 X177.591 Y-157.504
G1 X177.737 Y-157.445
G1 X177.883 Y-157.387
G1 X178.029 Y-157.328
G1 X178.174 Y-157.269
G1 X178.320 Y-157.210
G1 X178.465 Y-157.151
G1 X178.611 Y-157.092
G1 X178.756 Y-157.033
G1 X178.901 Y-156.974
G1 X179.046 Y-156.914
G1 X179.192 Y-156.855
G1 X179.337 Y-156.796
G1 X179.482 Y-156.736
G1 X179.627 Y-156.676
G1 X179.772 Y-156.617
G1 X179.917 Y-156.557
G1 X180.062 Y-156.497
G1 X180.207 Y-156.438
G1 X180.351 Y-156.378
G1 X180.496 Y-156.318
G1 X180.641 Y-156.258
G1 X180.786 Y-156.198
G1 X180.930 Y-156.138
G1 X181.075 Y-156.078
G1 X181.220 Y-156.018
G1 X181.364 Y-155.958
G1 X181.509 Y-155.898
G1 X181.654 Y-155.838
G1 X181.798 Y-155.778
G1 X181.943 Y-155.718
G1 X182.088 Y-155.657
; Retract
G0 Z3.000

; Path 85
; Rapid to initial position
G0 X186.911 Y-157.222
G0 Z0.000
; plunge
G1 Z-0.200 F4000
; cut
G1 X188.043 Y-161.879 F4000
G1 X189.224 Y-168.129
G1 X190.275 Y-177.320
G1 X190.554 Y-184.672
G1 X189.575 Y-188.104
G1 X187.821 Y-186.633
G1 X184.890 Y-181.609
G1 X185.578 Y-183.937
G1 X187.754 Y-196.314
G1 X189.715 Y-209.390
G1 X190.554 Y-220.198
G1 X189.506 Y-225.603
G1 X187.555 Y-224.831
G1 X185.179 Y-213.642
G1 X183.624 Y-199.746
G1 X183.069 Y-189.697
G1 X183.069 Y-179.648
G1 X183.358 Y-178.178
; Retract
G0 Z3.000

; Path 86
; Rapid to initial position
G0 X187.241 Y-167.505
G0 Z0.000
; plunge
G1 Z-0.200 F4000
; cut
G1 X187.105 Y-167.613 F4000
G1 X186.968 Y-167.721
G1 X186.830 Y-167.829
G1 X186.691 Y-167.936
G1 X186.551 Y-168.042
G1 X186.411 Y-168.148
G1 X186.270 Y-168.253
G1 X186.128 Y-168.358
G1 X185.985 Y-168.462
G1 X185.842 Y-168.566
G1 X185.697 Y-168.669
G1 X185.552 Y-168.771
G1 X185.406 Y-168.873
G1 X185.259 Y-168.974
G1 X185.112 Y-169.075
G1 X184.964 Y-169.175
G1 X184.815 Y-169.274
G1 X184.665 Y-169.373
G1 X184.514 Y-169.471
G1 X184.363 Y-169.568
G1 X184.211 Y-169.665
G1 X184.058 Y-169.761
G1 X183.904 Y-169.856
G1 X183.750 Y-169.951
G1 X183.594 Y-170.045
G1 X183.438 Y-170.138
G1 X183.282 Y-170.230
G1 X183.124 Y-170.322
G1 X182.966 Y-170.413
G1 X182.807 Y-170.504
G1 X182.647 Y-170.593
G1 X182.487 Y-170.682
G1 X182.325 Y-170.770
G1 X182.163 Y-170.857
G1 X182.001 Y-170.944
G1 X181.837 Y-171.030
G1 X181.673 Y-171.115
G1 X181.508 Y-171.199
G1 X181.343 Y-171.282
G1 X181.176 Y-171.364
G1 X181.009 Y-171.446
G1 X180.841 Y-171.527
G1 X180.673 Y-171.607
G1 X180.503 Y-171.686
G1 X180.333 Y-171.764
G1 X180.163 Y-171.842
G1 X179.991 Y-171.918
G1 X179.819 Y-171.994
G1 X179.646 Y-172.069
G1 X179.473 Y-172.143
G1 X179.299 Y-172.216
G1 X179.124 Y-172.288
G1 X178.948 Y-172.359
G1 X178.772 Y-172.429
G1 X178.595 Y-172.498
G1 X178.417 Y-172.567
G1 X178.238 Y-172.634
G1 X178.059 Y-172.700
G1 X177.880 Y-172.766
G1 X177.699 Y-172.830
G1 X177.518 Y-172.894
G1 X177.336 Y-172.956
G1 X177.154 Y-173.018
G1 X176.970 Y-173.078
G1 X176.781 Y-173.139
G1 X176.591 Y-173.199
G1 X176.495 Y-173.229
G1 X176.304 Y-173.287
G1 X176.208 Y-173.316
G1 X176.112 Y-173.344
G1 X176.016 Y-173.372
G1 X175.920 Y-173.400
G1 X175.727 Y-173.455
G1 X175.630 Y-173.482
G1 X175.533 Y-173.508
G1 X175.436 Y-173.534
G1 X175.339 Y-173.560
G1 X175.241 Y-173.586
G1 X175.144 Y-173.611
G1 X175.046 Y-173.636
G1 X174.948 Y-173.661
G1 X174.850 Y-173.685
G1 X174.752 Y-173.710
G1 X174.654 Y-173.733
G1 X174.556 Y-173.757
G1 X174.457 Y-173.780
G1 X174.358 Y-173.803
G1 X174.260 Y-173.825
G1 X174.161 Y-173.847
G1 X174.062 Y-173.869
G1 X173.962 Y-173.891
G1 X173.863 Y-173.912
G1 X173.764 Y-173.933
G1 X173.664 Y-173.953
G1 X173.564 Y-173.973
G1 X173.465 Y-173.993
G1 X173.365 Y-174.013
G1 X173.265 Y-174.032
G1 X173.165 Y-174.051
G1 X173.064 Y-174.069
G1 X172.964 Y-174.088
G1 X172.863 Y-174.105
G1 X172.763 Y-174.123
G1 X172.662 Y-174.140
G1 X172.561 Y-174.157
G1 X172.460 Y-174.173
G1 X172.359 Y-174.189
G1 X172.258 Y-174.205
G1 X172.157 Y-174.221
G1 X172.056 Y-174.236
G1 X171.954 Y-174.250
G1 X171.853 Y-174.265
G1 X171.751 Y-174.279
G1 X171.650 Y-174.292
G1 X171.548 Y-174.305
G1 X171.446 Y-174.318
G1 X171.344 Y-174.331
G1 X171.242 Y-174.343
G1 X171.140 Y-174.355
G1 X171.038 Y-174.366
G1 X170.935 Y-174.377
G1 X170.833 Y-174.388
G1 X170.731 Y-174.398
G1 X170.628 Y-174.408
G1 X170.525 Y-174.418
G1 X170.423 Y-174.427
G1 X170.320 Y-174.436
G1 X170.217 Y-174.445
G1 X170.115 Y-174.453
G1 X170.012 Y-174.461
G1 X169.909 Y-174.468
G1 X169.806 Y-174.476
G1 X169.703 Y-174.482
G1 X169.600 Y-174.489
G1 X169.497 Y-174.495
G1 X169.394 Y-174.501
G1 X169.291 Y-174.506
G1 X169.188 Y-174.511
G1 X169.085 Y-174.516
G1 X168.982 Y-174.520
G1 X168.879 Y-174.524
G1 X168.775 Y-174.528
G1 X168.672 Y-174.532
G1 X168.569 Y-174.535
G1 X168.466 Y-174.537
G1 X168.362 Y-174.540
G1 X168.259 Y-174.542
G1 X168.156 Y-174.544
G1 X168.052 Y-174.545
G1 X167.949 Y-174.546
G1 X167.846 Y-174.547
G1 X167.742 Y-174.547
G1 X167.639 Y-174.547
G1 X167.536 Y-174.547
G1 X167.432 Y-174.546
G1 X167.329 Y-174.545
G1 X167.226 Y-174.544
G1 X167.122 Y-174.543
G1 X167.019 Y-174.541
G1 X166.916 Y-174.538
G1 X166.813 Y-174.536
G1 X166.709 Y-174.533
G1 X166.606 Y-174.530
G1 X166.503 Y-174.527
G1 X166.399 Y-174.523
G1 X166.296 Y-174.519
G1 X166.193 Y-174.514
G1 X166.090 Y-174.510
G1 X165.987 Y-174.504
G1 X165.884 Y-174.499
G1 X165.781 Y-174.493
G1 X165.678 Y-174.488
G1 X165.575 Y-174.481
G1 X165.472 Y-174.475
G1 X165.369 Y-174.468
G1 X165.266 Y-174.461
G1 X165.163 Y-174.453
G1 X165.060 Y-174.445
G1 X164.957 Y-174.437
G1 X164.855 Y-174.429
G1 X164.752 Y-174.420
G1 X164.649 Y-174.411
G1 X164.547 Y-174.402
G1 X164.444 Y-174.393
G1 X164.342 Y-174.383
G1 X164.239 Y-174.373
G1 X164.137 Y-174.362
G1 X164.035 Y-174.351
G1 X163.933 Y-174.340
G1 X163.830 Y-174.329
G1 X163.728 Y-174.317
G1 X163.626 Y-174.305
G1 X163.524 Y-174.293
G1 X163.422 Y-174.281
G1 X163.320 Y-174.268
G1 X163.218 Y-174.255
G1 X163.116 Y-174.242
G1 X163.015 Y-174.228
G1 X162.913 Y-174.214
G1 X162.811 Y-174.200
G1 X162.710 Y-174.186
G1 X162.608 Y-174.171
G1 X162.507 Y-174.156
G1 X162.406 Y-174.141
G1 X162.305 Y-174.126
G1 X162.204 Y-174.110
G1 X162.102 Y-174.094
G1 X162.002 Y-174.078
G1 X161.901 Y-174.061
G1 X161.800 Y-174.045
G1 X161.699 Y-174.028
G1 X161.599 Y-174.010
G1 X161.498 Y-173.993
G1 X161.398 Y-173.975
G1 X161.297 Y-173.957
G1 X161.197 Y-173.939
G1 X161.097 Y-173.920
G1 X160.997 Y-173.901
G1 X160.897 Y-173.882
G1 X160.797 Y-173.863
G1 X160.697 Y-173.843
G1 X160.597 Y-173.824
G1 X160.498 Y-173.803
G1 X160.398 Y-173.783
G1 X160.299 Y-173.763
G1 X160.199 Y-173.742
G1 X160.100 Y-173.721
G1 X160.001 Y-173.699
G1 X159.902 Y-173.678
G1 X159.803 Y-173.656
G1 X159.704 Y-173.634
G1 X159.605 Y-173.612
G1 X159.506 Y-173.589
G1 X159.408 Y-173.566
G1 X159.309 Y-173.543
G1 X159.211 Y-173.520
G1 X159.112 Y-173.496
G1 X159.014 Y-173.473
G1 X158.916 Y-173.449
G1 X158.818 Y-173.424
G1 X158.720 Y-173.400
G1 X158.623 Y-173.375
G1 X158.525 Y-173.350
G1 X158.427 Y-173.325
G1 X158.330 Y-173.300
G1 X158.233 Y-173.274
G1 X158.135 Y-173.248
G1 X158.038 Y-173.222
G1 X157.941 Y-173.196
G1 X157.844 Y-173.169
G1 X157.651 Y-173.115
G1 X157.554 Y-173.088
G1 X157.458 Y-173.060
G1 X157.265 Y-173.005
G1 X157.169 Y-172.977
G1 X157.073 Y-172.948
G1 X156.977 Y-172.919
G1 X156.786 Y-172.862
G1 X156.595 Y-172.803
G1 X156.405 Y-172.743
G1 X156.215 Y-172.682
G1 X156.025 Y-172.621
G1 X155.837 Y-172.559
G1 X155.742 Y-172.527
G1 X155.554 Y-172.464
G1 X155.367 Y-172.399
G1 X155.180 Y-172.334
G1 X154.993 Y-172.268
G1 X154.807 Y-172.201
G1 X154.622 Y-172.133
G1 X154.437 Y-172.065
G1 X154.252 Y-171.995
G1 X154.068 Y-171.925
G1 X153.885 Y-171.854
G1 X153.703 Y-171.782
G1 X153.521 Y-171.710
G1 X153.339 Y-171.636
G1 X153.158 Y-171.562
G1 X152.978 Y-171.487
G1 X152.798 Y-171.412
G1 X152.619 Y-171.335
G1 X152.441 Y-171.258
G1 X152.263 Y-171.180
G1 X152.086 Y-171.102
G1 X151.909 Y-171.022
G1 X151.733 Y-170.942
G1 X151.640 Y-170.899
G1 X151.547 Y-170.856
G1 X151.454 Y-170.813
G1 X151.362 Y-170.769
G1 X151.269 Y-170.725
G1 X151.177 Y-170.681
G1 X151.085 Y-170.637
G1 X150.993 Y-170.593
G1 X150.901 Y-170.548
G1 X150.810 Y-170.503
G1 X150.718 Y-170.458
G1 X150.627 Y-170.413
G1 X150.536 Y-170.367
G1 X150.445 Y-170.322
G1 X150.354 Y-170.276
G1 X150.264 Y-170.230
G1 X150.173 Y-170.183
G1 X150.083 Y-170.137
G1 X149.993 Y-170.090
G1 X149.904 Y-170.043
G1 X149.814 Y-169.996
G1 X149.725 Y-169.949
G1 X149.636 Y-169.901
G1 X149.547 Y-169.854
G1 X149.458 Y-169.806
G1 X149.369 Y-169.758
G1 X149.281 Y-169.709
G1 X149.192 Y-169.661
G1 X149.104 Y-169.612
G1 X148.929 Y-169.514
G1 X148.754 Y-169.415
G1 X148.667 Y-169.365
G1 X148.494 Y-169.265
G1 X148.321 Y-169.165
G1 X148.150 Y-169.063
G1 X147.979 Y-168.961
G1 X147.809 Y-168.857
G1 X147.640 Y-168.753
G1 X147.472 Y-168.649
G1 X147.304 Y-168.543
G1 X147.138 Y-168.437
G1 X146.972 Y-168.330
G1 X146.808 Y-168.222
G1 X146.644 Y-168.113
G1 X146.481 Y-168.004
G1 X146.319 Y-167.894
G1 X146.159 Y-167.783
G1 X145.999 Y-167.671
G1 X145.840 Y-167.558
G1 X145.682 Y-167.445
G1 X145.525 Y-167.331
G1 X145.369 Y-167.216
G1 X145.215 Y-167.101
G1 X145.061 Y-166.985
G1 X144.908 Y-166.868
G1 X144.757 Y-166.750
G1 X144.606 Y-166.631
G1 X144.456 Y-166.512
G1 X144.308 Y-166.392
G1 X144.161 Y-166.272
G1 X144.014 Y-166.150
G1 X143.869 Y-166.028
G1 X143.725 Y-165.905
G1 X143.582 Y-165.781
G1 X143.441 Y-165.657
G1 X143.300 Y-165.532
G1 X143.161 Y-165.406
G1 X143.022 Y-165.280
G1 X142.885 Y-165.152
G1 X142.749 Y-165.024
G1 X142.615 Y-164.896
G1 X142.481 Y-164.766
G1 X142.349 Y-164.636
G1 X142.218 Y-164.505
G1 X142.088 Y-164.374
G1 X141.960 Y-164.242
G1 X141.833 Y-164.109
G1 X141.707 Y-163.975
G1 X141.582 Y-163.841
G1 X141.466 Y-163.714
G1 X141.352 Y-163.586
G1 X141.238 Y-163.458
G1 X141.126 Y-163.329
G1 X141.015 Y-163.200
G1 X140.905 Y-163.070
G1 X140.797 Y-162.939
G1 X140.689 Y-162.808
G1 X140.583 Y-162.677
G1 X140.478 Y-162.545
G1 X140.374 Y-162.412
G1 X140.272 Y-162.279
G1 X140.171 Y-162.145
G1 X140.070 Y-162.011
G1 X139.972 Y-161.876
G1 X139.874 Y-161.741
G1 X139.778 Y-161.605
G1 X139.683 Y-161.469
G1 X139.589 Y-161.332
G1 X139.496 Y-161.195
G1 X139.405 Y-161.057
G1 X139.315 Y-160.919
G1 X139.226 Y-160.781
G1 X139.139 Y-160.642
G1 X139.052 Y-160.503
G1 X138.967 Y-160.363
G1 X138.884 Y-160.222
G1 X138.801 Y-160.082
G1 X138.720 Y-159.941
G1 X138.640 Y-159.799
G1 X138.562 Y-159.657
G1 X138.485 Y-159.515
G1 X138.408 Y-159.372
G1 X138.334 Y-159.229
G1 X138.260 Y-159.086
G1 X138.188 Y-158.942
G1 X138.117 Y-158.798
G1 X138.048 Y-158.654
G1 X137.980 Y-158.509
G1 X137.913 Y-158.364
G1 X137.848 Y-158.218
G1 X137.783 Y-158.072
G1 X137.721 Y-157.926
G1 X137.659 Y-157.780
G1 X137.599 Y-157.633
G1 X137.540 Y-157.486
G1 X137.483 Y-157.339
G1 X137.426 Y-157.191
G1 X137.371 Y-157.043
G1 X137.318 Y-156.895
G1 X137.265 Y-156.747
G1 X137.214 Y-156.598
G1 X137.164 Y-156.449
G1 X137.116 Y-156.300
G1 X137.069 Y-156.151
G1 X137.023 Y-156.001
G1 X136.978 Y-155.852
G1 X136.935 Y-155.702
G1 X136.892 Y-155.551
G1 X136.852 Y-155.401
G1 X136.812 Y-155.250
G1 X136.774 Y-155.100
G1 X136.736 Y-154.949
G1 X136.701 Y-154.798
G1 X136.666 Y-154.646
G1 X136.632 Y-154.495
G1 X136.600 Y-154.343
G1 X136.569 Y-154.191
G1 X136.538 Y-154.039
G1 X136.510 Y-153.888
G1 X136.482 Y-153.736
G1 X136.455 Y-153.583
G1 X136.430 Y-153.431
G1 X136.405 Y-153.279
G1 X136.382 Y-153.127
G1 X136.360 Y-152.974
G1 X136.339 Y-152.822
G1 X136.319 Y-152.669
G1 X136.300 Y-152.517
G1 X136.282 Y-152.364
G1 X136.265 Y-152.211
G1 X136.249 Y-152.058
G1 X136.234 Y-151.905
G1 X136.220 Y-151.753
G1 X136.207 Y-151.600
G1 X136.195 Y-151.447
G1 X136.184 Y-151.293
G1 X136.173 Y-151.140
G1 X136.164 Y-150.987
G1 X136.156 Y-150.834
G1 X136.148 Y-150.681
G1 X136.142 Y-150.528
G1 X136.136 Y-150.374
G1 X136.131 Y-150.221
G1 X136.127 Y-150.068
G1 X136.124 Y-149.914
G1 X136.122 Y-149.761
G1 X136.120 Y-149.608
G1 X136.119 Y-149.454
G1 X136.119 Y-149.301
G1 X136.120 Y-149.147
G1 X136.122 Y-148.994
G1 X136.124 Y-148.840
G1 X136.127 Y-148.687
G1 X136.131 Y-148.534
G1 X136.135 Y-148.380
G1 X136.140 Y-148.227
G1 X136.146 Y-148.073
G1 X136.153 Y-147.920
G1 X136.160 Y-147.766
G1 X136.167 Y-147.613
G1 X136.176 Y-147.460
G1 X136.185 Y-147.306
G1 X136.195 Y-147.153
G1 X136.205 Y-147.000
G1 X136.216 Y-146.847
G1 X136.227 Y-146.693
G1 X136.239 Y-146.540
G1 X136.251 Y-146.387
G1 X136.264 Y-146.234
G1 X136.278 Y-146.081
G1 X136.292 Y-145.928
G1 X136.306 Y-145.775
G1 X136.321 Y-145.622
G1 X136.337 Y-145.469
G1 X136.353 Y-145.317
G1 X136.369 Y-145.164
G1 X136.386 Y-145.011
G1 X136.401 Y-144.878
G1 X136.416 Y-144.744
G1 X136.432 Y-144.610
G1 X136.448 Y-144.477
G1 X136.464 Y-144.343
G1 X136.481 Y-144.209
G1 X136.498 Y-144.076
G1 X136.515 Y-143.942
G1 X136.532 Y-143.809
G1 X136.550 Y-143.675
G1 X136.568 Y-143.542
G1 X136.586 Y-143.408
G1 X136.604 Y-143.275
G1 X136.623 Y-143.141
G1 X136.642 Y-143.008
G1 X136.661 Y-142.874
G1 X136.680 Y-142.741
G1 X136.699 Y-142.608
G1 X136.719 Y-142.474
G1 X136.739 Y-142.341
G1 X136.759 Y-142.207
G1 X136.779 Y-142.074
G1 X136.800 Y-141.941
G1 X136.820 Y-141.808
G1 X136.841 Y-141.674
G1 X136.862 Y-141.541
G1 X136.883 Y-141.408
G1 X136.904 Y-141.274
G1 X136.925 Y-141.141
G1 X136.947 Y-141.008
G1 X136.968 Y-140.875
G1 X136.990 Y-140.742
G1 X137.012 Y-140.608
G1 X137.034 Y-140.475
G1 X137.056 Y-140.342
G1 X137.078 Y-140.209
G1 X137.100 Y-140.076
G1 X137.122 Y-139.943
G1 X137.145 Y-139.809
G1 X137.167 Y-139.676
G1 X137.189 Y-139.543
G1 X137.212 Y-139.410
G1 X137.235 Y-139.277
G1 X137.257 Y-139.144
G1 X137.280 Y-139.011
G1 X137.303 Y-138.878
G1 X137.325 Y-138.744
G1 X137.348 Y-138.611
G1 X137.371 Y-138.478
G1 X137.394 Y-138.345
G1 X137.416 Y-138.212
G1 X137.439 Y-138.079
G1 X137.462 Y-137.946
G1 X137.485 Y-137.813
G1 X137.507 Y-137.680
G1 X137.530 Y-137.546
G1 X137.553 Y-137.413
G1 X137.575 Y-137.280
G1 X137.598 Y-137.147
G1 X137.620 Y-137.014
G1 X137.643 Y-136.881
G1 X137.665 Y-136.748
G1 X137.688 Y-136.615
G1 X137.710 Y-136.481
G1 X137.735 Y-136.329
G1 X137.761 Y-136.177
G1 X137.787 Y-136.025
G1 X137.812 Y-135.873
G1 X137.838 Y-135.721
G1 X137.864 Y-135.569
G1 X137.890 Y-135.416
G1 X137.917 Y-135.264
G1 X137.943 Y-135.112
G1 X137.970 Y-134.960
G1 X137.998 Y-134.808
G1 X138.025 Y-134.656
G1 X138.053 Y-134.504
G1 X138.082 Y-134.352
G1 X138.111 Y-134.200
G1 X138.140 Y-134.049
G1 X138.171 Y-133.897
G1 X138.201 Y-133.745
G1 X138.233 Y-133.594
G1 X138.265 Y-133.442
G1 X138.297 Y-133.291
G1 X138.331 Y-133.139
G1 X138.365 Y-132.988
G1 X138.400 Y-132.837
G1 X138.436 Y-132.686
G1 X138.473 Y-132.535
G1 X138.511 Y-132.385
G1 X138.550 Y-132.234
G1 X138.590 Y-132.084
G1 X138.631 Y-131.933
G1 X138.673 Y-131.783
G1 X138.716 Y-131.633
G1 X138.761 Y-131.483
G1 X138.807 Y-131.334
G1 X138.854 Y-131.184
G1 X138.902 Y-131.035
G1 X138.953 Y-130.886
G1 X139.004 Y-130.737
G1 X139.057 Y-130.589
G1 X139.112 Y-130.441
G1 X139.168 Y-130.294
G1 X139.226 Y-130.146
G1 X139.286 Y-129.999
G1 X139.348 Y-129.853
G1 X139.412 Y-129.707
G1 X139.478 Y-129.562
G1 X139.545 Y-129.417
G1 X139.615 Y-129.272
G1 X139.687 Y-129.128
G1 X139.761 Y-128.985
G1 X139.838 Y-128.842
G1 X139.917 Y-128.700
G1 X139.999 Y-128.559
G1 X140.083 Y-128.419
G1 X140.169 Y-128.279
G1 X140.258 Y-128.140
G1 X140.348 Y-128.005
G1 X140.441 Y-127.871
G1 X140.536 Y-127.738
G1 X140.634 Y-127.606
G1 X140.735 Y-127.476
G1 X140.839 Y-127.346
G1 X140.946 Y-127.218
G1 X141.056 Y-127.091
G1 X141.169 Y-126.966
G1 X141.285 Y-126.842
G1 X141.404 Y-126.719
G1 X141.526 Y-126.599
G1 X141.651 Y-126.480
G1 X141.779 Y-126.363
G1 X141.910 Y-126.248
G1 X142.045 Y-126.135
; Retract
G0 Z3.000

; Path 87
; Rapid to initial position
G0 X137.767 Y-129.787
G0 Z0.000
; plunge
G1 Z-0.200 F4000
; cut
G1 X137.936 Y-129.770 F4000
G1 X138.105 Y-129.750
G1 X138.274 Y-129.728
G1 X138.442 Y-129.704
G1 X138.609 Y-129.678
G1 X138.776 Y-129.650
G1 X138.943 Y-129.620
G1 X139.108 Y-129.589
G1 X139.274 Y-129.556
G1 X139.438 Y-129.521
G1 X139.602 Y-129.485
G1 X139.766 Y-129.447
G1 X139.928 Y-129.408
G1 X140.091 Y-129.367
G1 X140.252 Y-129.325
G1 X140.413 Y-129.283
G1 X140.510 Y-129.256
G1 X140.607 Y-129.229
G1 X140.704 Y-129.202
G1 X140.800 Y-129.174
G1 X140.896 Y-129.146
G1 X140.992 Y-129.118
G1 X141.088 Y-129.089
G1 X141.279 Y-129.031
G1 X141.469 Y-128.971
G1 X141.659 Y-128.910
G1 X141.848 Y-128.848
G1 X142.036 Y-128.784
G1 X142.224 Y-128.720
G1 X142.411 Y-128.655
G1 X142.598 Y-128.589
G1 X142.784 Y-128.522
G1 X142.969 Y-128.455
G1 X143.154 Y-128.387
G1 X143.339 Y-128.318
G1 X143.523 Y-128.248
G1 X143.707 Y-128.178
G1 X143.890 Y-128.108
G1 X144.074 Y-128.037
G1 X144.257 Y-127.966
G1 X144.440 Y-127.895
G1 X144.623 Y-127.824
G1 X144.805 Y-127.752
G1 X144.988 Y-127.681
G1 X145.170 Y-127.608
G1 X145.352 Y-127.536
G1 X145.534 Y-127.463
G1 X145.716 Y-127.391
G1 X145.897 Y-127.317
G1 X146.079 Y-127.244
G1 X146.260 Y-127.170
G1 X146.441 Y-127.096
G1 X146.621 Y-127.021
G1 X146.802 Y-126.947
G1 X146.982 Y-126.871
G1 X147.161 Y-126.796
G1 X147.341 Y-126.720
G1 X147.520 Y-126.644
G1 X147.699 Y-126.568
G1 X147.878 Y-126.491
G1 X148.057 Y-126.414
G1 X148.235 Y-126.336
G1 X148.413 Y-126.258
G1 X148.591 Y-126.180
G1 X148.768 Y-126.101
G1 X148.945 Y-126.022
G1 X149.122 Y-125.943
G1 X149.309 Y-125.858
G1 X149.408 Y-125.813
G1 X149.507 Y-125.768
G1 X149.606 Y-125.722
G1 X149.704 Y-125.677
G1 X149.803 Y-125.631
G1 X149.901 Y-125.585
G1 X149.999 Y-125.539
G1 X150.098 Y-125.493
G1 X150.196 Y-125.446
G1 X150.294 Y-125.400
G1 X150.391 Y-125.353
G1 X150.489 Y-125.307
G1 X150.586 Y-125.260
G1 X150.684 Y-125.213
G1 X150.781 Y-125.165
G1 X150.878 Y-125.118
G1 X150.975 Y-125.070
G1 X151.072 Y-125.023
G1 X151.169 Y-124.975
G1 X151.265 Y-124.927
G1 X151.362 Y-124.879
G1 X151.458 Y-124.830
G1 X151.554 Y-124.782
G1 X151.650 Y-124.733
G1 X151.746 Y-124.684
G1 X151.841 Y-124.635
G1 X151.937 Y-124.586
G1 X152.032 Y-124.537
G1 X152.127 Y-124.487
G1 X152.222 Y-124.438
G1 X152.317 Y-124.388
G1 X152.412 Y-124.338
G1 X152.506 Y-124.287
G1 X152.601 Y-124.237
G1 X152.695 Y-124.187
G1 X152.789 Y-124.136
G1 X152.883 Y-124.085
G1 X152.976 Y-124.034
G1 X153.070 Y-123.983
G1 X153.163 Y-123.931
G1 X153.256 Y-123.880
G1 X153.349 Y-123.828
G1 X153.442 Y-123.776
G1 X153.535 Y-123.724
G1 X153.627 Y-123.672
G1 X153.719 Y-123.619
G1 X153.811 Y-123.566
G1 X153.903 Y-123.514
G1 X153.995 Y-123.461
G1 X154.086 Y-123.407
G1 X154.177 Y-123.354
G1 X154.269 Y-123.300
G1 X154.359 Y-123.247
G1 X154.450 Y-123.193
G1 X154.540 Y-123.139
G1 X154.631 Y-123.084
G1 X154.721 Y-123.030
G1 X154.811 Y-122.975
G1 X154.900 Y-122.920
G1 X154.990 Y-122.865
G1 X155.079 Y-122.810
G1 X155.168 Y-122.754
G1 X155.257 Y-122.698
G1 X155.414 Y-122.599
G1 X155.571 Y-122.499
G1 X155.727 Y-122.398
G1 X155.882 Y-122.297
G1 X156.037 Y-122.195
G1 X156.191 Y-122.093
G1 X156.344 Y-121.990
G1 X156.497 Y-121.886
G1 X156.648 Y-121.782
G1 X156.800 Y-121.678
G1 X156.950 Y-121.572
G1 X157.100 Y-121.466
G1 X157.249 Y-121.360
G1 X157.397 Y-121.253
G1 X157.544 Y-121.145
G1 X157.691 Y-121.037
G1 X157.837 Y-120.929
G1 X157.982 Y-120.819
G1 X158.126 Y-120.709
G1 X158.270 Y-120.599
G1 X158.413 Y-120.488
G1 X158.555 Y-120.376
G1 X158.696 Y-120.264
G1 X158.836 Y-120.152
G1 X158.976 Y-120.038
G1 X159.114 Y-119.925
G1 X159.252 Y-119.810
G1 X159.389 Y-119.695
G1 X159.525 Y-119.580
G1 X159.661 Y-119.464
G1 X159.795 Y-119.347
G1 X159.928 Y-119.230
G1 X160.061 Y-119.113
G1 X160.193 Y-118.994
G1 X160.323 Y-118.876
G1 X160.453 Y-118.756
G1 X160.582 Y-118.636
G1 X160.710 Y-118.516
G1 X160.837 Y-118.395
G1 X160.963 Y-118.273
G1 X161.088 Y-118.151
G1 X161.212 Y-118.028
G1 X161.335 Y-117.905
G1 X161.457 Y-117.781
G1 X161.579 Y-117.657
G1 X161.699 Y-117.532
G1 X161.818 Y-117.407
G1 X161.935 Y-117.281
G1 X162.052 Y-117.154
G1 X162.168 Y-117.027
G1 X162.283 Y-116.900
G1 X162.396 Y-116.772
G1 X162.509 Y-116.643
G1 X162.620 Y-116.514
G1 X162.730 Y-116.384
G1 X162.839 Y-116.253
G1 X162.947 Y-116.123
G1 X163.054 Y-115.991
G1 X163.159 Y-115.859
G1 X163.263 Y-115.727
G1 X163.366 Y-115.594
G1 X163.468 Y-115.460
G1 X163.569 Y-115.326
G1 X163.668 Y-115.192
G1 X163.766 Y-115.057
G1 X163.863 Y-114.921
G1 X163.958 Y-114.785
G1 X164.052 Y-114.648
G1 X164.145 Y-114.511
G1 X164.236 Y-114.373
G1 X164.325 Y-114.235
G1 X164.414 Y-114.097
G1 X164.501 Y-113.957
G1 X164.586 Y-113.818
G1 X164.671 Y-113.678
G1 X164.753 Y-113.537
G1 X164.835 Y-113.396
G1 X164.915 Y-113.255
G1 X164.994 Y-113.113
G1 X165.072 Y-112.971
G1 X165.148 Y-112.829
G1 X165.223 Y-112.686
G1 X165.297 Y-112.543
G1 X165.370 Y-112.399
G1 X165.441 Y-112.255
G1 X165.511 Y-112.111
G1 X165.580 Y-111.966
G1 X165.648 Y-111.821
G1 X165.714 Y-111.676
G1 X165.780 Y-111.530
G1 X165.844 Y-111.384
G1 X165.907 Y-111.238
G1 X165.969 Y-111.092
G1 X166.029 Y-110.945
G1 X166.089 Y-110.799
G1 X166.147 Y-110.651
G1 X166.203 Y-110.509
G1 X166.258 Y-110.365
G1 X166.312 Y-110.222
G1 X166.365 Y-110.079
G1 X166.417 Y-109.935
G1 X166.468 Y-109.792
G1 X166.518 Y-109.648
G1 X166.567 Y-109.504
G1 X166.615 Y-109.360
G1 X166.663 Y-109.215
G1 X166.710 Y-109.071
G1 X166.756 Y-108.927
G1 X166.801 Y-108.782
G1 X166.845 Y-108.637
G1 X166.889 Y-108.492
G1 X166.932 Y-108.347
G1 X166.974 Y-108.202
G1 X167.015 Y-108.057
G1 X167.056 Y-107.911
G1 X167.096 Y-107.766
G1 X167.135 Y-107.620
G1 X167.174 Y-107.475
G1 X167.212 Y-107.329
G1 X167.250 Y-107.183
G1 X167.287 Y-107.037
G1 X167.323 Y-106.891
G1 X167.358 Y-106.745
G1 X167.394 Y-106.599
G1 X167.428 Y-106.452
G1 X167.462 Y-106.306
G1 X167.496 Y-106.160
G1 X167.529 Y-106.013
G1 X167.561 Y-105.867
G1 X167.593 Y-105.720
G1 X167.625 Y-105.573
G1 X167.656 Y-105.426
G1 X167.687 Y-105.280
G1 X167.717 Y-105.133
G1 X167.747 Y-104.986
G1 X167.777 Y-104.839
G1 X167.806 Y-104.692
G1 X167.835 Y-104.545
G1 X167.863 Y-104.398
G1 X167.892 Y-104.250
G1 X167.920 Y-104.103
G1 X167.947 Y-103.956
G1 X167.975 Y-103.809
G1 X168.002 Y-103.662
G1 X168.029 Y-103.514
G1 X168.055 Y-103.367
G1 X168.082 Y-103.220
G1 X168.108 Y-103.072
G1 X168.134 Y-102.925
G1 X168.160 Y-102.778
G1 X168.186 Y-102.630
G1 X168.212 Y-102.483
G1 X168.237 Y-102.336
G1 X168.263 Y-102.188
G1 X168.288 Y-102.041
G1 X168.314 Y-101.894
G1 X168.339 Y-101.747
G1 X168.364 Y-101.599
G1 X168.390 Y-101.452
G1 X168.415 Y-101.305
; Retract
G0 Z3.000

; Path 88
; Rapid to initial position
G0 X186.867 Y-105.870
G0 Z0.000
; plunge
G1 Z-0.200 F4000
; cut
G1 X195.275 Y-111.413 F4000
G1 X203.866 Y-114.323
G1 X209.925 Y-114.583
G1 X212.511 Y-110.621
G1 X210.208 Y-103.220
G1 X202.403 Y-97.669
G1 X193.265 Y-90.793
G1 X182.846 Y-85.259
G1 X183.760 Y-82.659
G1 X200.119 Y-91.883
G1 X206.187 Y-92.638
G1 X210.208 Y-92.889
G1 X213.096 Y-88.445
G1 X211.369 Y-82.911
G1 X204.140 Y-75.196
G1 X198.382 Y-71.003
; Retract
G0 Z3.000

; Path 89
; Rapid to initial position
G0 X191.002 Y-83.160
G0 Z0.000
; plunge
G1 Z-0.200 F4000
; cut
G1 X190.872 Y-83.168 F4000
G1 X190.742 Y-83.174
G1 X190.613 Y-83.179
G1 X190.483 Y-83.182
G1 X190.354 Y-83.184
G1 X190.224 Y-83.185
G1 X190.095 Y-83.184
G1 X189.965 Y-83.181
G1 X189.836 Y-83.177
G1 X189.706 Y-83.171
G1 X189.577 Y-83.164
G1 X189.448 Y-83.155
G1 X189.319 Y-83.145
G1 X189.190 Y-83.134
G1 X189.061 Y-83.120
G1 X188.932 Y-83.106
G1 X188.735 Y-83.081
G1 X188.539 Y-83.052
G1 X188.345 Y-83.021
G1 X188.151 Y-82.986
G1 X187.958 Y-82.949
G1 X187.766 Y-82.908
G1 X187.575 Y-82.865
G1 X187.386 Y-82.819
G1 X187.198 Y-82.771
G1 X187.010 Y-82.719
G1 X186.825 Y-82.666
G1 X186.640 Y-82.610
G1 X186.457 Y-82.551
G1 X186.275 Y-82.491
G1 X186.094 Y-82.428
G1 X185.915 Y-82.363
G1 X185.804 Y-82.322
G1 X185.694 Y-82.279
G1 X185.584 Y-82.236
G1 X185.475 Y-82.193
G1 X185.366 Y-82.148
G1 X185.257 Y-82.103
G1 X185.150 Y-82.058
G1 X185.042 Y-82.011
G1 X184.935 Y-81.964
G1 X184.829 Y-81.917
G1 X184.723 Y-81.869
G1 X184.618 Y-81.820
G1 X184.513 Y-81.770
G1 X184.409 Y-81.720
G1 X184.305 Y-81.670
G1 X184.202 Y-81.619
G1 X184.099 Y-81.567
G1 X183.996 Y-81.515
G1 X183.894 Y-81.462
G1 X183.793 Y-81.409
G1 X183.692 Y-81.355
G1 X183.591 Y-81.301
G1 X183.491 Y-81.246
G1 X183.391 Y-81.191
G1 X183.292 Y-81.136
G1 X183.193 Y-81.080
G1 X183.095 Y-81.023
G1 X182.997 Y-80.967
G1 X182.900 Y-80.910
G1 X182.803 Y-80.852
G1 X182.706 Y-80.794
G1 X182.610 Y-80.736
G1 X182.495 Y-80.665
G1 X182.381 Y-80.594
G1 X182.267 Y-80.523
G1 X182.154 Y-80.451
G1 X182.041 Y-80.379
G1 X181.929 Y-80.306
G1 X181.818 Y-80.233
G1 X181.707 Y-80.159
G1 X181.596 Y-80.085
G1 X181.486 Y-80.010
G1 X181.377 Y-79.935
G1 X181.268 Y-79.860
G1 X181.159 Y-79.784
G1 X181.051 Y-79.708
G1 X180.944 Y-79.631
G1 X180.836 Y-79.554
G1 X180.730 Y-79.477
G1 X180.624 Y-79.400
G1 X180.518 Y-79.322
G1 X180.413 Y-79.244
G1 X180.308 Y-79.165
G1 X180.203 Y-79.086
G1 X180.099 Y-79.007
G1 X179.995 Y-78.928
G1 X179.892 Y-78.848
G1 X179.789 Y-78.768
G1 X179.687 Y-78.688
G1 X179.585 Y-78.607
G1 X179.483 Y-78.526
G1 X179.381 Y-78.445
G1 X179.280 Y-78.364
G1 X179.180 Y-78.283
G1 X179.079 Y-78.201
G1 X178.979 Y-78.119
G1 X178.880 Y-78.037
G1 X178.780 Y-77.954
G1 X178.681 Y-77.872
G1 X178.582 Y-77.789
G1 X178.484 Y-77.706
G1 X178.386 Y-77.623
G1 X178.288 Y-77.540
G1 X178.190 Y-77.456
G1 X178.093 Y-77.372
G1 X177.996 Y-77.288
G1 X177.899 Y-77.204
G1 X177.803 Y-77.120
G1 X177.706 Y-77.036
G1 X177.610 Y-76.951
G1 X177.515 Y-76.867
G1 X177.419 Y-76.782
G1 X177.324 Y-76.697
G1 X177.229 Y-76.612
G1 X177.134 Y-76.526
G1 X177.039 Y-76.441
G1 X176.945 Y-76.355
G1 X176.851 Y-76.270
G1 X176.757 Y-76.184
G1 X176.663 Y-76.098
G1 X176.569 Y-76.012
G1 X176.476 Y-75.926
G1 X176.383 Y-75.840
G1 X176.289 Y-75.753
G1 X176.197 Y-75.667
G1 X176.104 Y-75.580
G1 X176.004 Y-75.487
G1 X175.904 Y-75.392
G1 X175.805 Y-75.298
G1 X175.705 Y-75.204
G1 X175.606 Y-75.109
G1 X175.508 Y-75.015
G1 X175.409 Y-74.920
G1 X175.311 Y-74.825
G1 X175.213 Y-74.730
G1 X175.115 Y-74.634
G1 X175.018 Y-74.539
G1 X174.921 Y-74.443
G1 X174.824 Y-74.347
G1 X174.728 Y-74.251
G1 X174.632 Y-74.155
G1 X174.536 Y-74.058
G1 X174.441 Y-73.961
G1 X174.345 Y-73.865
G1 X174.251 Y-73.767
G1 X174.156 Y-73.670
G1 X174.062 Y-73.573
G1 X173.969 Y-73.475
G1 X173.875 Y-73.377
G1 X173.783 Y-73.279
G1 X173.690 Y-73.181
G1 X173.598 Y-73.083
G1 X173.506 Y-72.984
G1 X173.415 Y-72.885
G1 X173.324 Y-72.786
G1 X173.234 Y-72.687
G1 X173.144 Y-72.587
G1 X173.055 Y-72.488
G1 X172.966 Y-72.388
G1 X172.877 Y-72.288
G1 X172.789 Y-72.187
G1 X172.701 Y-72.087
G1 X172.614 Y-71.986
G1 X172.527 Y-71.885
G1 X172.441 Y-71.784
G1 X172.355 Y-71.682
G1 X172.270 Y-71.581
G1 X172.186 Y-71.479
G1 X172.101 Y-71.376
G1 X172.018 Y-71.274
G1 X171.935 Y-71.171
G1 X171.852 Y-71.068
G1 X171.770 Y-70.965
G1 X171.689 Y-70.862
G1 X171.608 Y-70.758
G1 X171.528 Y-70.654
G1 X171.448 Y-70.550
G1 X171.369 Y-70.446
G1 X171.290 Y-70.341
G1 X171.212 Y-70.236
G1 X171.135 Y-70.131
G1 X171.058 Y-70.026
G1 X170.982 Y-69.920
G1 X170.907 Y-69.814
G1 X170.832 Y-69.708
G1 X170.758 Y-69.602
G1 X170.684 Y-69.495
G1 X170.612 Y-69.388
G1 X170.539 Y-69.281
G1 X170.468 Y-69.173
G1 X170.408 Y-69.082
G1 X170.348 Y-68.990
G1 X170.289 Y-68.899
G1 X170.230 Y-68.807
G1 X170.172 Y-68.714
G1 X170.114 Y-68.622
G1 X170.057 Y-68.529
G1 X170.001 Y-68.437
G1 X169.945 Y-68.344
G1 X169.890 Y-68.250
G1 X169.835 Y-68.157
G1 X169.781 Y-68.064
G1 X169.727 Y-67.970
G1 X169.674 Y-67.876
G1 X169.622 Y-67.782
G1 X169.570 Y-67.688
G1 X169.518 Y-67.593
G1 X169.468 Y-67.498
G1 X169.418 Y-67.404
G1 X169.368 Y-67.309
G1 X169.319 Y-67.214
G1 X169.271 Y-67.118
G1 X169.223 Y-67.023
G1 X169.176 Y-66.927
G1 X169.130 Y-66.831
G1 X169.084 Y-66.735
G1 X169.039 Y-66.639
G1 X168.995 Y-66.543
G1 X168.951 Y-66.446
G1 X168.907 Y-66.350
G1 X168.865 Y-66.253
G1 X168.823 Y-66.156
G1 X168.781 Y-66.059
G1 X168.741 Y-65.962
G1 X168.701 Y-65.864
G1 X168.661 Y-65.767
G1 X168.623 Y-65.669
G1 X168.585 Y-65.572
G1 X168.547 Y-65.474
G1 X168.511 Y-65.376
G1 X168.475 Y-65.277
G1 X168.439 Y-65.179
G1 X168.405 Y-65.080
G1 X168.371 Y-64.982
G1 X168.337 Y-64.883
G1 X168.305 Y-64.784
G1 X168.273 Y-64.685
G1 X168.242 Y-64.586
G1 X168.211 Y-64.487
G1 X168.182 Y-64.388
G1 X168.152 Y-64.288
G1 X168.124 Y-64.188
G1 X168.097 Y-64.089
G1 X168.070 Y-63.989
G1 X168.043 Y-63.889
G1 X168.018 Y-63.789
G1 X167.993 Y-63.689
G1 X167.969 Y-63.589
G1 X167.946 Y-63.488
G1 X167.924 Y-63.388
G1 X167.902 Y-63.287
G1 X167.881 Y-63.186
G1 X167.861 Y-63.086
G1 X167.841 Y-62.985
; Retract
G0 Z3.000

; Path 90
; Rapid to initial position
G0 X160.462 Y-63.317
G0 Z0.000
; plunge
G1 Z-0.200 F4000
; cut
G1 X164.317 Y-68.307 F4000
G1 X170.008 Y-78.155
G1 X173.818 Y-86.822
G1 X173.580 Y-94.306
G1 X171.203 Y-97.983
G1 X166.206 Y-99.296
G1 X158.345 Y-95.094
G1 X148.822 Y-88.923
G1 X140.507 Y-82.751
G1 X131.437 Y-76.054
G1 X125.692 Y-70.277
G1 X122.895 Y-59.115
; Retract
G0 Z3.000

; Path 91
; Rapid to initial position
G0 X125.822 Y-41.711
G0 Z0.000
; plunge
G1 Z-0.200 F4000
; cut
G1 X126.166 Y-41.727 F4000
; Retract
G0 Z3.000

; Path 92
; Rapid to initial position
G0 X125.938 Y-33.255
G0 Z0.000
; plunge
G1 Z-0.200 F4000
; cut
G1 X126.051 Y-33.013 F4000
; Retract
G0 Z3.000

; Path 93
; Rapid to initial position
G0 X95.023 Y-58.215
G0 Z0.000
; plunge
G1 Z-0.200 F4000
; cut
G1 X95.023 Y-76.651 F4000
; Retract
G0 Z3.000

; Path 94
; Rapid to initial position
G0 X98.420 Y-83.017
G0 Z0.000
; plunge
G1 Z-0.200 F4000
; cut
G1 X153.518 Y-83.017 F4000
; Retract
G0 Z3.000

; Path 95
; Rapid to initial position
G0 X150.031 Y-70.802
G0 Z0.000
; plunge
G1 Z-0.200 F4000
; cut
G1 X151.165 Y-73.165 F4000
G1 X152.374 Y-82.751
G1 X151.165 Y-101.791
G1 X148.368 Y-124.508
G1 X147.159 Y-141.053
G1 X146.176 Y-151.426
G1 X147.612 Y-171.661
G1 X152.147 Y-178.279
G1 X159.328 Y-177.031
; Retract
G0 Z3.000

; Path 96
; Rapid to initial position
G0 X157.617 Y-176.469
G0 Z0.000
; plunge
G1 Z-0.200 F4000
; cut
G1 X183.112 Y-162.785 F4000
; Retract
G0 Z3.000

; Path 97
; Rapid to initial position
G0 X193.232 Y-170.173
G0 Z0.000
; plunge
G1 Z-0.200 F4000
; cut
G1 X172.301 Y-218.333 F4000
; Retract
G0 Z3.000

; Path 98
; Rapid to initial position
G0 X171.113 Y-214.726
G0 Z0.000
; plunge
G1 Z-0.200 F4000
; cut
G1 X141.356 Y-193.240 F4000
; Retract
G0 Z3.000

; Path 99
; Rapid to initial position
G0 X140.907 Y-194.806
G0 Z0.000
; plunge
G1 Z-0.200 F4000
; cut
G1 X140.779 Y-194.863 F4000
G1 X140.652 Y-194.920
G1 X140.525 Y-194.977
G1 X140.398 Y-195.035
G1 X140.272 Y-195.092
G1 X140.147 Y-195.150
G1 X140.023 Y-195.209
G1 X139.899 Y-195.268
G1 X139.777 Y-195.328
G1 X139.656 Y-195.389
G1 X139.537 Y-195.451
G1 X139.420 Y-195.513
G1 X139.304 Y-195.577
G1 X139.190 Y-195.641
G1 X139.079 Y-195.707
G1 X138.970 Y-195.774
G1 X138.822 Y-195.870
G1 X138.681 Y-195.969
G1 X138.547 Y-196.070
G1 X138.420 Y-196.174
G1 X138.299 Y-196.279
G1 X138.185 Y-196.387
G1 X138.079 Y-196.497
G1 X137.978 Y-196.608
G1 X137.857 Y-196.756
G1 X137.747 Y-196.905
G1 X137.647 Y-197.057
G1 X137.558 Y-197.211
G1 X137.507 Y-197.309
G1 X137.460 Y-197.408
G1 X137.416 Y-197.507
G1 X137.377 Y-197.606
G1 X137.341 Y-197.706
G1 X137.309 Y-197.806
G1 X137.280 Y-197.906
G1 X137.255 Y-198.007
G1 X137.234 Y-198.108
G1 X137.216 Y-198.209
G1 X137.202 Y-198.310
G1 X137.191 Y-198.411
G1 X137.183 Y-198.513
G1 X137.179 Y-198.614
G1 X137.178 Y-198.716
G1 X137.180 Y-198.817
G1 X137.187 Y-198.940
G1 X137.198 Y-199.063
G1 X137.215 Y-199.185
G1 X137.236 Y-199.307
G1 X137.263 Y-199.429
G1 X137.293 Y-199.551
G1 X137.329 Y-199.672
G1 X137.369 Y-199.793
G1 X137.413 Y-199.914
G1 X137.462 Y-200.034
G1 X137.515 Y-200.154
G1 X137.573 Y-200.273
G1 X137.635 Y-200.391
G1 X137.701 Y-200.509
G1 X137.771 Y-200.626
G1 X137.846 Y-200.743
G1 X137.904 Y-200.830
G1 X137.965 Y-200.917
G1 X138.027 Y-201.003
G1 X138.092 Y-201.088
G1 X138.159 Y-201.174
G1 X138.227 Y-201.258
G1 X138.298 Y-201.343
G1 X138.371 Y-201.426
G1 X138.445 Y-201.510
G1 X138.521 Y-201.593
G1 X138.600 Y-201.675
G1 X138.679 Y-201.758
G1 X138.761 Y-201.839
G1 X138.844 Y-201.920
G1 X138.929 Y-202.001
G1 X139.016 Y-202.081
G1 X139.104 Y-202.161
G1 X139.194 Y-202.241
G1 X139.285 Y-202.320
G1 X139.378 Y-202.398
G1 X139.472 Y-202.476
G1 X139.568 Y-202.554
G1 X139.665 Y-202.631
G1 X139.763 Y-202.708
G1 X139.862 Y-202.784
G1 X139.963 Y-202.860
G1 X140.065 Y-202.935
G1 X140.168 Y-203.010
G1 X140.273 Y-203.085
G1 X140.378 Y-203.159
G1 X140.484 Y-203.232
G1 X140.592 Y-203.306
G1 X140.737 Y-203.402
G1 X140.884 Y-203.499
G1 X141.033 Y-203.594
G1 X141.183 Y-203.689
G1 X141.335 Y-203.783
G1 X141.488 Y-203.876
G1 X141.642 Y-203.969
G1 X141.798 Y-204.061
G1 X141.956 Y-204.153
G1 X142.115 Y-204.243
G1 X142.275 Y-204.334
G1 X142.436 Y-204.423
G1 X142.599 Y-204.512
G1 X142.763 Y-204.601
G1 X142.928 Y-204.689
G1 X143.094 Y-204.776
G1 X143.261 Y-204.863
G1 X143.429 Y-204.949
G1 X143.598 Y-205.035
G1 X143.768 Y-205.121
G1 X143.939 Y-205.205
G1 X144.111 Y-205.290
G1 X144.284 Y-205.374
G1 X144.458 Y-205.457
G1 X144.632 Y-205.540
G1 X144.807 Y-205.623
G1 X144.983 Y-205.705
G1 X145.159 Y-205.787
G1 X145.336 Y-205.869
G1 X145.513 Y-205.950
G1 X145.691 Y-206.031
G1 X145.870 Y-206.111
G1 X146.027 Y-206.181
G1 X146.184 Y-206.251
G1 X146.343 Y-206.320
G1 X146.501 Y-206.389
G1 X146.661 Y-206.458
G1 X146.820 Y-206.526
G1 X146.981 Y-206.594
G1 X147.142 Y-206.662
G1 X147.303 Y-206.729
G1 X147.466 Y-206.796
G1 X147.628 Y-206.862
G1 X147.792 Y-206.928
G1 X147.956 Y-206.994
G1 X148.120 Y-207.059
G1 X148.285 Y-207.124
G1 X148.451 Y-207.188
G1 X148.618 Y-207.252
G1 X148.785 Y-207.316
G1 X148.952 Y-207.379
G1 X149.121 Y-207.442
G1 X149.290 Y-207.504
G1 X149.459 Y-207.566
G1 X149.630 Y-207.627
G1 X149.801 Y-207.688
G1 X149.972 Y-207.748
G1 X150.144 Y-207.808
G1 X150.317 Y-207.867
G1 X150.491 Y-207.926
G1 X150.665 Y-207.984
G1 X150.840 Y-208.041
G1 X151.016 Y-208.098
G1 X151.192 Y-208.155
G1 X151.369 Y-208.211
G1 X151.547 Y-208.266
G1 X151.726 Y-208.321
G1 X151.905 Y-208.375
G1 X152.085 Y-208.429
G1 X152.265 Y-208.482
G1 X152.446 Y-208.534
G1 X152.628 Y-208.586
G1 X152.811 Y-208.637
G1 X152.995 Y-208.687
G1 X153.179 Y-208.737
G1 X153.363 Y-208.786
G1 X153.549 Y-208.834
G1 X153.735 Y-208.882
G1 X153.922 Y-208.928
G1 X154.109 Y-208.975
G1 X154.297 Y-209.020
G1 X154.486 Y-209.065
G1 X154.675 Y-209.109
G1 X154.865 Y-209.152
G1 X155.056 Y-209.194
G1 X155.247 Y-209.236
G1 X155.439 Y-209.277
G1 X155.632 Y-209.317
G1 X155.825 Y-209.356
G1 X156.019 Y-209.395
G1 X156.213 Y-209.432
G1 X156.409 Y-209.469
G1 X156.604 Y-209.505
G1 X156.800 Y-209.540
G1 X156.899 Y-209.557
G1 X157.096 Y-209.591
G1 X157.195 Y-209.608
G1 X157.294 Y-209.624
G1 X157.393 Y-209.641
G1 X157.492 Y-209.657
G1 X157.591 Y-209.673
G1 X157.690 Y-209.688
G1 X157.790 Y-209.704
G1 X157.889 Y-209.719
G1 X157.989 Y-209.734
G1 X158.088 Y-209.749
G1 X158.188 Y-209.764
G1 X158.288 Y-209.779
G1 X158.388 Y-209.793
G1 X158.488 Y-209.807
G1 X158.588 Y-209.822
G1 X158.689 Y-209.835
G1 X158.789 Y-209.849
G1 X158.889 Y-209.863
G1 X158.990 Y-209.876
G1 X159.090 Y-209.889
G1 X159.191 Y-209.903
G1 X159.292 Y-209.916
G1 X159.393 Y-209.928
G1 X159.494 Y-209.941
G1 X159.595 Y-209.953
G1 X159.696 Y-209.966
G1 X159.797 Y-209.978
G1 X159.898 Y-209.990
G1 X159.999 Y-210.002
G1 X160.100 Y-210.013
G1 X160.202 Y-210.025
G1 X160.303 Y-210.036
G1 X160.405 Y-210.048
G1 X160.506 Y-210.059
G1 X160.608 Y-210.070
G1 X160.710 Y-210.081
G1 X160.811 Y-210.091
G1 X160.913 Y-210.102
G1 X161.015 Y-210.112
G1 X161.117 Y-210.123
G1 X161.219 Y-210.133
G1 X161.321 Y-210.143
G1 X161.423 Y-210.153
G1 X161.525 Y-210.163
G1 X161.627 Y-210.173
G1 X161.729 Y-210.182
G1 X161.832 Y-210.192
G1 X161.934 Y-210.201
G1 X162.036 Y-210.210
G1 X162.139 Y-210.219
G1 X162.241 Y-210.228
G1 X162.343 Y-210.237
G1 X162.446 Y-210.246
G1 X162.548 Y-210.255
G1 X162.651 Y-210.263
G1 X162.753 Y-210.272
G1 X162.856 Y-210.280
G1 X162.959 Y-210.289
G1 X163.061 Y-210.297
G1 X163.164 Y-210.305
G1 X163.266 Y-210.313
G1 X163.369 Y-210.321
G1 X163.472 Y-210.329
G1 X163.574 Y-210.336
G1 X163.677 Y-210.344
G1 X163.850 Y-210.357
G1 X164.023 Y-210.369
G1 X164.196 Y-210.382
G1 X164.370 Y-210.394
G1 X164.543 Y-210.405
G1 X164.716 Y-210.417
G1 X164.889 Y-210.428
G1 X165.063 Y-210.440
G1 X165.236 Y-210.451
G1 X165.409 Y-210.462
G1 X165.583 Y-210.472
G1 X165.756 Y-210.483
G1 X165.930 Y-210.493
G1 X166.104 Y-210.504
G1 X166.277 Y-210.514
G1 X166.451 Y-210.524
G1 X166.625 Y-210.534
G1 X166.798 Y-210.544
G1 X166.972 Y-210.553
G1 X167.146 Y-210.563
G1 X167.319 Y-210.572
G1 X167.493 Y-210.582
G1 X167.667 Y-210.591
G1 X167.841 Y-210.601
G1 X168.015 Y-210.610
G1 X168.188 Y-210.619
G1 X168.362 Y-210.628
G1 X168.536 Y-210.637
G1 X168.710 Y-210.646
G1 X168.971 Y-210.660
G1 X169.231 Y-210.674
G1 X171.900 Y-194.806
G1 X140.907 Y-194.806
; Retract
G0 Z3.000

; Path 100
; Rapid to initial position
G0 X140.648 Y-194.899
G0 Z0.000
; plunge
G1 Z-0.200 F4000
; cut
G1 X152.979 Y-208.414 F4000
; Retract
G0 Z3.000

; Path 101
; Rapid to initial position
G0 X152.072 Y-208.124
G0 Z0.000
; plunge
G1 Z-0.200 F4000
; cut
G1 X153.651 Y-210.060 F4000
; Retract
G0 Z3.000

; Path 102
; Rapid to initial position
G0 X145.436 Y-207.230
G0 Z0.000
; plunge
G1 Z-0.200 F4000
; cut
G1 X140.146 Y-207.230 F4000
; Retract
G0 Z3.000

; Path 103
; Rapid to initial position
G0 X139.330 Y-204.423
G0 Z0.000
; plunge
G1 Z-0.200 F4000
; cut
G1 X139.206 Y-204.303 F4000
G1 X139.120 Y-204.177
G1 X139.072 Y-204.046
G1 X139.063 Y-203.915
G1 X139.091 Y-203.784
G1 X139.157 Y-203.656
G1 X139.261 Y-203.533
G1 X139.401 Y-203.418
; Retract
G0 Z3.000

; Path 104
; Rapid to initial position
G0 X138.881 Y-202.267
G0 Z0.000
; plunge
G1 Z-0.200 F4000
; cut
G1 X140.457 Y-204.199 F4000
; Retract
G0 Z3.000

; Path 105
; Rapid to initial position
G0 X142.506 Y-203.065
G0 Z0.000
; plunge
G1 Z-0.200 F4000
; cut
G1 X142.655 Y-203.030 F4000
; Retract
G0 Z3.000

; Path 106
; Rapid to initial position
G0 X145.815 Y-202.975
G0 Z0.000
; plunge
G1 Z-0.200 F4000
; cut
G1 X146.151 Y-202.655 F4000
; Retract
G0 Z3.000

; Path 107
; Rapid to initial position
G0 X146.783 Y-202.357
G0 Z0.000
; plunge
G1 Z-0.200 F4000
; cut
G1 X147.033 Y-202.489 F4000
; Retract
G0 Z3.000

; Path 108
; Rapid to initial position
G0 X148.342 Y-201.916
G0 Z0.000
; plunge
G1 Z-0.200 F4000
; cut
G1 X141.420 Y-196.302 F4000
; Retract
G0 Z3.000

; Path 109
; Rapid to initial position
G0 X144.862 Y-200.377
G0 Z0.000
; plunge
G1 Z-0.200 F4000
; cut
G1 X145.180 Y-200.309 F4000
; Retract
G0 Z3.000

; Path 110
; Rapid to initial position
G0 X149.286 Y-196.848
G0 Z0.000
; plunge
G1 Z-0.200 F4000
; cut
G1 X149.161 Y-196.811 F4000
G1 X149.043 Y-196.770
G1 X148.933 Y-196.725
G1 X148.832 Y-196.675
G1 X148.739 Y-196.622
G1 X148.656 Y-196.565
G1 X148.517 Y-196.443
G1 X148.417 Y-196.311
G1 X148.360 Y-196.171
G1 X148.346 Y-196.027
G1 X148.380 Y-195.881
; Retract
G0 Z3.000

; Path 111
; Rapid to initial position
G0 X148.706 Y-196.182
G0 Z0.000
; plunge
G1 Z-0.200 F4000
; cut
G1 X149.557 Y-196.405 F4000
; Retract
G0 Z3.000

; Path 112
; Rapid to initial position
G0 X149.524 Y-196.636
G0 Z0.000
; plunge
G1 Z-0.200 F4000
; cut
G1 X149.674 Y-196.680 F4000
G1 X149.814 Y-196.732
G1 X149.942 Y-196.790
G1 X150.059 Y-196.855
G1 X150.162 Y-196.924
G1 X150.252 Y-196.999
G1 X150.327 Y-197.079
G1 X150.387 Y-197.163
G1 X150.445 Y-197.293
G1 X150.465 Y-197.425
G1 X150.446 Y-197.556
G1 X150.390 Y-197.685
G1 X150.332 Y-197.768
G1 X150.257 Y-197.849
; Retract
G0 Z3.000

; Path 113
; Rapid to initial position
G0 X154.365 Y-200.781
G0 Z0.000
; plunge
G1 Z-0.200 F4000
; cut
G1 X162.758 Y-192.494 F4000
; Retract
G0 Z3.000

; Path 114
; Rapid to initial position
G0 X160.133 Y-186.088
G0 Z0.000
; plunge
G1 Z-0.200 F4000
; cut
G1 X166.524 Y-226.682 F4000
; Retract
G0 Z3.000

; Path 115
; Rapid to initial position
G0 X166.577 Y-206.641
G0 Z0.000
; plunge
G1 Z-0.200 F4000
; cut
G1 X166.615 Y-206.553 F4000
; Retract
G0 Z3.000

; Path 116
; Rapid to initial position
G0 X165.407 Y-205.965
G0 Z0.000
; plunge
G1 Z-0.200 F4000
; cut
G1 X163.098 Y-197.865 F4000
G1 X159.190 Y-183.233
G1 X160.788 Y-196.321
G1 X161.366 Y-196.321
G1 X161.566 Y-194.765
G1 X161.632 Y-170.488
G1 X164.719 Y-184.336
G1 X167.228 Y-192.069
G1 X168.982 Y-190.145
G1 X168.840 Y-179.312
G1 X166.539 Y-165.832
G1 X165.407 Y-160.807
; Retract
G0 Z3.000

; Path 117
; Rapid to initial position
G0 X157.180 Y-157.301
G0 Z0.000
; plunge
G1 Z-0.200 F4000
; cut
G1 X157.072 Y-157.329 F4000
G1 X156.965 Y-157.357
G1 X156.858 Y-157.385
G1 X156.751 Y-157.413
G1 X156.644 Y-157.442
G1 X156.537 Y-157.470
G1 X156.430 Y-157.498
G1 X156.323 Y-157.527
G1 X156.216 Y-157.555
G1 X156.109 Y-157.583
G1 X156.002 Y-157.612
G1 X155.895 Y-157.640
G1 X155.788 Y-157.669
G1 X155.681 Y-157.698
G1 X155.574 Y-157.726
G1 X155.467 Y-157.755
G1 X155.360 Y-157.784
G1 X155.253 Y-157.813
G1 X155.147 Y-157.842
G1 X155.040 Y-157.871
G1 X154.933 Y-157.901
G1 X154.827 Y-157.930
G1 X154.720 Y-157.960
G1 X154.614 Y-157.989
G1 X154.508 Y-158.019
G1 X154.401 Y-158.049
G1 X154.295 Y-158.079
G1 X154.189 Y-158.109
G1 X154.083 Y-158.140
G1 X153.977 Y-158.170
G1 X153.871 Y-158.201
G1 X153.765 Y-158.232
; Retract
G0 Z3.000

; Path 118
; Rapid to initial position
G0 X155.472 Y-165.191
G0 Z0.000
; plunge
G1 Z-0.200 F4000
; cut
G1 X155.619 Y-165.107 F4000
G1 X155.766 Y-165.023
G1 X155.913 Y-164.939
G1 X156.060 Y-164.855
G1 X156.207 Y-164.771
G1 X156.354 Y-164.687
G1 X156.500 Y-164.602
G1 X156.646 Y-164.518
G1 X156.792 Y-164.433
G1 X156.938 Y-164.347
G1 X157.084 Y-164.262
G1 X157.229 Y-164.176
G1 X157.373 Y-164.089
G1 X157.518 Y-164.003
G1 X157.661 Y-163.916
G1 X157.805 Y-163.828
G1 X157.947 Y-163.740
G1 X158.089 Y-163.652
G1 X158.231 Y-163.563
G1 X158.372 Y-163.473
G1 X158.512 Y-163.383
G1 X158.651 Y-163.292
G1 X158.790 Y-163.201
G1 X158.928 Y-163.109
G1 X159.065 Y-163.016
G1 X159.201 Y-162.923
G1 X159.336 Y-162.829
G1 X159.471 Y-162.734
G1 X159.604 Y-162.638
G1 X159.737 Y-162.541
G1 X159.868 Y-162.444
G1 X159.998 Y-162.346
G1 X160.088 Y-162.277
G1 X160.178 Y-162.208
G1 X160.267 Y-162.139
G1 X160.356 Y-162.069
G1 X160.445 Y-161.999
G1 X160.533 Y-161.929
G1 X160.620 Y-161.859
G1 X160.708 Y-161.788
G1 X160.795 Y-161.718
G1 X160.881 Y-161.646
G1 X160.967 Y-161.575
G1 X161.053 Y-161.504
G1 X161.139 Y-161.432
G1 X161.224 Y-161.360
G1 X161.309 Y-161.288
G1 X161.394 Y-161.215
G1 X161.478 Y-161.143
G1 X161.562 Y-161.070
G1 X161.646 Y-160.997
G1 X161.730 Y-160.924
G1 X161.813 Y-160.851
G1 X161.897 Y-160.778
G1 X161.980 Y-160.704
G1 X162.062 Y-160.631
G1 X162.145 Y-160.557
G1 X162.227 Y-160.483
G1 X162.310 Y-160.409
G1 X162.392 Y-160.336
G1 X162.474 Y-160.262
G1 X162.556 Y-160.187
G1 X162.638 Y-160.113
G1 X162.719 Y-160.039
G1 X162.818 Y-159.950
G1 X162.916 Y-159.861
G1 X163.014 Y-159.772
G1 X163.112 Y-159.683
G1 X163.210 Y-159.593
G1 X163.307 Y-159.504
G1 X163.405 Y-159.414
G1 X163.502 Y-159.325
G1 X163.599 Y-159.235
G1 X163.696 Y-159.145
G1 X163.793 Y-159.055
G1 X163.890 Y-158.966
G1 X163.986 Y-158.875
G1 X164.083 Y-158.785
G1 X164.179 Y-158.695
G1 X164.276 Y-158.605
G1 X164.402 Y-158.484
G1 X164.529 Y-158.362
G1 X164.654 Y-158.240
G1 X164.778 Y-158.117
G1 X164.901 Y-157.994
G1 X165.023 Y-157.870
G1 X165.144 Y-157.745
G1 X165.263 Y-157.619
G1 X165.381 Y-157.493
G1 X165.497 Y-157.366
G1 X165.612 Y-157.238
G1 X165.724 Y-157.109
G1 X165.835 Y-156.980
G1 X165.943 Y-156.849
G1 X166.049 Y-156.717
G1 X166.153 Y-156.584
G1 X166.229 Y-156.484
G1 X166.304 Y-156.382
G1 X166.378 Y-156.281
G1 X166.449 Y-156.178
G1 X166.519 Y-156.075
G1 X166.587 Y-155.972
G1 X166.654 Y-155.867
G1 X166.718 Y-155.762
G1 X166.781 Y-155.657
G1 X166.842 Y-155.550
G1 X166.900 Y-155.443
G1 X166.957 Y-155.336
G1 X167.011 Y-155.228
G1 X167.063 Y-155.119
G1 X167.112 Y-155.010
G1 X167.160 Y-154.900
G1 X167.205 Y-154.789
G1 X167.248 Y-154.678
G1 X167.289 Y-154.567
G1 X167.328 Y-154.456
G1 X167.365 Y-154.344
G1 X167.400 Y-154.232
G1 X167.434 Y-154.119
G1 X167.466 Y-154.006
G1 X167.495 Y-153.893
G1 X167.524 Y-153.780
G1 X167.551 Y-153.666
G1 X167.576 Y-153.552
G1 X167.599 Y-153.438
G1 X167.622 Y-153.324
G1 X167.643 Y-153.210
G1 X167.662 Y-153.096
G1 X167.689 Y-152.924
G1 X167.714 Y-152.753
G1 X167.736 Y-152.581
G1 X167.756 Y-152.409
G1 X167.774 Y-152.237
G1 X167.790 Y-152.065
G1 X167.805 Y-151.893
G1 X167.818 Y-151.721
G1 X167.829 Y-151.548
G1 X167.840 Y-151.376
G1 X167.849 Y-151.203
G1 X167.858 Y-151.031
G1 X167.866 Y-150.858
G1 X167.873 Y-150.686
G1 X167.881 Y-150.513
G1 X167.888 Y-150.341
; Retract
G0 Z3.000

; Path 119
; Rapid to initial position
G0 X135.988 Y-165.255
G0 Z0.000
; plunge
G1 Z-0.200 F4000
; cut
G1 X34.718 Y-165.255 F4000
; Retract
G0 Z3.000

; Path 120
; Rapid to initial position
G0 X39.204 Y-159.087
G0 Z0.000
; plunge
G1 Z-0.200 F4000
; cut
G1 X34.000 Y-165.541 F4000
G1 X43.292 Y-174.784
G1 X58.532 Y-183.601
G1 X71.913 Y-187.814
G1 X87.784 Y-189.739
G1 X100.078 Y-181.299
G1 X94.233 Y-170.534
G1 X81.391 Y-160.548
G1 X63.178 Y-154.825
G1 X56.116 Y-153.729
G1 X49.054 Y-153.729
G1 X49.054 Y-156.043
; Retract
G0 Z3.000

; Path 121
; Rapid to initial position
G0 X40.353 Y-157.238
G0 Z0.000
; plunge
G1 Z-0.200 F4000
; cut
G1 X90.083 Y-163.713 F4000
; Retract
G0 Z3.000

; Path 122
; Rapid to initial position
G0 X87.832 Y-163.177
G0 Z0.000
; plunge
G1 Z-0.200 F4000
; cut
G1 X89.231 Y-169.304 F4000
G1 X90.987 Y-180.579
G1 X91.407 Y-188.667
G1 X90.705 Y-195.161
G1 X89.728 Y-194.794
G1 X88.254 Y-193.691
G1 X84.279 Y-180.211
G1 X84.057 Y-184.010
G1 X86.589 Y-192.098
G1 X88.809 Y-202.146
G1 X90.705 Y-210.259
G1 X91.265 Y-221.074
G1 X90.637 Y-226.864
G1 X89.164 Y-226.484
G1 X87.077 Y-222.232
G1 X85.034 Y-214.131
; Retract
G0 Z3.000

; Path 123
; Rapid to initial position
G0 X88.368 Y-194.684
G0 Z0.000
; plunge
G1 Z-0.200 F4000
; cut
G1 X66.617 Y-194.684 F4000
; Retract
G0 Z3.000

; Path 124
; Rapid to initial position
G0 X75.533 Y-185.882
G0 Z0.000
; plunge
G1 Z-0.200 F4000
; cut
G1 X75.550 Y-186.025 F4000
G1 X75.567 Y-186.169
G1 X75.584 Y-186.312
G1 X75.601 Y-186.456
G1 X75.618 Y-186.599
G1 X75.636 Y-186.743
G1 X75.653 Y-186.886
G1 X75.671 Y-187.029
G1 X75.690 Y-187.173
G1 X75.708 Y-187.316
G1 X75.727 Y-187.460
G1 X75.747 Y-187.603
G1 X75.767 Y-187.746
G1 X75.787 Y-187.890
G1 X75.808 Y-188.033
G1 X75.830 Y-188.176
G1 X75.853 Y-188.320
G1 X75.876 Y-188.463
G1 X75.899 Y-188.606
G1 X75.924 Y-188.749
G1 X75.950 Y-188.892
G1 X75.969 Y-189.000
G1 X75.992 Y-189.119
G1 X76.015 Y-189.238
G1 X76.039 Y-189.357
G1 X76.063 Y-189.476
G1 X76.089 Y-189.595
G1 X76.115 Y-189.714
G1 X76.142 Y-189.834
G1 X76.169 Y-189.952
G1 X76.198 Y-190.071
G1 X76.227 Y-190.190
G1 X76.258 Y-190.309
G1 X76.289 Y-190.428
G1 X76.322 Y-190.546
G1 X76.355 Y-190.665
G1 X76.389 Y-190.783
G1 X76.425 Y-190.902
G1 X76.462 Y-191.020
G1 X76.499 Y-191.138
G1 X76.538 Y-191.256
G1 X76.579 Y-191.374
G1 X76.620 Y-191.492
G1 X76.663 Y-191.610
G1 X76.707 Y-191.727
G1 X76.752 Y-191.845
G1 X76.799 Y-191.962
G1 X76.847 Y-192.079
G1 X76.897 Y-192.196
G1 X76.948 Y-192.313
G1 X77.001 Y-192.430
G1 X77.055 Y-192.546
G1 X77.111 Y-192.663
G1 X77.165 Y-192.772
G1 X77.217 Y-192.875
G1 X77.271 Y-192.978
G1 X77.326 Y-193.081
G1 X77.383 Y-193.183
G1 X77.441 Y-193.286
G1 X77.500 Y-193.388
G1 X77.561 Y-193.490
G1 X77.624 Y-193.591
G1 X77.688 Y-193.692
G1 X77.753 Y-193.794
G1 X77.821 Y-193.894
G1 X77.890 Y-193.995
G1 X77.960 Y-194.095
G1 X78.032 Y-194.195
G1 X78.106 Y-194.294
G1 X78.181 Y-194.394
G1 X78.259 Y-194.492
G1 X78.338 Y-194.591
G1 X78.418 Y-194.689
G1 X78.501 Y-194.787
G1 X78.585 Y-194.884
G1 X78.671 Y-194.981
G1 X78.759 Y-195.077
G1 X78.849 Y-195.173
G1 X78.941 Y-195.268
G1 X79.035 Y-195.363
G1 X79.131 Y-195.458
G1 X79.228 Y-195.551
G1 X79.328 Y-195.645
G1 X79.430 Y-195.738
G1 X79.533 Y-195.830
G1 X79.632 Y-195.916
G1 X79.726 Y-195.996
G1 X79.821 Y-196.075
G1 X79.918 Y-196.154
G1 X80.016 Y-196.232
G1 X80.117 Y-196.310
G1 X80.218 Y-196.387
G1 X80.322 Y-196.464
G1 X80.427 Y-196.540
G1 X80.533 Y-196.615
G1 X80.641 Y-196.690
G1 X80.751 Y-196.764
G1 X80.862 Y-196.838
G1 X80.974 Y-196.911
G1 X81.088 Y-196.983
G1 X81.204 Y-197.055
G1 X81.320 Y-197.126
G1 X81.439 Y-197.197
G1 X81.558 Y-197.267
G1 X81.679 Y-197.336
G1 X81.801 Y-197.405
G1 X81.925 Y-197.473
G1 X82.049 Y-197.541
G1 X82.175 Y-197.608
G1 X82.303 Y-197.674
G1 X82.431 Y-197.740
G1 X82.561 Y-197.805
G1 X82.692 Y-197.869
G1 X82.824 Y-197.933
G1 X82.957 Y-197.996
G1 X83.092 Y-198.059
G1 X83.227 Y-198.121
G1 X83.364 Y-198.182
G1 X83.501 Y-198.242
G1 X83.640 Y-198.302
G1 X83.779 Y-198.362
G1 X83.919 Y-198.421
G1 X84.060 Y-198.479
G1 X84.202 Y-198.537
G1 X84.345 Y-198.594
G1 X84.489 Y-198.651
G1 X84.633 Y-198.707
G1 X84.779 Y-198.762
G1 X84.925 Y-198.817
G1 X85.072 Y-198.871
G1 X85.220 Y-198.924
G1 X85.369 Y-198.978
G1 X85.518 Y-199.030
G1 X85.669 Y-199.082
G1 X85.820 Y-199.133
G1 X85.972 Y-199.184
G1 X86.124 Y-199.234
G1 X86.277 Y-199.284
G1 X86.431 Y-199.333
G1 X86.586 Y-199.381
G1 X86.741 Y-199.429
G1 X86.897 Y-199.476
G1 X87.053 Y-199.523
G1 X87.210 Y-199.569
G1 X87.368 Y-199.615
G1 X87.526 Y-199.660
G1 X87.685 Y-199.704
G1 X87.845 Y-199.748
G1 X88.005 Y-199.792
G1 X88.166 Y-199.835
G1 X88.327 Y-199.877
G1 X88.489 Y-199.918
G1 X88.651 Y-199.960
G1 X88.814 Y-200.000
G1 X88.977 Y-200.040
G1 X89.141 Y-200.079
G1 X89.306 Y-200.118
G1 X89.471 Y-200.156
G1 X89.636 Y-200.194
G1 X89.802 Y-200.231
G1 X89.968 Y-200.268
G1 X90.135 Y-200.303
G1 X90.302 Y-200.339
G1 X90.470 Y-200.374
G1 X90.638 Y-200.408
G1 X90.807 Y-200.442
G1 X90.976 Y-200.475
G1 X91.145 Y-200.508
G1 X91.315 Y-200.540
G1 X91.485 Y-200.572
G1 X91.655 Y-200.603
G1 X91.826 Y-200.634
G1 X91.997 Y-200.664
G1 X92.169 Y-200.693
G1 X92.341 Y-200.723
G1 X92.513 Y-200.751
G1 X92.685 Y-200.779
G1 X92.858 Y-200.807
G1 X93.031 Y-200.834
G1 X93.204 Y-200.861
G1 X93.377 Y-200.887
G1 X93.564 Y-200.915
G1 X93.763 Y-200.944
G1 X93.962 Y-200.972
G1 X94.062 Y-200.986
G1 X94.261 Y-201.013
G1 X94.361 Y-201.027
G1 X94.461 Y-201.040
G1 X94.561 Y-201.053
G1 X94.661 Y-201.067
G1 X94.762 Y-201.080
G1 X94.862 Y-201.092
G1 X94.962 Y-201.105
G1 X95.063 Y-201.118
G1 X95.163 Y-201.130
G1 X95.263 Y-201.143
G1 X95.364 Y-201.155
G1 X95.465 Y-201.167
G1 X95.565 Y-201.179
G1 X95.666 Y-201.191
G1 X95.767 Y-201.203
G1 X95.868 Y-201.214
G1 X95.968 Y-201.226
G1 X96.069 Y-201.237
G1 X96.170 Y-201.249
G1 X96.271 Y-201.260
G1 X96.372 Y-201.271
G1 X96.473 Y-201.282
G1 X96.575 Y-201.293
G1 X96.676 Y-201.303
G1 X96.777 Y-201.314
G1 X96.878 Y-201.324
G1 X96.980 Y-201.335
G1 X97.081 Y-201.345
G1 X97.183 Y-201.355
G1 X97.284 Y-201.365
G1 X97.386 Y-201.375
G1 X97.487 Y-201.385
G1 X97.589 Y-201.395
G1 X97.690 Y-201.404
G1 X97.792 Y-201.414
G1 X97.894 Y-201.423
G1 X97.995 Y-201.433
G1 X98.097 Y-201.442
G1 X98.199 Y-201.451
G1 X98.301 Y-201.460
G1 X98.403 Y-201.469
G1 X98.504 Y-201.478
G1 X98.606 Y-201.487
G1 X98.708 Y-201.495
G1 X98.810 Y-201.504
G1 X98.912 Y-201.512
G1 X99.014 Y-201.521
G1 X99.116 Y-201.529
G1 X99.218 Y-201.537
G1 X99.321 Y-201.545
G1 X99.423 Y-201.554
G1 X99.525 Y-201.561
G1 X99.627 Y-201.569
G1 X99.729 Y-201.577
G1 X99.831 Y-201.585
G1 X99.934 Y-201.592
G1 X100.036 Y-201.600
G1 X100.138 Y-201.607
G1 X100.241 Y-201.614
G1 X100.343 Y-201.621
G1 X100.446 Y-201.628
G1 X100.548 Y-201.635
G1 X100.650 Y-201.642
G1 X100.753 Y-201.649
G1 X100.856 Y-201.655
G1 X100.958 Y-201.662
G1 X101.061 Y-201.668
G1 X101.163 Y-201.674
G1 X101.266 Y-201.680
G1 X101.369 Y-201.686
G1 X101.471 Y-201.692
G1 X101.574 Y-201.698
G1 X101.677 Y-201.704
G1 X101.780 Y-201.709
G1 X101.882 Y-201.715
G1 X101.985 Y-201.720
G1 X102.088 Y-201.725
G1 X102.191 Y-201.730
G1 X102.294 Y-201.735
G1 X102.397 Y-201.740
G1 X102.500 Y-201.745
G1 X102.602 Y-201.749
G1 X102.705 Y-201.754
G1 X102.808 Y-201.758
G1 X102.911 Y-201.763
G1 X103.014 Y-201.767
G1 X103.117 Y-201.771
G1 X103.220 Y-201.775
G1 X103.324 Y-201.779
G1 X103.427 Y-201.782
G1 X103.530 Y-201.786
G1 X103.633 Y-201.789
G1 X103.736 Y-201.793
G1 X103.839 Y-201.796
G1 X103.942 Y-201.799
G1 X104.045 Y-201.802
G1 X104.148 Y-201.805
G1 X104.252 Y-201.808
G1 X104.355 Y-201.810
G1 X104.458 Y-201.813
G1 X104.561 Y-201.815
G1 X104.664 Y-201.818
G1 X104.768 Y-201.820
G1 X104.871 Y-201.822
G1 X104.974 Y-201.824
G1 X105.077 Y-201.825
G1 X105.181 Y-201.827
G1 X105.284 Y-201.828
G1 X105.387 Y-201.830
G1 X105.491 Y-201.831
G1 X105.594 Y-201.832
G1 X105.697 Y-201.833
G1 X105.800 Y-201.834
G1 X105.904 Y-201.835
G1 X106.007 Y-201.835
G1 X106.110 Y-201.836
G1 X106.214 Y-201.836
G1 X106.317 Y-201.836
G1 X106.420 Y-201.836
G1 X106.524 Y-201.836
G1 X106.627 Y-201.836
G1 X106.731 Y-201.836
G1 X106.834 Y-201.835
G1 X106.937 Y-201.835
G1 X107.041 Y-201.834
G1 X107.144 Y-201.833
G1 X107.248 Y-201.832
G1 X107.351 Y-201.831
G1 X107.454 Y-201.830
G1 X107.558 Y-201.829
G1 X107.661 Y-201.827
G1 X107.764 Y-201.825
G1 X107.868 Y-201.824
G1 X107.971 Y-201.822
G1 X108.074 Y-201.820
G1 X108.177 Y-201.818
G1 X108.281 Y-201.816
G1 X108.384 Y-201.813
G1 X108.487 Y-201.811
G1 X108.590 Y-201.808
G1 X108.694 Y-201.805
G1 X108.797 Y-201.802
G1 X108.900 Y-201.799
G1 X109.003 Y-201.796
G1 X109.106 Y-201.793
G1 X109.209 Y-201.790
G1 X109.312 Y-201.786
G1 X109.416 Y-201.783
G1 X109.519 Y-201.779
G1 X109.622 Y-201.775
G1 X109.725 Y-201.771
G1 X109.828 Y-201.767
G1 X109.931 Y-201.763
G1 X110.034 Y-201.759
G1 X110.137 Y-201.754
G1 X110.240 Y-201.750
G1 X110.342 Y-201.745
G1 X110.445 Y-201.740
G1 X110.548 Y-201.735
G1 X110.651 Y-201.730
G1 X110.754 Y-201.725
G1 X110.857 Y-201.720
G1 X110.960 Y-201.714
G1 X111.062 Y-201.709
G1 X111.165 Y-201.703
G1 X111.268 Y-201.697
G1 X111.371 Y-201.692
G1 X111.473 Y-201.686
G1 X111.576 Y-201.680
G1 X111.678 Y-201.673
G1 X111.781 Y-201.667
G1 X111.884 Y-201.661
G1 X111.986 Y-201.654
G1 X112.089 Y-201.647
G1 X112.191 Y-201.641
G1 X112.294 Y-201.634
G1 X112.396 Y-201.627
G1 X112.499 Y-201.620
G1 X112.601 Y-201.612
G1 X112.703 Y-201.605
G1 X112.806 Y-201.598
G1 X112.908 Y-201.590
G1 X113.010 Y-201.583
G1 X113.112 Y-201.575
G1 X113.215 Y-201.567
G1 X113.317 Y-201.559
G1 X113.419 Y-201.551
G1 X113.521 Y-201.543
G1 X113.623 Y-201.534
G1 X113.725 Y-201.526
G1 X113.827 Y-201.517
G1 X113.929 Y-201.509
G1 X114.031 Y-201.500
G1 X114.133 Y-201.491
G1 X114.235 Y-201.482
G1 X114.337 Y-201.473
G1 X114.439 Y-201.464
G1 X114.541 Y-201.455
G1 X114.642 Y-201.445
G1 X114.744 Y-201.436
G1 X114.846 Y-201.426
G1 X114.947 Y-201.417
G1 X115.049 Y-201.407
G1 X115.150 Y-201.397
G1 X115.252 Y-201.387
G1 X115.354 Y-201.377
G1 X115.455 Y-201.367
G1 X115.556 Y-201.357
G1 X115.658 Y-201.346
G1 X115.759 Y-201.336
G1 X115.860 Y-201.325
G1 X115.962 Y-201.314
G1 X116.063 Y-201.304
G1 X116.164 Y-201.293
G1 X116.265 Y-201.282
G1 X116.366 Y-201.271
G1 X116.467 Y-201.260
G1 X116.568 Y-201.248
G1 X116.669 Y-201.237
G1 X116.770 Y-201.225
G1 X116.871 Y-201.214
G1 X116.972 Y-201.202
G1 X117.073 Y-201.190
G1 X117.174 Y-201.179
G1 X117.274 Y-201.167
G1 X117.375 Y-201.155
G1 X117.476 Y-201.142
G1 X117.576 Y-201.130
G1 X117.677 Y-201.118
G1 X117.777 Y-201.105
G1 X117.878 Y-201.093
G1 X117.978 Y-201.080
G1 X118.079 Y-201.068
G1 X118.179 Y-201.055
G1 X118.279 Y-201.042
G1 X118.379 Y-201.029
G1 X118.479 Y-201.016
G1 X118.580 Y-201.003
G1 X118.680 Y-200.989
G1 X118.780 Y-200.976
G1 X118.880 Y-200.963
G1 X118.980 Y-200.949
G1 X119.179 Y-200.922
G1 X119.279 Y-200.908
G1 X119.379 Y-200.894
G1 X119.578 Y-200.866
G1 X119.752 Y-200.841
G1 X119.926 Y-200.816
G1 X120.100 Y-200.791
G1 X120.274 Y-200.765
G1 X120.448 Y-200.739
G1 X120.621 Y-200.713
G1 X120.795 Y-200.687
G1 X120.968 Y-200.660
G1 X121.141 Y-200.633
G1 X121.314 Y-200.606
G1 X121.487 Y-200.578
G1 X121.660 Y-200.551
G1 X121.832 Y-200.522
G1 X122.004 Y-200.494
G1 X122.176 Y-200.465
G1 X122.348 Y-200.436
G1 X122.519 Y-200.406
G1 X122.690 Y-200.376
G1 X122.861 Y-200.345
G1 X123.032 Y-200.314
G1 X123.202 Y-200.283
G1 X123.372 Y-200.251
G1 X123.541 Y-200.219
G1 X123.710 Y-200.186
G1 X123.879 Y-200.153
G1 X124.048 Y-200.119
G1 X124.216 Y-200.085
G1 X124.384 Y-200.050
G1 X124.551 Y-200.015
G1 X124.718 Y-199.979
G1 X124.884 Y-199.942
G1 X125.050 Y-199.905
G1 X125.216 Y-199.868
G1 X125.381 Y-199.829
G1 X125.545 Y-199.790
G1 X125.709 Y-199.751
G1 X125.872 Y-199.711
G1 X126.035 Y-199.670
G1 X126.197 Y-199.628
G1 X126.358 Y-199.586
G1 X126.519 Y-199.543
G1 X126.678 Y-199.499
G1 X126.838 Y-199.455
G1 X126.996 Y-199.409
G1 X127.153 Y-199.363
G1 X127.310 Y-199.317
G1 X127.466 Y-199.269
G1 X127.621 Y-199.221
G1 X127.775 Y-199.172
G1 X127.928 Y-199.123
G1 X128.080 Y-199.072
G1 X128.231 Y-199.021
G1 X128.382 Y-198.969
G1 X128.531 Y-198.916
G1 X128.679 Y-198.863
G1 X128.826 Y-198.809
G1 X128.971 Y-198.753
G1 X129.116 Y-198.697
G1 X129.260 Y-198.641
G1 X129.402 Y-198.583
G1 X129.543 Y-198.525
G1 X129.683 Y-198.465
G1 X129.821 Y-198.405
G1 X129.958 Y-198.344
G1 X130.114 Y-198.274
G1 X130.268 Y-198.203
G1 X130.420 Y-198.131
G1 X130.571 Y-198.058
G1 X130.720 Y-197.984
G1 X130.867 Y-197.909
G1 X131.013 Y-197.833
G1 X131.157 Y-197.757
G1 X131.299 Y-197.679
G1 X131.440 Y-197.601
G1 X131.579 Y-197.522
G1 X131.716 Y-197.442
G1 X131.851 Y-197.362
G1 X131.984 Y-197.280
G1 X132.116 Y-197.198
G1 X132.246 Y-197.115
G1 X132.374 Y-197.031
G1 X132.500 Y-196.947
G1 X132.624 Y-196.862
G1 X132.747 Y-196.776
G1 X132.867 Y-196.689
G1 X132.985 Y-196.602
G1 X133.102 Y-196.514
G1 X133.216 Y-196.425
G1 X133.328 Y-196.335
G1 X133.439 Y-196.245
G1 X133.547 Y-196.154
G1 X133.653 Y-196.063
G1 X133.757 Y-195.971
G1 X133.859 Y-195.878
G1 X133.959 Y-195.785
G1 X134.057 Y-195.691
G1 X134.152 Y-195.596
G1 X134.245 Y-195.500
G1 X134.336 Y-195.404
G1 X134.424 Y-195.308
G1 X134.510 Y-195.211
G1 X134.593 Y-195.114
G1 X134.674 Y-195.016
G1 X134.752 Y-194.917
G1 X134.827 Y-194.818
G1 X134.900 Y-194.719
G1 X134.971 Y-194.619
G1 X135.039 Y-194.518
G1 X135.104 Y-194.417
G1 X135.167 Y-194.315
G1 X135.228 Y-194.213
G1 X135.286 Y-194.111
G1 X135.341 Y-194.008
G1 X135.393 Y-193.905
G1 X135.443 Y-193.801
G1 X135.491 Y-193.698
G1 X135.537 Y-193.594
G1 X135.580 Y-193.490
G1 X135.621 Y-193.385
G1 X135.660 Y-193.281
G1 X135.697 Y-193.176
G1 X135.731 Y-193.071
G1 X135.763 Y-192.966
G1 X135.793 Y-192.861
G1 X135.820 Y-192.755
G1 X135.845 Y-192.649
G1 X135.868 Y-192.543
G1 X135.889 Y-192.437
G1 X135.908 Y-192.331
G1 X135.925 Y-192.225
G1 X135.940 Y-192.118
G1 X135.953 Y-192.012
G1 X135.965 Y-191.906
G1 X135.974 Y-191.799
G1 X135.982 Y-191.693
G1 X135.989 Y-191.587
G1 X135.993 Y-191.480
G1 X135.996 Y-191.374
G1 X135.997 Y-191.267
G1 X135.997 Y-191.161
G1 X135.995 Y-191.054
G1 X135.992 Y-190.948
G1 X135.988 Y-190.841
G1 X135.981 Y-190.735
G1 X135.974 Y-190.629
G1 X135.965 Y-190.522
G1 X135.955 Y-190.416
G1 X135.944 Y-190.309
G1 X135.931 Y-190.203
G1 X135.917 Y-190.097
G1 X135.902 Y-189.991
G1 X135.886 Y-189.884
G1 X135.869 Y-189.778
G1 X135.851 Y-189.672
G1 X135.832 Y-189.566
G1 X135.812 Y-189.460
G1 X135.791 Y-189.354
G1 X135.769 Y-189.248
G1 X135.746 Y-189.142
G1 X135.723 Y-189.037
G1 X135.700 Y-188.938
G1 X135.676 Y-188.839
G1 X135.652 Y-188.740
G1 X135.627 Y-188.641
G1 X135.601 Y-188.542
G1 X135.575 Y-188.443
G1 X135.548 Y-188.344
G1 X135.521 Y-188.245
G1 X135.493 Y-188.146
G1 X135.465 Y-188.048
G1 X135.437 Y-187.949
G1 X135.407 Y-187.850
G1 X135.378 Y-187.752
G1 X135.348 Y-187.653
G1 X135.318 Y-187.554
G1 X135.287 Y-187.456
G1 X135.256 Y-187.357
G1 X135.224 Y-187.259
G1 X135.193 Y-187.160
G1 X135.161 Y-187.062
G1 X135.129 Y-186.964
G1 X135.096 Y-186.865
G1 X135.063 Y-186.767
G1 X135.031 Y-186.668
G1 X134.998 Y-186.570
G1 X134.965 Y-186.472
G1 X134.931 Y-186.373
G1 X134.898 Y-186.275
G1 X134.864 Y-186.177
G1 X134.831 Y-186.078
G1 X134.798 Y-185.980
G1 X134.764 Y-185.882
; Retract
G0 Z3.000

; Path 125
; Rapid to initial position
G0 X133.197 Y-184.540
G0 Z0.000
; plunge
G1 Z-0.200 F4000
; cut
G1 X163.173 Y-206.183 F4000
; Retract
G0 Z3.000

; Path 126
; Rapid to initial position
G0 X173.240 Y-200.781
G0 Z0.000
; plunge
G1 Z-0.200 F4000
; cut
G1 X136.614 Y-200.781 F4000
; Retract
G0 Z3.000

; Path 127
; Rapid to initial position
G0 X118.509 Y-203.659
G0 Z0.000
; plunge
G1 Z-0.200 F4000
; cut
G1 X118.020 Y-195.939 F4000
G1 X118.020 Y-188.255
G1 X117.880 Y-179.309
G1 X117.951 Y-169.628
; Retract
G0 Z3.000

; Path 128
; Rapid to initial position
G0 X97.931 Y-177.348
G0 Z0.000
; plunge
G1 Z-0.200 F4000
; cut
G1 X90.828 Y-166.749 F4000
; Retract
G0 Z3.000

; Path 129
; Rapid to initial position
G0 X81.992 Y-170.871
G0 Z0.000
; plunge
G1 Z-0.200 F4000
; cut
G1 X82.184 Y-170.640 F4000
G1 X82.375 Y-170.410
G1 X82.565 Y-170.179
G1 X82.755 Y-169.948
G1 X82.943 Y-169.717
G1 X83.131 Y-169.486
G1 X83.318 Y-169.254
G1 X83.505 Y-169.022
G1 X83.690 Y-168.790
G1 X83.875 Y-168.558
G1 X84.059 Y-168.326
G1 X84.242 Y-168.093
G1 X84.424 Y-167.860
G1 X84.606 Y-167.627
G1 X84.786 Y-167.393
G1 X84.966 Y-167.160
G1 X85.146 Y-166.926
G1 X85.324 Y-166.692
G1 X85.502 Y-166.458
G1 X85.678 Y-166.223
G1 X85.854 Y-165.988
G1 X86.030 Y-165.753
G1 X86.204 Y-165.518
G1 X86.378 Y-165.283
G1 X86.551 Y-165.047
G1 X86.723 Y-164.812
G1 X86.894 Y-164.576
G1 X87.064 Y-164.339
G1 X87.234 Y-164.103
G1 X87.403 Y-163.866
G1 X87.571 Y-163.629
G1 X87.738 Y-163.392
G1 X87.905 Y-163.155
G1 X88.071 Y-162.918
G1 X88.236 Y-162.680
G1 X88.400 Y-162.442
G1 X88.563 Y-162.204
G1 X88.726 Y-161.966
G1 X88.888 Y-161.727
G1 X89.049 Y-161.489
G1 X89.209 Y-161.250
G1 X89.368 Y-161.011
G1 X89.527 Y-160.772
G1 X89.685 Y-160.532
G1 X89.842 Y-160.292
G1 X89.998 Y-160.053
G1 X90.154 Y-159.813
G1 X90.308 Y-159.572
G1 X90.462 Y-159.332
G1 X90.615 Y-159.091
G1 X90.768 Y-158.851
G1 X90.919 Y-158.610
G1 X91.070 Y-158.368
G1 X91.220 Y-158.127
G1 X91.369 Y-157.886
G1 X91.518 Y-157.644
G1 X91.665 Y-157.402
G1 X91.812 Y-157.160
G1 X91.958 Y-156.918
G1 X92.103 Y-156.675
G1 X92.248 Y-156.433
G1 X92.391 Y-156.190
G1 X92.534 Y-155.947
G1 X92.676 Y-155.704
G1 X92.818 Y-155.460
G1 X92.958 Y-155.217
G1 X93.098 Y-154.973
G1 X93.237 Y-154.729
G1 X93.375 Y-154.485
G1 X93.512 Y-154.241
G1 X93.649 Y-153.997
G1 X93.785 Y-153.752
G1 X93.920 Y-153.508
G1 X94.054 Y-153.263
G1 X94.187 Y-153.018
G1 X94.320 Y-152.773
G1 X94.452 Y-152.527
G1 X94.583 Y-152.282
G1 X94.713 Y-152.036
G1 X94.843 Y-151.791
G1 X94.971 Y-151.545
G1 X95.099 Y-151.298
G1 X95.226 Y-151.052
G1 X95.353 Y-150.806
G1 X95.478 Y-150.559
G1 X95.603 Y-150.312
G1 X95.727 Y-150.066
G1 X95.850 Y-149.819
G1 X95.973 Y-149.571
G1 X96.094 Y-149.324
G1 X96.215 Y-149.076
G1 X96.335 Y-148.829
G1 X96.454 Y-148.581
G1 X96.573 Y-148.333
G1 X96.690 Y-148.085
G1 X96.807 Y-147.837
G1 X96.923 Y-147.588
G1 X97.039 Y-147.340
G1 X97.153 Y-147.091
G1 X97.267 Y-146.843
G1 X97.380 Y-146.594
G1 X97.492 Y-146.345
G1 X97.603 Y-146.095
G1 X97.714 Y-145.846
G1 X97.824 Y-145.597
G1 X97.933 Y-145.347
G1 X98.041 Y-145.097
G1 X98.149 Y-144.847
G1 X98.255 Y-144.597
G1 X98.361 Y-144.347
G1 X98.466 Y-144.097
G1 X98.570 Y-143.847
G1 X98.674 Y-143.596
G1 X98.777 Y-143.345
G1 X98.879 Y-143.095
G1 X98.980 Y-142.844
G1 X99.080 Y-142.593
G1 X99.180 Y-142.342
G1 X99.278 Y-142.090
G1 X99.376 Y-141.839
G1 X99.474 Y-141.588
G1 X99.570 Y-141.336
G1 X99.666 Y-141.084
G1 X99.761 Y-140.832
G1 X99.855 Y-140.580
G1 X99.948 Y-140.328
G1 X100.040 Y-140.076
G1 X100.132 Y-139.824
G1 X100.223 Y-139.571
G1 X100.313 Y-139.319
G1 X100.403 Y-139.066
G1 X100.491 Y-138.814
G1 X100.579 Y-138.561
G1 X100.666 Y-138.308
G1 X100.752 Y-138.055
G1 X100.838 Y-137.802
G1 X100.922 Y-137.548
G1 X101.006 Y-137.295
G1 X101.089 Y-137.041
G1 X101.171 Y-136.788
G1 X101.253 Y-136.534
G1 X101.334 Y-136.280
G1 X101.414 Y-136.027
G1 X101.493 Y-135.773
G1 X101.571 Y-135.519
G1 X101.649 Y-135.264
G1 X101.725 Y-135.010
G1 X101.801 Y-134.756
G1 X101.877 Y-134.501
G1 X101.951 Y-134.247
G1 X102.025 Y-133.992
G1 X102.098 Y-133.738
G1 X102.170 Y-133.483
G1 X102.241 Y-133.228
G1 X102.311 Y-132.973
G1 X102.381 Y-132.718
G1 X102.450 Y-132.463
G1 X102.518 Y-132.208
G1 X102.586 Y-131.952
G1 X102.652 Y-131.697
G1 X102.718 Y-131.441
G1 X102.783 Y-131.186
G1 X102.847 Y-130.930
G1 X102.911 Y-130.675
G1 X102.973 Y-130.419
G1 X103.035 Y-130.163
G1 X103.096 Y-129.907
G1 X103.157 Y-129.651
G1 X103.216 Y-129.395
G1 X103.275 Y-129.139
G1 X103.333 Y-128.883
G1 X103.390 Y-128.626
G1 X103.446 Y-128.370
G1 X103.502 Y-128.114
G1 X103.557 Y-127.857
G1 X103.611 Y-127.601
G1 X103.664 Y-127.344
G1 X103.716 Y-127.087
G1 X103.768 Y-126.831
G1 X103.819 Y-126.574
G1 X103.869 Y-126.317
G1 X103.918 Y-126.060
G1 X103.967 Y-125.803
G1 X104.015 Y-125.546
G1 X104.062 Y-125.289
G1 X104.108 Y-125.032
G1 X104.153 Y-124.775
G1 X104.198 Y-124.518
G1 X104.242 Y-124.260
G1 X104.285 Y-124.003
G1 X104.327 Y-123.746
G1 X104.368 Y-123.488
G1 X104.409 Y-123.231
G1 X104.449 Y-122.973
G1 X104.488 Y-122.716
G1 X104.526 Y-122.458
G1 X104.564 Y-122.200
G1 X104.601 Y-121.943
G1 X104.637 Y-121.685
G1 X104.672 Y-121.427
G1 X104.706 Y-121.169
G1 X104.740 Y-120.911
G1 X104.773 Y-120.653
G1 X104.805 Y-120.395
G1 X104.836 Y-120.137
G1 X104.867 Y-119.879
G1 X104.897 Y-119.621
G1 X104.925 Y-119.363
G1 X104.954 Y-119.105
G1 X104.981 Y-118.847
G1 X105.008 Y-118.589
G1 X105.033 Y-118.331
G1 X105.058 Y-118.072
G1 X105.083 Y-117.814
G1 X105.106 Y-117.556
G1 X105.129 Y-117.297
G1 X105.151 Y-117.039
G1 X105.172 Y-116.781
G1 X105.192 Y-116.522
G1 X105.212 Y-116.264
G1 X105.230 Y-116.005
G1 X105.248 Y-115.747
G1 X105.266 Y-115.488
G1 X105.282 Y-115.230
G1 X105.298 Y-114.971
G1 X105.312 Y-114.713
G1 X105.327 Y-114.454
G1 X105.340 Y-114.196
G1 X105.352 Y-113.937
G1 X105.364 Y-113.679
G1 X105.375 Y-113.420
G1 X105.385 Y-113.161
G1 X105.394 Y-112.903
G1 X105.403 Y-112.644
G1 X105.411 Y-112.386
G1 X105.418 Y-112.127
G1 X105.424 Y-111.868
G1 X105.430 Y-111.610
G1 X105.434 Y-111.351
G1 X105.438 Y-111.092
G1 X105.441 Y-110.834
G1 X105.444 Y-110.575
G1 X105.445 Y-110.316
G1 X105.446 Y-110.058
G1 X105.446 Y-109.799
G1 X105.445 Y-109.540
G1 X105.444 Y-109.282
G1 X105.441 Y-109.023
G1 X105.438 Y-108.765
G1 X105.434 Y-108.506
G1 X105.429 Y-108.247
G1 X105.424 Y-107.989
G1 X105.418 Y-107.730
G1 X105.411 Y-107.471
G1 X105.403 Y-107.213
G1 X105.394 Y-106.954
G1 X105.385 Y-106.696
G1 X105.375 Y-106.437
G1 X105.364 Y-106.179
G1 X105.352 Y-105.920
G1 X105.339 Y-105.662
G1 X105.326 Y-105.403
G1 X105.312 Y-105.145
G1 X105.297 Y-104.887
G1 X105.281 Y-104.628
G1 X105.265 Y-104.370
G1 X105.248 Y-104.111
G1 X105.230 Y-103.853
G1 X105.211 Y-103.595
G1 X105.191 Y-103.337
G1 X105.171 Y-103.078
G1 X105.150 Y-102.820
G1 X105.128 Y-102.562
G1 X105.105 Y-102.304
G1 X105.082 Y-102.046
G1 X105.058 Y-101.788
G1 X105.033 Y-101.530
G1 X105.007 Y-101.272
G1 X104.980 Y-101.014
G1 X104.953 Y-100.756
G1 X104.925 Y-100.498
G1 X104.896 Y-100.240
G1 X104.866 Y-99.982
G1 X104.836 Y-99.724
G1 X104.804 Y-99.467
G1 X104.772 Y-99.209
G1 X104.739 Y-98.951
G1 X104.706 Y-98.694
G1 X104.671 Y-98.436
G1 X104.636 Y-98.179
G1 X104.600 Y-97.921
G1 X104.564 Y-97.664
G1 X104.526 Y-97.406
G1 X104.488 Y-97.149
G1 X104.449 Y-96.892
G1 X104.409 Y-96.634
G1 X104.368 Y-96.377
G1 X104.327 Y-96.120
G1 X104.285 Y-95.863
G1 X104.242 Y-95.606
G1 X104.198 Y-95.349
G1 X104.153 Y-95.092
G1 X104.108 Y-94.836
G1 X104.062 Y-94.579
G1 X104.015 Y-94.322
G1 X103.967 Y-94.065
G1 X103.919 Y-93.809
G1 X103.870 Y-93.552
G1 X103.820 Y-93.296
G1 X103.769 Y-93.040
G1 X103.717 Y-92.783
G1 X103.665 Y-92.527
G1 X103.612 Y-92.271
G1 X103.558 Y-92.015
G1 X103.503 Y-91.759
G1 X103.448 Y-91.503
G1 X103.392 Y-91.247
G1 X103.335 Y-90.991
G1 X103.277 Y-90.735
G1 X103.218 Y-90.480
G1 X103.159 Y-90.224
G1 X103.099 Y-89.969
G1 X103.038 Y-89.713
G1 X102.976 Y-89.458
G1 X102.914 Y-89.203
G1 X102.850 Y-88.948
G1 X102.786 Y-88.692
G1 X102.722 Y-88.437
G1 X102.656 Y-88.183
G1 X102.590 Y-87.928
G1 X102.523 Y-87.673
G1 X102.455 Y-87.418
G1 X102.386 Y-87.164
G1 X102.316 Y-86.909
G1 X102.246 Y-86.655
G1 X102.175 Y-86.401
G1 X102.103 Y-86.146
G1 X102.031 Y-85.892
G1 X101.957 Y-85.638
G1 X101.883 Y-85.384
G1 X101.808 Y-85.130
G1 X101.733 Y-84.877
G1 X101.656 Y-84.623
G1 X101.579 Y-84.370
G1 X101.501 Y-84.116
G1 X101.422 Y-83.863
G1 X101.342 Y-83.610
G1 X101.262 Y-83.357
G1 X101.181 Y-83.104
G1 X101.099 Y-82.851
G1 X101.016 Y-82.598
G1 X100.933 Y-82.345
G1 X100.848 Y-82.093
G1 X100.763 Y-81.840
G1 X100.677 Y-81.588
G1 X100.591 Y-81.335
G1 X100.503 Y-81.083
G1 X100.415 Y-80.831
G1 X100.326 Y-80.579
G1 X100.237 Y-80.328
G1 X100.146 Y-80.076
G1 X100.055 Y-79.824
G1 X99.963 Y-79.573
G1 X99.870 Y-79.322
G1 X99.776 Y-79.070
G1 X99.682 Y-78.819
G1 X99.587 Y-78.568
G1 X99.491 Y-78.318
G1 X99.394 Y-78.067
G1 X99.297 Y-77.816
G1 X99.198 Y-77.566
G1 X99.099 Y-77.316
G1 X98.999 Y-77.065
G1 X98.899 Y-76.815
G1 X98.797 Y-76.565
G1 X98.695 Y-76.316
G1 X98.592 Y-76.066
G1 X98.489 Y-75.816
G1 X98.384 Y-75.567
G1 X98.279 Y-75.318
G1 X98.173 Y-75.068
G1 X98.066 Y-74.819
G1 X97.958 Y-74.571
G1 X97.850 Y-74.322
G1 X97.741 Y-74.073
G1 X97.631 Y-73.825
G1 X97.520 Y-73.577
G1 X97.409 Y-73.328
G1 X97.296 Y-73.080
G1 X97.183 Y-72.833
G1 X97.069 Y-72.585
G1 X96.955 Y-72.337
G1 X96.839 Y-72.090
G1 X96.723 Y-71.843
G1 X96.606 Y-71.595
G1 X96.489 Y-71.348
G1 X96.370 Y-71.102
G1 X96.251 Y-70.855
G1 X96.131 Y-70.608
G1 X96.010 Y-70.362
G1 X95.888 Y-70.116
G1 X95.766 Y-69.870
G1 X95.643 Y-69.624
G1 X95.519 Y-69.378
G1 X95.394 Y-69.133
G1 X95.269 Y-68.887
G1 X95.143 Y-68.642
G1 X95.015 Y-68.397
G1 X94.888 Y-68.152
G1 X94.759 Y-67.907
G1 X94.630 Y-67.663
G1 X94.500 Y-67.418
G1 X94.369 Y-67.174
G1 X94.237 Y-66.930
G1 X94.105 Y-66.686
G1 X93.971 Y-66.442
G1 X93.837 Y-66.199
G1 X93.702 Y-65.955
G1 X93.567 Y-65.712
G1 X93.431 Y-65.469
G1 X93.293 Y-65.226
G1 X93.156 Y-64.983
G1 X93.017 Y-64.741
G1 X92.877 Y-64.498
G1 X92.737 Y-64.256
G1 X92.596 Y-64.014
G1 X92.454 Y-63.772
G1 X92.312 Y-63.531
G1 X92.169 Y-63.289
G1 X92.024 Y-63.048
G1 X91.880 Y-62.807
G1 X91.734 Y-62.566
G1 X91.587 Y-62.325
G1 X91.440 Y-62.085
G1 X91.292 Y-61.845
G1 X91.143 Y-61.605
G1 X90.994 Y-61.365
G1 X90.844 Y-61.125
G1 X90.693 Y-60.885
G1 X90.541 Y-60.646
G1 X90.388 Y-60.407
G1 X90.235 Y-60.168
G1 X90.080 Y-59.929
G1 X89.926 Y-59.690
G1 X89.770 Y-59.452
G1 X89.613 Y-59.214
G1 X89.456 Y-58.976
G1 X89.298 Y-58.738
G1 X89.139 Y-58.501
G1 X88.979 Y-58.263
G1 X88.819 Y-58.026
G1 X88.658 Y-57.789
G1 X88.496 Y-57.552
G1 X88.333 Y-57.316
G1 X88.170 Y-57.080
G1 X88.006 Y-56.843
G1 X87.840 Y-56.607
G1 X87.675 Y-56.372
G1 X87.508 Y-56.136
G1 X87.341 Y-55.901
G1 X87.173 Y-55.666
G1 X87.004 Y-55.431
G1 X86.834 Y-55.197
G1 X86.664 Y-54.962
G1 X86.492 Y-54.728
G1 X86.320 Y-54.494
G1 X86.148 Y-54.260
G1 X85.974 Y-54.027
G1 X85.800 Y-53.793
G1 X85.625 Y-53.560
G1 X85.449 Y-53.327
G1 X85.272 Y-53.095
G1 X85.095 Y-52.862
G1 X84.916 Y-52.630
G1 X84.737 Y-52.398
G1 X84.558 Y-52.167
G1 X84.377 Y-51.935
G1 X84.196 Y-51.704
G1 X84.014 Y-51.473
G1 X83.831 Y-51.242
G1 X83.647 Y-51.012
G1 X83.463 Y-50.781
G1 X83.278 Y-50.551
G1 X83.092 Y-50.321
G1 X82.905 Y-50.092
G1 X82.718 Y-49.862
G1 X82.529 Y-49.633
G1 X82.340 Y-49.404
G1 X82.150 Y-49.176
G1 X81.960 Y-48.947
G1 X81.769 Y-48.719
G1 X81.576 Y-48.491
G1 X81.383 Y-48.264
G1 X81.190 Y-48.036
G1 X80.995 Y-47.809
G1 X80.800 Y-47.582
G1 X80.604 Y-47.355
G1 X80.407 Y-47.129
G1 X80.210 Y-46.903
G1 X80.011 Y-46.677
G1 X79.812 Y-46.451
G1 X79.613 Y-46.226
G1 X79.412 Y-46.001
G1 X79.210 Y-45.776
G1 X79.008 Y-45.551
G1 X78.805 Y-45.327
G1 X78.602 Y-45.103
G1 X78.397 Y-44.879
G1 X78.192 Y-44.655
G1 X77.986 Y-44.432
G1 X77.779 Y-44.209
G1 X77.571 Y-43.986
; Retract
G0 Z3.000

; Path 130
; Rapid to initial position
G0 X77.488 Y-102.668
G0 Z0.000
; plunge
G1 Z-0.200 F4000
; cut
G1 X105.057 Y-102.668 F4000
G1 X110.140 Y-110.047
G1 X110.494 Y-110.032
G1 X105.422 Y-102.668
G1 X135.711 Y-102.668
G1 X135.718 Y-102.781
G1 X135.725 Y-102.894
G1 X135.732 Y-103.007
G1 X135.739 Y-103.120
G1 X135.746 Y-103.233
G1 X135.753 Y-103.346
G1 X135.760 Y-103.459
G1 X135.767 Y-103.573
G1 X135.774 Y-103.686
G1 X135.780 Y-103.799
G1 X135.787 Y-103.912
G1 X135.793 Y-104.025
G1 X135.799 Y-104.138
G1 X135.805 Y-104.251
G1 X135.811 Y-104.364
G1 X135.816 Y-104.477
G1 X135.821 Y-104.590
G1 X135.827 Y-104.703
G1 X135.831 Y-104.816
G1 X135.836 Y-104.929
G1 X135.840 Y-105.043
G1 X135.844 Y-105.156
G1 X135.848 Y-105.269
G1 X135.851 Y-105.382
G1 X135.854 Y-105.495
G1 X135.857 Y-105.608
G1 X135.859 Y-105.721
G1 X135.861 Y-105.834
G1 X135.863 Y-105.947
G1 X135.864 Y-106.060
G1 X135.864 Y-106.174
G1 X135.865 Y-106.287
G1 X135.864 Y-106.393
G1 X135.864 Y-106.500
G1 X135.862 Y-106.606
G1 X135.861 Y-106.713
G1 X135.859 Y-106.819
G1 X135.856 Y-106.926
G1 X135.853 Y-107.032
G1 X135.850 Y-107.138
G1 X135.846 Y-107.245
G1 X135.841 Y-107.351
G1 X135.836 Y-107.458
G1 X135.831 Y-107.564
G1 X135.824 Y-107.671
G1 X135.817 Y-107.777
G1 X135.810 Y-107.883
G1 X135.801 Y-107.990
G1 X135.792 Y-108.096
G1 X135.783 Y-108.203
G1 X135.772 Y-108.309
G1 X135.761 Y-108.415
G1 X135.750 Y-108.522
G1 X135.737 Y-108.628
G1 X135.723 Y-108.734
G1 X135.709 Y-108.840
G1 X135.694 Y-108.946
G1 X135.678 Y-109.053
G1 X135.662 Y-109.159
G1 X135.644 Y-109.265
G1 X135.625 Y-109.371
G1 X135.606 Y-109.477
G1 X135.585 Y-109.583
G1 X135.564 Y-109.689
G1 X135.539 Y-109.808
G1 X135.512 Y-109.927
G1 X135.484 Y-110.045
G1 X135.454 Y-110.164
G1 X135.423 Y-110.283
G1 X135.391 Y-110.402
G1 X135.357 Y-110.520
G1 X135.322 Y-110.639
G1 X135.285 Y-110.757
G1 X135.247 Y-110.876
G1 X135.206 Y-110.994
G1 X135.164 Y-111.112
G1 X135.121 Y-111.229
G1 X135.075 Y-111.347
G1 X135.028 Y-111.464
G1 X134.978 Y-111.581
G1 X134.927 Y-111.698
G1 X134.874 Y-111.815
G1 X134.818 Y-111.931
G1 X134.761 Y-112.047
G1 X134.701 Y-112.163
G1 X134.639 Y-112.279
G1 X134.575 Y-112.394
G1 X134.508 Y-112.508
G1 X134.439 Y-112.623
G1 X134.368 Y-112.737
G1 X134.294 Y-112.850
G1 X134.218 Y-112.964
G1 X134.139 Y-113.076
G1 X134.058 Y-113.189
G1 X133.974 Y-113.301
G1 X133.887 Y-113.412
G1 X133.818 Y-113.498
G1 X133.747 Y-113.584
G1 X133.674 Y-113.669
G1 X133.599 Y-113.754
G1 X133.523 Y-113.839
G1 X133.445 Y-113.923
G1 X133.364 Y-114.007
G1 X133.282 Y-114.090
G1 X133.198 Y-114.173
G1 X133.112 Y-114.255
G1 X133.025 Y-114.337
G1 X132.935 Y-114.418
G1 X132.844 Y-114.498
G1 X132.750 Y-114.578
G1 X132.655 Y-114.658
G1 X132.558 Y-114.737
G1 X132.459 Y-114.815
G1 X132.358 Y-114.892
G1 X132.255 Y-114.969
G1 X132.150 Y-115.045
G1 X132.043 Y-115.120
G1 X131.934 Y-115.195
G1 X131.824 Y-115.269
G1 X131.711 Y-115.342
G1 X131.597 Y-115.414
G1 X131.480 Y-115.485
G1 X131.362 Y-115.556
G1 X131.241 Y-115.626
G1 X131.119 Y-115.695
G1 X130.995 Y-115.763
G1 X130.868 Y-115.830
G1 X130.740 Y-115.896
G1 X130.573 Y-115.980
G1 X130.404 Y-116.062
G1 X130.232 Y-116.143
G1 X130.057 Y-116.223
G1 X129.881 Y-116.301
G1 X129.702 Y-116.377
G1 X129.521 Y-116.452
G1 X129.337 Y-116.526
G1 X129.152 Y-116.599
G1 X128.965 Y-116.669
G1 X128.870 Y-116.704
G1 X128.775 Y-116.739
G1 X128.680 Y-116.773
G1 X128.584 Y-116.807
G1 X128.488 Y-116.841
G1 X128.391 Y-116.874
G1 X128.294 Y-116.907
G1 X128.196 Y-116.940
G1 X128.098 Y-116.972
G1 X128.000 Y-117.004
G1 X127.901 Y-117.035
G1 X127.802 Y-117.067
G1 X127.702 Y-117.098
G1 X127.602 Y-117.128
G1 X127.501 Y-117.159
G1 X127.401 Y-117.189
G1 X127.299 Y-117.218
G1 X127.198 Y-117.248
G1 X127.096 Y-117.277
G1 X126.994 Y-117.305
G1 X126.891 Y-117.334
G1 X126.788 Y-117.362
G1 X126.685 Y-117.390
G1 X126.582 Y-117.417
G1 X126.478 Y-117.445
G1 X126.374 Y-117.471
G1 X126.269 Y-117.498
G1 X126.165 Y-117.524
G1 X126.060 Y-117.550
G1 X125.954 Y-117.576
G1 X125.849 Y-117.602
G1 X125.743 Y-117.627
G1 X125.637 Y-117.652
G1 X125.531 Y-117.676
G1 X125.425 Y-117.700
G1 X125.318 Y-117.724
G1 X125.211 Y-117.748
G1 X125.104 Y-117.772
G1 X124.997 Y-117.795
G1 X124.889 Y-117.818
G1 X124.782 Y-117.840
G1 X124.674 Y-117.863
G1 X124.566 Y-117.885
G1 X124.458 Y-117.907
G1 X124.265 Y-117.945
G1 X124.071 Y-117.982
G1 X123.877 Y-118.019
G1 X123.682 Y-118.055
G1 X123.487 Y-118.090
G1 X123.291 Y-118.124
G1 X123.095 Y-118.157
G1 X122.898 Y-118.190
G1 X122.701 Y-118.222
G1 X122.504 Y-118.253
G1 X122.405 Y-118.269
G1 X122.306 Y-118.284
G1 X122.207 Y-118.299
G1 X122.107 Y-118.314
G1 X121.909 Y-118.343
G1 X121.809 Y-118.357
G1 X121.709 Y-118.371
G1 X121.510 Y-118.399
G1 X121.410 Y-118.412
G1 X121.310 Y-118.426
G1 X121.210 Y-118.439
G1 X121.110 Y-118.452
G1 X121.009 Y-118.465
G1 X120.909 Y-118.478
G1 X120.808 Y-118.491
G1 X120.708 Y-118.503
G1 X120.607 Y-118.515
G1 X120.507 Y-118.527
G1 X120.406 Y-118.539
G1 X120.305 Y-118.551
G1 X120.204 Y-118.563
G1 X120.103 Y-118.574
G1 X120.002 Y-118.586
G1 X119.901 Y-118.597
G1 X119.800 Y-118.608
G1 X119.699 Y-118.619
G1 X119.598 Y-118.629
G1 X119.496 Y-118.640
G1 X119.395 Y-118.650
G1 X119.293 Y-118.661
G1 X119.192 Y-118.671
G1 X119.090 Y-118.681
G1 X118.989 Y-118.690
G1 X118.887 Y-118.700
G1 X118.785 Y-118.710
G1 X118.684 Y-118.719
G1 X118.582 Y-118.728
G1 X118.480 Y-118.737
G1 X118.378 Y-118.746
G1 X118.276 Y-118.755
G1 X118.174 Y-118.764
G1 X118.072 Y-118.772
G1 X117.970 Y-118.781
G1 X117.868 Y-118.789
G1 X117.766 Y-118.797
G1 X117.664 Y-118.805
G1 X117.562 Y-118.813
G1 X117.460 Y-118.821
G1 X117.357 Y-118.828
G1 X117.255 Y-118.836
G1 X117.153 Y-118.843
G1 X117.050 Y-118.850
G1 X116.948 Y-118.857
G1 X116.845 Y-118.864
G1 X116.743 Y-118.871
G1 X116.640 Y-118.877
G1 X116.538 Y-118.884
G1 X116.435 Y-118.890
G1 X116.333 Y-118.896
G1 X116.230 Y-118.903
G1 X116.127 Y-118.909
G1 X116.025 Y-118.914
G1 X115.922 Y-118.920
G1 X115.819 Y-118.926
G1 X115.716 Y-118.931
G1 X115.613 Y-118.937
G1 X115.511 Y-118.942
G1 X115.408 Y-118.947
G1 X115.305 Y-118.952
G1 X115.202 Y-118.957
G1 X115.099 Y-118.961
G1 X114.996 Y-118.966
G1 X114.893 Y-118.971
G1 X114.790 Y-118.975
G1 X114.687 Y-118.979
G1 X114.584 Y-118.983
G1 X114.481 Y-118.987
G1 X114.378 Y-118.991
G1 X114.275 Y-118.995
G1 X114.172 Y-118.999
G1 X114.069 Y-119.002
G1 X113.966 Y-119.005
G1 X113.862 Y-119.009
G1 X113.759 Y-119.012
G1 X113.656 Y-119.015
G1 X113.553 Y-119.018
G1 X113.450 Y-119.021
G1 X113.347 Y-119.023
G1 X113.243 Y-119.026
G1 X113.140 Y-119.028
G1 X113.037 Y-119.031
G1 X112.934 Y-119.033
G1 X112.830 Y-119.035
G1 X112.727 Y-119.037
G1 X112.624 Y-119.039
G1 X112.521 Y-119.041
G1 X112.417 Y-119.043
G1 X112.314 Y-119.044
G1 X112.211 Y-119.046
G1 X112.107 Y-119.047
G1 X112.004 Y-119.048
G1 X111.901 Y-119.049
G1 X111.797 Y-119.050
G1 X111.694 Y-119.051
G1 X111.591 Y-119.052
G1 X111.488 Y-119.053
G1 X111.377 Y-119.053
G1 X111.266 Y-119.054
G1 X111.155 Y-119.054
G1 X111.045 Y-119.055
G1 X110.934 Y-119.055
G1 X110.823 Y-119.055
G1 X110.713 Y-119.055
G1 X110.602 Y-119.054
G1 X110.492 Y-119.054
G1 X110.381 Y-119.053
G1 X110.270 Y-119.053
G1 X110.160 Y-119.052
G1 X110.049 Y-119.051
G1 X109.939 Y-119.050
G1 X109.828 Y-119.049
G1 X109.718 Y-119.048
G1 X109.607 Y-119.047
G1 X109.497 Y-119.045
G1 X109.386 Y-119.044
G1 X109.276 Y-119.042
G1 X109.165 Y-119.040
G1 X109.055 Y-119.038
G1 X108.944 Y-119.036
G1 X108.834 Y-119.034
G1 X108.723 Y-119.032
G1 X108.613 Y-119.029
G1 X108.503 Y-119.027
G1 X108.392 Y-119.024
G1 X108.282 Y-119.021
G1 X108.172 Y-119.019
G1 X108.061 Y-119.016
G1 X107.951 Y-119.012
G1 X107.841 Y-119.009
G1 X107.730 Y-119.006
G1 X107.620 Y-119.002
G1 X107.510 Y-118.999
G1 X107.400 Y-118.995
G1 X107.289 Y-118.991
G1 X107.179 Y-118.987
G1 X107.069 Y-118.983
G1 X106.959 Y-118.979
G1 X106.849 Y-118.975
G1 X106.738 Y-118.970
G1 X106.628 Y-118.966
G1 X106.518 Y-118.961
G1 X106.408 Y-118.956
G1 X106.298 Y-118.951
G1 X106.188 Y-118.946
G1 X106.078 Y-118.941
G1 X105.968 Y-118.936
G1 X105.858 Y-118.930
G1 X105.747 Y-118.925
G1 X105.637 Y-118.919
G1 X105.527 Y-118.913
G1 X105.417 Y-118.907
G1 X105.307 Y-118.901
G1 X105.197 Y-118.895
G1 X105.087 Y-118.889
G1 X104.977 Y-118.883
G1 X104.868 Y-118.876
G1 X104.758 Y-118.869
G1 X104.648 Y-118.863
G1 X104.538 Y-118.856
G1 X104.428 Y-118.849
G1 X104.253 Y-118.842
G1 X104.079 Y-118.835
G1 X103.904 Y-118.827
G1 X103.730 Y-118.820
G1 X103.555 Y-118.813
G1 X103.381 Y-118.805
G1 X103.206 Y-118.798
G1 X103.032 Y-118.791
G1 X102.857 Y-118.783
G1 X102.683 Y-118.776
G1 X102.509 Y-118.768
G1 X102.334 Y-118.760
G1 X102.160 Y-118.752
G1 X101.985 Y-118.744
G1 X101.811 Y-118.736
G1 X101.637 Y-118.728
G1 X101.462 Y-118.720
G1 X101.288 Y-118.711
G1 X101.114 Y-118.703
G1 X100.939 Y-118.694
G1 X100.765 Y-118.685
G1 X100.591 Y-118.676
G1 X100.417 Y-118.667
G1 X100.243 Y-118.657
G1 X100.069 Y-118.647
G1 X99.895 Y-118.637
G1 X99.721 Y-118.627
G1 X99.547 Y-118.617
G1 X99.373 Y-118.606
G1 X99.199 Y-118.595
G1 X99.026 Y-118.584
G1 X98.852 Y-118.573
G1 X98.749 Y-118.566
G1 X98.647 Y-118.559
G1 X98.545 Y-118.552
G1 X98.442 Y-118.545
G1 X98.340 Y-118.538
G1 X98.237 Y-118.530
G1 X98.135 Y-118.523
G1 X98.033 Y-118.515
G1 X97.931 Y-118.508
G1 X97.828 Y-118.500
G1 X97.726 Y-118.492
G1 X97.624 Y-118.484
G1 X97.522 Y-118.476
G1 X97.420 Y-118.468
G1 X97.318 Y-118.459
G1 X97.216 Y-118.451
G1 X97.114 Y-118.442
G1 X97.012 Y-118.434
G1 X96.910 Y-118.425
G1 X96.808 Y-118.416
G1 X96.706 Y-118.407
G1 X96.604 Y-118.397
G1 X96.502 Y-118.388
G1 X96.401 Y-118.379
G1 X96.299 Y-118.369
G1 X96.197 Y-118.359
G1 X96.096 Y-118.349
G1 X95.994 Y-118.339
G1 X95.893 Y-118.329
G1 X95.791 Y-118.319
G1 X95.690 Y-118.308
G1 X95.589 Y-118.298
G1 X95.488 Y-118.287
G1 X95.387 Y-118.276
G1 X95.285 Y-118.265
G1 X95.184 Y-118.254
G1 X95.083 Y-118.242
G1 X94.983 Y-118.231
G1 X94.882 Y-118.219
G1 X94.781 Y-118.207
G1 X94.680 Y-118.195
G1 X94.580 Y-118.183
G1 X94.479 Y-118.171
G1 X94.379 Y-118.158
G1 X94.278 Y-118.146
G1 X94.178 Y-118.133
G1 X94.078 Y-118.120
G1 X93.978 Y-118.107
G1 X93.878 Y-118.093
G1 X93.778 Y-118.080
G1 X93.678 Y-118.066
G1 X93.578 Y-118.052
G1 X93.379 Y-118.024
G1 X93.279 Y-118.010
G1 X93.180 Y-117.995
G1 X93.081 Y-117.980
G1 X92.982 Y-117.965
G1 X92.882 Y-117.950
G1 X92.783 Y-117.935
G1 X92.586 Y-117.904
G1 X92.487 Y-117.888
G1 X92.388 Y-117.872
G1 X92.192 Y-117.839
G1 X91.996 Y-117.806
G1 X91.800 Y-117.771
G1 X91.605 Y-117.736
G1 X91.410 Y-117.700
G1 X91.216 Y-117.664
G1 X91.022 Y-117.626
G1 X90.829 Y-117.588
G1 X90.637 Y-117.549
G1 X90.445 Y-117.509
G1 X90.254 Y-117.469
G1 X90.063 Y-117.427
G1 X89.873 Y-117.385
G1 X89.684 Y-117.342
G1 X89.496 Y-117.298
G1 X89.308 Y-117.253
G1 X89.121 Y-117.208
G1 X88.935 Y-117.162
G1 X88.750 Y-117.114
G1 X88.565 Y-117.066
G1 X88.381 Y-117.018
G1 X88.199 Y-116.968
G1 X88.017 Y-116.917
G1 X87.836 Y-116.866
G1 X87.655 Y-116.814
G1 X87.476 Y-116.761
G1 X87.298 Y-116.707
G1 X87.121 Y-116.652
G1 X86.945 Y-116.596
G1 X86.769 Y-116.539
G1 X86.595 Y-116.482
G1 X86.422 Y-116.424
G1 X86.272 Y-116.372
G1 X86.122 Y-116.319
G1 X85.974 Y-116.266
G1 X85.826 Y-116.212
G1 X85.679 Y-116.157
G1 X85.533 Y-116.102
G1 X85.389 Y-116.046
G1 X85.245 Y-115.989
G1 X85.102 Y-115.932
G1 X84.961 Y-115.873
G1 X84.821 Y-115.814
G1 X84.681 Y-115.755
G1 X84.543 Y-115.694
G1 X84.407 Y-115.633
G1 X84.271 Y-115.571
G1 X84.137 Y-115.508
G1 X84.004 Y-115.445
G1 X83.873 Y-115.381
G1 X83.743 Y-115.316
G1 X83.615 Y-115.250
G1 X83.488 Y-115.184
G1 X83.362 Y-115.117
G1 X83.238 Y-115.049
G1 X83.116 Y-114.980
G1 X82.995 Y-114.910
G1 X82.876 Y-114.840
G1 X82.758 Y-114.769
G1 X82.642 Y-114.698
G1 X82.528 Y-114.625
G1 X82.416 Y-114.552
G1 X82.306 Y-114.478
G1 X82.197 Y-114.403
G1 X82.075 Y-114.316
G1 X81.956 Y-114.229
G1 X81.839 Y-114.141
G1 X81.724 Y-114.052
G1 X81.612 Y-113.962
G1 X81.503 Y-113.872
G1 X81.396 Y-113.780
G1 X81.291 Y-113.688
G1 X81.189 Y-113.596
G1 X81.089 Y-113.503
G1 X80.991 Y-113.409
G1 X80.895 Y-113.314
G1 X80.802 Y-113.219
G1 X80.711 Y-113.123
G1 X80.622 Y-113.027
G1 X80.535 Y-112.930
G1 X80.450 Y-112.832
G1 X80.368 Y-112.734
G1 X80.287 Y-112.636
G1 X80.208 Y-112.537
G1 X80.132 Y-112.438
G1 X80.057 Y-112.338
G1 X79.984 Y-112.238
G1 X79.913 Y-112.138
G1 X79.844 Y-112.037
G1 X79.777 Y-111.936
G1 X79.711 Y-111.835
G1 X79.647 Y-111.733
G1 X79.585 Y-111.631
G1 X79.525 Y-111.529
G1 X79.466 Y-111.427
G1 X79.409 Y-111.324
G1 X79.327 Y-111.170
G1 X79.247 Y-111.016
G1 X79.171 Y-110.861
G1 X79.098 Y-110.706
G1 X79.028 Y-110.550
G1 X78.961 Y-110.394
G1 X78.896 Y-110.238
G1 X78.834 Y-110.082
G1 X78.775 Y-109.925
G1 X78.718 Y-109.768
G1 X78.664 Y-109.611
G1 X78.612 Y-109.453
G1 X78.561 Y-109.295
G1 X78.513 Y-109.138
G1 X78.467 Y-108.980
G1 X78.423 Y-108.822
G1 X78.386 Y-108.683
G1 X78.350 Y-108.545
G1 X78.315 Y-108.406
G1 X78.281 Y-108.267
G1 X78.248 Y-108.129
G1 X78.216 Y-107.990
G1 X78.185 Y-107.851
G1 X78.155 Y-107.712
G1 X78.126 Y-107.573
G1 X78.098 Y-107.434
G1 X78.070 Y-107.295
G1 X78.044 Y-107.156
G1 X78.018 Y-107.017
G1 X77.993 Y-106.878
G1 X77.968 Y-106.739
G1 X77.944 Y-106.600
G1 X77.921 Y-106.460
G1 X77.898 Y-106.321
G1 X77.876 Y-106.182
G1 X77.854 Y-106.043
G1 X77.833 Y-105.903
G1 X77.812 Y-105.757
G1 X77.792 Y-105.608
G1 X77.778 Y-105.508
G1 X77.758 Y-105.359
G1 X77.739 Y-105.210
G1 X77.726 Y-105.110
G1 X77.708 Y-104.961
G1 X77.696 Y-104.861
G1 X77.684 Y-104.761
G1 X77.667 Y-104.612
G1 X77.656 Y-104.512
G1 X77.639 Y-104.363
G1 X77.629 Y-104.263
G1 X77.613 Y-104.114
G1 X77.603 Y-104.014
G1 X77.593 Y-103.914
G1 X77.578 Y-103.765
G1 X77.569 Y-103.665
G1 X77.555 Y-103.516
G1 X77.547 Y-103.416
G1 X77.538 Y-103.316
G1 X77.526 Y-103.167
G1 X77.518 Y-103.067
G1 X77.510 Y-102.967
G1 X77.498 Y-102.818
G1 X77.491 Y-102.718
G1 X77.488 Y-102.668
; Retract
G0 Z3.000

; Path 131
; Rapid to initial position
G0 X79.680 Y-110.954
G0 Z0.000
; plunge
G1 Z-0.200 F4000
; cut
G1 X30.231 Y-111.434 F4000
G1 X13.373 Y-116.350
G1 X54.955 Y-127.981
G1 X189.816 Y-141.986
G1 X232.522 Y-145.751
G1 X299.952 Y-148.773
G1 X349.289 Y-148.017
G1 X395.254 Y-145.751
G1 X405.818 Y-133.293
G1 X359.853 Y-117.789
G1 X285.343 Y-107.957
G1 X217.912 Y-102.321
; Retract
G0 Z3.000

; Path 132
; Rapid to initial position
G0 X200.839 Y-97.441
G0 Z0.000
; plunge
G1 Z-0.200 F4000
; cut
G1 X191.092 Y-81.922 F4000
G1 X142.897 Y-81.922
G1 X142.847 Y-82.025
G1 X142.797 Y-82.128
G1 X142.747 Y-82.232
G1 X142.697 Y-82.335
G1 X142.648 Y-82.439
G1 X142.598 Y-82.542
G1 X142.549 Y-82.646
G1 X142.499 Y-82.749
G1 X142.450 Y-82.853
G1 X142.401 Y-82.957
G1 X142.353 Y-83.060
G1 X142.305 Y-83.164
G1 X142.257 Y-83.268
G1 X142.210 Y-83.373
G1 X142.163 Y-83.477
G1 X142.116 Y-83.581
G1 X142.070 Y-83.686
G1 X142.025 Y-83.790
G1 X141.980 Y-83.895
G1 X141.936 Y-84.000
G1 X141.892 Y-84.105
G1 X141.850 Y-84.210
G1 X141.807 Y-84.315
G1 X141.766 Y-84.421
G1 X141.725 Y-84.526
G1 X141.686 Y-84.632
G1 X141.647 Y-84.738
G1 X141.609 Y-84.844
G1 X141.572 Y-84.950
G1 X141.536 Y-85.057
G1 X141.501 Y-85.164
G1 X141.467 Y-85.271
G1 X141.423 Y-85.415
G1 X141.381 Y-85.561
G1 X141.341 Y-85.706
G1 X141.304 Y-85.852
G1 X141.269 Y-85.998
G1 X141.237 Y-86.145
G1 X141.208 Y-86.292
G1 X141.182 Y-86.439
G1 X141.158 Y-86.586
G1 X141.138 Y-86.734
G1 X141.121 Y-86.882
G1 X141.108 Y-87.030
G1 X141.098 Y-87.178
G1 X141.091 Y-87.326
G1 X141.089 Y-87.475
G1 X141.090 Y-87.623
G1 X141.094 Y-87.748
G1 X141.101 Y-87.874
G1 X141.110 Y-87.999
G1 X141.122 Y-88.124
G1 X141.137 Y-88.249
G1 X141.154 Y-88.373
G1 X141.174 Y-88.498
G1 X141.196 Y-88.622
G1 X141.221 Y-88.746
G1 X141.249 Y-88.870
G1 X141.278 Y-88.993
G1 X141.310 Y-89.116
G1 X141.344 Y-89.239
G1 X141.381 Y-89.361
G1 X141.420 Y-89.483
G1 X141.460 Y-89.605
G1 X141.518 Y-89.766
G1 X141.579 Y-89.927
G1 X141.644 Y-90.086
G1 X141.713 Y-90.245
G1 X141.784 Y-90.403
G1 X141.859 Y-90.561
G1 X141.937 Y-90.717
G1 X142.018 Y-90.872
G1 X142.102 Y-91.027
G1 X142.189 Y-91.181
G1 X142.279 Y-91.334
G1 X142.372 Y-91.486
G1 X142.467 Y-91.637
G1 X142.564 Y-91.787
G1 X142.664 Y-91.937
G1 X142.767 Y-92.085
G1 X142.845 Y-92.196
G1 X142.925 Y-92.306
G1 X143.005 Y-92.415
G1 X143.087 Y-92.524
G1 X143.171 Y-92.633
G1 X143.255 Y-92.741
G1 X143.340 Y-92.849
G1 X143.427 Y-92.956
G1 X143.514 Y-93.063
G1 X143.603 Y-93.169
G1 X143.693 Y-93.274
G1 X143.783 Y-93.380
G1 X143.875 Y-93.484
G1 X143.968 Y-93.588
G1 X144.062 Y-93.692
G1 X144.156 Y-93.796
G1 X144.252 Y-93.898
G1 X144.348 Y-94.001
G1 X144.445 Y-94.103
G1 X144.544 Y-94.204
G1 X144.643 Y-94.305
G1 X144.743 Y-94.406
G1 X144.843 Y-94.506
G1 X144.945 Y-94.606
G1 X145.047 Y-94.705
G1 X145.150 Y-94.804
G1 X145.254 Y-94.902
G1 X145.358 Y-95.000
G1 X145.463 Y-95.098
G1 X145.569 Y-95.195
G1 X145.675 Y-95.291
G1 X145.782 Y-95.388
G1 X145.881 Y-95.475
G1 X145.981 Y-95.563
G1 X146.081 Y-95.650
G1 X146.181 Y-95.737
G1 X146.282 Y-95.823
G1 X146.384 Y-95.909
G1 X146.485 Y-95.995
G1 X146.588 Y-96.081
G1 X146.691 Y-96.166
G1 X146.794 Y-96.251
G1 X146.898 Y-96.335
G1 X147.002 Y-96.420
G1 X147.107 Y-96.504
G1 X147.212 Y-96.587
G1 X147.317 Y-96.671
G1 X147.424 Y-96.754
G1 X147.530 Y-96.837
G1 X147.637 Y-96.919
G1 X147.745 Y-97.001
G1 X147.852 Y-97.083
G1 X147.961 Y-97.164
G1 X148.070 Y-97.245
G1 X148.179 Y-97.326
G1 X148.289 Y-97.406
G1 X148.399 Y-97.486
G1 X148.510 Y-97.566
G1 X148.621 Y-97.645
G1 X148.732 Y-97.724
G1 X148.844 Y-97.803
G1 X148.957 Y-97.881
G1 X149.070 Y-97.959
G1 X149.183 Y-98.037
G1 X149.297 Y-98.114
G1 X149.411 Y-98.191
G1 X149.525 Y-98.267
G1 X149.641 Y-98.343
G1 X149.756 Y-98.419
G1 X149.872 Y-98.495
G1 X149.988 Y-98.570
G1 X150.105 Y-98.644
G1 X150.223 Y-98.718
G1 X150.340 Y-98.792
G1 X150.458 Y-98.866
G1 X150.577 Y-98.939
G1 X150.696 Y-99.012
G1 X150.815 Y-99.084
G1 X150.935 Y-99.156
G1 X151.056 Y-99.227
G1 X151.176 Y-99.299
G1 X151.297 Y-99.369
G1 X151.419 Y-99.440
G1 X151.541 Y-99.510
G1 X151.663 Y-99.579
G1 X151.786 Y-99.648
G1 X151.909 Y-99.717
G1 X152.033 Y-99.785
G1 X152.157 Y-99.853
G1 X152.281 Y-99.921
G1 X152.406 Y-99.988
G1 X152.532 Y-100.055
G1 X152.657 Y-100.121
G1 X152.783 Y-100.187
G1 X152.910 Y-100.252
G1 X153.037 Y-100.317
G1 X153.164 Y-100.382
G1 X153.292 Y-100.446
G1 X153.420 Y-100.509
G1 X153.548 Y-100.573
G1 X153.677 Y-100.635
G1 X153.807 Y-100.698
G1 X153.936 Y-100.760
G1 X154.066 Y-100.821
G1 X154.197 Y-100.882
G1 X154.328 Y-100.942
G1 X154.459 Y-101.002
G1 X154.591 Y-101.062
G1 X154.723 Y-101.121
G1 X154.855 Y-101.180
G1 X154.988 Y-101.238
G1 X155.121 Y-101.296
G1 X155.254 Y-101.353
G1 X155.388 Y-101.410
G1 X155.522 Y-101.466
G1 X155.657 Y-101.522
G1 X155.792 Y-101.577
G1 X155.927 Y-101.632
G1 X156.063 Y-101.686
G1 X156.199 Y-101.740
G1 X156.335 Y-101.794
G1 X156.472 Y-101.847
G1 X156.609 Y-101.899
G1 X156.746 Y-101.951
G1 X156.884 Y-102.003
G1 X157.022 Y-102.054
G1 X157.160 Y-102.104
G1 X157.299 Y-102.154
G1 X157.437 Y-102.204
G1 X157.577 Y-102.253
G1 X157.716 Y-102.302
G1 X157.856 Y-102.350
G1 X157.996 Y-102.397
G1 X158.137 Y-102.445
G1 X158.278 Y-102.491
G1 X158.419 Y-102.537
G1 X158.560 Y-102.583
G1 X158.702 Y-102.628
G1 X158.844 Y-102.673
G1 X158.986 Y-102.717
G1 X159.128 Y-102.760
G1 X159.271 Y-102.803
G1 X159.414 Y-102.846
G1 X159.557 Y-102.888
G1 X159.701 Y-102.930
G1 X159.845 Y-102.971
G1 X159.989 Y-103.011
G1 X160.134 Y-103.051
G1 X160.278 Y-103.091
G1 X160.423 Y-103.130
G1 X160.568 Y-103.168
G1 X160.714 Y-103.206
G1 X160.859 Y-103.244
G1 X161.005 Y-103.281
G1 X161.151 Y-103.317
G1 X161.298 Y-103.353
G1 X161.445 Y-103.388
G1 X161.591 Y-103.423
G1 X161.738 Y-103.457
G1 X161.886 Y-103.491
G1 X162.033 Y-103.524
G1 X162.181 Y-103.557
G1 X162.329 Y-103.589
G1 X162.477 Y-103.621
G1 X162.625 Y-103.652
G1 X162.774 Y-103.683
G1 X162.923 Y-103.713
G1 X163.071 Y-103.743
G1 X163.220 Y-103.772
G1 X163.370 Y-103.801
G1 X163.519 Y-103.829
G1 X163.669 Y-103.857
G1 X163.818 Y-103.884
G1 X163.968 Y-103.911
G1 X164.118 Y-103.938
G1 X164.268 Y-103.963
G1 X164.419 Y-103.989
G1 X164.569 Y-104.013
G1 X164.720 Y-104.038
G1 X164.871 Y-104.061
G1 X165.021 Y-104.085
G1 X165.172 Y-104.107
G1 X165.324 Y-104.130
G1 X165.475 Y-104.152
G1 X165.626 Y-104.173
G1 X165.778 Y-104.194
G1 X165.930 Y-104.214
G1 X166.081 Y-104.234
G1 X166.233 Y-104.253
G1 X166.385 Y-104.272
G1 X166.538 Y-104.291
G1 X166.690 Y-104.309
G1 X166.842 Y-104.326
G1 X166.995 Y-104.343
G1 X167.147 Y-104.359
G1 X167.300 Y-104.375
G1 X167.453 Y-104.391
G1 X167.605 Y-104.406
G1 X167.758 Y-104.421
G1 X167.911 Y-104.435
G1 X168.064 Y-104.448
G1 X168.217 Y-104.462
G1 X168.371 Y-104.474
G1 X168.524 Y-104.486
G1 X168.677 Y-104.498
G1 X168.831 Y-104.509
G1 X168.984 Y-104.520
G1 X169.138 Y-104.530
G1 X169.291 Y-104.540
G1 X169.445 Y-104.550
G1 X169.599 Y-104.559
G1 X169.752 Y-104.567
G1 X169.906 Y-104.575
G1 X170.060 Y-104.583
G1 X170.214 Y-104.590
G1 X170.368 Y-104.596
G1 X170.522 Y-104.602
G1 X170.676 Y-104.608
G1 X170.830 Y-104.613
G1 X170.984 Y-104.618
G1 X171.138 Y-104.622
G1 X171.292 Y-104.626
G1 X171.446 Y-104.630
G1 X171.600 Y-104.632
G1 X171.754 Y-104.635
G1 X171.908 Y-104.637
G1 X172.062 Y-104.638
G1 X172.216 Y-104.639
G1 X172.371 Y-104.640
G1 X172.525 Y-104.640
G1 X172.679 Y-104.640
G1 X172.833 Y-104.639
G1 X172.987 Y-104.638
G1 X173.141 Y-104.636
G1 X173.295 Y-104.634
G1 X173.449 Y-104.632
G1 X173.603 Y-104.629
G1 X173.758 Y-104.625
G1 X173.912 Y-104.621
G1 X174.066 Y-104.617
G1 X174.220 Y-104.612
G1 X174.374 Y-104.607
G1 X174.528 Y-104.601
G1 X174.682 Y-104.595
G1 X174.835 Y-104.588
G1 X174.989 Y-104.581
G1 X175.143 Y-104.573
G1 X175.297 Y-104.565
G1 X175.451 Y-104.557
G1 X175.604 Y-104.548
G1 X175.758 Y-104.539
G1 X175.911 Y-104.529
G1 X176.065 Y-104.519
G1 X176.218 Y-104.508
G1 X176.372 Y-104.497
G1 X176.525 Y-104.485
G1 X176.678 Y-104.473
G1 X176.832 Y-104.460
G1 X176.985 Y-104.447
G1 X177.138 Y-104.434
G1 X177.291 Y-104.420
G1 X177.444 Y-104.406
G1 X177.597 Y-104.391
G1 X177.749 Y-104.375
G1 X177.902 Y-104.360
G1 X178.055 Y-104.343
G1 X178.207 Y-104.327
G1 X178.360 Y-104.310
G1 X178.512 Y-104.292
G1 X178.664 Y-104.274
G1 X178.816 Y-104.256
G1 X178.968 Y-104.237
G1 X179.120 Y-104.217
G1 X179.272 Y-104.198
G1 X179.424 Y-104.177
G1 X179.575 Y-104.156
G1 X179.727 Y-104.135
G1 X179.878 Y-104.114
G1 X180.029 Y-104.091
G1 X180.181 Y-104.069
G1 X180.332 Y-104.046
G1 X180.482 Y-104.022
G1 X180.633 Y-103.998
G1 X180.784 Y-103.974
G1 X180.934 Y-103.949
G1 X181.085 Y-103.924
G1 X181.235 Y-103.898
G1 X181.385 Y-103.872
G1 X181.548 Y-103.843
G1 X181.712 Y-103.813
G1 X181.875 Y-103.783
G1 X182.038 Y-103.752
G1 X182.201 Y-103.721
G1 X182.364 Y-103.689
G1 X182.526 Y-103.657
G1 X182.689 Y-103.625
G1 X182.851 Y-103.591
G1 X183.012 Y-103.558
G1 X183.174 Y-103.523
G1 X183.336 Y-103.489
G1 X183.497 Y-103.454
G1 X183.658 Y-103.418
G1 X183.819 Y-103.382
G1 X183.980 Y-103.345
G1 X184.140 Y-103.308
G1 X184.301 Y-103.271
G1 X184.461 Y-103.233
G1 X184.621 Y-103.195
G1 X184.780 Y-103.156
G1 X184.940 Y-103.117
G1 X185.099 Y-103.077
G1 X185.259 Y-103.037
G1 X185.418 Y-102.996
G1 X185.576 Y-102.955
G1 X185.735 Y-102.914
G1 X185.893 Y-102.872
G1 X186.052 Y-102.830
G1 X186.210 Y-102.787
G1 X186.368 Y-102.744
G1 X186.525 Y-102.701
G1 X186.683 Y-102.657
G1 X186.840 Y-102.613
G1 X186.997 Y-102.569
G1 X187.154 Y-102.524
G1 X187.311 Y-102.478
G1 X187.467 Y-102.433
G1 X187.624 Y-102.387
G1 X187.780 Y-102.340
G1 X187.936 Y-102.294
G1 X188.092 Y-102.247
G1 X188.247 Y-102.199
G1 X188.403 Y-102.152
G1 X188.558 Y-102.104
G1 X188.713 Y-102.055
G1 X188.868 Y-102.007
G1 X189.023 Y-101.958
G1 X189.177 Y-101.908
G1 X189.331 Y-101.859
G1 X189.486 Y-101.809
G1 X189.640 Y-101.758
G1 X189.793 Y-101.708
G1 X189.947 Y-101.657
G1 X190.100 Y-101.606
G1 X190.254 Y-101.555
G1 X190.407 Y-101.503
G1 X190.560 Y-101.451
G1 X190.712 Y-101.399
G1 X190.865 Y-101.346
G1 X191.017 Y-101.294
G1 X191.169 Y-101.241
G1 X191.321 Y-101.188
G1 X191.473 Y-101.134
G1 X191.623 Y-101.081
G1 X191.772 Y-101.028
G1 X191.922 Y-100.974
G1 X192.071 Y-100.921
G1 X192.220 Y-100.867
G1 X192.369 Y-100.813
G1 X192.518 Y-100.759
G1 X192.666 Y-100.704
G1 X192.815 Y-100.650
G1 X192.963 Y-100.595
G1 X193.111 Y-100.540
G1 X193.259 Y-100.484
G1 X193.407 Y-100.429
G1 X193.555 Y-100.373
G1 X193.703 Y-100.317
G1 X193.850 Y-100.262
G1 X193.998 Y-100.205
G1 X194.145 Y-100.149
G1 X194.292 Y-100.093
G1 X194.440 Y-100.036
G1 X194.587 Y-99.979
G1 X194.733 Y-99.922
G1 X194.880 Y-99.865
G1 X195.027 Y-99.808
G1 X195.174 Y-99.750
G1 X195.320 Y-99.693
G1 X195.467 Y-99.635
G1 X195.613 Y-99.578
G1 X195.759 Y-99.520
G1 X195.905 Y-99.462
G1 X196.051 Y-99.403
G1 X196.197 Y-99.345
G1 X196.343 Y-99.287
G1 X196.489 Y-99.228
G1 X196.635 Y-99.170
G1 X196.780 Y-99.111
G1 X196.926 Y-99.052
G1 X197.071 Y-98.993
G1 X197.217 Y-98.934
G1 X197.362 Y-98.875
G1 X197.508 Y-98.816
G1 X197.653 Y-98.757
G1 X197.798 Y-98.697
G1 X197.943 Y-98.638
G1 X198.088 Y-98.579
G1 X198.234 Y-98.519
G1 X198.379 Y-98.459
G1 X198.524 Y-98.400
G1 X198.668 Y-98.340
G1 X198.813 Y-98.280
G1 X198.958 Y-98.221
G1 X199.103 Y-98.161
G1 X199.248 Y-98.101
G1 X199.393 Y-98.041
G1 X199.537 Y-97.981
G1 X199.682 Y-97.921
G1 X199.827 Y-97.861
G1 X199.971 Y-97.801
G1 X200.116 Y-97.741
G1 X200.261 Y-97.681
G1 X200.405 Y-97.621
G1 X200.550 Y-97.561
G1 X200.695 Y-97.501
G1 X200.839 Y-97.441
; Retract
G0 Z3.000

; Path 133
; Rapid to initial position
G0 X228.193 Y-43.935
G0 Z0.000
; plunge
G1 Z-0.200 F4000
; cut
G1 X228.165 Y-43.793 F4000
G1 X228.134 Y-43.651
G1 X228.101 Y-43.509
G1 X228.067 Y-43.367
G1 X228.030 Y-43.226
G1 X227.992 Y-43.085
G1 X227.952 Y-42.945
G1 X227.911 Y-42.804
G1 X227.869 Y-42.664
G1 X227.826 Y-42.524
G1 X227.782 Y-42.384
G1 X227.737 Y-42.244
G1 X227.692 Y-42.104
G1 X227.646 Y-41.964
G1 X227.599 Y-41.824
G1 X227.553 Y-41.685
G1 X227.507 Y-41.545
G1 X227.460 Y-41.405
G1 X227.414 Y-41.266
G1 X227.368 Y-41.126
G1 X227.323 Y-40.986
G1 X227.279 Y-40.846
G1 X227.235 Y-40.706
G1 X227.192 Y-40.566
G1 X227.151 Y-40.425
G1 X227.110 Y-40.285
G1 X227.071 Y-40.144
G1 X227.034 Y-40.003
G1 X226.998 Y-39.861
G1 X226.964 Y-39.720
G1 X226.933 Y-39.578
G1 X226.903 Y-39.436
G1 X226.880 Y-39.319
G1 X226.860 Y-39.203
G1 X226.841 Y-39.086
G1 X226.823 Y-38.969
G1 X226.808 Y-38.851
G1 X226.795 Y-38.734
G1 X226.785 Y-38.617
G1 X226.776 Y-38.499
G1 X226.770 Y-38.381
G1 X226.766 Y-38.264
G1 X226.765 Y-38.146
G1 X226.766 Y-38.028
G1 X226.770 Y-37.911
G1 X226.777 Y-37.793
G1 X226.787 Y-37.675
G1 X226.800 Y-37.558
G1 X226.816 Y-37.434
G1 X226.834 Y-37.310
G1 X226.856 Y-37.186
G1 X226.879 Y-37.063
G1 X226.904 Y-36.940
G1 X226.932 Y-36.817
G1 X226.961 Y-36.695
G1 X226.991 Y-36.572
G1 X227.023 Y-36.450
G1 X227.056 Y-36.328
G1 X227.090 Y-36.207
G1 X227.125 Y-36.085
G1 X227.161 Y-35.963
G1 X227.197 Y-35.842
G1 X227.233 Y-35.720
G1 X227.270 Y-35.599
; Retract
G0 Z3.000

; Path 134
; Rapid to initial position
G0 X237.601 Y-33.186
G0 Z0.000
; plunge
G1 Z-0.200 F4000
; cut
G1 X182.522 Y-33.186 F4000
; Retract
G0 Z3.000

; Path 135
; Rapid to initial position
G0 X182.890 Y-35.404
G0 Z0.000
; plunge
G1 Z-0.200 F4000
; cut
G1 X182.572 Y-39.304 F4000
; Retract
G0 Z3.000

; Path 136
; Rapid to initial position
G0 X207.333 Y-159.754
G0 Z0.000
; plunge
G1 Z-0.200 F4000
; cut
G1 X207.200 Y-169.803 F4000
G1 X207.333 Y-187.940
G1 X207.555 Y-205.341
; Retract
G0 Z3.000

; Path 137
; Rapid to initial position
G0 X207.689 Y-200.684
G0 Z0.000
; plunge
G1 Z-0.200 F4000
; cut
G1 X210.975 Y-212.694 F4000
G1 X213.151 Y-219.556
G1 X212.374 Y-212.694
G1 X211.685 Y-201.420
G1 X211.597 Y-192.229
G1 X211.952 Y-183.283
G1 X212.796 Y-175.563
G1 X214.061 Y-172.499
G1 X215.527 Y-172.499
G1 X217.125 Y-175.563
G1 X218.946 Y-183.651
G1 X220.070 Y-193.332
G1 X220.909 Y-204.851
G1 X221.259 Y-216.125
G1 X221.259 Y-225.316
G1 X220.979 Y-233.478
G1 X220.489 Y-239.268
G1 X219.439 Y-242.742
G1 X218.324 Y-243.894
G1 X217.769 Y-241.590
; Retract
G0 Z3.000

; Path 138
; Rapid to initial position
G0 X215.497 Y-234.439
G0 Z0.000
; plunge
G1 Z-0.200 F4000
; cut
G1 X215.371 Y-234.292 F4000
G1 X215.258 Y-234.143
G1 X215.203 Y-234.048
G1 X215.164 Y-233.951
G1 X215.155 Y-233.803
G1 X215.206 Y-233.678
G1 X215.326 Y-233.536
G1 X215.452 Y-233.422
G1 X215.559 Y-233.330
G1 X215.663 Y-233.236
G1 X215.755 Y-233.139
G1 X215.832 Y-233.024
G1 X215.869 Y-232.891
G1 X215.863 Y-232.778
G1 X215.822 Y-232.644
G1 X215.754 Y-232.512
G1 X215.698 Y-232.426
G1 X215.636 Y-232.342
G1 X215.571 Y-232.258
G1 X215.503 Y-232.175
G1 X215.433 Y-232.093
G1 X215.361 Y-232.011
G1 X215.289 Y-231.929
G1 X215.216 Y-231.848
G1 X215.112 Y-231.729
G1 X215.044 Y-231.650
G1 X214.979 Y-231.572
G1 X214.916 Y-231.492
G1 X214.856 Y-231.412
G1 X214.749 Y-231.250
G1 X214.678 Y-231.117
G1 X214.636 Y-231.017
G1 X214.607 Y-230.916
G1 X214.591 Y-230.813
G1 X214.588 Y-230.711
G1 X214.598 Y-230.609
G1 X214.622 Y-230.507
G1 X214.660 Y-230.406
G1 X214.707 Y-230.314
G1 X214.791 Y-230.188
G1 X214.859 Y-230.107
G1 X214.937 Y-230.028
G1 X215.024 Y-229.951
G1 X215.120 Y-229.877
G1 X215.225 Y-229.807
G1 X215.339 Y-229.740
G1 X215.486 Y-229.663
G1 X215.640 Y-229.590
G1 X215.800 Y-229.521
G1 X215.965 Y-229.455
G1 X216.134 Y-229.391
G1 X216.305 Y-229.330
G1 X216.478 Y-229.269
G1 X216.650 Y-229.210
; Retract
G0 Z3.000

; Path 139
; Rapid to initial position
G0 X210.328 Y-211.891
G0 Z0.000
; plunge
G1 Z-0.200 F4000
; cut
G1 X217.051 Y-225.003 F4000
G1 X213.481 Y-207.602
G1 X211.394 Y-196.818
G1 X210.550 Y-189.097
G1 X210.128 Y-183.338
G1 X210.683 Y-181.745
G1 X213.281 Y-189.465
G1 X215.368 Y-194.489
G1 X216.563 Y-194.122
G1 X217.260 Y-189.833
G1 X217.051 Y-182.603
G1 X216.072 Y-174.882
G1 X214.680 Y-167.162
G1 X213.547 Y-162.873
; Retract
G0 Z3.000

; Path 140
; Rapid to initial position
G0 X207.631 Y-162.129
G0 Z0.000
; plunge
G1 Z-0.200 F4000
; cut
G1 X209.252 Y-169.849 F4000
G1 X210.015 Y-174.874
G1 X210.087 Y-179.898
G1 X209.452 Y-183.697
G1 X208.186 Y-185.658
; Retract
G0 Z3.000

; Path 141
; Rapid to initial position
G0 X204.211 Y-182.226
G0 Z0.000
; plunge
G1 Z-0.200 F4000
; cut
G1 X203.590 Y-188.721 F4000
G1 X204.700 Y-198.022
G1 X206.521 Y-206.895
G1 X208.119 Y-211.135
G1 X210.016 Y-213.071
G1 X211.484 Y-204.579
G1 X210.786 Y-193.746
G1 X209.252 Y-183.697
G1 X207.076 Y-177.937
G1 X206.232 Y-176.834
G1 X205.388 Y-176.834
G1 X205.388 Y-179.163
; Retract
G0 Z3.000

; Path 142
; Rapid to initial position
G0 X192.661 Y-199.705
G0 Z0.000
; plunge
G1 Z-0.200 F4000
; cut
G1 X202.528 Y-210.519 F4000
; Retract
G0 Z3.000

; Path 143
; Rapid to initial position
G0 X114.402 Y-221.377
G0 Z0.000
; plunge
G1 Z-0.200 F4000
; cut
G1 X113.810 Y-222.878 F4000
; Retract
G0 Z3.000

; Path 144
; Rapid to initial position
G0 X88.200 Y-193.782
G0 Z0.000
; plunge
G1 Z-0.200 F4000
; cut
G1 X89.750 Y-194.175 F4000
G1 X90.518 Y-192.631
G1 X91.498 Y-185.670
G1 X91.498 Y-179.053
G1 X91.220 Y-170.597
G1 X90.589 Y-163.612
G1 X89.266 Y-154.421
G1 X87.645 Y-145.107
G1 X85.402 Y-137.387
G1 X83.515 Y-133.588
G1 X81.006 Y-130.892
G1 X79.318 Y-132.363
G1 X77.719 Y-138.980
G1 X77.098 Y-149.029
G1 X77.431 Y-161.774
G1 X78.141 Y-169.126
G1 X79.473 Y-177.582
G1 X81.627 Y-182.974
G1 X83.737 Y-182.974
G1 X84.847 Y-178.317
G1 X85.402 Y-168.636
G1 X85.202 Y-159.445
G1 X84.425 Y-153.195
; Retract
G0 Z3.000

; Path 145
; Rapid to initial position
G0 X81.705 Y-175.348
G0 Z0.000
; plunge
G1 Z-0.200 F4000
; cut
G1 X51.416 Y-175.348 F4000
; Retract
G0 Z3.000

; Path 146
; Rapid to initial position
G0 X57.850 Y-177.879
G0 Z0.000
; plunge
G1 Z-0.200 F4000
; cut
G1 X57.950 Y-177.837 F4000
G1 X58.050 Y-177.795
G1 X58.151 Y-177.754
G1 X58.252 Y-177.712
G1 X58.353 Y-177.671
G1 X58.455 Y-177.631
G1 X58.556 Y-177.590
G1 X58.659 Y-177.550
G1 X58.761 Y-177.510
G1 X58.864 Y-177.470
G1 X58.967 Y-177.430
G1 X59.071 Y-177.391
G1 X59.175 Y-177.351
G1 X59.279 Y-177.313
G1 X59.383 Y-177.274
G1 X59.488 Y-177.235
G1 X59.593 Y-177.197
G1 X59.698 Y-177.159
G1 X59.804 Y-177.121
G1 X59.910 Y-177.084
G1 X60.016 Y-177.046
G1 X60.123 Y-177.009
G1 X60.230 Y-176.973
G1 X60.337 Y-176.936
G1 X60.444 Y-176.900
G1 X60.552 Y-176.864
G1 X60.660 Y-176.828
G1 X60.769 Y-176.792
G1 X60.877 Y-176.757
G1 X60.986 Y-176.721
G1 X61.095 Y-176.686
G1 X61.205 Y-176.652
G1 X61.315 Y-176.617
G1 X61.425 Y-176.583
G1 X61.535 Y-176.549
G1 X61.646 Y-176.515
G1 X61.757 Y-176.482
G1 X61.868 Y-176.449
G1 X61.980 Y-176.416
G1 X62.091 Y-176.383
G1 X62.203 Y-176.351
G1 X62.316 Y-176.318
G1 X62.428 Y-176.286
G1 X62.541 Y-176.254
G1 X62.654 Y-176.223
G1 X62.768 Y-176.192
G1 X62.881 Y-176.161
G1 X62.995 Y-176.130
G1 X63.110 Y-176.099
G1 X63.224 Y-176.069
G1 X63.339 Y-176.039
G1 X63.454 Y-176.009
G1 X63.569 Y-175.980
G1 X63.684 Y-175.950
G1 X63.800 Y-175.921
G1 X63.916 Y-175.893
G1 X64.032 Y-175.864
G1 X64.149 Y-175.836
G1 X64.266 Y-175.808
G1 X64.383 Y-175.780
G1 X64.500 Y-175.753
G1 X64.617 Y-175.725
G1 X64.735 Y-175.698
G1 X64.853 Y-175.672
; Retract
G0 Z3.000

; Path 147
; Rapid to initial position
G0 X54.998 Y-188.171
G0 Z0.000
; plunge
G1 Z-0.200 F4000
; cut
G1 X56.396 Y-192.460 F4000
G1 X57.218 Y-196.749
G1 X58.128 Y-207.533
G1 X58.217 Y-209.004
; Retract
G0 Z3.000

; Path 148
; Rapid to initial position
G0 X58.217 Y-209.004
G0 Z0.000
; plunge
G1 Z-0.200 F4000
; cut
G1 X58.128 Y-207.533 F4000
G1 X57.218 Y-196.749
G1 X56.396 Y-192.460
G1 X54.998 Y-188.171
; Retract
G0 Z3.000

; Path 149
; Rapid to initial position
G0 X39.905 Y-189.186
G0 Z0.000
; plunge
G1 Z-0.200 F4000
; cut
G1 X37.517 Y-180.289 F4000
G1 X36.819 Y-177.593
G1 X36.048 Y-179.921
; Retract
G0 Z3.000

; Path 150
; Rapid to initial position
G0 X28.150 Y-174.459
G0 Z0.000
; plunge
G1 Z-0.200 F4000
; cut
G1 X28.079 Y-184.140 F4000
G1 X28.219 Y-193.086
G1 X28.219 Y-200.770
G1 X28.709 Y-208.490
; Retract
G0 Z3.000

; Path 151
; Rapid to initial position
G0 X28.079 Y-191.493
G0 Z0.000
; plunge
G1 Z-0.200 F4000
; cut
G1 X26.676 Y-190.390 F4000
G1 X24.234 Y-185.733
G1 X19.415 Y-174.092
G1 X14.575 Y-162.205
G1 X14.575 Y-165.636
G1 X15.840 Y-170.660
G1 X17.306 Y-177.278
G1 X18.927 Y-188.429
; Retract
G0 Z3.000

; Path 152
; Rapid to initial position
G0 X20.227 Y-157.999
G0 Z0.000
; plunge
G1 Z-0.200 F4000
; cut
G1 X19.246 Y-158.758 F4000
G1 X18.956 Y-160.041
G1 X19.736 Y-163.163
G1 X21.276 Y-166.191
G1 X23.261 Y-168.670
G1 X24.800 Y-169.405
G1 X26.063 Y-169.222
G1 X26.835 Y-167.200
G1 X25.782 Y-165.269
G1 X23.886 Y-162.433
G1 X21.566 Y-159.487
G1 X19.736 Y-156.278
G1 X16.993 Y-152.049
G1 X13.981 Y-148.081
G1 X12.286 Y-147.352
G1 X11.371 Y-147.440
G1 X11.103 Y-148.927
G1 X11.929 Y-151.203
G1 X13.066 Y-152.690
G1 X15.520 Y-154.703
G1 X17.706 Y-156.278
G1 X22.347 Y-159.020
G1 X25.713 Y-160.392
G1 X28.171 Y-160.771
G1 X29.365 Y-160.041
G1 X29.708 Y-158.758
G1 X29.441 Y-157.649
; Retract
G0 Z3.000

; Path 153
; Rapid to initial position
G0 X18.396 Y-154.898
G0 Z0.000
; plunge
G1 Z-0.200 F4000
; cut
G1 X19.662 Y-152.937 F4000
G1 X20.297 Y-149.138
G1 X20.226 Y-144.114
G1 X19.462 Y-139.089
G1 X17.841 Y-131.369
; Retract
G0 Z3.000

; Path 154
; Rapid to initial position
G0 X31.042 Y-129.418
G0 Z0.000
; plunge
G1 Z-0.200 F4000
; cut
G1 X32.290 Y-129.341 F4000
; Retract
G0 Z3.000

; Path 155
; Rapid to initial position
G0 X15.598 Y-148.403
G0 Z0.000
; plunge
G1 Z-0.200 F4000
; cut
G1 X15.598 Y-146.075 F4000
G1 X16.442 Y-146.075
G1 X17.286 Y-147.177
G1 X19.462 Y-152.937
G1 X20.996 Y-162.986
G1 X21.695 Y-173.819
G1 X20.226 Y-182.311
G1 X18.330 Y-180.375
G1 X16.731 Y-176.135
G1 X14.910 Y-167.263
G1 X13.800 Y-157.961
G1 X14.422 Y-151.467
; Retract
G0 Z3.000

; Path 156
; Rapid to initial position
G0 X58.335 Y-146.979
G0 Z0.000
; plunge
G1 Z-0.200 F4000
; cut
G1 X57.425 Y-136.943 F4000
G1 X56.581 Y-128.487
G1 X55.315 Y-124.198
G1 X54.338 Y-125.791
G1 X54.205 Y-133.021
G1 X55.737 Y-147.359
G1 X56.514 Y-153.143
G1 X57.847 Y-159.320
G1 X59.023 Y-163.180
G1 X60.151 Y-163.952
G1 X61.131 Y-161.256
G1 X61.900 Y-151.219
G1 X61.131 Y-134.247
G1 X60.291 Y-128.855
G1 X59.112 Y-121.134
G1 X58.046 Y-116.478
; Retract
G0 Z3.000

; Path 157
; Rapid to initial position
G0 X56.952 Y-114.889
G0 Z0.000
; plunge
G1 Z-0.200 F4000
; cut
G1 X56.596 Y-118.320 F4000
G1 X56.174 Y-121.384
G1 X55.331 Y-124.938
G1 X53.865 Y-130.697
G1 X55.264 Y-128.001
G1 X56.530 Y-126.408
G1 X59.128 Y-127.266
G1 X63.524 Y-131.800
G1 X66.744 Y-138.785
G1 X69.608 Y-149.569
G1 X70.376 Y-158.147
G1 X70.028 Y-166.235
G1 X68.840 Y-173.588
G1 X65.411 Y-181.676
G1 X62.325 Y-184.372
G1 X54.998 Y-185.475
G1 X57.151 Y-189.029
G1 X60.016 Y-194.789
G1 X63.591 Y-202.141
G1 X67.232 Y-212.558
G1 X70.376 Y-223.734
G1 X71.984 Y-236.466
G1 X72.406 Y-247.238
G1 X71.638 Y-254.223
G1 X70.447 Y-256.551
; Retract
G0 Z3.000
M5          ; Switch tool offEnd
