G21         ; Set units to mm
G90         ; Absolute positioning

;
; Operation:    0
; Type:         Mill Cut
; Paths:        470
; Direction:    Conventional
; Rapid Z:      3
; Start Z:      0
; End Z:        -0.2
; Pass Depth:   1
; Plunge rate:  4000 mm/min
; Cut rate:     4000 mm/min
;
; Retract
G0 Z3.000

; Path 0
; Rapid to initial position
G0 X304.422 Y-85.720
G0 Z0.000
; plunge
G1 Z-0.200 F4000
; cut
G1 X294.264 Y-78.536 F4000
G1 X340.463 Y-13.202
G1 X338.461 Y-11.786
G1 X292.262 Y-77.121
G1 X290.583 Y-75.934
G1 X329.863 Y-20.384
G1 X321.706 Y-14.618
G1 X275.508 Y-79.952
G1 X283.664 Y-85.719
G1 X288.582 Y-78.765
G1 X282.104 Y-74.185
G1 X284.106 Y-71.354
G1 X290.583 Y-75.934
G1 X288.582 Y-78.765
G1 X288.810 Y-78.926
G1 X290.933 Y-80.428
G1 X302.421 Y-88.550
G1 X304.422 Y-85.720
G1 X304.422 Y-85.720
; Retract
G0 Z3.000

; Path 1
; Rapid to initial position
G0 X313.002 Y-98.005
G0 Z0.000
; plunge
G1 Z-0.200 F4000
; cut
G1 X281.521 Y-142.526 F4000
G1 X261.789 Y-170.548
G1 X266.363 Y-173.781
G1 X268.900 Y-175.576
G1 X266.898 Y-178.406
G1 X260.115 Y-187.999
G1 X262.117 Y-189.415
G1 X255.634 Y-198.582
G1 X262.117 Y-189.415
G1 X268.900 Y-179.822
G1 X268.534 Y-179.563
G1 X266.898 Y-178.407
G1 X268.900 Y-175.576
G1 X270.808 Y-172.877
G1 X264.853 Y-168.666
G1 X314.213 Y-98.861
G1 X313.002 Y-98.005
; Retract
G0 Z3.000

; Path 2
; Rapid to initial position
G0 X314.213 Y-98.861
G0 Z0.000
; plunge
G1 Z-0.200 F4000
; cut
G1 X284.038 Y-141.639 F4000
G1 X289.944 Y-145.815
G1 X283.659 Y-154.703
G1 X282.166 Y-156.815
G1 X284.167 Y-158.230
G1 X272.810 Y-174.292
G1 X270.902 Y-176.991
G1 X278.067 Y-182.058
G1 X276.066 Y-184.889
G1 X276.420 Y-185.139
G1 X277.426 Y-185.851
G1 X270.189 Y-196.085
G1 X296.430 Y-214.640
G1 X324.455 Y-175.007
G1 X322.405 Y-173.558
G1 X320.903 Y-175.681
G1 X318.780 Y-174.180
G1 X320.282 Y-172.056
G1 X312.396 Y-166.480
G1 X310.895 Y-168.604
G1 X308.772 Y-167.102
G1 X310.273 Y-164.979
G1 X302.387 Y-159.403
G1 X300.886 Y-161.526
G1 X298.763 Y-160.025
G1 X300.264 Y-157.902
G1 X298.214 Y-156.452
G1 X279.428 Y-183.020
G1 X292.603 Y-192.336
G1 X290.601 Y-195.167
G1 X288.552 Y-193.718
G1 X286.428 Y-192.216
G1 X278.543 Y-186.640
G1 X277.426 Y-185.851
G1 X279.428 Y-183.020
G1 X278.067 Y-182.058
G1 X329.335 Y-109.554
G1 X328.125 Y-108.698
G1 X338.818 Y-93.576
G1 X357.904 Y-66.479
G1 X354.150 Y-63.824
G1 X351.999 Y-62.303
G1 X357.590 Y-54.396
G1 X355.588 Y-52.980
G1 X349.997 Y-60.887
G1 X351.999 Y-62.303
G1 X332.863 Y-89.364
G1 X338.769 Y-93.541
G1 X328.075 Y-108.663
G1 X278.766 Y-178.503
G1 X272.810 Y-174.292
G1 X291.946 Y-147.231
G1 X291.851 Y-147.174
G1 X291.754 Y-147.134
G1 X291.517 Y-146.975
G1 X290.012 Y-145.863
G1 X291.226 Y-144.002
G1 X291.330 Y-143.993
G1 X291.438 Y-143.998
G1 X291.543 Y-144.016
G1 X291.523 Y-144.118
G1 X291.463 Y-144.198
G1 X291.406 Y-144.281
G1 X291.348 Y-144.379
G1 X291.296 Y-144.479
G1 X291.252 Y-144.580
G1 X291.215 Y-144.681
G1 X291.186 Y-144.781
G1 X291.164 Y-144.881
G1 X291.148 Y-144.994
G1 X291.142 Y-145.104
G1 X291.146 Y-145.211
G1 X291.159 Y-145.313
G1 X291.182 Y-145.411
G1 X291.220 Y-145.514
G1 X291.270 Y-145.608
G1 X291.332 Y-145.693
G1 X291.406 Y-145.767
G1 X291.493 Y-145.830
G1 X291.587 Y-145.877
G1 X291.609 Y-145.979
G1 X291.564 Y-146.079
G1 X291.528 Y-146.180
G1 X291.499 Y-146.281
G1 X291.477 Y-146.381
G1 X291.462 Y-146.480
G1 X291.455 Y-146.590
G1 X291.458 Y-146.697
G1 X291.470 Y-146.800
G1 X291.492 Y-146.899
G1 X291.877 Y-147.182
G1 X297.851 Y-151.407
G1 X328.075 Y-108.663
G1 X322.169 Y-104.487
G1 X332.863 Y-89.364
G1 X330.861 Y-87.949
G1 X349.997 Y-60.887
G1 X344.091 Y-56.712
G1 X324.956 Y-83.773
G1 X330.861 Y-87.949
G1 X320.168 Y-103.072
G1 X322.169 Y-104.487
G1 X315.687 Y-113.655
G1 X309.241 Y-122.772
G1 X309.309 Y-122.846
G1 X309.241 Y-122.772
G1 X309.389 Y-122.561
G1 X311.391 Y-119.730
G1 X315.687 Y-113.655
G1 X313.686 Y-112.239
G1 X307.236 Y-121.361
G1 X320.168 Y-103.072
G1 X314.262 Y-98.896
G1 X324.956 Y-83.773
G1 X314.213 Y-98.861
; Retract
G0 Z3.000

; Path 3
; Rapid to initial position
G0 X315.394 Y-111.946
G0 Z0.000
; plunge
G1 Z-0.200 F4000
; cut
G1 X255.341 Y-196.874 F4000
; Retract
G0 Z3.000

; Path 4
; Rapid to initial position
G0 X255.634 Y-198.582
G0 Z0.000
; plunge
G1 Z-0.200 F4000
; cut
G1 X253.633 Y-197.167 F4000
G1 X260.115 Y-187.999
G1 X266.898 Y-178.406
G1 X266.411 Y-178.062
G1 X264.361 Y-176.612
G1 X259.787 Y-173.378
G1 X261.789 Y-170.548
G1 X281.521 Y-142.526
G1 X255.336 Y-124.010
G1 X227.490 Y-163.389
G1 X231.206 Y-168.643
G1 X230.263 Y-169.976
G1 X234.033 Y-172.642
G1 X243.455 Y-185.967
G1 X232.445 Y-201.538
G1 X238.946 Y-210.731
G1 X218.630 Y-225.097
G1 X226.257 Y-235.883
G1 X222.113 Y-241.743
G1 X224.115 Y-243.158
G1 X227.758 Y-238.006
G1 X226.257 Y-235.883
G1 X228.527 Y-232.672
G1 X230.529 Y-229.841
G1 X241.494 Y-214.334
G1 X238.946 Y-210.731
G1 X249.136 Y-203.526
G1 X252.504 Y-198.763
G1 X243.455 Y-185.967
G1 X246.596 Y-181.526
G1 X234.033 Y-172.642
G1 X231.206 Y-168.643
G1 X245.237 Y-148.799
G1 X261.570 Y-160.348
G1 X256.836 Y-167.045
G1 X261.734 Y-170.509
G1 X259.732 Y-173.340
G1 X253.004 Y-182.971
G1 X260.115 Y-187.999
G1 X252.504 Y-198.763
G1 X253.626 Y-200.351
G1 X249.136 Y-203.526
G1 X244.675 Y-209.835
G1 X244.577 Y-209.858
G1 X244.480 Y-209.897
G1 X244.389 Y-209.951
G1 X244.307 Y-210.019
G1 X244.238 Y-210.098
G1 X244.182 Y-210.187
G1 X244.137 Y-210.286
G1 X244.105 Y-210.392
G1 X244.087 Y-210.492
G1 X244.078 Y-210.597
G1 X241.494 Y-214.334
G1 X242.995 Y-216.457
G1 X227.758 Y-238.006
G1 X243.376 Y-260.094
G1 X263.692 Y-245.728
G1 X242.995 Y-216.457
G1 X245.090 Y-213.494
G1 X244.998 Y-213.453
G1 X244.894 Y-213.410
G1 X244.792 Y-213.367
G1 X244.692 Y-213.313
G1 X244.605 Y-213.258
G1 X244.520 Y-213.196
G1 X244.437 Y-213.127
G1 X244.358 Y-213.051
G1 X244.281 Y-212.968
G1 X244.208 Y-212.879
G1 X244.150 Y-212.797
G1 X244.088 Y-212.699
G1 X244.033 Y-212.600
G1 X243.986 Y-212.499
G1 X243.946 Y-212.398
G1 X243.913 Y-212.298
G1 X243.888 Y-212.197
G1 X243.871 Y-212.098
G1 X243.860 Y-211.987
G1 X243.859 Y-211.878
G1 X243.867 Y-211.773
G1 X243.885 Y-211.673
G1 X243.917 Y-211.567
G1 X243.962 Y-211.469
G1 X244.019 Y-211.379
G1 X244.088 Y-211.300
G1 X244.169 Y-211.232
G1 X244.171 Y-211.131
G1 X244.137 Y-211.030
G1 X244.111 Y-210.930
G1 X244.093 Y-210.831
G1 X244.081 Y-210.719
G1 X244.675 Y-209.835
G1 X244.776 Y-209.826
G1 X244.887 Y-209.829
G1 X244.987 Y-209.844
G1 X245.088 Y-209.870
G1 X245.190 Y-209.906
G1 X245.292 Y-209.952
G1 X245.380 Y-210.000
G1 X245.466 Y-210.056
G1 X245.551 Y-210.119
G1 X245.633 Y-210.190
G1 X244.202 Y-211.209
G1 X244.245 Y-211.304
G1 X244.298 Y-211.401
G1 X244.230 Y-211.481
G1 X244.175 Y-211.572
G1 X244.132 Y-211.671
G1 X244.101 Y-211.778
G1 X244.084 Y-211.879
G1 X244.077 Y-211.984
G1 X244.079 Y-212.093
G1 X244.091 Y-212.205
G1 X244.110 Y-212.304
G1 X244.136 Y-212.405
G1 X244.169 Y-212.506
G1 X244.210 Y-212.606
G1 X244.258 Y-212.707
G1 X244.314 Y-212.806
G1 X244.378 Y-212.904
G1 X244.447 Y-212.997
G1 X244.521 Y-213.085
G1 X244.598 Y-213.166
G1 X244.679 Y-213.240
G1 X244.762 Y-213.307
G1 X244.848 Y-213.367
G1 X244.935 Y-213.420
G1 X245.034 Y-213.454
G1 X245.125 Y-213.508
G1 X245.227 Y-213.540
G1 X245.328 Y-213.562
G1 X245.428 Y-213.572
G1 X245.537 Y-213.571
G1 X245.643 Y-213.556
G1 X245.744 Y-213.525
G1 X245.839 Y-213.480
G1 X247.390 Y-212.386
G1 X247.299 Y-212.440
G1 X247.201 Y-212.479
G1 X247.098 Y-212.503
G1 X246.990 Y-212.512
G1 X246.879 Y-212.507
G1 X247.172 Y-212.294
G1 X247.253 Y-212.226
G1 X247.322 Y-212.147
G1 X247.379 Y-212.057
G1 X247.423 Y-211.959
G1 X247.455 Y-211.853
G1 X247.473 Y-211.752
G1 X247.482 Y-211.648
G1 X247.481 Y-211.539
G1 X247.470 Y-211.428
G1 X247.452 Y-211.329
G1 X247.427 Y-211.228
G1 X247.395 Y-211.127
G1 X247.355 Y-211.026
G1 X247.308 Y-210.926
G1 X247.253 Y-210.827
G1 X247.191 Y-210.729
G1 X247.132 Y-210.647
G1 X252.139 Y-203.525
G1 X254.141 Y-200.694
G1 X255.634 Y-198.582
; Retract
G0 Z3.000

; Path 5
; Rapid to initial position
G0 X256.264 Y-198.571
G0 Z0.000
; plunge
G1 Z-0.200 F4000
; cut
G1 X254.262 Y-201.402 F4000
; Retract
G0 Z3.000

; Path 6
; Rapid to initial position
G0 X258.019 Y-201.790
G0 Z0.000
; plunge
G1 Z-0.200 F4000
; cut
G1 X258.013 Y-201.896 F4000
G1 X258.016 Y-202.005
G1 X258.030 Y-202.117
G1 X258.049 Y-202.217
G1 X258.076 Y-202.317
G1 X258.111 Y-202.418
G1 X258.153 Y-202.519
G1 X258.202 Y-202.619
G1 X258.259 Y-202.718
G1 X258.314 Y-202.802
G1 X258.373 Y-202.883
G1 X258.446 Y-202.971
G1 X258.523 Y-203.053
G1 X258.604 Y-203.128
G1 X258.687 Y-203.197
G1 X258.772 Y-203.258
G1 X258.859 Y-203.312
G1 X258.960 Y-203.364
G1 X259.061 Y-203.406
G1 X259.165 Y-203.451
G1 X259.267 Y-203.494
G1 X259.369 Y-203.528
G1 X259.470 Y-203.551
G1 X259.570 Y-203.563
G1 X259.680 Y-203.563
G1 X259.786 Y-203.549
G1 X259.888 Y-203.521
G1 X259.983 Y-203.477
G1 X261.544 Y-202.378
G1 X261.453 Y-202.432
G1 X261.356 Y-202.470
G1 X261.252 Y-202.494
G1 X261.145 Y-202.503
G1 X261.034 Y-202.498
G1 X261.326 Y-202.285
G1 X261.407 Y-202.217
G1 X261.476 Y-202.138
G1 X261.533 Y-202.048
G1 X261.578 Y-201.950
G1 X261.610 Y-201.844
G1 X261.628 Y-201.744
G1 X261.636 Y-201.639
G1 X261.635 Y-201.530
G1 X261.624 Y-201.419
G1 X261.607 Y-201.320
G1 X261.582 Y-201.220
G1 X261.549 Y-201.119
G1 X261.509 Y-201.018
G1 X261.462 Y-200.917
G1 X261.407 Y-200.818
G1 X261.345 Y-200.720
G1 X261.286 Y-200.639
G1 X261.214 Y-200.549
G1 X261.137 Y-200.466
G1 X261.058 Y-200.390
G1 X260.975 Y-200.321
G1 X260.890 Y-200.259
G1 X260.803 Y-200.204
G1 X260.703 Y-200.150
G1 X260.601 Y-200.107
G1 X260.499 Y-200.073
G1 X260.398 Y-200.050
G1 X260.298 Y-200.038
G1 X260.188 Y-200.038
G1 X260.082 Y-200.052
G1 X259.980 Y-200.080
G1 X259.885 Y-200.124
G1 X259.792 Y-200.185
G1 X259.867 Y-200.258
G1 X258.542 Y-201.316
G1 X258.460 Y-201.384
G1 X258.506 Y-201.479
G1 X258.573 Y-201.575
G1 X258.645 Y-201.665
G1 X258.721 Y-201.749
G1 X258.800 Y-201.826
G1 X258.883 Y-201.896
G1 X258.967 Y-201.959
G1 X259.054 Y-202.015
G1 X259.142 Y-202.064
G1 X259.243 Y-202.110
G1 X259.345 Y-202.146
G1 X259.446 Y-202.172
G1 X259.547 Y-202.187
G1 X259.657 Y-202.190
G1 X259.764 Y-202.179
G1 X259.867 Y-202.154
G1 X259.964 Y-202.114
G1 X260.054 Y-202.058
G1 X260.134 Y-201.989
G1 X260.083 Y-201.901
G1 X260.024 Y-201.819
G1 X259.962 Y-201.721
G1 X259.907 Y-201.622
G1 X259.860 Y-201.522
G1 X259.820 Y-201.421
G1 X259.787 Y-201.320
G1 X259.763 Y-201.219
G1 X259.745 Y-201.120
G1 X259.734 Y-201.009
G1 X259.733 Y-200.900
G1 X259.741 Y-200.796
G1 X259.760 Y-200.695
G1 X259.792 Y-200.589
G1 X259.836 Y-200.491
G1 X259.893 Y-200.401
G1 X260.043 Y-200.254
G1 X259.962 Y-200.322
G1 X260.005 Y-200.419
G1 X260.064 Y-200.500
G1 X260.126 Y-200.598
G1 X260.181 Y-200.697
G1 X260.228 Y-200.798
G1 X260.268 Y-200.899
G1 X260.300 Y-201.000
G1 X260.325 Y-201.100
G1 X260.343 Y-201.199
G1 X260.354 Y-201.311
G1 X260.355 Y-201.419
G1 X260.346 Y-201.524
G1 X260.328 Y-201.624
G1 X260.296 Y-201.730
G1 X260.252 Y-201.829
G1 X260.195 Y-201.918
G1 X260.188 Y-202.026
G1 X260.266 Y-202.106
G1 X260.347 Y-202.180
G1 X260.430 Y-202.246
G1 X260.516 Y-202.305
G1 X260.604 Y-202.357
G1 X260.705 Y-202.406
G1 X260.806 Y-202.446
G1 X260.908 Y-202.476
G1 X261.009 Y-202.495
G1 X259.825 Y-203.346
G1 X259.734 Y-203.400
G1 X259.636 Y-203.439
G1 X259.533 Y-203.463
G1 X259.425 Y-203.472
G1 X259.314 Y-203.467
G1 X259.214 Y-203.451
G1 X259.112 Y-203.424
G1 X259.015 Y-203.366
G1 X258.929 Y-203.307
G1 X258.845 Y-203.241
G1 X258.764 Y-203.168
G1 X258.686 Y-203.088
G1 X258.612 Y-203.001
G1 X258.542 Y-202.908
G1 X258.486 Y-202.825
G1 X258.428 Y-202.726
G1 X258.378 Y-202.626
G1 X258.335 Y-202.526
G1 X258.299 Y-202.425
G1 X258.271 Y-202.324
G1 X258.250 Y-202.224
G1 X258.236 Y-202.112
G1 X258.231 Y-202.002
G1 X258.236 Y-201.896
G1 X258.250 Y-201.794
G1 X258.275 Y-201.697
G1 X258.313 Y-201.595
G1 X258.365 Y-201.502
G1 X258.428 Y-201.418
G1 X258.407 Y-201.309
G1 X258.360 Y-201.209
G1 X259.792 Y-200.185
G1 X259.705 Y-200.111
G1 X259.621 Y-200.047
G1 X259.534 Y-199.991
G1 X259.446 Y-199.943
G1 X259.345 Y-199.897
G1 X259.243 Y-199.861
G1 X259.142 Y-199.835
G1 X259.041 Y-199.820
G1 X258.931 Y-199.817
G1 X258.824 Y-199.827
G1 X258.721 Y-199.853
G1 X258.624 Y-199.893
G1 X258.534 Y-199.949
G1 X258.454 Y-200.018
G1 X258.386 Y-200.098
G1 X258.331 Y-200.189
G1 X258.288 Y-200.288
G1 X258.257 Y-200.395
G1 X258.240 Y-200.496
G1 X258.233 Y-200.601
G1 X258.235 Y-200.710
G1 X258.247 Y-200.822
G1 X258.266 Y-200.921
G1 X258.292 Y-201.022
G1 X258.325 Y-201.123
G1 X258.323 Y-201.223
G1 X258.242 Y-201.291
G1 X258.173 Y-201.370
G1 X258.116 Y-201.460
G1 X258.072 Y-201.558
G1 X258.040 Y-201.664
G1 X258.022 Y-201.765
G1 X258.019 Y-201.790
; Retract
G0 Z3.000

; Path 7
; Rapid to initial position
G0 X258.013 Y-203.036
G0 Z0.000
; plunge
G1 Z-0.200 F4000
; cut
G1 X259.514 Y-201.974 F4000
; Retract
G0 Z3.000

; Path 8
; Rapid to initial position
G0 X259.826 Y-201.972
G0 Z0.000
; plunge
G1 Z-0.200 F4000
; cut
G1 X259.908 Y-201.904 F4000
G1 X259.977 Y-201.825
G1 X260.033 Y-201.736
G1 X260.078 Y-201.638
G1 X260.110 Y-201.531
G1 X260.128 Y-201.431
G1 X260.137 Y-201.326
G1 X260.135 Y-201.218
G1 X260.124 Y-201.107
G1 X260.107 Y-201.007
G1 X260.082 Y-200.907
G1 X260.050 Y-200.806
G1 X260.010 Y-200.705
G1 X259.962 Y-200.605
G1 X259.908 Y-200.505
G1 X259.846 Y-200.408
G1 X259.787 Y-200.326
G1 X259.714 Y-200.237
G1 X259.638 Y-200.154
G1 X259.558 Y-200.078
G1 X259.475 Y-200.009
G1 X259.390 Y-199.946
G1 X259.304 Y-199.891
G1 X259.215 Y-199.844
G1 X259.114 Y-199.799
G1 X259.012 Y-199.764
G1 X258.911 Y-199.740
G1 X258.811 Y-199.727
G1 X258.700 Y-199.725
G1 X258.594 Y-199.737
G1 X258.492 Y-199.764
G1 X258.395 Y-199.806
G1 X258.325 Y-199.849
; Retract
G0 Z3.000

; Path 9
; Rapid to initial position
G0 X259.402 Y-200.675
G0 Z0.000
; plunge
G1 Z-0.200 F4000
; cut
G1 X259.462 Y-200.755 F4000
G1 X259.536 Y-200.843
G1 X259.614 Y-200.924
G1 X259.694 Y-200.998
G1 X259.778 Y-201.065
G1 X259.863 Y-201.125
G1 X259.950 Y-201.178
G1 X260.051 Y-201.229
G1 X260.153 Y-201.270
G1 X260.255 Y-201.301
G1 X260.356 Y-201.322
G1 X260.468 Y-201.331
G1 X260.576 Y-201.327
G1 X260.681 Y-201.308
G1 X260.781 Y-201.275
G1 X260.874 Y-201.226
G1 X260.904 Y-201.206
; Retract
G0 Z3.000

; Path 10
; Rapid to initial position
G0 X260.136 Y-201.534
G0 Z0.000
; plunge
G1 Z-0.200 F4000
; cut
G1 X261.637 Y-200.473 F4000
; Retract
G0 Z3.000

; Path 11
; Rapid to initial position
G0 X260.464 Y-202.177
G0 Z0.000
; plunge
G1 Z-0.200 F4000
; cut
G1 X260.524 Y-202.257 F4000
G1 X260.598 Y-202.344
G1 X260.675 Y-202.425
G1 X260.756 Y-202.499
G1 X260.839 Y-202.567
G1 X260.925 Y-202.627
G1 X261.012 Y-202.680
G1 X261.113 Y-202.731
G1 X261.215 Y-202.772
G1 X261.316 Y-202.803
G1 X261.417 Y-202.823
G1 X261.517 Y-202.832
G1 X261.626 Y-202.830
G1 X261.731 Y-202.812
G1 X261.831 Y-202.780
G1 X261.926 Y-202.733
G1 X261.965 Y-202.707
; Retract
G0 Z3.000

; Path 12
; Rapid to initial position
G0 X260.246 Y-202.615
G0 Z0.000
; plunge
G1 Z-0.200 F4000
; cut
G1 X260.164 Y-202.683 F4000
G1 X260.095 Y-202.762
G1 X260.039 Y-202.851
G1 X259.994 Y-202.950
G1 X259.962 Y-203.056
G1 X259.944 Y-203.156
G1 X259.935 Y-203.261
G1 X259.937 Y-203.369
G1 X259.948 Y-203.481
G1 X259.965 Y-203.580
G1 X259.990 Y-203.680
G1 X260.022 Y-203.781
G1 X260.062 Y-203.882
G1 X260.110 Y-203.982
G1 X260.164 Y-204.082
G1 X260.226 Y-204.179
G1 X260.246 Y-204.207
; Retract
G0 Z3.000

; Path 13
; Rapid to initial position
G0 X259.184 Y-202.706
G0 Z0.000
; plunge
G1 Z-0.200 F4000
; cut
G1 X259.129 Y-202.622 F4000
G1 X259.071 Y-202.524
G1 X259.020 Y-202.424
G1 X258.977 Y-202.323
G1 X258.941 Y-202.222
G1 X258.913 Y-202.121
G1 X258.893 Y-202.022
G1 X258.878 Y-201.909
G1 X258.873 Y-201.800
G1 X258.878 Y-201.693
G1 X258.893 Y-201.591
G1 X258.921 Y-201.483
G1 X258.961 Y-201.382
G1 X259.014 Y-201.289
G1 X259.078 Y-201.206
G1 X259.156 Y-201.135
G1 X259.184 Y-201.113
; Retract
G0 Z3.000

; Path 14
; Rapid to initial position
G0 X252.277 Y-208.218
G0 Z0.000
; plunge
G1 Z-0.200 F4000
; cut
G1 X272.593 Y-193.852 F4000
; Retract
G0 Z3.000

; Path 15
; Rapid to initial position
G0 X269.282 Y-194.482
G0 Z0.000
; plunge
G1 Z-0.200 F4000
; cut
G1 X276.066 Y-184.889 F4000
G1 X272.853 Y-182.617
G1 X273.302 Y-181.982
G1 X271.179 Y-180.481
G1 X270.730 Y-181.116
G1 X272.853 Y-182.617
G1 X271.801 Y-184.106
G1 X269.678 Y-182.604
G1 X270.730 Y-181.116
G1 X268.900 Y-179.822
G1 X270.902 Y-176.991
G1 X272.810 Y-174.292
G1 X270.808 Y-172.877
G1 X281.657 Y-157.534
G1 X282.166 Y-156.815
G1 X270.808 Y-172.877
G1 X268.900 Y-175.576
G1 X270.902 Y-176.991
G1 X268.900 Y-179.822
G1 X262.117 Y-189.415
G1 X269.282 Y-194.482
; Retract
G0 Z3.000

; Path 16
; Rapid to initial position
G0 X269.989 Y-184.416
G0 Z0.000
; plunge
G1 Z-0.200 F4000
; cut
G1 X271.490 Y-182.293 F4000
; Retract
G0 Z3.000

; Path 17
; Rapid to initial position
G0 X271.490 Y-182.293
G0 Z0.000
; plunge
G1 Z-0.200 F4000
; cut
G1 X273.613 Y-183.795 F4000
; Retract
G0 Z3.000

; Path 18
; Rapid to initial position
G0 X271.490 Y-182.293
G0 Z0.000
; plunge
G1 Z-0.200 F4000
; cut
G1 X272.991 Y-180.170 F4000
; Retract
G0 Z3.000

; Path 19
; Rapid to initial position
G0 X266.890 Y-180.541
G0 Z0.000
; plunge
G1 Z-0.200 F4000
; cut
G1 X326.943 Y-95.613 F4000
; Retract
G0 Z3.000

; Path 20
; Rapid to initial position
G0 X336.781 Y-81.701
G0 Z0.000
; plunge
G1 Z-0.200 F4000
; cut
G1 X276.728 Y-166.628 F4000
; Retract
G0 Z3.000

; Path 21
; Rapid to initial position
G0 X278.143 Y-164.626
G0 Z0.000
; plunge
G1 Z-0.200 F4000
; cut
G1 X338.196 Y-79.699 F4000
; Retract
G0 Z3.000

; Path 22
; Rapid to initial position
G0 X336.488 Y-79.992
G0 Z0.000
; plunge
G1 Z-0.200 F4000
; cut
G1 X338.490 Y-81.407 F4000
G1 X329.231 Y-94.500
G1 X327.755 Y-96.588
G1 X319.223 Y-108.655
G1 X317.747 Y-110.742
G1 X309.214 Y-122.810
G1 X307.738 Y-124.897
G1 X299.205 Y-136.964
G1 X297.729 Y-139.052
G1 X289.196 Y-151.119
G1 X287.720 Y-153.206
G1 X278.437 Y-166.335
G1 X276.435 Y-164.920
G1 X336.488 Y-79.992
; Retract
G0 Z3.000

; Path 23
; Rapid to initial position
G0 X346.114 Y-68.502
G0 Z0.000
; plunge
G1 Z-0.200 F4000
; cut
G1 X286.061 Y-153.429 F4000
; Retract
G0 Z3.000

; Path 24
; Rapid to initial position
G0 X286.368 Y-155.997
G0 Z0.000
; plunge
G1 Z-0.200 F4000
; cut
G1 X284.367 Y-158.828 F4000
; Retract
G0 Z3.000

; Path 25
; Rapid to initial position
G0 X285.334 Y-160.463
G0 Z0.000
; plunge
G1 Z-0.200 F4000
; cut
G1 X283.832 Y-162.587 F4000
G1 X285.955 Y-164.088
G1 X287.457 Y-161.965
G1 X285.334 Y-160.463
; Retract
G0 Z3.000

; Path 26
; Rapid to initial position
G0 X287.146 Y-160.153
G0 Z0.000
; plunge
G1 Z-0.200 F4000
; cut
G1 X285.644 Y-162.276 F4000
; Retract
G0 Z3.000

; Path 27
; Rapid to initial position
G0 X285.644 Y-162.276
G0 Z0.000
; plunge
G1 Z-0.200 F4000
; cut
G1 X284.143 Y-164.399 F4000
; Retract
G0 Z3.000

; Path 28
; Rapid to initial position
G0 X285.644 Y-162.276
G0 Z0.000
; plunge
G1 Z-0.200 F4000
; cut
G1 X287.768 Y-163.777 F4000
; Retract
G0 Z3.000

; Path 29
; Rapid to initial position
G0 X286.783 Y-158.414
G0 Z0.000
; plunge
G1 Z-0.200 F4000
; cut
G1 X286.783 Y-158.414 F4000
; Retract
G0 Z3.000

; Path 30
; Rapid to initial position
G0 X283.952 Y-156.412
G0 Z0.000
; plunge
G1 Z-0.200 F4000
; cut
G1 X283.952 Y-156.412 F4000
; Retract
G0 Z3.000

; Path 31
; Rapid to initial position
G0 X282.459 Y-158.524
G0 Z0.000
; plunge
G1 Z-0.200 F4000
; cut
G1 X222.406 Y-243.451 F4000
; Retract
G0 Z3.000

; Path 32
; Rapid to initial position
G0 X217.782 Y-234.233
G0 Z0.000
; plunge
G1 Z-0.200 F4000
; cut
G1 X217.726 Y-234.150 F4000
G1 X217.668 Y-234.051
G1 X217.618 Y-233.951
G1 X217.575 Y-233.851
G1 X217.539 Y-233.750
G1 X217.511 Y-233.649
G1 X217.490 Y-233.549
G1 X217.476 Y-233.437
G1 X217.471 Y-233.327
G1 X217.476 Y-233.221
G1 X217.490 Y-233.119
G1 X217.515 Y-233.022
G1 X217.554 Y-232.920
G1 X217.605 Y-232.827
G1 X217.668 Y-232.743
G1 X217.744 Y-232.670
G1 X217.782 Y-232.641
; Retract
G0 Z3.000

; Path 33
; Rapid to initial position
G0 X218.015 Y-232.307
G0 Z0.000
; plunge
G1 Z-0.200 F4000
; cut
G1 X218.102 Y-232.362 F4000
G1 X218.203 Y-232.415
G1 X218.304 Y-232.459
G1 X218.406 Y-232.492
G1 X218.508 Y-232.515
G1 X217.361 Y-233.373
G1 X217.270 Y-233.427
G1 X217.172 Y-233.466
G1 X217.069 Y-233.489
G1 X216.962 Y-233.498
G1 X216.851 Y-233.493
G1 X216.750 Y-233.477
G1 X216.649 Y-233.450
G1 X216.551 Y-233.393
G1 X216.465 Y-233.334
G1 X216.382 Y-233.268
G1 X216.301 Y-233.194
G1 X216.223 Y-233.114
G1 X216.148 Y-233.028
G1 X216.088 Y-232.948
G1 X216.022 Y-232.852
G1 X215.965 Y-232.753
G1 X215.914 Y-232.653
G1 X215.871 Y-232.552
G1 X215.835 Y-232.451
G1 X215.807 Y-232.350
G1 X215.786 Y-232.251
G1 X215.772 Y-232.138
G1 X215.767 Y-232.029
G1 X215.772 Y-231.922
G1 X215.786 Y-231.820
G1 X215.815 Y-231.712
G1 X215.855 Y-231.611
G1 X215.907 Y-231.518
G1 X215.972 Y-231.435
G1 X215.944 Y-231.336
G1 X215.896 Y-231.236
G1 X217.328 Y-230.211
G1 X217.242 Y-230.137
G1 X217.157 Y-230.074
G1 X217.070 Y-230.018
G1 X216.970 Y-229.963
G1 X216.868 Y-229.918
G1 X216.767 Y-229.883
G1 X216.665 Y-229.859
G1 X216.565 Y-229.846
G1 X216.455 Y-229.844
G1 X216.348 Y-229.856
G1 X216.246 Y-229.883
G1 X216.150 Y-229.925
G1 X216.060 Y-229.982
G1 X215.982 Y-230.053
G1 X215.916 Y-230.134
G1 X215.862 Y-230.226
G1 X215.820 Y-230.326
G1 X215.791 Y-230.434
G1 X215.775 Y-230.535
G1 X215.769 Y-230.641
G1 X215.772 Y-230.750
G1 X215.786 Y-230.862
G1 X215.805 Y-230.962
G1 X215.832 Y-231.062
G1 X215.867 Y-231.163
G1 X215.841 Y-231.264
G1 X215.762 Y-231.334
G1 X215.696 Y-231.416
G1 X215.642 Y-231.507
G1 X215.600 Y-231.607
G1 X215.571 Y-231.715
G1 X215.555 Y-231.817
G1 X215.549 Y-231.922
G1 X215.553 Y-232.032
G1 X215.566 Y-232.144
G1 X215.586 Y-232.243
G1 X215.613 Y-232.344
G1 X215.647 Y-232.445
G1 X215.689 Y-232.546
G1 X215.739 Y-232.646
G1 X215.795 Y-232.745
G1 X215.860 Y-232.842
G1 X215.920 Y-232.922
G1 X215.994 Y-233.010
G1 X216.071 Y-233.091
G1 X216.152 Y-233.165
G1 X216.235 Y-233.232
G1 X216.321 Y-233.292
G1 X216.408 Y-233.345
G1 X216.509 Y-233.396
G1 X216.610 Y-233.437
G1 X216.702 Y-233.477
G1 X216.803 Y-233.521
G1 X216.905 Y-233.554
G1 X217.006 Y-233.577
G1 X217.106 Y-233.589
G1 X217.216 Y-233.590
G1 X217.322 Y-233.576
G1 X217.424 Y-233.547
G1 X217.519 Y-233.503
G1 X219.081 Y-232.404
G1 X218.989 Y-232.458
G1 X218.892 Y-232.497
G1 X218.789 Y-232.520
G1 X218.681 Y-232.529
G1 X218.570 Y-232.524
G1 X218.862 Y-232.311
G1 X218.944 Y-232.243
G1 X219.013 Y-232.164
G1 X219.069 Y-232.075
G1 X219.114 Y-231.976
G1 X219.146 Y-231.870
G1 X219.164 Y-231.770
G1 X219.173 Y-231.665
G1 X219.171 Y-231.557
G1 X219.160 Y-231.445
G1 X219.143 Y-231.346
G1 X219.118 Y-231.246
G1 X219.086 Y-231.145
G1 X219.046 Y-231.044
G1 X218.998 Y-230.944
G1 X218.944 Y-230.844
G1 X218.881 Y-230.746
G1 X218.813 Y-230.652
G1 X218.739 Y-230.563
G1 X218.662 Y-230.481
G1 X218.582 Y-230.406
G1 X218.499 Y-230.338
G1 X218.414 Y-230.277
G1 X218.327 Y-230.223
G1 X218.226 Y-230.171
G1 X218.124 Y-230.128
G1 X218.023 Y-230.096
G1 X217.921 Y-230.075
G1 X217.809 Y-230.063
G1 X217.700 Y-230.066
G1 X217.595 Y-230.083
G1 X217.495 Y-230.115
G1 X217.401 Y-230.162
G1 X217.381 Y-230.262
G1 X217.458 Y-230.343
G1 X216.078 Y-231.342
G1 X215.997 Y-231.410
G1 X216.042 Y-231.505
G1 X216.099 Y-231.588
G1 X216.171 Y-231.679
G1 X216.246 Y-231.764
G1 X216.325 Y-231.842
G1 X216.407 Y-231.913
G1 X216.491 Y-231.977
G1 X216.577 Y-232.034
G1 X216.665 Y-232.084
G1 X216.767 Y-232.131
G1 X216.868 Y-232.169
G1 X216.970 Y-232.195
G1 X217.070 Y-232.212
G1 X217.181 Y-232.217
G1 X217.289 Y-232.208
G1 X217.392 Y-232.184
G1 X217.490 Y-232.145
G1 X217.581 Y-232.091
G1 X217.662 Y-232.024
G1 X217.619 Y-231.927
G1 X217.560 Y-231.846
G1 X217.498 Y-231.748
G1 X217.443 Y-231.648
G1 X217.396 Y-231.548
G1 X217.356 Y-231.447
G1 X217.324 Y-231.346
G1 X217.299 Y-231.246
G1 X217.281 Y-231.147
G1 X217.270 Y-231.035
G1 X217.269 Y-230.927
G1 X217.278 Y-230.822
G1 X217.296 Y-230.722
G1 X217.328 Y-230.616
G1 X217.372 Y-230.517
G1 X217.429 Y-230.428
G1 X217.579 Y-230.281
G1 X217.498 Y-230.349
G1 X217.541 Y-230.445
G1 X217.600 Y-230.527
G1 X217.662 Y-230.624
G1 X217.717 Y-230.724
G1 X217.764 Y-230.824
G1 X217.804 Y-230.925
G1 X217.836 Y-231.026
G1 X217.861 Y-231.126
G1 X217.879 Y-231.226
G1 X217.890 Y-231.337
G1 X217.891 Y-231.445
G1 X217.883 Y-231.550
G1 X217.864 Y-231.650
G1 X217.832 Y-231.757
G1 X217.788 Y-231.855
G1 X217.731 Y-231.944
G1 X217.724 Y-232.053
G1 X217.802 Y-232.133
G1 X217.883 Y-232.206
G1 X217.967 Y-232.272
G1 X218.015 Y-232.307
; Retract
G0 Z3.000

; Path 34
; Rapid to initial position
G0 X218.000 Y-232.203
G0 Z0.000
; plunge
G1 Z-0.200 F4000
; cut
G1 X218.060 Y-232.283 F4000
G1 X218.134 Y-232.371
G1 X218.211 Y-232.452
G1 X218.292 Y-232.526
G1 X218.375 Y-232.593
G1 X218.461 Y-232.653
G1 X218.548 Y-232.706
G1 X218.649 Y-232.757
G1 X218.751 Y-232.798
G1 X218.853 Y-232.829
G1 X218.954 Y-232.849
G1 X219.065 Y-232.859
G1 X219.174 Y-232.855
G1 X219.279 Y-232.836
G1 X219.379 Y-232.802
G1 X219.472 Y-232.753
G1 X219.501 Y-232.734
; Retract
G0 Z3.000

; Path 35
; Rapid to initial position
G0 X218.440 Y-231.233
G0 Z0.000
; plunge
G1 Z-0.200 F4000
; cut
G1 X218.349 Y-231.287 F4000
G1 X218.251 Y-231.325
G1 X218.148 Y-231.349
G1 X218.040 Y-231.358
G1 X217.929 Y-231.353
G1 X217.829 Y-231.337
G1 X217.727 Y-231.310
G1 X217.626 Y-231.272
G1 X217.524 Y-231.225
G1 X217.436 Y-231.175
G1 X217.350 Y-231.118
G1 X217.266 Y-231.054
G1 X217.184 Y-230.983
G1 X217.105 Y-230.905
G1 X217.030 Y-230.820
G1 X216.958 Y-230.729
G1 X216.939 Y-230.702
; Retract
G0 Z3.000

; Path 36
; Rapid to initial position
G0 X216.720 Y-231.140
G0 Z0.000
; plunge
G1 Z-0.200 F4000
; cut
G1 X216.639 Y-231.208 F4000
G1 X216.570 Y-231.287
G1 X216.513 Y-231.376
G1 X216.469 Y-231.475
G1 X216.437 Y-231.581
G1 X216.419 Y-231.681
G1 X216.410 Y-231.786
G1 X216.411 Y-231.894
G1 X216.422 Y-232.006
G1 X216.440 Y-232.105
G1 X216.465 Y-232.205
G1 X216.497 Y-232.306
G1 X216.537 Y-232.407
G1 X216.584 Y-232.507
G1 X216.639 Y-232.607
G1 X216.701 Y-232.705
G1 X216.720 Y-232.732
; Retract
G0 Z3.000

; Path 37
; Rapid to initial position
G0 X217.050 Y-232.000
G0 Z0.000
; plunge
G1 Z-0.200 F4000
; cut
G1 X215.549 Y-233.062 F4000
; Retract
G0 Z3.000

; Path 38
; Rapid to initial position
G0 X217.363 Y-231.999
G0 Z0.000
; plunge
G1 Z-0.200 F4000
; cut
G1 X217.444 Y-231.931 F4000
G1 X217.513 Y-231.852
G1 X217.570 Y-231.762
G1 X217.614 Y-231.664
G1 X217.646 Y-231.558
G1 X217.664 Y-231.457
G1 X217.673 Y-231.353
G1 X217.672 Y-231.244
G1 X217.661 Y-231.133
G1 X217.643 Y-231.034
G1 X217.618 Y-230.933
G1 X217.586 Y-230.832
G1 X217.546 Y-230.732
G1 X217.499 Y-230.631
G1 X217.444 Y-230.532
G1 X217.382 Y-230.434
G1 X217.323 Y-230.352
G1 X217.250 Y-230.263
G1 X217.174 Y-230.180
G1 X217.094 Y-230.104
G1 X217.011 Y-230.035
G1 X216.927 Y-229.973
G1 X216.840 Y-229.918
G1 X216.752 Y-229.870
G1 X216.650 Y-229.825
G1 X216.548 Y-229.791
G1 X216.447 Y-229.766
G1 X216.347 Y-229.753
G1 X216.237 Y-229.751
G1 X216.130 Y-229.763
G1 X216.028 Y-229.790
G1 X215.932 Y-229.832
G1 X215.861 Y-229.876
; Retract
G0 Z3.000

; Path 39
; Rapid to initial position
G0 X217.672 Y-231.561
G0 Z0.000
; plunge
G1 Z-0.200 F4000
; cut
G1 X219.173 Y-230.499 F4000
; Retract
G0 Z3.000

; Path 40
; Rapid to initial position
G0 X218.630 Y-225.097
G0 Z0.000
; plunge
G1 Z-0.200 F4000
; cut
G1 X212.509 Y-216.440 F4000
G1 X215.701 Y-214.183
G1 X213.700 Y-211.352
G1 X211.350 Y-213.013
G1 X210.507 Y-213.609
G1 X212.509 Y-216.440
G1 X202.672 Y-223.396
G1 X208.793 Y-232.053
G1 X208.573 Y-232.209
G1 X209.819 Y-233.971
G1 X206.285 Y-236.470
G1 X241.322 Y-286.020
G1 X245.076 Y-283.366
G1 X208.793 Y-232.053
G1 X218.630 Y-225.097
; Retract
G0 Z3.000

; Path 41
; Rapid to initial position
G0 X229.703 Y-223.053
G0 Z0.000
; plunge
G1 Z-0.200 F4000
; cut
G1 X231.205 Y-221.992 F4000
; Retract
G0 Z3.000

; Path 42
; Rapid to initial position
G0 X231.175 Y-222.196
G0 Z0.000
; plunge
G1 Z-0.200 F4000
; cut
G1 X231.074 Y-222.175 F4000
G1 X230.972 Y-222.142
G1 X230.870 Y-222.100
G1 X230.770 Y-222.048
G1 X230.683 Y-221.994
G1 X230.597 Y-221.933
G1 X230.514 Y-221.864
G1 X230.434 Y-221.789
G1 X230.357 Y-221.707
G1 X230.284 Y-221.619
G1 X230.225 Y-221.538
G1 X230.161 Y-221.441
G1 X230.213 Y-221.348
G1 X231.625 Y-220.349
G1 X231.547 Y-220.264
G1 X231.545 Y-220.159
G1 X231.639 Y-220.111
G1 X231.738 Y-220.077
G1 X231.843 Y-220.058
G1 X231.952 Y-220.054
G1 X232.064 Y-220.064
G1 X232.165 Y-220.084
G1 X232.266 Y-220.115
G1 X232.368 Y-220.156
G1 X232.469 Y-220.207
G1 X232.556 Y-220.260
G1 X232.642 Y-220.320
G1 X232.725 Y-220.387
G1 X232.806 Y-220.461
G1 X232.883 Y-220.542
G1 X232.957 Y-220.630
G1 X233.017 Y-220.710
G1 X233.073 Y-220.793
G1 X233.130 Y-220.892
G1 X233.181 Y-220.992
G1 X233.224 Y-221.093
G1 X233.260 Y-221.194
G1 X233.288 Y-221.295
G1 X233.308 Y-221.394
G1 X233.323 Y-221.507
G1 X233.328 Y-221.616
G1 X233.323 Y-221.722
G1 X233.308 Y-221.824
G1 X233.280 Y-221.933
G1 X233.240 Y-222.034
G1 X233.188 Y-222.127
G1 X233.123 Y-222.209
G1 X233.045 Y-222.281
G1 X232.717 Y-222.515
G1 X232.824 Y-222.521
G1 X232.932 Y-222.513
G1 X233.035 Y-222.491
G1 X233.134 Y-222.454
G1 X233.225 Y-222.402
G1 X231.734 Y-223.457
G1 X231.643 Y-223.511
G1 X231.545 Y-223.550
G1 X231.442 Y-223.573
G1 X231.334 Y-223.582
G1 X231.224 Y-223.577
G1 X231.123 Y-223.561
G1 X231.021 Y-223.534
G1 X230.920 Y-223.497
G1 X230.818 Y-223.449
G1 X230.714 Y-223.409
G1 X230.613 Y-223.363
G1 X230.525 Y-223.314
G1 X230.438 Y-223.259
G1 X230.354 Y-223.195
G1 X230.271 Y-223.125
G1 X230.192 Y-223.048
G1 X230.116 Y-222.964
G1 X230.044 Y-222.874
G1 X229.986 Y-222.792
G1 X229.925 Y-222.694
G1 X229.871 Y-222.594
G1 X229.825 Y-222.494
G1 X229.786 Y-222.393
G1 X229.755 Y-222.292
G1 X229.731 Y-222.192
G1 X229.714 Y-222.093
G1 X229.705 Y-221.982
G1 X229.705 Y-221.874
G1 X229.714 Y-221.769
G1 X229.734 Y-221.670
G1 X229.767 Y-221.564
G1 X229.813 Y-221.467
G1 X229.871 Y-221.379
G1 X229.941 Y-221.300
G1 X230.047 Y-221.218
G1 X230.006 Y-221.111
G1 X229.975 Y-221.010
G1 X229.951 Y-220.910
G1 X229.934 Y-220.811
G1 X229.924 Y-220.700
G1 X229.924 Y-220.592
G1 X229.934 Y-220.488
G1 X229.954 Y-220.388
G1 X229.987 Y-220.283
G1 X230.033 Y-220.185
G1 X230.091 Y-220.097
G1 X230.161 Y-220.019
G1 X230.244 Y-219.953
G1 X230.336 Y-219.900
G1 X230.434 Y-219.863
G1 X230.538 Y-219.841
G1 X230.646 Y-219.834
G1 X230.757 Y-219.841
G1 X230.858 Y-219.858
G1 X230.959 Y-219.886
G1 X231.061 Y-219.925
G1 X231.162 Y-219.974
G1 X231.250 Y-220.024
G1 X231.336 Y-220.082
G1 X231.420 Y-220.147
G1 X230.047 Y-221.218
G1 X230.091 Y-221.313
G1 X230.143 Y-221.410
G1 X230.075 Y-221.490
G1 X230.020 Y-221.580
G1 X229.977 Y-221.680
G1 X229.946 Y-221.787
G1 X229.929 Y-221.888
G1 X229.922 Y-221.993
G1 X229.924 Y-222.102
G1 X229.937 Y-222.214
G1 X229.955 Y-222.313
G1 X229.981 Y-222.413
G1 X230.015 Y-222.514
G1 X230.056 Y-222.615
G1 X230.104 Y-222.716
G1 X230.160 Y-222.815
G1 X230.223 Y-222.912
G1 X230.282 Y-222.993
G1 X230.356 Y-223.082
G1 X230.433 Y-223.163
G1 X230.513 Y-223.239
G1 X230.596 Y-223.307
G1 X230.681 Y-223.368
G1 X230.768 Y-223.422
G1 X230.867 Y-223.459
G1 X230.968 Y-223.480
G1 X231.080 Y-223.489
G1 X231.188 Y-223.485
G1 X231.293 Y-223.466
G1 X231.393 Y-223.433
G1 X231.486 Y-223.384
G1 X232.717 Y-222.515
G1 X232.612 Y-222.496
G1 X232.510 Y-222.468
G1 X232.408 Y-222.430
G1 X232.307 Y-222.381
G1 X232.219 Y-222.330
G1 X232.133 Y-222.272
G1 X232.049 Y-222.207
G1 X231.968 Y-222.135
G1 X231.889 Y-222.056
G1 X231.872 Y-221.954
G1 X231.931 Y-221.867
G1 X231.978 Y-221.770
G1 X232.013 Y-221.666
G1 X232.034 Y-221.567
G1 X232.045 Y-221.463
G1 X232.046 Y-221.356
G1 X232.037 Y-221.245
G1 X232.022 Y-221.146
G1 X231.999 Y-221.046
G1 X231.969 Y-220.945
G1 X231.931 Y-220.844
G1 X231.886 Y-220.744
G1 X231.833 Y-220.644
G1 X231.773 Y-220.545
G1 X231.706 Y-220.449
G1 X231.634 Y-220.359
G1 X231.715 Y-220.286
G1 X231.625 Y-220.349
G1 X231.570 Y-220.438
G1 X231.516 Y-220.530
G1 X231.474 Y-220.630
G1 X231.445 Y-220.738
G1 X231.429 Y-220.839
G1 X231.423 Y-220.945
G1 X231.427 Y-221.054
G1 X231.440 Y-221.166
G1 X231.460 Y-221.266
G1 X231.487 Y-221.366
G1 X231.521 Y-221.467
G1 X231.563 Y-221.568
G1 X231.613 Y-221.668
G1 X231.670 Y-221.767
G1 X231.734 Y-221.865
G1 X231.794 Y-221.945
G1 X231.782 Y-222.046
G1 X231.696 Y-222.109
G1 X231.602 Y-222.156
G1 X231.502 Y-222.188
G1 X231.396 Y-222.205
G1 X231.287 Y-222.208
G1 X231.175 Y-222.196
; Retract
G0 Z3.000

; Path 43
; Rapid to initial position
G0 X231.517 Y-221.990
G0 Z0.000
; plunge
G1 Z-0.200 F4000
; cut
G1 X231.599 Y-221.922 F4000
G1 X231.668 Y-221.843
G1 X231.724 Y-221.754
G1 X231.769 Y-221.655
G1 X231.801 Y-221.549
G1 X231.819 Y-221.449
G1 X231.828 Y-221.344
G1 X231.826 Y-221.235
G1 X231.815 Y-221.124
G1 X231.798 Y-221.025
G1 X231.773 Y-220.924
G1 X231.740 Y-220.824
G1 X231.701 Y-220.723
G1 X231.653 Y-220.622
G1 X231.599 Y-220.523
G1 X231.536 Y-220.425
G1 X231.478 Y-220.343
G1 X231.405 Y-220.254
G1 X231.329 Y-220.171
G1 X231.249 Y-220.095
G1 X231.166 Y-220.026
G1 X231.081 Y-219.964
G1 X230.994 Y-219.909
G1 X230.906 Y-219.861
G1 X230.805 Y-219.817
G1 X230.703 Y-219.782
G1 X230.602 Y-219.758
G1 X230.501 Y-219.744
G1 X230.391 Y-219.742
G1 X230.285 Y-219.754
G1 X230.183 Y-219.781
G1 X230.086 Y-219.823
G1 X230.016 Y-219.867
; Retract
G0 Z3.000

; Path 44
; Rapid to initial position
G0 X231.093 Y-220.693
G0 Z0.000
; plunge
G1 Z-0.200 F4000
; cut
G1 X231.153 Y-220.773 F4000
G1 X231.227 Y-220.861
G1 X231.304 Y-220.942
G1 X231.385 Y-221.016
G1 X231.468 Y-221.083
G1 X231.554 Y-221.143
G1 X231.641 Y-221.196
G1 X231.742 Y-221.247
G1 X231.844 Y-221.288
G1 X231.946 Y-221.319
G1 X232.047 Y-221.339
G1 X232.158 Y-221.349
G1 X232.267 Y-221.345
G1 X232.372 Y-221.326
G1 X232.472 Y-221.292
G1 X232.565 Y-221.243
G1 X232.595 Y-221.224
; Retract
G0 Z3.000

; Path 45
; Rapid to initial position
G0 X231.827 Y-221.552
G0 Z0.000
; plunge
G1 Z-0.200 F4000
; cut
G1 X233.328 Y-220.490 F4000
; Retract
G0 Z3.000

; Path 46
; Rapid to initial position
G0 X232.155 Y-222.194
G0 Z0.000
; plunge
G1 Z-0.200 F4000
; cut
G1 X232.215 Y-222.274 F4000
G1 X232.289 Y-222.362
G1 X232.366 Y-222.443
G1 X232.447 Y-222.517
G1 X232.530 Y-222.584
G1 X232.616 Y-222.644
G1 X232.703 Y-222.697
G1 X232.804 Y-222.748
G1 X232.905 Y-222.789
G1 X233.007 Y-222.820
G1 X233.108 Y-222.840
G1 X233.208 Y-222.850
G1 X233.317 Y-222.847
G1 X233.422 Y-222.830
G1 X233.522 Y-222.798
G1 X233.617 Y-222.751
G1 X233.656 Y-222.725
; Retract
G0 Z3.000

; Path 47
; Rapid to initial position
G0 X231.936 Y-222.632
G0 Z0.000
; plunge
G1 Z-0.200 F4000
; cut
G1 X231.855 Y-222.700 F4000
G1 X231.786 Y-222.779
G1 X231.729 Y-222.869
G1 X231.685 Y-222.967
G1 X231.653 Y-223.073
G1 X231.635 Y-223.174
G1 X231.626 Y-223.278
G1 X231.627 Y-223.387
G1 X231.638 Y-223.498
G1 X231.656 Y-223.597
G1 X231.681 Y-223.698
G1 X231.713 Y-223.799
G1 X231.753 Y-223.900
G1 X231.800 Y-224.000
G1 X231.855 Y-224.099
G1 X231.917 Y-224.197
G1 X231.936 Y-224.225
; Retract
G0 Z3.000

; Path 48
; Rapid to initial position
G0 X230.875 Y-222.723
G0 Z0.000
; plunge
G1 Z-0.200 F4000
; cut
G1 X230.819 Y-222.640 F4000
G1 X230.761 Y-222.541
G1 X230.711 Y-222.441
G1 X230.668 Y-222.341
G1 X230.632 Y-222.240
G1 X230.604 Y-222.139
G1 X230.583 Y-222.039
G1 X230.569 Y-221.927
G1 X230.564 Y-221.817
G1 X230.569 Y-221.711
G1 X230.583 Y-221.609
G1 X230.608 Y-221.512
G1 X230.647 Y-221.410
G1 X230.698 Y-221.316
G1 X230.761 Y-221.233
G1 X230.837 Y-221.160
G1 X230.875 Y-221.131
; Retract
G0 Z3.000

; Path 49
; Rapid to initial position
G0 X243.858 Y-213.044
G0 Z0.000
; plunge
G1 Z-0.200 F4000
; cut
G1 X245.359 Y-211.983 F4000
; Retract
G0 Z3.000

; Path 50
; Rapid to initial position
G0 X245.330 Y-212.187
G0 Z0.000
; plunge
G1 Z-0.200 F4000
; cut
G1 X245.228 Y-212.166 F4000
G1 X245.127 Y-212.134
G1 X245.025 Y-212.091
G1 X244.924 Y-212.039
G1 X244.837 Y-211.985
G1 X244.752 Y-211.924
G1 X244.669 Y-211.856
G1 X244.589 Y-211.780
G1 X244.512 Y-211.699
G1 X244.438 Y-211.610
G1 X244.379 Y-211.529
G1 X244.316 Y-211.432
G1 X244.368 Y-211.339
G1 X245.780 Y-210.340
G1 X245.701 Y-210.255
G1 X245.700 Y-210.151
G1 X245.793 Y-210.102
G1 X245.893 Y-210.068
G1 X245.997 Y-210.050
G1 X246.106 Y-210.045
G1 X246.206 Y-210.053
G1 X246.306 Y-210.072
G1 X246.408 Y-210.102
G1 X246.510 Y-210.142
G1 X246.611 Y-210.191
G1 X246.698 Y-210.243
G1 X246.784 Y-210.302
G1 X246.868 Y-210.369
G1 X246.949 Y-210.442
G1 X247.027 Y-210.522
G1 X247.101 Y-210.608
G1 X246.084 Y-212.089
G1 X246.157 Y-212.158
G1 X246.240 Y-212.227
G1 X246.325 Y-212.289
G1 X246.411 Y-212.344
G1 X246.499 Y-212.392
G1 X246.601 Y-212.437
G1 X246.703 Y-212.471
G1 X246.804 Y-212.496
G1 X245.670 Y-213.355
G1 X245.579 Y-213.409
G1 X245.481 Y-213.448
G1 X245.378 Y-213.472
G1 X245.271 Y-213.481
G1 X245.160 Y-213.476
G1 X246.084 Y-212.089
G1 X246.011 Y-212.011
G1 X246.047 Y-211.917
G1 X246.103 Y-211.827
G1 X246.146 Y-211.728
G1 X246.176 Y-211.620
G1 X246.193 Y-211.520
G1 X246.201 Y-211.414
G1 X246.198 Y-211.306
G1 X246.186 Y-211.194
G1 X246.168 Y-211.094
G1 X246.141 Y-210.994
G1 X246.108 Y-210.893
G1 X246.067 Y-210.792
G1 X246.019 Y-210.692
G1 X245.963 Y-210.593
G1 X245.900 Y-210.495
G1 X245.840 Y-210.414
G1 X245.824 Y-210.315
G1 X245.752 Y-210.392
G1 X245.693 Y-210.479
G1 X245.646 Y-210.575
G1 X245.611 Y-210.680
G1 X245.590 Y-210.779
G1 X245.579 Y-210.883
G1 X245.578 Y-210.990
G1 X245.587 Y-211.101
G1 X245.602 Y-211.200
G1 X245.625 Y-211.300
G1 X245.655 Y-211.401
G1 X245.693 Y-211.502
G1 X245.738 Y-211.602
G1 X245.791 Y-211.702
G1 X245.851 Y-211.800
G1 X245.908 Y-211.883
G1 X245.980 Y-211.974
G1 X245.909 Y-212.060
G1 X245.820 Y-212.117
G1 X245.724 Y-212.159
G1 X245.622 Y-212.186
G1 X245.515 Y-212.198
G1 X245.405 Y-212.196
G1 X245.330 Y-212.187
; Retract
G0 Z3.000

; Path 51
; Rapid to initial position
G0 X245.672 Y-211.981
G0 Z0.000
; plunge
G1 Z-0.200 F4000
; cut
G1 X245.753 Y-211.913 F4000
G1 X245.822 Y-211.834
G1 X245.879 Y-211.745
G1 X245.923 Y-211.646
G1 X245.955 Y-211.540
G1 X245.974 Y-211.440
G1 X245.982 Y-211.335
G1 X245.981 Y-211.227
G1 X245.970 Y-211.115
G1 X245.952 Y-211.016
G1 X245.927 Y-210.916
G1 X245.895 Y-210.815
G1 X245.855 Y-210.714
G1 X245.808 Y-210.614
G1 X245.753 Y-210.514
G1 X245.691 Y-210.416
G1 X245.632 Y-210.335
G1 X245.559 Y-210.246
G1 X245.483 Y-210.163
G1 X245.403 Y-210.087
G1 X245.321 Y-210.017
G1 X245.236 Y-209.955
G1 X245.149 Y-209.900
G1 X245.048 Y-209.847
G1 X244.947 Y-209.803
G1 X244.845 Y-209.770
G1 X244.743 Y-209.747
G1 X244.631 Y-209.734
G1 X244.522 Y-209.735
G1 X244.416 Y-209.750
G1 X244.315 Y-209.781
G1 X244.220 Y-209.826
G1 X244.170 Y-209.858
; Retract
G0 Z3.000

; Path 52
; Rapid to initial position
G0 X245.248 Y-210.684
G0 Z0.000
; plunge
G1 Z-0.200 F4000
; cut
G1 X245.308 Y-210.764 F4000
G1 X245.381 Y-210.852
G1 X245.459 Y-210.933
G1 X245.540 Y-211.007
G1 X245.623 Y-211.074
G1 X245.708 Y-211.134
G1 X245.796 Y-211.187
G1 X245.897 Y-211.238
G1 X245.998 Y-211.279
G1 X246.100 Y-211.310
G1 X246.201 Y-211.330
G1 X246.301 Y-211.340
G1 X246.410 Y-211.337
G1 X246.515 Y-211.320
G1 X246.615 Y-211.288
G1 X246.709 Y-211.241
G1 X246.749 Y-211.215
; Retract
G0 Z3.000

; Path 53
; Rapid to initial position
G0 X245.981 Y-211.543
G0 Z0.000
; plunge
G1 Z-0.200 F4000
; cut
G1 X247.482 Y-210.481 F4000
; Retract
G0 Z3.000

; Path 54
; Rapid to initial position
G0 X246.309 Y-212.185
G0 Z0.000
; plunge
G1 Z-0.200 F4000
; cut
G1 X246.369 Y-212.266 F4000
G1 X246.443 Y-212.353
G1 X246.521 Y-212.434
G1 X246.601 Y-212.508
G1 X246.685 Y-212.575
G1 X246.770 Y-212.635
G1 X246.857 Y-212.688
G1 X246.946 Y-212.734
G1 X247.047 Y-212.776
G1 X247.149 Y-212.808
G1 X247.250 Y-212.830
G1 X247.350 Y-212.840
G1 X247.460 Y-212.839
G1 X247.565 Y-212.824
G1 X247.666 Y-212.794
G1 X247.761 Y-212.748
G1 X247.811 Y-212.716
; Retract
G0 Z3.000

; Path 55
; Rapid to initial position
G0 X246.091 Y-212.623
G0 Z0.000
; plunge
G1 Z-0.200 F4000
; cut
G1 X246.010 Y-212.691 F4000
G1 X245.941 Y-212.770
G1 X245.884 Y-212.860
G1 X245.840 Y-212.958
G1 X245.808 Y-213.065
G1 X245.789 Y-213.165
G1 X245.781 Y-213.269
G1 X245.782 Y-213.378
G1 X245.793 Y-213.489
G1 X245.811 Y-213.589
G1 X245.836 Y-213.689
G1 X245.868 Y-213.790
G1 X245.908 Y-213.891
G1 X245.955 Y-213.991
G1 X246.010 Y-214.091
G1 X246.072 Y-214.188
G1 X246.091 Y-214.216
; Retract
G0 Z3.000

; Path 56
; Rapid to initial position
G0 X245.029 Y-212.714
G0 Z0.000
; plunge
G1 Z-0.200 F4000
; cut
G1 X244.965 Y-212.617 F4000
G1 X244.908 Y-212.518
G1 X244.859 Y-212.418
G1 X244.817 Y-212.317
G1 X244.782 Y-212.216
G1 X244.755 Y-212.116
G1 X244.736 Y-212.016
G1 X244.722 Y-211.904
G1 X244.719 Y-211.795
G1 X244.725 Y-211.689
G1 X244.740 Y-211.588
G1 X244.770 Y-211.480
G1 X244.811 Y-211.380
G1 X244.865 Y-211.288
G1 X244.932 Y-211.207
G1 X245.010 Y-211.136
G1 X245.029 Y-211.122
; Retract
G0 Z3.000

; Path 57
; Rapid to initial position
G0 X256.726 Y-210.740
G0 Z0.000
; plunge
G1 Z-0.200 F4000
; cut
G1 X268.579 Y-227.502 F4000
; Retract
G0 Z3.000

; Path 58
; Rapid to initial position
G0 X266.146 Y-227.085
G0 Z0.000
; plunge
G1 Z-0.200 F4000
; cut
G1 X252.234 Y-236.922 F4000
; Retract
G0 Z3.000

; Path 59
; Rapid to initial position
G0 X249.403 Y-238.924
G0 Z0.000
; plunge
G1 Z-0.200 F4000
; cut
G1 X263.315 Y-229.087 F4000
; Retract
G0 Z3.000

; Path 60
; Rapid to initial position
G0 X257.798 Y-227.784
G0 Z0.000
; plunge
G1 Z-0.200 F4000
; cut
G1 X256.297 Y-225.660 F4000
; Retract
G0 Z3.000

; Path 61
; Rapid to initial position
G0 X256.297 Y-225.660
G0 Z0.000
; plunge
G1 Z-0.200 F4000
; cut
G1 X254.795 Y-223.537 F4000
; Retract
G0 Z3.000

; Path 62
; Rapid to initial position
G0 X254.484 Y-225.349
G0 Z0.000
; plunge
G1 Z-0.200 F4000
; cut
G1 X255.985 Y-227.473 F4000
G1 X257.798 Y-226.191
G1 X258.109 Y-225.971
G1 X256.608 Y-223.848
G1 X254.484 Y-225.349
; Retract
G0 Z3.000

; Path 63
; Rapid to initial position
G0 X256.562 Y-225.706
G0 Z0.000
; plunge
G1 Z-0.200 F4000
; cut
G1 X258.374 Y-224.424 F4000
; Retract
G0 Z3.000

; Path 64
; Rapid to initial position
G0 X256.873 Y-223.893
G0 Z0.000
; plunge
G1 Z-0.200 F4000
; cut
G1 X256.562 Y-224.113 F4000
; Retract
G0 Z3.000

; Path 65
; Rapid to initial position
G0 X262.483 Y-234.816
G0 Z0.000
; plunge
G1 Z-0.200 F4000
; cut
G1 X290.508 Y-195.183 F4000
; Retract
G0 Z3.000

; Path 66
; Rapid to initial position
G0 X290.187 Y-192.751
G0 Z0.000
; plunge
G1 Z-0.200 F4000
; cut
G1 X247.613 Y-162.647 F4000
; Retract
G0 Z3.000

; Path 67
; Rapid to initial position
G0 X247.629 Y-162.741
G0 Z0.000
; plunge
G1 Z-0.200 F4000
; cut
G1 X217.603 Y-205.204 F4000
; Retract
G0 Z3.000

; Path 68
; Rapid to initial position
G0 X216.116 Y-211.766
G0 Z0.000
; plunge
G1 Z-0.200 F4000
; cut
G1 X166.439 Y-246.893 F4000
; Retract
G0 Z3.000

; Path 69
; Rapid to initial position
G0 X166.024 Y-249.309
G0 Z0.000
; plunge
G1 Z-0.200 F4000
; cut
G1 X164.023 Y-246.479 F4000
G1 X195.827 Y-223.990
G1 X190.120 Y-215.920
G1 X194.743 Y-212.651
G1 X198.658 Y-218.187
G1 X195.124 Y-220.685
G1 X196.916 Y-223.220
G1 X195.827 Y-223.990
G1 X197.828 Y-226.821
G1 X186.340 Y-234.944
G1 X179.807 Y-239.564
G1 X179.752 Y-239.658
G1 X179.685 Y-239.739
G1 X179.607 Y-239.810
G1 X179.288 Y-240.036
G1 X179.394 Y-240.042
G1 X179.502 Y-240.035
G1 X179.606 Y-240.013
G1 X179.704 Y-239.976
G1 X179.796 Y-239.924
G1 X178.305 Y-240.978
G1 X178.213 Y-241.032
G1 X178.116 Y-241.071
G1 X178.013 Y-241.095
G1 X177.905 Y-241.104
G1 X177.794 Y-241.099
G1 X177.694 Y-241.082
G1 X177.768 Y-241.006
G1 X177.875 Y-240.985
G1 X177.974 Y-240.950
G1 X178.067 Y-240.899
G1 X179.288 Y-240.036
G1 X179.182 Y-240.018
G1 X179.807 Y-239.564
G1 X179.847 Y-239.466
G1 X179.877 Y-239.358
G1 X179.892 Y-239.257
G1 X179.899 Y-239.151
G1 X179.895 Y-239.042
G1 X179.881 Y-238.930
G1 X179.862 Y-238.830
G1 X179.835 Y-238.730
G1 X179.800 Y-238.629
G1 X179.758 Y-238.528
G1 X179.709 Y-238.428
G1 X179.652 Y-238.329
G1 X179.597 Y-238.245
G1 X179.528 Y-238.152
G1 X179.454 Y-238.064
G1 X179.376 Y-237.983
G1 X179.296 Y-237.909
G1 X179.213 Y-237.842
G1 X179.127 Y-237.782
G1 X179.040 Y-237.729
G1 X178.939 Y-237.678
G1 X178.837 Y-237.636
G1 X178.735 Y-237.606
G1 X178.634 Y-237.585
G1 X178.523 Y-237.576
G1 X178.414 Y-237.580
G1 X178.309 Y-237.599
G1 X178.209 Y-237.632
G1 X178.116 Y-237.681
G1 X178.117 Y-237.786
G1 X178.194 Y-237.868
G1 X176.803 Y-238.855
G1 X176.722 Y-238.923
G1 X176.767 Y-239.018
G1 X176.824 Y-239.101
G1 X176.896 Y-239.192
G1 X176.971 Y-239.277
G1 X177.050 Y-239.355
G1 X177.132 Y-239.426
G1 X177.217 Y-239.490
G1 X177.303 Y-239.547
G1 X177.391 Y-239.597
G1 X177.492 Y-239.644
G1 X177.594 Y-239.681
G1 X177.695 Y-239.708
G1 X177.796 Y-239.724
G1 X177.907 Y-239.730
G1 X178.014 Y-239.721
G1 X178.117 Y-239.697
G1 X178.215 Y-239.658
G1 X178.306 Y-239.604
G1 X178.387 Y-239.536
G1 X178.344 Y-239.440
G1 X178.285 Y-239.358
G1 X178.223 Y-239.261
G1 X178.169 Y-239.161
G1 X178.121 Y-239.061
G1 X178.081 Y-238.960
G1 X178.049 Y-238.859
G1 X178.024 Y-238.759
G1 X178.006 Y-238.659
G1 X177.996 Y-238.548
G1 X177.994 Y-238.440
G1 X178.003 Y-238.335
G1 X178.021 Y-238.235
G1 X178.053 Y-238.128
G1 X178.098 Y-238.030
G1 X178.154 Y-237.941
G1 X178.305 Y-237.794
G1 X178.223 Y-237.861
G1 X178.267 Y-237.958
G1 X178.335 Y-238.053
G1 X178.396 Y-238.151
G1 X178.449 Y-238.251
G1 X178.496 Y-238.351
G1 X178.534 Y-238.452
G1 X178.566 Y-238.553
G1 X178.590 Y-238.653
G1 X178.606 Y-238.752
G1 X178.616 Y-238.863
G1 X178.616 Y-238.971
G1 X178.606 Y-239.076
G1 X178.587 Y-239.175
G1 X178.553 Y-239.281
G1 X178.507 Y-239.378
G1 X178.449 Y-239.466
G1 X178.449 Y-239.566
G1 X178.527 Y-239.646
G1 X178.608 Y-239.719
G1 X178.692 Y-239.785
G1 X178.778 Y-239.844
G1 X178.865 Y-239.896
G1 X178.966 Y-239.946
G1 X179.068 Y-239.986
G1 X179.169 Y-240.015
G1 X177.768 Y-241.006
G1 X177.662 Y-241.011
G1 X177.551 Y-241.003
G1 X177.450 Y-240.984
G1 X177.351 Y-240.950
G1 X177.264 Y-240.898
G1 X177.179 Y-240.838
G1 X177.095 Y-240.770
G1 X177.015 Y-240.696
G1 X176.937 Y-240.615
G1 X176.863 Y-240.528
G1 X176.803 Y-240.448
G1 X176.748 Y-240.364
G1 X176.690 Y-240.266
G1 X176.639 Y-240.166
G1 X176.596 Y-240.065
G1 X176.561 Y-239.964
G1 X176.533 Y-239.863
G1 X176.512 Y-239.763
G1 X176.497 Y-239.651
G1 X176.492 Y-239.541
G1 X176.497 Y-239.435
G1 X176.512 Y-239.333
G1 X176.540 Y-239.225
G1 X176.580 Y-239.123
G1 X176.633 Y-239.031
G1 X176.698 Y-238.948
G1 X176.669 Y-238.849
G1 X176.622 Y-238.748
G1 X178.054 Y-237.724
G1 X177.967 Y-237.650
G1 X177.882 Y-237.587
G1 X177.796 Y-237.531
G1 X177.708 Y-237.482
G1 X177.607 Y-237.436
G1 X177.505 Y-237.400
G1 X177.403 Y-237.374
G1 X177.303 Y-237.359
G1 X177.192 Y-237.356
G1 X177.085 Y-237.367
G1 X176.982 Y-237.392
G1 X176.885 Y-237.432
G1 X176.795 Y-237.488
G1 X176.715 Y-237.557
G1 X176.648 Y-237.637
G1 X176.592 Y-237.728
G1 X176.549 Y-237.827
G1 X176.518 Y-237.934
G1 X176.501 Y-238.035
G1 X176.494 Y-238.140
G1 X176.497 Y-238.249
G1 X176.509 Y-238.361
G1 X176.527 Y-238.460
G1 X176.553 Y-238.561
G1 X176.587 Y-238.662
G1 X176.585 Y-238.762
G1 X176.504 Y-238.830
G1 X176.435 Y-238.909
G1 X176.378 Y-238.999
G1 X176.334 Y-239.097
G1 X176.302 Y-239.204
G1 X176.283 Y-239.304
G1 X176.275 Y-239.408
G1 X176.276 Y-239.517
G1 X176.287 Y-239.628
G1 X176.304 Y-239.728
G1 X176.329 Y-239.828
G1 X176.362 Y-239.929
G1 X176.402 Y-240.030
G1 X176.449 Y-240.130
G1 X176.504 Y-240.229
G1 X176.566 Y-240.327
G1 X176.625 Y-240.409
G1 X176.697 Y-240.498
G1 X176.774 Y-240.581
G1 X176.854 Y-240.657
G1 X176.936 Y-240.726
G1 X177.021 Y-240.788
G1 X177.108 Y-240.843
G1 X177.196 Y-240.891
G1 X177.298 Y-240.936
G1 X177.402 Y-240.977
G1 X177.503 Y-241.023
G1 X177.605 Y-241.059
G1 X166.024 Y-249.309
; Retract
G0 Z3.000

; Path 70
; Rapid to initial position
G0 X163.608 Y-248.895
G0 Z0.000
; plunge
G1 Z-0.200 F4000
; cut
G1 X213.285 Y-213.768 F4000
; Retract
G0 Z3.000

; Path 71
; Rapid to initial position
G0 X210.507 Y-213.609
G0 Z0.000
; plunge
G1 Z-0.200 F4000
; cut
G1 X200.401 Y-199.317 F4000
G1 X218.631 Y-186.426
G1 X230.263 Y-169.976
G1 X225.309 Y-166.473
G1 X227.490 Y-163.389
G1 X210.651 Y-139.574
G1 X198.318 Y-148.295
G1 X213.472 Y-169.727
G1 X201.968 Y-177.861
G1 X211.518 Y-191.367
G1 X209.516 Y-192.783
G1 X199.966 Y-179.277
G1 X201.968 Y-177.861
G1 X186.813 Y-156.430
G1 X190.335 Y-153.940
G1 X198.318 Y-148.295
G1 X170.496 Y-108.950
G1 X148.434 Y-124.551
G1 X175.449 Y-162.756
G1 X173.775 Y-163.940
G1 X146.759 Y-125.735
G1 X148.434 Y-124.551
G1 X126.983 Y-94.215
G1 X125.309 Y-95.399
G1 X146.759 Y-125.735
G1 X145.486 Y-126.635
G1 X173.307 Y-165.980
G1 X172.579 Y-166.495
G1 X180.223 Y-177.307
G1 X180.952 Y-176.791
G1 X173.307 Y-165.980
G1 X176.255 Y-163.896
G1 X175.449 Y-162.756
G1 X176.734 Y-161.848
G1 X181.835 Y-158.241
G1 X182.641 Y-159.381
G1 X176.255 Y-163.896
G1 X177.451 Y-165.587
G1 X175.777 Y-166.771
G1 X182.225 Y-175.891
G1 X180.952 Y-176.791
G1 X184.089 Y-181.227
G1 X182.000 Y-182.704
G1 X171.219 Y-167.457
G1 X172.579 Y-166.495
G1 X123.307 Y-96.814
G1 X125.309 Y-95.399
G1 X122.172 Y-90.963
G1 X120.171 Y-92.379
G1 X123.307 Y-96.814
G1 X121.947 Y-97.776
G1 X171.219 Y-167.457
G1 X169.241 Y-168.855
G1 X171.555 Y-172.128
G1 X169.085 Y-173.874
G1 X176.697 Y-184.638
G1 X170.900 Y-188.738
G1 X190.120 Y-215.920
G1 X172.577 Y-228.325
G1 X172.631 Y-228.419
G1 X172.681 Y-228.519
G1 X172.723 Y-228.620
G1 X172.757 Y-228.721
G1 X172.784 Y-228.822
G1 X172.804 Y-228.921
G1 X172.818 Y-229.033
G1 X172.821 Y-229.142
G1 X172.815 Y-229.248
G1 X172.799 Y-229.350
G1 X172.770 Y-229.457
G1 X172.728 Y-229.558
G1 X172.674 Y-229.649
G1 X172.608 Y-229.731
G1 X172.529 Y-229.801
G1 X172.210 Y-230.027
G1 X172.317 Y-230.033
G1 X172.425 Y-230.026
G1 X172.529 Y-230.004
G1 X172.627 Y-229.967
G1 X172.719 Y-229.915
G1 X171.227 Y-230.970
G1 X171.136 Y-231.024
G1 X171.039 Y-231.062
G1 X170.935 Y-231.086
G1 X170.828 Y-231.095
G1 X170.717 Y-231.090
G1 X170.616 Y-231.074
G1 X170.515 Y-231.047
G1 X170.413 Y-231.009
G1 X170.312 Y-230.962
G1 X170.207 Y-230.922
G1 X170.106 Y-230.876
G1 X170.018 Y-230.827
G1 X169.932 Y-230.771
G1 X169.847 Y-230.708
G1 X169.765 Y-230.638
G1 X169.685 Y-230.561
G1 X169.609 Y-230.477
G1 X169.681 Y-230.372
G1 X169.628 Y-230.285
G1 X169.576 Y-230.185
G1 X169.531 Y-230.085
G1 X169.493 Y-229.984
G1 X169.462 Y-229.883
G1 X169.440 Y-229.783
G1 X169.424 Y-229.684
G1 X169.416 Y-229.573
G1 X169.417 Y-229.466
G1 X169.428 Y-229.362
G1 X169.449 Y-229.263
G1 X169.483 Y-229.159
G1 X169.531 Y-229.062
G1 X169.590 Y-228.975
G1 X169.606 Y-228.868
G1 X169.557 Y-228.768
G1 X170.976 Y-227.715
G1 X170.890 Y-227.641
G1 X170.805 Y-227.578
G1 X170.719 Y-227.522
G1 X170.631 Y-227.473
G1 X170.529 Y-227.427
G1 X170.427 Y-227.391
G1 X170.326 Y-227.366
G1 X170.226 Y-227.351
G1 X170.115 Y-227.347
G1 X170.008 Y-227.358
G1 X169.905 Y-227.383
G1 X169.808 Y-227.423
G1 X169.718 Y-227.479
G1 X169.638 Y-227.548
G1 X169.570 Y-227.629
G1 X169.515 Y-227.719
G1 X169.472 Y-227.818
G1 X169.441 Y-227.926
G1 X169.424 Y-228.026
G1 X169.417 Y-228.132
G1 X169.419 Y-228.240
G1 X169.431 Y-228.352
G1 X169.450 Y-228.452
G1 X169.476 Y-228.552
G1 X169.510 Y-228.653
G1 X169.508 Y-228.754
G1 X169.426 Y-228.821
G1 X169.357 Y-228.901
G1 X169.301 Y-228.990
G1 X169.256 Y-229.088
G1 X169.224 Y-229.195
G1 X169.206 Y-229.295
G1 X169.197 Y-229.400
G1 X169.199 Y-229.508
G1 X169.210 Y-229.619
G1 X169.227 Y-229.719
G1 X169.252 Y-229.819
G1 X169.285 Y-229.920
G1 X169.324 Y-230.021
G1 X169.372 Y-230.121
G1 X169.426 Y-230.221
G1 X169.489 Y-230.318
G1 X169.547 Y-230.400
G1 X157.573 Y-238.934
G1 X155.571 Y-240.349
G1 X147.415 Y-246.117
G1 X162.491 Y-267.437
G1 X206.285 Y-236.470
G1 X205.039 Y-234.707
G1 X208.573 Y-232.209
G1 X202.451 Y-223.552
G1 X202.672 Y-223.396
G1 X200.670 Y-220.565
G1 X210.507 Y-213.609
; Retract
G0 Z3.000

; Path 72
; Rapid to initial position
G0 X200.670 Y-220.565
G0 Z0.000
; plunge
G1 Z-0.200 F4000
; cut
G1 X200.450 Y-220.721 F4000
G1 X202.451 Y-223.552
G1 X198.918 Y-226.051
G1 X205.039 Y-234.707
G1 X203.950 Y-235.478
G1 X197.828 Y-226.821
G1 X198.918 Y-226.051
G1 X196.916 Y-223.220
G1 X200.450 Y-220.721
G1 X198.658 Y-218.187
G1 X198.878 Y-218.031
G1 X200.670 Y-220.565
; Retract
G0 Z3.000

; Path 73
; Rapid to initial position
G0 X198.328 Y-221.235
G0 Z0.000
; plunge
G1 Z-0.200 F4000
; cut
G1 X244.526 Y-286.570 F4000
; Retract
G0 Z3.000

; Path 74
; Rapid to initial position
G0 X241.872 Y-282.816
G0 Z0.000
; plunge
G1 Z-0.200 F4000
; cut
G1 X195.674 Y-217.481 F4000
; Retract
G0 Z3.000

; Path 75
; Rapid to initial position
G0 X184.659 Y-229.655
G0 Z0.000
; plunge
G1 Z-0.200 F4000
; cut
G1 X145.487 Y-257.353 F4000
; Retract
G0 Z3.000

; Path 76
; Rapid to initial position
G0 X152.817 Y-254.363
G0 Z0.000
; plunge
G1 Z-0.200 F4000
; cut
G1 X164.670 Y-271.125 F4000
G1 X166.672 Y-269.709
G1 X186.988 Y-255.344
G1 X236.665 Y-220.217
G1 X238.666 Y-218.801
G1 X263.677 Y-201.117
G1 X265.678 Y-199.701
G1 X266.914 Y-198.828
G1 X271.950 Y-195.267
G1 X273.951 Y-193.851
G1 X276.910 Y-191.759
G1 X270.496 Y-182.689
G1 X275.563 Y-179.032
G1 X273.561 Y-176.201
G1 X268.460 Y-179.808
G1 X216.857 Y-106.831
G1 X213.899 Y-108.924
G1 X211.897 Y-110.339
G1 X206.861 Y-113.900
G1 X205.626 Y-114.774
G1 X203.624 Y-116.189
G1 X153.947 Y-151.316
G1 X116.777 Y-177.599
G1 X114.775 Y-179.014
G1 X106.619 Y-184.782
G1 X104.617 Y-186.197
G1 X100.863 Y-188.851
G1 X147.061 Y-254.186
G1 X136.903 Y-261.369
G1 X138.905 Y-264.200
G1 X150.392 Y-256.077
G1 X151.893 Y-258.200
G1 X153.706 Y-256.919
G1 X154.017 Y-256.699
G1 X152.515 Y-254.576
G1 X152.817 Y-254.363
; Retract
G0 Z3.000

; Path 77
; Rapid to initial position
G0 X177.507 Y-261.088
G0 Z0.000
; plunge
G1 Z-0.200 F4000
; cut
G1 X177.507 Y-261.088 F4000
; Retract
G0 Z3.000

; Path 78
; Rapid to initial position
G0 X179.215 Y-261.381
G0 Z0.000
; plunge
G1 Z-0.200 F4000
; cut
G1 X177.214 Y-262.797 F4000
; Retract
G0 Z3.000

; Path 79
; Rapid to initial position
G0 X178.922 Y-263.089
G0 Z0.000
; plunge
G1 Z-0.200 F4000
; cut
G1 X178.923 Y-263.090 F4000
; Retract
G0 Z3.000

; Path 80
; Rapid to initial position
G0 X185.884 Y-264.284
G0 Z0.000
; plunge
G1 Z-0.200 F4000
; cut
G1 X177.728 Y-270.052 F4000
; Retract
G0 Z3.000

; Path 81
; Rapid to initial position
G0 X183.847 Y-276.159
G0 Z0.000
; plunge
G1 Z-0.200 F4000
; cut
G1 X189.603 Y-272.089 F4000
; Retract
G0 Z3.000

; Path 82
; Rapid to initial position
G0 X192.662 Y-261.764
G0 Z0.000
; plunge
G1 Z-0.200 F4000
; cut
G1 X192.606 Y-261.681 F4000
G1 X192.548 Y-261.582
G1 X192.498 Y-261.482
G1 X192.455 Y-261.381
G1 X192.419 Y-261.280
G1 X192.391 Y-261.179
G1 X192.370 Y-261.080
G1 X192.356 Y-260.967
G1 X192.351 Y-260.858
G1 X192.356 Y-260.751
G1 X192.370 Y-260.649
G1 X192.398 Y-260.541
G1 X192.439 Y-260.440
G1 X192.491 Y-260.347
G1 X192.556 Y-260.264
G1 X192.633 Y-260.193
G1 X192.662 Y-260.171
; Retract
G0 Z3.000

; Path 83
; Rapid to initial position
G0 X192.895 Y-259.837
G0 Z0.000
; plunge
G1 Z-0.200 F4000
; cut
G1 X192.982 Y-259.892 F4000
G1 X193.070 Y-259.940
G1 X193.172 Y-259.984
G1 X193.274 Y-260.019
G1 X193.375 Y-260.043
G1 X192.241 Y-260.903
G1 X192.150 Y-260.957
G1 X192.052 Y-260.996
G1 X191.949 Y-261.020
G1 X191.841 Y-261.029
G1 X191.731 Y-261.024
G1 X191.630 Y-261.007
G1 X191.528 Y-260.980
G1 X191.431 Y-260.923
G1 X191.345 Y-260.864
G1 X191.262 Y-260.798
G1 X191.180 Y-260.725
G1 X191.102 Y-260.645
G1 X191.028 Y-260.558
G1 X190.958 Y-260.465
G1 X190.902 Y-260.382
G1 X190.844 Y-260.283
G1 X190.794 Y-260.183
G1 X190.751 Y-260.082
G1 X190.715 Y-259.981
G1 X190.687 Y-259.881
G1 X190.666 Y-259.781
G1 X190.652 Y-259.669
G1 X190.647 Y-259.559
G1 X190.652 Y-259.453
G1 X190.666 Y-259.351
G1 X190.691 Y-259.254
G1 X190.730 Y-259.152
G1 X190.781 Y-259.058
G1 X190.844 Y-258.974
G1 X190.823 Y-258.866
G1 X190.776 Y-258.766
G1 X192.208 Y-257.742
G1 X192.122 Y-257.667
G1 X192.037 Y-257.604
G1 X191.950 Y-257.548
G1 X191.850 Y-257.493
G1 X191.748 Y-257.448
G1 X191.647 Y-257.414
G1 X191.545 Y-257.389
G1 X191.445 Y-257.376
G1 X191.335 Y-257.374
G1 X191.228 Y-257.386
G1 X191.126 Y-257.413
G1 X191.030 Y-257.455
G1 X190.940 Y-257.513
G1 X190.862 Y-257.583
G1 X190.795 Y-257.665
G1 X190.741 Y-257.756
G1 X190.700 Y-257.856
G1 X190.670 Y-257.964
G1 X190.655 Y-258.066
G1 X190.649 Y-258.171
G1 X190.652 Y-258.281
G1 X190.666 Y-258.393
G1 X190.685 Y-258.492
G1 X190.712 Y-258.593
G1 X190.747 Y-258.694
G1 X190.720 Y-258.794
G1 X190.642 Y-258.865
G1 X190.576 Y-258.946
G1 X190.522 Y-259.038
G1 X190.480 Y-259.138
G1 X190.451 Y-259.246
G1 X190.435 Y-259.347
G1 X190.429 Y-259.453
G1 X190.432 Y-259.562
G1 X190.446 Y-259.674
G1 X190.465 Y-259.774
G1 X190.492 Y-259.874
G1 X190.527 Y-259.975
G1 X190.569 Y-260.076
G1 X190.618 Y-260.176
G1 X190.675 Y-260.275
G1 X190.730 Y-260.359
G1 X190.789 Y-260.440
G1 X190.863 Y-260.528
G1 X190.940 Y-260.610
G1 X191.020 Y-260.685
G1 X191.103 Y-260.753
G1 X191.188 Y-260.814
G1 X191.275 Y-260.868
G1 X191.376 Y-260.921
G1 X191.478 Y-260.963
G1 X191.581 Y-261.007
G1 X191.683 Y-261.051
G1 X191.785 Y-261.084
G1 X191.886 Y-261.107
G1 X191.986 Y-261.120
G1 X192.096 Y-261.120
G1 X192.202 Y-261.106
G1 X192.304 Y-261.077
G1 X192.399 Y-261.034
G1 X193.960 Y-259.934
G1 X193.869 Y-259.988
G1 X193.772 Y-260.027
G1 X193.669 Y-260.051
G1 X193.561 Y-260.060
G1 X193.450 Y-260.055
G1 X193.742 Y-259.842
G1 X193.823 Y-259.774
G1 X193.892 Y-259.695
G1 X193.949 Y-259.605
G1 X193.994 Y-259.507
G1 X194.026 Y-259.401
G1 X194.044 Y-259.300
G1 X194.052 Y-259.196
G1 X194.051 Y-259.087
G1 X194.040 Y-258.976
G1 X194.023 Y-258.877
G1 X193.998 Y-258.776
G1 X193.965 Y-258.675
G1 X193.925 Y-258.574
G1 X193.878 Y-258.474
G1 X193.823 Y-258.375
G1 X193.761 Y-258.277
G1 X193.703 Y-258.195
G1 X193.630 Y-258.106
G1 X193.553 Y-258.023
G1 X193.474 Y-257.947
G1 X193.391 Y-257.878
G1 X193.306 Y-257.816
G1 X193.219 Y-257.761
G1 X193.131 Y-257.713
G1 X193.030 Y-257.668
G1 X192.928 Y-257.634
G1 X192.827 Y-257.609
G1 X192.726 Y-257.596
G1 X192.616 Y-257.594
G1 X192.509 Y-257.606
G1 X192.407 Y-257.633
G1 X192.311 Y-257.675
G1 X192.208 Y-257.742
G1 X192.283 Y-257.815
G1 X190.958 Y-258.873
G1 X190.877 Y-258.941
G1 X190.922 Y-259.036
G1 X190.989 Y-259.132
G1 X191.061 Y-259.222
G1 X191.137 Y-259.306
G1 X191.216 Y-259.383
G1 X191.299 Y-259.453
G1 X191.383 Y-259.516
G1 X191.470 Y-259.572
G1 X191.558 Y-259.621
G1 X191.659 Y-259.667
G1 X191.761 Y-259.703
G1 X191.863 Y-259.728
G1 X191.963 Y-259.743
G1 X192.074 Y-259.747
G1 X192.181 Y-259.736
G1 X192.283 Y-259.711
G1 X192.380 Y-259.671
G1 X192.470 Y-259.615
G1 X192.550 Y-259.546
G1 X192.499 Y-259.457
G1 X192.440 Y-259.376
G1 X192.378 Y-259.278
G1 X192.323 Y-259.179
G1 X192.276 Y-259.078
G1 X192.236 Y-258.977
G1 X192.204 Y-258.877
G1 X192.179 Y-258.776
G1 X192.161 Y-258.677
G1 X192.150 Y-258.566
G1 X192.149 Y-258.457
G1 X192.157 Y-258.352
G1 X192.176 Y-258.252
G1 X192.208 Y-258.146
G1 X192.252 Y-258.048
G1 X192.309 Y-257.958
G1 X192.459 Y-257.811
G1 X192.378 Y-257.879
G1 X192.421 Y-257.975
G1 X192.480 Y-258.057
G1 X192.542 Y-258.155
G1 X192.597 Y-258.254
G1 X192.644 Y-258.355
G1 X192.684 Y-258.455
G1 X192.716 Y-258.556
G1 X192.741 Y-258.657
G1 X192.759 Y-258.756
G1 X192.770 Y-258.867
G1 X192.771 Y-258.976
G1 X192.762 Y-259.081
G1 X192.744 Y-259.181
G1 X192.712 Y-259.287
G1 X192.668 Y-259.385
G1 X192.611 Y-259.475
G1 X192.604 Y-259.583
G1 X192.682 Y-259.663
G1 X192.763 Y-259.736
G1 X192.847 Y-259.803
G1 X192.895 Y-259.837
; Retract
G0 Z3.000

; Path 84
; Rapid to initial position
G0 X192.880 Y-259.733
G0 Z0.000
; plunge
G1 Z-0.200 F4000
; cut
G1 X192.940 Y-259.813 F4000
G1 X193.014 Y-259.901
G1 X193.091 Y-259.982
G1 X193.172 Y-260.056
G1 X193.255 Y-260.123
G1 X193.341 Y-260.183
G1 X193.428 Y-260.236
G1 X193.529 Y-260.287
G1 X193.631 Y-260.329
G1 X193.732 Y-260.359
G1 X193.833 Y-260.380
G1 X193.933 Y-260.389
G1 X194.042 Y-260.386
G1 X194.147 Y-260.369
G1 X194.248 Y-260.337
G1 X194.342 Y-260.290
G1 X194.381 Y-260.264
; Retract
G0 Z3.000

; Path 85
; Rapid to initial position
G0 X193.320 Y-258.763
G0 Z0.000
; plunge
G1 Z-0.200 F4000
; cut
G1 X193.229 Y-258.817 F4000
G1 X193.131 Y-258.856
G1 X193.028 Y-258.879
G1 X192.920 Y-258.888
G1 X192.809 Y-258.883
G1 X192.709 Y-258.867
G1 X192.607 Y-258.840
G1 X192.505 Y-258.803
G1 X192.404 Y-258.755
G1 X192.316 Y-258.706
G1 X192.230 Y-258.649
G1 X192.146 Y-258.584
G1 X192.064 Y-258.513
G1 X191.985 Y-258.435
G1 X191.909 Y-258.350
G1 X191.838 Y-258.259
G1 X191.818 Y-258.232
; Retract
G0 Z3.000

; Path 86
; Rapid to initial position
G0 X191.600 Y-258.670
G0 Z0.000
; plunge
G1 Z-0.200 F4000
; cut
G1 X191.519 Y-258.738 F4000
G1 X191.450 Y-258.817
G1 X191.393 Y-258.907
G1 X191.349 Y-259.005
G1 X191.317 Y-259.111
G1 X191.298 Y-259.211
G1 X191.290 Y-259.316
G1 X191.291 Y-259.425
G1 X191.302 Y-259.536
G1 X191.320 Y-259.635
G1 X191.345 Y-259.736
G1 X191.377 Y-259.836
G1 X191.417 Y-259.937
G1 X191.464 Y-260.038
G1 X191.519 Y-260.137
G1 X191.581 Y-260.235
G1 X191.600 Y-260.263
; Retract
G0 Z3.000

; Path 87
; Rapid to initial position
G0 X191.930 Y-259.531
G0 Z0.000
; plunge
G1 Z-0.200 F4000
; cut
G1 X190.429 Y-260.592 F4000
; Retract
G0 Z3.000

; Path 88
; Rapid to initial position
G0 X192.242 Y-259.529
G0 Z0.000
; plunge
G1 Z-0.200 F4000
; cut
G1 X192.324 Y-259.461 F4000
G1 X192.393 Y-259.382
G1 X192.449 Y-259.293
G1 X192.494 Y-259.194
G1 X192.526 Y-259.088
G1 X192.544 Y-258.988
G1 X192.553 Y-258.883
G1 X192.552 Y-258.775
G1 X192.541 Y-258.663
G1 X192.523 Y-258.564
G1 X192.498 Y-258.464
G1 X192.466 Y-258.363
G1 X192.426 Y-258.262
G1 X192.379 Y-258.161
G1 X192.324 Y-258.062
G1 X192.262 Y-257.964
G1 X192.203 Y-257.883
G1 X192.130 Y-257.793
G1 X192.054 Y-257.711
G1 X191.974 Y-257.634
G1 X191.891 Y-257.565
G1 X191.806 Y-257.503
G1 X191.720 Y-257.448
G1 X191.619 Y-257.394
G1 X191.517 Y-257.351
G1 X191.416 Y-257.317
G1 X191.314 Y-257.294
G1 X191.214 Y-257.282
G1 X191.104 Y-257.282
G1 X190.998 Y-257.296
G1 X190.897 Y-257.324
G1 X190.801 Y-257.368
G1 X190.741 Y-257.406
; Retract
G0 Z3.000

; Path 89
; Rapid to initial position
G0 X192.552 Y-259.091
G0 Z0.000
; plunge
G1 Z-0.200 F4000
; cut
G1 X194.053 Y-258.029 F4000
; Retract
G0 Z3.000

; Path 90
; Rapid to initial position
G0 X187.304 Y-250.255
G0 Z0.000
; plunge
G1 Z-0.200 F4000
; cut
G1 X187.213 Y-250.309 F4000
G1 X187.115 Y-250.348
G1 X187.012 Y-250.372
G1 X186.905 Y-250.381
G1 X186.794 Y-250.376
G1 X186.693 Y-250.359
G1 X186.592 Y-250.332
G1 X186.490 Y-250.295
G1 X186.388 Y-250.248
G1 X186.301 Y-250.198
G1 X186.214 Y-250.141
G1 X186.130 Y-250.077
G1 X186.048 Y-250.006
G1 X185.969 Y-249.928
G1 X185.894 Y-249.843
G1 X185.822 Y-249.752
G1 X185.803 Y-249.725
; Retract
G0 Z3.000

; Path 91
; Rapid to initial position
G0 X185.757 Y-249.785
G0 Z0.000
; plunge
G1 Z-0.200 F4000
; cut
G1 X185.674 Y-249.717 F4000
G1 X185.593 Y-249.643
G1 X185.516 Y-249.562
G1 X185.541 Y-249.456
G1 X185.596 Y-249.366
G1 X185.639 Y-249.267
G1 X185.670 Y-249.160
G1 X185.687 Y-249.059
G1 X185.694 Y-248.954
G1 X185.692 Y-248.845
G1 X185.680 Y-248.733
G1 X185.661 Y-248.634
G1 X185.635 Y-248.533
G1 X185.601 Y-248.432
G1 X185.560 Y-248.331
G1 X185.512 Y-248.231
G1 X185.456 Y-248.132
G1 X185.393 Y-248.034
G1 X185.324 Y-247.940
G1 X185.335 Y-247.839
G1 X185.261 Y-247.913
G1 X185.199 Y-247.998
G1 X185.149 Y-248.092
G1 X185.111 Y-248.195
G1 X185.088 Y-248.293
G1 X185.075 Y-248.395
G1 X185.071 Y-248.502
G1 X185.077 Y-248.612
G1 X185.093 Y-248.725
G1 X185.115 Y-248.825
G1 X185.144 Y-248.925
G1 X185.181 Y-249.026
G1 X185.225 Y-249.127
G1 X185.276 Y-249.227
G1 X185.335 Y-249.325
G1 X185.392 Y-249.408
G1 X185.452 Y-249.488
G1 X185.421 Y-249.584
G1 X185.334 Y-249.645
G1 X185.239 Y-249.690
G1 X185.138 Y-249.721
G1 X185.032 Y-249.736
G1 X184.923 Y-249.737
G1 X184.823 Y-249.727
G1 X184.722 Y-249.705
G1 X184.620 Y-249.673
G1 X184.518 Y-249.630
G1 X184.418 Y-249.578
G1 X184.331 Y-249.524
G1 X184.245 Y-249.463
G1 X184.162 Y-249.395
G1 X184.082 Y-249.320
G1 X184.005 Y-249.238
G1 X183.932 Y-249.149
G1 X183.873 Y-249.068
G1 X183.809 Y-248.971
G1 X183.861 Y-248.878
G1 X185.273 Y-247.879
G1 X185.195 Y-247.794
G1 X185.193 Y-247.690
G1 X185.287 Y-247.641
G1 X185.386 Y-247.607
G1 X185.491 Y-247.589
G1 X185.600 Y-247.584
G1 X185.712 Y-247.594
G1 X185.813 Y-247.614
G1 X185.914 Y-247.645
G1 X186.016 Y-247.686
G1 X186.117 Y-247.738
G1 X186.204 Y-247.790
G1 X186.290 Y-247.850
G1 X186.373 Y-247.918
G1 X186.454 Y-247.992
G1 X186.531 Y-248.073
G1 X186.605 Y-248.160
G1 X186.665 Y-248.240
G1 X186.720 Y-248.324
G1 X186.778 Y-248.422
G1 X186.829 Y-248.522
G1 X186.872 Y-248.623
G1 X186.907 Y-248.724
G1 X186.936 Y-248.825
G1 X186.956 Y-248.925
G1 X186.971 Y-249.037
G1 X186.976 Y-249.147
G1 X186.971 Y-249.253
G1 X186.956 Y-249.355
G1 X186.928 Y-249.463
G1 X186.888 Y-249.565
G1 X186.835 Y-249.657
G1 X186.771 Y-249.740
G1 X186.693 Y-249.812
G1 X186.365 Y-250.045
G1 X186.472 Y-250.051
G1 X186.580 Y-250.044
G1 X186.683 Y-250.022
G1 X186.782 Y-249.985
G1 X186.873 Y-249.932
G1 X185.382 Y-250.987
G1 X185.291 Y-251.041
G1 X185.193 Y-251.080
G1 X185.090 Y-251.103
G1 X184.982 Y-251.113
G1 X184.871 Y-251.107
G1 X184.771 Y-251.091
G1 X184.669 Y-251.064
G1 X184.568 Y-251.027
G1 X184.466 Y-250.980
G1 X184.362 Y-250.940
G1 X184.261 Y-250.893
G1 X184.173 Y-250.845
G1 X184.086 Y-250.789
G1 X184.002 Y-250.726
G1 X183.919 Y-250.655
G1 X183.840 Y-250.578
G1 X183.764 Y-250.495
G1 X183.692 Y-250.404
G1 X183.634 Y-250.322
G1 X183.573 Y-250.224
G1 X183.519 Y-250.125
G1 X183.473 Y-250.024
G1 X183.434 Y-249.923
G1 X183.403 Y-249.822
G1 X183.379 Y-249.722
G1 X183.362 Y-249.623
G1 X183.353 Y-249.512
G1 X183.353 Y-249.404
G1 X183.362 Y-249.300
G1 X183.382 Y-249.200
G1 X183.415 Y-249.095
G1 X183.461 Y-248.997
G1 X183.519 Y-248.909
G1 X183.589 Y-248.831
G1 X183.695 Y-248.748
G1 X183.654 Y-248.642
G1 X183.623 Y-248.541
G1 X183.599 Y-248.441
G1 X183.582 Y-248.342
G1 X183.572 Y-248.231
G1 X183.572 Y-248.122
G1 X183.582 Y-248.018
G1 X183.602 Y-247.919
G1 X183.635 Y-247.813
G1 X183.681 Y-247.716
G1 X183.739 Y-247.628
G1 X183.809 Y-247.550
G1 X183.892 Y-247.483
G1 X183.984 Y-247.431
G1 X184.082 Y-247.394
G1 X184.186 Y-247.372
G1 X184.294 Y-247.364
G1 X184.405 Y-247.371
G1 X184.506 Y-247.389
G1 X184.607 Y-247.417
G1 X184.709 Y-247.455
G1 X184.811 Y-247.504
G1 X184.898 Y-247.555
G1 X184.984 Y-247.613
G1 X185.068 Y-247.678
G1 X183.695 Y-248.748
G1 X183.739 Y-248.843
G1 X183.791 Y-248.940
G1 X183.723 Y-249.020
G1 X183.668 Y-249.111
G1 X183.625 Y-249.210
G1 X183.594 Y-249.317
G1 X183.577 Y-249.418
G1 X183.570 Y-249.523
G1 X183.572 Y-249.632
G1 X183.584 Y-249.744
G1 X183.603 Y-249.843
G1 X183.629 Y-249.944
G1 X183.663 Y-250.045
G1 X183.704 Y-250.146
G1 X183.752 Y-250.246
G1 X183.808 Y-250.345
G1 X183.871 Y-250.443
G1 X183.941 Y-250.536
G1 X184.014 Y-250.624
G1 X184.092 Y-250.705
G1 X184.172 Y-250.779
G1 X184.256 Y-250.846
G1 X184.341 Y-250.906
G1 X184.428 Y-250.959
G1 X184.527 Y-250.993
G1 X184.628 Y-251.012
G1 X184.740 Y-251.020
G1 X184.848 Y-251.014
G1 X184.952 Y-250.994
G1 X185.051 Y-250.958
G1 X185.144 Y-250.908
G1 X186.365 Y-250.045
G1 X186.260 Y-250.027
G1 X186.158 Y-249.999
G1 X186.056 Y-249.960
G1 X185.955 Y-249.911
G1 X185.867 Y-249.861
G1 X185.781 Y-249.803
G1 X185.757 Y-249.785
; Retract
G0 Z3.000

; Path 92
; Rapid to initial position
G0 X185.584 Y-250.163
G0 Z0.000
; plunge
G1 Z-0.200 F4000
; cut
G1 X185.503 Y-250.230 F4000
G1 X185.434 Y-250.310
G1 X185.377 Y-250.399
G1 X185.333 Y-250.497
G1 X185.301 Y-250.604
G1 X185.283 Y-250.704
G1 X185.274 Y-250.809
G1 X185.275 Y-250.917
G1 X185.286 Y-251.028
G1 X185.304 Y-251.128
G1 X185.329 Y-251.228
G1 X185.361 Y-251.329
G1 X185.401 Y-251.430
G1 X185.448 Y-251.530
G1 X185.503 Y-251.630
G1 X185.565 Y-251.727
G1 X185.584 Y-251.755
; Retract
G0 Z3.000

; Path 93
; Rapid to initial position
G0 X184.523 Y-250.254
G0 Z0.000
; plunge
G1 Z-0.200 F4000
; cut
G1 X184.467 Y-250.170 F4000
G1 X184.409 Y-250.072
G1 X184.359 Y-249.972
G1 X184.316 Y-249.871
G1 X184.280 Y-249.770
G1 X184.252 Y-249.669
G1 X184.231 Y-249.570
G1 X184.217 Y-249.457
G1 X184.212 Y-249.348
G1 X184.217 Y-249.241
G1 X184.231 Y-249.139
G1 X184.256 Y-249.042
G1 X184.295 Y-248.940
G1 X184.346 Y-248.847
G1 X184.409 Y-248.763
G1 X184.485 Y-248.690
G1 X184.523 Y-248.661
; Retract
G0 Z3.000

; Path 94
; Rapid to initial position
G0 X184.741 Y-248.223
G0 Z0.000
; plunge
G1 Z-0.200 F4000
; cut
G1 X184.801 Y-248.303 F4000
G1 X184.875 Y-248.391
G1 X184.952 Y-248.472
G1 X185.033 Y-248.546
G1 X185.116 Y-248.613
G1 X185.202 Y-248.673
G1 X185.289 Y-248.726
G1 X185.390 Y-248.777
G1 X185.492 Y-248.818
G1 X185.594 Y-248.849
G1 X185.695 Y-248.869
G1 X185.806 Y-248.879
G1 X185.915 Y-248.875
G1 X186.020 Y-248.856
G1 X186.119 Y-248.823
G1 X186.213 Y-248.774
G1 X186.242 Y-248.754
; Retract
G0 Z3.000

; Path 95
; Rapid to initial position
G0 X185.475 Y-249.082
G0 Z0.000
; plunge
G1 Z-0.200 F4000
; cut
G1 X186.976 Y-248.021 F4000
; Retract
G0 Z3.000

; Path 96
; Rapid to initial position
G0 X185.165 Y-249.520
G0 Z0.000
; plunge
G1 Z-0.200 F4000
; cut
G1 X185.246 Y-249.452 F4000
G1 X185.315 Y-249.373
G1 X185.372 Y-249.284
G1 X185.417 Y-249.186
G1 X185.449 Y-249.079
G1 X185.467 Y-248.979
G1 X185.475 Y-248.874
G1 X185.474 Y-248.766
G1 X185.463 Y-248.654
G1 X185.446 Y-248.555
G1 X185.421 Y-248.455
G1 X185.388 Y-248.354
G1 X185.349 Y-248.253
G1 X185.301 Y-248.153
G1 X185.246 Y-248.053
G1 X185.184 Y-247.956
G1 X185.126 Y-247.874
G1 X185.053 Y-247.785
G1 X184.977 Y-247.702
G1 X184.897 Y-247.626
G1 X184.814 Y-247.556
G1 X184.729 Y-247.494
G1 X184.642 Y-247.439
G1 X184.542 Y-247.386
G1 X184.440 Y-247.342
G1 X184.338 Y-247.309
G1 X184.237 Y-247.286
G1 X184.137 Y-247.274
G1 X184.027 Y-247.273
G1 X183.921 Y-247.287
G1 X183.819 Y-247.316
G1 X183.724 Y-247.359
G1 X183.664 Y-247.397
; Retract
G0 Z3.000

; Path 97
; Rapid to initial position
G0 X184.853 Y-249.522
G0 Z0.000
; plunge
G1 Z-0.200 F4000
; cut
G1 X183.351 Y-250.583 F4000
; Retract
G0 Z3.000

; Path 98
; Rapid to initial position
G0 X178.507 Y-241.746
G0 Z0.000
; plunge
G1 Z-0.200 F4000
; cut
G1 X178.443 Y-241.649 F4000
G1 X178.386 Y-241.550
G1 X178.337 Y-241.450
G1 X178.295 Y-241.349
G1 X178.260 Y-241.248
G1 X178.233 Y-241.147
G1 X178.213 Y-241.048
G1 X178.200 Y-240.936
G1 X178.196 Y-240.827
G1 X178.202 Y-240.721
G1 X178.218 Y-240.619
G1 X178.248 Y-240.512
G1 X178.289 Y-240.411
G1 X178.343 Y-240.320
G1 X178.409 Y-240.238
G1 X178.488 Y-240.168
G1 X178.507 Y-240.154
; Retract
G0 Z3.000

; Path 99
; Rapid to initial position
G0 X178.725 Y-239.716
G0 Z0.000
; plunge
G1 Z-0.200 F4000
; cut
G1 X178.785 Y-239.796 F4000
G1 X178.859 Y-239.883
G1 X178.937 Y-239.964
G1 X179.017 Y-240.038
G1 X179.101 Y-240.106
G1 X179.186 Y-240.166
G1 X179.273 Y-240.219
G1 X179.374 Y-240.270
G1 X179.476 Y-240.311
G1 X179.578 Y-240.342
G1 X179.679 Y-240.362
G1 X179.791 Y-240.372
G1 X179.899 Y-240.367
G1 X180.004 Y-240.349
G1 X180.104 Y-240.315
G1 X180.197 Y-240.266
G1 X180.227 Y-240.246
; Retract
G0 Z3.000

; Path 100
; Rapid to initial position
G0 X179.165 Y-238.745
G0 Z0.000
; plunge
G1 Z-0.200 F4000
; cut
G1 X179.074 Y-238.799 F4000
G1 X178.976 Y-238.838
G1 X178.873 Y-238.862
G1 X178.766 Y-238.871
G1 X178.655 Y-238.865
G1 X178.554 Y-238.849
G1 X178.453 Y-238.822
G1 X178.351 Y-238.785
G1 X178.250 Y-238.738
G1 X178.162 Y-238.688
G1 X178.076 Y-238.631
G1 X177.991 Y-238.567
G1 X177.909 Y-238.496
G1 X177.830 Y-238.418
G1 X177.755 Y-238.333
G1 X177.683 Y-238.242
G1 X177.664 Y-238.214
; Retract
G0 Z3.000

; Path 101
; Rapid to initial position
G0 X177.446 Y-238.653
G0 Z0.000
; plunge
G1 Z-0.200 F4000
; cut
G1 X177.364 Y-238.720 F4000
G1 X177.295 Y-238.800
G1 X177.239 Y-238.889
G1 X177.194 Y-238.987
G1 X177.162 Y-239.094
G1 X177.144 Y-239.194
G1 X177.135 Y-239.299
G1 X177.137 Y-239.407
G1 X177.147 Y-239.518
G1 X177.165 Y-239.618
G1 X177.190 Y-239.718
G1 X177.222 Y-239.819
G1 X177.262 Y-239.920
G1 X177.310 Y-240.020
G1 X177.364 Y-240.120
G1 X177.426 Y-240.217
G1 X177.446 Y-240.245
; Retract
G0 Z3.000

; Path 102
; Rapid to initial position
G0 X177.775 Y-239.513
G0 Z0.000
; plunge
G1 Z-0.200 F4000
; cut
G1 X176.274 Y-240.575 F4000
; Retract
G0 Z3.000

; Path 103
; Rapid to initial position
G0 X178.088 Y-239.511
G0 Z0.000
; plunge
G1 Z-0.200 F4000
; cut
G1 X178.169 Y-239.444 F4000
G1 X178.238 Y-239.364
G1 X178.295 Y-239.275
G1 X178.339 Y-239.177
G1 X178.371 Y-239.070
G1 X178.390 Y-238.970
G1 X178.398 Y-238.866
G1 X178.397 Y-238.757
G1 X178.386 Y-238.646
G1 X178.368 Y-238.546
G1 X178.344 Y-238.446
G1 X178.311 Y-238.345
G1 X178.271 Y-238.244
G1 X178.224 Y-238.144
G1 X178.169 Y-238.044
G1 X178.107 Y-237.947
G1 X178.048 Y-237.865
G1 X177.976 Y-237.776
G1 X177.899 Y-237.693
G1 X177.819 Y-237.617
G1 X177.737 Y-237.548
G1 X177.652 Y-237.485
G1 X177.565 Y-237.431
G1 X177.477 Y-237.383
G1 X177.376 Y-237.338
G1 X177.274 Y-237.303
G1 X177.172 Y-237.279
G1 X177.072 Y-237.266
G1 X176.962 Y-237.264
G1 X176.855 Y-237.276
G1 X176.753 Y-237.303
G1 X176.657 Y-237.345
G1 X176.587 Y-237.388
; Retract
G0 Z3.000

; Path 104
; Rapid to initial position
G0 X178.397 Y-239.073
G0 Z0.000
; plunge
G1 Z-0.200 F4000
; cut
G1 X179.899 Y-238.012 F4000
; Retract
G0 Z3.000

; Path 105
; Rapid to initial position
G0 X173.149 Y-230.238
G0 Z0.000
; plunge
G1 Z-0.200 F4000
; cut
G1 X173.058 Y-230.292 F4000
G1 X172.961 Y-230.330
G1 X172.857 Y-230.354
G1 X172.750 Y-230.363
G1 X172.639 Y-230.358
G1 X172.539 Y-230.342
G1 X172.437 Y-230.315
G1 X172.335 Y-230.278
G1 X172.234 Y-230.230
G1 X172.146 Y-230.181
G1 X172.060 Y-230.124
G1 X171.975 Y-230.059
G1 X171.894 Y-229.988
G1 X171.815 Y-229.910
G1 X171.739 Y-229.825
G1 X171.668 Y-229.734
G1 X171.648 Y-229.707
; Retract
G0 Z3.000

; Path 106
; Rapid to initial position
G0 X171.603 Y-229.767
G0 Z0.000
; plunge
G1 Z-0.200 F4000
; cut
G1 X171.519 Y-229.700 F4000
G1 X171.439 Y-229.626
G1 X171.361 Y-229.545
G1 X171.386 Y-229.439
G1 X171.441 Y-229.348
G1 X171.484 Y-229.249
G1 X171.515 Y-229.142
G1 X172.577 Y-228.325
G1 X172.520 Y-228.237
G1 X172.461 Y-228.156
G1 X172.387 Y-228.067
G1 X172.310 Y-227.985
G1 X172.230 Y-227.910
G1 X172.147 Y-227.842
G1 X172.062 Y-227.781
G1 X171.975 Y-227.727
G1 X171.874 Y-227.675
G1 X171.772 Y-227.632
G1 X171.671 Y-227.600
G1 X171.570 Y-227.578
G1 X171.470 Y-227.568
G1 X171.360 Y-227.569
G1 X171.254 Y-227.584
G1 X171.154 Y-227.615
G1 X171.059 Y-227.660
G1 X171.018 Y-227.754
G1 X171.095 Y-227.835
G1 X169.726 Y-228.846
G1 X169.645 Y-228.914
G1 X169.690 Y-229.009
G1 X169.747 Y-229.092
G1 X169.819 Y-229.183
G1 X169.894 Y-229.268
G1 X169.973 Y-229.346
G1 X170.055 Y-229.417
G1 X170.139 Y-229.481
G1 X170.226 Y-229.538
G1 X170.313 Y-229.588
G1 X170.415 Y-229.635
G1 X170.517 Y-229.673
G1 X170.618 Y-229.699
G1 X169.681 Y-230.372
G1 X169.746 Y-230.466
G1 X169.817 Y-230.557
G1 X169.893 Y-230.642
G1 X169.971 Y-230.720
G1 X170.053 Y-230.791
G1 X170.138 Y-230.855
G1 X170.224 Y-230.912
G1 X170.322 Y-230.962
G1 X170.423 Y-230.986
G1 X170.524 Y-230.999
G1 X170.634 Y-231.001
G1 X170.740 Y-230.989
G1 X170.842 Y-230.962
G1 X170.939 Y-230.920
G1 X172.210 Y-230.027
G1 X172.105 Y-230.009
G1 X172.003 Y-229.981
G1 X171.902 Y-229.942
G1 X171.800 Y-229.894
G1 X171.713 Y-229.843
G1 X171.627 Y-229.785
G1 X171.603 Y-229.767
; Retract
G0 Z3.000

; Path 107
; Rapid to initial position
G0 X171.327 Y-229.511
G0 Z0.000
; plunge
G1 Z-0.200 F4000
; cut
G1 X171.248 Y-229.581 F4000
G1 X171.159 Y-229.639
G1 X171.062 Y-229.681
G1 X170.960 Y-229.708
G1 X170.854 Y-229.720
G1 X170.743 Y-229.718
G1 X170.643 Y-229.705
G1 X171.183 Y-229.311
G1 X171.130 Y-229.223
G1 X171.077 Y-229.124
G1 X171.032 Y-229.023
G1 X170.994 Y-228.922
G1 X170.964 Y-228.821
G1 X170.941 Y-228.721
G1 X170.926 Y-228.622
G1 X170.917 Y-228.512
G1 X170.918 Y-228.404
G1 X170.929 Y-228.300
G1 X170.950 Y-228.202
G1 X170.985 Y-228.097
G1 X171.032 Y-228.000
G1 X171.091 Y-227.913
G1 X171.227 Y-227.785
G1 X171.146 Y-227.853
G1 X171.189 Y-227.949
G1 X171.248 Y-228.031
G1 X171.310 Y-228.128
G1 X171.365 Y-228.228
G1 X171.412 Y-228.328
G1 X171.452 Y-228.429
G1 X171.484 Y-228.530
G1 X171.509 Y-228.630
G1 X171.527 Y-228.730
G1 X171.538 Y-228.841
G1 X171.539 Y-228.949
G1 X171.531 Y-229.054
G1 X171.183 Y-229.311
G1 X171.247 Y-229.404
G1 X171.318 Y-229.496
G1 X171.327 Y-229.511
; Retract
G0 Z3.000

; Path 108
; Rapid to initial position
G0 X171.011 Y-229.503
G0 Z0.000
; plunge
G1 Z-0.200 F4000
; cut
G1 X171.092 Y-229.435 F4000
G1 X171.161 Y-229.356
G1 X171.218 Y-229.266
G1 X171.262 Y-229.168
G1 X171.294 Y-229.062
G1 X171.312 Y-228.961
G1 X171.321 Y-228.857
G1 X171.320 Y-228.748
G1 X171.309 Y-228.637
G1 X171.291 Y-228.538
G1 X171.266 Y-228.437
G1 X171.234 Y-228.336
G1 X171.194 Y-228.235
G1 X171.147 Y-228.135
G1 X171.092 Y-228.036
G1 X171.030 Y-227.938
G1 X170.971 Y-227.856
G1 X170.898 Y-227.767
G1 X170.822 Y-227.684
G1 X170.742 Y-227.608
G1 X170.660 Y-227.539
G1 X170.575 Y-227.477
G1 X170.488 Y-227.422
G1 X170.400 Y-227.374
G1 X170.298 Y-227.329
G1 X170.196 Y-227.295
G1 X170.095 Y-227.270
G1 X169.995 Y-227.257
G1 X169.885 Y-227.255
G1 X169.778 Y-227.267
G1 X169.676 Y-227.294
G1 X169.580 Y-227.336
G1 X169.509 Y-227.379
; Retract
G0 Z3.000

; Path 109
; Rapid to initial position
G0 X169.422 Y-227.040
G0 Z0.000
; plunge
G1 Z-0.200 F4000
; cut
G1 X154.346 Y-205.720 F4000
; Retract
G0 Z3.000

; Path 110
; Rapid to initial position
G0 X162.432 Y-217.371
G0 Z0.000
; plunge
G1 Z-0.200 F4000
; cut
G1 X162.523 Y-217.317 F4000
G1 X162.621 Y-217.278
G1 X162.724 Y-217.254
G1 X162.831 Y-217.245
G1 X162.942 Y-217.250
G1 X163.043 Y-217.267
G1 X163.145 Y-217.293
G1 X163.246 Y-217.331
G1 X163.348 Y-217.378
G1 X163.435 Y-217.428
G1 X163.522 Y-217.485
G1 X163.606 Y-217.549
G1 X163.688 Y-217.620
G1 X163.767 Y-217.698
G1 X163.842 Y-217.783
G1 X163.914 Y-217.874
G1 X163.971 Y-217.957
G1 X164.031 Y-218.055
G1 X164.084 Y-218.155
G1 X164.129 Y-218.255
G1 X164.167 Y-218.356
G1 X164.197 Y-218.457
G1 X164.220 Y-218.557
G1 X164.235 Y-218.656
G1 X164.244 Y-218.767
G1 X164.242 Y-218.874
G1 X164.231 Y-218.978
G1 X164.211 Y-219.077
G1 X164.176 Y-219.182
G1 X164.129 Y-219.278
G1 X164.069 Y-219.365
G1 X163.998 Y-219.442
G1 X163.933 Y-219.494
; Retract
G0 Z3.000

; Path 111
; Rapid to initial position
G0 X163.996 Y-219.668
G0 Z0.000
; plunge
G1 Z-0.200 F4000
; cut
G1 X164.092 Y-219.624 F4000
G1 X164.180 Y-219.565
G1 X164.231 Y-219.474
G1 X164.169 Y-219.395
G1 X164.103 Y-219.299
G1 X164.044 Y-219.200
G1 X163.993 Y-219.101
G1 X163.949 Y-219.000
G1 X163.912 Y-218.899
G1 X163.883 Y-218.798
G1 X163.861 Y-218.698
G1 X163.845 Y-218.586
G1 X163.839 Y-218.476
G1 X163.843 Y-218.369
G1 X163.856 Y-218.266
G1 X163.883 Y-218.157
G1 X163.922 Y-218.055
G1 X163.973 Y-217.961
G1 X164.036 Y-217.878
G1 X164.150 Y-217.776
G1 X164.069 Y-217.844
G1 X164.112 Y-217.940
G1 X164.171 Y-218.022
G1 X164.233 Y-218.119
G1 X164.288 Y-218.219
G1 X164.335 Y-218.319
G1 X164.375 Y-218.420
G1 X164.407 Y-218.521
G1 X164.432 Y-218.621
G1 X164.450 Y-218.721
G1 X164.461 Y-218.832
G1 X164.462 Y-218.941
G1 X164.453 Y-219.045
G1 X164.435 Y-219.145
G1 X164.403 Y-219.252
G1 X164.359 Y-219.350
G1 X164.302 Y-219.439
G1 X164.294 Y-219.548
G1 X164.372 Y-219.628
G1 X164.454 Y-219.701
G1 X164.537 Y-219.767
G1 X164.623 Y-219.826
G1 X164.710 Y-219.878
G1 X164.812 Y-219.928
G1 X164.913 Y-219.968
G1 X165.015 Y-219.997
G1 X165.116 Y-220.016
G1 X163.932 Y-220.868
G1 X163.841 Y-220.922
G1 X163.743 Y-220.961
G1 X163.640 Y-220.984
G1 X163.532 Y-220.993
G1 X163.421 Y-220.988
G1 X163.321 Y-220.972
G1 X163.219 Y-220.945
G1 X163.122 Y-220.888
G1 X163.036 Y-220.829
G1 X162.952 Y-220.763
G1 X162.871 Y-220.689
G1 X162.793 Y-220.609
G1 X162.719 Y-220.523
G1 X162.649 Y-220.430
G1 X162.593 Y-220.347
G1 X162.535 Y-220.248
G1 X162.485 Y-220.148
G1 X162.442 Y-220.047
G1 X162.406 Y-219.946
G1 X162.378 Y-219.845
G1 X162.357 Y-219.746
G1 X162.342 Y-219.633
G1 X162.338 Y-219.524
G1 X162.342 Y-219.417
G1 X162.357 Y-219.316
G1 X162.385 Y-219.207
G1 X162.425 Y-219.106
G1 X162.478 Y-219.013
G1 X162.543 Y-218.931
G1 X162.514 Y-218.831
G1 X162.467 Y-218.731
G1 X163.899 Y-217.706
G1 X163.812 Y-217.632
G1 X163.728 Y-217.569
G1 X163.641 Y-217.513
G1 X163.553 Y-217.464
G1 X163.452 Y-217.418
G1 X163.350 Y-217.382
G1 X163.249 Y-217.357
G1 X163.148 Y-217.342
G1 X163.038 Y-217.338
G1 X162.930 Y-217.349
G1 X162.828 Y-217.374
G1 X162.731 Y-217.415
G1 X162.641 Y-217.470
G1 X162.561 Y-217.539
G1 X162.493 Y-217.620
G1 X162.438 Y-217.710
G1 X162.395 Y-217.810
G1 X162.364 Y-217.917
G1 X162.347 Y-218.017
G1 X162.340 Y-218.123
G1 X162.342 Y-218.232
G1 X162.354 Y-218.343
G1 X162.373 Y-218.443
G1 X162.399 Y-218.543
G1 X162.432 Y-218.644
G1 X162.430 Y-218.745
G1 X162.349 Y-218.813
G1 X162.280 Y-218.892
G1 X162.223 Y-218.981
G1 X162.179 Y-219.080
G1 X162.147 Y-219.186
G1 X162.129 Y-219.286
G1 X162.120 Y-219.391
G1 X162.121 Y-219.499
G1 X162.132 Y-219.611
G1 X162.150 Y-219.710
G1 X162.175 Y-219.810
G1 X162.207 Y-219.911
G1 X162.247 Y-220.012
G1 X162.294 Y-220.112
G1 X162.349 Y-220.212
G1 X162.411 Y-220.310
G1 X162.470 Y-220.391
G1 X162.543 Y-220.480
G1 X162.619 Y-220.563
G1 X162.699 Y-220.639
G1 X162.782 Y-220.709
G1 X162.866 Y-220.771
G1 X162.953 Y-220.826
G1 X163.054 Y-220.879
G1 X163.156 Y-220.923
G1 X163.259 Y-220.966
G1 X163.361 Y-221.011
G1 X163.463 Y-221.046
G1 X163.564 Y-221.070
G1 X163.664 Y-221.083
G1 X163.775 Y-221.085
G1 X163.881 Y-221.073
G1 X163.983 Y-221.046
G1 X164.080 Y-221.004
G1 X165.651 Y-219.899
G1 X165.560 Y-219.953
G1 X165.463 Y-219.992
G1 X165.359 Y-220.015
G1 X165.252 Y-220.024
G1 X165.141 Y-220.019
G1 X165.433 Y-219.806
G1 X165.514 Y-219.738
G1 X165.583 Y-219.659
G1 X165.640 Y-219.570
G1 X165.684 Y-219.472
G1 X165.717 Y-219.365
G1 X165.735 Y-219.265
G1 X165.743 Y-219.160
G1 X165.742 Y-219.052
G1 X165.731 Y-218.941
G1 X165.714 Y-218.841
G1 X165.689 Y-218.741
G1 X165.656 Y-218.640
G1 X165.616 Y-218.539
G1 X165.569 Y-218.439
G1 X165.514 Y-218.339
G1 X165.452 Y-218.242
G1 X165.393 Y-218.160
G1 X165.321 Y-218.071
G1 X165.244 Y-217.988
G1 X165.165 Y-217.912
G1 X165.082 Y-217.842
G1 X164.997 Y-217.780
G1 X164.910 Y-217.725
G1 X164.810 Y-217.672
G1 X164.708 Y-217.628
G1 X164.606 Y-217.595
G1 X164.505 Y-217.572
G1 X164.405 Y-217.560
G1 X164.295 Y-217.559
G1 X164.189 Y-217.573
G1 X164.087 Y-217.602
G1 X163.992 Y-217.645
G1 X163.899 Y-217.706
G1 X163.974 Y-217.779
G1 X162.649 Y-218.837
G1 X162.567 Y-218.905
G1 X162.613 Y-219.000
G1 X162.670 Y-219.083
G1 X162.741 Y-219.174
G1 X162.817 Y-219.259
G1 X162.896 Y-219.337
G1 X162.978 Y-219.408
G1 X163.062 Y-219.472
G1 X163.148 Y-219.529
G1 X163.236 Y-219.579
G1 X163.337 Y-219.626
G1 X163.439 Y-219.664
G1 X163.541 Y-219.691
G1 X163.641 Y-219.707
G1 X163.752 Y-219.712
G1 X163.860 Y-219.703
G1 X163.963 Y-219.679
G1 X163.996 Y-219.668
; Retract
G0 Z3.000

; Path 112
; Rapid to initial position
G0 X163.621 Y-219.495
G0 Z0.000
; plunge
G1 Z-0.200 F4000
; cut
G1 X162.119 Y-220.557 F4000
; Retract
G0 Z3.000

; Path 113
; Rapid to initial position
G0 X163.291 Y-220.227
G0 Z0.000
; plunge
G1 Z-0.200 F4000
; cut
G1 X163.235 Y-220.144 F4000
G1 X163.177 Y-220.045
G1 X163.127 Y-219.945
G1 X163.084 Y-219.845
G1 X163.048 Y-219.744
G1 X163.020 Y-219.643
G1 X162.999 Y-219.543
G1 X162.985 Y-219.431
G1 X162.980 Y-219.321
G1 X162.985 Y-219.215
G1 X162.999 Y-219.113
G1 X163.024 Y-219.016
G1 X163.063 Y-218.914
G1 X163.114 Y-218.821
G1 X163.177 Y-218.737
G1 X163.253 Y-218.664
G1 X163.291 Y-218.635
; Retract
G0 Z3.000

; Path 114
; Rapid to initial position
G0 X163.509 Y-218.197
G0 Z0.000
; plunge
G1 Z-0.200 F4000
; cut
G1 X163.569 Y-218.277 F4000
G1 X163.643 Y-218.364
G1 X163.720 Y-218.445
G1 X163.801 Y-218.520
G1 X163.884 Y-218.587
G1 X163.970 Y-218.647
G1 X164.057 Y-218.700
G1 X164.158 Y-218.751
G1 X164.260 Y-218.792
G1 X164.362 Y-218.823
G1 X164.463 Y-218.843
G1 X164.575 Y-218.853
G1 X164.683 Y-218.849
G1 X164.788 Y-218.830
G1 X164.888 Y-218.796
G1 X164.981 Y-218.747
G1 X165.011 Y-218.728
; Retract
G0 Z3.000

; Path 115
; Rapid to initial position
G0 X164.243 Y-219.056
G0 Z0.000
; plunge
G1 Z-0.200 F4000
; cut
G1 X165.744 Y-217.994 F4000
; Retract
G0 Z3.000

; Path 116
; Rapid to initial position
G0 X164.571 Y-219.698
G0 Z0.000
; plunge
G1 Z-0.200 F4000
; cut
G1 X164.631 Y-219.778 F4000
G1 X164.705 Y-219.866
G1 X164.782 Y-219.947
G1 X164.863 Y-220.021
G1 X164.946 Y-220.088
G1 X165.032 Y-220.148
G1 X165.119 Y-220.201
G1 X165.220 Y-220.252
G1 X165.321 Y-220.293
G1 X165.423 Y-220.324
G1 X165.524 Y-220.344
G1 X165.624 Y-220.354
G1 X165.733 Y-220.351
G1 X165.838 Y-220.334
G1 X165.938 Y-220.302
G1 X166.032 Y-220.255
G1 X166.072 Y-220.229
; Retract
G0 Z3.000

; Path 117
; Rapid to initial position
G0 X164.353 Y-220.136
G0 Z0.000
; plunge
G1 Z-0.200 F4000
; cut
G1 X164.271 Y-220.204 F4000
G1 X164.202 Y-220.283
G1 X164.146 Y-220.373
G1 X164.101 Y-220.471
G1 X164.069 Y-220.577
G1 X164.051 Y-220.677
G1 X164.042 Y-220.782
G1 X164.044 Y-220.891
G1 X164.054 Y-221.002
G1 X164.072 Y-221.101
G1 X164.097 Y-221.202
G1 X164.129 Y-221.302
G1 X164.169 Y-221.403
G1 X164.217 Y-221.504
G1 X164.271 Y-221.603
G1 X164.333 Y-221.701
G1 X164.353 Y-221.729
; Retract
G0 Z3.000

; Path 118
; Rapid to initial position
G0 X170.587 Y-228.206
G0 Z0.000
; plunge
G1 Z-0.200 F4000
; cut
G1 X170.657 Y-228.299 F4000
G1 X170.731 Y-228.385
G1 X170.809 Y-228.465
G1 X170.890 Y-228.538
G1 X170.974 Y-228.605
G1 X171.060 Y-228.664
G1 X171.147 Y-228.715
G1 X171.248 Y-228.765
G1 X171.350 Y-228.805
G1 X171.452 Y-228.835
G1 X171.553 Y-228.854
G1 X171.664 Y-228.862
G1 X171.772 Y-228.856
G1 X171.877 Y-228.836
G1 X171.976 Y-228.800
G1 X172.068 Y-228.750
G1 X172.088 Y-228.736
; Retract
G0 Z3.000

; Path 119
; Rapid to initial position
G0 X171.320 Y-229.065
G0 Z0.000
; plunge
G1 Z-0.200 F4000
; cut
G1 X172.821 Y-228.003 F4000
; Retract
G0 Z3.000

; Path 120
; Rapid to initial position
G0 X170.368 Y-228.644
G0 Z0.000
; plunge
G1 Z-0.200 F4000
; cut
G1 X170.287 Y-228.712 F4000
G1 X170.218 Y-228.791
G1 X170.161 Y-228.880
G1 X170.117 Y-228.979
G1 X170.085 Y-229.085
G1 X170.067 Y-229.185
G1 X170.058 Y-229.290
G1 X170.059 Y-229.398
G1 X170.070 Y-229.510
G1 X170.088 Y-229.609
G1 X170.113 Y-229.709
G1 X170.145 Y-229.810
G1 X170.185 Y-229.911
G1 X170.232 Y-230.011
G1 X170.287 Y-230.111
G1 X170.349 Y-230.209
G1 X170.368 Y-230.236
; Retract
G0 Z3.000

; Path 121
; Rapid to initial position
G0 X170.698 Y-229.504
G0 Z0.000
; plunge
G1 Z-0.200 F4000
; cut
G1 X169.197 Y-230.566 F4000
; Retract
G0 Z3.000

; Path 122
; Rapid to initial position
G0 X171.430 Y-230.145
G0 Z0.000
; plunge
G1 Z-0.200 F4000
; cut
G1 X171.349 Y-230.213 F4000
G1 X171.280 Y-230.292
G1 X171.223 Y-230.381
G1 X171.178 Y-230.480
G1 X171.146 Y-230.586
G1 X171.128 Y-230.686
G1 X171.120 Y-230.791
G1 X171.121 Y-230.899
G1 X171.132 Y-231.011
G1 X171.149 Y-231.110
G1 X171.174 Y-231.210
G1 X171.207 Y-231.311
G1 X171.247 Y-231.412
G1 X171.294 Y-231.513
G1 X171.349 Y-231.612
G1 X171.411 Y-231.710
G1 X171.430 Y-231.737
; Retract
G0 Z3.000

; Path 123
; Rapid to initial position
G0 X173.299 Y-206.908
G0 Z0.000
; plunge
G1 Z-0.200 F4000
; cut
G1 X171.298 Y-204.077 F4000
; Retract
G0 Z3.000

; Path 124
; Rapid to initial position
G0 X170.900 Y-188.738
G0 Z0.000
; plunge
G1 Z-0.200 F4000
; cut
G1 X160.974 Y-174.701 F4000
G1 X166.282 Y-170.948
G1 X161.132 Y-163.664
G1 X161.621 Y-163.318
G1 X166.772 Y-170.602
G1 X166.282 Y-170.948
G1 X168.596 Y-174.220
G1 X169.085 Y-173.874
G1 X166.772 Y-170.602
G1 X169.241 Y-168.855
G1 X119.953 Y-99.151
G1 X116.994 Y-101.243
G1 X161.132 Y-163.664
G1 X111.945 Y-198.445
G1 X127.020 Y-219.765
G1 X129.369 Y-218.104
G1 X170.900 Y-188.738
; Retract
G0 Z3.000

; Path 125
; Rapid to initial position
G0 X171.122 Y-174.654
G0 Z0.000
; plunge
G1 Z-0.200 F4000
; cut
G1 X119.519 Y-101.677 F4000
; Retract
G0 Z3.000

; Path 126
; Rapid to initial position
G0 X117.427 Y-98.718
G0 Z0.000
; plunge
G1 Z-0.200 F4000
; cut
G1 X169.029 Y-171.694 F4000
; Retract
G0 Z3.000

; Path 127
; Rapid to initial position
G0 X176.745 Y-171.240
G0 Z0.000
; plunge
G1 Z-0.200 F4000
; cut
G1 X176.763 Y-171.140 F4000
G1 X176.771 Y-171.036
G1 X176.770 Y-170.929
G1 X176.759 Y-170.820
G1 X176.739 Y-170.710
G1 X176.710 Y-170.598
G1 X176.672 Y-170.487
G1 X176.626 Y-170.377
G1 X176.580 Y-170.286
G1 X176.529 Y-170.197
G1 X176.473 Y-170.109
G1 X176.411 Y-170.025
G1 X176.345 Y-169.945
G1 X176.276 Y-169.870
G1 X176.189 Y-169.787
G1 X176.098 Y-169.712
G1 X176.003 Y-169.645
G1 X175.907 Y-169.586
G1 X175.808 Y-169.536
G1 X175.708 Y-169.496
G1 X175.607 Y-169.466
G1 X175.506 Y-169.446
G1 X166.736 Y-157.086
G1 X166.754 Y-156.986
G1 X166.762 Y-156.882
G1 X166.761 Y-156.775
G1 X166.750 Y-156.665
G1 X166.730 Y-156.555
G1 X166.701 Y-156.444
G1 X166.663 Y-156.332
G1 X166.617 Y-156.222
G1 X166.572 Y-156.131
G1 X166.521 Y-156.042
G1 X166.464 Y-155.955
G1 X166.402 Y-155.870
G1 X166.336 Y-155.791
G1 X166.267 Y-155.716
G1 X166.195 Y-155.646
G1 X166.104 Y-155.569
G1 X166.011 Y-155.501
G1 X165.914 Y-155.440
G1 X165.816 Y-155.389
G1 X165.716 Y-155.348
G1 X165.615 Y-155.316
G1 X165.514 Y-155.294
G1 X156.727 Y-142.931
G1 X156.745 Y-142.831
G1 X156.753 Y-142.727
G1 X156.752 Y-142.620
G1 X156.741 Y-142.511
G1 X156.721 Y-142.400
G1 X156.692 Y-142.289
G1 X156.654 Y-142.178
G1 X156.608 Y-142.067
G1 X156.563 Y-141.977
G1 X156.512 Y-141.887
G1 X156.455 Y-141.800
G1 X156.393 Y-141.716
G1 X156.328 Y-141.636
G1 X156.258 Y-141.561
G1 X156.186 Y-141.491
G1 X156.095 Y-141.415
G1 X156.002 Y-141.346
G1 X155.905 Y-141.286
G1 X155.807 Y-141.235
G1 X155.707 Y-141.193
G1 X155.606 Y-141.161
G1 X155.505 Y-141.139
G1 X146.718 Y-128.777
G1 X146.736 Y-128.676
G1 X146.745 Y-128.572
G1 X146.743 Y-128.466
G1 X146.732 Y-128.356
G1 X146.712 Y-128.246
G1 X146.683 Y-128.134
G1 X146.646 Y-128.023
G1 X146.599 Y-127.913
G1 X146.554 Y-127.822
G1 X146.503 Y-127.733
G1 X146.446 Y-127.645
G1 X146.384 Y-127.561
G1 X146.319 Y-127.481
G1 X146.250 Y-127.407
G1 X146.177 Y-127.337
G1 X146.087 Y-127.260
G1 X145.993 Y-127.191
G1 X145.896 Y-127.131
G1 X145.798 Y-127.080
G1 X145.698 Y-127.038
G1 X145.597 Y-127.006
G1 X145.497 Y-126.985
G1 X136.709 Y-114.622
G1 X136.727 Y-114.522
G1 X136.736 Y-114.418
G1 X136.734 Y-114.311
G1 X136.724 Y-114.202
G1 X136.704 Y-114.091
G1 X136.675 Y-113.980
G1 X136.637 Y-113.869
G1 X136.590 Y-113.758
G1 X136.545 Y-113.668
G1 X136.494 Y-113.578
G1 X136.437 Y-113.491
G1 X136.376 Y-113.407
G1 X136.310 Y-113.327
G1 X136.241 Y-113.252
G1 X136.168 Y-113.182
G1 X136.078 Y-113.106
G1 X135.984 Y-113.037
G1 X135.888 Y-112.977
G1 X135.789 Y-112.926
G1 X135.689 Y-112.884
G1 X135.588 Y-112.852
G1 X135.488 Y-112.830
G1 X126.065 Y-99.568
G1 X127.300 Y-98.694
G1 X187.353 Y-183.622
G1 X186.118 Y-184.496
G1 X176.745 Y-171.240
; Retract
G0 Z3.000

; Path 128
; Rapid to initial position
G0 X177.814 Y-166.096
G0 Z0.000
; plunge
G1 Z-0.200 F4000
; cut
G1 X130.486 Y-199.562 F4000
; Retract
G0 Z3.000

; Path 129
; Rapid to initial position
G0 X133.317 Y-197.560
G0 Z0.000
; plunge
G1 Z-0.200 F4000
; cut
G1 X180.645 Y-164.095 F4000
; Retract
G0 Z3.000

; Path 130
; Rapid to initial position
G0 X177.451 Y-165.587
G0 Z0.000
; plunge
G1 Z-0.200 F4000
; cut
G1 X183.837 Y-161.072 F4000
G1 X182.641 Y-159.381
G1 X184.812 Y-157.845
G1 X166.541 Y-132.006
G1 X168.542 Y-130.591
G1 X186.813 Y-156.430
G1 X184.812 Y-157.845
G1 X199.966 Y-179.277
G1 X188.462 Y-187.412
G1 X184.089 Y-181.227
G1 X187.036 Y-179.143
G1 X177.451 Y-165.587
; Retract
G0 Z3.000

; Path 131
; Rapid to initial position
G0 X182.738 Y-178.405
G0 Z0.000
; plunge
G1 Z-0.200 F4000
; cut
G1 X122.685 Y-93.478 F4000
; Retract
G0 Z3.000

; Path 132
; Rapid to initial position
G0 X126.246 Y-98.513
G0 Z0.000
; plunge
G1 Z-0.200 F4000
; cut
G1 X186.299 Y-183.441 F4000
; Retract
G0 Z3.000

; Path 133
; Rapid to initial position
G0 X187.172 Y-184.676
G0 Z0.000
; plunge
G1 Z-0.200 F4000
; cut
G1 X127.119 Y-99.749 F4000
; Retract
G0 Z3.000

; Path 134
; Rapid to initial position
G0 X129.875 Y-112.254
G0 Z0.000
; plunge
G1 Z-0.200 F4000
; cut
G1 X127.424 Y-114.255 F4000
; Retract
G0 Z3.000

; Path 135
; Rapid to initial position
G0 X127.892 Y-114.070
G0 Z0.000
; plunge
G1 Z-0.200 F4000
; cut
G1 X127.892 Y-116.072 F4000
G1 X123.951 Y-119.268
G1 X121.645 Y-121.138
G1 X121.645 Y-119.137
G1 X127.892 Y-114.070
G1 X127.892 Y-114.070
; Retract
G0 Z3.000

; Path 136
; Rapid to initial position
G0 X128.414 Y-113.244
G0 Z0.000
; plunge
G1 Z-0.200 F4000
; cut
G1 X124.473 Y-116.440 F4000
G1 X128.414 Y-119.658
G1 X128.414 Y-113.244
; Retract
G0 Z3.000

; Path 137
; Rapid to initial position
G0 X128.893 Y-115.071
G0 Z0.000
; plunge
G1 Z-0.200 F4000
; cut
G1 X122.646 Y-120.137 F4000
; Retract
G0 Z3.000

; Path 138
; Rapid to initial position
G0 X120.644 Y-120.137
G0 Z0.000
; plunge
G1 Z-0.200 F4000
; cut
G1 X126.892 Y-115.071 F4000
; Retract
G0 Z3.000

; Path 139
; Rapid to initial position
G0 X126.071 Y-114.842
G0 Z0.000
; plunge
G1 Z-0.200 F4000
; cut
G1 X130.012 Y-118.060 F4000
; Retract
G0 Z3.000

; Path 140
; Rapid to initial position
G0 X127.302 Y-119.727
G0 Z0.000
; plunge
G1 Z-0.200 F4000
; cut
G1 X127.302 Y-121.729 F4000
; Retract
G0 Z3.000

; Path 141
; Rapid to initial position
G0 X127.797 Y-124.037
G0 Z0.000
; plunge
G1 Z-0.200 F4000
; cut
G1 X117.926 Y-115.977 F4000
G1 X111.678 Y-121.043
G1 X121.492 Y-129.057
G1 X121.492 Y-131.850
G1 X125.441 Y-128.625
G1 X123.796 Y-127.282
G1 X127.797 Y-124.037
; Retract
G0 Z3.000

; Path 142
; Rapid to initial position
G0 X127.054 Y-127.013
G0 Z0.000
; plunge
G1 Z-0.200 F4000
; cut
G1 X123.105 Y-130.237 F4000
; Retract
G0 Z3.000

; Path 143
; Rapid to initial position
G0 X124.465 Y-130.825
G0 Z0.000
; plunge
G1 Z-0.200 F4000
; cut
G1 X126.916 Y-132.826 F4000
; Retract
G0 Z3.000

; Path 144
; Rapid to initial position
G0 X127.207 Y-129.694
G0 Z0.000
; plunge
G1 Z-0.200 F4000
; cut
G1 X117.335 Y-121.634 F4000
; Retract
G0 Z3.000

; Path 145
; Rapid to initial position
G0 X119.337 Y-121.634
G0 Z0.000
; plunge
G1 Z-0.200 F4000
; cut
G1 X129.208 Y-129.694 F4000
; Retract
G0 Z3.000

; Path 146
; Rapid to initial position
G0 X123.796 Y-127.282
G0 Z0.000
; plunge
G1 Z-0.200 F4000
; cut
G1 X121.550 Y-129.103 F4000
G1 X121.492 Y-125.401
G1 X123.796 Y-127.282
; Retract
G0 Z3.000

; Path 147
; Rapid to initial position
G0 X123.467 Y-127.375
G0 Z0.000
; plunge
G1 Z-0.200 F4000
; cut
G1 X123.467 Y-133.824 F4000
; Retract
G0 Z3.000

; Path 148
; Rapid to initial position
G0 X118.984 Y-135.130
G0 Z0.000
; plunge
G1 Z-0.200 F4000
; cut
G1 X112.817 Y-140.166 F4000
; Retract
G0 Z3.000

; Path 149
; Rapid to initial position
G0 X116.192 Y-140.957
G0 Z0.000
; plunge
G1 Z-0.200 F4000
; cut
G1 X118.643 Y-142.959 F4000
; Retract
G0 Z3.000

; Path 150
; Rapid to initial position
G0 X114.757 Y-134.426
G0 Z0.000
; plunge
G1 Z-0.200 F4000
; cut
G1 X113.244 Y-133.190 F4000
; Retract
G0 Z3.000

; Path 151
; Rapid to initial position
G0 X112.584 Y-130.009
G0 Z0.000
; plunge
G1 Z-0.200 F4000
; cut
G1 X118.832 Y-124.943 F4000
; Retract
G0 Z3.000

; Path 152
; Rapid to initial position
G0 X122.140 Y-123.446
G0 Z0.000
; plunge
G1 Z-0.200 F4000
; cut
G1 X112.269 Y-115.386 F4000
; Retract
G0 Z3.000

; Path 153
; Rapid to initial position
G0 X112.209 Y-124.554
G0 Z0.000
; plunge
G1 Z-0.200 F4000
; cut
G1 X112.272 Y-124.636 F4000
G1 X112.302 Y-124.739
G1 X112.305 Y-124.845
G1 X112.292 Y-124.955
G1 X112.266 Y-125.064
G1 X112.231 Y-125.168
G1 X112.193 Y-125.264
G1 X112.147 Y-125.363
G1 X112.100 Y-125.453
G1 X112.048 Y-125.543
G1 X111.990 Y-125.634
G1 X111.928 Y-125.726
G1 X111.860 Y-125.818
G1 X111.798 Y-125.897
G1 X111.733 Y-125.973
G1 X111.657 Y-126.058
G1 X111.579 Y-126.138
G1 X111.501 Y-126.212
G1 X111.423 Y-126.281
G1 X111.345 Y-126.345
G1 X111.257 Y-126.410
G1 X111.170 Y-126.467
G1 X111.075 Y-126.522
G1 X110.984 Y-126.565
G1 X110.887 Y-126.599
G1 X110.789 Y-126.620
G1 X110.686 Y-126.619
G1 X110.587 Y-126.584
G1 X110.564 Y-126.568
; Retract
G0 Z3.000

; Path 154
; Rapid to initial position
G0 X110.535 Y-126.585
G0 Z0.000
; plunge
G1 Z-0.200 F4000
; cut
G1 X110.608 Y-126.660 F4000
G1 X110.707 Y-126.695
G1 X110.810 Y-126.696
G1 X110.908 Y-126.675
G1 X111.005 Y-126.641
G1 X111.096 Y-126.597
G1 X111.191 Y-126.543
G1 X111.278 Y-126.486
G1 X111.366 Y-126.421
G1 X111.444 Y-126.357
G1 X111.523 Y-126.288
G1 X111.601 Y-126.214
G1 X111.678 Y-126.134
G1 X111.755 Y-126.049
G1 X111.830 Y-125.959
G1 X111.040 Y-125.249
G1 X110.560 Y-124.799
G1 X110.466 Y-124.753
G1 X110.363 Y-124.745
G1 X110.259 Y-124.762
G1 X110.161 Y-124.794
G1 X110.058 Y-124.841
G1 X109.967 Y-124.891
G1 X109.874 Y-124.952
G1 X109.779 Y-125.022
G1 X109.682 Y-125.102
G1 X109.605 Y-125.172
G1 X109.527 Y-125.248
G1 X109.450 Y-125.327
G1 X109.377 Y-125.410
G1 X109.307 Y-125.494
G1 X109.241 Y-125.580
G1 X109.179 Y-125.666
G1 X109.120 Y-125.754
G1 X109.066 Y-125.841
G1 X109.005 Y-125.950
G1 X108.952 Y-126.057
G1 X108.907 Y-126.162
G1 X108.871 Y-126.264
G1 X108.844 Y-126.361
G1 X108.824 Y-126.471
G1 X108.819 Y-126.578
G1 X108.837 Y-126.692
G1 X108.871 Y-126.800
G1 X108.937 Y-126.889
G1 X110.776 Y-128.390
G1 X110.710 Y-128.302
G1 X108.916 Y-126.813
G1 X108.850 Y-126.724
G1 X108.840 Y-126.616
G1 X108.850 Y-126.511
G1 X108.875 Y-126.399
G1 X108.906 Y-126.299
G1 X108.945 Y-126.196
G1 X108.994 Y-126.091
G1 X109.050 Y-125.983
G1 X109.101 Y-125.895
G1 X109.156 Y-125.808
G1 X109.215 Y-125.721
G1 X109.278 Y-125.634
G1 X109.346 Y-125.549
G1 X109.416 Y-125.465
G1 X109.490 Y-125.383
G1 X109.567 Y-125.304
G1 X109.645 Y-125.230
G1 X109.723 Y-125.161
G1 X109.819 Y-125.083
G1 X109.914 Y-125.015
G1 X110.007 Y-124.956
G1 X110.097 Y-124.908
G1 X110.199 Y-124.863
G1 X110.296 Y-124.834
G1 X110.398 Y-124.820
G1 X110.499 Y-124.832
G1 X111.040 Y-125.249
G1 X110.960 Y-125.347
G1 X110.895 Y-125.433
G1 X110.834 Y-125.520
G1 X110.776 Y-125.607
G1 X110.724 Y-125.694
G1 X110.664 Y-125.803
G1 X110.613 Y-125.910
G1 X110.569 Y-126.014
G1 X110.535 Y-126.115
G1 X110.509 Y-126.212
G1 X110.492 Y-126.320
G1 X110.490 Y-126.430
G1 X110.513 Y-126.540
G1 X110.535 Y-126.585
; Retract
G0 Z3.000

; Path 155
; Rapid to initial position
G0 X110.570 Y-126.485
G0 Z0.000
; plunge
G1 Z-0.200 F4000
; cut
G1 X108.731 Y-124.984 F4000
; Retract
G0 Z3.000

; Path 156
; Rapid to initial position
G0 X110.382 Y-126.592
G0 Z0.000
; plunge
G1 Z-0.200 F4000
; cut
G1 X110.389 Y-126.489 F4000
G1 X110.411 Y-126.378
G1 X110.440 Y-126.279
G1 X110.479 Y-126.177
G1 X110.525 Y-126.072
G1 X110.580 Y-125.964
G1 X110.642 Y-125.855
G1 X110.698 Y-125.767
G1 X110.757 Y-125.680
G1 X110.820 Y-125.594
G1 X110.887 Y-125.508
G1 X110.958 Y-125.424
G1 X111.032 Y-125.343
G1 X111.109 Y-125.264
G1 X111.187 Y-125.189
G1 X111.265 Y-125.120
G1 X111.361 Y-125.043
G1 X111.456 Y-124.974
G1 X111.549 Y-124.916
G1 X111.639 Y-124.867
G1 X111.741 Y-124.823
G1 X111.837 Y-124.793
G1 X111.940 Y-124.780
G1 X112.041 Y-124.791
G1 X112.123 Y-124.834
; Retract
G0 Z3.000

; Path 157
; Rapid to initial position
G0 X112.320 Y-124.798
G0 Z0.000
; plunge
G1 Z-0.200 F4000
; cut
G1 X112.287 Y-124.699 F4000
G1 X112.221 Y-124.623
G1 X112.124 Y-124.581
G1 X112.019 Y-124.577
G1 X111.913 Y-124.597
G1 X111.815 Y-124.632
G1 X111.710 Y-124.681
G1 X111.619 Y-124.734
G1 X111.525 Y-124.796
G1 X111.430 Y-124.868
G1 X111.352 Y-124.933
G1 X111.275 Y-125.003
G1 X111.197 Y-125.079
G1 X111.120 Y-125.159
G1 X111.889 Y-125.884
G1 X112.420 Y-126.376
G1 X112.326 Y-126.330
G1 X112.223 Y-126.322
G1 X112.119 Y-126.339
G1 X112.021 Y-126.371
G1 X111.918 Y-126.418
G1 X111.827 Y-126.469
G1 X111.734 Y-126.529
G1 X111.639 Y-126.599
G1 X111.542 Y-126.679
G1 X111.465 Y-126.749
G1 X111.387 Y-126.825
G1 X111.310 Y-126.905
G1 X111.237 Y-126.987
G1 X111.167 Y-127.071
G1 X111.101 Y-127.157
G1 X111.039 Y-127.244
G1 X110.980 Y-127.331
G1 X110.926 Y-127.419
G1 X110.865 Y-127.527
G1 X110.812 Y-127.635
G1 X110.767 Y-127.740
G1 X110.731 Y-127.841
G1 X110.704 Y-127.939
G1 X110.684 Y-128.049
G1 X110.679 Y-128.155
G1 X110.697 Y-128.267
G1 X110.777 Y-128.330
G1 X110.876 Y-128.365
G1 X110.979 Y-128.366
G1 X111.077 Y-128.345
G1 X111.174 Y-128.311
G1 X111.265 Y-128.268
G1 X111.360 Y-128.213
G1 X111.447 Y-128.156
G1 X111.535 Y-128.091
G1 X111.613 Y-128.027
G1 X111.691 Y-127.958
G1 X111.769 Y-127.884
G1 X111.847 Y-127.804
G1 X111.923 Y-127.719
G1 X111.988 Y-127.643
G1 X112.050 Y-127.564
G1 X112.118 Y-127.472
G1 X112.180 Y-127.380
G1 X112.238 Y-127.289
G1 X112.290 Y-127.198
G1 X112.336 Y-127.109
G1 X112.383 Y-127.010
G1 X112.421 Y-126.913
G1 X112.456 Y-126.809
G1 X112.480 Y-126.711
G1 X112.494 Y-126.610
G1 X112.494 Y-126.510
G1 X112.473 Y-126.408
G1 X112.419 Y-126.318
G1 X111.889 Y-125.884
G1 X111.949 Y-125.802
G1 X112.012 Y-125.710
G1 X112.069 Y-125.619
G1 X112.121 Y-125.528
G1 X112.168 Y-125.439
G1 X112.214 Y-125.340
G1 X112.253 Y-125.243
G1 X112.287 Y-125.139
G1 X112.311 Y-125.041
G1 X112.325 Y-124.940
G1 X112.326 Y-124.840
G1 X112.320 Y-124.798
; Retract
G0 Z3.000

; Path 158
; Rapid to initial position
G0 X112.238 Y-126.380
G0 Z0.000
; plunge
G1 Z-0.200 F4000
; cut
G1 X112.248 Y-126.480 F4000
G1 X112.285 Y-126.577
G1 X112.335 Y-126.636
; Retract
G0 Z3.000

; Path 159
; Rapid to initial position
G0 X113.636 Y-126.041
G0 Z0.000
; plunge
G1 Z-0.200 F4000
; cut
G1 X113.636 Y-98.016 F4000
; Retract
G0 Z3.000

; Path 160
; Rapid to initial position
G0 X99.624 Y-112.028
G0 Z0.000
; plunge
G1 Z-0.200 F4000
; cut
G1 X99.624 Y-112.029 F4000
; Retract
G0 Z3.000

; Path 161
; Rapid to initial position
G0 X98.623 Y-111.028
G0 Z0.000
; plunge
G1 Z-0.200 F4000
; cut
G1 X98.623 Y-113.029 F4000
; Retract
G0 Z3.000

; Path 162
; Rapid to initial position
G0 X97.622 Y-112.029
G0 Z0.000
; plunge
G1 Z-0.200 F4000
; cut
G1 X97.622 Y-112.028 F4000
; Retract
G0 Z3.000

; Path 163
; Rapid to initial position
G0 X100.281 Y-124.755
G0 Z0.000
; plunge
G1 Z-0.200 F4000
; cut
G1 X100.169 Y-124.787 F4000
G1 X100.067 Y-124.832
G1 X99.977 Y-124.880
G1 X99.884 Y-124.939
G1 X99.789 Y-125.007
G1 X99.693 Y-125.085
G1 X99.615 Y-125.154
G1 X99.537 Y-125.228
G1 X99.460 Y-125.307
G1 X99.386 Y-125.389
G1 X99.316 Y-125.473
G1 X99.248 Y-125.558
G1 X99.185 Y-125.645
G1 X99.126 Y-125.732
G1 X99.071 Y-125.819
G1 X99.020 Y-125.907
G1 X98.964 Y-126.015
G1 X98.915 Y-126.120
G1 X98.875 Y-126.223
G1 X98.845 Y-126.323
G1 X98.820 Y-126.435
G1 X98.810 Y-126.540
G1 X98.819 Y-126.657
G1 X98.850 Y-126.768
G1 X98.906 Y-126.868
G1 X100.767 Y-128.390
G1 X100.701 Y-128.302
G1 X98.907 Y-126.813
G1 X98.841 Y-126.724
G1 X98.831 Y-126.616
G1 X98.841 Y-126.511
G1 X98.866 Y-126.399
G1 X98.897 Y-126.299
G1 X98.937 Y-126.196
G1 X98.985 Y-126.091
G1 X99.041 Y-125.983
G1 X99.092 Y-125.895
G1 X99.147 Y-125.808
G1 X99.206 Y-125.721
G1 X99.270 Y-125.634
G1 X99.337 Y-125.549
G1 X99.408 Y-125.465
G1 X99.482 Y-125.383
G1 X99.559 Y-125.304
G1 X99.637 Y-125.230
G1 X99.714 Y-125.161
G1 X99.792 Y-125.098
G1 X99.887 Y-125.028
G1 X99.980 Y-124.967
G1 X100.070 Y-124.917
G1 X100.174 Y-124.870
G1 X100.271 Y-124.838
G1 X100.375 Y-124.821
G1 X100.479 Y-124.829
G1 X100.573 Y-124.875
G1 X101.031 Y-125.249
G1 X100.952 Y-125.347
G1 X100.886 Y-125.433
G1 X100.825 Y-125.520
G1 X100.768 Y-125.607
G1 X100.715 Y-125.694
G1 X100.655 Y-125.803
G1 X100.604 Y-125.910
G1 X100.560 Y-126.014
G1 X100.526 Y-126.115
G1 X100.497 Y-126.230
G1 X100.482 Y-126.337
G1 X100.483 Y-126.450
G1 X100.511 Y-126.556
G1 X100.577 Y-126.644
G1 X100.669 Y-126.690
G1 X100.776 Y-126.698
G1 X100.881 Y-126.680
G1 X100.986 Y-126.645
G1 X101.077 Y-126.603
G1 X101.172 Y-126.550
G1 X101.258 Y-126.494
G1 X101.346 Y-126.429
G1 X101.436 Y-126.357
G1 X101.514 Y-126.288
G1 X101.592 Y-126.214
G1 X101.669 Y-126.134
G1 X101.746 Y-126.049
G1 X101.810 Y-125.972
G1 X101.031 Y-125.249
G1 X100.551 Y-124.799
G1 X100.458 Y-124.753
G1 X100.354 Y-124.745
G1 X100.281 Y-124.755
; Retract
G0 Z3.000

; Path 164
; Rapid to initial position
G0 X101.061 Y-125.215
G0 Z0.000
; plunge
G1 Z-0.200 F4000
; cut
G1 X101.880 Y-125.884 F4000
G1 X102.411 Y-126.376
G1 X102.318 Y-126.330
G1 X102.214 Y-126.322
G1 X102.110 Y-126.339
G1 X102.013 Y-126.371
G1 X101.909 Y-126.418
G1 X101.819 Y-126.469
G1 X101.725 Y-126.529
G1 X101.630 Y-126.599
G1 X101.534 Y-126.679
G1 X101.456 Y-126.749
G1 X101.378 Y-126.825
G1 X101.302 Y-126.905
G1 X101.228 Y-126.987
G1 X101.158 Y-127.071
G1 X101.092 Y-127.157
G1 X101.030 Y-127.244
G1 X100.971 Y-127.331
G1 X100.918 Y-127.419
G1 X100.868 Y-127.506
G1 X100.813 Y-127.613
G1 X100.767 Y-127.719
G1 X100.729 Y-127.821
G1 X100.700 Y-127.920
G1 X100.677 Y-128.031
G1 X100.670 Y-128.134
G1 X100.679 Y-128.234
G1 X100.746 Y-128.314
G1 X100.838 Y-128.360
G1 X100.945 Y-128.368
G1 X101.050 Y-128.350
G1 X101.155 Y-128.315
G1 X101.246 Y-128.273
G1 X101.341 Y-128.220
G1 X101.427 Y-128.164
G1 X101.515 Y-128.099
G1 X101.604 Y-128.027
G1 X101.682 Y-127.958
G1 X101.761 Y-127.884
G1 X101.838 Y-127.804
G1 X101.915 Y-127.719
G1 X101.990 Y-127.629
G1 X102.061 Y-127.538
G1 X102.127 Y-127.446
G1 X102.189 Y-127.354
G1 X102.244 Y-127.263
G1 X102.295 Y-127.173
G1 X102.346 Y-127.072
G1 X102.389 Y-126.973
G1 X102.425 Y-126.878
G1 X102.456 Y-126.776
G1 X102.478 Y-126.670
G1 X102.487 Y-126.563
G1 X102.479 Y-126.460
G1 X102.443 Y-126.363
G1 X101.880 Y-125.884
G1 X101.940 Y-125.802
G1 X102.003 Y-125.710
G1 X102.060 Y-125.619
G1 X102.112 Y-125.528
G1 X102.159 Y-125.439
G1 X102.205 Y-125.340
G1 X102.244 Y-125.243
G1 X102.278 Y-125.139
G1 X102.302 Y-125.041
G1 X102.316 Y-124.940
G1 X102.317 Y-124.840
G1 X102.296 Y-124.738
G1 X102.242 Y-124.648
G1 X102.151 Y-124.591
G1 X102.051 Y-124.575
G1 X101.951 Y-124.586
G1 X101.839 Y-124.618
G1 X101.737 Y-124.663
G1 X101.647 Y-124.712
G1 X101.554 Y-124.770
G1 X101.459 Y-124.839
G1 X101.363 Y-124.916
G1 X101.285 Y-124.985
G1 X101.207 Y-125.059
G1 X101.130 Y-125.138
G1 X101.061 Y-125.215
; Retract
G0 Z3.000

; Path 165
; Rapid to initial position
G0 X102.115 Y-124.834
G0 Z0.000
; plunge
G1 Z-0.200 F4000
; cut
G1 X102.021 Y-124.788 F4000
G1 X101.917 Y-124.780
G1 X101.813 Y-124.797
G1 X101.716 Y-124.829
G1 X101.612 Y-124.876
G1 X101.522 Y-124.927
G1 X101.429 Y-124.987
G1 X101.333 Y-125.057
G1 X101.237 Y-125.137
G1 X101.159 Y-125.207
G1 X101.081 Y-125.283
G1 X101.005 Y-125.363
G1 X100.931 Y-125.445
G1 X100.862 Y-125.529
G1 X100.795 Y-125.615
G1 X100.733 Y-125.702
G1 X100.675 Y-125.789
G1 X100.621 Y-125.877
G1 X100.571 Y-125.964
G1 X100.517 Y-126.072
G1 X100.470 Y-126.177
G1 X100.432 Y-126.279
G1 X100.403 Y-126.378
G1 X100.380 Y-126.489
G1 X100.373 Y-126.592
; Retract
G0 Z3.000

; Path 166
; Rapid to initial position
G0 X100.556 Y-126.568
G0 Z0.000
; plunge
G1 Z-0.200 F4000
; cut
G1 X100.648 Y-126.614 F4000
G1 X100.755 Y-126.622
G1 X100.860 Y-126.604
G1 X100.965 Y-126.569
G1 X101.056 Y-126.527
G1 X101.151 Y-126.474
G1 X101.237 Y-126.418
G1 X101.325 Y-126.353
G1 X101.414 Y-126.281
G1 X101.493 Y-126.212
G1 X101.571 Y-126.138
G1 X101.648 Y-126.058
G1 X101.725 Y-125.973
G1 X101.800 Y-125.884
G1 X101.871 Y-125.792
G1 X101.937 Y-125.700
G1 X101.999 Y-125.608
G1 X102.055 Y-125.517
G1 X102.105 Y-125.427
G1 X102.156 Y-125.326
G1 X102.199 Y-125.227
G1 X102.235 Y-125.132
G1 X102.266 Y-125.030
G1 X102.288 Y-124.924
G1 X102.297 Y-124.817
G1 X102.289 Y-124.714
G1 X102.253 Y-124.617
G1 X102.200 Y-124.554
; Retract
G0 Z3.000

; Path 167
; Rapid to initial position
G0 X102.230 Y-126.380
G0 Z0.000
; plunge
G1 Z-0.200 F4000
; cut
G1 X102.239 Y-126.480 F4000
G1 X102.276 Y-126.577
G1 X102.327 Y-126.636
; Retract
G0 Z3.000

; Path 168
; Rapid to initial position
G0 X102.575 Y-128.129
G0 Z0.000
; plunge
G1 Z-0.200 F4000
; cut
G1 X100.736 Y-126.628 F4000
; Retract
G0 Z3.000

; Path 169
; Rapid to initial position
G0 X100.613 Y-126.673
G0 Z0.000
; plunge
G1 Z-0.200 F4000
; cut
G1 X100.519 Y-126.627 F4000
G1 X100.416 Y-126.619
G1 X100.312 Y-126.636
G1 X100.214 Y-126.668
G1 X100.111 Y-126.715
G1 X100.020 Y-126.766
G1 X99.927 Y-126.826
G1 X99.832 Y-126.896
G1 X99.735 Y-126.976
G1 X99.657 Y-127.046
G1 X99.580 Y-127.122
G1 X99.503 Y-127.202
G1 X99.430 Y-127.284
G1 X99.360 Y-127.368
G1 X99.294 Y-127.454
G1 X99.231 Y-127.541
G1 X99.173 Y-127.628
G1 X99.119 Y-127.716
G1 X99.058 Y-127.824
G1 X99.005 Y-127.932
G1 X98.960 Y-128.036
G1 X98.924 Y-128.138
G1 X98.897 Y-128.235
G1 X98.877 Y-128.345
G1 X98.871 Y-128.430
; Retract
G0 Z3.000

; Path 170
; Rapid to initial position
G0 X100.728 Y-128.218
G0 Z0.000
; plunge
G1 Z-0.200 F4000
; cut
G1 X100.738 Y-128.319 F4000
G1 X100.774 Y-128.416
G1 X100.825 Y-128.475
; Retract
G0 Z3.000

; Path 171
; Rapid to initial position
G0 X100.561 Y-126.485
G0 Z0.000
; plunge
G1 Z-0.200 F4000
; cut
G1 X98.722 Y-124.984 F4000
; Retract
G0 Z3.000

; Path 172
; Rapid to initial position
G0 X97.703 Y-132.622
G0 Z0.000
; plunge
G1 Z-0.200 F4000
; cut
G1 X97.592 Y-132.621 F4000
G1 X97.486 Y-132.661
G1 X97.413 Y-132.745
G1 X97.381 Y-132.846
G1 X97.375 Y-132.953
G1 X97.386 Y-133.057
G1 X97.408 Y-133.156
G1 X97.440 Y-133.261
G1 X97.482 Y-133.370
G1 X97.526 Y-133.466
G1 X97.577 Y-133.565
G1 X97.635 Y-133.665
G1 X97.699 Y-133.765
G1 X97.756 Y-133.849
G1 X97.805 Y-132.644
G1 X97.703 Y-132.622
; Retract
G0 Z3.000

; Path 173
; Rapid to initial position
G0 X97.530 Y-132.773
G0 Z0.000
; plunge
G1 Z-0.200 F4000
; cut
G1 X97.537 Y-132.875 F4000
G1 X97.559 Y-132.986
G1 X97.590 Y-133.090
G1 X97.631 Y-133.198
G1 X97.674 Y-133.294
G1 X97.724 Y-133.393
G1 X97.780 Y-133.492
G1 X97.843 Y-133.593
G1 X97.900 Y-133.677
G1 X97.961 Y-133.761
; Retract
G0 Z3.000

; Path 174
; Rapid to initial position
G0 X97.075 Y-133.562
G0 Z0.000
; plunge
G1 Z-0.200 F4000
; cut
G1 X97.084 Y-133.461 F4000
G1 X97.121 Y-133.365
G1 X97.172 Y-133.306
; Retract
G0 Z3.000

; Path 175
; Rapid to initial position
G0 X97.135 Y-133.218
G0 Z0.000
; plunge
G1 Z-0.200 F4000
; cut
G1 X97.033 Y-133.195 F4000
G1 X96.922 Y-133.195
G1 X96.815 Y-133.235
G1 X96.801 Y-133.246
; Retract
G0 Z3.000

; Path 176
; Rapid to initial position
G0 X96.813 Y-133.304
G0 Z0.000
; plunge
G1 Z-0.200 F4000
; cut
G1 X96.924 Y-133.304 F4000
G1 X97.025 Y-133.327
G1 X97.025 Y-133.082
G1 X96.692 Y-133.355
G1 X96.793 Y-133.307
G1 X96.813 Y-133.304
; Retract
G0 Z3.000

; Path 177
; Rapid to initial position
G0 X96.692 Y-133.355
G0 Z0.000
; plunge
G1 Z-0.200 F4000
; cut
G1 X97.025 Y-133.082 F4000
; Retract
G0 Z3.000

; Path 178
; Rapid to initial position
G0 X106.700 Y-133.355
G0 Z0.000
; plunge
G1 Z-0.200 F4000
; cut
G1 X106.801 Y-133.307 F4000
G1 X106.909 Y-133.302
G1 X107.008 Y-133.319
G1 X107.034 Y-133.082
G1 X106.700 Y-133.355
; Retract
G0 Z3.000

; Path 179
; Rapid to initial position
G0 X106.700 Y-133.355
G0 Z0.000
; plunge
G1 Z-0.200 F4000
; cut
G1 X107.034 Y-133.082 F4000
; Retract
G0 Z3.000

; Path 180
; Rapid to initial position
G0 X107.143 Y-133.218
G0 Z0.000
; plunge
G1 Z-0.200 F4000
; cut
G1 X107.042 Y-133.195 F4000
G1 X106.930 Y-133.195
G1 X106.824 Y-133.235
G1 X106.809 Y-133.246
; Retract
G0 Z3.000

; Path 181
; Rapid to initial position
G0 X107.180 Y-133.305
G0 Z0.000
; plunge
G1 Z-0.200 F4000
; cut
G1 X107.114 Y-133.394 F4000
G1 X107.087 Y-133.499
G1 X107.083 Y-133.562
; Retract
G0 Z3.000

; Path 182
; Rapid to initial position
G0 X107.970 Y-133.761
G0 Z0.000
; plunge
G1 Z-0.200 F4000
; cut
G1 X107.909 Y-133.677 F4000
G1 X107.852 Y-133.593
G1 X107.789 Y-133.492
G1 X107.733 Y-133.393
G1 X107.683 Y-133.294
G1 X107.640 Y-133.198
G1 X107.599 Y-133.090
G1 X107.568 Y-132.986
G1 X107.548 Y-132.888
G1 X107.539 Y-132.785
G1 X107.539 Y-132.773
; Retract
G0 Z3.000

; Path 183
; Rapid to initial position
G0 X107.814 Y-132.644
G0 Z0.000
; plunge
G1 Z-0.200 F4000
; cut
G1 X107.814 Y-133.916 F4000
G1 X107.753 Y-133.833
G1 X107.696 Y-133.749
G1 X107.634 Y-133.648
G1 X107.577 Y-133.548
G1 X107.527 Y-133.450
G1 X107.485 Y-133.354
G1 X107.444 Y-133.245
G1 X107.413 Y-133.142
G1 X107.393 Y-133.044
G1 X107.383 Y-132.941
G1 X107.393 Y-132.828
G1 X107.429 Y-132.731
G1 X107.510 Y-132.651
G1 X107.622 Y-132.619
G1 X107.737 Y-132.625
G1 X107.814 Y-132.644
; Retract
G0 Z3.000

; Path 184
; Rapid to initial position
G0 X108.880 Y-128.430
G0 Z0.000
; plunge
G1 Z-0.200 F4000
; cut
G1 X108.888 Y-128.328 F4000
G1 X108.910 Y-128.216
G1 X108.939 Y-128.118
G1 X108.977 Y-128.016
G1 X109.024 Y-127.910
G1 X109.079 Y-127.803
G1 X109.141 Y-127.694
G1 X109.196 Y-127.606
G1 X109.255 Y-127.519
G1 X109.319 Y-127.432
G1 X109.386 Y-127.347
G1 X109.457 Y-127.263
G1 X109.531 Y-127.182
G1 X109.608 Y-127.102
G1 X109.686 Y-127.028
G1 X109.764 Y-126.959
G1 X109.860 Y-126.882
G1 X109.955 Y-126.813
G1 X110.047 Y-126.755
G1 X110.137 Y-126.706
G1 X110.240 Y-126.661
G1 X110.336 Y-126.632
G1 X110.438 Y-126.618
G1 X110.540 Y-126.630
G1 X110.622 Y-126.673
; Retract
G0 Z3.000

; Path 185
; Rapid to initial position
G0 X110.745 Y-126.628
G0 Z0.000
; plunge
G1 Z-0.200 F4000
; cut
G1 X112.584 Y-128.129 F4000
; Retract
G0 Z3.000

; Path 186
; Rapid to initial position
G0 X110.834 Y-128.475
G0 Z0.000
; plunge
G1 Z-0.200 F4000
; cut
G1 X110.768 Y-128.387 F4000
G1 X110.740 Y-128.281
G1 X110.737 Y-128.218
; Retract
G0 Z3.000

; Path 187
; Rapid to initial position
G0 X119.220 Y-156.043
G0 Z0.000
; plunge
G1 Z-0.200 F4000
; cut
G1 X134.295 Y-177.363 F4000
; Retract
G0 Z3.000

; Path 188
; Rapid to initial position
G0 X129.459 Y-163.116
G0 Z0.000
; plunge
G1 Z-0.200 F4000
; cut
G1 X129.477 Y-163.016 F4000
G1 X129.485 Y-162.912
G1 X129.484 Y-162.805
G1 X129.473 Y-162.696
G1 X129.453 Y-162.585
G1 X129.424 Y-162.474
G1 X129.386 Y-162.363
G1 X129.340 Y-162.253
G1 X129.295 Y-162.162
G1 X129.244 Y-162.073
G1 X129.187 Y-161.985
G1 X129.125 Y-161.901
G1 X129.060 Y-161.821
G1 X128.990 Y-161.746
G1 X128.918 Y-161.676
G1 X128.828 Y-161.600
G1 X128.734 Y-161.531
G1 X128.637 Y-161.471
G1 X128.539 Y-161.420
G1 X128.439 Y-161.378
G1 X128.338 Y-161.346
G1 X128.237 Y-161.324
G1 X129.459 Y-163.116
; Retract
G0 Z3.000

; Path 189
; Rapid to initial position
G0 X129.459 Y-163.116
G0 Z0.000
; plunge
G1 Z-0.200 F4000
; cut
G1 X129.477 Y-163.016 F4000
G1 X129.485 Y-162.912
G1 X129.484 Y-162.805
G1 X129.473 Y-162.696
G1 X129.453 Y-162.585
G1 X129.424 Y-162.474
G1 X129.386 Y-162.363
G1 X129.340 Y-162.253
G1 X129.295 Y-162.162
G1 X129.244 Y-162.073
G1 X129.187 Y-161.985
G1 X129.125 Y-161.901
G1 X129.060 Y-161.821
G1 X128.990 Y-161.746
G1 X128.918 Y-161.676
G1 X128.828 Y-161.600
G1 X128.734 Y-161.531
G1 X128.637 Y-161.471
G1 X128.539 Y-161.420
G1 X128.439 Y-161.378
G1 X128.338 Y-161.346
G1 X128.237 Y-161.324
G1 X128.187 Y-161.317
; Retract
G0 Z3.000

; Path 190
; Rapid to initial position
G0 X114.546 Y-166.705
G0 Z0.000
; plunge
G1 Z-0.200 F4000
; cut
G1 X109.510 Y-170.266 F4000
; Retract
G0 Z3.000

; Path 191
; Rapid to initial position
G0 X113.627 Y-172.058
G0 Z0.000
; plunge
G1 Z-0.200 F4000
; cut
G1 X114.863 Y-171.185 F4000
; Retract
G0 Z3.000

; Path 192
; Rapid to initial position
G0 X116.391 Y-172.532
G0 Z0.000
; plunge
G1 Z-0.200 F4000
; cut
G1 X114.389 Y-173.948 F4000
; Retract
G0 Z3.000

; Path 193
; Rapid to initial position
G0 X108.539 Y-165.675
G0 Z0.000
; plunge
G1 Z-0.200 F4000
; cut
G1 X110.541 Y-164.259 F4000
; Retract
G0 Z3.000

; Path 194
; Rapid to initial position
G0 X109.265 Y-161.441
G0 Z0.000
; plunge
G1 Z-0.200 F4000
; cut
G1 X106.306 Y-163.533 F4000
; Retract
G0 Z3.000

; Path 195
; Rapid to initial position
G0 X142.342 Y-151.309
G0 Z0.000
; plunge
G1 Z-0.200 F4000
; cut
G1 X143.614 Y-153.107 F4000
G1 X143.632 Y-153.007
G1 X143.640 Y-152.903
G1 X143.639 Y-152.796
G1 X143.628 Y-152.687
G1 X143.608 Y-152.576
G1 X143.579 Y-152.465
G1 X143.541 Y-152.354
G1 X143.495 Y-152.244
G1 X143.449 Y-152.153
G1 X143.398 Y-152.063
G1 X143.342 Y-151.976
G1 X143.280 Y-151.892
G1 X143.214 Y-151.812
G1 X143.145 Y-151.737
G1 X143.058 Y-151.654
G1 X142.967 Y-151.579
G1 X142.872 Y-151.512
G1 X142.776 Y-151.453
G1 X142.677 Y-151.403
G1 X142.577 Y-151.363
G1 X142.476 Y-151.333
G1 X142.375 Y-151.313
G1 X142.342 Y-151.309
; Retract
G0 Z3.000

; Path 196
; Rapid to initial position
G0 X142.342 Y-151.309
G0 Z0.000
; plunge
G1 Z-0.200 F4000
; cut
G1 X142.442 Y-151.325 F4000
G1 X142.543 Y-151.352
G1 X142.644 Y-151.389
G1 X142.743 Y-151.435
G1 X142.840 Y-151.491
G1 X142.936 Y-151.555
G1 X143.028 Y-151.628
G1 X143.116 Y-151.709
G1 X143.187 Y-151.782
G1 X143.254 Y-151.859
G1 X143.318 Y-151.942
G1 X143.376 Y-152.028
G1 X143.430 Y-152.117
G1 X143.477 Y-152.207
G1 X143.519 Y-152.299
G1 X143.561 Y-152.409
G1 X143.595 Y-152.521
G1 X143.619 Y-152.632
G1 X143.634 Y-152.742
G1 X143.641 Y-152.850
G1 X143.637 Y-152.956
G1 X143.624 Y-153.058
G1 X143.614 Y-153.107
; Retract
G0 Z3.000

; Path 197
; Rapid to initial position
G0 X157.768 Y-143.098
G0 Z0.000
; plunge
G1 Z-0.200 F4000
; cut
G1 X156.496 Y-141.300 F4000
G1 X156.597 Y-141.316
G1 X156.698 Y-141.343
G1 X156.798 Y-141.380
G1 X156.897 Y-141.427
G1 X156.995 Y-141.482
G1 X157.090 Y-141.547
G1 X157.182 Y-141.619
G1 X157.271 Y-141.700
G1 X157.341 Y-141.773
G1 X157.409 Y-141.851
G1 X157.472 Y-141.933
G1 X157.531 Y-142.020
G1 X157.584 Y-142.108
G1 X157.632 Y-142.198
G1 X157.673 Y-142.290
G1 X157.716 Y-142.401
G1 X157.749 Y-142.512
G1 X157.774 Y-142.623
G1 X157.789 Y-142.733
G1 X157.795 Y-142.841
G1 X157.792 Y-142.947
G1 X157.779 Y-143.049
G1 X157.768 Y-143.098
; Retract
G0 Z3.000

; Path 198
; Rapid to initial position
G0 X157.768 Y-143.098
G0 Z0.000
; plunge
G1 Z-0.200 F4000
; cut
G1 X157.786 Y-142.998 F4000
G1 X157.795 Y-142.894
G1 X157.793 Y-142.787
G1 X157.782 Y-142.678
G1 X157.762 Y-142.568
G1 X157.733 Y-142.456
G1 X157.696 Y-142.345
G1 X157.649 Y-142.235
G1 X157.604 Y-142.144
G1 X157.553 Y-142.055
G1 X157.496 Y-141.967
G1 X157.434 Y-141.883
G1 X157.369 Y-141.803
G1 X157.299 Y-141.729
G1 X157.227 Y-141.659
G1 X157.137 Y-141.582
G1 X157.043 Y-141.513
G1 X156.946 Y-141.453
G1 X156.848 Y-141.402
G1 X156.748 Y-141.360
G1 X156.647 Y-141.328
G1 X156.547 Y-141.307
G1 X156.496 Y-141.300
; Retract
G0 Z3.000

; Path 199
; Rapid to initial position
G0 X160.030 Y-141.735
G0 Z0.000
; plunge
G1 Z-0.200 F4000
; cut
G1 X203.005 Y-202.511 F4000
G1 X205.007 Y-201.096
G1 X195.634 Y-187.841
G1 X194.362 Y-186.042
G1 X185.625 Y-173.686
G1 X184.353 Y-171.887
G1 X175.616 Y-159.531
G1 X174.345 Y-157.733
G1 X165.608 Y-145.377
G1 X164.336 Y-143.578
G1 X155.599 Y-131.222
G1 X154.327 Y-129.423
G1 X144.954 Y-116.168
G1 X142.952 Y-117.584
G1 X158.028 Y-138.904
G1 X110.700 Y-172.369
G1 X112.702 Y-175.200
G1 X133.018 Y-160.835
G1 X135.019 Y-159.419
G1 X160.030 Y-141.735
; Retract
G0 Z3.000

; Path 200
; Rapid to initial position
G0 X168.249 Y-132.299
G0 Z0.000
; plunge
G1 Z-0.200 F4000
; cut
G1 X211.225 Y-193.076 F4000
; Retract
G0 Z3.000

; Path 201
; Rapid to initial position
G0 X209.809 Y-191.074
G0 Z0.000
; plunge
G1 Z-0.200 F4000
; cut
G1 X166.834 Y-130.298 F4000
; Retract
G0 Z3.000

; Path 202
; Rapid to initial position
G0 X170.651 Y-131.291
G0 Z0.000
; plunge
G1 Z-0.200 F4000
; cut
G1 X170.751 Y-131.307 F4000
G1 X170.852 Y-131.334
G1 X170.953 Y-131.371
G1 X171.052 Y-131.418
G1 X171.149 Y-131.473
G1 X171.245 Y-131.538
G1 X171.337 Y-131.611
G1 X171.425 Y-131.691
G1 X171.496 Y-131.764
G1 X171.563 Y-131.842
G1 X171.627 Y-131.925
G1 X171.685 Y-132.011
G1 X171.739 Y-132.099
G1 X171.786 Y-132.190
G1 X171.828 Y-132.281
G1 X171.870 Y-132.392
G1 X171.904 Y-132.503
G1 X171.928 Y-132.614
G1 X171.944 Y-132.724
G1 X171.950 Y-132.832
G1 X171.946 Y-132.938
G1 X171.933 Y-133.040
G1 X170.651 Y-131.291
; Retract
G0 Z3.000

; Path 203
; Rapid to initial position
G0 X170.651 Y-131.291
G0 Z0.000
; plunge
G1 Z-0.200 F4000
; cut
G1 X170.751 Y-131.307 F4000
G1 X170.852 Y-131.334
G1 X170.953 Y-131.371
G1 X171.052 Y-131.418
G1 X171.149 Y-131.473
G1 X171.245 Y-131.538
G1 X171.337 Y-131.611
G1 X171.425 Y-131.691
G1 X171.496 Y-131.764
G1 X171.563 Y-131.842
G1 X171.627 Y-131.925
G1 X171.685 Y-132.011
G1 X171.739 Y-132.099
G1 X171.786 Y-132.190
G1 X171.828 Y-132.281
G1 X171.870 Y-132.392
G1 X171.904 Y-132.503
G1 X171.928 Y-132.614
G1 X171.944 Y-132.724
G1 X171.950 Y-132.832
G1 X171.946 Y-132.938
G1 X171.933 Y-133.040
G1 X171.923 Y-133.090
; Retract
G0 Z3.000

; Path 204
; Rapid to initial position
G0 X186.077 Y-123.081
G0 Z0.000
; plunge
G1 Z-0.200 F4000
; cut
G1 X186.095 Y-122.981 F4000
G1 X186.104 Y-122.877
G1 X186.102 Y-122.770
G1 X186.092 Y-122.661
G1 X186.072 Y-122.550
G1 X186.043 Y-122.439
G1 X186.005 Y-122.328
G1 X185.958 Y-122.217
G1 X185.913 Y-122.127
G1 X185.862 Y-122.037
G1 X185.805 Y-121.950
G1 X185.744 Y-121.866
G1 X185.678 Y-121.786
G1 X185.609 Y-121.711
G1 X185.536 Y-121.641
G1 X185.446 Y-121.564
G1 X185.352 Y-121.496
G1 X185.256 Y-121.436
G1 X185.157 Y-121.385
G1 X185.057 Y-121.343
G1 X184.956 Y-121.311
G1 X184.856 Y-121.289
G1 X186.077 Y-123.081
; Retract
G0 Z3.000

; Path 205
; Rapid to initial position
G0 X186.077 Y-123.081
G0 Z0.000
; plunge
G1 Z-0.200 F4000
; cut
G1 X186.095 Y-122.981 F4000
G1 X186.104 Y-122.877
G1 X186.102 Y-122.770
G1 X186.092 Y-122.661
G1 X186.072 Y-122.550
G1 X186.043 Y-122.439
G1 X186.005 Y-122.328
G1 X185.958 Y-122.217
G1 X185.913 Y-122.127
G1 X185.862 Y-122.037
G1 X185.805 Y-121.950
G1 X185.744 Y-121.866
G1 X185.678 Y-121.786
G1 X185.609 Y-121.711
G1 X185.536 Y-121.641
G1 X185.446 Y-121.564
G1 X185.352 Y-121.496
G1 X185.256 Y-121.436
G1 X185.157 Y-121.385
G1 X185.057 Y-121.343
G1 X184.956 Y-121.311
G1 X184.856 Y-121.289
G1 X184.806 Y-121.282
; Retract
G0 Z3.000

; Path 206
; Rapid to initial position
G0 X184.332 Y-110.266
G0 Z0.000
; plunge
G1 Z-0.200 F4000
; cut
G1 X184.750 Y-109.970 F4000
; Retract
G0 Z3.000

; Path 207
; Rapid to initial position
G0 X186.188 Y-110.225
G0 Z0.000
; plunge
G1 Z-0.200 F4000
; cut
G1 X184.676 Y-108.109 F4000
; Retract
G0 Z3.000

; Path 208
; Rapid to initial position
G0 X184.676 Y-108.109
G0 Z0.000
; plunge
G1 Z-0.200 F4000
; cut
G1 X183.165 Y-105.993 F4000
; Retract
G0 Z3.000

; Path 209
; Rapid to initial position
G0 X182.989 Y-105.484
G0 Z0.000
; plunge
G1 Z-0.200 F4000
; cut
G1 X174.929 Y-111.183 F4000
; Retract
G0 Z3.000

; Path 210
; Rapid to initial position
G0 X177.760 Y-109.182
G0 Z0.000
; plunge
G1 Z-0.200 F4000
; cut
G1 X185.820 Y-103.482 F4000
; Retract
G0 Z3.000

; Path 211
; Rapid to initial position
G0 X185.845 Y-103.458
G0 Z0.000
; plunge
G1 Z-0.200 F4000
; cut
G1 X185.319 Y-103.829 F4000
G1 X184.898 Y-104.141
G1 X186.687 Y-106.670
G1 X186.598 Y-106.732
G1 X186.516 Y-106.790
G1 X186.406 Y-106.868
G1 X186.311 Y-106.935
G1 X186.210 Y-107.007
G1 X186.103 Y-107.083
G1 X185.993 Y-107.161
G1 X185.880 Y-107.242
G1 X185.765 Y-107.324
G1 X185.649 Y-107.406
G1 X185.534 Y-107.489
G1 X185.420 Y-107.571
G1 X185.308 Y-107.651
G1 X185.202 Y-107.727
G1 X185.104 Y-107.798
G1 X185.014 Y-107.862
G1 X184.909 Y-107.938
G1 X184.822 Y-108.001
G1 X184.740 Y-108.061
G1 X184.825 Y-108.007
G1 X184.912 Y-107.946
G1 X185.007 Y-107.879
G1 X185.125 Y-107.795
G1 X185.211 Y-107.734
G1 X185.302 Y-107.669
G1 X185.423 Y-107.583
G1 X185.551 Y-107.492
G1 X185.684 Y-107.398
G1 X185.806 Y-107.310
G1 X185.938 Y-107.216
G1 X186.065 Y-107.125
G1 X186.185 Y-107.039
G1 X186.275 Y-106.974
G1 X186.360 Y-106.913
G1 X186.476 Y-106.829
G1 X186.561 Y-106.768
G1 X186.648 Y-106.705
G1 X186.729 Y-106.640
G1 X189.906 Y-111.222
G1 X192.865 Y-109.130
G1 X186.451 Y-100.059
G1 X186.033 Y-100.355
G1 X187.524 Y-102.441
G1 X187.437 Y-102.506
G1 X187.345 Y-102.573
G1 X187.251 Y-102.641
G1 X187.141 Y-102.720
G1 X187.017 Y-102.809
G1 X186.928 Y-102.874
G1 X186.821 Y-102.950
G1 X186.695 Y-103.040
G1 X186.564 Y-103.134
G1 X186.469 Y-103.202
G1 X186.335 Y-103.298
G1 X186.205 Y-103.391
G1 X186.081 Y-103.479
G1 X185.976 Y-103.554
G1 X185.888 Y-103.616
G1 X185.805 Y-103.674
G1 X185.693 Y-103.754
G1 X185.597 Y-103.821
G1 X185.513 Y-103.880
G1 X185.430 Y-103.938
G1 X185.323 Y-103.834
G1 X185.845 Y-103.458
; Retract
G0 Z3.000

; Path 212
; Rapid to initial position
G0 X185.319 Y-103.829
G0 Z0.000
; plunge
G1 Z-0.200 F4000
; cut
G1 X183.910 Y-101.856 F4000
G1 X183.492 Y-102.152
G1 X184.892 Y-104.131
G1 X177.785 Y-109.157
G1 X178.238 Y-108.911
G1 X178.301 Y-108.833
G1 X178.389 Y-108.769
G1 X178.481 Y-108.702
G1 X178.590 Y-108.623
G1 X178.683 Y-108.557
G1 X178.783 Y-108.485
G1 X178.873 Y-108.420
G1 X178.986 Y-108.339
G1 X179.100 Y-108.257
G1 X179.216 Y-108.175
G1 X179.332 Y-108.092
G1 X179.447 Y-108.010
G1 X179.559 Y-107.930
G1 X179.669 Y-107.852
G1 X179.774 Y-107.777
G1 X179.875 Y-107.706
G1 X179.969 Y-107.639
G1 X180.064 Y-107.572
G1 X180.160 Y-107.504
G1 X180.247 Y-107.442
G1 X180.331 Y-107.385
G1 X180.778 Y-107.114
G1 X184.898 Y-104.141
G1 X185.319 Y-103.829
; Retract
G0 Z3.000

; Path 213
; Rapid to initial position
G0 X185.975 Y-102.578
G0 Z0.000
; plunge
G1 Z-0.200 F4000
; cut
G1 X192.424 Y-111.698 F4000
; Retract
G0 Z3.000

; Path 214
; Rapid to initial position
G0 X194.438 Y-110.213
G0 Z0.000
; plunge
G1 Z-0.200 F4000
; cut
G1 X199.473 Y-106.653 F4000
; Retract
G0 Z3.000

; Path 215
; Rapid to initial position
G0 X199.790 Y-111.132
G0 Z0.000
; plunge
G1 Z-0.200 F4000
; cut
G1 X198.555 Y-112.005 F4000
; Retract
G0 Z3.000

; Path 216
; Rapid to initial position
G0 X199.316 Y-113.895
G0 Z0.000
; plunge
G1 Z-0.200 F4000
; cut
G1 X201.318 Y-112.479 F4000
; Retract
G0 Z3.000

; Path 217
; Rapid to initial position
G0 X195.468 Y-104.206
G0 Z0.000
; plunge
G1 Z-0.200 F4000
; cut
G1 X193.467 Y-105.622 F4000
; Retract
G0 Z3.000

; Path 218
; Rapid to initial position
G0 X191.234 Y-103.480
G0 Z0.000
; plunge
G1 Z-0.200 F4000
; cut
G1 X194.193 Y-101.388 F4000
; Retract
G0 Z3.000

; Path 219
; Rapid to initial position
G0 X190.339 Y-108.696
G0 Z0.000
; plunge
G1 Z-0.200 F4000
; cut
G1 X183.925 Y-99.626 F4000
; Retract
G0 Z3.000

; Path 220
; Rapid to initial position
G0 X183.302 Y-103.007
G0 Z0.000
; plunge
G1 Z-0.200 F4000
; cut
G1 X178.236 Y-106.663 F4000
; Retract
G0 Z3.000

; Path 221
; Rapid to initial position
G0 X178.526 Y-104.718
G0 Z0.000
; plunge
G1 Z-0.200 F4000
; cut
G1 X176.524 Y-101.887 F4000
; Retract
G0 Z3.000

; Path 222
; Rapid to initial position
G0 X182.536 Y-107.725
G0 Z0.000
; plunge
G1 Z-0.200 F4000
; cut
G1 X182.953 Y-107.429 F4000
; Retract
G0 Z3.000

; Path 223
; Rapid to initial position
G0 X183.128 Y-107.855
G0 Z0.000
; plunge
G1 Z-0.200 F4000
; cut
G1 X183.036 Y-107.917 F4000
G1 X182.948 Y-107.979
G1 X182.852 Y-108.047
G1 X182.815 Y-108.072
; Retract
G0 Z3.000

; Path 224
; Rapid to initial position
G0 X182.826 Y-109.668
G0 Z0.000
; plunge
G1 Z-0.200 F4000
; cut
G1 X182.911 Y-109.604 F4000
G1 X183.002 Y-109.538
G1 X183.083 Y-109.479
G1 X183.178 Y-109.411
G1 X183.268 Y-109.345
G1 X183.351 Y-109.286
G1 X183.438 Y-109.223
G1 X183.531 Y-109.157
G1 X183.626 Y-109.089
G1 X183.721 Y-109.020
G1 X183.818 Y-108.951
G1 X183.914 Y-108.883
G1 X184.010 Y-108.814
G1 X184.105 Y-108.747
G1 X184.198 Y-108.680
G1 X184.289 Y-108.616
G1 X184.376 Y-108.554
G1 X184.460 Y-108.494
G1 X184.555 Y-108.427
G1 X184.629 Y-108.374
; Retract
G0 Z3.000

; Path 225
; Rapid to initial position
G0 X184.676 Y-108.109
G0 Z0.000
; plunge
G1 Z-0.200 F4000
; cut
G1 X184.761 Y-108.052 F4000
G1 X184.845 Y-107.993
G1 X184.928 Y-107.934
G1 X185.016 Y-107.872
G1 X185.104 Y-107.810
G1 X185.189 Y-107.750
G1 X185.279 Y-107.686
G1 X185.362 Y-107.627
G1 X185.448 Y-107.565
G1 X185.538 Y-107.502
G1 X185.630 Y-107.436
G1 X185.724 Y-107.368
G1 X185.806 Y-107.310
G1 X185.899 Y-107.244
G1 X185.990 Y-107.179
G1 X186.077 Y-107.116
G1 X186.161 Y-107.056
G1 X186.253 Y-106.990
G1 X186.339 Y-106.928
G1 X186.429 Y-106.863
G1 X186.511 Y-106.804
G1 X186.599 Y-106.740
G1 X186.684 Y-106.679
G1 X186.766 Y-106.618
G1 X186.792 Y-106.598
; Retract
G0 Z3.000

; Path 226
; Rapid to initial position
G0 X186.745 Y-106.863
G0 Z0.000
; plunge
G1 Z-0.200 F4000
; cut
G1 X186.656 Y-106.926 F4000
G1 X186.559 Y-106.994
G1 X186.475 Y-107.055
G1 X186.387 Y-107.117
G1 X186.296 Y-107.182
G1 X186.202 Y-107.249
G1 X186.107 Y-107.316
G1 X186.011 Y-107.385
G1 X185.915 Y-107.454
G1 X185.818 Y-107.523
G1 X185.723 Y-107.591
G1 X185.628 Y-107.659
G1 X185.537 Y-107.725
G1 X185.450 Y-107.787
G1 X185.353 Y-107.857
G1 X185.265 Y-107.920
G1 X185.174 Y-107.986
G1 X185.087 Y-108.049
G1 X185.005 Y-108.109
G1 X184.941 Y-108.157
; Retract
G0 Z3.000

; Path 227
; Rapid to initial position
G0 X186.490 Y-108.411
G0 Z0.000
; plunge
G1 Z-0.200 F4000
; cut
G1 X186.398 Y-108.474 F4000
G1 X186.310 Y-108.536
G1 X186.214 Y-108.604
G1 X186.119 Y-108.671
G1 X186.025 Y-108.737
G1 X185.942 Y-108.796
G1 X185.855 Y-108.858
G1 X185.765 Y-108.922
G1 X185.672 Y-108.988
G1 X185.578 Y-109.055
G1 X185.482 Y-109.124
G1 X185.386 Y-109.193
G1 X185.289 Y-109.262
G1 X185.193 Y-109.330
G1 X185.098 Y-109.398
G1 X185.005 Y-109.465
G1 X184.917 Y-109.529
G1 X184.833 Y-109.589
G1 X184.741 Y-109.655
G1 X184.657 Y-109.715
G1 X184.572 Y-109.777
G1 X184.483 Y-109.842
G1 X184.400 Y-109.903
G1 X182.876 Y-107.827
G1 X182.940 Y-107.749
G1 X183.028 Y-107.685
G1 X183.120 Y-107.618
G1 X183.215 Y-107.550
G1 X183.305 Y-107.484
G1 X183.388 Y-107.425
G1 X183.476 Y-107.362
G1 X183.568 Y-107.296
G1 X183.663 Y-107.228
G1 X183.758 Y-107.159
G1 X183.855 Y-107.090
G1 X183.951 Y-107.022
G1 X184.047 Y-106.953
G1 X184.142 Y-106.885
G1 X184.235 Y-106.819
G1 X184.326 Y-106.755
G1 X184.413 Y-106.693
G1 X184.497 Y-106.633
G1 X184.592 Y-106.566
G1 X184.685 Y-106.500
G1 X184.769 Y-106.441
G1 X184.852 Y-106.382
G1 X184.939 Y-106.322
G1 X186.490 Y-108.411
; Retract
G0 Z3.000

; Path 228
; Rapid to initial position
G0 X185.244 Y-106.343
G0 Z0.000
; plunge
G1 Z-0.200 F4000
; cut
G1 X185.151 Y-106.406 F4000
G1 X185.064 Y-106.467
G1 X184.967 Y-106.535
G1 X184.931 Y-106.561
; Retract
G0 Z3.000

; Path 229
; Rapid to initial position
G0 X197.362 Y-135.536
G0 Z0.000
; plunge
G1 Z-0.200 F4000
; cut
G1 X222.373 Y-117.851 F4000
; Retract
G0 Z3.000

; Path 230
; Rapid to initial position
G0 X219.090 Y-130.228
G0 Z0.000
; plunge
G1 Z-0.200 F4000
; cut
G1 X245.331 Y-148.783 F4000
; Retract
G0 Z3.000

; Path 231
; Rapid to initial position
G0 X249.797 Y-155.830
G0 Z0.000
; plunge
G1 Z-0.200 F4000
; cut
G1 X251.298 Y-156.892 F4000
; Retract
G0 Z3.000

; Path 232
; Rapid to initial position
G0 X251.436 Y-156.999
G0 Z0.000
; plunge
G1 Z-0.200 F4000
; cut
G1 X251.361 Y-157.085 F4000
G1 X251.283 Y-157.164
G1 X251.201 Y-157.236
G1 X251.117 Y-157.301
G1 X251.031 Y-157.359
G1 X250.944 Y-157.410
G1 X250.842 Y-157.459
G1 X250.741 Y-157.497
G1 X250.639 Y-157.526
G1 X250.538 Y-157.543
G1 X250.427 Y-157.550
G1 X250.319 Y-157.542
G1 X250.215 Y-157.520
G1 X250.264 Y-157.429
G1 X250.328 Y-157.332
G1 X250.388 Y-157.252
G1 X250.462 Y-157.164
G1 X250.539 Y-157.083
G1 X250.620 Y-157.009
G1 X250.703 Y-156.942
G1 X250.789 Y-156.882
G1 X250.876 Y-156.829
G1 X250.977 Y-156.778
G1 X251.078 Y-156.736
G1 X251.180 Y-156.706
G1 X251.281 Y-156.685
G1 X251.381 Y-156.676
G1 X251.490 Y-156.679
G1 X251.595 Y-156.696
G1 X251.581 Y-156.796
G1 X251.526 Y-156.880
G1 X251.467 Y-156.961
G1 X251.436 Y-156.999
; Retract
G0 Z3.000

; Path 233
; Rapid to initial position
G0 X251.297 Y-157.205
G0 Z0.000
; plunge
G1 Z-0.200 F4000
; cut
G1 X251.388 Y-157.259 F4000
G1 X251.486 Y-157.297
G1 X251.589 Y-157.321
G1 X251.696 Y-157.330
G1 X251.807 Y-157.325
G1 X251.908 Y-157.309
G1 X252.009 Y-157.282
G1 X252.111 Y-157.244
G1 X252.212 Y-157.197
G1 X252.300 Y-157.147
G1 X252.386 Y-157.090
G1 X252.471 Y-157.026
G1 X252.553 Y-156.955
G1 X252.632 Y-156.877
G1 X252.707 Y-156.792
G1 X252.778 Y-156.701
G1 X252.836 Y-156.619
G1 X252.896 Y-156.520
G1 X252.948 Y-156.420
G1 X252.994 Y-156.320
G1 X253.031 Y-156.219
G1 X253.062 Y-156.118
G1 X253.084 Y-156.018
G1 X253.100 Y-155.919
G1 X253.108 Y-155.808
G1 X253.107 Y-155.701
G1 X253.096 Y-155.597
G1 X253.076 Y-155.498
G1 X253.041 Y-155.394
G1 X252.994 Y-155.297
G1 X252.934 Y-155.210
G1 X252.862 Y-155.133
G1 X252.798 Y-155.081
; Retract
G0 Z3.000

; Path 234
; Rapid to initial position
G0 X251.745 Y-155.580
G0 Z0.000
; plunge
G1 Z-0.200 F4000
; cut
G1 X253.111 Y-156.581 F4000
G1 X253.192 Y-156.649
G1 X253.261 Y-156.728
G1 X253.307 Y-156.828
G1 X253.323 Y-156.930
G1 X253.329 Y-157.036
G1 X253.325 Y-157.145
G1 X253.312 Y-157.257
G1 X253.292 Y-157.356
G1 X253.265 Y-157.457
G1 X253.231 Y-157.558
G1 X253.189 Y-157.659
G1 X253.139 Y-157.759
G1 X253.082 Y-157.858
G1 X253.018 Y-157.955
G1 X252.958 Y-158.035
G1 X252.884 Y-158.123
G1 X252.807 Y-158.204
G1 X252.726 Y-158.278
G1 X252.643 Y-158.345
G1 X252.557 Y-158.405
G1 X252.470 Y-158.458
G1 X252.369 Y-158.509
G1 X252.267 Y-158.550
G1 X252.166 Y-158.581
G1 X252.065 Y-158.601
G1 X251.965 Y-158.611
G1 X251.856 Y-158.608
G1 X251.751 Y-158.591
G1 X251.759 Y-158.486
G1 X251.829 Y-158.393
G1 X251.885 Y-158.310
G1 X251.943 Y-158.211
G1 X251.993 Y-158.111
G1 X252.036 Y-158.010
G1 X252.072 Y-157.909
G1 X252.100 Y-157.809
G1 X252.121 Y-157.709
G1 X252.135 Y-157.597
G1 X252.140 Y-157.487
G1 X252.135 Y-157.381
G1 X252.121 Y-157.279
G1 X252.096 Y-157.182
G1 X252.057 Y-157.080
G1 X252.006 Y-156.987
G1 X251.943 Y-156.903
G1 X251.867 Y-156.830
G1 X251.779 Y-156.769
G1 X251.685 Y-156.724
G1 X251.681 Y-156.611
G1 X251.724 Y-156.511
G1 X251.759 Y-156.410
G1 X251.787 Y-156.309
G1 X251.808 Y-156.209
G1 X251.823 Y-156.097
G1 X251.828 Y-155.987
G1 X251.823 Y-155.881
G1 X251.808 Y-155.779
G1 X251.780 Y-155.671
G1 X251.609 Y-155.519
G1 X251.518 Y-155.465
G1 X251.421 Y-155.427
G1 X251.317 Y-155.403
G1 X251.210 Y-155.394
G1 X251.099 Y-155.399
G1 X250.998 Y-155.415
G1 X250.897 Y-155.442
G1 X250.795 Y-155.480
G1 X250.694 Y-155.527
G1 X250.606 Y-155.577
G1 X250.520 Y-155.634
G1 X250.435 Y-155.698
G1 X250.353 Y-155.769
G1 X250.275 Y-155.847
G1 X250.199 Y-155.932
G1 X250.128 Y-156.023
G1 X250.070 Y-156.106
G1 X250.010 Y-156.204
G1 X249.958 Y-156.304
G1 X249.913 Y-156.404
G1 X249.875 Y-156.505
G1 X249.845 Y-156.606
G1 X249.822 Y-156.706
G1 X249.806 Y-156.805
G1 X249.798 Y-156.916
G1 X249.799 Y-157.023
G1 X249.810 Y-157.127
G1 X249.831 Y-157.226
G1 X249.865 Y-157.330
G1 X249.913 Y-157.427
G1 X249.972 Y-157.514
G1 X250.044 Y-157.591
G1 X250.141 Y-157.666
G1 X250.100 Y-157.772
G1 X250.068 Y-157.873
G1 X250.044 Y-157.973
G1 X250.028 Y-158.072
G1 X250.018 Y-158.183
G1 X250.018 Y-158.291
G1 X250.028 Y-158.396
G1 X250.047 Y-158.495
G1 X250.081 Y-158.601
G1 X250.127 Y-158.698
G1 X250.185 Y-158.786
G1 X250.255 Y-158.864
G1 X250.338 Y-158.931
G1 X250.429 Y-158.983
G1 X250.528 Y-159.020
G1 X250.631 Y-159.042
G1 X250.739 Y-159.050
G1 X250.851 Y-159.043
G1 X250.951 Y-159.025
G1 X251.053 Y-158.997
G1 X251.155 Y-158.959
G1 X251.256 Y-158.910
G1 X251.344 Y-158.859
G1 X251.430 Y-158.801
G1 X251.514 Y-158.736
G1 X250.141 Y-157.666
G1 X250.185 Y-157.571
G1 X250.015 Y-157.424
G1 X250.106 Y-157.478
G1 X250.204 Y-157.517
G1 X251.517 Y-158.486
G1 X251.608 Y-158.540
G1 X251.618 Y-158.642
G1 X251.659 Y-158.736
G1 X251.754 Y-158.782
G1 X251.855 Y-158.812
G1 X251.960 Y-158.827
G1 X252.070 Y-158.829
G1 X252.170 Y-158.818
G1 X252.271 Y-158.796
G1 X252.373 Y-158.764
G1 X252.474 Y-158.722
G1 X252.563 Y-158.676
G1 X252.650 Y-158.624
G1 X252.735 Y-158.563
G1 X252.819 Y-158.496
G1 X252.899 Y-158.422
G1 X252.977 Y-158.341
G1 X253.051 Y-158.254
G1 X253.111 Y-158.174
G1 X253.166 Y-158.090
G1 X253.224 Y-157.991
G1 X253.275 Y-157.891
G1 X253.318 Y-157.791
G1 X253.353 Y-157.690
G1 X253.381 Y-157.589
G1 X253.402 Y-157.489
G1 X253.417 Y-157.377
G1 X253.422 Y-157.267
G1 X253.417 Y-157.161
G1 X253.402 Y-157.059
G1 X253.374 Y-156.950
G1 X253.334 Y-156.849
G1 X253.289 Y-156.756
G1 X253.251 Y-156.653
G1 X253.201 Y-156.558
G1 X253.139 Y-156.473
G1 X253.065 Y-156.399
G1 X251.517 Y-155.301
G1 X251.598 Y-155.369
G1 X251.667 Y-155.448
G1 X251.724 Y-155.538
G1 X251.745 Y-155.580
; Retract
G0 Z3.000

; Path 235
; Rapid to initial position
G0 X251.736 Y-156.583
G0 Z0.000
; plunge
G1 Z-0.200 F4000
; cut
G1 X251.818 Y-156.651 F4000
G1 X251.887 Y-156.730
G1 X251.943 Y-156.819
G1 X251.988 Y-156.917
G1 X252.020 Y-157.024
G1 X252.038 Y-157.124
G1 X252.047 Y-157.229
G1 X252.046 Y-157.337
G1 X252.035 Y-157.448
G1 X252.017 Y-157.548
G1 X251.992 Y-157.648
G1 X251.960 Y-157.749
G1 X251.920 Y-157.850
G1 X251.873 Y-157.950
G1 X251.818 Y-158.050
G1 X251.756 Y-158.147
G1 X251.697 Y-158.229
G1 X251.624 Y-158.318
G1 X251.548 Y-158.401
G1 X251.468 Y-158.477
G1 X251.385 Y-158.547
G1 X251.300 Y-158.609
G1 X251.214 Y-158.664
G1 X251.113 Y-158.717
G1 X251.011 Y-158.761
G1 X250.909 Y-158.794
G1 X250.808 Y-158.817
G1 X250.708 Y-158.829
G1 X250.598 Y-158.830
G1 X250.492 Y-158.816
G1 X250.391 Y-158.787
G1 X250.295 Y-158.743
G1 X250.235 Y-158.706
; Retract
G0 Z3.000

; Path 236
; Rapid to initial position
G0 X249.469 Y-158.191
G0 Z0.000
; plunge
G1 Z-0.200 F4000
; cut
G1 X249.529 Y-158.111 F4000
G1 X249.603 Y-158.023
G1 X249.680 Y-157.942
G1 X249.761 Y-157.868
G1 X249.844 Y-157.801
G1 X249.930 Y-157.741
G1 X250.017 Y-157.688
G1 X250.118 Y-157.637
G1 X250.220 Y-157.595
G1 X250.321 Y-157.565
G1 X250.422 Y-157.544
G1 X250.522 Y-157.535
G1 X250.631 Y-157.538
G1 X250.736 Y-157.555
G1 X250.836 Y-157.587
G1 X250.931 Y-157.634
G1 X250.970 Y-157.660
; Retract
G0 Z3.000

; Path 237
; Rapid to initial position
G0 X251.499 Y-157.972
G0 Z0.000
; plunge
G1 Z-0.200 F4000
; cut
G1 X251.444 Y-158.056 F4000
G1 X251.386 Y-158.154
G1 X251.335 Y-158.254
G1 X251.292 Y-158.355
G1 X251.257 Y-158.456
G1 X251.229 Y-158.557
G1 X251.208 Y-158.657
G1 X251.193 Y-158.769
G1 X251.188 Y-158.879
G1 X251.193 Y-158.985
G1 X251.208 Y-159.087
G1 X251.236 Y-159.195
G1 X251.276 Y-159.297
G1 X251.329 Y-159.389
G1 X251.394 Y-159.472
G1 X251.471 Y-159.543
G1 X251.499 Y-159.565
; Retract
G0 Z3.000

; Path 238
; Rapid to initial position
G0 X253.422 Y-158.393
G0 Z0.000
; plunge
G1 Z-0.200 F4000
; cut
G1 X251.920 Y-157.332 F4000
; Retract
G0 Z3.000

; Path 239
; Rapid to initial position
G0 X250.029 Y-162.232
G0 Z0.000
; plunge
G1 Z-0.200 F4000
; cut
G1 X248.028 Y-165.063 F4000
G1 X254.834 Y-169.876
G1 X246.596 Y-181.526
G1 X251.550 Y-185.028
G1 X253.004 Y-182.971
G1 X259.732 Y-173.340
G1 X254.834 Y-169.876
G1 X256.836 Y-167.045
G1 X250.029 Y-162.232
; Retract
G0 Z3.000

; Path 240
; Rapid to initial position
G0 X247.707 Y-162.630
G0 Z0.000
; plunge
G1 Z-0.200 F4000
; cut
G1 X277.733 Y-120.167 F4000
; Retract
G0 Z3.000

; Path 241
; Rapid to initial position
G0 X278.707 Y-133.454
G0 Z0.000
; plunge
G1 Z-0.200 F4000
; cut
G1 X278.789 Y-133.521 F4000
G1 X278.858 Y-133.601
G1 X278.914 Y-133.690
G1 X278.959 Y-133.788
G1 X278.991 Y-133.895
G1 X279.009 Y-133.995
G1 X279.017 Y-134.099
G1 X279.016 Y-134.208
G1 X279.005 Y-134.319
G1 X278.988 Y-134.419
G1 X278.963 Y-134.519
G1 X278.930 Y-134.620
G1 X278.891 Y-134.721
G1 X278.843 Y-134.821
G1 X278.789 Y-134.921
G1 X278.726 Y-135.018
G1 X278.668 Y-135.100
G1 X278.595 Y-135.189
G1 X278.518 Y-135.272
G1 X278.439 Y-135.348
G1 X278.356 Y-135.417
G1 X278.271 Y-135.480
G1 X278.184 Y-135.534
G1 X278.096 Y-135.582
G1 X277.995 Y-135.627
G1 X277.893 Y-135.662
G1 X277.792 Y-135.686
G1 X277.691 Y-135.699
G1 X277.581 Y-135.701
G1 X277.474 Y-135.689
G1 X277.372 Y-135.662
G1 X277.276 Y-135.620
G1 X277.206 Y-135.577
; Retract
G0 Z3.000

; Path 242
; Rapid to initial position
G0 X277.135 Y-135.629
G0 Z0.000
; plunge
G1 Z-0.200 F4000
; cut
G1 X277.201 Y-135.710 F4000
G1 X277.279 Y-135.781
G1 X277.369 Y-135.838
G1 X277.465 Y-135.880
G1 X277.447 Y-135.984
G1 X277.404 Y-136.085
G1 X277.369 Y-136.186
G1 X277.340 Y-136.287
G1 X277.320 Y-136.386
G1 X277.305 Y-136.499
G1 X277.300 Y-136.608
G1 X277.305 Y-136.715
G1 X277.320 Y-136.817
G1 X277.348 Y-136.925
G1 X277.518 Y-137.076
G1 X277.610 Y-137.130
G1 X277.707 Y-137.169
G1 X277.810 Y-137.193
G1 X277.918 Y-137.202
G1 X278.029 Y-137.197
G1 X278.129 Y-137.180
G1 X278.231 Y-137.154
G1 X278.333 Y-137.116
G1 X278.434 Y-137.069
G1 X278.522 Y-137.019
G1 X278.608 Y-136.962
G1 X278.692 Y-136.898
G1 X278.774 Y-136.827
G1 X278.853 Y-136.749
G1 X278.929 Y-136.664
G1 X279.000 Y-136.573
G1 X279.057 Y-136.490
G1 X279.117 Y-136.392
G1 X279.170 Y-136.292
G1 X279.215 Y-136.192
G1 X279.253 Y-136.091
G1 X279.283 Y-135.990
G1 X279.306 Y-135.890
G1 X279.322 Y-135.791
G1 X279.330 Y-135.680
G1 X279.329 Y-135.573
G1 X279.318 Y-135.469
G1 X279.297 Y-135.370
G1 X279.262 Y-135.265
G1 X279.215 Y-135.169
G1 X279.156 Y-135.082
G1 X279.084 Y-135.005
G1 X278.987 Y-134.930
G1 X279.028 Y-134.824
G1 X279.060 Y-134.723
G1 X279.083 Y-134.623
G1 X279.100 Y-134.524
G1 X279.110 Y-134.412
G1 X279.110 Y-134.304
G1 X279.100 Y-134.200
G1 X279.080 Y-134.101
G1 X279.047 Y-133.995
G1 X279.001 Y-133.898
G1 X278.943 Y-133.809
G1 X278.873 Y-133.731
G1 X278.790 Y-133.665
G1 X278.698 Y-133.613
G1 X278.600 Y-133.576
G1 X278.496 Y-133.554
G1 X278.388 Y-133.546
G1 X278.277 Y-133.553
G1 X278.176 Y-133.570
G1 X278.075 Y-133.599
G1 X277.973 Y-133.637
G1 X277.872 Y-133.686
G1 X277.784 Y-133.737
G1 X277.698 Y-133.795
G1 X277.614 Y-133.860
G1 X278.987 Y-134.930
G1 X278.943 Y-135.025
G1 X279.112 Y-135.171
G1 X279.021 Y-135.117
G1 X278.924 Y-135.079
G1 X277.611 Y-134.110
G1 X277.520 Y-134.056
G1 X277.510 Y-133.954
G1 X277.469 Y-133.860
G1 X277.374 Y-133.814
G1 X277.273 Y-133.784
G1 X277.167 Y-133.768
G1 X277.058 Y-133.767
G1 X276.958 Y-133.778
G1 X276.857 Y-133.800
G1 X276.755 Y-133.832
G1 X276.653 Y-133.874
G1 X276.552 Y-133.927
G1 X276.466 Y-133.980
G1 X276.380 Y-134.042
G1 X276.297 Y-134.110
G1 X276.217 Y-134.185
G1 X276.140 Y-134.267
G1 X276.067 Y-134.355
G1 X276.007 Y-134.436
G1 X275.944 Y-134.534
G1 X275.888 Y-134.633
G1 X275.840 Y-134.733
G1 X275.799 Y-134.834
G1 X275.766 Y-134.935
G1 X275.740 Y-135.035
G1 X275.721 Y-135.135
G1 X275.709 Y-135.247
G1 X275.707 Y-135.355
G1 X275.714 Y-135.461
G1 X275.731 Y-135.561
G1 X275.762 Y-135.669
G1 X275.805 Y-135.768
G1 X275.846 Y-135.864
G1 X275.887 Y-135.965
G1 X275.939 Y-136.057
G1 X276.004 Y-136.140
G1 X276.081 Y-136.212
G1 X277.611 Y-137.295
G1 X277.530 Y-137.227
G1 X277.461 Y-137.148
G1 X277.404 Y-137.058
G1 X277.362 Y-136.966
G1 X276.017 Y-136.015
G1 X275.936 Y-135.947
G1 X275.867 Y-135.868
G1 X275.821 Y-135.767
G1 X275.805 Y-135.666
G1 X275.799 Y-135.560
G1 X275.803 Y-135.451
G1 X275.816 Y-135.339
G1 X275.836 Y-135.239
G1 X275.863 Y-135.139
G1 X275.897 Y-135.038
G1 X275.939 Y-134.937
G1 X275.989 Y-134.837
G1 X276.046 Y-134.738
G1 X276.110 Y-134.641
G1 X276.170 Y-134.560
G1 X276.244 Y-134.473
G1 X276.321 Y-134.392
G1 X276.402 Y-134.318
G1 X276.485 Y-134.251
G1 X276.571 Y-134.191
G1 X276.658 Y-134.138
G1 X276.759 Y-134.087
G1 X276.860 Y-134.045
G1 X276.962 Y-134.015
G1 X277.063 Y-133.994
G1 X277.163 Y-133.985
G1 X277.272 Y-133.988
G1 X277.377 Y-134.005
G1 X277.369 Y-134.109
G1 X277.308 Y-134.189
G1 X277.252 Y-134.272
G1 X277.193 Y-134.370
G1 X277.141 Y-134.470
G1 X277.097 Y-134.571
G1 X277.061 Y-134.672
G1 X277.031 Y-134.773
G1 X277.010 Y-134.873
G1 X276.994 Y-134.985
G1 X276.988 Y-135.095
G1 X276.991 Y-135.202
G1 X277.005 Y-135.304
G1 X277.028 Y-135.402
G1 X277.065 Y-135.505
G1 X277.115 Y-135.599
G1 X277.135 Y-135.629
; Retract
G0 Z3.000

; Path 243
; Rapid to initial position
G0 X277.208 Y-135.264
G0 Z0.000
; plunge
G1 Z-0.200 F4000
; cut
G1 X275.706 Y-134.203 F4000
; Retract
G0 Z3.000

; Path 244
; Rapid to initial position
G0 X276.440 Y-135.061
G0 Z0.000
; plunge
G1 Z-0.200 F4000
; cut
G1 X276.500 Y-134.981 F4000
G1 X276.573 Y-134.894
G1 X276.651 Y-134.813
G1 X276.732 Y-134.739
G1 X276.815 Y-134.671
G1 X276.900 Y-134.611
G1 X276.988 Y-134.559
G1 X277.089 Y-134.507
G1 X277.190 Y-134.466
G1 X277.292 Y-134.435
G1 X277.393 Y-134.415
G1 X277.493 Y-134.406
G1 X277.602 Y-134.409
G1 X277.707 Y-134.426
G1 X277.807 Y-134.458
G1 X277.901 Y-134.505
G1 X277.941 Y-134.531
; Retract
G0 Z3.000

; Path 245
; Rapid to initial position
G0 X278.470 Y-134.843
G0 Z0.000
; plunge
G1 Z-0.200 F4000
; cut
G1 X278.406 Y-134.940 F4000
G1 X278.349 Y-135.039
G1 X278.300 Y-135.140
G1 X278.258 Y-135.240
G1 X278.223 Y-135.341
G1 X278.196 Y-135.442
G1 X278.176 Y-135.542
G1 X278.163 Y-135.654
G1 X278.159 Y-135.763
G1 X278.165 Y-135.869
G1 X278.181 Y-135.970
G1 X278.211 Y-136.078
G1 X278.252 Y-136.178
G1 X278.306 Y-136.270
G1 X278.372 Y-136.351
G1 X278.451 Y-136.422
G1 X278.470 Y-136.436
; Retract
G0 Z3.000

; Path 246
; Rapid to initial position
G0 X278.176 Y-135.806
G0 Z0.000
; plunge
G1 Z-0.200 F4000
; cut
G1 X278.075 Y-135.850 F4000
G1 X277.973 Y-135.883
G1 X277.872 Y-135.906
G1 X277.772 Y-135.918
G1 X277.662 Y-135.919
G1 X277.556 Y-135.905
G1 X277.547 Y-135.799
G1 X277.611 Y-135.702
G1 X277.671 Y-135.622
G1 X277.745 Y-135.535
G1 X277.822 Y-135.454
G1 X277.903 Y-135.379
G1 X277.986 Y-135.312
G1 X278.072 Y-135.252
G1 X278.159 Y-135.199
G1 X278.260 Y-135.148
G1 X278.362 Y-135.107
G1 X278.464 Y-135.076
G1 X278.565 Y-135.056
G1 X278.676 Y-135.046
G1 X278.785 Y-135.050
G1 X278.890 Y-135.069
G1 X278.864 Y-135.167
G1 X278.800 Y-135.264
G1 X278.740 Y-135.344
G1 X278.666 Y-135.432
G1 X278.589 Y-135.513
G1 X278.508 Y-135.587
G1 X278.425 Y-135.654
G1 X278.339 Y-135.714
G1 X278.252 Y-135.767
G1 X278.176 Y-135.806
; Retract
G0 Z3.000

; Path 247
; Rapid to initial position
G0 X277.829 Y-135.704
G0 Z0.000
; plunge
G1 Z-0.200 F4000
; cut
G1 X279.331 Y-136.765 F4000
; Retract
G0 Z3.000

; Path 248
; Rapid to initial position
G0 X277.408 Y-136.345
G0 Z0.000
; plunge
G1 Z-0.200 F4000
; cut
G1 X277.344 Y-136.442 F4000
G1 X277.287 Y-136.541
G1 X277.238 Y-136.641
G1 X277.196 Y-136.742
G1 X277.161 Y-136.843
G1 X277.134 Y-136.943
G1 X277.115 Y-137.043
G1 X277.101 Y-137.155
G1 X277.098 Y-137.264
G1 X277.104 Y-137.370
G1 X277.120 Y-137.471
G1 X277.145 Y-137.568
G1 X277.185 Y-137.669
G1 X277.238 Y-137.761
G1 X277.303 Y-137.844
G1 X277.380 Y-137.916
G1 X277.408 Y-137.937
; Retract
G0 Z3.000

; Path 249
; Rapid to initial position
G0 X276.879 Y-136.032
G0 Z0.000
; plunge
G1 Z-0.200 F4000
; cut
G1 X276.788 Y-135.978 F4000
G1 X276.691 Y-135.939
G1 X276.587 Y-135.916
G1 X276.480 Y-135.907
G1 X276.369 Y-135.912
G1 X276.268 Y-135.928
G1 X276.167 Y-135.955
G1 X276.065 Y-135.992
G1 X275.964 Y-136.040
G1 X275.876 Y-136.089
G1 X275.790 Y-136.146
G1 X275.705 Y-136.210
G1 X275.623 Y-136.282
G1 X275.545 Y-136.360
G1 X275.469 Y-136.444
G1 X275.398 Y-136.536
G1 X275.378 Y-136.563
; Retract
G0 Z3.000

; Path 250
; Rapid to initial position
G0 X285.955 Y-142.113
G0 Z0.000
; plunge
G1 Z-0.200 F4000
; cut
G1 X285.762 Y-141.976 F4000
G1 X276.504 Y-155.069
G1 X287.701 Y-162.987
G1 X347.754 Y-78.059
G1 X336.557 Y-70.142
G1 X327.299 Y-83.235
G1 X327.492 Y-83.371
G1 X327.573 Y-83.439
G1 X327.642 Y-83.518
G1 X327.699 Y-83.608
G1 X327.743 Y-83.706
G1 X327.775 Y-83.812
G1 X327.794 Y-83.913
G1 X327.802 Y-84.017
G1 X327.801 Y-84.126
G1 X327.790 Y-84.237
G1 X327.772 Y-84.336
G1 X327.748 Y-84.437
G1 X327.715 Y-84.538
G1 X327.675 Y-84.639
G1 X327.628 Y-84.739
G1 X327.573 Y-84.838
G1 X327.511 Y-84.936
G1 X327.452 Y-85.018
G1 X327.380 Y-85.107
G1 X327.303 Y-85.190
G1 X327.223 Y-85.266
G1 X327.141 Y-85.335
G1 X327.056 Y-85.397
G1 X326.969 Y-85.452
G1 X326.881 Y-85.500
G1 X326.779 Y-85.545
G1 X326.678 Y-85.579
G1 X326.576 Y-85.604
G1 X326.476 Y-85.617
G1 X326.366 Y-85.619
G1 X326.259 Y-85.607
G1 X326.157 Y-85.580
G1 X326.061 Y-85.538
G1 X325.797 Y-85.358
G1 X317.290 Y-97.389
G1 X317.483 Y-97.526
G1 X317.564 Y-97.594
G1 X317.633 Y-97.673
G1 X317.690 Y-97.762
G1 X317.735 Y-97.861
G1 X317.767 Y-97.967
G1 X317.785 Y-98.067
G1 X317.793 Y-98.172
G1 X317.792 Y-98.280
G1 X317.781 Y-98.392
G1 X317.764 Y-98.491
G1 X317.739 Y-98.591
G1 X317.706 Y-98.692
G1 X317.666 Y-98.793
G1 X317.619 Y-98.894
G1 X317.564 Y-98.993
G1 X317.502 Y-99.091
G1 X317.443 Y-99.172
G1 X317.371 Y-99.262
G1 X317.294 Y-99.344
G1 X317.215 Y-99.421
G1 X317.132 Y-99.490
G1 X317.047 Y-99.552
G1 X316.960 Y-99.607
G1 X316.860 Y-99.660
G1 X316.758 Y-99.704
G1 X316.656 Y-99.738
G1 X316.555 Y-99.760
G1 X316.455 Y-99.773
G1 X316.345 Y-99.773
G1 X316.239 Y-99.759
G1 X316.137 Y-99.731
G1 X316.042 Y-99.687
G1 X315.789 Y-99.512
G1 X307.281 Y-111.544
G1 X307.474 Y-111.680
G1 X307.556 Y-111.748
G1 X307.625 Y-111.828
G1 X307.681 Y-111.917
G1 X307.726 Y-112.015
G1 X307.758 Y-112.122
G1 X307.776 Y-112.222
G1 X307.785 Y-112.326
G1 X307.783 Y-112.435
G1 X307.772 Y-112.546
G1 X307.755 Y-112.646
G1 X307.730 Y-112.746
G1 X307.697 Y-112.847
G1 X307.658 Y-112.948
G1 X307.610 Y-113.048
G1 X307.556 Y-113.148
G1 X307.493 Y-113.245
G1 X307.435 Y-113.327
G1 X307.362 Y-113.416
G1 X307.286 Y-113.499
G1 X307.206 Y-113.575
G1 X307.123 Y-113.644
G1 X307.038 Y-113.707
G1 X306.951 Y-113.761
G1 X306.863 Y-113.809
G1 X306.762 Y-113.854
G1 X306.660 Y-113.889
G1 X306.559 Y-113.913
G1 X306.458 Y-113.926
G1 X306.348 Y-113.928
G1 X306.241 Y-113.916
G1 X306.139 Y-113.889
G1 X306.043 Y-113.847
G1 X305.780 Y-113.667
G1 X297.272 Y-125.698
G1 X297.465 Y-125.835
G1 X297.547 Y-125.903
G1 X297.616 Y-125.982
G1 X297.672 Y-126.071
G1 X297.717 Y-126.170
G1 X297.749 Y-126.276
G1 X297.767 Y-126.376
G1 X297.776 Y-126.481
G1 X297.774 Y-126.590
G1 X297.764 Y-126.701
G1 X297.746 Y-126.800
G1 X297.721 Y-126.901
G1 X297.689 Y-127.001
G1 X297.649 Y-127.102
G1 X297.601 Y-127.203
G1 X297.547 Y-127.302
G1 X297.485 Y-127.400
G1 X297.426 Y-127.481
G1 X297.353 Y-127.571
G1 X297.277 Y-127.654
G1 X297.197 Y-127.730
G1 X297.114 Y-127.799
G1 X297.029 Y-127.861
G1 X296.943 Y-127.916
G1 X296.855 Y-127.964
G1 X296.753 Y-128.008
G1 X296.651 Y-128.043
G1 X296.550 Y-128.067
G1 X296.450 Y-128.081
G1 X296.339 Y-128.083
G1 X296.233 Y-128.071
G1 X296.131 Y-128.044
G1 X296.034 Y-128.002
G1 X295.771 Y-127.822
G1 X287.263 Y-139.853
G1 X287.457 Y-139.990
G1 X287.538 Y-140.058
G1 X287.607 Y-140.137
G1 X287.664 Y-140.226
G1 X287.708 Y-140.324
G1 X287.740 Y-140.431
G1 X287.758 Y-140.531
G1 X287.767 Y-140.636
G1 X287.766 Y-140.744
G1 X287.755 Y-140.855
G1 X287.737 Y-140.955
G1 X287.712 Y-141.055
G1 X287.680 Y-141.156
G1 X287.640 Y-141.257
G1 X287.593 Y-141.357
G1 X287.538 Y-141.457
G1 X287.476 Y-141.555
G1 X287.417 Y-141.636
G1 X287.344 Y-141.725
G1 X287.268 Y-141.808
G1 X287.188 Y-141.884
G1 X287.105 Y-141.954
G1 X287.021 Y-142.016
G1 X286.934 Y-142.071
G1 X286.833 Y-142.124
G1 X286.731 Y-142.168
G1 X286.630 Y-142.201
G1 X286.528 Y-142.224
G1 X286.428 Y-142.236
G1 X286.318 Y-142.237
G1 X286.212 Y-142.223
G1 X286.111 Y-142.194
G1 X286.015 Y-142.151
G1 X285.955 Y-142.113
; Retract
G0 Z3.000

; Path 251
; Rapid to initial position
G0 X289.861 Y-144.211
G0 Z0.000
; plunge
G1 Z-0.200 F4000
; cut
G1 X291.362 Y-145.273 F4000
; Retract
G0 Z3.000

; Path 252
; Rapid to initial position
G0 X291.360 Y-145.585
G0 Z0.000
; plunge
G1 Z-0.200 F4000
; cut
G1 X291.452 Y-145.640 F4000
G1 X291.549 Y-145.678
G1 X291.652 Y-145.702
G1 X291.760 Y-145.711
G1 X291.871 Y-145.706
G1 X291.971 Y-145.690
G1 X292.073 Y-145.663
G1 X292.175 Y-145.625
G1 X292.276 Y-145.578
G1 X292.364 Y-145.528
G1 X292.450 Y-145.471
G1 X292.535 Y-145.407
G1 X292.616 Y-145.336
G1 X292.695 Y-145.258
G1 X292.771 Y-145.173
G1 X292.842 Y-145.082
G1 X292.899 Y-144.999
G1 X292.960 Y-144.901
G1 X293.012 Y-144.801
G1 X293.057 Y-144.701
G1 X293.095 Y-144.600
G1 X293.125 Y-144.499
G1 X293.148 Y-144.399
G1 X293.164 Y-144.300
G1 X293.172 Y-144.189
G1 X293.171 Y-144.082
G1 X293.160 Y-143.978
G1 X293.139 Y-143.879
G1 X293.104 Y-143.775
G1 X293.057 Y-143.678
G1 X292.998 Y-143.591
G1 X292.926 Y-143.514
G1 X292.862 Y-143.462
; Retract
G0 Z3.000

; Path 253
; Rapid to initial position
G0 X292.810 Y-143.603
G0 Z0.000
; plunge
G1 Z-0.200 F4000
; cut
G1 X292.709 Y-143.573 F4000
G1 X292.603 Y-143.557
G1 X292.494 Y-143.556
G1 X292.394 Y-143.567
G1 X292.293 Y-143.589
G1 X292.191 Y-143.621
G1 X292.089 Y-143.663
G1 X291.989 Y-143.716
G1 X291.902 Y-143.769
G1 X291.816 Y-143.831
G1 X291.733 Y-143.899
G1 X293.142 Y-144.939
G1 X293.098 Y-145.034
G1 X293.267 Y-145.180
G1 X293.176 Y-145.126
G1 X293.078 Y-145.088
G1 X291.766 Y-144.119
G1 X291.675 Y-144.065
G1 X291.664 Y-143.963
G1 X291.623 Y-143.868
G1 X291.528 Y-143.823
G1 X291.428 Y-143.793
G1 X295.535 Y-137.908
G1 X307.234 Y-121.363
G1 X307.140 Y-121.319
G1 X307.236 Y-121.361
G1 X295.535 Y-137.908
G1 X297.537 Y-139.323
G1 X309.225 Y-122.794
G1 X293.382 Y-145.199
G1 X293.426 Y-145.297
G1 X293.458 Y-145.403
G1 X293.476 Y-145.503
G1 X293.485 Y-145.608
G1 X293.483 Y-145.716
G1 X293.472 Y-145.828
G1 X293.455 Y-145.927
G1 X293.430 Y-146.027
G1 X293.398 Y-146.128
G1 X293.358 Y-146.229
G1 X293.310 Y-146.330
G1 X293.256 Y-146.429
G1 X293.194 Y-146.527
G1 X293.135 Y-146.608
G1 X293.062 Y-146.698
G1 X292.986 Y-146.781
G1 X292.906 Y-146.857
G1 X292.823 Y-146.926
G1 X292.738 Y-146.988
G1 X292.652 Y-147.043
G1 X292.563 Y-147.090
G1 X292.462 Y-147.135
G1 X292.360 Y-147.170
G1 X292.259 Y-147.194
G1 X292.159 Y-147.208
G1 X292.048 Y-147.210
G1 X293.382 Y-145.199
G1 X293.325 Y-145.109
G1 X293.256 Y-145.030
G1 X293.174 Y-144.962
G1 X293.172 Y-144.861
G1 X293.206 Y-144.760
G1 X293.232 Y-144.660
G1 X293.251 Y-144.560
G1 X293.263 Y-144.449
G1 X293.265 Y-144.340
G1 X293.258 Y-144.235
G1 X293.241 Y-144.134
G1 X293.210 Y-144.027
G1 X293.167 Y-143.927
G1 X293.112 Y-143.837
G1 X293.044 Y-143.757
G1 X292.964 Y-143.687
G1 X292.874 Y-143.632
G1 X292.810 Y-143.603
; Retract
G0 Z3.000

; Path 254
; Rapid to initial position
G0 X292.096 Y-144.540
G0 Z0.000
; plunge
G1 Z-0.200 F4000
; cut
G1 X292.004 Y-144.485 F4000
G1 X291.907 Y-144.447
G1 X291.804 Y-144.423
G1 X291.696 Y-144.414
G1 X291.585 Y-144.419
G1 X291.485 Y-144.435
G1 X291.383 Y-144.462
G1 X291.281 Y-144.500
G1 X291.180 Y-144.547
G1 X291.092 Y-144.597
G1 X291.006 Y-144.654
G1 X290.922 Y-144.718
G1 X290.840 Y-144.789
G1 X290.761 Y-144.867
G1 X290.685 Y-144.952
G1 X290.614 Y-145.043
G1 X290.594 Y-145.070
; Retract
G0 Z3.000

; Path 255
; Rapid to initial position
G0 X290.151 Y-144.831
G0 Z0.000
; plunge
G1 Z-0.200 F4000
; cut
G1 X290.100 Y-144.931 F4000
G1 X290.057 Y-145.032
G1 X290.022 Y-145.133
G1 X289.994 Y-145.234
G1 X289.973 Y-145.334
G1 X289.958 Y-145.446
G1 X289.953 Y-145.556
G1 X289.958 Y-145.662
G1 X289.973 Y-145.764
G1 X290.012 Y-145.863
G1 X290.082 Y-145.947
G1 X290.162 Y-146.017
G1 X291.517 Y-146.975
G1 X291.559 Y-147.067
G1 X291.615 Y-147.156
G1 X291.684 Y-147.236
G1 X291.766 Y-147.303
G1 X290.264 Y-146.242
G1 X290.183 Y-146.174
G1 X290.114 Y-146.095
G1 X290.057 Y-146.005
G1 X290.013 Y-145.907
G1 X289.944 Y-145.815
G1 X289.929 Y-145.711
G1 X289.894 Y-145.607
G1 X289.874 Y-145.508
G1 X289.863 Y-145.404
G1 X289.861 Y-145.297
G1 X289.870 Y-145.186
G1 X289.885 Y-145.087
G1 X289.908 Y-144.987
G1 X289.939 Y-144.886
G1 X289.976 Y-144.785
G1 X290.021 Y-144.685
G1 X290.074 Y-144.585
G1 X290.134 Y-144.487
G1 X290.191 Y-144.404
G1 X290.263 Y-144.313
G1 X290.338 Y-144.228
G1 X290.417 Y-144.150
G1 X290.499 Y-144.079
G1 X290.583 Y-144.015
G1 X290.670 Y-143.958
G1 X290.757 Y-143.908
G1 X290.859 Y-143.861
G1 X290.961 Y-143.823
G1 X291.062 Y-143.796
G1 X291.163 Y-143.780
G1 X291.274 Y-143.775
G1 X291.380 Y-143.784
G1 X291.226 Y-144.002
G1 X291.117 Y-144.023
G1 X291.015 Y-144.054
G1 X290.913 Y-144.095
G1 X290.812 Y-144.147
G1 X290.725 Y-144.199
G1 X290.640 Y-144.259
G1 X290.556 Y-144.327
G1 X290.476 Y-144.401
G1 X290.398 Y-144.482
G1 X290.324 Y-144.569
G1 X290.264 Y-144.649
G1 X290.209 Y-144.733
G1 X290.151 Y-144.831
; Retract
G0 Z3.000

; Path 256
; Rapid to initial position
G0 X291.034 Y-146.041
G0 Z0.000
; plunge
G1 Z-0.200 F4000
; cut
G1 X290.943 Y-145.987 F4000
G1 X290.845 Y-145.948
G1 X290.742 Y-145.924
G1 X290.634 Y-145.915
G1 X290.524 Y-145.921
G1 X290.423 Y-145.937
G1 X290.321 Y-145.964
G1 X290.220 Y-146.001
G1 X290.118 Y-146.048
G1 X290.031 Y-146.098
G1 X289.944 Y-146.155
G1 X289.860 Y-146.219
G1 X289.778 Y-146.290
G1 X289.699 Y-146.368
G1 X289.624 Y-146.453
G1 X289.552 Y-146.544
G1 X289.533 Y-146.572
; Retract
G0 Z3.000

; Path 257
; Rapid to initial position
G0 X291.563 Y-146.353
G0 Z0.000
; plunge
G1 Z-0.200 F4000
; cut
G1 X291.508 Y-146.437 F4000
G1 X291.450 Y-146.535
G1 X291.399 Y-146.635
G1 X291.356 Y-146.736
G1 X291.321 Y-146.837
G1 X291.292 Y-146.938
G1 X291.272 Y-147.038
G1 X291.257 Y-147.150
G1 X291.252 Y-147.260
G1 X291.257 Y-147.366
G1 X291.272 Y-147.468
G1 X291.300 Y-147.576
G1 X291.340 Y-147.678
G1 X291.393 Y-147.770
G1 X291.457 Y-147.853
G1 X291.535 Y-147.924
G1 X291.563 Y-147.946
; Retract
G0 Z3.000

; Path 258
; Rapid to initial position
G0 X292.625 Y-146.444
G0 Z0.000
; plunge
G1 Z-0.200 F4000
; cut
G1 X292.543 Y-146.377 F4000
G1 X292.474 Y-146.297
G1 X292.418 Y-146.208
G1 X292.373 Y-146.110
G1 X292.341 Y-146.003
G1 X292.323 Y-145.903
G1 X292.314 Y-145.798
G1 X292.316 Y-145.690
G1 X292.327 Y-145.579
G1 X292.344 Y-145.479
G1 X292.369 Y-145.379
G1 X292.402 Y-145.278
G1 X292.441 Y-145.177
G1 X292.489 Y-145.077
G1 X292.543 Y-144.977
G1 X292.606 Y-144.880
G1 X292.625 Y-144.852
; Retract
G0 Z3.000

; Path 259
; Rapid to initial position
G0 X292.669 Y-145.074
G0 Z0.000
; plunge
G1 Z-0.200 F4000
; cut
G1 X292.769 Y-145.059 F4000
G1 X292.880 Y-145.055
G1 X292.987 Y-145.066
G1 X293.027 Y-145.162
G1 X292.964 Y-145.259
G1 X292.905 Y-145.340
G1 X292.832 Y-145.428
G1 X292.755 Y-145.510
G1 X292.674 Y-145.586
G1 X292.591 Y-145.654
G1 X292.506 Y-145.715
G1 X292.419 Y-145.769
G1 X292.318 Y-145.821
G1 X292.217 Y-145.864
G1 X292.115 Y-145.896
G1 X292.014 Y-145.917
G1 X291.914 Y-145.928
G1 X291.804 Y-145.927
G1 X291.699 Y-145.911
G1 X291.701 Y-145.808
G1 X291.766 Y-145.711
G1 X291.826 Y-145.631
G1 X291.899 Y-145.543
G1 X291.977 Y-145.462
G1 X292.058 Y-145.388
G1 X292.141 Y-145.321
G1 X292.226 Y-145.261
G1 X292.314 Y-145.208
G1 X292.415 Y-145.157
G1 X292.516 Y-145.116
G1 X292.618 Y-145.085
G1 X292.669 Y-145.074
; Retract
G0 Z3.000

; Path 260
; Rapid to initial position
G0 X291.984 Y-145.713
G0 Z0.000
; plunge
G1 Z-0.200 F4000
; cut
G1 X293.485 Y-146.774 F4000
; Retract
G0 Z3.000

; Path 261
; Rapid to initial position
G0 X295.828 Y-139.617
G0 Z0.000
; plunge
G1 Z-0.200 F4000
; cut
G1 X355.881 Y-54.689 F4000
; Retract
G0 Z3.000

; Path 262
; Rapid to initial position
G0 X357.297 Y-52.687
G0 Z0.000
; plunge
G1 Z-0.200 F4000
; cut
G1 X297.244 Y-137.615 F4000
; Retract
G0 Z3.000

; Path 263
; Rapid to initial position
G0 X304.015 Y-154.220
G0 Z0.000
; plunge
G1 Z-0.200 F4000
; cut
G1 X305.517 Y-155.282 F4000
; Retract
G0 Z3.000

; Path 264
; Rapid to initial position
G0 X305.314 Y-155.322
G0 Z0.000
; plunge
G1 Z-0.200 F4000
; cut
G1 X305.337 Y-155.420 F4000
G1 X305.375 Y-155.523
G1 X305.424 Y-155.617
G1 X305.487 Y-155.702
G1 X305.561 Y-155.776
G1 X305.647 Y-155.838
G1 X305.742 Y-155.886
G1 X305.763 Y-155.988
G1 X305.719 Y-156.088
G1 X305.682 Y-156.189
G1 X305.653 Y-156.290
G1 X305.631 Y-156.390
G1 X305.616 Y-156.502
G1 X305.609 Y-156.612
G1 X305.613 Y-156.719
G1 X305.626 Y-156.822
G1 X305.653 Y-156.931
G1 X305.828 Y-157.094
G1 X305.919 Y-157.148
G1 X306.016 Y-157.187
G1 X306.120 Y-157.210
G1 X306.227 Y-157.219
G1 X306.338 Y-157.214
G1 X306.439 Y-157.198
G1 X306.540 Y-157.171
G1 X306.642 Y-157.134
G1 X306.743 Y-157.086
G1 X306.831 Y-157.037
G1 X306.917 Y-156.980
G1 X307.002 Y-156.916
G1 X307.084 Y-156.844
G1 X307.162 Y-156.766
G1 X307.238 Y-156.682
G1 X307.309 Y-156.590
G1 X307.367 Y-156.508
G1 X307.427 Y-156.410
G1 X307.479 Y-156.310
G1 X307.524 Y-156.209
G1 X307.562 Y-156.108
G1 X307.592 Y-156.007
G1 X307.615 Y-155.907
G1 X307.632 Y-155.795
G1 X307.640 Y-155.684
G1 X307.637 Y-155.577
G1 X307.625 Y-155.474
G1 X307.603 Y-155.376
G1 X307.567 Y-155.272
G1 X307.518 Y-155.176
G1 X307.458 Y-155.090
G1 X307.385 Y-155.015
G1 X307.296 Y-154.948
G1 X307.337 Y-154.841
G1 X307.369 Y-154.740
G1 X307.393 Y-154.640
G1 X307.409 Y-154.541
G1 X307.419 Y-154.430
G1 X307.419 Y-154.322
G1 X307.409 Y-154.218
G1 X307.390 Y-154.118
G1 X307.356 Y-154.013
G1 X307.310 Y-153.915
G1 X307.252 Y-153.827
G1 X307.182 Y-153.749
G1 X307.099 Y-153.683
G1 X307.007 Y-153.630
G1 X306.909 Y-153.593
G1 X306.805 Y-153.571
G1 X306.697 Y-153.564
G1 X306.586 Y-153.570
G1 X306.486 Y-153.588
G1 X306.384 Y-153.616
G1 X306.282 Y-153.655
G1 X306.181 Y-153.704
G1 X306.093 Y-153.754
G1 X306.007 Y-153.812
G1 X305.923 Y-153.877
G1 X307.296 Y-154.948
G1 X307.252 Y-155.043
G1 X307.422 Y-155.189
G1 X307.331 Y-155.135
G1 X307.233 Y-155.096
G1 X305.920 Y-154.127
G1 X305.829 Y-154.073
G1 X305.819 Y-153.972
G1 X305.778 Y-153.877
G1 X305.683 Y-153.832
G1 X305.582 Y-153.802
G1 X305.476 Y-153.786
G1 X305.367 Y-153.785
G1 X305.267 Y-153.796
G1 X305.166 Y-153.817
G1 X305.064 Y-153.849
G1 X304.963 Y-153.892
G1 X304.862 Y-153.944
G1 X304.775 Y-153.998
G1 X304.690 Y-154.059
G1 X304.607 Y-154.127
G1 X304.526 Y-154.203
G1 X304.449 Y-154.284
G1 X304.376 Y-154.373
G1 X304.317 Y-154.454
G1 X304.253 Y-154.551
G1 X304.198 Y-154.650
G1 X304.149 Y-154.751
G1 X304.108 Y-154.852
G1 X304.075 Y-154.953
G1 X304.049 Y-155.053
G1 X304.030 Y-155.152
G1 X304.018 Y-155.264
G1 X304.016 Y-155.373
G1 X304.023 Y-155.478
G1 X304.040 Y-155.579
G1 X304.071 Y-155.686
G1 X304.114 Y-155.785
G1 X304.156 Y-155.881
G1 X304.196 Y-155.982
G1 X304.248 Y-156.075
G1 X304.313 Y-156.158
G1 X304.391 Y-156.229
G1 X305.920 Y-157.312
G1 X305.839 Y-157.244
G1 X305.770 Y-157.165
G1 X305.713 Y-157.076
G1 X305.671 Y-156.983
G1 X304.326 Y-156.032
G1 X304.245 Y-155.965
G1 X304.176 Y-155.885
G1 X304.130 Y-155.785
G1 X304.114 Y-155.684
G1 X304.108 Y-155.578
G1 X304.112 Y-155.469
G1 X304.125 Y-155.357
G1 X304.145 Y-155.257
G1 X304.172 Y-155.156
G1 X304.206 Y-155.055
G1 X304.248 Y-154.955
G1 X304.298 Y-154.854
G1 X304.355 Y-154.756
G1 X304.419 Y-154.658
G1 X304.479 Y-154.578
G1 X304.553 Y-154.491
G1 X304.630 Y-154.410
G1 X304.711 Y-154.336
G1 X304.794 Y-154.268
G1 X304.880 Y-154.208
G1 X304.967 Y-154.155
G1 X305.068 Y-154.104
G1 X305.170 Y-154.063
G1 X305.271 Y-154.032
G1 X305.372 Y-154.012
G1 X305.472 Y-154.003
G1 X305.581 Y-154.005
G1 X305.686 Y-154.022
G1 X305.678 Y-154.127
G1 X305.608 Y-154.220
G1 X305.552 Y-154.303
G1 X305.494 Y-154.402
G1 X305.444 Y-154.502
G1 X305.401 Y-154.603
G1 X305.365 Y-154.704
G1 X305.337 Y-154.805
G1 X305.316 Y-154.904
G1 X305.302 Y-155.017
G1 X305.297 Y-155.126
G1 X305.302 Y-155.232
G1 X305.314 Y-155.322
; Retract
G0 Z3.000

; Path 265
; Rapid to initial position
G0 X305.515 Y-155.594
G0 Z0.000
; plunge
G1 Z-0.200 F4000
; cut
G1 X305.606 Y-155.648 F4000
G1 X305.704 Y-155.687
G1 X305.807 Y-155.711
G1 X305.915 Y-155.720
G1 X306.025 Y-155.715
G1 X306.126 Y-155.698
G1 X306.228 Y-155.671
G1 X306.329 Y-155.634
G1 X306.431 Y-155.587
G1 X306.518 Y-155.537
G1 X306.605 Y-155.480
G1 X306.689 Y-155.416
G1 X306.771 Y-155.345
G1 X306.850 Y-155.267
G1 X306.925 Y-155.182
G1 X306.997 Y-155.091
G1 X307.054 Y-155.008
G1 X307.114 Y-154.910
G1 X307.167 Y-154.810
G1 X307.212 Y-154.710
G1 X307.250 Y-154.609
G1 X307.280 Y-154.508
G1 X307.303 Y-154.408
G1 X307.318 Y-154.309
G1 X307.327 Y-154.198
G1 X307.325 Y-154.091
G1 X307.315 Y-153.987
G1 X307.294 Y-153.888
G1 X307.259 Y-153.783
G1 X307.212 Y-153.687
G1 X307.152 Y-153.600
G1 X307.081 Y-153.523
G1 X307.016 Y-153.471
; Retract
G0 Z3.000

; Path 266
; Rapid to initial position
G0 X306.250 Y-154.548
G0 Z0.000
; plunge
G1 Z-0.200 F4000
; cut
G1 X306.159 Y-154.494 F4000
G1 X306.061 Y-154.456
G1 X305.958 Y-154.432
G1 X305.851 Y-154.423
G1 X305.740 Y-154.428
G1 X305.639 Y-154.444
G1 X305.538 Y-154.471
G1 X305.436 Y-154.508
G1 X305.334 Y-154.556
G1 X305.234 Y-154.613
G1 X305.148 Y-154.671
G1 X305.064 Y-154.736
G1 X304.983 Y-154.809
G1 X304.904 Y-154.888
G1 X304.829 Y-154.973
G1 X304.759 Y-155.065
G1 X304.749 Y-155.079
; Retract
G0 Z3.000

; Path 267
; Rapid to initial position
G0 X305.189 Y-156.050
G0 Z0.000
; plunge
G1 Z-0.200 F4000
; cut
G1 X305.097 Y-155.996 F4000
G1 X305.000 Y-155.957
G1 X304.897 Y-155.933
G1 X304.789 Y-155.924
G1 X304.678 Y-155.929
G1 X304.578 Y-155.946
G1 X304.476 Y-155.972
G1 X304.374 Y-156.010
G1 X304.273 Y-156.057
G1 X304.185 Y-156.107
G1 X304.099 Y-156.164
G1 X304.015 Y-156.228
G1 X303.933 Y-156.299
G1 X303.854 Y-156.377
G1 X303.778 Y-156.462
G1 X303.707 Y-156.553
G1 X303.687 Y-156.580
; Retract
G0 Z3.000

; Path 268
; Rapid to initial position
G0 X305.718 Y-156.362
G0 Z0.000
; plunge
G1 Z-0.200 F4000
; cut
G1 X305.662 Y-156.445 F4000
G1 X305.604 Y-156.544
G1 X305.554 Y-156.644
G1 X305.511 Y-156.745
G1 X305.475 Y-156.846
G1 X305.447 Y-156.947
G1 X305.426 Y-157.046
G1 X305.412 Y-157.159
G1 X305.407 Y-157.268
G1 X305.412 Y-157.375
G1 X305.426 Y-157.477
G1 X305.454 Y-157.585
G1 X305.495 Y-157.686
G1 X305.547 Y-157.779
G1 X305.612 Y-157.862
G1 X305.689 Y-157.933
G1 X305.718 Y-157.955
; Retract
G0 Z3.000

; Path 269
; Rapid to initial position
G0 X306.779 Y-156.453
G0 Z0.000
; plunge
G1 Z-0.200 F4000
; cut
G1 X306.698 Y-156.385 F4000
G1 X306.629 Y-156.306
G1 X306.572 Y-156.217
G1 X306.528 Y-156.118
G1 X306.496 Y-156.012
G1 X306.478 Y-155.912
G1 X306.469 Y-155.807
G1 X306.470 Y-155.699
G1 X306.481 Y-155.587
G1 X306.499 Y-155.488
G1 X306.524 Y-155.388
G1 X306.556 Y-155.287
G1 X306.596 Y-155.186
G1 X306.643 Y-155.086
G1 X306.698 Y-154.986
G1 X306.760 Y-154.888
G1 X306.779 Y-154.861
; Retract
G0 Z3.000

; Path 270
; Rapid to initial position
G0 X306.823 Y-155.082
G0 Z0.000
; plunge
G1 Z-0.200 F4000
; cut
G1 X306.924 Y-155.068 F4000
G1 X307.034 Y-155.064
G1 X307.141 Y-155.075
G1 X307.182 Y-155.170
G1 X307.119 Y-155.268
G1 X307.059 Y-155.349
G1 X306.986 Y-155.437
G1 X306.909 Y-155.519
G1 X306.829 Y-155.594
G1 X306.746 Y-155.663
G1 X306.661 Y-155.724
G1 X306.574 Y-155.778
G1 X306.473 Y-155.830
G1 X306.371 Y-155.872
G1 X306.269 Y-155.904
G1 X306.168 Y-155.926
G1 X306.056 Y-155.937
G1 X305.947 Y-155.935
G1 X305.842 Y-155.918
G1 X305.856 Y-155.817
G1 X305.920 Y-155.720
G1 X305.980 Y-155.640
G1 X306.054 Y-155.552
G1 X306.132 Y-155.471
G1 X306.212 Y-155.397
G1 X306.296 Y-155.330
G1 X306.381 Y-155.270
G1 X306.468 Y-155.217
G1 X306.569 Y-155.166
G1 X306.671 Y-155.125
G1 X306.773 Y-155.094
G1 X306.823 Y-155.082
; Retract
G0 Z3.000

; Path 271
; Rapid to initial position
G0 X306.139 Y-155.721
G0 Z0.000
; plunge
G1 Z-0.200 F4000
; cut
G1 X307.640 Y-156.783 F4000
; Retract
G0 Z3.000

; Path 272
; Rapid to initial position
G0 X318.170 Y-164.229
G0 Z0.000
; plunge
G1 Z-0.200 F4000
; cut
G1 X319.671 Y-165.291 F4000
; Retract
G0 Z3.000

; Path 273
; Rapid to initial position
G0 X319.469 Y-165.331
G0 Z0.000
; plunge
G1 Z-0.200 F4000
; cut
G1 X319.455 Y-165.228 F4000
G1 X319.452 Y-165.121
G1 X319.458 Y-165.011
G1 X319.473 Y-164.899
G1 X319.495 Y-164.799
G1 X319.524 Y-164.698
G1 X319.561 Y-164.597
G1 X319.605 Y-164.497
G1 X319.657 Y-164.397
G1 X319.716 Y-164.298
G1 X319.772 Y-164.215
G1 X319.843 Y-164.123
G1 X319.918 Y-164.037
G1 X319.996 Y-163.958
G1 X319.922 Y-163.880
G1 X319.827 Y-163.836
G1 X319.725 Y-163.808
G1 X319.619 Y-163.794
G1 X319.509 Y-163.794
G1 X319.409 Y-163.807
G1 X319.308 Y-163.829
G1 X319.206 Y-163.863
G1 X319.105 Y-163.907
G1 X319.016 Y-163.953
G1 X318.929 Y-164.007
G1 X318.844 Y-164.068
G1 X318.761 Y-164.136
G1 X318.681 Y-164.211
G1 X318.604 Y-164.293
G1 X318.531 Y-164.382
G1 X318.471 Y-164.463
G1 X318.408 Y-164.560
G1 X318.352 Y-164.659
G1 X318.304 Y-164.760
G1 X318.263 Y-164.860
G1 X318.230 Y-164.961
G1 X318.203 Y-165.062
G1 X318.185 Y-165.161
G1 X318.173 Y-165.273
G1 X318.170 Y-165.382
G1 X318.178 Y-165.487
G1 X318.195 Y-165.588
G1 X318.225 Y-165.695
G1 X318.268 Y-165.794
G1 X318.324 Y-165.885
G1 X318.391 Y-165.965
G1 X318.471 Y-166.034
G1 X319.982 Y-167.103
G1 X320.073 Y-167.157
G1 X320.171 Y-167.196
G1 X320.274 Y-167.219
G1 X320.382 Y-167.228
G1 X320.493 Y-167.223
G1 X320.593 Y-167.207
G1 X320.695 Y-167.180
G1 X320.797 Y-167.143
G1 X320.898 Y-167.095
G1 X320.986 Y-167.046
G1 X321.072 Y-166.989
G1 X321.156 Y-166.924
G1 X321.238 Y-166.853
G1 X321.317 Y-166.775
G1 X321.392 Y-166.690
G1 X321.464 Y-166.599
G1 X321.530 Y-166.503
G1 X321.589 Y-166.404
G1 X321.641 Y-166.304
G1 X321.685 Y-166.204
G1 X321.722 Y-166.103
G1 X321.751 Y-166.002
G1 X321.773 Y-165.902
G1 X321.788 Y-165.789
G1 X321.794 Y-165.679
G1 X321.791 Y-165.573
G1 X321.777 Y-165.470
G1 X321.751 Y-165.361
G1 X321.712 Y-165.259
G1 X321.661 Y-165.165
G1 X321.597 Y-165.081
G1 X321.521 Y-165.008
G1 X321.465 Y-164.922
G1 X321.502 Y-164.821
G1 X321.531 Y-164.720
G1 X321.553 Y-164.621
G1 X321.569 Y-164.508
G1 X321.575 Y-164.398
G1 X321.571 Y-164.291
G1 X321.558 Y-164.189
G1 X321.534 Y-164.091
G1 X321.497 Y-163.988
G1 X321.447 Y-163.894
G1 X321.385 Y-163.809
G1 X321.310 Y-163.734
G1 X321.224 Y-163.672
G1 X321.130 Y-163.625
G1 X321.030 Y-163.593
G1 X320.924 Y-163.576
G1 X320.815 Y-163.573
G1 X320.703 Y-163.585
G1 X320.602 Y-163.606
G1 X320.500 Y-163.638
G1 X320.399 Y-163.681
G1 X320.298 Y-163.733
G1 X320.211 Y-163.787
G1 X320.126 Y-163.848
G1 X320.043 Y-163.916
G1 X321.451 Y-164.956
G1 X321.407 Y-165.052
G1 X321.353 Y-165.151
G1 X321.292 Y-165.249
G1 X321.234 Y-165.331
G1 X321.162 Y-165.422
G1 X321.086 Y-165.505
G1 X321.007 Y-165.582
G1 X320.924 Y-165.653
G1 X320.840 Y-165.716
G1 X320.753 Y-165.772
G1 X320.665 Y-165.820
G1 X320.564 Y-165.866
G1 X320.462 Y-165.902
G1 X320.361 Y-165.928
G1 X320.260 Y-165.943
G1 X320.150 Y-165.947
G1 X320.043 Y-165.936
G1 X319.940 Y-165.911
G1 X319.843 Y-165.870
G1 X319.753 Y-165.814
G1 X319.673 Y-165.745
G1 X319.605 Y-165.665
G1 X319.550 Y-165.574
G1 X319.507 Y-165.475
G1 X319.476 Y-165.368
G1 X319.469 Y-165.331
; Retract
G0 Z3.000

; Path 274
; Rapid to initial position
G0 X319.670 Y-165.603
G0 Z0.000
; plunge
G1 Z-0.200 F4000
; cut
G1 X319.761 Y-165.657 F4000
G1 X319.858 Y-165.696
G1 X319.962 Y-165.719
G1 X320.069 Y-165.729
G1 X320.180 Y-165.723
G1 X320.281 Y-165.707
G1 X320.382 Y-165.680
G1 X320.484 Y-165.643
G1 X320.585 Y-165.596
G1 X320.673 Y-165.546
G1 X320.759 Y-165.489
G1 X320.844 Y-165.425
G1 X320.926 Y-165.354
G1 X321.005 Y-165.275
G1 X321.080 Y-165.191
G1 X321.151 Y-165.100
G1 X321.209 Y-165.017
G1 X321.269 Y-164.919
G1 X321.321 Y-164.819
G1 X321.367 Y-164.718
G1 X321.404 Y-164.617
G1 X321.435 Y-164.517
G1 X321.457 Y-164.416
G1 X321.474 Y-164.304
G1 X321.482 Y-164.193
G1 X321.479 Y-164.086
G1 X321.467 Y-163.983
G1 X321.445 Y-163.885
G1 X321.409 Y-163.781
G1 X321.361 Y-163.685
G1 X321.300 Y-163.599
G1 X321.227 Y-163.524
G1 X321.171 Y-163.480
; Retract
G0 Z3.000

; Path 275
; Rapid to initial position
G0 X320.075 Y-164.136
G0 Z0.000
; plunge
G1 Z-0.200 F4000
; cut
G1 X319.984 Y-164.082 F4000
G1 X319.886 Y-164.044
G1 X319.783 Y-164.020
G1 X319.675 Y-164.011
G1 X319.565 Y-164.016
G1 X319.464 Y-164.032
G1 X319.362 Y-164.059
G1 X319.261 Y-164.096
G1 X319.159 Y-164.144
G1 X319.059 Y-164.201
G1 X318.973 Y-164.259
G1 X318.889 Y-164.324
G1 X318.808 Y-164.397
G1 X318.729 Y-164.476
G1 X318.654 Y-164.561
G1 X318.583 Y-164.653
G1 X318.527 Y-164.736
G1 X318.468 Y-164.835
G1 X318.416 Y-164.935
G1 X318.372 Y-165.035
G1 X318.336 Y-165.136
G1 X318.306 Y-165.237
G1 X318.285 Y-165.337
G1 X318.270 Y-165.436
G1 X318.263 Y-165.546
G1 X318.265 Y-165.653
G1 X318.278 Y-165.756
G1 X318.299 Y-165.855
G1 X318.336 Y-165.958
G1 X318.384 Y-166.054
G1 X318.445 Y-166.140
G1 X318.518 Y-166.216
G1 X320.075 Y-167.321
G1 X319.994 Y-167.253
G1 X319.925 Y-167.174
G1 X319.868 Y-167.085
G1 X319.824 Y-166.986
G1 X319.791 Y-166.880
G1 X319.773 Y-166.780
G1 X319.765 Y-166.675
G1 X319.766 Y-166.567
G1 X319.777 Y-166.455
G1 X319.794 Y-166.356
G1 X319.819 Y-166.256
G1 X319.852 Y-166.155
G1 X319.892 Y-166.054
G1 X319.939 Y-165.953
G1 X319.994 Y-165.854
G1 X320.056 Y-165.756
G1 X320.115 Y-165.675
G1 X320.187 Y-165.585
G1 X320.264 Y-165.502
G1 X320.343 Y-165.426
G1 X320.426 Y-165.357
G1 X320.511 Y-165.295
G1 X320.598 Y-165.240
G1 X320.698 Y-165.186
G1 X320.800 Y-165.143
G1 X320.902 Y-165.109
G1 X321.003 Y-165.086
G1 X321.103 Y-165.074
G1 X321.213 Y-165.074
G1 X321.319 Y-165.088
G1 X321.421 Y-165.116
G1 X321.516 Y-165.160
G1 X320.075 Y-164.136
; Retract
G0 Z3.000

; Path 276
; Rapid to initial position
G0 X320.405 Y-164.557
G0 Z0.000
; plunge
G1 Z-0.200 F4000
; cut
G1 X320.314 Y-164.503 F4000
G1 X320.216 Y-164.464
G1 X320.113 Y-164.441
G1 X320.005 Y-164.432
G1 X319.894 Y-164.437
G1 X319.794 Y-164.453
G1 X319.692 Y-164.480
G1 X319.590 Y-164.517
G1 X319.489 Y-164.565
G1 X319.401 Y-164.614
G1 X319.315 Y-164.671
G1 X319.231 Y-164.735
G1 X319.149 Y-164.807
G1 X319.070 Y-164.885
G1 X318.994 Y-164.970
G1 X318.923 Y-165.061
G1 X318.903 Y-165.088
; Retract
G0 Z3.000

; Path 277
; Rapid to initial position
G0 X319.343 Y-166.058
G0 Z0.000
; plunge
G1 Z-0.200 F4000
; cut
G1 X319.252 Y-166.004 F4000
G1 X319.154 Y-165.966
G1 X319.051 Y-165.942
G1 X318.944 Y-165.933
G1 X318.833 Y-165.938
G1 X318.732 Y-165.954
G1 X318.631 Y-165.981
G1 X318.529 Y-166.019
G1 X318.427 Y-166.066
G1 X318.340 Y-166.116
G1 X318.253 Y-166.173
G1 X318.169 Y-166.237
G1 X318.087 Y-166.308
G1 X318.008 Y-166.386
G1 X317.933 Y-166.471
G1 X317.861 Y-166.562
G1 X317.842 Y-166.589
; Retract
G0 Z3.000

; Path 278
; Rapid to initial position
G0 X319.872 Y-166.371
G0 Z0.000
; plunge
G1 Z-0.200 F4000
; cut
G1 X319.808 Y-166.468 F4000
G1 X319.751 Y-166.567
G1 X319.702 Y-166.667
G1 X319.660 Y-166.768
G1 X319.625 Y-166.869
G1 X319.598 Y-166.970
G1 X319.578 Y-167.069
G1 X319.565 Y-167.181
G1 X319.561 Y-167.291
G1 X319.568 Y-167.396
G1 X319.583 Y-167.498
G1 X319.613 Y-167.606
G1 X319.654 Y-167.706
G1 X319.708 Y-167.797
G1 X319.775 Y-167.879
G1 X319.853 Y-167.949
G1 X319.872 Y-167.963
; Retract
G0 Z3.000

; Path 279
; Rapid to initial position
G0 X320.934 Y-166.462
G0 Z0.000
; plunge
G1 Z-0.200 F4000
; cut
G1 X320.853 Y-166.394 F4000
G1 X320.784 Y-166.315
G1 X320.727 Y-166.226
G1 X320.683 Y-166.127
G1 X320.650 Y-166.021
G1 X320.632 Y-165.921
G1 X320.624 Y-165.816
G1 X320.625 Y-165.708
G1 X320.636 Y-165.596
G1 X320.653 Y-165.497
G1 X320.678 Y-165.397
G1 X320.711 Y-165.296
G1 X320.751 Y-165.195
G1 X320.798 Y-165.094
G1 X320.853 Y-164.995
G1 X320.915 Y-164.897
G1 X320.934 Y-164.870
; Retract
G0 Z3.000

; Path 280
; Rapid to initial position
G0 X320.293 Y-165.730
G0 Z0.000
; plunge
G1 Z-0.200 F4000
; cut
G1 X321.795 Y-166.792 F4000
; Retract
G0 Z3.000

; Path 281
; Rapid to initial position
G0 X325.440 Y-170.495
G0 Z0.000
; plunge
G1 Z-0.200 F4000
; cut
G1 X341.773 Y-182.044 F4000
; Retract
G0 Z3.000

; Path 282
; Rapid to initial position
G0 X328.125 Y-186.145
G0 Z0.000
; plunge
G1 Z-0.200 F4000
; cut
G1 X326.123 Y-184.730 F4000
; Retract
G0 Z3.000

; Path 283
; Rapid to initial position
G0 X310.513 Y-174.397
G0 Z0.000
; plunge
G1 Z-0.200 F4000
; cut
G1 X298.660 Y-191.160 F4000
G1 X292.256 Y-186.631
G1 X290.255 Y-185.216
G1 X276.442 Y-175.449
G1 X265.245 Y-167.531
G1 X263.243 Y-166.116
G1 X249.330 Y-156.278
G1 X232.997 Y-144.729
G1 X230.995 Y-143.313
G1 X204.755 Y-124.758
G1 X188.422 Y-113.209
G1 X186.420 Y-111.794
G1 X192.834 Y-102.723
G1 X187.767 Y-99.067
G1 X189.769 Y-96.236
G1 X194.870 Y-99.843
G1 X246.473 Y-26.866
G1 X248.474 Y-28.282
G1 X264.808 Y-39.831
G1 X291.048 Y-58.386
G1 X293.050 Y-59.801
G1 X309.383 Y-71.351
G1 X323.296 Y-81.188
G1 X325.298 Y-82.604
G1 X336.494 Y-90.521
G1 X346.553 Y-97.633
G1 X350.307 Y-100.288
G1 X352.309 Y-101.704
G1 X360.466 Y-107.471
G1 X362.467 Y-108.886
G1 X316.269 Y-174.221
G1 X326.427 Y-181.404
G1 X324.425 Y-184.235
G1 X312.938 Y-176.112
G1 X311.437 Y-178.235
G1 X309.313 Y-176.734
G1 X310.815 Y-174.611
G1 X310.513 Y-174.397
; Retract
G0 Z3.000

; Path 284
; Rapid to initial position
G0 X302.057 Y-178.850
G0 Z0.000
; plunge
G1 Z-0.200 F4000
; cut
G1 X274.032 Y-218.483 F4000
; Retract
G0 Z3.000

; Path 285
; Rapid to initial position
G0 X278.616 Y-223.286
G0 Z0.000
; plunge
G1 Z-0.200 F4000
; cut
G1 X280.042 Y-224.314 F4000
G1 X279.048 Y-225.719
G1 X284.114 Y-229.376
G1 X286.116 Y-226.545
G1 X281.050 Y-222.888
G1 X280.051 Y-224.301
G1 X283.717 Y-226.893
G1 X280.042 Y-224.314
G1 X278.616 Y-223.286
; Retract
G0 Z3.000

; Path 286
; Rapid to initial position
G0 X278.634 Y-223.303
G0 Z0.000
; plunge
G1 Z-0.200 F4000
; cut
G1 X283.700 Y-226.960 F4000
; Retract
G0 Z3.000

; Path 287
; Rapid to initial position
G0 X283.692 Y-226.917
G0 Z0.000
; plunge
G1 Z-0.200 F4000
; cut
G1 X278.591 Y-223.310 F4000
; Retract
G0 Z3.000

; Path 288
; Rapid to initial position
G0 X281.464 Y-225.305
G0 Z0.000
; plunge
G1 Z-0.200 F4000
; cut
G1 X286.531 Y-228.961 F4000
; Retract
G0 Z3.000

; Path 289
; Rapid to initial position
G0 X281.755 Y-227.250
G0 Z0.000
; plunge
G1 Z-0.200 F4000
; cut
G1 X279.753 Y-230.081 F4000
; Retract
G0 Z3.000

; Path 290
; Rapid to initial position
G0 X294.603 Y-229.305
G0 Z0.000
; plunge
G1 Z-0.200 F4000
; cut
G1 X296.605 Y-230.721 F4000
; Retract
G0 Z3.000

; Path 291
; Rapid to initial position
G0 X310.253 Y-226.620
G0 Z0.000
; plunge
G1 Z-0.200 F4000
; cut
G1 X293.920 Y-215.071 F4000
; Retract
G0 Z3.000

; Path 292
; Rapid to initial position
G0 X293.018 Y-194.753
G0 Z0.000
; plunge
G1 Z-0.200 F4000
; cut
G1 X250.444 Y-164.649 F4000
; Retract
G0 Z3.000

; Path 293
; Rapid to initial position
G0 X258.577 Y-149.556
G0 Z0.000
; plunge
G1 Z-0.200 F4000
; cut
G1 X258.495 Y-149.488 F4000
G1 X258.426 Y-149.409
G1 X258.370 Y-149.320
G1 X258.325 Y-149.221
G1 X258.293 Y-149.115
G1 X258.275 Y-149.015
G1 X258.266 Y-148.910
G1 X258.268 Y-148.802
G1 X258.279 Y-148.690
G1 X258.296 Y-148.591
G1 X258.321 Y-148.491
G1 X258.353 Y-148.390
G1 X258.393 Y-148.289
G1 X258.441 Y-148.188
G1 X258.495 Y-148.089
G1 X258.558 Y-147.991
G1 X258.577 Y-147.964
; Retract
G0 Z3.000

; Path 294
; Rapid to initial position
G0 X259.020 Y-148.202
G0 Z0.000
; plunge
G1 Z-0.200 F4000
; cut
G1 X258.962 Y-148.301 F4000
G1 X258.906 Y-148.384
G1 X258.847 Y-148.465
G1 X258.773 Y-148.552
G1 X258.874 Y-148.592
G1 X258.981 Y-148.602
G1 X259.092 Y-148.599
G1 X259.192 Y-148.584
G1 X259.294 Y-148.558
G1 X259.396 Y-148.522
G1 X259.497 Y-148.476
G1 X259.585 Y-148.427
G1 X259.671 Y-148.372
G1 X259.756 Y-148.308
G1 X259.838 Y-148.238
G1 X259.918 Y-148.161
G1 X259.994 Y-148.077
G1 X260.066 Y-147.987
G1 X260.124 Y-147.905
G1 X260.185 Y-147.807
G1 X260.239 Y-147.707
G1 X260.285 Y-147.607
G1 X260.324 Y-147.506
G1 X260.355 Y-147.405
G1 X260.379 Y-147.305
G1 X260.395 Y-147.206
G1 X260.405 Y-147.095
G1 X260.405 Y-146.987
G1 X260.395 Y-146.882
G1 X260.376 Y-146.783
G1 X260.317 Y-146.692
G1 X260.244 Y-146.616
G1 X258.843 Y-145.621
G1 X258.801 Y-145.529
G1 X258.744 Y-145.439
G1 X258.675 Y-145.360
G1 X258.594 Y-145.292
G1 X260.095 Y-146.354
G1 X260.177 Y-146.422
G1 X260.246 Y-146.501
G1 X260.302 Y-146.590
G1 X260.347 Y-146.689
G1 X260.383 Y-146.788
G1 X260.431 Y-146.884
G1 X260.465 Y-146.989
G1 X260.486 Y-147.088
G1 X260.497 Y-147.192
G1 X260.498 Y-147.299
G1 X260.490 Y-147.410
G1 X260.474 Y-147.509
G1 X260.451 Y-147.609
G1 X260.421 Y-147.710
G1 X260.383 Y-147.811
G1 X260.338 Y-147.911
G1 X260.286 Y-148.011
G1 X260.226 Y-148.109
G1 X260.168 Y-148.192
G1 X260.097 Y-148.283
G1 X260.021 Y-148.368
G1 X259.943 Y-148.446
G1 X259.861 Y-148.517
G1 X259.776 Y-148.581
G1 X259.690 Y-148.638
G1 X259.602 Y-148.688
G1 X259.501 Y-148.735
G1 X259.399 Y-148.773
G1 X259.298 Y-148.799
G1 X259.197 Y-148.816
G1 X259.086 Y-148.821
G1 X258.979 Y-148.812
G1 X258.875 Y-148.788
G1 X258.778 Y-148.749
G1 X258.687 Y-148.695
G1 X258.729 Y-148.599
G1 X258.664 Y-148.521
G1 X257.272 Y-147.542
G1 X257.194 Y-147.475
G1 X257.102 Y-147.422
G1 X257.272 Y-147.542
G1 X257.228 Y-147.634
G1 X258.654 Y-148.672
G1 X258.567 Y-148.746
G1 X258.483 Y-148.810
G1 X258.396 Y-148.866
G1 X258.308 Y-148.914
G1 X258.207 Y-148.960
G1 X258.105 Y-148.996
G1 X258.003 Y-149.022
G1 X257.903 Y-149.037
G1 X257.792 Y-149.040
G1 X257.685 Y-149.030
G1 X257.583 Y-149.004
G1 X257.486 Y-148.964
G1 X257.395 Y-148.908
G1 X257.316 Y-148.839
G1 X257.248 Y-148.759
G1 X257.193 Y-148.668
G1 X257.150 Y-148.569
G1 X257.119 Y-148.462
G1 X257.102 Y-148.361
G1 X257.094 Y-148.256
G1 X257.097 Y-148.147
G1 X257.109 Y-148.035
G1 X257.128 Y-147.936
G1 X257.154 Y-147.835
G1 X257.187 Y-147.735
G1 X257.185 Y-147.634
G1 X257.104 Y-147.566
G1 X257.035 Y-147.487
G1 X256.978 Y-147.397
G1 X256.934 Y-147.299
G1 X256.902 Y-147.193
G1 X256.884 Y-147.092
G1 X256.875 Y-146.988
G1 X256.876 Y-146.879
G1 X256.887 Y-146.768
G1 X256.905 Y-146.669
G1 X256.930 Y-146.568
G1 X256.962 Y-146.467
G1 X257.002 Y-146.367
G1 X257.049 Y-146.266
G1 X257.104 Y-146.167
G1 X257.166 Y-146.069
G1 X257.225 Y-145.987
G1 X257.298 Y-145.898
G1 X257.374 Y-145.815
G1 X257.454 Y-145.739
G1 X257.536 Y-145.670
G1 X257.621 Y-145.608
G1 X257.708 Y-145.553
G1 X257.796 Y-145.505
G1 X257.898 Y-145.460
G1 X258.000 Y-145.426
G1 X258.101 Y-145.401
G1 X258.201 Y-145.388
G1 X258.311 Y-145.386
G1 X258.418 Y-145.398
G1 X258.520 Y-145.425
G1 X258.616 Y-145.467
G1 X258.843 Y-145.621
G1 X258.875 Y-145.721
G1 X258.894 Y-145.821
G1 X258.904 Y-145.925
G1 X258.904 Y-146.033
G1 X258.894 Y-146.144
G1 X258.878 Y-146.243
G1 X258.854 Y-146.343
G1 X258.822 Y-146.444
G1 X258.783 Y-146.545
G1 X258.737 Y-146.646
G1 X258.805 Y-146.733
G1 X258.897 Y-146.785
G1 X258.979 Y-146.852
G1 X259.050 Y-146.930
G1 X259.108 Y-147.018
G1 X259.154 Y-147.115
G1 X259.187 Y-147.221
G1 X259.206 Y-147.321
G1 X259.216 Y-147.425
G1 X259.216 Y-147.533
G1 X259.206 Y-147.644
G1 X259.190 Y-147.743
G1 X259.166 Y-147.843
G1 X259.135 Y-147.944
G1 X259.096 Y-148.045
G1 X259.050 Y-148.145
G1 X259.020 Y-148.202
; Retract
G0 Z3.000

; Path 295
; Rapid to initial position
G0 X258.998 Y-147.323
G0 Z0.000
; plunge
G1 Z-0.200 F4000
; cut
G1 X260.499 Y-148.385 F4000
; Retract
G0 Z3.000

; Path 296
; Rapid to initial position
G0 X262.527 Y-148.475
G0 Z0.000
; plunge
G1 Z-0.200 F4000
; cut
G1 X212.850 Y-183.602 F4000
; Retract
G0 Z3.000

; Path 297
; Rapid to initial position
G0 X218.631 Y-186.426
G0 Z0.000
; plunge
G1 Z-0.200 F4000
; cut
G1 X215.211 Y-191.263 F4000
G1 X231.544 Y-202.812
G1 X232.445 Y-201.538
G1 X220.717 Y-184.951
G1 X218.631 Y-186.426
; Retract
G0 Z3.000

; Path 298
; Rapid to initial position
G0 X229.152 Y-188.871
G0 Z0.000
; plunge
G1 Z-0.200 F4000
; cut
G1 X259.178 Y-146.407 F4000
; Retract
G0 Z3.000

; Path 299
; Rapid to initial position
G0 X258.814 Y-146.574
G0 Z0.000
; plunge
G1 Z-0.200 F4000
; cut
G1 X258.895 Y-146.642 F4000
G1 X258.964 Y-146.721
G1 X259.021 Y-146.810
G1 X259.065 Y-146.909
G1 X259.097 Y-147.015
G1 X259.116 Y-147.115
G1 X259.124 Y-147.220
G1 X259.123 Y-147.328
G1 X259.112 Y-147.440
G1 X259.094 Y-147.539
G1 X259.069 Y-147.639
G1 X259.037 Y-147.740
G1 X258.997 Y-147.841
G1 X258.950 Y-147.941
G1 X258.895 Y-148.041
G1 X258.833 Y-148.139
G1 X258.774 Y-148.220
G1 X258.702 Y-148.309
G1 X258.625 Y-148.392
G1 X258.545 Y-148.468
G1 X258.463 Y-148.538
G1 X258.378 Y-148.600
G1 X258.291 Y-148.655
G1 X258.190 Y-148.708
G1 X258.089 Y-148.752
G1 X257.987 Y-148.785
G1 X257.886 Y-148.808
G1 X257.786 Y-148.821
G1 X257.676 Y-148.821
G1 X257.569 Y-148.807
G1 X257.468 Y-148.778
G1 X257.372 Y-148.735
G1 X257.312 Y-148.697
; Retract
G0 Z3.000

; Path 300
; Rapid to initial position
G0 X256.546 Y-148.182
G0 Z0.000
; plunge
G1 Z-0.200 F4000
; cut
G1 X256.606 Y-148.102 F4000
G1 X256.680 Y-148.014
G1 X256.757 Y-147.933
G1 X256.838 Y-147.859
G1 X256.921 Y-147.792
G1 X257.007 Y-147.732
G1 X257.094 Y-147.679
G1 X257.195 Y-147.628
G1 X257.297 Y-147.587
G1 X257.399 Y-147.556
G1 X257.500 Y-147.536
G1 X257.611 Y-147.526
G1 X257.720 Y-147.530
G1 X257.825 Y-147.549
G1 X257.925 Y-147.582
G1 X258.018 Y-147.631
G1 X258.048 Y-147.651
; Retract
G0 Z3.000

; Path 301
; Rapid to initial position
G0 X257.945 Y-147.439
G0 Z0.000
; plunge
G1 Z-0.200 F4000
; cut
G1 X258.046 Y-147.388 F4000
G1 X258.133 Y-147.335
G1 X258.219 Y-147.275
G1 X258.302 Y-147.207
G1 X258.383 Y-147.133
G1 X258.460 Y-147.052
G1 X258.534 Y-146.965
G1 X258.594 Y-146.885
G1 X258.650 Y-146.801
G1 X258.707 Y-146.703
G1 X258.603 Y-146.674
G1 X258.495 Y-146.667
G1 X258.384 Y-146.673
G1 X258.283 Y-146.691
G1 X258.181 Y-146.719
G1 X258.079 Y-146.758
G1 X257.978 Y-146.806
G1 X257.891 Y-146.857
G1 X257.805 Y-146.915
G1 X257.721 Y-146.980
G1 X257.639 Y-147.052
G1 X257.561 Y-147.131
G1 X257.486 Y-147.217
G1 X257.415 Y-147.309
G1 X257.358 Y-147.392
G1 X257.299 Y-147.491
G1 X257.396 Y-147.534
G1 X257.504 Y-147.541
G1 X257.616 Y-147.534
G1 X257.716 Y-147.517
G1 X257.818 Y-147.489
G1 X257.920 Y-147.450
G1 X257.945 Y-147.439
; Retract
G0 Z3.000

; Path 302
; Rapid to initial position
G0 X258.374 Y-147.196
G0 Z0.000
; plunge
G1 Z-0.200 F4000
; cut
G1 X258.465 Y-147.250 F4000
G1 X258.563 Y-147.288
G1 X258.666 Y-147.312
G1 X258.774 Y-147.321
G1 X258.884 Y-147.316
G1 X258.985 Y-147.300
G1 X259.087 Y-147.273
G1 X259.188 Y-147.236
G1 X259.290 Y-147.188
G1 X259.377 Y-147.138
G1 X259.464 Y-147.081
G1 X259.548 Y-147.017
G1 X259.630 Y-146.946
G1 X259.709 Y-146.868
G1 X259.784 Y-146.783
G1 X259.856 Y-146.692
G1 X259.913 Y-146.609
G1 X259.973 Y-146.511
G1 X260.026 Y-146.411
G1 X260.071 Y-146.311
G1 X260.109 Y-146.210
G1 X260.139 Y-146.109
G1 X260.162 Y-146.009
G1 X260.177 Y-145.910
G1 X260.186 Y-145.799
G1 X260.184 Y-145.692
G1 X260.174 Y-145.588
G1 X260.153 Y-145.489
G1 X260.118 Y-145.385
G1 X260.071 Y-145.288
G1 X260.011 Y-145.201
G1 X259.940 Y-145.124
G1 X259.875 Y-145.072
; Retract
G0 Z3.000

; Path 303
; Rapid to initial position
G0 X258.376 Y-146.883
G0 Z0.000
; plunge
G1 Z-0.200 F4000
; cut
G1 X256.874 Y-145.822 F4000
; Retract
G0 Z3.000

; Path 304
; Rapid to initial position
G0 X263.254 Y-127.928
G0 Z0.000
; plunge
G1 Z-0.200 F4000
; cut
G1 X263.173 Y-127.860 F4000
G1 X263.104 Y-127.781
G1 X263.047 Y-127.692
G1 X263.002 Y-127.593
G1 X262.970 Y-127.487
G1 X262.952 Y-127.387
G1 X262.944 Y-127.282
G1 X262.945 Y-127.174
G1 X262.956 Y-127.062
G1 X262.973 Y-126.963
G1 X262.998 Y-126.863
G1 X263.031 Y-126.762
G1 X263.071 Y-126.661
G1 X263.118 Y-126.560
G1 X263.173 Y-126.461
G1 X263.235 Y-126.363
G1 X263.254 Y-126.336
; Retract
G0 Z3.000

; Path 305
; Rapid to initial position
G0 X263.176 Y-126.321
G0 Z0.000
; plunge
G1 Z-0.200 F4000
; cut
G1 X263.158 Y-126.420 F4000
G1 X263.147 Y-126.531
G1 X263.146 Y-126.640
G1 X263.155 Y-126.745
G1 X263.173 Y-126.845
G1 X263.205 Y-126.951
G1 X263.364 Y-127.068
G1 X263.455 Y-127.122
G1 X263.553 Y-127.160
G1 X263.656 Y-127.184
G1 X263.763 Y-127.193
G1 X263.874 Y-127.188
G1 X263.975 Y-127.172
G1 X264.076 Y-127.145
G1 X264.178 Y-127.107
G1 X264.280 Y-127.060
G1 X264.367 Y-127.010
G1 X264.454 Y-126.953
G1 X264.538 Y-126.889
G1 X264.620 Y-126.818
G1 X264.699 Y-126.740
G1 X264.774 Y-126.655
G1 X264.846 Y-126.564
G1 X264.903 Y-126.481
G1 X264.963 Y-126.383
G1 X265.015 Y-126.283
G1 X265.061 Y-126.183
G1 X265.098 Y-126.082
G1 X265.129 Y-125.981
G1 X265.152 Y-125.881
G1 X265.167 Y-125.782
G1 X265.175 Y-125.671
G1 X265.174 Y-125.564
G1 X265.163 Y-125.460
G1 X265.143 Y-125.361
G1 X265.108 Y-125.257
G1 X265.061 Y-125.160
G1 X265.001 Y-125.073
G1 X264.929 Y-124.996
G1 X264.832 Y-124.921
G1 X264.874 Y-124.815
G1 X264.905 Y-124.714
G1 X264.929 Y-124.614
G1 X264.945 Y-124.515
G1 X264.955 Y-124.404
G1 X264.955 Y-124.296
G1 X264.945 Y-124.191
G1 X264.926 Y-124.092
G1 X264.892 Y-123.986
G1 X264.847 Y-123.889
G1 X264.789 Y-123.801
G1 X264.718 Y-123.723
G1 X264.636 Y-123.656
G1 X264.544 Y-123.604
G1 X264.445 Y-123.567
G1 X264.342 Y-123.545
G1 X264.234 Y-123.537
G1 X264.122 Y-123.544
G1 X264.022 Y-123.562
G1 X263.920 Y-123.590
G1 X263.818 Y-123.628
G1 X263.717 Y-123.677
G1 X263.630 Y-123.728
G1 X263.543 Y-123.786
G1 X263.459 Y-123.851
G1 X264.832 Y-124.921
G1 X264.789 Y-125.016
G1 X264.958 Y-125.163
G1 X264.867 Y-125.109
G1 X264.769 Y-125.070
G1 X263.457 Y-124.101
G1 X263.365 Y-124.047
G1 X263.355 Y-123.945
G1 X263.314 Y-123.851
G1 X263.219 Y-123.805
G1 X263.118 Y-123.775
G1 X263.013 Y-123.760
G1 X262.903 Y-123.758
G1 X262.803 Y-123.769
G1 X262.702 Y-123.791
G1 X262.600 Y-123.823
G1 X262.499 Y-123.865
G1 X262.410 Y-123.911
G1 X262.323 Y-123.963
G1 X262.238 Y-124.024
G1 X262.154 Y-124.091
G1 X262.074 Y-124.165
G1 X261.996 Y-124.246
G1 X261.922 Y-124.333
G1 X261.863 Y-124.414
G1 X261.807 Y-124.497
G1 X261.749 Y-124.596
G1 X261.699 Y-124.696
G1 X261.656 Y-124.796
G1 X261.620 Y-124.897
G1 X261.592 Y-124.998
G1 X261.571 Y-125.098
G1 X261.556 Y-125.210
G1 X261.552 Y-125.320
G1 X261.556 Y-125.426
G1 X261.571 Y-125.528
G1 X261.599 Y-125.637
G1 X261.639 Y-125.738
G1 X261.684 Y-125.831
G1 X261.722 Y-125.934
G1 X261.772 Y-126.029
G1 X261.834 Y-126.114
G1 X261.909 Y-126.188
G1 X263.457 Y-127.286
G1 X263.375 Y-127.218
G1 X263.306 Y-127.139
G1 X263.249 Y-127.049
G1 X263.207 Y-126.957
G1 X261.863 Y-126.006
G1 X261.781 Y-125.938
G1 X261.712 Y-125.859
G1 X261.666 Y-125.759
G1 X261.650 Y-125.657
G1 X261.644 Y-125.551
G1 X261.648 Y-125.442
G1 X261.661 Y-125.330
G1 X261.681 Y-125.231
G1 X261.708 Y-125.130
G1 X261.743 Y-125.029
G1 X261.785 Y-124.928
G1 X261.834 Y-124.828
G1 X261.891 Y-124.729
G1 X261.955 Y-124.632
G1 X262.015 Y-124.552
G1 X262.089 Y-124.464
G1 X262.166 Y-124.383
G1 X262.247 Y-124.309
G1 X262.330 Y-124.242
G1 X262.416 Y-124.182
G1 X262.503 Y-124.129
G1 X262.604 Y-124.078
G1 X262.706 Y-124.037
G1 X262.808 Y-124.006
G1 X262.909 Y-123.986
G1 X263.020 Y-123.976
G1 X263.129 Y-123.980
G1 X263.234 Y-123.999
G1 X263.214 Y-124.101
G1 X263.144 Y-124.194
G1 X263.088 Y-124.277
G1 X263.031 Y-124.376
G1 X262.980 Y-124.476
G1 X262.937 Y-124.577
G1 X262.901 Y-124.677
G1 X262.873 Y-124.778
G1 X262.853 Y-124.878
G1 X262.838 Y-124.990
G1 X262.833 Y-125.100
G1 X262.838 Y-125.206
G1 X262.853 Y-125.308
G1 X262.881 Y-125.417
G1 X262.921 Y-125.518
G1 X262.973 Y-125.610
G1 X263.038 Y-125.693
G1 X263.116 Y-125.765
G1 X263.204 Y-125.824
G1 X263.300 Y-125.868
G1 X263.293 Y-125.975
G1 X263.249 Y-126.076
G1 X263.214 Y-126.177
G1 X263.186 Y-126.278
G1 X263.176 Y-126.321
; Retract
G0 Z3.000

; Path 306
; Rapid to initial position
G0 X263.340 Y-125.881
G0 Z0.000
; plunge
G1 Z-0.200 F4000
; cut
G1 X263.392 Y-125.791 F4000
G1 X263.447 Y-125.707
G1 X263.506 Y-125.626
G1 X263.579 Y-125.538
G1 X263.656 Y-125.456
G1 X263.737 Y-125.381
G1 X263.820 Y-125.313
G1 X263.905 Y-125.251
G1 X263.992 Y-125.198
G1 X264.093 Y-125.145
G1 X264.194 Y-125.103
G1 X264.296 Y-125.071
G1 X264.397 Y-125.049
G1 X264.497 Y-125.038
G1 X264.607 Y-125.039
G1 X264.712 Y-125.055
G1 X264.710 Y-125.158
G1 X264.655 Y-125.242
G1 X264.585 Y-125.335
G1 X264.512 Y-125.423
G1 X264.434 Y-125.504
G1 X264.353 Y-125.578
G1 X264.270 Y-125.645
G1 X264.185 Y-125.705
G1 X264.097 Y-125.758
G1 X263.996 Y-125.809
G1 X263.895 Y-125.850
G1 X263.793 Y-125.881
G1 X263.692 Y-125.902
G1 X263.592 Y-125.911
G1 X263.483 Y-125.908
G1 X263.378 Y-125.891
G1 X263.340 Y-125.881
; Retract
G0 Z3.000

; Path 307
; Rapid to initial position
G0 X263.675 Y-125.695
G0 Z0.000
; plunge
G1 Z-0.200 F4000
; cut
G1 X265.176 Y-126.757 F4000
; Retract
G0 Z3.000

; Path 308
; Rapid to initial position
G0 X264.315 Y-126.427
G0 Z0.000
; plunge
G1 Z-0.200 F4000
; cut
G1 X264.234 Y-126.359 F4000
G1 X264.165 Y-126.280
G1 X264.108 Y-126.190
G1 X264.064 Y-126.092
G1 X264.032 Y-125.986
G1 X264.014 Y-125.886
G1 X264.005 Y-125.781
G1 X264.006 Y-125.672
G1 X264.017 Y-125.561
G1 X264.035 Y-125.462
G1 X264.060 Y-125.361
G1 X264.092 Y-125.260
G1 X264.132 Y-125.160
G1 X264.179 Y-125.059
G1 X264.234 Y-124.960
G1 X264.296 Y-124.862
G1 X264.315 Y-124.834
; Retract
G0 Z3.000

; Path 309
; Rapid to initial position
G0 X263.786 Y-124.522
G0 Z0.000
; plunge
G1 Z-0.200 F4000
; cut
G1 X263.695 Y-124.468 F4000
G1 X263.598 Y-124.429
G1 X263.494 Y-124.405
G1 X263.387 Y-124.396
G1 X263.276 Y-124.402
G1 X263.175 Y-124.418
G1 X263.074 Y-124.445
G1 X262.972 Y-124.482
G1 X262.871 Y-124.529
G1 X262.783 Y-124.579
G1 X262.697 Y-124.636
G1 X262.612 Y-124.700
G1 X262.531 Y-124.771
G1 X262.452 Y-124.849
G1 X262.376 Y-124.934
G1 X262.305 Y-125.025
G1 X262.285 Y-125.053
; Retract
G0 Z3.000

; Path 310
; Rapid to initial position
G0 X263.053 Y-125.255
G0 Z0.000
; plunge
G1 Z-0.200 F4000
; cut
G1 X261.552 Y-124.194 F4000
; Retract
G0 Z3.000

; Path 311
; Rapid to initial position
G0 X263.051 Y-125.568
G0 Z0.000
; plunge
G1 Z-0.200 F4000
; cut
G1 X263.142 Y-125.622 F4000
G1 X263.240 Y-125.661
G1 X263.343 Y-125.684
G1 X263.451 Y-125.693
G1 X263.562 Y-125.688
G1 X263.662 Y-125.672
G1 X263.764 Y-125.645
G1 X263.866 Y-125.608
G1 X263.967 Y-125.560
G1 X264.055 Y-125.511
G1 X264.141 Y-125.454
G1 X264.225 Y-125.390
G1 X264.307 Y-125.318
G1 X264.386 Y-125.240
G1 X264.462 Y-125.156
G1 X264.533 Y-125.064
G1 X264.599 Y-124.968
G1 X264.658 Y-124.869
G1 X264.710 Y-124.769
G1 X264.754 Y-124.669
G1 X264.791 Y-124.568
G1 X264.820 Y-124.467
G1 X264.842 Y-124.367
G1 X264.857 Y-124.255
G1 X264.863 Y-124.144
G1 X264.860 Y-124.038
G1 X264.846 Y-123.935
G1 X264.820 Y-123.826
G1 X264.781 Y-123.724
G1 X264.730 Y-123.630
G1 X264.666 Y-123.546
G1 X264.590 Y-123.473
G1 X264.553 Y-123.445
; Retract
G0 Z3.000

; Path 312
; Rapid to initial position
G0 X262.725 Y-126.023
G0 Z0.000
; plunge
G1 Z-0.200 F4000
; cut
G1 X262.634 Y-125.969 F4000
G1 X262.536 Y-125.931
G1 X262.433 Y-125.907
G1 X262.325 Y-125.898
G1 X262.214 Y-125.903
G1 X262.114 Y-125.919
G1 X262.012 Y-125.946
G1 X261.910 Y-125.983
G1 X261.809 Y-126.031
G1 X261.721 Y-126.080
G1 X261.635 Y-126.137
G1 X261.551 Y-126.202
G1 X261.469 Y-126.273
G1 X261.390 Y-126.351
G1 X261.314 Y-126.436
G1 X261.243 Y-126.527
G1 X261.223 Y-126.554
; Retract
G0 Z3.000

; Path 313
; Rapid to initial position
G0 X256.845 Y-121.992
G0 Z0.000
; plunge
G1 Z-0.200 F4000
; cut
G1 X240.512 Y-110.442 F4000
; Retract
G0 Z3.000

; Path 314
; Rapid to initial position
G0 X241.195 Y-124.677
G0 Z0.000
; plunge
G1 Z-0.200 F4000
; cut
G1 X243.197 Y-126.092 F4000
; Retract
G0 Z3.000

; Path 315
; Rapid to initial position
G0 X220.418 Y-139.491
G0 Z0.000
; plunge
G1 Z-0.200 F4000
; cut
G1 X218.417 Y-140.907 F4000
; Retract
G0 Z3.000

; Path 316
; Rapid to initial position
G0 X208.992 Y-155.018
G0 Z0.000
; plunge
G1 Z-0.200 F4000
; cut
G1 X225.325 Y-166.567 F4000
; Retract
G0 Z3.000

; Path 317
; Rapid to initial position
G0 X211.677 Y-170.668
G0 Z0.000
; plunge
G1 Z-0.200 F4000
; cut
G1 X209.676 Y-169.252 F4000
; Retract
G0 Z3.000

; Path 318
; Rapid to initial position
G0 X203.376 Y-181.976
G0 Z0.000
; plunge
G1 Z-0.200 F4000
; cut
G1 X246.351 Y-242.753 F4000
; Retract
G0 Z3.000

; Path 319
; Rapid to initial position
G0 X261.692 Y-238.545
G0 Z0.000
; plunge
G1 Z-0.200 F4000
; cut
G1 X263.694 Y-241.376 F4000
; Retract
G0 Z3.000

; Path 320
; Rapid to initial position
G0 X269.325 Y-212.902
G0 Z0.000
; plunge
G1 Z-0.200 F4000
; cut
G1 X271.326 Y-211.486 F4000
; Retract
G0 Z3.000

; Path 321
; Rapid to initial position
G0 X292.587 Y-192.242
G0 Z0.000
; plunge
G1 Z-0.200 F4000
; cut
G1 X320.612 Y-152.609 F4000
; Retract
G0 Z3.000

; Path 322
; Rapid to initial position
G0 X337.343 Y-156.228
G0 Z0.000
; plunge
G1 Z-0.200 F4000
; cut
G1 X351.256 Y-166.066 F4000
; Retract
G0 Z3.000

; Path 323
; Rapid to initial position
G0 X350.927 Y-153.898
G0 Z0.000
; plunge
G1 Z-0.200 F4000
; cut
G1 X348.925 Y-152.482 F4000
; Retract
G0 Z3.000

; Path 324
; Rapid to initial position
G0 X348.994 Y-142.632
G0 Z0.000
; plunge
G1 Z-0.200 F4000
; cut
G1 X360.191 Y-150.549 F4000
; Retract
G0 Z3.000

; Path 325
; Rapid to initial position
G0 X370.341 Y-138.969
G0 Z0.000
; plunge
G1 Z-0.200 F4000
; cut
G1 X356.528 Y-129.202 F4000
; Retract
G0 Z3.000

; Path 326
; Rapid to initial position
G0 X360.892 Y-126.694
G0 Z0.000
; plunge
G1 Z-0.200 F4000
; cut
G1 X354.488 Y-122.166 F4000
G1 X366.341 Y-105.404
G1 X372.745 Y-109.932
G1 X360.892 Y-126.694
; Retract
G0 Z3.000

; Path 327
; Rapid to initial position
G0 X359.955 Y-121.228
G0 Z0.000
; plunge
G1 Z-0.200 F4000
; cut
G1 X371.807 Y-104.466 F4000
; Retract
G0 Z3.000

; Path 328
; Rapid to initial position
G0 X370.313 Y-110.349
G0 Z0.000
; plunge
G1 Z-0.200 F4000
; cut
G1 X349.996 Y-95.984 F4000
; Retract
G0 Z3.000

; Path 329
; Rapid to initial position
G0 X355.836 Y-92.494
G0 Z0.000
; plunge
G1 Z-0.200 F4000
; cut
G1 X365.994 Y-99.677 F4000
; Retract
G0 Z3.000

; Path 330
; Rapid to initial position
G0 X364.921 Y-93.423
G0 Z0.000
; plunge
G1 Z-0.200 F4000
; cut
G1 X366.923 Y-90.592 F4000
; Retract
G0 Z3.000

; Path 331
; Rapid to initial position
G0 X361.027 Y-104.185
G0 Z0.000
; plunge
G1 Z-0.200 F4000
; cut
G1 X359.525 Y-106.308 F4000
; Retract
G0 Z3.000

; Path 332
; Rapid to initial position
G0 X359.525 Y-106.308
G0 Z0.000
; plunge
G1 Z-0.200 F4000
; cut
G1 X361.649 Y-107.809 F4000
; Retract
G0 Z3.000

; Path 333
; Rapid to initial position
G0 X359.836 Y-108.120
G0 Z0.000
; plunge
G1 Z-0.200 F4000
; cut
G1 X361.338 Y-105.997 F4000
G1 X359.214 Y-104.496
G1 X357.713 Y-106.619
G1 X359.836 Y-108.120
; Retract
G0 Z3.000

; Path 334
; Rapid to initial position
G0 X359.525 Y-106.308
G0 Z0.000
; plunge
G1 Z-0.200 F4000
; cut
G1 X358.024 Y-108.431 F4000
; Retract
G0 Z3.000

; Path 335
; Rapid to initial position
G0 X357.102 Y-110.128
G0 Z0.000
; plunge
G1 Z-0.200 F4000
; cut
G1 X348.946 Y-104.361 F4000
; Retract
G0 Z3.000

; Path 336
; Rapid to initial position
G0 X368.796 Y-119.711
G0 Z0.000
; plunge
G1 Z-0.200 F4000
; cut
G1 X375.200 Y-124.239 F4000
; Retract
G0 Z3.000

; Path 337
; Rapid to initial position
G0 X370.027 Y-126.886
G0 Z0.000
; plunge
G1 Z-0.200 F4000
; cut
G1 X368.025 Y-125.470 F4000
; Retract
G0 Z3.000

; Path 338
; Rapid to initial position
G0 X337.520 Y-141.088
G0 Z0.000
; plunge
G1 Z-0.200 F4000
; cut
G1 X337.465 Y-140.998 F4000
G1 X337.397 Y-140.918
G1 X337.317 Y-140.848
G1 X337.231 Y-140.795
G1 X337.133 Y-140.754
G1 X335.638 Y-142.792
G1 X335.705 Y-142.876
G1 X335.782 Y-142.947
G1 X335.866 Y-143.003
G1 X335.962 Y-143.046
G1 X336.063 Y-143.075
G1 X336.169 Y-143.089
G1 X336.279 Y-143.088
G1 X336.379 Y-143.076
G1 X336.480 Y-143.053
G1 X336.582 Y-143.020
G1 X336.684 Y-142.976
G1 X336.785 Y-142.923
G1 X336.871 Y-142.868
G1 X336.956 Y-142.805
G1 X337.039 Y-142.736
G1 X337.119 Y-142.660
G1 X337.195 Y-142.577
G1 X337.268 Y-142.488
G1 X337.327 Y-142.406
G1 X337.389 Y-142.309
G1 X337.443 Y-142.209
G1 X337.491 Y-142.109
G1 X337.531 Y-142.008
G1 X337.563 Y-141.907
G1 X337.588 Y-141.807
G1 X337.606 Y-141.707
G1 X337.616 Y-141.596
G1 X337.618 Y-141.487
G1 X337.609 Y-141.383
G1 X337.591 Y-141.283
G1 X337.559 Y-141.176
G1 X337.520 Y-141.088
; Retract
G0 Z3.000

; Path 339
; Rapid to initial position
G0 X337.274 Y-140.707
G0 Z0.000
; plunge
G1 Z-0.200 F4000
; cut
G1 X337.355 Y-140.775 F4000
G1 X337.424 Y-140.854
G1 X337.481 Y-140.943
G1 X337.525 Y-141.042
G1 X337.557 Y-141.148
G1 X337.576 Y-141.248
G1 X337.584 Y-141.353
G1 X337.583 Y-141.461
G1 X337.572 Y-141.573
G1 X337.554 Y-141.672
G1 X337.529 Y-141.772
G1 X337.497 Y-141.873
G1 X337.457 Y-141.974
G1 X337.410 Y-142.075
G1 X337.355 Y-142.174
G1 X337.293 Y-142.272
G1 X337.234 Y-142.354
G1 X337.162 Y-142.443
G1 X337.085 Y-142.526
G1 X337.005 Y-142.602
G1 X336.923 Y-142.671
G1 X336.838 Y-142.733
G1 X336.751 Y-142.788
G1 X336.663 Y-142.836
G1 X336.561 Y-142.880
G1 X336.460 Y-142.915
G1 X336.358 Y-142.939
G1 X336.258 Y-142.953
G1 X336.148 Y-142.955
G1 X336.041 Y-142.943
G1 X335.939 Y-142.916
G1 X335.843 Y-142.874
G1 X335.773 Y-142.830
; Retract
G0 Z3.000

; Path 340
; Rapid to initial position
G0 X335.595 Y-141.414
G0 Z0.000
; plunge
G1 Z-0.200 F4000
; cut
G1 X335.402 Y-141.277 F4000
G1 X335.478 Y-141.348
G1 X335.570 Y-141.397
G1 X335.595 Y-141.414
; Retract
G0 Z3.000

; Path 341
; Rapid to initial position
G0 X335.583 Y-141.401
G0 Z0.000
; plunge
G1 Z-0.200 F4000
; cut
G1 X335.389 Y-141.265 F4000
; Retract
G0 Z3.000

; Path 342
; Rapid to initial position
G0 X335.394 Y-141.295
G0 Z0.000
; plunge
G1 Z-0.200 F4000
; cut
G1 X335.496 Y-141.330 F4000
G1 X335.588 Y-141.379
G1 X335.613 Y-141.396
; Retract
G0 Z3.000

; Path 343
; Rapid to initial position
G0 X337.507 Y-142.735
G0 Z0.000
; plunge
G1 Z-0.200 F4000
; cut
G1 X337.574 Y-142.819 F4000
G1 X337.651 Y-142.890
G1 X337.675 Y-142.908
; Retract
G0 Z3.000

; Path 344
; Rapid to initial position
G0 X337.676 Y-142.912
G0 Z0.000
; plunge
G1 Z-0.200 F4000
; cut
G1 X337.597 Y-142.843 F4000
G1 X337.529 Y-142.761
G1 X337.688 Y-142.921
G1 X337.676 Y-142.912
; Retract
G0 Z3.000

; Path 345
; Rapid to initial position
G0 X337.706 Y-142.903
G0 Z0.000
; plunge
G1 Z-0.200 F4000
; cut
G1 X337.512 Y-142.766 F4000
; Retract
G0 Z3.000

; Path 346
; Rapid to initial position
G0 X323.551 Y-132.894
G0 Z0.000
; plunge
G1 Z-0.200 F4000
; cut
G1 X323.358 Y-132.757 F4000
; Retract
G0 Z3.000

; Path 347
; Rapid to initial position
G0 X323.374 Y-132.752
G0 Z0.000
; plunge
G1 Z-0.200 F4000
; cut
G1 X323.533 Y-132.912 F4000
G1 X323.453 Y-132.844
G1 X323.383 Y-132.764
G1 X323.374 Y-132.752
; Retract
G0 Z3.000

; Path 348
; Rapid to initial position
G0 X323.353 Y-132.727
G0 Z0.000
; plunge
G1 Z-0.200 F4000
; cut
G1 X323.419 Y-132.810 F4000
G1 X323.497 Y-132.881
G1 X323.521 Y-132.899
; Retract
G0 Z3.000

; Path 349
; Rapid to initial position
G0 X323.072 Y-132.531
G0 Z0.000
; plunge
G1 Z-0.200 F4000
; cut
G1 X323.143 Y-132.439 F4000
G1 X323.200 Y-132.356
G1 X323.259 Y-132.257
G1 X323.310 Y-132.158
G1 X323.354 Y-132.057
G1 X323.391 Y-131.956
G1 X323.420 Y-131.855
G1 X323.442 Y-131.755
G1 X323.458 Y-131.643
G1 X323.464 Y-131.533
G1 X323.460 Y-131.426
G1 X323.447 Y-131.323
G1 X323.420 Y-131.214
G1 X323.381 Y-131.112
G1 X323.330 Y-131.018
G1 X323.266 Y-130.934
G1 X323.191 Y-130.861
G1 X323.102 Y-130.800
G1 X323.007 Y-130.755
G1 X321.483 Y-132.783
G1 X321.550 Y-132.867
G1 X321.627 Y-132.938
G1 X321.711 Y-132.994
G1 X321.807 Y-133.037
G1 X321.908 Y-133.066
G1 X322.015 Y-133.080
G1 X322.125 Y-133.080
G1 X322.225 Y-133.067
G1 X322.326 Y-133.044
G1 X322.428 Y-133.011
G1 X322.529 Y-132.967
G1 X322.630 Y-132.914
G1 X322.717 Y-132.859
G1 X322.802 Y-132.797
G1 X322.884 Y-132.727
G1 X322.964 Y-132.651
G1 X323.041 Y-132.568
G1 X323.072 Y-132.531
; Retract
G0 Z3.000

; Path 350
; Rapid to initial position
G0 X321.618 Y-132.821
G0 Z0.000
; plunge
G1 Z-0.200 F4000
; cut
G1 X321.709 Y-132.876 F4000
G1 X321.807 Y-132.914
G1 X321.910 Y-132.938
G1 X322.017 Y-132.947
G1 X322.128 Y-132.942
G1 X322.229 Y-132.926
G1 X322.330 Y-132.899
G1 X322.432 Y-132.861
G1 X322.534 Y-132.814
G1 X322.621 Y-132.764
G1 X322.708 Y-132.707
G1 X322.792 Y-132.643
G1 X322.874 Y-132.572
G1 X322.953 Y-132.494
G1 X323.028 Y-132.409
G1 X323.100 Y-132.318
G1 X323.157 Y-132.235
G1 X323.217 Y-132.137
G1 X323.270 Y-132.037
G1 X323.315 Y-131.937
G1 X323.352 Y-131.836
G1 X323.383 Y-131.735
G1 X323.406 Y-131.635
G1 X323.421 Y-131.536
G1 X323.429 Y-131.425
G1 X323.428 Y-131.318
G1 X323.417 Y-131.214
G1 X323.397 Y-131.115
G1 X323.362 Y-131.010
G1 X323.315 Y-130.914
G1 X323.255 Y-130.827
G1 X323.184 Y-130.750
G1 X323.119 Y-130.698
; Retract
G0 Z3.000

; Path 351
; Rapid to initial position
G0 X321.458 Y-131.387
G0 Z0.000
; plunge
G1 Z-0.200 F4000
; cut
G1 X321.368 Y-131.334 F4000
G1 X321.269 Y-131.295
G1 X321.240 Y-131.286
; Retract
G0 Z3.000

; Path 352
; Rapid to initial position
G0 X321.247 Y-131.268
G0 Z0.000
; plunge
G1 Z-0.200 F4000
; cut
G1 X321.323 Y-131.339 F4000
G1 X321.416 Y-131.388
G1 X321.247 Y-131.268
G1 X321.247 Y-131.268
; Retract
G0 Z3.000

; Path 353
; Rapid to initial position
G0 X321.235 Y-131.256
G0 Z0.000
; plunge
G1 Z-0.200 F4000
; cut
G1 X321.428 Y-131.392 F4000
; Retract
G0 Z3.000

; Path 354
; Rapid to initial position
G0 X309.397 Y-122.885
G0 Z0.000
; plunge
G1 Z-0.200 F4000
; cut
G1 X309.203 Y-122.748 F4000
; Retract
G0 Z3.000

; Path 355
; Rapid to initial position
G0 X309.198 Y-122.718
G0 Z0.000
; plunge
G1 Z-0.200 F4000
; cut
G1 X309.264 Y-122.801 F4000
G1 X309.342 Y-122.872
G1 X309.366 Y-122.890
; Retract
G0 Z3.000

; Path 356
; Rapid to initial position
G0 X307.463 Y-122.813
G0 Z0.000
; plunge
G1 Z-0.200 F4000
; cut
G1 X307.554 Y-122.867 F4000
G1 X307.652 Y-122.905
G1 X307.755 Y-122.929
G1 X307.863 Y-122.938
G1 X307.974 Y-122.933
G1 X308.074 Y-122.917
G1 X308.176 Y-122.890
G1 X308.278 Y-122.852
G1 X308.379 Y-122.805
G1 X308.467 Y-122.755
G1 X308.553 Y-122.698
G1 X308.637 Y-122.634
G1 X308.719 Y-122.563
G1 X308.798 Y-122.485
G1 X308.874 Y-122.400
G1 X308.945 Y-122.309
G1 X309.011 Y-122.213
G1 X309.070 Y-122.114
G1 X309.122 Y-122.014
G1 X309.166 Y-121.913
G1 X309.203 Y-121.812
G1 X309.232 Y-121.712
G1 X309.254 Y-121.612
G1 X309.269 Y-121.499
G1 X309.276 Y-121.389
G1 X309.272 Y-121.283
G1 X309.259 Y-121.180
G1 X309.235 Y-121.082
G1 X309.198 Y-120.979
G1 X309.148 Y-120.885
G1 X309.086 Y-120.800
G1 X309.011 Y-120.726
G1 X308.965 Y-120.689
; Retract
G0 Z3.000

; Path 357
; Rapid to initial position
G0 X308.780 Y-120.723
G0 Z0.000
; plunge
G1 Z-0.200 F4000
; cut
G1 X308.881 Y-120.758 F4000
G1 X308.973 Y-120.807
G1 X309.054 Y-120.868
G1 X309.127 Y-120.943
G1 X309.188 Y-121.029
G1 X309.236 Y-121.125
G1 X309.272 Y-121.229
G1 X309.294 Y-121.327
G1 X309.306 Y-121.430
G1 X309.309 Y-121.537
G1 X309.302 Y-121.648
G1 X309.285 Y-121.760
G1 X309.262 Y-121.861
G1 X309.231 Y-121.961
G1 X309.194 Y-122.062
G1 X309.149 Y-122.163
G1 X309.096 Y-122.263
G1 X309.036 Y-122.361
G1 X308.969 Y-122.457
G1 X308.897 Y-122.547
G1 X308.821 Y-122.631
G1 X308.741 Y-122.708
G1 X308.659 Y-122.778
G1 X308.574 Y-122.841
G1 X308.488 Y-122.897
G1 X308.400 Y-122.946
G1 X308.299 Y-122.992
G1 X308.197 Y-123.028
G1 X308.095 Y-123.054
G1 X307.995 Y-123.069
G1 X307.884 Y-123.072
G1 X307.777 Y-123.062
G1 X307.675 Y-123.036
G1 X307.578 Y-122.996
G1 X307.485 Y-122.938
G1 X307.406 Y-122.869
G1 X307.338 Y-122.787
G1 X308.780 Y-120.723
; Retract
G0 Z3.000

; Path 358
; Rapid to initial position
G0 X307.304 Y-121.378
G0 Z0.000
; plunge
G1 Z-0.200 F4000
; cut
G1 X307.214 Y-121.325 F4000
G1 X307.115 Y-121.286
G1 X307.085 Y-121.277
; Retract
G0 Z3.000

; Path 359
; Rapid to initial position
G0 X307.080 Y-121.247
G0 Z0.000
; plunge
G1 Z-0.200 F4000
; cut
G1 X307.273 Y-121.384 F4000
; Retract
G0 Z3.000

; Path 360
; Rapid to initial position
G0 X295.242 Y-112.876
G0 Z0.000
; plunge
G1 Z-0.200 F4000
; cut
G1 X295.049 Y-112.739 F4000
; Retract
G0 Z3.000

; Path 361
; Rapid to initial position
G0 X295.065 Y-112.734
G0 Z0.000
; plunge
G1 Z-0.200 F4000
; cut
G1 X295.224 Y-112.894 F4000
G1 X295.143 Y-112.827
G1 X295.074 Y-112.747
G1 X295.065 Y-112.734
; Retract
G0 Z3.000

; Path 362
; Rapid to initial position
G0 X295.043 Y-112.709
G0 Z0.000
; plunge
G1 Z-0.200 F4000
; cut
G1 X295.110 Y-112.793 F4000
G1 X295.187 Y-112.864
G1 X295.211 Y-112.881
; Retract
G0 Z3.000

; Path 363
; Rapid to initial position
G0 X293.309 Y-112.804
G0 Z0.000
; plunge
G1 Z-0.200 F4000
; cut
G1 X293.400 Y-112.858 F4000
G1 X293.498 Y-112.896
G1 X293.601 Y-112.920
G1 X293.708 Y-112.929
G1 X293.819 Y-112.924
G1 X293.920 Y-112.908
G1 X294.021 Y-112.881
G1 X294.123 Y-112.844
G1 X294.224 Y-112.796
G1 X294.312 Y-112.747
G1 X294.398 Y-112.690
G1 X294.483 Y-112.625
G1 X294.565 Y-112.554
G1 X294.643 Y-112.476
G1 X294.719 Y-112.391
G1 X294.790 Y-112.300
G1 X294.848 Y-112.218
G1 X294.908 Y-112.119
G1 X294.960 Y-112.020
G1 X295.006 Y-111.919
G1 X295.043 Y-111.818
G1 X295.074 Y-111.717
G1 X295.096 Y-111.617
G1 X295.112 Y-111.518
G1 X295.120 Y-111.408
G1 X295.119 Y-111.300
G1 X295.108 Y-111.196
G1 X295.088 Y-111.097
G1 X295.053 Y-110.993
G1 X295.006 Y-110.896
G1 X294.946 Y-110.809
G1 X294.874 Y-110.732
G1 X294.810 Y-110.681
; Retract
G0 Z3.000

; Path 364
; Rapid to initial position
G0 X294.625 Y-110.714
G0 Z0.000
; plunge
G1 Z-0.200 F4000
; cut
G1 X293.174 Y-112.766 F4000
G1 X293.241 Y-112.849
G1 X293.318 Y-112.920
G1 X293.402 Y-112.976
G1 X293.498 Y-113.020
G1 X293.599 Y-113.048
G1 X293.706 Y-113.062
G1 X293.815 Y-113.062
G1 X293.915 Y-113.050
G1 X294.017 Y-113.027
G1 X294.118 Y-112.993
G1 X294.220 Y-112.950
G1 X294.321 Y-112.896
G1 X294.408 Y-112.841
G1 X294.492 Y-112.779
G1 X294.575 Y-112.710
G1 X294.655 Y-112.634
G1 X294.731 Y-112.551
G1 X294.804 Y-112.461
G1 X294.863 Y-112.380
G1 X294.925 Y-112.282
G1 X294.980 Y-112.183
G1 X295.027 Y-112.082
G1 X295.067 Y-111.981
G1 X295.099 Y-111.880
G1 X295.124 Y-111.780
G1 X295.142 Y-111.681
G1 X295.153 Y-111.570
G1 X295.154 Y-111.461
G1 X295.145 Y-111.356
G1 X295.127 Y-111.256
G1 X295.095 Y-111.150
G1 X295.051 Y-111.051
G1 X294.994 Y-110.962
G1 X294.925 Y-110.883
G1 X294.844 Y-110.815
G1 X294.753 Y-110.762
G1 X294.655 Y-110.723
G1 X294.625 Y-110.714
; Retract
G0 Z3.000

; Path 365
; Rapid to initial position
G0 X293.149 Y-111.370
G0 Z0.000
; plunge
G1 Z-0.200 F4000
; cut
G1 X293.059 Y-111.316 F4000
G1 X292.960 Y-111.277
G1 X292.931 Y-111.269
; Retract
G0 Z3.000

; Path 366
; Rapid to initial position
G0 X292.938 Y-111.251
G0 Z0.000
; plunge
G1 Z-0.200 F4000
; cut
G1 X293.014 Y-111.321 F4000
G1 X293.107 Y-111.371
G1 X292.938 Y-111.251
G1 X292.938 Y-111.251
; Retract
G0 Z3.000

; Path 367
; Rapid to initial position
G0 X292.925 Y-111.238
G0 Z0.000
; plunge
G1 Z-0.200 F4000
; cut
G1 X293.119 Y-111.375 F4000
; Retract
G0 Z3.000

; Path 368
; Rapid to initial position
G0 X281.087 Y-102.867
G0 Z0.000
; plunge
G1 Z-0.200 F4000
; cut
G1 X280.894 Y-102.731 F4000
; Retract
G0 Z3.000

; Path 369
; Rapid to initial position
G0 X280.910 Y-102.725
G0 Z0.000
; plunge
G1 Z-0.200 F4000
; cut
G1 X281.069 Y-102.885 F4000
G1 X280.989 Y-102.818
G1 X280.919 Y-102.738
G1 X280.910 Y-102.725
; Retract
G0 Z3.000

; Path 370
; Rapid to initial position
G0 X280.889 Y-102.700
G0 Z0.000
; plunge
G1 Z-0.200 F4000
; cut
G1 X280.955 Y-102.784 F4000
G1 X281.033 Y-102.855
G1 X281.057 Y-102.873
; Retract
G0 Z3.000

; Path 371
; Rapid to initial position
G0 X280.608 Y-102.504
G0 Z0.000
; plunge
G1 Z-0.200 F4000
; cut
G1 X280.679 Y-102.412 F4000
G1 X280.736 Y-102.329
G1 X280.795 Y-102.231
G1 X280.846 Y-102.131
G1 X280.890 Y-102.030
G1 X280.927 Y-101.929
G1 X280.956 Y-101.829
G1 X280.978 Y-101.729
G1 X280.994 Y-101.616
G1 X281.000 Y-101.506
G1 X280.996 Y-101.399
G1 X280.983 Y-101.297
G1 X280.960 Y-101.199
G1 X280.922 Y-101.096
G1 X280.872 Y-101.002
G1 X280.810 Y-100.917
G1 X280.736 Y-100.842
G1 X280.651 Y-100.782
G1 X280.558 Y-100.734
G1 X279.020 Y-102.757
G1 X279.086 Y-102.841
G1 X279.164 Y-102.912
G1 X279.248 Y-102.967
G1 X279.343 Y-103.011
G1 X279.445 Y-103.040
G1 X279.551 Y-103.053
G1 X279.661 Y-103.053
G1 X279.761 Y-103.041
G1 X279.862 Y-103.018
G1 X279.964 Y-102.985
G1 X280.066 Y-102.941
G1 X280.166 Y-102.887
G1 X280.253 Y-102.832
G1 X280.338 Y-102.770
G1 X280.421 Y-102.701
G1 X280.500 Y-102.625
G1 X280.577 Y-102.542
G1 X280.608 Y-102.504
; Retract
G0 Z3.000

; Path 372
; Rapid to initial position
G0 X279.154 Y-102.795
G0 Z0.000
; plunge
G1 Z-0.200 F4000
; cut
G1 X279.245 Y-102.849 F4000
G1 X279.343 Y-102.888
G1 X279.446 Y-102.911
G1 X279.554 Y-102.920
G1 X279.665 Y-102.915
G1 X279.765 Y-102.899
G1 X279.867 Y-102.872
G1 X279.968 Y-102.835
G1 X280.070 Y-102.787
G1 X280.158 Y-102.738
G1 X280.244 Y-102.681
G1 X280.328 Y-102.617
G1 X280.410 Y-102.545
G1 X280.489 Y-102.467
G1 X280.564 Y-102.383
G1 X280.636 Y-102.291
G1 X280.702 Y-102.195
G1 X280.761 Y-102.096
G1 X280.813 Y-101.996
G1 X280.857 Y-101.896
G1 X280.893 Y-101.795
G1 X280.923 Y-101.694
G1 X280.944 Y-101.594
G1 X280.959 Y-101.495
G1 X280.966 Y-101.385
G1 X280.964 Y-101.278
G1 X280.952 Y-101.175
G1 X280.930 Y-101.077
G1 X280.893 Y-100.973
G1 X280.845 Y-100.877
G1 X280.784 Y-100.791
G1 X280.711 Y-100.716
G1 X280.655 Y-100.672
; Retract
G0 Z3.000

; Path 373
; Rapid to initial position
G0 X278.995 Y-101.361
G0 Z0.000
; plunge
G1 Z-0.200 F4000
; cut
G1 X278.905 Y-101.307 F4000
G1 X278.806 Y-101.268
G1 X278.776 Y-101.260
; Retract
G0 Z3.000

; Path 374
; Rapid to initial position
G0 X278.784 Y-101.242
G0 Z0.000
; plunge
G1 Z-0.200 F4000
; cut
G1 X278.859 Y-101.313 F4000
G1 X278.952 Y-101.362
G1 X278.784 Y-101.242
G1 X278.784 Y-101.242
; Retract
G0 Z3.000

; Path 375
; Rapid to initial position
G0 X278.771 Y-101.229
G0 Z0.000
; plunge
G1 Z-0.200 F4000
; cut
G1 X278.964 Y-101.366 F4000
; Retract
G0 Z3.000

; Path 376
; Rapid to initial position
G0 X275.263 Y-90.496
G0 Z0.000
; plunge
G1 Z-0.200 F4000
; cut
G1 X264.066 Y-82.579 F4000
; Retract
G0 Z3.000

; Path 377
; Rapid to initial position
G0 X263.997 Y-92.429
G0 Z0.000
; plunge
G1 Z-0.200 F4000
; cut
G1 X265.999 Y-93.845 F4000
; Retract
G0 Z3.000

; Path 378
; Rapid to initial position
G0 X266.328 Y-106.013
G0 Z0.000
; plunge
G1 Z-0.200 F4000
; cut
G1 X252.416 Y-96.175 F4000
; Retract
G0 Z3.000

; Path 379
; Rapid to initial position
G0 X272.150 Y-72.354
G0 Z0.000
; plunge
G1 Z-0.200 F4000
; cut
G1 X282.209 Y-79.466 F4000
; Retract
G0 Z3.000

; Path 380
; Rapid to initial position
G0 X282.469 Y-78.757
G0 Z0.000
; plunge
G1 Z-0.200 F4000
; cut
G1 X328.668 Y-13.423 F4000
; Retract
G0 Z3.000

; Path 381
; Rapid to initial position
G0 X330.084 Y-11.421
G0 Z0.000
; plunge
G1 Z-0.200 F4000
; cut
G1 X283.885 Y-76.756 F4000
; Retract
G0 Z3.000

; Path 382
; Rapid to initial position
G0 X283.940 Y-70.331
G0 Z0.000
; plunge
G1 Z-0.200 F4000
; cut
G1 X280.186 Y-67.676 F4000
; Retract
G0 Z3.000

; Path 383
; Rapid to initial position
G0 X280.736 Y-70.880
G0 Z0.000
; plunge
G1 Z-0.200 F4000
; cut
G1 X280.736 Y-70.880 F4000
; Retract
G0 Z3.000

; Path 384
; Rapid to initial position
G0 X283.098 Y-65.418
G0 Z0.000
; plunge
G1 Z-0.200 F4000
; cut
G1 X285.100 Y-66.833 F4000
; Retract
G0 Z3.000

; Path 385
; Rapid to initial position
G0 X280.069 Y-170.161
G0 Z0.000
; plunge
G1 Z-0.200 F4000
; cut
G1 X278.567 Y-172.285 F4000
; Retract
G0 Z3.000

; Path 386
; Rapid to initial position
G0 X278.567 Y-172.284
G0 Z0.000
; plunge
G1 Z-0.200 F4000
; cut
G1 X277.066 Y-174.408 F4000
; Retract
G0 Z3.000

; Path 387
; Rapid to initial position
G0 X278.878 Y-174.097
G0 Z0.000
; plunge
G1 Z-0.200 F4000
; cut
G1 X280.379 Y-171.974 F4000
G1 X278.256 Y-170.472
G1 X276.755 Y-172.595
G1 X278.878 Y-174.097
G1 X278.878 Y-174.097
; Retract
G0 Z3.000

; Path 388
; Rapid to initial position
G0 X278.567 Y-172.285
G0 Z0.000
; plunge
G1 Z-0.200 F4000
; cut
G1 X280.690 Y-173.786 F4000
; Retract
G0 Z3.000

; Path 389
; Rapid to initial position
G0 X304.018 Y-190.281
G0 Z0.000
; plunge
G1 Z-0.200 F4000
; cut
G1 X330.259 Y-208.836 F4000
; Retract
G0 Z3.000

; Path 390
; Rapid to initial position
G0 X304.449 Y-192.791
G0 Z0.000
; plunge
G1 Z-0.200 F4000
; cut
G1 X276.424 Y-232.424 F4000
G1 X260.091 Y-220.875
G1 X288.116 Y-181.242
G1 X304.449 Y-192.791
; Retract
G0 Z3.000

; Path 391
; Rapid to initial position
G0 X245.034 Y-268.630
G0 Z0.000
; plunge
G1 Z-0.200 F4000
; cut
G1 X244.733 Y-268.843 F4000
G1 X242.609 Y-270.344
G1 X231.122 Y-278.467
G1 X229.121 Y-275.636
G1 X239.279 Y-268.453
G1 X243.033 Y-265.799
G1 X196.834 Y-200.464
G1 X198.836 Y-199.049
G1 X213.912 Y-220.369
G1 X215.914 Y-223.199
G1 X258.889 Y-283.976
G1 X256.887 Y-285.392
G1 X245.034 Y-268.630
; Retract
G0 Z3.000

; Path 392
; Rapid to initial position
G0 X257.180 Y-283.683
G0 Z0.000
; plunge
G1 Z-0.200 F4000
; cut
G1 X197.128 Y-198.756 F4000
; Retract
G0 Z3.000

; Path 393
; Rapid to initial position
G0 X192.125 Y-166.064
G0 Z0.000
; plunge
G1 Z-0.200 F4000
; cut
G1 X149.149 Y-105.287 F4000
; Retract
G0 Z3.000

; Path 394
; Rapid to initial position
G0 X82.177 Y-108.303
G0 Z0.000
; plunge
G1 Z-0.200 F4000
; cut
G1 X82.177 Y-80.278 F4000
G1 X82.177 Y-78.277
G1 X82.177 Y-48.250
G1 X79.725 Y-50.252
G1 X79.725 Y-101.889
G1 X79.725 Y-103.891
G1 X79.725 Y-110.305
G1 X82.177 Y-108.303
G1 X82.177 Y-108.303
; Retract
G0 Z3.000

; Path 395
; Rapid to initial position
G0 X81.952 Y-110.530
G0 Z0.000
; plunge
G1 Z-0.200 F4000
; cut
G1 X81.952 Y-50.477 F4000
; Retract
G0 Z3.000

; Path 396
; Rapid to initial position
G0 X78.650 Y-63.651
G0 Z0.000
; plunge
G1 Z-0.200 F4000
; cut
G1 X68.778 Y-55.590 F4000
G1 X68.778 Y-71.260
G1 X69.093 Y-71.518
G1 X69.093 Y-72.917
G1 X68.778 Y-73.174
G1 X68.778 Y-73.488
G1 X65.119 Y-76.476
G1 X65.119 Y-136.215
G1 X71.286 Y-131.180
G1 X71.286 Y-120.073
G1 X75.341 Y-116.784
G1 X75.341 Y-112.586
G1 X71.286 Y-109.275
G1 X71.286 Y-92.943
G1 X71.205 Y-92.866
G1 X71.164 Y-92.774
G1 X71.135 Y-92.661
G1 X71.130 Y-92.546
G1 X71.143 Y-92.440
G1 X71.169 Y-92.326
G1 X71.202 Y-92.226
G1 X71.244 Y-92.122
G1 X71.286 Y-71.127
G1 X69.950 Y-72.217
G1 X70.142 Y-72.374
G1 X69.093 Y-73.231
G1 X69.093 Y-99.310
G1 X69.011 Y-99.378
G1 X69.093 Y-99.310
G1 X69.345 Y-99.105
G1 X69.345 Y-99.350
G1 X69.243 Y-99.327
G1 X69.132 Y-99.327
G1 X69.093 Y-107.485
G1 X71.286 Y-109.275
G1 X71.286 Y-120.073
G1 X69.093 Y-121.851
G1 X69.093 Y-107.485
G1 X68.778 Y-107.228
G1 X68.778 Y-73.488
G1 X69.093 Y-73.231
G1 X69.093 Y-72.917
G1 X69.950 Y-72.217
G1 X69.093 Y-71.518
G1 X69.093 Y-70.248
G1 X75.341 Y-65.147
G1 X75.341 Y-112.586
G1 X78.650 Y-115.288
G1 X78.650 Y-63.651
; Retract
G0 Z3.000

; Path 397
; Rapid to initial position
G0 X76.991 Y-69.048
G0 Z0.000
; plunge
G1 Z-0.200 F4000
; cut
G1 X76.991 Y-129.101 F4000
; Retract
G0 Z3.000

; Path 398
; Rapid to initial position
G0 X77.257 Y-130.694
G0 Z0.000
; plunge
G1 Z-0.200 F4000
; cut
G1 X77.257 Y-87.719 F4000
; Retract
G0 Z3.000

; Path 399
; Rapid to initial position
G0 X74.520 Y-90.577
G0 Z0.000
; plunge
G1 Z-0.200 F4000
; cut
G1 X74.583 Y-90.658 F4000
G1 X74.612 Y-90.762
G1 X74.616 Y-90.868
G1 X74.602 Y-90.978
G1 X74.576 Y-91.086
G1 X74.542 Y-91.190
G1 X74.503 Y-91.287
G1 X74.457 Y-91.386
G1 X74.411 Y-91.475
G1 X74.358 Y-91.566
G1 X74.301 Y-91.657
G1 X74.238 Y-91.749
G1 X74.170 Y-91.841
G1 X74.108 Y-91.920
G1 X74.033 Y-92.009
G1 X73.956 Y-92.093
G1 X73.879 Y-92.172
G1 X73.801 Y-92.246
G1 X73.723 Y-92.314
G1 X73.634 Y-92.385
G1 X73.546 Y-92.448
G1 X73.459 Y-92.503
G1 X73.365 Y-92.555
G1 X73.265 Y-92.600
G1 X73.161 Y-92.632
G1 X73.058 Y-92.646
G1 X72.954 Y-92.633
G1 X72.875 Y-92.591
; Retract
G0 Z3.000

; Path 400
; Rapid to initial position
G0 X72.845 Y-92.608
G0 Z0.000
; plunge
G1 Z-0.200 F4000
; cut
G1 X72.918 Y-92.683 F4000
G1 X73.017 Y-92.718
G1 X73.121 Y-92.718
G1 X73.219 Y-92.698
G1 X73.315 Y-92.664
G1 X73.407 Y-92.620
G1 X73.502 Y-92.566
G1 X73.589 Y-92.509
G1 X73.677 Y-92.444
G1 X73.755 Y-92.380
G1 X73.833 Y-92.311
G1 X73.911 Y-92.237
G1 X73.989 Y-92.157
G1 X74.065 Y-92.072
G1 X74.130 Y-91.995
G1 X73.351 Y-91.272
G1 X72.871 Y-90.822
G1 X72.777 Y-90.776
G1 X72.673 Y-90.768
G1 X72.569 Y-90.785
G1 X72.472 Y-90.816
G1 X72.368 Y-90.864
G1 X72.278 Y-90.914
G1 X72.185 Y-90.975
G1 X72.090 Y-91.045
G1 X72.012 Y-91.108
G1 X71.935 Y-91.177
G1 X71.857 Y-91.251
G1 X71.780 Y-91.330
G1 X71.706 Y-91.412
G1 X71.635 Y-91.496
G1 X71.568 Y-91.581
G1 X71.504 Y-91.668
G1 X71.445 Y-91.755
G1 X71.390 Y-91.842
G1 X71.339 Y-91.930
G1 X71.286 Y-92.032
G1 X71.286 Y-92.152
G1 X71.239 Y-92.261
G1 X71.203 Y-92.363
G1 X71.175 Y-92.460
G1 X71.156 Y-92.570
G1 X71.151 Y-92.677
G1 X71.175 Y-92.777
G1 X71.286 Y-92.884
G1 X73.086 Y-94.413
G1 X73.020 Y-94.325
G1 X71.286 Y-92.884
G1 X71.286 Y-92.152
G1 X71.337 Y-92.049
G1 X71.398 Y-91.940
G1 X71.452 Y-91.853
G1 X71.510 Y-91.765
G1 X71.573 Y-91.679
G1 X71.639 Y-91.593
G1 X71.709 Y-91.509
G1 X71.782 Y-91.426
G1 X71.859 Y-91.347
G1 X71.936 Y-91.271
G1 X72.014 Y-91.201
G1 X72.092 Y-91.136
G1 X72.187 Y-91.064
G1 X72.281 Y-91.002
G1 X72.372 Y-90.949
G1 X72.476 Y-90.899
G1 X72.575 Y-90.865
G1 X72.680 Y-90.845
G1 X72.786 Y-90.849
G1 X72.883 Y-90.890
G1 X73.351 Y-91.272
G1 X73.271 Y-91.370
G1 X73.206 Y-91.456
G1 X73.144 Y-91.543
G1 X73.087 Y-91.630
G1 X73.034 Y-91.717
G1 X72.975 Y-91.826
G1 X72.923 Y-91.933
G1 X72.880 Y-92.037
G1 X72.845 Y-92.138
G1 X72.816 Y-92.253
G1 X72.801 Y-92.360
G1 X72.803 Y-92.473
G1 X72.830 Y-92.579
G1 X72.845 Y-92.608
; Retract
G0 Z3.000

; Path 401
; Rapid to initial position
G0 X72.880 Y-92.508
G0 Z0.000
; plunge
G1 Z-0.200 F4000
; cut
G1 X71.041 Y-91.006 F4000
; Retract
G0 Z3.000

; Path 402
; Rapid to initial position
G0 X72.692 Y-92.615
G0 Z0.000
; plunge
G1 Z-0.200 F4000
; cut
G1 X72.700 Y-92.512 F4000
G1 X72.722 Y-92.401
G1 X72.751 Y-92.302
G1 X72.789 Y-92.200
G1 X72.836 Y-92.095
G1 X72.891 Y-91.987
G1 X72.953 Y-91.878
G1 X73.008 Y-91.791
G1 X73.067 Y-91.703
G1 X73.131 Y-91.617
G1 X73.198 Y-91.531
G1 X73.269 Y-91.447
G1 X73.343 Y-91.366
G1 X73.420 Y-91.287
G1 X73.498 Y-91.212
G1 X73.575 Y-91.143
G1 X73.672 Y-91.066
G1 X73.767 Y-90.997
G1 X73.859 Y-90.939
G1 X73.949 Y-90.890
G1 X74.052 Y-90.846
G1 X74.148 Y-90.817
G1 X74.250 Y-90.803
G1 X74.352 Y-90.815
G1 X74.434 Y-90.857
; Retract
G0 Z3.000

; Path 403
; Rapid to initial position
G0 X74.631 Y-90.821
G0 Z0.000
; plunge
G1 Z-0.200 F4000
; cut
G1 X74.597 Y-90.722 F4000
G1 X74.532 Y-90.646
G1 X74.435 Y-90.604
G1 X74.329 Y-90.600
G1 X74.224 Y-90.620
G1 X74.125 Y-90.655
G1 X74.021 Y-90.704
G1 X73.930 Y-90.757
G1 X73.836 Y-90.819
G1 X73.740 Y-90.891
G1 X73.663 Y-90.956
G1 X73.585 Y-91.026
G1 X73.507 Y-91.102
G1 X73.431 Y-91.182
G1 X74.200 Y-91.906
G1 X74.731 Y-92.399
G1 X74.637 Y-92.353
G1 X74.533 Y-92.345
G1 X74.429 Y-92.362
G1 X74.332 Y-92.394
G1 X74.228 Y-92.441
G1 X74.138 Y-92.491
G1 X74.045 Y-92.552
G1 X73.950 Y-92.622
G1 X73.872 Y-92.685
G1 X73.795 Y-92.754
G1 X73.717 Y-92.828
G1 X73.640 Y-92.907
G1 X73.566 Y-92.989
G1 X73.495 Y-93.073
G1 X73.428 Y-93.158
G1 X73.364 Y-93.245
G1 X73.305 Y-93.332
G1 X73.250 Y-93.420
G1 X73.199 Y-93.507
G1 X73.143 Y-93.615
G1 X73.095 Y-93.721
G1 X73.055 Y-93.824
G1 X73.024 Y-93.923
G1 X72.999 Y-94.036
G1 X72.989 Y-94.140
G1 X72.999 Y-94.257
G1 X73.065 Y-94.337
G1 X73.157 Y-94.382
G1 X73.264 Y-94.391
G1 X73.369 Y-94.373
G1 X73.474 Y-94.338
G1 X73.565 Y-94.296
G1 X73.660 Y-94.243
G1 X73.747 Y-94.187
G1 X73.835 Y-94.122
G1 X73.924 Y-94.050
G1 X74.002 Y-93.981
G1 X74.080 Y-93.907
G1 X74.157 Y-93.827
G1 X74.234 Y-93.742
G1 X74.298 Y-93.665
G1 X74.370 Y-93.574
G1 X74.438 Y-93.482
G1 X74.500 Y-93.390
G1 X74.556 Y-93.299
G1 X74.607 Y-93.209
G1 X74.653 Y-93.120
G1 X74.699 Y-93.021
G1 X74.736 Y-92.925
G1 X74.769 Y-92.821
G1 X74.794 Y-92.713
G1 X74.806 Y-92.604
G1 X74.801 Y-92.499
G1 X74.770 Y-92.398
G1 X74.200 Y-91.906
G1 X74.260 Y-91.825
G1 X74.322 Y-91.733
G1 X74.380 Y-91.642
G1 X74.432 Y-91.551
G1 X74.478 Y-91.462
G1 X74.525 Y-91.363
G1 X74.563 Y-91.266
G1 X74.597 Y-91.162
G1 X74.621 Y-91.064
G1 X74.636 Y-90.963
G1 X74.636 Y-90.862
G1 X74.631 Y-90.821
; Retract
G0 Z3.000

; Path 404
; Rapid to initial position
G0 X74.549 Y-92.403
G0 Z0.000
; plunge
G1 Z-0.200 F4000
; cut
G1 X74.558 Y-92.503 F4000
G1 X74.595 Y-92.600
G1 X74.646 Y-92.659
; Retract
G0 Z3.000

; Path 405
; Rapid to initial position
G0 X74.894 Y-94.152
G0 Z0.000
; plunge
G1 Z-0.200 F4000
; cut
G1 X73.056 Y-92.651 F4000
; Retract
G0 Z3.000

; Path 406
; Rapid to initial position
G0 X72.933 Y-92.696
G0 Z0.000
; plunge
G1 Z-0.200 F4000
; cut
G1 X72.839 Y-92.650 F4000
G1 X72.735 Y-92.642
G1 X72.631 Y-92.659
G1 X72.534 Y-92.691
G1 X72.430 Y-92.738
G1 X72.340 Y-92.789
G1 X72.247 Y-92.849
G1 X72.151 Y-92.919
G1 X72.055 Y-92.999
G1 X71.977 Y-93.069
G1 X71.899 Y-93.145
G1 X71.823 Y-93.225
G1 X71.749 Y-93.307
G1 X71.680 Y-93.391
G1 X71.613 Y-93.477
G1 X71.551 Y-93.564
G1 X71.493 Y-93.651
G1 X71.439 Y-93.738
G1 X71.389 Y-93.826
G1 X71.334 Y-93.933
G1 X71.288 Y-94.039
G1 X71.250 Y-94.141
G1 X71.221 Y-94.239
G1 X71.198 Y-94.351
G1 X71.191 Y-94.453
; Retract
G0 Z3.000

; Path 407
; Rapid to initial position
G0 X73.048 Y-94.241
G0 Z0.000
; plunge
G1 Z-0.200 F4000
; cut
G1 X73.057 Y-94.342 F4000
G1 X73.094 Y-94.439
G1 X73.145 Y-94.498
; Retract
G0 Z3.000

; Path 408
; Rapid to initial position
G0 X70.125 Y-98.667
G0 Z0.000
; plunge
G1 Z-0.200 F4000
; cut
G1 X70.023 Y-98.644 F4000
G1 X69.912 Y-98.644
G1 X69.805 Y-98.684
G1 X69.732 Y-98.768
G1 X69.700 Y-98.869
G1 X69.694 Y-98.976
G1 X69.705 Y-99.080
G1 X69.727 Y-99.179
G1 X69.759 Y-99.284
G1 X69.802 Y-99.393
G1 X69.846 Y-99.489
G1 X69.897 Y-99.588
G1 X69.954 Y-99.688
G1 X70.018 Y-99.788
G1 X70.076 Y-99.872
G1 X70.125 Y-98.667
; Retract
G0 Z3.000

; Path 409
; Rapid to initial position
G0 X69.849 Y-98.796
G0 Z0.000
; plunge
G1 Z-0.200 F4000
; cut
G1 X69.857 Y-98.898 F4000
G1 X69.879 Y-99.009
G1 X69.910 Y-99.113
G1 X69.951 Y-99.221
G1 X69.994 Y-99.317
G1 X70.043 Y-99.416
G1 X70.100 Y-99.515
G1 X70.162 Y-99.616
G1 X70.219 Y-99.700
G1 X70.280 Y-99.784
; Retract
G0 Z3.000

; Path 410
; Rapid to initial position
G0 X69.394 Y-99.585
G0 Z0.000
; plunge
G1 Z-0.200 F4000
; cut
G1 X69.404 Y-99.484 F4000
G1 X69.440 Y-99.387
G1 X69.491 Y-99.328
; Retract
G0 Z3.000

; Path 411
; Rapid to initial position
G0 X69.454 Y-99.241
G0 Z0.000
; plunge
G1 Z-0.200 F4000
; cut
G1 X69.352 Y-99.218 F4000
G1 X69.241 Y-99.218
G1 X69.135 Y-99.258
G1 X69.120 Y-99.268
; Retract
G0 Z3.000

; Path 412
; Rapid to initial position
G0 X69.011 Y-99.378
G0 Z0.000
; plunge
G1 Z-0.200 F4000
; cut
G1 X69.345 Y-99.105 F4000
; Retract
G0 Z3.000

; Path 413
; Rapid to initial position
G0 X63.975 Y-99.486
G0 Z0.000
; plunge
G1 Z-0.200 F4000
; cut
G1 X63.975 Y-93.998 F4000
G1 X64.049 Y-93.928
G1 X64.127 Y-93.850
G1 X64.203 Y-93.767
G1 X64.268 Y-93.691
G1 X64.331 Y-93.613
G1 X64.401 Y-93.521
G1 X64.465 Y-93.429
G1 X64.524 Y-93.338
G1 X64.577 Y-93.247
G1 X64.626 Y-93.158
G1 X64.674 Y-93.057
G1 X64.714 Y-92.960
G1 X64.751 Y-92.855
G1 X64.777 Y-92.755
G1 X64.794 Y-92.652
G1 X64.797 Y-92.550
G1 X64.780 Y-92.446
G1 X64.734 Y-92.357
G1 X64.191 Y-91.907
G1 X64.251 Y-91.825
G1 X64.313 Y-91.733
G1 X64.371 Y-91.642
G1 X64.423 Y-91.551
G1 X64.470 Y-91.462
G1 X64.516 Y-91.363
G1 X64.554 Y-91.266
G1 X64.589 Y-91.162
G1 X64.613 Y-91.064
G1 X64.627 Y-90.963
G1 X64.627 Y-90.862
G1 X64.606 Y-90.761
G1 X64.552 Y-90.671
G1 X64.461 Y-90.614
G1 X64.362 Y-90.598
G1 X64.261 Y-90.609
G1 X64.150 Y-90.641
G1 X64.047 Y-90.686
G1 X63.958 Y-90.735
G1 X63.865 Y-90.793
G1 X63.902 Y-90.894
G1 X63.962 Y-90.978
G1 X63.975 Y-91.730
G1 X64.191 Y-91.907
G1 X64.722 Y-92.399
G1 X64.628 Y-92.353
G1 X64.524 Y-92.345
G1 X64.421 Y-92.362
G1 X64.323 Y-92.394
G1 X64.220 Y-92.441
G1 X64.129 Y-92.491
G1 X64.036 Y-92.552
G1 X63.975 Y-93.998
G1 X63.893 Y-94.069
G1 X63.804 Y-94.139
G1 X63.716 Y-94.201
G1 X63.630 Y-94.255
G1 X63.536 Y-94.306
G1 X63.436 Y-94.349
G1 X63.333 Y-94.380
G1 X63.231 Y-94.392
G1 X63.128 Y-94.376
G1 X62.998 Y-94.290
G1 X62.981 Y-94.178
G1 X62.986 Y-94.071
G1 X63.005 Y-93.961
G1 X63.033 Y-93.864
G1 X63.069 Y-93.762
G1 X63.114 Y-93.658
G1 X63.167 Y-93.550
G1 X63.228 Y-93.442
G1 X63.282 Y-93.354
G1 X63.340 Y-93.267
G1 X63.403 Y-93.180
G1 X63.469 Y-93.094
G1 X63.539 Y-93.010
G1 X63.612 Y-92.928
G1 X63.688 Y-92.848
G1 X63.766 Y-92.772
G1 X63.844 Y-92.702
G1 X63.922 Y-92.637
G1 X63.975 Y-92.162
G1 X64.046 Y-92.084
G1 X64.121 Y-91.995
G1 X63.975 Y-91.789
G1 X63.372 Y-91.238
G1 X63.441 Y-91.161
G1 X63.518 Y-91.082
G1 X63.596 Y-91.008
G1 X63.674 Y-90.939
G1 X63.770 Y-90.861
G1 X63.825 Y-90.777
G1 X63.766 Y-90.677
G1 X63.712 Y-90.577
G1 X63.666 Y-90.480
G1 X63.627 Y-90.385
G1 X63.590 Y-90.279
G1 X63.564 Y-90.178
G1 X63.547 Y-90.070
G1 X63.546 Y-89.965
G1 X63.569 Y-89.854
G1 X63.629 Y-89.761
G1 X63.975 Y-89.478
G1 X63.975 Y-80.986
G1 X63.914 Y-80.902
G1 X63.857 Y-80.818
G1 X63.795 Y-80.718
G1 X63.738 Y-80.618
G1 X63.688 Y-80.520
G1 X63.645 Y-80.424
G1 X63.610 Y-80.330
G1 X63.577 Y-80.226
G1 X63.556 Y-80.127
G1 X63.544 Y-80.023
G1 X63.550 Y-79.916
G1 X63.582 Y-79.815
G1 X63.975 Y-79.469
G1 X63.975 Y-77.410
G1 X65.119 Y-76.476
G1 X65.119 Y-76.163
G1 X68.778 Y-73.174
G1 X68.778 Y-71.260
G1 X62.462 Y-66.103
G1 X62.462 Y-90.817
G1 X62.360 Y-90.864
G1 X62.269 Y-90.914
G1 X62.176 Y-90.975
G1 X62.081 Y-91.045
G1 X61.984 Y-91.125
G1 X61.906 Y-91.195
G1 X61.828 Y-91.271
G1 X61.752 Y-91.350
G1 X61.679 Y-91.433
G1 X61.609 Y-91.517
G1 X61.543 Y-91.603
G1 X61.480 Y-91.689
G1 X61.422 Y-91.777
G1 X61.368 Y-91.864
G1 X61.307 Y-91.973
G1 X61.254 Y-92.080
G1 X61.209 Y-92.185
G1 X61.173 Y-92.287
G1 X61.145 Y-92.384
G1 X61.126 Y-92.494
G1 X61.121 Y-92.601
G1 X61.139 Y-92.715
G1 X61.173 Y-92.823
G1 X61.239 Y-92.912
G1 X62.462 Y-93.910
G1 X62.462 Y-126.156
G1 X63.975 Y-127.391
G1 X63.975 Y-121.021
G1 X63.914 Y-120.938
G1 X63.857 Y-120.854
G1 X63.795 Y-120.753
G1 X63.738 Y-120.653
G1 X63.688 Y-120.555
G1 X63.645 Y-120.459
G1 X63.604 Y-120.350
G1 X63.574 Y-120.247
G1 X63.554 Y-120.149
G1 X63.544 Y-120.046
G1 X63.554 Y-119.933
G1 X63.590 Y-119.836
G1 X63.975 Y-119.504
G1 X63.975 Y-111.012
G1 X63.914 Y-110.929
G1 X63.857 Y-110.845
G1 X63.795 Y-110.744
G1 X63.738 Y-110.644
G1 X63.688 Y-110.546
G1 X63.645 Y-110.450
G1 X63.604 Y-110.342
G1 X63.574 Y-110.238
G1 X63.554 Y-110.140
G1 X63.544 Y-110.037
G1 X63.554 Y-109.924
G1 X63.590 Y-109.827
G1 X63.975 Y-109.495
G1 X63.975 Y-101.004
G1 X63.914 Y-100.920
G1 X63.857 Y-100.836
G1 X63.795 Y-100.735
G1 X63.738 Y-100.636
G1 X63.688 Y-100.537
G1 X63.645 Y-100.441
G1 X63.604 Y-100.333
G1 X63.574 Y-100.229
G1 X63.554 Y-100.131
G1 X63.544 Y-100.028
G1 X63.554 Y-99.915
G1 X63.590 Y-99.818
G1 X63.975 Y-99.486
; Retract
G0 Z3.000

; Path 414
; Rapid to initial position
G0 X60.271 Y-99.784
G0 Z0.000
; plunge
G1 Z-0.200 F4000
; cut
G1 X60.211 Y-99.700 F4000
G1 X60.154 Y-99.616
G1 X60.091 Y-99.515
G1 X60.035 Y-99.416
G1 X59.985 Y-99.317
G1 X59.942 Y-99.221
G1 X59.901 Y-99.113
G1 X59.870 Y-99.009
G1 X59.850 Y-98.911
G1 X59.841 Y-98.808
G1 X59.840 Y-98.796
; Retract
G0 Z3.000

; Path 415
; Rapid to initial position
G0 X59.749 Y-98.728
G0 Z0.000
; plunge
G1 Z-0.200 F4000
; cut
G1 X59.699 Y-98.833 F4000
G1 X59.685 Y-98.951
G1 X59.692 Y-99.053
G1 X59.715 Y-99.165
G1 X59.745 Y-99.268
G1 X59.786 Y-99.377
G1 X59.829 Y-99.473
G1 X59.879 Y-99.571
G1 X59.935 Y-99.671
G1 X59.998 Y-99.771
G1 X60.055 Y-99.855
G1 X60.116 Y-99.939
G1 X60.116 Y-98.667
G1 X60.014 Y-98.644
G1 X59.903 Y-98.644
G1 X59.797 Y-98.684
G1 X59.749 Y-98.728
; Retract
G0 Z3.000

; Path 416
; Rapid to initial position
G0 X59.336 Y-99.105
G0 Z0.000
; plunge
G1 Z-0.200 F4000
; cut
G1 X59.002 Y-99.378 F4000
G1 X59.103 Y-99.330
G1 X59.210 Y-99.325
G1 X59.310 Y-99.342
G1 X59.336 Y-99.105
; Retract
G0 Z3.000

; Path 417
; Rapid to initial position
G0 X59.336 Y-99.105
G0 Z0.000
; plunge
G1 Z-0.200 F4000
; cut
G1 X59.002 Y-99.378 F4000
; Retract
G0 Z3.000

; Path 418
; Rapid to initial position
G0 X59.111 Y-99.268
G0 Z0.000
; plunge
G1 Z-0.200 F4000
; cut
G1 X59.212 Y-99.221 F4000
G1 X59.320 Y-99.216
G1 X59.419 Y-99.233
G1 X59.445 Y-99.241
; Retract
G0 Z3.000

; Path 419
; Rapid to initial position
G0 X59.482 Y-99.328
G0 Z0.000
; plunge
G1 Z-0.200 F4000
; cut
G1 X59.416 Y-99.417 F4000
G1 X59.389 Y-99.522
G1 X59.385 Y-99.585
; Retract
G0 Z3.000

; Path 420
; Rapid to initial position
G0 X61.182 Y-94.453
G0 Z0.000
; plunge
G1 Z-0.200 F4000
; cut
G1 X61.190 Y-94.351 F4000
G1 X61.212 Y-94.239
G1 X61.241 Y-94.141
G1 X61.279 Y-94.039
G1 X61.326 Y-93.933
G1 X61.380 Y-93.826
G1 X61.430 Y-93.738
G1 X61.484 Y-93.651
G1 X61.542 Y-93.564
G1 X61.604 Y-93.477
G1 X61.671 Y-93.391
G1 X61.741 Y-93.307
G1 X61.814 Y-93.225
G1 X61.890 Y-93.145
G1 X61.968 Y-93.069
G1 X62.046 Y-92.999
G1 X62.123 Y-92.934
G1 X62.219 Y-92.862
G1 X62.313 Y-92.800
G1 X62.403 Y-92.747
G1 X62.508 Y-92.698
G1 X62.607 Y-92.663
G1 X62.712 Y-92.643
G1 X62.818 Y-92.647
G1 X62.915 Y-92.689
G1 X62.924 Y-92.696
; Retract
G0 Z3.000

; Path 421
; Rapid to initial position
G0 X62.928 Y-92.693
G0 Z0.000
; plunge
G1 Z-0.200 F4000
; cut
G1 X62.845 Y-92.621 F4000
G1 X62.804 Y-92.529
G1 X62.790 Y-92.410
G1 X62.798 Y-92.308
G1 X62.820 Y-92.196
G1 X62.849 Y-92.098
G1 X62.887 Y-91.996
G1 X62.934 Y-91.890
G1 X62.989 Y-91.783
G1 X63.051 Y-91.674
G1 X63.106 Y-91.586
G1 X63.166 Y-91.499
G1 X63.229 Y-91.412
G1 X63.296 Y-91.327
G1 X62.883 Y-90.898
G1 X62.789 Y-90.852
G1 X62.686 Y-90.844
G1 X62.582 Y-90.861
G1 X62.484 Y-90.892
G1 X62.462 Y-93.852
G1 X62.998 Y-94.290
G1 X63.045 Y-94.380
G1 X62.462 Y-93.910
G1 X61.217 Y-92.836
G1 X61.151 Y-92.747
G1 X61.142 Y-92.639
G1 X61.152 Y-92.534
G1 X61.176 Y-92.422
G1 X61.207 Y-92.322
G1 X61.247 Y-92.219
G1 X61.296 Y-92.113
G1 X61.352 Y-92.006
G1 X61.402 Y-91.918
G1 X61.457 Y-91.831
G1 X61.517 Y-91.744
G1 X61.580 Y-91.657
G1 X61.647 Y-91.572
G1 X61.718 Y-91.488
G1 X61.792 Y-91.406
G1 X61.869 Y-91.327
G1 X61.947 Y-91.253
G1 X62.025 Y-91.184
G1 X62.121 Y-91.106
G1 X62.216 Y-91.038
G1 X62.309 Y-90.979
G1 X62.398 Y-90.931
G1 X62.462 Y-90.817
G1 X62.561 Y-90.785
G1 X62.665 Y-90.768
G1 X62.768 Y-90.776
G1 X62.862 Y-90.822
G1 X63.372 Y-91.238
G1 X63.975 Y-91.789
G1 X63.975 Y-92.162
G1 X63.902 Y-92.237
G1 X63.824 Y-92.311
G1 X63.746 Y-92.380
G1 X63.668 Y-92.444
G1 X63.580 Y-92.509
G1 X63.493 Y-92.566
G1 X63.398 Y-92.620
G1 X63.307 Y-92.664
G1 X63.210 Y-92.698
G1 X63.112 Y-92.718
G1 X63.009 Y-92.718
G1 X62.928 Y-92.693
; Retract
G0 Z3.000

; Path 422
; Rapid to initial position
G0 X62.866 Y-92.591
G0 Z0.000
; plunge
G1 Z-0.200 F4000
; cut
G1 X62.959 Y-92.637 F4000
G1 X63.066 Y-92.645
G1 X63.171 Y-92.627
G1 X63.276 Y-92.592
G1 X63.367 Y-92.550
G1 X63.461 Y-92.497
G1 X63.548 Y-92.441
G1 X63.636 Y-92.376
G1 X63.725 Y-92.304
G1 X63.803 Y-92.235
G1 X63.881 Y-92.161
G1 X63.959 Y-92.081
G1 X64.035 Y-91.996
G1 X64.100 Y-91.920
G1 X64.162 Y-91.841
G1 X64.230 Y-91.749
G1 X64.292 Y-91.657
G1 X64.350 Y-91.566
G1 X64.402 Y-91.475
G1 X64.448 Y-91.386
G1 X64.495 Y-91.287
G1 X64.533 Y-91.190
G1 X64.567 Y-91.086
G1 X64.591 Y-90.988
G1 X64.606 Y-90.887
G1 X64.606 Y-90.787
G1 X64.585 Y-90.685
G1 X64.531 Y-90.595
G1 X64.511 Y-90.577
; Retract
G0 Z3.000

; Path 423
; Rapid to initial position
G0 X64.425 Y-90.857
G0 Z0.000
; plunge
G1 Z-0.200 F4000
; cut
G1 X64.331 Y-90.811 F4000
G1 X64.227 Y-90.803
G1 X64.124 Y-90.820
G1 X64.026 Y-90.852
G1 X63.923 Y-90.899
G1 X63.832 Y-90.950
G1 X63.739 Y-91.010
G1 X63.644 Y-91.081
G1 X63.547 Y-91.160
G1 X63.469 Y-91.230
G1 X63.391 Y-91.306
G1 X63.315 Y-91.386
G1 X63.242 Y-91.468
G1 X63.172 Y-91.553
G1 X63.106 Y-91.638
G1 X63.043 Y-91.725
G1 X62.985 Y-91.812
G1 X62.931 Y-91.900
G1 X62.870 Y-92.009
G1 X62.817 Y-92.116
G1 X62.772 Y-92.221
G1 X62.736 Y-92.322
G1 X62.708 Y-92.420
G1 X62.689 Y-92.530
G1 X62.683 Y-92.615
; Retract
G0 Z3.000

; Path 424
; Rapid to initial position
G0 X62.871 Y-92.508
G0 Z0.000
; plunge
G1 Z-0.200 F4000
; cut
G1 X61.033 Y-91.006 F4000
; Retract
G0 Z3.000

; Path 425
; Rapid to initial position
G0 X63.047 Y-92.651
G0 Z0.000
; plunge
G1 Z-0.200 F4000
; cut
G1 X64.886 Y-94.152 F4000
; Retract
G0 Z3.000

; Path 426
; Rapid to initial position
G0 X64.937 Y-93.065
G0 Z0.000
; plunge
G1 Z-0.200 F4000
; cut
G1 X64.937 Y-63.038 F4000
; Retract
G0 Z3.000

; Path 427
; Rapid to initial position
G0 X69.684 Y-64.556
G0 Z0.000
; plunge
G1 Z-0.200 F4000
; cut
G1 X69.684 Y-116.194 F4000
; Retract
G0 Z3.000

; Path 428
; Rapid to initial position
G0 X76.149 Y-115.935
G0 Z0.000
; plunge
G1 Z-0.200 F4000
; cut
G1 X49.832 Y-137.423 F4000
; Retract
G0 Z3.000

; Path 429
; Rapid to initial position
G0 X50.245 Y-120.801
G0 Z0.000
; plunge
G1 Z-0.200 F4000
; cut
G1 X50.245 Y-163.777 F4000
; Retract
G0 Z3.000

; Path 430
; Rapid to initial position
G0 X52.472 Y-163.552
G0 Z0.000
; plunge
G1 Z-0.200 F4000
; cut
G1 X52.472 Y-120.576 F4000
G1 X50.020 Y-118.574
G1 X50.020 Y-161.550
G1 X52.472 Y-163.552
; Retract
G0 Z3.000

; Path 431
; Rapid to initial position
G0 X52.247 Y-161.325
G0 Z0.000
; plunge
G1 Z-0.200 F4000
; cut
G1 X52.247 Y-118.349 F4000
; Retract
G0 Z3.000

; Path 432
; Rapid to initial position
G0 X46.230 Y-116.744
G0 Z0.000
; plunge
G1 Z-0.200 F4000
; cut
G1 X46.230 Y-101.669 F4000
; Retract
G0 Z3.000

; Path 433
; Rapid to initial position
G0 X48.993 Y-99.378
G0 Z0.000
; plunge
G1 Z-0.200 F4000
; cut
G1 X49.094 Y-99.330 F4000
G1 X49.202 Y-99.325
G1 X49.301 Y-99.342
G1 X49.327 Y-99.105
G1 X48.993 Y-99.378
; Retract
G0 Z3.000

; Path 434
; Rapid to initial position
G0 X48.993 Y-99.378
G0 Z0.000
; plunge
G1 Z-0.200 F4000
; cut
G1 X49.327 Y-99.105 F4000
; Retract
G0 Z3.000

; Path 435
; Rapid to initial position
G0 X49.436 Y-99.241
G0 Z0.000
; plunge
G1 Z-0.200 F4000
; cut
G1 X49.334 Y-99.218 F4000
G1 X49.223 Y-99.218
G1 X49.117 Y-99.258
G1 X49.102 Y-99.268
; Retract
G0 Z3.000

; Path 436
; Rapid to initial position
G0 X49.473 Y-99.328
G0 Z0.000
; plunge
G1 Z-0.200 F4000
; cut
G1 X49.407 Y-99.417 F4000
G1 X49.380 Y-99.522
G1 X49.376 Y-99.585
; Retract
G0 Z3.000

; Path 437
; Rapid to initial position
G0 X49.791 Y-99.409
G0 Z0.000
; plunge
G1 Z-0.200 F4000
; cut
G1 X49.836 Y-99.505 F4000
G1 X49.888 Y-99.604
G1 X49.947 Y-99.704
G1 X50.011 Y-99.805
G1 X50.070 Y-99.889
G1 X50.107 Y-98.667
G1 X50.005 Y-98.645
G1 X49.894 Y-98.644
G1 X49.788 Y-98.684
G1 X49.714 Y-98.768
G1 X49.682 Y-98.869
G1 X49.676 Y-98.976
G1 X49.688 Y-99.080
G1 X49.709 Y-99.179
G1 X49.742 Y-99.284
G1 X49.784 Y-99.393
G1 X49.791 Y-99.409
; Retract
G0 Z3.000

; Path 438
; Rapid to initial position
G0 X50.262 Y-99.784
G0 Z0.000
; plunge
G1 Z-0.200 F4000
; cut
G1 X50.202 Y-99.700 F4000
G1 X50.145 Y-99.616
G1 X50.082 Y-99.515
G1 X50.026 Y-99.416
G1 X49.976 Y-99.317
G1 X49.933 Y-99.221
G1 X49.892 Y-99.113
G1 X49.861 Y-99.009
G1 X49.841 Y-98.911
G1 X49.832 Y-98.808
G1 X49.831 Y-98.796
; Retract
G0 Z3.000

; Path 439
; Rapid to initial position
G0 X49.192 Y-98.849
G0 Z0.000
; plunge
G1 Z-0.200 F4000
; cut
G1 X46.740 Y-96.848 F4000
; Retract
G0 Z3.000

; Path 440
; Rapid to initial position
G0 X51.173 Y-94.453
G0 Z0.000
; plunge
G1 Z-0.200 F4000
; cut
G1 X51.181 Y-94.351 F4000
G1 X51.203 Y-94.239
G1 X51.232 Y-94.141
G1 X51.270 Y-94.039
G1 X51.317 Y-93.933
G1 X51.372 Y-93.826
G1 X51.434 Y-93.717
G1 X51.489 Y-93.629
G1 X51.548 Y-93.542
G1 X51.612 Y-93.455
G1 X51.679 Y-93.370
G1 X51.750 Y-93.286
G1 X51.824 Y-93.204
G1 X51.901 Y-93.125
G1 X51.979 Y-93.051
G1 X52.056 Y-92.982
G1 X52.134 Y-92.919
G1 X52.229 Y-92.849
G1 X52.322 Y-92.789
G1 X52.412 Y-92.738
G1 X52.516 Y-92.691
G1 X52.613 Y-92.659
G1 X52.717 Y-92.642
G1 X52.821 Y-92.650
G1 X52.915 Y-92.696
; Retract
G0 Z3.000

; Path 441
; Rapid to initial position
G0 X52.919 Y-92.693
G0 Z0.000
; plunge
G1 Z-0.200 F4000
; cut
G1 X53.022 Y-92.721 F4000
G1 X53.129 Y-92.715
G1 X53.230 Y-92.689
G1 X53.328 Y-92.651
G1 X53.421 Y-92.604
G1 X53.517 Y-92.546
G1 X53.604 Y-92.485
G1 X53.693 Y-92.417
G1 X53.771 Y-92.351
G1 X53.849 Y-92.280
G1 X53.927 Y-92.203
G1 X54.004 Y-92.121
G1 X54.080 Y-92.034
G1 X54.143 Y-91.956
G1 X53.333 Y-91.272
G1 X52.853 Y-90.821
G1 X52.759 Y-90.776
G1 X52.656 Y-90.768
G1 X52.552 Y-90.785
G1 X52.454 Y-90.816
G1 X52.351 Y-90.864
G1 X52.260 Y-90.914
G1 X52.167 Y-90.975
G1 X52.072 Y-91.045
G1 X51.975 Y-91.125
G1 X51.898 Y-91.195
G1 X51.820 Y-91.270
G1 X51.743 Y-91.350
G1 X51.670 Y-91.433
G1 X51.600 Y-91.517
G1 X51.534 Y-91.603
G1 X51.472 Y-91.689
G1 X51.413 Y-91.777
G1 X51.359 Y-91.864
G1 X51.298 Y-91.973
G1 X51.245 Y-92.080
G1 X51.200 Y-92.185
G1 X51.164 Y-92.287
G1 X51.137 Y-92.384
G1 X51.117 Y-92.494
G1 X51.112 Y-92.601
G1 X51.130 Y-92.715
G1 X51.164 Y-92.823
G1 X51.230 Y-92.912
G1 X53.068 Y-94.413
G1 X53.003 Y-94.325
G1 X51.209 Y-92.836
G1 X51.143 Y-92.747
G1 X51.133 Y-92.639
G1 X51.143 Y-92.534
G1 X51.168 Y-92.422
G1 X51.198 Y-92.323
G1 X51.238 Y-92.220
G1 X51.287 Y-92.114
G1 X51.343 Y-92.006
G1 X51.394 Y-91.918
G1 X51.449 Y-91.831
G1 X51.508 Y-91.744
G1 X51.571 Y-91.657
G1 X51.639 Y-91.572
G1 X51.709 Y-91.488
G1 X51.783 Y-91.406
G1 X51.860 Y-91.327
G1 X51.938 Y-91.253
G1 X52.016 Y-91.184
G1 X52.112 Y-91.106
G1 X52.207 Y-91.038
G1 X52.300 Y-90.979
G1 X52.390 Y-90.931
G1 X52.492 Y-90.886
G1 X52.589 Y-90.857
G1 X52.691 Y-90.843
G1 X52.792 Y-90.855
G1 X53.333 Y-91.272
G1 X53.253 Y-91.370
G1 X53.188 Y-91.456
G1 X53.127 Y-91.543
G1 X53.069 Y-91.630
G1 X53.016 Y-91.717
G1 X52.957 Y-91.826
G1 X52.905 Y-91.933
G1 X52.862 Y-92.037
G1 X52.828 Y-92.138
G1 X52.798 Y-92.253
G1 X52.783 Y-92.360
G1 X52.785 Y-92.473
G1 X52.813 Y-92.579
G1 X52.879 Y-92.667
G1 X52.919 Y-92.693
; Retract
G0 Z3.000

; Path 442
; Rapid to initial position
G0 X52.857 Y-92.591
G0 Z0.000
; plunge
G1 Z-0.200 F4000
; cut
G1 X52.950 Y-92.637 F4000
G1 X53.057 Y-92.645
G1 X53.162 Y-92.627
G1 X53.267 Y-92.592
G1 X53.358 Y-92.550
G1 X53.452 Y-92.497
G1 X53.539 Y-92.441
G1 X53.627 Y-92.376
G1 X53.716 Y-92.304
G1 X53.794 Y-92.235
G1 X53.872 Y-92.161
G1 X53.950 Y-92.081
G1 X54.026 Y-91.996
G1 X54.091 Y-91.920
G1 X54.153 Y-91.841
G1 X54.221 Y-91.749
G1 X54.283 Y-91.657
G1 X54.341 Y-91.566
G1 X54.393 Y-91.476
G1 X54.439 Y-91.386
G1 X54.486 Y-91.287
G1 X54.524 Y-91.191
G1 X54.559 Y-91.087
G1 X54.583 Y-90.988
G1 X54.597 Y-90.887
G1 X54.597 Y-90.787
G1 X54.576 Y-90.685
G1 X54.522 Y-90.595
G1 X54.502 Y-90.577
; Retract
G0 Z3.000

; Path 443
; Rapid to initial position
G0 X54.474 Y-90.622
G0 Z0.000
; plunge
G1 Z-0.200 F4000
; cut
G1 X54.367 Y-90.598 F4000
G1 X54.253 Y-90.609
G1 X54.141 Y-90.641
G1 X54.038 Y-90.686
G1 X53.949 Y-90.735
G1 X53.856 Y-90.793
G1 X53.761 Y-90.861
G1 X53.665 Y-90.939
G1 X53.587 Y-91.008
G1 X53.509 Y-91.082
G1 X53.432 Y-91.161
G1 X53.363 Y-91.238
G1 X54.182 Y-91.906
G1 X54.713 Y-92.399
G1 X54.619 Y-92.353
G1 X54.516 Y-92.345
G1 X54.412 Y-92.362
G1 X54.314 Y-92.394
G1 X54.211 Y-92.441
G1 X54.120 Y-92.492
G1 X54.027 Y-92.552
G1 X53.932 Y-92.622
G1 X53.835 Y-92.702
G1 X53.757 Y-92.772
G1 X53.680 Y-92.848
G1 X53.603 Y-92.928
G1 X53.530 Y-93.010
G1 X53.460 Y-93.094
G1 X53.394 Y-93.180
G1 X53.331 Y-93.267
G1 X53.273 Y-93.354
G1 X53.219 Y-93.442
G1 X53.158 Y-93.550
G1 X53.105 Y-93.658
G1 X53.060 Y-93.762
G1 X53.024 Y-93.864
G1 X52.997 Y-93.961
G1 X52.977 Y-94.071
G1 X52.972 Y-94.178
G1 X52.990 Y-94.290
G1 X53.070 Y-94.353
G1 X53.169 Y-94.388
G1 X53.272 Y-94.389
G1 X53.370 Y-94.368
G1 X53.467 Y-94.334
G1 X53.558 Y-94.290
G1 X53.653 Y-94.236
G1 X53.740 Y-94.179
G1 X53.828 Y-94.114
G1 X53.906 Y-94.050
G1 X53.984 Y-93.981
G1 X54.062 Y-93.907
G1 X54.140 Y-93.827
G1 X54.216 Y-93.742
G1 X54.281 Y-93.665
G1 X54.353 Y-93.574
G1 X54.420 Y-93.482
G1 X54.482 Y-93.390
G1 X54.539 Y-93.299
G1 X54.590 Y-93.209
G1 X54.636 Y-93.120
G1 X54.681 Y-93.021
G1 X54.719 Y-92.925
G1 X54.752 Y-92.821
G1 X54.776 Y-92.713
G1 X54.789 Y-92.604
G1 X54.783 Y-92.499
G1 X54.752 Y-92.398
G1 X54.182 Y-91.906
G1 X54.242 Y-91.825
G1 X54.305 Y-91.733
G1 X54.362 Y-91.642
G1 X54.414 Y-91.551
G1 X54.461 Y-91.462
G1 X54.507 Y-91.363
G1 X54.546 Y-91.266
G1 X54.580 Y-91.162
G1 X54.604 Y-91.064
G1 X54.618 Y-90.963
G1 X54.619 Y-90.862
G1 X54.598 Y-90.761
G1 X54.543 Y-90.671
G1 X54.474 Y-90.622
; Retract
G0 Z3.000

; Path 444
; Rapid to initial position
G0 X54.416 Y-90.857
G0 Z0.000
; plunge
G1 Z-0.200 F4000
; cut
G1 X54.322 Y-90.811 F4000
G1 X54.219 Y-90.803
G1 X54.115 Y-90.820
G1 X54.017 Y-90.852
G1 X53.914 Y-90.899
G1 X53.823 Y-90.950
G1 X53.730 Y-91.010
G1 X53.635 Y-91.081
G1 X53.538 Y-91.160
G1 X53.460 Y-91.230
G1 X53.383 Y-91.306
G1 X53.306 Y-91.386
G1 X53.233 Y-91.468
G1 X53.163 Y-91.553
G1 X53.097 Y-91.638
G1 X53.034 Y-91.725
G1 X52.976 Y-91.812
G1 X52.922 Y-91.900
G1 X52.861 Y-92.009
G1 X52.808 Y-92.116
G1 X52.763 Y-92.221
G1 X52.727 Y-92.322
G1 X52.700 Y-92.420
G1 X52.680 Y-92.530
G1 X52.674 Y-92.615
; Retract
G0 Z3.000

; Path 445
; Rapid to initial position
G0 X52.862 Y-92.508
G0 Z0.000
; plunge
G1 Z-0.200 F4000
; cut
G1 X51.024 Y-91.006 F4000
; Retract
G0 Z3.000

; Path 446
; Rapid to initial position
G0 X53.038 Y-92.651
G0 Z0.000
; plunge
G1 Z-0.200 F4000
; cut
G1 X54.877 Y-94.152 F4000
; Retract
G0 Z3.000

; Path 447
; Rapid to initial position
G0 X54.628 Y-92.659
G0 Z0.000
; plunge
G1 Z-0.200 F4000
; cut
G1 X54.562 Y-92.571 F4000
G1 X54.535 Y-92.465
G1 X54.531 Y-92.403
; Retract
G0 Z3.000

; Path 448
; Rapid to initial position
G0 X53.030 Y-94.241
G0 Z0.000
; plunge
G1 Z-0.200 F4000
; cut
G1 X53.040 Y-94.342 F4000
G1 X53.076 Y-94.439
G1 X53.127 Y-94.498
; Retract
G0 Z3.000

; Path 449
; Rapid to initial position
G0 X63.039 Y-94.241
G0 Z0.000
; plunge
G1 Z-0.200 F4000
; cut
G1 X63.048 Y-94.342 F4000
G1 X63.085 Y-94.439
G1 X63.136 Y-94.498
; Retract
G0 Z3.000

; Path 450
; Rapid to initial position
G0 X64.637 Y-92.659
G0 Z0.000
; plunge
G1 Z-0.200 F4000
; cut
G1 X64.571 Y-92.571 F4000
G1 X64.543 Y-92.465
G1 X64.540 Y-92.403
; Retract
G0 Z3.000

; Path 451
; Rapid to initial position
G0 X70.720 Y-76.728
G0 Z0.000
; plunge
G1 Z-0.200 F4000
; cut
G1 X70.720 Y-136.781 F4000
; Retract
G0 Z3.000

; Path 452
; Rapid to initial position
G0 X71.508 Y-140.062
G0 Z0.000
; plunge
G1 Z-0.200 F4000
; cut
G1 X73.959 Y-142.064 F4000
; Retract
G0 Z3.000

; Path 453
; Rapid to initial position
G0 X65.684 Y-130.614
G0 Z0.000
; plunge
G1 Z-0.200 F4000
; cut
G1 X65.684 Y-70.561 F4000
; Retract
G0 Z3.000

; Path 454
; Rapid to initial position
G0 X74.768 Y-70.821
G0 Z0.000
; plunge
G1 Z-0.200 F4000
; cut
G1 X74.768 Y-122.424 F4000
; Retract
G0 Z3.000

; Path 455
; Rapid to initial position
G0 X49.699 Y-80.278
G0 Z0.000
; plunge
G1 Z-0.200 F4000
; cut
G1 X52.151 Y-78.277 F4000
; Retract
G0 Z3.000

; Path 456
; Rapid to initial position
G0 X72.636 Y-61.080
G0 Z0.000
; plunge
G1 Z-0.200 F4000
; cut
G1 X75.088 Y-63.081 F4000
G1 X75.088 Y-114.684
G1 X84.959 Y-122.744
G1 X84.959 Y-124.746
G1 X79.037 Y-119.910
G1 X75.088 Y-116.686
G1 X75.088 Y-123.134
G1 X72.636 Y-121.133
G1 X72.636 Y-111.061
G1 X72.636 Y-104.691
G1 X72.636 Y-103.419
G1 X72.636 Y-103.174
G1 X72.636 Y-94.682
G1 X72.636 Y-93.410
G1 X72.636 Y-93.165
G1 X72.636 Y-84.673
G1 X72.636 Y-83.401
G1 X72.636 Y-83.156
G1 X72.636 Y-74.665
G1 X72.636 Y-73.393
G1 X72.636 Y-73.147
G1 X72.636 Y-64.656
G1 X72.636 Y-63.384
G1 X72.636 Y-63.139
G1 X72.636 Y-61.080
; Retract
G0 Z3.000

; Path 457
; Rapid to initial position
G0 X61.971 Y-48.502
G0 Z0.000
; plunge
G1 Z-0.200 F4000
; cut
G1 X61.971 Y-20.478 F4000
G1 X44.810 Y-34.490
G1 X61.971 Y-48.502
; Retract
G0 Z3.000

; Path 458
; Rapid to initial position
G0 X68.977 Y-41.496
G0 Z0.000
; plunge
G1 Z-0.200 F4000
; cut
G1 X51.816 Y-27.484 F4000
; Retract
G0 Z3.000

; Path 459
; Rapid to initial position
G0 X53.391 Y-39.922
G0 Z0.000
; plunge
G1 Z-0.200 F4000
; cut
G1 X53.391 Y-11.897 F4000
; Retract
G0 Z3.000

; Path 460
; Rapid to initial position
G0 X65.176 Y-25.685
G0 Z0.000
; plunge
G1 Z-0.200 F4000
; cut
G1 X67.628 Y-23.683 F4000
; Retract
G0 Z3.000

; Path 461
; Rapid to initial position
G0 X158.499 Y-181.516
G0 Z0.000
; plunge
G1 Z-0.200 F4000
; cut
G1 X108.822 Y-216.643 F4000
; Retract
G0 Z3.000

; Path 462
; Rapid to initial position
G0 X201.707 Y-239.884
G0 Z0.000
; plunge
G1 Z-0.200 F4000
; cut
G1 X201.798 Y-239.830 F4000
G1 X201.895 Y-239.792
G1 X201.999 Y-239.768
G1 X202.106 Y-239.759
G1 X202.217 Y-239.764
G1 X202.318 Y-239.780
G1 X202.419 Y-239.807
G1 X202.521 Y-239.844
G1 X202.622 Y-239.892
G1 X202.710 Y-239.942
G1 X202.796 Y-239.999
G1 X202.881 Y-240.063
G1 X202.963 Y-240.134
G1 X203.041 Y-240.212
G1 X203.117 Y-240.297
G1 X203.188 Y-240.388
G1 X203.246 Y-240.470
G1 X203.306 Y-240.569
G1 X203.358 Y-240.668
G1 X203.404 Y-240.769
G1 X203.441 Y-240.870
G1 X203.472 Y-240.971
G1 X203.494 Y-241.071
G1 X203.510 Y-241.170
G1 X203.518 Y-241.281
G1 X203.517 Y-241.388
G1 X203.506 Y-241.492
G1 X203.485 Y-241.591
G1 X203.451 Y-241.695
G1 X203.404 Y-241.792
G1 X203.344 Y-241.879
G1 X203.272 Y-241.956
G1 X203.208 Y-242.008
; Retract
G0 Z3.000

; Path 463
; Rapid to initial position
G0 X203.271 Y-242.182
G0 Z0.000
; plunge
G1 Z-0.200 F4000
; cut
G1 X203.366 Y-242.138 F4000
G1 X203.455 Y-242.079
G1 X203.505 Y-241.988
G1 X203.434 Y-241.896
G1 X203.378 Y-241.813
G1 X203.319 Y-241.714
G1 X203.267 Y-241.614
G1 X203.223 Y-241.514
G1 X203.187 Y-241.413
G1 X203.157 Y-241.312
G1 X203.136 Y-241.212
G1 X203.121 Y-241.113
G1 X203.114 Y-241.003
G1 X203.116 Y-240.896
G1 X203.129 Y-240.793
G1 X203.150 Y-240.694
G1 X203.187 Y-240.591
G1 X203.235 Y-240.495
G1 X203.296 Y-240.409
G1 X203.425 Y-240.290
G1 X203.343 Y-240.357
G1 X203.387 Y-240.454
G1 X203.455 Y-240.549
G1 X203.516 Y-240.647
G1 X203.570 Y-240.747
G1 X203.616 Y-240.847
G1 X203.655 Y-240.948
G1 X203.686 Y-241.049
G1 X203.710 Y-241.149
G1 X203.726 Y-241.248
G1 X203.736 Y-241.360
G1 X203.736 Y-241.468
G1 X203.726 Y-241.572
G1 X203.707 Y-241.671
G1 X203.673 Y-241.777
G1 X203.628 Y-241.874
G1 X203.570 Y-241.963
G1 X203.580 Y-242.073
G1 X203.659 Y-242.152
G1 X203.740 Y-242.225
G1 X203.824 Y-242.290
G1 X203.910 Y-242.348
G1 X203.998 Y-242.399
G1 X204.099 Y-242.447
G1 X204.201 Y-242.486
G1 X204.302 Y-242.514
G1 X204.403 Y-242.532
G1 X203.206 Y-243.382
G1 X203.115 Y-243.436
G1 X203.018 Y-243.474
G1 X202.915 Y-243.498
G1 X202.807 Y-243.507
G1 X202.696 Y-243.502
G1 X202.596 Y-243.486
G1 X202.494 Y-243.459
G1 X202.397 Y-243.402
G1 X202.311 Y-243.343
G1 X202.227 Y-243.276
G1 X202.146 Y-243.203
G1 X202.068 Y-243.123
G1 X201.994 Y-243.037
G1 X201.933 Y-242.957
G1 X201.877 Y-242.874
G1 X201.818 Y-242.776
G1 X201.766 Y-242.676
G1 X201.722 Y-242.575
G1 X201.685 Y-242.474
G1 X201.656 Y-242.374
G1 X201.634 Y-242.274
G1 X201.619 Y-242.161
G1 X201.613 Y-242.051
G1 X201.616 Y-241.944
G1 X201.630 Y-241.842
G1 X201.653 Y-241.744
G1 X201.690 Y-241.641
G1 X201.740 Y-241.547
G1 X201.802 Y-241.462
G1 X201.796 Y-241.359
G1 X201.748 Y-241.259
G1 X203.174 Y-240.220
G1 X203.087 Y-240.146
G1 X203.002 Y-240.083
G1 X202.916 Y-240.027
G1 X202.828 Y-239.978
G1 X202.727 Y-239.932
G1 X202.625 Y-239.896
G1 X202.523 Y-239.870
G1 X202.423 Y-239.856
G1 X202.312 Y-239.852
G1 X202.205 Y-239.863
G1 X202.103 Y-239.888
G1 X202.006 Y-239.928
G1 X201.915 Y-239.984
G1 X201.835 Y-240.053
G1 X201.768 Y-240.134
G1 X201.712 Y-240.224
G1 X201.669 Y-240.323
G1 X201.639 Y-240.430
G1 X201.622 Y-240.531
G1 X201.614 Y-240.636
G1 X201.617 Y-240.745
G1 X201.629 Y-240.857
G1 X201.648 Y-240.956
G1 X201.674 Y-241.057
G1 X201.707 Y-241.158
G1 X201.705 Y-241.259
G1 X201.624 Y-241.326
G1 X201.555 Y-241.406
G1 X201.498 Y-241.495
G1 X201.454 Y-241.593
G1 X201.422 Y-241.700
G1 X201.403 Y-241.800
G1 X201.395 Y-241.905
G1 X201.396 Y-242.013
G1 X201.407 Y-242.124
G1 X201.425 Y-242.224
G1 X201.450 Y-242.324
G1 X201.482 Y-242.425
G1 X201.522 Y-242.526
G1 X201.569 Y-242.626
G1 X201.624 Y-242.726
G1 X201.686 Y-242.823
G1 X201.745 Y-242.905
G1 X201.817 Y-242.994
G1 X201.894 Y-243.077
G1 X201.974 Y-243.153
G1 X202.056 Y-243.222
G1 X202.141 Y-243.285
G1 X202.228 Y-243.339
G1 X202.316 Y-243.387
G1 X202.418 Y-243.432
G1 X202.522 Y-243.473
G1 X202.623 Y-243.519
G1 X202.725 Y-243.555
G1 X202.826 Y-243.581
G1 X202.927 Y-243.596
G1 X203.037 Y-243.600
G1 X203.144 Y-243.589
G1 X203.247 Y-243.564
G1 X203.344 Y-243.523
G1 X204.926 Y-242.413
G1 X204.835 Y-242.467
G1 X204.737 Y-242.505
G1 X204.634 Y-242.529
G1 X204.526 Y-242.538
G1 X204.416 Y-242.533
G1 X204.708 Y-242.320
G1 X204.789 Y-242.252
G1 X204.858 Y-242.173
G1 X204.915 Y-242.084
G1 X204.959 Y-241.985
G1 X204.991 Y-241.879
G1 X205.009 Y-241.779
G1 X205.018 Y-241.674
G1 X205.017 Y-241.566
G1 X205.006 Y-241.454
G1 X204.988 Y-241.355
G1 X204.963 Y-241.255
G1 X204.931 Y-241.154
G1 X204.891 Y-241.053
G1 X204.844 Y-240.952
G1 X204.789 Y-240.853
G1 X204.727 Y-240.755
G1 X204.668 Y-240.674
G1 X204.595 Y-240.584
G1 X204.519 Y-240.502
G1 X204.439 Y-240.425
G1 X204.357 Y-240.356
G1 X204.272 Y-240.294
G1 X204.185 Y-240.239
G1 X204.084 Y-240.186
G1 X203.983 Y-240.142
G1 X203.881 Y-240.108
G1 X203.779 Y-240.086
G1 X203.667 Y-240.073
G1 X203.558 Y-240.074
G1 X203.452 Y-240.089
G1 X203.351 Y-240.120
G1 X203.256 Y-240.165
G1 X203.215 Y-240.259
G1 X203.293 Y-240.340
G1 X201.923 Y-241.351
G1 X201.842 Y-241.419
G1 X201.887 Y-241.514
G1 X201.945 Y-241.597
G1 X202.016 Y-241.688
G1 X202.092 Y-241.773
G1 X202.170 Y-241.851
G1 X202.252 Y-241.922
G1 X202.337 Y-241.986
G1 X202.423 Y-242.043
G1 X202.511 Y-242.093
G1 X202.612 Y-242.140
G1 X202.714 Y-242.177
G1 X202.815 Y-242.204
G1 X202.916 Y-242.221
G1 X203.027 Y-242.226
G1 X203.134 Y-242.217
G1 X203.238 Y-242.193
G1 X203.271 Y-242.182
; Retract
G0 Z3.000

; Path 464
; Rapid to initial position
G0 X202.895 Y-242.009
G0 Z0.000
; plunge
G1 Z-0.200 F4000
; cut
G1 X201.394 Y-243.071 F4000
; Retract
G0 Z3.000

; Path 465
; Rapid to initial position
G0 X202.566 Y-242.741
G0 Z0.000
; plunge
G1 Z-0.200 F4000
; cut
G1 X202.510 Y-242.658 F4000
G1 X202.452 Y-242.559
G1 X202.402 Y-242.459
G1 X202.359 Y-242.358
G1 X202.323 Y-242.257
G1 X202.295 Y-242.157
G1 X202.274 Y-242.057
G1 X202.260 Y-241.944
G1 X202.255 Y-241.835
G1 X202.260 Y-241.729
G1 X202.274 Y-241.627
G1 X202.302 Y-241.518
G1 X202.343 Y-241.417
G1 X202.395 Y-241.324
G1 X202.460 Y-241.242
G1 X202.537 Y-241.170
G1 X202.566 Y-241.149
; Retract
G0 Z3.000

; Path 466
; Rapid to initial position
G0 X202.784 Y-240.710
G0 Z0.000
; plunge
G1 Z-0.200 F4000
; cut
G1 X202.844 Y-240.791 F4000
G1 X202.918 Y-240.878
G1 X202.995 Y-240.959
G1 X203.076 Y-241.033
G1 X203.159 Y-241.100
G1 X203.245 Y-241.161
G1 X203.332 Y-241.213
G1 X203.433 Y-241.265
G1 X203.535 Y-241.306
G1 X203.636 Y-241.336
G1 X203.737 Y-241.357
G1 X203.837 Y-241.366
G1 X203.946 Y-241.363
G1 X204.051 Y-241.346
G1 X204.152 Y-241.314
G1 X204.246 Y-241.267
G1 X204.285 Y-241.241
; Retract
G0 Z3.000

; Path 467
; Rapid to initial position
G0 X203.517 Y-241.569
G0 Z0.000
; plunge
G1 Z-0.200 F4000
; cut
G1 X205.019 Y-240.508 F4000
; Retract
G0 Z3.000

; Path 468
; Rapid to initial position
G0 X203.846 Y-242.212
G0 Z0.000
; plunge
G1 Z-0.200 F4000
; cut
G1 X203.906 Y-242.292 F4000
G1 X203.979 Y-242.379
G1 X204.057 Y-242.460
G1 X204.137 Y-242.535
G1 X204.221 Y-242.602
G1 X204.306 Y-242.662
G1 X204.393 Y-242.715
G1 X204.494 Y-242.766
G1 X204.596 Y-242.807
G1 X204.698 Y-242.838
G1 X204.799 Y-242.858
G1 X204.911 Y-242.868
G1 X205.020 Y-242.864
G1 X205.124 Y-242.845
G1 X205.224 Y-242.811
G1 X205.317 Y-242.762
G1 X205.347 Y-242.743
; Retract
G0 Z3.000

; Path 469
; Rapid to initial position
G0 X203.627 Y-242.650
G0 Z0.000
; plunge
G1 Z-0.200 F4000
; cut
G1 X203.546 Y-242.718 F4000
G1 X203.477 Y-242.797
G1 X203.420 Y-242.886
G1 X203.376 Y-242.985
G1 X203.344 Y-243.091
G1 X203.326 Y-243.191
G1 X203.317 Y-243.296
G1 X203.318 Y-243.404
G1 X203.329 Y-243.516
G1 X203.347 Y-243.615
G1 X203.372 Y-243.715
G1 X203.404 Y-243.816
G1 X203.444 Y-243.917
G1 X203.491 Y-244.018
G1 X203.546 Y-244.117
G1 X203.608 Y-244.215
G1 X203.627 Y-244.242
; Retract
G0 Z3.000
M5          ; Switch tool offEnd
