G21         ; Set units to mm
G90         ; Absolute positioning

;
; Operation:    0
; Type:         Mill Cut
; Paths:        1612
; Direction:    Conventional
; Rapid Z:      3
; Start Z:      0
; End Z:        -0.2
; Pass Depth:   1
; Plunge rate:  4000 mm/min
; Cut rate:     4000 mm/min
;
; Retract
G0 Z3.000

; Path 0
; Rapid to initial position
G0 X139.343 Y-96.572
G0 Z0.000
; plunge
G1 Z-0.200 F4000
; cut
G1 X141.664 Y-97.586 F4000
G1 X143.939 Y-98.579
G1 X146.214 Y-99.572
G1 X148.489 Y-100.564
G1 X149.332 Y-100.933
G1 X150.698 Y-101.529
G1 X150.713 Y-101.526
; Retract
G0 Z3.000

; Path 1
; Rapid to initial position
G0 X150.713 Y-101.526
G0 Z0.000
; plunge
G1 Z-0.200 F4000
; cut
G1 X149.344 Y-100.938 F4000
G1 X148.489 Y-100.564
G1 X146.214 Y-99.572
G1 X143.939 Y-98.579
G1 X141.664 Y-97.586
G1 X139.389 Y-96.593
G1 X139.343 Y-96.572
; Retract
G0 Z3.000

; Path 2
; Rapid to initial position
G0 X139.343 Y-96.572
G0 Z0.000
; plunge
G1 Z-0.200 F4000
; cut
G1 X141.664 Y-97.586 F4000
G1 X143.939 Y-98.579
G1 X146.214 Y-99.572
G1 X148.489 Y-100.564
G1 X149.332 Y-100.933
G1 X150.698 Y-101.529
G1 X150.713 Y-101.526
; Retract
G0 Z3.000

; Path 3
; Rapid to initial position
G0 X150.713 Y-101.526
G0 Z0.000
; plunge
G1 Z-0.200 F4000
; cut
G1 X149.344 Y-100.938 F4000
G1 X148.489 Y-100.564
G1 X146.214 Y-99.572
G1 X143.939 Y-98.579
G1 X141.664 Y-97.586
G1 X139.389 Y-96.593
G1 X139.343 Y-96.572
; Retract
G0 Z3.000

; Path 4
; Rapid to initial position
G0 X139.343 Y-96.572
G0 Z0.000
; plunge
G1 Z-0.200 F4000
; cut
G1 X141.664 Y-97.586 F4000
G1 X143.939 Y-98.579
G1 X146.214 Y-99.572
G1 X148.489 Y-100.564
G1 X149.332 Y-100.933
G1 X150.698 Y-101.529
G1 X150.713 Y-101.526
; Retract
G0 Z3.000

; Path 5
; Rapid to initial position
G0 X150.713 Y-101.526
G0 Z0.000
; plunge
G1 Z-0.200 F4000
; cut
G1 X149.344 Y-100.938 F4000
G1 X148.489 Y-100.564
G1 X146.214 Y-99.572
G1 X143.939 Y-98.579
G1 X141.664 Y-97.586
G1 X139.389 Y-96.593
G1 X139.343 Y-96.572
; Retract
G0 Z3.000

; Path 6
; Rapid to initial position
G0 X139.343 Y-96.572
G0 Z0.000
; plunge
G1 Z-0.200 F4000
; cut
G1 X141.664 Y-97.586 F4000
G1 X143.939 Y-98.579
G1 X146.214 Y-99.572
G1 X148.489 Y-100.564
G1 X149.332 Y-100.933
G1 X150.698 Y-101.529
G1 X150.713 Y-101.526
; Retract
G0 Z3.000

; Path 7
; Rapid to initial position
G0 X151.006 Y-100.936
G0 Z0.000
; plunge
G1 Z-0.200 F4000
; cut
G1 X151.006 Y-100.891 F4000
; Retract
G0 Z3.000

; Path 8
; Rapid to initial position
G0 X151.025 Y-100.920
G0 Z0.000
; plunge
G1 Z-0.200 F4000
; cut
G1 X150.987 Y-100.926 F4000
; Retract
G0 Z3.000

; Path 9
; Rapid to initial position
G0 X148.328 Y-103.866
G0 Z0.000
; plunge
G1 Z-0.200 F4000
; cut
G1 X148.328 Y-104.340 F4000
; Retract
G0 Z3.000

; Path 10
; Rapid to initial position
G0 X146.733 Y-102.661
G0 Z0.000
; plunge
G1 Z-0.200 F4000
; cut
G1 X145.234 Y-102.935 F4000
G1 X142.951 Y-103.352
G1 X142.567 Y-103.423
G1 X140.284 Y-103.840
G1 X138.001 Y-104.257
G1 X136.600 Y-103.646
G1 X135.799 Y-103.296
G1 X133.524 Y-102.305
G1 X131.248 Y-101.312
G1 X128.973 Y-100.320
G1 X126.698 Y-99.327
G1 X126.644 Y-99.355
; Retract
G0 Z3.000

; Path 11
; Rapid to initial position
G0 X126.644 Y-99.355
G0 Z0.000
; plunge
G1 Z-0.200 F4000
; cut
G1 X128.973 Y-100.320 F4000
G1 X131.248 Y-101.312
G1 X133.524 Y-102.305
G1 X135.799 Y-103.296
G1 X136.588 Y-103.641
G1 X138.001 Y-104.257
G1 X140.284 Y-103.840
G1 X142.567 Y-103.423
G1 X142.876 Y-103.366
G1 X145.234 Y-102.935
G1 X146.665 Y-102.674
G1 X146.733 Y-102.661
; Retract
G0 Z3.000

; Path 12
; Rapid to initial position
G0 X146.733 Y-102.661
G0 Z0.000
; plunge
G1 Z-0.200 F4000
; cut
G1 X145.234 Y-102.935 F4000
G1 X142.951 Y-103.352
G1 X142.567 Y-103.423
G1 X140.284 Y-103.840
G1 X138.001 Y-104.257
G1 X136.600 Y-103.646
G1 X135.799 Y-103.296
G1 X133.524 Y-102.305
G1 X131.248 Y-101.312
G1 X128.973 Y-100.320
G1 X126.698 Y-99.327
G1 X126.644 Y-99.355
; Retract
G0 Z3.000

; Path 13
; Rapid to initial position
G0 X126.644 Y-99.355
G0 Z0.000
; plunge
G1 Z-0.200 F4000
; cut
G1 X128.973 Y-100.320 F4000
G1 X131.248 Y-101.312
G1 X133.524 Y-102.305
G1 X135.799 Y-103.296
G1 X136.588 Y-103.641
G1 X138.001 Y-104.257
G1 X140.284 Y-103.840
G1 X142.567 Y-103.423
G1 X142.876 Y-103.366
G1 X145.234 Y-102.935
G1 X146.665 Y-102.674
G1 X146.733 Y-102.661
; Retract
G0 Z3.000

; Path 14
; Rapid to initial position
G0 X146.733 Y-102.661
G0 Z0.000
; plunge
G1 Z-0.200 F4000
; cut
G1 X145.234 Y-102.935 F4000
G1 X142.951 Y-103.352
G1 X142.567 Y-103.423
G1 X140.284 Y-103.840
G1 X138.001 Y-104.257
G1 X136.600 Y-103.646
G1 X135.799 Y-103.296
G1 X133.524 Y-102.305
G1 X131.248 Y-101.312
G1 X128.973 Y-100.320
G1 X126.698 Y-99.327
G1 X126.644 Y-99.355
; Retract
G0 Z3.000

; Path 15
; Rapid to initial position
G0 X126.644 Y-99.355
G0 Z0.000
; plunge
G1 Z-0.200 F4000
; cut
G1 X128.973 Y-100.320 F4000
G1 X131.248 Y-101.312
G1 X133.524 Y-102.305
G1 X135.799 Y-103.296
G1 X136.588 Y-103.641
G1 X138.001 Y-104.257
G1 X140.284 Y-103.840
G1 X142.567 Y-103.423
G1 X142.876 Y-103.366
G1 X145.234 Y-102.935
G1 X146.665 Y-102.674
G1 X146.733 Y-102.661
; Retract
G0 Z3.000

; Path 16
; Rapid to initial position
G0 X146.733 Y-102.661
G0 Z0.000
; plunge
G1 Z-0.200 F4000
; cut
G1 X145.234 Y-102.935 F4000
G1 X142.951 Y-103.352
G1 X142.567 Y-103.423
G1 X140.284 Y-103.840
G1 X138.001 Y-104.257
G1 X136.600 Y-103.646
G1 X135.799 Y-103.296
G1 X133.524 Y-102.305
G1 X131.248 Y-101.312
G1 X128.973 Y-100.320
G1 X126.698 Y-99.327
G1 X126.644 Y-99.355
; Retract
G0 Z3.000

; Path 17
; Rapid to initial position
G0 X128.090 Y-100.007
G0 Z0.000
; plunge
G1 Z-0.200 F4000
; cut
G1 X130.411 Y-101.020 F4000
G1 X132.686 Y-102.013
G1 X134.961 Y-103.006
G1 X137.237 Y-103.999
G1 X138.080 Y-104.367
G1 X139.446 Y-104.964
G1 X139.460 Y-104.960
; Retract
G0 Z3.000

; Path 18
; Rapid to initial position
G0 X140.997 Y-106.108
G0 Z0.000
; plunge
G1 Z-0.200 F4000
; cut
G1 X141.157 Y-106.075 F4000
; Retract
G0 Z3.000

; Path 19
; Rapid to initial position
G0 X143.947 Y-102.235
G0 Z0.000
; plunge
G1 Z-0.200 F4000
; cut
G1 X143.947 Y-102.023 F4000
G1 X145.409 Y-101.791
G1 X147.693 Y-101.431
G1 X149.926 Y-101.077
G1 X152.209 Y-100.717
G1 X153.088 Y-100.578
G1 X155.371 Y-100.216
G1 X157.655 Y-99.856
G1 X158.065 Y-99.791
; Retract
G0 Z3.000

; Path 20
; Rapid to initial position
G0 X159.822 Y-97.568
G0 Z0.000
; plunge
G1 Z-0.200 F4000
; cut
G1 X159.988 Y-97.571 F4000
G1 X163.584 Y-97.640
G1 X169.290 Y-97.749
G1 X174.997 Y-97.858
G1 X175.303 Y-97.842
G1 X180.988 Y-97.543
G1 X186.673 Y-97.243
G1 X192.358 Y-96.944
G1 X198.043 Y-96.644
G1 X198.179 Y-96.637
G1 X198.179 Y-96.651
; Retract
G0 Z3.000

; Path 21
; Rapid to initial position
G0 X197.027 Y-97.252
G0 Z0.000
; plunge
G1 Z-0.200 F4000
; cut
G1 X196.882 Y-97.064 F4000
; Retract
G0 Z3.000

; Path 22
; Rapid to initial position
G0 X196.955 Y-97.154
G0 Z0.000
; plunge
G1 Z-0.200 F4000
; cut
G1 X196.955 Y-97.183 F4000
; Retract
G0 Z3.000

; Path 23
; Rapid to initial position
G0 X196.997 Y-93.388
G0 Z0.000
; plunge
G1 Z-0.200 F4000
; cut
G1 X196.993 Y-90.143 F4000
G1 X196.993 Y-89.688
G1 X196.990 Y-86.368
G1 X196.986 Y-83.133
G1 X196.984 Y-82.065
G1 X196.984 Y-81.619
G1 X196.980 Y-78.311
G1 X196.976 Y-75.075
G1 X196.972 Y-71.840
G1 X196.969 Y-68.605
G1 X196.965 Y-65.370
G1 X196.962 Y-64.152
G1 X191.221 Y-63.951
G1 X185.516 Y-63.825
G1 X184.860 Y-63.811
G1 X184.674 Y-63.807
G1 X178.968 Y-63.680
G1 X175.393 Y-63.601
G1 X175.224 Y-63.598
G1 X169.519 Y-63.472
G1 X165.964 Y-63.393
G1 X165.803 Y-63.390
G1 X160.098 Y-63.264
G1 X155.429 Y-63.161
G1 X155.346 Y-63.159
; Retract
G0 Z3.000

; Path 24
; Rapid to initial position
G0 X153.387 Y-66.716
G0 Z0.000
; plunge
G1 Z-0.200 F4000
; cut
G1 X153.190 Y-66.724 F4000
; Retract
G0 Z3.000

; Path 25
; Rapid to initial position
G0 X151.539 Y-65.958
G0 Z0.000
; plunge
G1 Z-0.200 F4000
; cut
G1 X157.228 Y-65.604 F4000
G1 X161.887 Y-65.378
G1 X162.048 Y-65.370
G1 X167.761 Y-65.093
G1 X171.331 Y-64.920
G1 X171.500 Y-64.912
G1 X177.217 Y-64.634
G1 X180.857 Y-64.458
G1 X186.563 Y-64.577
G1 X192.269 Y-64.696
G1 X196.487 Y-64.783
G1 X196.650 Y-64.787
G1 X202.386 Y-64.906
G1 X208.092 Y-65.025
G1 X213.798 Y-65.143
G1 X219.504 Y-65.262
G1 X221.530 Y-65.305
G1 X221.530 Y-65.382
; Retract
G0 Z3.000

; Path 26
; Rapid to initial position
G0 X218.339 Y-64.661
G0 Z0.000
; plunge
G1 Z-0.200 F4000
; cut
G1 X218.339 Y-64.660 F4000
; Retract
G0 Z3.000

; Path 27
; Rapid to initial position
G0 X212.353 Y-67.109
G0 Z0.000
; plunge
G1 Z-0.200 F4000
; cut
G1 X212.459 Y-67.111 F4000
G1 X212.457 Y-70.346
G1 X212.455 Y-73.581
G1 X212.452 Y-76.817
G1 X212.450 Y-80.052
G1 X212.448 Y-83.287
G1 X212.448 Y-86.522
G1 X212.445 Y-89.758
G1 X212.443 Y-92.610
G1 X212.336 Y-92.620
G1 X211.889 Y-92.662
G1 X206.255 Y-93.188
G1 X200.622 Y-93.715
G1 X194.989 Y-94.241
G1 X189.275 Y-94.775
G1 X189.165 Y-94.771
; Retract
G0 Z3.000

; Path 28
; Rapid to initial position
G0 X188.999 Y-95.784
G0 Z0.000
; plunge
G1 Z-0.200 F4000
; cut
G1 X188.919 Y-95.788 F4000
; Retract
G0 Z3.000

; Path 29
; Rapid to initial position
G0 X188.959 Y-96.133
G0 Z0.000
; plunge
G1 Z-0.200 F4000
; cut
G1 X188.171 Y-96.174 F4000
G1 X188.035 Y-96.181
G1 X182.833 Y-96.455
G1 X177.147 Y-96.754
G1 X171.462 Y-97.053
G1 X165.777 Y-97.351
; Retract
G0 Z3.000

; Path 30
; Rapid to initial position
G0 X164.758 Y-98.778
G0 Z0.000
; plunge
G1 Z-0.200 F4000
; cut
G1 X164.286 Y-98.822 F4000
G1 X158.652 Y-99.349
G1 X153.019 Y-99.875
G1 X147.385 Y-100.402
G1 X141.752 Y-100.928
G1 X136.397 Y-101.428
G1 X130.701 Y-101.206
G1 X125.005 Y-100.982
G1 X119.308 Y-100.759
G1 X113.612 Y-100.536
G1 X107.917 Y-100.313
G1 X102.221 Y-100.090
G1 X96.525 Y-99.867
G1 X95.302 Y-99.819
G1 X94.803 Y-99.800
G1 X94.803 Y-99.795
; Retract
G0 Z3.000

; Path 31
; Rapid to initial position
G0 X99.022 Y-104.000
G0 Z0.000
; plunge
G1 Z-0.200 F4000
; cut
G1 X99.267 Y-104.004 F4000
G1 X99.510 Y-104.009
; Retract
G0 Z3.000

; Path 32
; Rapid to initial position
G0 X100.578 Y-107.269
G0 Z0.000
; plunge
G1 Z-0.200 F4000
; cut
G1 X100.578 Y-107.314 F4000
; Retract
G0 Z3.000

; Path 33
; Rapid to initial position
G0 X100.559 Y-107.304
G0 Z0.000
; plunge
G1 Z-0.200 F4000
; cut
G1 X100.597 Y-107.297 F4000
; Retract
G0 Z3.000

; Path 34
; Rapid to initial position
G0 X95.804 Y-111.129
G0 Z0.000
; plunge
G1 Z-0.200 F4000
; cut
G1 X98.133 Y-112.094 F4000
G1 X100.408 Y-113.086
G1 X102.683 Y-114.079
G1 X104.958 Y-115.071
G1 X105.747 Y-115.415
G1 X107.160 Y-116.032
G1 X109.444 Y-115.614
G1 X111.727 Y-115.197
G1 X112.036 Y-115.141
G1 X114.394 Y-114.710
G1 X115.825 Y-114.448
G1 X115.892 Y-114.435
; Retract
G0 Z3.000

; Path 35
; Rapid to initial position
G0 X112.273 Y-113.029
G0 Z0.000
; plunge
G1 Z-0.200 F4000
; cut
G1 X112.273 Y-112.816 F4000
G1 X113.735 Y-112.585
G1 X116.019 Y-112.224
G1 X118.252 Y-111.870
G1 X120.535 Y-111.510
G1 X121.414 Y-111.371
G1 X123.697 Y-111.009
G1 X125.981 Y-110.649
G1 X126.391 Y-110.584
; Retract
G0 Z3.000

; Path 36
; Rapid to initial position
G0 X125.528 Y-111.189
G0 Z0.000
; plunge
G1 Z-0.200 F4000
; cut
G1 X125.528 Y-111.442 F4000
; Retract
G0 Z3.000

; Path 37
; Rapid to initial position
G0 X128.005 Y-107.765
G0 Z0.000
; plunge
G1 Z-0.200 F4000
; cut
G1 X128.897 Y-107.829 F4000
G1 X131.086 Y-107.955
G1 X141.279 Y-108.541
G1 X151.473 Y-109.125
G1 X161.667 Y-109.710
G1 X171.861 Y-110.296
G1 X182.056 Y-110.881
G1 X192.249 Y-111.466
G1 X202.443 Y-112.051
G1 X212.028 Y-110.738
G1 X222.109 Y-109.357
G1 X232.192 Y-107.976
G1 X242.274 Y-106.595
G1 X252.357 Y-105.214
G1 X253.201 Y-105.098
G1 X253.201 Y-105.097
; Retract
G0 Z3.000

; Path 38
; Rapid to initial position
G0 X255.025 Y-101.355
G0 Z0.000
; plunge
G1 Z-0.200 F4000
; cut
G1 X265.199 Y-100.571 F4000
G1 X275.374 Y-99.787
G1 X285.549 Y-99.003
G1 X294.859 Y-98.285
G1 X295.102 Y-98.266
G1 X296.514 Y-98.157
; Retract
G0 Z3.000

; Path 39
; Rapid to initial position
G0 X296.441 Y-97.252
G0 Z0.000
; plunge
G1 Z-0.200 F4000
; cut
G1 X296.586 Y-97.243 F4000
; Retract
G0 Z3.000

; Path 40
; Rapid to initial position
G0 X294.083 Y-93.653
G0 Z0.000
; plunge
G1 Z-0.200 F4000
; cut
G1 X293.912 Y-93.641 F4000
; Retract
G0 Z3.000

; Path 41
; Rapid to initial position
G0 X293.856 Y-89.046
G0 Z0.000
; plunge
G1 Z-0.200 F4000
; cut
G1 X293.791 Y-89.018 F4000
; Retract
G0 Z3.000

; Path 42
; Rapid to initial position
G0 X292.679 Y-85.563
G0 Z0.000
; plunge
G1 Z-0.200 F4000
; cut
G1 X292.321 Y-85.620 F4000
G1 X289.985 Y-85.989
G1 X287.702 Y-86.350
G1 X286.823 Y-86.490
G1 X284.540 Y-86.850
G1 X282.372 Y-87.193
G1 X280.023 Y-87.564
G1 X278.561 Y-87.796
G1 X278.561 Y-88.003
G1 X278.561 Y-88.008
; Retract
G0 Z3.000

; Path 43
; Rapid to initial position
G0 X279.052 Y-84.876
G0 Z0.000
; plunge
G1 Z-0.200 F4000
; cut
G1 X279.249 Y-84.868 F4000
; Retract
G0 Z3.000

; Path 44
; Rapid to initial position
G0 X277.401 Y-84.110
G0 Z0.000
; plunge
G1 Z-0.200 F4000
; cut
G1 X283.090 Y-83.756 F4000
G1 X287.749 Y-83.530
G1 X287.910 Y-83.522
G1 X293.623 Y-83.245
G1 X297.193 Y-83.072
G1 X297.362 Y-83.064
G1 X303.079 Y-82.787
G1 X306.719 Y-82.610
G1 X312.425 Y-82.729
G1 X318.131 Y-82.848
G1 X322.349 Y-82.935
G1 X322.513 Y-82.939
G1 X328.248 Y-83.058
G1 X333.954 Y-83.177
G1 X339.660 Y-83.296
G1 X345.366 Y-83.414
G1 X347.392 Y-83.457
G1 X347.392 Y-83.534
; Retract
G0 Z3.000

; Path 45
; Rapid to initial position
G0 X354.083 Y-79.723
G0 Z0.000
; plunge
G1 Z-0.200 F4000
; cut
G1 X354.083 Y-76.424 F4000
G1 X354.083 Y-73.188
G1 X354.083 Y-69.953
G1 X354.083 Y-66.718
G1 X354.083 Y-63.483
G1 X354.083 Y-60.247
G1 X354.083 Y-57.012
G1 X354.083 Y-56.263
G1 X354.083 Y-53.281
; Retract
G0 Z3.000

; Path 46
; Rapid to initial position
G0 X354.048 Y-53.253
G0 Z0.000
; plunge
G1 Z-0.200 F4000
; cut
G1 X354.048 Y-53.311 F4000
; Retract
G0 Z3.000

; Path 47
; Rapid to initial position
G0 X355.404 Y-60.066
G0 Z0.000
; plunge
G1 Z-0.200 F4000
; cut
G1 X361.089 Y-59.767 F4000
G1 X366.774 Y-59.468
G1 X372.459 Y-59.169
G1 X377.661 Y-58.896
G1 X377.797 Y-58.889
G1 X378.586 Y-58.847
; Retract
G0 Z3.000

; Path 48
; Rapid to initial position
G0 X378.546 Y-58.502
G0 Z0.000
; plunge
G1 Z-0.200 F4000
; cut
G1 X378.626 Y-58.499 F4000
; Retract
G0 Z3.000

; Path 49
; Rapid to initial position
G0 X378.637 Y-55.338
G0 Z0.000
; plunge
G1 Z-0.200 F4000
; cut
G1 X378.637 Y-55.281 F4000
; Retract
G0 Z3.000

; Path 50
; Rapid to initial position
G0 X378.672 Y-55.310
G0 Z0.000
; plunge
G1 Z-0.200 F4000
; cut
G1 X378.672 Y-52.405 F4000
G1 X378.672 Y-51.579
G1 X378.672 Y-48.344
G1 X378.672 Y-45.109
G1 X378.672 Y-41.874
G1 X378.672 Y-38.638
G1 X378.672 Y-35.403
G1 X378.672 Y-32.168
G1 X378.672 Y-28.933
G1 X378.672 Y-28.868
; Retract
G0 Z3.000

; Path 51
; Rapid to initial position
G0 X384.627 Y-39.639
G0 Z0.000
; plunge
G1 Z-0.200 F4000
; cut
G1 X384.627 Y-39.640 F4000
; Retract
G0 Z3.000

; Path 52
; Rapid to initial position
G0 X378.641 Y-42.088
G0 Z0.000
; plunge
G1 Z-0.200 F4000
; cut
G1 X378.747 Y-42.091 F4000
G1 X378.745 Y-45.326
G1 X378.742 Y-48.561
G1 X378.739 Y-51.796
G1 X378.737 Y-55.031
G1 X378.734 Y-58.267
G1 X378.734 Y-61.502
G1 X378.732 Y-64.737
G1 X378.729 Y-67.589
G1 X378.622 Y-67.599
G1 X378.175 Y-67.641
G1 X372.542 Y-68.167
G1 X366.908 Y-68.694
G1 X361.275 Y-69.220
G1 X355.561 Y-69.754
G1 X355.451 Y-69.751
; Retract
G0 Z3.000

; Path 53
; Rapid to initial position
G0 X353.996 Y-66.604
G0 Z0.000
; plunge
G1 Z-0.200 F4000
; cut
G1 X353.996 Y-66.546 F4000
; Retract
G0 Z3.000

; Path 54
; Rapid to initial position
G0 X354.052 Y-66.503
G0 Z0.000
; plunge
G1 Z-0.200 F4000
; cut
G1 X354.159 Y-66.501 F4000
G1 X354.156 Y-63.266
G1 X354.153 Y-60.031
G1 X354.151 Y-56.795
G1 X354.148 Y-53.560
G1 X354.145 Y-50.325
G1 X354.145 Y-47.090
G1 X354.143 Y-43.854
G1 X354.140 Y-41.002
G1 X354.033 Y-40.992
G1 X353.586 Y-40.951
G1 X347.953 Y-40.424
G1 X342.319 Y-39.897
G1 X336.686 Y-39.371
G1 X330.972 Y-38.837
G1 X330.862 Y-38.841
; Retract
G0 Z3.000

; Path 55
; Rapid to initial position
G0 X327.821 Y-41.905
G0 Z0.000
; plunge
G1 Z-0.200 F4000
; cut
G1 X327.821 Y-41.978 F4000
; Retract
G0 Z3.000

; Path 56
; Rapid to initial position
G0 X327.788 Y-41.950
G0 Z0.000
; plunge
G1 Z-0.200 F4000
; cut
G1 X327.722 Y-45.159 F4000
G1 X327.725 Y-48.394
G1 X327.726 Y-51.629
G1 X327.729 Y-54.865
G1 X327.731 Y-58.100
G1 X327.732 Y-61.335
G1 X327.735 Y-64.570
G1 X327.737 Y-67.806
G1 X327.855 Y-67.822
G1 X328.325 Y-67.838
G1 X332.698 Y-67.986
G1 X338.397 Y-68.180
G1 X344.096 Y-68.373
G1 X349.796 Y-68.566
G1 X355.495 Y-68.760
G1 X361.195 Y-68.953
G1 X366.894 Y-69.147
G1 X366.960 Y-69.141
; Retract
G0 Z3.000

; Path 57
; Rapid to initial position
G0 X366.992 Y-69.114
G0 Z0.000
; plunge
G1 Z-0.200 F4000
; cut
G1 X366.992 Y-69.091 F4000
; Retract
G0 Z3.000

; Path 58
; Rapid to initial position
G0 X365.313 Y-62.929
G0 Z0.000
; plunge
G1 Z-0.200 F4000
; cut
G1 X363.286 Y-62.809 F4000
G1 X357.581 Y-62.691
G1 X351.875 Y-62.572
G1 X346.169 Y-62.453
G1 X340.464 Y-62.334
G1 X340.300 Y-62.331
G1 X336.052 Y-62.243
G1 X330.346 Y-62.124
G1 X324.640 Y-62.005
G1 X321.000 Y-62.181
G1 X315.311 Y-62.457
G1 X315.141 Y-62.466
G1 X311.543 Y-62.640
G1 X305.855 Y-62.916
G1 X305.694 Y-62.924
G1 X301.010 Y-63.151
G1 X295.321 Y-63.427
G1 X295.321 Y-63.505
; Retract
G0 Z3.000

; Path 59
; Rapid to initial position
G0 X294.500 Y-63.236
G0 Z0.000
; plunge
G1 Z-0.200 F4000
; cut
G1 X294.328 Y-63.224 F4000
; Retract
G0 Z3.000

; Path 60
; Rapid to initial position
G0 X296.973 Y-64.271
G0 Z0.000
; plunge
G1 Z-0.200 F4000
; cut
G1 X297.170 Y-64.263 F4000
; Retract
G0 Z3.000

; Path 61
; Rapid to initial position
G0 X296.829 Y-70.583
G0 Z0.000
; plunge
G1 Z-0.200 F4000
; cut
G1 X297.001 Y-70.595 F4000
; Retract
G0 Z3.000

; Path 62
; Rapid to initial position
G0 X303.199 Y-66.641
G0 Z0.000
; plunge
G1 Z-0.200 F4000
; cut
G1 X303.133 Y-63.432 F4000
G1 X303.136 Y-60.197
G1 X303.137 Y-56.962
G1 X303.140 Y-53.727
G1 X303.142 Y-50.492
G1 X303.144 Y-47.256
G1 X303.146 Y-44.021
G1 X303.148 Y-40.786
G1 X303.266 Y-40.770
G1 X303.736 Y-40.753
G1 X308.109 Y-40.605
G1 X313.808 Y-40.412
G1 X319.507 Y-40.218
G1 X325.207 Y-40.025
G1 X330.906 Y-39.832
G1 X336.606 Y-39.638
G1 X342.305 Y-39.445
G1 X342.371 Y-39.451
; Retract
G0 Z3.000

; Path 63
; Rapid to initial position
G0 X342.403 Y-39.478
G0 Z0.000
; plunge
G1 Z-0.200 F4000
; cut
G1 X342.403 Y-39.500 F4000
; Retract
G0 Z3.000

; Path 64
; Rapid to initial position
G0 X345.725 Y-45.758
G0 Z0.000
; plunge
G1 Z-0.200 F4000
; cut
G1 X343.699 Y-45.638 F4000
G1 X337.993 Y-45.520
G1 X332.287 Y-45.401
G1 X326.581 Y-45.282
G1 X320.876 Y-45.163
G1 X320.712 Y-45.160
G1 X316.464 Y-45.072
G1 X310.758 Y-44.953
G1 X305.052 Y-44.834
G1 X301.412 Y-45.011
G1 X295.723 Y-45.286
G1 X295.553 Y-45.295
G1 X291.956 Y-45.469
G1 X286.267 Y-45.745
G1 X286.106 Y-45.753
G1 X281.423 Y-45.980
G1 X275.734 Y-46.256
G1 X275.734 Y-46.334
; Retract
G0 Z3.000

; Path 65
; Rapid to initial position
G0 X277.385 Y-47.100
G0 Z0.000
; plunge
G1 Z-0.200 F4000
; cut
G1 X277.582 Y-47.092 F4000
; Retract
G0 Z3.000

; Path 66
; Rapid to initial position
G0 X264.842 Y-45.338
G0 Z0.000
; plunge
G1 Z-0.200 F4000
; cut
G1 X265.341 Y-45.363 F4000
G1 X266.564 Y-45.411
G1 X272.260 Y-45.634
G1 X277.955 Y-45.857
G1 X283.651 Y-46.080
G1 X289.347 Y-46.303
G1 X295.044 Y-46.526
G1 X300.740 Y-46.749
G1 X306.435 Y-46.972
G1 X311.791 Y-46.472
G1 X317.424 Y-45.945
G1 X323.058 Y-45.419
G1 X328.691 Y-44.892
G1 X334.325 Y-44.366
G1 X334.797 Y-44.322
G1 X334.797 Y-44.322
; Retract
G0 Z3.000

; Path 67
; Rapid to initial position
G0 X335.816 Y-42.895
G0 Z0.000
; plunge
G1 Z-0.200 F4000
; cut
G1 X341.501 Y-42.596 F4000
G1 X347.186 Y-42.297
G1 X352.872 Y-41.998
G1 X358.074 Y-41.725
G1 X358.210 Y-41.718
G1 X358.998 Y-41.676
; Retract
G0 Z3.000

; Path 68
; Rapid to initial position
G0 X358.958 Y-41.331
G0 Z0.000
; plunge
G1 Z-0.200 F4000
; cut
G1 X359.038 Y-41.328 F4000
; Retract
G0 Z3.000

; Path 69
; Rapid to initial position
G0 X353.997 Y-40.085
G0 Z0.000
; plunge
G1 Z-0.200 F4000
; cut
G1 X350.401 Y-40.221 F4000
G1 X344.695 Y-40.330
G1 X338.989 Y-40.439
G1 X338.823 Y-40.442
G1 X338.591 Y-40.447
G1 X332.884 Y-40.556
G1 X327.178 Y-40.664
G1 X321.472 Y-40.773
G1 X315.765 Y-40.882
G1 X315.661 Y-40.884
G1 X314.825 Y-40.900
; Retract
G0 Z3.000

; Path 70
; Rapid to initial position
G0 X314.331 Y-41.834
G0 Z0.000
; plunge
G1 Z-0.200 F4000
; cut
G1 X314.225 Y-41.813 F4000
G1 X308.583 Y-40.627
G1 X302.941 Y-39.442
G1 X297.299 Y-38.257
G1 X291.657 Y-37.072
G1 X291.327 Y-37.001
G1 X291.284 Y-37.005
; Retract
G0 Z3.000

; Path 71
; Rapid to initial position
G0 X296.948 Y-33.610
G0 Z0.000
; plunge
G1 Z-0.200 F4000
; cut
G1 X296.882 Y-36.819 F4000
G1 X296.884 Y-40.054
G1 X296.886 Y-43.289
G1 X296.888 Y-46.525
G1 X296.891 Y-49.760
G1 X296.892 Y-52.995
G1 X296.894 Y-56.230
G1 X296.897 Y-59.465
G1 X297.014 Y-59.482
G1 X297.485 Y-59.498
G1 X301.857 Y-59.646
G1 X307.557 Y-59.840
G1 X313.256 Y-60.033
G1 X318.955 Y-60.226
G1 X324.655 Y-60.420
G1 X330.354 Y-60.613
G1 X336.054 Y-60.807
G1 X336.119 Y-60.800
; Retract
G0 Z3.000

; Path 72
; Rapid to initial position
G0 X336.151 Y-60.774
G0 Z0.000
; plunge
G1 Z-0.200 F4000
; cut
G1 X336.151 Y-60.751 F4000
; Retract
G0 Z3.000

; Path 73
; Rapid to initial position
G0 X331.723 Y-64.555
G0 Z0.000
; plunge
G1 Z-0.200 F4000
; cut
G1 X331.723 Y-64.724 F4000
G1 X331.723 Y-73.212
G1 X331.723 Y-81.700
G1 X331.723 Y-90.187
G1 X331.723 Y-98.675
G1 X331.723 Y-107.163
G1 X331.723 Y-115.650
G1 X331.723 Y-124.138
G1 X331.723 Y-126.104
G1 X331.723 Y-126.248
G1 X331.723 Y-133.927
; Retract
G0 Z3.000

; Path 74
; Rapid to initial position
G0 X331.661 Y-134.000
G0 Z0.000
; plunge
G1 Z-0.200 F4000
; cut
G1 X331.661 Y-133.848 F4000
; Retract
G0 Z3.000

; Path 75
; Rapid to initial position
G0 X328.654 Y-133.511
G0 Z0.000
; plunge
G1 Z-0.200 F4000
; cut
G1 X328.549 Y-133.516 F4000
G1 X328.551 Y-136.730
G1 X328.554 Y-139.966
G1 X328.555 Y-143.201
G1 X328.557 Y-146.436
G1 X328.560 Y-149.671
G1 X328.561 Y-152.906
G1 X328.564 Y-156.142
G1 X328.566 Y-159.377
G1 X328.603 Y-159.378
; Retract
G0 Z3.000

; Path 76
; Rapid to initial position
G0 X329.027 Y-160.364
G0 Z0.000
; plunge
G1 Z-0.200 F4000
; cut
G1 X329.193 Y-160.368 F4000
G1 X332.789 Y-160.436
G1 X338.496 Y-160.545
G1 X344.202 Y-160.655
G1 X344.508 Y-160.639
G1 X350.193 Y-160.339
G1 X355.878 Y-160.040
G1 X361.563 Y-159.740
G1 X367.248 Y-159.441
G1 X367.384 Y-159.434
G1 X367.384 Y-159.448
; Retract
G0 Z3.000

; Path 77
; Rapid to initial position
G0 X362.337 Y-164.276
G0 Z0.000
; plunge
G1 Z-0.200 F4000
; cut
G1 X362.481 Y-164.464 F4000
; Retract
G0 Z3.000

; Path 78
; Rapid to initial position
G0 X362.409 Y-164.395
G0 Z0.000
; plunge
G1 Z-0.200 F4000
; cut
G1 X362.409 Y-164.366 F4000
; Retract
G0 Z3.000

; Path 79
; Rapid to initial position
G0 X354.414 Y-163.345
G0 Z0.000
; plunge
G1 Z-0.200 F4000
; cut
G1 X353.625 Y-163.386 F4000
G1 X353.489 Y-163.393
G1 X348.287 Y-163.667
G1 X342.602 Y-163.966
G1 X336.917 Y-164.265
G1 X331.232 Y-164.563
; Retract
G0 Z3.000

; Path 80
; Rapid to initial position
G0 X330.212 Y-165.990
G0 Z0.000
; plunge
G1 Z-0.200 F4000
; cut
G1 X329.741 Y-166.034 F4000
G1 X324.107 Y-166.561
G1 X318.473 Y-167.087
G1 X312.840 Y-167.614
G1 X307.207 Y-168.140
G1 X301.851 Y-168.640
G1 X296.155 Y-168.418
G1 X290.459 Y-168.194
G1 X284.763 Y-167.971
G1 X279.067 Y-167.748
G1 X273.371 Y-167.525
G1 X267.675 Y-167.302
G1 X261.979 Y-167.079
G1 X260.756 Y-167.031
G1 X260.258 Y-167.012
G1 X260.258 Y-167.007
; Retract
G0 Z3.000

; Path 81
; Rapid to initial position
G0 X261.504 Y-167.228
G0 Z0.000
; plunge
G1 Z-0.200 F4000
; cut
G1 X261.465 Y-163.991 F4000
G1 X261.463 Y-160.756
G1 X261.461 Y-157.521
G1 X261.459 Y-154.286
G1 X261.456 Y-151.050
G1 X261.455 Y-147.815
G1 X261.452 Y-144.580
G1 X261.450 Y-141.366
G1 X261.555 Y-141.361
; Retract
G0 Z3.000

; Path 82
; Rapid to initial position
G0 X260.860 Y-139.289
G0 Z0.000
; plunge
G1 Z-0.200 F4000
; cut
G1 X261.233 Y-139.222 F4000
G1 X266.875 Y-138.037
G1 X272.517 Y-136.852
G1 X278.159 Y-135.667
G1 X283.801 Y-134.481
G1 X283.907 Y-134.460
; Retract
G0 Z3.000

; Path 83
; Rapid to initial position
G0 X284.401 Y-135.394
G0 Z0.000
; plunge
G1 Z-0.200 F4000
; cut
G1 X285.238 Y-135.410 F4000
G1 X285.341 Y-135.412
G1 X291.048 Y-135.521
G1 X296.754 Y-135.630
G1 X302.460 Y-135.738
G1 X308.167 Y-135.847
G1 X308.399 Y-135.852
G1 X308.565 Y-135.855
G1 X314.271 Y-135.964
G1 X319.977 Y-136.073
G1 X323.574 Y-136.141
G1 X323.574 Y-136.209
; Retract
G0 Z3.000

; Path 84
; Rapid to initial position
G0 X328.233 Y-140.228
G0 Z0.000
; plunge
G1 Z-0.200 F4000
; cut
G1 X328.233 Y-140.250 F4000
; Retract
G0 Z3.000

; Path 85
; Rapid to initial position
G0 X328.201 Y-140.277
G0 Z0.000
; plunge
G1 Z-0.200 F4000
; cut
G1 X322.436 Y-140.090 F4000
G1 X316.736 Y-139.897
G1 X311.037 Y-139.703
G1 X305.337 Y-139.510
G1 X299.638 Y-139.316
G1 X293.939 Y-139.123
G1 X289.566 Y-138.975
G1 X289.096 Y-138.959
G1 X288.978 Y-138.955
G1 X288.976 Y-135.707
G1 X288.974 Y-132.472
G1 X288.972 Y-129.237
G1 X288.970 Y-126.001
G1 X288.967 Y-122.766
G1 X288.966 Y-119.531
G1 X288.963 Y-116.296
G1 X288.961 Y-113.091
G1 X289.029 Y-113.087
; Retract
G0 Z3.000

; Path 86
; Rapid to initial position
G0 X289.062 Y-113.114
G0 Z0.000
; plunge
G1 Z-0.200 F4000
; cut
G1 X289.062 Y-113.042 F4000
; Retract
G0 Z3.000

; Path 87
; Rapid to initial position
G0 X290.712 Y-113.460
G0 Z0.000
; plunge
G1 Z-0.200 F4000
; cut
G1 X288.686 Y-113.341 F4000
G1 X282.981 Y-113.222
G1 X277.274 Y-113.103
G1 X271.569 Y-112.985
G1 X265.863 Y-112.866
G1 X265.700 Y-112.862
G1 X261.451 Y-112.774
G1 X255.745 Y-112.655
G1 X250.040 Y-112.536
G1 X246.399 Y-112.713
G1 X240.710 Y-112.989
G1 X240.541 Y-112.997
G1 X236.943 Y-113.172
G1 X231.255 Y-113.447
G1 X231.094 Y-113.455
G1 X226.410 Y-113.683
G1 X220.721 Y-113.958
G1 X220.721 Y-114.037
; Retract
G0 Z3.000

; Path 88
; Rapid to initial position
G0 X222.373 Y-114.802
G0 Z0.000
; plunge
G1 Z-0.200 F4000
; cut
G1 X222.570 Y-114.795 F4000
; Retract
G0 Z3.000

; Path 89
; Rapid to initial position
G0 X226.083 Y-116.475
G0 Z0.000
; plunge
G1 Z-0.200 F4000
; cut
G1 X226.582 Y-116.500 F4000
G1 X227.805 Y-116.547
G1 X233.501 Y-116.771
G1 X239.197 Y-116.994
G1 X244.892 Y-117.217
G1 X250.588 Y-117.440
G1 X256.285 Y-117.663
G1 X261.981 Y-117.886
G1 X267.677 Y-118.109
G1 X273.032 Y-117.608
G1 X278.665 Y-117.082
G1 X284.299 Y-116.556
G1 X289.932 Y-116.029
G1 X295.566 Y-115.503
G1 X296.038 Y-115.459
G1 X296.038 Y-115.458
; Retract
G0 Z3.000

; Path 90
; Rapid to initial position
G0 X294.479 Y-115.850
G0 Z0.000
; plunge
G1 Z-0.200 F4000
; cut
G1 X294.374 Y-115.855 F4000
G1 X294.377 Y-119.069
G1 X294.379 Y-122.304
G1 X294.381 Y-125.539
G1 X294.383 Y-128.774
G1 X294.385 Y-132.010
G1 X294.387 Y-135.245
G1 X294.389 Y-138.480
G1 X294.392 Y-141.715
G1 X294.428 Y-141.717
; Retract
G0 Z3.000

; Path 91
; Rapid to initial position
G0 X294.852 Y-142.703
G0 Z0.000
; plunge
G1 Z-0.200 F4000
; cut
G1 X295.019 Y-142.706 F4000
G1 X298.615 Y-142.775
G1 X304.321 Y-142.884
G1 X310.027 Y-142.993
G1 X310.333 Y-142.977
G1 X316.018 Y-142.678
G1 X321.703 Y-142.378
G1 X327.389 Y-142.079
G1 X333.074 Y-141.779
G1 X333.209 Y-141.772
G1 X333.209 Y-141.786
; Retract
G0 Z3.000

; Path 92
; Rapid to initial position
G0 X331.161 Y-141.706
G0 Z0.000
; plunge
G1 Z-0.200 F4000
; cut
G1 X331.161 Y-145.005 F4000
G1 X331.161 Y-148.241
G1 X331.161 Y-151.476
G1 X331.161 Y-154.711
G1 X331.161 Y-157.946
G1 X331.161 Y-161.182
G1 X331.161 Y-164.417
G1 X331.161 Y-165.166
G1 X331.161 Y-168.148
; Retract
G0 Z3.000

; Path 93
; Rapid to initial position
G0 X331.126 Y-168.176
G0 Z0.000
; plunge
G1 Z-0.200 F4000
; cut
G1 X331.126 Y-168.118 F4000
; Retract
G0 Z3.000

; Path 94
; Rapid to initial position
G0 X331.571 Y-168.548
G0 Z0.000
; plunge
G1 Z-0.200 F4000
; cut
G1 X331.571 Y-168.370 F4000
G1 X325.134 Y-168.190
G1 X314.922 Y-167.904
G1 X304.710 Y-167.619
G1 X304.412 Y-167.610
G1 X303.997 Y-167.598
G1 X293.784 Y-167.312
G1 X283.572 Y-167.027
G1 X273.360 Y-166.741
G1 X263.147 Y-166.455
G1 X262.961 Y-166.450
G1 X261.464 Y-166.409
; Retract
G0 Z3.000

; Path 95
; Rapid to initial position
G0 X263.147 Y-166.238
G0 Z0.000
; plunge
G1 Z-0.200 F4000
; cut
G1 X263.292 Y-166.426 F4000
; Retract
G0 Z3.000

; Path 96
; Rapid to initial position
G0 X263.220 Y-166.358
G0 Z0.000
; plunge
G1 Z-0.200 F4000
; cut
G1 X263.220 Y-166.329 F4000
; Retract
G0 Z3.000

; Path 97
; Rapid to initial position
G0 X261.928 Y-168.214
G0 Z0.000
; plunge
G1 Z-0.200 F4000
; cut
G1 X262.094 Y-168.217 F4000
G1 X265.690 Y-168.286
G1 X271.397 Y-168.395
G1 X277.103 Y-168.504
G1 X277.409 Y-168.488
G1 X283.094 Y-168.189
G1 X288.779 Y-167.889
G1 X294.464 Y-167.590
G1 X300.149 Y-167.290
G1 X300.285 Y-167.283
G1 X300.285 Y-167.297
; Retract
G0 Z3.000

; Path 98
; Rapid to initial position
G0 X299.904 Y-163.783
G0 Z0.000
; plunge
G1 Z-0.200 F4000
; cut
G1 X299.904 Y-167.082 F4000
G1 X299.904 Y-170.318
G1 X299.904 Y-173.553
G1 X299.904 Y-176.788
G1 X299.904 Y-180.023
G1 X299.904 Y-183.259
G1 X299.904 Y-186.494
G1 X299.904 Y-187.243
G1 X299.904 Y-190.225
; Retract
G0 Z3.000

; Path 99
; Rapid to initial position
G0 X299.869 Y-190.253
G0 Z0.000
; plunge
G1 Z-0.200 F4000
; cut
G1 X299.869 Y-190.195 F4000
; Retract
G0 Z3.000

; Path 100
; Rapid to initial position
G0 X302.046 Y-187.771
G0 Z0.000
; plunge
G1 Z-0.200 F4000
; cut
G1 X306.798 Y-187.876 F4000
G1 X312.503 Y-188.002
G1 X312.664 Y-188.005
G1 X316.219 Y-188.084
G1 X321.924 Y-188.210
G1 X322.093 Y-188.213
G1 X325.669 Y-188.292
G1 X331.374 Y-188.418
G1 X331.560 Y-188.423
G1 X332.216 Y-188.437
G1 X337.921 Y-188.563
G1 X343.626 Y-188.689
G1 X343.665 Y-189.982
G1 X343.669 Y-193.217
G1 X343.673 Y-196.452
G1 X343.677 Y-199.687
G1 X343.680 Y-202.922
G1 X343.684 Y-206.158
G1 X343.684 Y-206.621
G1 X343.686 Y-207.745
G1 X343.690 Y-210.980
G1 X343.694 Y-214.215
G1 X343.694 Y-214.754
G1 X343.697 Y-217.990
G1 X343.697 Y-218.000
; Retract
G0 Z3.000

; Path 101
; Rapid to initial position
G0 X342.030 Y-210.641
G0 Z0.000
; plunge
G1 Z-0.200 F4000
; cut
G1 X342.027 Y-207.395 F4000
G1 X342.027 Y-206.941
G1 X342.023 Y-203.621
G1 X342.019 Y-200.386
G1 X342.017 Y-199.318
G1 X342.017 Y-198.872
G1 X342.013 Y-195.563
G1 X342.009 Y-192.328
G1 X342.006 Y-189.093
G1 X342.002 Y-185.858
G1 X341.998 Y-182.623
G1 X341.995 Y-181.405
G1 X336.254 Y-181.204
G1 X330.549 Y-181.078
G1 X329.893 Y-181.064
G1 X329.707 Y-181.060
G1 X324.002 Y-180.933
G1 X320.426 Y-180.854
G1 X320.257 Y-180.851
G1 X314.552 Y-180.725
G1 X310.997 Y-180.646
G1 X310.836 Y-180.643
G1 X305.131 Y-180.517
G1 X300.462 Y-180.414
G1 X300.379 Y-180.412
; Retract
G0 Z3.000

; Path 102
; Rapid to initial position
G0 X300.727 Y-181.438
G0 Z0.000
; plunge
G1 Z-0.200 F4000
; cut
G1 X300.727 Y-181.461 F4000
; Retract
G0 Z3.000

; Path 103
; Rapid to initial position
G0 X300.695 Y-181.488
G0 Z0.000
; plunge
G1 Z-0.200 F4000
; cut
G1 X294.930 Y-181.300 F4000
G1 X289.230 Y-181.107
G1 X283.530 Y-180.913
G1 X277.831 Y-180.720
G1 X272.132 Y-180.527
G1 X266.433 Y-180.333
G1 X262.060 Y-180.185
G1 X261.590 Y-180.169
G1 X261.472 Y-180.165
G1 X261.470 Y-176.917
G1 X261.467 Y-173.682
G1 X261.466 Y-170.447
G1 X261.463 Y-167.212
G1 X261.461 Y-163.976
G1 X261.459 Y-160.741
G1 X261.457 Y-157.506
G1 X261.455 Y-154.301
G1 X261.523 Y-154.297
; Retract
G0 Z3.000

; Path 104
; Rapid to initial position
G0 X261.555 Y-154.325
G0 Z0.000
; plunge
G1 Z-0.200 F4000
; cut
G1 X261.555 Y-154.252 F4000
; Retract
G0 Z3.000

; Path 105
; Rapid to initial position
G0 X256.764 Y-153.314
G0 Z0.000
; plunge
G1 Z-0.200 F4000
; cut
G1 X256.700 Y-153.286 F4000
; Retract
G0 Z3.000

; Path 106
; Rapid to initial position
G0 X256.525 Y-155.523
G0 Z0.000
; plunge
G1 Z-0.200 F4000
; cut
G1 X256.389 Y-155.516 F4000
G1 X250.704 Y-155.815
G1 X245.019 Y-156.115
G1 X239.334 Y-156.414
G1 X233.649 Y-156.714
G1 X233.343 Y-156.730
G1 X227.637 Y-156.621
G1 X221.930 Y-156.512
G1 X218.334 Y-156.443
G1 X218.168 Y-156.440
; Retract
G0 Z3.000

; Path 107
; Rapid to initial position
G0 X217.744 Y-155.453
G0 Z0.000
; plunge
G1 Z-0.200 F4000
; cut
G1 X217.705 Y-152.217 F4000
G1 X217.703 Y-148.982
G1 X217.701 Y-145.746
G1 X217.699 Y-142.511
G1 X217.696 Y-139.276
G1 X217.695 Y-136.041
G1 X217.692 Y-132.805
G1 X217.690 Y-129.592
G1 X217.795 Y-129.586
; Retract
G0 Z3.000

; Path 108
; Rapid to initial position
G0 X212.869 Y-130.010
G0 Z0.000
; plunge
G1 Z-0.200 F4000
; cut
G1 X212.626 Y-130.006 F4000
G1 X212.381 Y-130.001
; Retract
G0 Z3.000

; Path 109
; Rapid to initial position
G0 X211.981 Y-127.995
G0 Z0.000
; plunge
G1 Z-0.200 F4000
; cut
G1 X211.809 Y-127.982 F4000
; Retract
G0 Z3.000

; Path 110
; Rapid to initial position
G0 X208.548 Y-122.963
G0 Z0.000
; plunge
G1 Z-0.200 F4000
; cut
G1 X204.951 Y-122.827 F4000
G1 X199.245 Y-122.718
G1 X193.539 Y-122.609
G1 X193.373 Y-122.606
G1 X193.141 Y-122.601
G1 X187.434 Y-122.492
G1 X181.728 Y-122.384
G1 X176.022 Y-122.274
G1 X170.315 Y-122.165
G1 X170.211 Y-122.164
G1 X169.375 Y-122.148
; Retract
G0 Z3.000

; Path 111
; Rapid to initial position
G0 X168.881 Y-121.213
G0 Z0.000
; plunge
G1 Z-0.200 F4000
; cut
G1 X168.775 Y-121.235 F4000
G1 X163.133 Y-122.420
G1 X157.491 Y-123.606
G1 X151.849 Y-124.791
G1 X146.207 Y-125.976
G1 X145.877 Y-126.047
G1 X145.834 Y-126.043
; Retract
G0 Z3.000

; Path 112
; Rapid to initial position
G0 X146.244 Y-121.020
G0 Z0.000
; plunge
G1 Z-0.200 F4000
; cut
G1 X146.244 Y-120.547 F4000
; Retract
G0 Z3.000

; Path 113
; Rapid to initial position
G0 X143.895 Y-118.924
G0 Z0.000
; plunge
G1 Z-0.200 F4000
; cut
G1 X143.537 Y-118.981 F4000
G1 X141.201 Y-119.350
G1 X138.918 Y-119.711
G1 X138.039 Y-119.850
G1 X135.756 Y-120.211
G1 X133.588 Y-120.554
G1 X131.239 Y-120.925
G1 X129.777 Y-121.156
G1 X129.777 Y-121.363
G1 X129.777 Y-121.369
; Retract
G0 Z3.000

; Path 114
; Rapid to initial position
G0 X126.988 Y-125.208
G0 Z0.000
; plunge
G1 Z-0.200 F4000
; cut
G1 X126.827 Y-125.242 F4000
; Retract
G0 Z3.000

; Path 115
; Rapid to initial position
G0 X124.308 Y-127.264
G0 Z0.000
; plunge
G1 Z-0.200 F4000
; cut
G1 X123.949 Y-127.321 F4000
G1 X121.613 Y-127.690
G1 X119.330 Y-128.051
G1 X118.451 Y-128.191
G1 X116.168 Y-128.551
G1 X114.000 Y-128.894
G1 X111.652 Y-129.265
G1 X110.190 Y-129.497
G1 X110.190 Y-129.704
G1 X110.190 Y-129.709
; Retract
G0 Z3.000

; Path 116
; Rapid to initial position
G0 X107.400 Y-133.549
G0 Z0.000
; plunge
G1 Z-0.200 F4000
; cut
G1 X107.239 Y-133.582 F4000
; Retract
G0 Z3.000

; Path 117
; Rapid to initial position
G0 X104.229 Y-126.331
G0 Z0.000
; plunge
G1 Z-0.200 F4000
; cut
G1 X104.165 Y-126.303 F4000
; Retract
G0 Z3.000

; Path 118
; Rapid to initial position
G0 X100.407 Y-125.062
G0 Z0.000
; plunge
G1 Z-0.200 F4000
; cut
G1 X100.780 Y-124.995 F4000
G1 X106.422 Y-123.810
G1 X112.064 Y-122.624
G1 X117.706 Y-121.439
G1 X123.348 Y-120.254
G1 X123.454 Y-120.232
; Retract
G0 Z3.000

; Path 119
; Rapid to initial position
G0 X123.948 Y-121.167
G0 Z0.000
; plunge
G1 Z-0.200 F4000
; cut
G1 X124.784 Y-121.182 F4000
G1 X124.888 Y-121.184
G1 X130.595 Y-121.293
G1 X136.301 Y-121.402
G1 X142.007 Y-121.511
G1 X147.714 Y-121.620
G1 X147.946 Y-121.625
G1 X148.112 Y-121.628
G1 X153.818 Y-121.736
G1 X159.524 Y-121.846
G1 X163.121 Y-121.914
G1 X163.121 Y-121.982
; Retract
G0 Z3.000

; Path 120
; Rapid to initial position
G0 X161.786 Y-123.944
G0 Z0.000
; plunge
G1 Z-0.200 F4000
; cut
G1 X161.786 Y-124.198 F4000
; Retract
G0 Z3.000

; Path 121
; Rapid to initial position
G0 X162.783 Y-134.002
G0 Z0.000
; plunge
G1 Z-0.200 F4000
; cut
G1 X162.678 Y-134.007 F4000
G1 X162.680 Y-137.221
G1 X162.682 Y-140.456
G1 X162.684 Y-143.691
G1 X162.686 Y-146.927
G1 X162.689 Y-150.162
G1 X162.690 Y-153.397
G1 X162.693 Y-156.632
G1 X162.695 Y-159.867
G1 X162.732 Y-159.869
; Retract
G0 Z3.000

; Path 122
; Rapid to initial position
G0 X163.156 Y-160.855
G0 Z0.000
; plunge
G1 Z-0.200 F4000
; cut
G1 X163.322 Y-160.858 F4000
G1 X166.918 Y-160.927
G1 X172.625 Y-161.036
G1 X178.331 Y-161.145
G1 X178.637 Y-161.129
G1 X184.322 Y-160.830
G1 X190.007 Y-160.530
G1 X195.692 Y-160.231
G1 X201.377 Y-159.931
G1 X201.513 Y-159.924
G1 X201.513 Y-159.938
; Retract
G0 Z3.000

; Path 123
; Rapid to initial position
G0 X201.850 Y-156.668
G0 Z0.000
; plunge
G1 Z-0.200 F4000
; cut
G1 X201.378 Y-156.713 F4000
G1 X195.744 Y-157.239
G1 X190.111 Y-157.766
G1 X184.477 Y-158.292
G1 X178.844 Y-158.819
G1 X173.488 Y-159.319
G1 X167.792 Y-159.096
G1 X162.097 Y-158.873
G1 X156.400 Y-158.650
G1 X150.704 Y-158.427
G1 X145.008 Y-158.204
G1 X139.313 Y-157.981
G1 X133.617 Y-157.758
G1 X132.394 Y-157.710
G1 X131.895 Y-157.690
G1 X131.895 Y-157.685
; Retract
G0 Z3.000

; Path 124
; Rapid to initial position
G0 X132.571 Y-152.261
G0 Z0.000
; plunge
G1 Z-0.200 F4000
; cut
G1 X133.009 Y-152.273 F4000
G1 X133.444 Y-152.285
; Retract
G0 Z3.000

; Path 125
; Rapid to initial position
G0 X140.531 Y-145.294
G0 Z0.000
; plunge
G1 Z-0.200 F4000
; cut
G1 X140.531 Y-145.040 F4000
; Retract
G0 Z3.000

; Path 126
; Rapid to initial position
G0 X139.092 Y-134.786
G0 Z0.000
; plunge
G1 Z-0.200 F4000
; cut
G1 X143.844 Y-134.891 F4000
G1 X149.549 Y-135.017
G1 X149.710 Y-135.021
G1 X153.265 Y-135.099
G1 X158.970 Y-135.225
G1 X159.139 Y-135.229
G1 X162.715 Y-135.308
G1 X168.420 Y-135.434
G1 X168.606 Y-135.438
G1 X169.263 Y-135.452
G1 X174.968 Y-135.578
G1 X180.673 Y-135.704
G1 X180.711 Y-136.997
G1 X180.715 Y-140.232
G1 X180.719 Y-143.467
G1 X180.723 Y-146.703
G1 X180.726 Y-149.938
G1 X180.730 Y-153.173
G1 X180.730 Y-153.636
G1 X180.732 Y-154.760
G1 X180.736 Y-157.995
G1 X180.740 Y-161.231
G1 X180.740 Y-161.770
G1 X180.743 Y-165.005
G1 X180.743 Y-165.016
; Retract
G0 Z3.000

; Path 127
; Rapid to initial position
G0 X181.553 Y-166.285
G0 Z0.000
; plunge
G1 Z-0.200 F4000
; cut
G1 X180.185 Y-165.696 F4000
G1 X179.329 Y-165.323
G1 X177.054 Y-164.330
G1 X174.779 Y-163.338
G1 X172.504 Y-162.345
G1 X170.229 Y-161.352
G1 X170.183 Y-161.331
; Retract
G0 Z3.000

; Path 128
; Rapid to initial position
G0 X167.577 Y-166.560
G0 Z0.000
; plunge
G1 Z-0.200 F4000
; cut
G1 X167.513 Y-166.532 F4000
; Retract
G0 Z3.000

; Path 129
; Rapid to initial position
G0 X166.849 Y-167.218
G0 Z0.000
; plunge
G1 Z-0.200 F4000
; cut
G1 X169.170 Y-168.232 F4000
G1 X171.445 Y-169.225
G1 X173.720 Y-170.218
G1 X175.995 Y-171.211
G1 X176.839 Y-171.579
G1 X178.205 Y-172.176
G1 X178.219 Y-172.172
; Retract
G0 Z3.000

; Path 130
; Rapid to initial position
G0 X178.268 Y-174.525
G0 Z0.000
; plunge
G1 Z-0.200 F4000
; cut
G1 X183.020 Y-174.629 F4000
G1 X188.725 Y-174.756
G1 X188.886 Y-174.759
G1 X192.440 Y-174.838
G1 X198.145 Y-174.964
G1 X198.315 Y-174.967
G1 X201.890 Y-175.046
G1 X207.595 Y-175.172
G1 X207.782 Y-175.177
G1 X208.438 Y-175.191
G1 X214.143 Y-175.317
G1 X219.848 Y-175.443
G1 X219.887 Y-176.735
G1 X219.890 Y-179.971
G1 X219.894 Y-183.206
G1 X219.898 Y-186.441
G1 X219.902 Y-189.676
G1 X219.906 Y-192.912
G1 X219.906 Y-193.374
G1 X219.908 Y-194.498
G1 X219.912 Y-197.734
G1 X219.915 Y-200.969
G1 X219.915 Y-201.508
G1 X219.919 Y-204.743
G1 X219.919 Y-204.754
; Retract
G0 Z3.000

; Path 131
; Rapid to initial position
G0 X220.777 Y-205.923
G0 Z0.000
; plunge
G1 Z-0.200 F4000
; cut
G1 X225.529 Y-206.028 F4000
G1 X231.234 Y-206.154
G1 X231.395 Y-206.158
G1 X234.950 Y-206.236
G1 X240.655 Y-206.362
G1 X240.825 Y-206.366
G1 X244.400 Y-206.444
G1 X250.105 Y-206.571
G1 X250.291 Y-206.575
G1 X250.948 Y-206.589
G1 X256.653 Y-206.715
G1 X262.358 Y-206.841
G1 X262.396 Y-208.134
G1 X262.400 Y-211.369
G1 X262.404 Y-214.604
G1 X262.408 Y-217.839
G1 X262.411 Y-221.075
G1 X262.415 Y-224.310
G1 X262.415 Y-224.773
G1 X262.418 Y-225.897
G1 X262.422 Y-229.132
G1 X262.425 Y-232.367
G1 X262.425 Y-232.907
G1 X262.429 Y-236.142
G1 X262.429 Y-236.152
; Retract
G0 Z3.000

; Path 132
; Rapid to initial position
G0 X265.676 Y-232.747
G0 Z0.000
; plunge
G1 Z-0.200 F4000
; cut
G1 X266.174 Y-232.771 F4000
G1 X267.397 Y-232.819
G1 X273.093 Y-233.042
G1 X278.789 Y-233.265
G1 X284.485 Y-233.488
G1 X290.181 Y-233.712
G1 X295.877 Y-233.934
G1 X301.573 Y-234.158
G1 X307.269 Y-234.381
G1 X312.624 Y-233.880
G1 X318.258 Y-233.354
G1 X323.891 Y-232.827
G1 X329.525 Y-232.301
G1 X335.158 Y-231.775
G1 X335.630 Y-231.730
G1 X335.630 Y-231.730
; Retract
G0 Z3.000

; Path 133
; Rapid to initial position
G0 X336.650 Y-230.303
G0 Z0.000
; plunge
G1 Z-0.200 F4000
; cut
G1 X342.335 Y-230.005 F4000
G1 X348.020 Y-229.706
G1 X353.705 Y-229.407
G1 X358.907 Y-229.133
G1 X359.043 Y-229.126
G1 X359.832 Y-229.085
; Retract
G0 Z3.000

; Path 134
; Rapid to initial position
G0 X359.791 Y-228.740
G0 Z0.000
; plunge
G1 Z-0.200 F4000
; cut
G1 X359.872 Y-228.736 F4000
; Retract
G0 Z3.000

; Path 135
; Rapid to initial position
G0 X364.876 Y-227.113
G0 Z0.000
; plunge
G1 Z-0.200 F4000
; cut
G1 X359.111 Y-226.926 F4000
G1 X353.411 Y-226.732
G1 X347.712 Y-226.539
G1 X342.013 Y-226.346
G1 X336.313 Y-226.152
G1 X330.614 Y-225.959
G1 X326.242 Y-225.811
G1 X325.771 Y-225.795
G1 X325.653 Y-225.791
G1 X325.651 Y-222.543
G1 X325.649 Y-219.308
G1 X325.647 Y-216.073
G1 X325.645 Y-212.837
G1 X325.642 Y-209.602
G1 X325.641 Y-206.367
G1 X325.638 Y-203.132
G1 X325.636 Y-199.926
G1 X325.704 Y-199.923
; Retract
G0 Z3.000

; Path 136
; Rapid to initial position
G0 X325.737 Y-199.950
G0 Z0.000
; plunge
G1 Z-0.200 F4000
; cut
G1 X325.737 Y-199.878 F4000
; Retract
G0 Z3.000

; Path 137
; Rapid to initial position
G0 X321.278 Y-202.703
G0 Z0.000
; plunge
G1 Z-0.200 F4000
; cut
G1 X321.388 Y-202.706 F4000
G1 X327.102 Y-202.173
G1 X332.735 Y-201.646
G1 X338.369 Y-201.119
G1 X344.003 Y-200.593
G1 X344.446 Y-200.552
G1 X344.556 Y-200.541
G1 X344.559 Y-197.689
G1 X344.561 Y-194.454
G1 X344.561 Y-191.219
G1 X344.563 Y-187.984
G1 X344.566 Y-184.748
G1 X344.568 Y-181.513
G1 X344.571 Y-178.278
G1 X344.573 Y-175.043
G1 X344.466 Y-175.040
G1 X344.466 Y-175.040
; Retract
G0 Z3.000

; Path 138
; Rapid to initial position
G0 X344.410 Y-174.997
G0 Z0.000
; plunge
G1 Z-0.200 F4000
; cut
G1 X344.410 Y-174.939 F4000
; Retract
G0 Z3.000

; Path 139
; Rapid to initial position
G0 X340.247 Y-172.189
G0 Z0.000
; plunge
G1 Z-0.200 F4000
; cut
G1 X341.084 Y-172.205 F4000
G1 X341.188 Y-172.206
G1 X346.894 Y-172.315
G1 X352.600 Y-172.425
G1 X358.307 Y-172.533
G1 X364.013 Y-172.642
G1 X364.245 Y-172.647
G1 X364.411 Y-172.650
G1 X370.117 Y-172.759
G1 X375.823 Y-172.868
G1 X379.420 Y-172.936
G1 X379.420 Y-173.004
; Retract
G0 Z3.000

; Path 140
; Rapid to initial position
G0 X374.087 Y-176.979
G0 Z0.000
; plunge
G1 Z-0.200 F4000
; cut
G1 X374.087 Y-174.073 F4000
G1 X374.087 Y-173.248
G1 X374.087 Y-170.012
G1 X374.087 Y-166.777
G1 X374.087 Y-163.542
G1 X374.087 Y-160.307
G1 X374.087 Y-157.071
G1 X374.087 Y-153.836
G1 X374.087 Y-150.601
G1 X374.087 Y-150.537
; Retract
G0 Z3.000

; Path 141
; Rapid to initial position
G0 X379.418 Y-146.542
G0 Z0.000
; plunge
G1 Z-0.200 F4000
; cut
G1 X379.418 Y-146.485 F4000
; Retract
G0 Z3.000

; Path 142
; Rapid to initial position
G0 X379.474 Y-146.586
G0 Z0.000
; plunge
G1 Z-0.200 F4000
; cut
G1 X379.581 Y-146.588 F4000
G1 X379.578 Y-149.823
G1 X379.576 Y-153.058
G1 X379.573 Y-156.294
G1 X379.570 Y-159.529
G1 X379.568 Y-162.764
G1 X379.568 Y-165.999
G1 X379.565 Y-169.235
G1 X379.562 Y-172.087
G1 X379.456 Y-172.097
G1 X379.009 Y-172.138
G1 X373.375 Y-172.665
G1 X367.741 Y-173.191
G1 X362.108 Y-173.718
G1 X356.394 Y-174.252
G1 X356.285 Y-174.248
; Retract
G0 Z3.000

; Path 143
; Rapid to initial position
G0 X350.452 Y-172.592
G0 Z0.000
; plunge
G1 Z-0.200 F4000
; cut
G1 X350.452 Y-172.591 F4000
; Retract
G0 Z3.000

; Path 144
; Rapid to initial position
G0 X346.614 Y-164.525
G0 Z0.000
; plunge
G1 Z-0.200 F4000
; cut
G1 X346.611 Y-161.279 F4000
G1 X346.611 Y-160.825
G1 X346.608 Y-157.505
G1 X346.604 Y-154.269
G1 X346.601 Y-153.202
G1 X346.601 Y-152.756
G1 X346.597 Y-149.447
G1 X346.594 Y-146.212
G1 X346.590 Y-142.977
G1 X346.586 Y-139.742
G1 X346.582 Y-136.506
G1 X346.580 Y-135.289
G1 X340.839 Y-135.088
G1 X335.134 Y-134.962
G1 X334.477 Y-134.948
G1 X334.291 Y-134.943
G1 X328.586 Y-134.817
G1 X325.011 Y-134.738
G1 X324.841 Y-134.735
G1 X319.136 Y-134.608
G1 X315.581 Y-134.530
G1 X315.420 Y-134.527
G1 X309.715 Y-134.400
G1 X305.047 Y-134.298
G1 X304.963 Y-134.296
; Retract
G0 Z3.000

; Path 145
; Rapid to initial position
G0 X307.022 Y-131.164
G0 Z0.000
; plunge
G1 Z-0.200 F4000
; cut
G1 X307.019 Y-127.919 F4000
G1 X307.019 Y-127.464
G1 X307.015 Y-124.144
G1 X307.011 Y-120.909
G1 X307.009 Y-119.841
G1 X307.009 Y-119.395
G1 X307.005 Y-116.087
G1 X307.001 Y-112.851
G1 X306.998 Y-109.616
G1 X306.994 Y-106.381
G1 X306.990 Y-103.146
G1 X306.987 Y-101.928
G1 X301.246 Y-101.727
G1 X295.541 Y-101.601
G1 X294.885 Y-101.587
G1 X294.699 Y-101.583
G1 X288.994 Y-101.456
G1 X285.418 Y-101.378
G1 X285.249 Y-101.374
G1 X279.544 Y-101.248
G1 X275.989 Y-101.169
G1 X275.828 Y-101.166
G1 X270.123 Y-101.040
G1 X265.454 Y-100.937
G1 X265.371 Y-100.935
; Retract
G0 Z3.000

; Path 146
; Rapid to initial position
G0 X269.061 Y-100.075
G0 Z0.000
; plunge
G1 Z-0.200 F4000
; cut
G1 X269.305 Y-100.079 F4000
G1 X269.549 Y-100.084
; Retract
G0 Z3.000

; Path 147
; Rapid to initial position
G0 X272.808 Y-96.716
G0 Z0.000
; plunge
G1 Z-0.200 F4000
; cut
G1 X272.703 Y-96.722 F4000
G1 X272.705 Y-99.935
G1 X272.707 Y-103.171
G1 X272.709 Y-106.406
G1 X272.711 Y-109.641
G1 X272.714 Y-112.876
G1 X272.715 Y-116.112
G1 X272.718 Y-119.347
G1 X272.720 Y-122.582
G1 X272.757 Y-122.583
; Retract
G0 Z3.000

; Path 148
; Rapid to initial position
G0 X273.181 Y-123.569
G0 Z0.000
; plunge
G1 Z-0.200 F4000
; cut
G1 X273.347 Y-123.573 F4000
G1 X276.943 Y-123.642
G1 X282.650 Y-123.751
G1 X288.356 Y-123.860
G1 X288.662 Y-123.844
G1 X294.347 Y-123.544
G1 X300.032 Y-123.245
G1 X305.717 Y-122.945
G1 X311.402 Y-122.646
G1 X311.538 Y-122.639
G1 X311.538 Y-122.653
; Retract
G0 Z3.000

; Path 149
; Rapid to initial position
G0 X310.317 Y-123.344
G0 Z0.000
; plunge
G1 Z-0.200 F4000
; cut
G1 X310.317 Y-123.417 F4000
; Retract
G0 Z3.000

; Path 150
; Rapid to initial position
G0 X310.284 Y-123.390
G0 Z0.000
; plunge
G1 Z-0.200 F4000
; cut
G1 X310.218 Y-126.598 F4000
G1 X310.221 Y-129.834
G1 X310.222 Y-133.069
G1 X310.225 Y-136.304
G1 X310.227 Y-139.539
G1 X310.228 Y-142.774
G1 X310.231 Y-146.010
G1 X310.233 Y-149.245
G1 X310.351 Y-149.261
G1 X310.821 Y-149.277
G1 X315.194 Y-149.426
G1 X320.893 Y-149.619
G1 X326.592 Y-149.812
G1 X332.292 Y-150.006
G1 X337.991 Y-150.199
G1 X343.691 Y-150.393
G1 X349.390 Y-150.586
G1 X349.456 Y-150.580
; Retract
G0 Z3.000

; Path 151
; Rapid to initial position
G0 X349.488 Y-150.553
G0 Z0.000
; plunge
G1 Z-0.200 F4000
; cut
G1 X349.488 Y-150.531 F4000
; Retract
G0 Z3.000

; Path 152
; Rapid to initial position
G0 X346.559 Y-150.255
G0 Z0.000
; plunge
G1 Z-0.200 F4000
; cut
G1 X344.532 Y-150.136 F4000
G1 X338.827 Y-150.017
G1 X333.120 Y-149.898
G1 X327.415 Y-149.780
G1 X321.709 Y-149.660
G1 X321.546 Y-149.657
G1 X317.298 Y-149.569
G1 X311.591 Y-149.450
G1 X305.886 Y-149.331
G1 X302.245 Y-149.508
G1 X296.556 Y-149.784
G1 X296.387 Y-149.792
G1 X292.789 Y-149.967
G1 X287.101 Y-150.242
G1 X286.940 Y-150.250
G1 X282.256 Y-150.478
G1 X276.567 Y-150.753
G1 X276.567 Y-150.832
; Retract
G0 Z3.000

; Path 153
; Rapid to initial position
G0 X275.857 Y-150.456
G0 Z0.000
; plunge
G1 Z-0.200 F4000
; cut
G1 X275.857 Y-149.982 F4000
; Retract
G0 Z3.000

; Path 154
; Rapid to initial position
G0 X274.898 Y-152.499
G0 Z0.000
; plunge
G1 Z-0.200 F4000
; cut
G1 X274.898 Y-155.799 F4000
G1 X274.898 Y-159.034
G1 X274.898 Y-162.269
G1 X274.898 Y-165.504
G1 X274.898 Y-168.740
G1 X274.898 Y-171.975
G1 X274.898 Y-175.210
G1 X274.898 Y-175.959
G1 X274.898 Y-178.941
; Retract
G0 Z3.000

; Path 155
; Rapid to initial position
G0 X274.863 Y-178.969
G0 Z0.000
; plunge
G1 Z-0.200 F4000
; cut
G1 X274.863 Y-178.911 F4000
; Retract
G0 Z3.000

; Path 156
; Rapid to initial position
G0 X273.148 Y-180.038
G0 Z0.000
; plunge
G1 Z-0.200 F4000
; cut
G1 X273.985 Y-180.054 F4000
G1 X274.089 Y-180.056
G1 X279.796 Y-180.165
G1 X285.502 Y-180.274
G1 X291.208 Y-180.383
G1 X296.915 Y-180.492
G1 X297.146 Y-180.496
G1 X297.313 Y-180.500
G1 X303.019 Y-180.608
G1 X308.725 Y-180.717
G1 X312.321 Y-180.786
G1 X312.321 Y-180.854
; Retract
G0 Z3.000

; Path 157
; Rapid to initial position
G0 X311.551 Y-178.710
G0 Z0.000
; plunge
G1 Z-0.200 F4000
; cut
G1 X309.524 Y-178.590 F4000
G1 X303.819 Y-178.472
G1 X298.112 Y-178.353
G1 X292.407 Y-178.234
G1 X286.701 Y-178.115
G1 X286.538 Y-178.112
G1 X282.290 Y-178.024
G1 X276.583 Y-177.905
G1 X270.878 Y-177.786
G1 X267.237 Y-177.963
G1 X261.548 Y-178.239
G1 X261.379 Y-178.247
G1 X257.781 Y-178.421
G1 X252.093 Y-178.697
G1 X251.932 Y-178.705
G1 X247.248 Y-178.932
G1 X241.559 Y-179.208
G1 X241.559 Y-179.286
; Retract
G0 Z3.000

; Path 158
; Rapid to initial position
G0 X242.270 Y-178.717
G0 Z0.000
; plunge
G1 Z-0.200 F4000
; cut
G1 X242.431 Y-178.684 F4000
; Retract
G0 Z3.000

; Path 159
; Rapid to initial position
G0 X243.211 Y-180.052
G0 Z0.000
; plunge
G1 Z-0.200 F4000
; cut
G1 X243.408 Y-180.045 F4000
; Retract
G0 Z3.000

; Path 160
; Rapid to initial position
G0 X245.639 Y-180.854
G0 Z0.000
; plunge
G1 Z-0.200 F4000
; cut
G1 X242.043 Y-180.717 F4000
G1 X236.337 Y-180.608
G1 X230.631 Y-180.500
G1 X230.465 Y-180.496
G1 X230.233 Y-180.492
G1 X224.526 Y-180.383
G1 X218.820 Y-180.274
G1 X213.114 Y-180.165
G1 X207.407 Y-180.056
G1 X207.303 Y-180.054
G1 X206.467 Y-180.038
; Retract
G0 Z3.000

; Path 161
; Rapid to initial position
G0 X205.973 Y-179.104
G0 Z0.000
; plunge
G1 Z-0.200 F4000
; cut
G1 X205.867 Y-179.126 F4000
G1 X200.225 Y-180.311
G1 X194.583 Y-181.496
G1 X188.941 Y-182.682
G1 X183.299 Y-183.867
G1 X182.969 Y-183.937
G1 X182.926 Y-183.933
; Retract
G0 Z3.000

; Path 162
; Rapid to initial position
G0 X182.654 Y-186.136
G0 Z0.000
; plunge
G1 Z-0.200 F4000
; cut
G1 X182.296 Y-186.193 F4000
G1 X179.960 Y-186.562
G1 X177.676 Y-186.923
G1 X176.798 Y-187.062
G1 X174.515 Y-187.423
G1 X172.347 Y-187.766
G1 X169.998 Y-188.137
G1 X168.536 Y-188.368
G1 X168.536 Y-188.575
G1 X168.536 Y-188.581
; Retract
G0 Z3.000

; Path 163
; Rapid to initial position
G0 X168.920 Y-186.566
G0 Z0.000
; plunge
G1 Z-0.200 F4000
; cut
G1 X169.080 Y-186.533 F4000
; Retract
G0 Z3.000

; Path 164
; Rapid to initial position
G0 X171.870 Y-182.693
G0 Z0.000
; plunge
G1 Z-0.200 F4000
; cut
G1 X171.870 Y-182.481 F4000
G1 X173.332 Y-182.250
G1 X175.616 Y-181.889
G1 X177.849 Y-181.535
G1 X180.132 Y-181.175
G1 X181.011 Y-181.036
G1 X183.294 Y-180.674
G1 X185.578 Y-180.314
G1 X185.988 Y-180.249
; Retract
G0 Z3.000

; Path 165
; Rapid to initial position
G0 X186.074 Y-180.253
G0 Z0.000
; plunge
G1 Z-0.200 F4000
; cut
G1 X186.573 Y-180.277 F4000
G1 X187.796 Y-180.325
G1 X193.492 Y-180.548
G1 X199.187 Y-180.771
G1 X204.883 Y-180.994
G1 X210.579 Y-181.218
G1 X216.276 Y-181.440
G1 X221.972 Y-181.664
G1 X227.667 Y-181.887
G1 X233.023 Y-181.386
G1 X238.656 Y-180.860
G1 X244.290 Y-180.333
G1 X249.923 Y-179.807
G1 X255.557 Y-179.281
G1 X256.029 Y-179.236
G1 X256.029 Y-179.236
; Retract
G0 Z3.000

; Path 166
; Rapid to initial position
G0 X257.048 Y-177.809
G0 Z0.000
; plunge
G1 Z-0.200 F4000
; cut
G1 X262.733 Y-177.511 F4000
G1 X268.418 Y-177.212
G1 X274.104 Y-176.913
G1 X279.306 Y-176.639
G1 X279.442 Y-176.632
G1 X280.230 Y-176.591
; Retract
G0 Z3.000

; Path 167
; Rapid to initial position
G0 X280.190 Y-176.246
G0 Z0.000
; plunge
G1 Z-0.200 F4000
; cut
G1 X280.270 Y-176.242 F4000
; Retract
G0 Z3.000

; Path 168
; Rapid to initial position
G0 X277.229 Y-177.420
G0 Z0.000
; plunge
G1 Z-0.200 F4000
; cut
G1 X277.229 Y-177.673 F4000
; Retract
G0 Z3.000

; Path 169
; Rapid to initial position
G0 X275.102 Y-176.372
G0 Z0.000
; plunge
G1 Z-0.200 F4000
; cut
G1 X275.037 Y-176.344 F4000
; Retract
G0 Z3.000

; Path 170
; Rapid to initial position
G0 X272.655 Y-179.104
G0 Z0.000
; plunge
G1 Z-0.200 F4000
; cut
G1 X272.549 Y-179.126 F4000
G1 X266.907 Y-180.311
G1 X261.265 Y-181.496
G1 X255.623 Y-182.682
G1 X249.981 Y-183.867
G1 X249.651 Y-183.937
G1 X249.607 Y-183.933
; Retract
G0 Z3.000

; Path 171
; Rapid to initial position
G0 X252.722 Y-186.714
G0 Z0.000
; plunge
G1 Z-0.200 F4000
; cut
G1 X252.722 Y-186.771 F4000
; Retract
G0 Z3.000

; Path 172
; Rapid to initial position
G0 X252.779 Y-186.815
G0 Z0.000
; plunge
G1 Z-0.200 F4000
; cut
G1 X252.885 Y-186.817 F4000
G1 X252.883 Y-190.052
G1 X252.881 Y-193.287
G1 X252.878 Y-196.523
G1 X252.876 Y-199.758
G1 X252.873 Y-202.993
G1 X252.873 Y-206.228
G1 X252.871 Y-209.464
G1 X252.869 Y-212.316
G1 X252.762 Y-212.326
G1 X252.315 Y-212.367
G1 X246.681 Y-212.894
G1 X241.048 Y-213.421
G1 X235.415 Y-213.947
G1 X229.700 Y-214.481
G1 X229.591 Y-214.477
; Retract
G0 Z3.000

; Path 173
; Rapid to initial position
G0 X226.126 Y-214.621
G0 Z0.000
; plunge
G1 Z-0.200 F4000
; cut
G1 X226.126 Y-214.644 F4000
; Retract
G0 Z3.000

; Path 174
; Rapid to initial position
G0 X226.094 Y-214.594
G0 Z0.000
; plunge
G1 Z-0.200 F4000
; cut
G1 X220.329 Y-214.782 F4000
G1 X214.629 Y-214.975
G1 X208.930 Y-215.169
G1 X203.231 Y-215.362
G1 X197.532 Y-215.555
G1 X191.832 Y-215.749
G1 X187.460 Y-215.897
G1 X186.989 Y-215.913
G1 X186.872 Y-215.917
G1 X186.869 Y-219.165
G1 X186.867 Y-222.400
G1 X186.865 Y-225.635
G1 X186.863 Y-228.870
G1 X186.861 Y-232.106
G1 X186.859 Y-235.341
G1 X186.857 Y-238.576
G1 X186.854 Y-241.781
G1 X186.923 Y-241.785
; Retract
G0 Z3.000

; Path 175
; Rapid to initial position
G0 X186.955 Y-241.757
G0 Z0.000
; plunge
G1 Z-0.200 F4000
; cut
G1 X186.955 Y-241.830 F4000
; Retract
G0 Z3.000

; Path 176
; Rapid to initial position
G0 X189.292 Y-239.979
G0 Z0.000
; plunge
G1 Z-0.200 F4000
; cut
G1 X189.292 Y-239.726 F4000
; Retract
G0 Z3.000

; Path 177
; Rapid to initial position
G0 X193.931 Y-239.414
G0 Z0.000
; plunge
G1 Z-0.200 F4000
; cut
G1 X193.459 Y-239.369 F4000
G1 X187.826 Y-238.843
G1 X182.192 Y-238.316
G1 X176.559 Y-237.790
G1 X170.925 Y-237.263
G1 X165.570 Y-236.763
G1 X159.874 Y-236.986
G1 X154.178 Y-237.209
G1 X148.482 Y-237.432
G1 X142.786 Y-237.655
G1 X137.090 Y-237.878
G1 X131.394 Y-238.101
G1 X125.698 Y-238.324
G1 X124.475 Y-238.372
G1 X123.977 Y-238.392
G1 X123.977 Y-238.397
; Retract
G0 Z3.000

; Path 178
; Rapid to initial position
G0 X134.868 Y-237.401
G0 Z0.000
; plunge
G1 Z-0.200 F4000
; cut
G1 X140.557 Y-237.755 F4000
G1 X145.216 Y-237.981
G1 X145.377 Y-237.989
G1 X151.090 Y-238.266
G1 X154.660 Y-238.439
G1 X154.830 Y-238.447
G1 X160.546 Y-238.725
G1 X164.187 Y-238.901
G1 X169.892 Y-238.782
G1 X175.598 Y-238.663
G1 X179.817 Y-238.576
G1 X179.980 Y-238.572
G1 X185.716 Y-238.453
G1 X191.421 Y-238.334
G1 X197.128 Y-238.215
G1 X202.833 Y-238.097
G1 X204.859 Y-238.054
G1 X204.859 Y-237.977
; Retract
G0 Z3.000

; Path 179
; Rapid to initial position
G0 X201.674 Y-230.914
G0 Z0.000
; plunge
G1 Z-0.200 F4000
; cut
G1 X201.674 Y-230.441 F4000
; Retract
G0 Z3.000

; Path 180
; Rapid to initial position
G0 X197.004 Y-226.762
G0 Z0.000
; plunge
G1 Z-0.200 F4000
; cut
G1 X196.843 Y-226.795 F4000
; Retract
G0 Z3.000

; Path 181
; Rapid to initial position
G0 X193.338 Y-227.988
G0 Z0.000
; plunge
G1 Z-0.200 F4000
; cut
G1 X193.338 Y-228.461 F4000
; Retract
G0 Z3.000

; Path 182
; Rapid to initial position
G0 X194.033 Y-223.225
G0 Z0.000
; plunge
G1 Z-0.200 F4000
; cut
G1 X194.230 Y-223.217 F4000
; Retract
G0 Z3.000

; Path 183
; Rapid to initial position
G0 X192.381 Y-222.459
G0 Z0.000
; plunge
G1 Z-0.200 F4000
; cut
G1 X198.070 Y-222.105 F4000
G1 X202.729 Y-221.879
G1 X202.890 Y-221.871
G1 X208.603 Y-221.594
G1 X212.173 Y-221.421
G1 X212.343 Y-221.413
G1 X218.059 Y-221.135
G1 X221.700 Y-220.959
G1 X227.405 Y-221.077
G1 X233.112 Y-221.196
G1 X237.330 Y-221.284
G1 X237.493 Y-221.288
G1 X243.229 Y-221.407
G1 X248.935 Y-221.526
G1 X254.641 Y-221.644
G1 X260.346 Y-221.763
G1 X262.373 Y-221.805
G1 X262.373 Y-221.882
; Retract
G0 Z3.000

; Path 184
; Rapid to initial position
G0 X260.425 Y-220.042
G0 Z0.000
; plunge
G1 Z-0.200 F4000
; cut
G1 X262.754 Y-221.007 F4000
G1 X265.029 Y-221.999
G1 X267.304 Y-222.992
G1 X269.579 Y-223.984
G1 X270.368 Y-224.328
G1 X271.781 Y-224.944
G1 X274.064 Y-224.527
G1 X276.348 Y-224.110
G1 X276.657 Y-224.053
G1 X279.015 Y-223.622
G1 X280.445 Y-223.361
G1 X280.513 Y-223.348
; Retract
G0 Z3.000

; Path 185
; Rapid to initial position
G0 X276.395 Y-223.536
G0 Z0.000
; plunge
G1 Z-0.200 F4000
; cut
G1 X276.395 Y-223.789 F4000
; Retract
G0 Z3.000

; Path 186
; Rapid to initial position
G0 X274.791 Y-224.618
G0 Z0.000
; plunge
G1 Z-0.200 F4000
; cut
G1 X277.111 Y-225.632 F4000
G1 X279.386 Y-226.625
G1 X281.662 Y-227.618
G1 X283.937 Y-228.610
G1 X284.780 Y-228.979
G1 X286.146 Y-229.576
G1 X286.160 Y-229.572
; Retract
G0 Z3.000

; Path 187
; Rapid to initial position
G0 X283.198 Y-231.075
G0 Z0.000
; plunge
G1 Z-0.200 F4000
; cut
G1 X283.062 Y-231.068 F4000
G1 X277.377 Y-231.368
G1 X271.692 Y-231.667
G1 X266.007 Y-231.966
G1 X260.322 Y-232.266
G1 X260.016 Y-232.282
G1 X254.310 Y-232.173
G1 X248.603 Y-232.064
G1 X245.007 Y-231.995
G1 X244.841 Y-231.992
; Retract
G0 Z3.000

; Path 188
; Rapid to initial position
G0 X244.417 Y-231.006
G0 Z0.000
; plunge
G1 Z-0.200 F4000
; cut
G1 X244.378 Y-227.769 F4000
G1 X244.376 Y-224.534
G1 X244.374 Y-221.299
G1 X244.372 Y-218.063
G1 X244.369 Y-214.828
G1 X244.368 Y-211.593
G1 X244.365 Y-208.358
G1 X244.363 Y-205.144
G1 X244.468 Y-205.139
; Retract
G0 Z3.000

; Path 189
; Rapid to initial position
G0 X245.273 Y-204.092
G0 Z0.000
; plunge
G1 Z-0.200 F4000
; cut
G1 X245.137 Y-204.085 F4000
G1 X239.452 Y-204.385
G1 X233.767 Y-204.684
G1 X228.082 Y-204.984
G1 X222.397 Y-205.283
G1 X222.091 Y-205.299
G1 X216.385 Y-205.190
G1 X210.678 Y-205.081
G1 X207.082 Y-205.012
G1 X206.916 Y-205.009
; Retract
G0 Z3.000

; Path 190
; Rapid to initial position
G0 X206.492 Y-204.023
G0 Z0.000
; plunge
G1 Z-0.200 F4000
; cut
G1 X206.453 Y-200.786 F4000
G1 X206.450 Y-197.551
G1 X206.449 Y-194.316
G1 X206.446 Y-191.080
G1 X206.444 Y-187.845
G1 X206.442 Y-184.610
G1 X206.440 Y-181.375
G1 X206.438 Y-178.161
G1 X206.543 Y-178.156
; Retract
G0 Z3.000

; Path 191
; Rapid to initial position
G0 X204.591 Y-179.418
G0 Z0.000
; plunge
G1 Z-0.200 F4000
; cut
G1 X204.591 Y-179.892 F4000
; Retract
G0 Z3.000

; Path 192
; Rapid to initial position
G0 X203.412 Y-175.269
G0 Z0.000
; plunge
G1 Z-0.200 F4000
; cut
G1 X201.914 Y-175.544 F4000
G1 X199.631 Y-175.961
G1 X199.247 Y-176.032
G1 X196.964 Y-176.449
G1 X194.680 Y-176.866
G1 X193.279 Y-176.255
G1 X192.478 Y-175.905
G1 X190.203 Y-174.913
G1 X187.928 Y-173.920
G1 X185.653 Y-172.928
G1 X183.378 Y-171.936
G1 X183.324 Y-171.963
; Retract
G0 Z3.000

; Path 193
; Rapid to initial position
G0 X179.891 Y-177.055
G0 Z0.000
; plunge
G1 Z-0.200 F4000
; cut
G1 X179.719 Y-177.042 F4000
; Retract
G0 Z3.000

; Path 194
; Rapid to initial position
G0 X182.852 Y-178.940
G0 Z0.000
; plunge
G1 Z-0.200 F4000
; cut
G1 X187.604 Y-179.045 F4000
G1 X193.309 Y-179.171
G1 X193.470 Y-179.175
G1 X197.025 Y-179.253
G1 X202.730 Y-179.379
G1 X202.899 Y-179.383
G1 X206.475 Y-179.462
G1 X212.180 Y-179.588
G1 X212.366 Y-179.592
G1 X213.023 Y-179.606
G1 X218.728 Y-179.732
G1 X224.433 Y-179.858
G1 X224.471 Y-181.151
G1 X224.475 Y-184.386
G1 X224.479 Y-187.621
G1 X224.483 Y-190.856
G1 X224.486 Y-194.092
G1 X224.490 Y-197.327
G1 X224.490 Y-197.790
G1 X224.492 Y-198.914
G1 X224.496 Y-202.149
G1 X224.500 Y-205.384
G1 X224.500 Y-205.924
G1 X224.503 Y-209.159
G1 X224.503 Y-209.170
; Retract
G0 Z3.000

; Path 195
; Rapid to initial position
G0 X228.100 Y-204.719
G0 Z0.000
; plunge
G1 Z-0.200 F4000
; cut
G1 X228.261 Y-204.685 F4000
; Retract
G0 Z3.000

; Path 196
; Rapid to initial position
G0 X230.001 Y-202.380
G0 Z0.000
; plunge
G1 Z-0.200 F4000
; cut
G1 X232.330 Y-203.345 F4000
G1 X234.605 Y-204.337
G1 X236.881 Y-205.330
G1 X239.156 Y-206.322
G1 X239.945 Y-206.666
G1 X241.357 Y-207.283
G1 X243.641 Y-206.866
G1 X245.924 Y-206.449
G1 X246.233 Y-206.392
G1 X248.591 Y-205.961
G1 X250.022 Y-205.699
G1 X250.090 Y-205.686
; Retract
G0 Z3.000

; Path 197
; Rapid to initial position
G0 X253.608 Y-206.545
G0 Z0.000
; plunge
G1 Z-0.200 F4000
; cut
G1 X253.472 Y-206.538 F4000
G1 X247.787 Y-206.838
G1 X242.102 Y-207.137
G1 X236.417 Y-207.436
G1 X230.732 Y-207.736
G1 X230.426 Y-207.752
G1 X224.720 Y-207.643
G1 X219.013 Y-207.534
G1 X215.417 Y-207.465
G1 X215.251 Y-207.462
; Retract
G0 Z3.000

; Path 198
; Rapid to initial position
G0 X214.827 Y-206.476
G0 Z0.000
; plunge
G1 Z-0.200 F4000
; cut
G1 X214.788 Y-203.239 F4000
G1 X214.785 Y-200.004
G1 X214.784 Y-196.769
G1 X214.781 Y-193.533
G1 X214.779 Y-190.298
G1 X214.778 Y-187.063
G1 X214.775 Y-183.828
G1 X214.773 Y-180.614
G1 X214.878 Y-180.609
; Retract
G0 Z3.000

; Path 199
; Rapid to initial position
G0 X216.665 Y-182.266
G0 Z0.000
; plunge
G1 Z-0.200 F4000
; cut
G1 X218.994 Y-183.231 F4000
G1 X221.269 Y-184.223
G1 X223.544 Y-185.216
G1 X225.819 Y-186.208
G1 X226.608 Y-186.552
G1 X228.021 Y-187.168
G1 X230.304 Y-186.751
G1 X232.588 Y-186.334
G1 X232.897 Y-186.277
G1 X235.255 Y-185.846
G1 X236.685 Y-185.585
G1 X236.753 Y-185.572
; Retract
G0 Z3.000

; Path 200
; Rapid to initial position
G0 X233.176 Y-186.054
G0 Z0.000
; plunge
G1 Z-0.200 F4000
; cut
G1 X233.096 Y-186.058 F4000
; Retract
G0 Z3.000

; Path 201
; Rapid to initial position
G0 X233.136 Y-186.403
G0 Z0.000
; plunge
G1 Z-0.200 F4000
; cut
G1 X232.347 Y-186.444 F4000
G1 X232.212 Y-186.451
G1 X227.010 Y-186.725
G1 X221.324 Y-187.024
G1 X215.639 Y-187.323
G1 X209.954 Y-187.621
; Retract
G0 Z3.000

; Path 202
; Rapid to initial position
G0 X208.934 Y-189.048
G0 Z0.000
; plunge
G1 Z-0.200 F4000
; cut
G1 X208.463 Y-189.093 F4000
G1 X202.829 Y-189.619
G1 X197.196 Y-190.145
G1 X191.562 Y-190.672
G1 X185.929 Y-191.198
G1 X180.573 Y-191.699
G1 X174.877 Y-191.476
G1 X169.182 Y-191.252
G1 X163.485 Y-191.029
G1 X157.789 Y-190.806
G1 X152.093 Y-190.583
G1 X146.398 Y-190.360
G1 X140.702 Y-190.137
G1 X139.479 Y-190.089
G1 X138.980 Y-190.070
G1 X138.980 Y-190.065
; Retract
G0 Z3.000

; Path 203
; Rapid to initial position
G0 X134.906 Y-191.887
G0 Z0.000
; plunge
G1 Z-0.200 F4000
; cut
G1 X134.746 Y-191.854 F4000
; Retract
G0 Z3.000

; Path 204
; Rapid to initial position
G0 X137.696 Y-195.727
G0 Z0.000
; plunge
G1 Z-0.200 F4000
; cut
G1 X137.696 Y-195.939 F4000
G1 X139.158 Y-196.171
G1 X141.442 Y-196.531
G1 X143.674 Y-196.885
G1 X145.958 Y-197.245
G1 X146.836 Y-197.385
G1 X149.120 Y-197.746
G1 X151.403 Y-198.106
G1 X151.814 Y-198.172
; Retract
G0 Z3.000

; Path 205
; Rapid to initial position
G0 X152.673 Y-199.011
G0 Z0.000
; plunge
G1 Z-0.200 F4000
; cut
G1 X152.673 Y-199.056 F4000
; Retract
G0 Z3.000

; Path 206
; Rapid to initial position
G0 X152.655 Y-199.046
G0 Z0.000
; plunge
G1 Z-0.200 F4000
; cut
G1 X152.692 Y-199.039 F4000
; Retract
G0 Z3.000

; Path 207
; Rapid to initial position
G0 X151.900 Y-196.933
G0 Z0.000
; plunge
G1 Z-0.200 F4000
; cut
G1 X152.398 Y-196.958 F4000
G1 X153.621 Y-197.006
G1 X159.317 Y-197.229
G1 X165.013 Y-197.452
G1 X170.709 Y-197.675
G1 X176.405 Y-197.898
G1 X182.101 Y-198.121
G1 X187.797 Y-198.344
G1 X193.493 Y-198.567
G1 X198.849 Y-198.066
G1 X204.482 Y-197.540
G1 X210.115 Y-197.014
G1 X215.749 Y-196.487
G1 X221.382 Y-195.961
G1 X221.854 Y-195.917
G1 X221.854 Y-195.916
; Retract
G0 Z3.000

; Path 208
; Rapid to initial position
G0 X222.874 Y-194.490
G0 Z0.000
; plunge
G1 Z-0.200 F4000
; cut
G1 X228.559 Y-194.191 F4000
G1 X234.244 Y-193.892
G1 X239.929 Y-193.593
G1 X245.131 Y-193.320
G1 X245.267 Y-193.312
G1 X246.056 Y-193.271
; Retract
G0 Z3.000

; Path 209
; Rapid to initial position
G0 X246.015 Y-192.926
G0 Z0.000
; plunge
G1 Z-0.200 F4000
; cut
G1 X246.096 Y-192.922 F4000
; Retract
G0 Z3.000

; Path 210
; Rapid to initial position
G0 X245.788 Y-191.937
G0 Z0.000
; plunge
G1 Z-0.200 F4000
; cut
G1 X245.644 Y-191.749 F4000
; Retract
G0 Z3.000

; Path 211
; Rapid to initial position
G0 X245.716 Y-191.840
G0 Z0.000
; plunge
G1 Z-0.200 F4000
; cut
G1 X245.716 Y-191.869 F4000
; Retract
G0 Z3.000

; Path 212
; Rapid to initial position
G0 X248.351 Y-191.666
G0 Z0.000
; plunge
G1 Z-0.200 F4000
; cut
G1 X248.351 Y-191.193 F4000
; Retract
G0 Z3.000

; Path 213
; Rapid to initial position
G0 X249.425 Y-190.781
G0 Z0.000
; plunge
G1 Z-0.200 F4000
; cut
G1 X249.592 Y-190.785 F4000
G1 X253.187 Y-190.854
G1 X258.894 Y-190.963
G1 X264.600 Y-191.072
G1 X264.906 Y-191.056
G1 X270.591 Y-190.756
G1 X276.276 Y-190.457
G1 X281.961 Y-190.157
G1 X287.647 Y-189.858
G1 X287.782 Y-189.851
G1 X287.782 Y-189.865
; Retract
G0 Z3.000

; Path 214
; Rapid to initial position
G0 X286.454 Y-191.161
G0 Z0.000
; plunge
G1 Z-0.200 F4000
; cut
G1 X286.454 Y-191.206 F4000
; Retract
G0 Z3.000

; Path 215
; Rapid to initial position
G0 X286.435 Y-191.196
G0 Z0.000
; plunge
G1 Z-0.200 F4000
; cut
G1 X286.473 Y-191.190 F4000
; Retract
G0 Z3.000

; Path 216
; Rapid to initial position
G0 X283.660 Y-193.268
G0 Z0.000
; plunge
G1 Z-0.200 F4000
; cut
G1 X282.291 Y-192.679 F4000
G1 X281.436 Y-192.306
G1 X279.161 Y-191.313
G1 X276.886 Y-190.320
G1 X274.611 Y-189.327
G1 X272.336 Y-188.335
G1 X272.290 Y-188.314
; Retract
G0 Z3.000

; Path 217
; Rapid to initial position
G0 X271.684 Y-191.234
G0 Z0.000
; plunge
G1 Z-0.200 F4000
; cut
G1 X271.684 Y-191.235 F4000
; Retract
G0 Z3.000

; Path 218
; Rapid to initial position
G0 X269.684 Y-193.543
G0 Z0.000
; plunge
G1 Z-0.200 F4000
; cut
G1 X269.619 Y-193.515 F4000
; Retract
G0 Z3.000

; Path 219
; Rapid to initial position
G0 X267.105 Y-192.157
G0 Z0.000
; plunge
G1 Z-0.200 F4000
; cut
G1 X267.105 Y-191.683 F4000
; Retract
G0 Z3.000

; Path 220
; Rapid to initial position
G0 X265.642 Y-193.582
G0 Z0.000
; plunge
G1 Z-0.200 F4000
; cut
G1 X265.642 Y-193.640 F4000
; Retract
G0 Z3.000

; Path 221
; Rapid to initial position
G0 X265.698 Y-193.683
G0 Z0.000
; plunge
G1 Z-0.200 F4000
; cut
G1 X265.805 Y-193.685 F4000
G1 X265.803 Y-196.921
G1 X265.800 Y-200.156
G1 X265.798 Y-203.391
G1 X265.795 Y-206.626
G1 X265.793 Y-209.861
G1 X265.793 Y-213.097
G1 X265.791 Y-216.332
G1 X265.788 Y-219.184
G1 X265.682 Y-219.194
G1 X265.235 Y-219.236
G1 X259.601 Y-219.762
G1 X253.967 Y-220.289
G1 X248.334 Y-220.815
G1 X242.620 Y-221.349
G1 X242.510 Y-221.346
; Retract
G0 Z3.000

; Path 222
; Rapid to initial position
G0 X244.387 Y-220.960
G0 Z0.000
; plunge
G1 Z-0.200 F4000
; cut
G1 X244.387 Y-220.748 F4000
G1 X245.849 Y-220.516
G1 X248.133 Y-220.156
G1 X250.365 Y-219.802
G1 X252.649 Y-219.442
G1 X253.527 Y-219.302
G1 X255.811 Y-218.941
G1 X258.094 Y-218.581
G1 X258.505 Y-218.515
; Retract
G0 Z3.000

; Path 223
; Rapid to initial position
G0 X257.309 Y-217.649
G0 Z0.000
; plunge
G1 Z-0.200 F4000
; cut
G1 X253.712 Y-217.512 F4000
G1 X248.006 Y-217.403
G1 X242.300 Y-217.294
G1 X242.134 Y-217.291
G1 X241.902 Y-217.287
G1 X236.195 Y-217.178
G1 X230.489 Y-217.069
G1 X224.783 Y-216.960
G1 X219.076 Y-216.851
G1 X218.972 Y-216.849
G1 X218.136 Y-216.833
; Retract
G0 Z3.000

; Path 224
; Rapid to initial position
G0 X217.642 Y-215.899
G0 Z0.000
; plunge
G1 Z-0.200 F4000
; cut
G1 X217.536 Y-215.921 F4000
G1 X211.894 Y-217.106
G1 X206.252 Y-218.291
G1 X200.610 Y-219.476
G1 X194.968 Y-220.662
G1 X194.638 Y-220.732
G1 X194.595 Y-220.728
; Retract
G0 Z3.000

; Path 225
; Rapid to initial position
G0 X198.054 Y-216.978
G0 Z0.000
; plunge
G1 Z-0.200 F4000
; cut
G1 X197.949 Y-216.956 F4000
G1 X192.307 Y-215.771
G1 X186.664 Y-214.586
G1 X181.022 Y-213.400
G1 X175.380 Y-212.215
G1 X175.051 Y-212.145
G1 X175.007 Y-212.149
; Retract
G0 Z3.000

; Path 226
; Rapid to initial position
G0 X174.788 Y-211.639
G0 Z0.000
; plunge
G1 Z-0.200 F4000
; cut
G1 X174.788 Y-211.426 F4000
G1 X176.250 Y-211.195
G1 X178.534 Y-210.835
G1 X180.766 Y-210.481
G1 X183.050 Y-210.120
G1 X183.928 Y-209.981
G1 X186.211 Y-209.620
G1 X188.495 Y-209.259
G1 X188.906 Y-209.194
; Retract
G0 Z3.000

; Path 227
; Rapid to initial position
G0 X185.407 Y-204.343
G0 Z0.000
; plunge
G1 Z-0.200 F4000
; cut
G1 X187.737 Y-205.308 F4000
G1 X190.012 Y-206.300
G1 X192.287 Y-207.293
G1 X194.562 Y-208.284
G1 X195.351 Y-208.629
G1 X196.764 Y-209.245
G1 X199.047 Y-208.828
G1 X201.330 Y-208.411
G1 X201.640 Y-208.354
G1 X203.997 Y-207.923
G1 X205.428 Y-207.662
G1 X205.496 Y-207.649
; Retract
G0 Z3.000

; Path 228
; Rapid to initial position
G0 X203.544 Y-206.242
G0 Z0.000
; plunge
G1 Z-0.200 F4000
; cut
G1 X203.544 Y-206.030 F4000
G1 X205.006 Y-205.798
G1 X207.290 Y-205.438
G1 X209.522 Y-205.084
G1 X211.806 Y-204.724
G1 X212.684 Y-204.584
G1 X214.968 Y-204.223
G1 X217.252 Y-203.863
G1 X217.662 Y-203.797
; Retract
G0 Z3.000

; Path 229
; Rapid to initial position
G0 X219.355 Y-199.056
G0 Z0.000
; plunge
G1 Z-0.200 F4000
; cut
G1 X219.355 Y-199.011 F4000
; Retract
G0 Z3.000

; Path 230
; Rapid to initial position
G0 X219.374 Y-199.039
G0 Z0.000
; plunge
G1 Z-0.200 F4000
; cut
G1 X219.336 Y-199.046 F4000
; Retract
G0 Z3.000

; Path 231
; Rapid to initial position
G0 X217.084 Y-196.915
G0 Z0.000
; plunge
G1 Z-0.200 F4000
; cut
G1 X217.084 Y-195.672 F4000
; Retract
G0 Z3.000

; Path 232
; Rapid to initial position
G0 X214.878 Y-193.572
G0 Z0.000
; plunge
G1 Z-0.200 F4000
; cut
G1 X214.878 Y-193.500 F4000
; Retract
G0 Z3.000

; Path 233
; Rapid to initial position
G0 X214.846 Y-193.545
G0 Z0.000
; plunge
G1 Z-0.200 F4000
; cut
G1 X214.780 Y-196.754 F4000
G1 X214.782 Y-199.989
G1 X214.784 Y-203.224
G1 X214.786 Y-206.460
G1 X214.788 Y-209.695
G1 X214.790 Y-212.930
G1 X214.792 Y-216.165
G1 X214.795 Y-219.400
G1 X214.912 Y-219.417
G1 X215.383 Y-219.433
G1 X219.755 Y-219.581
G1 X225.455 Y-219.775
G1 X231.154 Y-219.968
G1 X236.853 Y-220.161
G1 X242.552 Y-220.355
G1 X248.252 Y-220.548
G1 X253.952 Y-220.742
G1 X254.017 Y-220.735
; Retract
G0 Z3.000

; Path 234
; Rapid to initial position
G0 X254.049 Y-220.709
G0 Z0.000
; plunge
G1 Z-0.200 F4000
; cut
G1 X254.049 Y-220.686 F4000
; Retract
G0 Z3.000

; Path 235
; Rapid to initial position
G0 X252.464 Y-219.020
G0 Z0.000
; plunge
G1 Z-0.200 F4000
; cut
G1 X258.149 Y-218.721 F4000
G1 X263.834 Y-218.422
G1 X269.519 Y-218.123
G1 X274.721 Y-217.849
G1 X274.857 Y-217.842
G1 X275.646 Y-217.801
; Retract
G0 Z3.000

; Path 236
; Rapid to initial position
G0 X275.605 Y-217.456
G0 Z0.000
; plunge
G1 Z-0.200 F4000
; cut
G1 X275.686 Y-217.452 F4000
; Retract
G0 Z3.000

; Path 237
; Rapid to initial position
G0 X273.124 Y-217.259
G0 Z0.000
; plunge
G1 Z-0.200 F4000
; cut
G1 X275.444 Y-218.273 F4000
G1 X277.719 Y-219.266
G1 X279.995 Y-220.259
G1 X282.270 Y-221.252
G1 X283.113 Y-221.620
G1 X284.479 Y-222.217
G1 X284.493 Y-222.213
; Retract
G0 Z3.000

; Path 238
; Rapid to initial position
G0 X285.202 Y-220.446
G0 Z0.000
; plunge
G1 Z-0.200 F4000
; cut
G1 X284.730 Y-220.491 F4000
G1 X279.097 Y-221.017
G1 X273.463 Y-221.544
G1 X267.829 Y-222.070
G1 X262.196 Y-222.596
G1 X256.841 Y-223.097
G1 X251.145 Y-222.874
G1 X245.449 Y-222.651
G1 X239.753 Y-222.428
G1 X234.057 Y-222.205
G1 X228.361 Y-221.982
G1 X222.665 Y-221.759
G1 X216.969 Y-221.535
G1 X215.746 Y-221.488
G1 X215.248 Y-221.468
G1 X215.248 Y-221.463
; Retract
G0 Z3.000

; Path 239
; Rapid to initial position
G0 X213.911 Y-220.478
G0 Z0.000
; plunge
G1 Z-0.200 F4000
; cut
G1 X213.553 Y-220.535 F4000
G1 X211.217 Y-220.903
G1 X208.934 Y-221.265
G1 X208.055 Y-221.404
G1 X205.772 Y-221.764
G1 X203.604 Y-222.108
G1 X201.255 Y-222.479
G1 X199.793 Y-222.710
G1 X199.793 Y-222.917
G1 X199.793 Y-222.923
; Retract
G0 Z3.000

; Path 240
; Rapid to initial position
G0 X202.930 Y-223.181
G0 Z0.000
; plunge
G1 Z-0.200 F4000
; cut
G1 X203.303 Y-223.115 F4000
G1 X208.946 Y-221.929
G1 X214.588 Y-220.744
G1 X220.230 Y-219.559
G1 X225.872 Y-218.374
G1 X225.978 Y-218.352
; Retract
G0 Z3.000

; Path 241
; Rapid to initial position
G0 X226.471 Y-219.286
G0 Z0.000
; plunge
G1 Z-0.200 F4000
; cut
G1 X227.308 Y-219.302 F4000
G1 X227.412 Y-219.304
G1 X233.118 Y-219.413
G1 X238.824 Y-219.522
G1 X244.531 Y-219.631
G1 X250.237 Y-219.740
G1 X250.469 Y-219.744
G1 X250.635 Y-219.747
G1 X256.341 Y-219.856
G1 X262.048 Y-219.965
G1 X265.644 Y-220.034
G1 X265.644 Y-220.102
; Retract
G0 Z3.000

; Path 242
; Rapid to initial position
G0 X265.798 Y-220.280
G0 Z0.000
; plunge
G1 Z-0.200 F4000
; cut
G1 X265.555 Y-220.276 F4000
G1 X265.310 Y-220.271
; Retract
G0 Z3.000

; Path 243
; Rapid to initial position
G0 X270.453 Y-222.460
G0 Z0.000
; plunge
G1 Z-0.200 F4000
; cut
G1 X270.517 Y-222.488 F4000
; Retract
G0 Z3.000

; Path 244
; Rapid to initial position
G0 X272.120 Y-229.819
G0 Z0.000
; plunge
G1 Z-0.200 F4000
; cut
G1 X272.185 Y-229.847 F4000
; Retract
G0 Z3.000

; Path 245
; Rapid to initial position
G0 X276.567 Y-233.743
G0 Z0.000
; plunge
G1 Z-0.200 F4000
; cut
G1 X282.256 Y-233.389 F4000
G1 X286.915 Y-233.163
G1 X287.076 Y-233.155
G1 X292.789 Y-232.878
G1 X296.359 Y-232.704
G1 X296.529 Y-232.696
G1 X302.245 Y-232.419
G1 X305.886 Y-232.242
G1 X311.591 Y-232.361
G1 X317.298 Y-232.480
G1 X321.516 Y-232.568
G1 X321.679 Y-232.571
G1 X327.415 Y-232.691
G1 X333.120 Y-232.809
G1 X338.827 Y-232.928
G1 X344.532 Y-233.047
G1 X346.559 Y-233.089
G1 X346.559 Y-233.166
; Retract
G0 Z3.000

; Path 246
; Rapid to initial position
G0 X353.367 Y-227.723
G0 Z0.000
; plunge
G1 Z-0.200 F4000
; cut
G1 X353.477 Y-227.727 F4000
G1 X359.191 Y-227.193
G1 X364.824 Y-226.667
G1 X370.458 Y-226.140
G1 X376.091 Y-225.614
G1 X376.534 Y-225.572
G1 X376.645 Y-225.562
G1 X376.648 Y-222.710
G1 X376.650 Y-219.474
G1 X376.650 Y-216.239
G1 X376.653 Y-213.004
G1 X376.656 Y-209.769
G1 X376.658 Y-206.534
G1 X376.661 Y-203.298
G1 X376.664 Y-200.063
G1 X376.557 Y-200.061
G1 X376.557 Y-200.061
; Retract
G0 Z3.000

; Path 247
; Rapid to initial position
G0 X376.501 Y-200.018
G0 Z0.000
; plunge
G1 Z-0.200 F4000
; cut
G1 X376.501 Y-199.960 F4000
; Retract
G0 Z3.000

; Path 248
; Rapid to initial position
G0 X374.886 Y-205.894
G0 Z0.000
; plunge
G1 Z-0.200 F4000
; cut
G1 X374.886 Y-205.952 F4000
; Retract
G0 Z3.000

; Path 249
; Rapid to initial position
G0 X374.921 Y-205.924
G0 Z0.000
; plunge
G1 Z-0.200 F4000
; cut
G1 X374.921 Y-203.019 F4000
G1 X374.921 Y-202.193
G1 X374.921 Y-198.958
G1 X374.921 Y-195.722
G1 X374.921 Y-192.487
G1 X374.921 Y-189.252
G1 X374.921 Y-186.017
G1 X374.921 Y-182.782
G1 X374.921 Y-179.546
G1 X374.921 Y-179.482
; Retract
G0 Z3.000

; Path 250
; Rapid to initial position
G0 X374.053 Y-177.007
G0 Z0.000
; plunge
G1 Z-0.200 F4000
; cut
G1 X374.053 Y-176.949 F4000
; Retract
G0 Z3.000

; Path 251
; Rapid to initial position
G0 X367.825 Y-173.611
G0 Z0.000
; plunge
G1 Z-0.200 F4000
; cut
G1 X367.825 Y-173.589 F4000
; Retract
G0 Z3.000

; Path 252
; Rapid to initial position
G0 X367.793 Y-173.638
G0 Z0.000
; plunge
G1 Z-0.200 F4000
; cut
G1 X362.028 Y-173.451 F4000
G1 X356.328 Y-173.257
G1 X350.629 Y-173.064
G1 X344.930 Y-172.871
G1 X339.231 Y-172.677
G1 X333.531 Y-172.484
G1 X329.159 Y-172.335
G1 X328.688 Y-172.319
G1 X328.571 Y-172.316
G1 X328.568 Y-169.068
G1 X328.566 Y-165.833
G1 X328.564 Y-162.597
G1 X328.562 Y-159.362
G1 X328.560 Y-156.127
G1 X328.558 Y-152.892
G1 X328.556 Y-149.656
G1 X328.553 Y-146.451
G1 X328.622 Y-146.448
; Retract
G0 Z3.000

; Path 253
; Rapid to initial position
G0 X328.654 Y-146.475
G0 Z0.000
; plunge
G1 Z-0.200 F4000
; cut
G1 X328.654 Y-146.403 F4000
; Retract
G0 Z3.000

; Path 254
; Rapid to initial position
G0 X328.277 Y-141.467
G0 Z0.000
; plunge
G1 Z-0.200 F4000
; cut
G1 X328.273 Y-138.221 F4000
G1 X328.273 Y-137.767
G1 X328.270 Y-134.447
G1 X328.266 Y-131.211
G1 X328.264 Y-130.143
G1 X328.264 Y-129.698
G1 X328.260 Y-126.389
G1 X328.256 Y-123.154
G1 X328.252 Y-119.919
G1 X328.249 Y-116.683
G1 X328.245 Y-113.448
G1 X328.242 Y-112.231
G1 X322.501 Y-112.030
G1 X316.796 Y-111.904
G1 X316.140 Y-111.889
G1 X315.954 Y-111.885
G1 X310.249 Y-111.759
G1 X306.673 Y-111.680
G1 X306.504 Y-111.677
G1 X300.799 Y-111.550
G1 X297.244 Y-111.472
G1 X297.083 Y-111.469
G1 X291.378 Y-111.342
G1 X286.709 Y-111.239
G1 X286.626 Y-111.238
; Retract
G0 Z3.000

; Path 255
; Rapid to initial position
G0 X285.931 Y-110.510
G0 Z0.000
; plunge
G1 Z-0.200 F4000
; cut
G1 X284.433 Y-110.785 F4000
G1 X282.149 Y-111.202
G1 X281.766 Y-111.273
G1 X279.482 Y-111.690
G1 X277.199 Y-112.107
G1 X275.798 Y-111.496
G1 X274.997 Y-111.146
G1 X272.722 Y-110.154
G1 X270.447 Y-109.161
G1 X268.172 Y-108.169
G1 X265.897 Y-107.177
G1 X265.842 Y-107.204
; Retract
G0 Z3.000

; Path 256
; Rapid to initial position
G0 X271.561 Y-107.434
G0 Z0.000
; plunge
G1 Z-0.200 F4000
; cut
G1 X271.806 Y-107.438 F4000
G1 X272.049 Y-107.443
; Retract
G0 Z3.000

; Path 257
; Rapid to initial position
G0 X272.759 Y-108.865
G0 Z0.000
; plunge
G1 Z-0.200 F4000
; cut
G1 X272.759 Y-108.663 F4000
G1 X269.132 Y-108.552
G1 X258.921 Y-108.240
G1 X248.709 Y-107.929
G1 X238.498 Y-107.617
G1 X228.287 Y-107.305
G1 X227.995 Y-107.296
G1 X220.391 Y-107.065
G1 X210.179 Y-106.753
G1 X199.968 Y-106.441
G1 X193.453 Y-106.904
G1 X183.271 Y-107.628
G1 X182.968 Y-107.650
G1 X176.529 Y-108.108
G1 X166.348 Y-108.832
G1 X166.060 Y-108.852
G1 X157.678 Y-109.449
G1 X147.497 Y-110.172
G1 X147.497 Y-110.357
G1 X147.497 Y-110.377
; Retract
G0 Z3.000

; Path 258
; Rapid to initial position
G0 X147.501 Y-113.287
G0 Z0.000
; plunge
G1 Z-0.200 F4000
; cut
G1 X147.874 Y-113.221 F4000
G1 X153.516 Y-112.035
G1 X159.158 Y-110.850
G1 X164.800 Y-109.665
G1 X170.442 Y-108.480
G1 X170.548 Y-108.458
; Retract
G0 Z3.000

; Path 259
; Rapid to initial position
G0 X171.042 Y-109.392
G0 Z0.000
; plunge
G1 Z-0.200 F4000
; cut
G1 X171.878 Y-109.408 F4000
G1 X171.982 Y-109.410
G1 X177.689 Y-109.519
G1 X183.395 Y-109.628
G1 X189.101 Y-109.737
G1 X194.808 Y-109.846
G1 X195.040 Y-109.850
G1 X195.206 Y-109.853
G1 X200.912 Y-109.962
G1 X206.618 Y-110.071
G1 X210.215 Y-110.140
G1 X210.215 Y-110.208
; Retract
G0 Z3.000

; Path 260
; Rapid to initial position
G0 X208.633 Y-109.767
G0 Z0.000
; plunge
G1 Z-0.200 F4000
; cut
G1 X208.633 Y-106.861 F4000
G1 X208.633 Y-106.036
G1 X208.633 Y-102.800
G1 X208.633 Y-99.565
G1 X208.633 Y-96.330
G1 X208.633 Y-93.095
G1 X208.633 Y-89.860
G1 X208.633 Y-86.624
G1 X208.633 Y-83.389
G1 X208.633 Y-83.325
; Retract
G0 Z3.000

; Path 261
; Rapid to initial position
G0 X210.213 Y-83.688
G0 Z0.000
; plunge
G1 Z-0.200 F4000
; cut
G1 X210.213 Y-83.746 F4000
; Retract
G0 Z3.000

; Path 262
; Rapid to initial position
G0 X210.269 Y-83.789
G0 Z0.000
; plunge
G1 Z-0.200 F4000
; cut
G1 X210.376 Y-83.791 F4000
G1 X210.373 Y-87.027
G1 X210.371 Y-90.262
G1 X210.369 Y-93.497
G1 X210.366 Y-96.732
G1 X210.364 Y-99.968
G1 X210.364 Y-103.203
G1 X210.361 Y-106.438
G1 X210.359 Y-109.290
G1 X210.252 Y-109.300
G1 X209.805 Y-109.342
G1 X204.172 Y-109.868
G1 X198.538 Y-110.395
G1 X192.905 Y-110.921
G1 X187.191 Y-111.455
G1 X187.081 Y-111.452
; Retract
G0 Z3.000

; Path 263
; Rapid to initial position
G0 X186.375 Y-110.461
G0 Z0.000
; plunge
G1 Z-0.200 F4000
; cut
G1 X186.375 Y-110.208 F4000
; Retract
G0 Z3.000

; Path 264
; Rapid to initial position
G0 X177.085 Y-109.246
G0 Z0.000
; plunge
G1 Z-0.200 F4000
; cut
G1 X177.085 Y-108.772 F4000
; Retract
G0 Z3.000

; Path 265
; Rapid to initial position
G0 X177.085 Y-108.772
G0 Z0.000
; plunge
G1 Z-0.200 F4000
; cut
G1 X177.085 Y-109.246 F4000
; Retract
G0 Z3.000

; Path 266
; Rapid to initial position
G0 X177.085 Y-109.246
G0 Z0.000
; plunge
G1 Z-0.200 F4000
; cut
G1 X177.085 Y-108.772 F4000
; Retract
G0 Z3.000

; Path 267
; Rapid to initial position
G0 X177.085 Y-108.772
G0 Z0.000
; plunge
G1 Z-0.200 F4000
; cut
G1 X177.085 Y-109.246 F4000
; Retract
G0 Z3.000

; Path 268
; Rapid to initial position
G0 X177.085 Y-109.246
G0 Z0.000
; plunge
G1 Z-0.200 F4000
; cut
G1 X177.085 Y-108.772 F4000
; Retract
G0 Z3.000

; Path 269
; Rapid to initial position
G0 X177.085 Y-108.772
G0 Z0.000
; plunge
G1 Z-0.200 F4000
; cut
G1 X177.085 Y-109.246 F4000
; Retract
G0 Z3.000

; Path 270
; Rapid to initial position
G0 X177.085 Y-109.246
G0 Z0.000
; plunge
G1 Z-0.200 F4000
; cut
G1 X177.085 Y-108.772 F4000
; Retract
G0 Z3.000

; Path 271
; Rapid to initial position
G0 X175.956 Y-105.065
G0 Z0.000
; plunge
G1 Z-0.200 F4000
; cut
G1 X175.956 Y-104.811 F4000
; Retract
G0 Z3.000

; Path 272
; Rapid to initial position
G0 X177.409 Y-101.729
G0 Z0.000
; plunge
G1 Z-0.200 F4000
; cut
G1 X177.406 Y-98.483 F4000
G1 X177.406 Y-98.028
G1 X177.402 Y-94.708
G1 X177.398 Y-91.473
G1 X177.396 Y-90.405
G1 X177.396 Y-89.959
G1 X177.392 Y-86.651
G1 X177.389 Y-83.415
G1 X177.385 Y-80.180
G1 X177.381 Y-76.945
G1 X177.377 Y-73.710
G1 X177.374 Y-72.492
G1 X171.633 Y-72.291
G1 X165.928 Y-72.165
G1 X165.272 Y-72.151
G1 X165.086 Y-72.147
G1 X159.381 Y-72.021
G1 X155.805 Y-71.942
G1 X155.636 Y-71.938
G1 X149.931 Y-71.812
G1 X146.376 Y-71.734
G1 X146.215 Y-71.730
G1 X140.510 Y-71.604
G1 X135.841 Y-71.501
G1 X135.758 Y-71.499
; Retract
G0 Z3.000

; Path 273
; Rapid to initial position
G0 X138.202 Y-76.261
G0 Z0.000
; plunge
G1 Z-0.200 F4000
; cut
G1 X143.891 Y-75.907 F4000
G1 X148.550 Y-75.681
G1 X148.711 Y-75.673
G1 X154.424 Y-75.396
G1 X157.994 Y-75.222
G1 X158.164 Y-75.214
G1 X163.880 Y-74.937
G1 X167.521 Y-74.760
G1 X173.226 Y-74.879
G1 X178.933 Y-74.998
G1 X183.151 Y-75.086
G1 X183.314 Y-75.089
G1 X189.050 Y-75.209
G1 X194.756 Y-75.327
G1 X200.462 Y-75.446
G1 X206.167 Y-75.565
G1 X208.194 Y-75.607
G1 X208.194 Y-75.684
; Retract
G0 Z3.000

; Path 274
; Rapid to initial position
G0 X208.194 Y-75.684
G0 Z0.000
; plunge
G1 Z-0.200 F4000
; cut
G1 X206.167 Y-75.565 F4000
G1 X200.462 Y-75.446
G1 X194.756 Y-75.327
G1 X189.050 Y-75.209
G1 X183.344 Y-75.090
G1 X183.181 Y-75.086
G1 X178.933 Y-74.998
G1 X173.226 Y-74.879
G1 X167.521 Y-74.760
G1 X163.880 Y-74.937
G1 X158.191 Y-75.213
G1 X158.022 Y-75.221
G1 X154.424 Y-75.396
G1 X148.736 Y-75.671
G1 X148.575 Y-75.679
G1 X143.891 Y-75.907
G1 X138.202 Y-76.182
G1 X138.202 Y-76.261
; Retract
G0 Z3.000

; Path 275
; Rapid to initial position
G0 X138.202 Y-76.261
G0 Z0.000
; plunge
G1 Z-0.200 F4000
; cut
G1 X143.891 Y-75.907 F4000
G1 X148.550 Y-75.681
G1 X148.711 Y-75.673
G1 X154.424 Y-75.396
G1 X157.994 Y-75.222
G1 X158.164 Y-75.214
G1 X163.880 Y-74.937
G1 X167.521 Y-74.760
G1 X173.226 Y-74.879
G1 X178.933 Y-74.998
G1 X183.151 Y-75.086
G1 X183.314 Y-75.089
G1 X189.050 Y-75.209
G1 X194.756 Y-75.327
G1 X200.462 Y-75.446
G1 X206.167 Y-75.565
G1 X208.194 Y-75.607
G1 X208.194 Y-75.684
; Retract
G0 Z3.000

; Path 276
; Rapid to initial position
G0 X208.194 Y-75.684
G0 Z0.000
; plunge
G1 Z-0.200 F4000
; cut
G1 X206.167 Y-75.565 F4000
G1 X200.462 Y-75.446
G1 X194.756 Y-75.327
G1 X189.050 Y-75.209
G1 X183.344 Y-75.090
G1 X183.181 Y-75.086
G1 X178.933 Y-74.998
G1 X173.226 Y-74.879
G1 X167.521 Y-74.760
G1 X163.880 Y-74.937
G1 X158.191 Y-75.213
G1 X158.022 Y-75.221
G1 X154.424 Y-75.396
G1 X148.736 Y-75.671
G1 X148.575 Y-75.679
G1 X143.891 Y-75.907
G1 X138.202 Y-76.182
G1 X138.202 Y-76.261
; Retract
G0 Z3.000

; Path 277
; Rapid to initial position
G0 X138.202 Y-76.261
G0 Z0.000
; plunge
G1 Z-0.200 F4000
; cut
G1 X143.891 Y-75.907 F4000
G1 X148.550 Y-75.681
G1 X148.711 Y-75.673
G1 X154.424 Y-75.396
G1 X157.994 Y-75.222
G1 X158.164 Y-75.214
G1 X163.880 Y-74.937
G1 X167.521 Y-74.760
G1 X173.226 Y-74.879
G1 X178.933 Y-74.998
G1 X183.151 Y-75.086
G1 X183.314 Y-75.089
G1 X189.050 Y-75.209
G1 X194.756 Y-75.327
G1 X200.462 Y-75.446
G1 X206.167 Y-75.565
G1 X208.194 Y-75.607
G1 X208.194 Y-75.684
; Retract
G0 Z3.000

; Path 278
; Rapid to initial position
G0 X208.194 Y-75.684
G0 Z0.000
; plunge
G1 Z-0.200 F4000
; cut
G1 X206.167 Y-75.565 F4000
G1 X200.462 Y-75.446
G1 X194.756 Y-75.327
G1 X189.050 Y-75.209
G1 X183.344 Y-75.090
G1 X183.181 Y-75.086
G1 X178.933 Y-74.998
G1 X173.226 Y-74.879
G1 X167.521 Y-74.760
G1 X163.880 Y-74.937
G1 X158.191 Y-75.213
G1 X158.022 Y-75.221
G1 X154.424 Y-75.396
G1 X148.736 Y-75.671
G1 X148.575 Y-75.679
G1 X143.891 Y-75.907
G1 X138.202 Y-76.182
G1 X138.202 Y-76.261
; Retract
G0 Z3.000

; Path 279
; Rapid to initial position
G0 X138.202 Y-76.261
G0 Z0.000
; plunge
G1 Z-0.200 F4000
; cut
G1 X143.891 Y-75.907 F4000
G1 X148.550 Y-75.681
G1 X148.711 Y-75.673
G1 X154.424 Y-75.396
G1 X157.994 Y-75.222
G1 X158.164 Y-75.214
G1 X163.880 Y-74.937
G1 X167.521 Y-74.760
G1 X173.226 Y-74.879
G1 X178.933 Y-74.998
G1 X183.151 Y-75.086
G1 X183.314 Y-75.089
G1 X189.050 Y-75.209
G1 X194.756 Y-75.327
G1 X200.462 Y-75.446
G1 X206.167 Y-75.565
G1 X208.194 Y-75.607
G1 X208.194 Y-75.684
; Retract
G0 Z3.000

; Path 280
; Rapid to initial position
G0 X210.214 Y-75.037
G0 Z0.000
; plunge
G1 Z-0.200 F4000
; cut
G1 X209.426 Y-75.078 F4000
G1 X209.290 Y-75.085
G1 X204.088 Y-75.359
G1 X198.402 Y-75.658
G1 X192.717 Y-75.957
G1 X187.032 Y-76.256
; Retract
G0 Z3.000

; Path 281
; Rapid to initial position
G0 X186.013 Y-77.682
G0 Z0.000
; plunge
G1 Z-0.200 F4000
; cut
G1 X185.541 Y-77.727 F4000
G1 X179.907 Y-78.253
G1 X174.274 Y-78.780
G1 X168.640 Y-79.306
G1 X163.007 Y-79.832
G1 X157.651 Y-80.333
G1 X151.956 Y-80.110
G1 X146.260 Y-79.887
G1 X140.563 Y-79.664
G1 X134.867 Y-79.440
G1 X129.171 Y-79.218
G1 X123.476 Y-78.995
G1 X117.780 Y-78.771
G1 X116.557 Y-78.724
G1 X116.058 Y-78.704
G1 X116.058 Y-78.699
; Retract
G0 Z3.000

; Path 282
; Rapid to initial position
G0 X112.355 Y-82.489
G0 Z0.000
; plunge
G1 Z-0.200 F4000
; cut
G1 X112.250 Y-82.494 F4000
G1 X112.252 Y-85.708
G1 X112.254 Y-88.943
G1 X112.256 Y-92.179
G1 X112.258 Y-95.414
G1 X112.261 Y-98.649
G1 X112.262 Y-101.884
G1 X112.265 Y-105.119
G1 X112.267 Y-108.355
G1 X112.303 Y-108.356
; Retract
G0 Z3.000

; Path 283
; Rapid to initial position
G0 X112.728 Y-109.342
G0 Z0.000
; plunge
G1 Z-0.200 F4000
; cut
G1 X112.894 Y-109.345 F4000
G1 X116.490 Y-109.414
G1 X122.196 Y-109.523
G1 X127.902 Y-109.632
G1 X128.209 Y-109.616
G1 X133.894 Y-109.317
G1 X139.579 Y-109.018
G1 X145.264 Y-108.718
G1 X150.949 Y-108.418
G1 X151.085 Y-108.411
G1 X151.085 Y-108.426
; Retract
G0 Z3.000

; Path 284
; Rapid to initial position
G0 X151.576 Y-111.472
G0 Z0.000
; plunge
G1 Z-0.200 F4000
; cut
G1 X151.416 Y-111.505 F4000
; Retract
G0 Z3.000

; Path 285
; Rapid to initial position
G0 X150.805 Y-112.367
G0 Z0.000
; plunge
G1 Z-0.200 F4000
; cut
G1 X150.628 Y-112.377 F4000
G1 X150.453 Y-112.386
; Retract
G0 Z3.000

; Path 286
; Rapid to initial position
G0 X148.089 Y-116.590
G0 Z0.000
; plunge
G1 Z-0.200 F4000
; cut
G1 X148.089 Y-116.635 F4000
; Retract
G0 Z3.000

; Path 287
; Rapid to initial position
G0 X148.089 Y-116.635
G0 Z0.000
; plunge
G1 Z-0.200 F4000
; cut
G1 X148.089 Y-116.590 F4000
; Retract
G0 Z3.000

; Path 288
; Rapid to initial position
G0 X148.089 Y-116.590
G0 Z0.000
; plunge
G1 Z-0.200 F4000
; cut
G1 X148.089 Y-116.635 F4000
; Retract
G0 Z3.000

; Path 289
; Rapid to initial position
G0 X148.089 Y-116.635
G0 Z0.000
; plunge
G1 Z-0.200 F4000
; cut
G1 X148.089 Y-116.590 F4000
; Retract
G0 Z3.000

; Path 290
; Rapid to initial position
G0 X148.089 Y-116.590
G0 Z0.000
; plunge
G1 Z-0.200 F4000
; cut
G1 X148.089 Y-116.635 F4000
; Retract
G0 Z3.000

; Path 291
; Rapid to initial position
G0 X148.089 Y-116.635
G0 Z0.000
; plunge
G1 Z-0.200 F4000
; cut
G1 X148.089 Y-116.590 F4000
; Retract
G0 Z3.000

; Path 292
; Rapid to initial position
G0 X148.089 Y-116.590
G0 Z0.000
; plunge
G1 Z-0.200 F4000
; cut
G1 X148.089 Y-116.635 F4000
; Retract
G0 Z3.000

; Path 293
; Rapid to initial position
G0 X148.070 Y-116.625
G0 Z0.000
; plunge
G1 Z-0.200 F4000
; cut
G1 X148.108 Y-116.619 F4000
; Retract
G0 Z3.000

; Path 294
; Rapid to initial position
G0 X148.108 Y-116.619
G0 Z0.000
; plunge
G1 Z-0.200 F4000
; cut
G1 X148.070 Y-116.625 F4000
; Retract
G0 Z3.000

; Path 295
; Rapid to initial position
G0 X148.070 Y-116.625
G0 Z0.000
; plunge
G1 Z-0.200 F4000
; cut
G1 X148.108 Y-116.619 F4000
; Retract
G0 Z3.000

; Path 296
; Rapid to initial position
G0 X148.108 Y-116.619
G0 Z0.000
; plunge
G1 Z-0.200 F4000
; cut
G1 X148.070 Y-116.625 F4000
; Retract
G0 Z3.000

; Path 297
; Rapid to initial position
G0 X148.070 Y-116.625
G0 Z0.000
; plunge
G1 Z-0.200 F4000
; cut
G1 X148.108 Y-116.619 F4000
; Retract
G0 Z3.000

; Path 298
; Rapid to initial position
G0 X148.108 Y-116.619
G0 Z0.000
; plunge
G1 Z-0.200 F4000
; cut
G1 X148.070 Y-116.625 F4000
; Retract
G0 Z3.000

; Path 299
; Rapid to initial position
G0 X148.070 Y-116.625
G0 Z0.000
; plunge
G1 Z-0.200 F4000
; cut
G1 X148.108 Y-116.619 F4000
; Retract
G0 Z3.000

; Path 300
; Rapid to initial position
G0 X144.282 Y-115.858
G0 Z0.000
; plunge
G1 Z-0.200 F4000
; cut
G1 X144.282 Y-115.604 F4000
; Retract
G0 Z3.000

; Path 301
; Rapid to initial position
G0 X141.030 Y-117.935
G0 Z0.000
; plunge
G1 Z-0.200 F4000
; cut
G1 X141.030 Y-117.722 F4000
G1 X142.492 Y-117.491
G1 X144.776 Y-117.130
G1 X147.008 Y-116.776
G1 X149.292 Y-116.416
G1 X150.170 Y-116.277
G1 X152.454 Y-115.915
G1 X154.737 Y-115.555
G1 X155.148 Y-115.490
; Retract
G0 Z3.000

; Path 302
; Rapid to initial position
G0 X155.148 Y-115.490
G0 Z0.000
; plunge
G1 Z-0.200 F4000
; cut
G1 X154.789 Y-115.547 F4000
G1 X152.454 Y-115.915
G1 X150.170 Y-116.277
G1 X149.292 Y-116.416
G1 X147.008 Y-116.776
G1 X144.840 Y-117.120
G1 X142.492 Y-117.491
G1 X141.030 Y-117.722
G1 X141.030 Y-117.929
G1 X141.030 Y-117.935
; Retract
G0 Z3.000

; Path 303
; Rapid to initial position
G0 X141.030 Y-117.935
G0 Z0.000
; plunge
G1 Z-0.200 F4000
; cut
G1 X141.030 Y-117.722 F4000
G1 X142.492 Y-117.491
G1 X144.776 Y-117.130
G1 X147.008 Y-116.776
G1 X149.292 Y-116.416
G1 X150.170 Y-116.277
G1 X152.454 Y-115.915
G1 X154.737 Y-115.555
G1 X155.148 Y-115.490
; Retract
G0 Z3.000

; Path 304
; Rapid to initial position
G0 X155.148 Y-115.490
G0 Z0.000
; plunge
G1 Z-0.200 F4000
; cut
G1 X154.789 Y-115.547 F4000
G1 X152.454 Y-115.915
G1 X150.170 Y-116.277
G1 X149.292 Y-116.416
G1 X147.008 Y-116.776
G1 X144.840 Y-117.120
G1 X142.492 Y-117.491
G1 X141.030 Y-117.722
G1 X141.030 Y-117.929
G1 X141.030 Y-117.935
; Retract
G0 Z3.000

; Path 305
; Rapid to initial position
G0 X141.030 Y-117.935
G0 Z0.000
; plunge
G1 Z-0.200 F4000
; cut
G1 X141.030 Y-117.722 F4000
G1 X142.492 Y-117.491
G1 X144.776 Y-117.130
G1 X147.008 Y-116.776
G1 X149.292 Y-116.416
G1 X150.170 Y-116.277
G1 X152.454 Y-115.915
G1 X154.737 Y-115.555
G1 X155.148 Y-115.490
; Retract
G0 Z3.000

; Path 306
; Rapid to initial position
G0 X155.148 Y-115.490
G0 Z0.000
; plunge
G1 Z-0.200 F4000
; cut
G1 X154.789 Y-115.547 F4000
G1 X152.454 Y-115.915
G1 X150.170 Y-116.277
G1 X149.292 Y-116.416
G1 X147.008 Y-116.776
G1 X144.840 Y-117.120
G1 X142.492 Y-117.491
G1 X141.030 Y-117.722
G1 X141.030 Y-117.929
G1 X141.030 Y-117.935
; Retract
G0 Z3.000

; Path 307
; Rapid to initial position
G0 X141.030 Y-117.935
G0 Z0.000
; plunge
G1 Z-0.200 F4000
; cut
G1 X141.030 Y-117.722 F4000
G1 X142.492 Y-117.491
G1 X144.776 Y-117.130
G1 X147.008 Y-116.776
G1 X149.292 Y-116.416
G1 X150.170 Y-116.277
G1 X152.454 Y-115.915
G1 X154.737 Y-115.555
G1 X155.148 Y-115.490
; Retract
G0 Z3.000

; Path 308
; Rapid to initial position
G0 X158.155 Y-110.323
G0 Z0.000
; plunge
G1 Z-0.200 F4000
; cut
G1 X158.321 Y-110.327 F4000
G1 X161.917 Y-110.395
G1 X167.623 Y-110.504
G1 X173.330 Y-110.614
G1 X173.636 Y-110.598
G1 X179.321 Y-110.298
G1 X185.006 Y-109.999
G1 X190.691 Y-109.699
G1 X196.376 Y-109.400
G1 X196.512 Y-109.393
G1 X196.512 Y-109.407
; Retract
G0 Z3.000

; Path 309
; Rapid to initial position
G0 X198.620 Y-110.792
G0 Z0.000
; plunge
G1 Z-0.200 F4000
; cut
G1 X198.620 Y-110.815 F4000
; Retract
G0 Z3.000

; Path 310
; Rapid to initial position
G0 X198.588 Y-110.841
G0 Z0.000
; plunge
G1 Z-0.200 F4000
; cut
G1 X192.823 Y-110.654 F4000
G1 X187.123 Y-110.461
G1 X181.424 Y-110.267
G1 X175.725 Y-110.074
G1 X170.025 Y-109.881
G1 X164.326 Y-109.687
G1 X159.954 Y-109.539
G1 X159.483 Y-109.523
G1 X159.365 Y-109.519
G1 X159.363 Y-106.271
G1 X159.361 Y-103.036
G1 X159.359 Y-99.801
G1 X159.357 Y-96.566
G1 X159.354 Y-93.330
G1 X159.353 Y-90.095
G1 X159.350 Y-86.860
G1 X159.348 Y-83.655
G1 X159.417 Y-83.651
; Retract
G0 Z3.000

; Path 311
; Rapid to initial position
G0 X159.449 Y-83.678
G0 Z0.000
; plunge
G1 Z-0.200 F4000
; cut
G1 X159.449 Y-83.606 F4000
; Retract
G0 Z3.000

; Path 312
; Rapid to initial position
G0 X157.781 Y-83.470
G0 Z0.000
; plunge
G1 Z-0.200 F4000
; cut
G1 X157.676 Y-83.475 F4000
G1 X157.679 Y-86.689
G1 X157.681 Y-89.925
G1 X157.683 Y-93.160
G1 X157.685 Y-96.395
G1 X157.687 Y-99.630
G1 X157.689 Y-102.865
G1 X157.691 Y-106.101
G1 X157.694 Y-109.336
G1 X157.730 Y-109.337
; Retract
G0 Z3.000

; Path 313
; Rapid to initial position
G0 X154.366 Y-107.632
G0 Z0.000
; plunge
G1 Z-0.200 F4000
; cut
G1 X154.366 Y-107.420 F4000
G1 X155.828 Y-107.188
G1 X158.112 Y-106.828
G1 X160.345 Y-106.474
G1 X162.628 Y-106.114
G1 X163.507 Y-105.974
G1 X165.790 Y-105.613
G1 X168.074 Y-105.253
G1 X168.484 Y-105.187
; Retract
G0 Z3.000

; Path 314
; Rapid to initial position
G0 X167.089 Y-104.947
G0 Z0.000
; plunge
G1 Z-0.200 F4000
; cut
G1 X167.462 Y-104.880 F4000
G1 X173.104 Y-103.695
G1 X178.746 Y-102.510
G1 X184.388 Y-101.325
G1 X190.030 Y-100.140
G1 X190.136 Y-100.118
; Retract
G0 Z3.000

; Path 315
; Rapid to initial position
G0 X190.630 Y-101.052
G0 Z0.000
; plunge
G1 Z-0.200 F4000
; cut
G1 X191.466 Y-101.068 F4000
G1 X191.570 Y-101.070
G1 X197.277 Y-101.179
G1 X202.983 Y-101.288
G1 X208.689 Y-101.396
G1 X214.396 Y-101.506
G1 X214.628 Y-101.510
G1 X214.794 Y-101.513
G1 X220.500 Y-101.622
G1 X226.206 Y-101.731
G1 X229.802 Y-101.800
G1 X229.802 Y-101.868
; Retract
G0 Z3.000

; Path 316
; Rapid to initial position
G0 X229.428 Y-99.067
G0 Z0.000
; plunge
G1 Z-0.200 F4000
; cut
G1 X223.663 Y-98.880 F4000
G1 X217.964 Y-98.686
G1 X212.264 Y-98.493
G1 X206.565 Y-98.300
G1 X200.866 Y-98.106
G1 X195.166 Y-97.913
G1 X190.794 Y-97.765
G1 X190.323 Y-97.748
G1 X190.206 Y-97.745
G1 X190.203 Y-94.497
G1 X190.201 Y-91.262
G1 X190.199 Y-88.026
G1 X190.197 Y-84.791
G1 X190.195 Y-81.556
G1 X190.193 Y-78.321
G1 X190.191 Y-75.086
G1 X190.188 Y-71.880
G1 X190.257 Y-71.877
; Retract
G0 Z3.000

; Path 317
; Rapid to initial position
G0 X190.257 Y-71.877
G0 Z0.000
; plunge
G1 Z-0.200 F4000
; cut
G1 X190.191 Y-75.086 F4000
G1 X190.193 Y-78.321
G1 X190.195 Y-81.556
G1 X190.197 Y-84.791
G1 X190.199 Y-88.026
G1 X190.201 Y-91.262
G1 X190.203 Y-94.497
G1 X190.206 Y-97.732
G1 X190.323 Y-97.748
G1 X190.794 Y-97.765
G1 X195.166 Y-97.913
G1 X200.866 Y-98.106
G1 X206.565 Y-98.300
G1 X212.264 Y-98.493
G1 X217.964 Y-98.686
G1 X223.663 Y-98.880
G1 X229.363 Y-99.073
G1 X229.428 Y-99.067
; Retract
G0 Z3.000

; Path 318
; Rapid to initial position
G0 X229.428 Y-99.067
G0 Z0.000
; plunge
G1 Z-0.200 F4000
; cut
G1 X223.663 Y-98.880 F4000
G1 X217.964 Y-98.686
G1 X212.264 Y-98.493
G1 X206.565 Y-98.300
G1 X200.866 Y-98.106
G1 X195.166 Y-97.913
G1 X190.794 Y-97.765
G1 X190.323 Y-97.748
G1 X190.206 Y-97.745
G1 X190.203 Y-94.497
G1 X190.201 Y-91.262
G1 X190.199 Y-88.026
G1 X190.197 Y-84.791
G1 X190.195 Y-81.556
G1 X190.193 Y-78.321
G1 X190.191 Y-75.086
G1 X190.188 Y-71.880
G1 X190.257 Y-71.877
; Retract
G0 Z3.000

; Path 319
; Rapid to initial position
G0 X190.257 Y-71.877
G0 Z0.000
; plunge
G1 Z-0.200 F4000
; cut
G1 X190.191 Y-75.086 F4000
G1 X190.193 Y-78.321
G1 X190.195 Y-81.556
G1 X190.197 Y-84.791
G1 X190.199 Y-88.026
G1 X190.201 Y-91.262
G1 X190.203 Y-94.497
G1 X190.206 Y-97.732
G1 X190.323 Y-97.748
G1 X190.794 Y-97.765
G1 X195.166 Y-97.913
G1 X200.866 Y-98.106
G1 X206.565 Y-98.300
G1 X212.264 Y-98.493
G1 X217.964 Y-98.686
G1 X223.663 Y-98.880
G1 X229.363 Y-99.073
G1 X229.428 Y-99.067
; Retract
G0 Z3.000

; Path 320
; Rapid to initial position
G0 X229.428 Y-99.067
G0 Z0.000
; plunge
G1 Z-0.200 F4000
; cut
G1 X223.663 Y-98.880 F4000
G1 X217.964 Y-98.686
G1 X212.264 Y-98.493
G1 X206.565 Y-98.300
G1 X200.866 Y-98.106
G1 X195.166 Y-97.913
G1 X190.794 Y-97.765
G1 X190.323 Y-97.748
G1 X190.206 Y-97.745
G1 X190.203 Y-94.497
G1 X190.201 Y-91.262
G1 X190.199 Y-88.026
G1 X190.197 Y-84.791
G1 X190.195 Y-81.556
G1 X190.193 Y-78.321
G1 X190.191 Y-75.086
G1 X190.188 Y-71.880
G1 X190.257 Y-71.877
; Retract
G0 Z3.000

; Path 321
; Rapid to initial position
G0 X190.257 Y-71.877
G0 Z0.000
; plunge
G1 Z-0.200 F4000
; cut
G1 X190.191 Y-75.086 F4000
G1 X190.193 Y-78.321
G1 X190.195 Y-81.556
G1 X190.197 Y-84.791
G1 X190.199 Y-88.026
G1 X190.201 Y-91.262
G1 X190.203 Y-94.497
G1 X190.206 Y-97.732
G1 X190.323 Y-97.748
G1 X190.794 Y-97.765
G1 X195.166 Y-97.913
G1 X200.866 Y-98.106
G1 X206.565 Y-98.300
G1 X212.264 Y-98.493
G1 X217.964 Y-98.686
G1 X223.663 Y-98.880
G1 X229.363 Y-99.073
G1 X229.428 Y-99.067
; Retract
G0 Z3.000

; Path 322
; Rapid to initial position
G0 X229.428 Y-99.067
G0 Z0.000
; plunge
G1 Z-0.200 F4000
; cut
G1 X223.663 Y-98.880 F4000
G1 X217.964 Y-98.686
G1 X212.264 Y-98.493
G1 X206.565 Y-98.300
G1 X200.866 Y-98.106
G1 X195.166 Y-97.913
G1 X190.794 Y-97.765
G1 X190.323 Y-97.748
G1 X190.206 Y-97.745
G1 X190.203 Y-94.497
G1 X190.201 Y-91.262
G1 X190.199 Y-88.026
G1 X190.197 Y-84.791
G1 X190.195 Y-81.556
G1 X190.193 Y-78.321
G1 X190.191 Y-75.086
G1 X190.188 Y-71.880
G1 X190.257 Y-71.877
; Retract
G0 Z3.000

; Path 323
; Rapid to initial position
G0 X190.289 Y-71.904
G0 Z0.000
; plunge
G1 Z-0.200 F4000
; cut
G1 X190.289 Y-71.832 F4000
; Retract
G0 Z3.000

; Path 324
; Rapid to initial position
G0 X190.289 Y-71.832
G0 Z0.000
; plunge
G1 Z-0.200 F4000
; cut
G1 X190.289 Y-71.904 F4000
; Retract
G0 Z3.000

; Path 325
; Rapid to initial position
G0 X190.289 Y-71.904
G0 Z0.000
; plunge
G1 Z-0.200 F4000
; cut
G1 X190.289 Y-71.832 F4000
; Retract
G0 Z3.000

; Path 326
; Rapid to initial position
G0 X190.289 Y-71.832
G0 Z0.000
; plunge
G1 Z-0.200 F4000
; cut
G1 X190.289 Y-71.904 F4000
; Retract
G0 Z3.000

; Path 327
; Rapid to initial position
G0 X190.289 Y-71.904
G0 Z0.000
; plunge
G1 Z-0.200 F4000
; cut
G1 X190.289 Y-71.832 F4000
; Retract
G0 Z3.000

; Path 328
; Rapid to initial position
G0 X190.289 Y-71.832
G0 Z0.000
; plunge
G1 Z-0.200 F4000
; cut
G1 X190.289 Y-71.904 F4000
; Retract
G0 Z3.000

; Path 329
; Rapid to initial position
G0 X190.289 Y-71.904
G0 Z0.000
; plunge
G1 Z-0.200 F4000
; cut
G1 X190.289 Y-71.832 F4000
; Retract
G0 Z3.000

; Path 330
; Rapid to initial position
G0 X193.579 Y-70.094
G0 Z0.000
; plunge
G1 Z-0.200 F4000
; cut
G1 X193.746 Y-70.098 F4000
G1 X197.341 Y-70.166
G1 X203.048 Y-70.275
G1 X208.754 Y-70.384
G1 X209.060 Y-70.369
G1 X214.745 Y-70.069
G1 X220.430 Y-69.770
G1 X226.115 Y-69.470
G1 X231.800 Y-69.171
G1 X231.936 Y-69.163
G1 X231.936 Y-69.178
; Retract
G0 Z3.000

; Path 331
; Rapid to initial position
G0 X229.390 Y-72.534
G0 Z0.000
; plunge
G1 Z-0.200 F4000
; cut
G1 X229.534 Y-72.722 F4000
; Retract
G0 Z3.000

; Path 332
; Rapid to initial position
G0 X229.534 Y-72.722
G0 Z0.000
; plunge
G1 Z-0.200 F4000
; cut
G1 X229.390 Y-72.534 F4000
; Retract
G0 Z3.000

; Path 333
; Rapid to initial position
G0 X229.390 Y-72.534
G0 Z0.000
; plunge
G1 Z-0.200 F4000
; cut
G1 X229.534 Y-72.722 F4000
; Retract
G0 Z3.000

; Path 334
; Rapid to initial position
G0 X229.534 Y-72.722
G0 Z0.000
; plunge
G1 Z-0.200 F4000
; cut
G1 X229.390 Y-72.534 F4000
; Retract
G0 Z3.000

; Path 335
; Rapid to initial position
G0 X229.390 Y-72.534
G0 Z0.000
; plunge
G1 Z-0.200 F4000
; cut
G1 X229.534 Y-72.722 F4000
; Retract
G0 Z3.000

; Path 336
; Rapid to initial position
G0 X229.534 Y-72.722
G0 Z0.000
; plunge
G1 Z-0.200 F4000
; cut
G1 X229.390 Y-72.534 F4000
; Retract
G0 Z3.000

; Path 337
; Rapid to initial position
G0 X229.390 Y-72.534
G0 Z0.000
; plunge
G1 Z-0.200 F4000
; cut
G1 X229.534 Y-72.722 F4000
; Retract
G0 Z3.000

; Path 338
; Rapid to initial position
G0 X229.462 Y-72.653
G0 Z0.000
; plunge
G1 Z-0.200 F4000
; cut
G1 X229.462 Y-72.625 F4000
; Retract
G0 Z3.000

; Path 339
; Rapid to initial position
G0 X229.462 Y-72.625
G0 Z0.000
; plunge
G1 Z-0.200 F4000
; cut
G1 X229.462 Y-72.653 F4000
; Retract
G0 Z3.000

; Path 340
; Rapid to initial position
G0 X229.462 Y-72.653
G0 Z0.000
; plunge
G1 Z-0.200 F4000
; cut
G1 X229.462 Y-72.625 F4000
; Retract
G0 Z3.000

; Path 341
; Rapid to initial position
G0 X229.462 Y-72.625
G0 Z0.000
; plunge
G1 Z-0.200 F4000
; cut
G1 X229.462 Y-72.653 F4000
; Retract
G0 Z3.000

; Path 342
; Rapid to initial position
G0 X229.462 Y-72.653
G0 Z0.000
; plunge
G1 Z-0.200 F4000
; cut
G1 X229.462 Y-72.625 F4000
; Retract
G0 Z3.000

; Path 343
; Rapid to initial position
G0 X229.462 Y-72.625
G0 Z0.000
; plunge
G1 Z-0.200 F4000
; cut
G1 X229.462 Y-72.653 F4000
; Retract
G0 Z3.000

; Path 344
; Rapid to initial position
G0 X229.462 Y-72.653
G0 Z0.000
; plunge
G1 Z-0.200 F4000
; cut
G1 X229.462 Y-72.625 F4000
; Retract
G0 Z3.000

; Path 345
; Rapid to initial position
G0 X229.800 Y-75.348
G0 Z0.000
; plunge
G1 Z-0.200 F4000
; cut
G1 X229.800 Y-75.406 F4000
; Retract
G0 Z3.000

; Path 346
; Rapid to initial position
G0 X229.857 Y-75.449
G0 Z0.000
; plunge
G1 Z-0.200 F4000
; cut
G1 X229.963 Y-75.451 F4000
G1 X229.961 Y-78.686
G1 X229.959 Y-81.922
G1 X229.956 Y-85.157
G1 X229.954 Y-88.392
G1 X229.952 Y-91.627
G1 X229.952 Y-94.863
G1 X229.949 Y-98.098
G1 X229.947 Y-100.950
G1 X229.840 Y-100.960
G1 X229.393 Y-101.002
G1 X223.759 Y-101.528
G1 X218.126 Y-102.055
G1 X212.493 Y-102.581
G1 X206.779 Y-103.115
G1 X206.669 Y-103.111
; Retract
G0 Z3.000

; Path 347
; Rapid to initial position
G0 X208.602 Y-96.545
G0 Z0.000
; plunge
G1 Z-0.200 F4000
; cut
G1 X208.709 Y-96.547 F4000
G1 X208.706 Y-99.782
G1 X208.704 Y-103.017
G1 X208.701 Y-106.253
G1 X208.699 Y-109.488
G1 X208.697 Y-112.723
G1 X208.697 Y-115.958
G1 X208.694 Y-119.194
G1 X208.692 Y-122.046
G1 X208.585 Y-122.056
G1 X208.138 Y-122.097
G1 X202.505 Y-122.624
G1 X196.871 Y-123.150
G1 X191.238 Y-123.677
G1 X185.524 Y-124.211
G1 X185.414 Y-124.207
; Retract
G0 Z3.000

; Path 348
; Rapid to initial position
G0 X182.808 Y-126.032
G0 Z0.000
; plunge
G1 Z-0.200 F4000
; cut
G1 X182.636 Y-126.020 F4000
; Retract
G0 Z3.000

; Path 349
; Rapid to initial position
G0 X185.970 Y-120.133
G0 Z0.000
; plunge
G1 Z-0.200 F4000
; cut
G1 X186.142 Y-120.145 F4000
; Retract
G0 Z3.000

; Path 350
; Rapid to initial position
G0 X196.921 Y-123.597
G0 Z0.000
; plunge
G1 Z-0.200 F4000
; cut
G1 X191.156 Y-123.410 F4000
G1 X185.456 Y-123.216
G1 X179.757 Y-123.023
G1 X174.057 Y-122.830
G1 X168.358 Y-122.636
G1 X162.659 Y-122.443
G1 X158.286 Y-122.294
G1 X157.816 Y-122.278
G1 X157.698 Y-122.275
G1 X157.696 Y-119.027
G1 X157.694 Y-115.792
G1 X157.692 Y-112.556
G1 X157.690 Y-109.321
G1 X157.687 Y-106.086
G1 X157.686 Y-102.851
G1 X157.683 Y-99.615
G1 X157.681 Y-96.410
G1 X157.749 Y-96.407
; Retract
G0 Z3.000

; Path 351
; Rapid to initial position
G0 X157.782 Y-96.434
G0 Z0.000
; plunge
G1 Z-0.200 F4000
; cut
G1 X157.782 Y-96.362 F4000
; Retract
G0 Z3.000

; Path 352
; Rapid to initial position
G0 X159.397 Y-96.582
G0 Z0.000
; plunge
G1 Z-0.200 F4000
; cut
G1 X159.359 Y-93.345 F4000
G1 X159.356 Y-90.110
G1 X159.355 Y-86.875
G1 X159.352 Y-83.639
G1 X159.350 Y-80.404
G1 X159.348 Y-77.169
G1 X159.346 Y-73.934
G1 X159.343 Y-70.720
G1 X159.448 Y-70.715
; Retract
G0 Z3.000

; Path 353
; Rapid to initial position
G0 X161.533 Y-66.998
G0 Z0.000
; plunge
G1 Z-0.200 F4000
; cut
G1 X161.533 Y-66.926 F4000
; Retract
G0 Z3.000

; Path 354
; Rapid to initial position
G0 X161.500 Y-66.971
G0 Z0.000
; plunge
G1 Z-0.200 F4000
; cut
G1 X161.434 Y-70.180 F4000
G1 X161.437 Y-73.415
G1 X161.438 Y-76.650
G1 X161.441 Y-79.885
G1 X161.443 Y-83.120
G1 X161.445 Y-86.356
G1 X161.447 Y-89.591
G1 X161.449 Y-92.826
G1 X161.567 Y-92.842
G1 X162.037 Y-92.859
G1 X166.410 Y-93.007
G1 X172.109 Y-93.200
G1 X177.808 Y-93.394
G1 X183.508 Y-93.587
G1 X189.207 Y-93.780
G1 X194.907 Y-93.974
G1 X200.606 Y-94.167
G1 X200.672 Y-94.161
; Retract
G0 Z3.000

; Path 355
; Rapid to initial position
G0 X200.704 Y-94.134
G0 Z0.000
; plunge
G1 Z-0.200 F4000
; cut
G1 X200.704 Y-94.112 F4000
; Retract
G0 Z3.000

; Path 356
; Rapid to initial position
G0 X201.389 Y-96.684
G0 Z0.000
; plunge
G1 Z-0.200 F4000
; cut
G1 X201.283 Y-96.705 F4000
G1 X195.641 Y-97.891
G1 X189.999 Y-99.076
G1 X184.357 Y-100.261
G1 X178.715 Y-101.446
G1 X178.385 Y-101.517
G1 X178.341 Y-101.513
; Retract
G0 Z3.000

; Path 357
; Rapid to initial position
G0 X178.341 Y-101.513
G0 Z0.000
; plunge
G1 Z-0.200 F4000
; cut
G1 X178.715 Y-101.446 F4000
G1 X184.357 Y-100.261
G1 X189.999 Y-99.076
G1 X195.641 Y-97.891
G1 X201.283 Y-96.705
G1 X201.389 Y-96.684
; Retract
G0 Z3.000

; Path 358
; Rapid to initial position
G0 X201.389 Y-96.684
G0 Z0.000
; plunge
G1 Z-0.200 F4000
; cut
G1 X201.283 Y-96.705 F4000
G1 X195.641 Y-97.891
G1 X189.999 Y-99.076
G1 X184.357 Y-100.261
G1 X178.715 Y-101.446
G1 X178.385 Y-101.517
G1 X178.341 Y-101.513
; Retract
G0 Z3.000

; Path 359
; Rapid to initial position
G0 X178.341 Y-101.513
G0 Z0.000
; plunge
G1 Z-0.200 F4000
; cut
G1 X178.715 Y-101.446 F4000
G1 X184.357 Y-100.261
G1 X189.999 Y-99.076
G1 X195.641 Y-97.891
G1 X201.283 Y-96.705
G1 X201.389 Y-96.684
; Retract
G0 Z3.000

; Path 360
; Rapid to initial position
G0 X201.389 Y-96.684
G0 Z0.000
; plunge
G1 Z-0.200 F4000
; cut
G1 X201.283 Y-96.705 F4000
G1 X195.641 Y-97.891
G1 X189.999 Y-99.076
G1 X184.357 Y-100.261
G1 X178.715 Y-101.446
G1 X178.385 Y-101.517
G1 X178.341 Y-101.513
; Retract
G0 Z3.000

; Path 361
; Rapid to initial position
G0 X178.341 Y-101.513
G0 Z0.000
; plunge
G1 Z-0.200 F4000
; cut
G1 X178.715 Y-101.446 F4000
G1 X184.357 Y-100.261
G1 X189.999 Y-99.076
G1 X195.641 Y-97.891
G1 X201.283 Y-96.705
G1 X201.389 Y-96.684
; Retract
G0 Z3.000

; Path 362
; Rapid to initial position
G0 X201.389 Y-96.684
G0 Z0.000
; plunge
G1 Z-0.200 F4000
; cut
G1 X201.283 Y-96.705 F4000
G1 X195.641 Y-97.891
G1 X189.999 Y-99.076
G1 X184.357 Y-100.261
G1 X178.715 Y-101.446
G1 X178.385 Y-101.517
G1 X178.341 Y-101.513
; Retract
G0 Z3.000

; Path 363
; Rapid to initial position
G0 X175.686 Y-100.214
G0 Z0.000
; plunge
G1 Z-0.200 F4000
; cut
G1 X173.660 Y-100.095 F4000
G1 X167.954 Y-99.976
G1 X162.248 Y-99.857
G1 X156.543 Y-99.738
G1 X150.837 Y-99.619
G1 X150.674 Y-99.616
G1 X146.425 Y-99.528
G1 X140.719 Y-99.409
G1 X135.013 Y-99.290
G1 X131.373 Y-99.467
G1 X125.684 Y-99.743
G1 X125.514 Y-99.751
G1 X121.917 Y-99.926
G1 X116.228 Y-100.201
G1 X116.067 Y-100.209
G1 X111.384 Y-100.437
G1 X105.695 Y-100.712
G1 X105.695 Y-100.791
; Retract
G0 Z3.000

; Path 364
; Rapid to initial position
G0 X107.346 Y-101.556
G0 Z0.000
; plunge
G1 Z-0.200 F4000
; cut
G1 X107.543 Y-101.549 F4000
; Retract
G0 Z3.000

; Path 365
; Rapid to initial position
G0 X107.637 Y-106.168
G0 Z0.000
; plunge
G1 Z-0.200 F4000
; cut
G1 X107.278 Y-106.225 F4000
G1 X104.943 Y-106.594
G1 X102.659 Y-106.955
G1 X101.781 Y-107.095
G1 X99.497 Y-107.455
G1 X97.329 Y-107.798
G1 X94.981 Y-108.169
G1 X93.519 Y-108.401
G1 X93.519 Y-108.608
G1 X93.519 Y-108.613
; Retract
G0 Z3.000

; Path 366
; Rapid to initial position
G0 X90.729 Y-112.453
G0 Z0.000
; plunge
G1 Z-0.200 F4000
; cut
G1 X90.569 Y-112.486 F4000
; Retract
G0 Z3.000

; Path 367
; Rapid to initial position
G0 X97.355 Y-116.755
G0 Z0.000
; plunge
G1 Z-0.200 F4000
; cut
G1 X97.600 Y-116.760 F4000
G1 X97.843 Y-116.764
; Retract
G0 Z3.000

; Path 368
; Rapid to initial position
G0 X94.137 Y-123.885
G0 Z0.000
; plunge
G1 Z-0.200 F4000
; cut
G1 X96.466 Y-124.850 F4000
G1 X98.741 Y-125.842
G1 X101.016 Y-126.835
G1 X103.291 Y-127.826
G1 X104.080 Y-128.171
G1 X105.493 Y-128.787
G1 X107.776 Y-128.370
G1 X110.060 Y-127.953
G1 X110.369 Y-127.896
G1 X112.727 Y-127.465
G1 X114.157 Y-127.203
G1 X114.225 Y-127.191
; Retract
G0 Z3.000

; Path 369
; Rapid to initial position
G0 X117.230 Y-128.400
G0 Z0.000
; plunge
G1 Z-0.200 F4000
; cut
G1 X117.267 Y-128.393 F4000
; Retract
G0 Z3.000

; Path 370
; Rapid to initial position
G0 X117.249 Y-128.410
G0 Z0.000
; plunge
G1 Z-0.200 F4000
; cut
G1 X117.249 Y-128.365 F4000
; Retract
G0 Z3.000

; Path 371
; Rapid to initial position
G0 X118.205 Y-126.056
G0 Z0.000
; plunge
G1 Z-0.200 F4000
; cut
G1 X116.837 Y-125.467 F4000
G1 X115.982 Y-125.094
G1 X113.707 Y-124.101
G1 X111.431 Y-123.108
G1 X109.156 Y-122.116
G1 X106.881 Y-121.123
G1 X106.836 Y-121.102
; Retract
G0 Z3.000

; Path 372
; Rapid to initial position
G0 X109.323 Y-116.902
G0 Z0.000
; plunge
G1 Z-0.200 F4000
; cut
G1 X109.484 Y-116.868 F4000
; Retract
G0 Z3.000

; Path 373
; Rapid to initial position
G0 X105.897 Y-113.576
G0 Z0.000
; plunge
G1 Z-0.200 F4000
; cut
G1 X105.832 Y-113.548 F4000
; Retract
G0 Z3.000

; Path 374
; Rapid to initial position
G0 X108.503 Y-108.347
G0 Z0.000
; plunge
G1 Z-0.200 F4000
; cut
G1 X110.823 Y-109.360 F4000
G1 X113.098 Y-110.353
G1 X115.374 Y-111.346
G1 X117.649 Y-112.339
G1 X118.492 Y-112.708
G1 X119.858 Y-113.304
G1 X119.872 Y-113.301
; Retract
G0 Z3.000

; Path 375
; Rapid to initial position
G0 X119.332 Y-111.729
G0 Z0.000
; plunge
G1 Z-0.200 F4000
; cut
G1 X119.332 Y-111.684 F4000
; Retract
G0 Z3.000

; Path 376
; Rapid to initial position
G0 X119.351 Y-111.713
G0 Z0.000
; plunge
G1 Z-0.200 F4000
; cut
G1 X119.314 Y-111.719 F4000
; Retract
G0 Z3.000

; Path 377
; Rapid to initial position
G0 X125.420 Y-105.208
G0 Z0.000
; plunge
G1 Z-0.200 F4000
; cut
G1 X125.484 Y-105.235 F4000
; Retract
G0 Z3.000

; Path 378
; Rapid to initial position
G0 X129.574 Y-99.924
G0 Z0.000
; plunge
G1 Z-0.200 F4000
; cut
G1 X129.574 Y-99.451 F4000
; Retract
G0 Z3.000

; Path 379
; Rapid to initial position
G0 X130.259 Y-99.233
G0 Z0.000
; plunge
G1 Z-0.200 F4000
; cut
G1 X128.233 Y-99.114 F4000
G1 X122.527 Y-98.995
G1 X116.821 Y-98.876
G1 X111.115 Y-98.757
G1 X105.410 Y-98.638
G1 X105.247 Y-98.635
G1 X100.998 Y-98.547
G1 X95.292 Y-98.428
G1 X89.586 Y-98.309
G1 X85.946 Y-98.486
G1 X80.257 Y-98.762
G1 X80.087 Y-98.770
G1 X76.490 Y-98.945
G1 X70.801 Y-99.220
G1 X70.640 Y-99.228
G1 X65.957 Y-99.455
G1 X60.268 Y-99.731
G1 X60.268 Y-99.809
; Retract
G0 Z3.000

; Path 380
; Rapid to initial position
G0 X61.919 Y-100.575
G0 Z0.000
; plunge
G1 Z-0.200 F4000
; cut
G1 X62.116 Y-100.568 F4000
; Retract
G0 Z3.000

; Path 381
; Rapid to initial position
G0 X49.376 Y-98.813
G0 Z0.000
; plunge
G1 Z-0.200 F4000
; cut
G1 X49.875 Y-98.838 F4000
G1 X51.098 Y-98.886
G1 X56.794 Y-99.109
G1 X62.490 Y-99.332
G1 X68.185 Y-99.555
G1 X73.881 Y-99.778
G1 X79.578 Y-100.001
G1 X85.274 Y-100.224
G1 X90.970 Y-100.447
G1 X96.325 Y-99.947
G1 X101.958 Y-99.420
G1 X107.592 Y-98.894
G1 X113.225 Y-98.368
G1 X118.859 Y-97.841
G1 X119.331 Y-97.797
G1 X119.331 Y-97.797
; Retract
G0 Z3.000

; Path 382
; Rapid to initial position
G0 X117.976 Y-97.755
G0 Z0.000
; plunge
G1 Z-0.200 F4000
; cut
G1 X116.477 Y-98.029 F4000
G1 X114.194 Y-98.446
G1 X113.810 Y-98.517
G1 X111.527 Y-98.934
G1 X109.244 Y-99.351
G1 X107.843 Y-98.740
G1 X107.042 Y-98.391
G1 X104.767 Y-97.399
G1 X102.492 Y-96.406
G1 X100.217 Y-95.414
G1 X97.942 Y-94.421
G1 X97.887 Y-94.449
; Retract
G0 Z3.000

; Path 383
; Rapid to initial position
G0 X99.222 Y-93.339
G0 Z0.000
; plunge
G1 Z-0.200 F4000
; cut
G1 X97.723 Y-93.614 F4000
G1 X95.440 Y-94.031
G1 X95.056 Y-94.102
G1 X92.773 Y-94.519
G1 X90.490 Y-94.936
G1 X89.089 Y-94.325
G1 X88.288 Y-93.975
G1 X86.013 Y-92.983
G1 X83.738 Y-91.990
G1 X81.462 Y-90.999
G1 X79.187 Y-90.006
G1 X79.133 Y-90.034
; Retract
G0 Z3.000

; Path 384
; Rapid to initial position
G0 X82.351 Y-82.904
G0 Z0.000
; plunge
G1 Z-0.200 F4000
; cut
G1 X82.596 Y-82.908 F4000
G1 X82.840 Y-82.913
; Retract
G0 Z3.000

; Path 385
; Rapid to initial position
G0 X88.664 Y-83.274
G0 Z0.000
; plunge
G1 Z-0.200 F4000
; cut
G1 X93.416 Y-83.378 F4000
G1 X99.121 Y-83.504
G1 X99.282 Y-83.508
G1 X102.837 Y-83.586
G1 X108.542 Y-83.712
G1 X108.711 Y-83.716
G1 X112.287 Y-83.795
G1 X117.992 Y-83.921
G1 X118.178 Y-83.925
G1 X118.834 Y-83.940
G1 X124.539 Y-84.066
G1 X130.244 Y-84.192
G1 X130.283 Y-85.484
G1 X130.287 Y-88.719
G1 X130.291 Y-91.955
G1 X130.294 Y-95.190
G1 X130.298 Y-98.425
G1 X130.302 Y-101.660
G1 X130.302 Y-102.123
G1 X130.304 Y-103.247
G1 X130.308 Y-106.483
G1 X130.312 Y-109.718
G1 X130.312 Y-110.257
G1 X130.315 Y-113.492
G1 X130.315 Y-113.503
; Retract
G0 Z3.000

; Path 386
; Rapid to initial position
G0 X135.480 Y-106.095
G0 Z0.000
; plunge
G1 Z-0.200 F4000
; cut
G1 X133.981 Y-106.369 F4000
G1 X131.698 Y-106.786
G1 X131.314 Y-106.857
G1 X129.031 Y-107.274
G1 X126.748 Y-107.691
G1 X125.347 Y-107.080
G1 X124.546 Y-106.731
G1 X122.271 Y-105.739
G1 X119.996 Y-104.746
G1 X117.721 Y-103.754
G1 X115.446 Y-102.761
G1 X115.391 Y-102.789
; Retract
G0 Z3.000

; Path 387
; Rapid to initial position
G0 X118.610 Y-95.659
G0 Z0.000
; plunge
G1 Z-0.200 F4000
; cut
G1 X118.854 Y-95.664 F4000
G1 X119.098 Y-95.668
; Retract
G0 Z3.000

; Path 388
; Rapid to initial position
G0 X120.350 Y-96.370
G0 Z0.000
; plunge
G1 Z-0.200 F4000
; cut
G1 X126.035 Y-96.072 F4000
G1 X131.720 Y-95.773
G1 X137.406 Y-95.474
G1 X142.608 Y-95.200
G1 X142.744 Y-95.193
G1 X143.532 Y-95.151
; Retract
G0 Z3.000

; Path 389
; Rapid to initial position
G0 X143.492 Y-94.806
G0 Z0.000
; plunge
G1 Z-0.200 F4000
; cut
G1 X143.572 Y-94.803 F4000
; Retract
G0 Z3.000

; Path 390
; Rapid to initial position
G0 X149.585 Y-96.607
G0 Z0.000
; plunge
G1 Z-0.200 F4000
; cut
G1 X149.958 Y-96.540 F4000
G1 X155.600 Y-95.355
G1 X161.242 Y-94.170
G1 X166.884 Y-92.985
G1 X172.526 Y-91.799
G1 X172.632 Y-91.778
; Retract
G0 Z3.000

; Path 391
; Rapid to initial position
G0 X173.126 Y-92.712
G0 Z0.000
; plunge
G1 Z-0.200 F4000
; cut
G1 X173.962 Y-92.728 F4000
G1 X174.066 Y-92.730
G1 X179.773 Y-92.839
G1 X185.479 Y-92.948
G1 X191.185 Y-93.056
G1 X196.892 Y-93.165
G1 X197.124 Y-93.170
G1 X197.290 Y-93.173
G1 X202.996 Y-93.282
G1 X208.702 Y-93.391
G1 X212.298 Y-93.459
G1 X212.298 Y-93.527
; Retract
G0 Z3.000

; Path 392
; Rapid to initial position
G0 X214.588 Y-94.095
G0 Z0.000
; plunge
G1 Z-0.200 F4000
; cut
G1 X214.588 Y-94.097 F4000
; Retract
G0 Z3.000

; Path 393
; Rapid to initial position
G0 X210.300 Y-97.011
G0 Z0.000
; plunge
G1 Z-0.200 F4000
; cut
G1 X210.300 Y-94.106 F4000
G1 X210.300 Y-93.280
G1 X210.300 Y-90.045
G1 X210.300 Y-86.810
G1 X210.300 Y-83.574
G1 X210.300 Y-80.339
G1 X210.300 Y-77.104
G1 X210.300 Y-73.869
G1 X210.300 Y-70.634
G1 X210.300 Y-70.569
; Retract
G0 Z3.000

; Path 394
; Rapid to initial position
G0 X211.167 Y-74.255
G0 Z0.000
; plunge
G1 Z-0.200 F4000
; cut
G1 X211.163 Y-71.009 F4000
G1 X211.163 Y-70.555
G1 X211.160 Y-67.235
G1 X211.156 Y-63.999
G1 X211.154 Y-62.931
G1 X211.154 Y-62.486
G1 X211.150 Y-59.177
G1 X211.146 Y-55.942
G1 X211.142 Y-52.707
G1 X211.138 Y-49.472
G1 X211.135 Y-46.236
G1 X211.132 Y-45.019
G1 X205.391 Y-44.818
G1 X199.686 Y-44.692
G1 X199.030 Y-44.677
G1 X198.843 Y-44.673
G1 X193.138 Y-44.547
G1 X189.563 Y-44.468
G1 X189.394 Y-44.465
G1 X183.689 Y-44.338
G1 X180.134 Y-44.260
G1 X179.973 Y-44.257
G1 X174.268 Y-44.130
G1 X169.599 Y-44.028
G1 X169.516 Y-44.026
; Retract
G0 Z3.000

; Path 395
; Rapid to initial position
G0 X168.638 Y-45.084
G0 Z0.000
; plunge
G1 Z-0.200 F4000
; cut
G1 X168.466 Y-45.071 F4000
; Retract
G0 Z3.000

; Path 396
; Rapid to initial position
G0 X161.532 Y-54.034
G0 Z0.000
; plunge
G1 Z-0.200 F4000
; cut
G1 X161.427 Y-54.040 F4000
G1 X161.430 Y-57.253
G1 X161.432 Y-60.489
G1 X161.434 Y-63.724
G1 X161.436 Y-66.959
G1 X161.438 Y-70.194
G1 X161.440 Y-73.430
G1 X161.442 Y-76.665
G1 X161.445 Y-79.900
G1 X161.481 Y-79.901
; Retract
G0 Z3.000

; Path 397
; Rapid to initial position
G0 X160.739 Y-80.633
G0 Z0.000
; plunge
G1 Z-0.200 F4000
; cut
G1 X160.735 Y-77.387 F4000
G1 X160.735 Y-76.933
G1 X160.732 Y-73.612
G1 X160.728 Y-70.377
G1 X160.725 Y-69.309
G1 X160.725 Y-68.864
G1 X160.722 Y-65.555
G1 X160.718 Y-62.320
G1 X160.714 Y-59.085
G1 X160.710 Y-55.849
G1 X160.706 Y-52.614
G1 X160.704 Y-51.397
G1 X154.963 Y-51.196
G1 X149.258 Y-51.069
G1 X148.601 Y-51.055
G1 X148.415 Y-51.051
G1 X142.710 Y-50.925
G1 X139.135 Y-50.846
G1 X138.965 Y-50.842
G1 X133.260 Y-50.716
G1 X129.706 Y-50.638
G1 X129.545 Y-50.634
G1 X123.840 Y-50.508
G1 X119.171 Y-50.405
G1 X119.087 Y-50.403
; Retract
G0 Z3.000

; Path 398
; Rapid to initial position
G0 X126.373 Y-50.468
G0 Z0.000
; plunge
G1 Z-0.200 F4000
; cut
G1 X126.545 Y-50.480 F4000
; Retract
G0 Z3.000

; Path 399
; Rapid to initial position
G0 X130.228 Y-59.566
G0 Z0.000
; plunge
G1 Z-0.200 F4000
; cut
G1 X130.727 Y-59.590 F4000
G1 X131.950 Y-59.638
G1 X137.646 Y-59.861
G1 X143.341 Y-60.084
G1 X149.037 Y-60.307
G1 X154.733 Y-60.530
G1 X160.430 Y-60.753
G1 X166.125 Y-60.977
G1 X171.821 Y-61.199
G1 X177.177 Y-60.699
G1 X182.810 Y-60.173
G1 X188.444 Y-59.646
G1 X194.077 Y-59.120
G1 X199.711 Y-58.593
G1 X200.182 Y-58.549
G1 X200.182 Y-58.549
; Retract
G0 Z3.000

; Path 400
; Rapid to initial position
G0 X201.202 Y-57.122
G0 Z0.000
; plunge
G1 Z-0.200 F4000
; cut
G1 X206.887 Y-56.824 F4000
G1 X212.572 Y-56.525
G1 X218.258 Y-56.226
G1 X223.460 Y-55.952
G1 X223.595 Y-55.945
G1 X224.384 Y-55.904
; Retract
G0 Z3.000

; Path 401
; Rapid to initial position
G0 X224.344 Y-55.559
G0 Z0.000
; plunge
G1 Z-0.200 F4000
; cut
G1 X224.424 Y-55.555 F4000
; Retract
G0 Z3.000

; Path 402
; Rapid to initial position
G0 X232.307 Y-56.835
G0 Z0.000
; plunge
G1 Z-0.200 F4000
; cut
G1 X232.452 Y-57.023 F4000
; Retract
G0 Z3.000

; Path 403
; Rapid to initial position
G0 X232.379 Y-56.954
G0 Z0.000
; plunge
G1 Z-0.200 F4000
; cut
G1 X232.379 Y-56.925 F4000
; Retract
G0 Z3.000

; Path 404
; Rapid to initial position
G0 X233.335 Y-61.088
G0 Z0.000
; plunge
G1 Z-0.200 F4000
; cut
G1 X235.664 Y-62.053 F4000
G1 X237.939 Y-63.045
G1 X240.215 Y-64.038
G1 X242.490 Y-65.030
G1 X243.279 Y-65.374
G1 X244.692 Y-65.991
G1 X246.975 Y-65.573
G1 X249.258 Y-65.156
G1 X249.567 Y-65.100
G1 X251.925 Y-64.669
G1 X253.356 Y-64.407
G1 X253.424 Y-64.394
; Retract
G0 Z3.000

; Path 405
; Rapid to initial position
G0 X254.446 Y-61.712
G0 Z0.000
; plunge
G1 Z-0.200 F4000
; cut
G1 X254.552 Y-61.714 F4000
G1 X254.550 Y-64.950
G1 X254.548 Y-68.185
G1 X254.545 Y-71.420
G1 X254.543 Y-74.655
G1 X254.541 Y-77.891
G1 X254.541 Y-81.126
G1 X254.538 Y-84.361
G1 X254.536 Y-87.213
G1 X254.429 Y-87.223
G1 X253.982 Y-87.265
G1 X248.348 Y-87.791
G1 X242.715 Y-88.318
G1 X237.082 Y-88.844
G1 X231.368 Y-89.378
G1 X231.258 Y-89.375
; Retract
G0 Z3.000

; Path 406
; Rapid to initial position
G0 X229.888 Y-88.671
G0 Z0.000
; plunge
G1 Z-0.200 F4000
; cut
G1 X229.888 Y-85.766 F4000
G1 X229.888 Y-84.940
G1 X229.888 Y-81.705
G1 X229.888 Y-78.469
G1 X229.888 Y-75.234
G1 X229.888 Y-71.999
G1 X229.888 Y-68.764
G1 X229.888 Y-65.529
G1 X229.888 Y-62.293
G1 X229.888 Y-62.229
; Retract
G0 Z3.000

; Path 407
; Rapid to initial position
G0 X234.803 Y-61.300
G0 Z0.000
; plunge
G1 Z-0.200 F4000
; cut
G1 X234.015 Y-61.342 F4000
G1 X233.879 Y-61.349
G1 X228.677 Y-61.622
G1 X222.991 Y-61.921
G1 X217.306 Y-62.220
G1 X211.621 Y-62.519
; Retract
G0 Z3.000

; Path 408
; Rapid to initial position
G0 X210.602 Y-63.945
G0 Z0.000
; plunge
G1 Z-0.200 F4000
; cut
G1 X210.130 Y-63.990 F4000
G1 X204.496 Y-64.516
G1 X198.863 Y-65.043
G1 X193.229 Y-65.569
G1 X187.596 Y-66.096
G1 X182.240 Y-66.596
G1 X176.544 Y-66.373
G1 X170.849 Y-66.150
G1 X165.152 Y-65.927
G1 X159.456 Y-65.704
G1 X153.760 Y-65.481
G1 X148.065 Y-65.258
G1 X142.369 Y-65.035
G1 X141.146 Y-64.987
G1 X140.647 Y-64.967
G1 X140.647 Y-64.962
; Retract
G0 Z3.000

; Path 409
; Rapid to initial position
G0 X142.746 Y-62.555
G0 Z0.000
; plunge
G1 Z-0.200 F4000
; cut
G1 X142.680 Y-65.764 F4000
G1 X142.682 Y-68.999
G1 X142.684 Y-72.235
G1 X142.686 Y-75.470
G1 X142.689 Y-78.705
G1 X142.690 Y-81.940
G1 X142.693 Y-85.176
G1 X142.695 Y-88.411
G1 X142.813 Y-88.427
G1 X143.283 Y-88.443
G1 X147.655 Y-88.591
G1 X153.355 Y-88.785
G1 X159.054 Y-88.978
G1 X164.753 Y-89.171
G1 X170.453 Y-89.365
G1 X176.153 Y-89.558
G1 X181.852 Y-89.752
G1 X181.917 Y-89.746
; Retract
G0 Z3.000

; Path 410
; Rapid to initial position
G0 X181.949 Y-89.719
G0 Z0.000
; plunge
G1 Z-0.200 F4000
; cut
G1 X181.949 Y-89.697 F4000
; Retract
G0 Z3.000

; Path 411
; Rapid to initial position
G0 X179.409 Y-89.228
G0 Z0.000
; plunge
G1 Z-0.200 F4000
; cut
G1 X179.576 Y-89.231 F4000
G1 X183.172 Y-89.300
G1 X188.878 Y-89.409
G1 X194.584 Y-89.518
G1 X194.890 Y-89.502
G1 X200.575 Y-89.202
G1 X206.260 Y-88.903
G1 X211.945 Y-88.604
G1 X217.631 Y-88.304
G1 X217.766 Y-88.297
G1 X217.766 Y-88.311
; Retract
G0 Z3.000

; Path 412
; Rapid to initial position
G0 X215.219 Y-87.315
G0 Z0.000
; plunge
G1 Z-0.200 F4000
; cut
G1 X216.055 Y-87.331 F4000
G1 X216.159 Y-87.333
G1 X221.866 Y-87.442
G1 X227.572 Y-87.551
G1 X233.278 Y-87.660
G1 X238.985 Y-87.769
G1 X239.216 Y-87.773
G1 X239.383 Y-87.777
G1 X245.089 Y-87.885
G1 X250.795 Y-87.994
G1 X254.391 Y-88.063
G1 X254.391 Y-88.131
; Retract
G0 Z3.000

; Path 413
; Rapid to initial position
G0 X252.824 Y-85.803
G0 Z0.000
; plunge
G1 Z-0.200 F4000
; cut
G1 X252.652 Y-85.791 F4000
; Retract
G0 Z3.000

; Path 414
; Rapid to initial position
G0 X254.780 Y-78.369
G0 Z0.000
; plunge
G1 Z-0.200 F4000
; cut
G1 X254.780 Y-78.324 F4000
; Retract
G0 Z3.000

; Path 415
; Rapid to initial position
G0 X254.799 Y-78.352
G0 Z0.000
; plunge
G1 Z-0.200 F4000
; cut
G1 X254.761 Y-78.359 F4000
; Retract
G0 Z3.000

; Path 416
; Rapid to initial position
G0 X254.442 Y-74.962
G0 Z0.000
; plunge
G1 Z-0.200 F4000
; cut
G1 X254.442 Y-74.904 F4000
; Retract
G0 Z3.000

; Path 417
; Rapid to initial position
G0 X254.476 Y-74.934
G0 Z0.000
; plunge
G1 Z-0.200 F4000
; cut
G1 X254.476 Y-72.029 F4000
G1 X254.476 Y-71.203
G1 X254.476 Y-67.968
G1 X254.476 Y-64.733
G1 X254.476 Y-61.498
G1 X254.476 Y-58.262
G1 X254.476 Y-55.027
G1 X254.476 Y-51.792
G1 X254.476 Y-48.557
G1 X254.476 Y-48.492
; Retract
G0 Z3.000

; Path 418
; Rapid to initial position
G0 X252.286 Y-41.946
G0 Z0.000
; plunge
G1 Z-0.200 F4000
; cut
G1 X254.606 Y-40.932 F4000
G1 X256.881 Y-39.939
G1 X259.156 Y-38.947
G1 X261.432 Y-37.954
G1 X262.275 Y-37.585
G1 X263.641 Y-36.989
G1 X263.655 Y-36.992
; Retract
G0 Z3.000

; Path 419
; Rapid to initial position
G0 X259.675 Y-35.857
G0 Z0.000
; plunge
G1 Z-0.200 F4000
; cut
G1 X258.177 Y-35.583 F4000
G1 X255.893 Y-35.166
G1 X255.510 Y-35.095
G1 X253.226 Y-34.678
G1 X250.943 Y-34.261
G1 X249.542 Y-34.872
G1 X248.741 Y-35.222
G1 X246.466 Y-36.213
G1 X244.191 Y-37.206
G1 X241.916 Y-38.198
G1 X239.641 Y-39.191
G1 X239.586 Y-39.163
; Retract
G0 Z3.000

; Path 420
; Rapid to initial position
G0 X244.893 Y-37.994
G0 Z0.000
; plunge
G1 Z-0.200 F4000
; cut
G1 X250.582 Y-37.640 F4000
G1 X255.241 Y-37.414
G1 X255.402 Y-37.406
G1 X261.115 Y-37.129
G1 X264.685 Y-36.956
G1 X264.855 Y-36.948
G1 X270.571 Y-36.670
G1 X274.212 Y-36.494
G1 X279.917 Y-36.612
G1 X285.624 Y-36.731
G1 X289.842 Y-36.819
G1 X290.005 Y-36.823
G1 X295.741 Y-36.942
G1 X301.447 Y-37.061
G1 X307.153 Y-37.179
G1 X312.858 Y-37.298
G1 X314.885 Y-37.341
G1 X314.885 Y-37.418
; Retract
G0 Z3.000

; Path 421
; Rapid to initial position
G0 X312.421 Y-42.631
G0 Z0.000
; plunge
G1 Z-0.200 F4000
; cut
G1 X312.249 Y-42.618 F4000
; Retract
G0 Z3.000

; Path 422
; Rapid to initial position
G0 X314.941 Y-51.688
G0 Z0.000
; plunge
G1 Z-0.200 F4000
; cut
G1 X314.937 Y-48.442 F4000
G1 X314.937 Y-47.987
G1 X314.934 Y-44.667
G1 X314.930 Y-41.432
G1 X314.927 Y-40.364
G1 X314.927 Y-39.918
G1 X314.923 Y-36.610
G1 X314.920 Y-33.374
G1 X314.916 Y-30.139
G1 X314.912 Y-26.904
G1 X314.908 Y-23.669
G1 X314.906 Y-22.451
G1 X309.165 Y-22.250
G1 X303.460 Y-22.124
G1 X302.803 Y-22.110
G1 X302.617 Y-22.106
G1 X296.912 Y-21.980
G1 X293.337 Y-21.901
G1 X293.167 Y-21.897
G1 X287.462 Y-21.771
G1 X283.907 Y-21.693
G1 X283.746 Y-21.689
G1 X278.041 Y-21.563
G1 X273.373 Y-21.460
G1 X273.289 Y-21.458
; Retract
G0 Z3.000

; Path 423
; Rapid to initial position
G0 X268.090 Y-23.028
G0 Z0.000
; plunge
G1 Z-0.200 F4000
; cut
G1 X267.732 Y-22.971 F4000
G1 X265.396 Y-22.603
G1 X263.113 Y-22.241
G1 X262.234 Y-22.102
G1 X259.951 Y-21.742
G1 X257.783 Y-21.398
G1 X255.434 Y-21.027
G1 X253.973 Y-20.796
G1 X253.973 Y-20.589
G1 X253.973 Y-20.583
; Retract
G0 Z3.000

; Path 424
; Rapid to initial position
G0 X251.183 Y-16.744
G0 Z0.000
; plunge
G1 Z-0.200 F4000
; cut
G1 X251.022 Y-16.711 F4000
; Retract
G0 Z3.000

; Path 425
; Rapid to initial position
G0 X261.821 Y-17.107
G0 Z0.000
; plunge
G1 Z-0.200 F4000
; cut
G1 X261.993 Y-17.120 F4000
; Retract
G0 Z3.000

; Path 426
; Rapid to initial position
G0 X261.031 Y-21.883
G0 Z0.000
; plunge
G1 Z-0.200 F4000
; cut
G1 X261.031 Y-21.928 F4000
; Retract
G0 Z3.000

; Path 427
; Rapid to initial position
G0 X261.050 Y-21.899
G0 Z0.000
; plunge
G1 Z-0.200 F4000
; cut
G1 X261.013 Y-21.893 F4000
; Retract
G0 Z3.000

; Path 428
; Rapid to initial position
G0 X249.679 Y-36.717
G0 Z0.000
; plunge
G1 Z-0.200 F4000
; cut
G1 X249.615 Y-36.745 F4000
; Retract
G0 Z3.000

; Path 429
; Rapid to initial position
G0 X246.742 Y-38.752
G0 Z0.000
; plunge
G1 Z-0.200 F4000
; cut
G1 X246.545 Y-38.760 F4000
; Retract
G0 Z3.000

; Path 430
; Rapid to initial position
G0 X244.057 Y-43.096
G0 Z0.000
; plunge
G1 Z-0.200 F4000
; cut
G1 X244.057 Y-46.395 F4000
G1 X244.057 Y-49.630
G1 X244.057 Y-52.866
G1 X244.057 Y-56.101
G1 X244.057 Y-59.336
G1 X244.057 Y-62.571
G1 X244.057 Y-65.807
G1 X244.057 Y-66.556
G1 X244.057 Y-69.538
; Retract
G0 Z3.000

; Path 431
; Rapid to initial position
G0 X244.023 Y-69.566
G0 Z0.000
; plunge
G1 Z-0.200 F4000
; cut
G1 X244.023 Y-69.508 F4000
; Retract
G0 Z3.000

; Path 432
; Rapid to initial position
G0 X247.095 Y-69.565
G0 Z0.000
; plunge
G1 Z-0.200 F4000
; cut
G1 X247.095 Y-69.567 F4000
; Retract
G0 Z3.000

; Path 433
; Rapid to initial position
G0 X247.095 Y-69.567
G0 Z0.000
; plunge
G1 Z-0.200 F4000
; cut
G1 X247.095 Y-69.565 F4000
; Retract
G0 Z3.000

; Path 434
; Rapid to initial position
G0 X247.095 Y-69.565
G0 Z0.000
; plunge
G1 Z-0.200 F4000
; cut
G1 X247.095 Y-69.567 F4000
; Retract
G0 Z3.000

; Path 435
; Rapid to initial position
G0 X247.095 Y-69.567
G0 Z0.000
; plunge
G1 Z-0.200 F4000
; cut
G1 X247.095 Y-69.565 F4000
; Retract
G0 Z3.000

; Path 436
; Rapid to initial position
G0 X247.095 Y-69.565
G0 Z0.000
; plunge
G1 Z-0.200 F4000
; cut
G1 X247.095 Y-69.567 F4000
; Retract
G0 Z3.000

; Path 437
; Rapid to initial position
G0 X247.095 Y-69.567
G0 Z0.000
; plunge
G1 Z-0.200 F4000
; cut
G1 X247.095 Y-69.565 F4000
; Retract
G0 Z3.000

; Path 438
; Rapid to initial position
G0 X247.095 Y-69.565
G0 Z0.000
; plunge
G1 Z-0.200 F4000
; cut
G1 X247.095 Y-69.567 F4000
; Retract
G0 Z3.000

; Path 439
; Rapid to initial position
G0 X241.109 Y-72.015
G0 Z0.000
; plunge
G1 Z-0.200 F4000
; cut
G1 X241.216 Y-72.017 F4000
G1 X241.214 Y-75.252
G1 X241.211 Y-78.487
G1 X241.209 Y-81.723
G1 X241.207 Y-84.958
G1 X241.204 Y-88.193
G1 X241.204 Y-91.428
G1 X241.202 Y-94.664
G1 X241.199 Y-97.516
G1 X241.093 Y-97.526
G1 X240.646 Y-97.567
G1 X235.012 Y-98.094
G1 X229.378 Y-98.621
G1 X223.745 Y-99.147
G1 X218.031 Y-99.681
G1 X217.922 Y-99.677
; Retract
G0 Z3.000

; Path 440
; Rapid to initial position
G0 X217.922 Y-99.677
G0 Z0.000
; plunge
G1 Z-0.200 F4000
; cut
G1 X218.031 Y-99.681 F4000
G1 X223.745 Y-99.147
G1 X229.378 Y-98.621
G1 X235.012 Y-98.094
G1 X240.646 Y-97.567
G1 X241.089 Y-97.526
G1 X241.199 Y-97.516
G1 X241.202 Y-94.664
G1 X241.204 Y-91.428
G1 X241.204 Y-88.193
G1 X241.207 Y-84.958
G1 X241.209 Y-81.723
G1 X241.211 Y-78.487
G1 X241.214 Y-75.252
G1 X241.216 Y-72.017
G1 X241.109 Y-72.015
G1 X241.109 Y-72.015
; Retract
G0 Z3.000

; Path 441
; Rapid to initial position
G0 X241.109 Y-72.015
G0 Z0.000
; plunge
G1 Z-0.200 F4000
; cut
G1 X241.216 Y-72.017 F4000
G1 X241.214 Y-75.252
G1 X241.211 Y-78.487
G1 X241.209 Y-81.723
G1 X241.207 Y-84.958
G1 X241.204 Y-88.193
G1 X241.204 Y-91.428
G1 X241.202 Y-94.664
G1 X241.199 Y-97.516
G1 X241.093 Y-97.526
G1 X240.646 Y-97.567
G1 X235.012 Y-98.094
G1 X229.378 Y-98.621
G1 X223.745 Y-99.147
G1 X218.031 Y-99.681
G1 X217.922 Y-99.677
; Retract
G0 Z3.000

; Path 442
; Rapid to initial position
G0 X217.922 Y-99.677
G0 Z0.000
; plunge
G1 Z-0.200 F4000
; cut
G1 X218.031 Y-99.681 F4000
G1 X223.745 Y-99.147
G1 X229.378 Y-98.621
G1 X235.012 Y-98.094
G1 X240.646 Y-97.567
G1 X241.089 Y-97.526
G1 X241.199 Y-97.516
G1 X241.202 Y-94.664
G1 X241.204 Y-91.428
G1 X241.204 Y-88.193
G1 X241.207 Y-84.958
G1 X241.209 Y-81.723
G1 X241.211 Y-78.487
G1 X241.214 Y-75.252
G1 X241.216 Y-72.017
G1 X241.109 Y-72.015
G1 X241.109 Y-72.015
; Retract
G0 Z3.000

; Path 443
; Rapid to initial position
G0 X241.109 Y-72.015
G0 Z0.000
; plunge
G1 Z-0.200 F4000
; cut
G1 X241.216 Y-72.017 F4000
G1 X241.214 Y-75.252
G1 X241.211 Y-78.487
G1 X241.209 Y-81.723
G1 X241.207 Y-84.958
G1 X241.204 Y-88.193
G1 X241.204 Y-91.428
G1 X241.202 Y-94.664
G1 X241.199 Y-97.516
G1 X241.093 Y-97.526
G1 X240.646 Y-97.567
G1 X235.012 Y-98.094
G1 X229.378 Y-98.621
G1 X223.745 Y-99.147
G1 X218.031 Y-99.681
G1 X217.922 Y-99.677
; Retract
G0 Z3.000

; Path 444
; Rapid to initial position
G0 X217.922 Y-99.677
G0 Z0.000
; plunge
G1 Z-0.200 F4000
; cut
G1 X218.031 Y-99.681 F4000
G1 X223.745 Y-99.147
G1 X229.378 Y-98.621
G1 X235.012 Y-98.094
G1 X240.646 Y-97.567
G1 X241.089 Y-97.526
G1 X241.199 Y-97.516
G1 X241.202 Y-94.664
G1 X241.204 Y-91.428
G1 X241.204 Y-88.193
G1 X241.207 Y-84.958
G1 X241.209 Y-81.723
G1 X241.211 Y-78.487
G1 X241.214 Y-75.252
G1 X241.216 Y-72.017
G1 X241.109 Y-72.015
G1 X241.109 Y-72.015
; Retract
G0 Z3.000

; Path 445
; Rapid to initial position
G0 X241.109 Y-72.015
G0 Z0.000
; plunge
G1 Z-0.200 F4000
; cut
G1 X241.216 Y-72.017 F4000
G1 X241.214 Y-75.252
G1 X241.211 Y-78.487
G1 X241.209 Y-81.723
G1 X241.207 Y-84.958
G1 X241.204 Y-88.193
G1 X241.204 Y-91.428
G1 X241.202 Y-94.664
G1 X241.199 Y-97.516
G1 X241.093 Y-97.526
G1 X240.646 Y-97.567
G1 X235.012 Y-98.094
G1 X229.378 Y-98.621
G1 X223.745 Y-99.147
G1 X218.031 Y-99.681
G1 X217.922 Y-99.677
; Retract
G0 Z3.000

; Path 446
; Rapid to initial position
G0 X218.208 Y-102.452
G0 Z0.000
; plunge
G1 Z-0.200 F4000
; cut
G1 X218.208 Y-102.474 F4000
; Retract
G0 Z3.000

; Path 447
; Rapid to initial position
G0 X218.176 Y-102.501
G0 Z0.000
; plunge
G1 Z-0.200 F4000
; cut
G1 X212.411 Y-102.314 F4000
G1 X206.711 Y-102.120
G1 X201.012 Y-101.927
G1 X195.312 Y-101.734
G1 X189.613 Y-101.540
G1 X183.914 Y-101.347
G1 X179.541 Y-101.199
G1 X179.071 Y-101.183
G1 X178.953 Y-101.179
G1 X178.951 Y-97.931
G1 X178.949 Y-94.696
G1 X178.947 Y-91.461
G1 X178.945 Y-88.225
G1 X178.942 Y-84.990
G1 X178.941 Y-81.755
G1 X178.938 Y-78.520
G1 X178.936 Y-75.315
G1 X179.004 Y-75.311
; Retract
G0 Z3.000

; Path 448
; Rapid to initial position
G0 X179.037 Y-75.338
G0 Z0.000
; plunge
G1 Z-0.200 F4000
; cut
G1 X179.037 Y-75.266 F4000
; Retract
G0 Z3.000

; Path 449
; Rapid to initial position
G0 X181.508 Y-75.556
G0 Z0.000
; plunge
G1 Z-0.200 F4000
; cut
G1 X181.372 Y-75.548 F4000
G1 X175.687 Y-75.848
G1 X170.002 Y-76.148
G1 X164.317 Y-76.447
G1 X158.632 Y-76.746
G1 X158.326 Y-76.762
G1 X152.620 Y-76.653
G1 X146.913 Y-76.544
G1 X143.317 Y-76.475
G1 X143.151 Y-76.472
; Retract
G0 Z3.000

; Path 450
; Rapid to initial position
G0 X142.727 Y-75.486
G0 Z0.000
; plunge
G1 Z-0.200 F4000
; cut
G1 X142.688 Y-72.249 F4000
G1 X142.686 Y-69.014
G1 X142.684 Y-65.779
G1 X142.682 Y-62.544
G1 X142.679 Y-59.308
G1 X142.678 Y-56.073
G1 X142.675 Y-52.838
G1 X142.673 Y-49.624
G1 X142.778 Y-49.619
; Retract
G0 Z3.000

; Path 451
; Rapid to initial position
G0 X137.842 Y-54.819
G0 Z0.000
; plunge
G1 Z-0.200 F4000
; cut
G1 X142.594 Y-54.924 F4000
G1 X148.299 Y-55.050
G1 X148.460 Y-55.053
G1 X152.015 Y-55.132
G1 X157.720 Y-55.258
G1 X157.889 Y-55.261
G1 X161.464 Y-55.340
G1 X167.170 Y-55.466
G1 X167.356 Y-55.471
G1 X168.012 Y-55.485
G1 X173.717 Y-55.611
G1 X179.422 Y-55.737
G1 X179.461 Y-57.029
G1 X179.465 Y-60.265
G1 X179.468 Y-63.500
G1 X179.472 Y-66.735
G1 X179.476 Y-69.970
G1 X179.480 Y-73.206
G1 X179.480 Y-73.669
G1 X179.482 Y-74.793
G1 X179.486 Y-78.028
G1 X179.490 Y-81.263
G1 X179.490 Y-81.802
G1 X179.493 Y-85.038
G1 X179.493 Y-85.048
; Retract
G0 Z3.000

; Path 452
; Rapid to initial position
G0 X181.258 Y-85.814
G0 Z0.000
; plunge
G1 Z-0.200 F4000
; cut
G1 X181.632 Y-85.747 F4000
G1 X187.274 Y-84.562
G1 X192.916 Y-83.377
G1 X198.558 Y-82.191
G1 X204.200 Y-81.006
G1 X204.306 Y-80.984
; Retract
G0 Z3.000

; Path 453
; Rapid to initial position
G0 X204.800 Y-81.919
G0 Z0.000
; plunge
G1 Z-0.200 F4000
; cut
G1 X205.636 Y-81.935 F4000
G1 X205.740 Y-81.936
G1 X211.447 Y-82.045
G1 X217.153 Y-82.154
G1 X222.859 Y-82.263
G1 X228.566 Y-82.372
G1 X228.797 Y-82.377
G1 X228.964 Y-82.380
G1 X234.670 Y-82.489
G1 X240.376 Y-82.598
G1 X243.972 Y-82.666
G1 X243.972 Y-82.734
; Retract
G0 Z3.000

; Path 454
; Rapid to initial position
G0 X244.771 Y-83.541
G0 Z0.000
; plunge
G1 Z-0.200 F4000
; cut
G1 X244.931 Y-83.508 F4000
; Retract
G0 Z3.000

; Path 455
; Rapid to initial position
G0 X241.140 Y-85.237
G0 Z0.000
; plunge
G1 Z-0.200 F4000
; cut
G1 X241.140 Y-82.331 F4000
G1 X241.140 Y-81.506
G1 X241.140 Y-78.271
G1 X241.140 Y-75.035
G1 X241.140 Y-71.800
G1 X241.140 Y-68.565
G1 X241.140 Y-65.330
G1 X241.140 Y-62.094
G1 X241.140 Y-58.859
G1 X241.140 Y-58.795
; Retract
G0 Z3.000

; Path 456
; Rapid to initial position
G0 X241.140 Y-58.795
G0 Z0.000
; plunge
G1 Z-0.200 F4000
; cut
G1 X241.140 Y-62.094 F4000
G1 X241.140 Y-65.330
G1 X241.140 Y-68.565
G1 X241.140 Y-71.800
G1 X241.140 Y-75.035
G1 X241.140 Y-78.271
G1 X241.140 Y-81.506
G1 X241.140 Y-82.255
G1 X241.140 Y-85.237
; Retract
G0 Z3.000

; Path 457
; Rapid to initial position
G0 X241.140 Y-85.237
G0 Z0.000
; plunge
G1 Z-0.200 F4000
; cut
G1 X241.140 Y-82.331 F4000
G1 X241.140 Y-81.506
G1 X241.140 Y-78.271
G1 X241.140 Y-75.035
G1 X241.140 Y-71.800
G1 X241.140 Y-68.565
G1 X241.140 Y-65.330
G1 X241.140 Y-62.094
G1 X241.140 Y-58.859
G1 X241.140 Y-58.795
; Retract
G0 Z3.000

; Path 458
; Rapid to initial position
G0 X241.140 Y-58.795
G0 Z0.000
; plunge
G1 Z-0.200 F4000
; cut
G1 X241.140 Y-62.094 F4000
G1 X241.140 Y-65.330
G1 X241.140 Y-68.565
G1 X241.140 Y-71.800
G1 X241.140 Y-75.035
G1 X241.140 Y-78.271
G1 X241.140 Y-81.506
G1 X241.140 Y-82.255
G1 X241.140 Y-85.237
; Retract
G0 Z3.000

; Path 459
; Rapid to initial position
G0 X241.140 Y-85.237
G0 Z0.000
; plunge
G1 Z-0.200 F4000
; cut
G1 X241.140 Y-82.331 F4000
G1 X241.140 Y-81.506
G1 X241.140 Y-78.271
G1 X241.140 Y-75.035
G1 X241.140 Y-71.800
G1 X241.140 Y-68.565
G1 X241.140 Y-65.330
G1 X241.140 Y-62.094
G1 X241.140 Y-58.859
G1 X241.140 Y-58.795
; Retract
G0 Z3.000

; Path 460
; Rapid to initial position
G0 X241.140 Y-58.795
G0 Z0.000
; plunge
G1 Z-0.200 F4000
; cut
G1 X241.140 Y-62.094 F4000
G1 X241.140 Y-65.330
G1 X241.140 Y-68.565
G1 X241.140 Y-71.800
G1 X241.140 Y-75.035
G1 X241.140 Y-78.271
G1 X241.140 Y-81.506
G1 X241.140 Y-82.255
G1 X241.140 Y-85.237
; Retract
G0 Z3.000

; Path 461
; Rapid to initial position
G0 X241.140 Y-85.237
G0 Z0.000
; plunge
G1 Z-0.200 F4000
; cut
G1 X241.140 Y-82.331 F4000
G1 X241.140 Y-81.506
G1 X241.140 Y-78.271
G1 X241.140 Y-75.035
G1 X241.140 Y-71.800
G1 X241.140 Y-68.565
G1 X241.140 Y-65.330
G1 X241.140 Y-62.094
G1 X241.140 Y-58.859
G1 X241.140 Y-58.795
; Retract
G0 Z3.000

; Path 462
; Rapid to initial position
G0 X242.726 Y-62.231
G0 Z0.000
; plunge
G1 Z-0.200 F4000
; cut
G1 X242.871 Y-62.419 F4000
; Retract
G0 Z3.000

; Path 463
; Rapid to initial position
G0 X242.798 Y-62.351
G0 Z0.000
; plunge
G1 Z-0.200 F4000
; cut
G1 X242.798 Y-62.322 F4000
; Retract
G0 Z3.000

; Path 464
; Rapid to initial position
G0 X243.363 Y-63.507
G0 Z0.000
; plunge
G1 Z-0.200 F4000
; cut
G1 X243.428 Y-63.535 F4000
; Retract
G0 Z3.000

; Path 465
; Rapid to initial position
G0 X240.716 Y-64.937
G0 Z0.000
; plunge
G1 Z-0.200 F4000
; cut
G1 X240.528 Y-64.951 F4000
G1 X240.532 Y-73.382
G1 X240.536 Y-81.870
G1 X240.539 Y-90.358
G1 X240.543 Y-98.845
G1 X240.547 Y-107.333
G1 X240.550 Y-115.821
G1 X240.554 Y-124.309
G1 X240.558 Y-132.796
G1 X240.624 Y-132.800
; Retract
G0 Z3.000

; Path 466
; Rapid to initial position
G0 X242.393 Y-133.170
G0 Z0.000
; plunge
G1 Z-0.200 F4000
; cut
G1 X248.082 Y-132.816 F4000
G1 X252.741 Y-132.590
G1 X252.902 Y-132.582
G1 X258.615 Y-132.305
G1 X262.185 Y-132.132
G1 X262.354 Y-132.124
G1 X268.071 Y-131.846
G1 X271.711 Y-131.670
G1 X277.417 Y-131.788
G1 X283.123 Y-131.908
G1 X287.341 Y-131.995
G1 X287.505 Y-131.999
G1 X293.240 Y-132.118
G1 X298.946 Y-132.237
G1 X304.652 Y-132.355
G1 X310.358 Y-132.474
G1 X312.384 Y-132.517
G1 X312.384 Y-132.594
; Retract
G0 Z3.000

; Path 467
; Rapid to initial position
G0 X310.030 Y-132.982
G0 Z0.000
; plunge
G1 Z-0.200 F4000
; cut
G1 X309.787 Y-132.964 F4000
G1 X299.612 Y-133.750
G1 X289.438 Y-134.536
G1 X279.263 Y-135.321
G1 X269.089 Y-136.107
G1 X268.541 Y-136.148
G1 X258.329 Y-135.862
G1 X248.116 Y-135.576
G1 X241.680 Y-135.395
G1 X241.383 Y-135.387
; Retract
G0 Z3.000

; Path 468
; Rapid to initial position
G0 X244.044 Y-133.936
G0 Z0.000
; plunge
G1 Z-0.200 F4000
; cut
G1 X244.241 Y-133.928 F4000
; Retract
G0 Z3.000

; Path 469
; Rapid to initial position
G0 X244.255 Y-133.078
G0 Z0.000
; plunge
G1 Z-0.200 F4000
; cut
G1 X242.756 Y-133.352 F4000
G1 X240.473 Y-133.769
G1 X240.089 Y-133.840
G1 X237.806 Y-134.257
G1 X235.523 Y-134.674
G1 X234.122 Y-134.063
G1 X233.321 Y-133.714
G1 X231.046 Y-132.722
G1 X228.771 Y-131.729
G1 X226.496 Y-130.737
G1 X224.220 Y-129.744
G1 X224.166 Y-129.772
; Retract
G0 Z3.000

; Path 470
; Rapid to initial position
G0 X223.278 Y-132.333
G0 Z0.000
; plunge
G1 Z-0.200 F4000
; cut
G1 X228.030 Y-132.438 F4000
G1 X233.735 Y-132.564
G1 X233.896 Y-132.568
G1 X237.451 Y-132.646
G1 X243.156 Y-132.772
G1 X243.325 Y-132.776
G1 X246.901 Y-132.855
G1 X252.606 Y-132.981
G1 X252.792 Y-132.985
G1 X253.448 Y-132.999
G1 X259.153 Y-133.126
G1 X264.858 Y-133.251
G1 X264.897 Y-134.544
G1 X264.901 Y-137.779
G1 X264.905 Y-141.014
G1 X264.909 Y-144.250
G1 X264.912 Y-147.485
G1 X264.916 Y-150.720
G1 X264.916 Y-151.183
G1 X264.918 Y-152.307
G1 X264.922 Y-155.542
G1 X264.926 Y-158.778
G1 X264.926 Y-159.317
G1 X264.929 Y-162.552
G1 X264.929 Y-162.563
; Retract
G0 Z3.000

; Path 471
; Rapid to initial position
G0 X260.799 Y-161.129
G0 Z0.000
; plunge
G1 Z-0.200 F4000
; cut
G1 X266.484 Y-160.830 F4000
G1 X272.169 Y-160.532
G1 X277.855 Y-160.233
G1 X283.057 Y-159.959
G1 X283.192 Y-159.952
G1 X283.981 Y-159.910
; Retract
G0 Z3.000

; Path 472
; Rapid to initial position
G0 X283.941 Y-159.565
G0 Z0.000
; plunge
G1 Z-0.200 F4000
; cut
G1 X284.021 Y-159.562 F4000
; Retract
G0 Z3.000

; Path 473
; Rapid to initial position
G0 X282.532 Y-158.422
G0 Z0.000
; plunge
G1 Z-0.200 F4000
; cut
G1 X282.905 Y-158.356 F4000
G1 X288.547 Y-157.170
G1 X294.189 Y-155.985
G1 X299.831 Y-154.800
G1 X305.473 Y-153.615
G1 X305.579 Y-153.593
; Retract
G0 Z3.000

; Path 474
; Rapid to initial position
G0 X306.073 Y-154.527
G0 Z0.000
; plunge
G1 Z-0.200 F4000
; cut
G1 X306.909 Y-154.543 F4000
G1 X307.013 Y-154.545
G1 X312.720 Y-154.654
G1 X318.426 Y-154.763
G1 X324.132 Y-154.872
G1 X329.839 Y-154.981
G1 X330.071 Y-154.985
G1 X330.237 Y-154.988
G1 X335.943 Y-155.097
G1 X341.649 Y-155.206
G1 X345.245 Y-155.275
G1 X345.245 Y-155.343
; Retract
G0 Z3.000

; Path 475
; Rapid to initial position
G0 X344.497 Y-161.820
G0 Z0.000
; plunge
G1 Z-0.200 F4000
; cut
G1 X344.497 Y-165.120 F4000
G1 X344.497 Y-168.355
G1 X344.497 Y-171.590
G1 X344.497 Y-174.826
G1 X344.497 Y-178.061
G1 X344.497 Y-181.296
G1 X344.497 Y-184.531
G1 X344.497 Y-185.281
G1 X344.497 Y-188.263
; Retract
G0 Z3.000

; Path 476
; Rapid to initial position
G0 X344.462 Y-188.291
G0 Z0.000
; plunge
G1 Z-0.200 F4000
; cut
G1 X344.462 Y-188.233 F4000
; Retract
G0 Z3.000

; Path 477
; Rapid to initial position
G0 X350.867 Y-191.419
G0 Z0.000
; plunge
G1 Z-0.200 F4000
; cut
G1 X350.976 Y-191.423 F4000
G1 X356.690 Y-190.889
G1 X362.323 Y-190.362
G1 X367.957 Y-189.836
G1 X373.591 Y-189.309
G1 X374.034 Y-189.268
G1 X374.145 Y-189.258
G1 X374.147 Y-186.405
G1 X374.150 Y-183.170
G1 X374.150 Y-179.935
G1 X374.152 Y-176.700
G1 X374.155 Y-173.465
G1 X374.158 Y-170.229
G1 X374.160 Y-166.994
G1 X374.163 Y-163.759
G1 X374.056 Y-163.757
G1 X374.056 Y-163.757
; Retract
G0 Z3.000

; Path 478
; Rapid to initial position
G0 X374.000 Y-163.713
G0 Z0.000
; plunge
G1 Z-0.200 F4000
; cut
G1 X374.000 Y-163.655 F4000
; Retract
G0 Z3.000

; Path 479
; Rapid to initial position
G0 X380.043 Y-161.309
G0 Z0.000
; plunge
G1 Z-0.200 F4000
; cut
G1 X380.043 Y-161.307 F4000
; Retract
G0 Z3.000

; Path 480
; Rapid to initial position
G0 X379.470 Y-159.836
G0 Z0.000
; plunge
G1 Z-0.200 F4000
; cut
G1 X379.470 Y-159.778 F4000
; Retract
G0 Z3.000

; Path 481
; Rapid to initial position
G0 X379.505 Y-159.808
G0 Z0.000
; plunge
G1 Z-0.200 F4000
; cut
G1 X379.505 Y-156.902 F4000
G1 X379.505 Y-156.077
G1 X379.505 Y-152.841
G1 X379.505 Y-149.606
G1 X379.505 Y-146.371
G1 X379.505 Y-143.136
G1 X379.505 Y-139.901
G1 X379.505 Y-136.665
G1 X379.505 Y-133.430
G1 X379.505 Y-133.366
; Retract
G0 Z3.000

; Path 482
; Rapid to initial position
G0 X379.837 Y-136.700
G0 Z0.000
; plunge
G1 Z-0.200 F4000
; cut
G1 X376.240 Y-136.563 F4000
G1 X370.534 Y-136.454
G1 X364.828 Y-136.346
G1 X364.662 Y-136.343
G1 X364.430 Y-136.338
G1 X358.723 Y-136.229
G1 X353.017 Y-136.120
G1 X347.311 Y-136.011
G1 X341.604 Y-135.902
G1 X341.500 Y-135.900
G1 X340.664 Y-135.884
; Retract
G0 Z3.000

; Path 483
; Rapid to initial position
G0 X340.170 Y-134.950
G0 Z0.000
; plunge
G1 Z-0.200 F4000
; cut
G1 X340.064 Y-134.972 F4000
G1 X334.422 Y-136.157
G1 X328.780 Y-137.342
G1 X323.138 Y-138.528
G1 X317.496 Y-139.713
G1 X317.166 Y-139.783
G1 X317.123 Y-139.779
; Retract
G0 Z3.000

; Path 484
; Rapid to initial position
G0 X316.694 Y-140.887
G0 Z0.000
; plunge
G1 Z-0.200 F4000
; cut
G1 X316.804 Y-140.891 F4000
G1 X322.518 Y-140.357
G1 X328.151 Y-139.831
G1 X333.785 Y-139.304
G1 X339.418 Y-138.778
G1 X339.861 Y-138.736
G1 X339.972 Y-138.726
G1 X339.974 Y-135.874
G1 X339.977 Y-132.639
G1 X339.977 Y-129.403
G1 X339.979 Y-126.168
G1 X339.981 Y-122.933
G1 X339.984 Y-119.698
G1 X339.986 Y-116.462
G1 X339.989 Y-113.227
G1 X339.882 Y-113.225
G1 X339.882 Y-113.225
; Retract
G0 Z3.000

; Path 485
; Rapid to initial position
G0 X339.826 Y-113.182
G0 Z0.000
; plunge
G1 Z-0.200 F4000
; cut
G1 X339.826 Y-113.124 F4000
; Retract
G0 Z3.000

; Path 486
; Rapid to initial position
G0 X338.628 Y-115.624
G0 Z0.000
; plunge
G1 Z-0.200 F4000
; cut
G1 X338.628 Y-115.682 F4000
; Retract
G0 Z3.000

; Path 487
; Rapid to initial position
G0 X338.662 Y-115.654
G0 Z0.000
; plunge
G1 Z-0.200 F4000
; cut
G1 X338.662 Y-112.748 F4000
G1 X338.662 Y-111.923
G1 X338.662 Y-108.688
G1 X338.662 Y-105.452
G1 X338.662 Y-102.217
G1 X338.662 Y-98.982
G1 X338.662 Y-95.747
G1 X338.662 Y-92.511
G1 X338.662 Y-89.276
G1 X338.662 Y-89.212
; Retract
G0 Z3.000

; Path 488
; Rapid to initial position
G0 X338.964 Y-89.457
G0 Z0.000
; plunge
G1 Z-0.200 F4000
; cut
G1 X338.493 Y-89.501 F4000
G1 X332.859 Y-90.028
G1 X327.225 Y-90.554
G1 X321.592 Y-91.080
G1 X315.959 Y-91.607
G1 X310.603 Y-92.107
G1 X304.907 Y-91.884
G1 X299.211 Y-91.661
G1 X293.515 Y-91.438
G1 X287.819 Y-91.215
G1 X282.123 Y-90.992
G1 X276.427 Y-90.769
G1 X270.731 Y-90.546
G1 X269.508 Y-90.498
G1 X269.010 Y-90.479
G1 X269.010 Y-90.473
; Retract
G0 Z3.000

; Path 489
; Rapid to initial position
G0 X264.121 Y-90.142
G0 Z0.000
; plunge
G1 Z-0.200 F4000
; cut
G1 X268.873 Y-90.247 F4000
G1 X274.578 Y-90.373
G1 X274.739 Y-90.376
G1 X278.293 Y-90.455
G1 X283.998 Y-90.581
G1 X284.168 Y-90.584
G1 X287.743 Y-90.663
G1 X293.448 Y-90.789
G1 X293.634 Y-90.794
G1 X294.291 Y-90.808
G1 X299.996 Y-90.934
G1 X305.701 Y-91.060
G1 X305.739 Y-92.352
G1 X305.743 Y-95.588
G1 X305.747 Y-98.823
G1 X305.751 Y-102.058
G1 X305.755 Y-105.293
G1 X305.759 Y-108.529
G1 X305.759 Y-108.992
G1 X305.761 Y-110.116
G1 X305.765 Y-113.351
G1 X305.768 Y-116.586
G1 X305.768 Y-117.125
G1 X305.772 Y-120.361
G1 X305.772 Y-120.371
; Retract
G0 Z3.000

; Path 490
; Rapid to initial position
G0 X306.966 Y-116.894
G0 Z0.000
; plunge
G1 Z-0.200 F4000
; cut
G1 X304.940 Y-116.775 F4000
G1 X299.234 Y-116.656
G1 X293.528 Y-116.538
G1 X287.822 Y-116.419
G1 X282.117 Y-116.300
G1 X281.954 Y-116.297
G1 X277.705 Y-116.208
G1 X271.999 Y-116.089
G1 X266.293 Y-115.971
G1 X262.653 Y-116.147
G1 X256.964 Y-116.423
G1 X256.794 Y-116.431
G1 X253.197 Y-116.606
G1 X247.508 Y-116.882
G1 X247.347 Y-116.889
G1 X242.664 Y-117.117
G1 X236.975 Y-117.393
G1 X236.975 Y-117.471
; Retract
G0 Z3.000

; Path 491
; Rapid to initial position
G0 X238.626 Y-118.237
G0 Z0.000
; plunge
G1 Z-0.200 F4000
; cut
G1 X238.823 Y-118.229 F4000
; Retract
G0 Z3.000

; Path 492
; Rapid to initial position
G0 X236.865 Y-126.989
G0 Z0.000
; plunge
G1 Z-0.200 F4000
; cut
G1 X239.186 Y-128.003 F4000
G1 X241.461 Y-128.996
G1 X243.736 Y-129.989
G1 X246.011 Y-130.981
G1 X246.855 Y-131.350
G1 X248.221 Y-131.947
G1 X248.235 Y-131.943
; Retract
G0 Z3.000

; Path 493
; Rapid to initial position
G0 X246.968 Y-131.549
G0 Z0.000
; plunge
G1 Z-0.200 F4000
; cut
G1 X246.863 Y-131.554 F4000
G1 X246.866 Y-134.768
G1 X246.868 Y-138.003
G1 X246.870 Y-141.238
G1 X246.872 Y-144.474
G1 X246.875 Y-147.709
G1 X246.876 Y-150.944
G1 X246.879 Y-154.179
G1 X246.881 Y-157.415
G1 X246.917 Y-157.416
; Retract
G0 Z3.000

; Path 494
; Rapid to initial position
G0 X246.862 Y-157.801
G0 Z0.000
; plunge
G1 Z-0.200 F4000
; cut
G1 X246.862 Y-157.846 F4000
; Retract
G0 Z3.000

; Path 495
; Rapid to initial position
G0 X246.843 Y-157.835
G0 Z0.000
; plunge
G1 Z-0.200 F4000
; cut
G1 X246.880 Y-157.829 F4000
; Retract
G0 Z3.000

; Path 496
; Rapid to initial position
G0 X247.342 Y-158.402
G0 Z0.000
; plunge
G1 Z-0.200 F4000
; cut
G1 X247.508 Y-158.405 F4000
G1 X251.104 Y-158.474
G1 X256.810 Y-158.583
G1 X262.517 Y-158.692
G1 X262.823 Y-158.676
G1 X268.508 Y-158.377
G1 X274.193 Y-158.077
G1 X279.878 Y-157.778
G1 X285.563 Y-157.478
G1 X285.699 Y-157.471
G1 X285.699 Y-157.485
; Retract
G0 Z3.000

; Path 497
; Rapid to initial position
G0 X287.286 Y-157.159
G0 Z0.000
; plunge
G1 Z-0.200 F4000
; cut
G1 X286.814 Y-157.204 F4000
G1 X281.180 Y-157.730
G1 X275.547 Y-158.256
G1 X269.913 Y-158.783
G1 X264.280 Y-159.309
G1 X258.925 Y-159.810
G1 X253.229 Y-159.587
G1 X247.533 Y-159.364
G1 X241.836 Y-159.141
G1 X236.140 Y-158.917
G1 X230.445 Y-158.694
G1 X224.749 Y-158.472
G1 X219.053 Y-158.248
G1 X217.830 Y-158.200
G1 X217.331 Y-158.181
G1 X217.331 Y-158.176
; Retract
G0 Z3.000

; Path 498
; Rapid to initial position
G0 X220.599 Y-159.584
G0 Z0.000
; plunge
G1 Z-0.200 F4000
; cut
G1 X220.759 Y-159.550 F4000
; Retract
G0 Z3.000

; Path 499
; Rapid to initial position
G0 X223.549 Y-155.711
G0 Z0.000
; plunge
G1 Z-0.200 F4000
; cut
G1 X223.549 Y-155.498 F4000
G1 X225.011 Y-155.267
G1 X227.295 Y-154.906
G1 X229.527 Y-154.553
G1 X231.811 Y-154.192
G1 X232.689 Y-154.053
G1 X234.973 Y-153.691
G1 X237.256 Y-153.331
G1 X237.667 Y-153.266
; Retract
G0 Z3.000

; Path 500
; Rapid to initial position
G0 X239.090 Y-154.713
G0 Z0.000
; plunge
G1 Z-0.200 F4000
; cut
G1 X239.086 Y-151.467 F4000
G1 X239.086 Y-151.013
G1 X239.083 Y-147.693
G1 X239.079 Y-144.457
G1 X239.077 Y-143.390
G1 X239.077 Y-142.944
G1 X239.073 Y-139.635
G1 X239.069 Y-136.400
G1 X239.065 Y-133.165
G1 X239.061 Y-129.930
G1 X239.058 Y-126.694
G1 X239.055 Y-125.477
G1 X233.314 Y-125.276
G1 X227.609 Y-125.150
G1 X226.953 Y-125.136
G1 X226.766 Y-125.131
G1 X221.061 Y-125.005
G1 X217.486 Y-124.926
G1 X217.317 Y-124.923
G1 X211.612 Y-124.796
G1 X208.057 Y-124.718
G1 X207.896 Y-124.715
G1 X202.191 Y-124.588
G1 X197.522 Y-124.486
G1 X197.439 Y-124.484
; Retract
G0 Z3.000

; Path 501
; Rapid to initial position
G0 X196.953 Y-123.570
G0 Z0.000
; plunge
G1 Z-0.200 F4000
; cut
G1 X196.953 Y-123.548 F4000
; Retract
G0 Z3.000

; Path 502
; Rapid to initial position
G0 X194.105 Y-130.371
G0 Z0.000
; plunge
G1 Z-0.200 F4000
; cut
G1 X198.857 Y-130.476 F4000
G1 X204.562 Y-130.602
G1 X204.723 Y-130.605
G1 X208.277 Y-130.684
G1 X213.982 Y-130.810
G1 X214.152 Y-130.813
G1 X217.727 Y-130.892
G1 X223.432 Y-131.019
G1 X223.618 Y-131.023
G1 X224.275 Y-131.037
G1 X229.980 Y-131.163
G1 X235.685 Y-131.289
G1 X235.723 Y-132.582
G1 X235.727 Y-135.817
G1 X235.731 Y-139.052
G1 X235.735 Y-142.287
G1 X235.739 Y-145.522
G1 X235.743 Y-148.758
G1 X235.743 Y-149.221
G1 X235.745 Y-150.345
G1 X235.749 Y-153.580
G1 X235.752 Y-156.815
G1 X235.752 Y-157.354
G1 X235.756 Y-160.590
G1 X235.756 Y-160.600
; Retract
G0 Z3.000

; Path 503
; Rapid to initial position
G0 X236.852 Y-163.018
G0 Z0.000
; plunge
G1 Z-0.200 F4000
; cut
G1 X237.013 Y-162.984 F4000
; Retract
G0 Z3.000

; Path 504
; Rapid to initial position
G0 X232.723 Y-162.377
G0 Z0.000
; plunge
G1 Z-0.200 F4000
; cut
G1 X233.559 Y-162.393 F4000
G1 X233.663 Y-162.394
G1 X239.370 Y-162.504
G1 X245.076 Y-162.613
G1 X250.782 Y-162.721
G1 X256.489 Y-162.830
G1 X256.720 Y-162.835
G1 X256.887 Y-162.838
G1 X262.593 Y-162.947
G1 X268.299 Y-163.056
G1 X271.895 Y-163.124
G1 X271.895 Y-163.192
; Retract
G0 Z3.000

; Path 505
; Rapid to initial position
G0 X271.811 Y-161.974
G0 Z0.000
; plunge
G1 Z-0.200 F4000
; cut
G1 X271.811 Y-161.721 F4000
; Retract
G0 Z3.000

; Path 506
; Rapid to initial position
G0 X269.955 Y-162.750
G0 Z0.000
; plunge
G1 Z-0.200 F4000
; cut
G1 X274.707 Y-162.855 F4000
G1 X280.412 Y-162.981
G1 X280.573 Y-162.985
G1 X284.128 Y-163.063
G1 X289.833 Y-163.189
G1 X290.003 Y-163.193
G1 X293.578 Y-163.272
G1 X299.283 Y-163.398
G1 X299.469 Y-163.402
G1 X300.126 Y-163.416
G1 X305.831 Y-163.543
G1 X311.536 Y-163.668
G1 X311.574 Y-164.961
G1 X311.578 Y-168.196
G1 X311.582 Y-171.431
G1 X311.586 Y-174.667
G1 X311.589 Y-177.902
G1 X311.593 Y-181.137
G1 X311.593 Y-181.600
G1 X311.596 Y-182.724
G1 X311.600 Y-185.959
G1 X311.603 Y-189.195
G1 X311.603 Y-189.734
G1 X311.606 Y-192.969
G1 X311.606 Y-192.980
; Retract
G0 Z3.000

; Path 507
; Rapid to initial position
G0 X311.288 Y-193.255
G0 Z0.000
; plunge
G1 Z-0.200 F4000
; cut
G1 X311.662 Y-193.188 F4000
G1 X317.304 Y-192.003
G1 X322.946 Y-190.818
G1 X328.588 Y-189.632
G1 X334.230 Y-188.447
G1 X334.336 Y-188.425
; Retract
G0 Z3.000

; Path 508
; Rapid to initial position
G0 X334.829 Y-189.360
G0 Z0.000
; plunge
G1 Z-0.200 F4000
; cut
G1 X335.666 Y-189.376 F4000
G1 X335.770 Y-189.377
G1 X341.476 Y-189.486
G1 X347.182 Y-189.595
G1 X352.889 Y-189.704
G1 X358.595 Y-189.813
G1 X358.827 Y-189.818
G1 X358.993 Y-189.821
G1 X364.699 Y-189.930
G1 X370.406 Y-190.039
G1 X374.002 Y-190.107
G1 X374.002 Y-190.175
; Retract
G0 Z3.000

; Path 509
; Rapid to initial position
G0 X374.834 Y-192.601
G0 Z0.000
; plunge
G1 Z-0.200 F4000
; cut
G1 X374.834 Y-192.659 F4000
; Retract
G0 Z3.000

; Path 510
; Rapid to initial position
G0 X374.890 Y-192.702
G0 Z0.000
; plunge
G1 Z-0.200 F4000
; cut
G1 X374.997 Y-192.704 F4000
G1 X374.994 Y-195.939
G1 X374.991 Y-199.175
G1 X374.989 Y-202.410
G1 X374.986 Y-205.645
G1 X374.983 Y-208.880
G1 X374.983 Y-212.116
G1 X374.981 Y-215.351
G1 X374.978 Y-218.203
G1 X374.871 Y-218.213
G1 X374.424 Y-218.255
G1 X368.791 Y-218.781
G1 X363.157 Y-219.308
G1 X357.524 Y-219.834
G1 X351.810 Y-220.368
G1 X351.700 Y-220.364
; Retract
G0 Z3.000

; Path 511
; Rapid to initial position
G0 X363.209 Y-219.754
G0 Z0.000
; plunge
G1 Z-0.200 F4000
; cut
G1 X357.444 Y-219.567 F4000
G1 X351.744 Y-219.373
G1 X346.045 Y-219.180
G1 X340.345 Y-218.987
G1 X334.646 Y-218.793
G1 X328.947 Y-218.600
G1 X324.574 Y-218.452
G1 X324.104 Y-218.436
G1 X323.986 Y-218.432
G1 X323.984 Y-215.184
G1 X323.982 Y-211.949
G1 X323.980 Y-208.714
G1 X323.978 Y-205.478
G1 X323.975 Y-202.243
G1 X323.974 Y-199.008
G1 X323.971 Y-195.773
G1 X323.969 Y-192.567
G1 X324.037 Y-192.564
; Retract
G0 Z3.000

; Path 512
; Rapid to initial position
G0 X324.070 Y-192.591
G0 Z0.000
; plunge
G1 Z-0.200 F4000
; cut
G1 X324.070 Y-192.519 F4000
; Retract
G0 Z3.000

; Path 513
; Rapid to initial position
G0 X325.736 Y-186.986
G0 Z0.000
; plunge
G1 Z-0.200 F4000
; cut
G1 X325.631 Y-186.992 F4000
G1 X325.634 Y-190.205
G1 X325.636 Y-193.441
G1 X325.638 Y-196.676
G1 X325.640 Y-199.911
G1 X325.643 Y-203.146
G1 X325.644 Y-206.382
G1 X325.646 Y-209.617
G1 X325.649 Y-212.852
G1 X325.685 Y-212.853
; Retract
G0 Z3.000

; Path 514
; Rapid to initial position
G0 X326.110 Y-213.840
G0 Z0.000
; plunge
G1 Z-0.200 F4000
; cut
G1 X326.276 Y-213.843 F4000
G1 X329.872 Y-213.912
G1 X335.578 Y-214.021
G1 X341.285 Y-214.130
G1 X341.591 Y-214.114
G1 X347.276 Y-213.814
G1 X352.961 Y-213.515
G1 X358.646 Y-213.215
G1 X364.331 Y-212.916
G1 X364.467 Y-212.909
G1 X364.467 Y-212.923
; Retract
G0 Z3.000

; Path 515
; Rapid to initial position
G0 X363.241 Y-219.705
G0 Z0.000
; plunge
G1 Z-0.200 F4000
; cut
G1 X363.241 Y-219.727 F4000
; Retract
G0 Z3.000

; Path 516
; Rapid to initial position
G0 X364.908 Y-227.064
G0 Z0.000
; plunge
G1 Z-0.200 F4000
; cut
G1 X364.908 Y-227.086 F4000
; Retract
G0 Z3.000

; Path 517
; Rapid to initial position
G0 X367.755 Y-230.016
G0 Z0.000
; plunge
G1 Z-0.200 F4000
; cut
G1 X367.899 Y-230.204 F4000
; Retract
G0 Z3.000

; Path 518
; Rapid to initial position
G0 X367.827 Y-230.135
G0 Z0.000
; plunge
G1 Z-0.200 F4000
; cut
G1 X367.827 Y-230.107 F4000
; Retract
G0 Z3.000

; Path 519
; Rapid to initial position
G0 X376.503 Y-226.479
G0 Z0.000
; plunge
G1 Z-0.200 F4000
; cut
G1 X372.906 Y-226.343 F4000
G1 X367.200 Y-226.234
G1 X361.494 Y-226.125
G1 X361.328 Y-226.122
G1 X361.096 Y-226.117
G1 X355.389 Y-226.008
G1 X349.683 Y-225.900
G1 X343.977 Y-225.791
G1 X338.270 Y-225.682
G1 X338.166 Y-225.680
G1 X337.330 Y-225.664
; Retract
G0 Z3.000

; Path 520
; Rapid to initial position
G0 X336.836 Y-224.730
G0 Z0.000
; plunge
G1 Z-0.200 F4000
; cut
G1 X336.730 Y-224.751 F4000
G1 X331.088 Y-225.937
G1 X325.446 Y-227.122
G1 X319.804 Y-228.307
G1 X314.162 Y-229.492
G1 X313.832 Y-229.563
G1 X313.789 Y-229.559
; Retract
G0 Z3.000

; Path 521
; Rapid to initial position
G0 X310.865 Y-229.459
G0 Z0.000
; plunge
G1 Z-0.200 F4000
; cut
G1 X310.865 Y-229.933 F4000
; Retract
G0 Z3.000

; Path 522
; Rapid to initial position
G0 X316.956 Y-231.075
G0 Z0.000
; plunge
G1 Z-0.200 F4000
; cut
G1 X316.820 Y-231.068 F4000
G1 X311.135 Y-231.368
G1 X305.450 Y-231.667
G1 X299.765 Y-231.966
G1 X294.080 Y-232.266
G1 X293.774 Y-232.282
G1 X288.068 Y-232.173
G1 X282.361 Y-232.064
G1 X278.765 Y-231.995
G1 X278.599 Y-231.992
; Retract
G0 Z3.000

; Path 523
; Rapid to initial position
G0 X278.175 Y-231.006
G0 Z0.000
; plunge
G1 Z-0.200 F4000
; cut
G1 X278.136 Y-227.769 F4000
G1 X278.133 Y-224.534
G1 X278.132 Y-221.299
G1 X278.129 Y-218.063
G1 X278.127 Y-214.828
G1 X278.125 Y-211.593
G1 X278.123 Y-208.358
G1 X278.121 Y-205.144
G1 X278.226 Y-205.139
; Retract
G0 Z3.000

; Path 524
; Rapid to initial position
G0 X276.685 Y-204.665
G0 Z0.000
; plunge
G1 Z-0.200 F4000
; cut
G1 X276.795 Y-204.669 F4000
G1 X282.509 Y-204.135
G1 X288.142 Y-203.609
G1 X293.775 Y-203.082
G1 X299.409 Y-202.555
G1 X299.852 Y-202.514
G1 X299.963 Y-202.504
G1 X299.965 Y-199.652
G1 X299.968 Y-196.416
G1 X299.968 Y-193.181
G1 X299.970 Y-189.946
G1 X299.972 Y-186.711
G1 X299.975 Y-183.475
G1 X299.977 Y-180.240
G1 X299.979 Y-177.005
G1 X299.873 Y-177.003
G1 X299.873 Y-177.003
; Retract
G0 Z3.000

; Path 525
; Rapid to initial position
G0 X299.816 Y-176.960
G0 Z0.000
; plunge
G1 Z-0.200 F4000
; cut
G1 X299.816 Y-176.902 F4000
; Retract
G0 Z3.000

; Path 526
; Rapid to initial position
G0 X300.622 Y-177.274
G0 Z0.000
; plunge
G1 Z-0.200 F4000
; cut
G1 X300.150 Y-177.318 F4000
G1 X294.517 Y-177.845
G1 X288.883 Y-178.371
G1 X283.250 Y-178.897
G1 X277.617 Y-179.424
G1 X272.261 Y-179.924
G1 X266.565 Y-179.701
G1 X260.869 Y-179.478
G1 X255.173 Y-179.255
G1 X249.477 Y-179.032
G1 X243.781 Y-178.809
G1 X238.085 Y-178.586
G1 X232.389 Y-178.363
G1 X231.166 Y-178.315
G1 X230.668 Y-178.296
G1 X230.668 Y-178.290
; Retract
G0 Z3.000

; Path 527
; Rapid to initial position
G0 X229.364 Y-179.483
G0 Z0.000
; plunge
G1 Z-0.200 F4000
; cut
G1 X231.684 Y-180.497 F4000
G1 X233.959 Y-181.490
G1 X236.235 Y-182.483
G1 X238.510 Y-183.475
G1 X239.353 Y-183.844
G1 X240.719 Y-184.441
G1 X240.733 Y-184.437
; Retract
G0 Z3.000

; Path 528
; Rapid to initial position
G0 X242.007 Y-183.658
G0 Z0.000
; plunge
G1 Z-0.200 F4000
; cut
G1 X242.004 Y-180.413 F4000
G1 X242.004 Y-179.958
G1 X242.000 Y-176.638
G1 X241.996 Y-173.403
G1 X241.994 Y-172.335
G1 X241.994 Y-171.889
G1 X241.990 Y-168.581
G1 X241.987 Y-165.345
G1 X241.983 Y-162.110
G1 X241.979 Y-158.875
G1 X241.975 Y-155.640
G1 X241.973 Y-154.422
G1 X236.232 Y-154.221
G1 X230.527 Y-154.095
G1 X229.870 Y-154.081
G1 X229.684 Y-154.077
G1 X223.979 Y-153.950
G1 X220.403 Y-153.872
G1 X220.234 Y-153.868
G1 X214.529 Y-153.742
G1 X210.974 Y-153.664
G1 X210.813 Y-153.660
G1 X205.108 Y-153.534
G1 X200.439 Y-153.431
G1 X200.356 Y-153.429
; Retract
G0 Z3.000

; Path 529
; Rapid to initial position
G0 X202.869 Y-155.242
G0 Z0.000
; plunge
G1 Z-0.200 F4000
; cut
G1 X208.554 Y-154.943 F4000
G1 X214.239 Y-154.644
G1 X219.925 Y-154.345
G1 X225.127 Y-154.072
G1 X225.263 Y-154.065
G1 X226.051 Y-154.023
; Retract
G0 Z3.000

; Path 530
; Rapid to initial position
G0 X226.011 Y-153.678
G0 Z0.000
; plunge
G1 Z-0.200 F4000
; cut
G1 X226.091 Y-153.675 F4000
; Retract
G0 Z3.000

; Path 531
; Rapid to initial position
G0 X224.047 Y-152.645
G0 Z0.000
; plunge
G1 Z-0.200 F4000
; cut
G1 X223.942 Y-152.650 F4000
G1 X223.944 Y-155.864
G1 X223.946 Y-159.099
G1 X223.948 Y-162.334
G1 X223.950 Y-165.569
G1 X223.953 Y-168.805
G1 X223.954 Y-172.040
G1 X223.957 Y-175.275
G1 X223.959 Y-178.510
G1 X223.996 Y-178.512
; Retract
G0 Z3.000

; Path 532
; Rapid to initial position
G0 X224.420 Y-179.498
G0 Z0.000
; plunge
G1 Z-0.200 F4000
; cut
G1 X224.586 Y-179.501 F4000
G1 X228.182 Y-179.570
G1 X233.889 Y-179.679
G1 X239.595 Y-179.788
G1 X239.901 Y-179.772
G1 X245.586 Y-179.472
G1 X251.271 Y-179.173
G1 X256.956 Y-178.874
G1 X262.641 Y-178.574
G1 X262.777 Y-178.567
G1 X262.777 Y-178.581
; Retract
G0 Z3.000

; Path 533
; Rapid to initial position
G0 X265.729 Y-180.463
G0 Z0.000
; plunge
G1 Z-0.200 F4000
; cut
G1 X265.729 Y-183.763 F4000
G1 X265.729 Y-186.998
G1 X265.729 Y-190.233
G1 X265.729 Y-193.468
G1 X265.729 Y-196.704
G1 X265.729 Y-199.939
G1 X265.729 Y-203.174
G1 X265.729 Y-203.923
G1 X265.729 Y-206.905
; Retract
G0 Z3.000

; Path 534
; Rapid to initial position
G0 X265.695 Y-206.933
G0 Z0.000
; plunge
G1 Z-0.200 F4000
; cut
G1 X265.695 Y-206.875 F4000
; Retract
G0 Z3.000

; Path 535
; Rapid to initial position
G0 X263.059 Y-203.675
G0 Z0.000
; plunge
G1 Z-0.200 F4000
; cut
G1 X263.059 Y-203.421 F4000
; Retract
G0 Z3.000

; Path 536
; Rapid to initial position
G0 X262.758 Y-203.311
G0 Z0.000
; plunge
G1 Z-0.200 F4000
; cut
G1 X263.257 Y-203.335 F4000
G1 X264.480 Y-203.383
G1 X270.176 Y-203.607
G1 X275.872 Y-203.829
G1 X281.568 Y-204.052
G1 X287.263 Y-204.276
G1 X292.960 Y-204.499
G1 X298.656 Y-204.722
G1 X304.352 Y-204.945
G1 X309.707 Y-204.444
G1 X315.340 Y-203.918
G1 X320.974 Y-203.391
G1 X326.608 Y-202.865
G1 X332.241 Y-202.339
G1 X332.713 Y-202.294
G1 X332.713 Y-202.294
; Retract
G0 Z3.000

; Path 537
; Rapid to initial position
G0 X332.785 Y-202.093
G0 Z0.000
; plunge
G1 Z-0.200 F4000
; cut
G1 X327.020 Y-201.905 F4000
G1 X321.320 Y-201.712
G1 X315.621 Y-201.518
G1 X309.922 Y-201.325
G1 X304.223 Y-201.132
G1 X298.523 Y-200.938
G1 X294.151 Y-200.790
G1 X293.680 Y-200.774
G1 X293.563 Y-200.770
G1 X293.560 Y-197.522
G1 X293.558 Y-194.287
G1 X293.556 Y-191.052
G1 X293.554 Y-187.817
G1 X293.552 Y-184.582
G1 X293.550 Y-181.346
G1 X293.548 Y-178.111
G1 X293.545 Y-174.906
G1 X293.614 Y-174.902
; Retract
G0 Z3.000

; Path 538
; Rapid to initial position
G0 X293.646 Y-174.930
G0 Z0.000
; plunge
G1 Z-0.200 F4000
; cut
G1 X293.646 Y-174.857 F4000
; Retract
G0 Z3.000

; Path 539
; Rapid to initial position
G0 X293.066 Y-172.276
G0 Z0.000
; plunge
G1 Z-0.200 F4000
; cut
G1 X293.066 Y-172.023 F4000
; Retract
G0 Z3.000

; Path 540
; Rapid to initial position
G0 X291.533 Y-173.185
G0 Z0.000
; plunge
G1 Z-0.200 F4000
; cut
G1 X291.397 Y-173.177 F4000
G1 X285.712 Y-173.477
G1 X280.027 Y-173.777
G1 X274.342 Y-174.076
G1 X268.657 Y-174.375
G1 X268.351 Y-174.391
G1 X262.645 Y-174.282
G1 X256.938 Y-174.173
G1 X253.342 Y-174.104
G1 X253.176 Y-174.101
; Retract
G0 Z3.000

; Path 541
; Rapid to initial position
G0 X252.809 Y-173.595
G0 Z0.000
; plunge
G1 Z-0.200 F4000
; cut
G1 X252.809 Y-176.894 F4000
G1 X252.809 Y-180.130
G1 X252.809 Y-183.365
G1 X252.809 Y-186.600
G1 X252.809 Y-189.835
G1 X252.809 Y-193.070
G1 X252.809 Y-196.306
G1 X252.809 Y-197.055
G1 X252.809 Y-200.037
; Retract
G0 Z3.000

; Path 542
; Rapid to initial position
G0 X252.775 Y-200.065
G0 Z0.000
; plunge
G1 Z-0.200 F4000
; cut
G1 X252.775 Y-200.007 F4000
; Retract
G0 Z3.000

; Path 543
; Rapid to initial position
G0 X254.070 Y-204.552
G0 Z0.000
; plunge
G1 Z-0.200 F4000
; cut
G1 X252.701 Y-203.963 F4000
G1 X251.846 Y-203.590
G1 X249.571 Y-202.597
G1 X247.296 Y-201.604
G1 X245.021 Y-200.611
G1 X242.745 Y-199.618
G1 X242.700 Y-199.598
; Retract
G0 Z3.000

; Path 544
; Rapid to initial position
G0 X243.067 Y-201.572
G0 Z0.000
; plunge
G1 Z-0.200 F4000
; cut
G1 X243.239 Y-201.585 F4000
; Retract
G0 Z3.000

; Path 545
; Rapid to initial position
G0 X244.305 Y-202.931
G0 Z0.000
; plunge
G1 Z-0.200 F4000
; cut
G1 X244.305 Y-203.184 F4000
; Retract
G0 Z3.000

; Path 546
; Rapid to initial position
G0 X240.094 Y-204.827
G0 Z0.000
; plunge
G1 Z-0.200 F4000
; cut
G1 X240.029 Y-204.799 F4000
; Retract
G0 Z3.000

; Path 547
; Rapid to initial position
G0 X237.105 Y-206.501
G0 Z0.000
; plunge
G1 Z-0.200 F4000
; cut
G1 X237.478 Y-206.434 F4000
G1 X243.120 Y-205.249
G1 X248.762 Y-204.064
G1 X254.404 Y-202.879
G1 X260.046 Y-201.693
G1 X260.152 Y-201.672
; Retract
G0 Z3.000

; Path 548
; Rapid to initial position
G0 X260.646 Y-202.606
G0 Z0.000
; plunge
G1 Z-0.200 F4000
; cut
G1 X261.482 Y-202.622 F4000
G1 X261.586 Y-202.624
G1 X267.293 Y-202.733
G1 X272.999 Y-202.842
G1 X278.705 Y-202.950
G1 X284.412 Y-203.059
G1 X284.644 Y-203.064
G1 X284.810 Y-203.067
G1 X290.516 Y-203.176
G1 X296.222 Y-203.285
G1 X299.818 Y-203.353
G1 X299.818 Y-203.421
; Retract
G0 Z3.000

; Path 549
; Rapid to initial position
G0 X295.319 Y-204.993
G0 Z0.000
; plunge
G1 Z-0.200 F4000
; cut
G1 X295.319 Y-208.293 F4000
G1 X295.319 Y-211.528
G1 X295.319 Y-214.763
G1 X295.319 Y-217.998
G1 X295.319 Y-221.234
G1 X295.319 Y-224.469
G1 X295.319 Y-227.704
G1 X295.319 Y-228.453
G1 X295.319 Y-231.435
; Retract
G0 Z3.000

; Path 550
; Rapid to initial position
G0 X295.285 Y-231.463
G0 Z0.000
; plunge
G1 Z-0.200 F4000
; cut
G1 X295.285 Y-231.405 F4000
; Retract
G0 Z3.000

; Path 551
; Rapid to initial position
G0 X296.186 Y-236.152
G0 Z0.000
; plunge
G1 Z-0.200 F4000
; cut
G1 X296.183 Y-232.907 F4000
G1 X296.183 Y-232.452
G1 X296.179 Y-229.132
G1 X296.175 Y-225.897
G1 X296.173 Y-224.829
G1 X296.173 Y-224.383
G1 X296.169 Y-221.075
G1 X296.166 Y-217.839
G1 X296.162 Y-214.604
G1 X296.158 Y-211.369
G1 X296.154 Y-208.134
G1 X296.152 Y-206.916
G1 X290.411 Y-206.715
G1 X284.706 Y-206.589
G1 X284.049 Y-206.575
G1 X283.863 Y-206.571
G1 X278.158 Y-206.444
G1 X274.582 Y-206.366
G1 X274.413 Y-206.362
G1 X268.708 Y-206.236
G1 X265.153 Y-206.158
G1 X264.992 Y-206.154
G1 X259.287 Y-206.028
G1 X254.618 Y-205.925
G1 X254.535 Y-205.923
; Retract
G0 Z3.000

; Path 552
; Rapid to initial position
G0 X257.359 Y-204.480
G0 Z0.000
; plunge
G1 Z-0.200 F4000
; cut
G1 X257.359 Y-204.422 F4000
; Retract
G0 Z3.000

; Path 553
; Rapid to initial position
G0 X257.394 Y-204.452
G0 Z0.000
; plunge
G1 Z-0.200 F4000
; cut
G1 X257.394 Y-201.547 F4000
G1 X257.394 Y-200.721
G1 X257.394 Y-197.486
G1 X257.394 Y-194.251
G1 X257.394 Y-191.015
G1 X257.394 Y-187.780
G1 X257.394 Y-184.545
G1 X257.394 Y-181.310
G1 X257.394 Y-178.074
G1 X257.394 Y-178.010
; Retract
G0 Z3.000

; Path 554
; Rapid to initial position
G0 X258.107 Y-173.320
G0 Z0.000
; plunge
G1 Z-0.200 F4000
; cut
G1 X258.268 Y-173.287 F4000
; Retract
G0 Z3.000

; Path 555
; Rapid to initial position
G0 X259.338 Y-172.399
G0 Z0.000
; plunge
G1 Z-0.200 F4000
; cut
G1 X258.980 Y-172.456 F4000
G1 X256.644 Y-172.825
G1 X254.361 Y-173.186
G1 X253.482 Y-173.326
G1 X251.199 Y-173.686
G1 X249.031 Y-174.029
G1 X246.682 Y-174.400
G1 X245.221 Y-174.632
G1 X245.221 Y-174.839
G1 X245.221 Y-174.844
; Retract
G0 Z3.000

; Path 556
; Rapid to initial position
G0 X249.020 Y-176.865
G0 Z0.000
; plunge
G1 Z-0.200 F4000
; cut
G1 X248.954 Y-180.073 F4000
G1 X248.957 Y-183.309
G1 X248.958 Y-186.544
G1 X248.961 Y-189.779
G1 X248.963 Y-193.014
G1 X248.964 Y-196.250
G1 X248.967 Y-199.485
G1 X248.969 Y-202.720
G1 X249.087 Y-202.736
G1 X249.557 Y-202.753
G1 X253.930 Y-202.901
G1 X259.629 Y-203.094
G1 X265.328 Y-203.288
G1 X271.028 Y-203.481
G1 X276.727 Y-203.674
G1 X282.427 Y-203.868
G1 X288.126 Y-204.061
G1 X288.192 Y-204.055
; Retract
G0 Z3.000

; Path 557
; Rapid to initial position
G0 X288.224 Y-204.028
G0 Z0.000
; plunge
G1 Z-0.200 F4000
; cut
G1 X288.224 Y-204.006 F4000
; Retract
G0 Z3.000

; Path 558
; Rapid to initial position
G0 X288.095 Y-207.232
G0 Z0.000
; plunge
G1 Z-0.200 F4000
; cut
G1 X287.736 Y-207.288 F4000
G1 X285.401 Y-207.657
G1 X283.117 Y-208.019
G1 X282.239 Y-208.158
G1 X279.955 Y-208.518
G1 X277.787 Y-208.861
G1 X275.439 Y-209.232
G1 X273.977 Y-209.464
G1 X273.977 Y-209.671
G1 X273.977 Y-209.676
; Retract
G0 Z3.000

; Path 559
; Rapid to initial position
G0 X271.187 Y-213.516
G0 Z0.000
; plunge
G1 Z-0.200 F4000
; cut
G1 X271.027 Y-213.549 F4000
; Retract
G0 Z3.000

; Path 560
; Rapid to initial position
G0 X264.131 Y-212.921
G0 Z0.000
; plunge
G1 Z-0.200 F4000
; cut
G1 X263.888 Y-212.917 F4000
G1 X263.643 Y-212.912
; Retract
G0 Z3.000

; Path 561
; Rapid to initial position
G0 X263.274 Y-213.515
G0 Z0.000
; plunge
G1 Z-0.200 F4000
; cut
G1 X263.267 Y-204.999 F4000
G1 X263.267 Y-203.807
G1 X263.267 Y-203.584
G1 X263.261 Y-195.096
G1 X263.254 Y-186.609
G1 X263.250 Y-183.807
G1 X263.250 Y-183.667
G1 X263.250 Y-182.638
G1 X263.250 Y-182.445
G1 X263.243 Y-173.958
G1 X263.237 Y-165.470
G1 X263.230 Y-156.982
G1 X263.223 Y-148.494
G1 X263.216 Y-140.007
G1 X263.212 Y-136.813
G1 X263.212 Y-136.645
G1 X252.937 Y-136.285
G1 X242.727 Y-135.954
G1 X241.552 Y-135.917
G1 X241.219 Y-135.906
G1 X231.009 Y-135.575
G1 X224.610 Y-135.368
G1 X224.307 Y-135.359
G1 X214.096 Y-135.028
G1 X207.735 Y-134.822
G1 X207.446 Y-134.813
G1 X197.236 Y-134.482
G1 X188.881 Y-134.212
G1 X188.732 Y-134.207
; Retract
G0 Z3.000

; Path 562
; Rapid to initial position
G0 X194.873 Y-141.361
G0 Z0.000
; plunge
G1 Z-0.200 F4000
; cut
G1 X194.768 Y-141.366 F4000
G1 X194.771 Y-144.580
G1 X194.773 Y-147.815
G1 X194.775 Y-151.050
G1 X194.777 Y-154.286
G1 X194.779 Y-157.521
G1 X194.781 Y-160.756
G1 X194.783 Y-163.991
G1 X194.786 Y-167.226
G1 X194.822 Y-167.228
; Retract
G0 Z3.000

; Path 563
; Rapid to initial position
G0 X195.246 Y-168.214
G0 Z0.000
; plunge
G1 Z-0.200 F4000
; cut
G1 X195.413 Y-168.217 F4000
G1 X199.008 Y-168.286
G1 X204.715 Y-168.395
G1 X210.421 Y-168.504
G1 X210.727 Y-168.488
G1 X216.412 Y-168.189
G1 X222.097 Y-167.889
G1 X227.782 Y-167.590
G1 X233.467 Y-167.290
G1 X233.603 Y-167.283
G1 X233.603 Y-167.297
; Retract
G0 Z3.000

; Path 564
; Rapid to initial position
G0 X232.042 Y-166.526
G0 Z0.000
; plunge
G1 Z-0.200 F4000
; cut
G1 X237.727 Y-166.227 F4000
G1 X243.412 Y-165.928
G1 X249.098 Y-165.629
G1 X254.300 Y-165.355
G1 X254.436 Y-165.348
G1 X255.224 Y-165.307
; Retract
G0 Z3.000

; Path 565
; Rapid to initial position
G0 X255.184 Y-164.962
G0 Z0.000
; plunge
G1 Z-0.200 F4000
; cut
G1 X255.265 Y-164.958 F4000
; Retract
G0 Z3.000

; Path 566
; Rapid to initial position
G0 X256.967 Y-169.664
G0 Z0.000
; plunge
G1 Z-0.200 F4000
; cut
G1 X256.967 Y-169.686 F4000
; Retract
G0 Z3.000

; Path 567
; Rapid to initial position
G0 X256.935 Y-169.713
G0 Z0.000
; plunge
G1 Z-0.200 F4000
; cut
G1 X251.170 Y-169.526 F4000
G1 X245.470 Y-169.332
G1 X239.770 Y-169.139
G1 X234.071 Y-168.946
G1 X228.372 Y-168.752
G1 X222.673 Y-168.559
G1 X218.300 Y-168.411
G1 X217.830 Y-168.395
G1 X217.712 Y-168.391
G1 X217.710 Y-165.143
G1 X217.707 Y-161.908
G1 X217.706 Y-158.673
G1 X217.703 Y-155.437
G1 X217.701 Y-152.202
G1 X217.699 Y-148.967
G1 X217.697 Y-145.732
G1 X217.695 Y-142.526
G1 X217.763 Y-142.523
; Retract
G0 Z3.000

; Path 568
; Rapid to initial position
G0 X217.795 Y-142.550
G0 Z0.000
; plunge
G1 Z-0.200 F4000
; cut
G1 X217.795 Y-142.478 F4000
; Retract
G0 Z3.000

; Path 569
; Rapid to initial position
G0 X217.644 Y-143.682
G0 Z0.000
; plunge
G1 Z-0.200 F4000
; cut
G1 X217.816 Y-143.694 F4000
; Retract
G0 Z3.000

; Path 570
; Rapid to initial position
G0 X219.589 Y-144.627
G0 Z0.000
; plunge
G1 Z-0.200 F4000
; cut
G1 X219.589 Y-144.628 F4000
; Retract
G0 Z3.000

; Path 571
; Rapid to initial position
G0 X219.256 Y-139.577
G0 Z0.000
; plunge
G1 Z-0.200 F4000
; cut
G1 X219.191 Y-139.549 F4000
; Retract
G0 Z3.000

; Path 572
; Rapid to initial position
G0 X221.130 Y-136.663
G0 Z0.000
; plunge
G1 Z-0.200 F4000
; cut
G1 X221.130 Y-136.591 F4000
; Retract
G0 Z3.000

; Path 573
; Rapid to initial position
G0 X221.097 Y-136.636
G0 Z0.000
; plunge
G1 Z-0.200 F4000
; cut
G1 X221.031 Y-139.844 F4000
G1 X221.034 Y-143.080
G1 X221.035 Y-146.315
G1 X221.037 Y-149.550
G1 X221.040 Y-152.785
G1 X221.041 Y-156.021
G1 X221.044 Y-159.256
G1 X221.046 Y-162.491
G1 X221.164 Y-162.507
G1 X221.634 Y-162.524
G1 X226.007 Y-162.672
G1 X231.706 Y-162.865
G1 X237.405 Y-163.059
G1 X243.105 Y-163.252
G1 X248.804 Y-163.445
G1 X254.504 Y-163.639
G1 X260.203 Y-163.832
G1 X260.269 Y-163.826
; Retract
G0 Z3.000

; Path 574
; Rapid to initial position
G0 X260.301 Y-163.799
G0 Z0.000
; plunge
G1 Z-0.200 F4000
; cut
G1 X260.301 Y-163.777 F4000
; Retract
G0 Z3.000

; Path 575
; Rapid to initial position
G0 X260.580 Y-163.957
G0 Z0.000
; plunge
G1 Z-0.200 F4000
; cut
G1 X260.391 Y-164.015 F4000
G1 X250.293 Y-167.124
G1 X240.196 Y-170.234
G1 X230.098 Y-173.343
G1 X220.001 Y-176.452
G1 X219.411 Y-176.637
G1 X219.333 Y-176.627
; Retract
G0 Z3.000

; Path 576
; Rapid to initial position
G0 X219.883 Y-175.136
G0 Z0.000
; plunge
G1 Z-0.200 F4000
; cut
G1 X220.128 Y-175.141 F4000
G1 X220.371 Y-175.145
; Retract
G0 Z3.000

; Path 577
; Rapid to initial position
G0 X213.549 Y-173.495
G0 Z0.000
; plunge
G1 Z-0.200 F4000
; cut
G1 X209.952 Y-173.358 F4000
G1 X204.246 Y-173.249
G1 X198.540 Y-173.141
G1 X198.374 Y-173.137
G1 X198.142 Y-173.133
G1 X192.435 Y-173.024
G1 X186.729 Y-172.915
G1 X181.023 Y-172.806
G1 X175.316 Y-172.697
G1 X175.212 Y-172.695
G1 X174.376 Y-172.679
; Retract
G0 Z3.000

; Path 578
; Rapid to initial position
G0 X174.239 Y-173.307
G0 Z0.000
; plunge
G1 Z-0.200 F4000
; cut
G1 X172.740 Y-173.581 F4000
G1 X170.457 Y-173.998
G1 X170.073 Y-174.069
G1 X167.790 Y-174.486
G1 X165.507 Y-174.903
G1 X164.106 Y-174.292
G1 X163.305 Y-173.943
G1 X161.030 Y-172.951
G1 X158.755 Y-171.958
G1 X156.480 Y-170.966
G1 X154.204 Y-169.973
G1 X154.150 Y-170.001
; Retract
G0 Z3.000

; Path 579
; Rapid to initial position
G0 X157.484 Y-164.114
G0 Z0.000
; plunge
G1 Z-0.200 F4000
; cut
G1 X159.814 Y-165.079 F4000
G1 X162.089 Y-166.071
G1 X164.364 Y-167.064
G1 X166.639 Y-168.055
G1 X167.428 Y-168.400
G1 X168.841 Y-169.016
G1 X171.124 Y-168.599
G1 X173.407 Y-168.182
G1 X173.717 Y-168.125
G1 X176.074 Y-167.694
G1 X177.505 Y-167.432
G1 X177.573 Y-167.420
; Retract
G0 Z3.000

; Path 580
; Rapid to initial position
G0 X173.808 Y-170.723
G0 Z0.000
; plunge
G1 Z-0.200 F4000
; cut
G1 X173.611 Y-170.731 F4000
; Retract
G0 Z3.000

; Path 581
; Rapid to initial position
G0 X173.882 Y-171.745
G0 Z0.000
; plunge
G1 Z-0.200 F4000
; cut
G1 X173.776 Y-171.767 F4000
G1 X168.134 Y-172.952
G1 X162.492 Y-174.137
G1 X156.850 Y-175.323
G1 X151.208 Y-176.508
G1 X150.878 Y-176.578
G1 X150.835 Y-176.574
; Retract
G0 Z3.000

; Path 582
; Rapid to initial position
G0 X144.874 Y-177.384
G0 Z0.000
; plunge
G1 Z-0.200 F4000
; cut
G1 X144.759 Y-177.311 F4000
; Retract
G0 Z3.000

; Path 583
; Rapid to initial position
G0 X143.927 Y-178.993
G0 Z0.000
; plunge
G1 Z-0.200 F4000
; cut
G1 X146.248 Y-180.006 F4000
G1 X148.523 Y-180.999
G1 X150.798 Y-181.992
G1 X153.073 Y-182.985
G1 X153.917 Y-183.354
G1 X155.283 Y-183.950
G1 X155.297 Y-183.947
; Retract
G0 Z3.000

; Path 584
; Rapid to initial position
G0 X151.317 Y-185.081
G0 Z0.000
; plunge
G1 Z-0.200 F4000
; cut
G1 X149.818 Y-185.356 F4000
G1 X147.535 Y-185.773
G1 X147.151 Y-185.844
G1 X144.868 Y-186.261
G1 X142.585 Y-186.678
G1 X141.184 Y-186.067
G1 X140.383 Y-185.717
G1 X138.108 Y-184.725
G1 X135.833 Y-183.732
G1 X133.558 Y-182.740
G1 X131.283 Y-181.747
G1 X131.228 Y-181.775
; Retract
G0 Z3.000

; Path 585
; Rapid to initial position
G0 X130.251 Y-181.418
G0 Z0.000
; plunge
G1 Z-0.200 F4000
; cut
G1 X130.357 Y-181.420 F4000
G1 X130.355 Y-184.656
G1 X130.353 Y-187.891
G1 X130.350 Y-191.126
G1 X130.348 Y-194.361
G1 X130.345 Y-197.597
G1 X130.345 Y-200.832
G1 X130.343 Y-204.067
G1 X130.341 Y-206.919
G1 X130.234 Y-206.929
G1 X129.787 Y-206.971
G1 X124.153 Y-207.497
G1 X118.520 Y-208.024
G1 X112.887 Y-208.550
G1 X107.173 Y-209.084
G1 X107.063 Y-209.081
; Retract
G0 Z3.000

; Path 586
; Rapid to initial position
G0 X109.980 Y-211.534
G0 Z0.000
; plunge
G1 Z-0.200 F4000
; cut
G1 X110.090 Y-211.537 F4000
G1 X115.804 Y-211.003
G1 X121.437 Y-210.477
G1 X127.071 Y-209.950
G1 X132.704 Y-209.424
G1 X133.147 Y-209.382
G1 X133.258 Y-209.372
G1 X133.260 Y-206.520
G1 X133.263 Y-203.285
G1 X133.263 Y-200.050
G1 X133.265 Y-196.814
G1 X133.268 Y-193.579
G1 X133.270 Y-190.344
G1 X133.272 Y-187.109
G1 X133.275 Y-183.873
G1 X133.168 Y-183.871
G1 X133.168 Y-183.871
; Retract
G0 Z3.000

; Path 587
; Rapid to initial position
G0 X133.112 Y-183.828
G0 Z0.000
; plunge
G1 Z-0.200 F4000
; cut
G1 X133.112 Y-183.770 F4000
; Retract
G0 Z3.000

; Path 588
; Rapid to initial position
G0 X130.194 Y-181.375
G0 Z0.000
; plunge
G1 Z-0.200 F4000
; cut
G1 X130.194 Y-181.317 F4000
; Retract
G0 Z3.000

; Path 589
; Rapid to initial position
G0 X136.237 Y-178.970
G0 Z0.000
; plunge
G1 Z-0.200 F4000
; cut
G1 X136.237 Y-178.969 F4000
; Retract
G0 Z3.000

; Path 590
; Rapid to initial position
G0 X139.154 Y-181.422
G0 Z0.000
; plunge
G1 Z-0.200 F4000
; cut
G1 X139.154 Y-181.423 F4000
; Retract
G0 Z3.000

; Path 591
; Rapid to initial position
G0 X141.257 Y-184.194
G0 Z0.000
; plunge
G1 Z-0.200 F4000
; cut
G1 X141.321 Y-184.222 F4000
; Retract
G0 Z3.000

; Path 592
; Rapid to initial position
G0 X149.578 Y-184.307
G0 Z0.000
; plunge
G1 Z-0.200 F4000
; cut
G1 X149.578 Y-183.834 F4000
; Retract
G0 Z3.000

; Path 593
; Rapid to initial position
G0 X149.872 Y-191.061
G0 Z0.000
; plunge
G1 Z-0.200 F4000
; cut
G1 X155.561 Y-190.707 F4000
G1 X160.220 Y-190.481
G1 X160.381 Y-190.473
G1 X166.094 Y-190.196
G1 X169.664 Y-190.022
G1 X169.833 Y-190.014
G1 X175.550 Y-189.737
G1 X179.190 Y-189.560
G1 X184.896 Y-189.679
G1 X190.602 Y-189.798
G1 X194.820 Y-189.886
G1 X194.983 Y-189.889
G1 X200.719 Y-190.009
G1 X206.425 Y-190.127
G1 X212.131 Y-190.246
G1 X217.837 Y-190.365
G1 X219.863 Y-190.407
G1 X219.863 Y-190.484
; Retract
G0 Z3.000

; Path 594
; Rapid to initial position
G0 X214.538 Y-192.037
G0 Z0.000
; plunge
G1 Z-0.200 F4000
; cut
G1 X220.223 Y-191.738 F4000
G1 X225.908 Y-191.439
G1 X231.594 Y-191.140
G1 X236.796 Y-190.867
G1 X236.932 Y-190.859
G1 X237.720 Y-190.818
; Retract
G0 Z3.000

; Path 595
; Rapid to initial position
G0 X237.680 Y-190.473
G0 Z0.000
; plunge
G1 Z-0.200 F4000
; cut
G1 X237.761 Y-190.469 F4000
; Retract
G0 Z3.000

; Path 596
; Rapid to initial position
G0 X235.640 Y-191.322
G0 Z0.000
; plunge
G1 Z-0.200 F4000
; cut
G1 X236.476 Y-191.338 F4000
G1 X236.580 Y-191.340
G1 X242.287 Y-191.449
G1 X247.993 Y-191.558
G1 X253.699 Y-191.667
G1 X259.406 Y-191.776
G1 X259.638 Y-191.780
G1 X259.804 Y-191.783
G1 X265.510 Y-191.892
G1 X271.216 Y-192.001
G1 X274.813 Y-192.070
G1 X274.813 Y-192.138
; Retract
G0 Z3.000

; Path 597
; Rapid to initial position
G0 X276.445 Y-196.378
G0 Z0.000
; plunge
G1 Z-0.200 F4000
; cut
G1 X276.605 Y-196.345 F4000
; Retract
G0 Z3.000

; Path 598
; Rapid to initial position
G0 X273.831 Y-197.706
G0 Z0.000
; plunge
G1 Z-0.200 F4000
; cut
G1 X273.634 Y-197.714 F4000
; Retract
G0 Z3.000

; Path 599
; Rapid to initial position
G0 X271.983 Y-196.948
G0 Z0.000
; plunge
G1 Z-0.200 F4000
; cut
G1 X277.672 Y-196.594 F4000
G1 X282.331 Y-196.368
G1 X282.492 Y-196.360
G1 X288.205 Y-196.083
G1 X291.775 Y-195.910
G1 X291.945 Y-195.901
G1 X297.661 Y-195.624
G1 X301.301 Y-195.447
G1 X307.007 Y-195.566
G1 X312.713 Y-195.685
G1 X316.931 Y-195.773
G1 X317.095 Y-195.776
G1 X322.830 Y-195.896
G1 X328.536 Y-196.014
G1 X334.242 Y-196.133
G1 X339.948 Y-196.252
G1 X341.974 Y-196.294
G1 X341.974 Y-196.371
; Retract
G0 Z3.000

; Path 600
; Rapid to initial position
G0 X344.412 Y-201.459
G0 Z0.000
; plunge
G1 Z-0.200 F4000
; cut
G1 X340.816 Y-201.322 F4000
G1 X335.109 Y-201.213
G1 X329.403 Y-201.105
G1 X329.237 Y-201.101
G1 X329.005 Y-201.097
G1 X323.299 Y-200.988
G1 X317.592 Y-200.879
G1 X311.886 Y-200.770
G1 X306.180 Y-200.661
G1 X306.076 Y-200.659
G1 X305.239 Y-200.643
; Retract
G0 Z3.000

; Path 601
; Rapid to initial position
G0 X304.746 Y-199.709
G0 Z0.000
; plunge
G1 Z-0.200 F4000
; cut
G1 X304.640 Y-199.731 F4000
G1 X298.998 Y-200.916
G1 X293.356 Y-202.101
G1 X287.713 Y-203.287
G1 X282.071 Y-204.472
G1 X281.742 Y-204.542
G1 X281.698 Y-204.538
; Retract
G0 Z3.000

; Path 602
; Rapid to initial position
G0 X281.036 Y-208.332
G0 Z0.000
; plunge
G1 Z-0.200 F4000
; cut
G1 X281.036 Y-208.377 F4000
; Retract
G0 Z3.000

; Path 603
; Rapid to initial position
G0 X281.017 Y-208.367
G0 Z0.000
; plunge
G1 Z-0.200 F4000
; cut
G1 X281.055 Y-208.361 F4000
; Retract
G0 Z3.000

; Path 604
; Rapid to initial position
G0 X280.442 Y-211.798
G0 Z0.000
; plunge
G1 Z-0.200 F4000
; cut
G1 X280.442 Y-212.271 F4000
; Retract
G0 Z3.000

; Path 605
; Rapid to initial position
G0 X278.226 Y-218.030
G0 Z0.000
; plunge
G1 Z-0.200 F4000
; cut
G1 X278.226 Y-218.102 F4000
; Retract
G0 Z3.000

; Path 606
; Rapid to initial position
G0 X278.194 Y-218.075
G0 Z0.000
; plunge
G1 Z-0.200 F4000
; cut
G1 X278.128 Y-221.284 F4000
G1 X278.130 Y-224.519
G1 X278.131 Y-227.754
G1 X278.134 Y-230.989
G1 X278.136 Y-234.225
G1 X278.138 Y-237.460
G1 X278.140 Y-240.695
G1 X278.143 Y-243.930
G1 X278.260 Y-243.947
G1 X278.731 Y-243.963
G1 X283.103 Y-244.111
G1 X288.802 Y-244.304
G1 X294.502 Y-244.498
G1 X300.201 Y-244.691
G1 X305.900 Y-244.884
G1 X311.600 Y-245.078
G1 X317.299 Y-245.271
G1 X317.365 Y-245.265
; Retract
G0 Z3.000

; Path 607
; Rapid to initial position
G0 X317.397 Y-245.238
G0 Z0.000
; plunge
G1 Z-0.200 F4000
; cut
G1 X317.397 Y-245.216 F4000
; Retract
G0 Z3.000

; Path 608
; Rapid to initial position
G0 X312.532 Y-237.292
G0 Z0.000
; plunge
G1 Z-0.200 F4000
; cut
G1 X312.532 Y-236.818 F4000
; Retract
G0 Z3.000

; Path 609
; Rapid to initial position
G0 X306.819 Y-241.197
G0 Z0.000
; plunge
G1 Z-0.200 F4000
; cut
G1 X306.819 Y-241.451 F4000
; Retract
G0 Z3.000

; Path 610
; Rapid to initial position
G0 X305.858 Y-245.875
G0 Z0.000
; plunge
G1 Z-0.200 F4000
; cut
G1 X305.968 Y-245.879 F4000
G1 X311.682 Y-245.345
G1 X317.315 Y-244.819
G1 X322.949 Y-244.292
G1 X328.582 Y-243.766
G1 X329.025 Y-243.724
G1 X329.136 Y-243.714
G1 X329.139 Y-240.862
G1 X329.141 Y-237.627
G1 X329.141 Y-234.391
G1 X329.143 Y-231.156
G1 X329.146 Y-227.921
G1 X329.148 Y-224.686
G1 X329.150 Y-221.450
G1 X329.153 Y-218.215
G1 X329.046 Y-218.213
G1 X329.046 Y-218.213
; Retract
G0 Z3.000

; Path 611
; Rapid to initial position
G0 X328.990 Y-218.170
G0 Z0.000
; plunge
G1 Z-0.200 F4000
; cut
G1 X328.990 Y-218.112 F4000
; Retract
G0 Z3.000

; Path 612
; Rapid to initial position
G0 X328.654 Y-216.422
G0 Z0.000
; plunge
G1 Z-0.200 F4000
; cut
G1 X328.549 Y-216.427 F4000
G1 X328.551 Y-219.641
G1 X328.554 Y-222.877
G1 X328.555 Y-226.112
G1 X328.557 Y-229.347
G1 X328.560 Y-232.582
G1 X328.561 Y-235.818
G1 X328.564 Y-239.053
G1 X328.566 Y-242.288
G1 X328.603 Y-242.289
; Retract
G0 Z3.000

; Path 613
; Rapid to initial position
G0 X329.027 Y-243.275
G0 Z0.000
; plunge
G1 Z-0.200 F4000
; cut
G1 X329.193 Y-243.279 F4000
G1 X332.789 Y-243.348
G1 X338.496 Y-243.457
G1 X344.202 Y-243.566
G1 X344.508 Y-243.550
G1 X350.193 Y-243.250
G1 X355.878 Y-242.951
G1 X361.563 Y-242.651
G1 X367.248 Y-242.352
G1 X367.384 Y-242.345
G1 X367.384 Y-242.359
; Retract
G0 Z3.000

; Path 614
; Rapid to initial position
G0 X379.470 Y-242.689
G0 Z0.000
; plunge
G1 Z-0.200 F4000
; cut
G1 X379.470 Y-242.747 F4000
; Retract
G0 Z3.000

; Path 615
; Rapid to initial position
G0 X379.505 Y-242.719
G0 Z0.000
; plunge
G1 Z-0.200 F4000
; cut
G1 X379.505 Y-239.813 F4000
G1 X379.505 Y-238.988
G1 X379.505 Y-235.753
G1 X379.505 Y-232.517
G1 X379.505 Y-229.282
G1 X379.505 Y-226.047
G1 X379.505 Y-222.812
G1 X379.505 Y-219.576
G1 X379.505 Y-216.341
G1 X379.505 Y-216.277
; Retract
G0 Z3.000

; Path 616
; Rapid to initial position
G0 X376.588 Y-213.283
G0 Z0.000
; plunge
G1 Z-0.200 F4000
; cut
G1 X376.588 Y-210.377 F4000
G1 X376.588 Y-209.552
G1 X376.588 Y-206.317
G1 X376.588 Y-203.081
G1 X376.588 Y-199.846
G1 X376.588 Y-196.611
G1 X376.588 Y-193.376
G1 X376.588 Y-190.140
G1 X376.588 Y-186.905
G1 X376.588 Y-186.841
; Retract
G0 Z3.000

; Path 617
; Rapid to initial position
G0 X380.876 Y-190.253
G0 Z0.000
; plunge
G1 Z-0.200 F4000
; cut
G1 X380.876 Y-190.254 F4000
; Retract
G0 Z3.000

; Path 618
; Rapid to initial position
G0 X382.543 Y-197.612
G0 Z0.000
; plunge
G1 Z-0.200 F4000
; cut
G1 X382.543 Y-197.613 F4000
; Retract
G0 Z3.000

; Path 619
; Rapid to initial position
G0 X376.553 Y-213.253
G0 Z0.000
; plunge
G1 Z-0.200 F4000
; cut
G1 X376.553 Y-213.311 F4000
; Retract
G0 Z3.000

; Path 620
; Rapid to initial position
G0 X374.836 Y-219.120
G0 Z0.000
; plunge
G1 Z-0.200 F4000
; cut
G1 X371.239 Y-218.984 F4000
G1 X365.533 Y-218.875
G1 X359.827 Y-218.766
G1 X359.661 Y-218.763
G1 X359.429 Y-218.758
G1 X353.722 Y-218.649
G1 X348.016 Y-218.541
G1 X342.310 Y-218.432
G1 X336.603 Y-218.323
G1 X336.499 Y-218.321
G1 X335.663 Y-218.305
; Retract
G0 Z3.000

; Path 621
; Rapid to initial position
G0 X335.169 Y-217.371
G0 Z0.000
; plunge
G1 Z-0.200 F4000
; cut
G1 X335.063 Y-217.392 F4000
G1 X329.421 Y-218.578
G1 X323.779 Y-219.763
G1 X318.137 Y-220.948
G1 X312.495 Y-222.133
G1 X312.165 Y-222.204
G1 X312.122 Y-222.200
; Retract
G0 Z3.000

; Path 622
; Rapid to initial position
G0 X309.403 Y-217.801
G0 Z0.000
; plunge
G1 Z-0.200 F4000
; cut
G1 X308.615 Y-217.842 F4000
G1 X308.479 Y-217.849
G1 X303.277 Y-218.123
G1 X297.591 Y-218.422
G1 X291.906 Y-218.721
G1 X286.221 Y-219.020
; Retract
G0 Z3.000

; Path 623
; Rapid to initial position
G0 X283.713 Y-218.920
G0 Z0.000
; plunge
G1 Z-0.200 F4000
; cut
G1 X283.569 Y-218.732 F4000
; Retract
G0 Z3.000

; Path 624
; Rapid to initial position
G0 X283.641 Y-218.823
G0 Z0.000
; plunge
G1 Z-0.200 F4000
; cut
G1 X283.641 Y-218.852 F4000
; Retract
G0 Z3.000

; Path 625
; Rapid to initial position
G0 X293.495 Y-212.856
G0 Z0.000
; plunge
G1 Z-0.200 F4000
; cut
G1 X293.667 Y-212.868 F4000
; Retract
G0 Z3.000

; Path 626
; Rapid to initial position
G0 X295.232 Y-218.112
G0 Z0.000
; plunge
G1 Z-0.200 F4000
; cut
G1 X295.232 Y-218.170 F4000
; Retract
G0 Z3.000

; Path 627
; Rapid to initial position
G0 X295.288 Y-218.213
G0 Z0.000
; plunge
G1 Z-0.200 F4000
; cut
G1 X295.395 Y-218.215 F4000
G1 X295.393 Y-221.450
G1 X295.390 Y-224.686
G1 X295.388 Y-227.921
G1 X295.386 Y-231.156
G1 X295.383 Y-234.391
G1 X295.383 Y-237.627
G1 X295.381 Y-240.862
G1 X295.378 Y-243.714
G1 X295.272 Y-243.724
G1 X294.825 Y-243.766
G1 X289.191 Y-244.292
G1 X283.557 Y-244.819
G1 X277.924 Y-245.345
G1 X272.210 Y-245.879
G1 X272.101 Y-245.875
; Retract
G0 Z3.000

; Path 628
; Rapid to initial position
G0 X271.860 Y-242.495
G0 Z0.000
; plunge
G1 Z-0.200 F4000
; cut
G1 X272.021 Y-242.461 F4000
; Retract
G0 Z3.000

; Path 629
; Rapid to initial position
G0 X274.811 Y-238.622
G0 Z0.000
; plunge
G1 Z-0.200 F4000
; cut
G1 X274.811 Y-238.409 F4000
G1 X276.273 Y-238.178
G1 X278.556 Y-237.817
G1 X280.789 Y-237.464
G1 X283.072 Y-237.103
G1 X283.951 Y-236.964
G1 X286.234 Y-236.603
G1 X288.518 Y-236.242
G1 X288.929 Y-236.177
; Retract
G0 Z3.000

; Path 630
; Rapid to initial position
G0 X289.325 Y-242.882
G0 Z0.000
; plunge
G1 Z-0.200 F4000
; cut
G1 X289.219 Y-242.904 F4000
G1 X283.577 Y-244.089
G1 X277.935 Y-245.274
G1 X272.293 Y-246.459
G1 X266.651 Y-247.644
G1 X266.322 Y-247.715
G1 X266.278 Y-247.711
; Retract
G0 Z3.000

; Path 631
; Rapid to initial position
G0 X268.227 Y-249.707
G0 Z0.000
; plunge
G1 Z-0.200 F4000
; cut
G1 X268.472 Y-249.712 F4000
G1 X268.715 Y-249.716
; Retract
G0 Z3.000

; Path 632
; Rapid to initial position
G0 X273.527 Y-249.854
G0 Z0.000
; plunge
G1 Z-0.200 F4000
; cut
G1 X273.688 Y-249.820 F4000
; Retract
G0 Z3.000

; Path 633
; Rapid to initial position
G0 X276.478 Y-245.981
G0 Z0.000
; plunge
G1 Z-0.200 F4000
; cut
G1 X276.478 Y-245.768 F4000
G1 X277.940 Y-245.537
G1 X280.223 Y-245.176
G1 X282.456 Y-244.823
G1 X284.739 Y-244.462
G1 X285.618 Y-244.323
G1 X287.901 Y-243.962
G1 X290.185 Y-243.601
G1 X290.596 Y-243.536
; Retract
G0 Z3.000

; Path 634
; Rapid to initial position
G0 X289.819 Y-243.816
G0 Z0.000
; plunge
G1 Z-0.200 F4000
; cut
G1 X290.655 Y-243.832 F4000
G1 X290.759 Y-243.834
G1 X296.466 Y-243.943
G1 X302.172 Y-244.052
G1 X307.878 Y-244.161
G1 X313.585 Y-244.270
G1 X313.817 Y-244.274
G1 X313.983 Y-244.277
G1 X319.689 Y-244.386
G1 X325.395 Y-244.495
G1 X328.992 Y-244.564
G1 X328.992 Y-244.632
; Retract
G0 Z3.000

; Path 635
; Rapid to initial position
G0 X329.042 Y-231.463
G0 Z0.000
; plunge
G1 Z-0.200 F4000
; cut
G1 X329.042 Y-231.405 F4000
; Retract
G0 Z3.000

; Path 636
; Rapid to initial position
G0 X329.077 Y-231.435
G0 Z0.000
; plunge
G1 Z-0.200 F4000
; cut
G1 X329.077 Y-228.530 F4000
G1 X329.077 Y-227.704
G1 X329.077 Y-224.469
G1 X329.077 Y-221.234
G1 X329.077 Y-217.998
G1 X329.077 Y-214.763
G1 X329.077 Y-211.528
G1 X329.077 Y-208.293
G1 X329.077 Y-205.057
G1 X329.077 Y-204.993
; Retract
G0 Z3.000

; Path 637
; Rapid to initial position
G0 X332.817 Y-202.066
G0 Z0.000
; plunge
G1 Z-0.200 F4000
; cut
G1 X332.817 Y-202.043 F4000
; Retract
G0 Z3.000

; Path 638
; Rapid to initial position
G0 X333.732 Y-200.868
G0 Z0.000
; plunge
G1 Z-0.200 F4000
; cut
G1 X339.417 Y-200.569 F4000
G1 X345.102 Y-200.270
G1 X350.788 Y-199.971
G1 X355.990 Y-199.697
G1 X356.126 Y-199.690
G1 X356.914 Y-199.649
; Retract
G0 Z3.000

; Path 639
; Rapid to initial position
G0 X356.874 Y-199.304
G0 Z0.000
; plunge
G1 Z-0.200 F4000
; cut
G1 X356.954 Y-199.300 F4000
; Retract
G0 Z3.000

; Path 640
; Rapid to initial position
G0 X355.247 Y-192.290
G0 Z0.000
; plunge
G1 Z-0.200 F4000
; cut
G1 X354.459 Y-192.331 F4000
G1 X354.323 Y-192.338
G1 X349.121 Y-192.612
G1 X343.435 Y-192.911
G1 X337.750 Y-193.210
G1 X332.065 Y-193.509
; Retract
G0 Z3.000

; Path 641
; Rapid to initial position
G0 X331.046 Y-194.935
G0 Z0.000
; plunge
G1 Z-0.200 F4000
; cut
G1 X330.574 Y-194.980 F4000
G1 X324.940 Y-195.506
G1 X319.307 Y-196.032
G1 X313.673 Y-196.559
G1 X308.040 Y-197.085
G1 X302.685 Y-197.586
G1 X296.989 Y-197.363
G1 X291.293 Y-197.140
G1 X285.596 Y-196.917
G1 X279.900 Y-196.693
G1 X274.205 Y-196.471
G1 X268.509 Y-196.248
G1 X262.813 Y-196.024
G1 X261.590 Y-195.976
G1 X261.091 Y-195.957
G1 X261.091 Y-195.952
; Retract
G0 Z3.000

; Path 642
; Rapid to initial position
G0 X263.186 Y-192.771
G0 Z0.000
; plunge
G1 Z-0.200 F4000
; cut
G1 X257.421 Y-192.584 F4000
G1 X251.721 Y-192.391
G1 X246.022 Y-192.197
G1 X240.323 Y-192.004
G1 X234.623 Y-191.810
G1 X228.924 Y-191.617
G1 X224.552 Y-191.469
G1 X224.081 Y-191.453
G1 X223.964 Y-191.449
G1 X223.961 Y-188.201
G1 X223.959 Y-184.966
G1 X223.957 Y-181.731
G1 X223.955 Y-178.495
G1 X223.952 Y-175.260
G1 X223.951 Y-172.025
G1 X223.948 Y-168.790
G1 X223.946 Y-165.585
G1 X224.015 Y-165.581
; Retract
G0 Z3.000

; Path 643
; Rapid to initial position
G0 X224.047 Y-165.608
G0 Z0.000
; plunge
G1 Z-0.200 F4000
; cut
G1 X224.047 Y-165.536 F4000
; Retract
G0 Z3.000

; Path 644
; Rapid to initial position
G0 X225.362 Y-164.713
G0 Z0.000
; plunge
G1 Z-0.200 F4000
; cut
G1 X230.114 Y-164.818 F4000
G1 X235.819 Y-164.944
G1 X235.980 Y-164.947
G1 X239.535 Y-165.026
G1 X245.240 Y-165.152
G1 X245.409 Y-165.155
G1 X248.985 Y-165.234
G1 X254.690 Y-165.360
G1 X254.876 Y-165.365
G1 X255.532 Y-165.379
G1 X261.237 Y-165.505
G1 X266.942 Y-165.631
G1 X266.981 Y-166.923
G1 X266.985 Y-170.159
G1 X266.988 Y-173.394
G1 X266.992 Y-176.629
G1 X266.996 Y-179.864
G1 X267.000 Y-183.100
G1 X267.000 Y-183.563
G1 X267.002 Y-184.687
G1 X267.006 Y-187.922
G1 X267.009 Y-191.157
G1 X267.009 Y-191.696
G1 X267.013 Y-194.932
G1 X267.013 Y-194.942
; Retract
G0 Z3.000

; Path 645
; Rapid to initial position
G0 X263.218 Y-192.744
G0 Z0.000
; plunge
G1 Z-0.200 F4000
; cut
G1 X263.218 Y-192.722 F4000
; Retract
G0 Z3.000

; Path 646
; Rapid to initial position
G0 X263.349 Y-188.782
G0 Z0.000
; plunge
G1 Z-0.200 F4000
; cut
G1 X263.349 Y-188.781 F4000
; Retract
G0 Z3.000

; Path 647
; Rapid to initial position
G0 X264.396 Y-185.926
G0 Z0.000
; plunge
G1 Z-0.200 F4000
; cut
G1 X265.233 Y-185.941 F4000
G1 X265.337 Y-185.943
G1 X271.044 Y-186.052
G1 X276.750 Y-186.161
G1 X282.456 Y-186.270
G1 X288.163 Y-186.379
G1 X288.394 Y-186.384
G1 X288.561 Y-186.387
G1 X294.267 Y-186.495
G1 X299.973 Y-186.604
G1 X303.569 Y-186.673
G1 X303.569 Y-186.741
; Retract
G0 Z3.000

; Path 648
; Rapid to initial position
G0 X307.942 Y-182.588
G0 Z0.000
; plunge
G1 Z-0.200 F4000
; cut
G1 X308.052 Y-182.592 F4000
G1 X313.766 Y-182.058
G1 X319.399 Y-181.532
G1 X325.033 Y-181.005
G1 X330.666 Y-180.479
G1 X331.109 Y-180.437
G1 X331.220 Y-180.427
G1 X331.222 Y-177.575
G1 X331.225 Y-174.339
G1 X331.225 Y-171.104
G1 X331.227 Y-167.869
G1 X331.229 Y-164.634
G1 X331.232 Y-161.399
G1 X331.234 Y-158.163
G1 X331.237 Y-154.928
G1 X331.130 Y-154.926
G1 X331.130 Y-154.926
; Retract
G0 Z3.000

; Path 649
; Rapid to initial position
G0 X331.074 Y-154.883
G0 Z0.000
; plunge
G1 Z-0.200 F4000
; cut
G1 X331.074 Y-154.825 F4000
; Retract
G0 Z3.000

; Path 650
; Rapid to initial position
G0 X333.619 Y-155.976
G0 Z0.000
; plunge
G1 Z-0.200 F4000
; cut
G1 X327.854 Y-155.789 F4000
G1 X322.154 Y-155.596
G1 X316.455 Y-155.402
G1 X310.755 Y-155.209
G1 X305.056 Y-155.016
G1 X299.357 Y-154.822
G1 X294.984 Y-154.674
G1 X294.514 Y-154.658
G1 X294.396 Y-154.654
G1 X294.394 Y-151.406
G1 X294.392 Y-148.171
G1 X294.390 Y-144.936
G1 X294.388 Y-141.701
G1 X294.385 Y-138.465
G1 X294.384 Y-135.230
G1 X294.381 Y-131.995
G1 X294.379 Y-128.790
G1 X294.447 Y-128.786
; Retract
G0 Z3.000

; Path 651
; Rapid to initial position
G0 X294.480 Y-128.813
G0 Z0.000
; plunge
G1 Z-0.200 F4000
; cut
G1 X294.480 Y-128.741 F4000
; Retract
G0 Z3.000

; Path 652
; Rapid to initial position
G0 X293.667 Y-129.957
G0 Z0.000
; plunge
G1 Z-0.200 F4000
; cut
G1 X293.495 Y-129.945 F4000
; Retract
G0 Z3.000

; Path 653
; Rapid to initial position
G0 X296.847 Y-130.698
G0 Z0.000
; plunge
G1 Z-0.200 F4000
; cut
G1 X296.488 Y-130.755 F4000
G1 X294.153 Y-131.124
G1 X291.869 Y-131.485
G1 X290.991 Y-131.625
G1 X288.707 Y-131.985
G1 X286.539 Y-132.328
G1 X284.191 Y-132.699
G1 X282.729 Y-132.931
G1 X282.729 Y-133.138
G1 X282.729 Y-133.143
; Retract
G0 Z3.000

; Path 654
; Rapid to initial position
G0 X279.939 Y-136.983
G0 Z0.000
; plunge
G1 Z-0.200 F4000
; cut
G1 X279.779 Y-137.016 F4000
; Retract
G0 Z3.000

; Path 655
; Rapid to initial position
G0 X278.125 Y-134.839
G0 Z0.000
; plunge
G1 Z-0.200 F4000
; cut
G1 X280.445 Y-135.852 F4000
G1 X282.721 Y-136.845
G1 X284.996 Y-137.838
G1 X287.271 Y-138.831
G1 X288.114 Y-139.200
G1 X289.480 Y-139.796
G1 X289.495 Y-139.793
; Retract
G0 Z3.000

; Path 656
; Rapid to initial position
G0 X285.514 Y-140.927
G0 Z0.000
; plunge
G1 Z-0.200 F4000
; cut
G1 X284.016 Y-141.202 F4000
G1 X281.733 Y-141.619
G1 X281.349 Y-141.690
G1 X279.066 Y-142.107
G1 X276.782 Y-142.524
G1 X275.382 Y-141.913
G1 X274.580 Y-141.563
G1 X272.305 Y-140.571
G1 X270.030 Y-139.578
G1 X267.755 Y-138.587
G1 X265.480 Y-137.594
G1 X265.426 Y-137.622
; Retract
G0 Z3.000

; Path 657
; Rapid to initial position
G0 X260.375 Y-137.481
G0 Z0.000
; plunge
G1 Z-0.200 F4000
; cut
G1 X260.230 Y-137.293 F4000
; Retract
G0 Z3.000

; Path 658
; Rapid to initial position
G0 X260.302 Y-137.384
G0 Z0.000
; plunge
G1 Z-0.200 F4000
; cut
G1 X260.302 Y-137.412 F4000
; Retract
G0 Z3.000

; Path 659
; Rapid to initial position
G0 X256.619 Y-142.636
G0 Z0.000
; plunge
G1 Z-0.200 F4000
; cut
G1 X261.371 Y-142.741 F4000
G1 X267.076 Y-142.867
G1 X267.237 Y-142.870
G1 X270.792 Y-142.949
G1 X276.497 Y-143.075
G1 X276.666 Y-143.078
G1 X280.242 Y-143.157
G1 X285.947 Y-143.283
G1 X286.133 Y-143.288
G1 X286.789 Y-143.302
G1 X292.494 Y-143.428
G1 X298.199 Y-143.554
G1 X298.238 Y-144.846
G1 X298.242 Y-148.082
G1 X298.246 Y-151.317
G1 X298.249 Y-154.552
G1 X298.253 Y-157.787
G1 X298.257 Y-161.023
G1 X298.257 Y-161.486
G1 X298.259 Y-162.610
G1 X298.263 Y-165.845
G1 X298.267 Y-169.080
G1 X298.267 Y-169.619
G1 X298.270 Y-172.855
G1 X298.270 Y-172.865
; Retract
G0 Z3.000

; Path 660
; Rapid to initial position
G0 X297.735 Y-171.042
G0 Z0.000
; plunge
G1 Z-0.200 F4000
; cut
G1 X294.138 Y-170.905 F4000
G1 X288.432 Y-170.796
G1 X282.726 Y-170.688
G1 X282.560 Y-170.684
G1 X282.328 Y-170.680
G1 X276.621 Y-170.571
G1 X270.915 Y-170.462
G1 X265.209 Y-170.353
G1 X259.502 Y-170.244
G1 X259.398 Y-170.242
G1 X258.562 Y-170.226
; Retract
G0 Z3.000

; Path 661
; Rapid to initial position
G0 X258.068 Y-169.292
G0 Z0.000
; plunge
G1 Z-0.200 F4000
; cut
G1 X257.962 Y-169.314 F4000
G1 X252.320 Y-170.499
G1 X246.678 Y-171.684
G1 X241.036 Y-172.870
G1 X235.394 Y-174.055
G1 X235.064 Y-174.125
G1 X235.021 Y-174.121
; Retract
G0 Z3.000

; Path 662
; Rapid to initial position
G0 X231.023 Y-167.952
G0 Z0.000
; plunge
G1 Z-0.200 F4000
; cut
G1 X230.551 Y-167.997 F4000
G1 X224.918 Y-168.523
G1 X219.284 Y-169.050
G1 X213.650 Y-169.576
G1 X208.017 Y-170.102
G1 X202.662 Y-170.603
G1 X196.966 Y-170.380
G1 X191.270 Y-170.157
G1 X185.574 Y-169.934
G1 X179.878 Y-169.711
G1 X174.182 Y-169.488
G1 X168.486 Y-169.265
G1 X162.790 Y-169.041
G1 X161.567 Y-168.994
G1 X161.069 Y-168.974
G1 X161.069 Y-168.969
; Retract
G0 Z3.000

; Path 663
; Rapid to initial position
G0 X164.179 Y-172.419
G0 Z0.000
; plunge
G1 Z-0.200 F4000
; cut
G1 X164.243 Y-172.447 F4000
; Retract
G0 Z3.000

; Path 664
; Rapid to initial position
G0 X166.799 Y-170.174
G0 Z0.000
; plunge
G1 Z-0.200 F4000
; cut
G1 X166.971 Y-170.186 F4000
; Retract
G0 Z3.000

; Path 665
; Rapid to initial position
G0 X171.960 Y-169.965
G0 Z0.000
; plunge
G1 Z-0.200 F4000
; cut
G1 X177.649 Y-169.611 F4000
G1 X182.308 Y-169.385
G1 X182.469 Y-169.377
G1 X188.182 Y-169.100
G1 X191.752 Y-168.927
G1 X191.922 Y-168.919
G1 X197.638 Y-168.641
G1 X201.279 Y-168.465
G1 X206.984 Y-168.583
G1 X212.690 Y-168.702
G1 X216.909 Y-168.790
G1 X217.072 Y-168.794
G1 X222.808 Y-168.913
G1 X228.513 Y-169.032
G1 X234.219 Y-169.150
G1 X239.925 Y-169.269
G1 X241.951 Y-169.311
G1 X241.951 Y-169.388
; Retract
G0 Z3.000

; Path 666
; Rapid to initial position
G0 X245.428 Y-170.323
G0 Z0.000
; plunge
G1 Z-0.200 F4000
; cut
G1 X245.537 Y-170.327 F4000
G1 X251.252 Y-169.793
G1 X256.885 Y-169.267
G1 X262.518 Y-168.740
G1 X268.152 Y-168.214
G1 X268.595 Y-168.172
G1 X268.706 Y-168.162
G1 X268.708 Y-165.310
G1 X268.710 Y-162.075
G1 X268.710 Y-158.839
G1 X268.713 Y-155.604
G1 X268.715 Y-152.369
G1 X268.718 Y-149.134
G1 X268.720 Y-145.898
G1 X268.722 Y-142.663
G1 X268.616 Y-142.661
G1 X268.616 Y-142.661
; Retract
G0 Z3.000

; Path 667
; Rapid to initial position
G0 X268.559 Y-142.618
G0 Z0.000
; plunge
G1 Z-0.200 F4000
; cut
G1 X268.559 Y-142.560 F4000
; Retract
G0 Z3.000

; Path 668
; Rapid to initial position
G0 X274.602 Y-140.213
G0 Z0.000
; plunge
G1 Z-0.200 F4000
; cut
G1 X274.602 Y-140.212 F4000
; Retract
G0 Z3.000

; Path 669
; Rapid to initial position
G0 X274.607 Y-139.663
G0 Z0.000
; plunge
G1 Z-0.200 F4000
; cut
G1 X274.607 Y-139.189 F4000
; Retract
G0 Z3.000

; Path 670
; Rapid to initial position
G0 X275.454 Y-140.040
G0 Z0.000
; plunge
G1 Z-0.200 F4000
; cut
G1 X275.519 Y-140.068 F4000
; Retract
G0 Z3.000

; Path 671
; Rapid to initial position
G0 X277.114 Y-142.723
G0 Z0.000
; plunge
G1 Z-0.200 F4000
; cut
G1 X277.487 Y-142.656 F4000
G1 X283.129 Y-141.471
G1 X288.771 Y-140.286
G1 X294.413 Y-139.101
G1 X300.055 Y-137.916
G1 X300.161 Y-137.894
; Retract
G0 Z3.000

; Path 672
; Rapid to initial position
G0 X300.440 Y-137.453
G0 Z0.000
; plunge
G1 Z-0.200 F4000
; cut
G1 X300.550 Y-137.457 F4000
G1 X306.264 Y-136.923
G1 X311.897 Y-136.397
G1 X317.531 Y-135.870
G1 X323.164 Y-135.344
G1 X323.608 Y-135.302
G1 X323.718 Y-135.292
G1 X323.721 Y-132.440
G1 X323.723 Y-129.204
G1 X323.723 Y-125.969
G1 X323.725 Y-122.734
G1 X323.728 Y-119.499
G1 X323.730 Y-116.264
G1 X323.733 Y-113.028
G1 X323.735 Y-109.793
G1 X323.628 Y-109.791
G1 X323.628 Y-109.791
; Retract
G0 Z3.000

; Path 673
; Rapid to initial position
G0 X323.572 Y-109.748
G0 Z0.000
; plunge
G1 Z-0.200 F4000
; cut
G1 X323.572 Y-109.690 F4000
; Retract
G0 Z3.000

; Path 674
; Rapid to initial position
G0 X320.279 Y-112.464
G0 Z0.000
; plunge
G1 Z-0.200 F4000
; cut
G1 X320.199 Y-112.468 F4000
; Retract
G0 Z3.000

; Path 675
; Rapid to initial position
G0 X320.239 Y-112.813
G0 Z0.000
; plunge
G1 Z-0.200 F4000
; cut
G1 X319.451 Y-112.854 F4000
G1 X319.315 Y-112.861
G1 X314.113 Y-113.135
G1 X308.427 Y-113.434
G1 X302.742 Y-113.733
G1 X297.057 Y-114.032
; Retract
G0 Z3.000

; Path 676
; Rapid to initial position
G0 X295.359 Y-109.019
G0 Z0.000
; plunge
G1 Z-0.200 F4000
; cut
G1 X295.199 Y-109.052 F4000
; Retract
G0 Z3.000

; Path 677
; Rapid to initial position
G0 X294.787 Y-104.665
G0 Z0.000
; plunge
G1 Z-0.200 F4000
; cut
G1 X294.316 Y-104.710 F4000
G1 X288.682 Y-105.236
G1 X283.049 Y-105.762
G1 X277.415 Y-106.289
G1 X271.782 Y-106.815
G1 X266.426 Y-107.316
G1 X260.730 Y-107.093
G1 X255.035 Y-106.870
G1 X249.338 Y-106.647
G1 X243.642 Y-106.423
G1 X237.946 Y-106.200
G1 X232.250 Y-105.978
G1 X226.555 Y-105.754
G1 X225.332 Y-105.706
G1 X224.833 Y-105.687
G1 X224.833 Y-105.682
; Retract
G0 Z3.000

; Path 678
; Rapid to initial position
G0 X229.460 Y-99.040
G0 Z0.000
; plunge
G1 Z-0.200 F4000
; cut
G1 X229.460 Y-99.018 F4000
; Retract
G0 Z3.000

; Path 679
; Rapid to initial position
G0 X229.460 Y-99.018
G0 Z0.000
; plunge
G1 Z-0.200 F4000
; cut
G1 X229.460 Y-99.040 F4000
; Retract
G0 Z3.000

; Path 680
; Rapid to initial position
G0 X229.460 Y-99.040
G0 Z0.000
; plunge
G1 Z-0.200 F4000
; cut
G1 X229.460 Y-99.018 F4000
; Retract
G0 Z3.000

; Path 681
; Rapid to initial position
G0 X229.460 Y-99.018
G0 Z0.000
; plunge
G1 Z-0.200 F4000
; cut
G1 X229.460 Y-99.040 F4000
; Retract
G0 Z3.000

; Path 682
; Rapid to initial position
G0 X229.460 Y-99.040
G0 Z0.000
; plunge
G1 Z-0.200 F4000
; cut
G1 X229.460 Y-99.018 F4000
; Retract
G0 Z3.000

; Path 683
; Rapid to initial position
G0 X229.460 Y-99.018
G0 Z0.000
; plunge
G1 Z-0.200 F4000
; cut
G1 X229.460 Y-99.040 F4000
; Retract
G0 Z3.000

; Path 684
; Rapid to initial position
G0 X229.460 Y-99.040
G0 Z0.000
; plunge
G1 Z-0.200 F4000
; cut
G1 X229.460 Y-99.018 F4000
; Retract
G0 Z3.000

; Path 685
; Rapid to initial position
G0 X235.724 Y-106.678
G0 Z0.000
; plunge
G1 Z-0.200 F4000
; cut
G1 X241.413 Y-106.324 F4000
G1 X246.072 Y-106.098
G1 X246.233 Y-106.090
G1 X251.946 Y-105.813
G1 X255.517 Y-105.639
G1 X255.686 Y-105.631
G1 X261.403 Y-105.354
G1 X265.043 Y-105.177
G1 X270.749 Y-105.296
G1 X276.455 Y-105.415
G1 X280.673 Y-105.503
G1 X280.836 Y-105.506
G1 X286.572 Y-105.626
G1 X292.278 Y-105.744
G1 X297.984 Y-105.863
G1 X303.690 Y-105.982
G1 X305.716 Y-106.024
G1 X305.716 Y-106.101
; Retract
G0 Z3.000

; Path 686
; Rapid to initial position
G0 X305.208 Y-103.880
G0 Z0.000
; plunge
G1 Z-0.200 F4000
; cut
G1 X305.208 Y-103.835 F4000
; Retract
G0 Z3.000

; Path 687
; Rapid to initial position
G0 X305.227 Y-103.863
G0 Z0.000
; plunge
G1 Z-0.200 F4000
; cut
G1 X305.189 Y-103.870 F4000
; Retract
G0 Z3.000

; Path 688
; Rapid to initial position
G0 X304.026 Y-109.030
G0 Z0.000
; plunge
G1 Z-0.200 F4000
; cut
G1 X303.945 Y-109.034 F4000
; Retract
G0 Z3.000

; Path 689
; Rapid to initial position
G0 X303.985 Y-109.379
G0 Z0.000
; plunge
G1 Z-0.200 F4000
; cut
G1 X303.197 Y-109.420 F4000
G1 X303.061 Y-109.427
G1 X297.859 Y-109.701
G1 X292.174 Y-110.000
G1 X286.488 Y-110.299
G1 X280.803 Y-110.597
; Retract
G0 Z3.000

; Path 690
; Rapid to initial position
G0 X281.042 Y-111.781
G0 Z0.000
; plunge
G1 Z-0.200 F4000
; cut
G1 X283.363 Y-112.794 F4000
G1 X285.638 Y-113.787
G1 X287.913 Y-114.780
G1 X290.188 Y-115.773
G1 X291.031 Y-116.142
G1 X292.397 Y-116.738
G1 X292.412 Y-116.735
; Retract
G0 Z3.000

; Path 691
; Rapid to initial position
G0 X288.432 Y-117.869
G0 Z0.000
; plunge
G1 Z-0.200 F4000
; cut
G1 X286.933 Y-118.144 F4000
G1 X284.650 Y-118.561
G1 X284.266 Y-118.632
G1 X281.983 Y-119.049
G1 X279.700 Y-119.466
G1 X278.299 Y-118.855
G1 X277.498 Y-118.505
G1 X275.223 Y-117.513
G1 X272.947 Y-116.520
G1 X270.672 Y-115.528
G1 X268.397 Y-114.536
G1 X268.343 Y-114.563
; Retract
G0 Z3.000

; Path 692
; Rapid to initial position
G0 X266.093 Y-113.531
G0 Z0.000
; plunge
G1 Z-0.200 F4000
; cut
G1 X266.591 Y-113.556 F4000
G1 X267.814 Y-113.604
G1 X273.510 Y-113.827
G1 X279.206 Y-114.050
G1 X284.902 Y-114.273
G1 X290.597 Y-114.496
G1 X296.294 Y-114.719
G1 X301.990 Y-114.942
G1 X307.686 Y-115.165
G1 X313.041 Y-114.665
G1 X318.674 Y-114.138
G1 X324.308 Y-113.612
G1 X329.942 Y-113.086
G1 X335.575 Y-112.559
G1 X336.047 Y-112.515
G1 X336.047 Y-112.515
; Retract
G0 Z3.000

; Path 693
; Rapid to initial position
G0 X337.066 Y-111.088
G0 Z0.000
; plunge
G1 Z-0.200 F4000
; cut
G1 X342.751 Y-110.789 F4000
G1 X348.436 Y-110.491
G1 X354.122 Y-110.192
G1 X359.324 Y-109.918
G1 X359.460 Y-109.911
G1 X360.248 Y-109.869
; Retract
G0 Z3.000

; Path 694
; Rapid to initial position
G0 X360.208 Y-109.524
G0 Z0.000
; plunge
G1 Z-0.200 F4000
; cut
G1 X360.289 Y-109.521 F4000
; Retract
G0 Z3.000

; Path 695
; Rapid to initial position
G0 X361.168 Y-110.308
G0 Z0.000
; plunge
G1 Z-0.200 F4000
; cut
G1 X361.168 Y-113.607 F4000
G1 X361.168 Y-116.842
G1 X361.168 Y-120.078
G1 X361.168 Y-123.313
G1 X361.168 Y-126.548
G1 X361.168 Y-129.783
G1 X361.168 Y-133.019
G1 X361.168 Y-133.768
G1 X361.168 Y-136.750
; Retract
G0 Z3.000

; Path 696
; Rapid to initial position
G0 X361.133 Y-136.778
G0 Z0.000
; plunge
G1 Z-0.200 F4000
; cut
G1 X361.133 Y-136.720 F4000
; Retract
G0 Z3.000

; Path 697
; Rapid to initial position
G0 X356.701 Y-137.944
G0 Z0.000
; plunge
G1 Z-0.200 F4000
; cut
G1 X356.811 Y-137.947 F4000
G1 X362.525 Y-137.414
G1 X368.158 Y-136.887
G1 X373.792 Y-136.361
G1 X379.425 Y-135.834
G1 X379.869 Y-135.793
G1 X379.979 Y-135.782
G1 X379.982 Y-132.930
G1 X379.985 Y-129.695
G1 X379.985 Y-126.460
G1 X379.987 Y-123.225
G1 X379.990 Y-119.989
G1 X379.992 Y-116.754
G1 X379.995 Y-113.519
G1 X379.998 Y-110.284
G1 X379.891 Y-110.282
G1 X379.891 Y-110.282
; Retract
G0 Z3.000

; Path 698
; Rapid to initial position
G0 X379.835 Y-110.238
G0 Z0.000
; plunge
G1 Z-0.200 F4000
; cut
G1 X379.835 Y-110.180 F4000
; Retract
G0 Z3.000

; Path 699
; Rapid to initial position
G0 X380.253 Y-106.283
G0 Z0.000
; plunge
G1 Z-0.200 F4000
; cut
G1 X376.657 Y-106.146 F4000
G1 X370.951 Y-106.037
G1 X365.245 Y-105.929
G1 X365.079 Y-105.925
G1 X364.847 Y-105.921
G1 X359.140 Y-105.812
G1 X353.434 Y-105.703
G1 X347.728 Y-105.594
G1 X342.021 Y-105.485
G1 X341.917 Y-105.483
G1 X341.081 Y-105.467
; Retract
G0 Z3.000

; Path 700
; Rapid to initial position
G0 X340.587 Y-104.533
G0 Z0.000
; plunge
G1 Z-0.200 F4000
; cut
G1 X340.481 Y-104.555 F4000
G1 X334.839 Y-105.740
G1 X329.197 Y-106.925
G1 X323.555 Y-108.111
G1 X317.913 Y-109.296
G1 X317.583 Y-109.366
G1 X317.540 Y-109.362
; Retract
G0 Z3.000

; Path 701
; Rapid to initial position
G0 X312.053 Y-110.498
G0 Z0.000
; plunge
G1 Z-0.200 F4000
; cut
G1 X311.909 Y-110.310 F4000
; Retract
G0 Z3.000

; Path 702
; Rapid to initial position
G0 X311.981 Y-110.401
G0 Z0.000
; plunge
G1 Z-0.200 F4000
; cut
G1 X311.981 Y-110.429 F4000
; Retract
G0 Z3.000

; Path 703
; Rapid to initial position
G0 X310.316 Y-110.453
G0 Z0.000
; plunge
G1 Z-0.200 F4000
; cut
G1 X310.211 Y-110.458 F4000
G1 X310.214 Y-113.672
G1 X310.216 Y-116.907
G1 X310.218 Y-120.143
G1 X310.220 Y-123.378
G1 X310.222 Y-126.613
G1 X310.224 Y-129.848
G1 X310.226 Y-133.084
G1 X310.229 Y-136.319
G1 X310.265 Y-136.320
; Retract
G0 Z3.000

; Path 704
; Rapid to initial position
G0 X310.689 Y-137.306
G0 Z0.000
; plunge
G1 Z-0.200 F4000
; cut
G1 X310.856 Y-137.309 F4000
G1 X314.451 Y-137.378
G1 X320.158 Y-137.487
G1 X325.864 Y-137.596
G1 X326.170 Y-137.581
G1 X331.855 Y-137.281
G1 X337.540 Y-136.982
G1 X343.225 Y-136.682
G1 X348.910 Y-136.383
G1 X349.046 Y-136.375
G1 X349.046 Y-136.390
; Retract
G0 Z3.000

; Path 705
; Rapid to initial position
G0 X345.296 Y-142.116
G0 Z0.000
; plunge
G1 Z-0.200 F4000
; cut
G1 X345.296 Y-142.174 F4000
; Retract
G0 Z3.000

; Path 706
; Rapid to initial position
G0 X345.331 Y-142.146
G0 Z0.000
; plunge
G1 Z-0.200 F4000
; cut
G1 X345.331 Y-139.241 F4000
G1 X345.331 Y-138.415
G1 X345.331 Y-135.180
G1 X345.331 Y-131.945
G1 X345.331 Y-128.709
G1 X345.331 Y-125.474
G1 X345.331 Y-122.239
G1 X345.331 Y-119.004
G1 X345.331 Y-115.769
G1 X345.331 Y-115.704
; Retract
G0 Z3.000

; Path 707
; Rapid to initial position
G0 X346.975 Y-113.951
G0 Z0.000
; plunge
G1 Z-0.200 F4000
; cut
G1 X344.949 Y-113.831 F4000
G1 X339.243 Y-113.713
G1 X333.537 Y-113.594
G1 X327.832 Y-113.475
G1 X322.126 Y-113.356
G1 X321.963 Y-113.353
G1 X317.714 Y-113.265
G1 X312.008 Y-113.146
G1 X306.303 Y-113.027
G1 X302.662 Y-113.204
G1 X296.973 Y-113.480
G1 X296.804 Y-113.488
G1 X293.206 Y-113.662
G1 X287.517 Y-113.938
G1 X287.356 Y-113.946
G1 X282.673 Y-114.173
G1 X276.984 Y-114.449
G1 X276.984 Y-114.527
; Retract
G0 Z3.000

; Path 708
; Rapid to initial position
G0 X278.635 Y-115.293
G0 Z0.000
; plunge
G1 Z-0.200 F4000
; cut
G1 X278.832 Y-115.286 F4000
; Retract
G0 Z3.000

; Path 709
; Rapid to initial position
G0 X278.371 Y-116.982
G0 Z0.000
; plunge
G1 Z-0.200 F4000
; cut
G1 X278.436 Y-117.010 F4000
; Retract
G0 Z3.000

; Path 710
; Rapid to initial position
G0 X279.784 Y-112.024
G0 Z0.000
; plunge
G1 Z-0.200 F4000
; cut
G1 X279.312 Y-112.069 F4000
G1 X273.679 Y-112.595
G1 X268.045 Y-113.121
G1 X262.411 Y-113.648
G1 X256.778 Y-114.174
G1 X251.423 Y-114.675
G1 X245.727 Y-114.452
G1 X240.031 Y-114.228
G1 X234.335 Y-114.006
G1 X228.639 Y-113.782
G1 X222.943 Y-113.559
G1 X217.247 Y-113.337
G1 X211.551 Y-113.113
G1 X210.328 Y-113.065
G1 X209.830 Y-113.046
G1 X209.830 Y-113.041
; Retract
G0 Z3.000

; Path 711
; Rapid to initial position
G0 X208.598 Y-109.795
G0 Z0.000
; plunge
G1 Z-0.200 F4000
; cut
G1 X208.598 Y-109.737 F4000
; Retract
G0 Z3.000

; Path 712
; Rapid to initial position
G0 X210.265 Y-97.039
G0 Z0.000
; plunge
G1 Z-0.200 F4000
; cut
G1 X210.265 Y-96.981 F4000
; Retract
G0 Z3.000

; Path 713
; Rapid to initial position
G0 X208.546 Y-96.501
G0 Z0.000
; plunge
G1 Z-0.200 F4000
; cut
G1 X208.546 Y-96.444 F4000
; Retract
G0 Z3.000

; Path 714
; Rapid to initial position
G0 X208.250 Y-89.954
G0 Z0.000
; plunge
G1 Z-0.200 F4000
; cut
G1 X208.246 Y-86.708 F4000
G1 X208.246 Y-86.254
G1 X208.243 Y-82.934
G1 X208.239 Y-79.699
G1 X208.236 Y-78.631
G1 X208.236 Y-78.185
G1 X208.232 Y-74.876
G1 X208.229 Y-71.641
G1 X208.225 Y-68.406
G1 X208.221 Y-65.171
G1 X208.217 Y-61.935
G1 X208.215 Y-60.718
G1 X202.474 Y-60.517
G1 X196.769 Y-60.391
G1 X196.112 Y-60.377
G1 X195.926 Y-60.372
G1 X190.221 Y-60.246
G1 X186.646 Y-60.167
G1 X186.476 Y-60.164
G1 X180.771 Y-60.038
G1 X177.216 Y-59.959
G1 X177.055 Y-59.956
G1 X171.350 Y-59.830
G1 X166.682 Y-59.727
G1 X166.598 Y-59.725
; Retract
G0 Z3.000

; Path 715
; Rapid to initial position
G0 X166.598 Y-59.725
G0 Z0.000
; plunge
G1 Z-0.200 F4000
; cut
G1 X171.350 Y-59.830 F4000
G1 X177.055 Y-59.956
G1 X177.216 Y-59.959
G1 X180.771 Y-60.038
G1 X186.476 Y-60.164
G1 X186.646 Y-60.167
G1 X190.221 Y-60.246
G1 X195.926 Y-60.372
G1 X196.112 Y-60.377
G1 X196.769 Y-60.391
G1 X202.474 Y-60.517
G1 X208.179 Y-60.643
G1 X208.217 Y-61.935
G1 X208.221 Y-65.171
G1 X208.225 Y-68.406
G1 X208.229 Y-71.641
G1 X208.232 Y-74.876
G1 X208.236 Y-78.112
G1 X208.236 Y-78.575
G1 X208.239 Y-79.699
G1 X208.243 Y-82.934
G1 X208.246 Y-86.169
G1 X208.246 Y-86.708
G1 X208.250 Y-89.944
G1 X208.250 Y-89.954
; Retract
G0 Z3.000

; Path 716
; Rapid to initial position
G0 X208.250 Y-89.954
G0 Z0.000
; plunge
G1 Z-0.200 F4000
; cut
G1 X208.246 Y-86.708 F4000
G1 X208.246 Y-86.254
G1 X208.243 Y-82.934
G1 X208.239 Y-79.699
G1 X208.236 Y-78.631
G1 X208.236 Y-78.185
G1 X208.232 Y-74.876
G1 X208.229 Y-71.641
G1 X208.225 Y-68.406
G1 X208.221 Y-65.171
G1 X208.217 Y-61.935
G1 X208.215 Y-60.718
G1 X202.474 Y-60.517
G1 X196.769 Y-60.391
G1 X196.112 Y-60.377
G1 X195.926 Y-60.372
G1 X190.221 Y-60.246
G1 X186.646 Y-60.167
G1 X186.476 Y-60.164
G1 X180.771 Y-60.038
G1 X177.216 Y-59.959
G1 X177.055 Y-59.956
G1 X171.350 Y-59.830
G1 X166.682 Y-59.727
G1 X166.598 Y-59.725
; Retract
G0 Z3.000

; Path 717
; Rapid to initial position
G0 X166.598 Y-59.725
G0 Z0.000
; plunge
G1 Z-0.200 F4000
; cut
G1 X171.350 Y-59.830 F4000
G1 X177.055 Y-59.956
G1 X177.216 Y-59.959
G1 X180.771 Y-60.038
G1 X186.476 Y-60.164
G1 X186.646 Y-60.167
G1 X190.221 Y-60.246
G1 X195.926 Y-60.372
G1 X196.112 Y-60.377
G1 X196.769 Y-60.391
G1 X202.474 Y-60.517
G1 X208.179 Y-60.643
G1 X208.217 Y-61.935
G1 X208.221 Y-65.171
G1 X208.225 Y-68.406
G1 X208.229 Y-71.641
G1 X208.232 Y-74.876
G1 X208.236 Y-78.112
G1 X208.236 Y-78.575
G1 X208.239 Y-79.699
G1 X208.243 Y-82.934
G1 X208.246 Y-86.169
G1 X208.246 Y-86.708
G1 X208.250 Y-89.944
G1 X208.250 Y-89.954
; Retract
G0 Z3.000

; Path 718
; Rapid to initial position
G0 X208.250 Y-89.954
G0 Z0.000
; plunge
G1 Z-0.200 F4000
; cut
G1 X208.246 Y-86.708 F4000
G1 X208.246 Y-86.254
G1 X208.243 Y-82.934
G1 X208.239 Y-79.699
G1 X208.236 Y-78.631
G1 X208.236 Y-78.185
G1 X208.232 Y-74.876
G1 X208.229 Y-71.641
G1 X208.225 Y-68.406
G1 X208.221 Y-65.171
G1 X208.217 Y-61.935
G1 X208.215 Y-60.718
G1 X202.474 Y-60.517
G1 X196.769 Y-60.391
G1 X196.112 Y-60.377
G1 X195.926 Y-60.372
G1 X190.221 Y-60.246
G1 X186.646 Y-60.167
G1 X186.476 Y-60.164
G1 X180.771 Y-60.038
G1 X177.216 Y-59.959
G1 X177.055 Y-59.956
G1 X171.350 Y-59.830
G1 X166.682 Y-59.727
G1 X166.598 Y-59.725
; Retract
G0 Z3.000

; Path 719
; Rapid to initial position
G0 X166.598 Y-59.725
G0 Z0.000
; plunge
G1 Z-0.200 F4000
; cut
G1 X171.350 Y-59.830 F4000
G1 X177.055 Y-59.956
G1 X177.216 Y-59.959
G1 X180.771 Y-60.038
G1 X186.476 Y-60.164
G1 X186.646 Y-60.167
G1 X190.221 Y-60.246
G1 X195.926 Y-60.372
G1 X196.112 Y-60.377
G1 X196.769 Y-60.391
G1 X202.474 Y-60.517
G1 X208.179 Y-60.643
G1 X208.217 Y-61.935
G1 X208.221 Y-65.171
G1 X208.225 Y-68.406
G1 X208.229 Y-71.641
G1 X208.232 Y-74.876
G1 X208.236 Y-78.112
G1 X208.236 Y-78.575
G1 X208.239 Y-79.699
G1 X208.243 Y-82.934
G1 X208.246 Y-86.169
G1 X208.246 Y-86.708
G1 X208.250 Y-89.944
G1 X208.250 Y-89.954
; Retract
G0 Z3.000

; Path 720
; Rapid to initial position
G0 X208.250 Y-89.954
G0 Z0.000
; plunge
G1 Z-0.200 F4000
; cut
G1 X208.246 Y-86.708 F4000
G1 X208.246 Y-86.254
G1 X208.243 Y-82.934
G1 X208.239 Y-79.699
G1 X208.236 Y-78.631
G1 X208.236 Y-78.185
G1 X208.232 Y-74.876
G1 X208.229 Y-71.641
G1 X208.225 Y-68.406
G1 X208.221 Y-65.171
G1 X208.217 Y-61.935
G1 X208.215 Y-60.718
G1 X202.474 Y-60.517
G1 X196.769 Y-60.391
G1 X196.112 Y-60.377
G1 X195.926 Y-60.372
G1 X190.221 Y-60.246
G1 X186.646 Y-60.167
G1 X186.476 Y-60.164
G1 X180.771 Y-60.038
G1 X177.216 Y-59.959
G1 X177.055 Y-59.956
G1 X171.350 Y-59.830
G1 X166.682 Y-59.727
G1 X166.598 Y-59.725
; Retract
G0 Z3.000

; Path 721
; Rapid to initial position
G0 X173.916 Y-61.936
G0 Z0.000
; plunge
G1 Z-0.200 F4000
; cut
G1 X173.996 Y-61.933 F4000
; Retract
G0 Z3.000

; Path 722
; Rapid to initial position
G0 X173.956 Y-62.281
G0 Z0.000
; plunge
G1 Z-0.200 F4000
; cut
G1 X173.167 Y-62.323 F4000
G1 X173.031 Y-62.330
G1 X167.829 Y-62.604
G1 X162.144 Y-62.903
G1 X156.459 Y-63.201
G1 X150.774 Y-63.500
; Retract
G0 Z3.000

; Path 723
; Rapid to initial position
G0 X149.754 Y-64.927
G0 Z0.000
; plunge
G1 Z-0.200 F4000
; cut
G1 X149.283 Y-64.971 F4000
G1 X143.649 Y-65.498
G1 X138.015 Y-66.024
G1 X132.382 Y-66.550
G1 X126.749 Y-67.077
G1 X121.393 Y-67.577
G1 X115.697 Y-67.354
G1 X110.001 Y-67.131
G1 X104.305 Y-66.908
G1 X98.609 Y-66.685
G1 X92.913 Y-66.462
G1 X87.217 Y-66.239
G1 X81.521 Y-66.016
G1 X80.298 Y-65.968
G1 X79.800 Y-65.949
G1 X79.800 Y-65.943
; Retract
G0 Z3.000

; Path 724
; Rapid to initial position
G0 X90.691 Y-66.939
G0 Z0.000
; plunge
G1 Z-0.200 F4000
; cut
G1 X96.380 Y-66.585 F4000
G1 X101.039 Y-66.359
G1 X101.200 Y-66.351
G1 X106.913 Y-66.074
G1 X110.484 Y-65.901
G1 X110.653 Y-65.893
G1 X116.370 Y-65.616
G1 X120.010 Y-65.439
G1 X125.716 Y-65.558
G1 X131.422 Y-65.677
G1 X135.640 Y-65.764
G1 X135.803 Y-65.768
G1 X141.539 Y-65.887
G1 X147.245 Y-66.006
G1 X152.951 Y-66.125
G1 X158.656 Y-66.243
G1 X160.683 Y-66.286
G1 X160.683 Y-66.363
; Retract
G0 Z3.000

; Path 725
; Rapid to initial position
G0 X168.509 Y-69.342
G0 Z0.000
; plunge
G1 Z-0.200 F4000
; cut
G1 X168.037 Y-69.387 F4000
G1 X162.403 Y-69.913
G1 X156.770 Y-70.439
G1 X151.136 Y-70.966
G1 X145.503 Y-71.492
G1 X140.147 Y-71.993
G1 X134.452 Y-71.770
G1 X128.756 Y-71.546
G1 X123.059 Y-71.324
G1 X117.363 Y-71.100
G1 X111.667 Y-70.877
G1 X105.972 Y-70.655
G1 X100.276 Y-70.431
G1 X99.053 Y-70.383
G1 X98.554 Y-70.364
G1 X98.554 Y-70.359
; Retract
G0 Z3.000

; Path 726
; Rapid to initial position
G0 X92.540 Y-67.698
G0 Z0.000
; plunge
G1 Z-0.200 F4000
; cut
G1 X92.343 Y-67.705 F4000
; Retract
G0 Z3.000

; Path 727
; Rapid to initial position
G0 X109.446 Y-71.355
G0 Z0.000
; plunge
G1 Z-0.200 F4000
; cut
G1 X115.135 Y-71.001 F4000
G1 X119.794 Y-70.775
G1 X119.955 Y-70.767
G1 X125.668 Y-70.490
G1 X129.238 Y-70.316
G1 X129.407 Y-70.308
G1 X135.124 Y-70.031
G1 X138.764 Y-69.854
G1 X144.470 Y-69.973
G1 X150.176 Y-70.092
G1 X154.394 Y-70.180
G1 X154.558 Y-70.183
G1 X160.293 Y-70.303
G1 X165.999 Y-70.421
G1 X171.705 Y-70.540
G1 X177.411 Y-70.659
G1 X179.437 Y-70.701
G1 X179.437 Y-70.778
; Retract
G0 Z3.000

; Path 728
; Rapid to initial position
G0 X182.023 Y-63.400
G0 Z0.000
; plunge
G1 Z-0.200 F4000
; cut
G1 X181.879 Y-63.212 F4000
; Retract
G0 Z3.000

; Path 729
; Rapid to initial position
G0 X181.951 Y-63.303
G0 Z0.000
; plunge
G1 Z-0.200 F4000
; cut
G1 X181.951 Y-63.332 F4000
; Retract
G0 Z3.000

; Path 730
; Rapid to initial position
G0 X179.036 Y-62.375
G0 Z0.000
; plunge
G1 Z-0.200 F4000
; cut
G1 X178.931 Y-62.380 F4000
G1 X178.934 Y-65.594
G1 X178.936 Y-68.829
G1 X178.938 Y-72.064
G1 X178.940 Y-75.299
G1 X178.942 Y-78.534
G1 X178.944 Y-81.770
G1 X178.946 Y-85.005
G1 X178.949 Y-88.240
G1 X178.985 Y-88.241
; Retract
G0 Z3.000

; Path 731
; Rapid to initial position
G0 X177.353 Y-87.459
G0 Z0.000
; plunge
G1 Z-0.200 F4000
; cut
G1 X175.327 Y-87.339 F4000
G1 X169.621 Y-87.220
G1 X163.915 Y-87.102
G1 X158.210 Y-86.983
G1 X152.504 Y-86.864
G1 X152.341 Y-86.861
G1 X148.092 Y-86.772
G1 X142.386 Y-86.653
G1 X136.680 Y-86.535
G1 X133.040 Y-86.711
G1 X127.351 Y-86.987
G1 X127.181 Y-86.995
G1 X123.584 Y-87.170
G1 X117.895 Y-87.446
G1 X117.734 Y-87.454
G1 X113.051 Y-87.681
G1 X107.362 Y-87.957
G1 X107.362 Y-88.035
; Retract
G0 Z3.000

; Path 732
; Rapid to initial position
G0 X109.013 Y-88.801
G0 Z0.000
; plunge
G1 Z-0.200 F4000
; cut
G1 X109.210 Y-88.793 F4000
; Retract
G0 Z3.000

; Path 733
; Rapid to initial position
G0 X110.586 Y-91.666
G0 Z0.000
; plunge
G1 Z-0.200 F4000
; cut
G1 X112.907 Y-92.680 F4000
G1 X115.182 Y-93.673
G1 X117.457 Y-94.666
G1 X119.733 Y-95.658
G1 X120.576 Y-96.027
G1 X121.942 Y-96.623
G1 X121.956 Y-96.620
; Retract
G0 Z3.000

; Path 734
; Rapid to initial position
G0 X129.862 Y-92.225
G0 Z0.000
; plunge
G1 Z-0.200 F4000
; cut
G1 X130.107 Y-92.230 F4000
G1 X130.350 Y-92.234
; Retract
G0 Z3.000

; Path 735
; Rapid to initial position
G0 X130.350 Y-92.234
G0 Z0.000
; plunge
G1 Z-0.200 F4000
; cut
G1 X130.107 Y-92.230 F4000
G1 X129.862 Y-92.225
; Retract
G0 Z3.000

; Path 736
; Rapid to initial position
G0 X129.862 Y-92.225
G0 Z0.000
; plunge
G1 Z-0.200 F4000
; cut
G1 X130.107 Y-92.230 F4000
G1 X130.350 Y-92.234
; Retract
G0 Z3.000

; Path 737
; Rapid to initial position
G0 X130.350 Y-92.234
G0 Z0.000
; plunge
G1 Z-0.200 F4000
; cut
G1 X130.107 Y-92.230 F4000
G1 X129.862 Y-92.225
; Retract
G0 Z3.000

; Path 738
; Rapid to initial position
G0 X129.862 Y-92.225
G0 Z0.000
; plunge
G1 Z-0.200 F4000
; cut
G1 X130.107 Y-92.230 F4000
G1 X130.350 Y-92.234
; Retract
G0 Z3.000

; Path 739
; Rapid to initial position
G0 X130.350 Y-92.234
G0 Z0.000
; plunge
G1 Z-0.200 F4000
; cut
G1 X130.107 Y-92.230 F4000
G1 X129.862 Y-92.225
; Retract
G0 Z3.000

; Path 740
; Rapid to initial position
G0 X129.862 Y-92.225
G0 Z0.000
; plunge
G1 Z-0.200 F4000
; cut
G1 X130.107 Y-92.230 F4000
G1 X130.350 Y-92.234
; Retract
G0 Z3.000

; Path 741
; Rapid to initial position
G0 X130.830 Y-92.191
G0 Z0.000
; plunge
G1 Z-0.200 F4000
; cut
G1 X131.204 Y-92.125 F4000
G1 X136.846 Y-90.940
G1 X142.488 Y-89.754
G1 X148.130 Y-88.569
G1 X153.772 Y-87.384
G1 X153.878 Y-87.362
; Retract
G0 Z3.000

; Path 742
; Rapid to initial position
G0 X154.371 Y-88.296
G0 Z0.000
; plunge
G1 Z-0.200 F4000
; cut
G1 X155.208 Y-88.312 F4000
G1 X155.312 Y-88.314
G1 X161.018 Y-88.423
G1 X166.725 Y-88.532
G1 X172.431 Y-88.641
G1 X178.137 Y-88.750
G1 X178.369 Y-88.754
G1 X178.535 Y-88.758
G1 X184.242 Y-88.866
G1 X189.948 Y-88.975
G1 X193.544 Y-89.044
G1 X193.544 Y-89.112
; Retract
G0 Z3.000

; Path 743
; Rapid to initial position
G0 X191.678 Y-91.210
G0 Z0.000
; plunge
G1 Z-0.200 F4000
; cut
G1 X192.051 Y-91.144 F4000
G1 X197.693 Y-89.958
G1 X203.335 Y-88.773
G1 X208.977 Y-87.588
G1 X214.619 Y-86.403
G1 X214.725 Y-86.381
; Retract
G0 Z3.000

; Path 744
; Rapid to initial position
G0 X216.255 Y-81.341
G0 Z0.000
; plunge
G1 Z-0.200 F4000
; cut
G1 X216.255 Y-81.340 F4000
; Retract
G0 Z3.000

; Path 745
; Rapid to initial position
G0 X212.384 Y-80.331
G0 Z0.000
; plunge
G1 Z-0.200 F4000
; cut
G1 X212.384 Y-77.425 F4000
G1 X212.384 Y-76.600
G1 X212.384 Y-73.365
G1 X212.384 Y-70.129
G1 X212.384 Y-66.894
G1 X212.384 Y-63.659
G1 X212.384 Y-60.424
G1 X212.384 Y-57.188
G1 X212.384 Y-53.953
G1 X212.384 Y-53.889
; Retract
G0 Z3.000

; Path 746
; Rapid to initial position
G0 X211.111 Y-59.985
G0 Z0.000
; plunge
G1 Z-0.200 F4000
; cut
G1 X209.085 Y-59.866 F4000
G1 X203.379 Y-59.747
G1 X197.673 Y-59.628
G1 X191.967 Y-59.509
G1 X186.262 Y-59.390
G1 X186.098 Y-59.387
G1 X181.850 Y-59.299
G1 X176.144 Y-59.180
G1 X170.438 Y-59.061
G1 X166.798 Y-59.238
G1 X161.109 Y-59.514
G1 X160.939 Y-59.522
G1 X157.342 Y-59.697
G1 X151.653 Y-59.972
G1 X151.492 Y-59.980
G1 X146.809 Y-60.208
G1 X141.120 Y-60.483
G1 X141.120 Y-60.562
; Retract
G0 Z3.000

; Path 747
; Rapid to initial position
G0 X142.771 Y-61.327
G0 Z0.000
; plunge
G1 Z-0.200 F4000
; cut
G1 X142.968 Y-61.320 F4000
; Retract
G0 Z3.000

; Path 748
; Rapid to initial position
G0 X142.778 Y-62.510
G0 Z0.000
; plunge
G1 Z-0.200 F4000
; cut
G1 X142.778 Y-62.583 F4000
; Retract
G0 Z3.000

; Path 749
; Rapid to initial position
G0 X143.877 Y-58.808
G0 Z0.000
; plunge
G1 Z-0.200 F4000
; cut
G1 X144.049 Y-58.820 F4000
; Retract
G0 Z3.000

; Path 750
; Rapid to initial position
G0 X155.130 Y-55.374
G0 Z0.000
; plunge
G1 Z-0.200 F4000
; cut
G1 X155.302 Y-55.386 F4000
; Retract
G0 Z3.000

; Path 751
; Rapid to initial position
G0 X155.302 Y-55.386
G0 Z0.000
; plunge
G1 Z-0.200 F4000
; cut
G1 X155.130 Y-55.374 F4000
; Retract
G0 Z3.000

; Path 752
; Rapid to initial position
G0 X155.130 Y-55.374
G0 Z0.000
; plunge
G1 Z-0.200 F4000
; cut
G1 X155.302 Y-55.386 F4000
; Retract
G0 Z3.000

; Path 753
; Rapid to initial position
G0 X155.302 Y-55.386
G0 Z0.000
; plunge
G1 Z-0.200 F4000
; cut
G1 X155.130 Y-55.374 F4000
; Retract
G0 Z3.000

; Path 754
; Rapid to initial position
G0 X155.130 Y-55.374
G0 Z0.000
; plunge
G1 Z-0.200 F4000
; cut
G1 X155.302 Y-55.386 F4000
; Retract
G0 Z3.000

; Path 755
; Rapid to initial position
G0 X155.302 Y-55.386
G0 Z0.000
; plunge
G1 Z-0.200 F4000
; cut
G1 X155.130 Y-55.374 F4000
; Retract
G0 Z3.000

; Path 756
; Rapid to initial position
G0 X155.130 Y-55.374
G0 Z0.000
; plunge
G1 Z-0.200 F4000
; cut
G1 X155.302 Y-55.386 F4000
; Retract
G0 Z3.000

; Path 757
; Rapid to initial position
G0 X158.047 Y-39.675
G0 Z0.000
; plunge
G1 Z-0.200 F4000
; cut
G1 X158.219 Y-39.687 F4000
; Retract
G0 Z3.000

; Path 758
; Rapid to initial position
G0 X179.935 Y-49.422
G0 Z0.000
; plunge
G1 Z-0.200 F4000
; cut
G1 X184.687 Y-49.527 F4000
G1 X190.392 Y-49.653
G1 X190.553 Y-49.657
G1 X194.108 Y-49.735
G1 X199.813 Y-49.861
G1 X199.982 Y-49.865
G1 X203.557 Y-49.944
G1 X209.262 Y-50.070
G1 X209.449 Y-50.074
G1 X210.105 Y-50.088
G1 X215.810 Y-50.214
G1 X221.515 Y-50.340
G1 X221.554 Y-51.633
G1 X221.557 Y-54.868
G1 X221.561 Y-58.103
G1 X221.565 Y-61.339
G1 X221.569 Y-64.574
G1 X221.573 Y-67.809
G1 X221.573 Y-68.272
G1 X221.575 Y-69.396
G1 X221.579 Y-72.631
G1 X221.582 Y-75.866
G1 X221.582 Y-76.406
G1 X221.586 Y-79.641
G1 X221.586 Y-79.652
; Retract
G0 Z3.000

; Path 759
; Rapid to initial position
G0 X220.839 Y-83.978
G0 Z0.000
; plunge
G1 Z-0.200 F4000
; cut
G1 X220.948 Y-83.982 F4000
G1 X226.663 Y-83.448
G1 X232.296 Y-82.921
G1 X237.929 Y-82.395
G1 X243.563 Y-81.868
G1 X244.006 Y-81.827
G1 X244.117 Y-81.817
G1 X244.119 Y-78.964
G1 X244.121 Y-75.729
G1 X244.121 Y-72.494
G1 X244.124 Y-69.259
G1 X244.126 Y-66.024
G1 X244.129 Y-62.788
G1 X244.131 Y-59.553
G1 X244.133 Y-56.318
G1 X244.027 Y-56.316
G1 X244.027 Y-56.316
; Retract
G0 Z3.000

; Path 760
; Rapid to initial position
G0 X243.970 Y-56.272
G0 Z0.000
; plunge
G1 Z-0.200 F4000
; cut
G1 X243.970 Y-56.214 F4000
; Retract
G0 Z3.000

; Path 761
; Rapid to initial position
G0 X246.034 Y-58.306
G0 Z0.000
; plunge
G1 Z-0.200 F4000
; cut
G1 X248.355 Y-59.319 F4000
G1 X250.630 Y-60.312
G1 X252.905 Y-61.305
G1 X255.180 Y-62.298
G1 X256.023 Y-62.667
G1 X257.389 Y-63.263
G1 X257.404 Y-63.260
; Retract
G0 Z3.000

; Path 762
; Rapid to initial position
G0 X254.389 Y-61.669
G0 Z0.000
; plunge
G1 Z-0.200 F4000
; cut
G1 X254.389 Y-61.611 F4000
; Retract
G0 Z3.000

; Path 763
; Rapid to initial position
G0 X252.993 Y-61.499
G0 Z0.000
; plunge
G1 Z-0.200 F4000
; cut
G1 X252.796 Y-61.492 F4000
; Retract
G0 Z3.000

; Path 764
; Rapid to initial position
G0 X251.145 Y-62.257
G0 Z0.000
; plunge
G1 Z-0.200 F4000
; cut
G1 X256.834 Y-62.611 F4000
G1 X261.493 Y-62.837
G1 X261.654 Y-62.845
G1 X267.367 Y-63.122
G1 X270.937 Y-63.296
G1 X271.106 Y-63.304
G1 X276.823 Y-63.581
G1 X280.463 Y-63.758
G1 X286.169 Y-63.639
G1 X291.875 Y-63.520
G1 X296.093 Y-63.432
G1 X296.257 Y-63.429
G1 X301.992 Y-63.309
G1 X307.698 Y-63.191
G1 X313.404 Y-63.072
G1 X319.110 Y-62.953
G1 X321.136 Y-62.911
G1 X321.136 Y-62.834
; Retract
G0 Z3.000

; Path 765
; Rapid to initial position
G0 X324.613 Y-61.411
G0 Z0.000
; plunge
G1 Z-0.200 F4000
; cut
G1 X324.722 Y-61.414 F4000
G1 X330.436 Y-60.880
G1 X336.069 Y-60.354
G1 X341.703 Y-59.827
G1 X347.337 Y-59.301
G1 X347.780 Y-59.259
G1 X347.890 Y-59.249
G1 X347.893 Y-56.397
G1 X347.895 Y-53.162
G1 X347.895 Y-49.927
G1 X347.898 Y-46.691
G1 X347.900 Y-43.456
G1 X347.902 Y-40.221
G1 X347.905 Y-36.986
G1 X347.907 Y-33.750
G1 X347.800 Y-33.748
G1 X347.800 Y-33.748
; Retract
G0 Z3.000

; Path 766
; Rapid to initial position
G0 X347.744 Y-33.705
G0 Z0.000
; plunge
G1 Z-0.200 F4000
; cut
G1 X347.744 Y-33.647 F4000
; Retract
G0 Z3.000

; Path 767
; Rapid to initial position
G0 X353.787 Y-31.300
G0 Z0.000
; plunge
G1 Z-0.200 F4000
; cut
G1 X353.787 Y-31.299 F4000
; Retract
G0 Z3.000

; Path 768
; Rapid to initial position
G0 X347.831 Y-20.528
G0 Z0.000
; plunge
G1 Z-0.200 F4000
; cut
G1 X347.831 Y-23.828 F4000
G1 X347.831 Y-27.063
G1 X347.831 Y-30.298
G1 X347.831 Y-33.533
G1 X347.831 Y-36.769
G1 X347.831 Y-40.004
G1 X347.831 Y-43.239
G1 X347.831 Y-43.988
G1 X347.831 Y-46.970
; Retract
G0 Z3.000

; Path 769
; Rapid to initial position
G0 X347.797 Y-46.998
G0 Z0.000
; plunge
G1 Z-0.200 F4000
; cut
G1 X347.797 Y-46.940 F4000
; Retract
G0 Z3.000

; Path 770
; Rapid to initial position
G0 X347.408 Y-46.185
G0 Z0.000
; plunge
G1 Z-0.200 F4000
; cut
G1 X347.303 Y-46.190 F4000
G1 X347.305 Y-49.404
G1 X347.308 Y-52.639
G1 X347.309 Y-55.874
G1 X347.312 Y-59.110
G1 X347.314 Y-62.345
G1 X347.316 Y-65.580
G1 X347.318 Y-68.815
G1 X347.320 Y-72.050
G1 X347.357 Y-72.052
; Retract
G0 Z3.000

; Path 771
; Rapid to initial position
G0 X347.781 Y-73.038
G0 Z0.000
; plunge
G1 Z-0.200 F4000
; cut
G1 X347.947 Y-73.041 F4000
G1 X351.543 Y-73.110
G1 X357.250 Y-73.219
G1 X362.956 Y-73.328
G1 X363.262 Y-73.312
G1 X368.947 Y-73.013
G1 X374.632 Y-72.713
G1 X380.317 Y-72.414
G1 X386.002 Y-72.114
G1 X386.138 Y-72.107
G1 X386.138 Y-72.121
; Retract
G0 Z3.000

; Path 772
; Rapid to initial position
G0 X382.839 Y-74.003
G0 Z0.000
; plunge
G1 Z-0.200 F4000
; cut
G1 X382.839 Y-77.303 F4000
G1 X382.839 Y-80.538
G1 X382.839 Y-83.773
G1 X382.839 Y-87.009
G1 X382.839 Y-90.244
G1 X382.839 Y-93.479
G1 X382.839 Y-96.714
G1 X382.839 Y-97.464
G1 X382.839 Y-100.446
; Retract
G0 Z3.000

; Path 773
; Rapid to initial position
G0 X382.805 Y-100.473
G0 Z0.000
; plunge
G1 Z-0.200 F4000
; cut
G1 X382.805 Y-100.416 F4000
; Retract
G0 Z3.000

; Path 774
; Rapid to initial position
G0 X379.922 Y-97.061
G0 Z0.000
; plunge
G1 Z-0.200 F4000
; cut
G1 X379.922 Y-100.361 F4000
G1 X379.922 Y-103.596
G1 X379.922 Y-106.831
G1 X379.922 Y-110.067
G1 X379.922 Y-113.302
G1 X379.922 Y-116.537
G1 X379.922 Y-119.772
G1 X379.922 Y-120.522
G1 X379.922 Y-123.504
; Retract
G0 Z3.000

; Path 775
; Rapid to initial position
G0 X379.887 Y-123.532
G0 Z0.000
; plunge
G1 Z-0.200 F4000
; cut
G1 X379.887 Y-123.474 F4000
; Retract
G0 Z3.000

; Path 776
; Rapid to initial position
G0 X382.754 Y-113.642
G0 Z0.000
; plunge
G1 Z-0.200 F4000
; cut
G1 X379.158 Y-113.505 F4000
G1 X373.451 Y-113.396
G1 X367.745 Y-113.288
G1 X367.579 Y-113.284
G1 X367.347 Y-113.280
G1 X361.641 Y-113.171
G1 X355.934 Y-113.062
G1 X350.228 Y-112.953
G1 X344.522 Y-112.844
G1 X344.418 Y-112.842
G1 X343.581 Y-112.826
; Retract
G0 Z3.000

; Path 777
; Rapid to initial position
G0 X343.088 Y-111.892
G0 Z0.000
; plunge
G1 Z-0.200 F4000
; cut
G1 X342.982 Y-111.914 F4000
G1 X337.340 Y-113.099
G1 X331.698 Y-114.284
G1 X326.056 Y-115.470
G1 X320.414 Y-116.655
G1 X320.084 Y-116.725
G1 X320.040 Y-116.721
; Retract
G0 Z3.000

; Path 778
; Rapid to initial position
G0 X316.283 Y-116.622
G0 Z0.000
; plunge
G1 Z-0.200 F4000
; cut
G1 X316.283 Y-117.095 F4000
; Retract
G0 Z3.000

; Path 779
; Rapid to initial position
G0 X318.784 Y-123.981
G0 Z0.000
; plunge
G1 Z-0.200 F4000
; cut
G1 X318.784 Y-124.454 F4000
; Retract
G0 Z3.000

; Path 780
; Rapid to initial position
G0 X318.312 Y-124.334
G0 Z0.000
; plunge
G1 Z-0.200 F4000
; cut
G1 X323.997 Y-124.036 F4000
G1 X329.682 Y-123.737
G1 X335.368 Y-123.438
G1 X340.570 Y-123.164
G1 X340.706 Y-123.157
G1 X341.494 Y-123.116
; Retract
G0 Z3.000

; Path 781
; Rapid to initial position
G0 X341.454 Y-122.770
G0 Z0.000
; plunge
G1 Z-0.200 F4000
; cut
G1 X341.534 Y-122.767 F4000
; Retract
G0 Z3.000

; Path 782
; Rapid to initial position
G0 X339.878 Y-126.417
G0 Z0.000
; plunge
G1 Z-0.200 F4000
; cut
G1 X339.878 Y-126.475 F4000
; Retract
G0 Z3.000

; Path 783
; Rapid to initial position
G0 X339.913 Y-126.447
G0 Z0.000
; plunge
G1 Z-0.200 F4000
; cut
G1 X339.913 Y-123.542 F4000
G1 X339.913 Y-122.716
G1 X339.913 Y-119.481
G1 X339.913 Y-116.246
G1 X339.913 Y-113.010
G1 X339.913 Y-109.775
G1 X339.913 Y-106.540
G1 X339.913 Y-103.305
G1 X339.913 Y-100.069
G1 X339.913 Y-100.005
; Retract
G0 Z3.000

; Path 784
; Rapid to initial position
G0 X338.575 Y-102.331
G0 Z0.000
; plunge
G1 Z-0.200 F4000
; cut
G1 X338.575 Y-102.389 F4000
; Retract
G0 Z3.000

; Path 785
; Rapid to initial position
G0 X338.632 Y-102.432
G0 Z0.000
; plunge
G1 Z-0.200 F4000
; cut
G1 X338.738 Y-102.434 F4000
G1 X338.736 Y-105.669
G1 X338.734 Y-108.905
G1 X338.731 Y-112.140
G1 X338.729 Y-115.375
G1 X338.726 Y-118.610
G1 X338.726 Y-121.845
G1 X338.724 Y-125.081
G1 X338.722 Y-127.933
G1 X338.615 Y-127.943
G1 X338.168 Y-127.985
G1 X332.534 Y-128.511
G1 X326.901 Y-129.038
G1 X321.268 Y-129.564
G1 X315.553 Y-130.098
G1 X315.444 Y-130.094
; Retract
G0 Z3.000

; Path 786
; Rapid to initial position
G0 X312.237 Y-128.613
G0 Z0.000
; plunge
G1 Z-0.200 F4000
; cut
G1 X312.237 Y-128.360 F4000
; Retract
G0 Z3.000

; Path 787
; Rapid to initial position
G0 X317.293 Y-125.761
G0 Z0.000
; plunge
G1 Z-0.200 F4000
; cut
G1 X316.821 Y-125.805 F4000
G1 X311.187 Y-126.332
G1 X305.554 Y-126.858
G1 X299.920 Y-127.385
G1 X294.287 Y-127.911
G1 X288.931 Y-128.411
G1 X283.236 Y-128.188
G1 X277.540 Y-127.965
G1 X271.843 Y-127.742
G1 X266.147 Y-127.519
G1 X260.451 Y-127.296
G1 X254.756 Y-127.073
G1 X249.060 Y-126.850
G1 X247.837 Y-126.802
G1 X247.338 Y-126.783
G1 X247.338 Y-126.778
; Retract
G0 Z3.000

; Path 788
; Rapid to initial position
G0 X252.267 Y-136.017
G0 Z0.000
; plunge
G1 Z-0.200 F4000
; cut
G1 X252.347 Y-136.013 F4000
; Retract
G0 Z3.000

; Path 789
; Rapid to initial position
G0 X252.307 Y-136.362
G0 Z0.000
; plunge
G1 Z-0.200 F4000
; cut
G1 X251.519 Y-136.403 F4000
G1 X251.383 Y-136.410
G1 X246.181 Y-136.684
G1 X240.495 Y-136.983
G1 X234.810 Y-137.282
G1 X229.125 Y-137.580
; Retract
G0 Z3.000

; Path 790
; Rapid to initial position
G0 X228.106 Y-139.007
G0 Z0.000
; plunge
G1 Z-0.200 F4000
; cut
G1 X227.634 Y-139.052 F4000
G1 X222.000 Y-139.578
G1 X216.367 Y-140.104
G1 X210.733 Y-140.631
G1 X205.100 Y-141.157
G1 X199.744 Y-141.658
G1 X194.048 Y-141.435
G1 X188.353 Y-141.211
G1 X182.656 Y-140.988
G1 X176.960 Y-140.765
G1 X171.264 Y-140.542
G1 X165.569 Y-140.319
G1 X159.873 Y-140.096
G1 X158.650 Y-140.048
G1 X158.151 Y-140.029
G1 X158.151 Y-140.024
; Retract
G0 Z3.000

; Path 791
; Rapid to initial position
G0 X159.714 Y-137.794
G0 Z0.000
; plunge
G1 Z-0.200 F4000
; cut
G1 X159.886 Y-137.807 F4000
; Retract
G0 Z3.000

; Path 792
; Rapid to initial position
G0 X162.783 Y-146.893
G0 Z0.000
; plunge
G1 Z-0.200 F4000
; cut
G1 X162.783 Y-146.966 F4000
; Retract
G0 Z3.000

; Path 793
; Rapid to initial position
G0 X162.751 Y-146.938
G0 Z0.000
; plunge
G1 Z-0.200 F4000
; cut
G1 X162.684 Y-150.147 F4000
G1 X162.687 Y-153.382
G1 X162.688 Y-156.617
G1 X162.691 Y-159.853
G1 X162.693 Y-163.088
G1 X162.695 Y-166.323
G1 X162.697 Y-169.558
G1 X162.700 Y-172.794
G1 X162.817 Y-172.810
G1 X163.288 Y-172.826
G1 X167.660 Y-172.974
G1 X173.359 Y-173.168
G1 X179.059 Y-173.361
G1 X184.758 Y-173.554
G1 X190.457 Y-173.748
G1 X196.157 Y-173.941
G1 X201.856 Y-174.135
G1 X201.922 Y-174.129
; Retract
G0 Z3.000

; Path 794
; Rapid to initial position
G0 X201.954 Y-174.102
G0 Z0.000
; plunge
G1 Z-0.200 F4000
; cut
G1 X201.954 Y-174.079 F4000
; Retract
G0 Z3.000

; Path 795
; Rapid to initial position
G0 X201.958 Y-173.740
G0 Z0.000
; plunge
G1 Z-0.200 F4000
; cut
G1 X201.853 Y-173.745 F4000
G1 X201.856 Y-176.959
G1 X201.858 Y-180.195
G1 X201.859 Y-183.430
G1 X201.862 Y-186.665
G1 X201.864 Y-189.900
G1 X201.866 Y-193.135
G1 X201.868 Y-196.371
G1 X201.871 Y-199.606
G1 X201.907 Y-199.607
; Retract
G0 Z3.000

; Path 796
; Rapid to initial position
G0 X202.331 Y-200.593
G0 Z0.000
; plunge
G1 Z-0.200 F4000
; cut
G1 X202.498 Y-200.597 F4000
G1 X206.093 Y-200.666
G1 X211.800 Y-200.775
G1 X217.506 Y-200.884
G1 X217.812 Y-200.868
G1 X223.497 Y-200.568
G1 X229.182 Y-200.269
G1 X234.867 Y-199.969
G1 X240.552 Y-199.670
G1 X240.688 Y-199.663
G1 X240.688 Y-199.677
; Retract
G0 Z3.000

; Path 797
; Rapid to initial position
G0 X239.599 Y-197.553
G0 Z0.000
; plunge
G1 Z-0.200 F4000
; cut
G1 X239.599 Y-197.080 F4000
; Retract
G0 Z3.000

; Path 798
; Rapid to initial position
G0 X238.110 Y-199.501
G0 Z0.000
; plunge
G1 Z-0.200 F4000
; cut
G1 X238.110 Y-199.547 F4000
; Retract
G0 Z3.000

; Path 799
; Rapid to initial position
G0 X238.091 Y-199.536
G0 Z0.000
; plunge
G1 Z-0.200 F4000
; cut
G1 X238.128 Y-199.530 F4000
; Retract
G0 Z3.000

; Path 800
; Rapid to initial position
G0 X232.783 Y-197.352
G0 Z0.000
; plunge
G1 Z-0.200 F4000
; cut
G1 X230.756 Y-197.233 F4000
G1 X225.051 Y-197.114
G1 X219.344 Y-196.996
G1 X213.639 Y-196.877
G1 X207.933 Y-196.758
G1 X207.770 Y-196.755
G1 X203.522 Y-196.666
G1 X197.815 Y-196.547
G1 X192.110 Y-196.429
G1 X188.469 Y-196.605
G1 X182.780 Y-196.881
G1 X182.611 Y-196.889
G1 X179.013 Y-197.064
G1 X173.325 Y-197.340
G1 X173.164 Y-197.348
G1 X168.480 Y-197.575
G1 X162.791 Y-197.851
G1 X162.791 Y-197.929
; Retract
G0 Z3.000

; Path 801
; Rapid to initial position
G0 X164.443 Y-198.695
G0 Z0.000
; plunge
G1 Z-0.200 F4000
; cut
G1 X164.640 Y-198.687 F4000
; Retract
G0 Z3.000

; Path 802
; Rapid to initial position
G0 X159.732 Y-197.910
G0 Z0.000
; plunge
G1 Z-0.200 F4000
; cut
G1 X159.374 Y-197.967 F4000
G1 X157.038 Y-198.336
G1 X154.755 Y-198.697
G1 X153.876 Y-198.837
G1 X151.593 Y-199.197
G1 X149.425 Y-199.540
G1 X147.076 Y-199.911
G1 X145.614 Y-200.143
G1 X145.614 Y-200.350
G1 X145.614 Y-200.355
; Retract
G0 Z3.000

; Path 803
; Rapid to initial position
G0 X144.755 Y-197.071
G0 Z0.000
; plunge
G1 Z-0.200 F4000
; cut
G1 X144.755 Y-197.026 F4000
; Retract
G0 Z3.000

; Path 804
; Rapid to initial position
G0 X144.736 Y-197.036
G0 Z0.000
; plunge
G1 Z-0.200 F4000
; cut
G1 X144.774 Y-197.043 F4000
; Retract
G0 Z3.000

; Path 805
; Rapid to initial position
G0 X145.532 Y-195.825
G0 Z0.000
; plunge
G1 Z-0.200 F4000
; cut
G1 X145.532 Y-195.572 F4000
; Retract
G0 Z3.000

; Path 806
; Rapid to initial position
G0 X143.565 Y-194.480
G0 Z0.000
; plunge
G1 Z-0.200 F4000
; cut
G1 X144.063 Y-194.505 F4000
G1 X145.286 Y-194.553
G1 X150.982 Y-194.776
G1 X156.678 Y-194.999
G1 X162.374 Y-195.222
G1 X168.070 Y-195.445
G1 X173.766 Y-195.668
G1 X179.462 Y-195.891
G1 X185.158 Y-196.114
G1 X190.513 Y-195.613
G1 X196.146 Y-195.087
G1 X201.780 Y-194.561
G1 X207.414 Y-194.034
G1 X213.047 Y-193.508
G1 X213.519 Y-193.464
G1 X213.519 Y-193.463
; Retract
G0 Z3.000

; Path 807
; Rapid to initial position
G0 X212.099 Y-195.217
G0 Z0.000
; plunge
G1 Z-0.200 F4000
; cut
G1 X212.472 Y-195.150 F4000
G1 X218.114 Y-193.965
G1 X223.756 Y-192.780
G1 X229.398 Y-191.595
G1 X235.040 Y-190.410
G1 X235.146 Y-190.388
; Retract
G0 Z3.000

; Path 808
; Rapid to initial position
G0 X233.707 Y-195.260
G0 Z0.000
; plunge
G1 Z-0.200 F4000
; cut
G1 X233.464 Y-195.255 F4000
G1 X233.219 Y-195.251
; Retract
G0 Z3.000

; Path 809
; Rapid to initial position
G0 X229.718 Y-193.372
G0 Z0.000
; plunge
G1 Z-0.200 F4000
; cut
G1 X229.718 Y-193.119 F4000
; Retract
G0 Z3.000

; Path 810
; Rapid to initial position
G0 X224.447 Y-194.900
G0 Z0.000
; plunge
G1 Z-0.200 F4000
; cut
G1 X222.421 Y-194.780 F4000
G1 X216.715 Y-194.661
G1 X211.009 Y-194.543
G1 X205.304 Y-194.424
G1 X199.598 Y-194.305
G1 X199.435 Y-194.302
G1 X195.186 Y-194.213
G1 X189.480 Y-194.094
G1 X183.775 Y-193.976
G1 X180.134 Y-194.152
G1 X174.445 Y-194.428
G1 X174.276 Y-194.436
G1 X170.678 Y-194.611
G1 X164.989 Y-194.887
G1 X164.828 Y-194.895
G1 X160.145 Y-195.122
G1 X154.456 Y-195.398
G1 X154.456 Y-195.476
; Retract
G0 Z3.000

; Path 811
; Rapid to initial position
G0 X156.107 Y-196.242
G0 Z0.000
; plunge
G1 Z-0.200 F4000
; cut
G1 X156.304 Y-196.234 F4000
; Retract
G0 Z3.000

; Path 812
; Rapid to initial position
G0 X160.402 Y-193.059
G0 Z0.000
; plunge
G1 Z-0.200 F4000
; cut
G1 X162.731 Y-194.024 F4000
G1 X165.006 Y-195.016
G1 X167.281 Y-196.009
G1 X169.556 Y-197.001
G1 X170.345 Y-197.345
G1 X171.758 Y-197.961
G1 X174.042 Y-197.544
G1 X176.325 Y-197.127
G1 X176.634 Y-197.070
G1 X178.992 Y-196.639
G1 X180.423 Y-196.378
G1 X180.490 Y-196.365
; Retract
G0 Z3.000

; Path 813
; Rapid to initial position
G0 X184.471 Y-195.230
G0 Z0.000
; plunge
G1 Z-0.200 F4000
; cut
G1 X183.102 Y-194.642 F4000
G1 X182.247 Y-194.269
G1 X179.972 Y-193.276
G1 X177.697 Y-192.283
G1 X175.421 Y-191.290
G1 X173.146 Y-190.297
G1 X173.101 Y-190.277
; Retract
G0 Z3.000

; Path 814
; Rapid to initial position
G0 X175.576 Y-187.271
G0 Z0.000
; plunge
G1 Z-0.200 F4000
; cut
G1 X175.614 Y-187.265 F4000
; Retract
G0 Z3.000

; Path 815
; Rapid to initial position
G0 X175.595 Y-187.282
G0 Z0.000
; plunge
G1 Z-0.200 F4000
; cut
G1 X175.595 Y-187.237 F4000
; Retract
G0 Z3.000

; Path 816
; Rapid to initial position
G0 X178.911 Y-181.384
G0 Z0.000
; plunge
G1 Z-0.200 F4000
; cut
G1 X178.948 Y-181.378 F4000
; Retract
G0 Z3.000

; Path 817
; Rapid to initial position
G0 X178.929 Y-181.394
G0 Z0.000
; plunge
G1 Z-0.200 F4000
; cut
G1 X178.929 Y-181.349 F4000
; Retract
G0 Z3.000

; Path 818
; Rapid to initial position
G0 X171.555 Y-174.602
G0 Z0.000
; plunge
G1 Z-0.200 F4000
; cut
G1 X171.384 Y-174.589 F4000
; Retract
G0 Z3.000

; Path 819
; Rapid to initial position
G0 X169.887 Y-176.662
G0 Z0.000
; plunge
G1 Z-0.200 F4000
; cut
G1 X167.438 Y-175.118 F4000
G1 X165.907 Y-174.139
G1 X161.835 Y-171.534
G1 X157.763 Y-168.929
G1 X153.692 Y-166.324
G1 X149.620 Y-163.719
G1 X149.538 Y-163.666
; Retract
G0 Z3.000

; Path 820
; Rapid to initial position
G0 X144.635 Y-159.439
G0 Z0.000
; plunge
G1 Z-0.200 F4000
; cut
G1 X144.438 Y-159.447 F4000
; Retract
G0 Z3.000

; Path 821
; Rapid to initial position
G0 X142.787 Y-158.681
G0 Z0.000
; plunge
G1 Z-0.200 F4000
; cut
G1 X148.476 Y-158.327 F4000
G1 X153.135 Y-158.101
G1 X153.296 Y-158.093
G1 X159.009 Y-157.816
G1 X162.579 Y-157.643
G1 X162.748 Y-157.635
G1 X168.465 Y-157.357
G1 X172.105 Y-157.181
G1 X177.811 Y-157.300
G1 X183.517 Y-157.419
G1 X187.735 Y-157.506
G1 X187.898 Y-157.510
G1 X193.634 Y-157.629
G1 X199.340 Y-157.748
G1 X205.046 Y-157.867
G1 X210.752 Y-157.985
G1 X212.778 Y-158.028
G1 X212.778 Y-158.105
; Retract
G0 Z3.000

; Path 822
; Rapid to initial position
G0 X211.317 Y-159.439
G0 Z0.000
; plunge
G1 Z-0.200 F4000
; cut
G1 X211.120 Y-159.447 F4000
; Retract
G0 Z3.000

; Path 823
; Rapid to initial position
G0 X209.468 Y-158.681
G0 Z0.000
; plunge
G1 Z-0.200 F4000
; cut
G1 X215.157 Y-158.327 F4000
G1 X219.816 Y-158.101
G1 X219.977 Y-158.093
G1 X225.690 Y-157.816
G1 X229.261 Y-157.643
G1 X229.430 Y-157.635
G1 X235.147 Y-157.357
G1 X238.787 Y-157.181
G1 X244.493 Y-157.300
G1 X250.199 Y-157.419
G1 X254.417 Y-157.506
G1 X254.580 Y-157.510
G1 X260.316 Y-157.629
G1 X266.022 Y-157.748
G1 X271.728 Y-157.867
G1 X277.434 Y-157.985
G1 X279.460 Y-158.028
G1 X279.460 Y-158.105
; Retract
G0 Z3.000

; Path 824
; Rapid to initial position
G0 X279.812 Y-156.201
G0 Z0.000
; plunge
G1 Z-0.200 F4000
; cut
G1 X279.812 Y-155.989 F4000
G1 X281.274 Y-155.757
G1 X283.557 Y-155.397
G1 X285.790 Y-155.043
G1 X288.074 Y-154.683
G1 X288.952 Y-154.543
G1 X291.235 Y-154.182
G1 X293.519 Y-153.822
G1 X293.930 Y-153.756
; Retract
G0 Z3.000

; Path 825
; Rapid to initial position
G0 X292.773 Y-153.675
G0 Z0.000
; plunge
G1 Z-0.200 F4000
; cut
G1 X292.693 Y-153.678 F4000
; Retract
G0 Z3.000

; Path 826
; Rapid to initial position
G0 X292.733 Y-154.023
G0 Z0.000
; plunge
G1 Z-0.200 F4000
; cut
G1 X291.944 Y-154.065 F4000
G1 X291.809 Y-154.072
G1 X286.607 Y-154.345
G1 X280.921 Y-154.644
G1 X275.236 Y-154.943
G1 X269.551 Y-155.242
; Retract
G0 Z3.000

; Path 827
; Rapid to initial position
G0 X268.646 Y-155.883
G0 Z0.000
; plunge
G1 Z-0.200 F4000
; cut
G1 X268.646 Y-152.978 F4000
G1 X268.646 Y-152.152
G1 X268.646 Y-148.917
G1 X268.646 Y-145.681
G1 X268.646 Y-142.446
G1 X268.646 Y-139.211
G1 X268.646 Y-135.976
G1 X268.646 Y-132.741
G1 X268.646 Y-129.505
G1 X268.646 Y-129.441
; Retract
G0 Z3.000

; Path 828
; Rapid to initial position
G0 X268.644 Y-130.492
G0 Z0.000
; plunge
G1 Z-0.200 F4000
; cut
G1 X268.889 Y-130.496 F4000
G1 X269.132 Y-130.501
; Retract
G0 Z3.000

; Path 829
; Rapid to initial position
G0 X271.893 Y-136.673
G0 Z0.000
; plunge
G1 Z-0.200 F4000
; cut
G1 X271.893 Y-136.730 F4000
; Retract
G0 Z3.000

; Path 830
; Rapid to initial position
G0 X271.950 Y-136.774
G0 Z0.000
; plunge
G1 Z-0.200 F4000
; cut
G1 X272.056 Y-136.776 F4000
G1 X272.054 Y-140.011
G1 X272.052 Y-143.246
G1 X272.049 Y-146.482
G1 X272.047 Y-149.717
G1 X272.045 Y-152.952
G1 X272.045 Y-156.187
G1 X272.042 Y-159.423
G1 X272.040 Y-162.275
G1 X271.933 Y-162.285
G1 X271.486 Y-162.326
G1 X265.852 Y-162.853
G1 X260.219 Y-163.380
G1 X254.586 Y-163.906
G1 X248.872 Y-164.440
G1 X248.762 Y-164.436
; Retract
G0 Z3.000

; Path 831
; Rapid to initial position
G0 X249.052 Y-163.928
G0 Z0.000
; plunge
G1 Z-0.200 F4000
; cut
G1 X248.947 Y-163.933 F4000
G1 X248.950 Y-167.147
G1 X248.952 Y-170.383
G1 X248.954 Y-173.618
G1 X248.956 Y-176.853
G1 X248.958 Y-180.088
G1 X248.960 Y-183.324
G1 X248.962 Y-186.559
G1 X248.965 Y-189.794
G1 X249.001 Y-189.795
; Retract
G0 Z3.000

; Path 832
; Rapid to initial position
G0 X251.679 Y-193.381
G0 Z0.000
; plunge
G1 Z-0.200 F4000
; cut
G1 X251.789 Y-193.385 F4000
G1 X257.503 Y-192.851
G1 X263.136 Y-192.325
G1 X268.770 Y-191.798
G1 X274.403 Y-191.272
G1 X274.846 Y-191.230
G1 X274.957 Y-191.220
G1 X274.959 Y-188.368
G1 X274.962 Y-185.133
G1 X274.962 Y-181.897
G1 X274.964 Y-178.662
G1 X274.967 Y-175.427
G1 X274.969 Y-172.192
G1 X274.971 Y-168.956
G1 X274.974 Y-165.721
G1 X274.867 Y-165.719
G1 X274.867 Y-165.719
; Retract
G0 Z3.000

; Path 833
; Rapid to initial position
G0 X274.811 Y-165.676
G0 Z0.000
; plunge
G1 Z-0.200 F4000
; cut
G1 X274.811 Y-165.618 F4000
; Retract
G0 Z3.000

; Path 834
; Rapid to initial position
G0 X275.175 Y-167.003
G0 Z0.000
; plunge
G1 Z-0.200 F4000
; cut
G1 X274.817 Y-167.059 F4000
G1 X272.481 Y-167.428
G1 X270.198 Y-167.790
G1 X269.319 Y-167.929
G1 X267.036 Y-168.289
G1 X264.868 Y-168.632
G1 X262.519 Y-169.003
G1 X261.057 Y-169.235
G1 X261.057 Y-169.442
G1 X261.057 Y-169.447
; Retract
G0 Z3.000

; Path 835
; Rapid to initial position
G0 X265.009 Y-173.926
G0 Z0.000
; plunge
G1 Z-0.200 F4000
; cut
G1 X267.338 Y-174.891 F4000
G1 X269.613 Y-175.883
G1 X271.888 Y-176.876
G1 X274.164 Y-177.867
G1 X274.953 Y-178.212
G1 X276.365 Y-178.828
G1 X278.649 Y-178.411
G1 X280.932 Y-177.994
G1 X281.241 Y-177.937
G1 X283.599 Y-177.506
G1 X285.030 Y-177.244
G1 X285.098 Y-177.232
; Retract
G0 Z3.000

; Path 836
; Rapid to initial position
G0 X288.153 Y-177.522
G0 Z0.000
; plunge
G1 Z-0.200 F4000
; cut
G1 X288.298 Y-177.710 F4000
; Retract
G0 Z3.000

; Path 837
; Rapid to initial position
G0 X288.225 Y-177.641
G0 Z0.000
; plunge
G1 Z-0.200 F4000
; cut
G1 X288.225 Y-177.613 F4000
; Retract
G0 Z3.000

; Path 838
; Rapid to initial position
G0 X288.910 Y-176.061
G0 Z0.000
; plunge
G1 Z-0.200 F4000
; cut
G1 X289.082 Y-176.073 F4000
; Retract
G0 Z3.000

; Path 839
; Rapid to initial position
G0 X289.078 Y-176.097
G0 Z0.000
; plunge
G1 Z-0.200 F4000
; cut
G1 X287.709 Y-175.508 F4000
G1 X286.854 Y-175.135
G1 X284.579 Y-174.142
G1 X282.304 Y-173.149
G1 X280.029 Y-172.157
G1 X277.753 Y-171.164
G1 X277.708 Y-171.143
; Retract
G0 Z3.000

; Path 840
; Rapid to initial position
G0 X279.516 Y-172.375
G0 Z0.000
; plunge
G1 Z-0.200 F4000
; cut
G1 X279.512 Y-169.129 F4000
G1 X279.512 Y-168.675
G1 X279.509 Y-165.354
G1 X279.505 Y-162.119
G1 X279.503 Y-161.051
G1 X279.503 Y-160.605
G1 X279.499 Y-157.297
G1 X279.495 Y-154.062
G1 X279.491 Y-150.826
G1 X279.487 Y-147.591
G1 X279.483 Y-144.356
G1 X279.481 Y-143.138
G1 X273.740 Y-142.938
G1 X268.035 Y-142.811
G1 X267.378 Y-142.797
G1 X267.192 Y-142.793
G1 X261.487 Y-142.667
G1 X257.912 Y-142.588
G1 X257.742 Y-142.584
G1 X252.037 Y-142.458
G1 X248.483 Y-142.380
G1 X248.322 Y-142.376
G1 X242.617 Y-142.250
G1 X237.948 Y-142.147
G1 X237.865 Y-142.145
; Retract
G0 Z3.000

; Path 841
; Rapid to initial position
G0 X239.034 Y-140.443
G0 Z0.000
; plunge
G1 Z-0.200 F4000
; cut
G1 X237.008 Y-140.324 F4000
G1 X231.302 Y-140.205
G1 X225.596 Y-140.086
G1 X219.890 Y-139.968
G1 X214.185 Y-139.848
G1 X214.021 Y-139.845
G1 X209.773 Y-139.757
G1 X204.067 Y-139.638
G1 X198.361 Y-139.519
G1 X194.721 Y-139.696
G1 X189.032 Y-139.972
G1 X188.862 Y-139.980
G1 X185.265 Y-140.155
G1 X179.576 Y-140.430
G1 X179.415 Y-140.438
G1 X174.732 Y-140.666
G1 X169.043 Y-140.941
G1 X169.043 Y-141.020
; Retract
G0 Z3.000

; Path 842
; Rapid to initial position
G0 X170.694 Y-141.785
G0 Z0.000
; plunge
G1 Z-0.200 F4000
; cut
G1 X170.891 Y-141.778 F4000
; Retract
G0 Z3.000

; Path 843
; Rapid to initial position
G0 X171.183 Y-142.145
G0 Z0.000
; plunge
G1 Z-0.200 F4000
; cut
G1 X175.935 Y-142.250 F4000
G1 X181.640 Y-142.376
G1 X181.801 Y-142.380
G1 X185.356 Y-142.458
G1 X191.061 Y-142.584
G1 X191.230 Y-142.588
G1 X194.805 Y-142.667
G1 X200.510 Y-142.793
G1 X200.697 Y-142.797
G1 X201.353 Y-142.811
G1 X207.058 Y-142.938
G1 X212.763 Y-143.063
G1 X212.802 Y-144.356
G1 X212.805 Y-147.591
G1 X212.809 Y-150.826
G1 X212.813 Y-154.062
G1 X212.817 Y-157.297
G1 X212.821 Y-160.532
G1 X212.821 Y-160.995
G1 X212.823 Y-162.119
G1 X212.827 Y-165.354
G1 X212.830 Y-168.590
G1 X212.830 Y-169.129
G1 X212.834 Y-172.364
G1 X212.834 Y-172.375
; Retract
G0 Z3.000

; Path 844
; Rapid to initial position
G0 X207.925 Y-173.531
G0 Z0.000
; plunge
G1 Z-0.200 F4000
; cut
G1 X207.925 Y-174.005 F4000
; Retract
G0 Z3.000

; Path 845
; Rapid to initial position
G0 X207.392 Y-174.135
G0 Z0.000
; plunge
G1 Z-0.200 F4000
; cut
G1 X206.024 Y-173.546 F4000
G1 X205.169 Y-173.173
G1 X202.894 Y-172.180
G1 X200.618 Y-171.187
G1 X198.343 Y-170.194
G1 X196.068 Y-169.201
G1 X196.023 Y-169.181
; Retract
G0 Z3.000

; Path 846
; Rapid to initial position
G0 X193.417 Y-174.410
G0 Z0.000
; plunge
G1 Z-0.200 F4000
; cut
G1 X193.352 Y-174.382 F4000
; Retract
G0 Z3.000

; Path 847
; Rapid to initial position
G0 X190.415 Y-174.739
G0 Z0.000
; plunge
G1 Z-0.200 F4000
; cut
G1 X190.525 Y-174.742 F4000
G1 X196.239 Y-174.208
G1 X201.872 Y-173.682
G1 X207.506 Y-173.155
G1 X213.139 Y-172.629
G1 X213.582 Y-172.588
G1 X213.693 Y-172.577
G1 X213.695 Y-169.725
G1 X213.698 Y-166.490
G1 X213.698 Y-163.255
G1 X213.700 Y-160.019
G1 X213.703 Y-156.784
G1 X213.705 Y-153.549
G1 X213.707 Y-150.314
G1 X213.710 Y-147.079
G1 X213.603 Y-147.076
G1 X213.603 Y-147.076
; Retract
G0 Z3.000

; Path 848
; Rapid to initial position
G0 X213.547 Y-147.033
G0 Z0.000
; plunge
G1 Z-0.200 F4000
; cut
G1 X213.547 Y-146.975 F4000
; Retract
G0 Z3.000

; Path 849
; Rapid to initial position
G0 X221.078 Y-149.566
G0 Z0.000
; plunge
G1 Z-0.200 F4000
; cut
G1 X221.039 Y-146.330 F4000
G1 X221.037 Y-143.094
G1 X221.035 Y-139.859
G1 X221.033 Y-136.624
G1 X221.031 Y-133.389
G1 X221.029 Y-130.154
G1 X221.027 Y-126.918
G1 X221.024 Y-123.704
G1 X221.129 Y-123.699
; Retract
G0 Z3.000

; Path 850
; Rapid to initial position
G0 X227.384 Y-122.642
G0 Z0.000
; plunge
G1 Z-0.200 F4000
; cut
G1 X227.629 Y-122.647 F4000
G1 X227.873 Y-122.651
; Retract
G0 Z3.000

; Path 851
; Rapid to initial position
G0 X231.501 Y-132.174
G0 Z0.000
; plunge
G1 Z-0.200 F4000
; cut
G1 X232.000 Y-132.199 F4000
G1 X233.223 Y-132.247
G1 X238.919 Y-132.470
G1 X244.615 Y-132.693
G1 X250.310 Y-132.916
G1 X256.006 Y-133.139
G1 X261.703 Y-133.362
G1 X267.399 Y-133.585
G1 X273.094 Y-133.808
G1 X278.450 Y-133.307
G1 X284.083 Y-132.781
G1 X289.717 Y-132.255
G1 X295.350 Y-131.728
G1 X300.984 Y-131.202
G1 X301.456 Y-131.158
G1 X301.456 Y-131.157
; Retract
G0 Z3.000

; Path 852
; Rapid to initial position
G0 X302.475 Y-129.731
G0 Z0.000
; plunge
G1 Z-0.200 F4000
; cut
G1 X308.160 Y-129.432 F4000
G1 X313.845 Y-129.133
G1 X319.531 Y-128.834
G1 X324.733 Y-128.561
G1 X324.869 Y-128.554
G1 X325.657 Y-128.512
; Retract
G0 Z3.000

; Path 853
; Rapid to initial position
G0 X325.617 Y-128.167
G0 Z0.000
; plunge
G1 Z-0.200 F4000
; cut
G1 X325.697 Y-128.163 F4000
; Retract
G0 Z3.000

; Path 854
; Rapid to initial position
G0 X326.983 Y-129.435
G0 Z0.000
; plunge
G1 Z-0.200 F4000
; cut
G1 X326.983 Y-129.457 F4000
; Retract
G0 Z3.000

; Path 855
; Rapid to initial position
G0 X326.951 Y-129.484
G0 Z0.000
; plunge
G1 Z-0.200 F4000
; cut
G1 X321.186 Y-129.297 F4000
G1 X315.486 Y-129.103
G1 X309.786 Y-128.910
G1 X304.087 Y-128.717
G1 X298.388 Y-128.523
G1 X292.689 Y-128.330
G1 X288.316 Y-128.182
G1 X287.846 Y-128.165
G1 X287.728 Y-128.162
G1 X287.726 Y-124.914
G1 X287.723 Y-121.679
G1 X287.722 Y-118.443
G1 X287.719 Y-115.208
G1 X287.717 Y-111.973
G1 X287.715 Y-108.738
G1 X287.713 Y-105.503
G1 X287.711 Y-102.297
G1 X287.779 Y-102.294
; Retract
G0 Z3.000

; Path 856
; Rapid to initial position
G0 X287.811 Y-102.321
G0 Z0.000
; plunge
G1 Z-0.200 F4000
; cut
G1 X287.811 Y-102.249 F4000
; Retract
G0 Z3.000

; Path 857
; Rapid to initial position
G0 X289.061 Y-100.151
G0 Z0.000
; plunge
G1 Z-0.200 F4000
; cut
G1 X288.956 Y-100.156 F4000
G1 X288.959 Y-103.370
G1 X288.961 Y-106.605
G1 X288.963 Y-109.840
G1 X288.965 Y-113.075
G1 X288.967 Y-116.311
G1 X288.969 Y-119.546
G1 X288.971 Y-122.781
G1 X288.974 Y-126.016
G1 X289.010 Y-126.018
; Retract
G0 Z3.000

; Path 858
; Rapid to initial position
G0 X289.435 Y-127.004
G0 Z0.000
; plunge
G1 Z-0.200 F4000
; cut
G1 X289.601 Y-127.007 F4000
G1 X293.197 Y-127.076
G1 X298.903 Y-127.185
G1 X304.609 Y-127.294
G1 X304.916 Y-127.278
G1 X310.601 Y-126.978
G1 X316.286 Y-126.679
G1 X321.971 Y-126.380
G1 X327.656 Y-126.080
G1 X327.792 Y-126.073
G1 X327.792 Y-126.087
; Retract
G0 Z3.000

; Path 859
; Rapid to initial position
G0 X328.221 Y-127.197
G0 Z0.000
; plunge
G1 Z-0.200 F4000
; cut
G1 X326.195 Y-127.078 F4000
G1 X320.489 Y-126.959
G1 X314.783 Y-126.840
G1 X309.077 Y-126.721
G1 X303.372 Y-126.602
G1 X303.208 Y-126.599
G1 X298.960 Y-126.511
G1 X293.254 Y-126.392
G1 X287.548 Y-126.273
G1 X283.908 Y-126.450
G1 X278.219 Y-126.726
G1 X278.049 Y-126.734
G1 X274.452 Y-126.909
G1 X268.763 Y-127.184
G1 X268.602 Y-127.192
G1 X263.919 Y-127.420
G1 X258.230 Y-127.695
G1 X258.230 Y-127.773
; Retract
G0 Z3.000

; Path 860
; Rapid to initial position
G0 X259.881 Y-128.539
G0 Z0.000
; plunge
G1 Z-0.200 F4000
; cut
G1 X260.078 Y-128.532 F4000
; Retract
G0 Z3.000

; Path 861
; Rapid to initial position
G0 X271.980 Y-123.554
G0 Z0.000
; plunge
G1 Z-0.200 F4000
; cut
G1 X271.980 Y-126.853 F4000
G1 X271.980 Y-130.089
G1 X271.980 Y-133.324
G1 X271.980 Y-136.559
G1 X271.980 Y-139.794
G1 X271.980 Y-143.029
G1 X271.980 Y-146.265
G1 X271.980 Y-147.014
G1 X271.980 Y-149.996
; Retract
G0 Z3.000

; Path 862
; Rapid to initial position
G0 X271.946 Y-150.024
G0 Z0.000
; plunge
G1 Z-0.200 F4000
; cut
G1 X271.946 Y-149.966 F4000
; Retract
G0 Z3.000

; Path 863
; Rapid to initial position
G0 X270.561 Y-150.927
G0 Z0.000
; plunge
G1 Z-0.200 F4000
; cut
G1 X270.561 Y-151.181 F4000
; Retract
G0 Z3.000

; Path 864
; Rapid to initial position
G0 X270.740 Y-153.039
G0 Z0.000
; plunge
G1 Z-0.200 F4000
; cut
G1 X269.372 Y-152.450 F4000
G1 X268.517 Y-152.077
G1 X266.241 Y-151.084
G1 X263.966 Y-150.091
G1 X261.691 Y-149.098
G1 X259.416 Y-148.106
G1 X259.370 Y-148.085
; Retract
G0 Z3.000

; Path 865
; Rapid to initial position
G0 X259.604 Y-147.022
G0 Z0.000
; plunge
G1 Z-0.200 F4000
; cut
G1 X259.604 Y-146.548 F4000
; Retract
G0 Z3.000

; Path 866
; Rapid to initial position
G0 X259.859 Y-149.636
G0 Z0.000
; plunge
G1 Z-0.200 F4000
; cut
G1 X259.723 Y-149.629 F4000
G1 X254.038 Y-149.928
G1 X248.353 Y-150.228
G1 X242.668 Y-150.527
G1 X236.983 Y-150.827
G1 X236.677 Y-150.843
G1 X230.971 Y-150.734
G1 X225.264 Y-150.624
G1 X221.669 Y-150.556
G1 X221.502 Y-150.552
; Retract
G0 Z3.000

; Path 867
; Rapid to initial position
G0 X224.771 Y-144.894
G0 Z0.000
; plunge
G1 Z-0.200 F4000
; cut
G1 X224.300 Y-144.939 F4000
G1 X218.666 Y-145.465
G1 X213.033 Y-145.991
G1 X207.399 Y-146.518
G1 X201.766 Y-147.044
G1 X196.410 Y-147.545
G1 X190.714 Y-147.322
G1 X185.019 Y-147.099
G1 X179.322 Y-146.876
G1 X173.626 Y-146.652
G1 X167.930 Y-146.430
G1 X162.234 Y-146.207
G1 X156.539 Y-145.983
G1 X155.316 Y-145.935
G1 X154.817 Y-145.916
G1 X154.817 Y-145.911
; Retract
G0 Z3.000

; Path 868
; Rapid to initial position
G0 X165.708 Y-146.907
G0 Z0.000
; plunge
G1 Z-0.200 F4000
; cut
G1 X171.397 Y-146.553 F4000
G1 X176.056 Y-146.327
G1 X176.218 Y-146.319
G1 X181.931 Y-146.042
G1 X185.501 Y-145.869
G1 X185.670 Y-145.860
G1 X191.387 Y-145.583
G1 X195.027 Y-145.406
G1 X200.733 Y-145.525
G1 X206.439 Y-145.644
G1 X210.657 Y-145.732
G1 X210.820 Y-145.735
G1 X216.556 Y-145.855
G1 X222.262 Y-145.973
G1 X227.968 Y-146.092
G1 X233.674 Y-146.211
G1 X235.700 Y-146.253
G1 X235.700 Y-146.330
; Retract
G0 Z3.000

; Path 869
; Rapid to initial position
G0 X234.541 Y-149.144
G0 Z0.000
; plunge
G1 Z-0.200 F4000
; cut
G1 X234.297 Y-149.139 F4000
G1 X234.053 Y-149.135
; Retract
G0 Z3.000

; Path 870
; Rapid to initial position
G0 X235.602 Y-152.225
G0 Z0.000
; plunge
G1 Z-0.200 F4000
; cut
G1 X235.762 Y-152.191 F4000
; Retract
G0 Z3.000

; Path 871
; Rapid to initial position
G0 X233.974 Y-154.954
G0 Z0.000
; plunge
G1 Z-0.200 F4000
; cut
G1 X234.119 Y-155.142 F4000
; Retract
G0 Z3.000

; Path 872
; Rapid to initial position
G0 X234.046 Y-155.074
G0 Z0.000
; plunge
G1 Z-0.200 F4000
; cut
G1 X234.046 Y-155.045 F4000
; Retract
G0 Z3.000

; Path 873
; Rapid to initial position
G0 X230.834 Y-156.264
G0 Z0.000
; plunge
G1 Z-0.200 F4000
; cut
G1 X233.164 Y-157.229 F4000
G1 X235.439 Y-158.221
G1 X237.714 Y-159.214
G1 X239.989 Y-160.206
G1 X240.778 Y-160.550
G1 X242.191 Y-161.167
G1 X244.474 Y-160.750
G1 X246.758 Y-160.332
G1 X247.067 Y-160.276
G1 X249.425 Y-159.845
G1 X250.855 Y-159.583
G1 X250.923 Y-159.570
; Retract
G0 Z3.000

; Path 874
; Rapid to initial position
G0 X252.771 Y-160.184
G0 Z0.000
; plunge
G1 Z-0.200 F4000
; cut
G1 X252.705 Y-163.393 F4000
G1 X252.707 Y-166.628
G1 X252.709 Y-169.864
G1 X252.711 Y-173.099
G1 X252.714 Y-176.334
G1 X252.715 Y-179.569
G1 X252.718 Y-182.805
G1 X252.720 Y-186.040
G1 X252.838 Y-186.056
G1 X253.308 Y-186.072
G1 X257.681 Y-186.220
G1 X263.380 Y-186.414
G1 X269.079 Y-186.607
G1 X274.778 Y-186.800
G1 X280.478 Y-186.994
G1 X286.178 Y-187.187
G1 X291.877 Y-187.381
G1 X291.943 Y-187.375
; Retract
G0 Z3.000

; Path 875
; Rapid to initial position
G0 X291.975 Y-187.348
G0 Z0.000
; plunge
G1 Z-0.200 F4000
; cut
G1 X291.975 Y-187.326 F4000
; Retract
G0 Z3.000

; Path 876
; Rapid to initial position
G0 X293.595 Y-187.833
G0 Z0.000
; plunge
G1 Z-0.200 F4000
; cut
G1 X293.556 Y-184.596 F4000
G1 X293.553 Y-181.361
G1 X293.552 Y-178.126
G1 X293.549 Y-174.891
G1 X293.547 Y-171.655
G1 X293.546 Y-168.420
G1 X293.543 Y-165.185
G1 X293.541 Y-161.971
G1 X293.646 Y-161.966
; Retract
G0 Z3.000

; Path 877
; Rapid to initial position
G0 X292.049 Y-161.029
G0 Z0.000
; plunge
G1 Z-0.200 F4000
; cut
G1 X291.904 Y-160.841 F4000
; Retract
G0 Z3.000

; Path 878
; Rapid to initial position
G0 X291.976 Y-160.932
G0 Z0.000
; plunge
G1 Z-0.200 F4000
; cut
G1 X291.976 Y-160.961 F4000
; Retract
G0 Z3.000

; Path 879
; Rapid to initial position
G0 X297.112 Y-160.759
G0 Z0.000
; plunge
G1 Z-0.200 F4000
; cut
G1 X297.112 Y-160.285 F4000
; Retract
G0 Z3.000

; Path 880
; Rapid to initial position
G0 X298.214 Y-158.595
G0 Z0.000
; plunge
G1 Z-0.200 F4000
; cut
G1 X296.188 Y-158.476 F4000
G1 X290.482 Y-158.357
G1 X284.776 Y-158.238
G1 X279.071 Y-158.120
G1 X273.365 Y-158.001
G1 X273.202 Y-157.997
G1 X268.953 Y-157.909
G1 X263.247 Y-157.790
G1 X257.541 Y-157.671
G1 X253.901 Y-157.848
G1 X248.212 Y-158.124
G1 X248.042 Y-158.132
G1 X244.445 Y-158.307
G1 X238.756 Y-158.583
G1 X238.595 Y-158.590
G1 X233.912 Y-158.818
G1 X228.223 Y-159.093
G1 X228.223 Y-159.172
; Retract
G0 Z3.000

; Path 881
; Rapid to initial position
G0 X229.874 Y-159.937
G0 Z0.000
; plunge
G1 Z-0.200 F4000
; cut
G1 X230.071 Y-159.930 F4000
; Retract
G0 Z3.000

; Path 882
; Rapid to initial position
G0 X232.229 Y-161.443
G0 Z0.000
; plunge
G1 Z-0.200 F4000
; cut
G1 X232.123 Y-161.464 F4000
G1 X226.481 Y-162.650
G1 X220.839 Y-163.835
G1 X215.197 Y-165.020
G1 X209.555 Y-166.205
G1 X209.225 Y-166.276
G1 X209.182 Y-166.272
; Retract
G0 Z3.000

; Path 883
; Rapid to initial position
G0 X202.565 Y-165.327
G0 Z0.000
; plunge
G1 Z-0.200 F4000
; cut
G1 X202.368 Y-165.334 F4000
; Retract
G0 Z3.000

; Path 884
; Rapid to initial position
G0 X200.716 Y-164.568
G0 Z0.000
; plunge
G1 Z-0.200 F4000
; cut
G1 X206.405 Y-164.214 F4000
G1 X211.064 Y-163.988
G1 X211.225 Y-163.980
G1 X216.938 Y-163.703
G1 X220.509 Y-163.530
G1 X220.678 Y-163.522
G1 X226.395 Y-163.245
G1 X230.035 Y-163.068
G1 X235.741 Y-163.187
G1 X241.447 Y-163.306
G1 X245.665 Y-163.393
G1 X245.828 Y-163.397
G1 X251.564 Y-163.516
G1 X257.270 Y-163.635
G1 X262.976 Y-163.754
G1 X268.682 Y-163.872
G1 X270.708 Y-163.915
G1 X270.708 Y-163.992
; Retract
G0 Z3.000

; Path 885
; Rapid to initial position
G0 X268.715 Y-166.805
G0 Z0.000
; plunge
G1 Z-0.200 F4000
; cut
G1 X268.472 Y-166.801 F4000
G1 X268.227 Y-166.796
; Retract
G0 Z3.000

; Path 886
; Rapid to initial position
G0 X268.116 Y-168.103
G0 Z0.000
; plunge
G1 Z-0.200 F4000
; cut
G1 X268.116 Y-168.148 F4000
; Retract
G0 Z3.000

; Path 887
; Rapid to initial position
G0 X268.098 Y-168.138
G0 Z0.000
; plunge
G1 Z-0.200 F4000
; cut
G1 X268.135 Y-168.132 F4000
; Retract
G0 Z3.000

; Path 888
; Rapid to initial position
G0 X268.561 Y-169.079
G0 Z0.000
; plunge
G1 Z-0.200 F4000
; cut
G1 X264.965 Y-168.943 F4000
G1 X259.259 Y-168.834
G1 X253.553 Y-168.725
G1 X253.386 Y-168.722
G1 X253.155 Y-168.717
G1 X247.448 Y-168.608
G1 X241.742 Y-168.500
G1 X236.036 Y-168.391
G1 X230.329 Y-168.282
G1 X230.225 Y-168.280
G1 X229.388 Y-168.264
; Retract
G0 Z3.000

; Path 889
; Rapid to initial position
G0 X228.895 Y-167.330
G0 Z0.000
; plunge
G1 Z-0.200 F4000
; cut
G1 X228.789 Y-167.351 F4000
G1 X223.147 Y-168.537
G1 X217.505 Y-169.722
G1 X211.863 Y-170.907
G1 X206.221 Y-172.092
G1 X205.891 Y-172.163
G1 X205.847 Y-172.159
; Retract
G0 Z3.000

; Path 890
; Rapid to initial position
G0 X201.617 Y-174.655
G0 Z0.000
; plunge
G1 Z-0.200 F4000
; cut
G1 X201.373 Y-174.650 F4000
G1 X201.128 Y-174.646
; Retract
G0 Z3.000

; Path 891
; Rapid to initial position
G0 X198.814 Y-182.007
G0 Z0.000
; plunge
G1 Z-0.200 F4000
; cut
G1 X198.617 Y-182.014 F4000
; Retract
G0 Z3.000

; Path 892
; Rapid to initial position
G0 X197.910 Y-181.775
G0 Z0.000
; plunge
G1 Z-0.200 F4000
; cut
G1 X200.240 Y-182.740 F4000
G1 X202.515 Y-183.732
G1 X204.790 Y-184.725
G1 X207.065 Y-185.717
G1 X207.854 Y-186.061
G1 X209.267 Y-186.678
G1 X211.550 Y-186.261
G1 X213.833 Y-185.844
G1 X214.143 Y-185.787
G1 X216.500 Y-185.356
G1 X217.931 Y-185.094
G1 X217.999 Y-185.081
; Retract
G0 Z3.000

; Path 893
; Rapid to initial position
G0 X221.979 Y-183.947
G0 Z0.000
; plunge
G1 Z-0.200 F4000
; cut
G1 X220.611 Y-183.358 F4000
G1 X219.755 Y-182.985
G1 X217.480 Y-181.992
G1 X215.205 Y-180.999
G1 X212.930 Y-180.006
G1 X210.655 Y-179.013
G1 X210.609 Y-178.993
; Retract
G0 Z3.000

; Path 894
; Rapid to initial position
G0 X208.003 Y-184.222
G0 Z0.000
; plunge
G1 Z-0.200 F4000
; cut
G1 X207.939 Y-184.194 F4000
; Retract
G0 Z3.000

; Path 895
; Rapid to initial position
G0 X203.879 Y-185.269
G0 Z0.000
; plunge
G1 Z-0.200 F4000
; cut
G1 X203.879 Y-185.523 F4000
; Retract
G0 Z3.000

; Path 896
; Rapid to initial position
G0 X201.857 Y-184.880
G0 Z0.000
; plunge
G1 Z-0.200 F4000
; cut
G1 X204.178 Y-185.893 F4000
G1 X206.453 Y-186.886
G1 X208.728 Y-187.879
G1 X211.003 Y-188.872
G1 X211.847 Y-189.241
G1 X213.213 Y-189.837
G1 X213.227 Y-189.834
; Retract
G0 Z3.000

; Path 897
; Rapid to initial position
G0 X211.828 Y-188.098
G0 Z0.000
; plunge
G1 Z-0.200 F4000
; cut
G1 X211.469 Y-188.155 F4000
G1 X209.133 Y-188.524
G1 X206.850 Y-188.885
G1 X205.971 Y-189.025
G1 X203.688 Y-189.385
G1 X201.520 Y-189.728
G1 X199.172 Y-190.099
G1 X197.710 Y-190.331
G1 X197.710 Y-190.538
G1 X197.710 Y-190.543
; Retract
G0 Z3.000

; Path 898
; Rapid to initial position
G0 X199.187 Y-190.081
G0 Z0.000
; plunge
G1 Z-0.200 F4000
; cut
G1 X199.251 Y-190.109 F4000
; Retract
G0 Z3.000

; Path 899
; Rapid to initial position
G0 X200.545 Y-191.156
G0 Z0.000
; plunge
G1 Z-0.200 F4000
; cut
G1 X200.545 Y-191.410 F4000
; Retract
G0 Z3.000

; Path 900
; Rapid to initial position
G0 X204.750 Y-189.234
G0 Z0.000
; plunge
G1 Z-0.200 F4000
; cut
G1 X204.787 Y-189.227 F4000
; Retract
G0 Z3.000

; Path 901
; Rapid to initial position
G0 X204.769 Y-189.244
G0 Z0.000
; plunge
G1 Z-0.200 F4000
; cut
G1 X204.769 Y-189.199 F4000
; Retract
G0 Z3.000

; Path 902
; Rapid to initial position
G0 X206.543 Y-191.047
G0 Z0.000
; plunge
G1 Z-0.200 F4000
; cut
G1 X206.543 Y-191.119 F4000
; Retract
G0 Z3.000

; Path 903
; Rapid to initial position
G0 X206.511 Y-191.092
G0 Z0.000
; plunge
G1 Z-0.200 F4000
; cut
G1 X206.444 Y-194.301 F4000
G1 X206.447 Y-197.536
G1 X206.448 Y-200.771
G1 X206.451 Y-204.007
G1 X206.453 Y-207.242
G1 X206.455 Y-210.477
G1 X206.457 Y-213.712
G1 X206.460 Y-216.947
G1 X206.577 Y-216.964
G1 X207.048 Y-216.980
G1 X211.420 Y-217.128
G1 X217.119 Y-217.322
G1 X222.819 Y-217.515
G1 X228.518 Y-217.708
G1 X234.217 Y-217.902
G1 X239.917 Y-218.095
G1 X245.616 Y-218.289
G1 X245.682 Y-218.282
; Retract
G0 Z3.000

; Path 904
; Rapid to initial position
G0 X245.714 Y-218.256
G0 Z0.000
; plunge
G1 Z-0.200 F4000
; cut
G1 X245.714 Y-218.233 F4000
; Retract
G0 Z3.000

; Path 905
; Rapid to initial position
G0 X244.468 Y-218.102
G0 Z0.000
; plunge
G1 Z-0.200 F4000
; cut
G1 X244.468 Y-218.030 F4000
; Retract
G0 Z3.000

; Path 906
; Rapid to initial position
G0 X244.436 Y-218.075
G0 Z0.000
; plunge
G1 Z-0.200 F4000
; cut
G1 X244.370 Y-221.284 F4000
G1 X244.372 Y-224.519
G1 X244.374 Y-227.754
G1 X244.376 Y-230.989
G1 X244.379 Y-234.225
G1 X244.380 Y-237.460
G1 X244.382 Y-240.695
G1 X244.385 Y-243.930
G1 X244.502 Y-243.947
G1 X244.973 Y-243.963
G1 X249.345 Y-244.111
G1 X255.045 Y-244.304
G1 X260.744 Y-244.498
G1 X266.443 Y-244.691
G1 X272.143 Y-244.884
G1 X277.842 Y-245.078
G1 X283.542 Y-245.271
G1 X283.607 Y-245.265
; Retract
G0 Z3.000

; Path 907
; Rapid to initial position
G0 X283.639 Y-245.238
G0 Z0.000
; plunge
G1 Z-0.200 F4000
; cut
G1 X283.639 Y-245.216 F4000
; Retract
G0 Z3.000

; Path 908
; Rapid to initial position
G0 X283.537 Y-244.682
G0 Z0.000
; plunge
G1 Z-0.200 F4000
; cut
G1 X283.537 Y-244.637 F4000
; Retract
G0 Z3.000

; Path 909
; Rapid to initial position
G0 X283.555 Y-244.665
G0 Z0.000
; plunge
G1 Z-0.200 F4000
; cut
G1 X283.518 Y-244.671 F4000
; Retract
G0 Z3.000

; Path 910
; Rapid to initial position
G0 X281.870 Y-237.323
G0 Z0.000
; plunge
G1 Z-0.200 F4000
; cut
G1 X281.870 Y-237.278 F4000
; Retract
G0 Z3.000

; Path 911
; Rapid to initial position
G0 X281.888 Y-237.306
G0 Z0.000
; plunge
G1 Z-0.200 F4000
; cut
G1 X281.851 Y-237.312 F4000
; Retract
G0 Z3.000

; Path 912
; Rapid to initial position
G0 X278.416 Y-234.501
G0 Z0.000
; plunge
G1 Z-0.200 F4000
; cut
G1 X278.219 Y-234.508 F4000
; Retract
G0 Z3.000

; Path 913
; Rapid to initial position
G0 X282.180 Y-230.707
G0 Z0.000
; plunge
G1 Z-0.200 F4000
; cut
G1 X280.682 Y-230.981 F4000
G1 X278.399 Y-231.398
G1 X278.015 Y-231.469
G1 X275.731 Y-231.886
G1 X273.448 Y-232.303
G1 X272.047 Y-231.692
G1 X271.246 Y-231.343
G1 X268.971 Y-230.351
G1 X266.696 Y-229.358
G1 X264.421 Y-228.366
G1 X262.146 Y-227.373
G1 X262.092 Y-227.401
; Retract
G0 Z3.000

; Path 914
; Rapid to initial position
G0 X251.444 Y-220.446
G0 Z0.000
; plunge
G1 Z-0.200 F4000
; cut
G1 X250.973 Y-220.491 F4000
G1 X245.339 Y-221.017
G1 X239.705 Y-221.544
G1 X234.072 Y-222.070
G1 X228.439 Y-222.596
G1 X223.083 Y-223.097
G1 X217.387 Y-222.874
G1 X211.691 Y-222.651
G1 X205.995 Y-222.428
G1 X200.299 Y-222.205
G1 X194.603 Y-221.982
G1 X188.907 Y-221.759
G1 X183.211 Y-221.535
G1 X181.988 Y-221.488
G1 X181.490 Y-221.468
G1 X181.490 Y-221.463
; Retract
G0 Z3.000

; Path 915
; Rapid to initial position
G0 X175.302 Y-223.195
G0 Z0.000
; plunge
G1 Z-0.200 F4000
; cut
G1 X173.933 Y-222.606 F4000
G1 X173.078 Y-222.233
G1 X170.803 Y-221.240
G1 X168.528 Y-220.247
G1 X166.253 Y-219.254
G1 X163.977 Y-218.261
G1 X163.932 Y-218.241
; Retract
G0 Z3.000

; Path 916
; Rapid to initial position
G0 X165.191 Y-216.302
G0 Z0.000
; plunge
G1 Z-0.200 F4000
; cut
G1 X165.191 Y-216.184 F4000
; Retract
G0 Z3.000

; Path 917
; Rapid to initial position
G0 X165.225 Y-216.258
G0 Z0.000
; plunge
G1 Z-0.200 F4000
; cut
G1 X165.157 Y-216.275 F4000
; Retract
G0 Z3.000

; Path 918
; Rapid to initial position
G0 X162.382 Y-216.326
G0 Z0.000
; plunge
G1 Z-0.200 F4000
; cut
G1 X161.014 Y-215.737 F4000
G1 X160.158 Y-215.364
G1 X157.883 Y-214.371
G1 X155.608 Y-213.379
G1 X153.333 Y-212.386
G1 X151.058 Y-211.393
G1 X151.012 Y-211.372
; Retract
G0 Z3.000

; Path 919
; Rapid to initial position
G0 X147.379 Y-212.135
G0 Z0.000
; plunge
G1 Z-0.200 F4000
; cut
G1 X146.010 Y-212.724 F4000
G1 X145.155 Y-213.097
G1 X142.880 Y-214.090
G1 X140.605 Y-215.083
G1 X138.330 Y-216.076
G1 X136.054 Y-217.069
G1 X136.009 Y-217.089
; Retract
G0 Z3.000

; Path 920
; Rapid to initial position
G0 X138.313 Y-214.155
G0 Z0.000
; plunge
G1 Z-0.200 F4000
; cut
G1 X140.643 Y-215.120 F4000
G1 X142.918 Y-216.112
G1 X145.193 Y-217.105
G1 X147.468 Y-218.096
G1 X148.257 Y-218.441
G1 X149.670 Y-219.057
G1 X151.953 Y-218.640
G1 X154.236 Y-218.223
G1 X154.546 Y-218.166
G1 X156.903 Y-217.735
G1 X158.334 Y-217.473
G1 X158.402 Y-217.461
; Retract
G0 Z3.000

; Path 921
; Rapid to initial position
G0 X155.597 Y-215.788
G0 Z0.000
; plunge
G1 Z-0.200 F4000
; cut
G1 X157.917 Y-216.801 F4000
G1 X160.193 Y-217.794
G1 X162.468 Y-218.787
G1 X164.743 Y-219.780
G1 X165.586 Y-220.149
G1 X166.952 Y-220.745
G1 X166.967 Y-220.742
; Retract
G0 Z3.000

; Path 922
; Rapid to initial position
G0 X162.986 Y-221.876
G0 Z0.000
; plunge
G1 Z-0.200 F4000
; cut
G1 X161.488 Y-222.151 F4000
G1 X159.205 Y-222.568
G1 X158.821 Y-222.638
G1 X156.538 Y-223.055
G1 X154.254 Y-223.473
G1 X152.854 Y-222.861
G1 X152.052 Y-222.512
G1 X149.777 Y-221.520
G1 X147.502 Y-220.527
G1 X145.227 Y-219.535
G1 X142.952 Y-218.542
G1 X142.898 Y-218.570
; Retract
G0 Z3.000

; Path 923
; Rapid to initial position
G0 X148.342 Y-216.573
G0 Z0.000
; plunge
G1 Z-0.200 F4000
; cut
G1 X148.406 Y-216.601 F4000
; Retract
G0 Z3.000

; Path 924
; Rapid to initial position
G0 X152.558 Y-219.710
G0 Z0.000
; plunge
G1 Z-0.200 F4000
; cut
G1 X152.558 Y-219.153 F4000
G1 X155.174 Y-218.545
G1 X159.261 Y-217.600
G1 X159.377 Y-217.572
G1 X163.257 Y-216.672
G1 X167.344 Y-215.726
G1 X168.916 Y-215.361
G1 X173.002 Y-214.413
G1 X177.089 Y-213.468
G1 X177.824 Y-213.296
; Retract
G0 Z3.000

; Path 925
; Rapid to initial position
G0 X181.828 Y-210.329
G0 Z0.000
; plunge
G1 Z-0.200 F4000
; cut
G1 X181.866 Y-210.323 F4000
; Retract
G0 Z3.000

; Path 926
; Rapid to initial position
G0 X181.847 Y-210.340
G0 Z0.000
; plunge
G1 Z-0.200 F4000
; cut
G1 X181.847 Y-210.295 F4000
; Retract
G0 Z3.000

; Path 927
; Rapid to initial position
G0 X177.623 Y-203.184
G0 Z0.000
; plunge
G1 Z-0.200 F4000
; cut
G1 X177.623 Y-202.931 F4000
; Retract
G0 Z3.000

; Path 928
; Rapid to initial position
G0 X173.751 Y-204.416
G0 Z0.000
; plunge
G1 Z-0.200 F4000
; cut
G1 X173.751 Y-204.889 F4000
; Retract
G0 Z3.000

; Path 929
; Rapid to initial position
G0 X170.495 Y-195.505
G0 Z0.000
; plunge
G1 Z-0.200 F4000
; cut
G1 X170.430 Y-195.478 F4000
; Retract
G0 Z3.000

; Path 930
; Rapid to initial position
G0 X169.704 Y-193.151
G0 Z0.000
; plunge
G1 Z-0.200 F4000
; cut
G1 X169.704 Y-192.898 F4000
; Retract
G0 Z3.000

; Path 931
; Rapid to initial position
G0 X165.746 Y-192.420
G0 Z0.000
; plunge
G1 Z-0.200 F4000
; cut
G1 X165.586 Y-192.454 F4000
; Retract
G0 Z3.000

; Path 932
; Rapid to initial position
G0 X164.108 Y-185.938
G0 Z0.000
; plunge
G1 Z-0.200 F4000
; cut
G1 X163.865 Y-185.934 F4000
G1 X163.620 Y-185.930
; Retract
G0 Z3.000

; Path 933
; Rapid to initial position
G0 X162.764 Y-179.638
G0 Z0.000
; plunge
G1 Z-0.200 F4000
; cut
G1 X162.642 Y-179.672 F4000
G1 X160.081 Y-180.359
G1 X155.995 Y-181.453
G1 X155.862 Y-181.490
G1 X155.308 Y-181.639
G1 X151.222 Y-182.733
G1 X147.136 Y-183.827
G1 X144.629 Y-182.224
G1 X143.195 Y-181.307
G1 X139.123 Y-178.704
G1 X135.052 Y-176.100
G1 X130.980 Y-173.497
G1 X126.908 Y-170.893
G1 X126.811 Y-170.831
G1 X126.811 Y-170.966
; Retract
G0 Z3.000

; Path 934
; Rapid to initial position
G0 X130.281 Y-168.198
G0 Z0.000
; plunge
G1 Z-0.200 F4000
; cut
G1 X130.281 Y-171.498 F4000
G1 X130.281 Y-174.733
G1 X130.281 Y-177.968
G1 X130.281 Y-181.203
G1 X130.281 Y-184.439
G1 X130.281 Y-187.674
G1 X130.281 Y-190.909
G1 X130.281 Y-191.658
G1 X130.281 Y-194.640
; Retract
G0 Z3.000

; Path 935
; Rapid to initial position
G0 X130.247 Y-194.668
G0 Z0.000
; plunge
G1 Z-0.200 F4000
; cut
G1 X130.247 Y-194.610 F4000
; Retract
G0 Z3.000

; Path 936
; Rapid to initial position
G0 X133.164 Y-197.063
G0 Z0.000
; plunge
G1 Z-0.200 F4000
; cut
G1 X133.164 Y-197.121 F4000
; Retract
G0 Z3.000

; Path 937
; Rapid to initial position
G0 X133.199 Y-197.093
G0 Z0.000
; plunge
G1 Z-0.200 F4000
; cut
G1 X133.199 Y-194.188 F4000
G1 X133.199 Y-193.362
G1 X133.199 Y-190.127
G1 X133.199 Y-186.892
G1 X133.199 Y-183.656
G1 X133.199 Y-180.421
G1 X133.199 Y-177.186
G1 X133.199 Y-173.951
G1 X133.199 Y-170.716
G1 X133.199 Y-170.651
; Retract
G0 Z3.000

; Path 938
; Rapid to initial position
G0 X134.447 Y-174.646
G0 Z0.000
; plunge
G1 Z-0.200 F4000
; cut
G1 X134.691 Y-174.650 F4000
G1 X134.935 Y-174.655
; Retract
G0 Z3.000

; Path 939
; Rapid to initial position
G0 X123.207 Y-176.588
G0 Z0.000
; plunge
G1 Z-0.200 F4000
; cut
G1 X121.838 Y-175.999 F4000
G1 X120.983 Y-175.626
G1 X118.708 Y-174.633
G1 X116.433 Y-173.640
G1 X114.157 Y-172.647
G1 X111.882 Y-171.654
G1 X111.837 Y-171.634
; Retract
G0 Z3.000

; Path 940
; Rapid to initial position
G0 X109.231 Y-176.863
G0 Z0.000
; plunge
G1 Z-0.200 F4000
; cut
G1 X109.166 Y-176.835 F4000
; Retract
G0 Z3.000

; Path 941
; Rapid to initial position
G0 X110.568 Y-180.661
G0 Z0.000
; plunge
G1 Z-0.200 F4000
; cut
G1 X110.648 Y-180.657 F4000
; Retract
G0 Z3.000

; Path 942
; Rapid to initial position
G0 X110.608 Y-181.006
G0 Z0.000
; plunge
G1 Z-0.200 F4000
; cut
G1 X109.819 Y-181.048 F4000
G1 X109.684 Y-181.055
G1 X104.482 Y-181.328
G1 X98.796 Y-181.627
G1 X93.111 Y-181.926
G1 X87.426 Y-182.225
; Retract
G0 Z3.000

; Path 943
; Rapid to initial position
G0 X86.406 Y-183.651
G0 Z0.000
; plunge
G1 Z-0.200 F4000
; cut
G1 X85.935 Y-183.696 F4000
G1 X80.301 Y-184.222
G1 X74.668 Y-184.749
G1 X69.034 Y-185.275
G1 X63.401 Y-185.801
G1 X58.045 Y-186.302
G1 X52.349 Y-186.079
G1 X46.654 Y-185.856
G1 X40.957 Y-185.633
G1 X35.261 Y-185.410
G1 X29.565 Y-185.187
G1 X23.870 Y-184.964
G1 X18.174 Y-184.741
G1 X16.951 Y-184.693
G1 X16.452 Y-184.673
G1 X16.452 Y-184.668
; Retract
G0 Z3.000

; Path 944
; Rapid to initial position
G0 X19.370 Y-187.121
G0 Z0.000
; plunge
G1 Z-0.200 F4000
; cut
G1 X19.868 Y-187.146 F4000
G1 X21.091 Y-187.194
G1 X26.787 Y-187.417
G1 X32.483 Y-187.640
G1 X38.179 Y-187.863
G1 X43.874 Y-188.086
G1 X49.571 Y-188.309
G1 X55.267 Y-188.532
G1 X60.963 Y-188.755
G1 X66.318 Y-188.254
G1 X71.951 Y-187.728
G1 X77.585 Y-187.202
G1 X83.219 Y-186.675
G1 X88.852 Y-186.149
G1 X89.324 Y-186.105
G1 X89.324 Y-186.104
; Retract
G0 Z3.000

; Path 945
; Rapid to initial position
G0 X90.343 Y-184.678
G0 Z0.000
; plunge
G1 Z-0.200 F4000
; cut
G1 X96.028 Y-184.379 F4000
G1 X101.713 Y-184.080
G1 X107.399 Y-183.781
G1 X112.601 Y-183.508
G1 X112.737 Y-183.500
G1 X113.525 Y-183.459
; Retract
G0 Z3.000

; Path 946
; Rapid to initial position
G0 X113.485 Y-183.114
G0 Z0.000
; plunge
G1 Z-0.200 F4000
; cut
G1 X113.566 Y-183.110 F4000
; Retract
G0 Z3.000

; Path 947
; Rapid to initial position
G0 X118.531 Y-181.937
G0 Z0.000
; plunge
G1 Z-0.200 F4000
; cut
G1 X118.676 Y-182.125 F4000
; Retract
G0 Z3.000

; Path 948
; Rapid to initial position
G0 X118.603 Y-182.057
G0 Z0.000
; plunge
G1 Z-0.200 F4000
; cut
G1 X118.603 Y-182.028 F4000
; Retract
G0 Z3.000

; Path 949
; Rapid to initial position
G0 X121.448 Y-184.390
G0 Z0.000
; plunge
G1 Z-0.200 F4000
; cut
G1 X121.593 Y-184.578 F4000
; Retract
G0 Z3.000

; Path 950
; Rapid to initial position
G0 X121.521 Y-184.510
G0 Z0.000
; plunge
G1 Z-0.200 F4000
; cut
G1 X121.521 Y-184.481 F4000
; Retract
G0 Z3.000

; Path 951
; Rapid to initial position
G0 X119.226 Y-177.722
G0 Z0.000
; plunge
G1 Z-0.200 F4000
; cut
G1 X117.728 Y-177.997 F4000
G1 X115.445 Y-178.414
G1 X115.061 Y-178.485
G1 X112.778 Y-178.902
G1 X110.494 Y-179.319
G1 X109.094 Y-178.708
G1 X108.292 Y-178.358
G1 X106.017 Y-177.366
G1 X103.742 Y-176.373
G1 X101.467 Y-175.381
G1 X99.192 Y-174.388
G1 X99.138 Y-174.416
; Retract
G0 Z3.000

; Path 952
; Rapid to initial position
G0 X102.356 Y-167.287
G0 Z0.000
; plunge
G1 Z-0.200 F4000
; cut
G1 X102.601 Y-167.291 F4000
G1 X102.844 Y-167.296
; Retract
G0 Z3.000

; Path 953
; Rapid to initial position
G0 X99.805 Y-150.326
G0 Z0.000
; plunge
G1 Z-0.200 F4000
; cut
G1 X100.303 Y-150.351 F4000
G1 X101.526 Y-150.399
G1 X107.222 Y-150.622
G1 X112.918 Y-150.845
G1 X118.614 Y-151.068
G1 X124.310 Y-151.291
G1 X130.006 Y-151.514
G1 X135.702 Y-151.737
G1 X141.398 Y-151.960
G1 X146.753 Y-151.460
G1 X152.386 Y-150.933
G1 X158.020 Y-150.407
G1 X163.654 Y-149.880
G1 X169.287 Y-149.354
G1 X169.759 Y-149.310
G1 X169.759 Y-149.310
; Retract
G0 Z3.000

; Path 954
; Rapid to initial position
G0 X170.778 Y-147.883
G0 Z0.000
; plunge
G1 Z-0.200 F4000
; cut
G1 X176.463 Y-147.584 F4000
G1 X182.148 Y-147.285
G1 X187.834 Y-146.986
G1 X193.036 Y-146.713
G1 X193.172 Y-146.706
G1 X193.960 Y-146.664
; Retract
G0 Z3.000

; Path 955
; Rapid to initial position
G0 X193.920 Y-146.319
G0 Z0.000
; plunge
G1 Z-0.200 F4000
; cut
G1 X194.001 Y-146.316 F4000
; Retract
G0 Z3.000

; Path 956
; Rapid to initial position
G0 X194.882 Y-148.869
G0 Z0.000
; plunge
G1 Z-0.200 F4000
; cut
G1 X200.571 Y-148.515 F4000
G1 X205.230 Y-148.289
G1 X205.391 Y-148.281
G1 X211.104 Y-148.004
G1 X214.674 Y-147.831
G1 X214.844 Y-147.823
G1 X220.560 Y-147.546
G1 X224.200 Y-147.369
G1 X229.906 Y-147.488
G1 X235.612 Y-147.607
G1 X239.830 Y-147.694
G1 X239.994 Y-147.698
G1 X245.730 Y-147.817
G1 X251.435 Y-147.936
G1 X257.141 Y-148.055
G1 X262.847 Y-148.173
G1 X264.873 Y-148.216
G1 X264.873 Y-148.293
; Retract
G0 Z3.000

; Path 957
; Rapid to initial position
G0 X265.676 Y-149.836
G0 Z0.000
; plunge
G1 Z-0.200 F4000
; cut
G1 X266.174 Y-149.860 F4000
G1 X267.397 Y-149.908
G1 X273.093 Y-150.131
G1 X278.789 Y-150.354
G1 X284.485 Y-150.577
G1 X290.181 Y-150.800
G1 X295.877 Y-151.023
G1 X301.573 Y-151.247
G1 X307.269 Y-151.469
G1 X312.624 Y-150.969
G1 X318.258 Y-150.443
G1 X323.891 Y-149.916
G1 X329.525 Y-149.390
G1 X335.158 Y-148.864
G1 X335.630 Y-148.819
G1 X335.630 Y-148.819
; Retract
G0 Z3.000

; Path 958
; Rapid to initial position
G0 X336.650 Y-147.392
G0 Z0.000
; plunge
G1 Z-0.200 F4000
; cut
G1 X342.335 Y-147.094 F4000
G1 X348.020 Y-146.795
G1 X353.705 Y-146.496
G1 X358.907 Y-146.222
G1 X359.043 Y-146.215
G1 X359.832 Y-146.174
; Retract
G0 Z3.000

; Path 959
; Rapid to initial position
G0 X359.791 Y-145.829
G0 Z0.000
; plunge
G1 Z-0.200 F4000
; cut
G1 X359.872 Y-145.825 F4000
; Retract
G0 Z3.000

; Path 960
; Rapid to initial position
G0 X361.082 Y-149.946
G0 Z0.000
; plunge
G1 Z-0.200 F4000
; cut
G1 X357.486 Y-149.810 F4000
G1 X351.780 Y-149.701
G1 X346.074 Y-149.592
G1 X345.908 Y-149.589
G1 X345.676 Y-149.584
G1 X339.969 Y-149.475
G1 X334.263 Y-149.366
G1 X328.557 Y-149.257
G1 X322.850 Y-149.148
G1 X322.746 Y-149.146
G1 X321.910 Y-149.131
; Retract
G0 Z3.000

; Path 961
; Rapid to initial position
G0 X321.416 Y-148.196
G0 Z0.000
; plunge
G1 Z-0.200 F4000
; cut
G1 X321.310 Y-148.218 F4000
G1 X315.668 Y-149.403
G1 X310.026 Y-150.589
G1 X304.384 Y-151.774
G1 X298.742 Y-152.959
G1 X298.412 Y-153.029
G1 X298.369 Y-153.026
; Retract
G0 Z3.000

; Path 962
; Rapid to initial position
G0 X299.545 Y-151.467
G0 Z0.000
; plunge
G1 Z-0.200 F4000
; cut
G1 X304.297 Y-151.571 F4000
G1 X310.002 Y-151.698
G1 X310.163 Y-151.701
G1 X313.718 Y-151.779
G1 X319.423 Y-151.906
G1 X319.593 Y-151.909
G1 X323.168 Y-151.988
G1 X328.873 Y-152.114
G1 X329.059 Y-152.118
G1 X329.716 Y-152.133
G1 X335.421 Y-152.259
G1 X341.126 Y-152.385
G1 X341.164 Y-153.677
G1 X341.168 Y-156.913
G1 X341.172 Y-160.148
G1 X341.176 Y-163.383
G1 X341.179 Y-166.618
G1 X341.183 Y-169.853
G1 X341.183 Y-170.316
G1 X341.186 Y-171.440
G1 X341.190 Y-174.676
G1 X341.193 Y-177.911
G1 X341.193 Y-178.450
G1 X341.197 Y-181.685
G1 X341.197 Y-181.696
; Retract
G0 Z3.000

; Path 963
; Rapid to initial position
G0 X331.076 Y-181.344
G0 Z0.000
; plunge
G1 Z-0.200 F4000
; cut
G1 X327.479 Y-181.208 F4000
G1 X321.773 Y-181.099
G1 X316.067 Y-180.990
G1 X315.901 Y-180.987
G1 X315.669 Y-180.982
G1 X309.962 Y-180.873
G1 X304.256 Y-180.765
G1 X298.550 Y-180.656
G1 X292.843 Y-180.547
G1 X292.739 Y-180.545
G1 X291.903 Y-180.529
; Retract
G0 Z3.000

; Path 964
; Rapid to initial position
G0 X291.409 Y-179.595
G0 Z0.000
; plunge
G1 Z-0.200 F4000
; cut
G1 X291.303 Y-179.616 F4000
G1 X285.661 Y-180.802
G1 X280.019 Y-181.987
G1 X274.377 Y-183.172
G1 X268.735 Y-184.357
G1 X268.405 Y-184.428
G1 X268.362 Y-184.424
; Retract
G0 Z3.000

; Path 965
; Rapid to initial position
G0 X266.957 Y-180.672
G0 Z0.000
; plunge
G1 Z-0.200 F4000
; cut
G1 X264.931 Y-180.553 F4000
G1 X259.225 Y-180.434
G1 X253.519 Y-180.315
G1 X247.813 Y-180.197
G1 X242.108 Y-180.078
G1 X241.944 Y-180.074
G1 X237.696 Y-179.986
G1 X231.990 Y-179.867
G1 X226.284 Y-179.748
G1 X222.644 Y-179.925
G1 X216.955 Y-180.201
G1 X216.785 Y-180.209
G1 X213.188 Y-180.384
G1 X207.499 Y-180.659
G1 X207.338 Y-180.667
G1 X202.655 Y-180.895
G1 X196.966 Y-181.170
G1 X196.966 Y-181.249
; Retract
G0 Z3.000

; Path 966
; Rapid to initial position
G0 X192.865 Y-180.542
G0 Z0.000
; plunge
G1 Z-0.200 F4000
; cut
G1 X192.621 Y-180.537 F4000
G1 X192.376 Y-180.533
; Retract
G0 Z3.000

; Path 967
; Rapid to initial position
G0 X191.187 Y-181.393
G0 Z0.000
; plunge
G1 Z-0.200 F4000
; cut
G1 X195.939 Y-181.498 F4000
G1 X201.644 Y-181.624
G1 X201.805 Y-181.628
G1 X205.360 Y-181.706
G1 X211.065 Y-181.832
G1 X211.235 Y-181.836
G1 X214.810 Y-181.915
G1 X220.515 Y-182.041
G1 X220.701 Y-182.045
G1 X221.358 Y-182.059
G1 X227.063 Y-182.185
G1 X232.768 Y-182.311
G1 X232.806 Y-183.604
G1 X232.810 Y-186.839
G1 X232.814 Y-190.074
G1 X232.818 Y-193.309
G1 X232.821 Y-196.545
G1 X232.825 Y-199.780
G1 X232.825 Y-200.243
G1 X232.828 Y-201.367
G1 X232.832 Y-204.602
G1 X232.835 Y-207.837
G1 X232.835 Y-208.377
G1 X232.838 Y-211.612
G1 X232.838 Y-211.623
; Retract
G0 Z3.000

; Path 968
; Rapid to initial position
G0 X235.848 Y-213.760
G0 Z0.000
; plunge
G1 Z-0.200 F4000
; cut
G1 X235.848 Y-214.234 F4000
; Retract
G0 Z3.000

; Path 969
; Rapid to initial position
G0 X237.721 Y-215.228
G0 Z0.000
; plunge
G1 Z-0.200 F4000
; cut
G1 X234.124 Y-215.365 F4000
G1 X228.418 Y-215.474
G1 X222.712 Y-215.582
G1 X222.546 Y-215.586
G1 X222.314 Y-215.590
G1 X216.607 Y-215.699
G1 X210.901 Y-215.808
G1 X205.195 Y-215.917
G1 X199.488 Y-216.026
G1 X199.385 Y-216.028
G1 X198.548 Y-216.044
; Retract
G0 Z3.000

; Path 970
; Rapid to initial position
G0 X200.594 Y-210.115
G0 Z0.000
; plunge
G1 Z-0.200 F4000
; cut
G1 X200.754 Y-210.082 F4000
; Retract
G0 Z3.000

; Path 971
; Rapid to initial position
G0 X195.500 Y-206.789
G0 Z0.000
; plunge
G1 Z-0.200 F4000
; cut
G1 X195.436 Y-206.761 F4000
; Retract
G0 Z3.000

; Path 972
; Rapid to initial position
G0 X198.106 Y-201.560
G0 Z0.000
; plunge
G1 Z-0.200 F4000
; cut
G1 X200.427 Y-202.574 F4000
G1 X202.702 Y-203.567
G1 X204.977 Y-204.559
G1 X207.253 Y-205.552
G1 X208.096 Y-205.921
G1 X209.462 Y-206.517
G1 X209.476 Y-206.514
; Retract
G0 Z3.000

; Path 973
; Rapid to initial position
G0 X210.584 Y-204.933
G0 Z0.000
; plunge
G1 Z-0.200 F4000
; cut
G1 X210.622 Y-204.926 F4000
; Retract
G0 Z3.000

; Path 974
; Rapid to initial position
G0 X210.603 Y-204.943
G0 Z0.000
; plunge
G1 Z-0.200 F4000
; cut
G1 X210.603 Y-204.898 F4000
; Retract
G0 Z3.000

; Path 975
; Rapid to initial position
G0 X209.506 Y-204.195
G0 Z0.000
; plunge
G1 Z-0.200 F4000
; cut
G1 X209.346 Y-204.228 F4000
; Retract
G0 Z3.000

; Path 976
; Rapid to initial position
G0 X210.842 Y-202.950
G0 Z0.000
; plunge
G1 Z-0.200 F4000
; cut
G1 X210.842 Y-202.476 F4000
; Retract
G0 Z3.000

; Path 977
; Rapid to initial position
G0 X209.481 Y-201.585
G0 Z0.000
; plunge
G1 Z-0.200 F4000
; cut
G1 X209.309 Y-201.572 F4000
; Retract
G0 Z3.000

; Path 978
; Rapid to initial position
G0 X212.296 Y-200.355
G0 Z0.000
; plunge
G1 Z-0.200 F4000
; cut
G1 X212.296 Y-200.143 F4000
G1 X213.758 Y-199.911
G1 X216.042 Y-199.551
G1 X218.274 Y-199.197
G1 X220.558 Y-198.837
G1 X221.436 Y-198.697
G1 X223.720 Y-198.336
G1 X226.004 Y-197.976
G1 X226.414 Y-197.910
; Retract
G0 Z3.000

; Path 979
; Rapid to initial position
G0 X231.051 Y-200.846
G0 Z0.000
; plunge
G1 Z-0.200 F4000
; cut
G1 X231.051 Y-200.633 F4000
G1 X232.513 Y-200.402
G1 X234.796 Y-200.041
G1 X237.029 Y-199.688
G1 X239.312 Y-199.327
G1 X240.191 Y-199.188
G1 X242.474 Y-198.827
G1 X244.758 Y-198.466
G1 X245.169 Y-198.401
; Retract
G0 Z3.000

; Path 980
; Rapid to initial position
G0 X240.855 Y-189.820
G0 Z0.000
; plunge
G1 Z-0.200 F4000
; cut
G1 X241.229 Y-189.754 F4000
G1 X246.871 Y-188.569
G1 X252.513 Y-187.383
G1 X258.155 Y-186.198
G1 X263.797 Y-185.013
G1 X263.903 Y-184.991
; Retract
G0 Z3.000

; Path 981
; Rapid to initial position
G0 X263.297 Y-183.976
G0 Z0.000
; plunge
G1 Z-0.200 F4000
; cut
G1 X263.054 Y-183.972 F4000
G1 X262.809 Y-183.967
; Retract
G0 Z3.000

; Path 982
; Rapid to initial position
G0 X258.765 Y-184.365
G0 Z0.000
; plunge
G1 Z-0.200 F4000
; cut
G1 X258.765 Y-184.367 F4000
; Retract
G0 Z3.000

; Path 983
; Rapid to initial position
G0 X259.591 Y-191.097
G0 Z0.000
; plunge
G1 Z-0.200 F4000
; cut
G1 X261.920 Y-192.062 F4000
G1 X264.195 Y-193.054
G1 X266.471 Y-194.046
G1 X268.746 Y-195.038
G1 X269.535 Y-195.383
G1 X270.948 Y-195.999
G1 X273.231 Y-195.582
G1 X275.514 Y-195.165
G1 X275.823 Y-195.108
G1 X278.181 Y-194.677
G1 X279.612 Y-194.415
G1 X279.680 Y-194.403
; Retract
G0 Z3.000

; Path 984
; Rapid to initial position
G0 X279.395 Y-192.505
G0 Z0.000
; plunge
G1 Z-0.200 F4000
; cut
G1 X279.395 Y-192.293 F4000
G1 X280.857 Y-192.062
G1 X283.141 Y-191.701
G1 X285.373 Y-191.347
G1 X287.657 Y-190.987
G1 X288.535 Y-190.848
G1 X290.819 Y-190.486
G1 X293.102 Y-190.126
G1 X293.513 Y-190.061
; Retract
G0 Z3.000

; Path 985
; Rapid to initial position
G0 X294.019 Y-188.819
G0 Z0.000
; plunge
G1 Z-0.200 F4000
; cut
G1 X294.185 Y-188.822 F4000
G1 X297.781 Y-188.891
G1 X303.488 Y-189.000
G1 X309.194 Y-189.109
G1 X309.500 Y-189.093
G1 X315.185 Y-188.794
G1 X320.870 Y-188.495
G1 X326.555 Y-188.195
G1 X332.240 Y-187.895
G1 X332.376 Y-187.888
G1 X332.376 Y-187.902
; Retract
G0 Z3.000

; Path 986
; Rapid to initial position
G0 X324.069 Y-179.627
G0 Z0.000
; plunge
G1 Z-0.200 F4000
; cut
G1 X323.964 Y-179.633 F4000
G1 X323.967 Y-182.846
G1 X323.969 Y-186.082
G1 X323.971 Y-189.317
G1 X323.973 Y-192.552
G1 X323.975 Y-195.787
G1 X323.977 Y-199.023
G1 X323.979 Y-202.258
G1 X323.982 Y-205.493
G1 X324.018 Y-205.494
; Retract
G0 Z3.000

; Path 987
; Rapid to initial position
G0 X324.443 Y-206.481
G0 Z0.000
; plunge
G1 Z-0.200 F4000
; cut
G1 X324.609 Y-206.484 F4000
G1 X328.205 Y-206.553
G1 X333.911 Y-206.662
G1 X339.617 Y-206.771
G1 X339.924 Y-206.755
G1 X345.609 Y-206.455
G1 X351.294 Y-206.156
G1 X356.979 Y-205.856
G1 X362.664 Y-205.557
G1 X362.800 Y-205.550
G1 X362.800 Y-205.564
; Retract
G0 Z3.000

; Path 988
; Rapid to initial position
G0 X364.982 Y-200.768
G0 Z0.000
; plunge
G1 Z-0.200 F4000
; cut
G1 X364.837 Y-200.580 F4000
; Retract
G0 Z3.000

; Path 989
; Rapid to initial position
G0 X364.910 Y-200.671
G0 Z0.000
; plunge
G1 Z-0.200 F4000
; cut
G1 X364.910 Y-200.699 F4000
; Retract
G0 Z3.000

; Path 990
; Rapid to initial position
G0 X363.315 Y-193.409
G0 Z0.000
; plunge
G1 Z-0.200 F4000
; cut
G1 X363.170 Y-193.221 F4000
; Retract
G0 Z3.000

; Path 991
; Rapid to initial position
G0 X363.243 Y-193.312
G0 Z0.000
; plunge
G1 Z-0.200 F4000
; cut
G1 X363.243 Y-193.340 F4000
; Retract
G0 Z3.000

; Path 992
; Rapid to initial position
G0 X362.375 Y-190.809
G0 Z0.000
; plunge
G1 Z-0.200 F4000
; cut
G1 X356.610 Y-190.622 F4000
G1 X350.911 Y-190.428
G1 X345.211 Y-190.235
G1 X339.512 Y-190.042
G1 X333.813 Y-189.848
G1 X328.113 Y-189.655
G1 X323.741 Y-189.506
G1 X323.270 Y-189.490
G1 X323.153 Y-189.487
G1 X323.150 Y-186.239
G1 X323.148 Y-183.004
G1 X323.147 Y-179.768
G1 X323.144 Y-176.533
G1 X323.142 Y-173.298
G1 X323.140 Y-170.063
G1 X323.138 Y-166.827
G1 X323.135 Y-163.622
G1 X323.204 Y-163.619
; Retract
G0 Z3.000

; Path 993
; Rapid to initial position
G0 X323.236 Y-163.646
G0 Z0.000
; plunge
G1 Z-0.200 F4000
; cut
G1 X323.236 Y-163.573 F4000
; Retract
G0 Z3.000

; Path 994
; Rapid to initial position
G0 X319.040 Y-167.788
G0 Z0.000
; plunge
G1 Z-0.200 F4000
; cut
G1 X318.904 Y-167.781 F4000
G1 X313.219 Y-168.080
G1 X307.534 Y-168.380
G1 X301.849 Y-168.679
G1 X296.164 Y-168.979
G1 X295.857 Y-168.995
G1 X290.151 Y-168.886
G1 X284.445 Y-168.777
G1 X280.849 Y-168.708
G1 X280.683 Y-168.704
; Retract
G0 Z3.000

; Path 995
; Rapid to initial position
G0 X280.258 Y-167.718
G0 Z0.000
; plunge
G1 Z-0.200 F4000
; cut
G1 X280.219 Y-164.482 F4000
G1 X280.217 Y-161.247
G1 X280.215 Y-158.011
G1 X280.213 Y-154.776
G1 X280.211 Y-151.541
G1 X280.209 Y-148.306
G1 X280.207 Y-145.070
G1 X280.204 Y-141.857
G1 X280.309 Y-141.851
; Retract
G0 Z3.000

; Path 996
; Rapid to initial position
G0 X278.186 Y-143.863
G0 Z0.000
; plunge
G1 Z-0.200 F4000
; cut
G1 X278.106 Y-143.866 F4000
; Retract
G0 Z3.000

; Path 997
; Rapid to initial position
G0 X278.146 Y-144.211
G0 Z0.000
; plunge
G1 Z-0.200 F4000
; cut
G1 X277.358 Y-144.253 F4000
G1 X277.222 Y-144.260
G1 X272.020 Y-144.533
G1 X266.334 Y-144.832
G1 X260.649 Y-145.131
G1 X254.964 Y-145.430
; Retract
G0 Z3.000

; Path 998
; Rapid to initial position
G0 X253.945 Y-146.857
G0 Z0.000
; plunge
G1 Z-0.200 F4000
; cut
G1 X253.473 Y-146.901 F4000
G1 X247.840 Y-147.427
G1 X242.206 Y-147.954
G1 X236.572 Y-148.480
G1 X230.939 Y-149.007
G1 X225.584 Y-149.507
G1 X219.888 Y-149.284
G1 X214.192 Y-149.061
G1 X208.495 Y-148.838
G1 X202.800 Y-148.615
G1 X197.104 Y-148.392
G1 X191.408 Y-148.169
G1 X185.712 Y-147.946
G1 X184.489 Y-147.898
G1 X183.990 Y-147.878
G1 X183.990 Y-147.873
; Retract
G0 Z3.000

; Path 999
; Rapid to initial position
G0 X180.687 Y-150.746
G0 Z0.000
; plunge
G1 Z-0.200 F4000
; cut
G1 X178.661 Y-150.626 F4000
G1 X172.955 Y-150.508
G1 X167.249 Y-150.389
G1 X161.544 Y-150.270
G1 X155.838 Y-150.151
G1 X155.675 Y-150.148
G1 X151.426 Y-150.060
G1 X145.720 Y-149.941
G1 X140.015 Y-149.822
G1 X136.374 Y-149.998
G1 X130.685 Y-150.274
G1 X130.516 Y-150.283
G1 X126.918 Y-150.457
G1 X121.229 Y-150.733
G1 X121.068 Y-150.741
G1 X116.385 Y-150.968
G1 X110.696 Y-151.244
G1 X110.696 Y-151.322
; Retract
G0 Z3.000

; Path 1000
; Rapid to initial position
G0 X112.348 Y-152.088
G0 Z0.000
; plunge
G1 Z-0.200 F4000
; cut
G1 X112.544 Y-152.080 F4000
; Retract
G0 Z3.000

; Path 1001
; Rapid to initial position
G0 X105.733 Y-146.304
G0 Z0.000
; plunge
G1 Z-0.200 F4000
; cut
G1 X105.572 Y-146.337 F4000
; Retract
G0 Z3.000

; Path 1002
; Rapid to initial position
G0 X108.523 Y-142.464
G0 Z0.000
; plunge
G1 Z-0.200 F4000
; cut
G1 X108.523 Y-142.252 F4000
G1 X109.985 Y-142.021
G1 X112.268 Y-141.660
G1 X114.501 Y-141.306
G1 X116.784 Y-140.946
G1 X117.663 Y-140.807
G1 X119.946 Y-140.445
G1 X122.230 Y-140.085
G1 X122.641 Y-140.020
; Retract
G0 Z3.000

; Path 1003
; Rapid to initial position
G0 X115.600 Y-141.149
G0 Z0.000
; plunge
G1 Z-0.200 F4000
; cut
G1 X115.563 Y-141.155 F4000
; Retract
G0 Z3.000

; Path 1004
; Rapid to initial position
G0 X115.582 Y-141.165
G0 Z0.000
; plunge
G1 Z-0.200 F4000
; cut
G1 X115.582 Y-141.120 F4000
; Retract
G0 Z3.000

; Path 1005
; Rapid to initial position
G0 X127.624 Y-130.435
G0 Z0.000
; plunge
G1 Z-0.200 F4000
; cut
G1 X127.795 Y-130.448 F4000
; Retract
G0 Z3.000

; Path 1006
; Rapid to initial position
G0 X138.080 Y-121.807
G0 Z0.000
; plunge
G1 Z-0.200 F4000
; cut
G1 X138.240 Y-121.774 F4000
; Retract
G0 Z3.000

; Path 1007
; Rapid to initial position
G0 X138.240 Y-121.774
G0 Z0.000
; plunge
G1 Z-0.200 F4000
; cut
G1 X138.080 Y-121.807 F4000
; Retract
G0 Z3.000

; Path 1008
; Rapid to initial position
G0 X138.080 Y-121.807
G0 Z0.000
; plunge
G1 Z-0.200 F4000
; cut
G1 X138.240 Y-121.774 F4000
; Retract
G0 Z3.000

; Path 1009
; Rapid to initial position
G0 X138.240 Y-121.774
G0 Z0.000
; plunge
G1 Z-0.200 F4000
; cut
G1 X138.080 Y-121.807 F4000
; Retract
G0 Z3.000

; Path 1010
; Rapid to initial position
G0 X138.080 Y-121.807
G0 Z0.000
; plunge
G1 Z-0.200 F4000
; cut
G1 X138.240 Y-121.774 F4000
; Retract
G0 Z3.000

; Path 1011
; Rapid to initial position
G0 X138.240 Y-121.774
G0 Z0.000
; plunge
G1 Z-0.200 F4000
; cut
G1 X138.080 Y-121.807 F4000
; Retract
G0 Z3.000

; Path 1012
; Rapid to initial position
G0 X138.080 Y-121.807
G0 Z0.000
; plunge
G1 Z-0.200 F4000
; cut
G1 X138.240 Y-121.774 F4000
; Retract
G0 Z3.000

; Path 1013
; Rapid to initial position
G0 X136.836 Y-120.070
G0 Z0.000
; plunge
G1 Z-0.200 F4000
; cut
G1 X136.836 Y-120.025 F4000
; Retract
G0 Z3.000

; Path 1014
; Rapid to initial position
G0 X136.855 Y-120.053
G0 Z0.000
; plunge
G1 Z-0.200 F4000
; cut
G1 X136.818 Y-120.059 F4000
; Retract
G0 Z3.000

; Path 1015
; Rapid to initial position
G0 X139.987 Y-123.226
G0 Z0.000
; plunge
G1 Z-0.200 F4000
; cut
G1 X140.097 Y-123.229 F4000
G1 X145.811 Y-122.696
G1 X151.444 Y-122.169
G1 X157.078 Y-121.643
G1 X162.711 Y-121.116
G1 X163.154 Y-121.075
G1 X163.265 Y-121.064
G1 X163.267 Y-118.212
G1 X163.270 Y-114.977
G1 X163.270 Y-111.742
G1 X163.272 Y-108.507
G1 X163.274 Y-105.271
G1 X163.277 Y-102.036
G1 X163.279 Y-98.801
G1 X163.282 Y-95.566
G1 X163.175 Y-95.564
G1 X163.175 Y-95.564
; Retract
G0 Z3.000

; Path 1016
; Rapid to initial position
G0 X163.119 Y-95.520
G0 Z0.000
; plunge
G1 Z-0.200 F4000
; cut
G1 X163.119 Y-95.462 F4000
; Retract
G0 Z3.000

; Path 1017
; Rapid to initial position
G0 X164.049 Y-91.224
G0 Z0.000
; plunge
G1 Z-0.200 F4000
; cut
G1 X162.681 Y-90.635 F4000
G1 X161.826 Y-90.262
G1 X159.550 Y-89.269
G1 X157.275 Y-88.276
G1 X155.000 Y-87.283
G1 X152.725 Y-86.290
G1 X152.679 Y-86.270
; Retract
G0 Z3.000

; Path 1018
; Rapid to initial position
G0 X153.630 Y-85.827
G0 Z0.000
; plunge
G1 Z-0.200 F4000
; cut
G1 X152.262 Y-85.238 F4000
G1 X151.406 Y-84.865
G1 X149.131 Y-83.872
G1 X146.856 Y-82.879
G1 X144.581 Y-81.887
G1 X142.306 Y-80.894
G1 X142.260 Y-80.873
; Retract
G0 Z3.000

; Path 1019
; Rapid to initial position
G0 X143.199 Y-81.923
G0 Z0.000
; plunge
G1 Z-0.200 F4000
; cut
G1 X143.443 Y-81.927 F4000
G1 X143.687 Y-81.932
; Retract
G0 Z3.000

; Path 1020
; Rapid to initial position
G0 X139.654 Y-86.102
G0 Z0.000
; plunge
G1 Z-0.200 F4000
; cut
G1 X139.590 Y-86.074 F4000
; Retract
G0 Z3.000

; Path 1021
; Rapid to initial position
G0 X139.980 Y-89.052
G0 Z0.000
; plunge
G1 Z-0.200 F4000
; cut
G1 X142.310 Y-90.017 F4000
G1 X144.585 Y-91.009
G1 X146.860 Y-92.002
G1 X149.135 Y-92.994
G1 X149.924 Y-93.338
G1 X151.337 Y-93.955
G1 X153.620 Y-93.538
G1 X155.903 Y-93.120
G1 X156.213 Y-93.064
G1 X158.570 Y-92.633
G1 X160.001 Y-92.371
G1 X160.069 Y-92.358
; Retract
G0 Z3.000

; Path 1022
; Rapid to initial position
G0 X166.425 Y-86.022
G0 Z0.000
; plunge
G1 Z-0.200 F4000
; cut
G1 X165.953 Y-86.067 F4000
G1 X160.320 Y-86.593
G1 X154.686 Y-87.120
G1 X149.052 Y-87.646
G1 X143.419 Y-88.172
G1 X138.064 Y-88.673
G1 X132.368 Y-88.450
G1 X126.672 Y-88.227
G1 X120.975 Y-88.004
G1 X115.280 Y-87.781
G1 X109.584 Y-87.558
G1 X103.888 Y-87.335
G1 X98.192 Y-87.112
G1 X96.969 Y-87.064
G1 X96.470 Y-87.044
G1 X96.470 Y-87.039
; Retract
G0 Z3.000

; Path 1023
; Rapid to initial position
G0 X91.832 Y-87.251
G0 Z0.000
; plunge
G1 Z-0.200 F4000
; cut
G1 X94.153 Y-88.264 F4000
G1 X96.428 Y-89.257
G1 X98.703 Y-90.250
G1 X100.978 Y-91.243
G1 X101.821 Y-91.612
G1 X103.188 Y-92.208
G1 X103.202 Y-92.205
; Retract
G0 Z3.000

; Path 1024
; Rapid to initial position
G0 X101.594 Y-87.328
G0 Z0.000
; plunge
G1 Z-0.200 F4000
; cut
G1 X101.350 Y-87.324 F4000
G1 X101.106 Y-87.319
; Retract
G0 Z3.000

; Path 1025
; Rapid to initial position
G0 X107.916 Y-96.867
G0 Z0.000
; plunge
G1 Z-0.200 F4000
; cut
G1 X107.980 Y-96.895 F4000
; Retract
G0 Z3.000

; Path 1026
; Rapid to initial position
G0 X112.323 Y-95.426
G0 Z0.000
; plunge
G1 Z-0.200 F4000
; cut
G1 X112.257 Y-98.634 F4000
G1 X112.259 Y-101.869
G1 X112.261 Y-105.105
G1 X112.263 Y-108.340
G1 X112.265 Y-111.575
G1 X112.267 Y-114.810
G1 X112.269 Y-118.046
G1 X112.271 Y-121.281
G1 X112.389 Y-121.297
G1 X112.859 Y-121.313
G1 X117.232 Y-121.461
G1 X122.931 Y-121.655
G1 X128.630 Y-121.848
G1 X134.330 Y-122.042
G1 X140.029 Y-122.235
G1 X145.729 Y-122.428
G1 X151.428 Y-122.622
G1 X151.494 Y-122.616
; Retract
G0 Z3.000

; Path 1027
; Rapid to initial position
G0 X151.526 Y-122.589
G0 Z0.000
; plunge
G1 Z-0.200 F4000
; cut
G1 X151.526 Y-122.567 F4000
; Retract
G0 Z3.000

; Path 1028
; Rapid to initial position
G0 X144.577 Y-133.302
G0 Z0.000
; plunge
G1 Z-0.200 F4000
; cut
G1 X144.577 Y-133.776 F4000
; Retract
G0 Z3.000

; Path 1029
; Rapid to initial position
G0 X142.198 Y-132.538
G0 Z0.000
; plunge
G1 Z-0.200 F4000
; cut
G1 X142.198 Y-132.285 F4000
; Retract
G0 Z3.000

; Path 1030
; Rapid to initial position
G0 X167.360 Y-147.673
G0 Z0.000
; plunge
G1 Z-0.200 F4000
; cut
G1 X167.557 Y-147.665 F4000
; Retract
G0 Z3.000

; Path 1031
; Rapid to initial position
G0 X161.191 Y-156.993
G0 Z0.000
; plunge
G1 Z-0.200 F4000
; cut
G1 X160.947 Y-156.989 F4000
G1 X160.703 Y-156.984
; Retract
G0 Z3.000

; Path 1032
; Rapid to initial position
G0 X157.857 Y-162.880
G0 Z0.000
; plunge
G1 Z-0.200 F4000
; cut
G1 X157.613 Y-162.876 F4000
G1 X157.368 Y-162.871
; Retract
G0 Z3.000

; Path 1033
; Rapid to initial position
G0 X186.542 Y-164.834
G0 Z0.000
; plunge
G1 Z-0.200 F4000
; cut
G1 X186.787 Y-164.838 F4000
G1 X187.030 Y-164.843
; Retract
G0 Z3.000

; Path 1034
; Rapid to initial position
G0 X189.825 Y-163.572
G0 Z0.000
; plunge
G1 Z-0.200 F4000
; cut
G1 X190.324 Y-163.597 F4000
G1 X191.547 Y-163.645
G1 X197.242 Y-163.868
G1 X202.938 Y-164.091
G1 X208.634 Y-164.314
G1 X214.330 Y-164.537
G1 X220.027 Y-164.760
G1 X225.722 Y-164.983
G1 X231.418 Y-165.206
G1 X236.774 Y-164.706
G1 X242.407 Y-164.179
G1 X248.041 Y-163.653
G1 X253.674 Y-163.127
G1 X259.308 Y-162.600
G1 X259.779 Y-162.556
G1 X259.779 Y-162.556
; Retract
G0 Z3.000

; Path 1035
; Rapid to initial position
G0 X258.659 Y-158.412
G0 Z0.000
; plunge
G1 Z-0.200 F4000
; cut
G1 X258.487 Y-158.400 F4000
; Retract
G0 Z3.000

; Path 1036
; Rapid to initial position
G0 X255.557 Y-158.286
G0 Z0.000
; plunge
G1 Z-0.200 F4000
; cut
G1 X255.557 Y-158.540 F4000
; Retract
G0 Z3.000

; Path 1037
; Rapid to initial position
G0 X254.903 Y-158.436
G0 Z0.000
; plunge
G1 Z-0.200 F4000
; cut
G1 X253.535 Y-157.847 F4000
G1 X252.680 Y-157.474
G1 X250.404 Y-156.481
G1 X248.129 Y-155.488
G1 X245.854 Y-154.495
G1 X243.579 Y-153.502
G1 X243.534 Y-153.482
; Retract
G0 Z3.000

; Path 1038
; Rapid to initial position
G0 X245.637 Y-154.334
G0 Z0.000
; plunge
G1 Z-0.200 F4000
; cut
G1 X245.637 Y-154.392 F4000
; Retract
G0 Z3.000

; Path 1039
; Rapid to initial position
G0 X245.694 Y-154.435
G0 Z0.000
; plunge
G1 Z-0.200 F4000
; cut
G1 X245.800 Y-154.437 F4000
G1 X245.798 Y-157.673
G1 X245.796 Y-160.908
G1 X245.793 Y-164.143
G1 X245.791 Y-167.378
G1 X245.789 Y-170.614
G1 X245.789 Y-173.849
G1 X245.786 Y-177.084
G1 X245.784 Y-179.936
G1 X245.677 Y-179.946
G1 X245.230 Y-179.988
G1 X239.596 Y-180.514
G1 X233.963 Y-181.041
G1 X228.330 Y-181.567
G1 X222.616 Y-182.101
G1 X222.506 Y-182.098
; Retract
G0 Z3.000

; Path 1040
; Rapid to initial position
G0 X226.693 Y-184.684
G0 Z0.000
; plunge
G1 Z-0.200 F4000
; cut
G1 X226.757 Y-184.712 F4000
; Retract
G0 Z3.000

; Path 1041
; Rapid to initial position
G0 X233.764 Y-181.854
G0 Z0.000
; plunge
G1 Z-0.200 F4000
; cut
G1 X233.764 Y-181.381 F4000
; Retract
G0 Z3.000

; Path 1042
; Rapid to initial position
G0 X234.013 Y-181.488
G0 Z0.000
; plunge
G1 Z-0.200 F4000
; cut
G1 X228.248 Y-181.300 F4000
G1 X222.548 Y-181.107
G1 X216.849 Y-180.913
G1 X211.149 Y-180.720
G1 X205.450 Y-180.527
G1 X199.751 Y-180.333
G1 X195.378 Y-180.185
G1 X194.908 Y-180.169
G1 X194.790 Y-180.165
G1 X194.788 Y-176.917
G1 X194.785 Y-173.682
G1 X194.784 Y-170.447
G1 X194.781 Y-167.212
G1 X194.779 Y-163.976
G1 X194.778 Y-160.741
G1 X194.775 Y-157.506
G1 X194.773 Y-154.301
G1 X194.841 Y-154.297
; Retract
G0 Z3.000

; Path 1043
; Rapid to initial position
G0 X194.874 Y-154.325
G0 Z0.000
; plunge
G1 Z-0.200 F4000
; cut
G1 X194.874 Y-154.252 F4000
; Retract
G0 Z3.000

; Path 1044
; Rapid to initial position
G0 X196.533 Y-149.635
G0 Z0.000
; plunge
G1 Z-0.200 F4000
; cut
G1 X196.730 Y-149.627 F4000
; Retract
G0 Z3.000

; Path 1045
; Rapid to initial position
G0 X201.884 Y-147.595
G0 Z0.000
; plunge
G1 Z-0.200 F4000
; cut
G1 X202.028 Y-147.783 F4000
; Retract
G0 Z3.000

; Path 1046
; Rapid to initial position
G0 X201.956 Y-147.715
G0 Z0.000
; plunge
G1 Z-0.200 F4000
; cut
G1 X201.956 Y-147.686 F4000
; Retract
G0 Z3.000

; Path 1047
; Rapid to initial position
G0 X198.577 Y-157.685
G0 Z0.000
; plunge
G1 Z-0.200 F4000
; cut
G1 X199.076 Y-157.710 F4000
G1 X200.299 Y-157.758
G1 X205.994 Y-157.981
G1 X211.690 Y-158.204
G1 X217.386 Y-158.427
G1 X223.082 Y-158.650
G1 X228.779 Y-158.873
G1 X234.474 Y-159.096
G1 X240.170 Y-159.319
G1 X245.526 Y-158.819
G1 X251.159 Y-158.292
G1 X256.793 Y-157.766
G1 X262.426 Y-157.239
G1 X268.060 Y-156.713
G1 X268.531 Y-156.669
G1 X268.531 Y-156.668
; Retract
G0 Z3.000

; Path 1048
; Rapid to initial position
G0 X268.612 Y-155.911
G0 Z0.000
; plunge
G1 Z-0.200 F4000
; cut
G1 X268.612 Y-155.853 F4000
; Retract
G0 Z3.000

; Path 1049
; Rapid to initial position
G0 X266.760 Y-154.173
G0 Z0.000
; plunge
G1 Z-0.200 F4000
; cut
G1 X265.261 Y-154.448 F4000
G1 X262.978 Y-154.865
G1 X262.594 Y-154.936
G1 X260.311 Y-155.353
G1 X258.028 Y-155.770
G1 X256.627 Y-155.159
G1 X255.826 Y-154.809
G1 X253.551 Y-153.817
G1 X251.276 Y-152.825
G1 X249.001 Y-151.833
G1 X246.726 Y-150.840
G1 X246.671 Y-150.868
; Retract
G0 Z3.000

; Path 1050
; Rapid to initial position
G0 X245.611 Y-147.053
G0 Z0.000
; plunge
G1 Z-0.200 F4000
; cut
G1 X245.611 Y-147.007 F4000
; Retract
G0 Z3.000

; Path 1051
; Rapid to initial position
G0 X245.630 Y-147.036
G0 Z0.000
; plunge
G1 Z-0.200 F4000
; cut
G1 X245.592 Y-147.042 F4000
; Retract
G0 Z3.000

; Path 1052
; Rapid to initial position
G0 X246.969 Y-144.513
G0 Z0.000
; plunge
G1 Z-0.200 F4000
; cut
G1 X246.969 Y-144.440 F4000
; Retract
G0 Z3.000

; Path 1053
; Rapid to initial position
G0 X246.937 Y-144.485
G0 Z0.000
; plunge
G1 Z-0.200 F4000
; cut
G1 X246.870 Y-147.694 F4000
G1 X246.873 Y-150.929
G1 X246.874 Y-154.164
G1 X246.877 Y-157.400
G1 X246.879 Y-160.635
G1 X246.881 Y-163.870
G1 X246.883 Y-167.105
G1 X246.885 Y-170.341
G1 X247.003 Y-170.357
G1 X247.474 Y-170.373
G1 X251.846 Y-170.521
G1 X257.545 Y-170.715
G1 X263.245 Y-170.908
G1 X268.944 Y-171.101
G1 X274.643 Y-171.295
G1 X280.343 Y-171.488
G1 X286.042 Y-171.682
G1 X286.108 Y-171.676
; Retract
G0 Z3.000

; Path 1054
; Rapid to initial position
G0 X286.140 Y-171.649
G0 Z0.000
; plunge
G1 Z-0.200 F4000
; cut
G1 X286.140 Y-171.626 F4000
; Retract
G0 Z3.000

; Path 1055
; Rapid to initial position
G0 X290.170 Y-171.812
G0 Z0.000
; plunge
G1 Z-0.200 F4000
; cut
G1 X290.366 Y-171.821 F4000
G1 X300.593 Y-170.420
G1 X310.674 Y-169.039
G1 X320.756 Y-167.658
G1 X330.839 Y-166.277
G1 X331.632 Y-166.168
G1 X331.830 Y-166.141
G1 X331.834 Y-158.658
G1 X331.838 Y-150.170
G1 X331.838 Y-141.683
G1 X331.842 Y-133.195
G1 X331.846 Y-124.707
G1 X331.850 Y-116.220
G1 X331.855 Y-107.732
G1 X331.859 Y-99.244
G1 X331.668 Y-99.239
G1 X331.668 Y-99.239
; Retract
G0 Z3.000

; Path 1056
; Rapid to initial position
G0 X331.567 Y-99.125
G0 Z0.000
; plunge
G1 Z-0.200 F4000
; cut
G1 X331.567 Y-98.973 F4000
; Retract
G0 Z3.000

; Path 1057
; Rapid to initial position
G0 X331.937 Y-100.016
G0 Z0.000
; plunge
G1 Z-0.200 F4000
; cut
G1 X331.898 Y-96.779 F4000
G1 X331.896 Y-93.544
G1 X331.894 Y-90.309
G1 X331.892 Y-87.074
G1 X331.889 Y-83.838
G1 X331.888 Y-80.603
G1 X331.885 Y-77.368
G1 X331.883 Y-74.154
G1 X331.988 Y-74.149
; Retract
G0 Z3.000

; Path 1058
; Rapid to initial position
G0 X329.488 Y-79.681
G0 Z0.000
; plunge
G1 Z-0.200 F4000
; cut
G1 X329.488 Y-79.754 F4000
; Retract
G0 Z3.000

; Path 1059
; Rapid to initial position
G0 X329.455 Y-79.726
G0 Z0.000
; plunge
G1 Z-0.200 F4000
; cut
G1 X329.389 Y-82.935 F4000
G1 X329.392 Y-86.170
G1 X329.393 Y-89.406
G1 X329.396 Y-92.641
G1 X329.398 Y-95.876
G1 X329.400 Y-99.111
G1 X329.402 Y-102.346
G1 X329.404 Y-105.582
G1 X329.522 Y-105.598
G1 X329.992 Y-105.614
G1 X334.365 Y-105.762
G1 X340.064 Y-105.956
G1 X345.763 Y-106.149
G1 X351.463 Y-106.342
G1 X357.162 Y-106.536
G1 X362.862 Y-106.729
G1 X368.561 Y-106.923
G1 X368.627 Y-106.917
; Retract
G0 Z3.000

; Path 1060
; Rapid to initial position
G0 X368.659 Y-106.890
G0 Z0.000
; plunge
G1 Z-0.200 F4000
; cut
G1 X368.659 Y-106.867 F4000
; Retract
G0 Z3.000

; Path 1061
; Rapid to initial position
G0 X368.171 Y-110.800
G0 Z0.000
; plunge
G1 Z-0.200 F4000
; cut
G1 X368.316 Y-110.988 F4000
; Retract
G0 Z3.000

; Path 1062
; Rapid to initial position
G0 X368.244 Y-110.920
G0 Z0.000
; plunge
G1 Z-0.200 F4000
; cut
G1 X368.244 Y-110.891 F4000
; Retract
G0 Z3.000

; Path 1063
; Rapid to initial position
G0 X371.159 Y-114.226
G0 Z0.000
; plunge
G1 Z-0.200 F4000
; cut
G1 X371.159 Y-114.249 F4000
; Retract
G0 Z3.000

; Path 1064
; Rapid to initial position
G0 X371.127 Y-114.276
G0 Z0.000
; plunge
G1 Z-0.200 F4000
; cut
G1 X365.362 Y-114.088 F4000
G1 X359.663 Y-113.895
G1 X353.963 Y-113.701
G1 X348.264 Y-113.508
G1 X342.565 Y-113.315
G1 X336.865 Y-113.121
G1 X332.493 Y-112.973
G1 X332.022 Y-112.957
G1 X331.905 Y-112.953
G1 X331.902 Y-109.705
G1 X331.900 Y-106.470
G1 X331.899 Y-103.235
G1 X331.896 Y-100.000
G1 X331.894 Y-96.764
G1 X331.892 Y-93.529
G1 X331.890 Y-90.294
G1 X331.887 Y-87.089
G1 X331.956 Y-87.085
; Retract
G0 Z3.000

; Path 1065
; Rapid to initial position
G0 X331.988 Y-87.113
G0 Z0.000
; plunge
G1 Z-0.200 F4000
; cut
G1 X331.988 Y-87.040 F4000
; Retract
G0 Z3.000

; Path 1066
; Rapid to initial position
G0 X335.460 Y-88.757
G0 Z0.000
; plunge
G1 Z-0.200 F4000
; cut
G1 X335.834 Y-88.691 F4000
G1 X341.476 Y-87.505
G1 X347.118 Y-86.320
G1 X352.760 Y-85.135
G1 X358.402 Y-83.950
G1 X358.508 Y-83.928
; Retract
G0 Z3.000

; Path 1067
; Rapid to initial position
G0 X359.001 Y-84.862
G0 Z0.000
; plunge
G1 Z-0.200 F4000
; cut
G1 X359.838 Y-84.878 F4000
G1 X359.942 Y-84.880
G1 X365.649 Y-84.989
G1 X371.355 Y-85.098
G1 X377.061 Y-85.207
G1 X382.768 Y-85.316
G1 X382.999 Y-85.320
G1 X383.165 Y-85.324
G1 X388.872 Y-85.432
G1 X394.578 Y-85.541
G1 X398.174 Y-85.610
G1 X398.174 Y-85.678
; Retract
G0 Z3.000

; Path 1068
; Rapid to initial position
G0 X388.795 Y-84.775
G0 Z0.000
; plunge
G1 Z-0.200 F4000
; cut
G1 X388.795 Y-84.774 F4000
; Retract
G0 Z3.000

; Path 1069
; Rapid to initial position
G0 X386.580 Y-86.262
G0 Z0.000
; plunge
G1 Z-0.200 F4000
; cut
G1 X386.580 Y-86.285 F4000
; Retract
G0 Z3.000

; Path 1070
; Rapid to initial position
G0 X386.548 Y-86.312
G0 Z0.000
; plunge
G1 Z-0.200 F4000
; cut
G1 X380.783 Y-86.124 F4000
G1 X375.083 Y-85.931
G1 X369.383 Y-85.737
G1 X363.684 Y-85.544
G1 X357.985 Y-85.351
G1 X352.286 Y-85.157
G1 X347.913 Y-85.009
G1 X347.443 Y-84.993
G1 X347.325 Y-84.989
G1 X347.323 Y-81.741
G1 X347.320 Y-78.506
G1 X347.319 Y-75.271
G1 X347.316 Y-72.036
G1 X347.314 Y-68.800
G1 X347.312 Y-65.565
G1 X347.310 Y-62.330
G1 X347.308 Y-59.125
G1 X347.376 Y-59.121
; Retract
G0 Z3.000

; Path 1071
; Rapid to initial position
G0 X347.408 Y-59.149
G0 Z0.000
; plunge
G1 Z-0.200 F4000
; cut
G1 X347.408 Y-59.076 F4000
; Retract
G0 Z3.000

; Path 1072
; Rapid to initial position
G0 X347.746 Y-60.167
G0 Z0.000
; plunge
G1 Z-0.200 F4000
; cut
G1 X344.150 Y-60.030 F4000
G1 X338.443 Y-59.921
G1 X332.737 Y-59.812
G1 X332.571 Y-59.809
G1 X332.339 Y-59.805
G1 X326.633 Y-59.696
G1 X320.926 Y-59.587
G1 X315.220 Y-59.478
G1 X309.514 Y-59.369
G1 X309.410 Y-59.367
G1 X308.573 Y-59.351
; Retract
G0 Z3.000

; Path 1073
; Rapid to initial position
G0 X308.080 Y-58.417
G0 Z0.000
; plunge
G1 Z-0.200 F4000
; cut
G1 X307.974 Y-58.439 F4000
G1 X302.332 Y-59.624
G1 X296.690 Y-60.809
G1 X291.048 Y-61.994
G1 X285.406 Y-63.180
G1 X285.076 Y-63.250
G1 X285.032 Y-63.246
; Retract
G0 Z3.000

; Path 1074
; Rapid to initial position
G0 X284.430 Y-62.509
G0 Z0.000
; plunge
G1 Z-0.200 F4000
; cut
G1 X284.929 Y-62.534 F4000
G1 X286.152 Y-62.582
G1 X291.847 Y-62.805
G1 X297.543 Y-63.028
G1 X303.239 Y-63.251
G1 X308.935 Y-63.474
G1 X314.631 Y-63.697
G1 X320.327 Y-63.920
G1 X326.023 Y-64.143
G1 X331.379 Y-63.643
G1 X337.012 Y-63.116
G1 X342.645 Y-62.590
G1 X348.279 Y-62.063
G1 X353.913 Y-61.537
G1 X354.384 Y-61.493
G1 X354.384 Y-61.492
; Retract
G0 Z3.000

; Path 1075
; Rapid to initial position
G0 X345.781 Y-60.028
G0 Z0.000
; plunge
G1 Z-0.200 F4000
; cut
G1 X345.777 Y-56.782 F4000
G1 X345.777 Y-56.328
G1 X345.774 Y-53.007
G1 X345.770 Y-49.772
G1 X345.768 Y-48.704
G1 X345.768 Y-48.259
G1 X345.764 Y-44.950
G1 X345.760 Y-41.715
G1 X345.756 Y-38.479
G1 X345.752 Y-35.244
G1 X345.749 Y-32.009
G1 X345.746 Y-30.792
G1 X340.005 Y-30.591
G1 X334.300 Y-30.464
G1 X333.644 Y-30.450
G1 X333.457 Y-30.446
G1 X327.752 Y-30.320
G1 X324.177 Y-30.241
G1 X324.008 Y-30.237
G1 X318.303 Y-30.111
G1 X314.748 Y-30.033
G1 X314.587 Y-30.029
G1 X308.882 Y-29.903
G1 X304.213 Y-29.800
G1 X304.130 Y-29.798
; Retract
G0 Z3.000

; Path 1076
; Rapid to initial position
G0 X304.976 Y-34.555
G0 Z0.000
; plunge
G1 Z-0.200 F4000
; cut
G1 X310.661 Y-34.256 F4000
G1 X316.346 Y-33.957
G1 X322.031 Y-33.658
G1 X327.233 Y-33.385
G1 X327.369 Y-33.377
G1 X328.158 Y-33.336
; Retract
G0 Z3.000

; Path 1077
; Rapid to initial position
G0 X328.117 Y-32.991
G0 Z0.000
; plunge
G1 Z-0.200 F4000
; cut
G1 X328.198 Y-32.987 F4000
; Retract
G0 Z3.000

; Path 1078
; Rapid to initial position
G0 X327.820 Y-29.014
G0 Z0.000
; plunge
G1 Z-0.200 F4000
; cut
G1 X327.715 Y-29.019 F4000
G1 X327.718 Y-32.233
G1 X327.720 Y-35.468
G1 X327.722 Y-38.703
G1 X327.724 Y-41.939
G1 X327.726 Y-45.174
G1 X327.728 Y-48.409
G1 X327.730 Y-51.644
G1 X327.733 Y-54.880
G1 X327.769 Y-54.881
; Retract
G0 Z3.000

; Path 1079
; Rapid to initial position
G0 X328.193 Y-55.867
G0 Z0.000
; plunge
G1 Z-0.200 F4000
; cut
G1 X328.360 Y-55.870 F4000
G1 X331.955 Y-55.939
G1 X337.662 Y-56.048
G1 X343.368 Y-56.157
G1 X343.674 Y-56.141
G1 X349.359 Y-55.842
G1 X355.044 Y-55.542
G1 X360.729 Y-55.243
G1 X366.414 Y-54.943
G1 X366.550 Y-54.936
G1 X366.550 Y-54.950
; Retract
G0 Z3.000

; Path 1080
; Rapid to initial position
G0 X367.066 Y-42.795
G0 Z0.000
; plunge
G1 Z-0.200 F4000
; cut
G1 X366.921 Y-42.607 F4000
; Retract
G0 Z3.000

; Path 1081
; Rapid to initial position
G0 X366.993 Y-42.698
G0 Z0.000
; plunge
G1 Z-0.200 F4000
; cut
G1 X366.993 Y-42.727 F4000
; Retract
G0 Z3.000

; Path 1082
; Rapid to initial position
G0 X378.584 Y-42.045
G0 Z0.000
; plunge
G1 Z-0.200 F4000
; cut
G1 X378.584 Y-41.987 F4000
; Retract
G0 Z3.000

; Path 1083
; Rapid to initial position
G0 X386.509 Y-59.778
G0 Z0.000
; plunge
G1 Z-0.200 F4000
; cut
G1 X386.653 Y-59.966 F4000
; Retract
G0 Z3.000

; Path 1084
; Rapid to initial position
G0 X386.581 Y-59.898
G0 Z0.000
; plunge
G1 Z-0.200 F4000
; cut
G1 X386.581 Y-59.869 F4000
; Retract
G0 Z3.000

; Path 1085
; Rapid to initial position
G0 X380.339 Y-66.644
G0 Z0.000
; plunge
G1 Z-0.200 F4000
; cut
G1 X380.339 Y-69.944 F4000
G1 X380.339 Y-73.179
G1 X380.339 Y-76.414
G1 X380.339 Y-79.650
G1 X380.339 Y-82.885
G1 X380.339 Y-86.120
G1 X380.339 Y-89.355
G1 X380.339 Y-90.105
G1 X380.339 Y-93.087
; Retract
G0 Z3.000

; Path 1086
; Rapid to initial position
G0 X380.304 Y-93.115
G0 Z0.000
; plunge
G1 Z-0.200 F4000
; cut
G1 X380.304 Y-93.057 F4000
; Retract
G0 Z3.000

; Path 1087
; Rapid to initial position
G0 X382.808 Y-87.223
G0 Z0.000
; plunge
G1 Z-0.200 F4000
; cut
G1 X382.915 Y-87.226 F4000
G1 X382.912 Y-90.461
G1 X382.910 Y-93.696
G1 X382.907 Y-96.931
G1 X382.904 Y-100.166
G1 X382.902 Y-103.402
G1 X382.902 Y-106.637
G1 X382.899 Y-109.872
G1 X382.897 Y-112.724
G1 X382.790 Y-112.734
G1 X382.343 Y-112.776
G1 X376.709 Y-113.302
G1 X371.075 Y-113.829
G1 X365.442 Y-114.355
G1 X359.728 Y-114.889
G1 X359.619 Y-114.886
; Retract
G0 Z3.000

; Path 1088
; Rapid to initial position
G0 X357.118 Y-107.527
G0 Z0.000
; plunge
G1 Z-0.200 F4000
; cut
G1 X357.228 Y-107.530 F4000
G1 X362.942 Y-106.996
G1 X368.575 Y-106.470
G1 X374.209 Y-105.943
G1 X379.842 Y-105.417
G1 X380.285 Y-105.376
G1 X380.396 Y-105.365
G1 X380.399 Y-102.513
G1 X380.401 Y-99.278
G1 X380.401 Y-96.043
G1 X380.404 Y-92.807
G1 X380.407 Y-89.572
G1 X380.409 Y-86.337
G1 X380.412 Y-83.102
G1 X380.414 Y-79.867
G1 X380.308 Y-79.864
G1 X380.308 Y-79.864
; Retract
G0 Z3.000

; Path 1089
; Rapid to initial position
G0 X380.251 Y-79.821
G0 Z0.000
; plunge
G1 Z-0.200 F4000
; cut
G1 X380.251 Y-79.763 F4000
; Retract
G0 Z3.000

; Path 1090
; Rapid to initial position
G0 X386.294 Y-77.416
G0 Z0.000
; plunge
G1 Z-0.200 F4000
; cut
G1 X386.294 Y-77.415 F4000
; Retract
G0 Z3.000

; Path 1091
; Rapid to initial position
G0 X382.752 Y-87.122
G0 Z0.000
; plunge
G1 Z-0.200 F4000
; cut
G1 X382.752 Y-87.180 F4000
; Retract
G0 Z3.000

; Path 1092
; Rapid to initial position
G0 X375.039 Y-86.922
G0 Z0.000
; plunge
G1 Z-0.200 F4000
; cut
G1 X375.148 Y-86.925 F4000
G1 X380.863 Y-86.391
G1 X386.496 Y-85.865
G1 X392.129 Y-85.338
G1 X397.763 Y-84.812
G1 X398.206 Y-84.771
G1 X398.317 Y-84.760
G1 X398.319 Y-81.908
G1 X398.322 Y-78.673
G1 X398.322 Y-75.438
G1 X398.325 Y-72.202
G1 X398.327 Y-68.967
G1 X398.330 Y-65.732
G1 X398.333 Y-62.497
G1 X398.335 Y-59.261
G1 X398.228 Y-59.259
G1 X398.228 Y-59.259
; Retract
G0 Z3.000

; Path 1093
; Rapid to initial position
G0 X398.172 Y-59.216
G0 Z0.000
; plunge
G1 Z-0.200 F4000
; cut
G1 X398.172 Y-59.158 F4000
; Retract
G0 Z3.000

; Path 1094
; Rapid to initial position
G0 X404.215 Y-56.811
G0 Z0.000
; plunge
G1 Z-0.200 F4000
; cut
G1 X404.215 Y-56.810 F4000
; Retract
G0 Z3.000

; Path 1095
; Rapid to initial position
G0 X398.259 Y-46.039
G0 Z0.000
; plunge
G1 Z-0.200 F4000
; cut
G1 X398.259 Y-49.339 F4000
G1 X398.259 Y-52.574
G1 X398.259 Y-55.809
G1 X398.259 Y-59.045
G1 X398.259 Y-62.280
G1 X398.259 Y-65.515
G1 X398.259 Y-68.750
G1 X398.259 Y-69.499
G1 X398.259 Y-72.481
; Retract
G0 Z3.000

; Path 1096
; Rapid to initial position
G0 X398.225 Y-72.509
G0 Z0.000
; plunge
G1 Z-0.200 F4000
; cut
G1 X398.225 Y-72.451 F4000
; Retract
G0 Z3.000

; Path 1097
; Rapid to initial position
G0 X378.586 Y-68.507
G0 Z0.000
; plunge
G1 Z-0.200 F4000
; cut
G1 X374.990 Y-68.370 F4000
G1 X369.284 Y-68.261
G1 X363.578 Y-68.153
G1 X363.412 Y-68.149
G1 X363.180 Y-68.145
G1 X357.473 Y-68.036
G1 X351.767 Y-67.927
G1 X346.061 Y-67.818
G1 X340.354 Y-67.709
G1 X340.250 Y-67.707
G1 X339.414 Y-67.691
; Retract
G0 Z3.000

; Path 1098
; Rapid to initial position
G0 X338.920 Y-66.757
G0 Z0.000
; plunge
G1 Z-0.200 F4000
; cut
G1 X338.814 Y-66.779 F4000
G1 X333.172 Y-67.964
G1 X327.530 Y-69.149
G1 X321.888 Y-70.335
G1 X316.246 Y-71.520
G1 X315.916 Y-71.590
G1 X315.873 Y-71.586
; Retract
G0 Z3.000

; Path 1099
; Rapid to initial position
G0 X314.616 Y-78.846
G0 Z0.000
; plunge
G1 Z-0.200 F4000
; cut
G1 X314.616 Y-79.319 F4000
; Retract
G0 Z3.000

; Path 1100
; Rapid to initial position
G0 X308.297 Y-74.933
G0 Z0.000
; plunge
G1 Z-0.200 F4000
; cut
G1 X313.049 Y-75.038 F4000
G1 X318.754 Y-75.164
G1 X318.915 Y-75.168
G1 X322.470 Y-75.246
G1 X328.175 Y-75.372
G1 X328.345 Y-75.376
G1 X331.920 Y-75.455
G1 X337.625 Y-75.581
G1 X337.811 Y-75.585
G1 X338.468 Y-75.599
G1 X344.173 Y-75.726
G1 X349.878 Y-75.851
G1 X349.916 Y-77.144
G1 X349.920 Y-80.379
G1 X349.924 Y-83.614
G1 X349.928 Y-86.850
G1 X349.931 Y-90.085
G1 X349.935 Y-93.320
G1 X349.935 Y-93.783
G1 X349.938 Y-94.907
G1 X349.942 Y-98.142
G1 X349.945 Y-101.378
G1 X349.945 Y-101.917
G1 X349.949 Y-105.152
G1 X349.949 Y-105.163
; Retract
G0 Z3.000

; Path 1101
; Rapid to initial position
G0 X345.868 Y-110.776
G0 Z0.000
; plunge
G1 Z-0.200 F4000
; cut
G1 X345.868 Y-110.777 F4000
; Retract
G0 Z3.000

; Path 1102
; Rapid to initial position
G0 X344.618 Y-99.984
G0 Z0.000
; plunge
G1 Z-0.200 F4000
; cut
G1 X344.618 Y-99.983 F4000
; Retract
G0 Z3.000

; Path 1103
; Rapid to initial position
G0 X347.448 Y-97.804
G0 Z0.000
; plunge
G1 Z-0.200 F4000
; cut
G1 X347.445 Y-94.558 F4000
G1 X347.445 Y-94.104
G1 X347.441 Y-90.783
G1 X347.437 Y-87.548
G1 X347.435 Y-86.480
G1 X347.435 Y-86.035
G1 X347.431 Y-82.726
G1 X347.427 Y-79.491
G1 X347.423 Y-76.255
G1 X347.420 Y-73.020
G1 X347.416 Y-69.785
G1 X347.413 Y-68.568
G1 X341.672 Y-68.367
G1 X335.967 Y-68.240
G1 X335.311 Y-68.226
G1 X335.125 Y-68.222
G1 X329.420 Y-68.096
G1 X325.844 Y-68.017
G1 X325.675 Y-68.013
G1 X319.970 Y-67.887
G1 X316.415 Y-67.809
G1 X316.254 Y-67.805
G1 X310.549 Y-67.679
G1 X305.880 Y-67.576
G1 X305.797 Y-67.574
; Retract
G0 Z3.000

; Path 1104
; Rapid to initial position
G0 X303.232 Y-66.686
G0 Z0.000
; plunge
G1 Z-0.200 F4000
; cut
G1 X303.232 Y-66.614 F4000
; Retract
G0 Z3.000

; Path 1105
; Rapid to initial position
G0 X310.208 Y-64.270
G0 Z0.000
; plunge
G1 Z-0.200 F4000
; cut
G1 X309.736 Y-64.225 F4000
G1 X304.102 Y-63.699
G1 X298.469 Y-63.173
G1 X292.835 Y-62.646
G1 X287.202 Y-62.120
G1 X281.846 Y-61.619
G1 X276.151 Y-61.842
G1 X270.455 Y-62.066
G1 X264.758 Y-62.288
G1 X259.062 Y-62.512
G1 X253.367 Y-62.735
G1 X247.671 Y-62.958
G1 X241.975 Y-63.181
G1 X240.752 Y-63.229
G1 X240.253 Y-63.248
G1 X240.253 Y-63.253
; Retract
G0 Z3.000

; Path 1106
; Rapid to initial position
G0 X234.843 Y-60.952
G0 Z0.000
; plunge
G1 Z-0.200 F4000
; cut
G1 X234.763 Y-60.955 F4000
; Retract
G0 Z3.000

; Path 1107
; Rapid to initial position
G0 X236.553 Y-53.959
G0 Z0.000
; plunge
G1 Z-0.200 F4000
; cut
G1 X236.798 Y-53.963 F4000
G1 X237.041 Y-53.968
; Retract
G0 Z3.000

; Path 1108
; Rapid to initial position
G0 X242.805 Y-46.293
G0 Z0.000
; plunge
G1 Z-0.200 F4000
; cut
G1 X243.049 Y-46.288 F4000
G1 X243.293 Y-46.284
; Retract
G0 Z3.000

; Path 1109
; Rapid to initial position
G0 X250.013 Y-53.866
G0 Z0.000
; plunge
G1 Z-0.200 F4000
; cut
G1 X250.013 Y-53.868 F4000
; Retract
G0 Z3.000

; Path 1110
; Rapid to initial position
G0 X260.432 Y-59.263
G0 Z0.000
; plunge
G1 Z-0.200 F4000
; cut
G1 X260.432 Y-59.264 F4000
; Retract
G0 Z3.000

; Path 1111
; Rapid to initial position
G0 X267.394 Y-62.299
G0 Z0.000
; plunge
G1 Z-0.200 F4000
; cut
G1 X267.638 Y-62.303 F4000
G1 X267.882 Y-62.308
; Retract
G0 Z3.000

; Path 1112
; Rapid to initial position
G0 X264.175 Y-69.428
G0 Z0.000
; plunge
G1 Z-0.200 F4000
; cut
G1 X266.505 Y-70.393 F4000
G1 X268.780 Y-71.385
G1 X271.055 Y-72.378
G1 X273.330 Y-73.370
G1 X274.119 Y-73.714
G1 X275.532 Y-74.331
G1 X277.815 Y-73.914
G1 X280.098 Y-73.497
G1 X280.408 Y-73.440
G1 X282.765 Y-73.009
G1 X284.196 Y-72.747
G1 X284.264 Y-72.734
; Retract
G0 Z3.000

; Path 1113
; Rapid to initial position
G0 X283.776 Y-70.979
G0 Z0.000
; plunge
G1 Z-0.200 F4000
; cut
G1 X283.776 Y-70.506 F4000
; Retract
G0 Z3.000

; Path 1114
; Rapid to initial position
G0 X288.244 Y-71.600
G0 Z0.000
; plunge
G1 Z-0.200 F4000
; cut
G1 X286.876 Y-71.011 F4000
G1 X286.021 Y-70.638
G1 X283.745 Y-69.645
G1 X281.470 Y-68.652
G1 X279.195 Y-67.659
G1 X276.920 Y-66.666
G1 X276.874 Y-66.646
; Retract
G0 Z3.000

; Path 1115
; Rapid to initial position
G0 X274.268 Y-71.875
G0 Z0.000
; plunge
G1 Z-0.200 F4000
; cut
G1 X274.204 Y-71.847 F4000
; Retract
G0 Z3.000

; Path 1116
; Rapid to initial position
G0 X279.541 Y-78.793
G0 Z0.000
; plunge
G1 Z-0.200 F4000
; cut
G1 X284.293 Y-78.688 F4000
G1 X289.998 Y-78.562
G1 X290.159 Y-78.559
G1 X293.714 Y-78.480
G1 X299.419 Y-78.354
G1 X299.588 Y-78.351
G1 X303.164 Y-78.272
G1 X308.869 Y-78.146
G1 X309.055 Y-78.141
G1 X309.711 Y-78.127
G1 X315.416 Y-78.001
G1 X321.121 Y-77.875
G1 X321.160 Y-76.583
G1 X321.164 Y-73.347
G1 X321.167 Y-70.112
G1 X321.171 Y-66.877
G1 X321.175 Y-63.642
G1 X321.179 Y-60.406
G1 X321.179 Y-59.943
G1 X321.181 Y-58.819
G1 X321.185 Y-55.584
G1 X321.189 Y-52.349
G1 X321.189 Y-51.810
G1 X321.192 Y-48.574
G1 X321.192 Y-48.564
; Retract
G0 Z3.000

; Path 1117
; Rapid to initial position
G0 X323.717 Y-46.969
G0 Z0.000
; plunge
G1 Z-0.200 F4000
; cut
G1 X328.469 Y-47.074 F4000
G1 X334.174 Y-47.200
G1 X334.335 Y-47.204
G1 X337.890 Y-47.282
G1 X343.595 Y-47.408
G1 X343.764 Y-47.412
G1 X347.340 Y-47.491
G1 X353.045 Y-47.617
G1 X353.231 Y-47.621
G1 X353.887 Y-47.635
G1 X359.592 Y-47.761
G1 X365.297 Y-47.887
G1 X365.336 Y-49.180
G1 X365.340 Y-52.415
G1 X365.344 Y-55.650
G1 X365.348 Y-58.886
G1 X365.351 Y-62.121
G1 X365.355 Y-65.356
G1 X365.355 Y-65.819
G1 X365.358 Y-66.943
G1 X365.362 Y-70.178
G1 X365.365 Y-73.413
G1 X365.365 Y-73.953
G1 X365.369 Y-77.188
G1 X365.369 Y-77.199
; Retract
G0 Z3.000

; Path 1118
; Rapid to initial position
G0 X368.588 Y-80.383
G0 Z0.000
; plunge
G1 Z-0.200 F4000
; cut
G1 X368.733 Y-80.571 F4000
; Retract
G0 Z3.000

; Path 1119
; Rapid to initial position
G0 X368.660 Y-80.503
G0 Z0.000
; plunge
G1 Z-0.200 F4000
; cut
G1 X368.660 Y-80.474 F4000
; Retract
G0 Z3.000

; Path 1120
; Rapid to initial position
G0 X371.089 Y-87.742
G0 Z0.000
; plunge
G1 Z-0.200 F4000
; cut
G1 X371.233 Y-87.930 F4000
; Retract
G0 Z3.000

; Path 1121
; Rapid to initial position
G0 X371.161 Y-87.862
G0 Z0.000
; plunge
G1 Z-0.200 F4000
; cut
G1 X371.161 Y-87.833 F4000
; Retract
G0 Z3.000

; Path 1122
; Rapid to initial position
G0 X368.217 Y-92.726
G0 Z0.000
; plunge
G1 Z-0.200 F4000
; cut
G1 X368.082 Y-92.719 F4000
G1 X362.397 Y-93.019
G1 X356.712 Y-93.318
G1 X351.026 Y-93.618
G1 X345.341 Y-93.917
G1 X345.035 Y-93.933
G1 X339.329 Y-93.824
G1 X333.623 Y-93.715
G1 X330.027 Y-93.646
G1 X329.860 Y-93.643
; Retract
G0 Z3.000

; Path 1123
; Rapid to initial position
G0 X329.436 Y-92.657
G0 Z0.000
; plunge
G1 Z-0.200 F4000
; cut
G1 X329.397 Y-89.420 F4000
G1 X329.395 Y-86.185
G1 X329.393 Y-82.950
G1 X329.391 Y-79.715
G1 X329.389 Y-76.479
G1 X329.387 Y-73.244
G1 X329.385 Y-70.009
G1 X329.382 Y-66.795
G1 X329.487 Y-66.790
; Retract
G0 Z3.000

; Path 1124
; Rapid to initial position
G0 X334.369 Y-67.260
G0 Z0.000
; plunge
G1 Z-0.200 F4000
; cut
G1 X334.449 Y-67.264 F4000
; Retract
G0 Z3.000

; Path 1125
; Rapid to initial position
G0 X334.409 Y-66.915
G0 Z0.000
; plunge
G1 Z-0.200 F4000
; cut
G1 X333.621 Y-66.874 F4000
G1 X333.485 Y-66.867
G1 X328.283 Y-66.593
G1 X322.597 Y-66.294
G1 X316.912 Y-65.995
G1 X311.227 Y-65.697
; Retract
G0 Z3.000

; Path 1126
; Rapid to initial position
G0 X303.180 Y-53.711
G0 Z0.000
; plunge
G1 Z-0.200 F4000
; cut
G1 X303.141 Y-56.947 F4000
G1 X303.139 Y-60.182
G1 X303.137 Y-63.418
G1 X303.135 Y-66.653
G1 X303.133 Y-69.888
G1 X303.131 Y-73.123
G1 X303.129 Y-76.359
G1 X303.126 Y-79.573
G1 X303.231 Y-79.578
; Retract
G0 Z3.000

; Path 1127
; Rapid to initial position
G0 X296.462 Y-83.817
G0 Z0.000
; plunge
G1 Z-0.200 F4000
; cut
G1 X298.783 Y-84.830 F4000
G1 X301.058 Y-85.823
G1 X303.333 Y-86.816
G1 X305.608 Y-87.809
G1 X306.451 Y-88.178
G1 X307.818 Y-88.774
G1 X307.832 Y-88.771
; Retract
G0 Z3.000

; Path 1128
; Rapid to initial position
G0 X310.570 Y-90.584
G0 Z0.000
; plunge
G1 Z-0.200 F4000
; cut
G1 X310.570 Y-90.837 F4000
; Retract
G0 Z3.000

; Path 1129
; Rapid to initial position
G0 X303.852 Y-89.905
G0 Z0.000
; plunge
G1 Z-0.200 F4000
; cut
G1 X302.353 Y-90.180 F4000
G1 X300.070 Y-90.597
G1 X299.686 Y-90.667
G1 X297.403 Y-91.085
G1 X295.120 Y-91.502
G1 X293.719 Y-90.891
G1 X292.918 Y-90.541
G1 X290.643 Y-89.549
G1 X288.368 Y-88.556
G1 X286.092 Y-87.564
G1 X283.817 Y-86.571
G1 X283.763 Y-86.599
; Retract
G0 Z3.000

; Path 1130
; Rapid to initial position
G0 X285.602 Y-86.699
G0 Z0.000
; plunge
G1 Z-0.200 F4000
; cut
G1 X285.639 Y-86.692 F4000
; Retract
G0 Z3.000

; Path 1131
; Rapid to initial position
G0 X285.620 Y-86.709
G0 Z0.000
; plunge
G1 Z-0.200 F4000
; cut
G1 X285.620 Y-86.664 F4000
; Retract
G0 Z3.000

; Path 1132
; Rapid to initial position
G0 X287.811 Y-89.357
G0 Z0.000
; plunge
G1 Z-0.200 F4000
; cut
G1 X287.706 Y-89.363 F4000
G1 X287.708 Y-92.576
G1 X287.711 Y-95.812
G1 X287.712 Y-99.047
G1 X287.715 Y-102.282
G1 X287.717 Y-105.517
G1 X287.719 Y-108.753
G1 X287.721 Y-111.988
G1 X287.724 Y-115.223
G1 X287.760 Y-115.224
; Retract
G0 Z3.000

; Path 1133
; Rapid to initial position
G0 X288.184 Y-116.210
G0 Z0.000
; plunge
G1 Z-0.200 F4000
; cut
G1 X288.350 Y-116.214 F4000
G1 X291.946 Y-116.283
G1 X297.653 Y-116.392
G1 X303.359 Y-116.501
G1 X303.665 Y-116.485
G1 X309.350 Y-116.185
G1 X315.035 Y-115.886
G1 X320.720 Y-115.586
G1 X326.405 Y-115.287
G1 X326.541 Y-115.280
G1 X326.541 Y-115.294
; Retract
G0 Z3.000

; Path 1134
; Rapid to initial position
G0 X328.235 Y-113.864
G0 Z0.000
; plunge
G1 Z-0.200 F4000
; cut
G1 X328.235 Y-113.835 F4000
; Retract
G0 Z3.000

; Path 1135
; Rapid to initial position
G0 X328.162 Y-113.744
G0 Z0.000
; plunge
G1 Z-0.200 F4000
; cut
G1 X328.307 Y-113.932 F4000
; Retract
G0 Z3.000

; Path 1136
; Rapid to initial position
G0 X329.071 Y-110.171
G0 Z0.000
; plunge
G1 Z-0.200 F4000
; cut
G1 X329.071 Y-110.098 F4000
; Retract
G0 Z3.000

; Path 1137
; Rapid to initial position
G0 X329.039 Y-110.143
G0 Z0.000
; plunge
G1 Z-0.200 F4000
; cut
G1 X328.972 Y-113.352 F4000
G1 X328.975 Y-116.587
G1 X328.976 Y-119.823
G1 X328.979 Y-123.058
G1 X328.981 Y-126.293
G1 X328.983 Y-129.528
G1 X328.985 Y-132.764
G1 X328.988 Y-135.999
G1 X329.105 Y-136.015
G1 X329.576 Y-136.031
G1 X333.948 Y-136.179
G1 X339.647 Y-136.373
G1 X345.347 Y-136.566
G1 X351.046 Y-136.759
G1 X356.745 Y-136.953
G1 X362.445 Y-137.146
G1 X368.144 Y-137.340
G1 X368.210 Y-137.334
; Retract
G0 Z3.000

; Path 1138
; Rapid to initial position
G0 X368.242 Y-137.307
G0 Z0.000
; plunge
G1 Z-0.200 F4000
; cut
G1 X368.242 Y-137.285 F4000
; Retract
G0 Z3.000

; Path 1139
; Rapid to initial position
G0 X367.755 Y-147.105
G0 Z0.000
; plunge
G1 Z-0.200 F4000
; cut
G1 X367.899 Y-147.293 F4000
; Retract
G0 Z3.000

; Path 1140
; Rapid to initial position
G0 X367.827 Y-147.224
G0 Z0.000
; plunge
G1 Z-0.200 F4000
; cut
G1 X367.827 Y-147.195 F4000
; Retract
G0 Z3.000

; Path 1141
; Rapid to initial position
G0 X385.460 Y-144.138
G0 Z0.000
; plunge
G1 Z-0.200 F4000
; cut
G1 X385.460 Y-144.136 F4000
; Retract
G0 Z3.000

; Path 1142
; Rapid to initial position
G0 X367.801 Y-123.144
G0 Z0.000
; plunge
G1 Z-0.200 F4000
; cut
G1 X367.665 Y-123.136 F4000
G1 X361.980 Y-123.436
G1 X356.295 Y-123.736
G1 X350.610 Y-124.035
G1 X344.925 Y-124.334
G1 X344.619 Y-124.350
G1 X338.912 Y-124.241
G1 X333.206 Y-124.132
G1 X329.610 Y-124.063
G1 X329.444 Y-124.060
; Retract
G0 Z3.000

; Path 1143
; Rapid to initial position
G0 X329.020 Y-123.074
G0 Z0.000
; plunge
G1 Z-0.200 F4000
; cut
G1 X328.981 Y-119.837 F4000
G1 X328.978 Y-116.602
G1 X328.977 Y-113.367
G1 X328.974 Y-110.132
G1 X328.972 Y-106.896
G1 X328.970 Y-103.661
G1 X328.968 Y-100.426
G1 X328.966 Y-97.212
G1 X329.071 Y-97.207
; Retract
G0 Z3.000

; Path 1144
; Rapid to initial position
G0 X332.361 Y-101.002
G0 Z0.000
; plunge
G1 Z-0.200 F4000
; cut
G1 X332.527 Y-101.005 F4000
G1 X336.123 Y-101.074
G1 X341.830 Y-101.183
G1 X347.536 Y-101.292
G1 X347.842 Y-101.276
G1 X353.527 Y-100.977
G1 X359.212 Y-100.677
G1 X364.897 Y-100.378
G1 X370.582 Y-100.078
G1 X370.718 Y-100.071
G1 X370.718 Y-100.085
; Retract
G0 Z3.000

; Path 1145
; Rapid to initial position
G0 X363.166 Y-86.811
G0 Z0.000
; plunge
G1 Z-0.200 F4000
; cut
G1 X362.377 Y-86.853 F4000
G1 X362.241 Y-86.860
G1 X357.039 Y-87.133
G1 X351.354 Y-87.432
G1 X345.669 Y-87.731
G1 X339.984 Y-88.030
; Retract
G0 Z3.000

; Path 1146
; Rapid to initial position
G0 X342.381 Y-92.812
G0 Z0.000
; plunge
G1 Z-0.200 F4000
; cut
G1 X342.381 Y-92.816 F4000
; Retract
G0 Z3.000

; Path 1147
; Rapid to initial position
G0 X349.893 Y-90.893
G0 Z0.000
; plunge
G1 Z-0.200 F4000
; cut
G1 X347.866 Y-90.773 F4000
G1 X342.161 Y-90.655
G1 X336.455 Y-90.536
G1 X330.749 Y-90.417
G1 X325.043 Y-90.298
G1 X324.880 Y-90.295
G1 X320.632 Y-90.207
G1 X314.925 Y-90.088
G1 X309.220 Y-89.969
G1 X305.579 Y-90.146
G1 X299.890 Y-90.421
G1 X299.721 Y-90.430
G1 X296.123 Y-90.604
G1 X290.435 Y-90.880
G1 X290.274 Y-90.888
G1 X285.590 Y-91.115
G1 X279.901 Y-91.391
G1 X279.901 Y-91.469
; Retract
G0 Z3.000

; Path 1148
; Rapid to initial position
G0 X281.553 Y-92.235
G0 Z0.000
; plunge
G1 Z-0.200 F4000
; cut
G1 X281.750 Y-92.227 F4000
; Retract
G0 Z3.000

; Path 1149
; Rapid to initial position
G0 X275.772 Y-91.848
G0 Z0.000
; plunge
G1 Z-0.200 F4000
; cut
G1 X275.611 Y-91.881 F4000
; Retract
G0 Z3.000

; Path 1150
; Rapid to initial position
G0 X279.730 Y-82.497
G0 Z0.000
; plunge
G1 Z-0.200 F4000
; cut
G1 X279.730 Y-82.244 F4000
; Retract
G0 Z3.000

; Path 1151
; Rapid to initial position
G0 X286.981 Y-79.470
G0 Z0.000
; plunge
G1 Z-0.200 F4000
; cut
G1 X287.226 Y-79.474 F4000
G1 X287.470 Y-79.479
; Retract
G0 Z3.000

; Path 1152
; Rapid to initial position
G0 X268.244 Y-83.132
G0 Z0.000
; plunge
G1 Z-0.200 F4000
; cut
G1 X268.072 Y-83.144 F4000
; Retract
G0 Z3.000

; Path 1153
; Rapid to initial position
G0 X266.509 Y-83.114
G0 Z0.000
; plunge
G1 Z-0.200 F4000
; cut
G1 X267.008 Y-83.139 F4000
G1 X268.231 Y-83.187
G1 X273.927 Y-83.410
G1 X279.623 Y-83.633
G1 X285.318 Y-83.856
G1 X291.014 Y-84.079
G1 X296.711 Y-84.302
G1 X302.407 Y-84.525
G1 X308.102 Y-84.748
G1 X313.458 Y-84.248
G1 X319.091 Y-83.721
G1 X324.725 Y-83.195
G1 X330.358 Y-82.669
G1 X335.992 Y-82.142
G1 X336.464 Y-82.098
G1 X336.464 Y-82.098
; Retract
G0 Z3.000

; Path 1154
; Rapid to initial position
G0 X337.483 Y-80.671
G0 Z0.000
; plunge
G1 Z-0.200 F4000
; cut
G1 X343.168 Y-80.372 F4000
G1 X348.853 Y-80.073
G1 X354.539 Y-79.775
G1 X359.741 Y-79.501
G1 X359.877 Y-79.494
G1 X360.665 Y-79.452
; Retract
G0 Z3.000

; Path 1155
; Rapid to initial position
G0 X360.625 Y-79.107
G0 Z0.000
; plunge
G1 Z-0.200 F4000
; cut
G1 X360.705 Y-79.104 F4000
; Retract
G0 Z3.000

; Path 1156
; Rapid to initial position
G0 X363.125 Y-86.466
G0 Z0.000
; plunge
G1 Z-0.200 F4000
; cut
G1 X363.206 Y-86.463 F4000
; Retract
G0 Z3.000

; Path 1157
; Rapid to initial position
G0 X360.038 Y-68.953
G0 Z0.000
; plunge
G1 Z-0.200 F4000
; cut
G1 X360.038 Y-68.951 F4000
; Retract
G0 Z3.000

; Path 1158
; Rapid to initial position
G0 X342.477 Y-65.796
G0 Z0.000
; plunge
G1 Z-0.200 F4000
; cut
G1 X342.332 Y-65.984 F4000
; Retract
G0 Z3.000

; Path 1159
; Rapid to initial position
G0 X342.404 Y-65.893
G0 Z0.000
; plunge
G1 Z-0.200 F4000
; cut
G1 X342.404 Y-65.865 F4000
; Retract
G0 Z3.000

; Path 1160
; Rapid to initial position
G0 X341.961 Y-53.641
G0 Z0.000
; plunge
G1 Z-0.200 F4000
; cut
G1 X341.826 Y-53.648 F4000
G1 X336.141 Y-53.349
G1 X330.455 Y-53.049
G1 X324.770 Y-52.750
G1 X319.085 Y-52.450
G1 X318.779 Y-52.434
G1 X313.073 Y-52.543
G1 X307.367 Y-52.652
G1 X303.771 Y-52.721
G1 X303.604 Y-52.725
; Retract
G0 Z3.000

; Path 1161
; Rapid to initial position
G0 X297.353 Y-47.527
G0 Z0.000
; plunge
G1 Z-0.200 F4000
; cut
G1 X297.519 Y-47.530 F4000
G1 X301.115 Y-47.599
G1 X306.822 Y-47.708
G1 X312.528 Y-47.817
G1 X312.834 Y-47.801
G1 X318.519 Y-47.502
G1 X324.204 Y-47.202
G1 X329.889 Y-46.903
G1 X335.574 Y-46.603
G1 X335.710 Y-46.596
G1 X335.710 Y-46.610
; Retract
G0 Z3.000

; Path 1162
; Rapid to initial position
G0 X336.225 Y-34.455
G0 Z0.000
; plunge
G1 Z-0.200 F4000
; cut
G1 X336.081 Y-34.267 F4000
; Retract
G0 Z3.000

; Path 1163
; Rapid to initial position
G0 X336.153 Y-34.358
G0 Z0.000
; plunge
G1 Z-0.200 F4000
; cut
G1 X336.153 Y-34.387 F4000
; Retract
G0 Z3.000

; Path 1164
; Rapid to initial position
G0 X303.956 Y-35.981
G0 Z0.000
; plunge
G1 Z-0.200 F4000
; cut
G1 X303.485 Y-36.026 F4000
G1 X297.851 Y-36.552
G1 X292.217 Y-37.079
G1 X286.584 Y-37.605
G1 X280.951 Y-38.131
G1 X275.595 Y-38.632
G1 X269.899 Y-38.409
G1 X264.203 Y-38.186
G1 X258.507 Y-37.963
G1 X252.811 Y-37.740
G1 X247.115 Y-37.517
G1 X241.419 Y-37.294
G1 X235.723 Y-37.071
G1 X234.500 Y-37.023
G1 X234.002 Y-37.003
G1 X234.002 Y-36.998
; Retract
G0 Z3.000

; Path 1165
; Rapid to initial position
G0 X203.625 Y-48.638
G0 Z0.000
; plunge
G1 Z-0.200 F4000
; cut
G1 X203.520 Y-48.643 F4000
G1 X203.523 Y-51.857
G1 X203.525 Y-55.092
G1 X203.527 Y-58.327
G1 X203.529 Y-61.563
G1 X203.531 Y-64.798
G1 X203.533 Y-68.033
G1 X203.535 Y-71.268
G1 X203.538 Y-74.503
G1 X203.574 Y-74.505
; Retract
G0 Z3.000

; Path 1166
; Rapid to initial position
G0 X203.998 Y-75.491
G0 Z0.000
; plunge
G1 Z-0.200 F4000
; cut
G1 X204.165 Y-75.494 F4000
G1 X207.760 Y-75.563
G1 X213.467 Y-75.672
G1 X219.173 Y-75.781
G1 X219.479 Y-75.765
G1 X225.164 Y-75.466
G1 X230.849 Y-75.166
G1 X236.534 Y-74.867
G1 X242.219 Y-74.567
G1 X242.355 Y-74.560
G1 X242.355 Y-74.574
; Retract
G0 Z3.000

; Path 1167
; Rapid to initial position
G0 X241.053 Y-71.972
G0 Z0.000
; plunge
G1 Z-0.200 F4000
; cut
G1 X241.053 Y-71.914 F4000
; Retract
G0 Z3.000

; Path 1168
; Rapid to initial position
G0 X241.053 Y-71.914
G0 Z0.000
; plunge
G1 Z-0.200 F4000
; cut
G1 X241.053 Y-71.972 F4000
; Retract
G0 Z3.000

; Path 1169
; Rapid to initial position
G0 X241.053 Y-71.972
G0 Z0.000
; plunge
G1 Z-0.200 F4000
; cut
G1 X241.053 Y-71.914 F4000
; Retract
G0 Z3.000

; Path 1170
; Rapid to initial position
G0 X241.053 Y-71.914
G0 Z0.000
; plunge
G1 Z-0.200 F4000
; cut
G1 X241.053 Y-71.972 F4000
; Retract
G0 Z3.000

; Path 1171
; Rapid to initial position
G0 X241.053 Y-71.972
G0 Z0.000
; plunge
G1 Z-0.200 F4000
; cut
G1 X241.053 Y-71.914 F4000
; Retract
G0 Z3.000

; Path 1172
; Rapid to initial position
G0 X241.053 Y-71.914
G0 Z0.000
; plunge
G1 Z-0.200 F4000
; cut
G1 X241.053 Y-71.972 F4000
; Retract
G0 Z3.000

; Path 1173
; Rapid to initial position
G0 X241.053 Y-71.972
G0 Z0.000
; plunge
G1 Z-0.200 F4000
; cut
G1 X241.053 Y-71.914 F4000
; Retract
G0 Z3.000

; Path 1174
; Rapid to initial position
G0 X235.843 Y-73.000
G0 Z0.000
; plunge
G1 Z-0.200 F4000
; cut
G1 X235.843 Y-73.001 F4000
; Retract
G0 Z3.000

; Path 1175
; Rapid to initial position
G0 X232.378 Y-83.319
G0 Z0.000
; plunge
G1 Z-0.200 F4000
; cut
G1 X232.378 Y-83.341 F4000
; Retract
G0 Z3.000

; Path 1176
; Rapid to initial position
G0 X232.346 Y-83.368
G0 Z0.000
; plunge
G1 Z-0.200 F4000
; cut
G1 X226.581 Y-83.181 F4000
G1 X220.881 Y-82.987
G1 X215.182 Y-82.794
G1 X209.482 Y-82.601
G1 X203.783 Y-82.407
G1 X198.084 Y-82.214
G1 X193.711 Y-82.065
G1 X193.241 Y-82.049
G1 X193.123 Y-82.046
G1 X193.121 Y-78.798
G1 X193.118 Y-75.563
G1 X193.117 Y-72.327
G1 X193.114 Y-69.092
G1 X193.112 Y-65.857
G1 X193.110 Y-62.622
G1 X193.108 Y-59.386
G1 X193.106 Y-56.181
G1 X193.174 Y-56.178
; Retract
G0 Z3.000

; Path 1177
; Rapid to initial position
G0 X193.207 Y-56.205
G0 Z0.000
; plunge
G1 Z-0.200 F4000
; cut
G1 X193.207 Y-56.132 F4000
; Retract
G0 Z3.000

; Path 1178
; Rapid to initial position
G0 X190.289 Y-58.940
G0 Z0.000
; plunge
G1 Z-0.200 F4000
; cut
G1 X190.184 Y-58.946 F4000
G1 X190.186 Y-62.159
G1 X190.189 Y-65.395
G1 X190.190 Y-68.630
G1 X190.193 Y-71.865
G1 X190.195 Y-75.100
G1 X190.197 Y-78.336
G1 X190.199 Y-81.571
G1 X190.201 Y-84.806
G1 X190.238 Y-84.807
; Retract
G0 Z3.000

; Path 1179
; Rapid to initial position
G0 X190.238 Y-84.807
G0 Z0.000
; plunge
G1 Z-0.200 F4000
; cut
G1 X190.199 Y-81.571 F4000
G1 X190.197 Y-78.336
G1 X190.195 Y-75.100
G1 X190.193 Y-71.865
G1 X190.190 Y-68.630
G1 X190.189 Y-65.395
G1 X190.186 Y-62.159
G1 X190.184 Y-58.946
G1 X190.289 Y-58.940
; Retract
G0 Z3.000

; Path 1180
; Rapid to initial position
G0 X190.289 Y-58.940
G0 Z0.000
; plunge
G1 Z-0.200 F4000
; cut
G1 X190.184 Y-58.946 F4000
G1 X190.186 Y-62.159
G1 X190.189 Y-65.395
G1 X190.190 Y-68.630
G1 X190.193 Y-71.865
G1 X190.195 Y-75.100
G1 X190.197 Y-78.336
G1 X190.199 Y-81.571
G1 X190.201 Y-84.806
G1 X190.238 Y-84.807
; Retract
G0 Z3.000

; Path 1181
; Rapid to initial position
G0 X190.238 Y-84.807
G0 Z0.000
; plunge
G1 Z-0.200 F4000
; cut
G1 X190.199 Y-81.571 F4000
G1 X190.197 Y-78.336
G1 X190.195 Y-75.100
G1 X190.193 Y-71.865
G1 X190.190 Y-68.630
G1 X190.189 Y-65.395
G1 X190.186 Y-62.159
G1 X190.184 Y-58.946
G1 X190.289 Y-58.940
; Retract
G0 Z3.000

; Path 1182
; Rapid to initial position
G0 X190.289 Y-58.940
G0 Z0.000
; plunge
G1 Z-0.200 F4000
; cut
G1 X190.184 Y-58.946 F4000
G1 X190.186 Y-62.159
G1 X190.189 Y-65.395
G1 X190.190 Y-68.630
G1 X190.193 Y-71.865
G1 X190.195 Y-75.100
G1 X190.197 Y-78.336
G1 X190.199 Y-81.571
G1 X190.201 Y-84.806
G1 X190.238 Y-84.807
; Retract
G0 Z3.000

; Path 1183
; Rapid to initial position
G0 X190.238 Y-84.807
G0 Z0.000
; plunge
G1 Z-0.200 F4000
; cut
G1 X190.199 Y-81.571 F4000
G1 X190.197 Y-78.336
G1 X190.195 Y-75.100
G1 X190.193 Y-71.865
G1 X190.190 Y-68.630
G1 X190.189 Y-65.395
G1 X190.186 Y-62.159
G1 X190.184 Y-58.946
G1 X190.289 Y-58.940
; Retract
G0 Z3.000

; Path 1184
; Rapid to initial position
G0 X190.289 Y-58.940
G0 Z0.000
; plunge
G1 Z-0.200 F4000
; cut
G1 X190.184 Y-58.946 F4000
G1 X190.186 Y-62.159
G1 X190.189 Y-65.395
G1 X190.190 Y-68.630
G1 X190.193 Y-71.865
G1 X190.195 Y-75.100
G1 X190.197 Y-78.336
G1 X190.199 Y-81.571
G1 X190.201 Y-84.806
G1 X190.238 Y-84.807
; Retract
G0 Z3.000

; Path 1185
; Rapid to initial position
G0 X190.662 Y-85.793
G0 Z0.000
; plunge
G1 Z-0.200 F4000
; cut
G1 X190.828 Y-85.797 F4000
G1 X194.424 Y-85.866
G1 X200.131 Y-85.975
G1 X205.837 Y-86.084
G1 X206.143 Y-86.068
G1 X211.828 Y-85.768
G1 X217.513 Y-85.469
G1 X223.198 Y-85.169
G1 X228.883 Y-84.870
G1 X229.019 Y-84.863
G1 X229.019 Y-84.877
; Retract
G0 Z3.000

; Path 1186
; Rapid to initial position
G0 X229.019 Y-84.877
G0 Z0.000
; plunge
G1 Z-0.200 F4000
; cut
G1 X228.883 Y-84.870 F4000
G1 X223.198 Y-85.169
G1 X217.513 Y-85.469
G1 X211.828 Y-85.768
G1 X206.143 Y-86.068
G1 X205.837 Y-86.084
G1 X200.131 Y-85.975
G1 X194.424 Y-85.866
G1 X190.828 Y-85.797
G1 X190.662 Y-85.793
; Retract
G0 Z3.000

; Path 1187
; Rapid to initial position
G0 X190.662 Y-85.793
G0 Z0.000
; plunge
G1 Z-0.200 F4000
; cut
G1 X190.828 Y-85.797 F4000
G1 X194.424 Y-85.866
G1 X200.131 Y-85.975
G1 X205.837 Y-86.084
G1 X206.143 Y-86.068
G1 X211.828 Y-85.768
G1 X217.513 Y-85.469
G1 X223.198 Y-85.169
G1 X228.883 Y-84.870
G1 X229.019 Y-84.863
G1 X229.019 Y-84.877
; Retract
G0 Z3.000

; Path 1188
; Rapid to initial position
G0 X229.019 Y-84.877
G0 Z0.000
; plunge
G1 Z-0.200 F4000
; cut
G1 X228.883 Y-84.870 F4000
G1 X223.198 Y-85.169
G1 X217.513 Y-85.469
G1 X211.828 Y-85.768
G1 X206.143 Y-86.068
G1 X205.837 Y-86.084
G1 X200.131 Y-85.975
G1 X194.424 Y-85.866
G1 X190.828 Y-85.797
G1 X190.662 Y-85.793
; Retract
G0 Z3.000

; Path 1189
; Rapid to initial position
G0 X190.662 Y-85.793
G0 Z0.000
; plunge
G1 Z-0.200 F4000
; cut
G1 X190.828 Y-85.797 F4000
G1 X194.424 Y-85.866
G1 X200.131 Y-85.975
G1 X205.837 Y-86.084
G1 X206.143 Y-86.068
G1 X211.828 Y-85.768
G1 X217.513 Y-85.469
G1 X223.198 Y-85.169
G1 X228.883 Y-84.870
G1 X229.019 Y-84.863
G1 X229.019 Y-84.877
; Retract
G0 Z3.000

; Path 1190
; Rapid to initial position
G0 X229.019 Y-84.877
G0 Z0.000
; plunge
G1 Z-0.200 F4000
; cut
G1 X228.883 Y-84.870 F4000
G1 X223.198 Y-85.169
G1 X217.513 Y-85.469
G1 X211.828 Y-85.768
G1 X206.143 Y-86.068
G1 X205.837 Y-86.084
G1 X200.131 Y-85.975
G1 X194.424 Y-85.866
G1 X190.828 Y-85.797
G1 X190.662 Y-85.793
; Retract
G0 Z3.000

; Path 1191
; Rapid to initial position
G0 X190.662 Y-85.793
G0 Z0.000
; plunge
G1 Z-0.200 F4000
; cut
G1 X190.828 Y-85.797 F4000
G1 X194.424 Y-85.866
G1 X200.131 Y-85.975
G1 X205.837 Y-86.084
G1 X206.143 Y-86.068
G1 X211.828 Y-85.768
G1 X217.513 Y-85.469
G1 X223.198 Y-85.169
G1 X228.883 Y-84.870
G1 X229.019 Y-84.863
G1 X229.019 Y-84.877
; Retract
G0 Z3.000

; Path 1192
; Rapid to initial position
G0 X229.853 Y-88.641
G0 Z0.000
; plunge
G1 Z-0.200 F4000
; cut
G1 X229.853 Y-88.699 F4000
; Retract
G0 Z3.000

; Path 1193
; Rapid to initial position
G0 X237.649 Y-93.150
G0 Z0.000
; plunge
G1 Z-0.200 F4000
; cut
G1 X237.821 Y-93.162 F4000
; Retract
G0 Z3.000

; Path 1194
; Rapid to initial position
G0 X241.055 Y-98.433
G0 Z0.000
; plunge
G1 Z-0.200 F4000
; cut
G1 X237.459 Y-98.297 F4000
G1 X231.752 Y-98.188
G1 X226.046 Y-98.079
G1 X225.880 Y-98.076
G1 X225.648 Y-98.071
G1 X219.942 Y-97.962
G1 X214.235 Y-97.854
G1 X208.529 Y-97.745
G1 X202.823 Y-97.636
G1 X202.719 Y-97.634
G1 X201.882 Y-97.618
; Retract
G0 Z3.000

; Path 1195
; Rapid to initial position
G0 X201.882 Y-97.618
G0 Z0.000
; plunge
G1 Z-0.200 F4000
; cut
G1 X202.719 Y-97.634 F4000
G1 X202.823 Y-97.636
G1 X208.529 Y-97.745
G1 X214.235 Y-97.854
G1 X219.942 Y-97.962
G1 X225.648 Y-98.071
G1 X225.880 Y-98.076
G1 X226.046 Y-98.079
G1 X231.752 Y-98.188
G1 X237.459 Y-98.297
G1 X241.055 Y-98.365
G1 X241.055 Y-98.433
; Retract
G0 Z3.000

; Path 1196
; Rapid to initial position
G0 X241.055 Y-98.433
G0 Z0.000
; plunge
G1 Z-0.200 F4000
; cut
G1 X237.459 Y-98.297 F4000
G1 X231.752 Y-98.188
G1 X226.046 Y-98.079
G1 X225.880 Y-98.076
G1 X225.648 Y-98.071
G1 X219.942 Y-97.962
G1 X214.235 Y-97.854
G1 X208.529 Y-97.745
G1 X202.823 Y-97.636
G1 X202.719 Y-97.634
G1 X201.882 Y-97.618
; Retract
G0 Z3.000

; Path 1197
; Rapid to initial position
G0 X201.882 Y-97.618
G0 Z0.000
; plunge
G1 Z-0.200 F4000
; cut
G1 X202.719 Y-97.634 F4000
G1 X202.823 Y-97.636
G1 X208.529 Y-97.745
G1 X214.235 Y-97.854
G1 X219.942 Y-97.962
G1 X225.648 Y-98.071
G1 X225.880 Y-98.076
G1 X226.046 Y-98.079
G1 X231.752 Y-98.188
G1 X237.459 Y-98.297
G1 X241.055 Y-98.365
G1 X241.055 Y-98.433
; Retract
G0 Z3.000

; Path 1198
; Rapid to initial position
G0 X241.055 Y-98.433
G0 Z0.000
; plunge
G1 Z-0.200 F4000
; cut
G1 X237.459 Y-98.297 F4000
G1 X231.752 Y-98.188
G1 X226.046 Y-98.079
G1 X225.880 Y-98.076
G1 X225.648 Y-98.071
G1 X219.942 Y-97.962
G1 X214.235 Y-97.854
G1 X208.529 Y-97.745
G1 X202.823 Y-97.636
G1 X202.719 Y-97.634
G1 X201.882 Y-97.618
; Retract
G0 Z3.000

; Path 1199
; Rapid to initial position
G0 X201.882 Y-97.618
G0 Z0.000
; plunge
G1 Z-0.200 F4000
; cut
G1 X202.719 Y-97.634 F4000
G1 X202.823 Y-97.636
G1 X208.529 Y-97.745
G1 X214.235 Y-97.854
G1 X219.942 Y-97.962
G1 X225.648 Y-98.071
G1 X225.880 Y-98.076
G1 X226.046 Y-98.079
G1 X231.752 Y-98.188
G1 X237.459 Y-98.297
G1 X241.055 Y-98.365
G1 X241.055 Y-98.433
; Retract
G0 Z3.000

; Path 1200
; Rapid to initial position
G0 X241.055 Y-98.433
G0 Z0.000
; plunge
G1 Z-0.200 F4000
; cut
G1 X237.459 Y-98.297 F4000
G1 X231.752 Y-98.188
G1 X226.046 Y-98.079
G1 X225.880 Y-98.076
G1 X225.648 Y-98.071
G1 X219.942 Y-97.962
G1 X214.235 Y-97.854
G1 X208.529 Y-97.745
G1 X202.823 Y-97.636
G1 X202.719 Y-97.634
G1 X201.882 Y-97.618
; Retract
G0 Z3.000

; Path 1201
; Rapid to initial position
G0 X190.421 Y-98.470
G0 Z0.000
; plunge
G1 Z-0.200 F4000
; cut
G1 X190.421 Y-98.943 F4000
; Retract
G0 Z3.000

; Path 1202
; Rapid to initial position
G0 X180.002 Y-93.547
G0 Z0.000
; plunge
G1 Z-0.200 F4000
; cut
G1 X180.002 Y-93.073 F4000
; Retract
G0 Z3.000

; Path 1203
; Rapid to initial position
G0 X170.411 Y-90.356
G0 Z0.000
; plunge
G1 Z-0.200 F4000
; cut
G1 X170.520 Y-90.359 F4000
G1 X176.234 Y-89.826
G1 X181.868 Y-89.299
G1 X187.501 Y-88.772
G1 X193.135 Y-88.246
G1 X193.578 Y-88.205
G1 X193.689 Y-88.194
G1 X193.691 Y-85.342
G1 X193.693 Y-82.107
G1 X193.693 Y-78.872
G1 X193.696 Y-75.637
G1 X193.698 Y-72.401
G1 X193.700 Y-69.166
G1 X193.703 Y-65.931
G1 X193.705 Y-62.696
G1 X193.598 Y-62.694
G1 X193.598 Y-62.694
; Retract
G0 Z3.000

; Path 1204
; Rapid to initial position
G0 X193.542 Y-62.650
G0 Z0.000
; plunge
G1 Z-0.200 F4000
; cut
G1 X193.542 Y-62.592 F4000
; Retract
G0 Z3.000

; Path 1205
; Rapid to initial position
G0 X192.750 Y-66.348
G0 Z0.000
; plunge
G1 Z-0.200 F4000
; cut
G1 X192.670 Y-66.352 F4000
; Retract
G0 Z3.000

; Path 1206
; Rapid to initial position
G0 X192.710 Y-66.697
G0 Z0.000
; plunge
G1 Z-0.200 F4000
; cut
G1 X191.922 Y-66.738 F4000
G1 X191.786 Y-66.745
G1 X186.584 Y-67.019
G1 X180.898 Y-67.318
G1 X175.213 Y-67.617
G1 X169.528 Y-67.915
; Retract
G0 Z3.000

; Path 1207
; Rapid to initial position
G0 X177.792 Y-55.581
G0 Z0.000
; plunge
G1 Z-0.200 F4000
; cut
G1 X178.099 Y-55.613 F4000
; Retract
G0 Z3.000

; Path 1208
; Rapid to initial position
G0 X193.629 Y-49.473
G0 Z0.000
; plunge
G1 Z-0.200 F4000
; cut
G1 X193.629 Y-52.773 F4000
G1 X193.629 Y-56.008
G1 X193.629 Y-59.243
G1 X193.629 Y-62.479
G1 X193.629 Y-65.714
G1 X193.629 Y-68.949
G1 X193.629 Y-72.184
G1 X193.629 Y-72.934
G1 X193.629 Y-75.916
; Retract
G0 Z3.000

; Path 1209
; Rapid to initial position
G0 X193.595 Y-75.944
G0 Z0.000
; plunge
G1 Z-0.200 F4000
; cut
G1 X193.595 Y-75.886 F4000
; Retract
G0 Z3.000

; Path 1210
; Rapid to initial position
G0 X197.265 Y-74.248
G0 Z0.000
; plunge
G1 Z-0.200 F4000
; cut
G1 X196.794 Y-74.293 F4000
G1 X191.160 Y-74.819
G1 X185.526 Y-75.345
G1 X179.893 Y-75.872
G1 X174.260 Y-76.398
G1 X168.904 Y-76.899
G1 X163.208 Y-76.676
G1 X157.512 Y-76.452
G1 X151.816 Y-76.230
G1 X146.120 Y-76.006
G1 X140.424 Y-75.783
G1 X134.728 Y-75.560
G1 X129.032 Y-75.337
G1 X127.809 Y-75.289
G1 X127.311 Y-75.270
G1 X127.311 Y-75.265
; Retract
G0 Z3.000

; Path 1211
; Rapid to initial position
G0 X127.311 Y-75.265
G0 Z0.000
; plunge
G1 Z-0.200 F4000
; cut
G1 X127.809 Y-75.289 F4000
G1 X129.032 Y-75.337
G1 X134.728 Y-75.560
G1 X140.424 Y-75.783
G1 X146.120 Y-76.006
G1 X151.816 Y-76.230
G1 X157.512 Y-76.452
G1 X163.208 Y-76.676
G1 X168.904 Y-76.899
G1 X174.260 Y-76.398
G1 X179.893 Y-75.872
G1 X185.526 Y-75.345
G1 X191.160 Y-74.819
G1 X196.794 Y-74.293
G1 X197.265 Y-74.248
G1 X197.265 Y-74.248
; Retract
G0 Z3.000

; Path 1212
; Rapid to initial position
G0 X197.265 Y-74.248
G0 Z0.000
; plunge
G1 Z-0.200 F4000
; cut
G1 X196.794 Y-74.293 F4000
G1 X191.160 Y-74.819
G1 X185.526 Y-75.345
G1 X179.893 Y-75.872
G1 X174.260 Y-76.398
G1 X168.904 Y-76.899
G1 X163.208 Y-76.676
G1 X157.512 Y-76.452
G1 X151.816 Y-76.230
G1 X146.120 Y-76.006
G1 X140.424 Y-75.783
G1 X134.728 Y-75.560
G1 X129.032 Y-75.337
G1 X127.809 Y-75.289
G1 X127.311 Y-75.270
G1 X127.311 Y-75.265
; Retract
G0 Z3.000

; Path 1213
; Rapid to initial position
G0 X127.311 Y-75.265
G0 Z0.000
; plunge
G1 Z-0.200 F4000
; cut
G1 X127.809 Y-75.289 F4000
G1 X129.032 Y-75.337
G1 X134.728 Y-75.560
G1 X140.424 Y-75.783
G1 X146.120 Y-76.006
G1 X151.816 Y-76.230
G1 X157.512 Y-76.452
G1 X163.208 Y-76.676
G1 X168.904 Y-76.899
G1 X174.260 Y-76.398
G1 X179.893 Y-75.872
G1 X185.526 Y-75.345
G1 X191.160 Y-74.819
G1 X196.794 Y-74.293
G1 X197.265 Y-74.248
G1 X197.265 Y-74.248
; Retract
G0 Z3.000

; Path 1214
; Rapid to initial position
G0 X197.265 Y-74.248
G0 Z0.000
; plunge
G1 Z-0.200 F4000
; cut
G1 X196.794 Y-74.293 F4000
G1 X191.160 Y-74.819
G1 X185.526 Y-75.345
G1 X179.893 Y-75.872
G1 X174.260 Y-76.398
G1 X168.904 Y-76.899
G1 X163.208 Y-76.676
G1 X157.512 Y-76.452
G1 X151.816 Y-76.230
G1 X146.120 Y-76.006
G1 X140.424 Y-75.783
G1 X134.728 Y-75.560
G1 X129.032 Y-75.337
G1 X127.809 Y-75.289
G1 X127.311 Y-75.270
G1 X127.311 Y-75.265
; Retract
G0 Z3.000

; Path 1215
; Rapid to initial position
G0 X127.311 Y-75.265
G0 Z0.000
; plunge
G1 Z-0.200 F4000
; cut
G1 X127.809 Y-75.289 F4000
G1 X129.032 Y-75.337
G1 X134.728 Y-75.560
G1 X140.424 Y-75.783
G1 X146.120 Y-76.006
G1 X151.816 Y-76.230
G1 X157.512 Y-76.452
G1 X163.208 Y-76.676
G1 X168.904 Y-76.899
G1 X174.260 Y-76.398
G1 X179.893 Y-75.872
G1 X185.526 Y-75.345
G1 X191.160 Y-74.819
G1 X196.794 Y-74.293
G1 X197.265 Y-74.248
G1 X197.265 Y-74.248
; Retract
G0 Z3.000

; Path 1216
; Rapid to initial position
G0 X197.265 Y-74.248
G0 Z0.000
; plunge
G1 Z-0.200 F4000
; cut
G1 X196.794 Y-74.293 F4000
G1 X191.160 Y-74.819
G1 X185.526 Y-75.345
G1 X179.893 Y-75.872
G1 X174.260 Y-76.398
G1 X168.904 Y-76.899
G1 X163.208 Y-76.676
G1 X157.512 Y-76.452
G1 X151.816 Y-76.230
G1 X146.120 Y-76.006
G1 X140.424 Y-75.783
G1 X134.728 Y-75.560
G1 X129.032 Y-75.337
G1 X127.809 Y-75.289
G1 X127.311 Y-75.270
G1 X127.311 Y-75.265
; Retract
G0 Z3.000

; Path 1217
; Rapid to initial position
G0 X126.950 Y-79.695
G0 Z0.000
; plunge
G1 Z-0.200 F4000
; cut
G1 X132.639 Y-79.341 F4000
G1 X137.298 Y-79.115
G1 X137.459 Y-79.107
G1 X143.172 Y-78.830
G1 X146.742 Y-78.657
G1 X146.911 Y-78.648
G1 X152.628 Y-78.371
G1 X156.268 Y-78.195
G1 X161.974 Y-78.313
G1 X167.680 Y-78.432
G1 X171.898 Y-78.520
G1 X172.062 Y-78.523
G1 X177.797 Y-78.643
G1 X183.503 Y-78.762
G1 X189.209 Y-78.880
G1 X194.915 Y-78.999
G1 X196.941 Y-79.041
G1 X196.941 Y-79.118
; Retract
G0 Z3.000

; Path 1218
; Rapid to initial position
G0 X200.262 Y-79.971
G0 Z0.000
; plunge
G1 Z-0.200 F4000
; cut
G1 X200.127 Y-79.964 F4000
G1 X194.441 Y-80.263
G1 X188.756 Y-80.563
G1 X183.071 Y-80.862
G1 X177.386 Y-81.162
G1 X177.080 Y-81.178
G1 X171.374 Y-81.069
G1 X165.668 Y-80.960
G1 X162.072 Y-80.891
G1 X161.905 Y-80.887
; Retract
G0 Z3.000

; Path 1219
; Rapid to initial position
G0 X163.206 Y-82.343
G0 Z0.000
; plunge
G1 Z-0.200 F4000
; cut
G1 X163.206 Y-85.643 F4000
G1 X163.206 Y-88.878
G1 X163.206 Y-92.114
G1 X163.206 Y-95.349
G1 X163.206 Y-98.584
G1 X163.206 Y-101.819
G1 X163.206 Y-105.054
G1 X163.206 Y-105.804
G1 X163.206 Y-108.786
; Retract
G0 Z3.000

; Path 1220
; Rapid to initial position
G0 X163.171 Y-108.814
G0 Z0.000
; plunge
G1 Z-0.200 F4000
; cut
G1 X163.171 Y-108.756 F4000
; Retract
G0 Z3.000

; Path 1221
; Rapid to initial position
G0 X161.425 Y-106.333
G0 Z0.000
; plunge
G1 Z-0.200 F4000
; cut
G1 X161.425 Y-106.288 F4000
; Retract
G0 Z3.000

; Path 1222
; Rapid to initial position
G0 X161.444 Y-106.316
G0 Z0.000
; plunge
G1 Z-0.200 F4000
; cut
G1 X161.407 Y-106.323 F4000
; Retract
G0 Z3.000

; Path 1223
; Rapid to initial position
G0 X165.832 Y-112.206
G0 Z0.000
; plunge
G1 Z-0.200 F4000
; cut
G1 X165.832 Y-112.680 F4000
; Retract
G0 Z3.000

; Path 1224
; Rapid to initial position
G0 X175.742 Y-114.484
G0 Z0.000
; plunge
G1 Z-0.200 F4000
; cut
G1 X175.739 Y-111.238 F4000
G1 X175.739 Y-110.784
G1 X175.735 Y-107.464
G1 X175.731 Y-104.228
G1 X175.729 Y-103.161
G1 X175.729 Y-102.715
G1 X175.725 Y-99.406
G1 X175.722 Y-96.171
G1 X175.718 Y-92.936
G1 X175.714 Y-89.701
G1 X175.710 Y-86.465
G1 X175.707 Y-85.248
G1 X169.966 Y-85.047
G1 X164.261 Y-84.921
G1 X163.605 Y-84.907
G1 X163.419 Y-84.902
G1 X157.714 Y-84.776
G1 X154.138 Y-84.697
G1 X153.969 Y-84.694
G1 X148.264 Y-84.567
G1 X144.709 Y-84.489
G1 X144.548 Y-84.486
G1 X138.843 Y-84.359
G1 X134.174 Y-84.257
G1 X134.091 Y-84.255
; Retract
G0 Z3.000

; Path 1225
; Rapid to initial position
G0 X129.561 Y-83.656
G0 Z0.000
; plunge
G1 Z-0.200 F4000
; cut
G1 X131.891 Y-84.621 F4000
G1 X134.166 Y-85.613
G1 X136.441 Y-86.606
G1 X138.716 Y-87.597
G1 X139.505 Y-87.942
G1 X140.918 Y-88.558
G1 X143.201 Y-88.141
G1 X145.484 Y-87.724
G1 X145.794 Y-87.667
G1 X148.151 Y-87.236
G1 X149.582 Y-86.974
G1 X149.650 Y-86.962
; Retract
G0 Z3.000

; Path 1226
; Rapid to initial position
G0 X150.009 Y-91.471
G0 Z0.000
; plunge
G1 Z-0.200 F4000
; cut
G1 X150.073 Y-91.499 F4000
; Retract
G0 Z3.000

; Path 1227
; Rapid to initial position
G0 X151.455 Y-96.083
G0 Z0.000
; plunge
G1 Z-0.200 F4000
; cut
G1 X151.600 Y-96.270 F4000
; Retract
G0 Z3.000

; Path 1228
; Rapid to initial position
G0 X151.528 Y-96.202
G0 Z0.000
; plunge
G1 Z-0.200 F4000
; cut
G1 X151.528 Y-96.173 F4000
; Retract
G0 Z3.000

; Path 1229
; Rapid to initial position
G0 X136.737 Y-101.801
G0 Z0.000
; plunge
G1 Z-0.200 F4000
; cut
G1 X136.672 Y-101.773 F4000
; Retract
G0 Z3.000

; Path 1230
; Rapid to initial position
G0 X136.672 Y-101.773
G0 Z0.000
; plunge
G1 Z-0.200 F4000
; cut
G1 X136.737 Y-101.801 F4000
; Retract
G0 Z3.000

; Path 1231
; Rapid to initial position
G0 X136.737 Y-101.801
G0 Z0.000
; plunge
G1 Z-0.200 F4000
; cut
G1 X136.672 Y-101.773 F4000
; Retract
G0 Z3.000

; Path 1232
; Rapid to initial position
G0 X136.672 Y-101.773
G0 Z0.000
; plunge
G1 Z-0.200 F4000
; cut
G1 X136.737 Y-101.801 F4000
; Retract
G0 Z3.000

; Path 1233
; Rapid to initial position
G0 X136.737 Y-101.801
G0 Z0.000
; plunge
G1 Z-0.200 F4000
; cut
G1 X136.672 Y-101.773 F4000
; Retract
G0 Z3.000

; Path 1234
; Rapid to initial position
G0 X136.672 Y-101.773
G0 Z0.000
; plunge
G1 Z-0.200 F4000
; cut
G1 X136.737 Y-101.801 F4000
; Retract
G0 Z3.000

; Path 1235
; Rapid to initial position
G0 X136.737 Y-101.801
G0 Z0.000
; plunge
G1 Z-0.200 F4000
; cut
G1 X136.672 Y-101.773 F4000
; Retract
G0 Z3.000

; Path 1236
; Rapid to initial position
G0 X128.798 Y-80.453
G0 Z0.000
; plunge
G1 Z-0.200 F4000
; cut
G1 X128.601 Y-80.461 F4000
; Retract
G0 Z3.000

; Path 1237
; Rapid to initial position
G0 X132.779 Y-76.526
G0 Z0.000
; plunge
G1 Z-0.200 F4000
; cut
G1 X133.024 Y-76.531 F4000
G1 X133.268 Y-76.535
; Retract
G0 Z3.000

; Path 1238
; Rapid to initial position
G0 X139.854 Y-77.026
G0 Z0.000
; plunge
G1 Z-0.200 F4000
; cut
G1 X140.051 Y-77.019 F4000
; Retract
G0 Z3.000

; Path 1239
; Rapid to initial position
G0 X140.051 Y-77.019
G0 Z0.000
; plunge
G1 Z-0.200 F4000
; cut
G1 X139.854 Y-77.026 F4000
; Retract
G0 Z3.000

; Path 1240
; Rapid to initial position
G0 X139.854 Y-77.026
G0 Z0.000
; plunge
G1 Z-0.200 F4000
; cut
G1 X140.051 Y-77.019 F4000
; Retract
G0 Z3.000

; Path 1241
; Rapid to initial position
G0 X140.051 Y-77.019
G0 Z0.000
; plunge
G1 Z-0.200 F4000
; cut
G1 X139.854 Y-77.026 F4000
; Retract
G0 Z3.000

; Path 1242
; Rapid to initial position
G0 X139.854 Y-77.026
G0 Z0.000
; plunge
G1 Z-0.200 F4000
; cut
G1 X140.051 Y-77.019 F4000
; Retract
G0 Z3.000

; Path 1243
; Rapid to initial position
G0 X140.051 Y-77.019
G0 Z0.000
; plunge
G1 Z-0.200 F4000
; cut
G1 X139.854 Y-77.026 F4000
; Retract
G0 Z3.000

; Path 1244
; Rapid to initial position
G0 X139.854 Y-77.026
G0 Z0.000
; plunge
G1 Z-0.200 F4000
; cut
G1 X140.051 Y-77.019 F4000
; Retract
G0 Z3.000

; Path 1245
; Rapid to initial position
G0 X122.794 Y-79.916
G0 Z0.000
; plunge
G1 Z-0.200 F4000
; cut
G1 X122.622 Y-79.904 F4000
; Retract
G0 Z3.000

; Path 1246
; Rapid to initial position
G0 X124.289 Y-67.148
G0 Z0.000
; plunge
G1 Z-0.200 F4000
; cut
G1 X124.461 Y-67.161 F4000
; Retract
G0 Z3.000

; Path 1247
; Rapid to initial position
G0 X111.294 Y-72.113
G0 Z0.000
; plunge
G1 Z-0.200 F4000
; cut
G1 X111.097 Y-72.120 F4000
; Retract
G0 Z3.000

; Path 1248
; Rapid to initial position
G0 X112.355 Y-95.380
G0 Z0.000
; plunge
G1 Z-0.200 F4000
; cut
G1 X112.355 Y-95.453 F4000
; Retract
G0 Z3.000

; Path 1249
; Rapid to initial position
G0 X89.226 Y-92.480
G0 Z0.000
; plunge
G1 Z-0.200 F4000
; cut
G1 X89.161 Y-92.452 F4000
; Retract
G0 Z3.000

; Path 1250
; Rapid to initial position
G0 X77.367 Y-78.935
G0 Z0.000
; plunge
G1 Z-0.200 F4000
; cut
G1 X77.195 Y-78.923 F4000
; Retract
G0 Z3.000

; Path 1251
; Rapid to initial position
G0 X61.409 Y-120.121
G0 Z0.000
; plunge
G1 Z-0.200 F4000
; cut
G1 X63.729 Y-121.134 F4000
G1 X66.004 Y-122.127
G1 X68.280 Y-123.120
G1 X70.555 Y-124.113
G1 X71.398 Y-124.482
G1 X72.764 Y-125.078
G1 X72.778 Y-125.075
; Retract
G0 Z3.000

; Path 1252
; Rapid to initial position
G0 X68.798 Y-126.209
G0 Z0.000
; plunge
G1 Z-0.200 F4000
; cut
G1 X67.300 Y-126.484 F4000
G1 X65.016 Y-126.901
G1 X64.633 Y-126.972
G1 X62.349 Y-127.389
G1 X60.066 Y-127.806
G1 X58.665 Y-127.195
G1 X57.864 Y-126.845
G1 X55.589 Y-125.853
G1 X53.314 Y-124.860
G1 X51.039 Y-123.869
G1 X48.764 Y-122.876
G1 X48.710 Y-122.904
; Retract
G0 Z3.000

; Path 1253
; Rapid to initial position
G0 X51.928 Y-115.774
G0 Z0.000
; plunge
G1 Z-0.200 F4000
; cut
G1 X52.173 Y-115.778 F4000
G1 X52.416 Y-115.783
; Retract
G0 Z3.000

; Path 1254
; Rapid to initial position
G0 X58.738 Y-125.322
G0 Z0.000
; plunge
G1 Z-0.200 F4000
; cut
G1 X58.802 Y-125.350 F4000
; Retract
G0 Z3.000

; Path 1255
; Rapid to initial position
G0 X63.096 Y-141.483
G0 Z0.000
; plunge
G1 Z-0.200 F4000
; cut
G1 X63.096 Y-141.271 F4000
G1 X64.558 Y-141.039
G1 X66.841 Y-140.679
G1 X69.074 Y-140.325
G1 X71.357 Y-139.965
G1 X72.236 Y-139.826
G1 X74.519 Y-139.464
G1 X76.803 Y-139.104
G1 X77.214 Y-139.038
; Retract
G0 Z3.000

; Path 1256
; Rapid to initial position
G0 X70.173 Y-140.168
G0 Z0.000
; plunge
G1 Z-0.200 F4000
; cut
G1 X70.136 Y-140.174 F4000
; Retract
G0 Z3.000

; Path 1257
; Rapid to initial position
G0 X70.155 Y-140.184
G0 Z0.000
; plunge
G1 Z-0.200 F4000
; cut
G1 X70.155 Y-140.139 F4000
; Retract
G0 Z3.000

; Path 1258
; Rapid to initial position
G0 X60.306 Y-145.323
G0 Z0.000
; plunge
G1 Z-0.200 F4000
; cut
G1 X60.145 Y-145.356 F4000
; Retract
G0 Z3.000

; Path 1259
; Rapid to initial position
G0 X55.740 Y-169.128
G0 Z0.000
; plunge
G1 Z-0.200 F4000
; cut
G1 X60.492 Y-169.233 F4000
G1 X66.197 Y-169.359
G1 X66.358 Y-169.363
G1 X69.913 Y-169.441
G1 X75.618 Y-169.567
G1 X75.787 Y-169.571
G1 X79.363 Y-169.650
G1 X85.068 Y-169.776
G1 X85.254 Y-169.780
G1 X85.910 Y-169.794
G1 X91.615 Y-169.920
G1 X97.320 Y-170.046
G1 X97.359 Y-171.339
G1 X97.363 Y-174.574
G1 X97.366 Y-177.809
G1 X97.370 Y-181.044
G1 X97.374 Y-184.280
G1 X97.378 Y-187.515
G1 X97.378 Y-187.978
G1 X97.380 Y-189.102
G1 X97.384 Y-192.337
G1 X97.387 Y-195.572
G1 X97.387 Y-196.112
G1 X97.391 Y-199.347
G1 X97.391 Y-199.358
; Retract
G0 Z3.000

; Path 1260
; Rapid to initial position
G0 X100.308 Y-201.811
G0 Z0.000
; plunge
G1 Z-0.200 F4000
; cut
G1 X100.305 Y-198.565 F4000
G1 X100.305 Y-198.110
G1 X100.301 Y-194.790
G1 X100.297 Y-191.555
G1 X100.295 Y-190.487
G1 X100.295 Y-190.041
G1 X100.291 Y-186.733
G1 X100.288 Y-183.497
G1 X100.284 Y-180.262
G1 X100.280 Y-177.027
G1 X100.276 Y-173.792
G1 X100.274 Y-172.574
G1 X94.533 Y-172.373
G1 X88.828 Y-172.247
G1 X88.171 Y-172.233
G1 X87.985 Y-172.229
G1 X82.280 Y-172.103
G1 X78.705 Y-172.024
G1 X78.535 Y-172.020
G1 X72.830 Y-171.894
G1 X69.275 Y-171.816
G1 X69.114 Y-171.812
G1 X63.409 Y-171.686
G1 X58.741 Y-171.583
G1 X58.657 Y-171.581
; Retract
G0 Z3.000

; Path 1261
; Rapid to initial position
G0 X47.360 Y-167.243
G0 Z0.000
; plunge
G1 Z-0.200 F4000
; cut
G1 X47.189 Y-167.230 F4000
; Retract
G0 Z3.000

; Path 1262
; Rapid to initial position
G0 X44.443 Y-164.790
G0 Z0.000
; plunge
G1 Z-0.200 F4000
; cut
G1 X44.271 Y-164.777 F4000
; Retract
G0 Z3.000

; Path 1263
; Rapid to initial position
G0 X29.192 Y-186.422
G0 Z0.000
; plunge
G1 Z-0.200 F4000
; cut
G1 X28.995 Y-186.430 F4000
; Retract
G0 Z3.000

; Path 1264
; Rapid to initial position
G0 X27.344 Y-185.664
G0 Z0.000
; plunge
G1 Z-0.200 F4000
; cut
G1 X33.033 Y-185.310 F4000
G1 X37.692 Y-185.084
G1 X37.853 Y-185.076
G1 X43.566 Y-184.799
G1 X47.136 Y-184.626
G1 X47.305 Y-184.618
G1 X53.022 Y-184.340
G1 X56.662 Y-184.164
G1 X62.368 Y-184.282
G1 X68.074 Y-184.402
G1 X72.292 Y-184.489
G1 X72.455 Y-184.493
G1 X78.191 Y-184.612
G1 X83.897 Y-184.731
G1 X89.603 Y-184.849
G1 X95.309 Y-184.968
G1 X97.335 Y-185.011
G1 X97.335 Y-185.088
; Retract
G0 Z3.000

; Path 1265
; Rapid to initial position
G0 X100.252 Y-187.541
G0 Z0.000
; plunge
G1 Z-0.200 F4000
; cut
G1 X98.226 Y-187.421 F4000
G1 X92.520 Y-187.302
G1 X86.814 Y-187.184
G1 X81.109 Y-187.065
G1 X75.403 Y-186.946
G1 X75.240 Y-186.943
G1 X70.991 Y-186.854
G1 X65.285 Y-186.735
G1 X59.580 Y-186.617
G1 X55.939 Y-186.793
G1 X50.250 Y-187.069
G1 X50.080 Y-187.077
G1 X46.483 Y-187.252
G1 X40.794 Y-187.528
G1 X40.633 Y-187.536
G1 X35.950 Y-187.763
G1 X30.261 Y-188.039
G1 X30.261 Y-188.117
; Retract
G0 Z3.000

; Path 1266
; Rapid to initial position
G0 X31.912 Y-188.883
G0 Z0.000
; plunge
G1 Z-0.200 F4000
; cut
G1 X32.109 Y-188.875 F4000
; Retract
G0 Z3.000

; Path 1267
; Rapid to initial position
G0 X28.484 Y-205.976
G0 Z0.000
; plunge
G1 Z-0.200 F4000
; cut
G1 X30.805 Y-206.989 F4000
G1 X33.080 Y-207.982
G1 X35.355 Y-208.975
G1 X37.630 Y-209.968
G1 X38.474 Y-210.337
G1 X39.840 Y-210.933
G1 X39.854 Y-210.930
; Retract
G0 Z3.000

; Path 1268
; Rapid to initial position
G0 X38.791 Y-214.517
G0 Z0.000
; plunge
G1 Z-0.200 F4000
; cut
G1 X37.293 Y-214.792 F4000
G1 X35.010 Y-215.209
G1 X34.626 Y-215.279
G1 X32.343 Y-215.696
G1 X30.059 Y-216.114
G1 X28.659 Y-215.502
G1 X27.857 Y-215.153
G1 X25.582 Y-214.161
G1 X23.307 Y-213.168
G1 X21.032 Y-212.176
G1 X18.757 Y-211.183
G1 X18.703 Y-211.211
; Retract
G0 Z3.000

; Path 1269
; Rapid to initial position
G0 X15.785 Y-208.758
G0 Z0.000
; plunge
G1 Z-0.200 F4000
; cut
G1 X18.115 Y-209.723 F4000
G1 X20.390 Y-210.715
G1 X22.665 Y-211.708
G1 X24.940 Y-212.700
G1 X25.729 Y-213.044
G1 X27.142 Y-213.661
G1 X29.425 Y-213.244
G1 X31.708 Y-212.826
G1 X32.018 Y-212.770
G1 X34.375 Y-212.339
G1 X35.806 Y-212.077
G1 X35.874 Y-212.064
; Retract
G0 Z3.000

; Path 1270
; Rapid to initial position
G0 X31.402 Y-208.429
G0 Z0.000
; plunge
G1 Z-0.200 F4000
; cut
G1 X33.722 Y-209.442 F4000
G1 X35.997 Y-210.435
G1 X38.273 Y-211.428
G1 X40.548 Y-212.421
G1 X41.391 Y-212.790
G1 X42.757 Y-213.386
G1 X42.772 Y-213.383
; Retract
G0 Z3.000

; Path 1271
; Rapid to initial position
G0 X44.289 Y-224.893
G0 Z0.000
; plunge
G1 Z-0.200 F4000
; cut
G1 X43.931 Y-224.950 F4000
G1 X41.595 Y-225.319
G1 X39.312 Y-225.680
G1 X38.433 Y-225.820
G1 X36.150 Y-226.180
G1 X33.982 Y-226.523
G1 X31.633 Y-226.894
G1 X30.171 Y-227.126
G1 X30.171 Y-227.333
G1 X30.171 Y-227.338
; Retract
G0 Z3.000

; Path 1272
; Rapid to initial position
G0 X33.089 Y-229.791
G0 Z0.000
; plunge
G1 Z-0.200 F4000
; cut
G1 X33.089 Y-229.579 F4000
G1 X34.551 Y-229.347
G1 X36.834 Y-228.987
G1 X39.067 Y-228.633
G1 X41.350 Y-228.273
G1 X42.229 Y-228.133
G1 X44.512 Y-227.772
G1 X46.796 Y-227.412
G1 X47.207 Y-227.346
; Retract
G0 Z3.000

; Path 1273
; Rapid to initial position
G0 X40.167 Y-228.475
G0 Z0.000
; plunge
G1 Z-0.200 F4000
; cut
G1 X40.129 Y-228.482 F4000
; Retract
G0 Z3.000

; Path 1274
; Rapid to initial position
G0 X40.148 Y-228.492
G0 Z0.000
; plunge
G1 Z-0.200 F4000
; cut
G1 X40.148 Y-228.447 F4000
; Retract
G0 Z3.000

; Path 1275
; Rapid to initial position
G0 X37.249 Y-226.022
G0 Z0.000
; plunge
G1 Z-0.200 F4000
; cut
G1 X37.212 Y-226.029 F4000
; Retract
G0 Z3.000

; Path 1276
; Rapid to initial position
G0 X37.230 Y-226.039
G0 Z0.000
; plunge
G1 Z-0.200 F4000
; cut
G1 X37.230 Y-225.994 F4000
; Retract
G0 Z3.000

; Path 1277
; Rapid to initial position
G0 X30.299 Y-233.631
G0 Z0.000
; plunge
G1 Z-0.200 F4000
; cut
G1 X30.138 Y-233.664 F4000
; Retract
G0 Z3.000

; Path 1278
; Rapid to initial position
G0 X27.381 Y-231.178
G0 Z0.000
; plunge
G1 Z-0.200 F4000
; cut
G1 X27.221 Y-231.211 F4000
; Retract
G0 Z3.000

; Path 1279
; Rapid to initial position
G0 X28.796 Y-213.658
G0 Z0.000
; plunge
G1 Z-0.200 F4000
; cut
G1 X28.731 Y-213.630 F4000
; Retract
G0 Z3.000

; Path 1280
; Rapid to initial position
G0 X25.878 Y-211.205
G0 Z0.000
; plunge
G1 Z-0.200 F4000
; cut
G1 X25.814 Y-211.177 F4000
; Retract
G0 Z3.000

; Path 1281
; Rapid to initial position
G0 X22.409 Y-204.091
G0 Z0.000
; plunge
G1 Z-0.200 F4000
; cut
G1 X22.166 Y-204.086 F4000
G1 X21.921 Y-204.082
; Retract
G0 Z3.000

; Path 1282
; Rapid to initial position
G0 X19.492 Y-201.638
G0 Z0.000
; plunge
G1 Z-0.200 F4000
; cut
G1 X19.248 Y-201.633 F4000
G1 X19.004 Y-201.629
; Retract
G0 Z3.000

; Path 1283
; Rapid to initial position
G0 X67.482 Y-210.916
G0 Z0.000
; plunge
G1 Z-0.200 F4000
; cut
G1 X67.856 Y-210.850 F4000
G1 X73.498 Y-209.664
G1 X79.140 Y-208.479
G1 X84.782 Y-207.294
G1 X90.424 Y-206.109
G1 X90.530 Y-206.087
; Retract
G0 Z3.000

; Path 1284
; Rapid to initial position
G0 X91.024 Y-207.021
G0 Z0.000
; plunge
G1 Z-0.200 F4000
; cut
G1 X91.860 Y-207.037 F4000
G1 X91.964 Y-207.039
G1 X97.671 Y-207.148
G1 X103.377 Y-207.257
G1 X109.083 Y-207.366
G1 X114.790 Y-207.475
G1 X115.021 Y-207.479
G1 X115.188 Y-207.482
G1 X120.894 Y-207.591
G1 X126.600 Y-207.700
G1 X130.196 Y-207.769
G1 X130.196 Y-207.837
; Retract
G0 Z3.000

; Path 1285
; Rapid to initial position
G0 X133.114 Y-210.290
G0 Z0.000
; plunge
G1 Z-0.200 F4000
; cut
G1 X129.517 Y-210.153 F4000
G1 X123.811 Y-210.044
G1 X118.105 Y-209.935
G1 X117.939 Y-209.932
G1 X117.707 Y-209.928
G1 X112.000 Y-209.819
G1 X106.294 Y-209.710
G1 X100.588 Y-209.601
G1 X94.881 Y-209.492
G1 X94.777 Y-209.490
G1 X93.941 Y-209.474
; Retract
G0 Z3.000

; Path 1286
; Rapid to initial position
G0 X93.447 Y-208.540
G0 Z0.000
; plunge
G1 Z-0.200 F4000
; cut
G1 X93.341 Y-208.562 F4000
G1 X87.699 Y-209.747
G1 X82.057 Y-210.932
G1 X76.415 Y-212.117
G1 X70.773 Y-213.303
G1 X70.443 Y-213.373
G1 X70.400 Y-213.369
; Retract
G0 Z3.000

; Path 1287
; Rapid to initial position
G0 X66.226 Y-218.176
G0 Z0.000
; plunge
G1 Z-0.200 F4000
; cut
G1 X66.226 Y-218.649 F4000
; Retract
G0 Z3.000

; Path 1288
; Rapid to initial position
G0 X69.143 Y-220.629
G0 Z0.000
; plunge
G1 Z-0.200 F4000
; cut
G1 X69.143 Y-221.102 F4000
; Retract
G0 Z3.000

; Path 1289
; Rapid to initial position
G0 X62.180 Y-229.914
G0 Z0.000
; plunge
G1 Z-0.200 F4000
; cut
G1 X62.180 Y-230.167 F4000
; Retract
G0 Z3.000

; Path 1290
; Rapid to initial position
G0 X65.097 Y-232.367
G0 Z0.000
; plunge
G1 Z-0.200 F4000
; cut
G1 X65.097 Y-232.620 F4000
; Retract
G0 Z3.000

; Path 1291
; Rapid to initial position
G0 X82.721 Y-197.650
G0 Z0.000
; plunge
G1 Z-0.200 F4000
; cut
G1 X82.887 Y-197.653 F4000
G1 X86.483 Y-197.722
G1 X92.189 Y-197.831
G1 X97.896 Y-197.940
G1 X98.202 Y-197.924
G1 X103.887 Y-197.625
G1 X109.572 Y-197.325
G1 X115.257 Y-197.026
G1 X120.942 Y-196.726
G1 X121.078 Y-196.719
G1 X121.078 Y-196.733
; Retract
G0 Z3.000

; Path 1292
; Rapid to initial position
G0 X118.160 Y-194.280
G0 Z0.000
; plunge
G1 Z-0.200 F4000
; cut
G1 X118.024 Y-194.273 F4000
G1 X112.339 Y-194.573
G1 X106.654 Y-194.872
G1 X100.969 Y-195.172
G1 X95.284 Y-195.471
G1 X94.978 Y-195.487
G1 X89.272 Y-195.378
G1 X83.565 Y-195.269
G1 X79.970 Y-195.200
G1 X79.803 Y-195.197
; Retract
G0 Z3.000

; Path 1293
; Rapid to initial position
G0 X79.379 Y-194.211
G0 Z0.000
; plunge
G1 Z-0.200 F4000
; cut
G1 X79.340 Y-190.974 F4000
G1 X79.338 Y-187.739
G1 X79.336 Y-184.504
G1 X79.334 Y-181.268
G1 X79.332 Y-178.033
G1 X79.330 Y-174.798
G1 X79.328 Y-171.563
G1 X79.326 Y-168.349
G1 X79.431 Y-168.344
; Retract
G0 Z3.000

; Path 1294
; Rapid to initial position
G0 X82.348 Y-170.797
G0 Z0.000
; plunge
G1 Z-0.200 F4000
; cut
G1 X82.243 Y-170.802 F4000
G1 X82.245 Y-174.016
G1 X82.248 Y-177.251
G1 X82.249 Y-180.486
G1 X82.251 Y-183.721
G1 X82.254 Y-186.957
G1 X82.255 Y-190.192
G1 X82.258 Y-193.427
G1 X82.260 Y-196.662
G1 X82.296 Y-196.664
; Retract
G0 Z3.000

; Path 1295
; Rapid to initial position
G0 X82.348 Y-183.760
G0 Z0.000
; plunge
G1 Z-0.200 F4000
; cut
G1 X82.348 Y-183.688 F4000
; Retract
G0 Z3.000

; Path 1296
; Rapid to initial position
G0 X82.316 Y-183.733
G0 Z0.000
; plunge
G1 Z-0.200 F4000
; cut
G1 X82.250 Y-186.942 F4000
G1 X82.252 Y-190.177
G1 X82.254 Y-193.412
G1 X82.256 Y-196.648
G1 X82.258 Y-199.883
G1 X82.260 Y-203.118
G1 X82.262 Y-206.353
G1 X82.265 Y-209.588
G1 X82.382 Y-209.605
G1 X82.853 Y-209.621
G1 X87.225 Y-209.769
G1 X92.924 Y-209.963
G1 X98.624 Y-210.156
G1 X104.323 Y-210.349
G1 X110.022 Y-210.543
G1 X115.722 Y-210.736
G1 X121.421 Y-210.930
G1 X121.487 Y-210.923
; Retract
G0 Z3.000

; Path 1297
; Rapid to initial position
G0 X121.519 Y-210.897
G0 Z0.000
; plunge
G1 Z-0.200 F4000
; cut
G1 X121.519 Y-210.874 F4000
; Retract
G0 Z3.000

; Path 1298
; Rapid to initial position
G0 X118.602 Y-208.444
G0 Z0.000
; plunge
G1 Z-0.200 F4000
; cut
G1 X118.602 Y-208.421 F4000
; Retract
G0 Z3.000

; Path 1299
; Rapid to initial position
G0 X118.570 Y-208.470
G0 Z0.000
; plunge
G1 Z-0.200 F4000
; cut
G1 X112.805 Y-208.283 F4000
G1 X107.105 Y-208.090
G1 X101.406 Y-207.896
G1 X95.706 Y-207.703
G1 X90.007 Y-207.510
G1 X84.308 Y-207.316
G1 X79.935 Y-207.168
G1 X79.465 Y-207.152
G1 X79.347 Y-207.148
G1 X79.345 Y-203.900
G1 X79.343 Y-200.665
G1 X79.341 Y-197.430
G1 X79.339 Y-194.195
G1 X79.336 Y-190.959
G1 X79.335 Y-187.724
G1 X79.332 Y-184.489
G1 X79.330 Y-181.284
G1 X79.399 Y-181.280
; Retract
G0 Z3.000

; Path 1300
; Rapid to initial position
G0 X79.431 Y-181.307
G0 Z0.000
; plunge
G1 Z-0.200 F4000
; cut
G1 X79.431 Y-181.235 F4000
; Retract
G0 Z3.000

; Path 1301
; Rapid to initial position
G0 X110.573 Y-196.869
G0 Z0.000
; plunge
G1 Z-0.200 F4000
; cut
G1 X110.734 Y-196.836 F4000
; Retract
G0 Z3.000

; Path 1302
; Rapid to initial position
G0 X113.524 Y-192.996
G0 Z0.000
; plunge
G1 Z-0.200 F4000
; cut
G1 X113.524 Y-192.784 F4000
G1 X114.986 Y-192.552
G1 X117.270 Y-192.192
G1 X119.502 Y-191.838
G1 X121.786 Y-191.478
G1 X122.664 Y-191.338
G1 X124.947 Y-190.977
G1 X127.231 Y-190.617
G1 X127.642 Y-190.551
; Retract
G0 Z3.000

; Path 1303
; Rapid to initial position
G0 X120.602 Y-191.680
G0 Z0.000
; plunge
G1 Z-0.200 F4000
; cut
G1 X120.564 Y-191.687 F4000
; Retract
G0 Z3.000

; Path 1304
; Rapid to initial position
G0 X120.583 Y-191.697
G0 Z0.000
; plunge
G1 Z-0.200 F4000
; cut
G1 X120.583 Y-191.652 F4000
; Retract
G0 Z3.000

; Path 1305
; Rapid to initial position
G0 X123.310 Y-214.307
G0 Z0.000
; plunge
G1 Z-0.200 F4000
; cut
G1 X125.639 Y-213.342 F4000
G1 X127.914 Y-212.350
G1 X130.189 Y-211.357
G1 X132.465 Y-210.365
G1 X133.254 Y-210.021
G1 X134.666 Y-209.404
G1 X136.950 Y-209.821
G1 X139.233 Y-210.238
G1 X139.542 Y-210.295
G1 X141.900 Y-210.726
G1 X143.331 Y-210.988
G1 X143.399 Y-211.001
; Retract
G0 Z3.000

; Path 1306
; Rapid to initial position
G0 X146.116 Y-211.441
G0 Z0.000
; plunge
G1 Z-0.200 F4000
; cut
G1 X146.361 Y-211.445 F4000
G1 X146.604 Y-211.450
; Retract
G0 Z3.000

; Path 1307
; Rapid to initial position
G0 X142.020 Y-207.034
G0 Z0.000
; plunge
G1 Z-0.200 F4000
; cut
G1 X141.776 Y-207.030 F4000
G1 X141.531 Y-207.025
; Retract
G0 Z3.000

; Path 1308
; Rapid to initial position
G0 X142.664 Y-204.228
G0 Z0.000
; plunge
G1 Z-0.200 F4000
; cut
G1 X142.824 Y-204.195 F4000
; Retract
G0 Z3.000

; Path 1309
; Rapid to initial position
G0 X133.403 Y-211.860
G0 Z0.000
; plunge
G1 Z-0.200 F4000
; cut
G1 X133.338 Y-211.888 F4000
; Retract
G0 Z3.000

; Path 1310
; Rapid to initial position
G0 X127.016 Y-221.427
G0 Z0.000
; plunge
G1 Z-0.200 F4000
; cut
G1 X126.773 Y-221.432 F4000
G1 X126.528 Y-221.436
; Retract
G0 Z3.000

; Path 1311
; Rapid to initial position
G0 X136.520 Y-236.635
G0 Z0.000
; plunge
G1 Z-0.200 F4000
; cut
G1 X136.717 Y-236.643 F4000
; Retract
G0 Z3.000

; Path 1312
; Rapid to initial position
G0 X147.278 Y-229.871
G0 Z0.000
; plunge
G1 Z-0.200 F4000
; cut
G1 X147.565 Y-229.783 F4000
; Retract
G0 Z3.000

; Path 1313
; Rapid to initial position
G0 X152.699 Y-232.734
G0 Z0.000
; plunge
G1 Z-0.200 F4000
; cut
G1 X152.699 Y-232.522 F4000
G1 X154.161 Y-232.291
G1 X156.445 Y-231.930
G1 X158.678 Y-231.576
G1 X160.961 Y-231.216
G1 X161.839 Y-231.077
G1 X164.123 Y-230.715
G1 X166.407 Y-230.355
G1 X166.817 Y-230.290
; Retract
G0 Z3.000

; Path 1314
; Rapid to initial position
G0 X164.343 Y-235.806
G0 Z0.000
; plunge
G1 Z-0.200 F4000
; cut
G1 X164.343 Y-235.851 F4000
; Retract
G0 Z3.000

; Path 1315
; Rapid to initial position
G0 X164.324 Y-235.841
G0 Z0.000
; plunge
G1 Z-0.200 F4000
; cut
G1 X164.362 Y-235.834 F4000
; Retract
G0 Z3.000

; Path 1316
; Rapid to initial position
G0 X165.619 Y-239.603
G0 Z0.000
; plunge
G1 Z-0.200 F4000
; cut
G1 X165.619 Y-239.391 F4000
G1 X167.081 Y-239.159
G1 X169.365 Y-238.799
G1 X171.597 Y-238.445
G1 X173.881 Y-238.085
G1 X174.759 Y-237.945
G1 X177.043 Y-237.584
G1 X179.326 Y-237.223
G1 X179.737 Y-237.158
; Retract
G0 Z3.000

; Path 1317
; Rapid to initial position
G0 X184.041 Y-238.424
G0 Z0.000
; plunge
G1 Z-0.200 F4000
; cut
G1 X184.286 Y-238.428 F4000
G1 X184.529 Y-238.432
; Retract
G0 Z3.000

; Path 1318
; Rapid to initial position
G0 X184.708 Y-235.564
G0 Z0.000
; plunge
G1 Z-0.200 F4000
; cut
G1 X184.708 Y-235.310 F4000
; Retract
G0 Z3.000

; Path 1319
; Rapid to initial position
G0 X186.904 Y-228.854
G0 Z0.000
; plunge
G1 Z-0.200 F4000
; cut
G1 X186.865 Y-232.091 F4000
G1 X186.862 Y-235.326
G1 X186.861 Y-238.561
G1 X186.858 Y-241.796
G1 X186.856 Y-245.032
G1 X186.854 Y-248.267
G1 X186.852 Y-251.502
G1 X186.850 Y-254.716
G1 X186.955 Y-254.721
; Retract
G0 Z3.000

; Path 1320
; Rapid to initial position
G0 X190.851 Y-247.972
G0 Z0.000
; plunge
G1 Z-0.200 F4000
; cut
G1 X190.916 Y-247.999 F4000
; Retract
G0 Z3.000

; Path 1321
; Rapid to initial position
G0 X193.522 Y-242.771
G0 Z0.000
; plunge
G1 Z-0.200 F4000
; cut
G1 X195.843 Y-243.784 F4000
G1 X198.118 Y-244.777
G1 X200.393 Y-245.770
G1 X202.668 Y-246.763
G1 X203.511 Y-247.131
G1 X204.878 Y-247.728
G1 X204.892 Y-247.724
; Retract
G0 Z3.000

; Path 1322
; Rapid to initial position
G0 X200.912 Y-248.859
G0 Z0.000
; plunge
G1 Z-0.200 F4000
; cut
G1 X199.413 Y-249.133 F4000
G1 X197.130 Y-249.550
G1 X196.746 Y-249.621
G1 X194.463 Y-250.038
G1 X192.180 Y-250.455
G1 X190.779 Y-249.844
G1 X189.978 Y-249.495
G1 X187.703 Y-248.503
G1 X185.427 Y-247.510
G1 X183.152 Y-246.518
G1 X180.877 Y-245.525
G1 X180.823 Y-245.553
; Retract
G0 Z3.000

; Path 1323
; Rapid to initial position
G0 X172.697 Y-238.287
G0 Z0.000
; plunge
G1 Z-0.200 F4000
; cut
G1 X172.659 Y-238.294 F4000
; Retract
G0 Z3.000

; Path 1324
; Rapid to initial position
G0 X172.678 Y-238.304
G0 Z0.000
; plunge
G1 Z-0.200 F4000
; cut
G1 X172.678 Y-238.259 F4000
; Retract
G0 Z3.000

; Path 1325
; Rapid to initial position
G0 X171.402 Y-234.705
G0 Z0.000
; plunge
G1 Z-0.200 F4000
; cut
G1 X171.043 Y-234.762 F4000
G1 X168.707 Y-235.131
G1 X166.424 Y-235.492
G1 X165.546 Y-235.632
G1 X163.262 Y-235.992
G1 X161.094 Y-236.335
G1 X158.746 Y-236.706
G1 X157.284 Y-236.938
G1 X157.284 Y-237.144
G1 X157.284 Y-237.150
; Retract
G0 Z3.000

; Path 1326
; Rapid to initial position
G0 X154.494 Y-240.990
G0 Z0.000
; plunge
G1 Z-0.200 F4000
; cut
G1 X154.333 Y-241.023 F4000
; Retract
G0 Z3.000

; Path 1327
; Rapid to initial position
G0 X149.909 Y-236.574
G0 Z0.000
; plunge
G1 Z-0.200 F4000
; cut
G1 X149.749 Y-236.607 F4000
; Retract
G0 Z3.000

; Path 1328
; Rapid to initial position
G0 X159.739 Y-231.425
G0 Z0.000
; plunge
G1 Z-0.200 F4000
; cut
G1 X159.777 Y-231.419 F4000
; Retract
G0 Z3.000

; Path 1329
; Rapid to initial position
G0 X159.758 Y-231.435
G0 Z0.000
; plunge
G1 Z-0.200 F4000
; cut
G1 X159.758 Y-231.390 F4000
; Retract
G0 Z3.000

; Path 1330
; Rapid to initial position
G0 X161.326 Y-223.470
G0 Z0.000
; plunge
G1 Z-0.200 F4000
; cut
G1 X161.261 Y-223.442 F4000
; Retract
G0 Z3.000

; Path 1331
; Rapid to initial position
G0 X152.991 Y-221.017
G0 Z0.000
; plunge
G1 Z-0.200 F4000
; cut
G1 X152.926 Y-220.989 F4000
; Retract
G0 Z3.000

; Path 1332
; Rapid to initial position
G0 X151.233 Y-221.023
G0 Z0.000
; plunge
G1 Z-0.200 F4000
; cut
G1 X153.562 Y-221.988 F4000
G1 X155.837 Y-222.980
G1 X158.113 Y-223.973
G1 X160.388 Y-224.965
G1 X161.177 Y-225.309
G1 X162.589 Y-225.926
G1 X164.873 Y-225.508
G1 X167.156 Y-225.091
G1 X167.465 Y-225.035
G1 X169.823 Y-224.603
G1 X171.254 Y-224.342
G1 X171.322 Y-224.329
; Retract
G0 Z3.000

; Path 1333
; Rapid to initial position
G0 X171.837 Y-215.512
G0 Z0.000
; plunge
G1 Z-0.200 F4000
; cut
G1 X171.998 Y-215.478 F4000
; Retract
G0 Z3.000

; Path 1334
; Rapid to initial position
G0 X154.939 Y-213.903
G0 Z0.000
; plunge
G1 Z-0.200 F4000
; cut
G1 X154.696 Y-213.898 F4000
G1 X154.451 Y-213.894
; Retract
G0 Z3.000

; Path 1335
; Rapid to initial position
G0 X151.720 Y-191.819
G0 Z0.000
; plunge
G1 Z-0.200 F4000
; cut
G1 X151.523 Y-191.826 F4000
; Retract
G0 Z3.000

; Path 1336
; Rapid to initial position
G0 X181.669 Y-191.666
G0 Z0.000
; plunge
G1 Z-0.200 F4000
; cut
G1 X181.669 Y-191.193 F4000
; Retract
G0 Z3.000

; Path 1337
; Rapid to initial position
G0 X189.158 Y-187.663
G0 Z0.000
; plunge
G1 Z-0.200 F4000
; cut
G1 X191.488 Y-188.628 F4000
G1 X193.763 Y-189.619
G1 X196.038 Y-190.612
G1 X198.313 Y-191.604
G1 X199.102 Y-191.948
G1 X200.515 Y-192.565
G1 X202.798 Y-192.148
G1 X205.081 Y-191.731
G1 X205.391 Y-191.674
G1 X207.748 Y-191.243
G1 X209.179 Y-190.981
G1 X209.247 Y-190.968
; Retract
G0 Z3.000

; Path 1338
; Rapid to initial position
G0 X201.959 Y-186.704
G0 Z0.000
; plunge
G1 Z-0.200 F4000
; cut
G1 X201.959 Y-186.632 F4000
; Retract
G0 Z3.000

; Path 1339
; Rapid to initial position
G0 X201.926 Y-186.677
G0 Z0.000
; plunge
G1 Z-0.200 F4000
; cut
G1 X201.860 Y-189.885 F4000
G1 X201.862 Y-193.121
G1 X201.864 Y-196.356
G1 X201.866 Y-199.591
G1 X201.869 Y-202.826
G1 X201.870 Y-206.062
G1 X201.873 Y-209.297
G1 X201.875 Y-212.532
G1 X201.993 Y-212.548
G1 X202.463 Y-212.565
G1 X206.836 Y-212.713
G1 X212.535 Y-212.906
G1 X218.234 Y-213.100
G1 X223.934 Y-213.293
G1 X229.633 Y-213.486
G1 X235.333 Y-213.680
G1 X241.032 Y-213.873
G1 X241.098 Y-213.867
; Retract
G0 Z3.000

; Path 1340
; Rapid to initial position
G0 X241.130 Y-213.840
G0 Z0.000
; plunge
G1 Z-0.200 F4000
; cut
G1 X241.130 Y-213.818 F4000
; Retract
G0 Z3.000

; Path 1341
; Rapid to initial position
G0 X235.553 Y-209.071
G0 Z0.000
; plunge
G1 Z-0.200 F4000
; cut
G1 X235.553 Y-208.818 F4000
; Retract
G0 Z3.000

; Path 1342
; Rapid to initial position
G0 X234.175 Y-218.893
G0 Z0.000
; plunge
G1 Z-0.200 F4000
; cut
G1 X234.285 Y-218.896 F4000
G1 X239.999 Y-218.362
G1 X245.632 Y-217.836
G1 X251.266 Y-217.309
G1 X256.899 Y-216.783
G1 X257.342 Y-216.741
G1 X257.453 Y-216.731
G1 X257.455 Y-213.879
G1 X257.458 Y-210.644
G1 X257.458 Y-207.408
G1 X257.460 Y-204.173
G1 X257.463 Y-200.938
G1 X257.465 Y-197.703
G1 X257.467 Y-194.468
G1 X257.470 Y-191.232
G1 X257.363 Y-191.230
G1 X257.363 Y-191.230
; Retract
G0 Z3.000

; Path 1343
; Rapid to initial position
G0 X257.307 Y-191.187
G0 Z0.000
; plunge
G1 Z-0.200 F4000
; cut
G1 X257.307 Y-191.129 F4000
; Retract
G0 Z3.000

; Path 1344
; Rapid to initial position
G0 X253.979 Y-194.202
G0 Z0.000
; plunge
G1 Z-0.200 F4000
; cut
G1 X254.123 Y-194.390 F4000
; Retract
G0 Z3.000

; Path 1345
; Rapid to initial position
G0 X254.051 Y-194.322
G0 Z0.000
; plunge
G1 Z-0.200 F4000
; cut
G1 X254.051 Y-194.293 F4000
; Retract
G0 Z3.000

; Path 1346
; Rapid to initial position
G0 X241.204 Y-187.522
G0 Z0.000
; plunge
G1 Z-0.200 F4000
; cut
G1 X241.059 Y-187.334 F4000
; Retract
G0 Z3.000

; Path 1347
; Rapid to initial position
G0 X241.131 Y-187.425
G0 Z0.000
; plunge
G1 Z-0.200 F4000
; cut
G1 X241.131 Y-187.453 F4000
; Retract
G0 Z3.000

; Path 1348
; Rapid to initial position
G0 X234.045 Y-181.461
G0 Z0.000
; plunge
G1 Z-0.200 F4000
; cut
G1 X234.045 Y-181.438 F4000
; Retract
G0 Z3.000

; Path 1349
; Rapid to initial position
G0 X249.053 Y-176.892
G0 Z0.000
; plunge
G1 Z-0.200 F4000
; cut
G1 X249.053 Y-176.820 F4000
; Retract
G0 Z3.000

; Path 1350
; Rapid to initial position
G0 X252.261 Y-173.535
G0 Z0.000
; plunge
G1 Z-0.200 F4000
; cut
G1 X252.298 Y-173.528 F4000
; Retract
G0 Z3.000

; Path 1351
; Rapid to initial position
G0 X252.279 Y-173.545
G0 Z0.000
; plunge
G1 Z-0.200 F4000
; cut
G1 X252.279 Y-173.500 F4000
; Retract
G0 Z3.000

; Path 1352
; Rapid to initial position
G0 X252.752 Y-173.115
G0 Z0.000
; plunge
G1 Z-0.200 F4000
; cut
G1 X252.713 Y-169.878 F4000
G1 X252.711 Y-166.643
G1 X252.709 Y-163.408
G1 X252.707 Y-160.173
G1 X252.704 Y-156.937
G1 X252.703 Y-153.702
G1 X252.700 Y-150.467
G1 X252.698 Y-147.253
G1 X252.803 Y-147.248
; Retract
G0 Z3.000

; Path 1353
; Rapid to initial position
G0 X252.670 Y-145.907
G0 Z0.000
; plunge
G1 Z-0.200 F4000
; cut
G1 X252.312 Y-145.964 F4000
G1 X249.976 Y-146.333
G1 X247.692 Y-146.694
G1 X246.814 Y-146.833
G1 X244.530 Y-147.194
G1 X242.363 Y-147.537
G1 X240.014 Y-147.908
G1 X238.552 Y-148.139
G1 X238.552 Y-148.346
G1 X238.552 Y-148.352
; Retract
G0 Z3.000

; Path 1354
; Rapid to initial position
G0 X235.509 Y-143.011
G0 Z0.000
; plunge
G1 Z-0.200 F4000
; cut
G1 X235.445 Y-142.984 F4000
; Retract
G0 Z3.000

; Path 1355
; Rapid to initial position
G0 X233.232 Y-139.302
G0 Z0.000
; plunge
G1 Z-0.200 F4000
; cut
G1 X231.863 Y-138.714 F4000
G1 X231.008 Y-138.340
G1 X228.733 Y-137.348
G1 X226.458 Y-136.355
G1 X224.183 Y-135.362
G1 X221.907 Y-134.369
G1 X221.862 Y-134.348
; Retract
G0 Z3.000

; Path 1356
; Rapid to initial position
G0 X226.396 Y-137.794
G0 Z0.000
; plunge
G1 Z-0.200 F4000
; cut
G1 X226.568 Y-137.807 F4000
; Retract
G0 Z3.000

; Path 1357
; Rapid to initial position
G0 X225.417 Y-140.565
G0 Z0.000
; plunge
G1 Z-0.200 F4000
; cut
G1 X227.746 Y-141.530 F4000
G1 X230.021 Y-142.522
G1 X232.296 Y-143.515
G1 X234.571 Y-144.507
G1 X235.360 Y-144.851
G1 X236.773 Y-145.467
G1 X239.056 Y-145.050
G1 X241.340 Y-144.633
G1 X241.649 Y-144.576
G1 X244.007 Y-144.145
G1 X245.437 Y-143.884
G1 X245.505 Y-143.871
; Retract
G0 Z3.000

; Path 1358
; Rapid to initial position
G0 X245.724 Y-141.215
G0 Z0.000
; plunge
G1 Z-0.200 F4000
; cut
G1 X245.724 Y-144.515 F4000
G1 X245.724 Y-147.750
G1 X245.724 Y-150.985
G1 X245.724 Y-154.221
G1 X245.724 Y-157.456
G1 X245.724 Y-160.691
G1 X245.724 Y-163.926
G1 X245.724 Y-164.676
G1 X245.724 Y-167.657
; Retract
G0 Z3.000

; Path 1359
; Rapid to initial position
G0 X245.690 Y-167.685
G0 Z0.000
; plunge
G1 Z-0.200 F4000
; cut
G1 X245.690 Y-167.627 F4000
; Retract
G0 Z3.000

; Path 1360
; Rapid to initial position
G0 X240.927 Y-158.711
G0 Z0.000
; plunge
G1 Z-0.200 F4000
; cut
G1 X240.863 Y-158.683 F4000
; Retract
G0 Z3.000

; Path 1361
; Rapid to initial position
G0 X239.803 Y-159.145
G0 Z0.000
; plunge
G1 Z-0.200 F4000
; cut
G1 X239.803 Y-158.932 F4000
G1 X241.265 Y-158.701
G1 X243.548 Y-158.341
G1 X245.781 Y-157.987
G1 X248.064 Y-157.626
G1 X248.943 Y-157.487
G1 X251.226 Y-157.126
G1 X253.510 Y-156.765
G1 X253.921 Y-156.700
; Retract
G0 Z3.000

; Path 1362
; Rapid to initial position
G0 X252.803 Y-160.139
G0 Z0.000
; plunge
G1 Z-0.200 F4000
; cut
G1 X252.803 Y-160.212 F4000
; Retract
G0 Z3.000

; Path 1363
; Rapid to initial position
G0 X251.680 Y-151.987
G0 Z0.000
; plunge
G1 Z-0.200 F4000
; cut
G1 X251.680 Y-151.986 F4000
; Retract
G0 Z3.000

; Path 1364
; Rapid to initial position
G0 X250.378 Y-143.747
G0 Z0.000
; plunge
G1 Z-0.200 F4000
; cut
G1 X250.134 Y-143.743 F4000
G1 X249.890 Y-143.738
; Retract
G0 Z3.000

; Path 1365
; Rapid to initial position
G0 X249.485 Y-142.736
G0 Z0.000
; plunge
G1 Z-0.200 F4000
; cut
G1 X248.117 Y-142.148 F4000
G1 X247.262 Y-141.775
G1 X244.987 Y-140.782
G1 X242.711 Y-139.789
G1 X240.436 Y-138.796
G1 X238.161 Y-137.803
G1 X238.116 Y-137.783
; Retract
G0 Z3.000

; Path 1366
; Rapid to initial position
G0 X234.259 Y-132.218
G0 Z0.000
; plunge
G1 Z-0.200 F4000
; cut
G1 X234.195 Y-132.190 F4000
; Retract
G0 Z3.000

; Path 1367
; Rapid to initial position
G0 X229.123 Y-133.444
G0 Z0.000
; plunge
G1 Z-0.200 F4000
; cut
G1 X228.880 Y-133.440 F4000
G1 X228.635 Y-133.436
; Retract
G0 Z3.000

; Path 1368
; Rapid to initial position
G0 X229.252 Y-140.437
G0 Z0.000
; plunge
G1 Z-0.200 F4000
; cut
G1 X227.753 Y-140.711 F4000
G1 X225.470 Y-141.128
G1 X225.086 Y-141.199
G1 X222.803 Y-141.616
G1 X220.519 Y-142.033
G1 X219.119 Y-141.422
G1 X218.318 Y-141.073
G1 X216.042 Y-140.081
G1 X213.767 Y-139.088
G1 X211.492 Y-138.096
G1 X209.217 Y-137.103
G1 X209.163 Y-137.131
; Retract
G0 Z3.000

; Path 1369
; Rapid to initial position
G0 X213.634 Y-133.856
G0 Z0.000
; plunge
G1 Z-0.200 F4000
; cut
G1 X213.634 Y-137.156 F4000
G1 X213.634 Y-140.391
G1 X213.634 Y-143.626
G1 X213.634 Y-146.862
G1 X213.634 Y-150.097
G1 X213.634 Y-153.332
G1 X213.634 Y-156.567
G1 X213.634 Y-157.317
G1 X213.634 Y-160.298
; Retract
G0 Z3.000

; Path 1370
; Rapid to initial position
G0 X213.599 Y-160.326
G0 Z0.000
; plunge
G1 Z-0.200 F4000
; cut
G1 X213.599 Y-160.269 F4000
; Retract
G0 Z3.000

; Path 1371
; Rapid to initial position
G0 X213.893 Y-160.362
G0 Z0.000
; plunge
G1 Z-0.200 F4000
; cut
G1 X214.065 Y-160.374 F4000
; Retract
G0 Z3.000

; Path 1372
; Rapid to initial position
G0 X230.589 Y-154.401
G0 Z0.000
; plunge
G1 Z-0.200 F4000
; cut
G1 X230.627 Y-154.395 F4000
; Retract
G0 Z3.000

; Path 1373
; Rapid to initial position
G0 X230.608 Y-154.411
G0 Z0.000
; plunge
G1 Z-0.200 F4000
; cut
G1 X230.608 Y-154.366 F4000
; Retract
G0 Z3.000

; Path 1374
; Rapid to initial position
G0 X229.113 Y-148.032
G0 Z0.000
; plunge
G1 Z-0.200 F4000
; cut
G1 X233.865 Y-148.137 F4000
G1 X239.570 Y-148.263
G1 X239.731 Y-148.267
G1 X243.285 Y-148.345
G1 X248.990 Y-148.471
G1 X249.160 Y-148.475
G1 X252.735 Y-148.554
G1 X258.440 Y-148.680
G1 X258.626 Y-148.684
G1 X259.283 Y-148.698
G1 X264.988 Y-148.825
G1 X270.693 Y-148.951
G1 X270.731 Y-150.243
G1 X270.735 Y-153.478
G1 X270.739 Y-156.714
G1 X270.743 Y-159.949
G1 X270.747 Y-163.184
G1 X270.751 Y-166.419
G1 X270.751 Y-166.882
G1 X270.753 Y-168.006
G1 X270.757 Y-171.241
G1 X270.760 Y-174.477
G1 X270.760 Y-175.016
G1 X270.764 Y-178.251
G1 X270.764 Y-178.262
; Retract
G0 Z3.000

; Path 1375
; Rapid to initial position
G0 X274.601 Y-172.286
G0 Z0.000
; plunge
G1 Z-0.200 F4000
; cut
G1 X274.711 Y-172.289 F4000
G1 X280.425 Y-171.755
G1 X286.058 Y-171.229
G1 X291.692 Y-170.702
G1 X297.325 Y-170.176
G1 X297.768 Y-170.135
G1 X297.879 Y-170.124
G1 X297.881 Y-167.272
G1 X297.884 Y-164.037
G1 X297.884 Y-160.802
G1 X297.886 Y-157.566
G1 X297.889 Y-154.331
G1 X297.891 Y-151.096
G1 X297.893 Y-147.861
G1 X297.896 Y-144.626
G1 X297.789 Y-144.623
G1 X297.789 Y-144.623
; Retract
G0 Z3.000

; Path 1376
; Rapid to initial position
G0 X297.733 Y-144.580
G0 Z0.000
; plunge
G1 Z-0.200 F4000
; cut
G1 X297.733 Y-144.522 F4000
; Retract
G0 Z3.000

; Path 1377
; Rapid to initial position
G0 X300.655 Y-138.828
G0 Z0.000
; plunge
G1 Z-0.200 F4000
; cut
G1 X301.491 Y-138.844 F4000
G1 X301.595 Y-138.846
G1 X307.302 Y-138.955
G1 X313.008 Y-139.064
G1 X318.714 Y-139.173
G1 X324.421 Y-139.282
G1 X324.653 Y-139.286
G1 X324.819 Y-139.289
G1 X330.525 Y-139.398
G1 X336.231 Y-139.507
G1 X339.828 Y-139.576
G1 X339.828 Y-139.644
; Retract
G0 Z3.000

; Path 1378
; Rapid to initial position
G0 X338.577 Y-128.850
G0 Z0.000
; plunge
G1 Z-0.200 F4000
; cut
G1 X334.981 Y-128.714 F4000
G1 X329.275 Y-128.605
G1 X323.569 Y-128.496
G1 X323.402 Y-128.493
G1 X323.171 Y-128.488
G1 X317.464 Y-128.379
G1 X311.758 Y-128.271
G1 X306.052 Y-128.162
G1 X300.345 Y-128.053
G1 X300.241 Y-128.051
G1 X299.404 Y-128.035
; Retract
G0 Z3.000

; Path 1379
; Rapid to initial position
G0 X298.911 Y-127.101
G0 Z0.000
; plunge
G1 Z-0.200 F4000
; cut
G1 X298.805 Y-127.122 F4000
G1 X293.163 Y-128.308
G1 X287.521 Y-129.493
G1 X281.879 Y-130.678
G1 X276.237 Y-131.863
G1 X275.907 Y-131.934
G1 X275.863 Y-131.930
; Retract
G0 Z3.000

; Path 1380
; Rapid to initial position
G0 X277.278 Y-129.657
G0 Z0.000
; plunge
G1 Z-0.200 F4000
; cut
G1 X277.439 Y-129.624 F4000
; Retract
G0 Z3.000

; Path 1381
; Rapid to initial position
G0 X277.936 Y-134.324
G0 Z0.000
; plunge
G1 Z-0.200 F4000
; cut
G1 X277.936 Y-134.326 F4000
; Retract
G0 Z3.000

; Path 1382
; Rapid to initial position
G0 X280.229 Y-125.784
G0 Z0.000
; plunge
G1 Z-0.200 F4000
; cut
G1 X280.229 Y-125.572 F4000
G1 X281.690 Y-125.340
G1 X283.974 Y-124.980
G1 X286.207 Y-124.626
G1 X288.490 Y-124.266
G1 X289.369 Y-124.126
G1 X291.652 Y-123.765
G1 X293.936 Y-123.405
G1 X294.346 Y-123.339
; Retract
G0 Z3.000

; Path 1383
; Rapid to initial position
G0 X290.768 Y-127.730
G0 Z0.000
; plunge
G1 Z-0.200 F4000
; cut
G1 X290.765 Y-124.484 F4000
G1 X290.765 Y-124.030
G1 X290.761 Y-120.710
G1 X290.758 Y-117.475
G1 X290.755 Y-116.407
G1 X290.755 Y-115.961
G1 X290.751 Y-112.652
G1 X290.748 Y-109.417
G1 X290.744 Y-106.182
G1 X290.740 Y-102.947
G1 X290.736 Y-99.711
G1 X290.734 Y-98.494
G1 X284.993 Y-98.293
G1 X279.288 Y-98.167
G1 X278.631 Y-98.153
G1 X278.445 Y-98.148
G1 X272.740 Y-98.022
G1 X269.165 Y-97.943
G1 X268.995 Y-97.940
G1 X263.290 Y-97.814
G1 X259.735 Y-97.735
G1 X259.574 Y-97.732
G1 X253.869 Y-97.606
G1 X249.200 Y-97.503
G1 X249.117 Y-97.501
; Retract
G0 Z3.000

; Path 1384
; Rapid to initial position
G0 X253.902 Y-96.584
G0 Z0.000
; plunge
G1 Z-0.200 F4000
; cut
G1 X254.074 Y-96.597 F4000
; Retract
G0 Z3.000

; Path 1385
; Rapid to initial position
G0 X240.716 Y-98.758
G0 Z0.000
; plunge
G1 Z-0.200 F4000
; cut
G1 X240.716 Y-98.948 F4000
G1 X240.716 Y-98.948
; Retract
G0 Z3.000

; Path 1386
; Rapid to initial position
G0 X240.659 Y-98.876
G0 Z0.000
; plunge
G1 Z-0.200 F4000
; cut
G1 X240.536 Y-98.885 F4000
G1 X240.540 Y-107.294
G1 X240.544 Y-115.782
G1 X240.547 Y-124.269
G1 X240.551 Y-132.757
G1 X240.556 Y-141.245
G1 X240.558 Y-149.733
G1 X240.563 Y-158.220
G1 X240.567 Y-166.708
G1 X240.688 Y-166.747
G1 X241.619 Y-166.793
G1 X249.444 Y-167.182
G1 X259.644 Y-167.690
G1 X269.844 Y-168.197
G1 X280.044 Y-168.704
G1 X290.244 Y-169.212
G1 X300.445 Y-169.719
G1 X310.645 Y-170.227
G1 X310.762 Y-170.211
; Retract
G0 Z3.000

; Path 1387
; Rapid to initial position
G0 X310.820 Y-170.140
G0 Z0.000
; plunge
G1 Z-0.200 F4000
; cut
G1 X310.820 Y-170.082 F4000
; Retract
G0 Z3.000

; Path 1388
; Rapid to initial position
G0 X312.372 Y-167.685
G0 Z0.000
; plunge
G1 Z-0.200 F4000
; cut
G1 X312.372 Y-167.627 F4000
; Retract
G0 Z3.000

; Path 1389
; Rapid to initial position
G0 X312.406 Y-167.657
G0 Z0.000
; plunge
G1 Z-0.200 F4000
; cut
G1 X312.406 Y-164.752 F4000
G1 X312.406 Y-163.926
G1 X312.406 Y-160.691
G1 X312.406 Y-157.456
G1 X312.406 Y-154.221
G1 X312.406 Y-150.985
G1 X312.406 Y-147.750
G1 X312.406 Y-144.515
G1 X312.406 Y-141.280
G1 X312.406 Y-141.215
; Retract
G0 Z3.000

; Path 1390
; Rapid to initial position
G0 X311.947 Y-136.843
G0 Z0.000
; plunge
G1 Z-0.200 F4000
; cut
G1 X306.182 Y-136.656 F4000
G1 X300.482 Y-136.462
G1 X294.783 Y-136.269
G1 X289.084 Y-136.076
G1 X283.384 Y-135.882
G1 X277.685 Y-135.689
G1 X273.313 Y-135.541
G1 X272.842 Y-135.524
G1 X272.725 Y-135.521
G1 X272.722 Y-132.273
G1 X272.720 Y-129.038
G1 X272.718 Y-125.802
G1 X272.716 Y-122.567
G1 X272.714 Y-119.332
G1 X272.712 Y-116.097
G1 X272.710 Y-112.862
G1 X272.707 Y-109.656
G1 X272.776 Y-109.653
; Retract
G0 Z3.000

; Path 1391
; Rapid to initial position
G0 X272.808 Y-109.680
G0 Z0.000
; plunge
G1 Z-0.200 F4000
; cut
G1 X272.808 Y-109.608 F4000
; Retract
G0 Z3.000

; Path 1392
; Rapid to initial position
G0 X275.871 Y-109.623
G0 Z0.000
; plunge
G1 Z-0.200 F4000
; cut
G1 X275.935 Y-109.651 F4000
; Retract
G0 Z3.000

; Path 1393
; Rapid to initial position
G0 X275.329 Y-106.899
G0 Z0.000
; plunge
G1 Z-0.200 F4000
; cut
G1 X275.157 Y-106.887 F4000
; Retract
G0 Z3.000

; Path 1394
; Rapid to initial position
G0 X278.542 Y-104.422
G0 Z0.000
; plunge
G1 Z-0.200 F4000
; cut
G1 X280.862 Y-105.435 F4000
G1 X283.137 Y-106.428
G1 X285.412 Y-107.421
G1 X287.688 Y-108.414
G1 X288.531 Y-108.783
G1 X289.897 Y-109.379
G1 X289.911 Y-109.376
; Retract
G0 Z3.000

; Path 1395
; Rapid to initial position
G0 X295.807 Y-103.239
G0 Z0.000
; plunge
G1 Z-0.200 F4000
; cut
G1 X301.492 Y-102.940 F4000
G1 X307.177 Y-102.641
G1 X312.863 Y-102.342
G1 X318.065 Y-102.068
G1 X318.200 Y-102.061
G1 X318.989 Y-102.020
; Retract
G0 Z3.000

; Path 1396
; Rapid to initial position
G0 X318.949 Y-101.675
G0 Z0.000
; plunge
G1 Z-0.200 F4000
; cut
G1 X319.029 Y-101.671 F4000
; Retract
G0 Z3.000

; Path 1397
; Rapid to initial position
G0 X312.267 Y-102.734
G0 Z0.000
; plunge
G1 Z-0.200 F4000
; cut
G1 X311.908 Y-102.791 F4000
G1 X309.573 Y-103.160
G1 X307.289 Y-103.521
G1 X306.411 Y-103.661
G1 X304.127 Y-104.021
G1 X301.959 Y-104.364
G1 X299.611 Y-104.735
G1 X298.149 Y-104.967
G1 X298.149 Y-105.174
G1 X298.149 Y-105.179
; Retract
G0 Z3.000

; Path 1398
; Rapid to initial position
G0 X305.380 Y-97.991
G0 Z0.000
; plunge
G1 Z-0.200 F4000
; cut
G1 X310.132 Y-98.096 F4000
G1 X315.837 Y-98.222
G1 X315.998 Y-98.226
G1 X319.553 Y-98.304
G1 X325.258 Y-98.430
G1 X325.427 Y-98.434
G1 X329.003 Y-98.513
G1 X334.708 Y-98.639
G1 X334.894 Y-98.643
G1 X335.551 Y-98.657
G1 X341.256 Y-98.784
G1 X346.961 Y-98.910
G1 X346.999 Y-100.202
G1 X347.003 Y-103.437
G1 X347.007 Y-106.673
G1 X347.011 Y-109.908
G1 X347.014 Y-113.143
G1 X347.018 Y-116.378
G1 X347.018 Y-116.841
G1 X347.020 Y-117.965
G1 X347.024 Y-121.200
G1 X347.028 Y-124.436
G1 X347.028 Y-124.975
G1 X347.031 Y-128.210
G1 X347.031 Y-128.221
; Retract
G0 Z3.000

; Path 1399
; Rapid to initial position
G0 X345.300 Y-128.924
G0 Z0.000
; plunge
G1 Z-0.200 F4000
; cut
G1 X345.407 Y-128.926 F4000
G1 X345.404 Y-132.162
G1 X345.402 Y-135.397
G1 X345.399 Y-138.632
G1 X345.397 Y-141.867
G1 X345.395 Y-145.103
G1 X345.395 Y-148.338
G1 X345.392 Y-151.573
G1 X345.390 Y-154.425
G1 X345.283 Y-154.435
G1 X344.836 Y-154.477
G1 X339.202 Y-155.003
G1 X333.569 Y-155.530
G1 X327.936 Y-156.056
G1 X322.222 Y-156.590
G1 X322.112 Y-156.587
; Retract
G0 Z3.000

; Path 1400
; Rapid to initial position
G0 X319.555 Y-155.633
G0 Z0.000
; plunge
G1 Z-0.200 F4000
; cut
G1 X319.410 Y-155.445 F4000
; Retract
G0 Z3.000

; Path 1401
; Rapid to initial position
G0 X319.483 Y-155.536
G0 Z0.000
; plunge
G1 Z-0.200 F4000
; cut
G1 X319.483 Y-155.564 F4000
; Retract
G0 Z3.000

; Path 1402
; Rapid to initial position
G0 X318.362 Y-151.987
G0 Z0.000
; plunge
G1 Z-0.200 F4000
; cut
G1 X318.362 Y-151.986 F4000
; Retract
G0 Z3.000

; Path 1403
; Rapid to initial position
G0 X323.236 Y-150.682
G0 Z0.000
; plunge
G1 Z-0.200 F4000
; cut
G1 X323.131 Y-150.687 F4000
G1 X323.133 Y-153.901
G1 X323.136 Y-157.136
G1 X323.137 Y-160.372
G1 X323.140 Y-163.607
G1 X323.142 Y-166.842
G1 X323.144 Y-170.077
G1 X323.146 Y-173.313
G1 X323.148 Y-176.548
G1 X323.185 Y-176.549
; Retract
G0 Z3.000

; Path 1404
; Rapid to initial position
G0 X323.609 Y-177.535
G0 Z0.000
; plunge
G1 Z-0.200 F4000
; cut
G1 X323.775 Y-177.538 F4000
G1 X327.371 Y-177.607
G1 X333.078 Y-177.716
G1 X338.784 Y-177.825
G1 X339.090 Y-177.810
G1 X344.775 Y-177.510
G1 X350.460 Y-177.211
G1 X356.145 Y-176.911
G1 X361.830 Y-176.612
G1 X361.966 Y-176.604
G1 X361.966 Y-176.619
; Retract
G0 Z3.000

; Path 1405
; Rapid to initial position
G0 X362.407 Y-190.760
G0 Z0.000
; plunge
G1 Z-0.200 F4000
; cut
G1 X362.407 Y-190.782 F4000
; Retract
G0 Z3.000

; Path 1406
; Rapid to initial position
G0 X355.287 Y-191.941
G0 Z0.000
; plunge
G1 Z-0.200 F4000
; cut
G1 X355.207 Y-191.945 F4000
; Retract
G0 Z3.000

; Path 1407
; Rapid to initial position
G0 X343.641 Y-203.730
G0 Z0.000
; plunge
G1 Z-0.200 F4000
; cut
G1 X341.615 Y-203.611 F4000
G1 X335.909 Y-203.492
G1 X330.203 Y-203.373
G1 X324.498 Y-203.255
G1 X318.792 Y-203.136
G1 X318.629 Y-203.132
G1 X314.380 Y-203.044
G1 X308.674 Y-202.925
G1 X302.968 Y-202.806
G1 X299.328 Y-202.983
G1 X293.639 Y-203.259
G1 X293.469 Y-203.267
G1 X289.872 Y-203.442
G1 X284.183 Y-203.718
G1 X284.022 Y-203.725
G1 X279.339 Y-203.953
G1 X273.650 Y-204.228
G1 X273.650 Y-204.307
; Retract
G0 Z3.000

; Path 1408
; Rapid to initial position
G0 X275.301 Y-205.073
G0 Z0.000
; plunge
G1 Z-0.200 F4000
; cut
G1 X275.498 Y-205.065 F4000
; Retract
G0 Z3.000

; Path 1409
; Rapid to initial position
G0 X280.436 Y-187.985
G0 Z0.000
; plunge
G1 Z-0.200 F4000
; cut
G1 X280.545 Y-187.988 F4000
G1 X286.260 Y-187.455
G1 X291.893 Y-186.928
G1 X297.526 Y-186.402
G1 X303.160 Y-185.875
G1 X303.603 Y-185.834
G1 X303.714 Y-185.823
G1 X303.716 Y-182.971
G1 X303.718 Y-179.736
G1 X303.718 Y-176.501
G1 X303.721 Y-173.266
G1 X303.723 Y-170.030
G1 X303.726 Y-166.795
G1 X303.728 Y-163.560
G1 X303.730 Y-160.325
G1 X303.624 Y-160.323
G1 X303.624 Y-160.323
; Retract
G0 Z3.000

; Path 1410
; Rapid to initial position
G0 X303.567 Y-160.279
G0 Z0.000
; plunge
G1 Z-0.200 F4000
; cut
G1 X303.567 Y-160.221 F4000
; Retract
G0 Z3.000

; Path 1411
; Rapid to initial position
G0 X300.801 Y-155.142
G0 Z0.000
; plunge
G1 Z-0.200 F4000
; cut
G1 X300.656 Y-154.954 F4000
; Retract
G0 Z3.000

; Path 1412
; Rapid to initial position
G0 X300.728 Y-155.045
G0 Z0.000
; plunge
G1 Z-0.200 F4000
; cut
G1 X300.728 Y-155.074 F4000
; Retract
G0 Z3.000

; Path 1413
; Rapid to initial position
G0 X297.820 Y-157.845
G0 Z0.000
; plunge
G1 Z-0.200 F4000
; cut
G1 X297.820 Y-154.940 F4000
G1 X297.820 Y-154.114
G1 X297.820 Y-150.879
G1 X297.820 Y-147.644
G1 X297.820 Y-144.409
G1 X297.820 Y-141.173
G1 X297.820 Y-137.938
G1 X297.820 Y-134.703
G1 X297.820 Y-131.468
G1 X297.820 Y-131.403
; Retract
G0 Z3.000

; Path 1414
; Rapid to initial position
G0 X289.807 Y-131.827
G0 Z0.000
; plunge
G1 Z-0.200 F4000
; cut
G1 X289.769 Y-131.834 F4000
; Retract
G0 Z3.000

; Path 1415
; Rapid to initial position
G0 X289.788 Y-131.844
G0 Z0.000
; plunge
G1 Z-0.200 F4000
; cut
G1 X289.788 Y-131.799 F4000
; Retract
G0 Z3.000

; Path 1416
; Rapid to initial position
G0 X287.287 Y-124.485
G0 Z0.000
; plunge
G1 Z-0.200 F4000
; cut
G1 X287.287 Y-124.440 F4000
; Retract
G0 Z3.000

; Path 1417
; Rapid to initial position
G0 X287.306 Y-124.468
G0 Z0.000
; plunge
G1 Z-0.200 F4000
; cut
G1 X287.269 Y-124.475 F4000
; Retract
G0 Z3.000

; Path 1418
; Rapid to initial position
G0 X270.789 Y-116.634
G0 Z0.000
; plunge
G1 Z-0.200 F4000
; cut
G1 X275.541 Y-116.739 F4000
G1 X281.246 Y-116.865
G1 X281.407 Y-116.869
G1 X284.962 Y-116.947
G1 X290.667 Y-117.073
G1 X290.836 Y-117.077
G1 X294.412 Y-117.156
G1 X300.117 Y-117.282
G1 X300.303 Y-117.286
G1 X300.959 Y-117.300
G1 X306.664 Y-117.426
G1 X312.369 Y-117.552
G1 X312.408 Y-118.845
G1 X312.412 Y-122.080
G1 X312.415 Y-125.315
G1 X312.419 Y-128.550
G1 X312.423 Y-131.786
G1 X312.427 Y-135.021
G1 X312.427 Y-135.484
G1 X312.429 Y-136.608
G1 X312.433 Y-139.843
G1 X312.437 Y-143.078
G1 X312.437 Y-143.618
G1 X312.440 Y-146.853
G1 X312.440 Y-146.864
; Retract
G0 Z3.000

; Path 1419
; Rapid to initial position
G0 X315.866 Y-147.039
G0 Z0.000
; plunge
G1 Z-0.200 F4000
; cut
G1 X315.866 Y-147.512 F4000
; Retract
G0 Z3.000

; Path 1420
; Rapid to initial position
G0 X312.319 Y-154.334
G0 Z0.000
; plunge
G1 Z-0.200 F4000
; cut
G1 X312.319 Y-154.392 F4000
; Retract
G0 Z3.000

; Path 1421
; Rapid to initial position
G0 X312.376 Y-154.435
G0 Z0.000
; plunge
G1 Z-0.200 F4000
; cut
G1 X312.482 Y-154.437 F4000
G1 X312.480 Y-157.673
G1 X312.478 Y-160.908
G1 X312.475 Y-164.143
G1 X312.473 Y-167.378
G1 X312.470 Y-170.614
G1 X312.470 Y-173.849
G1 X312.468 Y-177.084
G1 X312.466 Y-179.936
G1 X312.359 Y-179.946
G1 X311.912 Y-179.988
G1 X306.278 Y-180.514
G1 X300.645 Y-181.041
G1 X295.012 Y-181.567
G1 X289.297 Y-182.101
G1 X289.188 Y-182.098
; Retract
G0 Z3.000

; Path 1422
; Rapid to initial position
G0 X290.577 Y-183.420
G0 Z0.000
; plunge
G1 Z-0.200 F4000
; cut
G1 X290.749 Y-183.432 F4000
; Retract
G0 Z3.000

; Path 1423
; Rapid to initial position
G0 X301.642 Y-175.847
G0 Z0.000
; plunge
G1 Z-0.200 F4000
; cut
G1 X307.327 Y-175.548 F4000
G1 X313.012 Y-175.249
G1 X318.697 Y-174.951
G1 X323.899 Y-174.677
G1 X324.035 Y-174.670
G1 X324.824 Y-174.628
; Retract
G0 Z3.000

; Path 1424
; Rapid to initial position
G0 X324.783 Y-174.283
G0 Z0.000
; plunge
G1 Z-0.200 F4000
; cut
G1 X324.864 Y-174.280 F4000
; Retract
G0 Z3.000

; Path 1425
; Rapid to initial position
G0 X332.747 Y-175.559
G0 Z0.000
; plunge
G1 Z-0.200 F4000
; cut
G1 X332.891 Y-175.747 F4000
; Retract
G0 Z3.000

; Path 1426
; Rapid to initial position
G0 X332.819 Y-175.679
G0 Z0.000
; plunge
G1 Z-0.200 F4000
; cut
G1 X332.819 Y-175.650 F4000
; Retract
G0 Z3.000

; Path 1427
; Rapid to initial position
G0 X339.754 Y-171.254
G0 Z0.000
; plunge
G1 Z-0.200 F4000
; cut
G1 X339.648 Y-171.276 F4000
G1 X334.006 Y-172.461
G1 X328.364 Y-173.647
G1 X322.721 Y-174.832
G1 X317.079 Y-176.017
G1 X316.750 Y-176.088
G1 X316.706 Y-176.084
; Retract
G0 Z3.000

; Path 1428
; Rapid to initial position
G0 X319.481 Y-181.929
G0 Z0.000
; plunge
G1 Z-0.200 F4000
; cut
G1 X319.481 Y-181.951 F4000
; Retract
G0 Z3.000

; Path 1429
; Rapid to initial position
G0 X319.449 Y-181.978
G0 Z0.000
; plunge
G1 Z-0.200 F4000
; cut
G1 X313.684 Y-181.791 F4000
G1 X307.984 Y-181.597
G1 X302.285 Y-181.404
G1 X296.585 Y-181.211
G1 X290.886 Y-181.017
G1 X285.187 Y-180.824
G1 X280.814 Y-180.676
G1 X280.344 Y-180.659
G1 X280.226 Y-180.656
G1 X280.224 Y-177.408
G1 X280.222 Y-174.173
G1 X280.220 Y-170.938
G1 X280.218 Y-167.702
G1 X280.215 Y-164.467
G1 X280.214 Y-161.232
G1 X280.211 Y-157.997
G1 X280.209 Y-154.791
G1 X280.277 Y-154.788
; Retract
G0 Z3.000

; Path 1430
; Rapid to initial position
G0 X280.310 Y-154.815
G0 Z0.000
; plunge
G1 Z-0.200 F4000
; cut
G1 X280.310 Y-154.743 F4000
; Retract
G0 Z3.000

; Path 1431
; Rapid to initial position
G0 X278.416 Y-151.590
G0 Z0.000
; plunge
G1 Z-0.200 F4000
; cut
G1 X278.219 Y-151.597 F4000
; Retract
G0 Z3.000

; Path 1432
; Rapid to initial position
G0 X277.022 Y-160.041
G0 Z0.000
; plunge
G1 Z-0.200 F4000
; cut
G1 X276.861 Y-160.074 F4000
; Retract
G0 Z3.000

; Path 1433
; Rapid to initial position
G0 X280.853 Y-163.270
G0 Z0.000
; plunge
G1 Z-0.200 F4000
; cut
G1 X280.853 Y-163.271 F4000
; Retract
G0 Z3.000

; Path 1434
; Rapid to initial position
G0 X281.275 Y-165.682
G0 Z0.000
; plunge
G1 Z-0.200 F4000
; cut
G1 X281.275 Y-166.155 F4000
; Retract
G0 Z3.000

; Path 1435
; Rapid to initial position
G0 X272.998 Y-168.761
G0 Z0.000
; plunge
G1 Z-0.200 F4000
; cut
G1 X272.801 Y-168.768 F4000
; Retract
G0 Z3.000

; Path 1436
; Rapid to initial position
G0 X271.149 Y-168.002
G0 Z0.000
; plunge
G1 Z-0.200 F4000
; cut
G1 X276.838 Y-167.649 F4000
G1 X281.497 Y-167.422
G1 X281.658 Y-167.415
G1 X287.371 Y-167.138
G1 X290.941 Y-166.964
G1 X291.111 Y-166.956
G1 X296.827 Y-166.679
G1 X300.468 Y-166.502
G1 X306.173 Y-166.621
G1 X311.880 Y-166.740
G1 X316.098 Y-166.828
G1 X316.261 Y-166.831
G1 X321.997 Y-166.950
G1 X327.703 Y-167.069
G1 X333.409 Y-167.188
G1 X339.114 Y-167.307
G1 X341.141 Y-167.349
G1 X341.141 Y-167.426
; Retract
G0 Z3.000

; Path 1437
; Rapid to initial position
G0 X333.651 Y-155.950
G0 Z0.000
; plunge
G1 Z-0.200 F4000
; cut
G1 X333.651 Y-155.927 F4000
; Retract
G0 Z3.000

; Path 1438
; Rapid to initial position
G0 X337.116 Y-152.478
G0 Z0.000
; plunge
G1 Z-0.200 F4000
; cut
G1 X337.116 Y-152.477 F4000
; Retract
G0 Z3.000

; Path 1439
; Rapid to initial position
G0 X337.947 Y-151.190
G0 Z0.000
; plunge
G1 Z-0.200 F4000
; cut
G1 X338.057 Y-151.194 F4000
G1 X343.771 Y-150.660
G1 X349.404 Y-150.133
G1 X355.038 Y-149.607
G1 X360.671 Y-149.080
G1 X361.114 Y-149.039
G1 X361.225 Y-149.029
G1 X361.228 Y-146.176
G1 X361.230 Y-142.941
G1 X361.230 Y-139.706
G1 X361.233 Y-136.471
G1 X361.236 Y-133.235
G1 X361.238 Y-130.000
G1 X361.241 Y-126.765
G1 X361.243 Y-123.530
G1 X361.137 Y-123.528
G1 X361.137 Y-123.528
; Retract
G0 Z3.000

; Path 1440
; Rapid to initial position
G0 X361.080 Y-123.484
G0 Z0.000
; plunge
G1 Z-0.200 F4000
; cut
G1 X361.080 Y-123.426 F4000
; Retract
G0 Z3.000

; Path 1441
; Rapid to initial position
G0 X367.123 Y-121.080
G0 Z0.000
; plunge
G1 Z-0.200 F4000
; cut
G1 X367.123 Y-121.078 F4000
; Retract
G0 Z3.000

; Path 1442
; Rapid to initial position
G0 X351.286 Y-126.475
G0 Z0.000
; plunge
G1 Z-0.200 F4000
; cut
G1 X351.286 Y-126.476 F4000
; Retract
G0 Z3.000

; Path 1443
; Rapid to initial position
G0 X349.562 Y-124.235
G0 Z0.000
; plunge
G1 Z-0.200 F4000
; cut
G1 X349.417 Y-124.047 F4000
; Retract
G0 Z3.000

; Path 1444
; Rapid to initial position
G0 X349.489 Y-124.137
G0 Z0.000
; plunge
G1 Z-0.200 F4000
; cut
G1 X349.489 Y-124.166 F4000
; Retract
G0 Z3.000

; Path 1445
; Rapid to initial position
G0 X345.244 Y-128.823
G0 Z0.000
; plunge
G1 Z-0.200 F4000
; cut
G1 X345.244 Y-128.881 F4000
; Retract
G0 Z3.000

; Path 1446
; Rapid to initial position
G0 X333.725 Y-129.631
G0 Z0.000
; plunge
G1 Z-0.200 F4000
; cut
G1 X333.580 Y-129.443 F4000
; Retract
G0 Z3.000

; Path 1447
; Rapid to initial position
G0 X333.652 Y-129.534
G0 Z0.000
; plunge
G1 Z-0.200 F4000
; cut
G1 X333.652 Y-129.563 F4000
; Retract
G0 Z3.000

; Path 1448
; Rapid to initial position
G0 X323.659 Y-123.013
G0 Z0.000
; plunge
G1 Z-0.200 F4000
; cut
G1 X323.659 Y-120.107 F4000
G1 X323.659 Y-119.282
G1 X323.659 Y-116.047
G1 X323.659 Y-112.811
G1 X323.659 Y-109.576
G1 X323.659 Y-106.341
G1 X323.659 Y-103.106
G1 X323.659 Y-99.870
G1 X323.659 Y-96.635
G1 X323.659 Y-96.571
; Retract
G0 Z3.000

; Path 1449
; Rapid to initial position
G0 X326.912 Y-102.951
G0 Z0.000
; plunge
G1 Z-0.200 F4000
; cut
G1 X327.057 Y-103.139 F4000
; Retract
G0 Z3.000

; Path 1450
; Rapid to initial position
G0 X326.984 Y-103.070
G0 Z0.000
; plunge
G1 Z-0.200 F4000
; cut
G1 X326.984 Y-103.042 F4000
; Retract
G0 Z3.000

; Path 1451
; Rapid to initial position
G0 X329.614 Y-107.342
G0 Z0.000
; plunge
G1 Z-0.200 F4000
; cut
G1 X329.614 Y-107.343 F4000
; Retract
G0 Z3.000

; Path 1452
; Rapid to initial position
G0 X330.158 Y-107.755
G0 Z0.000
; plunge
G1 Z-0.200 F4000
; cut
G1 X330.158 Y-108.008 F4000
; Retract
G0 Z3.000

; Path 1453
; Rapid to initial position
G0 X334.204 Y-96.490
G0 Z0.000
; plunge
G1 Z-0.200 F4000
; cut
G1 X334.204 Y-96.017 F4000
; Retract
G0 Z3.000

; Path 1454
; Rapid to initial position
G0 X310.952 Y-101.093
G0 Z0.000
; plunge
G1 Z-0.200 F4000
; cut
G1 X310.693 Y-100.600 F4000
; Retract
G0 Z3.000

; Path 1455
; Rapid to initial position
G0 X310.823 Y-100.838
G0 Z0.000
; plunge
G1 Z-0.200 F4000
; cut
G1 X310.823 Y-100.914 F4000
; Retract
G0 Z3.000

; Path 1456
; Rapid to initial position
G0 X323.624 Y-122.983
G0 Z0.000
; plunge
G1 Z-0.200 F4000
; cut
G1 X323.624 Y-123.041 F4000
; Retract
G0 Z3.000

; Path 1457
; Rapid to initial position
G0 X314.738 Y-135.719
G0 Z0.000
; plunge
G1 Z-0.200 F4000
; cut
G1 X314.738 Y-135.972 F4000
; Retract
G0 Z3.000

; Path 1458
; Rapid to initial position
G0 X311.979 Y-136.794
G0 Z0.000
; plunge
G1 Z-0.200 F4000
; cut
G1 X311.979 Y-136.816 F4000
; Retract
G0 Z3.000

; Path 1459
; Rapid to initial position
G0 X303.775 Y-142.174
G0 Z0.000
; plunge
G1 Z-0.200 F4000
; cut
G1 X303.775 Y-142.175 F4000
; Retract
G0 Z3.000

; Path 1460
; Rapid to initial position
G0 X303.654 Y-147.102
G0 Z0.000
; plunge
G1 Z-0.200 F4000
; cut
G1 X303.654 Y-150.402 F4000
G1 X303.654 Y-153.637
G1 X303.654 Y-156.873
G1 X303.654 Y-160.108
G1 X303.654 Y-163.343
G1 X303.654 Y-166.578
G1 X303.654 Y-169.813
G1 X303.654 Y-170.563
G1 X303.654 Y-173.545
; Retract
G0 Z3.000

; Path 1461
; Rapid to initial position
G0 X303.620 Y-173.573
G0 Z0.000
; plunge
G1 Z-0.200 F4000
; cut
G1 X303.620 Y-173.515 F4000
; Retract
G0 Z3.000

; Path 1462
; Rapid to initial position
G0 X305.859 Y-174.553
G0 Z0.000
; plunge
G1 Z-0.200 F4000
; cut
G1 X305.859 Y-174.555 F4000
; Retract
G0 Z3.000

; Path 1463
; Rapid to initial position
G0 X315.450 Y-183.343
G0 Z0.000
; plunge
G1 Z-0.200 F4000
; cut
G1 X315.450 Y-183.817 F4000
; Retract
G0 Z3.000

; Path 1464
; Rapid to initial position
G0 X311.403 Y-195.081
G0 Z0.000
; plunge
G1 Z-0.200 F4000
; cut
G1 X311.403 Y-195.335 F4000
; Retract
G0 Z3.000

; Path 1465
; Rapid to initial position
G0 X310.032 Y-200.514
G0 Z0.000
; plunge
G1 Z-0.200 F4000
; cut
G1 X310.032 Y-200.988 F4000
; Retract
G0 Z3.000

; Path 1466
; Rapid to initial position
G0 X305.986 Y-212.252
G0 Z0.000
; plunge
G1 Z-0.200 F4000
; cut
G1 X305.986 Y-212.506 F4000
; Retract
G0 Z3.000

; Path 1467
; Rapid to initial position
G0 X304.963 Y-217.207
G0 Z0.000
; plunge
G1 Z-0.200 F4000
; cut
G1 X309.715 Y-217.312 F4000
G1 X315.420 Y-217.438
G1 X315.581 Y-217.441
G1 X319.136 Y-217.520
G1 X324.841 Y-217.646
G1 X325.011 Y-217.649
G1 X328.586 Y-217.728
G1 X334.291 Y-217.854
G1 X334.477 Y-217.859
G1 X335.134 Y-217.873
G1 X340.839 Y-217.999
G1 X346.544 Y-218.125
G1 X346.582 Y-219.417
G1 X346.586 Y-222.653
G1 X346.590 Y-225.888
G1 X346.594 Y-229.123
G1 X346.597 Y-232.358
G1 X346.601 Y-235.594
G1 X346.601 Y-236.057
G1 X346.604 Y-237.181
G1 X346.608 Y-240.416
G1 X346.611 Y-243.651
G1 X346.611 Y-244.190
G1 X346.614 Y-247.426
G1 X346.614 Y-247.436
; Retract
G0 Z3.000

; Path 1468
; Rapid to initial position
G0 X339.754 Y-254.166
G0 Z0.000
; plunge
G1 Z-0.200 F4000
; cut
G1 X339.648 Y-254.187 F4000
G1 X334.006 Y-255.373
G1 X328.364 Y-256.558
G1 X322.721 Y-257.743
G1 X317.079 Y-258.928
G1 X316.750 Y-258.999
G1 X316.706 Y-258.995
; Retract
G0 Z3.000

; Path 1469
; Rapid to initial position
G0 X315.450 Y-266.254
G0 Z0.000
; plunge
G1 Z-0.200 F4000
; cut
G1 X315.450 Y-266.728 F4000
; Retract
G0 Z3.000

; Path 1470
; Rapid to initial position
G0 X311.403 Y-277.992
G0 Z0.000
; plunge
G1 Z-0.200 F4000
; cut
G1 X311.403 Y-278.246 F4000
; Retract
G0 Z3.000

; Path 1471
; Rapid to initial position
G0 X293.513 Y-272.972
G0 Z0.000
; plunge
G1 Z-0.200 F4000
; cut
G1 X293.154 Y-273.029 F4000
G1 X290.819 Y-273.398
G1 X288.535 Y-273.759
G1 X287.657 Y-273.898
G1 X285.373 Y-274.259
G1 X283.205 Y-274.602
G1 X280.857 Y-274.973
G1 X279.395 Y-275.204
G1 X279.395 Y-275.411
G1 X279.395 Y-275.417
; Retract
G0 Z3.000

; Path 1472
; Rapid to initial position
G0 X276.605 Y-279.256
G0 Z0.000
; plunge
G1 Z-0.200 F4000
; cut
G1 X276.445 Y-279.289 F4000
; Retract
G0 Z3.000

; Path 1473
; Rapid to initial position
G0 X286.435 Y-274.107
G0 Z0.000
; plunge
G1 Z-0.200 F4000
; cut
G1 X286.473 Y-274.101 F4000
; Retract
G0 Z3.000

; Path 1474
; Rapid to initial position
G0 X286.454 Y-274.117
G0 Z0.000
; plunge
G1 Z-0.200 F4000
; cut
G1 X286.454 Y-274.072 F4000
; Retract
G0 Z3.000

; Path 1475
; Rapid to initial position
G0 X285.098 Y-260.143
G0 Z0.000
; plunge
G1 Z-0.200 F4000
; cut
G1 X283.599 Y-260.417 F4000
G1 X281.316 Y-260.834
G1 X280.932 Y-260.905
G1 X278.649 Y-261.322
G1 X276.365 Y-261.739
G1 X274.965 Y-261.128
G1 X274.164 Y-260.778
G1 X271.888 Y-259.787
G1 X269.613 Y-258.794
G1 X267.338 Y-257.802
G1 X265.063 Y-256.809
G1 X265.009 Y-256.837
; Retract
G0 Z3.000

; Path 1476
; Rapid to initial position
G0 X265.021 Y-255.444
G0 Z0.000
; plunge
G1 Z-0.200 F4000
; cut
G1 X265.021 Y-254.970 F4000
; Retract
G0 Z3.000

; Path 1477
; Rapid to initial position
G0 X275.037 Y-259.255
G0 Z0.000
; plunge
G1 Z-0.200 F4000
; cut
G1 X275.102 Y-259.283 F4000
; Retract
G0 Z3.000

; Path 1478
; Rapid to initial position
G0 X277.708 Y-254.054
G0 Z0.000
; plunge
G1 Z-0.200 F4000
; cut
G1 X280.029 Y-255.068 F4000
G1 X282.304 Y-256.061
G1 X284.579 Y-257.053
G1 X286.854 Y-258.046
G1 X287.697 Y-258.415
G1 X289.063 Y-259.011
G1 X289.078 Y-259.008
; Retract
G0 Z3.000

; Path 1479
; Rapid to initial position
G0 X295.234 Y-244.632
G0 Z0.000
; plunge
G1 Z-0.200 F4000
; cut
G1 X291.638 Y-244.495 F4000
G1 X285.931 Y-244.386
G1 X280.225 Y-244.277
G1 X280.059 Y-244.274
G1 X279.827 Y-244.270
G1 X274.121 Y-244.161
G1 X268.414 Y-244.052
G1 X262.708 Y-243.943
G1 X257.002 Y-243.834
G1 X256.898 Y-243.832
G1 X256.061 Y-243.816
; Retract
G0 Z3.000

; Path 1480
; Rapid to initial position
G0 X255.568 Y-242.882
G0 Z0.000
; plunge
G1 Z-0.200 F4000
; cut
G1 X255.462 Y-242.904 F4000
G1 X249.820 Y-244.089
G1 X244.178 Y-245.274
G1 X238.536 Y-246.459
G1 X232.894 Y-247.644
G1 X232.564 Y-247.715
G1 X232.520 Y-247.711
; Retract
G0 Z3.000

; Path 1481
; Rapid to initial position
G0 X234.670 Y-248.859
G0 Z0.000
; plunge
G1 Z-0.200 F4000
; cut
G1 X233.171 Y-249.133 F4000
G1 X230.888 Y-249.550
G1 X230.504 Y-249.621
G1 X228.221 Y-250.038
G1 X225.937 Y-250.455
G1 X224.537 Y-249.844
G1 X223.735 Y-249.495
G1 X221.460 Y-248.503
G1 X219.185 Y-247.510
G1 X216.910 Y-246.518
G1 X214.635 Y-245.525
G1 X214.581 Y-245.553
; Retract
G0 Z3.000

; Path 1482
; Rapid to initial position
G0 X218.092 Y-242.404
G0 Z0.000
; plunge
G1 Z-0.200 F4000
; cut
G1 X218.173 Y-242.407 F4000
; Retract
G0 Z3.000

; Path 1483
; Rapid to initial position
G0 X218.133 Y-242.059
G0 Z0.000
; plunge
G1 Z-0.200 F4000
; cut
G1 X217.344 Y-242.017 F4000
G1 X217.208 Y-242.010
G1 X212.006 Y-241.737
G1 X206.321 Y-241.438
G1 X200.636 Y-241.139
G1 X194.951 Y-240.840
; Retract
G0 Z3.000

; Path 1484
; Rapid to initial position
G0 X197.627 Y-242.179
G0 Z0.000
; plunge
G1 Z-0.200 F4000
; cut
G1 X197.627 Y-242.432 F4000
; Retract
G0 Z3.000

; Path 1485
; Rapid to initial position
G0 X187.328 Y-227.868
G0 Z0.000
; plunge
G1 Z-0.200 F4000
; cut
G1 X187.494 Y-227.865 F4000
G1 X191.090 Y-227.796
G1 X196.797 Y-227.687
G1 X202.503 Y-227.578
G1 X202.809 Y-227.594
G1 X208.494 Y-227.893
G1 X214.179 Y-228.193
G1 X219.864 Y-228.492
G1 X225.549 Y-228.792
G1 X225.685 Y-228.799
G1 X225.685 Y-228.785
; Retract
G0 Z3.000

; Path 1486
; Rapid to initial position
G0 X227.791 Y-223.225
G0 Z0.000
; plunge
G1 Z-0.200 F4000
; cut
G1 X227.987 Y-223.217 F4000
; Retract
G0 Z3.000

; Path 1487
; Rapid to initial position
G0 X226.139 Y-222.459
G0 Z0.000
; plunge
G1 Z-0.200 F4000
; cut
G1 X231.828 Y-222.105 F4000
G1 X236.487 Y-221.879
G1 X236.648 Y-221.871
G1 X242.361 Y-221.594
G1 X245.931 Y-221.421
G1 X246.101 Y-221.413
G1 X251.817 Y-221.135
G1 X255.458 Y-220.959
G1 X261.163 Y-221.077
G1 X266.869 Y-221.196
G1 X271.088 Y-221.284
G1 X271.251 Y-221.288
G1 X276.987 Y-221.407
G1 X282.692 Y-221.526
G1 X288.398 Y-221.644
G1 X294.104 Y-221.763
G1 X296.130 Y-221.805
G1 X296.130 Y-221.882
; Retract
G0 Z3.000

; Path 1488
; Rapid to initial position
G0 X301.275 Y-215.765
G0 Z0.000
; plunge
G1 Z-0.200 F4000
; cut
G1 X301.275 Y-215.764 F4000
; Retract
G0 Z3.000

; Path 1489
; Rapid to initial position
G0 X309.363 Y-217.456
G0 Z0.000
; plunge
G1 Z-0.200 F4000
; cut
G1 X309.444 Y-217.452 F4000
; Retract
G0 Z3.000

; Path 1490
; Rapid to initial position
G0 X317.327 Y-218.732
G0 Z0.000
; plunge
G1 Z-0.200 F4000
; cut
G1 X317.471 Y-218.920 F4000
; Retract
G0 Z3.000

; Path 1491
; Rapid to initial position
G0 X317.399 Y-218.852
G0 Z0.000
; plunge
G1 Z-0.200 F4000
; cut
G1 X317.399 Y-218.823 F4000
; Retract
G0 Z3.000

; Path 1492
; Rapid to initial position
G0 X328.654 Y-229.314
G0 Z0.000
; plunge
G1 Z-0.200 F4000
; cut
G1 X328.654 Y-229.386 F4000
; Retract
G0 Z3.000

; Path 1493
; Rapid to initial position
G0 X328.622 Y-229.359
G0 Z0.000
; plunge
G1 Z-0.200 F4000
; cut
G1 X328.556 Y-232.567 F4000
G1 X328.558 Y-235.803
G1 X328.560 Y-239.038
G1 X328.562 Y-242.273
G1 X328.564 Y-245.508
G1 X328.566 Y-248.744
G1 X328.568 Y-251.979
G1 X328.571 Y-255.214
G1 X328.688 Y-255.230
G1 X329.159 Y-255.247
G1 X333.531 Y-255.395
G1 X339.231 Y-255.588
G1 X344.930 Y-255.782
G1 X350.629 Y-255.975
G1 X356.328 Y-256.168
G1 X362.028 Y-256.362
G1 X367.728 Y-256.555
G1 X367.793 Y-256.549
; Retract
G0 Z3.000

; Path 1494
; Rapid to initial position
G0 X367.825 Y-256.522
G0 Z0.000
; plunge
G1 Z-0.200 F4000
; cut
G1 X367.825 Y-256.500 F4000
; Retract
G0 Z3.000

; Path 1495
; Rapid to initial position
G0 X356.285 Y-257.159
G0 Z0.000
; plunge
G1 Z-0.200 F4000
; cut
G1 X356.394 Y-257.163 F4000
G1 X362.108 Y-256.629
G1 X367.741 Y-256.103
G1 X373.375 Y-255.576
G1 X379.009 Y-255.049
G1 X379.452 Y-255.008
G1 X379.562 Y-254.998
G1 X379.565 Y-252.146
G1 X379.568 Y-248.910
G1 X379.568 Y-245.675
G1 X379.570 Y-242.440
G1 X379.573 Y-239.205
G1 X379.576 Y-235.969
G1 X379.578 Y-232.734
G1 X379.581 Y-229.499
G1 X379.474 Y-229.497
G1 X379.474 Y-229.497
; Retract
G0 Z3.000

; Path 1496
; Rapid to initial position
G0 X379.418 Y-229.454
G0 Z0.000
; plunge
G1 Z-0.200 F4000
; cut
G1 X379.418 Y-229.396 F4000
; Retract
G0 Z3.000

; Path 1497
; Rapid to initial position
G0 X385.460 Y-227.049
G0 Z0.000
; plunge
G1 Z-0.200 F4000
; cut
G1 X385.460 Y-227.047 F4000
; Retract
G0 Z3.000

; Path 1498
; Rapid to initial position
G0 X379.420 Y-255.915
G0 Z0.000
; plunge
G1 Z-0.200 F4000
; cut
G1 X375.823 Y-255.779 F4000
G1 X370.117 Y-255.670
G1 X364.411 Y-255.561
G1 X364.245 Y-255.558
G1 X364.013 Y-255.553
G1 X358.307 Y-255.444
G1 X352.600 Y-255.336
G1 X346.894 Y-255.227
G1 X341.188 Y-255.118
G1 X341.084 Y-255.116
G1 X340.247 Y-255.100
; Retract
G0 Z3.000

; Path 1499
; Rapid to initial position
G0 X308.486 Y-248.810
G0 Z0.000
; plunge
G1 Z-0.200 F4000
; cut
G1 X308.486 Y-248.556 F4000
; Retract
G0 Z3.000

; Path 1500
; Rapid to initial position
G0 X335.032 Y-215.765
G0 Z0.000
; plunge
G1 Z-0.200 F4000
; cut
G1 X335.032 Y-215.764 F4000
; Retract
G0 Z3.000

; Path 1501
; Rapid to initial position
G0 X354.373 Y-163.000
G0 Z0.000
; plunge
G1 Z-0.200 F4000
; cut
G1 X354.454 Y-162.996 F4000
; Retract
G0 Z3.000

; Path 1502
; Rapid to initial position
G0 X311.820 Y-159.030
G0 Z0.000
; plunge
G1 Z-0.200 F4000
; cut
G1 X311.820 Y-158.777 F4000
; Retract
G0 Z3.000

; Path 1503
; Rapid to initial position
G0 X309.610 Y-157.874
G0 Z0.000
; plunge
G1 Z-0.200 F4000
; cut
G1 X309.610 Y-157.873 F4000
; Retract
G0 Z3.000

; Path 1504
; Rapid to initial position
G0 X311.487 Y-154.514
G0 Z0.000
; plunge
G1 Z-0.200 F4000
; cut
G1 X310.699 Y-154.555 F4000
G1 X310.563 Y-154.562
G1 X305.361 Y-154.836
G1 X299.675 Y-155.135
G1 X293.990 Y-155.434
G1 X288.305 Y-155.733
; Retract
G0 Z3.000

; Path 1505
; Rapid to initial position
G0 X286.890 Y-154.885
G0 Z0.000
; plunge
G1 Z-0.200 F4000
; cut
G1 X286.852 Y-154.892 F4000
; Retract
G0 Z3.000

; Path 1506
; Rapid to initial position
G0 X286.871 Y-154.902
G0 Z0.000
; plunge
G1 Z-0.200 F4000
; cut
G1 X286.871 Y-154.857 F4000
; Retract
G0 Z3.000

; Path 1507
; Rapid to initial position
G0 X288.077 Y-147.116
G0 Z0.000
; plunge
G1 Z-0.200 F4000
; cut
G1 X288.249 Y-147.128 F4000
; Retract
G0 Z3.000

; Path 1508
; Rapid to initial position
G0 X286.214 Y-145.330
G0 Z0.000
; plunge
G1 Z-0.200 F4000
; cut
G1 X286.069 Y-145.142 F4000
; Retract
G0 Z3.000

; Path 1509
; Rapid to initial position
G0 X286.142 Y-145.233
G0 Z0.000
; plunge
G1 Z-0.200 F4000
; cut
G1 X286.142 Y-145.262 F4000
; Retract
G0 Z3.000

; Path 1510
; Rapid to initial position
G0 X297.785 Y-157.816
G0 Z0.000
; plunge
G1 Z-0.200 F4000
; cut
G1 X297.785 Y-157.873 F4000
; Retract
G0 Z3.000

; Path 1511
; Rapid to initial position
G0 X311.447 Y-154.169
G0 Z0.000
; plunge
G1 Z-0.200 F4000
; cut
G1 X311.527 Y-154.165 F4000
; Retract
G0 Z3.000

; Path 1512
; Rapid to initial position
G0 X257.041 Y-143.368
G0 Z0.000
; plunge
G1 Z-0.200 F4000
; cut
G1 X256.896 Y-143.180 F4000
; Retract
G0 Z3.000

; Path 1513
; Rapid to initial position
G0 X256.968 Y-143.271
G0 Z0.000
; plunge
G1 Z-0.200 F4000
; cut
G1 X256.968 Y-143.299 F4000
; Retract
G0 Z3.000

; Path 1514
; Rapid to initial position
G0 X248.973 Y-142.249
G0 Z0.000
; plunge
G1 Z-0.200 F4000
; cut
G1 X248.184 Y-142.290 F4000
G1 X248.049 Y-142.297
G1 X242.847 Y-142.571
G1 X237.161 Y-142.870
G1 X231.476 Y-143.169
G1 X225.791 Y-143.468
; Retract
G0 Z3.000

; Path 1515
; Rapid to initial position
G0 X245.150 Y-138.285
G0 Z0.000
; plunge
G1 Z-0.200 F4000
; cut
G1 X245.322 Y-138.297 F4000
; Retract
G0 Z3.000

; Path 1516
; Rapid to initial position
G0 X248.933 Y-141.904
G0 Z0.000
; plunge
G1 Z-0.200 F4000
; cut
G1 X249.013 Y-141.900 F4000
; Retract
G0 Z3.000

; Path 1517
; Rapid to initial position
G0 X259.320 Y-112.283
G0 Z0.000
; plunge
G1 Z-0.200 F4000
; cut
G1 X259.492 Y-112.296 F4000
; Retract
G0 Z3.000

; Path 1518
; Rapid to initial position
G0 X237.573 Y-107.436
G0 Z0.000
; plunge
G1 Z-0.200 F4000
; cut
G1 X237.376 Y-107.443 F4000
; Retract
G0 Z3.000

; Path 1519
; Rapid to initial position
G0 X242.765 Y-88.765
G0 Z0.000
; plunge
G1 Z-0.200 F4000
; cut
G1 X237.000 Y-88.577 F4000
G1 X231.300 Y-88.384
G1 X225.601 Y-88.190
G1 X219.901 Y-87.997
G1 X214.202 Y-87.804
G1 X208.503 Y-87.610
G1 X204.130 Y-87.462
G1 X203.660 Y-87.446
G1 X203.542 Y-87.442
G1 X203.540 Y-84.194
G1 X203.537 Y-80.959
G1 X203.536 Y-77.724
G1 X203.533 Y-74.489
G1 X203.531 Y-71.253
G1 X203.530 Y-68.018
G1 X203.527 Y-64.783
G1 X203.525 Y-61.578
G1 X203.593 Y-61.574
; Retract
G0 Z3.000

; Path 1520
; Rapid to initial position
G0 X203.626 Y-61.602
G0 Z0.000
; plunge
G1 Z-0.200 F4000
; cut
G1 X203.626 Y-61.529 F4000
; Retract
G0 Z3.000

; Path 1521
; Rapid to initial position
G0 X199.585 Y-60.245
G0 Z0.000
; plunge
G1 Z-0.200 F4000
; cut
G1 X199.585 Y-60.244 F4000
; Retract
G0 Z3.000

; Path 1522
; Rapid to initial position
G0 X200.633 Y-67.628
G0 Z0.000
; plunge
G1 Z-0.200 F4000
; cut
G1 X200.778 Y-67.816 F4000
; Retract
G0 Z3.000

; Path 1523
; Rapid to initial position
G0 X200.705 Y-67.747
G0 Z0.000
; plunge
G1 Z-0.200 F4000
; cut
G1 X200.705 Y-67.719 F4000
; Retract
G0 Z3.000

; Path 1524
; Rapid to initial position
G0 X198.285 Y-72.821
G0 Z0.000
; plunge
G1 Z-0.200 F4000
; cut
G1 X203.970 Y-72.523 F4000
G1 X209.655 Y-72.224
G1 X215.340 Y-71.925
G1 X220.542 Y-71.651
G1 X220.678 Y-71.644
G1 X221.467 Y-71.603
; Retract
G0 Z3.000

; Path 1525
; Rapid to initial position
G0 X221.467 Y-71.603
G0 Z0.000
; plunge
G1 Z-0.200 F4000
; cut
G1 X220.678 Y-71.644 F4000
G1 X220.542 Y-71.651
G1 X215.340 Y-71.925
G1 X209.655 Y-72.224
G1 X203.970 Y-72.523
G1 X198.285 Y-72.821
; Retract
G0 Z3.000

; Path 1526
; Rapid to initial position
G0 X198.285 Y-72.821
G0 Z0.000
; plunge
G1 Z-0.200 F4000
; cut
G1 X203.970 Y-72.523 F4000
G1 X209.655 Y-72.224
G1 X215.340 Y-71.925
G1 X220.542 Y-71.651
G1 X220.678 Y-71.644
G1 X221.467 Y-71.603
; Retract
G0 Z3.000

; Path 1527
; Rapid to initial position
G0 X221.467 Y-71.603
G0 Z0.000
; plunge
G1 Z-0.200 F4000
; cut
G1 X220.678 Y-71.644 F4000
G1 X220.542 Y-71.651
G1 X215.340 Y-71.925
G1 X209.655 Y-72.224
G1 X203.970 Y-72.523
G1 X198.285 Y-72.821
; Retract
G0 Z3.000

; Path 1528
; Rapid to initial position
G0 X198.285 Y-72.821
G0 Z0.000
; plunge
G1 Z-0.200 F4000
; cut
G1 X203.970 Y-72.523 F4000
G1 X209.655 Y-72.224
G1 X215.340 Y-71.925
G1 X220.542 Y-71.651
G1 X220.678 Y-71.644
G1 X221.467 Y-71.603
; Retract
G0 Z3.000

; Path 1529
; Rapid to initial position
G0 X221.467 Y-71.603
G0 Z0.000
; plunge
G1 Z-0.200 F4000
; cut
G1 X220.678 Y-71.644 F4000
G1 X220.542 Y-71.651
G1 X215.340 Y-71.925
G1 X209.655 Y-72.224
G1 X203.970 Y-72.523
G1 X198.285 Y-72.821
; Retract
G0 Z3.000

; Path 1530
; Rapid to initial position
G0 X198.285 Y-72.821
G0 Z0.000
; plunge
G1 Z-0.200 F4000
; cut
G1 X203.970 Y-72.523 F4000
G1 X209.655 Y-72.224
G1 X215.340 Y-71.925
G1 X220.542 Y-71.651
G1 X220.678 Y-71.644
G1 X221.467 Y-71.603
; Retract
G0 Z3.000

; Path 1531
; Rapid to initial position
G0 X221.426 Y-71.258
G0 Z0.000
; plunge
G1 Z-0.200 F4000
; cut
G1 X221.507 Y-71.254 F4000
; Retract
G0 Z3.000

; Path 1532
; Rapid to initial position
G0 X221.507 Y-71.254
G0 Z0.000
; plunge
G1 Z-0.200 F4000
; cut
G1 X221.426 Y-71.258 F4000
; Retract
G0 Z3.000

; Path 1533
; Rapid to initial position
G0 X221.426 Y-71.258
G0 Z0.000
; plunge
G1 Z-0.200 F4000
; cut
G1 X221.507 Y-71.254 F4000
; Retract
G0 Z3.000

; Path 1534
; Rapid to initial position
G0 X221.507 Y-71.254
G0 Z0.000
; plunge
G1 Z-0.200 F4000
; cut
G1 X221.426 Y-71.258 F4000
; Retract
G0 Z3.000

; Path 1535
; Rapid to initial position
G0 X221.426 Y-71.258
G0 Z0.000
; plunge
G1 Z-0.200 F4000
; cut
G1 X221.507 Y-71.254 F4000
; Retract
G0 Z3.000

; Path 1536
; Rapid to initial position
G0 X221.507 Y-71.254
G0 Z0.000
; plunge
G1 Z-0.200 F4000
; cut
G1 X221.426 Y-71.258 F4000
; Retract
G0 Z3.000

; Path 1537
; Rapid to initial position
G0 X221.426 Y-71.258
G0 Z0.000
; plunge
G1 Z-0.200 F4000
; cut
G1 X221.507 Y-71.254 F4000
; Retract
G0 Z3.000

; Path 1538
; Rapid to initial position
G0 X218.137 Y-75.968
G0 Z0.000
; plunge
G1 Z-0.200 F4000
; cut
G1 X218.282 Y-76.156 F4000
; Retract
G0 Z3.000

; Path 1539
; Rapid to initial position
G0 X218.209 Y-76.088
G0 Z0.000
; plunge
G1 Z-0.200 F4000
; cut
G1 X218.209 Y-76.059 F4000
; Retract
G0 Z3.000

; Path 1540
; Rapid to initial position
G0 X212.349 Y-80.301
G0 Z0.000
; plunge
G1 Z-0.200 F4000
; cut
G1 X212.349 Y-80.359 F4000
; Retract
G0 Z3.000

; Path 1541
; Rapid to initial position
G0 X210.254 Y-74.688
G0 Z0.000
; plunge
G1 Z-0.200 F4000
; cut
G1 X210.174 Y-74.692 F4000
; Retract
G0 Z3.000

; Path 1542
; Rapid to initial position
G0 X212.296 Y-67.066
G0 Z0.000
; plunge
G1 Z-0.200 F4000
; cut
G1 X212.296 Y-67.008 F4000
; Retract
G0 Z3.000

; Path 1543
; Rapid to initial position
G0 X193.155 Y-69.108
G0 Z0.000
; plunge
G1 Z-0.200 F4000
; cut
G1 X193.116 Y-65.872 F4000
G1 X193.114 Y-62.636
G1 X193.112 Y-59.401
G1 X193.110 Y-56.166
G1 X193.107 Y-52.931
G1 X193.106 Y-49.695
G1 X193.104 Y-46.460
G1 X193.101 Y-43.246
G1 X193.206 Y-43.241
; Retract
G0 Z3.000

; Path 1544
; Rapid to initial position
G0 X190.666 Y-83.028
G0 Z0.000
; plunge
G1 Z-0.200 F4000
; cut
G1 X190.586 Y-83.032 F4000
; Retract
G0 Z3.000

; Path 1545
; Rapid to initial position
G0 X190.626 Y-83.377
G0 Z0.000
; plunge
G1 Z-0.200 F4000
; cut
G1 X189.838 Y-83.418 F4000
G1 X189.702 Y-83.426
G1 X184.500 Y-83.699
G1 X178.814 Y-83.998
G1 X173.129 Y-84.297
G1 X167.444 Y-84.596
; Retract
G0 Z3.000

; Path 1546
; Rapid to initial position
G0 X169.161 Y-93.114
G0 Z0.000
; plunge
G1 Z-0.200 F4000
; cut
G1 X169.161 Y-93.116 F4000
; Retract
G0 Z3.000

; Path 1547
; Rapid to initial position
G0 X173.039 Y-120.510
G0 Z0.000
; plunge
G1 Z-0.200 F4000
; cut
G1 X173.039 Y-120.764 F4000
; Retract
G0 Z3.000

; Path 1548
; Rapid to initial position
G0 X173.039 Y-120.764
G0 Z0.000
; plunge
G1 Z-0.200 F4000
; cut
G1 X173.039 Y-120.510 F4000
; Retract
G0 Z3.000

; Path 1549
; Rapid to initial position
G0 X173.039 Y-120.510
G0 Z0.000
; plunge
G1 Z-0.200 F4000
; cut
G1 X173.039 Y-120.764 F4000
; Retract
G0 Z3.000

; Path 1550
; Rapid to initial position
G0 X173.039 Y-120.764
G0 Z0.000
; plunge
G1 Z-0.200 F4000
; cut
G1 X173.039 Y-120.510 F4000
; Retract
G0 Z3.000

; Path 1551
; Rapid to initial position
G0 X173.039 Y-120.510
G0 Z0.000
; plunge
G1 Z-0.200 F4000
; cut
G1 X173.039 Y-120.764 F4000
; Retract
G0 Z3.000

; Path 1552
; Rapid to initial position
G0 X173.039 Y-120.764
G0 Z0.000
; plunge
G1 Z-0.200 F4000
; cut
G1 X173.039 Y-120.510 F4000
; Retract
G0 Z3.000

; Path 1553
; Rapid to initial position
G0 X173.039 Y-120.510
G0 Z0.000
; plunge
G1 Z-0.200 F4000
; cut
G1 X173.039 Y-120.764 F4000
; Retract
G0 Z3.000

; Path 1554
; Rapid to initial position
G0 X188.888 Y-149.078
G0 Z0.000
; plunge
G1 Z-0.200 F4000
; cut
G1 X189.059 Y-149.091 F4000
; Retract
G0 Z3.000

; Path 1555
; Rapid to initial position
G0 X194.920 Y-194.383
G0 Z0.000
; plunge
G1 Z-0.200 F4000
; cut
G1 X194.759 Y-194.416 F4000
; Retract
G0 Z3.000

; Path 1556
; Rapid to initial position
G0 X189.114 Y-197.222
G0 Z0.000
; plunge
G1 Z-0.200 F4000
; cut
G1 X188.870 Y-197.218 F4000
G1 X188.626 Y-197.213
; Retract
G0 Z3.000

; Path 1557
; Rapid to initial position
G0 X190.010 Y-216.313
G0 Z0.000
; plunge
G1 Z-0.200 F4000
; cut
G1 X190.384 Y-216.246 F4000
G1 X196.026 Y-215.061
G1 X201.668 Y-213.876
G1 X207.310 Y-212.691
G1 X212.952 Y-211.505
G1 X213.058 Y-211.484
; Retract
G0 Z3.000

; Path 1558
; Rapid to initial position
G0 X213.552 Y-212.418
G0 Z0.000
; plunge
G1 Z-0.200 F4000
; cut
G1 X214.388 Y-212.434 F4000
G1 X214.492 Y-212.435
G1 X220.199 Y-212.545
G1 X225.905 Y-212.654
G1 X231.611 Y-212.762
G1 X237.318 Y-212.871
G1 X237.549 Y-212.876
G1 X237.716 Y-212.879
G1 X243.422 Y-212.988
G1 X249.128 Y-213.097
G1 X252.724 Y-213.165
G1 X252.724 Y-213.233
; Retract
G0 Z3.000

; Path 1559
; Rapid to initial position
G0 X251.446 Y-219.616
G0 Z0.000
; plunge
G1 Z-0.200 F4000
; cut
G1 X251.446 Y-219.661 F4000
; Retract
G0 Z3.000

; Path 1560
; Rapid to initial position
G0 X251.427 Y-219.651
G0 Z0.000
; plunge
G1 Z-0.200 F4000
; cut
G1 X251.465 Y-219.644 F4000
; Retract
G0 Z3.000

; Path 1561
; Rapid to initial position
G0 X241.597 Y-224.800
G0 Z0.000
; plunge
G1 Z-0.200 F4000
; cut
G1 X241.437 Y-224.833 F4000
; Retract
G0 Z3.000

; Path 1562
; Rapid to initial position
G0 X237.806 Y-228.425
G0 Z0.000
; plunge
G1 Z-0.200 F4000
; cut
G1 X237.806 Y-231.330 F4000
G1 X237.806 Y-232.156
G1 X237.806 Y-235.391
G1 X237.806 Y-238.626
G1 X237.806 Y-241.861
G1 X237.806 Y-245.097
G1 X237.806 Y-248.332
G1 X237.806 Y-251.567
G1 X237.806 Y-254.802
G1 X237.806 Y-254.867
; Retract
G0 Z3.000

; Path 1563
; Rapid to initial position
G0 X231.264 Y-254.970
G0 Z0.000
; plunge
G1 Z-0.200 F4000
; cut
G1 X231.264 Y-255.444 F4000
; Retract
G0 Z3.000

; Path 1564
; Rapid to initial position
G0 X236.026 Y-262.789
G0 Z0.000
; plunge
G1 Z-0.200 F4000
; cut
G1 X236.026 Y-262.834 F4000
; Retract
G0 Z3.000

; Path 1565
; Rapid to initial position
G0 X236.007 Y-262.823
G0 Z0.000
; plunge
G1 Z-0.200 F4000
; cut
G1 X236.045 Y-262.817 F4000
; Retract
G0 Z3.000

; Path 1566
; Rapid to initial position
G0 X243.085 Y-261.688
G0 Z0.000
; plunge
G1 Z-0.200 F4000
; cut
G1 X242.726 Y-261.745 F4000
G1 X240.391 Y-262.114
G1 X238.107 Y-262.475
G1 X237.229 Y-262.614
G1 X234.945 Y-262.975
G1 X232.777 Y-263.318
G1 X230.429 Y-263.689
G1 X228.967 Y-263.920
G1 X228.967 Y-264.127
G1 X228.967 Y-264.133
; Retract
G0 Z3.000

; Path 1567
; Rapid to initial position
G0 X227.218 Y-266.709
G0 Z0.000
; plunge
G1 Z-0.200 F4000
; cut
G1 X227.218 Y-266.962 F4000
; Retract
G0 Z3.000

; Path 1568
; Rapid to initial position
G0 X226.177 Y-267.972
G0 Z0.000
; plunge
G1 Z-0.200 F4000
; cut
G1 X226.016 Y-268.006 F4000
; Retract
G0 Z3.000

; Path 1569
; Rapid to initial position
G0 X209.327 Y-261.688
G0 Z0.000
; plunge
G1 Z-0.200 F4000
; cut
G1 X208.968 Y-261.745 F4000
G1 X206.633 Y-262.114
G1 X204.349 Y-262.475
G1 X203.471 Y-262.614
G1 X201.187 Y-262.975
G1 X199.019 Y-263.318
G1 X196.671 Y-263.689
G1 X195.209 Y-263.920
G1 X195.209 Y-264.127
G1 X195.209 Y-264.133
; Retract
G0 Z3.000

; Path 1570
; Rapid to initial position
G0 X192.419 Y-267.972
G0 Z0.000
; plunge
G1 Z-0.200 F4000
; cut
G1 X192.259 Y-268.006 F4000
; Retract
G0 Z3.000

; Path 1571
; Rapid to initial position
G0 X202.249 Y-262.823
G0 Z0.000
; plunge
G1 Z-0.200 F4000
; cut
G1 X202.287 Y-262.817 F4000
; Retract
G0 Z3.000

; Path 1572
; Rapid to initial position
G0 X202.268 Y-262.834
G0 Z0.000
; plunge
G1 Z-0.200 F4000
; cut
G1 X202.268 Y-262.789 F4000
; Retract
G0 Z3.000

; Path 1573
; Rapid to initial position
G0 X224.609 Y-247.972
G0 Z0.000
; plunge
G1 Z-0.200 F4000
; cut
G1 X224.674 Y-247.999 F4000
; Retract
G0 Z3.000

; Path 1574
; Rapid to initial position
G0 X227.280 Y-242.771
G0 Z0.000
; plunge
G1 Z-0.200 F4000
; cut
G1 X229.600 Y-243.784 F4000
G1 X231.876 Y-244.777
G1 X234.151 Y-245.770
G1 X236.426 Y-246.763
G1 X237.269 Y-247.131
G1 X238.635 Y-247.728
G1 X238.650 Y-247.724
; Retract
G0 Z3.000

; Path 1575
; Rapid to initial position
G0 X237.719 Y-241.748
G0 Z0.000
; plunge
G1 Z-0.200 F4000
; cut
G1 X237.719 Y-241.690 F4000
; Retract
G0 Z3.000

; Path 1576
; Rapid to initial position
G0 X237.775 Y-241.647
G0 Z0.000
; plunge
G1 Z-0.200 F4000
; cut
G1 X237.882 Y-241.645 F4000
G1 X237.880 Y-238.409
G1 X237.877 Y-235.174
G1 X237.875 Y-231.939
G1 X237.872 Y-228.704
G1 X237.870 Y-225.468
G1 X237.870 Y-222.233
G1 X237.868 Y-218.998
G1 X237.865 Y-216.146
G1 X237.759 Y-216.136
G1 X237.312 Y-216.094
G1 X231.678 Y-215.568
G1 X226.044 Y-215.041
G1 X220.411 Y-214.515
G1 X214.697 Y-213.981
G1 X214.587 Y-213.984
; Retract
G0 Z3.000

; Path 1577
; Rapid to initial position
G0 X206.796 Y-214.215
G0 Z0.000
; plunge
G1 Z-0.200 F4000
; cut
G1 X206.796 Y-214.468 F4000
; Retract
G0 Z3.000

; Path 1578
; Rapid to initial position
G0 X206.852 Y-221.578
G0 Z0.000
; plunge
G1 Z-0.200 F4000
; cut
G1 X206.852 Y-221.623 F4000
; Retract
G0 Z3.000

; Path 1579
; Rapid to initial position
G0 X206.834 Y-221.613
G0 Z0.000
; plunge
G1 Z-0.200 F4000
; cut
G1 X206.871 Y-221.607 F4000
; Retract
G0 Z3.000

; Path 1580
; Rapid to initial position
G0 X204.915 Y-223.707
G0 Z0.000
; plunge
G1 Z-0.200 F4000
; cut
G1 X204.912 Y-226.953 F4000
G1 X204.912 Y-227.407
G1 X204.909 Y-230.728
G1 X204.905 Y-233.963
G1 X204.902 Y-235.031
G1 X204.902 Y-235.477
G1 X204.898 Y-238.785
G1 X204.895 Y-242.020
G1 X204.891 Y-245.256
G1 X204.887 Y-248.491
G1 X204.883 Y-251.726
G1 X204.881 Y-252.944
G1 X199.140 Y-253.145
G1 X193.435 Y-253.271
G1 X192.778 Y-253.285
G1 X192.592 Y-253.289
G1 X186.887 Y-253.415
G1 X183.312 Y-253.494
G1 X183.142 Y-253.498
G1 X177.437 Y-253.624
G1 X173.882 Y-253.702
G1 X173.721 Y-253.706
G1 X168.016 Y-253.832
G1 X163.348 Y-253.935
G1 X163.264 Y-253.937
; Retract
G0 Z3.000

; Path 1581
; Rapid to initial position
G0 X162.669 Y-243.476
G0 Z0.000
; plunge
G1 Z-0.200 F4000
; cut
G1 X162.829 Y-243.443 F4000
; Retract
G0 Z3.000

; Path 1582
; Rapid to initial position
G0 X151.968 Y-258.275
G0 Z0.000
; plunge
G1 Z-0.200 F4000
; cut
G1 X151.796 Y-258.288 F4000
; Retract
G0 Z3.000

; Path 1583
; Rapid to initial position
G0 X188.754 Y-224.046
G0 Z0.000
; plunge
G1 Z-0.200 F4000
; cut
G1 X188.754 Y-223.572 F4000
; Retract
G0 Z3.000

; Path 1584
; Rapid to initial position
G0 X209.843 Y-226.467
G0 Z0.000
; plunge
G1 Z-0.200 F4000
; cut
G1 X209.843 Y-227.132 F4000
; Retract
G0 Z3.000

; Path 1585
; Rapid to initial position
G0 X217.799 Y-238.424
G0 Z0.000
; plunge
G1 Z-0.200 F4000
; cut
G1 X218.044 Y-238.428 F4000
G1 X218.287 Y-238.432
; Retract
G0 Z3.000

; Path 1586
; Rapid to initial position
G0 X226.056 Y-241.128
G0 Z0.000
; plunge
G1 Z-0.200 F4000
; cut
G1 X226.200 Y-240.940 F4000
; Retract
G0 Z3.000

; Path 1587
; Rapid to initial position
G0 X226.128 Y-241.008
G0 Z0.000
; plunge
G1 Z-0.200 F4000
; cut
G1 X226.128 Y-241.037 F4000
; Retract
G0 Z3.000

; Path 1588
; Rapid to initial position
G0 X231.802 Y-225.752
G0 Z0.000
; plunge
G1 Z-0.200 F4000
; cut
G1 X231.802 Y-225.498 F4000
; Retract
G0 Z3.000

; Path 1589
; Rapid to initial position
G0 X237.771 Y-228.397
G0 Z0.000
; plunge
G1 Z-0.200 F4000
; cut
G1 X237.771 Y-228.454 F4000
; Retract
G0 Z3.000

; Path 1590
; Rapid to initial position
G0 X243.761 Y-244.095
G0 Z0.000
; plunge
G1 Z-0.200 F4000
; cut
G1 X243.761 Y-244.096 F4000
; Retract
G0 Z3.000

; Path 1591
; Rapid to initial position
G0 X260.975 Y-266.709
G0 Z0.000
; plunge
G1 Z-0.200 F4000
; cut
G1 X260.975 Y-266.962 F4000
; Retract
G0 Z3.000

; Path 1592
; Rapid to initial position
G0 X242.797 Y-88.738
G0 Z0.000
; plunge
G1 Z-0.200 F4000
; cut
G1 X242.797 Y-88.715 F4000
; Retract
G0 Z3.000

; Path 1593
; Rapid to initial position
G0 X241.106 Y-85.265
G0 Z0.000
; plunge
G1 Z-0.200 F4000
; cut
G1 X241.106 Y-85.207 F4000
; Retract
G0 Z3.000

; Path 1594
; Rapid to initial position
G0 X241.106 Y-85.207
G0 Z0.000
; plunge
G1 Z-0.200 F4000
; cut
G1 X241.106 Y-85.265 F4000
; Retract
G0 Z3.000

; Path 1595
; Rapid to initial position
G0 X241.106 Y-85.265
G0 Z0.000
; plunge
G1 Z-0.200 F4000
; cut
G1 X241.106 Y-85.207 F4000
; Retract
G0 Z3.000

; Path 1596
; Rapid to initial position
G0 X241.106 Y-85.207
G0 Z0.000
; plunge
G1 Z-0.200 F4000
; cut
G1 X241.106 Y-85.265 F4000
; Retract
G0 Z3.000

; Path 1597
; Rapid to initial position
G0 X241.106 Y-85.265
G0 Z0.000
; plunge
G1 Z-0.200 F4000
; cut
G1 X241.106 Y-85.207 F4000
; Retract
G0 Z3.000

; Path 1598
; Rapid to initial position
G0 X241.106 Y-85.207
G0 Z0.000
; plunge
G1 Z-0.200 F4000
; cut
G1 X241.106 Y-85.265 F4000
; Retract
G0 Z3.000

; Path 1599
; Rapid to initial position
G0 X241.106 Y-85.265
G0 Z0.000
; plunge
G1 Z-0.200 F4000
; cut
G1 X241.106 Y-85.207 F4000
; Retract
G0 Z3.000

; Path 1600
; Rapid to initial position
G0 X247.721 Y-79.668
G0 Z0.000
; plunge
G1 Z-0.200 F4000
; cut
G1 X247.721 Y-79.456 F4000
G1 X249.183 Y-79.224
G1 X251.467 Y-78.864
G1 X253.699 Y-78.510
G1 X255.983 Y-78.150
G1 X256.861 Y-78.010
G1 X259.145 Y-77.649
G1 X261.428 Y-77.289
G1 X261.839 Y-77.223
; Retract
G0 Z3.000

; Path 1601
; Rapid to initial position
G0 X296.929 Y-46.541
G0 Z0.000
; plunge
G1 Z-0.200 F4000
; cut
G1 X296.890 Y-43.304 F4000
G1 X296.888 Y-40.069
G1 X296.886 Y-36.834
G1 X296.884 Y-33.598
G1 X296.881 Y-30.363
G1 X296.880 Y-27.128
G1 X296.877 Y-23.893
G1 X296.875 Y-20.679
G1 X296.980 Y-20.674
; Retract
G0 Z3.000

; Path 1602
; Rapid to initial position
G0 X292.833 Y-25.460
G0 Z0.000
; plunge
G1 Z-0.200 F4000
; cut
G1 X292.661 Y-25.447 F4000
; Retract
G0 Z3.000

; Path 1603
; Rapid to initial position
G0 X290.027 Y-29.272
G0 Z0.000
; plunge
G1 Z-0.200 F4000
; cut
G1 X290.027 Y-29.746 F4000
; Retract
G0 Z3.000

; Path 1604
; Rapid to initial position
G0 X296.980 Y-33.565
G0 Z0.000
; plunge
G1 Z-0.200 F4000
; cut
G1 X296.980 Y-33.637 F4000
; Retract
G0 Z3.000

; Path 1605
; Rapid to initial position
G0 X285.981 Y-18.008
G0 Z0.000
; plunge
G1 Z-0.200 F4000
; cut
G1 X285.981 Y-17.754 F4000
; Retract
G0 Z3.000

; Path 1606
; Rapid to initial position
G0 X198.622 Y-84.399
G0 Z0.000
; plunge
G1 Z-0.200 F4000
; cut
G1 X198.622 Y-84.428 F4000
; Retract
G0 Z3.000

; Path 1607
; Rapid to initial position
G0 X198.694 Y-84.496
G0 Z0.000
; plunge
G1 Z-0.200 F4000
; cut
G1 X198.549 Y-84.308 F4000
; Retract
G0 Z3.000

; Path 1608
; Rapid to initial position
G0 X107.791 Y-46.065
G0 Z0.000
; plunge
G1 Z-0.200 F4000
; cut
G1 X107.619 Y-46.053 F4000
; Retract
G0 Z3.000

; Path 1609
; Rapid to initial position
G0 X99.150 Y-132.321
G0 Z0.000
; plunge
G1 Z-0.200 F4000
; cut
G1 X99.150 Y-132.794 F4000
; Retract
G0 Z3.000

; Path 1610
; Rapid to initial position
G0 X95.104 Y-144.059
G0 Z0.000
; plunge
G1 Z-0.200 F4000
; cut
G1 X95.104 Y-144.312 F4000
; Retract
G0 Z3.000

; Path 1611
; Rapid to initial position
G0 X385.877 Y-107.833
G0 Z0.000
; plunge
G1 Z-0.200 F4000
; cut
G1 X385.877 Y-107.832 F4000
; Retract
G0 Z3.000
M5          ; Switch tool offEnd
