G21         ; Set units to mm
G90         ; Absolute positioning

;
; Operation:    0
; Type:         Mill Cut
; Paths:        196
; Direction:    Conventional
; Rapid Z:      5
; Start Z:      0
; End Z:        -0.2
; Pass Depth:   1
; Plunge rate:  4000 mm/min
; Cut rate:     4000 mm/min
;
; Retract
G0 Z5.000

; Path 0
; Rapid to initial position
G0 X125.875 Y281.186
G0 Z0.000
; plunge
G1 Z-0.200 F4000
; cut
G1 X125.860 Y280.836 F4000
G1 X125.824 Y279.950
G1 X125.875 Y281.186
G1 X125.875 Y281.186
; Retract
G0 Z5.000

; Path 1
; Rapid to initial position
G0 X117.361 Y279.137
G0 Z0.000
; plunge
G1 Z-0.200 F4000
; cut
G1 X116.289 Y276.763 F4000
; Retract
G0 Z5.000

; Path 2
; Rapid to initial position
G0 X104.433 Y268.629
G0 Z0.000
; plunge
G1 Z-0.200 F4000
; cut
G1 X105.121 Y266.947 F4000
; Retract
G0 Z5.000

; Path 3
; Rapid to initial position
G0 X102.490 Y256.658
G0 Z0.000
; plunge
G1 Z-0.200 F4000
; cut
G1 X103.545 Y252.472 F4000
G1 X104.599 Y248.288
G1 X105.654 Y244.103
G1 X106.708 Y239.918
G1 X106.957 Y238.932
G1 X107.074 Y238.987
G1 X107.191 Y239.041
G1 X107.308 Y239.095
G1 X107.425 Y239.149
G1 X107.541 Y239.202
G1 X107.658 Y239.255
G1 X107.774 Y239.307
G1 X107.889 Y239.359
G1 X108.005 Y239.411
G1 X108.120 Y239.462
G1 X108.235 Y239.513
G1 X108.350 Y239.564
G1 X108.464 Y239.614
G1 X108.579 Y239.664
G1 X108.693 Y239.713
G1 X108.807 Y239.762
G1 X108.476 Y240.646
G1 X103.995 Y252.633
G1 X102.490 Y256.658
; Retract
G0 Z5.000

; Path 4
; Rapid to initial position
G0 X88.299 Y257.714
G0 Z0.000
; plunge
G1 Z-0.200 F4000
; cut
G1 X88.654 Y262.545 F4000
G1 X88.334 Y258.196
G1 X88.299 Y257.714
; Retract
G0 Z5.000

; Path 5
; Rapid to initial position
G0 X81.904 Y262.383
G0 Z0.000
; plunge
G1 Z-0.200 F4000
; cut
G1 X80.226 Y266.275 F4000
G1 X78.547 Y270.168
G1 X76.869 Y274.061
G1 X75.190 Y277.954
G1 X74.521 Y279.506
G1 X74.546 Y279.405
G1 X74.572 Y279.304
G1 X74.604 Y279.178
G1 X74.630 Y279.077
G1 X74.655 Y278.976
G1 X74.681 Y278.875
G1 X74.707 Y278.774
G1 X74.733 Y278.673
G1 X74.772 Y278.521
G1 X74.798 Y278.420
G1 X74.837 Y278.269
G1 X74.928 Y277.915
G1 X74.960 Y277.789
G1 X74.999 Y277.637
G1 X75.032 Y277.511
G1 X75.058 Y277.410
G1 X75.084 Y277.309
G1 X75.109 Y277.208
G1 X75.135 Y277.107
G1 X75.161 Y277.007
G1 X75.186 Y276.906
G1 X75.212 Y276.805
G1 X75.237 Y276.704
G1 X75.263 Y276.603
G1 X75.288 Y276.502
G1 X75.313 Y276.401
G1 X75.338 Y276.300
G1 X75.363 Y276.200
G1 X75.388 Y276.099
G1 X75.413 Y275.998
G1 X75.437 Y275.897
G1 X75.462 Y275.797
G1 X75.486 Y275.696
G1 X75.510 Y275.595
G1 X75.534 Y275.494
G1 X75.558 Y275.394
G1 X75.582 Y275.293
G1 X75.605 Y275.193
G1 X75.629 Y275.092
G1 X75.652 Y274.991
G1 X75.675 Y274.891
G1 X75.698 Y274.790
G1 X75.720 Y274.690
G1 X75.742 Y274.589
G1 X75.765 Y274.489
G1 X75.786 Y274.389
G1 X75.808 Y274.288
G1 X75.830 Y274.188
G1 X75.851 Y274.088
G1 X75.872 Y273.987
G1 X75.893 Y273.887
G1 X75.913 Y273.787
G1 X75.933 Y273.687
G1 X75.953 Y273.587
G1 X75.973 Y273.486
G1 X75.992 Y273.386
G1 X76.011 Y273.286
G1 X76.030 Y273.186
G1 X76.048 Y273.086
G1 X76.067 Y272.986
G1 X76.084 Y272.887
G1 X76.102 Y272.787
G1 X76.119 Y272.687
G1 X76.136 Y272.587
G1 X76.153 Y272.487
G1 X76.169 Y272.388
G1 X76.185 Y272.288
G1 X76.200 Y272.188
G1 X76.215 Y272.089
G1 X76.230 Y271.989
G1 X76.248 Y271.865
G1 X76.265 Y271.741
G1 X76.279 Y271.641
G1 X76.295 Y271.517
G1 X76.311 Y271.393
G1 X76.326 Y271.269
G1 X76.340 Y271.145
G1 X76.353 Y271.022
G1 X76.366 Y270.898
G1 X76.379 Y270.774
G1 X76.390 Y270.651
G1 X76.401 Y270.527
G1 X76.411 Y270.404
G1 X76.421 Y270.281
G1 X76.429 Y270.157
G1 X76.437 Y270.034
G1 X76.444 Y269.911
G1 X76.451 Y269.788
G1 X76.456 Y269.665
G1 X76.461 Y269.543
G1 X76.465 Y269.420
G1 X76.468 Y269.297
G1 X76.470 Y269.175
G1 X76.471 Y269.053
G1 X76.472 Y268.930
G1 X76.471 Y268.808
G1 X76.470 Y268.686
G1 X76.468 Y268.564
G1 X76.465 Y268.442
G1 X76.460 Y268.321
G1 X76.455 Y268.199
G1 X76.450 Y268.078
G1 X76.443 Y267.956
G1 X76.435 Y267.835
G1 X76.426 Y267.714
G1 X76.416 Y267.593
G1 X76.405 Y267.472
G1 X76.393 Y267.351
G1 X76.380 Y267.230
G1 X76.366 Y267.110
G1 X76.351 Y266.989
G1 X76.335 Y266.869
G1 X76.704 Y265.668
G1 X78.103 Y261.625
G1 X79.416 Y257.829
G1 X81.904 Y262.383
G1 X81.904 Y262.383
; Retract
G0 Z5.000

; Path 6
; Rapid to initial position
G0 X75.656 Y262.254
G0 Z0.000
; plunge
G1 Z-0.200 F4000
; cut
G1 X75.644 Y262.602 F4000
G1 X75.633 Y262.948
G1 X75.621 Y263.293
G1 X75.610 Y263.637
G1 X75.599 Y263.979
G1 X75.588 Y264.321
G1 X75.577 Y264.660
G1 X75.567 Y264.999
G1 X75.556 Y265.336
G1 X75.546 Y265.672
G1 X75.535 Y266.007
G1 X75.525 Y266.341
G1 X75.515 Y266.673
G1 X75.504 Y267.022
G1 X75.494 Y267.370
G1 X75.484 Y267.716
G1 X75.474 Y268.061
G1 X75.463 Y268.405
G1 X75.453 Y268.748
G1 X75.444 Y269.090
G1 X75.434 Y269.431
G1 X75.424 Y269.788
G1 X75.414 Y270.143
G1 X75.404 Y270.498
G1 X75.394 Y270.851
G1 X75.385 Y271.204
G1 X75.375 Y271.555
G1 X75.365 Y271.922
G1 X75.355 Y272.289
G1 X75.346 Y272.654
G1 X75.336 Y273.018
G1 X75.327 Y273.381
G1 X75.317 Y273.760
G1 X75.308 Y274.138
G1 X75.298 Y274.515
G1 X75.289 Y274.892
G1 X75.279 Y275.284
G1 X75.270 Y275.675
G1 X75.260 Y276.065
G1 X75.254 Y276.341
G1 X74.533 Y275.352
G1 X73.945 Y274.547
G1 X71.529 Y271.235
G1 X69.200 Y268.043
G1 X68.000 Y266.399
G1 X67.537 Y265.765
G1 X65.254 Y262.635
G1 X64.543 Y261.661
G1 X62.127 Y258.349
G1 X61.921 Y258.067
G1 X61.443 Y257.413
G1 X61.492 Y257.309
G1 X61.541 Y257.205
G1 X61.589 Y257.102
G1 X61.636 Y256.999
G1 X61.683 Y256.896
G1 X61.730 Y256.794
G1 X61.775 Y256.692
G1 X61.820 Y256.590
G1 X61.865 Y256.489
G1 X61.909 Y256.388
G1 X61.952 Y256.287
G1 X61.994 Y256.187
G1 X62.036 Y256.088
G1 X62.078 Y255.988
G1 X62.118 Y255.889
G1 X62.158 Y255.791
G1 X62.198 Y255.693
G1 X62.236 Y255.595
G1 X62.275 Y255.498
G1 X62.312 Y255.401
G1 X62.349 Y255.305
G1 X62.385 Y255.209
G1 X62.421 Y255.114
G1 X62.460 Y255.006
G1 X62.495 Y254.912
G1 X62.533 Y254.805
G1 X62.570 Y254.699
G1 X62.606 Y254.593
G1 X62.642 Y254.488
G1 X62.677 Y254.384
G1 X62.710 Y254.281
G1 X62.743 Y254.179
G1 X62.775 Y254.077
G1 X62.806 Y253.976
G1 X62.837 Y253.876
G1 X62.866 Y253.776
G1 X62.894 Y253.678
G1 X62.922 Y253.580
G1 X62.951 Y253.472
G1 X62.980 Y253.364
G1 X63.007 Y253.258
G1 X63.034 Y253.152
G1 X63.059 Y253.048
G1 X63.082 Y252.945
G1 X63.105 Y252.844
G1 X63.126 Y252.743
G1 X63.147 Y252.644
G1 X63.168 Y252.535
G1 X63.187 Y252.428
G1 X63.205 Y252.323
G1 X63.221 Y252.219
G1 X63.236 Y252.117
G1 X63.250 Y252.017
G1 X63.262 Y251.909
G1 X63.273 Y251.802
G1 X63.282 Y251.698
G1 X63.289 Y251.597
G1 X63.294 Y251.497
G1 X63.298 Y251.392
G1 X63.299 Y251.289
G1 X63.298 Y251.188
G1 X63.294 Y251.084
G1 X63.287 Y250.983
G1 X63.276 Y250.875
G1 X63.262 Y250.772
G1 X63.243 Y250.665
G1 X63.219 Y250.563
G1 X63.189 Y250.459
G1 X63.155 Y250.361
G1 X63.112 Y250.263
G1 X63.063 Y250.173
G1 X63.004 Y250.085
G1 X62.939 Y250.007
G1 X62.862 Y249.934
G1 X62.777 Y249.873
G1 X62.684 Y249.822
G1 X62.590 Y249.786
G1 X62.488 Y249.760
G1 X62.387 Y249.746
G1 X62.280 Y249.741
G1 X62.175 Y249.744
G1 X62.073 Y249.756
G1 X61.966 Y249.774
G1 X61.864 Y249.797
G1 X61.758 Y249.827
G1 X61.659 Y249.860
G1 X61.556 Y249.898
G1 X61.460 Y249.936
G1 X61.362 Y249.979
G1 X61.261 Y250.027
G1 X61.168 Y250.073
G1 X61.074 Y250.123
G1 X60.977 Y250.176
G1 X60.879 Y250.233
G1 X60.790 Y250.286
G1 X60.700 Y250.342
G1 X60.609 Y250.400
G1 X60.515 Y250.462
G1 X60.420 Y250.526
G1 X60.337 Y250.584
G1 X60.253 Y250.643
G1 X60.168 Y250.705
G1 X60.081 Y250.769
G1 X59.993 Y250.835
G1 X59.904 Y250.904
G1 X59.813 Y250.975
G1 X59.721 Y251.048
G1 X59.628 Y251.123
G1 X59.550 Y251.187
G1 X59.470 Y251.253
G1 X59.390 Y251.321
G1 X59.308 Y251.390
G1 X59.226 Y251.461
G1 X59.113 Y251.558
G1 X59.024 Y251.637
G1 X58.937 Y251.712
G1 X58.853 Y251.785
G1 X58.771 Y251.856
G1 X58.672 Y251.942
G1 X58.567 Y252.033
G1 X58.445 Y252.138
G1 X58.363 Y252.209
G1 X58.219 Y252.333
G1 X57.969 Y252.549
G1 X57.088 Y251.444
G1 X56.600 Y250.776
G1 X54.184 Y247.463
G1 X51.767 Y244.151
G1 X49.350 Y240.839
G1 X47.971 Y238.949
G1 X47.909 Y238.784
G1 X47.847 Y238.619
G1 X47.785 Y238.454
G1 X47.723 Y238.289
G1 X47.661 Y238.125
G1 X47.599 Y237.960
G1 X47.537 Y237.796
G1 X47.476 Y237.631
G1 X47.414 Y237.467
G1 X47.353 Y237.302
G1 X47.292 Y237.138
G1 X47.231 Y236.974
G1 X47.170 Y236.810
G1 X47.109 Y236.646
G1 X47.048 Y236.482
G1 X46.987 Y236.318
G1 X46.927 Y236.154
G1 X46.866 Y235.991
G1 X46.806 Y235.827
G1 X46.746 Y235.664
G1 X46.686 Y235.500
G1 X46.626 Y235.337
G1 X46.566 Y235.173
G1 X46.506 Y235.010
G1 X46.446 Y234.847
G1 X46.387 Y234.684
G1 X46.327 Y234.521
G1 X46.268 Y234.358
G1 X46.209 Y234.195
G1 X46.149 Y234.032
G1 X46.090 Y233.869
G1 X46.032 Y233.707
G1 X72.847 Y238.158
G1 X72.881 Y239.474
G1 X72.899 Y240.201
G1 X72.914 Y240.768
G1 X72.927 Y241.245
G1 X72.938 Y241.676
G1 X72.948 Y242.062
G1 X72.958 Y242.425
G1 X72.967 Y242.743
G1 X72.975 Y243.061
G1 X72.983 Y243.356
G1 X72.991 Y243.628
G1 X72.998 Y243.900
G1 X73.005 Y244.150
G1 X73.012 Y244.400
G1 X73.019 Y244.627
G1 X73.025 Y244.854
G1 X73.032 Y245.081
G1 X73.038 Y245.308
G1 X73.044 Y245.512
G1 X73.050 Y245.716
G1 X73.056 Y245.921
G1 X73.062 Y246.125
G1 X73.068 Y246.306
G1 X73.073 Y246.488
G1 X73.079 Y246.669
G1 X73.084 Y246.851
G1 X73.090 Y247.033
G1 X73.095 Y247.214
G1 X73.101 Y247.396
G1 X73.106 Y247.555
G1 X73.111 Y247.713
G1 X73.116 Y247.872
G1 X73.121 Y248.031
G1 X73.126 Y248.190
G1 X73.131 Y248.349
G1 X73.136 Y248.508
G1 X73.141 Y248.667
G1 X73.146 Y248.825
G1 X73.151 Y248.962
G1 X73.155 Y249.098
G1 X73.160 Y249.234
G1 X73.164 Y249.370
G1 X73.169 Y249.506
G1 X73.173 Y249.642
G1 X73.178 Y249.779
G1 X73.182 Y249.879
G1 X73.188 Y249.995
G1 X73.195 Y250.109
G1 X73.203 Y250.223
G1 X73.212 Y250.334
G1 X73.223 Y250.445
G1 X73.234 Y250.554
G1 X73.247 Y250.662
G1 X73.262 Y250.768
G1 X73.277 Y250.873
G1 X73.293 Y250.977
G1 X73.311 Y251.080
G1 X73.329 Y251.181
G1 X73.349 Y251.280
G1 X73.369 Y251.379
G1 X73.394 Y251.490
G1 X73.421 Y251.599
G1 X73.448 Y251.706
G1 X73.477 Y251.812
G1 X73.508 Y251.916
G1 X73.539 Y252.018
G1 X73.572 Y252.118
G1 X73.606 Y252.217
G1 X73.641 Y252.314
G1 X73.677 Y252.409
G1 X73.715 Y252.502
G1 X73.759 Y252.605
G1 X73.803 Y252.706
G1 X73.850 Y252.804
G1 X73.898 Y252.901
G1 X73.947 Y252.995
G1 X73.997 Y253.087
G1 X74.048 Y253.177
G1 X74.101 Y253.265
G1 X74.155 Y253.350
G1 X74.217 Y253.442
G1 X74.279 Y253.532
G1 X74.343 Y253.619
G1 X74.409 Y253.703
G1 X74.475 Y253.785
G1 X74.543 Y253.864
G1 X74.612 Y253.940
G1 X74.683 Y254.014
G1 X74.761 Y254.091
G1 X74.841 Y254.166
G1 X74.922 Y254.237
G1 X75.004 Y254.305
G1 X75.087 Y254.370
G1 X75.171 Y254.432
G1 X75.257 Y254.490
G1 X75.343 Y254.545
G1 X75.430 Y254.597
G1 X75.518 Y254.646
G1 X75.615 Y254.695
G1 X75.712 Y254.741
G1 X75.811 Y254.782
G1 X75.910 Y254.820
G1 X75.906 Y255.154
G1 X75.891 Y255.566
G1 X75.866 Y256.283
G1 X75.815 Y257.663
G1 X75.797 Y258.167
G1 X75.785 Y258.501
G1 X75.773 Y258.846
G1 X75.761 Y259.190
G1 X75.749 Y259.532
G1 X75.737 Y259.872
G1 X75.725 Y260.211
G1 X75.713 Y260.549
G1 X75.702 Y260.885
G1 X75.690 Y261.220
G1 X75.679 Y261.554
G1 X75.667 Y261.905
G1 X75.656 Y262.254
; Retract
G0 Z5.000

; Path 7
; Rapid to initial position
G0 X52.804 Y230.843
G0 Z0.000
; plunge
G1 Z-0.200 F4000
; cut
G1 X50.386 Y232.737 F4000
; Retract
G0 Z5.000

; Path 8
; Rapid to initial position
G0 X40.821 Y228.134
G0 Z0.000
; plunge
G1 Z-0.200 F4000
; cut
G1 X39.903 Y230.029 F4000
G1 X39.852 Y229.930
G1 X39.802 Y229.832
G1 X39.752 Y229.734
G1 X39.701 Y229.636
G1 X39.651 Y229.539
G1 X39.601 Y229.442
G1 X39.551 Y229.345
G1 X39.501 Y229.248
G1 X39.434 Y229.120
G1 X39.384 Y229.024
G1 X39.335 Y228.928
G1 X39.285 Y228.833
G1 X39.235 Y228.738
G1 X39.186 Y228.644
G1 X39.137 Y228.549
G1 X39.087 Y228.455
G1 X39.038 Y228.362
G1 X38.989 Y228.268
G1 X38.940 Y228.175
G1 X38.891 Y228.082
G1 X38.842 Y227.990
G1 X38.793 Y227.897
G1 X38.745 Y227.806
G1 X38.696 Y227.714
G1 X38.648 Y227.623
G1 X38.583 Y227.502
G1 X38.519 Y227.381
G1 X38.455 Y227.261
G1 X38.391 Y227.141
G1 X38.328 Y227.022
G1 X38.264 Y226.904
G1 X38.185 Y226.756
G1 X38.107 Y226.610
G1 X38.029 Y226.464
G1 X37.935 Y226.291
G1 X37.835 Y226.104
G1 X40.821 Y228.134
G1 X40.821 Y228.134
; Retract
G0 Z5.000

; Path 9
; Rapid to initial position
G0 X33.266 Y232.607
G0 Z0.000
; plunge
G1 Z-0.200 F4000
; cut
G1 X33.321 Y232.713 F4000
G1 X33.376 Y232.820
G1 X33.431 Y232.928
G1 X33.486 Y233.036
G1 X33.541 Y233.144
G1 X33.596 Y233.252
G1 X33.651 Y233.361
G1 X33.706 Y233.470
G1 X33.760 Y233.579
G1 X33.815 Y233.688
G1 X33.869 Y233.798
G1 X33.923 Y233.908
G1 X33.978 Y234.019
G1 X34.032 Y234.129
G1 X34.086 Y234.240
G1 X34.139 Y234.351
G1 X34.193 Y234.463
G1 X34.246 Y234.575
G1 X34.300 Y234.686
G1 X34.353 Y234.799
G1 X34.405 Y234.911
G1 X34.458 Y235.023
G1 X34.510 Y235.136
G1 X34.563 Y235.249
G1 X34.615 Y235.362
G1 X34.666 Y235.475
G1 X34.708 Y235.566
G1 X34.759 Y235.680
G1 X34.810 Y235.793
G1 X34.861 Y235.907
G1 X34.911 Y236.021
G1 X34.961 Y236.135
G1 X35.001 Y236.227
G1 X35.051 Y236.341
G1 X35.100 Y236.456
G1 X35.149 Y236.570
G1 X35.197 Y236.685
G1 X35.246 Y236.800
G1 X35.294 Y236.914
G1 X35.341 Y237.029
G1 X35.388 Y237.144
G1 X35.435 Y237.259
G1 X35.472 Y237.352
G1 X35.518 Y237.467
G1 X35.564 Y237.582
G1 X35.609 Y237.697
G1 X35.654 Y237.813
G1 X35.699 Y237.928
G1 X35.743 Y238.043
G1 X35.786 Y238.158
G1 X35.829 Y238.274
G1 X35.797 Y238.503
G1 X34.146 Y241.911
G1 X34.024 Y241.927
G1 X33.888 Y241.946
G1 X33.752 Y241.965
G1 X33.615 Y241.983
G1 X33.479 Y242.002
G1 X33.343 Y242.021
G1 X33.206 Y242.040
G1 X33.069 Y242.060
G1 X32.932 Y242.079
G1 X32.796 Y242.099
G1 X32.645 Y242.120
G1 X32.480 Y242.144
G1 X32.316 Y242.167
G1 X32.151 Y242.191
G1 X31.986 Y242.215
G1 X31.822 Y242.239
G1 X31.643 Y242.265
G1 X31.451 Y242.294
G1 X31.258 Y242.322
G1 X31.066 Y242.351
G1 X30.956 Y242.367
G1 X30.846 Y242.383
G1 X30.736 Y242.400
G1 X30.987 Y241.118
G1 X32.102 Y236.955
G1 X33.216 Y232.791
G1 X33.266 Y232.607
; Retract
G0 Z5.000

; Path 10
; Rapid to initial position
G0 X30.384 Y249.675
G0 Z0.000
; plunge
G1 Z-0.200 F4000
; cut
G1 X30.286 Y249.879 F4000
G1 X28.448 Y253.671
G1 X26.611 Y257.463
G1 X27.643 Y253.607
G1 X28.621 Y249.954
G1 X28.737 Y249.934
G1 X28.853 Y249.916
G1 X28.969 Y249.897
G1 X29.098 Y249.876
G1 X29.226 Y249.855
G1 X29.354 Y249.835
G1 X29.480 Y249.815
G1 X29.605 Y249.795
G1 X29.729 Y249.776
G1 X29.851 Y249.757
G1 X29.971 Y249.738
G1 X30.090 Y249.720
G1 X30.207 Y249.702
G1 X30.321 Y249.684
G1 X30.384 Y249.675
; Retract
G0 Z5.000

; Path 11
; Rapid to initial position
G0 X26.399 Y188.221
G0 Z0.000
; plunge
G1 Z-0.200 F4000
; cut
G1 X29.568 Y179.395 F4000
G1 X29.696 Y179.514
G1 X29.771 Y179.584
G1 X29.868 Y179.675
G1 X30.042 Y179.836
G1 X30.388 Y180.158
G1 X30.507 Y180.268
G1 X30.593 Y180.348
G1 X30.667 Y180.418
G1 X30.784 Y180.527
G1 X30.889 Y180.625
G1 X30.434 Y181.516
G1 X28.290 Y185.078
G1 X26.399 Y188.221
; Retract
G0 Z5.000

; Path 12
; Rapid to initial position
G0 X31.825 Y178.397
G0 Z0.000
; plunge
G1 Z-0.200 F4000
; cut
G1 X30.167 Y177.526 F4000
G1 X29.647 Y177.254
G1 X26.259 Y175.474
G1 X25.979 Y175.326
G1 X28.319 Y171.939
G1 X29.166 Y170.713
G1 X30.140 Y169.304
G1 X31.376 Y167.515
G1 X31.969 Y166.656
G1 X34.309 Y163.270
G1 X36.492 Y160.111
G1 X38.006 Y155.896
G1 X37.832 Y158.171
G1 X36.668 Y159.857
G1 X36.492 Y160.111
G1 X32.212 Y172.031
G1 X32.494 Y172.293
G1 X32.794 Y172.571
G1 X33.111 Y172.866
G1 X33.445 Y173.177
G1 X33.817 Y173.524
G1 X34.236 Y173.914
G1 X34.732 Y174.377
G1 X36.867 Y170.830
G1 X37.011 Y168.938
G1 X37.342 Y164.591
G1 X37.674 Y160.243
G1 X37.832 Y158.171
G1 X38.275 Y157.531
G1 X40.451 Y154.381
G1 X41.121 Y153.411
G1 X43.461 Y150.024
G1 X43.563 Y149.877
G1 X45.903 Y146.490
G1 X48.244 Y143.103
G1 X48.381 Y142.905
G1 X55.402 Y132.743
G1 X56.577 Y131.042
G1 X54.786 Y128.902
G1 X52.183 Y125.792
G1 X51.348 Y124.794
G1 X46.141 Y118.574
G1 X43.539 Y115.464
G1 X41.173 Y112.639
G1 X41.263 Y112.592
G1 X41.353 Y112.543
G1 X41.443 Y112.493
G1 X41.531 Y112.442
G1 X41.619 Y112.390
G1 X41.706 Y112.337
G1 X41.792 Y112.282
G1 X41.878 Y112.226
G1 X41.963 Y112.169
G1 X42.047 Y112.111
G1 X42.131 Y112.052
G1 X42.214 Y111.992
G1 X42.296 Y111.930
G1 X42.377 Y111.868
G1 X42.458 Y111.804
G1 X42.538 Y111.740
G1 X42.618 Y111.674
G1 X42.697 Y111.608
G1 X42.775 Y111.540
G1 X42.853 Y111.472
G1 X42.930 Y111.402
G1 X43.006 Y111.332
G1 X43.082 Y111.260
G1 X43.157 Y111.188
G1 X43.231 Y111.115
G1 X43.305 Y111.041
G1 X43.378 Y110.966
G1 X43.451 Y110.890
G1 X43.523 Y110.813
G1 X43.594 Y110.736
G1 X43.665 Y110.657
G1 X43.735 Y110.578
G1 X43.805 Y110.498
G1 X43.874 Y110.418
G1 X43.942 Y110.336
G1 X44.010 Y110.254
G1 X44.077 Y110.171
G1 X44.144 Y110.088
G1 X44.210 Y110.003
G1 X44.275 Y109.919
G1 X44.340 Y109.833
G1 X44.405 Y109.747
G1 X44.468 Y109.660
G1 X44.532 Y109.573
G1 X44.595 Y109.484
G1 X44.657 Y109.396
G1 X44.718 Y109.307
G1 X44.780 Y109.217
G1 X44.840 Y109.127
G1 X44.900 Y109.036
G1 X44.960 Y108.945
G1 X45.019 Y108.853
G1 X45.077 Y108.761
G1 X45.135 Y108.668
G1 X45.193 Y108.575
G1 X45.250 Y108.481
G1 X45.306 Y108.387
G1 X45.363 Y108.293
G1 X45.418 Y108.198
G1 X45.473 Y108.103
G1 X45.528 Y108.008
G1 X45.582 Y107.912
G1 X45.635 Y107.816
G1 X45.689 Y107.719
G1 X45.741 Y107.623
G1 X45.794 Y107.526
G1 X45.845 Y107.429
G1 X45.897 Y107.331
G1 X45.948 Y107.234
G1 X45.998 Y107.136
G1 X46.048 Y107.038
G1 X46.098 Y106.939
G1 X46.147 Y106.841
G1 X46.196 Y106.742
G1 X46.244 Y106.644
G1 X46.292 Y106.545
G1 X46.339 Y106.446
G1 X46.386 Y106.347
G1 X46.433 Y106.248
G1 X46.479 Y106.149
G1 X46.525 Y106.050
G1 X46.571 Y105.951
G1 X46.616 Y105.851
G1 X46.660 Y105.752
G1 X46.705 Y105.653
G1 X46.749 Y105.554
G1 X46.792 Y105.455
G1 X46.836 Y105.356
G1 X46.878 Y105.257
G1 X46.921 Y105.158
G1 X46.963 Y105.060
G1 X47.005 Y104.961
G1 X47.046 Y104.863
G1 X47.087 Y104.765
G1 X47.128 Y104.667
G1 X47.168 Y104.569
G1 X47.208 Y104.471
G1 X47.248 Y104.374
G1 X47.288 Y104.276
G1 X47.327 Y104.179
G1 X47.366 Y104.083
G1 X47.404 Y103.986
G1 X47.447 Y103.877
G1 X47.489 Y103.770
G1 X47.530 Y103.663
G1 X47.571 Y103.556
G1 X47.611 Y103.448
G1 X47.651 Y103.341
G1 X47.690 Y103.233
G1 X47.729 Y103.124
G1 X47.767 Y103.016
G1 X47.805 Y102.907
G1 X47.842 Y102.799
G1 X47.878 Y102.690
G1 X47.915 Y102.580
G1 X47.950 Y102.471
G1 X47.985 Y102.361
G1 X48.020 Y102.251
G1 X48.054 Y102.141
G1 X48.087 Y102.031
G1 X48.120 Y101.921
G1 X48.153 Y101.810
G1 X48.185 Y101.699
G1 X48.217 Y101.588
G1 X48.248 Y101.477
G1 X48.278 Y101.366
G1 X48.308 Y101.254
G1 X48.338 Y101.142
G1 X48.367 Y101.031
G1 X48.395 Y100.918
G1 X48.423 Y100.806
G1 X48.450 Y100.694
G1 X48.477 Y100.581
G1 X48.504 Y100.469
G1 X48.530 Y100.356
G1 X48.555 Y100.243
G1 X48.580 Y100.129
G1 X48.605 Y100.016
G1 X48.629 Y99.903
G1 X48.652 Y99.789
G1 X48.675 Y99.675
G1 X48.698 Y99.561
G1 X48.720 Y99.447
G1 X48.741 Y99.333
G1 X48.762 Y99.219
G1 X48.783 Y99.104
G1 X48.802 Y98.990
G1 X48.822 Y98.875
G1 X48.841 Y98.760
G1 X48.859 Y98.645
G1 X48.877 Y98.530
G1 X48.895 Y98.415
G1 X48.912 Y98.300
G1 X48.928 Y98.184
G1 X48.944 Y98.069
G1 X48.960 Y97.953
G1 X48.975 Y97.838
G1 X48.989 Y97.722
G1 X49.004 Y97.606
G1 X49.017 Y97.490
G1 X49.030 Y97.374
G1 X49.043 Y97.258
G1 X49.055 Y97.141
G1 X49.066 Y97.025
G1 X49.077 Y96.909
G1 X49.088 Y96.792
G1 X49.098 Y96.676
G1 X49.108 Y96.559
G1 X49.117 Y96.442
G1 X49.126 Y96.325
G1 X49.134 Y96.209
G1 X49.141 Y96.092
G1 X49.149 Y95.975
G1 X49.155 Y95.858
G1 X49.162 Y95.741
G1 X49.167 Y95.623
G1 X49.173 Y95.506
G1 X49.177 Y95.389
G1 X49.182 Y95.272
G1 X49.185 Y95.154
G1 X49.189 Y95.037
G1 X49.192 Y94.920
G1 X49.194 Y94.802
G1 X49.196 Y94.685
G1 X49.197 Y94.567
G1 X49.198 Y94.450
G1 X49.199 Y94.332
G1 X49.199 Y94.230
G1 X49.198 Y94.111
G1 X49.197 Y93.992
G1 X49.196 Y93.872
G1 X49.194 Y93.753
G1 X49.191 Y93.634
G1 X49.188 Y93.515
G1 X49.185 Y93.395
G1 X49.181 Y93.276
G1 X49.177 Y93.157
G1 X49.172 Y93.038
G1 X49.166 Y92.918
G1 X49.160 Y92.799
G1 X49.154 Y92.680
G1 X49.147 Y92.561
G1 X49.140 Y92.442
G1 X49.132 Y92.322
G1 X49.124 Y92.203
G1 X49.115 Y92.084
G1 X49.105 Y91.965
G1 X49.096 Y91.846
G1 X49.085 Y91.727
G1 X49.075 Y91.608
G1 X49.063 Y91.489
G1 X49.052 Y91.370
G1 X49.039 Y91.251
G1 X49.027 Y91.133
G1 X49.014 Y91.014
G1 X49.000 Y90.895
G1 X48.986 Y90.777
G1 X48.971 Y90.658
G1 X48.956 Y90.539
G1 X48.940 Y90.421
G1 X48.924 Y90.303
G1 X48.908 Y90.184
G1 X48.891 Y90.066
G1 X48.873 Y89.948
G1 X48.855 Y89.830
G1 X48.837 Y89.712
G1 X48.818 Y89.594
G1 X48.798 Y89.476
G1 X48.779 Y89.358
G1 X48.758 Y89.240
G1 X48.737 Y89.123
G1 X48.716 Y89.005
G1 X48.694 Y88.888
G1 X48.672 Y88.771
G1 X48.649 Y88.653
G1 X48.626 Y88.536
G1 X48.602 Y88.419
G1 X48.578 Y88.303
G1 X48.554 Y88.186
G1 X48.529 Y88.069
G1 X48.503 Y87.953
G1 X48.477 Y87.836
G1 X48.451 Y87.720
G1 X48.424 Y87.604
G1 X48.396 Y87.488
G1 X48.368 Y87.372
G1 X48.340 Y87.256
G1 X48.311 Y87.140
G1 X48.282 Y87.025
G1 X48.252 Y86.910
G1 X48.222 Y86.794
G1 X48.191 Y86.679
G1 X48.160 Y86.565
G1 X48.129 Y86.450
G1 X48.097 Y86.335
G1 X48.064 Y86.221
G1 X48.031 Y86.106
G1 X47.998 Y85.992
G1 X47.964 Y85.878
G1 X47.929 Y85.765
G1 X47.895 Y85.651
G1 X47.859 Y85.538
G1 X47.824 Y85.424
G1 X47.787 Y85.311
G1 X47.751 Y85.198
G1 X47.714 Y85.086
G1 X47.676 Y84.973
G1 X47.638 Y84.861
G1 X47.600 Y84.749
G1 X47.561 Y84.637
G1 X47.521 Y84.525
G1 X47.482 Y84.413
G1 X47.441 Y84.302
G1 X47.401 Y84.191
G1 X47.359 Y84.080
G1 X47.318 Y83.969
G1 X47.276 Y83.859
G1 X47.233 Y83.748
G1 X47.190 Y83.638
G1 X47.147 Y83.528
G1 X47.103 Y83.419
G1 X47.059 Y83.309
G1 X47.014 Y83.200
G1 X46.969 Y83.091
G1 X46.923 Y82.983
G1 X46.877 Y82.874
G1 X46.830 Y82.766
G1 X46.783 Y82.658
G1 X46.736 Y82.550
G1 X46.688 Y82.443
G1 X46.984 Y82.303
G1 X47.265 Y82.195
G1 X47.523 Y82.095
G1 X47.779 Y81.997
G1 X48.012 Y81.907
G1 X48.244 Y81.818
G1 X48.453 Y81.737
G1 X48.660 Y81.657
G1 X48.866 Y81.578
G1 X49.050 Y81.507
G1 X49.233 Y81.437
G1 X49.415 Y81.367
G1 X49.596 Y81.298
G1 X49.755 Y81.237
G1 X49.913 Y81.177
G1 X50.071 Y81.116
G1 X50.227 Y81.057
G1 X50.382 Y80.997
G1 X50.517 Y80.946
G1 X50.651 Y80.895
G1 X50.784 Y80.844
G1 X50.916 Y80.794
G1 X51.047 Y80.744
G1 X51.177 Y80.694
G1 X51.307 Y80.645
G1 X51.417 Y80.603
G1 X51.527 Y80.561
G1 X51.635 Y80.520
G1 X51.744 Y80.479
G1 X51.850 Y80.441
G1 X51.952 Y80.407
G1 X52.055 Y80.374
G1 X52.210 Y80.323
G1 X52.501 Y80.228
G1 X52.638 Y80.184
G1 X52.741 Y80.150
G1 X52.844 Y80.117
G1 X52.948 Y80.114
G1 X53.046 Y80.164
G1 X53.146 Y80.212
G1 X53.249 Y80.258
G1 X53.354 Y80.301
G1 X53.448 Y80.338
G1 X53.544 Y80.372
G1 X53.642 Y80.405
G1 X53.742 Y80.437
G1 X53.844 Y80.466
G1 X53.948 Y80.493
G1 X54.054 Y80.519
G1 X54.161 Y80.543
G1 X54.271 Y80.564
G1 X54.382 Y80.584
G1 X54.495 Y80.602
G1 X54.611 Y80.617
G1 X54.711 Y80.629
G1 X54.812 Y80.639
G1 X54.915 Y80.648
G1 X55.019 Y80.655
G1 X55.125 Y80.661
G1 X55.232 Y80.664
G1 X55.340 Y80.667
G1 X55.450 Y80.667
G1 X55.561 Y80.666
G1 X55.673 Y80.663
G1 X55.786 Y80.658
G1 X55.901 Y80.652
G1 X56.018 Y80.643
G1 X56.135 Y80.633
G1 X56.254 Y80.622
G1 X56.354 Y80.610
G1 X56.455 Y80.598
G1 X56.557 Y80.584
G1 X56.660 Y80.569
G1 X56.763 Y80.552
G1 X56.868 Y80.534
G1 X56.973 Y80.515
G1 X57.080 Y80.494
G1 X57.187 Y80.472
G1 X57.348 Y80.438
G1 X57.461 Y80.414
G1 X57.571 Y80.390
G1 X57.676 Y80.367
G1 X57.778 Y80.345
G1 X57.876 Y80.324
G1 X57.988 Y80.300
G1 X58.096 Y80.277
G1 X58.198 Y80.254
G1 X58.402 Y80.210
G1 X58.503 Y80.188
G1 X58.610 Y80.165
G1 X58.722 Y80.140
G1 X58.836 Y80.115
G1 X58.976 Y80.085
G1 X59.296 Y80.015
G1 X59.409 Y79.990
G1 X59.510 Y79.968
G1 X59.609 Y79.949
G1 X59.751 Y79.929
G1 X59.865 Y79.913
G1 X59.969 Y79.897
G1 X60.082 Y79.880
G1 X60.197 Y79.862
G1 X60.303 Y79.845
G1 X60.424 Y79.825
G1 X60.525 Y79.808
G1 X60.635 Y79.790
G1 X60.755 Y79.770
G1 X60.885 Y79.748
G1 X61.025 Y79.724
G1 X61.142 Y79.704
G1 X61.247 Y79.686
G1 X61.358 Y79.666
G1 X61.474 Y79.646
G1 X61.596 Y79.625
G1 X61.723 Y79.603
G1 X61.822 Y79.584
G1 X61.934 Y79.553
G1 X62.046 Y79.514
G1 X62.140 Y79.479
G1 X62.234 Y79.442
G1 X62.328 Y79.407
G1 X62.440 Y79.369
G1 X62.550 Y79.340
G1 X62.660 Y79.323
G1 X62.768 Y79.322
G1 X62.873 Y79.340
G1 X62.969 Y79.376
G1 X63.058 Y79.423
G1 X63.149 Y79.478
G1 X63.233 Y79.536
G1 X63.318 Y79.600
G1 X63.405 Y79.670
G1 X63.483 Y79.737
G1 X63.561 Y79.808
G1 X63.640 Y79.883
G1 X63.719 Y79.962
G1 X63.799 Y80.043
G1 X63.868 Y80.116
G1 X63.938 Y80.192
G1 X64.007 Y80.268
G1 X64.076 Y80.347
G1 X64.145 Y80.426
G1 X64.213 Y80.506
G1 X64.281 Y80.587
G1 X64.349 Y80.669
G1 X64.415 Y80.750
G1 X64.481 Y80.832
G1 X64.546 Y80.914
G1 X64.609 Y80.995
G1 X64.672 Y81.075
G1 X64.734 Y81.154
G1 X64.802 Y81.243
G1 X64.878 Y81.342
G1 X64.942 Y81.426
G1 X65.072 Y81.598
G1 X65.144 Y81.692
G1 X65.211 Y81.780
G1 X65.279 Y81.868
G1 X65.349 Y81.957
G1 X65.420 Y82.045
G1 X65.490 Y82.131
G1 X65.561 Y82.216
G1 X65.632 Y82.299
G1 X65.703 Y82.381
G1 X65.775 Y82.462
G1 X65.846 Y82.541
G1 X65.918 Y82.619
G1 X65.990 Y82.696
G1 X66.062 Y82.771
G1 X66.135 Y82.845
G1 X66.207 Y82.918
G1 X66.280 Y82.989
G1 X66.352 Y83.059
G1 X66.425 Y83.128
G1 X66.509 Y83.204
G1 X66.592 Y83.279
G1 X66.676 Y83.353
G1 X66.759 Y83.424
G1 X66.843 Y83.494
G1 X66.927 Y83.563
G1 X67.011 Y83.629
G1 X67.095 Y83.694
G1 X67.179 Y83.757
G1 X67.263 Y83.819
G1 X67.347 Y83.879
G1 X67.431 Y83.937
G1 X67.514 Y83.993
G1 X67.598 Y84.048
G1 X67.692 Y84.108
G1 X67.786 Y84.166
G1 X67.880 Y84.221
G1 X67.974 Y84.275
G1 X68.067 Y84.326
G1 X68.161 Y84.376
G1 X68.254 Y84.423
G1 X68.347 Y84.469
G1 X68.439 Y84.512
G1 X68.532 Y84.554
G1 X68.634 Y84.598
G1 X68.735 Y84.639
G1 X68.837 Y84.678
G1 X68.938 Y84.714
G1 X69.038 Y84.749
G1 X69.138 Y84.780
G1 X69.237 Y84.810
G1 X69.335 Y84.836
G1 X69.433 Y84.861
G1 X69.540 Y84.885
G1 X69.646 Y84.907
G1 X69.751 Y84.926
G1 X69.856 Y84.942
G1 X69.959 Y84.955
G1 X70.061 Y84.965
G1 X70.163 Y84.973
G1 X70.263 Y84.978
G1 X70.371 Y84.980
G1 X70.477 Y84.979
G1 X70.583 Y84.975
G1 X70.686 Y84.968
G1 X70.788 Y84.957
G1 X70.889 Y84.944
G1 X70.988 Y84.927
G1 X71.093 Y84.906
G1 X71.196 Y84.881
G1 X71.297 Y84.852
G1 X71.396 Y84.820
G1 X71.492 Y84.785
G1 X71.586 Y84.746
G1 X71.678 Y84.703
G1 X71.767 Y84.657
G1 X71.861 Y84.604
G1 X71.951 Y84.547
G1 X72.038 Y84.486
G1 X72.122 Y84.421
G1 X72.203 Y84.352
G1 X72.281 Y84.280
G1 X72.355 Y84.204
G1 X72.425 Y84.124
G1 X72.492 Y84.041
G1 X72.551 Y83.960
G1 X72.606 Y83.876
G1 X72.658 Y83.789
G1 X72.707 Y83.699
G1 X72.753 Y83.606
G1 X72.795 Y83.510
G1 X72.833 Y83.411
G1 X72.868 Y83.309
G1 X72.896 Y83.212
G1 X72.922 Y83.113
G1 X72.944 Y83.012
G1 X72.963 Y82.907
G1 X72.979 Y82.801
G1 X72.990 Y82.701
G1 X72.998 Y82.600
G1 X73.004 Y82.496
G1 X73.006 Y82.391
G1 X73.006 Y82.290
G1 X73.003 Y82.189
G1 X72.997 Y82.088
G1 X72.989 Y81.985
G1 X72.978 Y81.880
G1 X72.964 Y81.773
G1 X72.947 Y81.665
G1 X72.928 Y81.556
G1 X72.909 Y81.457
G1 X72.887 Y81.358
G1 X72.863 Y81.257
G1 X72.837 Y81.155
G1 X72.808 Y81.051
G1 X72.778 Y80.947
G1 X72.744 Y80.841
G1 X72.709 Y80.734
G1 X72.671 Y80.626
G1 X72.636 Y80.531
G1 X72.599 Y80.435
G1 X72.560 Y80.338
G1 X72.519 Y80.240
G1 X72.477 Y80.141
G1 X72.432 Y80.042
G1 X72.386 Y79.941
G1 X72.337 Y79.840
G1 X72.287 Y79.738
G1 X72.234 Y79.635
G1 X72.180 Y79.532
G1 X72.132 Y79.442
G1 X72.082 Y79.352
G1 X72.031 Y79.262
G1 X71.979 Y79.170
G1 X71.924 Y79.079
G1 X71.869 Y78.986
G1 X71.812 Y78.894
G1 X71.755 Y78.802
G1 X71.698 Y78.710
G1 X71.641 Y78.619
G1 X71.584 Y78.529
G1 X71.528 Y78.440
G1 X71.472 Y78.351
G1 X71.415 Y78.264
G1 X71.360 Y78.176
G1 X71.304 Y78.090
G1 X71.248 Y78.004
G1 X71.192 Y77.918
G1 X71.137 Y77.834
G1 X71.081 Y77.750
G1 X71.017 Y77.653
G1 X70.952 Y77.557
G1 X70.888 Y77.462
G1 X70.823 Y77.368
G1 X70.759 Y77.274
G1 X70.694 Y77.182
G1 X70.629 Y77.090
G1 X70.565 Y77.000
G1 X70.500 Y76.910
G1 X70.435 Y76.821
G1 X70.370 Y76.733
G1 X70.305 Y76.646
G1 X70.240 Y76.560
G1 X70.174 Y76.475
G1 X70.108 Y76.391
G1 X70.042 Y76.308
G1 X69.976 Y76.225
G1 X69.909 Y76.144
G1 X69.843 Y76.063
G1 X69.775 Y75.983
G1 X69.708 Y75.904
G1 X69.640 Y75.826
G1 X69.572 Y75.749
G1 X69.503 Y75.673
G1 X69.434 Y75.598
G1 X71.683 Y75.697
G1 X72.187 Y75.723
G1 X72.470 Y76.237
G1 X72.744 Y76.733
G1 X73.008 Y77.213
G1 X73.273 Y77.692
G1 X73.527 Y78.155
G1 X73.773 Y78.601
G1 X74.018 Y79.046
G1 X74.253 Y79.475
G1 X74.488 Y79.903
G1 X74.714 Y80.314
G1 X74.940 Y80.725
G1 X75.156 Y81.119
G1 X75.372 Y81.513
G1 X75.588 Y81.907
G1 X75.794 Y82.284
G1 X76.001 Y82.660
G1 X76.206 Y83.036
G1 X76.403 Y83.396
G1 X76.599 Y83.755
G1 X76.795 Y84.114
G1 X76.982 Y84.456
G1 X77.169 Y84.798
G1 X77.355 Y85.139
G1 X77.532 Y85.464
G1 X77.709 Y85.789
G1 X77.886 Y86.113
G1 X78.063 Y86.438
G1 X78.230 Y86.745
G1 X78.397 Y87.052
G1 X78.564 Y87.359
G1 X78.730 Y87.666
G1 X78.897 Y87.972
G1 X79.054 Y88.262
G1 X79.211 Y88.552
G1 X79.368 Y88.841
G1 X79.525 Y89.130
G1 X79.681 Y89.419
G1 X79.828 Y89.692
G1 X79.976 Y89.964
G1 X80.123 Y90.236
G1 X80.270 Y90.508
G1 X80.416 Y90.779
G1 X80.562 Y91.050
G1 X80.700 Y91.305
G1 X80.837 Y91.560
G1 X80.974 Y91.814
G1 X81.111 Y92.068
G1 X81.248 Y92.322
G1 X81.301 Y92.422
G1 X81.380 Y92.568
G1 X81.458 Y92.714
G1 X81.537 Y92.860
G1 X81.615 Y93.006
G1 X81.693 Y93.152
G1 X81.772 Y93.298
G1 X81.850 Y93.445
G1 X81.928 Y93.591
G1 X82.006 Y93.737
G1 X82.094 Y93.902
G1 X82.142 Y93.993
G1 X82.191 Y94.085
G1 X82.240 Y94.176
G1 X82.288 Y94.268
G1 X82.337 Y94.359
G1 X82.385 Y94.451
G1 X82.434 Y94.542
G1 X82.483 Y94.634
G1 X82.531 Y94.725
G1 X82.580 Y94.817
G1 X82.628 Y94.908
G1 X82.677 Y95.000
G1 X82.725 Y95.092
G1 X82.773 Y95.183
G1 X82.822 Y95.275
G1 X82.870 Y95.366
G1 X82.919 Y95.458
G1 X82.967 Y95.550
G1 X83.015 Y95.641
G1 X83.064 Y95.733
G1 X83.112 Y95.825
G1 X83.160 Y95.916
G1 X83.208 Y96.008
G1 X83.257 Y96.100
G1 X83.305 Y96.191
G1 X83.353 Y96.283
G1 X83.401 Y96.375
G1 X83.459 Y96.485
G1 X83.517 Y96.595
G1 X83.575 Y96.705
G1 X83.632 Y96.815
G1 X83.690 Y96.925
G1 X83.748 Y97.036
G1 X83.805 Y97.146
G1 X83.863 Y97.256
G1 X83.921 Y97.366
G1 X83.978 Y97.476
G1 X84.036 Y97.587
G1 X84.093 Y97.697
G1 X84.151 Y97.807
G1 X84.208 Y97.917
G1 X84.266 Y98.028
G1 X84.323 Y98.138
G1 X84.390 Y98.266
G1 X84.457 Y98.395
G1 X84.524 Y98.524
G1 X84.591 Y98.653
G1 X84.658 Y98.781
G1 X84.725 Y98.910
G1 X84.792 Y99.039
G1 X84.858 Y99.168
G1 X84.925 Y99.296
G1 X84.992 Y99.425
G1 X85.068 Y99.572
G1 X85.144 Y99.720
G1 X85.221 Y99.867
G1 X85.297 Y100.014
G1 X85.373 Y100.161
G1 X85.449 Y100.309
G1 X85.534 Y100.474
G1 X85.620 Y100.640
G1 X85.706 Y100.806
G1 X85.791 Y100.972
G1 X85.886 Y101.156
G1 X85.981 Y101.340
G1 X86.076 Y101.524
G1 X86.171 Y101.709
G1 X86.210 Y101.817
G1 X86.213 Y101.922
G1 X86.087 Y101.915
G1 X85.960 Y101.908
G1 X85.834 Y101.901
G1 X85.708 Y101.894
G1 X85.568 Y101.885
G1 X85.455 Y101.879
G1 X85.343 Y101.872
G1 X85.231 Y101.865
G1 X85.119 Y101.858
G1 X85.006 Y101.851
G1 X84.894 Y101.844
G1 X84.782 Y101.837
G1 X84.670 Y101.830
G1 X84.558 Y101.823
G1 X84.432 Y101.815
G1 X84.291 Y101.806
G1 X84.151 Y101.796
G1 X84.011 Y101.787
G1 X83.871 Y101.777
G1 X83.703 Y101.766
G1 X83.535 Y101.754
G1 X83.367 Y101.743
G1 X83.171 Y101.729
G1 X82.961 Y101.714
G1 X82.850 Y101.706
G1 X82.724 Y101.697
G1 X82.605 Y101.688
G1 X82.502 Y101.682
G1 X82.399 Y101.676
G1 X82.298 Y101.672
G1 X82.197 Y101.668
G1 X82.078 Y101.665
G1 X81.960 Y101.664
G1 X81.843 Y101.664
G1 X81.728 Y101.666
G1 X81.614 Y101.669
G1 X81.501 Y101.674
G1 X81.390 Y101.680
G1 X81.280 Y101.687
G1 X81.172 Y101.696
G1 X81.065 Y101.706
G1 X80.959 Y101.717
G1 X80.855 Y101.730
G1 X80.752 Y101.744
G1 X80.650 Y101.760
G1 X80.550 Y101.776
G1 X80.451 Y101.794
G1 X80.338 Y101.817
G1 X80.226 Y101.841
G1 X80.116 Y101.867
G1 X80.009 Y101.895
G1 X79.903 Y101.924
G1 X79.798 Y101.954
G1 X79.696 Y101.986
G1 X79.596 Y102.020
G1 X79.497 Y102.055
G1 X79.401 Y102.092
G1 X79.306 Y102.130
G1 X79.200 Y102.175
G1 X79.097 Y102.222
G1 X78.996 Y102.270
G1 X78.898 Y102.321
G1 X78.802 Y102.373
G1 X78.709 Y102.426
G1 X78.618 Y102.482
G1 X78.530 Y102.538
G1 X78.444 Y102.597
G1 X78.360 Y102.656
G1 X78.280 Y102.717
G1 X78.201 Y102.780
G1 X78.116 Y102.852
G1 X78.034 Y102.925
G1 X77.956 Y103.000
G1 X77.880 Y103.077
G1 X77.808 Y103.154
G1 X77.739 Y103.234
G1 X77.673 Y103.315
G1 X77.610 Y103.396
G1 X77.551 Y103.480
G1 X77.495 Y103.564
G1 X77.442 Y103.649
G1 X77.392 Y103.736
G1 X77.340 Y103.833
G1 X77.293 Y103.931
G1 X77.250 Y104.031
G1 X77.210 Y104.131
G1 X77.175 Y104.232
G1 X77.143 Y104.334
G1 X77.116 Y104.437
G1 X77.093 Y104.540
G1 X77.073 Y104.644
G1 X77.058 Y104.749
G1 X77.047 Y104.853
G1 X77.040 Y104.959
G1 X77.037 Y105.064
G1 X77.038 Y105.169
G1 X77.043 Y105.275
G1 X77.052 Y105.381
G1 X77.065 Y105.486
G1 X77.083 Y105.592
G1 X77.104 Y105.697
G1 X77.130 Y105.802
G1 X77.159 Y105.906
G1 X77.193 Y106.010
G1 X77.231 Y106.113
G1 X77.269 Y106.206
G1 X77.310 Y106.298
G1 X77.354 Y106.389
G1 X77.402 Y106.480
G1 X77.453 Y106.570
G1 X77.508 Y106.659
G1 X77.565 Y106.747
G1 X77.627 Y106.834
G1 X77.691 Y106.920
G1 X77.759 Y107.006
G1 X77.831 Y107.090
G1 X77.905 Y107.173
G1 X77.975 Y107.245
G1 X78.047 Y107.317
G1 X78.121 Y107.388
G1 X78.199 Y107.457
G1 X78.279 Y107.526
G1 X78.361 Y107.593
G1 X78.447 Y107.659
G1 X78.535 Y107.724
G1 X78.626 Y107.787
G1 X78.719 Y107.850
G1 X78.804 Y107.903
G1 X78.890 Y107.955
G1 X78.978 Y108.006
G1 X79.068 Y108.056
G1 X79.161 Y108.105
G1 X79.255 Y108.152
G1 X79.352 Y108.199
G1 X79.451 Y108.244
G1 X79.551 Y108.288
G1 X79.654 Y108.330
G1 X79.759 Y108.372
G1 X79.866 Y108.411
G1 X79.975 Y108.450
G1 X80.071 Y108.482
G1 X80.168 Y108.513
G1 X80.266 Y108.542
G1 X80.366 Y108.571
G1 X80.467 Y108.599
G1 X80.570 Y108.625
G1 X80.675 Y108.650
G1 X80.781 Y108.674
G1 X80.888 Y108.697
G1 X80.998 Y108.719
G1 X81.108 Y108.740
G1 X81.221 Y108.759
G1 X81.335 Y108.777
G1 X81.450 Y108.794
G1 X81.567 Y108.809
G1 X81.686 Y108.824
G1 X81.786 Y108.834
G1 X81.887 Y108.844
G1 X81.989 Y108.853
G1 X82.092 Y108.861
G1 X82.282 Y108.875
G1 X82.420 Y108.885
G1 X82.543 Y108.893
G1 X82.665 Y108.902
G1 X82.773 Y108.910
G1 X82.957 Y108.922
G1 X83.141 Y108.935
G1 X83.295 Y108.946
G1 X83.449 Y108.956
G1 X83.587 Y108.965
G1 X83.710 Y108.973
G1 X83.833 Y108.982
G1 X83.956 Y108.990
G1 X84.079 Y108.998
G1 X84.202 Y109.005
G1 X84.310 Y109.012
G1 X84.448 Y109.021
G1 X84.586 Y109.030
G1 X84.725 Y109.038
G1 X84.863 Y109.046
G1 X85.002 Y109.055
G1 X85.140 Y109.063
G1 X85.279 Y109.071
G1 X85.417 Y109.078
G1 X85.556 Y109.086
G1 X85.679 Y109.093
G1 X85.802 Y109.099
G1 X85.926 Y109.106
G1 X86.049 Y109.112
G1 X86.172 Y109.118
G1 X86.295 Y109.124
G1 X86.418 Y109.130
G1 X86.541 Y109.135
G1 X86.665 Y109.141
G1 X86.788 Y109.146
G1 X86.911 Y109.151
G1 X87.034 Y109.156
G1 X87.158 Y109.161
G1 X87.281 Y109.166
G1 X87.404 Y109.170
G1 X87.527 Y109.175
G1 X87.650 Y109.179
G1 X87.774 Y109.183
G1 X87.897 Y109.186
G1 X88.020 Y109.190
G1 X88.143 Y109.193
G1 X88.267 Y109.197
G1 X88.390 Y109.199
G1 X88.513 Y109.202
G1 X88.636 Y109.205
G1 X88.759 Y109.207
G1 X88.883 Y109.209
G1 X89.006 Y109.211
G1 X84.212 Y117.828
G1 X86.989 Y119.723
G1 X90.198 Y121.913
G1 X91.782 Y122.994
G1 X91.733 Y126.403
G1 X91.710 Y126.504
G1 X91.627 Y126.571
G1 X91.544 Y126.641
G1 X91.463 Y126.714
G1 X91.383 Y126.790
G1 X91.305 Y126.870
G1 X91.236 Y126.943
G1 X91.169 Y127.019
G1 X91.102 Y127.098
G1 X91.037 Y127.179
G1 X90.973 Y127.262
G1 X90.911 Y127.348
G1 X90.849 Y127.437
G1 X90.789 Y127.528
G1 X90.731 Y127.622
G1 X90.674 Y127.718
G1 X90.618 Y127.816
G1 X90.571 Y127.905
G1 X90.525 Y127.995
G1 X90.480 Y128.087
G1 X90.436 Y128.181
G1 X90.394 Y128.277
G1 X90.353 Y128.375
G1 X90.313 Y128.475
G1 X90.275 Y128.577
G1 X91.680 Y130.025
G1 X91.670 Y130.767
G1 X91.605 Y135.131
G1 X91.542 Y139.495
G1 X91.479 Y143.859
G1 X91.415 Y148.223
G1 X91.352 Y152.587
G1 X89.930 Y149.306
G1 X89.413 Y148.113
G1 X89.421 Y147.996
G1 X89.430 Y147.861
G1 X89.439 Y147.726
G1 X89.448 Y147.591
G1 X89.457 Y147.456
G1 X89.465 Y147.322
G1 X89.474 Y147.187
G1 X89.482 Y147.052
G1 X89.490 Y146.917
G1 X89.499 Y146.782
G1 X89.507 Y146.647
G1 X89.515 Y146.512
G1 X89.522 Y146.377
G1 X89.530 Y146.242
G1 X89.538 Y146.107
G1 X89.546 Y145.972
G1 X89.553 Y145.837
G1 X89.560 Y145.702
G1 X89.568 Y145.567
G1 X89.575 Y145.432
G1 X89.582 Y145.297
G1 X89.589 Y145.162
G1 X89.596 Y145.027
G1 X89.603 Y144.891
G1 X89.609 Y144.756
G1 X89.616 Y144.621
G1 X89.622 Y144.486
G1 X89.629 Y144.351
G1 X89.635 Y144.216
G1 X89.641 Y144.081
G1 X89.647 Y143.946
G1 X89.653 Y143.811
G1 X89.659 Y143.676
G1 X89.665 Y143.541
G1 X89.671 Y143.406
G1 X89.677 Y143.270
G1 X89.682 Y143.135
G1 X89.688 Y143.000
G1 X89.693 Y142.865
G1 X89.698 Y142.730
G1 X89.703 Y142.595
G1 X89.709 Y142.460
G1 X89.714 Y142.325
G1 X89.718 Y142.189
G1 X89.723 Y142.054
G1 X89.728 Y141.919
G1 X89.733 Y141.784
G1 X89.737 Y141.649
G1 X89.742 Y141.514
G1 X89.746 Y141.378
G1 X89.750 Y141.243
G1 X89.754 Y141.108
G1 X89.758 Y140.973
G1 X89.762 Y140.838
G1 X89.766 Y140.703
G1 X89.770 Y140.567
G1 X89.774 Y140.432
G1 X89.778 Y140.297
G1 X89.781 Y140.162
G1 X89.785 Y140.027
G1 X89.788 Y139.891
G1 X89.791 Y139.756
G1 X89.794 Y139.621
G1 X89.797 Y139.486
G1 X89.801 Y139.351
G1 X89.803 Y139.215
G1 X89.806 Y139.080
G1 X89.809 Y138.945
G1 X89.812 Y138.810
G1 X89.814 Y138.674
G1 X89.817 Y138.539
G1 X89.819 Y138.404
G1 X89.822 Y138.269
G1 X89.824 Y138.133
G1 X89.826 Y137.998
G1 X89.828 Y137.863
G1 X89.830 Y137.728
G1 X89.832 Y137.593
G1 X89.834 Y137.457
G1 X89.836 Y137.322
G1 X89.837 Y137.187
G1 X89.839 Y137.052
G1 X89.840 Y136.916
G1 X89.842 Y136.781
G1 X89.843 Y136.646
G1 X89.844 Y136.511
G1 X89.846 Y136.375
G1 X89.847 Y136.240
G1 X89.848 Y136.105
G1 X89.849 Y135.970
G1 X89.849 Y135.834
G1 X89.850 Y135.699
G1 X89.851 Y135.564
G1 X89.852 Y135.428
G1 X89.852 Y135.293
G1 X89.853 Y135.158
G1 X89.853 Y135.023
G1 X89.853 Y134.887
G1 X89.853 Y134.752
G1 X89.854 Y134.617
G1 X89.854 Y134.482
G1 X89.854 Y134.346
G1 X89.854 Y134.211
G1 X89.853 Y134.076
G1 X89.853 Y133.941
G1 X89.853 Y133.805
G1 X89.853 Y133.670
G1 X89.852 Y133.535
G1 X89.852 Y133.399
G1 X89.851 Y133.264
G1 X89.850 Y133.129
G1 X89.849 Y132.994
G1 X89.849 Y132.858
G1 X89.848 Y132.723
G1 X89.847 Y132.588
G1 X89.846 Y132.453
G1 X89.845 Y132.317
G1 X89.843 Y132.182
G1 X89.842 Y132.047
G1 X89.841 Y131.912
G1 X89.839 Y131.776
G1 X89.838 Y131.641
G1 X89.836 Y131.506
G1 X89.835 Y131.397
G1 X89.835 Y131.293
G1 X89.835 Y131.191
G1 X89.837 Y131.089
G1 X89.840 Y130.989
G1 X89.843 Y130.889
G1 X89.849 Y130.771
G1 X89.856 Y130.654
G1 X89.865 Y130.538
G1 X89.874 Y130.424
G1 X89.886 Y130.311
G1 X89.898 Y130.200
G1 X89.912 Y130.090
G1 X89.927 Y129.981
G1 X89.943 Y129.874
G1 X89.961 Y129.768
G1 X89.980 Y129.664
G1 X90.000 Y129.561
G1 X90.021 Y129.459
G1 X90.044 Y129.359
G1 X90.067 Y129.260
G1 X90.092 Y129.162
G1 X90.123 Y129.050
G1 X90.155 Y128.940
G1 X90.188 Y128.832
G1 X90.223 Y128.725
G1 X90.256 Y128.630
G1 X82.446 Y120.984
G1 X84.212 Y117.828
G1 X83.780 Y117.532
G1 X80.571 Y115.342
G1 X77.361 Y113.151
G1 X74.536 Y111.223
G1 X74.571 Y111.353
G1 X74.606 Y111.483
G1 X74.641 Y111.612
G1 X74.676 Y111.741
G1 X74.717 Y111.892
G1 X74.752 Y112.021
G1 X74.787 Y112.150
G1 X74.828 Y112.300
G1 X74.880 Y112.493
G1 X74.916 Y112.622
G1 X75.086 Y113.243
G1 X75.121 Y113.372
G1 X75.150 Y113.479
G1 X75.197 Y113.651
G1 X75.232 Y113.780
G1 X75.267 Y113.909
G1 X82.446 Y120.984
G1 X79.749 Y125.807
G1 X81.433 Y129.696
G1 X81.505 Y129.863
G1 X83.191 Y133.751
G1 X84.875 Y137.640
G1 X86.560 Y141.529
G1 X88.245 Y145.417
G1 X89.413 Y148.113
G1 X89.406 Y148.221
G1 X89.397 Y148.356
G1 X89.387 Y148.491
G1 X89.378 Y148.626
G1 X89.368 Y148.761
G1 X89.359 Y148.895
G1 X89.349 Y149.030
G1 X89.339 Y149.165
G1 X89.329 Y149.300
G1 X89.319 Y149.435
G1 X89.309 Y149.570
G1 X89.298 Y149.705
G1 X89.288 Y149.839
G1 X89.277 Y149.974
G1 X89.267 Y150.109
G1 X89.256 Y150.244
G1 X89.245 Y150.379
G1 X89.234 Y150.513
G1 X89.223 Y150.648
G1 X89.212 Y150.783
G1 X89.200 Y150.918
G1 X89.189 Y151.052
G1 X89.178 Y151.187
G1 X89.166 Y151.322
G1 X89.154 Y151.457
G1 X89.142 Y151.591
G1 X89.130 Y151.726
G1 X89.118 Y151.861
G1 X89.106 Y151.995
G1 X89.094 Y152.130
G1 X89.081 Y152.265
G1 X89.069 Y152.399
G1 X89.056 Y152.534
G1 X89.044 Y152.669
G1 X89.031 Y152.803
G1 X89.018 Y152.938
G1 X89.005 Y153.072
G1 X88.992 Y153.207
G1 X88.978 Y153.342
G1 X88.965 Y153.476
G1 X88.951 Y153.611
G1 X88.938 Y153.745
G1 X88.924 Y153.880
G1 X88.910 Y154.014
G1 X88.896 Y154.149
G1 X88.882 Y154.284
G1 X88.868 Y154.418
G1 X88.857 Y154.519
G1 X88.846 Y154.634
G1 X88.836 Y154.749
G1 X88.828 Y154.862
G1 X88.821 Y154.974
G1 X88.815 Y155.085
G1 X88.810 Y155.195
G1 X87.238 Y155.599
G1 X86.871 Y155.677
G1 X85.199 Y156.030
G1 X82.884 Y156.519
G1 X82.878 Y156.647
G1 X82.873 Y156.753
G1 X82.868 Y156.860
G1 X82.863 Y156.967
G1 X82.858 Y157.074
G1 X82.853 Y157.181
G1 X82.847 Y157.288
G1 X82.842 Y157.396
G1 X82.837 Y157.503
G1 X82.832 Y157.611
G1 X82.827 Y157.719
G1 X82.822 Y157.827
G1 X82.817 Y157.935
G1 X82.812 Y158.043
G1 X82.807 Y158.151
G1 X82.803 Y158.260
G1 X82.798 Y158.368
G1 X82.793 Y158.477
G1 X82.788 Y158.586
G1 X82.783 Y158.695
G1 X85.585 Y159.715
G1 X86.197 Y159.921
G1 X89.473 Y161.023
G1 X89.878 Y161.159
G1 X86.918 Y161.573
G1 X88.826 Y161.920
G1 X94.003 Y162.860
G1 X91.799 Y173.123
G1 X89.196 Y170.012
G1 X87.393 Y167.859
G1 X84.790 Y164.749
G1 X84.062 Y163.879
G1 X83.697 Y163.442
G1 X81.093 Y160.332
G1 X80.663 Y159.818
G1 X80.767 Y159.787
G1 X80.880 Y159.755
G1 X80.992 Y159.724
G1 X81.103 Y159.696
G1 X81.213 Y159.669
G1 X81.323 Y159.644
G1 X81.431 Y159.621
G1 X81.539 Y159.599
G1 X81.645 Y159.579
G1 X81.751 Y159.561
G1 X81.856 Y159.545
G1 X81.960 Y159.530
G1 X82.063 Y159.517
G1 X82.165 Y159.505
G1 X82.266 Y159.495
G1 X82.366 Y159.487
G1 X82.482 Y159.479
G1 X82.596 Y159.473
G1 X82.709 Y159.470
G1 X82.754 Y159.354
G1 X82.759 Y159.243
G1 X82.764 Y159.133
G1 X82.769 Y159.024
G1 X82.773 Y158.914
G1 X82.778 Y158.805
G1 X82.309 Y158.613
G1 X81.252 Y158.257
G1 X78.614 Y157.370
G1 X77.274 Y155.769
G1 X74.671 Y152.659
G1 X73.874 Y151.707
G1 X73.644 Y151.432
G1 X71.984 Y149.449
G1 X66.777 Y143.229
G1 X65.199 Y141.343
G1 X59.992 Y135.123
G1 X59.158 Y134.126
G1 X60.140 Y131.858
G1 X58.352 Y131.964
G1 X58.158 Y131.975
G1 X60.140 Y131.858
G1 X67.060 Y115.872
G1 X66.358 Y116.886
G1 X64.010 Y120.284
G1 X62.320 Y122.730
G1 X60.049 Y126.017
G1 X59.175 Y127.282
G1 X56.835 Y130.669
G1 X56.577 Y131.042
G1 X57.390 Y132.012
G1 X59.158 Y134.126
G1 X38.482 Y181.893
G1 X37.547 Y181.402
G1 X34.159 Y179.623
G1 X31.825 Y178.397
; Retract
G0 Z5.000

; Path 13
; Rapid to initial position
G0 X32.691 Y153.699
G0 Z0.000
; plunge
G1 Z-0.200 F4000
; cut
G1 X38.421 Y152.391 F4000
G1 X36.334 Y152.868
G1 X32.691 Y153.699
; Retract
G0 Z5.000

; Path 14
; Rapid to initial position
G0 X38.421 Y152.391
G0 Z0.000
; plunge
G1 Z-0.200 F4000
; cut
G1 X42.017 Y151.570 F4000
G1 X40.242 Y151.976
G1 X38.421 Y152.391
; Retract
G0 Z5.000

; Path 15
; Rapid to initial position
G0 X41.440 Y145.489
G0 Z0.000
; plunge
G1 Z-0.200 F4000
; cut
G1 X44.867 Y146.131 F4000
G1 X37.776 Y144.804
G1 X41.440 Y145.489
G1 X41.440 Y145.489
; Retract
G0 Z5.000

; Path 16
; Rapid to initial position
G0 X48.685 Y132.535
G0 Z0.000
; plunge
G1 Z-0.200 F4000
; cut
G1 X52.856 Y132.289 F4000
G1 X50.807 Y132.411
G1 X48.685 Y132.535
; Retract
G0 Z5.000

; Path 17
; Rapid to initial position
G0 X60.182 Y131.856
G0 Z0.000
; plunge
G1 Z-0.200 F4000
; cut
G1 X62.402 Y131.725 F4000
G1 X61.921 Y131.753
G1 X60.182 Y131.856
; Retract
G0 Z5.000

; Path 18
; Rapid to initial position
G0 X62.834 Y142.677
G0 Z0.000
; plunge
G1 Z-0.200 F4000
; cut
G1 X63.537 Y142.587 F4000
G1 X60.118 Y143.027
G1 X62.834 Y142.677
; Retract
G0 Z5.000

; Path 19
; Rapid to initial position
G0 X60.830 Y149.265
G0 Z0.000
; plunge
G1 Z-0.200 F4000
; cut
G1 X61.074 Y150.207 F4000
G1 X61.435 Y151.590
G1 X61.012 Y151.449
G1 X59.670 Y150.997
G1 X57.753 Y150.352
G1 X57.851 Y150.328
G1 X57.961 Y150.300
G1 X58.071 Y150.272
G1 X58.180 Y150.243
G1 X58.288 Y150.213
G1 X58.395 Y150.183
G1 X58.501 Y150.153
G1 X58.606 Y150.122
G1 X58.710 Y150.091
G1 X58.813 Y150.059
G1 X58.915 Y150.027
G1 X59.017 Y149.995
G1 X59.117 Y149.962
G1 X59.216 Y149.929
G1 X59.315 Y149.895
G1 X59.412 Y149.861
G1 X59.508 Y149.827
G1 X59.603 Y149.792
G1 X59.697 Y149.757
G1 X59.802 Y149.717
G1 X59.905 Y149.676
G1 X60.007 Y149.635
G1 X60.108 Y149.594
G1 X60.207 Y149.553
G1 X60.304 Y149.510
G1 X60.401 Y149.468
G1 X60.495 Y149.425
G1 X60.589 Y149.382
G1 X60.680 Y149.339
G1 X60.771 Y149.295
G1 X60.830 Y149.265
; Retract
G0 Z5.000

; Path 20
; Rapid to initial position
G0 X61.435 Y151.590
G0 Z0.000
; plunge
G1 Z-0.200 F4000
; cut
G1 X62.875 Y152.075 F4000
G1 X64.150 Y152.504
G1 X67.426 Y153.606
G1 X70.703 Y154.708
G1 X73.979 Y155.811
G1 X77.255 Y156.913
G1 X77.976 Y157.155
G1 X78.614 Y157.370
G1 X78.757 Y157.540
G1 X80.663 Y159.818
G1 X80.558 Y159.850
G1 X80.462 Y159.881
G1 X80.366 Y159.913
G1 X80.269 Y159.947
G1 X80.171 Y159.982
G1 X80.073 Y160.018
G1 X79.969 Y160.057
G1 X79.873 Y160.094
G1 X79.697 Y160.162
G1 X79.601 Y160.200
G1 X79.322 Y160.194
G1 X75.969 Y159.585
G1 X74.497 Y159.318
G1 X72.435 Y158.943
G1 X72.429 Y158.728
G1 X71.884 Y158.843
G1 X72.435 Y158.943
G1 X72.444 Y159.238
G1 X72.453 Y159.519
G1 X72.460 Y159.748
G1 X72.465 Y159.927
G1 X72.471 Y160.105
G1 X72.475 Y160.258
G1 X72.480 Y160.411
G1 X72.484 Y160.539
G1 X72.488 Y160.666
G1 X72.492 Y160.794
G1 X72.495 Y160.896
G1 X72.498 Y160.998
G1 X72.502 Y161.100
G1 X72.505 Y161.202
G1 X72.508 Y161.304
G1 X72.512 Y161.406
G1 X72.515 Y161.508
G1 X72.520 Y161.661
G1 X72.525 Y161.814
G1 X72.530 Y161.967
G1 X72.534 Y162.072
G1 X72.539 Y162.178
G1 X72.545 Y162.282
G1 X72.552 Y162.385
G1 X72.560 Y162.487
G1 X72.569 Y162.588
G1 X72.579 Y162.688
G1 X72.591 Y162.799
G1 X72.605 Y162.908
G1 X72.620 Y163.017
G1 X72.636 Y163.123
G1 X72.653 Y163.229
G1 X72.671 Y163.333
G1 X72.691 Y163.435
G1 X72.711 Y163.537
G1 X72.051 Y163.652
G1 X68.686 Y164.122
G1 X65.319 Y164.593
G1 X65.137 Y163.402
G1 X66.292 Y160.025
G1 X67.879 Y159.689
G1 X69.250 Y159.400
G1 X71.884 Y158.843
G1 X71.145 Y158.709
G1 X67.792 Y158.100
G1 X64.439 Y157.491
G1 X63.918 Y157.397
G1 X63.567 Y157.333
G1 X62.896 Y157.211
G1 X62.460 Y155.534
G1 X61.836 Y153.135
G1 X61.435 Y151.590
; Retract
G0 Z5.000

; Path 21
; Rapid to initial position
G0 X66.678 Y158.893
G0 Z0.000
; plunge
G1 Z-0.200 F4000
; cut
G1 X66.292 Y160.025 F4000
G1 X65.940 Y160.099
G1 X64.675 Y160.367
G1 X65.137 Y163.402
G1 X62.680 Y170.590
G1 X61.853 Y170.058
G1 X55.342 Y165.868
G1 X55.625 Y165.694
G1 X58.913 Y163.672
G1 X62.200 Y161.649
G1 X63.391 Y160.916
G1 X66.678 Y158.893
; Retract
G0 Z5.000

; Path 22
; Rapid to initial position
G0 X82.745 Y159.574
G0 Z0.000
; plunge
G1 Z-0.200 F4000
; cut
G1 X82.740 Y159.685 F4000
G1 X82.735 Y159.796
G1 X82.731 Y159.907
G1 X82.726 Y160.018
G1 X82.721 Y160.130
G1 X82.717 Y160.241
G1 X82.712 Y160.353
G1 X82.707 Y160.465
G1 X82.703 Y160.577
G1 X82.698 Y160.690
G1 X82.694 Y160.802
G1 X82.689 Y160.915
G1 X82.684 Y161.028
G1 X82.680 Y161.142
G1 X82.675 Y161.255
G1 X82.671 Y161.369
G1 X82.666 Y161.483
G1 X82.662 Y161.597
G1 X82.657 Y161.711
G1 X82.653 Y161.826
G1 X82.649 Y161.941
G1 X82.644 Y162.056
G1 X82.640 Y162.171
G1 X82.762 Y162.154
G1 X86.129 Y161.684
G1 X86.918 Y161.573
G1 X86.485 Y161.495
G1 X86.443 Y161.397
G1 X86.397 Y161.301
G1 X86.347 Y161.206
G1 X86.293 Y161.113
G1 X86.235 Y161.022
G1 X86.174 Y160.932
G1 X86.109 Y160.845
G1 X86.040 Y160.759
G1 X85.968 Y160.676
G1 X85.900 Y160.602
G1 X85.829 Y160.530
G1 X85.755 Y160.461
G1 X85.678 Y160.393
G1 X85.598 Y160.327
G1 X85.516 Y160.263
G1 X85.430 Y160.201
G1 X85.342 Y160.141
G1 X85.252 Y160.083
G1 X85.158 Y160.028
G1 X85.062 Y159.975
G1 X84.963 Y159.924
G1 X84.873 Y159.880
G1 X84.781 Y159.839
G1 X84.687 Y159.800
G1 X84.591 Y159.762
G1 X84.493 Y159.727
G1 X84.393 Y159.694
G1 X84.290 Y159.663
G1 X84.186 Y159.634
G1 X84.080 Y159.607
G1 X83.972 Y159.582
G1 X83.862 Y159.560
G1 X83.750 Y159.540
G1 X83.651 Y159.525
G1 X83.550 Y159.511
G1 X83.448 Y159.499
G1 X83.344 Y159.489
G1 X83.239 Y159.481
G1 X83.133 Y159.475
G1 X83.025 Y159.471
G1 X82.915 Y159.468
G1 X82.805 Y159.468
G1 X82.745 Y159.574
; Retract
G0 Z5.000

; Path 23
; Rapid to initial position
G0 X89.100 Y157.564
G0 Z0.000
; plunge
G1 Z-0.200 F4000
; cut
G1 X89.068 Y157.460 F4000
G1 X89.038 Y157.354
G1 X89.010 Y157.246
G1 X88.983 Y157.136
G1 X88.961 Y157.037
G1 X88.940 Y156.936
G1 X88.920 Y156.834
G1 X88.902 Y156.730
G1 X88.886 Y156.625
G1 X88.871 Y156.518
G1 X88.857 Y156.410
G1 X88.845 Y156.300
G1 X88.834 Y156.188
G1 X88.826 Y156.075
G1 X88.819 Y155.975
G1 X88.814 Y155.874
G1 X88.810 Y155.771
G1 X88.807 Y155.668
G1 X88.806 Y155.563
G1 X88.805 Y155.457
G1 X88.807 Y155.350
G1 X90.580 Y154.893
G1 X92.449 Y154.498
G1 X95.790 Y153.792
G1 X96.108 Y153.725
G1 X96.537 Y153.635
G1 X98.518 Y153.216
G1 X101.860 Y152.510
G1 X105.202 Y151.804
G1 X106.790 Y151.468
G1 X110.131 Y150.763
G1 X112.377 Y150.288
G1 X112.254 Y150.168
G1 X113.485 Y150.054
G1 X116.117 Y149.808
G1 X114.448 Y149.964
G1 X113.485 Y150.054
G1 X112.377 Y150.288
G1 X116.154 Y153.987
G1 X115.800 Y154.101
G1 X112.515 Y155.157
G1 X109.229 Y156.214
G1 X105.944 Y157.270
G1 X99.374 Y159.384
G1 X96.912 Y160.175
G1 X95.360 Y160.392
G1 X94.507 Y160.512
G1 X94.065 Y162.568
G1 X96.026 Y163.227
G1 X95.532 Y163.138
G1 X94.003 Y162.860
G1 X94.065 Y162.568
G1 X92.750 Y162.125
G1 X89.878 Y161.159
G1 X92.861 Y160.742
G1 X94.507 Y160.512
G1 X94.933 Y158.527
G1 X94.875 Y158.611
G1 X94.816 Y158.693
G1 X94.756 Y158.773
G1 X94.688 Y158.859
G1 X94.619 Y158.943
G1 X94.549 Y159.024
G1 X94.478 Y159.102
G1 X94.405 Y159.177
G1 X94.332 Y159.249
G1 X94.258 Y159.319
G1 X94.182 Y159.386
G1 X94.099 Y159.457
G1 X94.014 Y159.524
G1 X93.928 Y159.588
G1 X93.841 Y159.649
G1 X93.754 Y159.706
G1 X93.666 Y159.760
G1 X93.577 Y159.811
G1 X93.487 Y159.859
G1 X93.397 Y159.903
G1 X93.297 Y159.948
G1 X93.198 Y159.988
G1 X93.097 Y160.025
G1 X92.996 Y160.059
G1 X92.895 Y160.088
G1 X92.794 Y160.113
G1 X92.692 Y160.135
G1 X92.590 Y160.153
G1 X92.488 Y160.167
G1 X92.386 Y160.177
G1 X92.284 Y160.183
G1 X92.182 Y160.186
G1 X92.080 Y160.185
G1 X91.979 Y160.180
G1 X91.877 Y160.171
G1 X91.777 Y160.158
G1 X91.676 Y160.142
G1 X91.576 Y160.122
G1 X91.477 Y160.098
G1 X91.379 Y160.071
G1 X91.281 Y160.040
G1 X91.184 Y160.005
G1 X91.088 Y159.966
G1 X90.993 Y159.924
G1 X90.899 Y159.878
G1 X90.806 Y159.829
G1 X90.714 Y159.775
G1 X90.624 Y159.718
G1 X90.535 Y159.658
G1 X90.454 Y159.599
G1 X90.375 Y159.537
G1 X90.297 Y159.472
G1 X90.221 Y159.404
G1 X90.145 Y159.333
G1 X90.072 Y159.259
G1 X89.999 Y159.182
G1 X89.929 Y159.102
G1 X89.860 Y159.019
G1 X89.792 Y158.933
G1 X89.732 Y158.852
G1 X89.674 Y158.768
G1 X89.617 Y158.682
G1 X89.562 Y158.594
G1 X89.508 Y158.503
G1 X89.456 Y158.410
G1 X89.406 Y158.314
G1 X89.357 Y158.216
G1 X89.315 Y158.125
G1 X89.274 Y158.033
G1 X89.235 Y157.938
G1 X89.197 Y157.842
G1 X89.161 Y157.744
G1 X89.126 Y157.643
G1 X89.100 Y157.564
; Retract
G0 Z5.000

; Path 24
; Rapid to initial position
G0 X96.309 Y152.119
G0 Z0.000
; plunge
G1 Z-0.200 F4000
; cut
G1 X96.322 Y151.973 F4000
G1 X96.334 Y151.828
G1 X96.347 Y151.682
G1 X96.359 Y151.536
G1 X96.371 Y151.391
G1 X96.383 Y151.245
G1 X96.395 Y151.100
G1 X96.407 Y150.954
G1 X96.419 Y150.808
G1 X96.430 Y150.663
G1 X96.442 Y150.517
G1 X96.453 Y150.372
G1 X96.464 Y150.226
G1 X96.475 Y150.080
G1 X96.486 Y149.935
G1 X96.497 Y149.789
G1 X96.508 Y149.643
G1 X96.519 Y149.498
G1 X96.529 Y149.352
G1 X96.540 Y149.206
G1 X96.550 Y149.061
G1 X96.560 Y148.915
G1 X96.570 Y148.769
G1 X96.580 Y148.623
G1 X96.590 Y148.478
G1 X96.600 Y148.332
G1 X96.610 Y148.186
G1 X96.619 Y148.040
G1 X96.629 Y147.895
G1 X96.638 Y147.749
G1 X96.648 Y147.603
G1 X96.657 Y147.457
G1 X96.666 Y147.312
G1 X96.675 Y147.166
G1 X96.683 Y147.020
G1 X96.692 Y146.874
G1 X96.701 Y146.728
G1 X96.709 Y146.583
G1 X96.718 Y146.437
G1 X96.726 Y146.291
G1 X96.734 Y146.145
G1 X96.742 Y145.999
G1 X96.750 Y145.853
G1 X96.758 Y145.708
G1 X96.765 Y145.562
G1 X96.773 Y145.416
G1 X96.781 Y145.270
G1 X96.786 Y145.156
G1 X96.793 Y145.027
G1 X96.799 Y144.897
G1 X96.806 Y144.767
G1 X96.812 Y144.638
G1 X96.818 Y144.508
G1 X96.824 Y144.378
G1 X96.830 Y144.249
G1 X96.836 Y144.119
G1 X96.842 Y143.989
G1 X96.848 Y143.859
G1 X96.853 Y143.730
G1 X96.859 Y143.600
G1 X96.864 Y143.470
G1 X96.870 Y143.341
G1 X96.875 Y143.211
G1 X96.880 Y143.081
G1 X96.885 Y142.951
G1 X96.891 Y142.822
G1 X96.895 Y142.692
G1 X96.900 Y142.562
G1 X96.905 Y142.432
G1 X96.910 Y142.303
G1 X96.915 Y142.173
G1 X96.919 Y142.043
G1 X96.924 Y141.913
G1 X96.928 Y141.783
G1 X96.932 Y141.654
G1 X96.937 Y141.524
G1 X96.941 Y141.394
G1 X96.945 Y141.264
G1 X96.949 Y141.135
G1 X96.953 Y141.005
G1 X96.957 Y140.875
G1 X96.960 Y140.745
G1 X96.964 Y140.615
G1 X96.968 Y140.486
G1 X96.971 Y140.356
G1 X96.974 Y140.226
G1 X96.978 Y140.096
G1 X96.981 Y139.966
G1 X96.984 Y139.837
G1 X96.987 Y139.707
G1 X96.990 Y139.577
G1 X96.993 Y139.447
G1 X96.996 Y139.317
G1 X96.999 Y139.187
G1 X97.001 Y139.058
G1 X97.004 Y138.928
G1 X97.007 Y138.798
G1 X97.009 Y138.668
G1 X97.011 Y138.538
G1 X97.014 Y138.408
G1 X97.016 Y138.279
G1 X97.018 Y138.149
G1 X97.020 Y138.019
G1 X97.022 Y137.889
G1 X97.024 Y137.759
G1 X97.026 Y137.629
G1 X97.027 Y137.499
G1 X97.029 Y137.370
G1 X97.030 Y137.240
G1 X97.032 Y137.110
G1 X97.033 Y136.980
G1 X97.035 Y136.850
G1 X97.036 Y136.720
G1 X97.037 Y136.590
G1 X97.038 Y136.461
G1 X97.039 Y136.331
G1 X97.040 Y136.201
G1 X97.041 Y136.071
G1 X97.041 Y135.941
G1 X97.042 Y135.811
G1 X97.043 Y135.681
G1 X97.043 Y135.552
G1 X97.044 Y135.448
G1 X97.044 Y135.341
G1 X91.680 Y130.025
G1 X91.731 Y126.488
G1 X91.814 Y126.427
G1 X91.900 Y126.368
G1 X91.987 Y126.311
G1 X92.074 Y126.258
G1 X92.163 Y126.209
G1 X92.252 Y126.162
G1 X92.353 Y126.114
G1 X92.454 Y126.070
G1 X92.555 Y126.031
G1 X92.658 Y125.995
G1 X92.761 Y125.963
G1 X92.864 Y125.935
G1 X92.968 Y125.912
G1 X93.072 Y125.892
G1 X93.177 Y125.876
G1 X93.282 Y125.865
G1 X93.386 Y125.858
G1 X93.491 Y125.854
G1 X93.596 Y125.855
G1 X93.701 Y125.860
G1 X93.805 Y125.869
G1 X93.909 Y125.882
G1 X94.013 Y125.899
G1 X94.117 Y125.920
G1 X94.219 Y125.945
G1 X94.322 Y125.975
G1 X94.423 Y126.008
G1 X94.524 Y126.046
G1 X94.624 Y126.088
G1 X94.723 Y126.134
G1 X94.821 Y126.184
G1 X94.918 Y126.238
G1 X95.004 Y126.291
G1 X95.089 Y126.346
G1 X95.173 Y126.406
G1 X95.256 Y126.468
G1 X95.338 Y126.534
G1 X95.419 Y126.603
G1 X95.498 Y126.676
G1 X95.576 Y126.752
G1 X95.653 Y126.832
G1 X95.728 Y126.914
G1 X95.793 Y126.991
G1 X95.857 Y127.070
G1 X95.920 Y127.152
G1 X95.982 Y127.237
G1 X96.042 Y127.324
G1 X96.101 Y127.414
G1 X96.159 Y127.507
G1 X96.214 Y127.602
G1 X96.269 Y127.700
G1 X96.322 Y127.801
G1 X96.367 Y127.892
G1 X96.410 Y127.984
G1 X96.452 Y128.079
G1 X96.494 Y128.176
G1 X96.533 Y128.274
G1 X96.572 Y128.375
G1 X96.608 Y128.478
G1 X96.644 Y128.583
G1 X96.678 Y128.691
G1 X96.710 Y128.800
G1 X96.742 Y128.911
G1 X96.767 Y129.008
G1 X96.791 Y129.107
G1 X96.814 Y129.207
G1 X96.836 Y129.309
G1 X96.857 Y129.412
G1 X96.876 Y129.517
G1 X96.895 Y129.624
G1 X96.912 Y129.732
G1 X96.927 Y129.841
G1 X96.942 Y129.952
G1 X96.955 Y130.065
G1 X96.926 Y130.165
G1 X96.846 Y130.233
G1 X96.768 Y130.303
G1 X96.694 Y130.373
G1 X96.622 Y130.446
G1 X96.546 Y130.528
G1 X96.474 Y130.611
G1 X96.405 Y130.696
G1 X96.339 Y130.783
G1 X96.278 Y130.871
G1 X96.219 Y130.961
G1 X96.165 Y131.051
G1 X96.114 Y131.143
G1 X96.067 Y131.237
G1 X96.024 Y131.331
G1 X95.984 Y131.426
G1 X95.948 Y131.522
G1 X95.915 Y131.619
G1 X95.886 Y131.717
G1 X95.861 Y131.816
G1 X95.840 Y131.915
G1 X95.823 Y132.015
G1 X95.809 Y132.115
G1 X95.799 Y132.216
G1 X95.792 Y132.317
G1 X95.790 Y132.418
G1 X95.791 Y132.520
G1 X95.796 Y132.622
G1 X95.804 Y132.723
G1 X95.817 Y132.825
G1 X95.833 Y132.927
G1 X95.853 Y133.029
G1 X95.877 Y133.130
G1 X95.905 Y133.232
G1 X95.936 Y133.333
G1 X95.972 Y133.433
G1 X96.011 Y133.533
G1 X96.054 Y133.633
G1 X96.101 Y133.731
G1 X96.147 Y133.820
G1 X96.201 Y133.917
G1 X96.253 Y134.004
G1 X96.309 Y134.090
G1 X96.367 Y134.176
G1 X96.429 Y134.261
G1 X96.494 Y134.344
G1 X96.562 Y134.427
G1 X96.633 Y134.509
G1 X96.708 Y134.590
G1 X96.785 Y134.670
G1 X96.857 Y134.740
G1 X96.931 Y134.809
G1 X97.008 Y134.877
G1 X97.044 Y135.020
G1 X97.044 Y135.127
G1 X97.044 Y135.234
G1 X99.426 Y137.608
G1 X96.309 Y152.119
; Retract
G0 Z5.000

; Path 25
; Rapid to initial position
G0 X106.833 Y150.673
G0 Z0.000
; plunge
G1 Z-0.200 F4000
; cut
G1 X112.254 Y150.168 F4000
G1 X99.426 Y137.608
G1 X99.739 Y136.150
G1 X99.625 Y136.124
G1 X99.520 Y136.099
G1 X99.417 Y136.073
G1 X99.316 Y136.045
G1 X99.215 Y136.017
G1 X99.117 Y135.988
G1 X99.020 Y135.958
G1 X98.924 Y135.926
G1 X98.814 Y135.889
G1 X98.707 Y135.850
G1 X98.601 Y135.810
G1 X98.497 Y135.768
G1 X98.396 Y135.726
G1 X98.296 Y135.682
G1 X98.198 Y135.637
G1 X98.102 Y135.591
G1 X98.009 Y135.544
G1 X97.917 Y135.496
G1 X97.827 Y135.447
G1 X97.739 Y135.396
G1 X97.641 Y135.338
G1 X97.546 Y135.278
G1 X97.453 Y135.217
G1 X97.363 Y135.154
G1 X97.275 Y135.091
G1 X97.190 Y135.026
G1 X97.108 Y134.960
G1 X97.045 Y134.860
G1 X97.045 Y134.753
G1 X97.045 Y134.646
G1 X97.044 Y134.539
G1 X97.044 Y134.433
G1 X97.044 Y134.326
G1 X97.044 Y134.219
G1 X97.043 Y134.112
G1 X97.043 Y134.005
G1 X97.043 Y133.898
G1 X97.042 Y133.791
G1 X97.042 Y133.685
G1 X97.041 Y133.578
G1 X97.040 Y133.471
G1 X97.040 Y133.364
G1 X97.039 Y133.257
G1 X97.038 Y133.150
G1 X97.037 Y133.043
G1 X97.036 Y132.936
G1 X97.036 Y132.830
G1 X97.035 Y132.723
G1 X97.033 Y132.616
G1 X97.032 Y132.509
G1 X97.031 Y132.402
G1 X97.030 Y132.295
G1 X97.029 Y132.188
G1 X97.027 Y132.082
G1 X97.026 Y131.975
G1 X97.025 Y131.868
G1 X97.023 Y131.761
G1 X97.022 Y131.654
G1 X97.020 Y131.547
G1 X97.019 Y131.440
G1 X97.017 Y131.333
G1 X97.015 Y131.227
G1 X97.013 Y131.120
G1 X97.012 Y131.013
G1 X97.009 Y130.897
G1 X97.007 Y130.794
G1 X97.003 Y130.692
G1 X96.998 Y130.591
G1 X96.992 Y130.491
G1 X96.984 Y130.373
G1 X96.974 Y130.256
G1 X96.963 Y130.141
G1 X97.047 Y130.070
G1 X97.135 Y130.006
G1 X97.225 Y129.944
G1 X97.318 Y129.884
G1 X97.414 Y129.825
G1 X97.501 Y129.775
G1 X97.591 Y129.726
G1 X97.684 Y129.679
G1 X97.778 Y129.633
G1 X97.875 Y129.589
G1 X97.973 Y129.547
G1 X98.075 Y129.506
G1 X98.178 Y129.467
G1 X98.283 Y129.430
G1 X98.378 Y129.398
G1 X98.487 Y129.365
G1 X98.585 Y129.337
G1 X98.684 Y129.310
G1 X98.786 Y129.285
G1 X98.888 Y129.261
G1 X98.993 Y129.239
G1 X99.099 Y129.219
G1 X99.207 Y129.200
G1 X99.316 Y129.183
G1 X99.428 Y129.167
G1 X99.540 Y129.153
G1 X99.655 Y129.141
G1 X98.618 Y128.195
G1 X98.354 Y127.959
G1 X96.037 Y125.898
G1 X93.408 Y124.103
G1 X91.782 Y122.994
G1 X91.791 Y122.406
G1 X91.918 Y113.677
G1 X91.923 Y113.300
G1 X91.927 Y113.044
G1 X90.326 Y109.879
G1 X89.991 Y109.217
G1 X89.884 Y109.217
G1 X89.776 Y109.217
G1 X89.653 Y109.217
G1 X89.529 Y109.216
G1 X89.406 Y109.215
G1 X89.283 Y109.214
G1 X89.160 Y109.213
G1 X89.037 Y109.211
G1 X92.062 Y103.796
G1 X92.048 Y104.705
G1 X92.020 Y106.698
G1 X92.003 Y107.847
G1 X91.984 Y109.126
G1 X91.927 Y113.044
G1 X92.061 Y113.308
G1 X92.409 Y113.997
G1 X92.678 Y114.529
G1 X92.908 Y114.984
G1 X93.111 Y115.387
G1 X93.295 Y115.751
G1 X93.354 Y115.868
G1 X93.409 Y115.977
G1 X93.464 Y116.087
G1 X93.519 Y116.196
G1 X93.573 Y116.306
G1 X93.628 Y116.415
G1 X93.683 Y116.525
G1 X93.737 Y116.635
G1 X93.792 Y116.745
G1 X93.846 Y116.854
G1 X93.900 Y116.964
G1 X93.954 Y117.074
G1 X94.008 Y117.184
G1 X94.062 Y117.294
G1 X94.116 Y117.404
G1 X94.170 Y117.514
G1 X94.224 Y117.624
G1 X94.277 Y117.735
G1 X94.331 Y117.845
G1 X94.385 Y117.955
G1 X94.438 Y118.065
G1 X94.491 Y118.175
G1 X94.554 Y118.304
G1 X94.607 Y118.415
G1 X94.660 Y118.525
G1 X94.713 Y118.635
G1 X94.766 Y118.746
G1 X94.819 Y118.856
G1 X94.872 Y118.967
G1 X94.925 Y119.077
G1 X94.978 Y119.188
G1 X95.031 Y119.298
G1 X95.084 Y119.409
G1 X95.136 Y119.520
G1 X95.206 Y119.667
G1 X95.277 Y119.815
G1 X95.347 Y119.962
G1 X95.417 Y120.110
G1 X95.495 Y120.276
G1 X95.539 Y120.368
G1 X95.583 Y120.461
G1 X95.626 Y120.553
G1 X95.679 Y120.664
G1 X95.731 Y120.775
G1 X95.792 Y120.904
G1 X95.853 Y121.033
G1 X95.923 Y121.181
G1 X96.010 Y121.366
G1 X96.123 Y121.606
G1 X96.601 Y122.623
G1 X96.714 Y122.863
G1 X96.801 Y123.048
G1 X96.871 Y123.195
G1 X96.932 Y123.325
G1 X96.993 Y123.454
G1 X97.045 Y123.565
G1 X97.098 Y123.676
G1 X97.141 Y123.768
G1 X97.185 Y123.860
G1 X97.228 Y123.953
G1 X97.272 Y124.045
G1 X97.342 Y124.192
G1 X97.412 Y124.340
G1 X97.482 Y124.488
G1 X97.552 Y124.635
G1 X97.614 Y124.764
G1 X97.666 Y124.875
G1 X97.719 Y124.986
G1 X97.772 Y125.096
G1 X97.825 Y125.207
G1 X97.869 Y125.299
G1 X97.914 Y125.391
G1 X97.959 Y125.481
G1 X98.004 Y125.571
G1 X98.062 Y125.681
G1 X98.120 Y125.788
G1 X98.179 Y125.894
G1 X98.238 Y125.998
G1 X98.299 Y126.100
G1 X98.360 Y126.200
G1 X98.421 Y126.299
G1 X98.483 Y126.395
G1 X98.546 Y126.489
G1 X98.609 Y126.582
G1 X98.673 Y126.672
G1 X98.737 Y126.761
G1 X98.802 Y126.847
G1 X98.868 Y126.932
G1 X98.934 Y127.015
G1 X99.000 Y127.096
G1 X99.067 Y127.175
G1 X99.134 Y127.252
G1 X99.202 Y127.328
G1 X99.270 Y127.402
G1 X99.352 Y127.488
G1 X99.435 Y127.571
G1 X99.518 Y127.652
G1 X99.601 Y127.730
G1 X99.685 Y127.805
G1 X99.770 Y127.878
G1 X99.855 Y127.948
G1 X99.940 Y128.016
G1 X100.025 Y128.082
G1 X100.111 Y128.144
G1 X100.197 Y128.205
G1 X100.284 Y128.262
G1 X100.370 Y128.318
G1 X100.457 Y128.371
G1 X100.558 Y128.429
G1 X100.659 Y128.484
G1 X100.761 Y128.536
G1 X100.862 Y128.585
G1 X100.964 Y128.630
G1 X101.065 Y128.672
G1 X101.166 Y128.711
G1 X101.267 Y128.747
G1 X101.245 Y129.137
G1 X103.064 Y130.268
G1 X102.999 Y130.356
G1 X102.929 Y130.437
G1 X102.855 Y130.513
G1 X102.777 Y130.581
G1 X102.693 Y130.642
G1 X102.605 Y130.695
G1 X102.512 Y130.739
G1 X102.413 Y130.774
G1 X102.305 Y130.805
G1 X102.198 Y130.835
G1 X102.090 Y130.864
G1 X101.982 Y130.892
G1 X101.874 Y130.919
G1 X101.766 Y130.946
G1 X101.578 Y130.828
G1 X100.994 Y130.308
G1 X101.245 Y129.137
G1 X96.026 Y125.889
G1 X96.616 Y126.294
G1 X99.826 Y128.485
G1 X100.426 Y128.894
G1 X100.741 Y129.109
G1 X100.630 Y129.106
G1 X100.521 Y129.104
G1 X100.413 Y129.104
G1 X100.305 Y129.104
G1 X100.200 Y129.107
G1 X100.095 Y129.110
G1 X99.991 Y129.115
G1 X99.889 Y129.121
G1 X99.788 Y129.129
G1 X99.688 Y129.138
G1 X100.994 Y130.308
G1 X99.739 Y136.150
G1 X99.838 Y136.171
G1 X99.947 Y136.193
G1 X100.058 Y136.214
G1 X100.170 Y136.234
G1 X100.283 Y136.253
G1 X100.398 Y136.270
G1 X100.515 Y136.286
G1 X100.633 Y136.301
G1 X101.985 Y136.460
G1 X103.276 Y136.611
G1 X104.577 Y136.764
G1 X105.897 Y136.919
G1 X107.255 Y137.079
G1 X108.681 Y137.248
G1 X108.813 Y137.264
G1 X111.124 Y139.320
G1 X114.084 Y141.952
G1 X115.242 Y141.472
G1 X116.330 Y141.022
G1 X116.358 Y140.919
G1 X116.387 Y140.821
G1 X116.418 Y140.725
G1 X116.453 Y140.619
G1 X116.491 Y140.515
G1 X116.530 Y140.414
G1 X116.571 Y140.315
G1 X116.613 Y140.218
G1 X116.657 Y140.123
G1 X116.702 Y140.030
G1 X116.138 Y139.618
G1 X115.757 Y139.358
G1 X113.507 Y137.823
G1 X111.932 Y137.634
G1 X110.210 Y137.429
G1 X108.813 Y137.264
G1 X108.165 Y136.687
G1 X106.874 Y135.538
G1 X106.950 Y135.471
G1 X107.026 Y135.403
G1 X107.101 Y135.335
G1 X107.174 Y135.265
G1 X107.247 Y135.196
G1 X107.319 Y135.125
G1 X107.390 Y135.054
G1 X107.473 Y134.968
G1 X107.555 Y134.882
G1 X107.635 Y134.794
G1 X107.713 Y134.706
G1 X107.790 Y134.617
G1 X107.864 Y134.527
G1 X107.937 Y134.437
G1 X108.009 Y134.345
G1 X108.078 Y134.253
G1 X108.145 Y134.160
G1 X108.210 Y134.067
G1 X108.274 Y133.973
G1 X108.335 Y133.878
G1 X108.394 Y133.782
G1 X108.451 Y133.686
G1 X118.741 Y140.024
G1 X116.330 Y141.022
G1 X116.305 Y141.121
G1 X116.280 Y141.224
G1 X116.257 Y141.329
G1 X116.235 Y141.436
G1 X116.214 Y141.544
G1 X116.196 Y141.655
G1 X116.178 Y141.767
G1 X116.165 Y141.867
G1 X116.152 Y141.968
G1 X116.141 Y142.070
G1 X116.131 Y142.174
G1 X116.122 Y142.279
G1 X116.115 Y142.385
G1 X116.108 Y142.493
G1 X116.104 Y142.602
G1 X116.100 Y142.713
G1 X116.098 Y142.825
G1 X116.097 Y142.938
G1 X116.098 Y143.053
G1 X116.100 Y143.169
G1 X116.102 Y143.269
G1 X116.106 Y143.371
G1 X116.111 Y143.474
G1 X116.118 Y143.593
G1 X116.127 Y143.764
G1 X116.137 Y143.934
G1 X116.146 Y144.104
G1 X116.156 Y144.275
G1 X116.165 Y144.445
G1 X116.174 Y144.615
G1 X116.183 Y144.786
G1 X116.192 Y144.956
G1 X116.201 Y145.126
G1 X116.210 Y145.297
G1 X116.218 Y145.467
G1 X116.227 Y145.637
G1 X116.236 Y145.808
G1 X116.244 Y145.978
G1 X116.253 Y146.148
G1 X116.261 Y146.319
G1 X116.269 Y146.489
G1 X116.278 Y146.660
G1 X116.286 Y146.830
G1 X116.294 Y147.000
G1 X116.302 Y147.171
G1 X116.310 Y147.341
G1 X116.318 Y147.512
G1 X116.326 Y147.682
G1 X116.335 Y147.874
G1 X116.339 Y147.980
G1 X116.344 Y148.087
G1 X116.349 Y148.193
G1 X116.354 Y148.300
G1 X116.359 Y148.406
G1 X116.363 Y148.513
G1 X116.368 Y148.619
G1 X116.373 Y148.726
G1 X116.377 Y148.832
G1 X116.382 Y148.939
G1 X116.386 Y149.045
G1 X116.391 Y149.152
G1 X116.396 Y149.258
G1 X116.400 Y149.365
G1 X113.490 Y150.053
G1 X112.254 Y150.168
G1 X110.640 Y150.319
G1 X106.833 Y150.673
; Retract
G0 Z5.000

; Path 26
; Rapid to initial position
G0 X116.440 Y150.323
G0 Z0.000
; plunge
G1 Z-0.200 F4000
; cut
G1 X116.436 Y150.217 F4000
G1 X116.431 Y150.110
G1 X116.427 Y150.004
G1 X116.422 Y149.897
G1 X116.418 Y149.791
G1 X116.414 Y149.684
G1 X116.409 Y149.578
G1 X116.405 Y149.471
G1 X119.462 Y148.791
G1 X122.518 Y141.242
G1 X125.895 Y140.918
G1 X129.271 Y140.594
G1 X130.080 Y140.516
G1 X130.141 Y140.610
G1 X130.201 Y140.703
G1 X130.262 Y140.797
G1 X130.322 Y140.890
G1 X130.383 Y140.984
G1 X130.444 Y141.077
G1 X130.505 Y141.170
G1 X130.565 Y141.263
G1 X130.626 Y141.357
G1 X130.687 Y141.450
G1 X130.748 Y141.543
G1 X130.809 Y141.636
G1 X130.871 Y141.729
G1 X130.932 Y141.821
G1 X130.993 Y141.914
G1 X131.054 Y142.007
G1 X131.116 Y142.100
G1 X131.177 Y142.192
G1 X131.239 Y142.285
G1 X131.300 Y142.377
G1 X131.362 Y142.470
G1 X131.424 Y142.562
G1 X131.486 Y142.654
G1 X131.547 Y142.747
G1 X131.609 Y142.839
G1 X131.671 Y142.931
G1 X131.733 Y143.023
G1 X131.795 Y143.115
G1 X131.857 Y143.207
G1 X131.920 Y143.299
G1 X131.982 Y143.391
G1 X132.044 Y143.482
G1 X132.107 Y143.574
G1 X132.169 Y143.666
G1 X132.231 Y143.757
G1 X132.294 Y143.849
G1 X132.357 Y143.940
G1 X132.419 Y144.031
G1 X132.482 Y144.123
G1 X132.545 Y144.214
G1 X132.608 Y144.305
G1 X132.671 Y144.396
G1 X132.734 Y144.487
G1 X132.797 Y144.578
G1 X132.860 Y144.669
G1 X132.923 Y144.760
G1 X132.986 Y144.851
G1 X133.049 Y144.942
G1 X133.113 Y145.032
G1 X133.176 Y145.123
G1 X133.239 Y145.214
G1 X133.303 Y145.304
G1 X133.366 Y145.395
G1 X133.430 Y145.485
G1 X133.494 Y145.575
G1 X133.557 Y145.666
G1 X133.621 Y145.756
G1 X133.685 Y145.846
G1 X133.749 Y145.936
G1 X133.813 Y146.026
G1 X133.877 Y146.116
G1 X133.941 Y146.206
G1 X134.005 Y146.296
G1 X134.069 Y146.385
G1 X133.289 Y146.599
G1 X133.746 Y147.017
G1 X133.865 Y147.126
G1 X133.966 Y147.219
G1 X134.051 Y147.296
G1 X134.186 Y147.420
G1 X134.304 Y147.528
G1 X134.405 Y147.621
G1 X134.505 Y147.713
G1 X134.589 Y147.790
G1 X134.688 Y147.882
G1 X134.788 Y147.973
G1 X133.260 Y148.485
G1 X129.975 Y149.541
G1 X126.690 Y150.598
G1 X125.656 Y150.931
G1 X122.370 Y151.987
G1 X119.085 Y153.044
G1 X116.572 Y153.852
G1 X116.577 Y154.009
G1 X116.582 Y154.159
G1 X116.588 Y154.308
G1 X116.591 Y154.414
G1 X116.154 Y153.987
G1 X116.572 Y153.852
G1 X116.567 Y153.711
G1 X116.563 Y153.583
G1 X116.558 Y153.455
G1 X116.554 Y153.328
G1 X116.549 Y153.200
G1 X116.544 Y153.072
G1 X116.540 Y152.944
G1 X116.535 Y152.816
G1 X116.531 Y152.688
G1 X116.526 Y152.560
G1 X116.521 Y152.433
G1 X116.517 Y152.305
G1 X116.512 Y152.177
G1 X116.507 Y152.049
G1 X116.502 Y151.921
G1 X116.497 Y151.793
G1 X116.493 Y151.666
G1 X116.488 Y151.538
G1 X116.483 Y151.410
G1 X116.478 Y151.282
G1 X116.474 Y151.176
G1 X116.470 Y151.069
G1 X116.465 Y150.963
G1 X116.461 Y150.856
G1 X116.457 Y150.749
G1 X116.453 Y150.643
G1 X116.448 Y150.536
G1 X116.444 Y150.430
G1 X116.440 Y150.323
; Retract
G0 Z5.000

; Path 27
; Rapid to initial position
G0 X118.739 Y150.576
G0 Z0.000
; plunge
G1 Z-0.200 F4000
; cut
G1 X119.629 Y150.333 F4000
G1 X122.941 Y149.428
G1 X126.253 Y148.522
G1 X129.565 Y147.617
G1 X132.897 Y146.706
G1 X133.289 Y146.599
G1 X133.185 Y146.503
G1 X133.083 Y146.410
G1 X132.998 Y146.332
G1 X132.862 Y146.208
G1 X132.744 Y146.100
G1 X132.643 Y146.007
G1 X130.179 Y146.527
G1 X123.496 Y147.939
G1 X120.155 Y148.644
G1 X119.462 Y148.791
G1 X118.739 Y150.576
; Retract
G0 Z5.000

; Path 28
; Rapid to initial position
G0 X121.061 Y163.297
G0 Z0.000
; plunge
G1 Z-0.200 F4000
; cut
G1 X122.998 Y164.642 F4000
G1 X125.216 Y166.183
G1 X126.217 Y166.336
G1 X129.241 Y166.800
G1 X133.205 Y170.681
G1 X132.447 Y169.041
G1 X131.574 Y167.157
G1 X129.896 Y166.900
G1 X129.241 Y166.800
G1 X128.000 Y165.585
G1 X128.009 Y165.466
G1 X128.017 Y165.346
G1 X128.026 Y165.227
G1 X128.035 Y165.107
G1 X128.044 Y164.988
G1 X128.052 Y164.868
G1 X128.061 Y164.748
G1 X128.070 Y164.628
G1 X128.079 Y164.508
G1 X128.088 Y164.387
G1 X128.097 Y164.267
G1 X128.107 Y164.146
G1 X128.116 Y164.025
G1 X128.125 Y163.905
G1 X128.135 Y163.783
G1 X128.144 Y163.662
G1 X128.154 Y163.541
G1 X128.164 Y163.419
G1 X128.173 Y163.298
G1 X128.183 Y163.176
G1 X128.193 Y163.053
G1 X128.203 Y162.931
G1 X128.213 Y162.809
G1 X128.223 Y162.686
G1 X128.233 Y162.563
G1 X128.243 Y162.440
G1 X128.254 Y162.317
G1 X128.264 Y162.193
G1 X128.275 Y162.069
G1 X128.285 Y161.946
G1 X128.296 Y161.821
G1 X128.306 Y161.697
G1 X128.317 Y161.572
G1 X128.328 Y161.447
G1 X128.339 Y161.322
G1 X128.350 Y161.197
G1 X128.361 Y161.071
G1 X128.373 Y160.945
G1 X128.384 Y160.819
G1 X128.395 Y160.693
G1 X128.407 Y160.566
G1 X128.418 Y160.439
G1 X128.574 Y160.675
G1 X128.898 Y161.375
G1 X130.672 Y165.208
G1 X131.574 Y167.157
G1 X133.575 Y167.463
G1 X134.695 Y167.635
G1 X134.981 Y167.678
G1 X136.731 Y167.946
G1 X138.685 Y168.246
G1 X142.364 Y168.810
G1 X143.284 Y168.950
G1 X144.698 Y169.167
G1 X145.131 Y169.233
G1 X145.241 Y169.311
G1 X145.350 Y169.389
G1 X145.460 Y169.468
G1 X145.570 Y169.546
G1 X145.679 Y169.624
G1 X145.789 Y169.702
G1 X145.899 Y169.780
G1 X146.009 Y169.858
G1 X146.119 Y169.936
G1 X146.229 Y170.014
G1 X146.339 Y170.091
G1 X146.449 Y170.169
G1 X146.559 Y170.247
G1 X146.669 Y170.324
G1 X146.779 Y170.402
G1 X146.889 Y170.479
G1 X146.999 Y170.556
G1 X147.110 Y170.633
G1 X147.220 Y170.711
G1 X147.330 Y170.788
G1 X147.441 Y170.865
G1 X147.551 Y170.942
G1 X147.662 Y171.019
G1 X147.772 Y171.096
G1 X147.883 Y171.172
G1 X147.994 Y171.249
G1 X148.104 Y171.326
G1 X148.215 Y171.402
G1 X148.326 Y171.479
G1 X148.437 Y171.555
G1 X148.548 Y171.631
G1 X148.659 Y171.708
G1 X148.769 Y171.784
G1 X148.880 Y171.860
G1 X148.991 Y171.936
G1 X149.103 Y172.012
G1 X149.214 Y172.088
G1 X149.325 Y172.164
G1 X149.436 Y172.240
G1 X149.547 Y172.315
G1 X149.659 Y172.391
G1 X149.770 Y172.467
G1 X149.881 Y172.542
G1 X149.993 Y172.618
G1 X150.104 Y172.693
G1 X150.216 Y172.768
G1 X150.327 Y172.843
G1 X150.439 Y172.919
G1 X150.550 Y172.994
G1 X150.662 Y173.069
G1 X150.774 Y173.144
G1 X150.885 Y173.219
G1 X150.997 Y173.293
G1 X151.109 Y173.368
G1 X151.221 Y173.443
G1 X151.333 Y173.517
G1 X151.445 Y173.592
G1 X151.557 Y173.666
G1 X151.669 Y173.741
G1 X151.781 Y173.815
G1 X151.893 Y173.889
G1 X152.005 Y173.963
G1 X152.117 Y174.038
G1 X152.230 Y174.112
G1 X152.342 Y174.185
G1 X152.454 Y174.259
G1 X152.566 Y174.333
G1 X152.679 Y174.407
G1 X152.791 Y174.481
G1 X152.904 Y174.554
G1 X153.016 Y174.628
G1 X153.129 Y174.701
G1 X153.241 Y174.775
G1 X153.354 Y174.848
G1 X153.467 Y174.921
G1 X153.579 Y174.994
G1 X153.692 Y175.067
G1 X153.805 Y175.140
G1 X153.918 Y175.213
G1 X154.030 Y175.286
G1 X154.143 Y175.359
G1 X154.256 Y175.432
G1 X154.369 Y175.504
G1 X154.482 Y175.577
G1 X154.595 Y175.649
G1 X154.708 Y175.722
G1 X154.821 Y175.794
G1 X154.935 Y175.866
G1 X155.048 Y175.939
G1 X155.161 Y176.011
G1 X155.274 Y176.083
G1 X155.387 Y176.155
G1 X155.501 Y176.227
G1 X155.614 Y176.299
G1 X155.728 Y176.370
G1 X155.841 Y176.442
G1 X155.955 Y176.514
G1 X156.068 Y176.585
G1 X156.182 Y176.657
G1 X156.295 Y176.728
G1 X156.409 Y176.799
G1 X156.522 Y176.871
G1 X156.636 Y176.942
G1 X156.750 Y177.013
G1 X156.864 Y177.084
G1 X156.977 Y177.155
G1 X157.091 Y177.226
G1 X157.205 Y177.297
G1 X157.319 Y177.367
G1 X157.433 Y177.438
G1 X157.547 Y177.509
G1 X157.661 Y177.579
G1 X157.775 Y177.650
G1 X157.889 Y177.720
G1 X158.003 Y177.790
G1 X158.117 Y177.860
G1 X158.232 Y177.931
G1 X158.346 Y178.001
G1 X158.460 Y178.071
G1 X158.574 Y178.141
G1 X158.689 Y178.210
G1 X158.803 Y178.280
G1 X158.917 Y178.350
G1 X159.032 Y178.419
G1 X159.146 Y178.489
G1 X159.261 Y178.558
G1 X159.375 Y178.628
G1 X159.909 Y178.951
G1 X160.253 Y179.158
G1 X160.533 Y179.327
G1 X160.762 Y179.465
G1 X160.965 Y179.588
G1 X161.156 Y179.703
G1 X161.335 Y179.811
G1 X161.500 Y179.910
G1 X161.653 Y180.002
G1 X161.793 Y180.087
G1 X161.934 Y180.171
G1 X162.061 Y180.247
G1 X162.189 Y180.324
G1 X162.316 Y180.400
G1 X162.431 Y180.469
G1 X162.546 Y180.538
G1 X162.661 Y180.607
G1 X162.763 Y180.668
G1 X162.865 Y180.729
G1 X162.967 Y180.790
G1 X163.069 Y180.851
G1 X163.171 Y180.912
G1 X163.261 Y180.965
G1 X163.350 Y181.018
G1 X163.440 Y181.072
G1 X163.529 Y181.125
G1 X163.619 Y181.178
G1 X163.708 Y181.231
G1 X163.798 Y181.284
G1 X163.887 Y181.337
G1 X164.041 Y181.428
G1 X164.194 Y181.519
G1 X164.348 Y181.610
G1 X164.502 Y181.701
G1 X164.655 Y181.792
G1 X164.809 Y181.882
G1 X164.950 Y181.965
G1 X165.078 Y182.041
G1 X165.207 Y182.116
G1 X165.335 Y182.191
G1 X165.463 Y182.266
G1 X165.592 Y182.341
G1 X165.720 Y182.416
G1 X165.849 Y182.491
G1 X165.977 Y182.566
G1 X167.613 Y184.576
G1 X167.501 Y184.555
G1 X167.401 Y184.540
G1 X167.301 Y184.529
G1 X167.198 Y184.520
G1 X167.095 Y184.514
G1 X166.990 Y184.511
G1 X166.883 Y184.512
G1 X166.776 Y184.516
G1 X166.667 Y184.522
G1 X166.557 Y184.532
G1 X166.446 Y184.546
G1 X166.335 Y184.562
G1 X166.222 Y184.582
G1 X166.108 Y184.605
G1 X166.010 Y184.627
G1 X165.911 Y184.652
G1 X165.811 Y184.679
G1 X165.711 Y184.709
G1 X165.611 Y184.741
G1 X165.510 Y184.776
G1 X165.408 Y184.814
G1 X165.306 Y184.853
G1 X165.204 Y184.896
G1 X165.102 Y184.941
G1 X164.998 Y184.988
G1 X164.895 Y185.039
G1 X164.792 Y185.092
G1 X164.688 Y185.147
G1 X164.584 Y185.205
G1 X164.497 Y185.256
G1 X164.410 Y185.308
G1 X164.323 Y185.362
G1 X164.236 Y185.419
G1 X164.148 Y185.477
G1 X164.061 Y185.537
G1 X163.974 Y185.598
G1 X163.887 Y185.662
G1 X163.799 Y185.728
G1 X163.712 Y185.795
G1 X163.625 Y185.865
G1 X163.538 Y185.937
G1 X163.451 Y186.010
G1 X161.351 Y185.077
G1 X157.901 Y183.470
G1 X154.452 Y181.862
G1 X154.361 Y181.820
G1 X150.911 Y180.213
G1 X147.462 Y178.605
G1 X146.709 Y178.254
G1 X146.259 Y178.044
G1 X146.122 Y177.981
G1 X142.673 Y176.373
G1 X140.418 Y175.322
G1 X136.968 Y173.715
G1 X135.076 Y172.833
G1 X134.207 Y172.427
G1 X132.583 Y171.299
G1 X129.387 Y169.080
G1 X126.193 Y166.861
G1 X125.216 Y166.183
G1 X124.233 Y166.033
G1 X124.053 Y165.877
G1 X121.061 Y163.297
; Retract
G0 Z5.000

; Path 29
; Rapid to initial position
G0 X121.842 Y165.666
G0 Z0.000
; plunge
G1 Z-0.200 F4000
; cut
G1 X123.039 Y165.849 F4000
G1 X123.685 Y165.949
G1 X124.233 Y166.033
G1 X127.046 Y168.457
G1 X128.645 Y169.836
G1 X130.900 Y170.886
G1 X131.730 Y171.273
G1 X134.207 Y172.427
G1 X135.777 Y173.518
G1 X138.973 Y175.738
G1 X139.568 Y176.151
G1 X139.532 Y176.265
G1 X139.496 Y176.379
G1 X139.460 Y176.493
G1 X139.424 Y176.607
G1 X139.381 Y176.740
G1 X139.333 Y176.892
G1 X139.285 Y177.044
G1 X139.236 Y177.196
G1 X139.188 Y177.348
G1 X139.139 Y177.500
G1 X139.090 Y177.652
G1 X139.041 Y177.804
G1 X138.993 Y177.955
G1 X138.944 Y178.107
G1 X138.882 Y178.297
G1 X138.821 Y178.487
G1 X136.024 Y176.197
G1 X135.036 Y175.345
G1 X135.007 Y175.230
G1 X134.977 Y175.118
G1 X134.944 Y175.008
G1 X134.910 Y174.900
G1 X134.873 Y174.795
G1 X134.835 Y174.692
G1 X134.795 Y174.592
G1 X134.753 Y174.494
G1 X134.710 Y174.398
G1 X134.665 Y174.304
G1 X134.618 Y174.213
G1 X134.569 Y174.125
G1 X134.519 Y174.038
G1 X134.457 Y173.938
G1 X134.392 Y173.841
G1 X134.326 Y173.747
G1 X134.257 Y173.657
G1 X134.187 Y173.571
G1 X134.114 Y173.487
G1 X134.040 Y173.407
G1 X133.964 Y173.331
G1 X133.886 Y173.258
G1 X133.807 Y173.189
G1 X133.725 Y173.123
G1 X133.643 Y173.060
G1 X133.559 Y173.001
G1 X133.473 Y172.946
G1 X133.387 Y172.894
G1 X133.298 Y172.845
G1 X133.194 Y172.793
G1 X133.088 Y172.745
G1 X132.981 Y172.703
G1 X132.873 Y172.665
G1 X132.763 Y172.631
G1 X132.652 Y172.603
G1 X132.540 Y172.579
G1 X132.427 Y172.560
G1 X132.314 Y172.546
G1 X132.199 Y172.537
G1 X132.084 Y172.533
G1 X131.969 Y172.533
G1 X131.869 Y172.537
G1 X130.038 Y171.037
G1 X128.645 Y169.836
G1 X127.450 Y169.279
G1 X124.001 Y167.671
G1 X122.712 Y167.071
G1 X121.977 Y166.729
G1 X119.236 Y165.451
G1 X119.285 Y165.363
G1 X119.356 Y165.285
G1 X121.842 Y165.666
G1 X121.842 Y165.666
; Retract
G0 Z5.000

; Path 30
; Rapid to initial position
G0 X134.804 Y147.989
G0 Z0.000
; plunge
G1 Z-0.200 F4000
; cut
G1 X134.804 Y147.989 F4000
; Retract
G0 Z5.000

; Path 31
; Rapid to initial position
G0 X140.746 Y143.705
G0 Z0.000
; plunge
G1 Z-0.200 F4000
; cut
G1 X140.668 Y143.597 F4000
G1 X140.590 Y143.490
G1 X140.513 Y143.382
G1 X140.435 Y143.274
G1 X140.357 Y143.166
G1 X140.280 Y143.058
G1 X140.202 Y142.950
G1 X140.125 Y142.842
G1 X140.047 Y142.733
G1 X139.970 Y142.625
G1 X139.893 Y142.516
G1 X139.816 Y142.407
G1 X139.739 Y142.298
G1 X139.662 Y142.189
G1 X139.585 Y142.080
G1 X139.508 Y141.971
G1 X139.432 Y141.861
G1 X139.355 Y141.752
G1 X139.279 Y141.642
G1 X139.202 Y141.532
G1 X139.138 Y141.441
G1 X139.075 Y141.349
G1 X139.011 Y141.257
G1 X138.948 Y141.165
G1 X138.884 Y141.073
G1 X138.821 Y140.981
G1 X138.758 Y140.889
G1 X138.695 Y140.797
G1 X138.631 Y140.704
G1 X138.568 Y140.612
G1 X138.505 Y140.519
G1 X138.442 Y140.427
G1 X138.379 Y140.334
G1 X138.316 Y140.241
G1 X138.254 Y140.148
G1 X138.191 Y140.055
G1 X138.128 Y139.962
G1 X138.066 Y139.868
G1 X138.003 Y139.775
G1 X138.353 Y139.721
G1 X138.687 Y140.122
G1 X139.038 Y140.543
G1 X139.435 Y141.020
G1 X139.866 Y141.538
G1 X140.360 Y142.131
G1 X140.935 Y142.822
G1 X141.639 Y143.668
G1 X141.948 Y144.040
G1 X141.272 Y144.183
G1 X141.362 Y144.267
G1 X141.462 Y144.359
G1 X141.267 Y144.418
G1 X141.189 Y144.312
G1 X141.111 Y144.205
G1 X141.032 Y144.098
G1 X140.954 Y143.991
G1 X140.876 Y143.884
G1 X140.798 Y143.776
G1 X140.746 Y143.705
; Retract
G0 Z5.000

; Path 32
; Rapid to initial position
G0 X141.467 Y144.364
G0 Z0.000
; plunge
G1 Z-0.200 F4000
; cut
G1 X142.078 Y144.196 F4000
G1 X141.948 Y144.040
G1 X146.886 Y142.997
G1 X150.227 Y142.291
G1 X153.569 Y141.585
G1 X156.910 Y140.879
G1 X156.258 Y141.089
G1 X152.972 Y142.145
G1 X149.687 Y143.202
G1 X146.402 Y144.258
G1 X143.116 Y145.315
G1 X142.649 Y145.466
G1 X142.550 Y145.373
G1 X142.462 Y145.292
G1 X142.365 Y145.202
G1 X142.227 Y145.073
G1 X141.859 Y144.729
G1 X141.785 Y144.660
G1 X141.668 Y144.551
G1 X141.582 Y144.470
G1 X141.495 Y144.390
G1 X141.467 Y144.364
; Retract
G0 Z5.000

; Path 33
; Rapid to initial position
G0 X149.666 Y142.086
G0 Z0.000
; plunge
G1 Z-0.200 F4000
; cut
G1 X149.702 Y140.082 F4000
G1 X149.710 Y139.662
G1 X149.716 Y139.338
G1 X149.721 Y139.069
G1 X149.726 Y138.828
G1 X149.730 Y138.629
G1 X152.132 Y138.398
G1 X155.509 Y138.074
G1 X162.262 Y137.425
G1 X165.639 Y137.101
G1 X169.015 Y136.777
G1 X169.333 Y136.747
G1 X166.021 Y137.652
G1 X162.708 Y138.557
G1 X159.396 Y139.463
G1 X156.084 Y140.368
G1 X152.772 Y141.273
G1 X149.689 Y142.116
G1 X149.666 Y142.086
; Retract
G0 Z5.000

; Path 34
; Rapid to initial position
G0 X147.065 Y134.284
G0 Z0.000
; plunge
G1 Z-0.200 F4000
; cut
G1 X147.084 Y130.998 F4000
G1 X147.090 Y129.828
G1 X147.108 Y126.543
G1 X147.124 Y123.816
G1 X147.143 Y120.530
G1 X147.154 Y118.490
G1 X147.161 Y117.252
G1 X147.163 Y116.936
G1 X147.172 Y115.264
G1 X147.181 Y113.739
G1 X147.199 Y110.454
G1 X147.202 Y110.115
G1 X147.239 Y103.544
G1 X147.247 Y102.129
G1 X150.497 Y103.867
G1 X153.622 Y105.536
G1 X156.873 Y107.274
G1 X157.766 Y107.752
G1 X159.870 Y108.876
G1 X161.106 Y109.537
G1 X164.357 Y111.275
G1 X164.707 Y111.462
G1 X165.333 Y111.796
G1 X167.126 Y112.754
G1 X168.495 Y113.486
G1 X178.503 Y114.864
G1 X178.260 Y115.794
G1 X177.590 Y118.348
G1 X178.632 Y118.905
G1 X179.102 Y119.156
G1 X178.190 Y121.300
G1 X178.252 Y121.385
G1 X178.305 Y121.471
G1 X178.355 Y121.564
G1 X178.397 Y121.656
G1 X178.436 Y121.755
G1 X178.472 Y121.853
G1 X178.506 Y121.951
G1 X178.540 Y122.049
G1 X178.572 Y122.147
G1 X178.603 Y122.245
G1 X178.634 Y122.343
G1 X178.664 Y122.441
G1 X178.692 Y122.539
G1 X178.720 Y122.638
G1 X178.747 Y122.736
G1 X178.774 Y122.835
G1 X178.799 Y122.934
G1 X178.823 Y123.033
G1 X178.847 Y123.131
G1 X178.870 Y123.230
G1 X178.892 Y123.330
G1 X178.913 Y123.429
G1 X178.933 Y123.528
G1 X178.953 Y123.627
G1 X178.972 Y123.727
G1 X178.990 Y123.826
G1 X179.007 Y123.926
G1 X179.023 Y124.026
G1 X179.039 Y124.126
G1 X179.054 Y124.226
G1 X179.068 Y124.326
G1 X179.081 Y124.426
G1 X179.094 Y124.526
G1 X179.106 Y124.626
G1 X179.117 Y124.727
G1 X179.127 Y124.827
G1 X179.137 Y124.928
G1 X179.146 Y125.028
G1 X179.154 Y125.129
G1 X179.162 Y125.230
G1 X179.168 Y125.330
G1 X179.175 Y125.431
G1 X179.180 Y125.532
G1 X179.185 Y125.633
G1 X179.189 Y125.735
G1 X179.193 Y125.836
G1 X179.196 Y125.937
G1 X179.198 Y126.038
G1 X179.200 Y126.140
G1 X179.200 Y126.241
G1 X179.201 Y126.343
G1 X179.201 Y126.445
G1 X179.200 Y126.546
G1 X179.198 Y126.648
G1 X179.196 Y126.750
G1 X179.194 Y126.852
G1 X179.190 Y126.954
G1 X178.399 Y129.633
G1 X179.190 Y126.967
G1 X179.621 Y125.512
G1 X180.218 Y123.499
G1 X179.190 Y126.967
G1 X179.186 Y127.077
G1 X179.181 Y127.179
G1 X179.176 Y127.281
G1 X179.171 Y127.383
G1 X179.165 Y127.486
G1 X179.158 Y127.588
G1 X179.151 Y127.690
G1 X179.143 Y127.793
G1 X179.135 Y127.896
G1 X179.126 Y127.998
G1 X179.117 Y128.101
G1 X179.107 Y128.204
G1 X179.097 Y128.307
G1 X179.087 Y128.410
G1 X179.076 Y128.512
G1 X179.064 Y128.615
G1 X179.052 Y128.719
G1 X179.039 Y128.822
G1 X179.026 Y128.925
G1 X179.013 Y129.028
G1 X178.999 Y129.131
G1 X178.985 Y129.235
G1 X178.970 Y129.338
G1 X178.955 Y129.441
G1 X178.940 Y129.545
G1 X178.924 Y129.648
G1 X178.907 Y129.752
G1 X178.891 Y129.856
G1 X178.874 Y129.959
G1 X178.856 Y130.063
G1 X178.839 Y130.167
G1 X178.820 Y130.270
G1 X178.802 Y130.374
G1 X178.783 Y130.478
G1 X178.764 Y130.582
G1 X178.745 Y130.686
G1 X178.725 Y130.790
G1 X178.705 Y130.894
G1 X178.684 Y130.998
G1 X178.664 Y131.102
G1 X178.643 Y131.206
G1 X178.621 Y131.311
G1 X147.065 Y134.284
; Retract
G0 Z5.000

; Path 35
; Rapid to initial position
G0 X140.628 Y125.820
G0 Z0.000
; plunge
G1 Z-0.200 F4000
; cut
G1 X139.512 Y125.371 F4000
G1 X140.628 Y125.820
G1 X140.628 Y125.820
; Retract
G0 Z5.000

; Path 36
; Rapid to initial position
G0 X133.365 Y129.070
G0 Z0.000
; plunge
G1 Z-0.200 F4000
; cut
G1 X132.837 Y131.369 F4000
G1 X132.004 Y131.530
G1 X128.342 Y132.235
G1 X124.681 Y132.941
G1 X122.345 Y133.392
G1 X118.683 Y134.097
G1 X115.022 Y134.804
G1 X113.642 Y135.070
G1 X112.358 Y135.317
G1 X113.627 Y134.939
G1 X115.049 Y134.517
G1 X116.341 Y134.132
G1 X119.938 Y133.063
G1 X123.535 Y131.993
G1 X127.132 Y130.924
G1 X128.196 Y130.607
G1 X131.794 Y129.538
G1 X133.365 Y129.070
; Retract
G0 Z5.000

; Path 37
; Rapid to initial position
G0 X119.749 Y135.359
G0 Z0.000
; plunge
G1 Z-0.200 F4000
; cut
G1 X113.483 Y136.164 F4000
G1 X117.171 Y135.689
G1 X119.749 Y135.359
; Retract
G0 Z5.000

; Path 38
; Rapid to initial position
G0 X101.488 Y137.707
G0 Z0.000
; plunge
G1 Z-0.200 F4000
; cut
G1 X99.854 Y137.916 F4000
G1 X101.488 Y137.707
; Retract
G0 Z5.000

; Path 39
; Rapid to initial position
G0 X103.241 Y119.843
G0 Z0.000
; plunge
G1 Z-0.200 F4000
; cut
G1 X102.811 Y118.927 F4000
G1 X102.667 Y118.621
G1 X102.563 Y118.399
G1 X102.471 Y118.205
G1 X102.393 Y118.038
G1 X102.321 Y117.886
G1 X102.255 Y117.747
G1 X102.196 Y117.622
G1 X102.137 Y117.497
G1 X102.085 Y117.386
G1 X102.032 Y117.276
G1 X101.987 Y117.179
G1 X101.941 Y117.081
G1 X101.895 Y116.984
G1 X101.849 Y116.887
G1 X101.770 Y116.721
G1 X101.691 Y116.555
G1 X101.611 Y116.389
G1 X101.545 Y116.250
G1 X101.479 Y116.112
G1 X101.413 Y115.974
G1 X101.347 Y115.835
G1 X101.280 Y115.697
G1 X101.214 Y115.559
G1 X101.161 Y115.448
G1 X101.108 Y115.338
G1 X101.054 Y115.227
G1 X101.001 Y115.117
G1 X100.947 Y115.006
G1 X100.894 Y114.896
G1 X100.840 Y114.786
G1 X100.787 Y114.675
G1 X100.733 Y114.565
G1 X100.679 Y114.455
G1 X100.625 Y114.345
G1 X100.578 Y114.248
G1 X100.517 Y114.124
G1 X100.456 Y114.000
G1 X100.395 Y113.877
G1 X100.334 Y113.753
G1 X100.273 Y113.629
G1 X100.212 Y113.505
G1 X100.150 Y113.382
G1 X100.089 Y113.258
G1 X100.027 Y113.135
G1 X99.965 Y113.011
G1 X99.903 Y112.888
G1 X99.841 Y112.765
G1 X99.779 Y112.641
G1 X99.718 Y112.519
G1 X99.656 Y112.397
G1 X99.587 Y112.259
G1 X99.517 Y112.122
G1 X99.440 Y111.968
G1 X99.363 Y111.816
G1 X99.278 Y111.647
G1 X99.185 Y111.464
G1 X99.084 Y111.264
G1 X98.967 Y111.033
G1 X98.817 Y110.738
G1 X98.067 Y109.259
G1 X97.910 Y108.948
G1 X97.785 Y108.702
G1 X97.693 Y108.520
G1 X97.793 Y108.501
G1 X97.901 Y108.472
G1 X98.008 Y108.444
G1 X98.115 Y108.416
G1 X98.223 Y108.389
G1 X98.331 Y108.361
G1 X98.438 Y108.334
G1 X98.568 Y108.302
G1 X98.762 Y108.254
G1 X98.870 Y108.227
G1 X98.977 Y108.200
G1 X99.085 Y108.173
G1 X99.193 Y108.146
G1 X99.300 Y108.118
G1 X99.408 Y108.091
G1 X99.515 Y108.062
G1 X99.622 Y108.033
G1 X99.729 Y108.004
G1 X99.836 Y107.974
G1 X99.942 Y107.943
G1 X100.049 Y107.911
G1 X100.155 Y107.879
G1 X100.261 Y107.846
G1 X100.366 Y107.811
G1 X100.471 Y107.776
G1 X100.577 Y107.740
G1 X100.678 Y107.704
G1 X100.779 Y107.668
G1 X100.880 Y107.631
G1 X100.981 Y107.594
G1 X101.081 Y107.556
G1 X101.181 Y107.518
G1 X101.280 Y107.479
G1 X101.380 Y107.440
G1 X101.479 Y107.400
G1 X101.578 Y107.360
G1 X101.677 Y107.319
G1 X101.775 Y107.278
G1 X101.873 Y107.236
G1 X101.971 Y107.194
G1 X102.068 Y107.151
G1 X102.166 Y107.108
G1 X102.263 Y107.065
G1 X102.360 Y107.021
G1 X102.456 Y106.976
G1 X102.552 Y106.931
G1 X102.648 Y106.886
G1 X102.744 Y106.840
G1 X102.840 Y106.793
G1 X102.935 Y106.747
G1 X103.030 Y106.699
G1 X103.125 Y106.652
G1 X103.220 Y106.604
G1 X103.314 Y106.555
G1 X103.408 Y106.506
G1 X103.502 Y106.457
G1 X103.596 Y106.407
G1 X103.689 Y106.357
G1 X103.782 Y106.306
G1 X103.875 Y106.256
G1 X103.968 Y106.204
G1 X104.061 Y106.152
G1 X104.153 Y106.100
G1 X104.245 Y106.048
G1 X104.337 Y105.995
G1 X104.429 Y105.942
G1 X104.520 Y105.888
G1 X104.611 Y105.834
G1 X104.702 Y105.780
G1 X104.793 Y105.725
G1 X104.884 Y105.670
G1 X104.974 Y105.615
G1 X105.065 Y105.559
G1 X105.155 Y105.503
G1 X105.244 Y105.446
G1 X105.334 Y105.390
G1 X105.424 Y105.333
G1 X105.513 Y105.275
G1 X105.602 Y105.217
G1 X105.691 Y105.159
G1 X105.779 Y105.101
G1 X105.868 Y105.042
G1 X105.956 Y104.983
G1 X106.044 Y104.924
G1 X106.132 Y104.865
G1 X106.220 Y104.805
G1 X106.308 Y104.745
G1 X106.395 Y104.684
G1 X106.482 Y104.623
G1 X103.241 Y119.843
G1 X103.241 Y119.843
; Retract
G0 Z5.000

; Path 40
; Rapid to initial position
G0 X97.714 Y105.901
G0 Z0.000
; plunge
G1 Z-0.200 F4000
; cut
G1 X98.121 Y105.656 F4000
G1 X101.193 Y103.819
G1 X97.714 Y105.901
G1 X97.714 Y105.901
; Retract
G0 Z5.000

; Path 41
; Rapid to initial position
G0 X96.733 Y101.376
G0 Z0.000
; plunge
G1 Z-0.200 F4000
; cut
G1 X96.507 Y101.425 F4000
G1 X96.408 Y101.446
G1 X96.309 Y101.467
G1 X96.210 Y101.489
G1 X96.112 Y101.511
G1 X96.013 Y101.534
G1 X95.904 Y101.556
G1 X95.797 Y101.574
G1 X95.690 Y101.591
G1 X95.583 Y101.607
G1 X95.476 Y101.622
G1 X95.369 Y101.636
G1 X95.261 Y101.650
G1 X95.154 Y101.663
G1 X95.047 Y101.676
G1 X94.939 Y101.688
G1 X94.832 Y101.700
G1 X94.724 Y101.712
G1 X94.617 Y101.724
G1 X94.483 Y101.739
G1 X94.375 Y101.750
G1 X94.268 Y101.762
G1 X94.172 Y101.603
G1 X94.125 Y101.510
G1 X94.070 Y101.404
G1 X94.009 Y101.285
G1 X93.934 Y101.140
G1 X93.806 Y100.890
G1 X93.543 Y100.379
G1 X93.455 Y100.208
G1 X93.388 Y100.077
G1 X93.457 Y90.939
G1 X93.565 Y76.858
G1 X95.033 Y76.936
G1 X95.557 Y76.964
G1 X98.864 Y77.139
G1 X100.254 Y77.213
G1 X101.005 Y77.252
G1 X104.711 Y77.449
G1 X108.417 Y77.645
G1 X112.124 Y77.841
G1 X112.260 Y77.849
G1 X108.979 Y93.125
G1 X108.881 Y93.220
G1 X108.783 Y93.315
G1 X108.685 Y93.410
G1 X108.586 Y93.505
G1 X108.488 Y93.600
G1 X108.389 Y93.695
G1 X108.291 Y93.790
G1 X108.192 Y93.884
G1 X108.093 Y93.979
G1 X107.995 Y94.074
G1 X107.911 Y94.152
G1 X107.820 Y94.231
G1 X107.730 Y94.309
G1 X107.639 Y94.388
G1 X107.549 Y94.467
G1 X107.441 Y94.562
G1 X107.332 Y94.657
G1 X107.223 Y94.753
G1 X107.097 Y94.864
G1 X106.970 Y94.976
G1 X106.861 Y95.072
G1 X106.625 Y95.280
G1 X106.498 Y95.392
G1 X106.388 Y95.488
G1 X106.279 Y95.584
G1 X106.169 Y95.680
G1 X106.060 Y95.776
G1 X105.968 Y95.856
G1 X105.877 Y95.936
G1 X105.785 Y96.016
G1 X105.693 Y96.096
G1 X105.601 Y96.176
G1 X105.509 Y96.256
G1 X105.417 Y96.335
G1 X105.324 Y96.415
G1 X105.232 Y96.494
G1 X105.139 Y96.573
G1 X105.046 Y96.652
G1 X104.953 Y96.731
G1 X104.860 Y96.810
G1 X104.767 Y96.888
G1 X104.673 Y96.967
G1 X104.580 Y97.045
G1 X104.486 Y97.123
G1 X104.392 Y97.200
G1 X104.297 Y97.278
G1 X104.203 Y97.355
G1 X104.108 Y97.432
G1 X104.013 Y97.508
G1 X103.918 Y97.584
G1 X103.823 Y97.660
G1 X103.728 Y97.736
G1 X103.632 Y97.811
G1 X103.536 Y97.886
G1 X103.440 Y97.961
G1 X103.343 Y98.035
G1 X103.246 Y98.109
G1 X103.149 Y98.182
G1 X103.052 Y98.255
G1 X102.955 Y98.328
G1 X102.857 Y98.400
G1 X102.759 Y98.472
G1 X102.660 Y98.543
G1 X102.562 Y98.614
G1 X102.463 Y98.684
G1 X102.364 Y98.754
G1 X102.264 Y98.823
G1 X102.164 Y98.892
G1 X102.064 Y98.961
G1 X101.964 Y99.028
G1 X101.863 Y99.096
G1 X101.762 Y99.162
G1 X101.660 Y99.228
G1 X101.558 Y99.294
G1 X101.456 Y99.359
G1 X101.354 Y99.423
G1 X101.251 Y99.486
G1 X101.148 Y99.550
G1 X101.044 Y99.612
G1 X100.940 Y99.674
G1 X100.836 Y99.735
G1 X100.731 Y99.795
G1 X100.626 Y99.855
G1 X100.521 Y99.914
G1 X100.415 Y99.972
G1 X100.309 Y100.029
G1 X100.202 Y100.086
G1 X100.095 Y100.142
G1 X99.988 Y100.197
G1 X99.880 Y100.252
G1 X99.772 Y100.305
G1 X99.663 Y100.358
G1 X99.554 Y100.410
G1 X99.444 Y100.461
G1 X99.334 Y100.512
G1 X99.224 Y100.561
G1 X99.113 Y100.610
G1 X99.001 Y100.658
G1 X98.890 Y100.705
G1 X98.777 Y100.751
G1 X98.665 Y100.796
G1 X98.551 Y100.840
G1 X98.438 Y100.883
G1 X98.323 Y100.926
G1 X98.209 Y100.967
G1 X98.093 Y101.007
G1 X97.978 Y101.047
G1 X97.861 Y101.085
G1 X97.754 Y101.119
G1 X97.658 Y101.149
G1 X97.561 Y101.177
G1 X97.463 Y101.204
G1 X97.366 Y101.230
G1 X97.268 Y101.254
G1 X97.170 Y101.278
G1 X97.071 Y101.301
G1 X96.973 Y101.324
G1 X96.874 Y101.346
G1 X96.775 Y101.367
G1 X96.733 Y101.376
; Retract
G0 Z5.000

; Path 42
; Rapid to initial position
G0 X106.515 Y104.601
G0 Z0.000
; plunge
G1 Z-0.200 F4000
; cut
G1 X106.515 Y104.601 F4000
; Retract
G0 Z5.000

; Path 43
; Rapid to initial position
G0 X122.535 Y105.760
G0 Z0.000
; plunge
G1 Z-0.200 F4000
; cut
G1 X122.539 Y107.038 F4000
G1 X122.523 Y102.433
G1 X122.535 Y105.760
G1 X122.535 Y105.760
; Retract
G0 Z5.000

; Path 44
; Rapid to initial position
G0 X132.034 Y107.565
G0 Z0.000
; plunge
G1 Z-0.200 F4000
; cut
G1 X133.099 Y103.384 F4000
G1 X133.703 Y101.018
G1 X132.034 Y107.565
G1 X132.034 Y107.565
; Retract
G0 Z5.000

; Path 45
; Rapid to initial position
G0 X133.703 Y101.018
G0 Z0.000
; plunge
G1 Z-0.200 F4000
; cut
G1 X135.022 Y95.846 F4000
G1 X134.166 Y99.204
G1 X133.703 Y101.018
; Retract
G0 Z5.000

; Path 46
; Rapid to initial position
G0 X143.528 Y105.645
G0 Z0.000
; plunge
G1 Z-0.200 F4000
; cut
G1 X142.186 Y109.658 F4000
G1 X143.528 Y105.645
; Retract
G0 Z5.000

; Path 47
; Rapid to initial position
G0 X144.670 Y93.239
G0 Z0.000
; plunge
G1 Z-0.200 F4000
; cut
G1 X147.017 Y89.858 F4000
G1 X149.363 Y86.477
G1 X151.709 Y83.096
G1 X152.670 Y81.712
G1 X152.653 Y85.001
G1 X152.649 Y85.881
G1 X149.727 Y88.575
G1 X146.807 Y91.268
G1 X144.670 Y93.239
; Retract
G0 Z5.000

; Path 48
; Rapid to initial position
G0 X151.444 Y89.716
G0 Z0.000
; plunge
G1 Z-0.200 F4000
; cut
G1 X155.000 Y90.959 F4000
G1 X158.557 Y92.202
G1 X162.114 Y93.445
G1 X165.670 Y94.687
G1 X169.226 Y95.930
G1 X172.625 Y97.118
G1 X172.692 Y97.247
G1 X172.760 Y97.377
G1 X172.827 Y97.506
G1 X172.894 Y97.636
G1 X172.961 Y97.765
G1 X173.028 Y97.895
G1 X173.106 Y98.046
G1 X173.195 Y98.219
G1 X173.295 Y98.414
G1 X173.351 Y98.522
G1 X173.418 Y98.652
G1 X173.496 Y98.803
G1 X173.618 Y99.041
G1 X173.985 Y99.755
G1 X174.052 Y99.885
G1 X174.055 Y99.988
G1 X173.944 Y100.015
G1 X173.832 Y100.009
G1 X173.720 Y100.003
G1 X173.608 Y99.996
G1 X173.495 Y99.990
G1 X173.383 Y99.984
G1 X173.271 Y99.977
G1 X173.159 Y99.970
G1 X173.047 Y99.964
G1 X172.934 Y99.957
G1 X172.822 Y99.950
G1 X172.710 Y99.943
G1 X172.598 Y99.936
G1 X172.486 Y99.929
G1 X172.374 Y99.922
G1 X172.248 Y99.914
G1 X172.107 Y99.905
G1 X171.967 Y99.896
G1 X171.827 Y99.887
G1 X171.687 Y99.878
G1 X171.547 Y99.868
G1 X171.407 Y99.859
G1 X171.267 Y99.849
G1 X171.127 Y99.840
G1 X170.987 Y99.830
G1 X170.848 Y99.820
G1 X170.694 Y99.809
G1 X170.526 Y99.797
G1 X170.413 Y99.789
G1 X170.301 Y99.782
G1 X170.189 Y99.777
G1 X170.079 Y99.773
G1 X169.969 Y99.770
G1 X169.861 Y99.768
G1 X169.754 Y99.768
G1 X169.648 Y99.769
G1 X169.544 Y99.771
G1 X169.440 Y99.774
G1 X169.338 Y99.779
G1 X169.237 Y99.785
G1 X169.137 Y99.792
G1 X169.022 Y99.801
G1 X168.908 Y99.812
G1 X168.796 Y99.825
G1 X168.685 Y99.839
G1 X168.576 Y99.855
G1 X168.468 Y99.871
G1 X168.362 Y99.890
G1 X165.885 Y98.441
G1 X162.585 Y96.447
G1 X159.284 Y94.453
G1 X155.984 Y92.459
G1 X152.683 Y90.465
G1 X151.444 Y89.716
; Retract
G0 Z5.000

; Path 49
; Rapid to initial position
G0 X131.611 Y86.301
G0 Z0.000
; plunge
G1 Z-0.200 F4000
; cut
G1 X131.127 Y84.884 F4000
G1 X131.583 Y86.220
G1 X131.611 Y86.301
; Retract
G0 Z5.000

; Path 50
; Rapid to initial position
G0 X129.308 Y77.953
G0 Z0.000
; plunge
G1 Z-0.200 F4000
; cut
G1 X128.496 Y77.276 F4000
G1 X128.549 Y77.169
G1 X128.601 Y77.062
G1 X128.653 Y76.954
G1 X128.705 Y76.847
G1 X128.757 Y76.740
G1 X128.809 Y76.632
G1 X128.861 Y76.525
G1 X128.912 Y76.417
G1 X128.964 Y76.310
G1 X129.015 Y76.202
G1 X129.066 Y76.095
G1 X129.117 Y75.987
G1 X129.168 Y75.879
G1 X129.219 Y75.771
G1 X129.269 Y75.663
G1 X129.320 Y75.555
G1 X129.370 Y75.447
G1 X129.420 Y75.339
G1 X129.471 Y75.231
G1 X129.520 Y75.123
G1 X129.570 Y75.015
G1 X129.614 Y74.919
G1 X129.658 Y74.822
G1 X129.702 Y74.726
G1 X129.746 Y74.629
G1 X129.790 Y74.533
G1 X129.833 Y74.436
G1 X129.876 Y74.340
G1 X129.920 Y74.243
G1 X134.755 Y74.059
G1 X131.585 Y76.325
G1 X129.308 Y77.953
; Retract
G0 Z5.000

; Path 51
; Rapid to initial position
G0 X127.740 Y69.079
G0 Z0.000
; plunge
G1 Z-0.200 F4000
; cut
G1 X123.702 Y70.392 F4000
G1 X123.638 Y70.308
G1 X123.573 Y70.224
G1 X123.508 Y70.141
G1 X123.443 Y70.058
G1 X123.349 Y69.939
G1 X123.274 Y69.844
G1 X123.209 Y69.761
G1 X123.143 Y69.678
G1 X123.246 Y69.633
G1 X123.362 Y69.634
G1 X123.478 Y69.633
G1 X123.594 Y69.631
G1 X123.709 Y69.627
G1 X123.825 Y69.622
G1 X123.940 Y69.615
G1 X124.055 Y69.607
G1 X124.170 Y69.597
G1 X124.285 Y69.586
G1 X124.400 Y69.573
G1 X124.514 Y69.558
G1 X124.628 Y69.542
G1 X124.742 Y69.524
G1 X124.856 Y69.504
G1 X124.970 Y69.482
G1 X125.083 Y69.458
G1 X125.196 Y69.433
G1 X125.310 Y69.406
G1 X125.422 Y69.376
G1 X125.535 Y69.345
G1 X125.647 Y69.312
G1 X125.759 Y69.277
G1 X125.871 Y69.240
G1 X125.983 Y69.200
G1 X126.093 Y69.160
G1 X126.202 Y69.117
G1 X126.309 Y69.073
G1 X126.416 Y69.027
G1 X126.521 Y68.980
G1 X126.626 Y68.930
G1 X128.359 Y68.807
G1 X128.621 Y68.792
G1 X132.117 Y67.656
G1 X136.492 Y66.232
G1 X140.868 Y64.809
G1 X145.244 Y63.386
G1 X149.620 Y61.963
G1 X152.219 Y61.117
G1 X151.637 Y61.014
G1 X153.996 Y60.539
G1 X152.219 Y61.117
G1 X152.622 Y61.189
G1 X159.331 Y62.376
G1 X162.685 Y62.970
G1 X166.040 Y63.564
G1 X169.394 Y64.158
G1 X172.749 Y64.752
G1 X176.103 Y65.346
G1 X179.457 Y65.940
G1 X175.718 Y66.149
G1 X172.335 Y66.339
G1 X168.953 Y66.530
G1 X165.570 Y66.719
G1 X162.187 Y66.909
G1 X158.805 Y67.099
G1 X155.421 Y67.288
G1 X152.039 Y67.479
G1 X148.657 Y67.668
G1 X145.273 Y67.858
G1 X141.891 Y68.048
G1 X138.508 Y68.238
G1 X135.125 Y68.428
G1 X131.743 Y68.617
G1 X128.621 Y68.792
G1 X127.740 Y69.079
; Retract
G0 Z5.000

; Path 52
; Rapid to initial position
G0 X127.372 Y68.515
G0 Z0.000
; plunge
G1 Z-0.200 F4000
; cut
G1 X127.274 Y68.576 F4000
G1 X127.175 Y68.636
G1 X127.076 Y68.694
G1 X126.975 Y68.750
G1 X126.874 Y68.805
G1 X126.771 Y68.858
G1 X121.595 Y69.187
G1 X118.211 Y69.377
G1 X114.829 Y69.567
G1 X113.637 Y69.633
G1 X110.254 Y69.824
G1 X106.871 Y70.013
G1 X103.489 Y70.203
G1 X100.106 Y70.392
G1 X93.341 Y70.773
G1 X91.059 Y70.901
G1 X87.677 Y71.090
G1 X84.294 Y71.280
G1 X83.699 Y71.313
G1 X83.247 Y71.338
G1 X82.607 Y71.375
G1 X81.822 Y71.418
G1 X81.843 Y71.311
G1 X81.862 Y71.203
G1 X81.879 Y71.093
G1 X81.893 Y70.981
G1 X81.903 Y70.880
G1 X81.911 Y70.777
G1 X81.916 Y70.673
G1 X81.918 Y70.568
G1 X81.917 Y70.463
G1 X81.914 Y70.356
G1 X81.909 Y70.248
G1 X81.901 Y70.138
G1 X81.891 Y70.027
G1 X81.878 Y69.915
G1 X81.865 Y69.815
G1 X81.850 Y69.715
G1 X81.833 Y69.614
G1 X81.815 Y69.511
G1 X81.794 Y69.408
G1 X81.772 Y69.303
G1 X81.748 Y69.198
G1 X81.722 Y69.092
G1 X81.694 Y68.985
G1 X81.665 Y68.877
G1 X145.049 Y59.848
G1 X145.913 Y60.000
G1 X151.637 Y61.014
G1 X150.101 Y61.324
G1 X145.657 Y62.218
G1 X141.213 Y63.112
G1 X136.768 Y64.006
G1 X132.324 Y64.900
G1 X130.497 Y65.268
G1 X130.428 Y65.370
G1 X130.360 Y65.472
G1 X130.290 Y65.573
G1 X130.220 Y65.673
G1 X130.150 Y65.773
G1 X130.078 Y65.872
G1 X130.006 Y65.970
G1 X129.933 Y66.067
G1 X129.860 Y66.163
G1 X129.785 Y66.259
G1 X129.710 Y66.354
G1 X129.635 Y66.448
G1 X129.558 Y66.541
G1 X129.481 Y66.633
G1 X129.403 Y66.724
G1 X129.325 Y66.814
G1 X129.245 Y66.903
G1 X129.165 Y66.991
G1 X129.084 Y67.078
G1 X129.002 Y67.164
G1 X128.920 Y67.249
G1 X128.837 Y67.332
G1 X128.752 Y67.415
G1 X128.668 Y67.496
G1 X128.582 Y67.577
G1 X128.495 Y67.656
G1 X128.408 Y67.734
G1 X128.320 Y67.810
G1 X128.231 Y67.886
G1 X128.141 Y67.960
G1 X128.050 Y68.032
G1 X127.959 Y68.104
G1 X127.866 Y68.174
G1 X127.773 Y68.242
G1 X127.679 Y68.310
G1 X127.584 Y68.375
G1 X127.488 Y68.440
G1 X127.391 Y68.503
G1 X127.372 Y68.515
; Retract
G0 Z5.000

; Path 53
; Rapid to initial position
G0 X113.258 Y69.643
G0 Z0.000
; plunge
G1 Z-0.200 F4000
; cut
G1 X113.154 Y69.522 F4000
G1 X113.060 Y69.413
G1 X112.789 Y69.099
G1 X112.696 Y68.991
G1 X112.623 Y68.906
G1 X110.539 Y69.284
G1 X113.258 Y69.643
; Retract
G0 Z5.000

; Path 54
; Rapid to initial position
G0 X98.949 Y64.548
G0 Z0.000
; plunge
G1 Z-0.200 F4000
; cut
G1 X98.999 Y64.000 F4000
G1 X99.398 Y59.660
G1 X98.949 Y64.548
G1 X98.949 Y64.548
; Retract
G0 Z5.000

; Path 55
; Rapid to initial position
G0 X91.031 Y50.663
G0 Z0.000
; plunge
G1 Z-0.200 F4000
; cut
G1 X89.617 Y51.333 F4000
G1 X87.384 Y52.391
G1 X87.311 Y52.317
G1 X87.237 Y52.244
G1 X87.164 Y52.174
G1 X87.090 Y52.105
G1 X86.997 Y52.022
G1 X86.904 Y51.942
G1 X86.811 Y51.865
G1 X86.717 Y51.791
G1 X86.624 Y51.720
G1 X86.530 Y51.651
G1 X86.436 Y51.586
G1 X86.342 Y51.523
G1 X86.248 Y51.463
G1 X86.153 Y51.407
G1 X86.059 Y51.352
G1 X85.965 Y51.301
G1 X85.871 Y51.253
G1 X85.776 Y51.207
G1 X85.682 Y51.164
G1 X85.589 Y51.123
G1 X85.495 Y51.086
G1 X85.401 Y51.051
G1 X85.289 Y51.012
G1 X85.178 Y50.977
G1 X85.067 Y50.947
G1 X84.956 Y50.919
G1 X84.846 Y50.896
G1 X84.736 Y50.876
G1 X84.627 Y50.859
G1 X84.519 Y50.847
G1 X84.412 Y50.837
G1 X84.305 Y50.832
G1 X84.200 Y50.829
G1 X84.095 Y50.830
G1 X83.991 Y50.835
G1 X83.888 Y50.843
G1 X83.786 Y50.854
G1 X83.686 Y50.869
G1 X83.586 Y50.886
G1 X83.488 Y50.907
G1 X83.391 Y50.932
G1 X83.280 Y50.964
G1 X83.171 Y51.000
G1 X83.063 Y51.041
G1 X82.958 Y51.086
G1 X82.855 Y51.135
G1 X82.754 Y51.188
G1 X82.655 Y51.245
G1 X82.559 Y51.305
G1 X82.465 Y51.370
G1 X82.374 Y51.438
G1 X82.286 Y51.511
G1 X82.200 Y51.586
G1 X82.118 Y51.666
G1 X82.038 Y51.749
G1 X81.961 Y51.836
G1 X81.887 Y51.926
G1 X81.827 Y52.006
G1 X81.769 Y52.088
G1 X81.713 Y52.173
G1 X81.659 Y52.260
G1 X81.609 Y52.350
G1 X81.561 Y52.442
G1 X81.515 Y52.536
G1 X81.473 Y52.633
G1 X81.433 Y52.732
G1 X81.395 Y52.833
G1 X81.361 Y52.936
G1 X81.330 Y53.041
G1 X81.302 Y53.149
G1 X81.276 Y53.258
G1 X81.254 Y53.370
G1 X81.235 Y53.483
G1 X81.219 Y53.598
G1 X81.207 Y53.716
G1 X81.198 Y53.835
G1 X81.192 Y53.936
G1 X81.190 Y54.038
G1 X81.189 Y54.141
G1 X81.191 Y54.246
G1 X81.196 Y54.352
G1 X81.203 Y54.458
G1 X81.212 Y54.567
G1 X81.224 Y54.676
G1 X81.239 Y54.786
G1 X81.256 Y54.898
G1 X81.276 Y55.010
G1 X81.299 Y55.124
G1 X81.324 Y55.239
G1 X79.769 Y56.001
G1 X77.811 Y56.930
G1 X76.614 Y57.497
G1 X75.142 Y58.195
G1 X71.669 Y59.841
G1 X71.380 Y59.978
G1 X70.409 Y60.438
G1 X63.526 Y63.702
G1 X61.696 Y64.569
G1 X58.662 Y66.007
G1 X58.463 Y65.825
G1 X58.264 Y65.642
G1 X58.065 Y65.459
G1 X57.865 Y65.275
G1 X57.665 Y65.092
G1 X57.465 Y64.908
G1 X57.265 Y64.725
G1 X57.064 Y64.541
G1 X56.876 Y64.369
G1 X56.688 Y64.197
G1 X56.500 Y64.025
G1 X56.312 Y63.853
G1 X56.124 Y63.680
G1 X55.935 Y63.508
G1 X55.746 Y63.335
G1 X55.557 Y63.163
G1 X55.368 Y62.990
G1 X55.178 Y62.817
G1 X54.989 Y62.644
G1 X54.799 Y62.471
G1 X54.622 Y62.310
G1 X54.446 Y62.149
G1 X54.269 Y61.988
G1 X54.092 Y61.827
G1 X53.915 Y61.666
G1 X53.737 Y61.505
G1 X53.560 Y61.344
G1 X53.382 Y61.183
G1 X53.205 Y61.021
G1 X53.027 Y60.860
G1 X52.849 Y60.699
G1 X52.671 Y60.537
G1 X52.492 Y60.376
G1 X52.328 Y60.226
G1 X52.163 Y60.077
G1 X51.998 Y59.928
G1 X51.833 Y59.779
G1 X51.668 Y59.630
G1 X51.503 Y59.480
G1 X51.338 Y59.331
G1 X51.172 Y59.182
G1 X51.007 Y59.032
G1 X50.841 Y58.883
G1 X50.675 Y58.733
G1 X50.510 Y58.584
G1 X50.344 Y58.435
G1 X50.178 Y58.285
G1 X50.012 Y58.136
G1 X49.846 Y57.986
G1 X49.679 Y57.837
G1 X49.527 Y57.700
G1 X49.375 Y57.563
G1 X49.222 Y57.426
G1 X49.069 Y57.289
G1 X48.917 Y57.152
G1 X48.764 Y57.015
G1 X48.611 Y56.878
G1 X48.459 Y56.741
G1 X48.306 Y56.604
G1 X48.153 Y56.468
G1 X48.000 Y56.331
G1 X47.847 Y56.194
G1 X47.694 Y56.057
G1 X47.541 Y55.920
G1 X47.388 Y55.783
G1 X47.234 Y55.647
G1 X47.081 Y55.510
G1 X46.928 Y55.373
G1 X46.775 Y55.237
G1 X46.635 Y55.113
G1 X46.496 Y54.988
G1 X46.356 Y54.864
G1 X46.217 Y54.740
G1 X46.078 Y54.616
G1 X45.938 Y54.492
G1 X45.798 Y54.368
G1 X45.659 Y54.244
G1 X45.519 Y54.120
G1 X45.380 Y53.996
G1 X45.240 Y53.872
G1 X45.101 Y53.749
G1 X44.961 Y53.625
G1 X44.821 Y53.501
G1 X44.682 Y53.377
G1 X49.690 Y51.293
G1 X49.854 Y51.294
G1 X50.017 Y51.295
G1 X50.179 Y51.296
G1 X50.341 Y51.297
G1 X50.526 Y51.298
G1 X50.710 Y51.300
G1 X50.893 Y51.301
G1 X51.099 Y51.303
G1 X51.303 Y51.304
G1 X51.529 Y51.306
G1 X51.755 Y51.308
G1 X52.001 Y51.310
G1 X52.269 Y51.313
G1 X52.580 Y51.315
G1 X52.932 Y51.319
G1 X53.370 Y51.323
G1 X55.609 Y51.344
G1 X56.046 Y51.348
G1 X56.377 Y51.351
G1 X56.664 Y51.354
G1 X56.910 Y51.356
G1 X57.134 Y51.358
G1 X57.337 Y51.360
G1 X57.539 Y51.361
G1 X57.720 Y51.363
G1 X57.881 Y51.364
G1 X58.042 Y51.365
G1 X58.202 Y51.366
G1 X58.341 Y51.367
G1 X58.481 Y51.368
G1 X58.620 Y51.369
G1 X58.758 Y51.370
G1 X58.877 Y51.371
G1 X58.995 Y51.372
G1 X59.113 Y51.372
G1 X59.231 Y51.373
G1 X59.349 Y51.374
G1 X59.467 Y51.374
G1 X59.584 Y51.375
G1 X59.779 Y51.376
G1 X59.974 Y51.377
G1 X60.168 Y51.377
G1 X60.361 Y51.378
G1 X60.554 Y51.379
G1 X60.747 Y51.379
G1 X60.900 Y51.379
G1 X61.054 Y51.380
G1 X61.207 Y51.380
G1 X61.359 Y51.380
G1 X61.512 Y51.380
G1 X61.664 Y51.380
G1 X61.816 Y51.380
G1 X61.967 Y51.379
G1 X62.118 Y51.379
G1 X62.269 Y51.379
G1 X62.420 Y51.378
G1 X62.570 Y51.378
G1 X62.702 Y51.377
G1 X62.814 Y51.377
G1 X62.927 Y51.376
G1 X63.039 Y51.376
G1 X63.151 Y51.375
G1 X63.263 Y51.374
G1 X63.375 Y51.373
G1 X63.486 Y51.373
G1 X63.598 Y51.372
G1 X63.709 Y51.371
G1 X63.821 Y51.370
G1 X63.932 Y51.369
G1 X64.043 Y51.368
G1 X64.154 Y51.367
G1 X64.265 Y51.366
G1 X64.376 Y51.364
G1 X64.487 Y51.363
G1 X64.597 Y51.362
G1 X64.708 Y51.360
G1 X64.818 Y51.359
G1 X64.928 Y51.357
G1 X65.039 Y51.356
G1 X65.149 Y51.354
G1 X65.259 Y51.352
G1 X65.369 Y51.351
G1 X65.479 Y51.349
G1 X65.588 Y51.347
G1 X65.698 Y51.345
G1 X65.808 Y51.343
G1 X65.917 Y51.341
G1 X66.027 Y51.339
G1 X66.136 Y51.336
G1 X66.246 Y51.334
G1 X66.355 Y51.332
G1 X66.464 Y51.329
G1 X66.574 Y51.327
G1 X66.701 Y51.324
G1 X66.810 Y51.321
G1 X66.919 Y51.318
G1 X67.028 Y51.315
G1 X67.137 Y51.313
G1 X67.246 Y51.310
G1 X67.355 Y51.307
G1 X67.464 Y51.303
G1 X67.572 Y51.300
G1 X67.681 Y51.297
G1 X67.790 Y51.294
G1 X67.899 Y51.290
G1 X68.007 Y51.287
G1 X68.116 Y51.283
G1 X68.225 Y51.280
G1 X68.333 Y51.276
G1 X68.442 Y51.272
G1 X68.551 Y51.268
G1 X68.659 Y51.264
G1 X68.768 Y51.260
G1 X68.876 Y51.256
G1 X68.985 Y51.252
G1 X69.093 Y51.247
G1 X69.202 Y51.243
G1 X69.311 Y51.239
G1 X69.419 Y51.234
G1 X69.528 Y51.229
G1 X69.637 Y51.225
G1 X69.745 Y51.220
G1 X69.854 Y51.215
G1 X69.962 Y51.210
G1 X70.071 Y51.205
G1 X70.180 Y51.199
G1 X70.289 Y51.194
G1 X70.397 Y51.189
G1 X70.506 Y51.183
G1 X70.615 Y51.178
G1 X70.724 Y51.172
G1 X70.833 Y51.166
G1 X70.942 Y51.160
G1 X71.051 Y51.154
G1 X71.160 Y51.148
G1 X71.269 Y51.142
G1 X71.378 Y51.136
G1 X71.487 Y51.130
G1 X71.597 Y51.123
G1 X71.706 Y51.117
G1 X71.815 Y51.110
G1 X71.925 Y51.103
G1 X72.034 Y51.096
G1 X72.144 Y51.089
G1 X72.254 Y51.082
G1 X72.363 Y51.075
G1 X72.473 Y51.068
G1 X72.583 Y51.061
G1 X72.693 Y51.053
G1 X72.803 Y51.045
G1 X72.913 Y51.038
G1 X73.023 Y51.030
G1 X73.134 Y51.022
G1 X73.244 Y51.014
G1 X73.355 Y51.006
G1 X73.465 Y50.998
G1 X73.576 Y50.989
G1 X73.687 Y50.981
G1 X73.798 Y50.972
G1 X73.909 Y50.963
G1 X74.020 Y50.955
G1 X74.131 Y50.946
G1 X74.242 Y50.937
G1 X74.354 Y50.927
G1 X74.466 Y50.918
G1 X74.577 Y50.909
G1 X74.689 Y50.899
G1 X74.801 Y50.890
G1 X74.913 Y50.880
G1 X75.025 Y50.870
G1 X75.138 Y50.860
G1 X75.250 Y50.850
G1 X75.363 Y50.840
G1 X75.476 Y50.829
G1 X75.589 Y50.819
G1 X75.702 Y50.808
G1 X75.815 Y50.797
G1 X75.928 Y50.786
G1 X76.042 Y50.775
G1 X76.156 Y50.764
G1 X76.269 Y50.753
G1 X76.383 Y50.742
G1 X76.498 Y50.730
G1 X76.612 Y50.719
G1 X76.726 Y50.707
G1 X76.841 Y50.695
G1 X76.956 Y50.683
G1 X77.071 Y50.671
G1 X77.186 Y50.658
G1 X77.302 Y50.646
G1 X77.417 Y50.633
G1 X77.533 Y50.621
G1 X77.649 Y50.608
G1 X77.765 Y50.595
G1 X77.881 Y50.582
G1 X77.998 Y50.568
G1 X78.115 Y50.555
G1 X78.232 Y50.542
G1 X78.349 Y50.528
G1 X78.466 Y50.514
G1 X78.584 Y50.500
G1 X78.701 Y50.486
G1 X78.819 Y50.472
G1 X78.937 Y50.457
G1 X79.056 Y50.443
G1 X79.174 Y50.428
G1 X79.293 Y50.413
G1 X79.412 Y50.398
G1 X79.532 Y50.383
G1 X79.651 Y50.368
G1 X79.771 Y50.353
G1 X79.891 Y50.337
G1 X80.011 Y50.321
G1 X80.132 Y50.306
G1 X80.252 Y50.290
G1 X80.373 Y50.274
G1 X80.495 Y50.257
G1 X80.616 Y50.241
G1 X80.738 Y50.224
G1 X80.860 Y50.207
G1 X80.982 Y50.191
G1 X81.104 Y50.173
G1 X81.227 Y50.156
G1 X81.350 Y50.139
G1 X81.473 Y50.121
G1 X81.597 Y50.104
G1 X81.721 Y50.086
G1 X81.845 Y50.068
G1 X81.969 Y50.050
G1 X82.094 Y50.031
G1 X82.219 Y50.013
G1 X82.344 Y49.994
G1 X82.469 Y49.975
G1 X82.595 Y49.956
G1 X82.721 Y49.937
G1 X82.848 Y49.918
G1 X82.974 Y49.899
G1 X83.101 Y49.879
G1 X83.228 Y49.859
G1 X83.356 Y49.839
G1 X83.484 Y49.819
G1 X83.612 Y49.799
G1 X83.741 Y49.778
G1 X83.869 Y49.758
G1 X83.998 Y49.737
G1 X84.128 Y49.716
G1 X84.258 Y49.695
G1 X84.388 Y49.673
G1 X84.518 Y49.652
G1 X84.649 Y49.630
G1 X84.780 Y49.608
G1 X84.911 Y49.586
G1 X85.043 Y49.564
G1 X85.175 Y49.542
G1 X85.308 Y49.519
G1 X85.440 Y49.497
G1 X85.573 Y49.474
G1 X85.707 Y49.451
G1 X85.841 Y49.427
G1 X85.975 Y49.404
G1 X86.109 Y49.380
G1 X86.244 Y49.357
G1 X86.379 Y49.333
G1 X86.515 Y49.308
G1 X86.651 Y49.284
G1 X86.787 Y49.260
G1 X86.924 Y49.235
G1 X87.061 Y49.210
G1 X87.198 Y49.185
G1 X87.336 Y49.160
G1 X87.474 Y49.134
G1 X87.613 Y49.108
G1 X87.752 Y49.083
G1 X87.891 Y49.057
G1 X88.031 Y49.030
G1 X88.171 Y49.004
G1 X88.311 Y48.977
G1 X88.452 Y48.951
G1 X88.594 Y48.924
G1 X88.735 Y48.897
G1 X88.877 Y48.869
G1 X89.020 Y48.842
G1 X89.163 Y48.814
G1 X89.306 Y48.786
G1 X89.450 Y48.758
G1 X89.594 Y48.729
G1 X89.738 Y48.701
G1 X89.883 Y48.672
G1 X90.029 Y48.643
G1 X90.175 Y48.614
G1 X90.321 Y48.585
G1 X90.419 Y48.565
G1 X90.517 Y48.545
G1 X90.664 Y48.516
G1 X90.762 Y48.496
G1 X90.860 Y48.476
G1 X90.979 Y48.451
G1 X91.098 Y48.426
G1 X91.217 Y48.401
G1 X91.336 Y48.376
G1 X91.455 Y48.350
G1 X91.573 Y48.323
G1 X91.692 Y48.297
G1 X91.810 Y48.270
G1 X91.929 Y48.243
G1 X92.047 Y48.215
G1 X92.166 Y48.187
G1 X92.284 Y48.159
G1 X92.402 Y48.131
G1 X92.520 Y48.102
G1 X92.638 Y48.073
G1 X92.756 Y48.043
G1 X92.874 Y48.013
G1 X92.991 Y47.983
G1 X93.109 Y47.953
G1 X93.227 Y47.922
G1 X93.344 Y47.891
G1 X93.462 Y47.860
G1 X93.579 Y47.829
G1 X93.697 Y47.797
G1 X93.814 Y47.765
G1 X93.931 Y47.733
G1 X94.048 Y47.700
G1 X94.165 Y47.667
G1 X94.282 Y47.634
G1 X94.399 Y47.601
G1 X94.516 Y47.567
G1 X94.633 Y47.533
G1 X94.750 Y47.499
G1 X94.866 Y47.465
G1 X94.983 Y47.430
G1 X95.100 Y47.395
G1 X95.216 Y47.360
G1 X95.333 Y47.325
G1 X95.449 Y47.290
G1 X95.565 Y47.254
G1 X95.682 Y47.218
G1 X95.798 Y47.182
G1 X95.914 Y47.146
G1 X96.030 Y47.109
G1 X96.146 Y47.072
G1 X96.262 Y47.035
G1 X96.378 Y46.998
G1 X96.494 Y46.961
G1 X96.610 Y46.923
G1 X96.726 Y46.886
G1 X96.841 Y46.848
G1 X96.957 Y46.810
G1 X97.073 Y46.771
G1 X97.188 Y46.733
G1 X97.304 Y46.694
G1 X97.419 Y46.656
G1 X97.535 Y46.617
G1 X97.650 Y46.578
G1 X97.766 Y46.538
G1 X97.881 Y46.499
G1 X97.996 Y46.459
G1 X98.111 Y46.420
G1 X98.226 Y46.380
G1 X98.342 Y46.340
G1 X98.457 Y46.300
G1 X98.572 Y46.260
G1 X98.687 Y46.219
G1 X98.802 Y46.179
G1 X98.917 Y46.138
G1 X99.031 Y46.098
G1 X99.146 Y46.057
G1 X99.261 Y46.016
G1 X99.376 Y45.975
G1 X99.491 Y45.934
G1 X99.605 Y45.893
G1 X99.743 Y45.843
G1 X99.880 Y45.793
G1 X100.018 Y45.743
G1 X100.155 Y45.693
G1 X100.293 Y45.643
G1 X100.430 Y45.593
G1 X100.567 Y45.543
G1 X100.704 Y45.493
G1 X100.842 Y45.442
G1 X100.979 Y45.392
G1 X101.116 Y45.341
G1 X101.253 Y45.290
G1 X101.390 Y45.240
G1 X101.527 Y45.189
G1 X101.664 Y45.138
G1 X101.801 Y45.087
G1 X101.983 Y45.019
G1 X102.188 Y44.943
G1 X102.325 Y44.892
G1 X102.508 Y44.824
G1 X102.713 Y44.747
G1 X102.814 Y44.709
G1 X102.916 Y44.671
G1 X103.017 Y44.632
G1 X103.118 Y44.593
G1 X103.219 Y44.553
G1 X103.320 Y44.513
G1 X103.421 Y44.473
G1 X103.521 Y44.433
G1 X103.622 Y44.392
G1 X103.722 Y44.351
G1 X103.822 Y44.309
G1 X103.923 Y44.267
G1 X104.023 Y44.225
G1 X104.123 Y44.183
G1 X104.222 Y44.140
G1 X104.322 Y44.097
G1 X104.422 Y44.054
G1 X104.521 Y44.011
G1 X104.621 Y43.967
G1 X104.720 Y43.923
G1 X104.819 Y43.879
G1 X104.918 Y43.834
G1 X105.017 Y43.790
G1 X105.116 Y43.745
G1 X105.215 Y43.700
G1 X105.314 Y43.654
G1 X105.412 Y43.609
G1 X105.511 Y43.563
G1 X105.609 Y43.517
G1 X105.708 Y43.471
G1 X105.806 Y43.424
G1 X105.904 Y43.378
G1 X106.002 Y43.331
G1 X106.101 Y43.284
G1 X106.199 Y43.237
G1 X106.297 Y43.189
G1 X106.394 Y43.142
G1 X106.492 Y43.094
G1 X106.590 Y43.047
G1 X106.688 Y42.999
G1 X106.786 Y42.951
G1 X106.883 Y42.902
G1 X106.981 Y42.854
G1 X107.078 Y42.806
G1 X107.176 Y42.757
G1 X107.273 Y42.709
G1 X107.371 Y42.660
G1 X107.468 Y42.611
G1 X107.585 Y42.552
G1 X107.702 Y42.494
G1 X107.804 Y42.477
G1 X107.887 Y42.554
G1 X107.971 Y42.632
G1 X107.725 Y42.748
G1 X107.369 Y42.917
G1 X103.928 Y44.549
G1 X102.979 Y44.998
G1 X99.538 Y46.629
G1 X99.111 Y46.832
G1 X96.412 Y48.112
G1 X93.434 Y49.523
G1 X91.031 Y50.663
; Retract
G0 Z5.000

; Path 56
; Rapid to initial position
G0 X89.116 Y41.530
G0 Z0.000
; plunge
G1 Z-0.200 F4000
; cut
G1 X89.006 Y41.552 F4000
G1 X88.897 Y41.575
G1 X88.787 Y41.597
G1 X88.649 Y41.624
G1 X88.550 Y41.643
G1 X88.450 Y41.663
G1 X88.351 Y41.682
G1 X88.252 Y41.702
G1 X88.153 Y41.721
G1 X88.005 Y41.749
G1 X87.858 Y41.778
G1 X87.711 Y41.806
G1 X87.564 Y41.834
G1 X87.418 Y41.862
G1 X87.273 Y41.889
G1 X87.127 Y41.917
G1 X86.983 Y41.944
G1 X86.838 Y41.971
G1 X86.694 Y41.997
G1 X86.551 Y42.024
G1 X86.407 Y42.050
G1 X86.265 Y42.076
G1 X86.122 Y42.102
G1 X85.980 Y42.128
G1 X85.839 Y42.153
G1 X85.698 Y42.179
G1 X85.557 Y42.204
G1 X85.417 Y42.229
G1 X85.277 Y42.253
G1 X85.137 Y42.278
G1 X84.998 Y42.302
G1 X84.859 Y42.326
G1 X84.721 Y42.350
G1 X84.583 Y42.374
G1 X84.445 Y42.397
G1 X84.308 Y42.421
G1 X84.171 Y42.444
G1 X84.034 Y42.467
G1 X83.898 Y42.489
G1 X83.763 Y42.512
G1 X83.627 Y42.534
G1 X83.492 Y42.557
G1 X83.357 Y42.579
G1 X83.223 Y42.600
G1 X83.089 Y42.622
G1 X82.955 Y42.643
G1 X82.822 Y42.665
G1 X82.689 Y42.686
G1 X82.556 Y42.707
G1 X82.424 Y42.727
G1 X82.292 Y42.748
G1 X82.160 Y42.768
G1 X82.029 Y42.788
G1 X81.898 Y42.808
G1 X81.767 Y42.828
G1 X81.637 Y42.848
G1 X81.507 Y42.867
G1 X81.377 Y42.886
G1 X81.248 Y42.905
G1 X81.118 Y42.924
G1 X80.990 Y42.943
G1 X80.861 Y42.962
G1 X80.733 Y42.980
G1 X80.605 Y42.998
G1 X80.477 Y43.016
G1 X80.350 Y43.034
G1 X80.223 Y43.052
G1 X80.096 Y43.069
G1 X79.970 Y43.087
G1 X79.844 Y43.104
G1 X79.718 Y43.121
G1 X79.592 Y43.138
G1 X79.467 Y43.154
G1 X79.342 Y43.171
G1 X79.217 Y43.187
G1 X79.092 Y43.204
G1 X78.968 Y43.220
G1 X78.844 Y43.235
G1 X78.720 Y43.251
G1 X78.597 Y43.267
G1 X78.473 Y43.282
G1 X78.350 Y43.297
G1 X78.227 Y43.312
G1 X78.105 Y43.327
G1 X77.983 Y43.342
G1 X77.861 Y43.357
G1 X77.739 Y43.371
G1 X77.617 Y43.385
G1 X77.496 Y43.400
G1 X77.375 Y43.414
G1 X77.254 Y43.427
G1 X77.133 Y43.441
G1 X77.013 Y43.455
G1 X76.892 Y43.468
G1 X76.772 Y43.481
G1 X76.652 Y43.494
G1 X76.533 Y43.507
G1 X76.413 Y43.520
G1 X76.294 Y43.533
G1 X76.175 Y43.545
G1 X76.056 Y43.558
G1 X75.938 Y43.570
G1 X75.819 Y43.582
G1 X75.701 Y43.594
G1 X75.583 Y43.606
G1 X75.465 Y43.617
G1 X75.347 Y43.629
G1 X75.230 Y43.640
G1 X75.113 Y43.651
G1 X74.995 Y43.663
G1 X74.878 Y43.674
G1 X74.762 Y43.684
G1 X74.645 Y43.695
G1 X74.528 Y43.706
G1 X74.412 Y43.716
G1 X74.296 Y43.726
G1 X74.180 Y43.736
G1 X74.064 Y43.747
G1 X73.948 Y43.756
G1 X73.833 Y43.766
G1 X73.717 Y43.776
G1 X73.602 Y43.785
G1 X73.487 Y43.795
G1 X73.372 Y43.804
G1 X73.257 Y43.813
G1 X73.142 Y43.822
G1 X73.027 Y43.831
G1 X72.913 Y43.840
G1 X72.798 Y43.848
G1 X72.684 Y43.857
G1 X72.570 Y43.865
G1 X72.456 Y43.873
G1 X72.342 Y43.882
G1 X72.228 Y43.890
G1 X72.114 Y43.898
G1 X72.001 Y43.905
G1 X71.887 Y43.913
G1 X71.774 Y43.921
G1 X71.660 Y43.928
G1 X71.547 Y43.935
G1 X71.434 Y43.943
G1 X71.321 Y43.950
G1 X71.208 Y43.957
G1 X71.095 Y43.963
G1 X70.982 Y43.970
G1 X70.869 Y43.977
G1 X70.757 Y43.983
G1 X70.644 Y43.990
G1 X70.531 Y43.996
G1 X70.419 Y44.002
G1 X70.307 Y44.009
G1 X70.194 Y44.015
G1 X70.082 Y44.020
G1 X69.970 Y44.026
G1 X69.857 Y44.032
G1 X69.745 Y44.038
G1 X69.633 Y44.043
G1 X69.521 Y44.048
G1 X69.409 Y44.054
G1 X69.297 Y44.059
G1 X69.185 Y44.064
G1 X69.073 Y44.069
G1 X68.961 Y44.074
G1 X68.849 Y44.079
G1 X68.737 Y44.083
G1 X68.626 Y44.088
G1 X68.514 Y44.092
G1 X68.402 Y44.097
G1 X68.290 Y44.101
G1 X68.178 Y44.105
G1 X68.067 Y44.110
G1 X67.955 Y44.114
G1 X67.843 Y44.118
G1 X67.731 Y44.121
G1 X67.619 Y44.125
G1 X67.508 Y44.129
G1 X134.233 Y17.305
G1 X134.704 Y18.088
G1 X136.630 Y21.290
G1 X137.034 Y21.963
G1 X134.045 Y24.719
G1 X133.758 Y24.984
G1 X132.635 Y26.018
G1 X129.715 Y28.709
G1 X127.897 Y30.384
G1 X124.976 Y33.076
G1 X124.550 Y33.469
G1 X121.635 Y36.154
G1 X120.950 Y36.479
G1 X121.029 Y36.415
G1 X121.107 Y36.351
G1 X121.194 Y36.276
G1 X121.280 Y36.200
G1 X121.363 Y36.123
G1 X121.444 Y36.046
G1 X121.522 Y35.968
G1 X121.598 Y35.889
G1 X121.671 Y35.810
G1 X121.742 Y35.731
G1 X121.810 Y35.651
G1 X121.876 Y35.571
G1 X121.940 Y35.490
G1 X122.001 Y35.409
G1 X122.060 Y35.328
G1 X122.124 Y35.235
G1 X122.185 Y35.141
G1 X122.243 Y35.047
G1 X122.298 Y34.953
G1 X122.349 Y34.859
G1 X122.398 Y34.765
G1 X122.443 Y34.670
G1 X122.485 Y34.576
G1 X122.524 Y34.481
G1 X122.559 Y34.387
G1 X122.592 Y34.292
G1 X122.625 Y34.186
G1 X122.654 Y34.081
G1 X122.679 Y33.975
G1 X122.699 Y33.871
G1 X122.716 Y33.766
G1 X122.729 Y33.662
G1 X122.738 Y33.559
G1 X122.743 Y33.449
G1 X122.744 Y33.341
G1 X122.740 Y33.233
G1 X122.731 Y33.127
G1 X122.719 Y33.022
G1 X122.701 Y32.918
G1 X122.679 Y32.815
G1 X122.653 Y32.713
G1 X122.623 Y32.614
G1 X122.587 Y32.515
G1 X122.548 Y32.418
G1 X122.504 Y32.323
G1 X122.455 Y32.230
G1 X122.402 Y32.138
G1 X122.345 Y32.049
G1 X122.283 Y31.961
G1 X122.217 Y31.876
G1 X122.147 Y31.793
G1 X122.072 Y31.712
G1 X122.000 Y31.641
G1 X121.925 Y31.573
G1 X121.847 Y31.506
G1 X121.765 Y31.441
G1 X121.680 Y31.379
G1 X121.590 Y31.318
G1 X121.498 Y31.260
G1 X121.402 Y31.205
G1 X121.313 Y31.157
G1 X121.222 Y31.112
G1 X121.128 Y31.068
G1 X121.031 Y31.026
G1 X120.931 Y30.987
G1 X120.829 Y30.950
G1 X120.724 Y30.914
G1 X120.616 Y30.881
G1 X120.519 Y30.854
G1 X120.420 Y30.829
G1 X120.319 Y30.806
G1 X120.216 Y30.784
G1 X120.110 Y30.764
G1 X120.003 Y30.746
G1 X119.893 Y30.730
G1 X119.782 Y30.715
G1 X119.668 Y30.703
G1 X119.552 Y30.693
G1 X119.451 Y30.686
G1 X119.348 Y30.680
G1 X119.244 Y30.675
G1 X119.138 Y30.673
G1 X119.031 Y30.671
G1 X118.922 Y30.672
G1 X118.812 Y30.674
G1 X118.700 Y30.677
G1 X118.586 Y30.682
G1 X118.471 Y30.689
G1 X118.355 Y30.697
G1 X118.237 Y30.708
G1 X118.137 Y30.717
G1 X118.036 Y30.728
G1 X117.935 Y30.740
G1 X117.832 Y30.753
G1 X117.728 Y30.768
G1 X117.623 Y30.784
G1 X117.517 Y30.800
G1 X117.410 Y30.819
G1 X117.302 Y30.838
G1 X117.193 Y30.858
G1 X117.090 Y30.878
G1 X116.987 Y30.899
G1 X116.884 Y30.920
G1 X116.781 Y30.941
G1 X116.678 Y30.963
G1 X116.576 Y30.985
G1 X116.473 Y31.008
G1 X116.371 Y31.032
G1 X116.269 Y31.055
G1 X116.167 Y31.080
G1 X116.066 Y31.104
G1 X115.964 Y31.129
G1 X115.863 Y31.155
G1 X115.762 Y31.181
G1 X115.661 Y31.207
G1 X115.560 Y31.234
G1 X115.459 Y31.261
G1 X115.359 Y31.289
G1 X115.258 Y31.317
G1 X115.158 Y31.346
G1 X115.058 Y31.375
G1 X114.958 Y31.404
G1 X114.858 Y31.434
G1 X114.759 Y31.464
G1 X114.659 Y31.494
G1 X114.560 Y31.525
G1 X114.461 Y31.557
G1 X114.362 Y31.588
G1 X114.263 Y31.620
G1 X114.164 Y31.653
G1 X114.065 Y31.685
G1 X113.967 Y31.719
G1 X113.869 Y31.752
G1 X113.770 Y31.786
G1 X113.672 Y31.820
G1 X113.574 Y31.854
G1 X113.476 Y31.889
G1 X113.379 Y31.924
G1 X113.281 Y31.960
G1 X113.184 Y31.996
G1 X113.086 Y32.032
G1 X112.989 Y32.068
G1 X112.892 Y32.105
G1 X112.795 Y32.142
G1 X112.698 Y32.179
G1 X112.601 Y32.217
G1 X112.505 Y32.255
G1 X112.408 Y32.293
G1 X112.312 Y32.332
G1 X112.215 Y32.370
G1 X112.119 Y32.409
G1 X112.023 Y32.449
G1 X111.927 Y32.488
G1 X111.831 Y32.528
G1 X111.735 Y32.568
G1 X111.639 Y32.609
G1 X111.544 Y32.649
G1 X111.448 Y32.690
G1 X111.352 Y32.731
G1 X111.257 Y32.772
G1 X111.162 Y32.814
G1 X111.067 Y32.856
G1 X110.971 Y32.898
G1 X110.876 Y32.940
G1 X110.781 Y32.982
G1 X110.686 Y33.025
G1 X110.592 Y33.068
G1 X110.497 Y33.111
G1 X110.402 Y33.154
G1 X110.308 Y33.197
G1 X110.213 Y33.241
G1 X110.119 Y33.285
G1 X110.024 Y33.329
G1 X109.930 Y33.373
G1 X109.836 Y33.417
G1 X109.741 Y33.461
G1 X109.647 Y33.506
G1 X109.553 Y33.551
G1 X109.459 Y33.596
G1 X109.365 Y33.641
G1 X109.271 Y33.686
G1 X109.177 Y33.731
G1 X109.083 Y33.777
G1 X108.990 Y33.822
G1 X108.883 Y33.787
G1 X108.808 Y33.715
G1 X108.734 Y33.643
G1 X108.659 Y33.572
G1 X108.584 Y33.500
G1 X108.509 Y33.428
G1 X108.434 Y33.357
G1 X108.359 Y33.286
G1 X108.283 Y33.214
G1 X108.208 Y33.143
G1 X108.132 Y33.072
G1 X108.057 Y33.002
G1 X107.981 Y32.931
G1 X107.905 Y32.861
G1 X107.829 Y32.790
G1 X107.753 Y32.720
G1 X107.677 Y32.651
G1 X107.600 Y32.581
G1 X107.524 Y32.511
G1 X107.447 Y32.442
G1 X107.370 Y32.373
G1 X107.294 Y32.304
G1 X107.216 Y32.235
G1 X107.139 Y32.167
G1 X107.062 Y32.098
G1 X106.984 Y32.031
G1 X106.908 Y31.964
G1 X106.831 Y31.899
G1 X106.739 Y31.823
G1 X106.647 Y31.749
G1 X106.555 Y31.677
G1 X106.464 Y31.607
G1 X106.373 Y31.539
G1 X106.282 Y31.472
G1 X106.191 Y31.408
G1 X106.100 Y31.346
G1 X106.010 Y31.285
G1 X105.919 Y31.227
G1 X105.829 Y31.170
G1 X105.740 Y31.115
G1 X105.650 Y31.062
G1 X105.561 Y31.011
G1 X105.472 Y30.962
G1 X105.384 Y30.914
G1 X105.281 Y30.861
G1 X105.178 Y30.811
G1 X105.076 Y30.763
G1 X104.975 Y30.717
G1 X104.874 Y30.673
G1 X104.773 Y30.632
G1 X104.673 Y30.594
G1 X104.574 Y30.557
G1 X104.475 Y30.523
G1 X104.376 Y30.491
G1 X104.279 Y30.462
G1 X104.182 Y30.435
G1 X104.085 Y30.409
G1 X103.976 Y30.383
G1 X103.867 Y30.360
G1 X103.759 Y30.340
G1 X103.653 Y30.322
G1 X103.547 Y30.308
G1 X103.442 Y30.295
G1 X103.338 Y30.286
G1 X103.236 Y30.279
G1 X103.134 Y30.275
G1 X103.033 Y30.273
G1 X102.922 Y30.275
G1 X102.811 Y30.279
G1 X102.702 Y30.287
G1 X102.595 Y30.298
G1 X102.489 Y30.311
G1 X102.385 Y30.328
G1 X102.282 Y30.348
G1 X102.181 Y30.371
G1 X102.082 Y30.397
G1 X101.985 Y30.425
G1 X101.889 Y30.456
G1 X101.785 Y30.494
G1 X101.683 Y30.536
G1 X101.583 Y30.580
G1 X101.486 Y30.628
G1 X101.391 Y30.679
G1 X101.299 Y30.734
G1 X101.209 Y30.791
G1 X101.122 Y30.851
G1 X101.038 Y30.914
G1 X100.956 Y30.980
G1 X100.877 Y31.049
G1 X100.801 Y31.121
G1 X100.727 Y31.195
G1 X100.657 Y31.272
G1 X100.589 Y31.351
G1 X100.525 Y31.433
G1 X100.463 Y31.518
G1 X100.405 Y31.605
G1 X100.349 Y31.694
G1 X100.297 Y31.785
G1 X100.249 Y31.879
G1 X100.203 Y31.975
G1 X100.161 Y32.073
G1 X100.122 Y32.173
G1 X100.087 Y32.275
G1 X100.055 Y32.379
G1 X100.027 Y32.484
G1 X100.003 Y32.592
G1 X99.982 Y32.701
G1 X99.966 Y32.801
G1 X99.953 Y32.902
G1 X99.944 Y33.004
G1 X99.937 Y33.108
G1 X99.934 Y33.212
G1 X99.934 Y33.318
G1 X99.937 Y33.425
G1 X99.944 Y33.533
G1 X99.953 Y33.642
G1 X99.966 Y33.752
G1 X99.981 Y33.851
G1 X99.998 Y33.950
G1 X100.018 Y34.050
G1 X100.040 Y34.151
G1 X100.066 Y34.252
G1 X100.094 Y34.354
G1 X100.125 Y34.456
G1 X100.159 Y34.559
G1 X100.195 Y34.662
G1 X100.235 Y34.766
G1 X100.277 Y34.870
G1 X100.323 Y34.974
G1 X100.365 Y35.066
G1 X100.410 Y35.158
G1 X100.457 Y35.250
G1 X100.506 Y35.343
G1 X100.557 Y35.435
G1 X100.611 Y35.528
G1 X100.667 Y35.621
G1 X100.726 Y35.714
G1 X100.787 Y35.808
G1 X100.851 Y35.901
G1 X100.917 Y35.994
G1 X100.985 Y36.088
G1 X101.046 Y36.168
G1 X101.108 Y36.248
G1 X101.173 Y36.328
G1 X101.239 Y36.408
G1 X101.307 Y36.488
G1 X101.377 Y36.569
G1 X101.449 Y36.648
G1 X101.522 Y36.728
G1 X101.598 Y36.808
G1 X101.676 Y36.888
G1 X101.755 Y36.968
G1 X101.837 Y37.047
G1 X101.920 Y37.127
G1 X102.006 Y37.206
G1 X101.938 Y37.295
G1 X101.844 Y37.337
G1 X101.751 Y37.378
G1 X101.658 Y37.420
G1 X101.565 Y37.461
G1 X101.472 Y37.501
G1 X101.378 Y37.542
G1 X101.285 Y37.582
G1 X101.191 Y37.622
G1 X101.097 Y37.662
G1 X101.004 Y37.702
G1 X100.910 Y37.741
G1 X100.816 Y37.781
G1 X100.722 Y37.820
G1 X100.628 Y37.858
G1 X100.534 Y37.897
G1 X100.439 Y37.935
G1 X100.345 Y37.973
G1 X100.250 Y38.010
G1 X100.156 Y38.048
G1 X100.061 Y38.085
G1 X99.966 Y38.121
G1 X99.871 Y38.158
G1 X99.776 Y38.194
G1 X99.681 Y38.230
G1 X99.559 Y38.275
G1 X99.412 Y38.330
G1 X99.286 Y38.377
G1 X99.161 Y38.423
G1 X99.035 Y38.470
G1 X98.909 Y38.517
G1 X98.804 Y38.556
G1 X98.678 Y38.602
G1 X98.552 Y38.649
G1 X98.426 Y38.695
G1 X98.299 Y38.741
G1 X98.173 Y38.788
G1 X98.047 Y38.834
G1 X97.921 Y38.880
G1 X97.794 Y38.926
G1 X97.668 Y38.972
G1 X97.541 Y39.017
G1 X97.415 Y39.063
G1 X97.288 Y39.109
G1 X97.162 Y39.154
G1 X97.035 Y39.199
G1 X96.930 Y39.237
G1 X96.824 Y39.274
G1 X96.718 Y39.312
G1 X96.613 Y39.349
G1 X96.507 Y39.386
G1 X96.401 Y39.423
G1 X96.295 Y39.460
G1 X96.190 Y39.497
G1 X96.084 Y39.534
G1 X95.978 Y39.571
G1 X95.872 Y39.607
G1 X95.766 Y39.644
G1 X95.660 Y39.680
G1 X95.554 Y39.716
G1 X95.447 Y39.752
G1 X95.341 Y39.788
G1 X95.235 Y39.824
G1 X95.129 Y39.859
G1 X95.022 Y39.895
G1 X94.916 Y39.930
G1 X94.810 Y39.965
G1 X94.703 Y40.000
G1 X94.597 Y40.035
G1 X94.490 Y40.070
G1 X94.384 Y40.104
G1 X94.277 Y40.139
G1 X94.170 Y40.173
G1 X94.064 Y40.207
G1 X93.957 Y40.241
G1 X93.850 Y40.274
G1 X93.743 Y40.308
G1 X93.636 Y40.341
G1 X93.529 Y40.374
G1 X93.422 Y40.407
G1 X93.315 Y40.440
G1 X93.208 Y40.472
G1 X93.101 Y40.505
G1 X92.993 Y40.537
G1 X92.886 Y40.569
G1 X92.779 Y40.600
G1 X92.671 Y40.632
G1 X92.564 Y40.663
G1 X92.456 Y40.694
G1 X92.349 Y40.725
G1 X92.241 Y40.756
G1 X92.133 Y40.786
G1 X92.026 Y40.816
G1 X91.918 Y40.846
G1 X91.810 Y40.876
G1 X91.702 Y40.905
G1 X91.594 Y40.935
G1 X91.486 Y40.964
G1 X91.378 Y40.992
G1 X91.270 Y41.021
G1 X91.162 Y41.049
G1 X91.053 Y41.077
G1 X90.945 Y41.105
G1 X90.837 Y41.132
G1 X90.728 Y41.160
G1 X90.620 Y41.187
G1 X90.511 Y41.213
G1 X90.403 Y41.240
G1 X90.294 Y41.266
G1 X90.185 Y41.292
G1 X90.076 Y41.317
G1 X89.967 Y41.342
G1 X89.858 Y41.367
G1 X89.749 Y41.392
G1 X89.640 Y41.417
G1 X89.531 Y41.441
G1 X89.422 Y41.465
G1 X89.313 Y41.488
G1 X89.203 Y41.511
G1 X89.116 Y41.530
; Retract
G0 Z5.000

; Path 57
; Rapid to initial position
G0 X114.549 Y39.172
G0 Z0.000
; plunge
G1 Z-0.200 F4000
; cut
G1 X114.663 Y39.125 F4000
G1 X114.778 Y39.078
G1 X114.892 Y39.031
G1 X115.007 Y38.985
G1 X115.121 Y38.939
G1 X115.236 Y38.894
G1 X115.352 Y38.849
G1 X115.467 Y38.805
G1 X115.582 Y38.760
G1 X115.698 Y38.717
G1 X115.814 Y38.674
G1 X115.930 Y38.631
G1 X116.046 Y38.589
G1 X116.163 Y38.547
G1 X116.279 Y38.506
G1 X116.396 Y38.465
G1 X116.513 Y38.425
G1 X116.630 Y38.385
G1 X116.748 Y38.346
G1 X116.865 Y38.308
G1 X116.983 Y38.270
G1 X117.101 Y38.232
G1 X117.220 Y38.195
G1 X117.338 Y38.158
G1 X117.457 Y38.122
G1 X116.591 Y38.545
G1 X116.356 Y38.657
G1 X115.528 Y39.049
G1 X114.800 Y39.394
G1 X114.721 Y39.326
G1 X114.643 Y39.255
G1 X114.565 Y39.186
G1 X114.549 Y39.172
; Retract
G0 Z5.000

; Path 58
; Rapid to initial position
G0 X146.206 Y26.857
G0 Z0.000
; plunge
G1 Z-0.200 F4000
; cut
G1 X149.184 Y29.160 F4000
G1 X152.285 Y31.557
G1 X155.385 Y33.954
G1 X155.953 Y34.394
G1 X155.842 Y34.484
G1 X155.730 Y34.574
G1 X155.599 Y34.679
G1 X155.431 Y34.814
G1 X155.301 Y34.919
G1 X154.853 Y35.277
G1 X154.742 Y35.367
G1 X154.649 Y35.441
G1 X154.500 Y35.561
G1 X154.388 Y35.650
G1 X154.277 Y35.740
G1 X154.184 Y35.815
G1 X154.073 Y35.904
G1 X153.962 Y35.994
G1 X153.851 Y36.084
G1 X153.740 Y36.173
G1 X153.630 Y36.263
G1 X151.222 Y33.291
G1 X148.714 Y30.074
G1 X146.206 Y26.857
; Retract
G0 Z5.000

; Path 59
; Rapid to initial position
G0 X142.379 Y16.896
G0 Z0.000
; plunge
G1 Z-0.200 F4000
; cut
G1 X140.992 Y14.588 F4000
G1 X142.795 Y13.863
G1 X142.750 Y14.195
G1 X142.601 Y15.285
G1 X142.562 Y15.569
G1 X142.533 Y15.783
G1 X142.507 Y15.972
G1 X142.484 Y16.138
G1 X142.464 Y16.280
G1 X142.445 Y16.422
G1 X142.428 Y16.541
G1 X142.412 Y16.659
G1 X142.396 Y16.778
G1 X142.379 Y16.896
; Retract
G0 Z5.000

; Path 60
; Rapid to initial position
G0 X162.383 Y35.216
G0 Z0.000
; plunge
G1 Z-0.200 F4000
; cut
G1 X162.706 Y39.615 F4000
G1 X164.795 Y41.230
G1 X174.647 Y61.863
G1 X174.499 Y61.880
G1 X174.384 Y61.894
G1 X174.236 Y61.911
G1 X173.678 Y61.978
G1 X172.541 Y60.634
G1 X170.033 Y57.418
G1 X169.215 Y56.369
G1 X168.907 Y55.974
G1 X168.412 Y55.339
G1 X166.368 Y52.718
G1 X165.086 Y51.072
G1 X162.578 Y47.856
G1 X162.260 Y47.448
G1 X159.752 Y44.232
G1 X157.996 Y41.979
G1 X158.099 Y41.895
G1 X158.187 Y41.823
G1 X158.275 Y41.751
G1 X158.363 Y41.679
G1 X158.452 Y41.608
G1 X158.540 Y41.536
G1 X158.643 Y41.452
G1 X158.761 Y41.356
G1 X158.894 Y41.248
G1 X159.057 Y41.117
G1 X159.161 Y41.033
G1 X159.294 Y40.925
G1 X159.932 Y40.410
G1 X160.065 Y40.302
G1 X160.169 Y40.218
G1 X160.258 Y40.146
G1 X160.406 Y40.026
G1 X160.525 Y39.930
G1 X160.644 Y39.833
G1 X160.748 Y39.749
G1 X160.836 Y39.677
G1 X160.925 Y39.604
G1 X161.014 Y39.532
G1 X161.103 Y39.459
G1 X161.192 Y39.387
G1 X161.296 Y39.302
G1 X161.384 Y39.230
G1 X161.473 Y39.157
G1 X161.562 Y39.084
G1 X161.650 Y39.011
G1 X161.739 Y38.938
G1 X162.706 Y39.615
G1 X162.813 Y41.065
G1 X162.706 Y39.615
G1 X162.601 Y38.189
G1 X162.383 Y35.216
; Retract
G0 Z5.000

; Path 61
; Rapid to initial position
G0 X183.806 Y70.978
G0 Z0.000
; plunge
G1 Z-0.200 F4000
; cut
G1 X185.251 Y70.778 F4000
G1 X185.296 Y70.878
G1 X185.341 Y70.979
G1 X185.385 Y71.079
G1 X185.430 Y71.180
G1 X185.474 Y71.280
G1 X185.519 Y71.381
G1 X185.563 Y71.482
G1 X185.607 Y71.582
G1 X185.651 Y71.683
G1 X185.695 Y71.784
G1 X185.739 Y71.885
G1 X185.782 Y71.986
G1 X185.826 Y72.087
G1 X185.869 Y72.188
G1 X185.912 Y72.289
G1 X185.955 Y72.390
G1 X185.998 Y72.491
G1 X186.041 Y72.592
G1 X186.084 Y72.693
G1 X186.127 Y72.794
G1 X186.169 Y72.896
G1 X186.212 Y72.997
G1 X186.254 Y73.098
G1 X186.296 Y73.200
G1 X186.338 Y73.301
G1 X183.806 Y70.978
; Retract
G0 Z5.000

; Path 62
; Rapid to initial position
G0 X192.703 Y69.748
G0 Z0.000
; plunge
G1 Z-0.200 F4000
; cut
G1 X194.031 Y69.564 F4000
G1 X194.296 Y69.527
G1 X203.186 Y52.671
G1 X203.975 Y53.889
G1 X204.107 Y54.091
G1 X204.209 Y54.249
G1 X204.273 Y54.347
G1 X204.336 Y54.445
G1 X204.400 Y54.543
G1 X204.464 Y54.641
G1 X204.541 Y54.759
G1 X204.617 Y54.877
G1 X204.707 Y55.014
G1 X204.809 Y55.171
G1 X204.937 Y55.368
G1 X205.141 Y55.682
G1 X205.653 Y56.467
G1 X205.730 Y56.584
G1 X204.899 Y58.538
G1 X203.237 Y62.441
G1 X201.577 Y66.344
G1 X199.916 Y70.247
G1 X198.255 Y74.150
G1 X196.594 Y78.053
G1 X194.933 Y81.955
G1 X193.587 Y85.118
G1 X191.927 Y89.021
G1 X190.928 Y91.366
G1 X190.815 Y91.377
G1 X190.700 Y91.387
G1 X190.585 Y91.398
G1 X190.469 Y91.409
G1 X190.353 Y91.420
G1 X190.235 Y91.432
G1 X190.117 Y91.444
G1 X190.017 Y91.454
G1 X189.917 Y91.464
G1 X189.816 Y91.475
G1 X189.715 Y91.485
G1 X189.604 Y91.498
G1 X189.500 Y91.510
G1 X189.398 Y91.524
G1 X189.296 Y91.538
G1 X189.196 Y91.553
G1 X189.097 Y91.570
G1 X188.982 Y91.590
G1 X188.870 Y91.611
G1 X188.759 Y91.634
G1 X188.650 Y91.658
G1 X188.542 Y91.683
G1 X188.436 Y91.709
G1 X188.331 Y91.737
G1 X188.228 Y91.765
G1 X188.127 Y91.795
G1 X188.027 Y91.826
G1 X187.929 Y91.858
G1 X187.833 Y91.891
G1 X187.738 Y91.925
G1 X187.631 Y91.965
G1 X187.527 Y92.007
G1 X187.424 Y92.049
G1 X187.324 Y92.093
G1 X187.226 Y92.139
G1 X187.130 Y92.185
G1 X187.035 Y92.233
G1 X186.943 Y92.282
G1 X186.853 Y92.332
G1 X186.765 Y92.383
G1 X186.679 Y92.435
G1 X186.585 Y92.495
G1 X186.493 Y92.556
G1 X186.404 Y92.619
G1 X186.317 Y92.683
G1 X186.233 Y92.748
G1 X186.151 Y92.814
G1 X186.072 Y92.881
G1 X185.996 Y92.949
G1 X185.922 Y93.019
G1 X185.850 Y93.089
G1 X185.774 Y93.168
G1 X185.701 Y93.249
G1 X185.630 Y93.330
G1 X185.563 Y93.413
G1 X185.499 Y93.496
G1 X185.438 Y93.580
G1 X185.380 Y93.666
G1 X185.325 Y93.752
G1 X185.274 Y93.839
G1 X185.220 Y93.935
G1 X185.170 Y94.032
G1 X185.124 Y94.130
G1 X185.082 Y94.229
G1 X185.043 Y94.328
G1 X185.008 Y94.427
G1 X184.976 Y94.527
G1 X184.948 Y94.628
G1 X184.924 Y94.729
G1 X184.903 Y94.830
G1 X184.886 Y94.931
G1 X184.872 Y95.032
G1 X184.862 Y95.134
G1 X184.856 Y95.235
G1 X184.853 Y95.336
G1 X184.853 Y95.437
G1 X184.858 Y95.538
G1 X184.865 Y95.638
G1 X184.876 Y95.738
G1 X184.891 Y95.838
G1 X184.909 Y95.937
G1 X184.931 Y96.035
G1 X184.956 Y96.133
G1 X184.985 Y96.230
G1 X185.017 Y96.327
G1 X185.052 Y96.422
G1 X185.091 Y96.517
G1 X185.133 Y96.610
G1 X185.179 Y96.702
G1 X185.228 Y96.794
G1 X185.281 Y96.884
G1 X185.337 Y96.972
G1 X185.396 Y97.060
G1 X185.459 Y97.146
G1 X185.525 Y97.230
G1 X185.594 Y97.313
G1 X185.667 Y97.395
G1 X185.743 Y97.474
G1 X185.815 Y97.545
G1 X185.890 Y97.614
G1 X185.967 Y97.682
G1 X186.047 Y97.748
G1 X186.130 Y97.813
G1 X186.216 Y97.875
G1 X186.304 Y97.936
G1 X186.395 Y97.995
G1 X186.489 Y98.052
G1 X186.585 Y98.108
G1 X186.674 Y98.156
G1 X186.765 Y98.202
G1 X186.859 Y98.247
G1 X186.954 Y98.290
G1 X187.052 Y98.331
G1 X187.151 Y98.371
G1 X187.253 Y98.408
G1 X187.357 Y98.444
G1 X187.463 Y98.478
G1 X187.559 Y98.506
G1 X187.657 Y98.533
G1 X187.757 Y98.559
G1 X187.858 Y98.582
G1 X184.583 Y106.277
G1 X182.922 Y110.181
G1 X181.260 Y114.084
G1 X180.794 Y115.180
G1 X186.002 Y115.897
G1 X186.179 Y120.212
G1 X186.292 Y122.999
G1 X186.997 Y123.376
G1 X187.530 Y127.768
G1 X187.659 Y128.826
G1 X186.534 Y128.932
G1 X186.357 Y124.572
G1 X186.292 Y122.999
G1 X186.033 Y122.861
G1 X184.325 Y121.947
G1 X184.227 Y121.895
G1 X184.076 Y121.815
G1 X181.859 Y120.630
G1 X181.476 Y120.425
G1 X179.102 Y119.156
G1 X180.794 Y115.180
G1 X178.503 Y114.864
G1 X179.352 Y111.623
G1 X180.445 Y107.451
G1 X181.054 Y105.130
G1 X182.147 Y100.959
G1 X183.239 Y96.787
G1 X184.332 Y92.617
G1 X185.425 Y88.446
G1 X186.518 Y84.274
G1 X193.354 Y71.312
G1 X193.311 Y71.205
G1 X193.268 Y71.098
G1 X193.225 Y70.992
G1 X193.182 Y70.885
G1 X193.139 Y70.779
G1 X193.095 Y70.674
G1 X193.051 Y70.568
G1 X193.007 Y70.463
G1 X192.963 Y70.357
G1 X192.919 Y70.252
G1 X192.875 Y70.148
G1 X192.830 Y70.043
G1 X192.785 Y69.939
G1 X192.740 Y69.834
G1 X192.703 Y69.748
; Retract
G0 Z5.000

; Path 63
; Rapid to initial position
G0 X194.296 Y69.527
G0 Z0.000
; plunge
G1 Z-0.200 F4000
; cut
G1 X193.354 Y71.312 F4000
G1 X193.397 Y71.419
G1 X193.439 Y71.526
G1 X193.481 Y71.634
G1 X193.523 Y71.741
G1 X193.565 Y71.849
G1 X193.607 Y71.958
G1 X193.648 Y72.066
G1 X193.690 Y72.175
G1 X193.731 Y72.284
G1 X193.772 Y72.393
G1 X193.813 Y72.503
G1 X193.854 Y72.613
G1 X193.894 Y72.723
G1 X193.934 Y72.833
G1 X193.975 Y72.944
G1 X194.014 Y73.055
G1 X194.054 Y73.166
G1 X194.094 Y73.278
G1 X194.133 Y73.389
G1 X194.173 Y73.502
G1 X194.212 Y73.614
G1 X194.250 Y73.727
G1 X194.289 Y73.840
G1 X194.328 Y73.953
G1 X194.360 Y74.048
G1 X194.398 Y74.161
G1 X194.429 Y74.257
G1 X194.461 Y74.352
G1 X194.553 Y74.302
G1 X194.632 Y74.213
G1 X194.708 Y74.123
G1 X194.784 Y74.032
G1 X194.858 Y73.940
G1 X194.931 Y73.847
G1 X195.003 Y73.753
G1 X195.073 Y73.658
G1 X195.143 Y73.562
G1 X195.211 Y73.465
G1 X195.278 Y73.368
G1 X195.344 Y73.269
G1 X195.410 Y73.170
G1 X195.474 Y73.070
G1 X195.537 Y72.969
G1 X195.599 Y72.868
G1 X195.661 Y72.766
G1 X195.721 Y72.663
G1 X195.781 Y72.560
G1 X195.840 Y72.456
G1 X195.899 Y72.352
G1 X195.956 Y72.247
G1 X196.013 Y72.142
G1 X196.070 Y72.036
G1 X196.126 Y71.929
G1 X196.181 Y71.823
G1 X196.236 Y71.716
G1 X196.290 Y71.608
G1 X196.344 Y71.500
G1 X196.398 Y71.392
G1 X196.451 Y71.284
G1 X196.504 Y71.175
G1 X196.557 Y71.066
G1 X196.609 Y70.957
G1 X196.661 Y70.848
G1 X196.713 Y70.739
G1 X196.765 Y70.630
G1 X196.827 Y70.498
G1 X196.951 Y70.235
G1 X197.013 Y70.104
G1 X197.065 Y69.995
G1 X197.117 Y69.885
G1 X197.169 Y69.776
G1 X197.221 Y69.667
G1 X197.274 Y69.558
G1 X197.327 Y69.450
G1 X197.380 Y69.341
G1 X197.433 Y69.233
G1 X197.487 Y69.126
G1 X194.749 Y69.464
G1 X194.296 Y69.527
; Retract
G0 Z5.000

; Path 64
; Rapid to initial position
G0 X212.030 Y81.437
G0 Z0.000
; plunge
G1 Z-0.200 F4000
; cut
G1 X214.401 Y81.363 F4000
G1 X215.753 Y81.322
G1 X212.030 Y81.437
G1 X212.030 Y81.437
; Retract
G0 Z5.000

; Path 65
; Rapid to initial position
G0 X215.753 Y81.322
G0 Z0.000
; plunge
G1 Z-0.200 F4000
; cut
G1 X215.858 Y81.318 F4000
G1 X217.801 Y81.258
G1 X220.390 Y81.178
G1 X222.774 Y81.105
G1 X226.482 Y80.990
G1 X226.988 Y80.975
G1 X230.697 Y80.861
G1 X234.405 Y80.747
G1 X215.753 Y81.322
G1 X215.753 Y81.322
; Retract
G0 Z5.000

; Path 66
; Rapid to initial position
G0 X194.965 Y104.923
G0 Z0.000
; plunge
G1 Z-0.200 F4000
; cut
G1 X191.046 Y104.715 F4000
G1 X191.148 Y104.662
G1 X191.250 Y104.609
G1 X191.352 Y104.556
G1 X191.454 Y104.502
G1 X191.555 Y104.447
G1 X191.656 Y104.392
G1 X191.757 Y104.336
G1 X191.858 Y104.280
G1 X191.958 Y104.224
G1 X192.058 Y104.167
G1 X192.158 Y104.109
G1 X192.257 Y104.051
G1 X192.740 Y104.145
G1 X194.965 Y104.923
; Retract
G0 Z5.000

; Path 67
; Rapid to initial position
G0 X185.958 Y114.805
G0 Z0.000
; plunge
G1 Z-0.200 F4000
; cut
G1 X186.092 Y115.909 F4000
G1 X214.017 Y119.755
G1 X214.134 Y120.428
G1 X214.248 Y121.085
G1 X214.363 Y121.742
G1 X214.474 Y122.384
G1 X214.584 Y123.010
G1 X214.693 Y123.635
G1 X214.800 Y124.246
G1 X214.907 Y124.856
G1 X215.012 Y125.450
G1 X215.117 Y126.044
G1 X215.219 Y126.623
G1 X215.321 Y127.202
G1 X215.420 Y127.765
G1 X214.800 Y130.384
G1 X213.804 Y134.589
G1 X212.809 Y138.793
G1 X212.285 Y141.008
G1 X214.272 Y142.091
G1 X217.504 Y143.853
G1 X220.737 Y145.615
G1 X223.244 Y146.981
G1 X219.609 Y145.947
G1 X215.973 Y144.913
G1 X212.339 Y143.879
G1 X211.651 Y143.683
G1 X211.813 Y142.998
G1 X212.285 Y141.008
G1 X211.626 Y140.649
G1 X211.024 Y140.321
G1 X210.980 Y140.411
G1 X210.936 Y140.501
G1 X210.892 Y140.591
G1 X210.837 Y140.703
G1 X210.781 Y140.814
G1 X210.725 Y140.926
G1 X210.670 Y141.036
G1 X210.613 Y141.147
G1 X210.557 Y141.257
G1 X210.501 Y141.367
G1 X210.444 Y141.476
G1 X210.387 Y141.585
G1 X210.330 Y141.694
G1 X210.273 Y141.802
G1 X210.216 Y141.910
G1 X210.158 Y142.018
G1 X210.101 Y142.125
G1 X210.043 Y142.232
G1 X209.985 Y142.338
G1 X209.927 Y142.444
G1 X209.868 Y142.549
G1 X209.810 Y142.654
G1 X209.751 Y142.758
G1 X209.692 Y142.863
G1 X209.633 Y142.966
G1 X209.574 Y143.069
G1 X211.651 Y143.683
G1 X211.389 Y144.788
G1 X210.394 Y148.993
G1 X209.398 Y153.197
G1 X207.407 Y161.607
G1 X207.161 Y162.646
G1 X211.839 Y164.949
G1 X215.002 Y166.505
G1 X218.165 Y168.064
G1 X221.329 Y169.621
G1 X224.226 Y171.047
G1 X224.371 Y171.119
G1 X227.534 Y172.676
G1 X229.989 Y173.884
G1 X233.083 Y175.407
G1 X233.033 Y175.709
G1 X232.974 Y176.064
G1 X232.887 Y176.592
G1 X232.685 Y177.809
G1 X232.631 Y178.134
G1 X207.033 Y163.188
G1 X207.161 Y162.646
G1 X205.513 Y161.834
G1 X202.349 Y160.277
G1 X201.597 Y159.906
G1 X200.419 Y159.327
G1 X207.033 Y163.188
G1 X206.411 Y165.811
G1 X205.416 Y170.016
G1 X204.618 Y173.386
G1 X204.555 Y173.574
G1 X204.491 Y173.762
G1 X204.428 Y173.951
G1 X204.364 Y174.140
G1 X204.300 Y174.329
G1 X204.236 Y174.518
G1 X204.172 Y174.707
G1 X204.108 Y174.897
G1 X204.044 Y175.087
G1 X203.979 Y175.276
G1 X203.915 Y175.466
G1 X203.850 Y175.657
G1 X203.786 Y175.847
G1 X203.721 Y176.037
G1 X203.656 Y176.228
G1 X203.592 Y176.419
G1 X203.527 Y176.610
G1 X203.462 Y176.801
G1 X203.396 Y176.992
G1 X203.339 Y177.160
G1 X203.282 Y177.327
G1 X203.225 Y177.495
G1 X203.168 Y177.663
G1 X203.110 Y177.831
G1 X203.053 Y177.999
G1 X202.996 Y178.167
G1 X202.938 Y178.335
G1 X202.881 Y178.503
G1 X202.823 Y178.671
G1 X202.765 Y178.840
G1 X202.707 Y179.009
G1 X202.650 Y179.177
G1 X202.592 Y179.346
G1 X202.534 Y179.515
G1 X202.476 Y179.684
G1 X202.418 Y179.853
G1 X202.359 Y180.022
G1 X202.301 Y180.191
G1 X202.243 Y180.360
G1 X202.185 Y180.530
G1 X202.126 Y180.699
G1 X202.068 Y180.869
G1 X202.009 Y181.038
G1 X201.951 Y181.208
G1 X201.892 Y181.378
G1 X201.833 Y181.548
G1 X201.775 Y181.718
G1 X201.716 Y181.888
G1 X201.665 Y182.033
G1 X201.615 Y182.179
G1 X201.564 Y182.325
G1 X201.514 Y182.471
G1 X201.463 Y182.617
G1 X201.412 Y182.763
G1 X201.362 Y182.909
G1 X201.311 Y183.055
G1 X201.260 Y183.201
G1 X201.209 Y183.347
G1 X201.158 Y183.494
G1 X201.107 Y183.640
G1 X201.056 Y183.786
G1 X201.005 Y183.933
G1 X200.954 Y184.079
G1 X200.903 Y184.226
G1 X200.852 Y184.372
G1 X200.801 Y184.519
G1 X200.750 Y184.665
G1 X200.698 Y184.812
G1 X200.647 Y184.958
G1 X200.596 Y185.105
G1 X200.544 Y185.252
G1 X200.493 Y185.398
G1 X200.442 Y185.545
G1 X200.390 Y185.692
G1 X200.248 Y185.837
G1 X200.114 Y185.957
G1 X199.981 Y186.077
G1 X199.847 Y186.197
G1 X199.714 Y186.317
G1 X199.580 Y186.437
G1 X199.465 Y186.540
G1 X199.351 Y186.643
G1 X199.236 Y186.746
G1 X199.121 Y186.849
G1 X199.007 Y186.952
G1 X198.892 Y187.054
G1 X198.777 Y187.157
G1 X198.663 Y187.260
G1 X198.548 Y187.363
G1 X198.433 Y187.465
G1 X198.318 Y187.568
G1 X198.204 Y187.671
G1 X198.089 Y187.774
G1 X197.974 Y187.876
G1 X197.878 Y187.962
G1 X197.782 Y188.047
G1 X197.687 Y188.133
G1 X197.591 Y188.218
G1 X197.495 Y188.304
G1 X197.399 Y188.389
G1 X197.303 Y188.475
G1 X197.208 Y188.560
G1 X197.112 Y188.646
G1 X197.016 Y188.731
G1 X196.920 Y188.817
G1 X196.824 Y188.902
G1 X196.728 Y188.988
G1 X196.632 Y189.073
G1 X196.536 Y189.158
G1 X196.440 Y189.244
G1 X196.344 Y189.329
G1 X196.248 Y189.414
G1 X196.152 Y189.500
G1 X196.056 Y189.585
G1 X195.960 Y189.670
G1 X195.864 Y189.755
G1 X195.768 Y189.841
G1 X195.672 Y189.926
G1 X195.575 Y190.011
G1 X195.479 Y190.096
G1 X195.402 Y190.164
G1 X195.325 Y190.233
G1 X195.248 Y190.301
G1 X195.171 Y190.369
G1 X195.094 Y190.437
G1 X195.017 Y190.505
G1 X194.940 Y190.573
G1 X194.863 Y190.641
G1 X194.786 Y190.709
G1 X194.709 Y190.777
G1 X194.632 Y190.845
G1 X194.555 Y190.913
G1 X194.478 Y190.981
G1 X194.401 Y191.049
G1 X194.324 Y191.117
G1 X194.246 Y191.185
G1 X194.169 Y191.253
G1 X194.092 Y191.321
G1 X194.015 Y191.389
G1 X193.938 Y191.457
G1 X193.861 Y191.525
G1 X193.783 Y191.593
G1 X193.706 Y191.661
G1 X193.629 Y191.729
G1 X193.552 Y191.797
G1 X193.474 Y191.865
G1 X193.397 Y191.932
G1 X193.320 Y192.000
G1 X193.242 Y192.068
G1 X193.165 Y192.136
G1 X193.088 Y192.204
G1 X193.010 Y192.271
G1 X192.933 Y192.339
G1 X192.855 Y192.407
G1 X192.778 Y192.475
G1 X192.701 Y192.543
G1 X192.623 Y192.610
G1 X192.546 Y192.678
G1 X192.468 Y192.746
G1 X192.391 Y192.813
G1 X192.313 Y192.881
G1 X192.236 Y192.949
G1 X192.158 Y193.016
G1 X192.080 Y193.084
G1 X192.003 Y193.152
G1 X191.925 Y193.219
G1 X191.848 Y193.287
G1 X191.770 Y193.354
G1 X191.692 Y193.422
G1 X191.615 Y193.489
G1 X191.537 Y193.557
G1 X191.459 Y193.625
G1 X191.382 Y193.692
G1 X191.265 Y193.793
G1 X191.148 Y193.895
G1 X191.032 Y193.996
G1 X190.915 Y194.097
G1 X190.798 Y194.198
G1 X190.682 Y194.299
G1 X190.565 Y194.400
G1 X190.105 Y192.930
G1 X188.945 Y188.783
G1 X187.784 Y184.638
G1 X187.726 Y184.431
G1 X187.576 Y183.234
G1 X187.036 Y178.916
G1 X186.494 Y174.598
G1 X185.952 Y170.280
G1 X185.580 Y167.306
G1 X185.038 Y162.988
G1 X184.497 Y158.670
G1 X184.130 Y155.742
G1 X184.099 Y155.642
G1 X184.069 Y155.542
G1 X184.038 Y155.443
G1 X184.003 Y155.328
G1 X183.973 Y155.230
G1 X183.943 Y155.133
G1 X183.912 Y155.037
G1 X183.882 Y154.941
G1 X183.852 Y154.845
G1 X183.807 Y154.703
G1 X183.773 Y154.592
G1 X183.643 Y154.183
G1 X183.598 Y154.041
G1 X183.553 Y153.899
G1 X183.518 Y153.788
G1 X183.489 Y153.692
G1 X183.412 Y153.756
G1 X183.335 Y153.820
G1 X183.257 Y153.885
G1 X183.179 Y153.949
G1 X183.100 Y154.013
G1 X183.020 Y154.078
G1 X182.940 Y154.142
G1 X182.859 Y154.207
G1 X182.777 Y154.272
G1 X182.695 Y154.337
G1 X182.612 Y154.402
G1 X182.529 Y154.467
G1 X182.445 Y154.532
G1 X182.360 Y154.597
G1 X182.274 Y154.663
G1 X182.188 Y154.729
G1 X182.102 Y154.794
G1 X182.014 Y154.860
G1 X181.926 Y154.926
G1 X181.837 Y154.993
G1 X181.748 Y155.059
G1 X181.658 Y155.125
G1 X181.567 Y155.192
G1 X181.475 Y155.259
G1 X181.383 Y155.326
G1 X181.450 Y156.036
G1 X182.231 Y160.302
G1 X183.796 Y168.836
G1 X184.577 Y173.102
G1 X184.617 Y173.317
G1 X185.464 Y176.346
G1 X187.726 Y184.431
G1 X188.118 Y187.552
G1 X188.660 Y191.871
G1 X189.201 Y196.189
G1 X189.166 Y196.286
G1 X189.095 Y196.364
G1 X189.024 Y196.443
G1 X188.954 Y196.523
G1 X188.885 Y196.604
G1 X188.487 Y194.436
G1 X187.705 Y190.170
G1 X186.923 Y185.903
G1 X186.142 Y181.636
G1 X185.359 Y177.369
G1 X184.617 Y173.317
G1 X184.304 Y172.201
G1 X183.143 Y168.054
G1 X181.983 Y163.909
G1 X180.823 Y159.763
G1 X179.662 Y155.617
G1 X178.821 Y152.610
G1 X176.501 Y144.318
G1 X176.105 Y142.904
G1 X176.115 Y142.800
G1 X176.126 Y142.697
G1 X176.137 Y142.593
G1 X176.148 Y142.489
G1 X176.160 Y142.386
G1 X176.173 Y142.282
G1 X176.185 Y142.178
G1 X176.199 Y142.074
G1 X176.212 Y141.970
G1 X176.227 Y141.866
G1 X176.241 Y141.762
G1 X176.256 Y141.658
G1 X176.271 Y141.554
G1 X176.287 Y141.450
G1 X176.303 Y141.346
G1 X176.320 Y141.242
G1 X176.337 Y141.138
G1 X176.354 Y141.033
G1 X176.372 Y140.929
G1 X176.390 Y140.825
G1 X176.408 Y140.720
G1 X176.427 Y140.616
G1 X176.446 Y140.512
G1 X176.465 Y140.407
G1 X176.485 Y140.303
G1 X176.505 Y140.198
G1 X176.525 Y140.094
G1 X176.546 Y139.989
G1 X176.567 Y139.885
G1 X176.588 Y139.780
G1 X176.610 Y139.675
G1 X176.631 Y139.571
G1 X176.654 Y139.466
G1 X176.676 Y139.361
G1 X176.698 Y139.257
G1 X176.721 Y139.152
G1 X176.744 Y139.047
G1 X176.767 Y138.942
G1 X176.791 Y138.837
G1 X176.815 Y138.733
G1 X176.839 Y138.628
G1 X176.863 Y138.523
G1 X176.887 Y138.418
G1 X176.912 Y138.313
G1 X176.936 Y138.208
G1 X176.961 Y138.103
G1 X176.986 Y137.998
G1 X177.011 Y137.893
G1 X177.037 Y137.788
G1 X177.062 Y137.684
G1 X177.088 Y137.579
G1 X177.114 Y137.474
G1 X177.140 Y137.369
G1 X177.166 Y137.264
G1 X177.192 Y137.159
G1 X177.223 Y137.033
G1 X177.255 Y136.907
G1 X177.287 Y136.780
G1 X177.319 Y136.654
G1 X177.351 Y136.528
G1 X177.383 Y136.402
G1 X177.420 Y136.255
G1 X177.453 Y136.129
G1 X177.490 Y135.982
G1 X177.544 Y135.772
G1 X177.674 Y135.268
G1 X177.707 Y135.142
G1 X177.750 Y134.974
G1 X177.782 Y134.848
G1 X177.814 Y134.722
G1 X177.847 Y134.596
G1 X177.879 Y134.470
G1 X177.911 Y134.344
G1 X177.943 Y134.218
G1 X177.974 Y134.093
G1 X178.006 Y133.967
G1 X178.032 Y133.862
G1 X178.058 Y133.757
G1 X178.084 Y133.652
G1 X178.110 Y133.547
G1 X178.136 Y133.443
G1 X178.161 Y133.338
G1 X178.187 Y133.233
G1 X178.212 Y133.128
G1 X178.237 Y133.024
G1 X178.262 Y132.919
G1 X178.287 Y132.814
G1 X178.312 Y132.710
G1 X178.336 Y132.605
G1 X178.361 Y132.501
G1 X178.385 Y132.396
G1 X178.408 Y132.292
G1 X178.432 Y132.187
G1 X178.456 Y132.083
G1 X178.479 Y131.978
G1 X178.502 Y131.874
G1 X178.524 Y131.769
G1 X178.547 Y131.665
G1 X178.569 Y131.561
G1 X178.591 Y131.457
G1 X191.162 Y130.241
G1 X191.109 Y130.152
G1 X191.059 Y130.063
G1 X191.011 Y129.974
G1 X190.954 Y129.864
G1 X190.900 Y129.754
G1 X190.849 Y129.645
G1 X190.802 Y129.537
G1 X190.757 Y129.429
G1 X190.716 Y129.322
G1 X190.677 Y129.216
G1 X190.642 Y129.110
G1 X190.610 Y129.005
G1 X190.580 Y128.901
G1 X190.554 Y128.798
G1 X190.530 Y128.696
G1 X190.510 Y128.594
G1 X190.492 Y128.494
G1 X190.477 Y128.394
G1 X190.463 Y128.276
G1 X190.453 Y128.159
G1 X190.446 Y128.043
G1 X190.444 Y127.929
G1 X190.445 Y127.817
G1 X190.450 Y127.706
G1 X190.459 Y127.597
G1 X190.472 Y127.489
G1 X190.488 Y127.383
G1 X190.508 Y127.279
G1 X190.531 Y127.177
G1 X190.558 Y127.076
G1 X190.588 Y126.978
G1 X190.621 Y126.881
G1 X190.658 Y126.787
G1 X190.698 Y126.694
G1 X190.742 Y126.603
G1 X190.796 Y126.500
G1 X190.855 Y126.400
G1 X190.918 Y126.303
G1 X190.985 Y126.209
G1 X191.056 Y126.118
G1 X191.131 Y126.031
G1 X191.209 Y125.946
G1 X191.292 Y125.865
G1 X191.378 Y125.788
G1 X188.556 Y124.209
G1 X188.099 Y123.965
G1 X186.997 Y123.376
G1 X186.482 Y119.126
G1 X186.092 Y115.909
G1 X186.000 Y115.853
G1 X185.958 Y114.805
; Retract
G0 Z5.000

; Path 68
; Rapid to initial position
G0 X177.590 Y118.348
G0 Z0.000
; plunge
G1 Z-0.200 F4000
; cut
G1 X176.554 Y117.794 F4000
G1 X173.303 Y116.056
G1 X173.004 Y115.896
G1 X169.754 Y114.159
G1 X169.630 Y114.093
G1 X168.495 Y113.486
G1 X167.847 Y113.397
G1 X170.168 Y121.689
G1 X170.494 Y122.855
G1 X170.532 Y122.751
G1 X170.571 Y122.647
G1 X170.610 Y122.543
G1 X170.650 Y122.440
G1 X170.690 Y122.336
G1 X170.731 Y122.233
G1 X170.773 Y122.130
G1 X170.815 Y122.028
G1 X170.858 Y121.925
G1 X170.902 Y121.823
G1 X170.946 Y121.721
G1 X170.992 Y121.619
G1 X171.038 Y121.517
G1 X171.085 Y121.416
G1 X171.132 Y121.315
G1 X171.181 Y121.214
G1 X171.231 Y121.113
G1 X171.281 Y121.013
G1 X171.335 Y120.911
G1 X171.391 Y120.817
G1 X171.449 Y120.735
G1 X171.515 Y120.654
G1 X171.591 Y120.579
G1 X171.678 Y120.515
G1 X171.775 Y120.469
G1 X171.874 Y120.445
G1 X171.976 Y120.444
G1 X172.079 Y120.465
G1 X172.175 Y120.502
G1 X172.272 Y120.555
G1 X172.360 Y120.616
G1 X172.440 Y120.680
G1 X172.520 Y120.753
G1 X172.591 Y120.825
G1 X172.663 Y120.903
G1 X172.735 Y120.988
G1 X172.808 Y121.078
G1 X172.870 Y121.160
G1 X172.933 Y121.246
G1 X172.997 Y121.337
G1 X173.061 Y121.431
G1 X173.125 Y121.528
G1 X173.189 Y121.629
G1 X173.243 Y121.716
G1 X173.297 Y121.805
G1 X173.352 Y121.897
G1 X173.406 Y121.990
G1 X173.461 Y122.085
G1 X173.516 Y122.182
G1 X173.571 Y122.281
G1 X173.626 Y122.382
G1 X173.681 Y122.484
G1 X173.737 Y122.588
G1 X173.792 Y122.693
G1 X173.899 Y122.673
G1 X173.984 Y122.612
G1 X174.068 Y122.550
G1 X174.152 Y122.489
G1 X174.236 Y122.429
G1 X174.320 Y122.369
G1 X174.403 Y122.310
G1 X174.486 Y122.251
G1 X174.569 Y122.193
G1 X174.663 Y122.128
G1 X174.757 Y122.063
G1 X174.850 Y122.000
G1 X174.943 Y121.938
G1 X175.035 Y121.877
G1 X175.127 Y121.818
G1 X175.218 Y121.759
G1 X175.308 Y121.702
G1 X175.398 Y121.647
G1 X175.488 Y121.593
G1 X175.576 Y121.540
G1 X175.664 Y121.489
G1 X175.762 Y121.434
G1 X175.859 Y121.381
G1 X175.955 Y121.330
G1 X176.050 Y121.282
G1 X176.144 Y121.236
G1 X176.237 Y121.193
G1 X176.329 Y121.152
G1 X176.429 Y121.110
G1 X176.528 Y121.072
G1 X176.626 Y121.037
G1 X176.722 Y121.005
G1 X176.825 Y120.975
G1 X177.166 Y119.966
G1 X177.590 Y118.348
; Retract
G0 Z5.000

; Path 69
; Rapid to initial position
G0 X177.424 Y120.903
G0 Z0.000
; plunge
G1 Z-0.200 F4000
; cut
G1 X177.318 Y120.901 F4000
G1 X177.218 Y120.905
G1 X177.114 Y120.916
G1 X177.008 Y120.933
G1 X176.908 Y120.955
G1 X176.074 Y124.136
G1 X174.980 Y128.307
G1 X174.617 Y129.695
G1 X176.278 Y125.792
G1 X177.939 Y121.890
G1 X178.190 Y121.300
G1 X178.124 Y121.224
G1 X178.049 Y121.151
G1 X177.969 Y121.088
G1 X177.879 Y121.031
G1 X177.784 Y120.985
G1 X177.684 Y120.949
G1 X177.580 Y120.923
G1 X177.480 Y120.908
G1 X177.424 Y120.903
; Retract
G0 Z5.000

; Path 70
; Rapid to initial position
G0 X176.383 Y128.387
G0 Z0.000
; plunge
G1 Z-0.200 F4000
; cut
G1 X176.765 Y130.470 F4000
G1 X176.800 Y130.369
G1 X176.836 Y130.271
G1 X176.875 Y130.174
G1 X176.915 Y130.079
G1 X176.958 Y129.986
G1 X177.002 Y129.896
G1 X177.048 Y129.807
G1 X177.103 Y129.709
G1 X176.383 Y128.387
; Retract
G0 Z5.000

; Path 71
; Rapid to initial position
G0 X178.180 Y138.195
G0 Z0.000
; plunge
G1 Z-0.200 F4000
; cut
G1 X178.906 Y142.156 F4000
G1 X179.688 Y146.423
G1 X179.847 Y147.291
G1 X179.921 Y147.218
G1 X179.994 Y147.145
G1 X180.067 Y147.071
G1 X180.139 Y146.998
G1 X180.211 Y146.925
G1 X180.282 Y146.851
G1 X180.353 Y146.777
G1 X180.423 Y146.703
G1 X180.493 Y146.629
G1 X180.563 Y146.555
G1 X180.632 Y146.481
G1 X180.700 Y146.407
G1 X180.769 Y146.332
G1 X180.837 Y146.257
G1 X180.904 Y146.182
G1 X180.971 Y146.107
G1 X180.894 Y145.884
G1 X180.830 Y145.702
G1 X180.767 Y145.520
G1 X180.703 Y145.338
G1 X180.635 Y145.141
G1 X180.566 Y144.944
G1 X180.496 Y144.746
G1 X180.427 Y144.547
G1 X180.357 Y144.347
G1 X180.281 Y144.133
G1 X180.206 Y143.917
G1 X180.129 Y143.699
G1 X180.047 Y143.466
G1 X179.965 Y143.232
G1 X179.876 Y142.980
G1 X179.787 Y142.727
G1 X179.691 Y142.456
G1 X179.589 Y142.167
G1 X179.486 Y141.875
G1 X179.376 Y141.564
G1 X179.259 Y141.233
G1 X179.129 Y140.866
G1 X178.984 Y140.459
G1 X178.826 Y140.011
G1 X178.645 Y139.503
G1 X178.435 Y138.912
G1 X178.180 Y138.195
; Retract
G0 Z5.000

; Path 72
; Rapid to initial position
G0 X192.772 Y138.845
G0 Z0.000
; plunge
G1 Z-0.200 F4000
; cut
G1 X199.182 Y140.572 F4000
G1 X199.312 Y140.542
G1 X199.424 Y140.516
G1 X199.535 Y140.490
G1 X199.647 Y140.465
G1 X199.758 Y140.439
G1 X199.870 Y140.414
G1 X199.981 Y140.388
G1 X200.093 Y140.363
G1 X200.204 Y140.338
G1 X200.334 Y140.308
G1 X200.446 Y140.283
G1 X200.557 Y140.258
G1 X200.669 Y140.233
G1 X200.781 Y140.208
G1 X200.892 Y140.183
G1 X201.004 Y140.159
G1 X201.115 Y140.134
G1 X201.227 Y140.110
G1 X201.339 Y140.085
G1 X201.450 Y140.061
G1 X201.562 Y140.037
G1 X201.674 Y140.012
G1 X201.785 Y139.988
G1 X201.897 Y139.964
G1 X202.009 Y139.940
G1 X202.120 Y139.917
G1 X202.232 Y139.893
G1 X202.344 Y139.869
G1 X202.456 Y139.846
G1 X202.567 Y139.823
G1 X202.679 Y139.799
G1 X202.791 Y139.776
G1 X202.903 Y139.753
G1 X203.015 Y139.731
G1 X203.127 Y139.708
G1 X203.239 Y139.685
G1 X203.350 Y139.663
G1 X203.462 Y139.640
G1 X203.574 Y139.618
G1 X203.686 Y139.596
G1 X203.798 Y139.574
G1 X203.910 Y139.552
G1 X203.948 Y139.443
G1 X203.953 Y138.828
G1 X203.954 Y138.603
G1 X203.955 Y138.460
G1 X203.956 Y138.337
G1 X203.957 Y138.234
G1 X201.059 Y138.393
G1 X197.236 Y138.601
G1 X194.636 Y138.743
G1 X192.772 Y138.845
; Retract
G0 Z5.000

; Path 73
; Rapid to initial position
G0 X198.708 Y122.991
G0 Z0.000
; plunge
G1 Z-0.200 F4000
; cut
G1 X200.546 Y123.633 F4000
G1 X204.103 Y124.876
G1 X207.565 Y126.086
G1 X206.441 Y125.334
G1 X203.186 Y123.240
G1 X199.931 Y121.145
G1 X198.708 Y122.991
G1 X198.708 Y122.991
; Retract
G0 Z5.000

; Path 74
; Rapid to initial position
G0 X216.996 Y150.416
G0 Z0.000
; plunge
G1 Z-0.200 F4000
; cut
G1 X218.359 Y150.183 F4000
G1 X221.097 Y149.716
G1 X216.996 Y150.416
; Retract
G0 Z5.000

; Path 75
; Rapid to initial position
G0 X203.575 Y158.580
G0 Z0.000
; plunge
G1 Z-0.200 F4000
; cut
G1 X202.986 Y158.508 F4000
G1 X204.350 Y160.368
G1 X203.575 Y158.580
; Retract
G0 Z5.000

; Path 76
; Rapid to initial position
G0 X207.277 Y170.562
G0 Z0.000
; plunge
G1 Z-0.200 F4000
; cut
G1 X208.804 Y170.880 F4000
; Retract
G0 Z5.000

; Path 77
; Rapid to initial position
G0 X206.784 Y187.080
G0 Z0.000
; plunge
G1 Z-0.200 F4000
; cut
G1 X207.335 Y191.396 F4000
G1 X207.885 Y195.713
G1 X206.784 Y187.080
; Retract
G0 Z5.000

; Path 78
; Rapid to initial position
G0 X195.317 Y199.776
G0 Z0.000
; plunge
G1 Z-0.200 F4000
; cut
G1 X195.279 Y199.877 F4000
G1 X195.241 Y199.978
G1 X195.204 Y200.079
G1 X195.166 Y200.179
G1 X195.129 Y200.280
G1 X195.091 Y200.380
G1 X195.054 Y200.481
G1 X195.017 Y200.581
G1 X194.979 Y200.681
G1 X194.942 Y200.781
G1 X194.904 Y200.880
G1 X194.867 Y200.980
G1 X194.830 Y201.080
G1 X194.793 Y201.179
G1 X194.755 Y201.278
G1 X194.718 Y201.377
G1 X194.681 Y201.476
G1 X194.644 Y201.575
G1 X194.607 Y201.674
G1 X194.570 Y201.772
G1 X194.533 Y201.871
G1 X194.495 Y201.969
G1 X194.458 Y202.067
G1 X194.421 Y202.165
G1 X194.384 Y202.263
G1 X194.348 Y202.361
G1 X194.303 Y202.478
G1 X194.259 Y202.595
G1 X194.215 Y202.712
G1 X194.170 Y202.828
G1 X194.126 Y202.945
G1 X194.082 Y203.061
G1 X194.038 Y203.178
G1 X193.994 Y203.294
G1 X193.950 Y203.409
G1 X193.906 Y203.525
G1 X193.862 Y203.641
G1 X193.818 Y203.756
G1 X193.774 Y203.871
G1 X193.730 Y203.986
G1 X193.679 Y204.120
G1 X193.628 Y204.254
G1 X193.577 Y204.388
G1 X193.526 Y204.521
G1 X193.475 Y204.654
G1 X193.424 Y204.787
G1 X192.664 Y202.075
G1 X192.758 Y201.995
G1 X192.852 Y201.915
G1 X192.946 Y201.834
G1 X193.029 Y201.763
G1 X193.112 Y201.691
G1 X193.195 Y201.619
G1 X193.278 Y201.548
G1 X193.382 Y201.458
G1 X193.485 Y201.368
G1 X193.610 Y201.260
G1 X193.755 Y201.134
G1 X193.848 Y201.053
G1 X193.961 Y200.954
G1 X194.158 Y200.783
G1 X194.551 Y200.441
G1 X194.685 Y200.324
G1 X194.789 Y200.234
G1 X194.871 Y200.162
G1 X195.006 Y200.045
G1 X195.130 Y199.937
G1 X195.234 Y199.847
G1 X195.317 Y199.776
; Retract
G0 Z5.000

; Path 79
; Rapid to initial position
G0 X189.973 Y202.345
G0 Z0.000
; plunge
G1 Z-0.200 F4000
; cut
G1 X190.052 Y202.969 F4000
G1 X189.936 Y202.339
G1 X189.973 Y202.345
; Retract
G0 Z5.000

; Path 80
; Rapid to initial position
G0 X191.812 Y211.552
G0 Z0.000
; plunge
G1 Z-0.200 F4000
; cut
G1 X191.036 Y212.917 F4000
G1 X190.902 Y213.050
G1 X188.209 Y213.184
G1 X190.435 Y212.974
G1 X191.035 Y212.917
G1 X191.812 Y211.552
; Retract
G0 Z5.000

; Path 81
; Rapid to initial position
G0 X191.594 Y212.600
G0 Z0.000
; plunge
G1 Z-0.200 F4000
; cut
G1 X194.389 Y210.780 F4000
G1 X197.636 Y208.667
G1 X216.501 Y208.862
G1 X213.304 Y209.878
G1 X209.723 Y211.015
G1 X206.140 Y212.152
G1 X202.850 Y213.197
G1 X201.782 Y213.536
G1 X198.200 Y214.673
G1 X194.945 Y215.707
G1 X191.362 Y216.844
G1 X189.959 Y217.289
G1 X189.654 Y217.386
G1 X188.746 Y217.675
G1 X194.221 Y224.458
G1 X194.104 Y224.535
G1 X193.925 Y224.653
G1 X193.564 Y224.891
G1 X193.465 Y224.957
G1 X193.327 Y225.048
G1 X193.229 Y225.112
G1 X193.115 Y225.188
G1 X193.004 Y225.262
G1 X192.858 Y225.192
G1 X191.608 Y224.115
G1 X191.143 Y223.713
G1 X188.151 Y221.133
G1 X185.379 Y218.744
G1 X187.377 Y218.109
G1 X188.234 Y217.837
G1 X188.500 Y217.370
G1 X187.042 Y215.563
G1 X187.158 Y215.487
G1 X188.521 Y214.600
G1 X189.513 Y213.955
G1 X190.821 Y213.103
G1 X190.931 Y213.100
G1 X190.993 Y212.991
G1 X191.119 Y212.909
G1 X191.594 Y212.600
; Retract
G0 Z5.000

; Path 82
; Rapid to initial position
G0 X191.119 Y212.909
G0 Z0.000
; plunge
G1 Z-0.200 F4000
; cut
G1 X190.994 Y212.991 F4000
G1 X190.932 Y213.100
G1 X188.500 Y217.370
G1 X188.235 Y217.837
G1 X187.250 Y219.565
G1 X187.976 Y218.292
G1 X188.235 Y217.837
G1 X188.746 Y217.675
G1 X188.500 Y217.371
G1 X190.040 Y214.666
G1 X190.932 Y213.100
G1 X191.918 Y213.069
G1 X195.627 Y212.956
G1 X198.795 Y212.858
G1 X200.348 Y212.810
G1 X200.273 Y212.733
G1 X200.166 Y212.622
G1 X199.931 Y212.378
G1 X199.834 Y212.279
G1 X199.749 Y212.190
G1 X199.663 Y212.102
G1 X198.045 Y212.255
G1 X197.832 Y212.275
G1 X191.119 Y212.909
; Retract
G0 Z5.000

; Path 83
; Rapid to initial position
G0 X187.042 Y215.563
G0 Z0.000
; plunge
G1 Z-0.200 F4000
; cut
G1 X186.862 Y215.681 F4000
G1 X183.991 Y217.549
G1 X185.158 Y218.553
G1 X185.379 Y218.744
G1 X185.159 Y218.813
G1 X183.752 Y219.259
G1 X180.171 Y220.397
G1 X179.086 Y220.741
G1 X180.146 Y220.052
G1 X183.136 Y218.105
G1 X183.615 Y217.794
G1 X183.991 Y217.549
G1 X183.416 Y217.053
G1 X182.996 Y216.690
G1 X180.937 Y214.915
G1 X180.426 Y214.015
G1 X179.967 Y213.206
G1 X179.551 Y212.473
G1 X179.160 Y211.787
G1 X178.796 Y211.146
G1 X178.457 Y210.551
G1 X178.136 Y209.987
G1 X177.823 Y209.438
G1 X177.528 Y208.919
G1 X177.241 Y208.416
G1 X176.962 Y207.928
G1 X176.693 Y207.456
G1 X176.492 Y207.105
G1 X176.605 Y207.104
G1 X176.718 Y207.103
G1 X176.830 Y207.102
G1 X176.943 Y207.100
G1 X177.056 Y207.098
G1 X177.168 Y207.096
G1 X177.281 Y207.094
G1 X177.394 Y207.091
G1 X177.507 Y207.089
G1 X177.619 Y207.086
G1 X177.732 Y207.083
G1 X177.845 Y207.079
G1 X177.958 Y207.076
G1 X178.071 Y207.072
G1 X178.184 Y207.068
G1 X178.297 Y207.064
G1 X178.410 Y207.059
G1 X178.523 Y207.055
G1 X178.636 Y207.050
G1 X178.749 Y207.045
G1 X178.862 Y207.040
G1 X178.975 Y207.035
G1 X179.088 Y207.029
G1 X179.201 Y207.023
G1 X179.314 Y207.017
G1 X179.427 Y207.011
G1 X179.540 Y207.005
G1 X179.653 Y206.998
G1 X179.766 Y206.992
G1 X179.879 Y206.985
G1 X179.992 Y206.978
G1 X180.105 Y206.970
G1 X187.042 Y215.563
G1 X187.042 Y215.563
; Retract
G0 Z5.000

; Path 84
; Rapid to initial position
G0 X186.809 Y220.339
G0 Z0.000
; plunge
G1 Z-0.200 F4000
; cut
G1 X185.060 Y223.413 F4000
G1 X182.995 Y227.039
G1 X186.809 Y220.339
; Retract
G0 Z5.000

; Path 85
; Rapid to initial position
G0 X171.004 Y222.439
G0 Z0.000
; plunge
G1 Z-0.200 F4000
; cut
G1 X170.943 Y221.668 F4000
G1 X170.851 Y220.502
; Retract
G0 Z5.000

; Path 86
; Rapid to initial position
G0 X173.031 Y199.809
G0 Z0.000
; plunge
G1 Z-0.200 F4000
; cut
G1 X172.916 Y199.797 F4000
G1 X172.801 Y199.785
G1 X172.687 Y199.771
G1 X172.572 Y199.758
G1 X172.458 Y199.744
G1 X172.344 Y199.729
G1 X172.188 Y199.605
G1 X172.110 Y199.469
G1 X171.747 Y198.838
G1 X171.669 Y198.702
G1 X171.605 Y198.590
G1 X171.553 Y198.499
G1 X171.501 Y198.409
G1 X171.423 Y198.274
G1 X173.721 Y199.871
G1 X173.606 Y199.862
G1 X173.491 Y199.853
G1 X173.375 Y199.843
G1 X173.260 Y199.832
G1 X173.145 Y199.821
G1 X173.031 Y199.809
; Retract
G0 Z5.000

; Path 87
; Rapid to initial position
G0 X168.670 Y198.884
G0 Z0.000
; plunge
G1 Z-0.200 F4000
; cut
G1 X165.260 Y199.854 F4000
G1 X161.850 Y200.826
G1 X161.824 Y200.714
G1 X161.830 Y200.594
G1 X161.836 Y200.474
G1 X161.841 Y200.355
G1 X161.847 Y200.235
G1 X161.853 Y200.116
G1 X161.859 Y199.997
G1 X161.865 Y199.858
G1 X161.873 Y199.700
G1 X161.881 Y199.542
G1 X161.890 Y199.365
G1 X161.901 Y199.148
G1 X161.908 Y199.030
G1 X161.915 Y198.893
G1 X161.924 Y198.716
G1 X161.940 Y198.402
G1 X162.604 Y198.361
G1 X166.093 Y198.661
G1 X168.670 Y198.884
; Retract
G0 Z5.000

; Path 88
; Rapid to initial position
G0 X171.973 Y190.028
G0 Z0.000
; plunge
G1 Z-0.200 F4000
; cut
G1 X171.699 Y189.900 F4000
G1 X169.438 Y188.846
G1 X169.473 Y188.737
G1 X169.506 Y188.630
G1 X169.536 Y188.523
G1 X169.564 Y188.418
G1 X169.589 Y188.313
G1 X169.612 Y188.210
G1 X169.633 Y188.108
G1 X169.651 Y188.007
G1 X169.667 Y187.908
G1 X169.682 Y187.797
G1 X169.694 Y187.687
G1 X169.703 Y187.580
G1 X169.709 Y187.473
G1 X169.713 Y187.369
G1 X169.713 Y187.266
G1 X171.973 Y190.028
G1 X171.973 Y190.028
; Retract
G0 Z5.000

; Path 89
; Rapid to initial position
G0 X159.834 Y192.594
G0 Z0.000
; plunge
G1 Z-0.200 F4000
; cut
G1 X159.745 Y192.500 F4000
G1 X159.656 Y192.405
G1 X159.566 Y192.311
G1 X159.497 Y192.238
G1 X159.418 Y192.154
G1 X159.329 Y192.059
G1 X159.230 Y191.954
G1 X159.102 Y191.817
G1 X159.003 Y191.712
G1 X158.608 Y191.290
G1 X158.519 Y191.195
G1 X158.450 Y191.121
G1 X158.332 Y190.995
G1 X158.233 Y190.890
G1 X158.154 Y190.806
G1 X158.075 Y190.722
G1 X157.986 Y190.627
G1 X157.897 Y190.533
G1 X157.807 Y190.439
G1 X157.718 Y190.345
G1 X157.648 Y190.272
G1 X157.569 Y190.188
G1 X157.489 Y190.105
G1 X157.410 Y190.022
G1 X157.330 Y189.939
G1 X157.250 Y189.856
G1 X157.170 Y189.773
G1 X157.090 Y189.691
G1 X157.010 Y189.608
G1 X156.930 Y189.526
G1 X156.849 Y189.444
G1 X156.769 Y189.362
G1 X156.688 Y189.281
G1 X156.607 Y189.199
G1 X156.527 Y189.118
G1 X156.456 Y189.047
G1 X156.375 Y188.967
G1 X156.303 Y188.896
G1 X156.222 Y188.816
G1 X156.140 Y188.736
G1 X156.059 Y188.656
G1 X155.977 Y188.577
G1 X155.895 Y188.498
G1 X155.812 Y188.419
G1 X155.730 Y188.340
G1 X155.647 Y188.262
G1 X155.564 Y188.184
G1 X155.481 Y188.107
G1 X155.398 Y188.029
G1 X155.314 Y187.952
G1 X155.231 Y187.876
G1 X155.147 Y187.800
G1 X155.063 Y187.724
G1 X154.978 Y187.648
G1 X154.894 Y187.573
G1 X154.809 Y187.498
G1 X154.724 Y187.424
G1 X154.656 Y187.344
G1 X154.612 Y187.243
G1 X154.568 Y187.143
G1 X154.523 Y187.042
G1 X154.478 Y186.942
G1 X154.433 Y186.841
G1 X154.349 Y186.658
G1 X154.304 Y186.557
G1 X154.259 Y186.457
G1 X154.214 Y186.356
G1 X155.167 Y186.984
G1 X157.520 Y188.619
G1 X157.844 Y189.175
G1 X158.169 Y189.732
G1 X158.494 Y190.290
G1 X158.820 Y190.849
G1 X159.145 Y191.409
G1 X159.471 Y191.970
G1 X159.798 Y192.531
G1 X159.834 Y192.594
; Retract
G0 Z5.000

; Path 90
; Rapid to initial position
G0 X151.294 Y197.385
G0 Z0.000
; plunge
G1 Z-0.200 F4000
; cut
G1 X151.300 Y197.610 F4000
G1 X151.306 Y197.835
G1 X151.313 Y198.059
G1 X151.319 Y198.284
G1 X151.325 Y198.509
G1 X151.331 Y198.734
G1 X151.337 Y198.959
G1 X151.344 Y199.183
G1 X151.349 Y199.383
G1 X151.355 Y199.583
G1 X151.360 Y199.783
G1 X151.366 Y199.983
G1 X151.372 Y200.182
G1 X151.378 Y200.382
G1 X151.384 Y200.582
G1 X151.389 Y200.782
G1 X151.395 Y200.981
G1 X151.401 Y201.181
G1 X151.407 Y201.381
G1 X151.413 Y201.581
G1 X151.419 Y201.781
G1 X151.424 Y201.955
G1 X151.430 Y202.130
G1 X151.435 Y202.305
G1 X151.440 Y202.480
G1 X151.446 Y202.655
G1 X151.451 Y202.829
G1 X151.457 Y203.004
G1 X151.462 Y203.179
G1 X151.468 Y203.354
G1 X151.473 Y203.529
G1 X151.479 Y203.703
G1 X148.398 Y204.657
G1 X144.987 Y205.628
G1 X144.431 Y205.787
G1 X141.731 Y206.556
G1 X149.455 Y197.226
G1 X151.294 Y197.385
G1 X151.294 Y197.385
; Retract
G0 Z5.000

; Path 91
; Rapid to initial position
G0 X133.954 Y194.488
G0 Z0.000
; plunge
G1 Z-0.200 F4000
; cut
G1 X133.930 Y194.610 F4000
G1 X133.901 Y194.757
G1 X133.872 Y194.903
G1 X133.848 Y195.026
G1 X133.824 Y195.148
G1 X133.800 Y195.270
G1 X133.782 Y195.385
G1 X132.805 Y196.375
G1 X130.109 Y199.017
G1 X127.412 Y201.658
G1 X122.710 Y202.956
G1 X122.605 Y202.929
G1 X122.499 Y202.902
G1 X122.394 Y202.875
G1 X122.289 Y202.847
G1 X122.183 Y202.819
G1 X122.078 Y202.791
G1 X121.973 Y202.762
G1 X121.868 Y202.733
G1 X121.763 Y202.704
G1 X121.658 Y202.674
G1 X121.553 Y202.644
G1 X121.448 Y202.614
G1 X121.343 Y202.584
G1 X121.238 Y202.553
G1 X121.133 Y202.522
G1 X121.028 Y202.491
G1 X120.923 Y202.459
G1 X120.818 Y202.427
G1 X120.714 Y202.395
G1 X120.609 Y202.362
G1 X120.504 Y202.329
G1 X120.399 Y202.296
G1 X120.295 Y202.262
G1 X120.190 Y202.228
G1 X120.086 Y202.194
G1 X119.981 Y202.159
G1 X119.876 Y202.124
G1 X119.772 Y202.089
G1 X119.667 Y202.053
G1 X119.563 Y202.017
G1 X119.458 Y201.981
G1 X119.354 Y201.944
G1 X119.249 Y201.907
G1 X119.145 Y201.870
G1 X119.040 Y201.832
G1 X118.936 Y201.794
G1 X118.831 Y201.756
G1 X118.727 Y201.717
G1 X118.622 Y201.678
G1 X118.518 Y201.639
G1 X118.413 Y201.599
G1 X118.309 Y201.559
G1 X118.205 Y201.518
G1 X118.100 Y201.478
G1 X117.996 Y201.436
G1 X117.891 Y201.395
G1 X117.787 Y201.353
G1 X117.682 Y201.311
G1 X117.578 Y201.268
G1 X117.473 Y201.225
G1 X117.369 Y201.182
G1 X118.533 Y200.696
G1 X121.765 Y199.395
G1 X122.344 Y199.162
G1 X125.576 Y197.861
G1 X128.808 Y196.560
G1 X132.040 Y195.259
G1 X133.954 Y194.488
; Retract
G0 Z5.000

; Path 92
; Rapid to initial position
G0 X111.204 Y202.820
G0 Z0.000
; plunge
G1 Z-0.200 F4000
; cut
G1 X109.795 Y199.885 F4000
G1 X111.204 Y202.820
G1 X111.204 Y202.820
; Retract
G0 Z5.000

; Path 93
; Rapid to initial position
G0 X109.795 Y205.278
G0 Z0.000
; plunge
G1 Z-0.200 F4000
; cut
G1 X109.896 Y205.336 F4000
G1 X109.996 Y205.393
G1 X110.097 Y205.450
G1 X110.197 Y205.506
G1 X110.297 Y205.562
G1 X110.397 Y205.618
G1 X110.498 Y205.674
G1 X110.598 Y205.729
G1 X110.698 Y205.784
G1 X110.798 Y205.838
G1 X110.898 Y205.893
G1 X110.998 Y205.947
G1 X111.098 Y206.000
G1 X111.197 Y206.054
G1 X111.297 Y206.107
G1 X91.548 Y211.558
G1 X92.526 Y211.164
G1 X95.758 Y209.864
G1 X96.442 Y209.588
G1 X99.674 Y208.287
G1 X102.138 Y207.295
G1 X102.373 Y207.201
G1 X105.605 Y205.900
G1 X108.725 Y204.644
G1 X108.826 Y204.706
G1 X108.927 Y204.767
G1 X109.029 Y204.828
G1 X109.130 Y204.889
G1 X109.231 Y204.949
G1 X109.332 Y205.008
G1 X109.432 Y205.068
G1 X109.533 Y205.127
G1 X109.634 Y205.185
G1 X109.735 Y205.243
G1 X109.795 Y205.278
; Retract
G0 Z5.000

; Path 94
; Rapid to initial position
G0 X111.443 Y221.126
G0 Z0.000
; plunge
G1 Z-0.200 F4000
; cut
G1 X115.944 Y220.669 F4000
G1 X112.957 Y228.660
G1 X111.463 Y232.655
G1 X111.301 Y233.089
G1 X111.202 Y233.047
G1 X111.104 Y233.004
G1 X111.005 Y232.961
G1 X110.907 Y232.917
G1 X110.808 Y232.873
G1 X110.709 Y232.829
G1 X110.609 Y232.785
G1 X110.510 Y232.740
G1 X110.410 Y232.695
G1 X110.311 Y232.650
G1 X110.211 Y232.604
G1 X110.110 Y232.558
G1 X110.010 Y232.511
G1 X109.909 Y232.465
G1 X109.809 Y232.418
G1 X109.708 Y232.370
G1 X109.606 Y232.323
G1 X109.505 Y232.275
G1 X109.404 Y232.227
G1 X109.302 Y232.178
G1 X109.200 Y232.129
G1 X109.098 Y232.080
G1 X108.995 Y232.030
G1 X108.893 Y231.980
G1 X108.790 Y231.930
G1 X108.817 Y231.548
G1 X109.871 Y227.364
G1 X110.926 Y223.179
G1 X111.200 Y222.094
G1 X111.443 Y221.126
; Retract
G0 Z5.000

; Path 95
; Rapid to initial position
G0 X136.956 Y238.619
G0 Z0.000
; plunge
G1 Z-0.200 F4000
; cut
G1 X137.352 Y238.536 F4000
G1 X141.077 Y237.770
G1 X136.956 Y238.619
G1 X136.956 Y238.619
; Retract
G0 Z5.000

; Path 96
; Rapid to initial position
G0 X148.470 Y247.310
G0 Z0.000
; plunge
G1 Z-0.200 F4000
; cut
G1 X146.866 Y251.245 F4000
G1 X146.540 Y252.041
G1 X148.470 Y247.310
; Retract
G0 Z5.000

; Path 97
; Rapid to initial position
G0 X152.997 Y269.832
G0 Z0.000
; plunge
G1 Z-0.200 F4000
; cut
G1 X152.704 Y271.754 F4000
G1 X152.418 Y273.623
G1 X152.352 Y274.060
G1 X152.997 Y269.832
; Retract
G0 Z5.000

; Path 98
; Rapid to initial position
G0 X166.378 Y267.992
G0 Z0.000
; plunge
G1 Z-0.200 F4000
; cut
G1 X166.369 Y267.880 F4000
G1 X166.360 Y267.769
G1 X166.351 Y267.657
G1 X166.339 Y267.508
G1 X166.330 Y267.397
G1 X166.445 Y267.306
G1 X166.560 Y267.215
G1 X166.676 Y267.124
G1 X166.803 Y267.024
G1 X166.930 Y266.924
G1 X167.057 Y266.824
G1 X167.184 Y266.724
G1 X167.310 Y266.624
G1 X167.437 Y266.524
G1 X167.564 Y266.424
G1 X167.691 Y266.324
G1 X167.818 Y266.223
G1 X167.944 Y266.123
G1 X168.071 Y266.023
G1 X168.198 Y265.922
G1 X168.324 Y265.822
G1 X168.451 Y265.722
G1 X168.577 Y265.621
G1 X168.704 Y265.521
G1 X168.831 Y265.420
G1 X168.969 Y265.310
G1 X169.107 Y265.201
G1 X169.245 Y265.091
G1 X171.712 Y264.881
G1 X173.329 Y264.760
G1 X173.027 Y265.942
G1 X172.904 Y266.419
G1 X172.808 Y266.797
G1 X172.731 Y267.098
G1 X172.660 Y267.375
G1 X172.595 Y267.626
G1 X172.537 Y267.853
G1 X172.505 Y267.979
G1 X172.289 Y267.979
G1 X172.074 Y267.980
G1 X171.859 Y267.981
G1 X171.619 Y267.982
G1 X171.380 Y267.982
G1 X171.117 Y267.983
G1 X170.854 Y267.984
G1 X170.566 Y267.985
G1 X170.255 Y267.985
G1 X169.896 Y267.986
G1 X169.489 Y267.987
G1 X169.011 Y267.988
G1 X168.365 Y267.989
G1 X166.378 Y267.992
; Retract
G0 Z5.000

; Path 99
; Rapid to initial position
G0 X202.511 Y231.380
G0 Z0.000
; plunge
G1 Z-0.200 F4000
; cut
G1 X202.210 Y231.015 F4000
; Retract
G0 Z5.000

; Path 100
; Rapid to initial position
G0 X220.160 Y234.368
G0 Z0.000
; plunge
G1 Z-0.200 F4000
; cut
G1 X220.538 Y231.099 F4000
G1 X220.917 Y227.829
G1 X220.933 Y227.687
G1 X221.142 Y227.569
G1 X221.402 Y229.971
G1 X221.757 Y233.243
G1 X222.107 Y236.480
G1 X222.006 Y236.461
G1 X221.906 Y236.442
G1 X221.805 Y236.422
G1 X221.704 Y236.402
G1 X221.603 Y236.382
G1 X221.503 Y236.362
G1 X221.402 Y236.342
G1 X221.302 Y236.321
G1 X221.202 Y236.300
G1 X221.101 Y236.279
G1 X221.001 Y236.258
G1 X220.901 Y236.236
G1 X220.801 Y236.214
G1 X220.700 Y236.192
G1 X220.600 Y236.170
G1 X220.500 Y236.147
G1 X220.400 Y236.125
G1 X220.301 Y236.102
G1 X220.201 Y236.079
G1 X220.101 Y236.055
G1 X220.001 Y236.032
G1 X220.160 Y234.368
; Retract
G0 Z5.000

; Path 101
; Rapid to initial position
G0 X221.819 Y243.658
G0 Z0.000
; plunge
G1 Z-0.200 F4000
; cut
G1 X221.920 Y243.675 F4000
G1 X222.022 Y243.691
G1 X222.124 Y243.708
G1 X222.225 Y243.725
G1 X222.327 Y243.741
G1 X222.429 Y243.758
G1 X222.531 Y243.774
G1 X222.633 Y243.790
G1 X222.735 Y243.806
G1 X222.837 Y243.821
G1 X223.036 Y245.043
G1 X221.819 Y243.658
; Retract
G0 Z5.000

; Path 102
; Rapid to initial position
G0 X225.198 Y250.605
G0 Z0.000
; plunge
G1 Z-0.200 F4000
; cut
G1 X228.231 Y248.665 F4000
G1 X230.927 Y246.940
G1 X231.652 Y246.476
G1 X232.328 Y246.044
G1 X232.487 Y245.943
G1 X235.440 Y244.054
G1 X235.444 Y244.160
G1 X235.447 Y244.265
G1 X235.451 Y244.371
G1 X235.454 Y244.477
G1 X235.457 Y244.582
G1 X235.461 Y244.688
G1 X235.464 Y244.794
G1 X235.467 Y244.899
G1 X235.471 Y245.005
G1 X235.475 Y245.137
G1 X235.479 Y245.269
G1 X235.483 Y245.401
G1 X235.487 Y245.534
G1 X235.491 Y245.666
G1 X235.496 Y245.824
G1 X235.501 Y245.983
G1 X235.506 Y246.141
G1 X235.511 Y246.326
G1 X235.517 Y246.511
G1 X235.523 Y246.723
G1 X235.530 Y246.961
G1 X235.539 Y247.251
G1 X235.544 Y247.436
G1 X224.116 Y251.298
G1 X225.198 Y250.605
; Retract
G0 Z5.000

; Path 103
; Rapid to initial position
G0 X235.962 Y243.795
G0 Z0.000
; plunge
G1 Z-0.200 F4000
; cut
G1 X230.915 Y228.956 F4000
G1 X236.497 Y228.370
G1 X238.040 Y228.207
G1 X239.223 Y228.083
G1 X238.754 Y230.713
G1 X238.160 Y233.499
G1 X237.565 Y236.286
G1 X236.970 Y239.072
G1 X236.518 Y241.191
G1 X235.962 Y243.795
; Retract
G0 Z5.000

; Path 104
; Rapid to initial position
G0 X247.893 Y243.265
G0 Z0.000
; plunge
G1 Z-0.200 F4000
; cut
G1 X247.906 Y243.146 F4000
G1 X247.920 Y243.016
G1 X247.932 Y242.912
G1 X247.944 Y242.803
G1 X247.956 Y242.699
G1 X247.969 Y242.594
G1 X247.982 Y242.490
G1 X247.995 Y242.386
G1 X248.009 Y242.282
G1 X248.023 Y242.178
G1 X248.037 Y242.073
G1 X248.052 Y241.969
G1 X248.067 Y241.865
G1 X248.082 Y241.761
G1 X248.097 Y241.658
G1 X248.113 Y241.554
G1 X248.129 Y241.450
G1 X248.145 Y241.346
G1 X248.162 Y241.242
G1 X248.178 Y241.138
G1 X248.195 Y241.035
G1 X248.212 Y240.931
G1 X248.229 Y240.827
G1 X248.247 Y240.724
G1 X248.264 Y240.620
G1 X248.282 Y240.516
G1 X248.300 Y240.413
G1 X248.318 Y240.309
G1 X248.339 Y240.185
G1 X248.361 Y240.060
G1 X248.383 Y239.936
G1 X248.405 Y239.812
G1 X248.423 Y239.708
G1 X248.449 Y239.564
G1 X248.468 Y239.460
G1 X248.527 Y239.129
G1 X248.553 Y238.984
G1 X248.575 Y238.860
G1 X248.597 Y238.735
G1 X248.619 Y238.611
G1 X248.641 Y238.487
G1 X248.659 Y238.383
G1 X248.677 Y238.280
G1 X248.695 Y238.176
G1 X248.712 Y238.073
G1 X248.730 Y237.969
G1 X248.747 Y237.865
G1 X248.765 Y237.762
G1 X248.782 Y237.658
G1 X248.799 Y237.554
G1 X248.815 Y237.451
G1 X248.831 Y237.349
G1 X248.845 Y237.248
G1 X248.858 Y237.147
G1 X248.872 Y237.028
G1 X248.884 Y236.909
G1 X248.895 Y236.792
G1 X248.904 Y236.675
G1 X248.912 Y236.560
G1 X248.919 Y236.445
G1 X248.924 Y236.332
G1 X248.927 Y236.221
G1 X248.929 Y236.114
G1 X248.929 Y236.007
G1 X248.927 Y235.902
G1 X248.924 Y235.798
G1 X248.920 Y235.695
G1 X248.915 Y235.592
G1 X248.909 Y235.491
G1 X249.560 Y235.022
G1 X252.538 Y233.117
G1 X252.903 Y231.527
G1 X252.538 Y233.117
G1 X250.967 Y239.954
G1 X251.936 Y235.741
G1 X252.538 Y233.117
G1 X253.097 Y232.760
G1 X253.484 Y232.512
G1 X254.042 Y232.156
G1 X255.030 Y231.523
G1 X257.971 Y229.643
G1 X258.193 Y229.657
G1 X258.432 Y229.673
G1 X258.677 Y229.689
G1 X258.940 Y229.706
G1 X259.223 Y229.724
G1 X259.525 Y229.744
G1 X259.848 Y229.764
G1 X260.193 Y229.786
G1 X260.561 Y229.809
G1 X260.953 Y229.834
G1 X261.370 Y229.860
G1 X261.827 Y229.889
G1 X262.312 Y229.919
G1 X262.842 Y229.952
G1 X263.420 Y229.987
G1 X264.046 Y230.026
G1 X264.743 Y230.069
G1 X265.514 Y230.116
G1 X265.659 Y230.124
G1 X263.328 Y232.479
G1 X261.946 Y233.875
G1 X259.280 Y236.567
G1 X256.615 Y239.258
G1 X255.038 Y240.851
G1 X247.893 Y243.265
; Retract
G0 Z5.000

; Path 105
; Rapid to initial position
G0 X251.258 Y248.383
G0 Z0.000
; plunge
G1 Z-0.200 F4000
; cut
G1 X252.582 Y248.260 F4000
G1 X256.389 Y247.906
G1 X260.197 Y247.552
G1 X261.328 Y247.446
G1 X262.664 Y247.322
G1 X263.631 Y247.232
G1 X263.314 Y246.027
G1 X264.448 Y246.976
G1 X264.488 Y247.086
G1 X263.631 Y247.232
G1 X264.846 Y251.852
G1 X264.872 Y251.952
G1 X264.896 Y252.052
G1 X264.920 Y252.151
G1 X264.942 Y252.250
G1 X264.963 Y252.348
G1 X264.986 Y252.458
G1 X265.007 Y252.568
G1 X265.026 Y252.677
G1 X264.307 Y252.975
G1 X262.014 Y253.775
G1 X261.464 Y253.966
G1 X260.968 Y254.140
G1 X259.364 Y254.700
G1 X258.365 Y255.048
G1 X258.410 Y255.147
G1 X258.460 Y255.253
G1 X258.511 Y255.358
G1 X258.563 Y255.460
G1 X258.616 Y255.560
G1 X258.670 Y255.658
G1 X258.725 Y255.754
G1 X258.781 Y255.848
G1 X258.837 Y255.940
G1 X258.895 Y256.029
G1 X258.004 Y255.855
G1 X257.957 Y255.661
G1 X257.904 Y255.443
G1 X257.875 Y255.322
G1 X258.365 Y255.048
G1 X258.321 Y254.946
G1 X258.282 Y254.853
G1 X258.243 Y254.758
G1 X258.205 Y254.661
G1 X258.168 Y254.563
G1 X258.132 Y254.464
G1 X258.096 Y254.363
G1 X258.062 Y254.260
G1 X258.028 Y254.156
G1 X257.995 Y254.050
G1 X257.963 Y253.943
G1 X257.932 Y253.834
G1 X257.902 Y253.724
G1 X256.786 Y249.475
G1 X256.516 Y249.635
G1 X256.962 Y251.509
G1 X257.060 Y251.923
G1 X257.136 Y252.239
G1 X257.199 Y252.506
G1 X257.257 Y252.750
G1 X257.310 Y252.968
G1 X257.356 Y253.163
G1 X257.403 Y253.357
G1 X257.443 Y253.527
G1 X257.484 Y253.697
G1 X257.525 Y253.867
G1 X257.560 Y254.013
G1 X257.595 Y254.159
G1 X257.630 Y254.304
G1 X257.665 Y254.450
G1 X257.700 Y254.595
G1 X257.729 Y254.717
G1 X257.758 Y254.838
G1 X257.787 Y254.959
G1 X257.817 Y255.080
G1 X257.846 Y255.201
G1 X255.816 Y255.938
G1 X251.258 Y248.383
; Retract
G0 Z5.000

; Path 106
; Rapid to initial position
G0 X250.043 Y253.471
G0 Z0.000
; plunge
G1 Z-0.200 F4000
; cut
G1 X250.087 Y253.658 F4000
G1 X250.143 Y253.891
G1 X250.222 Y254.218
G1 X249.160 Y253.995
G1 X250.043 Y253.471
; Retract
G0 Z5.000

; Path 107
; Rapid to initial position
G0 X264.057 Y257.128
G0 Z0.000
; plunge
G1 Z-0.200 F4000
; cut
G1 X264.129 Y257.050 F4000
G1 X264.199 Y256.969
G1 X264.267 Y256.885
G1 X264.329 Y256.805
G1 X264.388 Y256.722
G1 X264.445 Y256.636
G1 X264.501 Y256.548
G1 X264.555 Y256.458
G1 X264.606 Y256.364
G1 X264.656 Y256.268
G1 X264.700 Y256.178
G1 X264.741 Y256.086
G1 X264.781 Y255.992
G1 X264.820 Y255.895
G1 X264.856 Y255.797
G1 X264.890 Y255.696
G1 X264.922 Y255.593
G1 X264.953 Y255.488
G1 X264.978 Y255.391
G1 X265.002 Y255.293
G1 X265.024 Y255.192
G1 X265.045 Y255.090
G1 X265.063 Y254.986
G1 X265.080 Y254.881
G1 X265.095 Y254.773
G1 X265.108 Y254.665
G1 X265.118 Y254.565
G1 X265.126 Y254.465
G1 X265.133 Y254.363
G1 X265.138 Y254.259
G1 X265.141 Y254.155
G1 X265.143 Y254.049
G1 X265.143 Y253.941
G1 X265.141 Y253.833
G1 X265.138 Y253.723
G1 X265.133 Y253.612
G1 X265.127 Y253.512
G1 X265.119 Y253.411
G1 X265.111 Y253.309
G1 X265.100 Y253.206
G1 X265.088 Y253.102
G1 X265.075 Y252.998
G1 X265.060 Y252.892
G1 X265.044 Y252.785
G1 X265.969 Y252.395
G1 X266.371 Y252.255
G1 X266.366 Y252.151
G1 X266.300 Y251.977
G1 X266.235 Y251.803
G1 X266.170 Y251.629
G1 X266.104 Y251.454
G1 X266.063 Y251.345
G1 X266.023 Y251.236
G1 X265.982 Y251.128
G1 X265.941 Y251.019
G1 X265.900 Y250.909
G1 X265.860 Y250.800
G1 X265.819 Y250.691
G1 X265.778 Y250.582
G1 X265.738 Y250.473
G1 X265.697 Y250.364
G1 X265.657 Y250.255
G1 X265.616 Y250.146
G1 X265.575 Y250.037
G1 X265.535 Y249.928
G1 X265.494 Y249.818
G1 X265.454 Y249.709
G1 X265.413 Y249.600
G1 X265.373 Y249.491
G1 X265.332 Y249.382
G1 X265.292 Y249.272
G1 X265.252 Y249.163
G1 X265.211 Y249.054
G1 X265.171 Y248.945
G1 X265.130 Y248.835
G1 X265.090 Y248.726
G1 X265.050 Y248.617
G1 X265.010 Y248.507
G1 X264.969 Y248.398
G1 X264.929 Y248.289
G1 X264.889 Y248.179
G1 X264.849 Y248.070
G1 X264.808 Y247.961
G1 X264.768 Y247.851
G1 X264.728 Y247.742
G1 X264.688 Y247.633
G1 X264.648 Y247.523
G1 X264.608 Y247.414
G1 X264.568 Y247.304
G1 X264.528 Y247.195
G1 X264.930 Y247.111
G1 X265.872 Y247.023
G1 X268.242 Y246.803
G1 X270.989 Y246.547
G1 X273.816 Y246.284
G1 X281.431 Y245.575
G1 X285.238 Y245.221
G1 X286.966 Y245.060
G1 X283.852 Y246.155
G1 X280.278 Y247.402
G1 X276.730 Y248.639
G1 X273.183 Y249.878
G1 X269.635 Y251.116
G1 X267.895 Y251.723
G1 X266.401 Y252.244
G1 X266.464 Y252.412
G1 X266.530 Y252.586
G1 X266.595 Y252.760
G1 X266.661 Y252.934
G1 X266.727 Y253.108
G1 X266.793 Y253.281
G1 X266.859 Y253.455
G1 X266.924 Y253.629
G1 X266.990 Y253.802
G1 X267.056 Y253.976
G1 X267.122 Y254.149
G1 X267.188 Y254.322
G1 X267.255 Y254.496
G1 X267.321 Y254.669
G1 X267.387 Y254.842
G1 X267.453 Y255.015
G1 X267.520 Y255.188
G1 X267.586 Y255.361
G1 X267.652 Y255.534
G1 X267.719 Y255.706
G1 X267.785 Y255.879
G1 X267.852 Y256.051
G1 X267.918 Y256.224
G1 X267.985 Y256.396
G1 X268.052 Y256.568
G1 X268.119 Y256.740
G1 X268.185 Y256.912
G1 X268.252 Y257.084
G1 X268.319 Y257.256
G1 X268.386 Y257.428
G1 X268.453 Y257.600
G1 X268.520 Y257.771
G1 X268.587 Y257.943
G1 X268.646 Y258.093
G1 X266.070 Y257.551
G1 X265.945 Y257.525
G1 X264.057 Y257.128
; Retract
G0 Z5.000

; Path 108
; Rapid to initial position
G0 X275.743 Y256.431
G0 Z0.000
; plunge
G1 Z-0.200 F4000
; cut
G1 X277.970 Y258.295 F4000
G1 X280.676 Y260.561
G1 X280.776 Y260.644
G1 X277.140 Y259.879
G1 X277.085 Y259.745
G1 X277.030 Y259.610
G1 X276.980 Y259.489
G1 X276.931 Y259.368
G1 X276.881 Y259.247
G1 X276.832 Y259.126
G1 X276.788 Y259.019
G1 X276.744 Y258.911
G1 X276.700 Y258.803
G1 X276.656 Y258.696
G1 X276.612 Y258.588
G1 X276.574 Y258.494
G1 X276.535 Y258.400
G1 X276.497 Y258.305
G1 X276.459 Y258.211
G1 X276.420 Y258.117
G1 X276.382 Y258.023
G1 X276.344 Y257.928
G1 X276.306 Y257.834
G1 X276.241 Y257.672
G1 X276.175 Y257.511
G1 X276.110 Y257.349
G1 X276.045 Y257.187
G1 X275.980 Y257.025
G1 X275.915 Y256.863
G1 X275.856 Y256.715
G1 X275.802 Y256.580
G1 X275.748 Y256.445
G1 X275.743 Y256.431
; Retract
G0 Z5.000

; Path 109
; Rapid to initial position
G0 X280.040 Y266.167
G0 Z0.000
; plunge
G1 Z-0.200 F4000
; cut
G1 X283.597 Y265.008 F4000
G1 X283.323 Y265.098
G1 X280.040 Y266.167
; Retract
G0 Z5.000

; Path 110
; Rapid to initial position
G0 X274.076 Y268.111
G0 Z0.000
; plunge
G1 Z-0.200 F4000
; cut
G1 X272.367 Y268.668 F4000
G1 X271.787 Y268.857
G1 X274.076 Y268.111
; Retract
G0 Z5.000

; Path 111
; Rapid to initial position
G0 X266.194 Y270.679
G0 Z0.000
; plunge
G1 Z-0.200 F4000
; cut
G1 X262.885 Y271.758 F4000
G1 X261.369 Y272.251
G1 X266.194 Y270.679
; Retract
G0 Z5.000

; Path 112
; Rapid to initial position
G0 X264.538 Y281.574
G0 Z0.000
; plunge
G1 Z-0.200 F4000
; cut
G1 X266.378 Y281.923 F4000
; Retract
G0 Z5.000

; Path 113
; Rapid to initial position
G0 X291.469 Y262.442
G0 Z0.000
; plunge
G1 Z-0.200 F4000
; cut
G1 X294.922 Y261.317 F4000
G1 X292.807 Y262.007
G1 X291.469 Y262.442
; Retract
G0 Z5.000

; Path 114
; Rapid to initial position
G0 X310.758 Y255.781
G0 Z0.000
; plunge
G1 Z-0.200 F4000
; cut
G1 X312.498 Y259.635 F4000
G1 X303.853 Y243.624
G1 X303.938 Y243.519
G1 X304.023 Y243.414
G1 X304.109 Y243.309
G1 X304.208 Y243.187
G1 X304.335 Y243.029
G1 X304.420 Y242.924
G1 X304.534 Y242.785
G1 X304.760 Y242.505
G1 X305.534 Y244.217
G1 X307.275 Y248.071
G1 X309.016 Y251.926
G1 X310.758 Y255.781
; Retract
G0 Z5.000

; Path 115
; Rapid to initial position
G0 X309.042 Y247.770
G0 Z0.000
; plunge
G1 Z-0.200 F4000
; cut
G1 X310.109 Y245.038 F4000
G1 X311.178 Y242.306
G1 X312.245 Y239.573
G1 X313.313 Y236.841
G1 X314.381 Y234.108
G1 X315.449 Y231.376
G1 X316.516 Y228.643
G1 X317.250 Y226.768
G1 X320.091 Y228.970
G1 X322.932 Y231.172
G1 X325.774 Y233.374
G1 X328.615 Y235.576
G1 X331.457 Y237.777
G1 X334.299 Y239.980
G1 X337.140 Y242.182
G1 X337.631 Y242.561
G1 X337.632 Y242.661
G1 X337.638 Y242.770
G1 X337.647 Y242.870
G1 X337.662 Y242.979
G1 X337.679 Y243.079
G1 X337.699 Y243.178
G1 X337.723 Y243.276
G1 X337.751 Y243.375
G1 X337.783 Y243.473
G1 X337.818 Y243.570
G1 X337.857 Y243.667
G1 X337.899 Y243.764
G1 X337.946 Y243.859
G1 X337.995 Y243.954
G1 X338.049 Y244.048
G1 X338.106 Y244.141
G1 X338.167 Y244.233
G1 X338.225 Y244.315
G1 X338.286 Y244.396
G1 X338.350 Y244.477
G1 X338.417 Y244.556
G1 X338.487 Y244.634
G1 X338.561 Y244.711
G1 X338.637 Y244.787
G1 X338.716 Y244.862
G1 X338.798 Y244.936
G1 X338.883 Y245.008
G1 X338.961 Y245.071
G1 X339.042 Y245.133
G1 X339.125 Y245.194
G1 X339.211 Y245.254
G1 X339.298 Y245.313
G1 X339.389 Y245.370
G1 X339.481 Y245.427
G1 X339.577 Y245.482
G1 X339.674 Y245.535
G1 X339.774 Y245.587
G1 X339.864 Y245.632
G1 X339.955 Y245.676
G1 X340.048 Y245.718
G1 X340.143 Y245.759
G1 X340.240 Y245.799
G1 X340.339 Y245.838
G1 X340.439 Y245.876
G1 X340.542 Y245.913
G1 X340.646 Y245.948
G1 X340.752 Y245.982
G1 X340.860 Y246.014
G1 X340.970 Y246.046
G1 X341.082 Y246.076
G1 X341.180 Y246.101
G1 X341.278 Y246.124
G1 X341.378 Y246.147
G1 X341.480 Y246.169
G1 X341.583 Y246.189
G1 X341.687 Y246.209
G1 X341.793 Y246.227
G1 X341.900 Y246.244
G1 X342.008 Y246.260
G1 X342.118 Y246.275
G1 X342.229 Y246.289
G1 X342.342 Y246.302
G1 X342.456 Y246.314
G1 X342.823 Y246.585
G1 X345.665 Y248.788
G1 X348.506 Y250.990
G1 X349.355 Y251.647
G1 X352.196 Y253.849
G1 X355.038 Y256.051
G1 X355.407 Y256.337
G1 X355.451 Y256.428
G1 X355.494 Y256.519
G1 X355.538 Y256.610
G1 X355.582 Y256.701
G1 X355.625 Y256.792
G1 X355.669 Y256.883
G1 X355.712 Y256.974
G1 X355.756 Y257.065
G1 X355.821 Y257.202
G1 X355.886 Y257.338
G1 X355.951 Y257.475
G1 X356.016 Y257.612
G1 X356.081 Y257.748
G1 X356.146 Y257.885
G1 X356.211 Y258.022
G1 X356.276 Y258.158
G1 X356.341 Y258.295
G1 X356.405 Y258.432
G1 X356.470 Y258.569
G1 X356.535 Y258.706
G1 X356.600 Y258.842
G1 X356.664 Y258.979
G1 X356.729 Y259.116
G1 X356.793 Y259.253
G1 X309.042 Y247.770
; Retract
G0 Z5.000

; Path 116
; Rapid to initial position
G0 X300.163 Y236.789
G0 Z0.000
; plunge
G1 Z-0.200 F4000
; cut
G1 X294.853 Y226.956 F4000
G1 X295.518 Y227.357
G1 X298.819 Y229.351
G1 X300.311 Y232.654
G1 X301.455 Y235.186
G1 X301.384 Y235.274
G1 X301.314 Y235.361
G1 X301.243 Y235.449
G1 X301.172 Y235.537
G1 X301.102 Y235.625
G1 X301.031 Y235.712
G1 X300.961 Y235.800
G1 X300.890 Y235.888
G1 X300.809 Y235.988
G1 X300.729 Y236.088
G1 X300.648 Y236.188
G1 X300.567 Y236.289
G1 X300.486 Y236.389
G1 X300.405 Y236.489
G1 X300.324 Y236.589
G1 X300.243 Y236.689
G1 X300.163 Y236.789
; Retract
G0 Z5.000

; Path 117
; Rapid to initial position
G0 X288.725 Y209.609
G0 Z0.000
; plunge
G1 Z-0.200 F4000
; cut
G1 X271.149 Y209.427 F4000
G1 X271.155 Y209.322
G1 X271.162 Y209.218
G1 X271.168 Y209.113
G1 X271.174 Y209.008
G1 X271.181 Y208.903
G1 X271.187 Y208.799
G1 X271.194 Y208.694
G1 X271.200 Y208.589
G1 X271.207 Y208.484
G1 X271.214 Y208.379
G1 X271.220 Y208.275
G1 X271.227 Y208.170
G1 X271.234 Y208.065
G1 X271.240 Y207.960
G1 X271.247 Y207.855
G1 X271.254 Y207.750
G1 X271.261 Y207.645
G1 X271.268 Y207.540
G1 X271.275 Y207.435
G1 X271.287 Y207.248
G1 X271.300 Y207.060
G1 X271.313 Y206.873
G1 X271.326 Y206.685
G1 X271.339 Y206.497
G1 X271.352 Y206.309
G1 X271.366 Y206.121
G1 X271.379 Y205.932
G1 X271.393 Y205.743
G1 X271.407 Y205.554
G1 X271.421 Y205.365
G1 X271.435 Y205.175
G1 X271.450 Y204.985
G1 X271.464 Y204.794
G1 X271.479 Y204.603
G1 X271.494 Y204.412
G1 X271.509 Y204.220
G1 X271.523 Y204.040
G1 X271.537 Y203.871
G1 X271.551 Y203.702
G1 X271.564 Y203.533
G1 X271.578 Y203.363
G1 X271.592 Y203.193
G1 X271.607 Y203.023
G1 X271.621 Y202.852
G1 X271.636 Y202.681
G1 X271.650 Y202.509
G1 X271.665 Y202.337
G1 X271.680 Y202.164
G1 X271.695 Y201.991
G1 X269.145 Y200.637
G1 X268.405 Y200.262
G1 X264.999 Y198.533
G1 X263.542 Y197.794
G1 X264.409 Y196.343
G1 X262.776 Y197.405
G1 X263.542 Y197.794
G1 X260.179 Y203.419
G1 X260.190 Y203.836
G1 X260.217 Y204.893
G1 X260.317 Y208.760
G1 X260.331 Y209.316
G1 X256.675 Y209.278
G1 X260.179 Y203.419
G1 X260.170 Y203.085
G1 X260.153 Y202.473
G1 X260.139 Y201.931
G1 X260.125 Y201.444
G1 X260.113 Y200.999
G1 X260.102 Y200.595
G1 X260.091 Y200.206
G1 X260.081 Y199.844
G1 X260.071 Y199.497
G1 X260.061 Y199.173
G1 X261.162 Y198.456
G1 X262.776 Y197.405
G1 X261.592 Y196.805
G1 X260.003 Y195.999
G1 X259.954 Y195.728
G1 X259.947 Y195.506
G1 X259.939 Y195.283
G1 X259.932 Y195.075
G1 X259.023 Y195.363
G1 X258.856 Y195.416
G1 X259.963 Y195.978
G1 X259.969 Y196.187
G1 X259.977 Y196.423
G1 X259.985 Y196.660
G1 X259.993 Y196.910
G1 X260.000 Y197.160
G1 X260.009 Y197.425
G1 X260.017 Y197.689
G1 X260.025 Y197.967
G1 X260.034 Y198.245
G1 X260.042 Y198.537
G1 X260.052 Y198.843
G1 X260.061 Y199.163
G1 X257.916 Y200.569
G1 X248.176 Y206.908
G1 X247.076 Y207.624
G1 X243.379 Y207.974
G1 X240.905 Y208.207
G1 X241.015 Y208.265
G1 X241.125 Y208.323
G1 X241.236 Y208.381
G1 X241.346 Y208.440
G1 X241.456 Y208.498
G1 X241.566 Y208.557
G1 X241.676 Y208.616
G1 X241.786 Y208.675
G1 X241.896 Y208.734
G1 X242.006 Y208.793
G1 X242.094 Y208.841
G1 X242.204 Y208.900
G1 X242.292 Y208.948
G1 X242.380 Y208.996
G1 X242.468 Y209.044
G1 X242.577 Y209.104
G1 X256.675 Y209.278
G1 X255.581 Y211.109
G1 X252.161 Y211.214
G1 X248.453 Y211.329
G1 X246.462 Y211.390
G1 X246.377 Y211.336
G1 X246.272 Y211.269
G1 X246.187 Y211.215
G1 X246.102 Y211.162
G1 X246.017 Y211.109
G1 X245.911 Y211.043
G1 X245.826 Y210.990
G1 X245.741 Y210.937
G1 X245.634 Y210.872
G1 X245.549 Y210.819
G1 X245.442 Y210.754
G1 X245.335 Y210.689
G1 X245.249 Y210.637
G1 X245.142 Y210.572
G1 X245.035 Y210.508
G1 X244.927 Y210.444
G1 X244.841 Y210.392
G1 X244.733 Y210.329
G1 X244.625 Y210.265
G1 X244.517 Y210.202
G1 X244.409 Y210.138
G1 X244.301 Y210.075
G1 X244.214 Y210.025
G1 X244.127 Y209.975
G1 X244.019 Y209.912
G1 X243.932 Y209.862
G1 X243.823 Y209.800
G1 X243.714 Y209.738
G1 X243.605 Y209.676
G1 X243.496 Y209.615
G1 X243.387 Y209.553
G1 X243.278 Y209.492
G1 X243.169 Y209.431
G1 X243.081 Y209.382
G1 X242.972 Y209.321
G1 X242.884 Y209.273
G1 X242.775 Y209.212
G1 X242.687 Y209.164
G1 X235.909 Y209.063
G1 X235.858 Y208.929
G1 X235.807 Y208.795
G1 X235.755 Y208.661
G1 X235.704 Y208.526
G1 X235.653 Y208.392
G1 X235.602 Y208.258
G1 X235.552 Y208.124
G1 X235.501 Y207.990
G1 X235.450 Y207.857
G1 X235.400 Y207.723
G1 X235.349 Y207.589
G1 X235.298 Y207.455
G1 X235.248 Y207.321
G1 X235.198 Y207.188
G1 X235.148 Y207.054
G1 X235.097 Y206.921
G1 X235.047 Y206.787
G1 X234.997 Y206.653
G1 X234.947 Y206.520
G1 X234.897 Y206.387
G1 X234.848 Y206.253
G1 X234.798 Y206.120
G1 X234.748 Y205.987
G1 X234.699 Y205.853
G1 X234.649 Y205.720
G1 X234.600 Y205.587
G1 X234.550 Y205.454
G1 X234.501 Y205.321
G1 X234.452 Y205.188
G1 X234.403 Y205.055
G1 X234.354 Y204.922
G1 X234.305 Y204.789
G1 X234.256 Y204.656
G1 X234.207 Y204.524
G1 X234.158 Y204.391
G1 X234.093 Y204.214
G1 X234.028 Y204.037
G1 X233.963 Y203.861
G1 X233.899 Y203.684
G1 X233.834 Y203.508
G1 X233.786 Y203.375
G1 X235.163 Y202.938
G1 X238.745 Y201.801
G1 X239.727 Y201.490
G1 X243.309 Y200.352
G1 X243.740 Y200.215
G1 X244.828 Y199.870
G1 X248.322 Y198.761
G1 X249.030 Y198.536
G1 X250.866 Y197.953
G1 X254.448 Y196.816
G1 X258.030 Y195.678
G1 X258.856 Y195.416
G1 X256.597 Y194.270
G1 X255.938 Y193.936
G1 X249.125 Y190.478
G1 X245.718 Y188.750
G1 X243.497 Y187.623
G1 X243.433 Y186.750
G1 X243.353 Y185.664
G1 X243.284 Y184.729
G1 X243.353 Y185.664
G1 X246.729 Y186.811
G1 X250.293 Y188.023
G1 X253.857 Y189.234
G1 X257.422 Y190.447
G1 X260.986 Y191.659
G1 X261.149 Y191.713
G1 X266.984 Y193.697
G1 X268.196 Y194.219
G1 X271.407 Y195.603
G1 X271.809 Y195.776
G1 X271.817 Y196.097
G1 X271.825 Y196.387
G1 X271.833 Y196.676
G1 X271.841 Y196.992
G1 X271.851 Y197.334
G1 X271.860 Y197.703
G1 X271.871 Y198.124
G1 X271.884 Y198.624
G1 X271.902 Y199.282
G1 X271.911 Y199.658
G1 X271.899 Y199.784
G1 X271.882 Y199.964
G1 X271.865 Y200.143
G1 X271.848 Y200.322
G1 X271.831 Y200.500
G1 X271.814 Y200.677
G1 X271.798 Y200.854
G1 X271.782 Y201.030
G1 X271.766 Y201.206
G1 X271.750 Y201.382
G1 X271.734 Y201.556
G1 X271.718 Y201.731
G1 X271.703 Y201.904
G1 X271.973 Y202.073
G1 X271.911 Y199.658
G1 X271.925 Y199.513
G1 X271.943 Y199.332
G1 X271.961 Y199.150
G1 X271.979 Y198.968
G1 X271.997 Y198.784
G1 X272.016 Y198.600
G1 X272.034 Y198.416
G1 X272.053 Y198.231
G1 X272.072 Y198.045
G1 X272.092 Y197.858
G1 X272.111 Y197.670
G1 X272.131 Y197.482
G1 X272.151 Y197.293
G1 X272.171 Y197.104
G1 X272.191 Y196.913
G1 X274.124 Y198.320
G1 X277.225 Y200.718
G1 X277.579 Y200.991
G1 X277.725 Y201.105
G1 X280.485 Y203.239
G1 X283.585 Y205.636
G1 X286.685 Y208.033
G1 X288.725 Y209.609
; Retract
G0 Z5.000

; Path 118
; Rapid to initial position
G0 X290.676 Y203.902
G0 Z0.000
; plunge
G1 Z-0.200 F4000
; cut
G1 X292.944 Y204.879 F4000
G1 X289.781 Y203.321
G1 X286.617 Y201.765
G1 X283.454 Y200.207
G1 X283.067 Y200.016
G1 X283.077 Y199.877
G1 X283.086 Y199.755
G1 X283.096 Y199.634
G1 X283.105 Y199.512
G1 X283.114 Y199.390
G1 X283.123 Y199.268
G1 X283.927 Y199.457
G1 X285.059 Y199.842
G1 X285.709 Y200.063
G1 X286.300 Y200.264
G1 X289.864 Y201.476
G1 X293.429 Y202.687
G1 X294.542 Y203.066
G1 X296.894 Y203.865
G1 X298.392 Y204.374
G1 X301.583 Y205.460
G1 X305.147 Y206.671
G1 X308.362 Y207.764
G1 X311.926 Y208.976
G1 X314.029 Y209.691
G1 X317.593 Y210.902
G1 X282.789 Y204.319
G1 X282.798 Y204.159
G1 X282.807 Y204.000
G1 X282.817 Y203.840
G1 X282.826 Y203.681
G1 X282.836 Y203.522
G1 X282.845 Y203.362
G1 X282.855 Y203.203
G1 X282.864 Y203.044
G1 X282.874 Y202.884
G1 X282.882 Y202.765
G1 X282.889 Y202.645
G1 X282.897 Y202.525
G1 X282.904 Y202.406
G1 X282.912 Y202.286
G1 X282.920 Y202.166
G1 X282.927 Y202.046
G1 X282.935 Y201.927
G1 X282.943 Y201.807
G1 X282.951 Y201.687
G1 X282.959 Y201.567
G1 X282.967 Y201.446
G1 X282.975 Y201.326
G1 X282.983 Y201.206
G1 X282.991 Y201.086
G1 X283.000 Y200.965
G1 X283.008 Y200.845
G1 X283.016 Y200.724
G1 X283.025 Y200.607
G1 X281.041 Y199.753
G1 X277.830 Y198.369
G1 X274.618 Y196.986
G1 X271.809 Y195.776
G1 X271.803 Y195.571
G1 X271.796 Y195.334
G1 X269.937 Y194.701
G1 X268.277 Y194.137
G1 X266.984 Y193.697
G1 X264.984 Y192.836
G1 X263.328 Y192.123
G1 X260.116 Y190.740
G1 X256.905 Y189.356
G1 X253.694 Y187.973
G1 X250.482 Y186.590
G1 X247.271 Y185.206
G1 X244.059 Y183.824
G1 X243.190 Y183.449
G1 X242.956 Y180.268
G1 X242.868 Y179.069
G1 X242.956 Y180.268
G1 X245.440 Y181.491
G1 X248.602 Y183.048
G1 X251.823 Y184.634
G1 X254.986 Y186.191
G1 X258.149 Y187.748
G1 X264.475 Y190.863
G1 X267.639 Y192.420
G1 X270.801 Y193.978
G1 X273.965 Y195.535
G1 X280.291 Y198.650
G1 X283.067 Y200.016
G1 X283.060 Y200.119
G1 X283.051 Y200.241
G1 X283.042 Y200.362
G1 X283.034 Y200.483
G1 X283.025 Y200.603
G1 X284.253 Y201.136
G1 X287.464 Y202.519
G1 X290.676 Y203.902
; Retract
G0 Z5.000

; Path 119
; Rapid to initial position
G0 X293.805 Y196.882
G0 Z0.000
; plunge
G1 Z-0.200 F4000
; cut
G1 X290.469 Y196.137 F4000
G1 X287.132 Y195.392
G1 X285.653 Y195.061
G1 X285.700 Y194.927
G1 X285.747 Y194.793
G1 X285.793 Y194.660
G1 X285.839 Y194.527
G1 X285.885 Y194.396
G1 X285.930 Y194.265
G1 X285.975 Y194.135
G1 X286.019 Y194.006
G1 X286.063 Y193.877
G1 X286.107 Y193.749
G1 X286.150 Y193.622
G1 X286.193 Y193.495
G1 X286.236 Y193.370
G1 X286.273 Y193.259
G1 X286.310 Y193.148
G1 X286.347 Y193.038
G1 X286.384 Y192.928
G1 X286.420 Y192.820
G1 X286.457 Y192.711
G1 X286.493 Y192.603
G1 X286.528 Y192.496
G1 X286.564 Y192.389
G1 X286.603 Y192.270
G1 X286.647 Y192.138
G1 X286.690 Y192.007
G1 X286.733 Y191.877
G1 X286.779 Y191.735
G1 X286.830 Y191.581
G1 X287.894 Y191.338
G1 X288.376 Y191.256
G1 X288.730 Y191.195
G1 X289.035 Y191.143
G1 X289.292 Y191.098
G1 X289.533 Y191.057
G1 X289.757 Y191.018
G1 X289.966 Y190.982
G1 X290.159 Y190.948
G1 X290.335 Y190.918
G1 X290.512 Y190.887
G1 X290.673 Y190.859
G1 X290.833 Y190.831
G1 X290.961 Y190.809
G1 X291.019 Y190.917
G1 X291.087 Y191.047
G1 X291.155 Y191.177
G1 X291.224 Y191.308
G1 X291.292 Y191.438
G1 X291.360 Y191.568
G1 X291.428 Y191.698
G1 X291.496 Y191.829
G1 X291.564 Y191.959
G1 X291.632 Y192.089
G1 X291.700 Y192.220
G1 X291.767 Y192.350
G1 X291.834 Y192.481
G1 X291.902 Y192.611
G1 X291.969 Y192.742
G1 X292.036 Y192.873
G1 X292.092 Y192.982
G1 X292.147 Y193.091
G1 X292.203 Y193.200
G1 X292.259 Y193.309
G1 X292.314 Y193.418
G1 X292.369 Y193.527
G1 X292.424 Y193.636
G1 X292.479 Y193.745
G1 X292.534 Y193.854
G1 X292.589 Y193.964
G1 X292.644 Y194.073
G1 X292.698 Y194.182
G1 X292.753 Y194.292
G1 X292.807 Y194.401
G1 X292.861 Y194.511
G1 X292.915 Y194.620
G1 X292.969 Y194.730
G1 X293.023 Y194.840
G1 X293.076 Y194.949
G1 X293.130 Y195.059
G1 X293.183 Y195.169
G1 X293.236 Y195.279
G1 X293.289 Y195.389
G1 X293.342 Y195.499
G1 X293.395 Y195.609
G1 X293.448 Y195.719
G1 X293.500 Y195.829
G1 X293.552 Y195.939
G1 X293.604 Y196.049
G1 X293.656 Y196.160
G1 X293.708 Y196.270
G1 X293.759 Y196.381
G1 X293.837 Y196.453
G1 X293.918 Y196.515
G1 X293.999 Y196.576
G1 X294.080 Y196.638
G1 X294.161 Y196.700
G1 X294.241 Y196.763
G1 X294.321 Y196.825
G1 X294.402 Y196.888
G1 X294.482 Y196.951
G1 X294.562 Y197.014
G1 X293.805 Y196.882
; Retract
G0 Z5.000

; Path 120
; Rapid to initial position
G0 X304.932 Y188.799
G0 Z0.000
; plunge
G1 Z-0.200 F4000
; cut
G1 X304.501 Y188.075 F4000
G1 X302.762 Y185.148
G1 X301.023 Y182.220
G1 X299.284 Y179.293
G1 X299.040 Y174.010
G1 X297.609 Y173.542
G1 X295.141 Y172.732
G1 X299.040 Y174.010
G1 X298.409 Y160.303
G1 X298.512 Y160.266
G1 X298.614 Y160.229
G1 X298.735 Y160.186
G1 X298.895 Y160.129
G1 X298.997 Y160.092
G1 X299.206 Y160.196
G1 X299.317 Y160.290
G1 X299.410 Y160.368
G1 X299.539 Y160.478
G1 X299.650 Y160.572
G1 X299.762 Y160.666
G1 X299.854 Y160.745
G1 X299.966 Y160.839
G1 X300.077 Y160.932
G1 X300.188 Y161.026
G1 X300.300 Y161.120
G1 X300.411 Y161.214
G1 X300.523 Y161.307
G1 X300.635 Y161.401
G1 X300.728 Y161.478
G1 X300.821 Y161.556
G1 X300.915 Y161.634
G1 X301.008 Y161.711
G1 X301.101 Y161.789
G1 X301.195 Y161.866
G1 X301.289 Y161.943
G1 X301.382 Y162.021
G1 X301.763 Y164.555
G1 X302.190 Y167.820
G1 X302.540 Y170.500
G1 X302.600 Y170.960
G1 X303.176 Y175.365
G1 X303.725 Y175.544
G1 X303.176 Y175.365
G1 X299.087 Y174.025
G1 X301.941 Y174.961
G1 X303.176 Y175.365
G1 X303.225 Y175.739
G1 X303.652 Y179.003
G1 X304.078 Y182.268
G1 X304.504 Y185.534
G1 X304.932 Y188.799
; Retract
G0 Z5.000

; Path 121
; Rapid to initial position
G0 X316.577 Y184.856
G0 Z0.000
; plunge
G1 Z-0.200 F4000
; cut
G1 X316.508 Y184.331 F4000
G1 X315.932 Y180.019
G1 X315.355 Y175.707
G1 X315.122 Y173.957
G1 X313.319 Y173.943
G1 X315.122 Y173.956
G1 X316.717 Y173.969
G1 X318.086 Y173.979
G1 X317.973 Y174.800
G1 X317.716 Y176.650
G1 X317.176 Y180.548
G1 X316.577 Y184.856
; Retract
G0 Z5.000

; Path 122
; Rapid to initial position
G0 X318.086 Y173.979
G0 Z0.000
; plunge
G1 Z-0.200 F4000
; cut
G1 X315.122 Y173.956 F4000
G1 X314.762 Y171.267
G1 X314.180 Y166.912
G1 X319.119 Y166.543
G1 X318.817 Y168.713
G1 X318.219 Y173.022
G1 X318.087 Y173.978
G1 X328.694 Y174.058
G1 X327.847 Y174.052
G1 X324.137 Y174.024
G1 X320.427 Y173.997
G1 X318.086 Y173.979
; Retract
G0 Z5.000

; Path 123
; Rapid to initial position
G0 X322.213 Y169.993
G0 Z0.000
; plunge
G1 Z-0.200 F4000
; cut
G1 X323.462 Y170.958 F4000
G1 X324.868 Y172.047
G1 X322.213 Y169.993
; Retract
G0 Z5.000

; Path 124
; Rapid to initial position
G0 X333.873 Y181.108
G0 Z0.000
; plunge
G1 Z-0.200 F4000
; cut
G1 X337.157 Y179.710 F4000
G1 X340.587 Y178.251
G1 X342.662 Y177.367
G1 X343.857 Y176.859
G1 X343.862 Y177.025
G1 X343.865 Y177.143
G1 X343.871 Y177.356
G1 X343.875 Y177.522
G1 X343.750 Y177.661
G1 X341.273 Y178.526
G1 X340.968 Y178.633
G1 X333.873 Y181.108
; Retract
G0 Z5.000

; Path 125
; Rapid to initial position
G0 X341.075 Y183.532
G0 Z0.000
; plunge
G1 Z-0.200 F4000
; cut
G1 X342.380 Y183.321 F4000
G1 X342.040 Y183.513
G1 X341.901 Y183.591
G1 X341.075 Y183.532
; Retract
G0 Z5.000

; Path 126
; Rapid to initial position
G0 X341.386 Y174.152
G0 Z0.000
; plunge
G1 Z-0.200 F4000
; cut
G1 X344.776 Y174.178 F4000
G1 X340.372 Y174.145
G1 X341.386 Y174.152
G1 X341.386 Y174.152
; Retract
G0 Z5.000

; Path 127
; Rapid to initial position
G0 X355.486 Y173.566
G0 Z0.000
; plunge
G1 Z-0.200 F4000
; cut
G1 X355.499 Y173.433 F4000
G1 X355.510 Y173.313
G1 X355.520 Y173.206
G1 X355.530 Y173.099
G1 X355.540 Y172.992
G1 X355.558 Y172.804
G1 X355.575 Y172.629
G1 X355.591 Y172.467
G1 X355.607 Y172.304
G1 X355.622 Y172.154
G1 X355.635 Y172.017
G1 X355.649 Y171.880
G1 X356.874 Y171.318
G1 X359.461 Y170.217
G1 X360.457 Y169.794
G1 X361.035 Y169.548
G1 X361.930 Y169.167
G1 X365.361 Y167.706
G1 X366.883 Y167.058
G1 X367.475 Y166.807
G1 X370.906 Y165.347
G1 X372.484 Y164.675
G1 X374.340 Y163.885
G1 X377.423 Y162.573
G1 X377.418 Y161.124
G1 X377.406 Y157.418
G1 X377.391 Y153.053
G1 X377.384 Y150.906
G1 X378.852 Y150.995
G1 X381.014 Y151.128
G1 X380.644 Y154.953
G1 X380.223 Y159.290
G1 X380.165 Y159.890
G1 X380.012 Y161.471
G1 X378.265 Y162.214
G1 X377.770 Y162.425
G1 X377.423 Y162.573
G1 X377.435 Y165.907
G1 X374.976 Y166.765
G1 X372.977 Y167.463
G1 X371.874 Y167.847
G1 X369.779 Y168.578
G1 X367.507 Y169.371
G1 X366.475 Y169.732
G1 X364.259 Y170.504
G1 X360.712 Y171.743
G1 X359.850 Y172.043
G1 X359.422 Y172.193
G1 X358.373 Y172.559
G1 X355.486 Y173.566
; Retract
G0 Z5.000

; Path 128
; Rapid to initial position
G0 X356.829 Y183.210
G0 Z0.000
; plunge
G1 Z-0.200 F4000
; cut
G1 X356.799 Y183.362 F4000
G1 X356.779 Y183.464
G1 X356.749 Y183.616
G1 X356.663 Y184.048
G1 X356.638 Y184.175
G1 X356.618 Y184.277
G1 X356.587 Y184.429
G1 X356.562 Y184.556
G1 X356.542 Y184.658
G1 X356.522 Y184.759
G1 X354.408 Y184.658
G1 X354.768 Y184.445
G1 X354.901 Y184.366
G1 X355.015 Y184.298
G1 X355.109 Y184.242
G1 X355.261 Y184.152
G1 X355.375 Y184.084
G1 X355.488 Y184.017
G1 X355.602 Y183.949
G1 X355.697 Y183.892
G1 X355.810 Y183.824
G1 X355.923 Y183.756
G1 X356.037 Y183.688
G1 X356.150 Y183.620
G1 X356.264 Y183.552
G1 X356.377 Y183.484
G1 X356.490 Y183.416
G1 X356.603 Y183.347
G1 X356.716 Y183.278
G1 X356.810 Y183.221
G1 X356.829 Y183.210
; Retract
G0 Z5.000

; Path 129
; Rapid to initial position
G0 X363.886 Y184.593
G0 Z0.000
; plunge
G1 Z-0.200 F4000
; cut
G1 X363.922 Y184.413 F4000
G1 X363.957 Y184.234
G1 X363.988 Y184.077
G1 X364.019 Y183.920
G1 X364.051 Y183.763
G1 X364.082 Y183.606
G1 X364.108 Y183.471
G1 X364.135 Y183.337
G1 X364.161 Y183.202
G1 X364.188 Y183.068
G1 X364.214 Y182.933
G1 X364.241 Y182.799
G1 X364.267 Y182.664
G1 X364.289 Y182.552
G1 X364.311 Y182.440
G1 X364.333 Y182.327
G1 X364.355 Y182.215
G1 X364.377 Y182.103
G1 X364.399 Y181.991
G1 X364.421 Y181.879
G1 X364.443 Y181.767
G1 X364.465 Y181.654
G1 X364.487 Y181.542
G1 X364.509 Y181.430
G1 X364.530 Y181.318
G1 X364.565 Y181.138
G1 X364.600 Y180.959
G1 X364.635 Y180.779
G1 X364.669 Y180.600
G1 X364.704 Y180.420
G1 X364.738 Y180.240
G1 X364.773 Y180.061
G1 X364.807 Y179.881
G1 X364.841 Y179.702
G1 X365.089 Y179.662
G1 X365.237 Y179.638
G1 X368.769 Y179.068
G1 X369.019 Y179.029
G1 X372.782 Y178.422
G1 X374.028 Y178.221
G1 X375.245 Y181.337
G1 X375.535 Y182.077
G1 X376.559 Y184.696
G1 X377.299 Y186.592
G1 X363.716 Y185.445
G1 X363.761 Y185.220
G1 X363.805 Y184.996
G1 X363.846 Y184.794
G1 X363.886 Y184.593
; Retract
G0 Z5.000

; Path 130
; Rapid to initial position
G0 X360.667 Y196.405
G0 Z0.000
; plunge
G1 Z-0.200 F4000
; cut
G1 X358.589 Y198.033 F4000
G1 X355.696 Y200.299
G1 X354.523 Y199.229
G1 X352.191 Y197.099
G1 X352.148 Y196.973
G1 X352.053 Y196.695
G1 X360.667 Y196.405
; Retract
G0 Z5.000

; Path 131
; Rapid to initial position
G0 X364.065 Y205.419
G0 Z0.000
; plunge
G1 Z-0.200 F4000
; cut
G1 X366.762 Y205.650 F4000
; Retract
G0 Z5.000

; Path 132
; Rapid to initial position
G0 X358.393 Y208.896
G0 Z0.000
; plunge
G1 Z-0.200 F4000
; cut
G1 X360.138 Y211.820 F4000
G1 X361.883 Y214.745
G1 X363.627 Y217.671
G1 X365.371 Y220.595
G1 X367.117 Y223.521
G1 X368.861 Y226.445
G1 X370.606 Y229.370
G1 X372.351 Y232.294
G1 X373.956 Y234.985
G1 X369.008 Y235.277
G1 X367.706 Y232.188
G1 X366.403 Y229.098
G1 X365.100 Y226.009
G1 X364.729 Y225.131
G1 X363.426 Y222.042
G1 X362.123 Y218.952
G1 X360.820 Y215.863
G1 X359.517 Y212.773
G1 X356.911 Y206.594
G1 X356.648 Y205.971
G1 X358.393 Y208.896
G1 X358.393 Y208.896
; Retract
G0 Z5.000

; Path 133
; Rapid to initial position
G0 X348.452 Y217.015
G0 Z0.000
; plunge
G1 Z-0.200 F4000
; cut
G1 X341.063 Y216.623 F4000
G1 X339.322 Y212.769
G1 X339.177 Y212.446
G1 X337.435 Y208.591
G1 X336.792 Y207.167
G1 X335.051 Y203.313
G1 X333.310 Y199.459
G1 X332.373 Y197.384
G1 X332.464 Y197.245
G1 X332.554 Y197.107
G1 X332.784 Y196.755
G1 X332.874 Y196.618
G1 X332.939 Y196.519
G1 X333.017 Y196.400
G1 X333.096 Y196.279
G1 X333.176 Y196.157
G1 X334.352 Y197.692
G1 X336.770 Y201.004
G1 X339.186 Y204.316
G1 X341.603 Y207.628
G1 X341.974 Y208.137
G1 X344.391 Y211.449
G1 X345.006 Y212.292
G1 X347.151 Y215.233
G1 X348.452 Y217.015
; Retract
G0 Z5.000

; Path 134
; Rapid to initial position
G0 X355.022 Y231.122
G0 Z0.000
; plunge
G1 Z-0.200 F4000
; cut
G1 X353.975 Y233.753 F4000
; Retract
G0 Z5.000

; Path 135
; Rapid to initial position
G0 X364.895 Y255.887
G0 Z0.000
; plunge
G1 Z-0.200 F4000
; cut
G1 X365.114 Y255.865 F4000
G1 X365.260 Y255.851
G1 X365.545 Y255.824
G1 X366.145 Y255.766
G1 X366.356 Y255.746
G1 X366.519 Y255.730
G1 X366.658 Y255.716
G1 X366.772 Y255.705
G1 X366.952 Y255.688
G1 X367.105 Y255.673
G1 X367.232 Y255.660
G1 X367.356 Y255.648
G1 X367.494 Y255.634
G1 X367.607 Y255.623
G1 X371.124 Y271.276
G1 X368.369 Y268.352
G1 X365.614 Y265.428
G1 X362.860 Y262.504
G1 X362.396 Y262.013
G1 X364.002 Y258.077
G1 X364.895 Y255.887
; Retract
G0 Z5.000

; Path 136
; Rapid to initial position
G0 X355.753 Y264.710
G0 Z0.000
; plunge
G1 Z-0.200 F4000
; cut
G1 X357.516 Y266.617 F4000
; Retract
G0 Z5.000

; Path 137
; Rapid to initial position
G0 X341.007 Y257.906
G0 Z0.000
; plunge
G1 Z-0.200 F4000
; cut
G1 X337.801 Y260.102 F4000
G1 X334.594 Y262.296
G1 X341.007 Y257.906
; Retract
G0 Z5.000

; Path 138
; Rapid to initial position
G0 X273.265 Y221.091
G0 Z0.000
; plunge
G1 Z-0.200 F4000
; cut
G1 X273.185 Y221.026 F4000
G1 X273.106 Y220.961
G1 X273.026 Y220.896
G1 X272.947 Y220.831
G1 X272.829 Y220.734
G1 X272.526 Y220.486
G1 X272.420 Y220.400
G1 X273.439 Y219.748
G1 X273.417 Y219.914
G1 X273.402 Y220.030
G1 X273.384 Y220.172
G1 X273.354 Y220.405
G1 X273.265 Y221.091
; Retract
G0 Z5.000

; Path 139
; Rapid to initial position
G0 X257.065 Y208.146
G0 Z0.000
; plunge
G1 Z-0.200 F4000
; cut
G1 X257.065 Y208.146 F4000
; Retract
G0 Z5.000

; Path 140
; Rapid to initial position
G0 X237.457 Y212.198
G0 Z0.000
; plunge
G1 Z-0.200 F4000
; cut
G1 X233.947 Y212.555 F4000
G1 X236.873 Y212.257
G1 X237.457 Y212.198
; Retract
G0 Z5.000

; Path 141
; Rapid to initial position
G0 X232.335 Y211.824
G0 Z0.000
; plunge
G1 Z-0.200 F4000
; cut
G1 X232.335 Y211.824 F4000
; Retract
G0 Z5.000

; Path 142
; Rapid to initial position
G0 X232.335 Y211.824
G0 Z0.000
; plunge
G1 Z-0.200 F4000
; cut
G1 X231.021 Y211.865 F4000
G1 X229.270 Y211.919
G1 X231.326 Y214.367
G1 X231.641 Y214.742
G1 X233.738 Y217.239
G1 X235.836 Y219.737
G1 X236.972 Y221.089
G1 X236.171 Y221.174
G1 X235.290 Y221.266
G1 X234.303 Y221.370
G1 X233.157 Y221.490
G1 X231.633 Y221.649
G1 X228.540 Y221.972
G1 X225.164 Y212.045
G1 X226.198 Y212.014
G1 X229.065 Y211.925
G1 X229.270 Y211.919
G1 X227.754 Y210.115
G1 X227.235 Y209.498
G1 X228.284 Y209.399
G1 X228.373 Y209.455
G1 X228.462 Y209.511
G1 X228.552 Y209.567
G1 X228.641 Y209.623
G1 X228.730 Y209.679
G1 X228.819 Y209.736
G1 X228.907 Y209.792
G1 X228.996 Y209.849
G1 X229.084 Y209.906
G1 X229.172 Y209.963
G1 X229.260 Y210.021
G1 X229.348 Y210.078
G1 X229.435 Y210.136
G1 X229.523 Y210.194
G1 X229.610 Y210.253
G1 X229.696 Y210.311
G1 X229.783 Y210.370
G1 X229.869 Y210.429
G1 X229.955 Y210.488
G1 X230.041 Y210.548
G1 X230.126 Y210.608
G1 X230.211 Y210.669
G1 X230.296 Y210.729
G1 X230.380 Y210.790
G1 X230.464 Y210.852
G1 X230.557 Y210.911
G1 X230.656 Y210.964
G1 X230.754 Y211.016
G1 X230.853 Y211.068
G1 X230.952 Y211.120
G1 X231.052 Y211.172
G1 X231.151 Y211.224
G1 X231.250 Y211.275
G1 X231.364 Y211.334
G1 X231.478 Y211.392
G1 X231.592 Y211.450
G1 X231.706 Y211.508
G1 X231.820 Y211.566
G1 X231.934 Y211.624
G1 X232.049 Y211.681
G1 X232.163 Y211.739
G1 X232.278 Y211.796
G1 X232.335 Y211.824
; Retract
G0 Z5.000

; Path 143
; Rapid to initial position
G0 X228.414 Y211.742
G0 Z0.000
; plunge
G1 Z-0.200 F4000
; cut
G1 X228.414 Y211.742 F4000
; Retract
G0 Z5.000

; Path 144
; Rapid to initial position
G0 X228.414 Y211.742
G0 Z0.000
; plunge
G1 Z-0.200 F4000
; cut
G1 X228.170 Y211.764 F4000
G1 X228.414 Y211.741
G1 X228.414 Y211.742
; Retract
G0 Z5.000

; Path 145
; Rapid to initial position
G0 X227.235 Y209.498
G0 Z0.000
; plunge
G1 Z-0.200 F4000
; cut
G1 X225.001 Y209.709 F4000
G1 X224.389 Y209.767
G1 X225.164 Y212.045
G1 X222.489 Y212.128
G1 X218.780 Y212.243
G1 X217.400 Y212.285
G1 X213.691 Y212.399
G1 X213.567 Y212.403
G1 X213.516 Y212.256
G1 X213.465 Y212.110
G1 X213.414 Y211.963
G1 X213.363 Y211.817
G1 X213.304 Y211.646
G1 X213.270 Y211.549
G1 X213.236 Y211.451
G1 X213.203 Y211.353
G1 X213.169 Y211.256
G1 X213.126 Y211.134
G1 X213.084 Y211.011
G1 X213.034 Y210.865
G1 X214.397 Y210.711
G1 X214.536 Y210.698
G1 X218.234 Y210.349
G1 X221.302 Y210.058
G1 X224.389 Y209.767
G1 X224.108 Y208.941
G1 X216.501 Y208.862
G1 X216.886 Y208.740
G1 X218.109 Y208.352
G1 X221.517 Y207.271
G1 X221.863 Y207.160
G1 X223.343 Y206.691
G1 X222.299 Y203.621
G1 X223.712 Y205.304
G1 X225.810 Y207.801
G1 X227.235 Y209.498
; Retract
G0 Z5.000

; Path 146
; Rapid to initial position
G0 X225.258 Y208.953
G0 Z0.000
; plunge
G1 Z-0.200 F4000
; cut
G1 X224.576 Y207.900 F4000
G1 X224.273 Y207.434
G1 X224.051 Y207.090
G1 X223.870 Y206.810
G1 X223.716 Y206.572
G1 X223.343 Y206.691
G1 X224.108 Y208.941
G1 X225.258 Y208.953
; Retract
G0 Z5.000

; Path 147
; Rapid to initial position
G0 X217.971 Y214.177
G0 Z0.000
; plunge
G1 Z-0.200 F4000
; cut
G1 X210.959 Y214.888 F4000
G1 X214.655 Y214.513
G1 X217.971 Y214.177
; Retract
G0 Z5.000

; Path 148
; Rapid to initial position
G0 X242.797 Y232.300
G0 Z0.000
; plunge
G1 Z-0.200 F4000
; cut
G1 X242.802 Y233.964 F4000
; Retract
G0 Z5.000

; Path 149
; Rapid to initial position
G0 X243.644 Y189.633
G0 Z0.000
; plunge
G1 Z-0.200 F4000
; cut
G1 X243.496 Y187.623 F4000
G1 X242.311 Y187.021
G1 X241.654 Y186.688
G1 X241.587 Y186.488
G1 X241.525 Y186.303
G1 X241.468 Y186.134
G1 X241.416 Y185.979
G1 X241.369 Y185.838
G1 X241.322 Y185.698
G1 X241.280 Y185.571
G1 X241.238 Y185.445
G1 X241.196 Y185.319
G1 X241.158 Y185.206
G1 X241.121 Y185.093
G1 X241.083 Y184.980
G1 X241.050 Y184.881
G1 X243.164 Y185.600
G1 X243.353 Y185.664
G1 X243.496 Y187.623
G1 X243.644 Y189.633
; Retract
G0 Z5.000

; Path 150
; Rapid to initial position
G0 X243.284 Y184.729
G0 Z0.000
; plunge
G1 Z-0.200 F4000
; cut
G1 X243.190 Y183.449 F4000
G1 X240.847 Y182.440
G1 X239.302 Y181.774
G1 X239.480 Y180.702
G1 X239.676 Y179.514
G1 X239.808 Y178.718
G1 X242.276 Y179.934
G1 X242.956 Y180.268
G1 X243.113 Y182.402
G1 X243.190 Y183.449
G1 X243.284 Y184.729
; Retract
G0 Z5.000

; Path 151
; Rapid to initial position
G0 X249.655 Y168.460
G0 Z0.000
; plunge
G1 Z-0.200 F4000
; cut
G1 X246.116 Y167.149 F4000
G1 X242.577 Y165.838
G1 X239.038 Y164.527
G1 X239.962 Y164.668
G1 X243.642 Y165.232
G1 X247.321 Y165.796
G1 X250.977 Y166.355
G1 X250.944 Y166.469
G1 X250.909 Y166.582
G1 X250.874 Y166.694
G1 X250.839 Y166.806
G1 X250.803 Y166.917
G1 X250.766 Y167.028
G1 X250.729 Y167.138
G1 X250.691 Y167.247
G1 X250.653 Y167.355
G1 X250.613 Y167.463
G1 X250.574 Y167.571
G1 X250.534 Y167.677
G1 X250.493 Y167.783
G1 X250.451 Y167.888
G1 X250.410 Y167.993
G1 X250.367 Y168.096
G1 X250.324 Y168.199
G1 X250.280 Y168.301
G1 X250.236 Y168.403
G1 X250.191 Y168.504
G1 X250.146 Y168.604
G1 X249.655 Y168.460
; Retract
G0 Z5.000

; Path 152
; Rapid to initial position
G0 X249.422 Y164.051
G0 Z0.000
; plunge
G1 Z-0.200 F4000
; cut
G1 X246.983 Y163.942 F4000
G1 X243.159 Y163.771
G1 X249.422 Y164.051
G1 X249.422 Y164.051
; Retract
G0 Z5.000

; Path 153
; Rapid to initial position
G0 X243.159 Y163.771
G0 Z0.000
; plunge
G1 Z-0.200 F4000
; cut
G1 X241.066 Y163.678 F4000
G1 X243.159 Y163.771
G1 X243.159 Y163.771
; Retract
G0 Z5.000

; Path 154
; Rapid to initial position
G0 X242.528 Y150.457
G0 Z0.000
; plunge
G1 Z-0.200 F4000
; cut
G1 X245.069 Y132.143 F4000
G1 X245.643 Y128.003
G1 X246.241 Y123.695
G1 X246.838 Y119.387
G1 X247.405 Y115.307
G1 X247.544 Y114.300
G1 X248.142 Y109.992
G1 X248.185 Y109.683
G1 X248.783 Y105.375
G1 X248.929 Y104.323
G1 X249.027 Y104.395
G1 X249.125 Y104.466
G1 X249.223 Y104.537
G1 X249.321 Y104.608
G1 X249.419 Y104.680
G1 X249.517 Y104.751
G1 X249.615 Y104.822
G1 X249.713 Y104.893
G1 X249.812 Y104.964
G1 X249.910 Y105.035
G1 X250.008 Y105.105
G1 X250.106 Y105.176
G1 X250.205 Y105.247
G1 X250.303 Y105.318
G1 X250.402 Y105.388
G1 X250.500 Y105.459
G1 X250.599 Y105.529
G1 X250.697 Y105.600
G1 X250.796 Y105.670
G1 X250.895 Y105.741
G1 X250.993 Y105.811
G1 X251.092 Y105.881
G1 X251.191 Y105.951
G1 X251.290 Y106.021
G1 X251.388 Y106.091
G1 X251.487 Y106.161
G1 X251.586 Y106.231
G1 X251.685 Y106.301
G1 X251.784 Y106.371
G1 X251.883 Y106.441
G1 X251.982 Y106.511
G1 X252.081 Y106.580
G1 X252.181 Y106.650
G1 X252.280 Y106.719
G1 X252.379 Y106.789
G1 X252.478 Y106.858
G1 X252.577 Y106.928
G1 X252.677 Y106.997
G1 X252.776 Y107.066
G1 X252.876 Y107.136
G1 X252.975 Y107.205
G1 X253.074 Y107.274
G1 X253.704 Y110.585
G1 X254.442 Y114.863
G1 X253.584 Y117.427
G1 X252.224 Y121.488
G1 X251.469 Y123.746
G1 X250.109 Y127.806
G1 X248.750 Y131.868
G1 X248.291 Y133.239
G1 X247.512 Y135.567
G1 X246.152 Y139.628
G1 X245.710 Y140.951
G1 X245.085 Y142.817
G1 X243.887 Y146.396
G1 X242.528 Y150.457
; Retract
G0 Z5.000

; Path 155
; Rapid to initial position
G0 X257.972 Y167.428
G0 Z0.000
; plunge
G1 Z-0.200 F4000
; cut
G1 X258.358 Y167.487 F4000
G1 X261.096 Y167.906
G1 X264.775 Y168.469
G1 X265.488 Y168.578
G1 X276.525 Y170.268
G1 X277.574 Y170.429
G1 X281.980 Y180.436
G1 X279.692 Y179.588
G1 X276.151 Y178.277
G1 X274.193 Y177.551
G1 X273.695 Y177.366
G1 X271.560 Y176.576
G1 X268.648 Y175.497
G1 X265.109 Y174.186
G1 X263.810 Y173.704
G1 X260.271 Y172.393
G1 X256.733 Y171.082
G1 X256.717 Y170.981
G1 X256.759 Y170.881
G1 X256.801 Y170.782
G1 X256.843 Y170.682
G1 X256.884 Y170.583
G1 X256.926 Y170.484
G1 X256.966 Y170.385
G1 X257.007 Y170.287
G1 X257.047 Y170.189
G1 X257.086 Y170.091
G1 X257.126 Y169.990
G1 X257.165 Y169.892
G1 X257.203 Y169.793
G1 X257.241 Y169.694
G1 X257.278 Y169.595
G1 X257.315 Y169.495
G1 X257.352 Y169.396
G1 X257.388 Y169.296
G1 X257.423 Y169.196
G1 X257.458 Y169.096
G1 X257.493 Y168.995
G1 X257.527 Y168.895
G1 X257.561 Y168.794
G1 X257.594 Y168.693
G1 X257.627 Y168.592
G1 X257.659 Y168.491
G1 X257.691 Y168.389
G1 X257.723 Y168.288
G1 X257.754 Y168.186
G1 X257.785 Y168.084
G1 X257.815 Y167.982
G1 X257.845 Y167.879
G1 X257.875 Y167.777
G1 X257.904 Y167.674
G1 X257.932 Y167.572
G1 X257.961 Y167.469
G1 X257.972 Y167.428
; Retract
G0 Z5.000

; Path 156
; Rapid to initial position
G0 X264.705 Y173.579
G0 Z0.000
; plunge
G1 Z-0.200 F4000
; cut
G1 X268.415 Y173.607 F4000
G1 X264.705 Y173.579
; Retract
G0 Z5.000

; Path 157
; Rapid to initial position
G0 X268.474 Y173.607
G0 Z0.000
; plunge
G1 Z-0.200 F4000
; cut
G1 X278.302 Y173.680 F4000
G1 X275.155 Y173.656
G1 X271.445 Y173.628
G1 X268.551 Y173.607
G1 X268.474 Y173.607
; Retract
G0 Z5.000

; Path 158
; Rapid to initial position
G0 X278.560 Y182.755
G0 Z0.000
; plunge
G1 Z-0.200 F4000
; cut
G1 X280.485 Y181.088 F4000
G1 X282.170 Y182.612
G1 X282.100 Y182.826
G1 X282.046 Y182.991
G1 X282.003 Y183.123
G1 X281.965 Y183.238
G1 X281.933 Y183.337
G1 X281.901 Y183.436
G1 X281.847 Y183.600
G1 X281.798 Y183.749
G1 X281.755 Y183.880
G1 X281.711 Y184.012
G1 X281.668 Y184.143
G1 X281.630 Y184.259
G1 X281.597 Y184.357
G1 X281.564 Y184.456
G1 X281.532 Y184.555
G1 X281.499 Y184.653
G1 X281.467 Y184.748
G1 X281.433 Y184.851
G1 X281.381 Y185.012
G1 X281.347 Y185.115
G1 X281.250 Y185.201
G1 X281.103 Y185.226
G1 X280.956 Y185.251
G1 X280.785 Y185.281
G1 X280.589 Y185.314
G1 X280.393 Y185.348
G1 X280.197 Y185.382
G1 X280.002 Y185.416
G1 X279.806 Y185.450
G1 X279.610 Y185.484
G1 X279.415 Y185.518
G1 X279.292 Y185.540
G1 X279.170 Y185.561
G1 X279.048 Y185.583
G1 X278.926 Y185.604
G1 X278.803 Y185.626
G1 X278.681 Y185.647
G1 X278.559 Y185.669
G1 X278.412 Y185.694
G1 X278.265 Y185.720
G1 X278.263 Y185.161
G1 X278.411 Y183.957
G1 X278.560 Y182.755
; Retract
G0 Z5.000

; Path 159
; Rapid to initial position
G0 X278.769 Y192.923
G0 Z0.000
; plunge
G1 Z-0.200 F4000
; cut
G1 X278.734 Y193.027 F4000
G1 X278.698 Y193.132
G1 X278.662 Y193.237
G1 X278.627 Y193.342
G1 X278.591 Y193.446
G1 X277.291 Y193.193
G1 X277.430 Y193.168
G1 X277.568 Y193.143
G1 X277.684 Y193.121
G1 X278.007 Y193.062
G1 X278.146 Y193.036
G1 X278.284 Y193.011
G1 X278.400 Y192.989
G1 X278.515 Y192.968
G1 X278.631 Y192.947
G1 X278.746 Y192.927
G1 X278.769 Y192.923
; Retract
G0 Z5.000

; Path 160
; Rapid to initial position
G0 X300.047 Y151.420
G0 Z0.000
; plunge
G1 Z-0.200 F4000
; cut
G1 X299.923 Y151.310 F4000
G1 X299.799 Y151.200
G1 X299.700 Y151.112
G1 X299.601 Y151.024
G1 X299.502 Y150.936
G1 X299.403 Y150.848
G1 X299.305 Y150.760
G1 X299.218 Y150.683
G1 X299.107 Y150.584
G1 X298.997 Y150.484
G1 X298.886 Y150.385
G1 X298.775 Y150.285
G1 X298.665 Y150.186
G1 X298.554 Y150.086
G1 X298.468 Y150.008
G1 X298.380 Y149.928
G1 X298.292 Y149.846
G1 X298.205 Y149.765
G1 X298.119 Y149.682
G1 X297.980 Y149.550
G1 X297.299 Y136.184
G1 X297.379 Y136.258
G1 X297.473 Y136.346
G1 X297.840 Y136.688
G1 X297.962 Y136.801
G1 X298.042 Y136.876
G1 X298.121 Y136.950
G1 X298.193 Y137.234
G1 X298.310 Y138.127
G1 X298.452 Y139.215
G1 X298.879 Y142.479
G1 X299.305 Y145.744
G1 X299.630 Y148.229
G1 X300.047 Y151.420
; Retract
G0 Z5.000

; Path 161
; Rapid to initial position
G0 X277.976 Y117.001
G0 Z0.000
; plunge
G1 Z-0.200 F4000
; cut
G1 X277.263 Y116.552 F4000
G1 X275.060 Y115.168
G1 X273.860 Y114.413
G1 X270.771 Y112.471
G1 X270.619 Y112.376
G1 X267.530 Y110.434
G1 X264.440 Y108.491
G1 X263.950 Y108.183
G1 X266.530 Y106.708
G1 X266.687 Y106.847
G1 X266.844 Y106.985
G1 X267.002 Y107.124
G1 X267.159 Y107.263
G1 X267.317 Y107.402
G1 X267.474 Y107.541
G1 X267.632 Y107.680
G1 X267.790 Y107.819
G1 X267.947 Y107.959
G1 X268.105 Y108.098
G1 X268.262 Y108.238
G1 X268.420 Y108.377
G1 X268.589 Y108.527
G1 X268.758 Y108.676
G1 X268.926 Y108.826
G1 X269.095 Y108.976
G1 X269.264 Y109.126
G1 X269.433 Y109.276
G1 X269.602 Y109.426
G1 X269.770 Y109.576
G1 X269.939 Y109.726
G1 X270.108 Y109.877
G1 X270.277 Y110.027
G1 X270.445 Y110.177
G1 X270.625 Y110.338
G1 X270.805 Y110.498
G1 X270.985 Y110.659
G1 X271.165 Y110.819
G1 X271.344 Y110.980
G1 X271.524 Y111.141
G1 X271.704 Y111.302
G1 X271.883 Y111.462
G1 X272.063 Y111.623
G1 X272.242 Y111.784
G1 X272.422 Y111.945
G1 X272.612 Y112.116
G1 X272.802 Y112.287
G1 X272.993 Y112.458
G1 X273.183 Y112.629
G1 X273.373 Y112.800
G1 X273.563 Y112.971
G1 X273.753 Y113.142
G1 X273.943 Y113.313
G1 X274.133 Y113.484
G1 X274.322 Y113.655
G1 X274.523 Y113.836
G1 X274.724 Y114.018
G1 X274.924 Y114.199
G1 X275.124 Y114.380
G1 X275.324 Y114.561
G1 X275.524 Y114.741
G1 X275.724 Y114.922
G1 X275.924 Y115.103
G1 X276.123 Y115.284
G1 X276.334 Y115.475
G1 X276.544 Y115.665
G1 X276.754 Y115.856
G1 X276.963 Y116.047
G1 X277.173 Y116.237
G1 X277.382 Y116.427
G1 X277.591 Y116.618
G1 X277.800 Y116.808
G1 X277.976 Y116.968
G1 X277.976 Y117.001
; Retract
G0 Z5.000

; Path 162
; Rapid to initial position
G0 X278.031 Y107.324
G0 Z0.000
; plunge
G1 Z-0.200 F4000
; cut
G1 X277.954 Y107.255 F4000
G1 X277.878 Y107.186
G1 X277.801 Y107.117
G1 X277.725 Y107.048
G1 X277.648 Y106.979
G1 X277.571 Y106.910
G1 X277.495 Y106.842
G1 X277.418 Y106.773
G1 X277.342 Y106.704
G1 X277.265 Y106.635
G1 X277.188 Y106.567
G1 X277.092 Y106.481
G1 X276.997 Y106.395
G1 X276.901 Y106.309
G1 X276.805 Y106.223
G1 X276.709 Y106.138
G1 X276.613 Y106.052
G1 X276.517 Y105.966
G1 X276.422 Y105.881
G1 X276.326 Y105.795
G1 X276.230 Y105.709
G1 X276.134 Y105.624
G1 X276.038 Y105.538
G1 X275.942 Y105.452
G1 X275.846 Y105.367
G1 X275.750 Y105.281
G1 X275.635 Y105.179
G1 X275.520 Y105.076
G1 X275.405 Y104.973
G1 X275.290 Y104.871
G1 X275.174 Y104.768
G1 X275.059 Y104.666
G1 X274.944 Y104.563
G1 X274.829 Y104.461
G1 X274.694 Y104.341
G1 X274.560 Y104.222
G1 X274.425 Y104.102
G1 X274.291 Y103.983
G1 X274.156 Y103.863
G1 X274.002 Y103.727
G1 X273.848 Y103.590
G1 X273.694 Y103.454
G1 X273.521 Y103.300
G1 X273.348 Y103.146
G1 X273.155 Y102.976
G1 X277.007 Y100.717
G1 X277.139 Y100.718
G1 X277.305 Y100.718
G1 X277.657 Y100.720
G1 X277.773 Y100.720
G1 X277.905 Y100.721
G1 X278.035 Y100.721
G1 X278.059 Y102.256
G1 X278.043 Y105.245
G1 X278.031 Y107.324
; Retract
G0 Z5.000

; Path 163
; Rapid to initial position
G0 X260.916 Y102.041
G0 Z0.000
; plunge
G1 Z-0.200 F4000
; cut
G1 X260.772 Y102.056 F4000
G1 X260.916 Y102.041
G1 X260.916 Y102.041
; Retract
G0 Z5.000

; Path 164
; Rapid to initial position
G0 X253.645 Y101.097
G0 Z0.000
; plunge
G1 Z-0.200 F4000
; cut
G1 X253.609 Y101.374 F4000
G1 X253.581 Y101.581
G1 X253.557 Y101.765
G1 X253.535 Y101.927
G1 X253.517 Y102.065
G1 X253.498 Y102.203
G1 X253.483 Y102.318
G1 X253.467 Y102.434
G1 X253.452 Y102.549
G1 X253.427 Y102.733
G1 X250.582 Y103.090
G1 X249.879 Y103.162
G1 X249.207 Y103.230
G1 X245.670 Y97.346
G1 X247.929 Y98.042
G1 X250.190 Y98.739
G1 X251.013 Y98.991
G1 X253.810 Y99.853
G1 X253.645 Y101.097
; Retract
G0 Z5.000

; Path 165
; Rapid to initial position
G0 X251.394 Y97.197
G0 Z0.000
; plunge
G1 Z-0.200 F4000
; cut
G1 X251.310 Y97.135 F4000
G1 X251.185 Y97.041
G1 X251.059 Y96.947
G1 X250.975 Y96.884
G1 X250.891 Y96.822
G1 X250.808 Y96.759
G1 X250.724 Y96.696
G1 X250.641 Y96.634
G1 X250.557 Y96.571
G1 X250.473 Y96.508
G1 X250.390 Y96.445
G1 X250.306 Y96.382
G1 X250.223 Y96.319
G1 X250.140 Y96.256
G1 X250.056 Y96.193
G1 X250.575 Y92.452
G1 X250.981 Y94.801
G1 X251.394 Y97.197
; Retract
G0 Z5.000

; Path 166
; Rapid to initial position
G0 X239.926 Y114.789
G0 Z0.000
; plunge
G1 Z-0.200 F4000
; cut
G1 X239.280 Y114.424 F4000
G1 X243.127 Y116.593
G1 X239.926 Y114.789
; Retract
G0 Z5.000

; Path 167
; Rapid to initial position
G0 X261.931 Y67.515
G0 Z0.000
; plunge
G1 Z-0.200 F4000
; cut
G1 X261.570 Y65.451 F4000
G1 X261.002 Y62.202
G1 X261.603 Y64.147
G1 X262.585 Y67.323
G1 X261.931 Y67.515
; Retract
G0 Z5.000

; Path 168
; Rapid to initial position
G0 X259.132 Y40.961
G0 Z0.000
; plunge
G1 Z-0.200 F4000
; cut
G1 X258.932 Y40.973 F4000
G1 X258.818 Y40.979
G1 X258.661 Y40.988
G1 X258.533 Y40.995
G1 X258.419 Y41.002
G1 X258.277 Y41.009
G1 X258.149 Y41.016
G1 X258.021 Y41.023
G1 X257.921 Y41.028
G1 X257.807 Y41.034
G1 X257.694 Y41.040
G1 X257.580 Y41.045
G1 X257.467 Y41.050
G1 X257.353 Y41.055
G1 X243.066 Y25.674
G1 X244.798 Y24.643
G1 X248.109 Y22.673
G1 X248.889 Y23.969
G1 X251.036 Y27.529
G1 X251.475 Y28.258
G1 X253.621 Y31.818
G1 X253.801 Y32.117
G1 X253.915 Y32.307
G1 X255.525 Y34.976
G1 X257.671 Y38.536
G1 X258.402 Y39.749
G1 X259.132 Y40.961
; Retract
G0 Z5.000

; Path 169
; Rapid to initial position
G0 X219.884 Y23.325
G0 Z0.000
; plunge
G1 Z-0.200 F4000
; cut
G1 X219.016 Y25.365 F4000
G1 X218.516 Y26.538
G1 X218.086 Y27.548
G1 X217.854 Y28.093
G1 X216.524 Y31.221
G1 X215.017 Y34.761
G1 X214.483 Y36.017
G1 X212.822 Y39.920
G1 X211.161 Y43.823
G1 X210.895 Y44.448
G1 X210.840 Y44.296
G1 X210.797 Y44.174
G1 X210.754 Y44.053
G1 X210.711 Y43.931
G1 X210.669 Y43.810
G1 X210.626 Y43.689
G1 X210.584 Y43.568
G1 X210.536 Y43.432
G1 X210.483 Y43.281
G1 X210.431 Y43.131
G1 X210.373 Y42.965
G1 X210.310 Y42.785
G1 X210.274 Y42.680
G1 X210.237 Y42.575
G1 X210.196 Y42.455
G1 X210.154 Y42.335
G1 X210.107 Y42.200
G1 X210.050 Y42.036
G1 X209.983 Y41.841
G1 X209.869 Y41.512
G1 X209.606 Y40.749
G1 X209.554 Y40.599
G1 X220.071 Y20.659
G1 X220.169 Y20.697
G1 X220.268 Y20.734
G1 X220.370 Y20.770
G1 X220.472 Y20.805
G1 X220.577 Y20.839
G1 X220.683 Y20.872
G1 X220.791 Y20.904
G1 X220.888 Y20.930
G1 X219.884 Y23.325
; Retract
G0 Z5.000

; Path 170
; Rapid to initial position
G0 X316.958 Y74.304
G0 Z0.000
; plunge
G1 Z-0.200 F4000
; cut
G1 X320.576 Y75.272 F4000
G1 X322.955 Y75.910
G1 X316.958 Y74.304
; Retract
G0 Z5.000

; Path 171
; Rapid to initial position
G0 X323.333 Y76.012
G0 Z0.000
; plunge
G1 Z-0.200 F4000
; cut
G1 X326.710 Y76.916 F4000
G1 X327.751 Y77.195
G1 X323.333 Y76.012
; Retract
G0 Z5.000

; Path 172
; Rapid to initial position
G0 X334.060 Y75.226
G0 Z0.000
; plunge
G1 Z-0.200 F4000
; cut
G1 X333.828 Y73.575 F4000
G1 X337.510 Y73.040
G1 X341.193 Y72.505
G1 X342.429 Y72.326
G1 X344.602 Y72.010
G1 X345.004 Y71.952
G1 X345.097 Y72.000
G1 X345.191 Y72.048
G1 X345.284 Y72.096
G1 X345.377 Y72.144
G1 X345.470 Y72.193
G1 X345.563 Y72.241
G1 X345.656 Y72.290
G1 X345.748 Y72.339
G1 X345.841 Y72.388
G1 X345.933 Y72.437
G1 X346.026 Y72.487
G1 X346.118 Y72.536
G1 X346.210 Y72.586
G1 X346.302 Y72.636
G1 X346.394 Y72.686
G1 X346.486 Y72.736
G1 X346.578 Y72.787
G1 X346.669 Y72.837
G1 X346.761 Y72.888
G1 X346.852 Y72.939
G1 X346.943 Y72.990
G1 X347.034 Y73.042
G1 X347.125 Y73.094
G1 X347.216 Y73.146
G1 X347.307 Y73.198
G1 X347.397 Y73.250
G1 X347.488 Y73.303
G1 X347.578 Y73.356
G1 X347.668 Y73.409
G1 X347.758 Y73.462
G1 X347.848 Y73.516
G1 X347.937 Y73.570
G1 X348.027 Y73.624
G1 X348.116 Y73.679
G1 X348.205 Y73.733
G1 X348.294 Y73.788
G1 X348.383 Y73.844
G1 X348.471 Y73.899
G1 X348.560 Y73.955
G1 X348.648 Y74.011
G1 X348.736 Y74.068
G1 X348.824 Y74.125
G1 X348.911 Y74.182
G1 X348.999 Y74.239
G1 X349.086 Y74.297
G1 X349.173 Y74.355
G1 X349.260 Y74.413
G1 X349.346 Y74.472
G1 X349.433 Y74.531
G1 X349.519 Y74.591
G1 X349.605 Y74.651
G1 X349.749 Y74.751
G1 X349.833 Y74.810
G1 X349.918 Y74.870
G1 X350.002 Y74.929
G1 X350.087 Y74.988
G1 X350.171 Y75.048
G1 X350.256 Y75.107
G1 X350.341 Y75.167
G1 X350.425 Y75.227
G1 X350.510 Y75.287
G1 X350.595 Y75.347
G1 X350.680 Y75.407
G1 X350.764 Y75.467
G1 X350.849 Y75.527
G1 X350.934 Y75.588
G1 X351.018 Y75.648
G1 X351.103 Y75.709
G1 X351.188 Y75.769
G1 X351.272 Y75.830
G1 X351.357 Y75.891
G1 X351.441 Y75.952
G1 X351.526 Y76.013
G1 X351.610 Y76.075
G1 X351.695 Y76.136
G1 X351.779 Y76.198
G1 X351.863 Y76.259
G1 X351.948 Y76.321
G1 X352.032 Y76.383
G1 X352.116 Y76.445
G1 X352.200 Y76.507
G1 X352.284 Y76.570
G1 X351.776 Y77.636
G1 X351.600 Y77.693
G1 X351.439 Y77.745
G1 X351.086 Y77.860
G1 X350.973 Y77.896
G1 X350.813 Y77.948
G1 X350.480 Y78.048
G1 X350.196 Y78.131
G1 X349.896 Y78.219
G1 X349.581 Y78.311
G1 X349.250 Y78.408
G1 X348.888 Y78.514
G1 X348.511 Y78.625
G1 X348.102 Y78.746
G1 X347.647 Y78.880
G1 X347.131 Y79.032
G1 X346.537 Y79.207
G1 X345.820 Y79.420
G1 X344.794 Y79.723
G1 X340.865 Y80.887
G1 X339.877 Y81.179
G1 X339.120 Y81.403
G1 X338.486 Y81.591
G1 X337.930 Y81.755
G1 X337.420 Y81.905
G1 X336.957 Y82.042
G1 X336.525 Y82.169
G1 X336.108 Y82.291
G1 X335.722 Y82.405
G1 X335.352 Y82.513
G1 X335.094 Y82.589
G1 X334.664 Y79.532
G1 X334.060 Y75.226
; Retract
G0 Z5.000

; Path 173
; Rapid to initial position
G0 X338.343 Y89.130
G0 Z0.000
; plunge
G1 Z-0.200 F4000
; cut
G1 X338.792 Y88.998 F4000
G1 X339.239 Y88.867
G1 X339.706 Y88.729
G1 X340.192 Y88.586
G1 X340.698 Y88.437
G1 X341.222 Y88.283
G1 X341.766 Y88.122
G1 X342.349 Y87.950
G1 X342.972 Y87.766
G1 X343.634 Y87.571
G1 X344.377 Y87.351
G1 X345.199 Y87.108
G1 X346.182 Y86.816
G1 X347.041 Y86.562
G1 X342.002 Y96.061
G1 X341.934 Y95.985
G1 X341.865 Y95.908
G1 X341.756 Y95.787
G1 X341.646 Y95.665
G1 X341.537 Y95.543
G1 X341.428 Y95.421
G1 X341.319 Y95.299
G1 X341.237 Y95.207
G1 X341.155 Y95.116
G1 X341.073 Y95.024
G1 X340.992 Y94.933
G1 X340.910 Y94.841
G1 X340.828 Y94.749
G1 X340.747 Y94.658
G1 X340.665 Y94.566
G1 X340.584 Y94.474
G1 X340.502 Y94.382
G1 X340.421 Y94.290
G1 X340.340 Y94.198
G1 X340.259 Y94.106
G1 X340.177 Y94.014
G1 X340.096 Y93.922
G1 X340.015 Y93.830
G1 X339.934 Y93.738
G1 X339.853 Y93.646
G1 X339.772 Y93.554
G1 X339.691 Y93.461
G1 X339.611 Y93.369
G1 X339.530 Y93.276
G1 X339.449 Y93.184
G1 X339.369 Y93.091
G1 X339.288 Y92.999
G1 X339.208 Y92.906
G1 X339.128 Y92.814
G1 X339.047 Y92.721
G1 X338.967 Y92.628
G1 X338.887 Y92.535
G1 X338.807 Y92.442
G1 X338.727 Y92.349
G1 X338.647 Y92.256
G1 X338.568 Y92.163
G1 X338.472 Y92.057
G1 X338.402 Y91.981
G1 X338.333 Y91.906
G1 X338.263 Y91.831
G1 X338.176 Y91.736
G1 X338.071 Y91.624
G1 X337.967 Y91.511
G1 X337.862 Y91.398
G1 X337.793 Y91.323
G1 X337.723 Y91.247
G1 X337.636 Y91.154
G1 X337.531 Y91.041
G1 X337.392 Y90.891
G1 X336.920 Y90.383
G1 X336.798 Y90.252
G1 X336.711 Y90.158
G1 X336.624 Y90.064
G1 X336.554 Y89.989
G1 X336.484 Y89.914
G1 X336.380 Y89.801
G1 X336.310 Y89.726
G1 X336.703 Y89.611
G1 X337.093 Y89.496
G1 X337.504 Y89.376
G1 X337.914 Y89.256
G1 X338.343 Y89.130
; Retract
G0 Z5.000

; Path 174
; Rapid to initial position
G0 X336.839 Y97.134
G0 Z0.000
; plunge
G1 Z-0.200 F4000
; cut
G1 X337.360 Y101.211 F4000
G1 X337.910 Y105.528
G1 X336.839 Y97.134
; Retract
G0 Z5.000

; Path 175
; Rapid to initial position
G0 X337.876 Y102.400
G0 Z0.000
; plunge
G1 Z-0.200 F4000
; cut
G1 X337.950 Y102.485 F4000
G1 X338.201 Y102.777
G1 X338.304 Y102.897
G1 X338.036 Y103.537
G1 X337.876 Y102.400
; Retract
G0 Z5.000

; Path 176
; Rapid to initial position
G0 X359.076 Y93.977
G0 Z0.000
; plunge
G1 Z-0.200 F4000
; cut
G1 X359.790 Y93.689 F4000
G1 X363.040 Y92.383
G1 X359.076 Y93.977
G1 X359.076 Y93.977
; Retract
G0 Z5.000

; Path 177
; Rapid to initial position
G0 X369.935 Y101.882
G0 Z0.000
; plunge
G1 Z-0.200 F4000
; cut
G1 X371.900 Y100.265 F4000
; Retract
G0 Z5.000

; Path 178
; Rapid to initial position
G0 X355.738 Y55.101
G0 Z0.000
; plunge
G1 Z-0.200 F4000
; cut
G1 X351.633 Y55.193 F4000
G1 X351.910 Y55.186
G1 X355.738 Y55.101
; Retract
G0 Z5.000

; Path 179
; Rapid to initial position
G0 X380.306 Y161.346
G0 Z0.000
; plunge
G1 Z-0.200 F4000
; cut
G1 X380.349 Y161.440 F4000
G1 X380.394 Y161.532
G1 X380.441 Y161.622
G1 X380.489 Y161.710
G1 X380.547 Y161.810
G1 X380.606 Y161.907
G1 X380.668 Y162.001
G1 X380.732 Y162.092
G1 X380.797 Y162.180
G1 X380.864 Y162.265
G1 X380.933 Y162.347
G1 X381.003 Y162.426
G1 X381.075 Y162.502
G1 X381.149 Y162.575
G1 X381.224 Y162.645
G1 X381.300 Y162.712
G1 X381.378 Y162.775
G1 X381.469 Y162.845
G1 X381.561 Y162.910
G1 X381.654 Y162.971
G1 X381.750 Y163.029
G1 X381.846 Y163.082
G1 X381.944 Y163.131
G1 X382.043 Y163.176
G1 X382.143 Y163.217
G1 X382.244 Y163.254
G1 X382.346 Y163.287
G1 X382.449 Y163.316
G1 X382.553 Y163.341
G1 X382.658 Y163.362
G1 X382.763 Y163.378
G1 X382.869 Y163.391
G1 X382.975 Y163.399
G1 X383.082 Y163.403
G1 X383.188 Y163.403
G1 X383.296 Y163.399
G1 X383.403 Y163.390
G1 X383.510 Y163.378
G1 X383.617 Y163.361
G1 X383.725 Y163.340
G1 X383.832 Y163.315
G1 X383.938 Y163.286
G1 X384.045 Y163.252
G1 X384.151 Y163.214
G1 X384.256 Y163.172
G1 X384.348 Y163.131
G1 X384.439 Y163.088
G1 X384.530 Y163.041
G1 X384.620 Y162.990
G1 X384.709 Y162.937
G1 X384.798 Y162.880
G1 X384.886 Y162.820
G1 X384.973 Y162.756
G1 X385.059 Y162.689
G1 X385.144 Y162.619
G1 X385.228 Y162.546
G1 X385.312 Y162.469
G1 X385.394 Y162.388
G1 X385.474 Y162.305
G1 X385.543 Y162.231
G1 X385.610 Y162.154
G1 X385.676 Y162.074
G1 X385.742 Y161.993
G1 X385.806 Y161.908
G1 X385.869 Y161.821
G1 X385.931 Y161.732
G1 X385.992 Y161.640
G1 X386.052 Y161.546
G1 X386.111 Y161.449
G1 X386.168 Y161.350
G1 X386.224 Y161.248
G1 X388.102 Y162.184
G1 X387.865 Y162.267
G1 X385.178 Y163.205
G1 X382.617 Y164.099
G1 X379.657 Y165.131
G1 X379.503 Y166.720
G1 X379.082 Y171.057
G1 X378.662 Y175.393
G1 X378.241 Y179.730
G1 X377.821 Y184.067
G1 X377.506 Y187.312
G1 X377.491 Y182.948
G1 X377.477 Y178.583
G1 X377.462 Y174.218
G1 X377.448 Y169.853
G1 X377.435 Y165.907
G1 X378.524 Y165.527
G1 X379.069 Y165.336
G1 X379.657 Y165.131
G1 X379.745 Y164.227
G1 X380.012 Y161.471
G1 X380.306 Y161.346
; Retract
G0 Z5.000

; Path 180
; Rapid to initial position
G0 X390.902 Y188.103
G0 Z0.000
; plunge
G1 Z-0.200 F4000
; cut
G1 X393.805 Y187.561 F4000
G1 X395.510 Y187.242
G1 X398.862 Y186.616
G1 X402.213 Y185.989
G1 X405.563 Y185.363
G1 X408.915 Y184.736
G1 X412.265 Y184.110
G1 X415.224 Y183.558
G1 X413.440 Y187.268
G1 X411.655 Y190.978
G1 X409.871 Y194.687
G1 X409.154 Y196.180
G1 X391.389 Y188.587
G1 X391.314 Y188.506
G1 X391.238 Y188.427
G1 X391.162 Y188.350
G1 X391.086 Y188.274
G1 X391.010 Y188.201
G1 X390.933 Y188.131
G1 X390.902 Y188.103
; Retract
G0 Z5.000

; Path 181
; Rapid to initial position
G0 X78.736 Y198.029
G0 Z0.000
; plunge
G1 Z-0.200 F4000
; cut
G1 X74.524 Y198.969 F4000
G1 X75.567 Y198.736
G1 X78.736 Y198.029
; Retract
G0 Z5.000

; Path 182
; Rapid to initial position
G0 X80.280 Y144.889
G0 Z0.000
; plunge
G1 Z-0.200 F4000
; cut
G1 X80.229 Y144.379 F4000
; Retract
G0 Z5.000

; Path 183
; Rapid to initial position
G0 X38.022 Y106.438
G0 Z0.000
; plunge
G1 Z-0.200 F4000
; cut
G1 X37.945 Y106.523 F4000
G1 X37.867 Y106.606
G1 X37.789 Y106.689
G1 X37.709 Y106.769
G1 X37.628 Y106.849
G1 X37.547 Y106.927
G1 X37.465 Y107.003
G1 X37.382 Y107.078
G1 X37.298 Y107.151
G1 X37.213 Y107.223
G1 X37.127 Y107.292
G1 X37.041 Y107.361
G1 X36.953 Y107.427
G1 X36.865 Y107.491
G1 X35.729 Y106.134
G1 X33.125 Y103.024
G1 X30.523 Y99.914
G1 X25.316 Y93.694
G1 X22.713 Y90.583
G1 X22.030 Y89.768
G1 X22.410 Y89.656
G1 X22.839 Y89.529
G1 X23.317 Y89.387
G1 X23.869 Y89.224
G1 X24.594 Y89.009
G1 X27.966 Y88.009
G1 X28.668 Y87.800
G1 X29.222 Y87.636
G1 X29.677 Y87.502
G1 X30.082 Y87.382
G1 X30.439 Y87.276
G1 X30.770 Y87.178
G1 X31.077 Y87.088
G1 X31.359 Y87.004
G1 X31.617 Y86.928
G1 X31.874 Y86.852
G1 X32.107 Y86.784
G1 X32.339 Y86.715
G1 X32.571 Y86.647
G1 X32.779 Y86.586
G1 X32.987 Y86.525
G1 X33.194 Y86.464
G1 X33.377 Y86.410
G1 X33.560 Y86.357
G1 X33.743 Y86.303
G1 X33.925 Y86.250
G1 X34.107 Y86.196
G1 X34.265 Y86.150
G1 X34.378 Y86.117
G1 X34.881 Y85.953
G1 X37.440 Y85.121
G1 X37.965 Y84.950
G1 X38.359 Y84.822
G1 X38.709 Y84.709
G1 X39.015 Y84.609
G1 X39.300 Y84.517
G1 X39.540 Y84.439
G1 X39.781 Y84.361
G1 X39.978 Y84.297
G1 X40.031 Y84.390
G1 X40.084 Y84.483
G1 X40.137 Y84.578
G1 X40.188 Y84.672
G1 X40.239 Y84.768
G1 X40.289 Y84.864
G1 X40.339 Y84.961
G1 X40.388 Y85.059
G1 X40.436 Y85.157
G1 X40.483 Y85.256
G1 X40.530 Y85.356
G1 X40.576 Y85.456
G1 X40.622 Y85.557
G1 X40.667 Y85.659
G1 X40.711 Y85.761
G1 X40.754 Y85.864
G1 X40.797 Y85.967
G1 X40.839 Y86.071
G1 X40.880 Y86.175
G1 X40.921 Y86.281
G1 X40.961 Y86.386
G1 X41.000 Y86.492
G1 X41.039 Y86.599
G1 X41.077 Y86.707
G1 X41.114 Y86.814
G1 X41.151 Y86.923
G1 X41.187 Y87.032
G1 X41.223 Y87.141
G1 X41.257 Y87.251
G1 X41.291 Y87.361
G1 X41.325 Y87.472
G1 X41.357 Y87.583
G1 X41.390 Y87.695
G1 X41.421 Y87.807
G1 X41.452 Y87.920
G1 X41.482 Y88.033
G1 X41.511 Y88.146
G1 X41.540 Y88.260
G1 X41.568 Y88.374
G1 X41.596 Y88.489
G1 X41.623 Y88.604
G1 X41.649 Y88.720
G1 X41.674 Y88.835
G1 X41.699 Y88.951
G1 X41.720 Y89.049
G1 X41.743 Y89.165
G1 X41.763 Y89.263
G1 X41.785 Y89.380
G1 X41.807 Y89.498
G1 X41.828 Y89.616
G1 X41.849 Y89.734
G1 X41.866 Y89.833
G1 X41.882 Y89.932
G1 X41.898 Y90.031
G1 X41.913 Y90.130
G1 X41.928 Y90.230
G1 X41.943 Y90.330
G1 X41.957 Y90.430
G1 X41.971 Y90.530
G1 X41.984 Y90.630
G1 X41.996 Y90.730
G1 X42.009 Y90.831
G1 X42.021 Y90.931
G1 X42.032 Y91.032
G1 X42.043 Y91.133
G1 X42.054 Y91.234
G1 X42.064 Y91.335
G1 X42.074 Y91.436
G1 X42.083 Y91.538
G1 X42.092 Y91.639
G1 X42.100 Y91.741
G1 X42.108 Y91.842
G1 X42.116 Y91.944
G1 X42.123 Y92.046
G1 X42.130 Y92.148
G1 X42.136 Y92.250
G1 X42.142 Y92.352
G1 X42.147 Y92.454
G1 X42.152 Y92.556
G1 X42.157 Y92.658
G1 X42.161 Y92.761
G1 X42.165 Y92.863
G1 X42.168 Y92.965
G1 X42.171 Y93.068
G1 X42.173 Y93.170
G1 X42.175 Y93.273
G1 X42.177 Y93.375
G1 X42.178 Y93.478
G1 X42.179 Y93.580
G1 X42.179 Y93.682
G1 X42.179 Y93.785
G1 X42.179 Y93.887
G1 X42.178 Y93.987
G1 X42.177 Y94.101
G1 X42.175 Y94.214
G1 X42.172 Y94.328
G1 X42.169 Y94.442
G1 X42.166 Y94.555
G1 X42.162 Y94.669
G1 X42.157 Y94.782
G1 X42.152 Y94.896
G1 X42.147 Y95.009
G1 X42.141 Y95.122
G1 X42.134 Y95.236
G1 X42.127 Y95.349
G1 X42.119 Y95.461
G1 X42.111 Y95.574
G1 X42.103 Y95.687
G1 X42.094 Y95.799
G1 X42.084 Y95.912
G1 X42.074 Y96.024
G1 X42.064 Y96.136
G1 X42.053 Y96.248
G1 X42.041 Y96.360
G1 X42.029 Y96.471
G1 X42.017 Y96.583
G1 X42.004 Y96.694
G1 X41.990 Y96.805
G1 X41.976 Y96.916
G1 X41.962 Y97.026
G1 X41.947 Y97.137
G1 X41.931 Y97.247
G1 X41.915 Y97.357
G1 X41.899 Y97.466
G1 X41.882 Y97.576
G1 X41.865 Y97.685
G1 X41.847 Y97.794
G1 X41.828 Y97.902
G1 X41.810 Y98.011
G1 X41.790 Y98.119
G1 X41.770 Y98.227
G1 X41.750 Y98.334
G1 X41.729 Y98.441
G1 X41.708 Y98.548
G1 X41.686 Y98.654
G1 X41.664 Y98.761
G1 X41.642 Y98.866
G1 X41.619 Y98.972
G1 X41.595 Y99.077
G1 X41.571 Y99.182
G1 X41.546 Y99.286
G1 X41.521 Y99.390
G1 X41.496 Y99.494
G1 X41.470 Y99.597
G1 X41.443 Y99.700
G1 X41.417 Y99.803
G1 X41.389 Y99.905
G1 X41.361 Y100.006
G1 X41.333 Y100.108
G1 X41.304 Y100.208
G1 X41.275 Y100.309
G1 X41.245 Y100.409
G1 X41.215 Y100.508
G1 X41.185 Y100.607
G1 X41.154 Y100.706
G1 X41.122 Y100.804
G1 X41.090 Y100.902
G1 X41.058 Y100.999
G1 X41.025 Y101.095
G1 X40.992 Y101.191
G1 X40.958 Y101.287
G1 X40.924 Y101.382
G1 X40.889 Y101.477
G1 X40.854 Y101.571
G1 X40.812 Y101.680
G1 X40.770 Y101.788
G1 X40.727 Y101.896
G1 X40.684 Y102.002
G1 X40.640 Y102.108
G1 X40.595 Y102.213
G1 X40.550 Y102.318
G1 X40.504 Y102.421
G1 X40.458 Y102.524
G1 X40.411 Y102.626
G1 X40.364 Y102.727
G1 X40.315 Y102.827
G1 X40.268 Y102.925
G1 X40.219 Y103.023
G1 X40.170 Y103.122
G1 X40.120 Y103.221
G1 X40.070 Y103.321
G1 X40.018 Y103.421
G1 X39.966 Y103.521
G1 X39.913 Y103.621
G1 X39.859 Y103.722
G1 X39.805 Y103.823
G1 X39.750 Y103.924
G1 X39.694 Y104.025
G1 X39.637 Y104.126
G1 X39.580 Y104.226
G1 X39.522 Y104.327
G1 X39.463 Y104.428
G1 X39.403 Y104.528
G1 X39.342 Y104.629
G1 X39.281 Y104.728
G1 X39.219 Y104.828
G1 X39.156 Y104.927
G1 X39.092 Y105.026
G1 X39.027 Y105.124
G1 X38.962 Y105.222
G1 X38.896 Y105.319
G1 X38.829 Y105.416
G1 X38.761 Y105.511
G1 X38.692 Y105.606
G1 X38.623 Y105.701
G1 X38.553 Y105.794
G1 X38.482 Y105.887
G1 X38.410 Y105.978
G1 X38.337 Y106.069
G1 X38.263 Y106.159
G1 X38.189 Y106.247
G1 X38.114 Y106.335
G1 X38.038 Y106.421
G1 X38.022 Y106.438
; Retract
G0 Z5.000

; Path 184
; Rapid to initial position
G0 X30.183 Y79.856
G0 Z0.000
; plunge
G1 Z-0.200 F4000
; cut
G1 X29.774 Y79.976 F4000
G1 X29.334 Y80.106
G1 X28.835 Y80.253
G1 X28.275 Y80.418
G1 X27.611 Y80.615
G1 X26.737 Y80.873
G1 X22.050 Y82.261
G1 X21.075 Y82.550
G1 X20.324 Y82.772
G1 X19.678 Y82.962
G1 X19.107 Y83.131
G1 X18.596 Y83.281
G1 X18.116 Y83.423
G1 X17.665 Y83.556
G1 X17.245 Y83.679
G1 X16.995 Y83.753
G1 X14.903 Y81.253
G1 X12.301 Y78.143
G1 X9.697 Y75.033
G1 X7.400 Y72.288
G1 X11.106 Y72.485
G1 X14.812 Y72.682
G1 X18.518 Y72.878
G1 X22.225 Y73.075
G1 X25.931 Y73.271
G1 X26.491 Y73.300
G1 X26.582 Y73.348
G1 X26.674 Y73.395
G1 X26.765 Y73.442
G1 X26.857 Y73.490
G1 X26.948 Y73.538
G1 X27.040 Y73.586
G1 X27.131 Y73.634
G1 X27.222 Y73.682
G1 X27.313 Y73.730
G1 X27.404 Y73.779
G1 X27.495 Y73.827
G1 X27.585 Y73.876
G1 X27.676 Y73.925
G1 X27.766 Y73.975
G1 X27.857 Y74.024
G1 X27.947 Y74.073
G1 X28.037 Y74.123
G1 X28.127 Y74.173
G1 X28.217 Y74.223
G1 X28.307 Y74.274
G1 X28.396 Y74.324
G1 X28.486 Y74.375
G1 X28.575 Y74.426
G1 X28.664 Y74.477
G1 X28.753 Y74.529
G1 X28.842 Y74.580
G1 X28.931 Y74.632
G1 X29.020 Y74.684
G1 X29.108 Y74.737
G1 X29.197 Y74.789
G1 X29.285 Y74.842
G1 X29.373 Y74.895
G1 X29.461 Y74.949
G1 X29.549 Y75.002
G1 X29.636 Y75.056
G1 X29.724 Y75.111
G1 X29.811 Y75.165
G1 X29.898 Y75.220
G1 X29.985 Y75.275
G1 X30.071 Y75.330
G1 X30.158 Y75.386
G1 X30.244 Y75.442
G1 X30.330 Y75.498
G1 X30.416 Y75.555
G1 X30.502 Y75.611
G1 X30.588 Y75.669
G1 X30.673 Y75.726
G1 X30.758 Y75.784
G1 X30.843 Y75.842
G1 X30.928 Y75.901
G1 X31.012 Y75.959
G1 X31.152 Y76.057
G1 X31.248 Y76.125
G1 X31.331 Y76.182
G1 X31.454 Y76.269
G1 X31.564 Y76.346
G1 X31.660 Y76.413
G1 X31.742 Y76.471
G1 X31.825 Y76.529
G1 X31.907 Y76.588
G1 X31.990 Y76.646
G1 X32.072 Y76.704
G1 X32.155 Y76.763
G1 X32.237 Y76.821
G1 X32.320 Y76.880
G1 X32.402 Y76.939
G1 X32.485 Y76.997
G1 X32.567 Y77.056
G1 X32.649 Y77.115
G1 X32.732 Y77.175
G1 X32.814 Y77.234
G1 X32.896 Y77.293
G1 X32.978 Y77.353
G1 X33.061 Y77.412
G1 X33.143 Y77.472
G1 X33.225 Y77.532
G1 X33.307 Y77.592
G1 X33.389 Y77.652
G1 X33.470 Y77.713
G1 X33.552 Y77.773
G1 X33.634 Y77.834
G1 X33.715 Y77.894
G1 X33.797 Y77.955
G1 X33.878 Y78.016
G1 X33.959 Y78.077
G1 X34.040 Y78.139
G1 X34.121 Y78.200
G1 X34.202 Y78.262
G1 X34.283 Y78.324
G1 X34.364 Y78.386
G1 X34.444 Y78.448
G1 X34.524 Y78.510
G1 X34.339 Y78.570
G1 X34.117 Y78.642
G1 X32.933 Y79.026
G1 X32.693 Y79.104
G1 X32.508 Y79.164
G1 X32.341 Y79.218
G1 X32.193 Y79.266
G1 X31.868 Y79.362
G1 X31.564 Y79.451
G1 X31.246 Y79.544
G1 X30.912 Y79.642
G1 X30.563 Y79.745
G1 X30.183 Y79.856
; Retract
G0 Z5.000

; Path 185
; Rapid to initial position
G0 X35.428 Y77.022
G0 Z0.000
; plunge
G1 Z-0.200 F4000
; cut
G1 X35.778 Y75.382 F4000
G1 X36.682 Y71.148
G1 X37.586 Y66.915
G1 X38.143 Y64.313
G1 X39.047 Y60.079
G1 X39.196 Y59.380
G1 X39.421 Y58.323
G1 X39.579 Y58.462
G1 X39.736 Y58.601
G1 X39.893 Y58.740
G1 X40.051 Y58.880
G1 X40.208 Y59.019
G1 X40.365 Y59.158
G1 X40.522 Y59.298
G1 X40.679 Y59.437
G1 X40.837 Y59.577
G1 X40.994 Y59.716
G1 X41.151 Y59.856
G1 X41.308 Y59.995
G1 X41.465 Y60.135
G1 X41.622 Y60.275
G1 X41.791 Y60.425
G1 X41.960 Y60.576
G1 X42.129 Y60.727
G1 X42.298 Y60.877
G1 X42.467 Y61.028
G1 X42.636 Y61.179
G1 X42.804 Y61.329
G1 X42.973 Y61.480
G1 X43.142 Y61.631
G1 X43.310 Y61.782
G1 X43.479 Y61.933
G1 X43.647 Y62.084
G1 X43.816 Y62.234
G1 X43.984 Y62.385
G1 X44.152 Y62.536
G1 X44.333 Y62.698
G1 X44.513 Y62.860
G1 X44.693 Y63.022
G1 X44.873 Y63.183
G1 X45.053 Y63.345
G1 X45.233 Y63.507
G1 X45.412 Y63.669
G1 X45.592 Y63.830
G1 X45.771 Y63.992
G1 X45.951 Y64.154
G1 X46.130 Y64.316
G1 X46.309 Y64.477
G1 X46.500 Y64.650
G1 X46.691 Y64.822
G1 X46.882 Y64.995
G1 X47.073 Y65.167
G1 X47.263 Y65.340
G1 X47.454 Y65.512
G1 X47.644 Y65.684
G1 X47.834 Y65.857
G1 X48.024 Y66.029
G1 X48.214 Y66.201
G1 X48.404 Y66.373
G1 X48.605 Y66.556
G1 X48.806 Y66.739
G1 X49.007 Y66.922
G1 X49.208 Y67.104
G1 X49.409 Y67.287
G1 X49.609 Y67.470
G1 X49.809 Y67.652
G1 X50.009 Y67.834
G1 X50.209 Y68.017
G1 X50.421 Y68.210
G1 X50.632 Y68.402
G1 X50.843 Y68.595
G1 X51.053 Y68.788
G1 X51.264 Y68.980
G1 X51.474 Y69.172
G1 X51.649 Y69.332
G1 X49.192 Y70.497
G1 X45.751 Y72.128
G1 X42.310 Y73.759
G1 X41.590 Y74.101
G1 X44.464 Y74.253
G1 X47.208 Y74.398
G1 X43.727 Y75.527
G1 X42.468 Y75.935
G1 X42.397 Y75.857
G1 X42.325 Y75.780
G1 X42.253 Y75.703
G1 X42.181 Y75.627
G1 X42.109 Y75.551
G1 X42.036 Y75.475
G1 X41.963 Y75.399
G1 X41.890 Y75.324
G1 X41.816 Y75.249
G1 X41.742 Y75.174
G1 X41.668 Y75.100
G1 X41.593 Y75.026
G1 X41.518 Y74.952
G1 X41.443 Y74.879
G1 X41.368 Y74.805
G1 X41.292 Y74.732
G1 X41.216 Y74.660
G1 X41.140 Y74.587
G1 X41.063 Y74.515
G1 X40.986 Y74.443
G1 X41.590 Y74.101
G1 X40.757 Y74.057
G1 X40.550 Y74.046
G1 X40.629 Y74.116
G1 X40.707 Y74.187
G1 X40.785 Y74.258
G1 X40.862 Y74.329
G1 X40.940 Y74.400
G1 X38.868 Y75.391
G1 X35.428 Y77.022
; Retract
G0 Z5.000

; Path 186
; Rapid to initial position
G0 X31.919 Y65.432
G0 Z0.000
; plunge
G1 Z-0.200 F4000
; cut
G1 X30.289 Y65.612 F4000
G1 X31.919 Y65.431
G1 X31.919 Y65.432
; Retract
G0 Z5.000

; Path 187
; Rapid to initial position
G0 X32.299 Y47.515
G0 Z0.000
; plunge
G1 Z-0.200 F4000
; cut
G1 X28.589 Y47.437 F4000
G1 X35.315 Y47.578
G1 X32.299 Y47.515
; Retract
G0 Z5.000

; Path 188
; Rapid to initial position
G0 X43.408 Y47.747
G0 Z0.000
; plunge
G1 Z-0.200 F4000
; cut
G1 X50.291 Y47.892 F4000
G1 X46.916 Y47.822
G1 X43.408 Y47.747
; Retract
G0 Z5.000

; Path 189
; Rapid to initial position
G0 X50.445 Y73.180
G0 Z0.000
; plunge
G1 Z-0.200 F4000
; cut
G1 X74.307 Y69.817 F4000
G1 X74.356 Y69.919
G1 X74.416 Y70.048
G1 X74.464 Y70.151
G1 X74.508 Y70.242
G1 X74.555 Y70.339
G1 X74.603 Y70.434
G1 X74.652 Y70.528
G1 X74.701 Y70.621
G1 X74.750 Y70.712
G1 X74.800 Y70.801
G1 X74.851 Y70.889
G1 X74.909 Y70.988
G1 X74.968 Y71.085
G1 X75.028 Y71.180
G1 X75.088 Y71.273
G1 X75.149 Y71.365
G1 X75.210 Y71.454
G1 X75.272 Y71.543
G1 X75.334 Y71.629
G1 X75.397 Y71.714
G1 X74.600 Y71.824
G1 X74.409 Y71.835
G1 X72.446 Y71.945
G1 X72.381 Y71.869
G1 X72.300 Y71.777
G1 X72.216 Y71.690
G1 X72.131 Y71.606
G1 X72.044 Y71.527
G1 X71.956 Y71.452
G1 X71.866 Y71.381
G1 X71.775 Y71.313
G1 X71.683 Y71.250
G1 X71.589 Y71.191
G1 X71.494 Y71.136
G1 X71.398 Y71.085
G1 X71.301 Y71.038
G1 X71.203 Y70.995
G1 X71.104 Y70.956
G1 X71.005 Y70.921
G1 X70.905 Y70.890
G1 X70.804 Y70.863
G1 X70.702 Y70.840
G1 X70.600 Y70.821
G1 X70.498 Y70.805
G1 X70.395 Y70.794
G1 X70.293 Y70.787
G1 X70.190 Y70.784
G1 X70.086 Y70.785
G1 X69.983 Y70.789
G1 X69.880 Y70.798
G1 X69.777 Y70.811
G1 X69.674 Y70.827
G1 X69.572 Y70.848
G1 X69.470 Y70.872
G1 X69.368 Y70.900
G1 X69.267 Y70.932
G1 X69.166 Y70.969
G1 X69.066 Y71.009
G1 X68.967 Y71.052
G1 X68.868 Y71.100
G1 X68.771 Y71.152
G1 X68.674 Y71.208
G1 X68.579 Y71.267
G1 X68.484 Y71.330
G1 X68.391 Y71.398
G1 X68.299 Y71.469
G1 X68.209 Y71.544
G1 X68.119 Y71.622
G1 X68.032 Y71.705
G1 X67.946 Y71.791
G1 X67.861 Y71.882
G1 X67.778 Y71.976
G1 X67.713 Y72.054
G1 X67.650 Y72.134
G1 X67.587 Y72.217
G1 X64.231 Y72.406
G1 X63.785 Y72.431
G1 X61.656 Y72.550
G1 X60.070 Y72.640
G1 X59.280 Y72.684
G1 X58.078 Y72.751
G1 X54.626 Y72.945
G1 X52.013 Y73.091
G1 X50.445 Y73.180
; Retract
G0 Z5.000

; Path 190
; Rapid to initial position
G0 X49.714 Y77.125
G0 Z0.000
; plunge
G1 Z-0.200 F4000
; cut
G1 X50.695 Y77.711 F4000
G1 X49.714 Y77.125
; Retract
G0 Z5.000

; Path 191
; Rapid to initial position
G0 X68.402 Y80.638
G0 Z0.000
; plunge
G1 Z-0.200 F4000
; cut
G1 X68.624 Y80.763 F4000
G1 X71.824 Y82.569
G1 X68.402 Y80.638
; Retract
G0 Z5.000

; Path 192
; Rapid to initial position
G0 X75.444 Y71.777
G0 Z0.000
; plunge
G1 Z-0.200 F4000
; cut
G1 X75.444 Y71.777 F4000
; Retract
G0 Z5.000

; Path 193
; Rapid to initial position
G0 X70.592 Y67.166
G0 Z0.000
; plunge
G1 Z-0.200 F4000
; cut
G1 X71.097 Y63.261 F4000
G1 X71.015 Y63.901
G1 X70.592 Y67.166
; Retract
G0 Z5.000

; Path 194
; Rapid to initial position
G0 X80.710 Y76.175
G0 Z0.000
; plunge
G1 Z-0.200 F4000
; cut
G1 X81.910 Y76.238 F4000
G1 X85.617 Y76.435
G1 X86.376 Y76.476
G1 X86.299 Y86.517
G1 X86.192 Y86.317
G1 X86.096 Y86.136
G1 X86.000 Y85.956
G1 X85.904 Y85.776
G1 X85.807 Y85.595
G1 X85.711 Y85.415
G1 X85.615 Y85.235
G1 X85.518 Y85.054
G1 X85.422 Y84.874
G1 X85.325 Y84.694
G1 X85.229 Y84.513
G1 X85.132 Y84.333
G1 X85.035 Y84.153
G1 X84.939 Y83.972
G1 X84.853 Y83.812
G1 X84.767 Y83.651
G1 X84.680 Y83.491
G1 X84.594 Y83.331
G1 X84.508 Y83.170
G1 X84.422 Y83.010
G1 X84.335 Y82.849
G1 X84.249 Y82.689
G1 X84.163 Y82.528
G1 X84.076 Y82.367
G1 X83.989 Y82.207
G1 X83.903 Y82.046
G1 X83.816 Y81.885
G1 X83.729 Y81.724
G1 X83.642 Y81.563
G1 X83.555 Y81.402
G1 X83.468 Y81.241
G1 X83.381 Y81.080
G1 X83.294 Y80.918
G1 X83.207 Y80.757
G1 X83.119 Y80.596
G1 X83.032 Y80.434
G1 X82.955 Y80.293
G1 X82.879 Y80.151
G1 X82.802 Y80.010
G1 X82.725 Y79.868
G1 X82.648 Y79.727
G1 X82.571 Y79.585
G1 X82.494 Y79.443
G1 X82.417 Y79.301
G1 X82.340 Y79.159
G1 X82.263 Y79.017
G1 X82.185 Y78.875
G1 X82.108 Y78.733
G1 X82.031 Y78.590
G1 X81.953 Y78.448
G1 X81.875 Y78.305
G1 X81.797 Y78.163
G1 X81.720 Y78.020
G1 X81.642 Y77.877
G1 X81.564 Y77.734
G1 X81.485 Y77.591
G1 X81.407 Y77.448
G1 X81.329 Y77.305
G1 X81.250 Y77.161
G1 X81.172 Y77.018
G1 X81.093 Y76.874
G1 X81.015 Y76.730
G1 X80.936 Y76.586
G1 X80.857 Y76.442
G1 X80.778 Y76.298
G1 X80.710 Y76.175
; Retract
G0 Z5.000

; Path 195
; Rapid to initial position
G0 X23.126 Y142.064
G0 Z0.000
; plunge
G1 Z-0.200 F4000
; cut
G1 X16.206 Y140.769 F4000
G1 X19.870 Y141.454
G1 X23.126 Y142.064
; Retract
G0 Z5.000
M5          ; Switch tool offEnd
