G21         ; Set units to mm
G90         ; Absolute positioning

;
; Operation:    0
; Type:         Mill Cut
; Paths:        201
; Direction:    Conventional
; Rapid Z:      5
; Start Z:      0
; End Z:        -0.2
; Pass Depth:   1
; Plunge rate:  4000 mm/min
; Cut rate:     4000 mm/min
;
; Retract
G0 Z5.000

; Path 0
; Rapid to initial position
G0 X52.489 Y81.779
G0 Z0.000
; plunge
G1 Z-0.200 F4000
; cut
G1 X49.508 Y81.929 F4000
G1 X47.062 Y82.052
G1 X50.042 Y81.902
G1 X53.023 Y81.752
G1 X55.469 Y81.628
G1 X52.489 Y81.779
G1 X52.489 Y81.779
; Retract
G0 Z5.000

; Path 1
; Rapid to initial position
G0 X55.469 Y81.628
G0 Z0.000
; plunge
G1 Z-0.200 F4000
; cut
G1 X57.980 Y81.501 F4000
G1 X60.960 Y81.351
G1 X63.940 Y81.201
G1 X61.429 Y81.327
G1 X58.449 Y81.478
G1 X55.469 Y81.628
; Retract
G0 Z5.000

; Path 2
; Rapid to initial position
G0 X58.718 Y80.396
G0 Z0.000
; plunge
G1 Z-0.200 F4000
; cut
G1 X55.737 Y80.502 F4000
G1 X52.756 Y80.608
G1 X50.034 Y80.705
G1 X47.053 Y80.811
G1 X44.071 Y80.917
G1 X41.417 Y81.011
G1 X38.436 Y81.118
G1 X35.455 Y81.224
G1 X32.868 Y81.315
G1 X29.887 Y81.422
G1 X26.906 Y81.528
G1 X24.385 Y81.617
G1 X21.404 Y81.723
G1 X18.422 Y81.829
G1 X15.967 Y81.917
G1 X18.948 Y81.811
G1 X21.929 Y81.705
G1 X24.385 Y81.617
G1 X27.366 Y81.511
G1 X30.347 Y81.405
G1 X32.868 Y81.315
G1 X35.849 Y81.209
G1 X38.830 Y81.103
G1 X41.417 Y81.011
G1 X44.399 Y80.905
G1 X47.380 Y80.799
G1 X50.034 Y80.705
G1 X53.015 Y80.599
G1 X55.996 Y80.493
G1 X58.718 Y80.396
; Retract
G0 Z5.000

; Path 3
; Rapid to initial position
G0 X63.940 Y81.201
G0 Z0.000
; plunge
G1 Z-0.200 F4000
; cut
G1 X66.921 Y81.050 F4000
G1 X69.901 Y80.900
G1 X72.478 Y80.770
G1 X69.497 Y80.920
G1 X66.517 Y81.071
G1 X63.940 Y81.201
; Retract
G0 Z5.000

; Path 4
; Rapid to initial position
G0 X68.740 Y82.485
G0 Z0.000
; plunge
G1 Z-0.200 F4000
; cut
G1 X69.296 Y82.457 F4000
G1 X71.029 Y82.369
G1 X71.676 Y82.336
G1 X72.383 Y82.300
G1 X73.046 Y82.266
G1 X74.427 Y82.196
G1 X74.650 Y82.184
G1 X75.289 Y82.152
G1 X76.154 Y82.107
G1 X76.810 Y82.074
G1 X78.283 Y81.999
G1 X78.915 Y81.967
G1 X79.939 Y81.915
G1 X80.168 Y81.903
; Retract
G0 Z5.000

; Path 5
; Rapid to initial position
G0 X82.142 Y85.481
G0 Z0.000
; plunge
G1 Z-0.200 F4000
; cut
G1 X82.845 Y88.301 F4000
G1 X83.547 Y91.121
G1 X84.249 Y93.941
G1 X84.951 Y96.761
G1 X85.653 Y99.581
G1 X86.356 Y102.401
G1 X87.058 Y105.220
G1 X87.760 Y108.041
G1 X88.462 Y110.860
G1 X89.164 Y113.681
G1 X89.867 Y116.501
G1 X90.569 Y119.321
G1 X91.271 Y122.141
G1 X91.973 Y124.960
G1 X92.676 Y127.781
G1 X93.378 Y130.600
G1 X94.080 Y133.421
G1 X94.782 Y136.240
G1 X95.484 Y139.060
G1 X96.187 Y141.880
G1 X96.888 Y144.700
G1 X97.591 Y147.520
G1 X98.293 Y150.340
G1 X98.995 Y153.160
G1 X99.697 Y155.980
G1 X100.400 Y158.800
G1 X101.102 Y161.620
G1 X101.804 Y164.440
G1 X102.506 Y167.260
G1 X103.208 Y170.080
G1 X103.911 Y172.900
G1 X104.613 Y175.720
G1 X105.315 Y178.540
G1 X106.017 Y181.360
G1 X106.719 Y184.180
G1 X107.422 Y187.000
G1 X108.124 Y189.820
G1 X108.826 Y192.640
G1 X109.207 Y194.170
; Retract
G0 Z5.000

; Path 6
; Rapid to initial position
G0 X109.207 Y194.170
G0 Z0.000
; plunge
G1 Z-0.200 F4000
; cut
G1 X108.826 Y192.640 F4000
G1 X108.124 Y189.820
G1 X107.422 Y187.000
G1 X106.719 Y184.180
G1 X106.017 Y181.360
G1 X105.315 Y178.540
G1 X104.613 Y175.720
G1 X103.911 Y172.900
G1 X103.208 Y170.080
G1 X102.506 Y167.260
G1 X101.804 Y164.440
G1 X101.102 Y161.620
G1 X100.400 Y158.800
G1 X99.697 Y155.980
G1 X98.995 Y153.160
G1 X98.293 Y150.340
G1 X97.591 Y147.520
G1 X96.888 Y144.700
G1 X96.187 Y141.880
G1 X95.484 Y139.060
G1 X94.782 Y136.240
G1 X94.080 Y133.421
G1 X93.378 Y130.600
G1 X92.676 Y127.781
G1 X91.973 Y124.960
G1 X91.271 Y122.141
G1 X90.569 Y119.321
G1 X89.867 Y116.501
G1 X89.164 Y113.681
G1 X88.462 Y110.860
G1 X87.760 Y108.041
G1 X87.058 Y105.220
G1 X86.356 Y102.401
G1 X85.653 Y99.581
G1 X84.951 Y96.761
G1 X84.249 Y93.941
G1 X83.547 Y91.121
G1 X82.845 Y88.301
G1 X82.142 Y85.481
; Retract
G0 Z5.000

; Path 7
; Rapid to initial position
G0 X83.452 Y94.395
G0 Z0.000
; plunge
G1 Z-0.200 F4000
; cut
G1 X81.496 Y94.494 F4000
G1 X80.907 Y94.524
G1 X77.835 Y94.681
G1 X77.624 Y94.691
G1 X77.218 Y94.712
G1 X75.988 Y94.774
G1 X74.186 Y94.867
G1 X73.561 Y94.898
G1 X72.198 Y94.968
G1 X71.852 Y94.985
G1 X71.572 Y94.997
G1 X70.548 Y95.049
G1 X69.916 Y95.081
G1 X68.444 Y95.157
G1 X67.788 Y95.190
G1 X66.923 Y95.234
G1 X66.283 Y95.267
G1 X66.060 Y95.278
; Retract
G0 Z5.000

; Path 8
; Rapid to initial position
G0 X66.271 Y99.093
G0 Z0.000
; plunge
G1 Z-0.200 F4000
; cut
G1 X66.478 Y100.548 F4000
G1 X67.081 Y104.808
G1 X67.493 Y107.708
G1 X67.615 Y108.576
G1 X68.076 Y111.821
G1 X68.679 Y116.080
G1 X69.283 Y120.340
; Retract
G0 Z5.000

; Path 9
; Rapid to initial position
G0 X69.283 Y120.339
G0 Z0.000
; plunge
G1 Z-0.200 F4000
; cut
G1 X68.679 Y116.080 F4000
G1 X68.075 Y111.821
G1 X67.615 Y108.576
G1 X67.492 Y107.708
G1 X67.081 Y104.808
G1 X66.477 Y100.548
G1 X66.271 Y99.093
G1 X66.271 Y99.093
; Retract
G0 Z5.000

; Path 10
; Rapid to initial position
G0 X69.071 Y99.337
G0 Z0.000
; plunge
G1 Z-0.200 F4000
; cut
G1 X69.417 Y99.319 F4000
G1 X70.780 Y99.250
G1 X71.404 Y99.218
G1 X73.207 Y99.126
G1 X74.437 Y99.063
G1 X74.843 Y99.043
G1 X75.054 Y99.032
G1 X78.034 Y98.880
G1 X78.715 Y98.845
G1 X80.645 Y98.747
; Retract
G0 Z5.000

; Path 11
; Rapid to initial position
G0 X79.239 Y118.160
G0 Z0.000
; plunge
G1 Z-0.200 F4000
; cut
G1 X77.474 Y117.461 F4000
G1 X74.597 Y116.320
G1 X71.847 Y115.231
G1 X68.970 Y114.091
G1 X67.766 Y113.613
G1 X67.766 Y113.613
; Retract
G0 Z5.000

; Path 12
; Rapid to initial position
G0 X67.766 Y113.613
G0 Z0.000
; plunge
G1 Z-0.200 F4000
; cut
G1 X68.969 Y114.091 F4000
G1 X71.847 Y115.231
G1 X74.597 Y116.320
G1 X77.474 Y117.461
G1 X79.239 Y118.160
; Retract
G0 Z5.000

; Path 13
; Rapid to initial position
G0 X85.535 Y132.917
G0 Z0.000
; plunge
G1 Z-0.200 F4000
; cut
G1 X84.940 Y132.958 F4000
G1 X84.334 Y133.001
G1 X83.616 Y133.050
G1 X82.989 Y133.094
G1 X81.135 Y133.222
G1 X80.542 Y133.263
G1 X79.661 Y133.324
G1 X79.484 Y133.336
G1 X79.025 Y133.368
G1 X76.741 Y133.526
G1 X75.720 Y133.597
G1 X75.075 Y133.642
G1 X73.464 Y133.753
G1 X71.770 Y133.870
G1 X71.139 Y133.914
G1 X70.834 Y133.935
G1 X67.856 Y134.141
G1 X67.477 Y134.168
G1 X64.499 Y134.374
G1 X61.521 Y134.580
G1 X58.575 Y134.784
G1 X55.597 Y134.990
G1 X55.430 Y136.040
G1 X54.757 Y140.277
G1 X54.620 Y141.135
G1 X54.082 Y144.523
G1 X54.044 Y144.764
G1 X53.497 Y148.207
G1 X52.824 Y152.444
G1 X52.151 Y156.681
; Retract
G0 Z5.000

; Path 14
; Rapid to initial position
G0 X66.257 Y153.728
G0 Z0.000
; plunge
G1 Z-0.200 F4000
; cut
G1 X66.559 Y153.713 F4000
G1 X67.026 Y153.691
G1 X68.907 Y153.602
G1 X69.382 Y153.579
G1 X69.610 Y153.568
G1 X70.070 Y153.546
G1 X71.101 Y153.497
G1 X72.090 Y153.450
G1 X72.543 Y153.429
G1 X72.672 Y153.423
G1 X73.126 Y153.401
G1 X73.373 Y153.390
G1 X75.732 Y153.278
G1 X75.971 Y153.267
G1 X76.192 Y153.256
G1 X76.484 Y153.243
G1 X78.843 Y153.131
G1 X79.268 Y153.111
G1 X80.867 Y153.034
G1 X79.268 Y153.111
G1 X78.843 Y153.131
G1 X78.551 Y153.145
G1 X76.192 Y153.256
G1 X75.971 Y153.267
G1 X75.745 Y153.278
G1 X75.485 Y153.289
G1 X73.126 Y153.401
G1 X72.672 Y153.423
G1 X72.543 Y153.429
G1 X72.090 Y153.450
G1 X71.101 Y153.497
G1 X70.070 Y153.546
G1 X69.610 Y153.568
G1 X69.382 Y153.579
G1 X68.907 Y153.602
G1 X67.026 Y153.691
G1 X66.559 Y153.713
G1 X66.257 Y153.728
G1 X65.734 Y153.753
G1 X63.991 Y153.835
G1 X63.518 Y153.858
G1 X63.062 Y153.880
G1 X62.572 Y153.903
G1 X61.438 Y153.957
G1 X60.967 Y153.979
G1 X60.487 Y154.002
G1 X59.919 Y154.029
G1 X59.422 Y154.053
G1 X57.954 Y154.122
G1 X57.484 Y154.144
G1 X56.786 Y154.178
G1 X56.646 Y154.184
G1 X56.283 Y154.202
G1 X54.475 Y154.287
G1 X53.665 Y154.326
G1 X53.155 Y154.350
G1 X51.879 Y154.411
G1 X50.537 Y154.474
G1 X50.038 Y154.498
G1 X49.797 Y154.510
G1 X47.438 Y154.621
G1 X47.137 Y154.636
G1 X44.780 Y154.748
G1 X42.421 Y154.860
G1 X40.088 Y154.970
G1 X37.729 Y155.082
G1 X37.597 Y155.652
G1 X37.064 Y157.953
G1 X36.956 Y158.419
G1 X36.530 Y160.258
G1 X36.500 Y160.389
G1 X36.067 Y162.259
G1 X35.534 Y164.559
G1 X35.001 Y166.860
; Retract
G0 Z5.000

; Path 15
; Rapid to initial position
G0 X23.366 Y162.169
G0 Z0.000
; plunge
G1 Z-0.200 F4000
; cut
G1 X25.328 Y162.101 F4000
G1 X27.688 Y162.019
G1 X27.873 Y162.013
G1 X30.233 Y161.931
G1 X30.838 Y161.910
G1 X33.198 Y161.829
G1 X34.793 Y161.773
G1 X37.153 Y161.692
G1 X38.931 Y161.630
G1 X39.408 Y161.614
G1 X41.768 Y161.532
G1 X44.128 Y161.450
G1 X46.438 Y161.370
G1 X48.799 Y161.289
G1 X51.159 Y161.207
G1 X53.525 Y161.125
G1 X55.885 Y161.044
G1 X58.245 Y160.962
G1 X60.667 Y160.878
G1 X63.027 Y160.796
G1 X65.388 Y160.715
G1 X67.749 Y160.633
G1 X70.109 Y160.551
G1 X72.469 Y160.470
G1 X72.587 Y160.465
G1 X72.765 Y160.459
G1 X75.125 Y160.378
G1 X77.485 Y160.296
G1 X79.845 Y160.214
G1 X81.690 Y160.151
G1 X82.441 Y160.124
G1 X84.801 Y160.043
G1 X87.162 Y159.961
G1 X86.410 Y159.987
G1 X84.050 Y160.069
G1 X81.690 Y160.151
G1 X79.845 Y160.214
G1 X79.668 Y160.221
G1 X77.308 Y160.302
G1 X74.947 Y160.384
G1 X72.587 Y160.465
G1 X72.469 Y160.470
G1 X70.108 Y160.551
G1 X67.748 Y160.633
G1 X65.388 Y160.715
G1 X62.965 Y160.798
G1 X60.605 Y160.880
G1 X58.245 Y160.962
G1 X55.879 Y161.044
G1 X53.519 Y161.125
G1 X51.159 Y161.207
G1 X48.849 Y161.287
G1 X46.489 Y161.369
G1 X44.128 Y161.450
G1 X43.652 Y161.467
G1 X41.292 Y161.548
G1 X38.931 Y161.630
G1 X37.153 Y161.692
G1 X35.558 Y161.747
G1 X33.198 Y161.829
G1 X32.593 Y161.850
G1 X30.233 Y161.931
G1 X30.049 Y161.937
G1 X27.689 Y162.019
G1 X25.726 Y162.087
G1 X23.366 Y162.169
G1 X23.051 Y162.180
G1 X21.273 Y162.241
G1 X18.913 Y162.323
G1 X16.553 Y162.404
; Retract
G0 Z5.000

; Path 16
; Rapid to initial position
G0 X14.190 Y164.405
G0 Z0.000
; plunge
G1 Z-0.200 F4000
; cut
G1 X16.067 Y164.363 F4000
G1 X18.428 Y164.309
G1 X20.789 Y164.255
G1 X22.715 Y164.211
G1 X25.076 Y164.157
G1 X27.437 Y164.103
G1 X29.413 Y164.058
G1 X31.774 Y164.004
G1 X34.135 Y163.950
G1 X36.161 Y163.904
G1 X38.522 Y163.850
G1 X40.883 Y163.796
G1 X42.961 Y163.748
G1 X45.322 Y163.694
G1 X47.683 Y163.640
G1 X45.605 Y163.688
G1 X43.244 Y163.742
G1 X40.883 Y163.796
G1 X38.857 Y163.842
G1 X36.496 Y163.896
G1 X34.135 Y163.950
G1 X32.159 Y163.995
G1 X29.798 Y164.049
G1 X27.437 Y164.103
G1 X25.511 Y164.147
G1 X23.150 Y164.201
G1 X20.789 Y164.255
G1 X18.912 Y164.298
G1 X16.551 Y164.352
G1 X14.190 Y164.405
; Retract
G0 Z5.000

; Path 17
; Rapid to initial position
G0 X9.318 Y184.184
G0 Z0.000
; plunge
G1 Z-0.200 F4000
; cut
G1 X11.751 Y184.124 F4000
G1 X14.112 Y184.066
G1 X16.473 Y184.009
G1 X16.603 Y184.005
G1 X18.964 Y183.948
G1 X21.325 Y183.890
G1 X23.686 Y183.833
G1 X23.874 Y183.828
G1 X26.235 Y183.770
G1 X28.596 Y183.713
G1 X30.957 Y183.655
G1 X31.204 Y183.649
G1 X33.565 Y183.592
G1 X35.926 Y183.534
G1 X38.287 Y183.476
G1 X38.594 Y183.469
G1 X40.954 Y183.411
G1 X43.315 Y183.354
G1 X45.676 Y183.296
G1 X47.926 Y183.798
G1 X50.231 Y184.312
G1 X52.536 Y184.826
G1 X54.841 Y185.341
G1 X57.145 Y185.855
; Retract
G0 Z5.000

; Path 18
; Rapid to initial position
G0 X58.166 Y188.476
G0 Z0.000
; plunge
G1 Z-0.200 F4000
; cut
G1 X58.374 Y186.123 F4000
G1 X58.582 Y183.771
G1 X58.767 Y181.681
G1 X58.845 Y180.793
G1 X58.955 Y179.552
G1 X59.163 Y177.199
G1 X59.251 Y176.200
; Retract
G0 Z5.000

; Path 19
; Rapid to initial position
G0 X54.497 Y181.272
G0 Z0.000
; plunge
G1 Z-0.200 F4000
; cut
G1 X55.523 Y181.632 F4000
G1 X57.752 Y182.413
G1 X59.980 Y183.194
G1 X62.209 Y183.976
G1 X63.239 Y184.337
G1 X63.078 Y186.693
G1 X62.918 Y189.049
G1 X62.757 Y191.405
G1 X62.633 Y193.229
; Retract
G0 Z5.000

; Path 20
; Rapid to initial position
G0 X43.529 Y187.470
G0 Z0.000
; plunge
G1 Z-0.200 F4000
; cut
G1 X43.573 Y189.019 F4000
G1 X43.641 Y191.380
G1 X43.662 Y192.098
G1 X43.729 Y194.458
G1 X43.790 Y196.595
G1 X43.858 Y198.956
G1 X43.926 Y201.316
G1 X43.994 Y203.677
G1 X44.061 Y206.037
; Retract
G0 Z5.000

; Path 21
; Rapid to initial position
G0 X28.339 Y205.509
G0 Z0.000
; plunge
G1 Z-0.200 F4000
; cut
G1 X30.468 Y205.460 F4000
G1 X32.829 Y205.407
G1 X35.190 Y205.353
G1 X37.372 Y205.303
G1 X39.732 Y205.249
G1 X42.093 Y205.195
G1 X44.328 Y205.144
G1 X46.688 Y205.090
G1 X49.049 Y205.036
G1 X51.337 Y204.984
G1 X53.698 Y204.930
G1 X56.059 Y204.876
G1 X56.024 Y203.865
G1 X55.942 Y201.505
G1 X55.861 Y199.145
G1 X55.779 Y196.785
G1 X55.697 Y194.425
G1 X55.615 Y192.065
G1 X55.534 Y189.705
G1 X55.452 Y187.344
G1 X55.318 Y187.302
G1 X53.065 Y186.591
G1 X50.814 Y185.881
G1 X48.561 Y185.170
G1 X46.309 Y184.460
G1 X44.057 Y183.749
; Retract
G0 Z5.000

; Path 22
; Rapid to initial position
G0 X38.156 Y138.174
G0 Z0.000
; plunge
G1 Z-0.200 F4000
; cut
G1 X41.086 Y138.070 F4000
G1 X44.067 Y137.963
G1 X47.048 Y137.857
G1 X50.049 Y137.751
G1 X53.030 Y137.645
G1 X56.011 Y137.539
G1 X53.010 Y137.645
G1 X50.029 Y137.751
G1 X47.048 Y137.857
G1 X44.118 Y137.962
G1 X41.137 Y138.068
G1 X38.156 Y138.174
G1 X35.296 Y138.276
G1 X32.315 Y138.381
G1 X29.334 Y138.488
G1 X26.544 Y138.587
G1 X23.562 Y138.693
G1 X20.581 Y138.799
; Retract
G0 Z5.000

; Path 23
; Rapid to initial position
G0 X26.422 Y127.610
G0 Z0.000
; plunge
G1 Z-0.200 F4000
; cut
G1 X29.404 Y127.511 F4000
G1 X32.385 Y127.411
G1 X34.633 Y127.337
G1 X37.614 Y127.237
G1 X40.595 Y127.138
G1 X42.904 Y127.061
G1 X39.922 Y127.160
G1 X36.941 Y127.260
G1 X34.633 Y127.337
G1 X31.651 Y127.436
G1 X28.670 Y127.535
G1 X26.422 Y127.610
; Retract
G0 Z5.000

; Path 24
; Rapid to initial position
G0 X29.291 Y125.461
G0 Z0.000
; plunge
G1 Z-0.200 F4000
; cut
G1 X32.081 Y125.361 F4000
G1 X35.062 Y125.255
G1 X38.044 Y125.149
G1 X40.903 Y125.047
G1 X43.884 Y124.942
G1 X46.866 Y124.836
; Retract
G0 Z5.000

; Path 25
; Rapid to initial position
G0 X34.260 Y103.475
G0 Z0.000
; plunge
G1 Z-0.200 F4000
; cut
G1 X31.278 Y103.575 F4000
G1 X28.297 Y103.674
G1 X26.169 Y103.745
G1 X29.151 Y103.645
G1 X32.132 Y103.546
G1 X34.260 Y103.475
G1 X37.241 Y103.376
G1 X40.222 Y103.277
G1 X42.409 Y103.204
G1 X39.428 Y103.303
G1 X36.447 Y103.402
G1 X34.260 Y103.475
; Retract
G0 Z5.000

; Path 26
; Rapid to initial position
G0 X25.054 Y100.329
G0 Z0.000
; plunge
G1 Z-0.200 F4000
; cut
G1 X24.143 Y100.363 F4000
G1 X23.980 Y100.374
G1 X23.048 Y100.408
G1 X21.974 Y100.448
; Retract
G0 Z5.000

; Path 27
; Rapid to initial position
G0 X53.197 Y64.544
G0 Z0.000
; plunge
G1 Z-0.200 F4000
; cut
G1 X53.025 Y60.202 F4000
G1 X52.853 Y55.860
G1 X52.681 Y51.518
G1 X52.510 Y47.176
G1 X52.353 Y43.214
G1 X55.333 Y43.063
G1 X57.941 Y42.929
G1 X60.921 Y42.778
G1 X62.603 Y42.692
G1 X63.559 Y42.643
G1 X65.613 Y42.538
G1 X66.292 Y42.504
G1 X69.206 Y42.355
G1 X69.321 Y42.349
G1 X70.016 Y42.314
G1 X72.156 Y42.205
G1 X73.042 Y42.160
G1 X73.729 Y42.125
G1 X74.882 Y42.066
G1 X76.381 Y41.989
G1 X76.775 Y41.969
G1 X77.455 Y41.935
G1 X79.317 Y41.840
G1 X79.971 Y41.807
G1 X80.521 Y41.778
G1 X80.539 Y41.778
; Retract
G0 Z5.000

; Path 28
; Rapid to initial position
G0 X81.987 Y44.467
G0 Z0.000
; plunge
G1 Z-0.200 F4000
; cut
G1 X79.073 Y44.616 F4000
G1 X78.394 Y44.650
G1 X76.340 Y44.755
G1 X75.385 Y44.804
G1 X73.702 Y44.890
G1 X70.722 Y45.041
G1 X68.114 Y45.174
G1 X65.134 Y45.326
; Retract
G0 Z5.000

; Path 29
; Rapid to initial position
G0 X64.594 Y38.524
G0 Z0.000
; plunge
G1 Z-0.200 F4000
; cut
G1 X66.913 Y38.407 F4000
G1 X63.933 Y38.557
G1 X60.952 Y38.708
G1 X58.634 Y38.825
G1 X64.594 Y38.524
; Retract
G0 Z5.000

; Path 30
; Rapid to initial position
G0 X66.913 Y38.407
G0 Z0.000
; plunge
G1 Z-0.200 F4000
; cut
G1 X67.532 Y38.376 F4000
G1 X67.885 Y38.358
G1 X66.913 Y38.407
G1 X66.913 Y38.407
; Retract
G0 Z5.000

; Path 31
; Rapid to initial position
G0 X67.885 Y38.358
G0 Z0.000
; plunge
G1 Z-0.200 F4000
; cut
G1 X69.893 Y38.256 F4000
G1 X70.512 Y38.225
G1 X67.885 Y38.358
G1 X67.885 Y38.358
; Retract
G0 Z5.000

; Path 32
; Rapid to initial position
G0 X70.512 Y38.225
G0 Z0.000
; plunge
G1 Z-0.200 F4000
; cut
G1 X72.275 Y38.136 F4000
G1 X75.255 Y37.986
G1 X73.493 Y38.075
G1 X70.512 Y38.225
; Retract
G0 Z5.000

; Path 33
; Rapid to initial position
G0 X58.634 Y38.825
G0 Z0.000
; plunge
G1 Z-0.200 F4000
; cut
G1 X58.325 Y38.840 F4000
G1 X55.345 Y38.991
G1 X55.654 Y38.975
G1 X58.634 Y38.825
G1 X58.634 Y38.825
; Retract
G0 Z5.000

; Path 34
; Rapid to initial position
G0 X55.345 Y38.991
G0 Z0.000
; plunge
G1 Z-0.200 F4000
; cut
G1 X52.364 Y39.141 F4000
G1 X50.418 Y39.239
G1 X53.398 Y39.089
G1 X55.345 Y38.991
; Retract
G0 Z5.000

; Path 35
; Rapid to initial position
G0 X50.418 Y39.239
G0 Z0.000
; plunge
G1 Z-0.200 F4000
; cut
G1 X48.224 Y39.350 F4000
G1 X45.244 Y39.501
G1 X42.264 Y39.651
G1 X44.457 Y39.540
G1 X47.438 Y39.390
G1 X50.418 Y39.239
; Retract
G0 Z5.000

; Path 36
; Rapid to initial position
G0 X52.934 Y25.304
G0 Z0.000
; plunge
G1 Z-0.200 F4000
; cut
G1 X50.543 Y25.390 F4000
G1 X47.562 Y25.495
G1 X44.581 Y25.601
G1 X42.254 Y25.684
G1 X39.273 Y25.791
G1 X36.292 Y25.896
G1 X34.028 Y25.977
G1 X31.047 Y26.083
G1 X28.066 Y26.189
G1 X25.864 Y26.268
G1 X22.883 Y26.373
G1 X19.902 Y26.479
; Retract
G0 Z5.000

; Path 37
; Rapid to initial position
G0 X23.782 Y28.494
G0 Z0.000
; plunge
G1 Z-0.200 F4000
; cut
G1 X21.650 Y28.602 F4000
G1 X18.670 Y28.752
G1 X15.690 Y28.903
G1 X15.652 Y30.409
G1 X15.545 Y34.755
G1 X15.437 Y39.102
G1 X15.329 Y43.448
G1 X15.222 Y47.795
G1 X15.114 Y52.141
G1 X15.006 Y56.487
G1 X14.899 Y60.834
G1 X16.205 Y61.078
G1 X19.163 Y61.629
G1 X22.121 Y62.181
G1 X25.079 Y62.733
G1 X28.037 Y63.285
G1 X30.995 Y63.837
G1 X33.953 Y64.389
G1 X36.910 Y64.941
G1 X38.749 Y64.879
G1 X41.731 Y64.780
G1 X44.712 Y64.681
G1 X46.608 Y64.617
G1 X49.589 Y64.518
G1 X52.570 Y64.419
G1 X54.523 Y64.353
G1 X57.504 Y64.254
G1 X60.485 Y64.155
G1 X62.496 Y64.088
G1 X65.477 Y63.989
G1 X68.458 Y63.889
G1 X70.527 Y63.820
G1 X73.508 Y63.721
G1 X76.489 Y63.621
; Retract
G0 Z5.000

; Path 38
; Rapid to initial position
G0 X76.792 Y61.181
G0 Z0.000
; plunge
G1 Z-0.200 F4000
; cut
G1 X75.640 Y61.240 F4000
G1 X74.952 Y61.275
G1 X74.066 Y61.320
G1 X71.927 Y61.429
G1 X71.231 Y61.465
G1 X71.116 Y61.470
; Retract
G0 Z5.000

; Path 39
; Rapid to initial position
G0 X89.126 Y65.231
G0 Z0.000
; plunge
G1 Z-0.200 F4000
; cut
G1 X89.526 Y67.101 F4000
G1 X90.131 Y69.933
G1 X90.737 Y72.766
G1 X91.202 Y74.941
G1 X91.807 Y77.773
G1 X92.413 Y80.605
G1 X93.018 Y83.438
G1 X93.624 Y86.270
G1 X94.229 Y89.102
G1 X94.834 Y91.934
G1 X95.440 Y94.767
G1 X96.045 Y97.599
G1 X96.373 Y99.132
G1 X96.978 Y101.964
G1 X97.583 Y104.796
G1 X98.189 Y107.629
G1 X98.794 Y110.461
G1 X99.399 Y113.293
G1 X100.005 Y116.125
G1 X100.610 Y118.957
G1 X101.216 Y121.790
G1 X101.821 Y124.622
G1 X102.426 Y127.454
G1 X103.032 Y130.286
G1 X103.637 Y133.119
G1 X104.078 Y135.181
G1 X104.683 Y138.013
G1 X105.288 Y140.845
G1 X105.894 Y143.677
G1 X106.499 Y146.509
G1 X107.104 Y149.342
G1 X107.710 Y152.174
G1 X108.315 Y155.006
G1 X108.920 Y157.838
G1 X109.526 Y160.671
G1 X110.131 Y163.503
G1 X110.736 Y166.335
G1 X111.342 Y169.167
G1 X111.947 Y171.999
G1 X112.553 Y174.832
G1 X113.158 Y177.664
G1 X113.763 Y180.496
G1 X114.369 Y183.328
; Retract
G0 Z5.000

; Path 40
; Rapid to initial position
G0 X114.062 Y180.519
G0 Z0.000
; plunge
G1 Z-0.200 F4000
; cut
G1 X113.403 Y177.259 F4000
G1 X112.830 Y174.423
G1 X112.258 Y171.587
G1 X111.685 Y168.751
G1 X111.112 Y165.915
G1 X110.539 Y163.079
G1 X109.966 Y160.244
G1 X109.393 Y157.408
G1 X108.820 Y154.572
G1 X108.247 Y151.736
G1 X107.675 Y148.900
G1 X107.102 Y146.064
G1 X106.529 Y143.228
G1 X105.956 Y140.392
G1 X105.383 Y137.556
G1 X104.810 Y134.720
G1 X104.237 Y131.884
G1 X103.664 Y129.048
G1 X103.091 Y126.212
G1 X102.518 Y123.376
G1 X101.945 Y120.540
G1 X101.372 Y117.704
G1 X100.800 Y114.869
G1 X100.227 Y112.033
G1 X99.654 Y109.197
G1 X99.081 Y106.361
G1 X98.508 Y103.525
G1 X97.935 Y100.689
G1 X97.362 Y97.853
G1 X96.789 Y95.017
G1 X96.217 Y92.181
G1 X95.644 Y89.345
G1 X95.071 Y86.509
G1 X94.498 Y83.673
G1 X93.925 Y80.837
G1 X93.352 Y78.001
G1 X92.779 Y75.166
G1 X92.206 Y72.330
G1 X91.634 Y69.493
G1 X91.206 Y67.376
G1 X90.633 Y64.540
G1 X90.060 Y61.704
; Retract
G0 Z5.000

; Path 41
; Rapid to initial position
G0 X90.589 Y58.593
G0 Z0.000
; plunge
G1 Z-0.200 F4000
; cut
G1 X90.906 Y60.255 F4000
G1 X91.446 Y63.095
G1 X91.987 Y65.934
G1 X92.168 Y66.886
G1 X92.708 Y69.726
G1 X93.249 Y72.565
G1 X93.789 Y75.404
G1 X94.330 Y78.244
G1 X94.870 Y81.083
G1 X95.411 Y83.922
G1 X95.951 Y86.762
G1 X96.492 Y89.601
G1 X97.033 Y92.441
G1 X97.573 Y95.280
G1 X98.114 Y98.120
G1 X98.654 Y100.959
G1 X99.195 Y103.798
G1 X99.736 Y106.638
G1 X99.909 Y107.548
G1 X100.449 Y110.388
G1 X100.990 Y113.227
G1 X101.531 Y116.067
G1 X102.071 Y118.906
G1 X102.612 Y121.746
G1 X103.152 Y124.585
G1 X103.693 Y127.424
G1 X104.233 Y130.264
G1 X104.774 Y133.103
G1 X105.314 Y135.943
G1 X105.855 Y138.782
G1 X106.395 Y141.621
G1 X106.936 Y144.461
G1 X107.265 Y146.189
G1 X107.805 Y149.028
G1 X108.346 Y151.868
G1 X108.887 Y154.707
G1 X109.427 Y157.547
G1 X109.968 Y160.386
G1 X110.508 Y163.226
G1 X111.049 Y166.065
G1 X111.590 Y168.904
G1 X112.130 Y171.744
G1 X112.671 Y174.583
G1 X113.211 Y177.422
; Retract
G0 Z5.000

; Path 42
; Rapid to initial position
G0 X112.881 Y174.626
G0 Z0.000
; plunge
G1 Z-0.200 F4000
; cut
G1 X112.178 Y170.696 F4000
G1 X111.670 Y167.854
G1 X111.162 Y165.011
G1 X110.653 Y162.168
G1 X110.145 Y159.326
G1 X109.636 Y156.483
G1 X109.128 Y153.640
G1 X108.620 Y150.798
G1 X108.112 Y147.955
G1 X107.603 Y145.112
G1 X107.094 Y142.270
G1 X106.586 Y139.427
G1 X106.078 Y136.584
G1 X105.570 Y133.742
G1 X105.061 Y130.899
G1 X104.553 Y128.056
G1 X104.044 Y125.214
G1 X103.536 Y122.371
G1 X103.028 Y119.528
G1 X102.520 Y116.686
G1 X102.011 Y113.843
G1 X101.503 Y111.000
G1 X100.994 Y108.158
G1 X100.486 Y105.315
G1 X99.978 Y102.472
G1 X99.469 Y99.630
G1 X98.961 Y96.787
G1 X98.452 Y93.945
G1 X97.944 Y91.102
G1 X97.436 Y88.259
G1 X96.928 Y85.417
G1 X96.419 Y82.574
G1 X95.911 Y79.731
G1 X95.402 Y76.888
G1 X94.894 Y74.046
G1 X94.386 Y71.203
G1 X93.877 Y68.360
G1 X93.369 Y65.518
G1 X92.860 Y62.675
G1 X92.525 Y60.792
G1 X92.017 Y57.950
G1 X91.509 Y55.107
; Retract
G0 Z5.000

; Path 43
; Rapid to initial position
G0 X92.050 Y52.006
G0 Z0.000
; plunge
G1 Z-0.200 F4000
; cut
G1 X92.286 Y53.417 F4000
G1 X92.763 Y56.263
G1 X93.239 Y59.108
G1 X93.533 Y60.907
G1 X94.009 Y63.753
G1 X94.485 Y66.598
G1 X94.962 Y69.444
G1 X95.438 Y72.290
G1 X95.915 Y75.135
G1 X96.390 Y77.981
G1 X96.867 Y80.827
G1 X97.343 Y83.673
G1 X97.820 Y86.518
G1 X98.296 Y89.364
G1 X98.772 Y92.210
G1 X99.249 Y95.055
G1 X99.725 Y97.901
G1 X100.201 Y100.747
G1 X100.677 Y103.592
G1 X101.154 Y106.438
G1 X101.630 Y109.284
G1 X102.106 Y112.130
G1 X102.582 Y114.975
G1 X103.059 Y117.821
G1 X103.480 Y120.340
G1 X103.957 Y123.185
G1 X104.433 Y126.031
G1 X104.910 Y128.877
G1 X105.386 Y131.723
G1 X105.862 Y134.568
G1 X106.338 Y137.414
G1 X106.815 Y140.260
G1 X107.291 Y143.105
G1 X107.767 Y145.951
G1 X108.243 Y148.797
G1 X108.720 Y151.642
G1 X109.196 Y154.488
G1 X109.672 Y157.334
G1 X110.149 Y160.180
G1 X110.625 Y163.025
G1 X111.102 Y165.871
G1 X111.578 Y168.717
G1 X112.054 Y171.562
; Retract
G0 Z5.000

; Path 44
; Rapid to initial position
G0 X111.699 Y168.772
G0 Z0.000
; plunge
G1 Z-0.200 F4000
; cut
G1 X111.423 Y167.001 F4000
G1 X110.978 Y164.152
G1 X110.534 Y161.304
G1 X110.090 Y158.455
G1 X109.645 Y155.607
G1 X109.201 Y152.758
G1 X108.757 Y149.910
G1 X108.312 Y147.061
G1 X107.868 Y144.213
G1 X107.423 Y141.364
G1 X106.979 Y138.516
G1 X106.534 Y135.667
G1 X106.090 Y132.819
G1 X105.646 Y129.970
G1 X105.201 Y127.122
G1 X104.757 Y124.273
G1 X104.312 Y121.425
G1 X103.868 Y118.576
G1 X103.424 Y115.728
G1 X102.979 Y112.879
G1 X102.535 Y110.031
G1 X102.091 Y107.182
G1 X101.646 Y104.334
G1 X101.201 Y101.485
G1 X100.757 Y98.636
G1 X100.313 Y95.788
G1 X99.868 Y92.939
G1 X99.424 Y90.091
G1 X98.980 Y87.242
G1 X98.535 Y84.394
G1 X98.091 Y81.545
G1 X97.646 Y78.697
G1 X97.202 Y75.848
G1 X96.758 Y73.000
G1 X96.313 Y70.151
G1 X95.869 Y67.303
G1 X95.424 Y64.454
G1 X94.980 Y61.606
G1 X94.535 Y58.757
G1 X94.091 Y55.909
G1 X93.834 Y54.262
G1 X93.389 Y51.413
G1 X92.945 Y48.565
; Retract
G0 Z5.000

; Path 45
; Rapid to initial position
G0 X93.495 Y45.464
G0 Z0.000
; plunge
G1 Z-0.200 F4000
; cut
G1 X93.664 Y46.630 F4000
G1 X94.076 Y49.481
G1 X94.489 Y52.332
G1 X94.809 Y54.543
G1 X95.222 Y57.395
G1 X95.634 Y60.246
G1 X96.047 Y63.097
G1 X96.460 Y65.948
G1 X96.872 Y68.799
G1 X97.285 Y71.650
G1 X97.697 Y74.501
G1 X98.110 Y77.352
G1 X98.523 Y80.204
G1 X98.935 Y83.055
G1 X99.348 Y85.906
G1 X99.761 Y88.757
G1 X100.173 Y91.608
G1 X100.586 Y94.459
G1 X100.999 Y97.311
G1 X101.411 Y100.162
G1 X101.824 Y103.013
G1 X102.237 Y105.864
G1 X102.649 Y108.715
G1 X103.062 Y111.566
G1 X103.475 Y114.417
G1 X103.887 Y117.269
G1 X104.300 Y120.120
G1 X104.713 Y122.971
G1 X105.125 Y125.822
G1 X105.538 Y128.673
G1 X105.951 Y131.524
G1 X106.363 Y134.375
G1 X106.776 Y137.226
G1 X107.189 Y140.077
G1 X107.601 Y142.929
G1 X108.014 Y145.780
G1 X108.427 Y148.631
G1 X108.839 Y151.482
G1 X109.252 Y154.333
G1 X109.665 Y157.184
G1 X110.077 Y160.035
G1 X110.490 Y162.886
G1 X110.903 Y165.738
; Retract
G0 Z5.000

; Path 46
; Rapid to initial position
G0 X110.331 Y163.450
G0 Z0.000
; plunge
G1 Z-0.200 F4000
; cut
G1 X109.949 Y160.596 F4000
G1 X109.566 Y157.743
G1 X109.184 Y154.889
G1 X108.802 Y152.036
G1 X108.419 Y149.182
G1 X108.037 Y146.329
G1 X107.654 Y143.476
G1 X107.272 Y140.622
G1 X106.890 Y137.769
G1 X106.507 Y134.915
G1 X106.125 Y132.062
G1 X105.743 Y129.208
G1 X105.361 Y126.355
G1 X104.978 Y123.501
G1 X104.596 Y120.648
G1 X104.213 Y117.795
G1 X103.831 Y114.941
G1 X103.449 Y112.088
G1 X103.066 Y109.234
G1 X102.684 Y106.381
G1 X102.302 Y103.527
G1 X101.919 Y100.674
G1 X101.537 Y97.820
G1 X101.155 Y94.967
G1 X100.772 Y92.114
G1 X100.390 Y89.260
G1 X100.007 Y86.407
G1 X99.625 Y83.553
G1 X99.243 Y80.700
G1 X98.861 Y77.846
G1 X98.478 Y74.993
G1 X98.096 Y72.139
G1 X97.714 Y69.286
G1 X97.331 Y66.433
G1 X96.949 Y63.579
G1 X96.566 Y60.726
G1 X96.184 Y57.872
G1 X95.802 Y55.019
G1 X95.419 Y52.165
G1 X95.100 Y49.784
G1 X95.084 Y49.660
G1 X94.701 Y46.806
G1 X94.319 Y43.953
G1 X94.177 Y42.892
; Retract
G0 Z5.000

; Path 47
; Rapid to initial position
G0 X88.607 Y68.348
G0 Z0.000
; plunge
G1 Z-0.200 F4000
; cut
G1 X89.137 Y70.698 F4000
G1 X89.775 Y73.526
G1 X90.413 Y76.355
G1 X91.004 Y78.980
G1 X91.642 Y81.808
G1 X92.280 Y84.637
G1 X92.918 Y87.465
G1 X93.556 Y90.293
G1 X94.194 Y93.122
G1 X94.832 Y95.950
G1 X95.470 Y98.779
G1 X96.108 Y101.607
G1 X96.746 Y104.435
G1 X97.384 Y107.263
G1 X98.022 Y110.092
G1 X98.660 Y112.920
G1 X99.298 Y115.748
G1 X99.936 Y118.577
G1 X100.574 Y121.405
G1 X101.212 Y124.233
G1 X101.849 Y127.062
G1 X102.487 Y129.890
G1 X103.125 Y132.718
G1 X103.763 Y135.547
G1 X104.401 Y138.375
G1 X105.039 Y141.203
G1 X105.677 Y144.032
G1 X106.315 Y146.860
G1 X106.953 Y149.688
G1 X107.591 Y152.516
G1 X108.229 Y155.345
G1 X108.867 Y158.173
G1 X109.505 Y161.001
G1 X110.143 Y163.830
G1 X110.781 Y166.658
G1 X111.419 Y169.486
G1 X112.057 Y172.315
G1 X112.695 Y175.143
G1 X113.332 Y177.971
G1 X113.970 Y180.800
G1 X114.608 Y183.628
G1 X115.246 Y186.456
; Retract
G0 Z5.000

; Path 48
; Rapid to initial position
G0 X115.245 Y187.010
G0 Z0.000
; plunge
G1 Z-0.200 F4000
; cut
G1 X114.606 Y184.182 F4000
G1 X113.967 Y181.354
G1 X113.327 Y178.526
G1 X112.688 Y175.697
G1 X112.050 Y172.869
G1 X111.410 Y170.041
G1 X110.771 Y167.213
G1 X110.132 Y164.385
G1 X109.493 Y161.557
G1 X108.854 Y158.728
G1 X108.215 Y155.900
G1 X107.575 Y153.072
G1 X106.936 Y150.244
G1 X106.297 Y147.416
G1 X105.658 Y144.587
G1 X105.019 Y141.759
G1 X104.380 Y138.931
G1 X103.741 Y136.103
G1 X103.101 Y133.275
G1 X102.462 Y130.446
G1 X101.823 Y127.618
G1 X101.184 Y124.790
G1 X100.545 Y121.962
G1 X99.906 Y119.134
G1 X99.266 Y116.306
G1 X98.627 Y113.478
G1 X97.988 Y110.649
G1 X97.349 Y107.821
G1 X96.710 Y104.993
G1 X96.071 Y102.165
G1 X95.431 Y99.337
G1 X94.792 Y96.508
G1 X94.153 Y93.680
G1 X93.514 Y90.852
G1 X92.875 Y88.024
G1 X92.236 Y85.196
G1 X91.597 Y82.367
G1 X90.958 Y79.539
G1 X90.385 Y77.004
G1 X89.745 Y74.173
G1 X89.106 Y71.345
G1 X88.570 Y68.972
; Retract
G0 Z5.000

; Path 49
; Rapid to initial position
G0 X87.841 Y72.304
G0 Z0.000
; plunge
G1 Z-0.200 F4000
; cut
G1 X88.513 Y75.128 F4000
G1 X89.185 Y77.952
G1 X89.777 Y80.443
G1 X90.450 Y83.272
G1 X91.121 Y86.096
G1 X91.793 Y88.920
G1 X92.157 Y90.449
G1 X92.829 Y93.273
G1 X93.501 Y96.097
G1 X94.173 Y98.921
G1 X94.844 Y101.745
G1 X95.516 Y104.569
G1 X96.188 Y107.393
G1 X96.860 Y110.217
G1 X97.532 Y113.041
G1 X98.204 Y115.865
G1 X98.875 Y118.689
G1 X99.547 Y121.513
G1 X100.219 Y124.337
G1 X100.891 Y127.161
G1 X101.563 Y129.985
G1 X102.235 Y132.809
G1 X102.907 Y135.633
G1 X103.578 Y138.457
G1 X104.250 Y141.281
G1 X104.922 Y144.105
G1 X105.594 Y146.929
G1 X106.265 Y149.753
G1 X106.938 Y152.577
G1 X107.609 Y155.401
G1 X108.281 Y158.225
G1 X108.953 Y161.049
G1 X109.625 Y163.873
G1 X110.297 Y166.697
G1 X110.969 Y169.521
G1 X111.640 Y172.345
G1 X112.312 Y175.169
G1 X112.984 Y177.994
G1 X113.656 Y180.817
G1 X114.328 Y183.642
G1 X115.000 Y186.465
G1 X115.837 Y189.987
; Retract
G0 Z5.000

; Path 50
; Rapid to initial position
G0 X115.838 Y189.988
G0 Z0.000
; plunge
G1 Z-0.200 F4000
; cut
G1 X115.166 Y187.164 F4000
G1 X114.494 Y184.340
G1 X113.823 Y181.516
G1 X113.151 Y178.692
G1 X112.479 Y175.868
G1 X111.807 Y173.044
G1 X111.135 Y170.220
G1 X110.463 Y167.396
G1 X109.792 Y164.572
G1 X109.120 Y161.748
G1 X108.448 Y158.924
G1 X107.776 Y156.100
G1 X107.104 Y153.276
G1 X106.432 Y150.451
G1 X105.761 Y147.628
G1 X105.089 Y144.804
G1 X104.417 Y141.980
G1 X103.745 Y139.156
G1 X103.073 Y136.331
G1 X102.401 Y133.508
G1 X101.730 Y130.683
G1 X101.058 Y127.859
G1 X100.386 Y125.035
G1 X99.714 Y122.211
G1 X99.042 Y119.387
G1 X98.370 Y116.563
G1 X97.699 Y113.739
G1 X97.026 Y110.915
G1 X96.355 Y108.091
G1 X95.683 Y105.267
G1 X95.011 Y102.443
G1 X94.339 Y99.619
G1 X93.667 Y96.795
G1 X92.995 Y93.971
G1 X92.158 Y90.449
G1 X91.486 Y87.625
G1 X90.814 Y84.801
G1 X90.142 Y81.977
G1 X89.778 Y80.448
G1 X89.106 Y77.619
G1 X88.434 Y74.795
G1 X87.842 Y72.305
; Retract
G0 Z5.000

; Path 51
; Rapid to initial position
G0 X130.367 Y96.389
G0 Z0.000
; plunge
G1 Z-0.200 F4000
; cut
G1 X130.780 Y96.456 F4000
G1 X131.598 Y96.590
G1 X131.931 Y96.627
G1 X134.279 Y96.886
G1 X134.805 Y96.943
G1 X137.155 Y97.170
G1 X139.506 Y97.396
G1 X140.951 Y97.535
G1 X143.303 Y97.750
G1 X145.654 Y97.964
G1 X148.006 Y98.179
G1 X148.533 Y98.227
G1 X150.149 Y98.374
G1 X150.559 Y98.412
G1 X150.660 Y98.421
G1 X152.289 Y98.566
G1 X152.814 Y98.613
G1 X154.439 Y98.758
G1 X154.957 Y98.804
G1 X155.316 Y98.837
G1 X156.597 Y98.951
G1 X156.803 Y98.969
G1 X157.110 Y98.997
G1 X157.860 Y99.064
G1 X158.264 Y99.100
G1 X158.695 Y99.138
G1 X159.271 Y99.190
G1 X159.428 Y99.204
G1 X159.923 Y99.248
G1 X160.939 Y99.339
G1 X161.441 Y99.384
G1 X161.994 Y99.433
G1 X162.157 Y99.448
G1 X163.123 Y99.533
G1 X163.588 Y99.574
G1 X164.072 Y99.616
G1 X165.316 Y99.726
G1 X165.680 Y99.758
G1 X165.790 Y99.768
G1 X166.159 Y99.800
G1 X167.779 Y99.944
G1 X167.986 Y99.962
G1 X168.254 Y99.985
G1 X169.887 Y100.129
G1 X170.356 Y100.171
G1 X172.019 Y100.317
G1 X172.467 Y100.357
G1 X173.726 Y100.468
G1 X174.143 Y100.505
G1 X176.496 Y100.711
G1 X178.849 Y100.917
G1 X181.201 Y101.123
G1 X183.360 Y101.312
G1 X185.714 Y101.493
G1 X188.069 Y101.674
G1 X189.793 Y101.807
; Retract
G0 Z5.000

; Path 52
; Rapid to initial position
G0 X192.912 Y80.074
G0 Z0.000
; plunge
G1 Z-0.200 F4000
; cut
G1 X192.679 Y80.150 F4000
G1 X192.390 Y80.245
G1 X191.954 Y80.388
G1 X191.345 Y80.587
G1 X190.895 Y80.735
G1 X190.550 Y80.848
G1 X190.092 Y80.998
G1 X189.562 Y81.172
G1 X189.105 Y81.322
G1 X188.688 Y81.459
G1 X188.223 Y81.611
G1 X187.772 Y81.759
G1 X187.308 Y81.911
G1 X186.821 Y82.071
G1 X186.348 Y82.226
G1 X185.976 Y82.348
G1 X185.685 Y82.444
G1 X184.946 Y82.686
G1 X184.467 Y82.843
G1 X183.713 Y83.090
G1 X183.065 Y83.303
G1 X182.579 Y83.462
G1 X181.179 Y83.921
G1 X180.685 Y84.089
G1 X179.271 Y84.573
G1 X178.788 Y84.738
G1 X177.375 Y85.222
G1 X175.916 Y85.722
G1 X173.682 Y86.486
G1 X171.447 Y87.251
G1 X169.720 Y87.907
G1 X167.512 Y88.746
G1 X165.305 Y89.585
G1 X164.283 Y90.080
G1 X162.157 Y91.109
G1 X161.691 Y91.525
; Retract
G0 Z5.000

; Path 53
; Rapid to initial position
G0 X197.377 Y78.367
G0 Z0.000
; plunge
G1 Z-0.200 F4000
; cut
G1 X199.096 Y78.645 F4000
G1 X201.427 Y79.022
G1 X203.759 Y79.398
G1 X206.090 Y79.775
G1 X208.421 Y80.152
G1 X210.753 Y80.529
G1 X213.084 Y80.905
G1 X214.872 Y81.194
G1 X217.029 Y81.543
G1 X219.360 Y81.919
G1 X221.692 Y82.296
G1 X224.023 Y82.673
G1 X226.354 Y83.050
G1 X228.685 Y83.426
G1 X231.017 Y83.803
G1 X233.348 Y84.180
G1 X235.679 Y84.557
G1 X238.010 Y84.933
G1 X240.342 Y85.310
G1 X242.673 Y85.687
G1 X244.543 Y86.145
G1 X245.424 Y86.361
G1 X245.913 Y86.481
G1 X248.188 Y87.038
G1 X248.685 Y87.160
G1 X250.973 Y87.720
G1 X251.460 Y87.840
G1 X253.778 Y88.408
G1 X254.255 Y88.525
G1 X254.785 Y88.655
G1 X255.384 Y88.744
G1 X257.719 Y89.094
G1 X259.670 Y89.387
G1 X262.005 Y89.737
G1 X262.948 Y89.878
G1 X265.284 Y90.228
G1 X267.619 Y90.578
G1 X269.955 Y90.928
G1 X272.290 Y91.278
G1 X274.626 Y91.629
G1 X276.961 Y91.979
G1 X279.296 Y92.329
G1 X281.632 Y92.679
G1 X283.967 Y93.029
G1 X286.303 Y93.379
G1 X288.638 Y93.729
G1 X290.973 Y94.079
G1 X293.309 Y94.429
G1 X295.644 Y94.779
G1 X297.980 Y95.129
G1 X300.315 Y95.479
G1 X302.651 Y95.829
G1 X302.822 Y95.754
G1 X304.984 Y94.806
G1 X307.147 Y93.857
G1 X309.310 Y92.909
; Retract
G0 Z5.000

; Path 54
; Rapid to initial position
G0 X312.072 Y93.098
G0 Z0.000
; plunge
G1 Z-0.200 F4000
; cut
G1 X311.053 Y93.469 F4000
G1 X308.833 Y94.276
G1 X306.614 Y95.083
G1 X305.450 Y95.507
G1 X303.914 Y95.409
G1 X301.557 Y95.258
G1 X299.200 Y95.107
G1 X296.844 Y94.956
G1 X294.487 Y94.805
G1 X292.130 Y94.654
G1 X289.774 Y94.503
G1 X287.417 Y94.352
G1 X285.060 Y94.201
G1 X282.703 Y94.050
G1 X280.347 Y93.899
G1 X277.990 Y93.749
G1 X275.633 Y93.598
G1 X273.277 Y93.447
G1 X270.920 Y93.296
G1 X268.563 Y93.145
G1 X266.207 Y92.994
G1 X263.850 Y92.843
G1 X263.235 Y92.725
G1 X260.915 Y92.282
G1 X258.596 Y91.838
G1 X257.516 Y91.631
G1 X255.196 Y91.188
G1 X252.877 Y90.744
G1 X251.660 Y90.511
G1 X249.874 Y90.299
G1 X247.529 Y90.020
G1 X245.184 Y89.742
G1 X242.839 Y89.463
G1 X240.494 Y89.184
G1 X238.149 Y88.906
G1 X235.804 Y88.627
G1 X233.459 Y88.349
G1 X231.114 Y88.070
G1 X228.769 Y87.791
G1 X226.424 Y87.513
G1 X224.079 Y87.234
G1 X221.734 Y86.956
G1 X219.389 Y86.677
G1 X217.568 Y86.461
G1 X216.391 Y86.321
G1 X214.046 Y86.042
G1 X213.227 Y85.945
G1 X210.882 Y85.666
G1 X208.537 Y85.388
G1 X206.621 Y85.160
; Retract
G0 Z5.000

; Path 55
; Rapid to initial position
G0 X209.305 Y73.340
G0 Z0.000
; plunge
G1 Z-0.200 F4000
; cut
G1 X209.732 Y75.662 F4000
G1 X210.160 Y77.985
G1 X210.588 Y80.307
G1 X211.016 Y82.629
G1 X211.444 Y84.952
G1 X211.872 Y87.274
G1 X212.299 Y89.597
G1 X212.727 Y91.919
G1 X213.155 Y94.241
G1 X213.583 Y96.564
G1 X214.011 Y98.886
G1 X214.439 Y101.209
G1 X214.866 Y103.531
G1 X215.294 Y105.854
G1 X215.722 Y108.176
G1 X216.150 Y110.499
G1 X216.578 Y112.821
G1 X217.005 Y115.144
G1 X217.433 Y117.466
G1 X217.861 Y119.788
G1 X218.289 Y122.111
G1 X218.717 Y124.433
G1 X219.145 Y126.756
G1 X219.572 Y129.078
G1 X220.000 Y131.401
G1 X220.171 Y132.328
; Retract
G0 Z5.000

; Path 56
; Rapid to initial position
G0 X220.171 Y132.328
G0 Z0.000
; plunge
G1 Z-0.200 F4000
; cut
G1 X220.000 Y131.401 F4000
G1 X219.572 Y129.078
G1 X219.145 Y126.756
G1 X218.717 Y124.433
G1 X218.289 Y122.111
G1 X217.861 Y119.788
G1 X217.433 Y117.466
G1 X217.005 Y115.144
G1 X216.578 Y112.821
G1 X216.150 Y110.499
G1 X215.722 Y108.176
G1 X215.294 Y105.854
G1 X214.866 Y103.531
G1 X214.439 Y101.209
G1 X214.011 Y98.886
G1 X213.583 Y96.564
G1 X213.155 Y94.241
G1 X212.727 Y91.919
G1 X212.299 Y89.597
G1 X211.872 Y87.274
G1 X211.444 Y84.952
G1 X211.016 Y82.629
G1 X210.588 Y80.307
G1 X210.160 Y77.985
G1 X209.732 Y75.662
G1 X209.305 Y73.340
; Retract
G0 Z5.000

; Path 57
; Rapid to initial position
G0 X211.228 Y63.112
G0 Z0.000
; plunge
G1 Z-0.200 F4000
; cut
G1 X211.446 Y64.351 F4000
G1 X211.598 Y65.215
G1 X212.008 Y67.540
G1 X212.147 Y68.335
G1 X212.446 Y70.032
G1 X212.855 Y72.357
G1 X213.265 Y74.683
G1 X213.674 Y77.009
G1 X214.083 Y79.335
G1 X214.493 Y81.661
G1 X214.902 Y83.986
G1 X215.311 Y86.312
G1 X215.721 Y88.638
G1 X216.130 Y90.964
G1 X216.539 Y93.290
G1 X216.949 Y95.615
G1 X217.358 Y97.941
G1 X217.767 Y100.267
G1 X218.177 Y102.593
G1 X218.586 Y104.918
G1 X218.995 Y107.244
G1 X219.405 Y109.570
G1 X219.814 Y111.896
G1 X220.223 Y114.221
G1 X220.633 Y116.547
G1 X221.042 Y118.873
G1 X221.451 Y121.199
G1 X221.861 Y123.525
G1 X222.270 Y125.851
G1 X222.679 Y128.176
G1 X223.089 Y130.502
; Retract
G0 Z5.000

; Path 58
; Rapid to initial position
G0 X223.089 Y130.502
G0 Z0.000
; plunge
G1 Z-0.200 F4000
; cut
G1 X222.790 Y128.805 F4000
G1 X222.381 Y126.479
G1 X221.971 Y124.154
G1 X221.562 Y121.828
G1 X221.153 Y119.502
G1 X220.743 Y117.176
G1 X220.334 Y114.851
G1 X219.925 Y112.525
G1 X219.515 Y110.199
G1 X219.106 Y107.873
G1 X218.697 Y105.548
G1 X218.287 Y103.222
G1 X217.878 Y100.896
G1 X217.469 Y98.570
G1 X217.059 Y96.244
G1 X216.650 Y93.918
G1 X216.241 Y91.593
G1 X215.831 Y89.267
G1 X215.422 Y86.941
G1 X215.013 Y84.615
G1 X214.603 Y82.290
G1 X214.194 Y79.964
G1 X213.785 Y77.638
G1 X213.375 Y75.312
G1 X212.966 Y72.987
G1 X212.557 Y70.661
G1 X212.147 Y68.335
G1 X212.008 Y67.540
G1 X211.855 Y66.677
G1 X211.446 Y64.351
G1 X211.228 Y63.112
; Retract
G0 Z5.000

; Path 59
; Rapid to initial position
G0 X211.125 Y61.278
G0 Z0.000
; plunge
G1 Z-0.200 F4000
; cut
G1 X211.238 Y61.952 F4000
G1 X211.396 Y62.896
G1 X211.785 Y65.225
G1 X211.917 Y66.017
G1 X212.034 Y66.712
G1 X212.423 Y69.041
G1 X212.640 Y70.339
G1 X213.030 Y72.668
G1 X213.419 Y74.998
G1 X213.808 Y77.327
G1 X214.198 Y79.656
G1 X214.587 Y81.985
G1 X214.977 Y84.314
G1 X215.366 Y86.644
G1 X215.463 Y87.224
G1 X215.852 Y89.553
G1 X216.242 Y91.882
G1 X216.631 Y94.212
G1 X217.021 Y96.541
G1 X217.410 Y98.870
G1 X217.800 Y101.199
G1 X218.189 Y103.528
G1 X218.578 Y105.857
G1 X218.968 Y108.187
G1 X219.357 Y110.516
G1 X219.747 Y112.845
G1 X220.136 Y115.174
G1 X220.525 Y117.504
G1 X220.915 Y119.833
G1 X221.304 Y122.162
G1 X221.693 Y124.491
G1 X222.083 Y126.820
G1 X222.472 Y129.149
; Retract
G0 Z5.000

; Path 60
; Rapid to initial position
G0 X222.467 Y128.831
G0 Z0.000
; plunge
G1 Z-0.200 F4000
; cut
G1 X222.079 Y126.502 F4000
G1 X221.690 Y124.172
G1 X221.301 Y121.843
G1 X220.912 Y119.514
G1 X220.524 Y117.184
G1 X220.135 Y114.855
G1 X219.746 Y112.526
G1 X219.358 Y110.196
G1 X218.969 Y107.867
G1 X218.580 Y105.538
G1 X218.283 Y103.754
G1 X217.894 Y101.425
G1 X217.505 Y99.095
G1 X217.117 Y96.766
G1 X216.728 Y94.437
G1 X216.339 Y92.107
G1 X215.951 Y89.778
G1 X215.562 Y87.449
G1 X215.273 Y85.719
G1 X214.885 Y83.390
G1 X214.496 Y81.060
G1 X214.107 Y78.731
G1 X213.718 Y76.402
G1 X213.330 Y74.072
G1 X212.941 Y71.743
G1 X212.552 Y69.414
G1 X212.164 Y67.084
G1 X211.889 Y65.441
G1 X211.757 Y64.649
G1 X211.369 Y62.320
G1 X211.276 Y61.766
G1 X211.099 Y60.703
; Retract
G0 Z5.000

; Path 61
; Rapid to initial position
G0 X211.284 Y58.452
G0 Z0.000
; plunge
G1 Z-0.200 F4000
; cut
G1 X211.320 Y58.678 F4000
G1 X211.681 Y60.962
G1 X211.942 Y62.610
G1 X212.066 Y63.399
G1 X212.137 Y63.845
G1 X212.506 Y66.177
G1 X212.875 Y68.510
G1 X213.243 Y70.842
G1 X213.612 Y73.175
G1 X213.981 Y75.507
G1 X214.350 Y77.840
G1 X214.718 Y80.173
G1 X215.087 Y82.505
G1 X215.456 Y84.838
G1 X215.825 Y87.170
G1 X216.174 Y89.376
G1 X216.543 Y91.708
G1 X216.911 Y94.041
G1 X217.280 Y96.373
G1 X217.649 Y98.706
G1 X218.018 Y101.038
G1 X218.387 Y103.371
G1 X218.755 Y105.703
G1 X218.925 Y106.774
G1 X219.294 Y109.106
G1 X219.662 Y111.439
G1 X220.031 Y113.771
G1 X220.400 Y116.104
G1 X220.769 Y118.437
G1 X221.138 Y120.769
G1 X221.506 Y123.102
G1 X221.875 Y125.434
G1 X222.244 Y127.767
; Retract
G0 Z5.000

; Path 62
; Rapid to initial position
G0 X221.751 Y126.512
G0 Z0.000
; plunge
G1 Z-0.200 F4000
; cut
G1 X221.708 Y126.221 F4000
G1 X221.359 Y123.885
G1 X221.010 Y121.549
G1 X220.661 Y119.214
G1 X220.312 Y116.878
G1 X219.963 Y114.543
G1 X219.614 Y112.207
G1 X219.265 Y109.872
G1 X218.916 Y107.536
G1 X218.862 Y107.179
G1 X218.513 Y104.844
G1 X218.164 Y102.508
G1 X217.815 Y100.172
G1 X217.466 Y97.837
G1 X217.117 Y95.501
G1 X216.768 Y93.166
G1 X216.419 Y90.830
G1 X216.070 Y88.494
G1 X215.825 Y86.857
G1 X215.476 Y84.522
G1 X215.127 Y82.186
G1 X214.778 Y79.851
G1 X214.429 Y77.515
G1 X214.080 Y75.180
G1 X213.731 Y72.844
G1 X213.382 Y70.508
G1 X213.033 Y68.173
G1 X212.684 Y65.837
G1 X212.335 Y63.502
G1 X211.986 Y61.166
G1 X211.868 Y60.380
G1 X211.808 Y59.974
G1 X211.632 Y58.797
G1 X211.283 Y56.461
; Retract
G0 Z5.000

; Path 63
; Rapid to initial position
G0 X211.537 Y54.132
G0 Z0.000
; plunge
G1 Z-0.200 F4000
; cut
G1 X211.588 Y54.495 F4000
G1 X211.809 Y56.062
G1 X212.139 Y58.401
G1 X212.242 Y59.137
G1 X212.446 Y60.588
G1 X212.776 Y62.926
G1 X213.105 Y65.264
G1 X213.435 Y67.603
G1 X213.764 Y69.941
G1 X214.093 Y72.280
G1 X214.422 Y74.618
G1 X214.752 Y76.957
G1 X215.081 Y79.295
G1 X215.410 Y81.634
G1 X215.740 Y83.972
G1 X216.069 Y86.310
G1 X216.398 Y88.649
G1 X216.728 Y90.987
G1 X217.057 Y93.326
G1 X217.387 Y95.664
G1 X217.716 Y98.003
G1 X218.045 Y100.341
G1 X218.375 Y102.680
G1 X218.704 Y105.018
G1 X219.033 Y107.357
G1 X219.363 Y109.695
G1 X219.614 Y111.477
G1 X219.943 Y113.816
G1 X220.272 Y116.154
G1 X220.602 Y118.493
G1 X220.931 Y120.831
G1 X221.260 Y123.170
G1 X221.590 Y125.508
; Retract
G0 Z5.000

; Path 64
; Rapid to initial position
G0 X221.006 Y124.191
G0 Z0.000
; plunge
G1 Z-0.200 F4000
; cut
G1 X220.792 Y122.570 F4000
G1 X220.482 Y120.228
G1 X220.172 Y117.887
G1 X219.862 Y115.546
G1 X219.553 Y113.205
G1 X219.243 Y110.864
G1 X218.933 Y108.523
G1 X218.623 Y106.182
G1 X218.314 Y103.841
G1 X218.004 Y101.499
G1 X217.694 Y99.158
G1 X217.385 Y96.817
G1 X217.075 Y94.476
G1 X216.765 Y92.135
G1 X216.456 Y89.794
G1 X216.146 Y87.453
G1 X215.836 Y85.112
G1 X215.526 Y82.771
G1 X215.216 Y80.429
G1 X214.907 Y78.088
G1 X214.597 Y75.747
G1 X214.287 Y73.406
G1 X213.978 Y71.065
G1 X213.668 Y68.724
G1 X213.358 Y66.383
G1 X213.049 Y64.042
G1 X212.739 Y61.700
G1 X212.429 Y59.359
G1 X212.119 Y57.018
G1 X211.972 Y55.905
G1 X211.794 Y54.557
G1 X211.484 Y52.216
; Retract
G0 Z5.000

; Path 65
; Rapid to initial position
G0 X211.622 Y50.054
G0 Z0.000
; plunge
G1 Z-0.200 F4000
; cut
G1 X211.682 Y50.534 F4000
G1 X211.972 Y52.877
G1 X212.239 Y55.031
G1 X212.537 Y57.439
G1 X212.827 Y59.783
G1 X213.117 Y62.126
G1 X213.407 Y64.470
G1 X213.697 Y66.814
G1 X213.988 Y69.157
G1 X214.278 Y71.501
G1 X214.568 Y73.845
G1 X214.858 Y76.188
G1 X215.148 Y78.532
G1 X215.439 Y80.875
G1 X215.729 Y83.219
G1 X216.019 Y85.563
G1 X216.309 Y87.906
G1 X216.599 Y90.250
G1 X216.890 Y92.594
G1 X217.180 Y94.937
G1 X217.470 Y97.281
G1 X217.760 Y99.624
G1 X218.050 Y101.968
G1 X218.340 Y104.312
G1 X218.631 Y106.655
G1 X218.921 Y108.999
G1 X219.211 Y111.342
G1 X219.501 Y113.686
G1 X219.792 Y116.030
G1 X220.082 Y118.373
G1 X220.372 Y120.717
G1 X220.662 Y123.061
; Retract
G0 Z5.000

; Path 66
; Rapid to initial position
G0 X220.230 Y121.872
G0 Z0.000
; plunge
G1 Z-0.200 F4000
; cut
G1 X220.130 Y121.012 F4000
G1 X219.860 Y118.666
G1 X219.589 Y116.320
G1 X219.318 Y113.974
G1 X219.047 Y111.628
G1 X218.777 Y109.282
G1 X218.506 Y106.936
G1 X218.235 Y104.590
G1 X217.964 Y102.245
G1 X217.694 Y99.899
G1 X217.423 Y97.553
G1 X217.152 Y95.207
G1 X216.881 Y92.861
G1 X216.611 Y90.515
G1 X216.340 Y88.169
G1 X216.069 Y85.823
G1 X215.798 Y83.477
G1 X215.528 Y81.131
G1 X215.257 Y78.785
G1 X214.986 Y76.439
G1 X214.715 Y74.093
G1 X214.445 Y71.747
G1 X214.174 Y69.401
G1 X213.903 Y67.055
G1 X213.632 Y64.709
G1 X213.362 Y62.363
G1 X213.091 Y60.017
G1 X212.820 Y57.671
G1 X212.549 Y55.326
G1 X212.278 Y52.980
G1 X212.182 Y52.149
G1 X211.912 Y49.803
G1 X211.700 Y47.966
; Retract
G0 Z5.000

; Path 67
; Rapid to initial position
G0 X211.801 Y45.829
G0 Z0.000
; plunge
G1 Z-0.200 F4000
; cut
G1 X211.830 Y46.102 F4000
G1 X211.901 Y46.766
G1 X212.097 Y48.600
G1 X212.349 Y50.948
G1 X212.529 Y52.630
G1 X212.780 Y54.978
G1 X213.032 Y57.326
G1 X213.283 Y59.675
G1 X213.535 Y62.023
G1 X213.786 Y64.371
G1 X214.038 Y66.719
G1 X214.289 Y69.067
G1 X214.540 Y71.415
G1 X214.792 Y73.763
G1 X215.043 Y76.111
G1 X215.295 Y78.459
G1 X215.546 Y80.807
G1 X215.797 Y83.156
G1 X216.049 Y85.504
G1 X216.300 Y87.852
G1 X216.552 Y90.200
G1 X216.803 Y92.548
G1 X217.054 Y94.896
G1 X217.306 Y97.244
G1 X217.557 Y99.592
G1 X217.809 Y101.941
G1 X218.060 Y104.289
G1 X218.312 Y106.637
G1 X218.563 Y108.985
G1 X218.814 Y111.333
G1 X219.066 Y113.681
G1 X219.317 Y116.029
G1 X219.569 Y118.377
G1 X219.820 Y120.725
; Retract
G0 Z5.000

; Path 68
; Rapid to initial position
G0 X219.425 Y119.925
G0 Z0.000
; plunge
G1 Z-0.200 F4000
; cut
G1 X219.192 Y117.575 F4000
G1 X218.959 Y115.225
G1 X218.726 Y112.875
G1 X218.493 Y110.525
G1 X218.260 Y108.175
G1 X218.027 Y105.825
G1 X217.795 Y103.475
G1 X217.561 Y101.125
G1 X217.329 Y98.775
G1 X217.096 Y96.425
G1 X216.863 Y94.075
G1 X216.630 Y91.725
G1 X216.397 Y89.375
G1 X216.164 Y87.025
G1 X215.931 Y84.675
G1 X215.698 Y82.325
G1 X215.465 Y79.975
G1 X215.232 Y77.625
G1 X214.999 Y75.274
G1 X214.766 Y72.924
G1 X214.533 Y70.575
G1 X214.300 Y68.225
G1 X214.067 Y65.875
G1 X213.834 Y63.524
G1 X213.601 Y61.175
G1 X213.368 Y58.825
G1 X213.135 Y56.475
G1 X212.902 Y54.124
G1 X212.670 Y51.774
G1 X212.445 Y49.510
G1 X212.212 Y47.160
G1 X211.979 Y44.810
G1 X211.969 Y44.709
G1 X211.930 Y44.326
; Retract
G0 Z5.000

; Path 69
; Rapid to initial position
G0 X262.633 Y31.186
G0 Z0.000
; plunge
G1 Z-0.200 F4000
; cut
G1 X262.093 Y32.456 F4000
G1 X261.169 Y34.629
G1 X260.246 Y36.803
G1 X259.322 Y38.976
G1 X258.399 Y41.150
G1 X257.475 Y43.323
G1 X256.551 Y45.497
G1 X255.628 Y47.670
G1 X254.704 Y49.843
G1 X253.781 Y52.017
G1 X252.857 Y54.190
G1 X251.934 Y56.364
G1 X251.010 Y58.537
G1 X250.087 Y60.711
G1 X249.163 Y62.884
G1 X248.239 Y65.058
G1 X249.750 Y66.183
G1 X251.203 Y67.266
G1 X253.096 Y68.677
G1 X254.990 Y70.088
G1 X256.883 Y71.499
G1 X258.324 Y72.572
G1 X258.728 Y72.639
G1 X261.058 Y73.027
G1 X263.387 Y73.414
G1 X265.717 Y73.801
G1 X268.046 Y74.189
G1 X270.376 Y74.576
G1 X272.706 Y74.964
G1 X275.035 Y75.351
G1 X277.365 Y75.739
G1 X279.694 Y76.126
G1 X282.024 Y76.514
G1 X284.353 Y76.901
G1 X286.682 Y77.289
G1 X289.012 Y77.676
G1 X291.341 Y78.064
G1 X293.671 Y78.451
G1 X296.001 Y78.839
; Retract
G0 Z5.000

; Path 70
; Rapid to initial position
G0 X306.134 Y80.427
G0 Z0.000
; plunge
G1 Z-0.200 F4000
; cut
G1 X307.417 Y79.340 F4000
G1 X308.180 Y78.641
; Retract
G0 Z5.000

; Path 71
; Rapid to initial position
G0 X313.480 Y81.252
G0 Z0.000
; plunge
G1 Z-0.200 F4000
; cut
G1 X315.797 Y80.796 F4000
G1 X318.114 Y80.340
G1 X320.432 Y79.884
G1 X322.749 Y79.429
G1 X322.909 Y79.397
G1 X323.390 Y79.302
; Retract
G0 Z5.000

; Path 72
; Rapid to initial position
G0 X337.317 Y77.859
G0 Z0.000
; plunge
G1 Z-0.200 F4000
; cut
G1 X336.221 Y79.394 F4000
G1 X333.924 Y82.611
G1 X332.200 Y84.730
G1 X329.687 Y87.818
G1 X327.563 Y90.156
G1 X324.869 Y93.123
G1 X322.372 Y95.622
G1 X319.522 Y98.474
G1 X317.853 Y100.008
; Retract
G0 Z5.000

; Path 73
; Rapid to initial position
G0 X314.157 Y99.942
G0 Z0.000
; plunge
G1 Z-0.200 F4000
; cut
G1 X314.025 Y99.772 F4000
G1 X313.932 Y99.639
G1 X313.804 Y99.438
G1 X313.717 Y99.275
G1 X313.644 Y99.115
G1 X313.586 Y98.957
G1 X313.543 Y98.801
G1 X313.515 Y98.648
G1 X313.502 Y98.498
G1 X313.504 Y98.349
G1 X313.515 Y98.244
G1 X313.535 Y98.130
G1 X313.564 Y98.008
G1 X313.603 Y97.878
G1 X313.651 Y97.739
G1 X313.708 Y97.591
G1 X313.775 Y97.435
G1 X313.851 Y97.270
G1 X313.935 Y97.097
G1 X314.030 Y96.916
G1 X314.133 Y96.726
G1 X314.246 Y96.528
G1 X314.367 Y96.326
G1 X314.494 Y96.126
G1 X314.628 Y95.927
G1 X314.768 Y95.729
G1 X314.915 Y95.533
G1 X315.068 Y95.339
G1 X315.228 Y95.145
G1 X315.395 Y94.954
G1 X315.568 Y94.763
G1 X315.747 Y94.575
G1 X315.933 Y94.387
G1 X316.126 Y94.202
G1 X316.323 Y94.022
G1 X316.521 Y93.855
G1 X316.721 Y93.701
G1 X316.922 Y93.558
G1 X317.124 Y93.428
G1 X317.328 Y93.310
G1 X317.533 Y93.204
G1 X317.739 Y93.110
G1 X317.947 Y93.028
G1 X318.157 Y92.959
G1 X318.367 Y92.902
G1 X318.580 Y92.857
G1 X318.996 Y92.798
G1 X319.437 Y92.768
G1 X319.902 Y92.767
G1 X320.391 Y92.797
G1 X320.904 Y92.855
G1 X321.442 Y92.943
G1 X322.004 Y93.061
G1 X322.592 Y93.208
G1 X323.203 Y93.385
G1 X323.840 Y93.592
G1 X324.501 Y93.829
G1 X325.187 Y94.095
G1 X325.879 Y94.387
G1 X326.555 Y94.698
G1 X327.217 Y95.029
G1 X327.863 Y95.380
G1 X328.495 Y95.751
G1 X329.111 Y96.141
G1 X329.257 Y96.241
G1 X329.712 Y96.552
G1 X330.299 Y96.983
G1 X330.870 Y97.433
G1 X331.426 Y97.905
G1 X331.967 Y98.396
G1 X332.492 Y98.907
G1 X332.988 Y99.431
G1 X333.438 Y99.961
; Retract
G0 Z5.000

; Path 74
; Rapid to initial position
G0 X333.913 Y98.198
G0 Z0.000
; plunge
G1 Z-0.200 F4000
; cut
G1 X334.393 Y98.085 F4000
G1 X335.105 Y98.090
G1 X335.404 Y98.106
G1 X336.091 Y98.284
G1 X336.711 Y98.626
G1 X336.941 Y98.804
G1 X337.455 Y99.288
G1 X337.848 Y99.899
G1 X337.978 Y100.181
G1 X338.216 Y100.854
G1 X338.267 Y101.195
G1 X338.343 Y101.862
G1 X338.335 Y102.200
G1 X338.259 Y102.790
G1 X338.221 Y103.063
G1 X338.150 Y103.365
G1 X338.052 Y103.684
G1 X337.928 Y104.009
G1 X337.784 Y104.326
G1 X337.626 Y104.624
G1 X337.458 Y104.891
G1 X337.289 Y105.118
G1 X336.928 Y105.577
G1 X336.688 Y105.834
G1 X336.162 Y106.247
G1 X335.900 Y106.450
G1 X335.227 Y106.780
G1 X334.926 Y106.909
G1 X334.210 Y107.072
G1 X333.498 Y107.062
G1 X333.198 Y107.051
G1 X332.512 Y106.868
G1 X331.895 Y106.521
G1 X331.662 Y106.349
G1 X331.151 Y105.860
G1 X330.763 Y105.246
G1 X330.629 Y104.967
G1 X330.397 Y104.293
G1 X330.342 Y103.953
G1 X330.272 Y103.287
G1 X330.277 Y102.949
G1 X330.331 Y102.554
G1 X330.397 Y102.089
G1 X330.465 Y101.788
G1 X330.563 Y101.470
G1 X330.686 Y101.146
G1 X330.830 Y100.830
G1 X330.989 Y100.533
G1 X331.157 Y100.267
G1 X331.187 Y100.227
; Retract
G0 Z5.000

; Path 75
; Rapid to initial position
G0 X336.089 Y101.933
G0 Z0.000
; plunge
G1 Z-0.200 F4000
; cut
G1 X336.730 Y103.501 F4000
; Retract
G0 Z5.000

; Path 76
; Rapid to initial position
G0 X339.117 Y104.448
G0 Z0.000
; plunge
G1 Z-0.200 F4000
; cut
G1 X339.086 Y104.254 F4000
G1 X338.889 Y103.028
G1 X338.759 Y102.214
G1 X338.820 Y99.930
; Retract
G0 Z5.000

; Path 77
; Rapid to initial position
G0 X333.603 Y107.592
G0 Z0.000
; plunge
G1 Z-0.200 F4000
; cut
G1 X333.423 Y107.515 F4000
G1 X332.549 Y107.144
; Retract
G0 Z5.000

; Path 78
; Rapid to initial position
G0 X327.575 Y113.810
G0 Z0.000
; plunge
G1 Z-0.200 F4000
; cut
G1 X329.596 Y114.208 F4000
G1 X331.985 Y114.280
G1 X332.218 Y114.287
G1 X334.598 Y114.048
G1 X335.134 Y113.994
G1 X337.484 Y113.506
G1 X338.214 Y113.355
G1 X338.313 Y113.334
; Retract
G0 Z5.000

; Path 79
; Rapid to initial position
G0 X341.715 Y116.635
G0 Z0.000
; plunge
G1 Z-0.200 F4000
; cut
G1 X341.618 Y117.471 F4000
G1 X341.692 Y118.329
G1 X341.809 Y119.694
G1 X342.041 Y122.375
G1 X342.112 Y122.788
G1 X342.571 Y125.432
G1 X343.172 Y127.437
G1 X343.938 Y129.989
G1 X344.131 Y130.372
G1 X345.312 Y132.714
G1 X346.174 Y134.264
G1 X347.443 Y136.546
G1 X347.726 Y136.870
G1 X349.409 Y138.782
G1 X350.292 Y139.730
G1 X352.021 Y141.588
G1 X352.258 Y141.764
G1 X354.252 Y143.249
G1 X354.869 Y143.601
G1 X357.001 Y144.818
G1 X359.018 Y145.837
G1 X359.133 Y145.895
G1 X359.275 Y145.942
G1 X361.566 Y146.707
G1 X362.811 Y146.951
G1 X363.387 Y147.065
; Retract
G0 Z5.000

; Path 80
; Rapid to initial position
G0 X361.922 Y151.608
G0 Z0.000
; plunge
G1 Z-0.200 F4000
; cut
G1 X361.755 Y153.505 F4000
G1 X361.611 Y155.133
G1 X360.928 Y157.714
G1 X360.811 Y158.158
G1 X360.043 Y160.709
G1 X359.457 Y162.656
G1 X358.184 Y164.935
G1 X357.207 Y166.686
G1 X356.476 Y167.892
G1 X355.763 Y169.070
G1 X354.291 Y170.642
G1 X352.919 Y172.107
G1 X351.130 Y173.893
G1 X349.026 Y175.304
G1 X348.711 Y175.513
G1 X346.575 Y176.723
G1 X346.111 Y176.986
G1 X343.885 Y177.986
G1 X341.570 Y178.656
G1 X341.383 Y178.711
G1 X340.270 Y178.887
; Retract
G0 Z5.000

; Path 81
; Rapid to initial position
G0 X337.936 Y180.711
G0 Z0.000
; plunge
G1 Z-0.200 F4000
; cut
G1 X339.901 Y181.268 F4000
G1 X342.237 Y181.838
G1 X343.471 Y182.139
G1 X345.824 Y182.608
G1 X346.822 Y182.806
G1 X349.192 Y183.154
G1 X349.919 Y183.260
G1 X352.302 Y183.458
G1 X352.726 Y183.493
G1 X355.115 Y183.499
G1 X357.088 Y183.301
; Retract
G0 Z5.000

; Path 82
; Rapid to initial position
G0 X359.574 Y181.551
G0 Z0.000
; plunge
G1 Z-0.200 F4000
; cut
G1 X359.565 Y182.032 F4000
G1 X359.389 Y182.666
G1 X358.888 Y183.842
G1 X358.505 Y184.379
G1 X357.545 Y185.317
G1 X357.024 Y185.668
G1 X355.631 Y186.363
G1 X353.819 Y186.817
G1 X353.271 Y186.921
G1 X351.090 Y187.132
G1 X348.701 Y187.109
G1 X348.548 Y187.107
G1 X346.166 Y186.894
G1 X345.677 Y186.850
G1 X343.309 Y186.490
G1 X342.510 Y186.368
G1 X340.159 Y185.888
G1 X339.083 Y185.668
G1 X336.749 Y185.088
G1 X335.433 Y184.761
G1 X333.117 Y184.096
G1 X332.084 Y183.799
; Retract
G0 Z5.000

; Path 83
; Rapid to initial position
G0 X331.660 Y187.055
G0 Z0.000
; plunge
G1 Z-0.200 F4000
; cut
G1 X331.491 Y187.135 F4000
G1 X330.702 Y187.505
G1 X330.544 Y187.579
G1 X330.071 Y187.802
G1 X327.865 Y188.838
G1 X325.659 Y189.874
G1 X323.454 Y190.910
G1 X321.248 Y191.946
G1 X319.042 Y192.983
G1 X316.836 Y194.019
G1 X314.631 Y195.055
G1 X312.425 Y196.091
G1 X310.219 Y197.128
G1 X308.013 Y198.164
G1 X305.808 Y199.200
G1 X303.602 Y200.236
G1 X301.396 Y201.272
G1 X299.190 Y202.309
G1 X296.984 Y203.345
G1 X294.779 Y204.381
G1 X292.573 Y205.417
G1 X290.367 Y206.454
G1 X288.161 Y207.490
G1 X285.955 Y208.526
G1 X283.750 Y209.562
G1 X282.493 Y210.152
G1 X280.288 Y211.188
G1 X278.082 Y212.225
G1 X276.872 Y212.793
G1 X275.954 Y213.295
G1 X273.804 Y214.469
G1 X271.653 Y215.643
G1 X269.503 Y216.818
G1 X267.352 Y217.993
G1 X265.202 Y219.167
G1 X263.051 Y220.342
G1 X261.436 Y221.004
G1 X259.191 Y221.924
G1 X256.945 Y222.845
G1 X254.699 Y223.766
G1 X252.454 Y224.687
G1 X250.208 Y225.608
G1 X247.962 Y226.528
G1 X245.716 Y227.449
G1 X243.471 Y228.370
G1 X241.225 Y229.291
G1 X238.979 Y230.212
G1 X236.733 Y231.132
G1 X234.488 Y232.053
G1 X232.242 Y232.974
G1 X229.996 Y233.895
G1 X227.751 Y234.816
G1 X225.505 Y235.736
G1 X225.505 Y235.736
; Retract
G0 Z5.000

; Path 84
; Rapid to initial position
G0 X223.581 Y240.929
G0 Z0.000
; plunge
G1 Z-0.200 F4000
; cut
G1 X223.713 Y239.691 F4000
G1 X223.962 Y237.342
G1 X224.212 Y234.994
G1 X224.462 Y232.646
G1 X224.712 Y230.297
G1 X224.962 Y227.949
G1 X225.212 Y225.601
G1 X225.462 Y223.253
G1 X225.711 Y220.904
G1 X225.961 Y218.556
G1 X226.211 Y216.208
G1 X226.461 Y213.859
G1 X226.711 Y211.511
G1 X226.960 Y209.163
G1 X227.210 Y206.815
G1 X227.460 Y204.466
G1 X227.710 Y202.118
G1 X227.960 Y199.770
G1 X228.210 Y197.422
G1 X228.460 Y195.073
G1 X228.709 Y192.725
G1 X228.959 Y190.377
G1 X229.209 Y188.028
G1 X229.459 Y185.680
G1 X229.709 Y183.332
G1 X229.959 Y180.984
G1 X230.208 Y178.635
G1 X230.458 Y176.287
G1 X230.708 Y173.939
G1 X230.958 Y171.591
G1 X231.208 Y169.242
G1 X231.458 Y166.894
G1 X231.708 Y164.546
G1 X231.863 Y163.087
G1 X231.897 Y162.760
G1 X232.017 Y161.634
; Retract
G0 Z5.000

; Path 85
; Rapid to initial position
G0 X235.266 Y161.291
G0 Z0.000
; plunge
G1 Z-0.200 F4000
; cut
G1 X234.972 Y163.863 F4000
G1 X234.789 Y165.463
G1 X234.762 Y165.695
G1 X234.740 Y165.887
G1 X234.701 Y166.229
G1 X234.401 Y168.853
G1 X234.096 Y171.525
G1 X233.861 Y173.581
G1 X233.592 Y175.935
G1 X233.286 Y178.606
G1 X233.177 Y179.555
G1 X232.872 Y182.226
G1 X232.567 Y184.898
G1 X232.261 Y187.569
G1 X231.956 Y190.241
G1 X231.650 Y192.912
G1 X231.345 Y195.583
G1 X231.039 Y198.255
G1 X230.734 Y200.926
G1 X230.429 Y203.598
G1 X230.123 Y206.269
G1 X229.818 Y208.941
G1 X229.512 Y211.612
G1 X229.207 Y214.283
G1 X228.901 Y216.955
G1 X228.596 Y219.626
G1 X228.291 Y222.298
G1 X227.985 Y224.969
G1 X227.680 Y227.640
G1 X227.374 Y230.312
G1 X227.069 Y232.983
G1 X226.763 Y235.655
G1 X226.458 Y238.326
G1 X226.152 Y240.998
G1 X225.847 Y243.669
G1 X225.541 Y246.340
G1 X225.267 Y248.742
G1 X224.961 Y251.413
G1 X224.656 Y254.085
; Retract
G0 Z5.000

; Path 86
; Rapid to initial position
G0 X224.075 Y251.374
G0 Z0.000
; plunge
G1 Z-0.200 F4000
; cut
G1 X224.362 Y249.016 F4000
G1 X224.686 Y246.347
G1 X225.010 Y243.678
G1 X225.334 Y241.010
G1 X225.659 Y238.341
G1 X225.983 Y235.673
G1 X226.308 Y233.004
G1 X226.632 Y230.335
G1 X226.956 Y227.667
G1 X227.280 Y224.998
G1 X227.605 Y222.330
G1 X227.929 Y219.661
G1 X228.254 Y216.993
G1 X228.578 Y214.324
G1 X228.902 Y211.655
G1 X229.226 Y208.987
G1 X229.551 Y206.318
G1 X229.875 Y203.650
G1 X230.199 Y200.981
G1 X230.524 Y198.313
G1 X230.848 Y195.644
G1 X231.172 Y192.975
G1 X231.497 Y190.307
G1 X231.821 Y187.638
G1 X232.145 Y184.969
G1 X232.470 Y182.301
G1 X232.734 Y180.122
G1 X233.059 Y177.454
G1 X233.383 Y174.785
G1 X233.707 Y172.117
G1 X233.958 Y170.052
G1 X234.069 Y169.145
G1 X234.393 Y166.476
G1 X234.717 Y163.808
G1 X234.883 Y162.446
G1 X235.207 Y159.777
; Retract
G0 Z5.000

; Path 87
; Rapid to initial position
G0 X235.315 Y162.814
G0 Z0.000
; plunge
G1 Z-0.200 F4000
; cut
G1 X235.145 Y164.398 F4000
G1 X234.859 Y167.072
G1 X234.796 Y167.658
G1 X234.509 Y170.332
G1 X234.223 Y173.006
G1 X234.017 Y174.929
G1 X234.004 Y175.054
G1 X233.840 Y176.583
G1 X233.553 Y179.257
G1 X233.267 Y181.931
G1 X232.980 Y184.606
G1 X232.694 Y187.279
G1 X232.407 Y189.954
G1 X232.121 Y192.628
G1 X231.834 Y195.302
G1 X231.548 Y197.976
G1 X231.261 Y200.650
G1 X230.975 Y203.324
G1 X230.688 Y205.998
G1 X230.402 Y208.672
G1 X230.115 Y211.346
G1 X229.829 Y214.020
G1 X229.542 Y216.694
G1 X229.256 Y219.368
G1 X228.969 Y222.043
G1 X228.683 Y224.717
G1 X228.396 Y227.391
G1 X228.110 Y230.065
G1 X227.823 Y232.739
G1 X227.537 Y235.413
G1 X227.250 Y238.087
G1 X226.964 Y240.761
G1 X226.677 Y243.435
G1 X226.391 Y246.109
G1 X226.104 Y248.783
G1 X225.818 Y251.458
G1 X225.531 Y254.131
G1 X225.245 Y256.805
; Retract
G0 Z5.000

; Path 88
; Rapid to initial position
G0 X225.332 Y257.448
G0 Z0.000
; plunge
G1 Z-0.200 F4000
; cut
G1 X225.618 Y254.774 F4000
G1 X225.904 Y252.100
G1 X226.190 Y249.425
G1 X226.476 Y246.751
G1 X226.762 Y244.077
G1 X227.048 Y241.403
G1 X227.334 Y238.729
G1 X227.620 Y236.055
G1 X227.906 Y233.380
G1 X228.192 Y230.706
G1 X228.478 Y228.032
G1 X228.764 Y225.358
G1 X229.050 Y222.684
G1 X229.336 Y220.010
G1 X229.622 Y217.336
G1 X229.908 Y214.661
G1 X230.194 Y211.987
G1 X230.480 Y209.313
G1 X230.766 Y206.639
G1 X231.052 Y203.965
G1 X231.338 Y201.291
G1 X231.624 Y198.617
G1 X231.910 Y195.942
G1 X232.196 Y193.268
G1 X232.482 Y190.594
G1 X232.768 Y187.920
G1 X233.054 Y185.246
G1 X233.340 Y182.572
G1 X233.626 Y179.898
G1 X233.912 Y177.223
G1 X234.109 Y175.387
G1 X234.328 Y173.339
G1 X234.614 Y170.665
G1 X234.874 Y168.230
G1 X234.959 Y167.439
G1 X235.104 Y166.082
G1 X235.390 Y163.408
G1 X235.418 Y163.147
; Retract
G0 Z5.000

; Path 89
; Rapid to initial position
G0 X235.454 Y164.672
G0 Z0.000
; plunge
G1 Z-0.200 F4000
; cut
G1 X235.185 Y167.372 F4000
G1 X234.918 Y170.048
G1 X234.708 Y172.147
G1 X234.441 Y174.824
G1 X234.238 Y176.864
G1 X234.155 Y177.696
G1 X233.888 Y180.372
G1 X233.621 Y183.049
G1 X233.354 Y185.726
G1 X233.087 Y188.402
G1 X232.820 Y191.079
G1 X232.553 Y193.756
G1 X232.286 Y196.432
G1 X232.019 Y199.109
G1 X231.752 Y201.786
G1 X231.485 Y204.462
G1 X231.218 Y207.139
G1 X230.951 Y209.815
G1 X230.693 Y212.394
G1 X230.426 Y215.071
G1 X230.160 Y217.748
G1 X229.893 Y220.424
G1 X229.625 Y223.101
G1 X229.359 Y225.777
G1 X229.092 Y228.454
G1 X228.824 Y231.131
G1 X228.557 Y233.807
G1 X228.291 Y236.484
G1 X228.064 Y238.754
G1 X227.797 Y241.431
G1 X227.530 Y244.107
G1 X227.263 Y246.784
G1 X226.996 Y249.461
G1 X226.729 Y252.137
G1 X226.462 Y254.814
G1 X226.195 Y257.491
G1 X225.928 Y260.167
; Retract
G0 Z5.000

; Path 90
; Rapid to initial position
G0 X223.488 Y228.196
G0 Z0.000
; plunge
G1 Z-0.200 F4000
; cut
G1 X223.827 Y225.859 F4000
G1 X224.166 Y223.522
G1 X224.505 Y221.185
G1 X224.844 Y218.848
G1 X225.183 Y216.511
G1 X225.523 Y214.174
G1 X225.862 Y211.837
G1 X226.201 Y209.500
G1 X226.540 Y207.163
G1 X226.879 Y204.826
G1 X227.218 Y202.489
G1 X227.557 Y200.152
G1 X227.896 Y197.815
G1 X228.235 Y195.478
G1 X228.574 Y193.141
G1 X228.914 Y190.804
G1 X229.253 Y188.467
G1 X229.591 Y186.130
G1 X229.931 Y183.792
G1 X230.270 Y181.455
G1 X230.609 Y179.118
G1 X230.948 Y176.781
G1 X231.287 Y174.444
G1 X231.460 Y173.252
G1 X231.799 Y170.915
G1 X232.138 Y168.578
G1 X232.477 Y166.241
G1 X232.816 Y163.904
G1 X233.155 Y161.567
G1 X233.424 Y159.720
G1 X233.676 Y157.976
G1 X233.905 Y156.404
G1 X234.244 Y154.067
G1 X234.423 Y152.832
G1 X234.487 Y152.387
G1 X234.682 Y151.045
G1 X234.989 Y148.931
; Retract
G0 Z5.000

; Path 91
; Rapid to initial position
G0 X234.903 Y147.606
G0 Z0.000
; plunge
G1 Z-0.200 F4000
; cut
G1 X234.545 Y149.940 F4000
G1 X234.188 Y152.275
G1 X233.830 Y154.609
G1 X233.810 Y154.744
G1 X233.452 Y157.079
G1 X233.269 Y158.276
G1 X232.911 Y160.611
G1 X232.553 Y162.945
G1 X232.196 Y165.279
G1 X231.838 Y167.614
G1 X231.480 Y169.948
G1 X231.123 Y172.282
G1 X230.765 Y174.616
G1 X230.408 Y176.951
G1 X230.050 Y179.285
G1 X229.692 Y181.619
G1 X229.335 Y183.954
G1 X228.977 Y186.288
G1 X228.619 Y188.622
G1 X228.262 Y190.957
G1 X227.904 Y193.291
G1 X227.547 Y195.625
G1 X227.189 Y197.959
G1 X226.832 Y200.294
G1 X226.474 Y202.628
G1 X226.116 Y204.962
G1 X225.759 Y207.296
G1 X225.401 Y209.631
G1 X225.043 Y211.965
G1 X224.686 Y214.299
G1 X224.328 Y216.634
G1 X223.971 Y218.968
G1 X223.613 Y221.302
G1 X223.255 Y223.637
G1 X222.917 Y225.845
; Retract
G0 Z5.000

; Path 92
; Rapid to initial position
G0 X222.354 Y223.503
G0 Z0.000
; plunge
G1 Z-0.200 F4000
; cut
G1 X222.729 Y221.171 F4000
G1 X223.106 Y218.840
G1 X223.482 Y216.509
G1 X223.858 Y214.177
G1 X224.234 Y211.846
G1 X224.610 Y209.515
G1 X224.986 Y207.183
G1 X225.362 Y204.852
G1 X225.738 Y202.520
G1 X226.114 Y200.189
G1 X226.490 Y197.858
G1 X226.866 Y195.526
G1 X227.242 Y193.195
G1 X227.618 Y190.863
G1 X227.994 Y188.532
G1 X228.370 Y186.201
G1 X228.747 Y183.869
G1 X229.123 Y181.538
G1 X229.499 Y179.206
G1 X229.875 Y176.875
G1 X230.251 Y174.544
G1 X230.627 Y172.212
G1 X231.003 Y169.881
G1 X231.379 Y167.549
G1 X231.755 Y165.218
G1 X232.131 Y162.887
G1 X232.507 Y160.555
G1 X232.883 Y158.224
G1 X233.107 Y156.839
G1 X233.483 Y154.508
G1 X233.859 Y152.176
G1 X234.060 Y150.929
G1 X234.200 Y150.060
G1 X234.491 Y148.260
G1 X234.725 Y146.809
G1 X234.808 Y146.288
; Retract
G0 Z5.000

; Path 93
; Rapid to initial position
G0 X234.705 Y144.978
G0 Z0.000
; plunge
G1 Z-0.200 F4000
; cut
G1 X234.334 Y147.164 F4000
G1 X233.940 Y149.492
G1 X233.546 Y151.820
G1 X233.151 Y154.149
G1 X232.938 Y155.408
G1 X232.543 Y157.736
G1 X232.149 Y160.065
G1 X231.754 Y162.393
G1 X231.360 Y164.721
G1 X230.966 Y167.050
G1 X230.571 Y169.378
G1 X230.177 Y171.706
G1 X229.782 Y174.035
G1 X229.388 Y176.363
G1 X228.993 Y178.691
G1 X228.599 Y181.020
G1 X228.204 Y183.348
G1 X227.810 Y185.677
G1 X227.415 Y188.005
G1 X227.021 Y190.333
G1 X226.627 Y192.661
G1 X226.232 Y194.990
G1 X225.838 Y197.318
G1 X225.443 Y199.647
G1 X225.049 Y201.975
G1 X224.654 Y204.303
G1 X224.260 Y206.632
G1 X223.866 Y208.960
G1 X223.471 Y211.288
G1 X223.077 Y213.617
G1 X222.682 Y215.945
G1 X222.288 Y218.273
G1 X221.797 Y221.168
; Retract
G0 Z5.000

; Path 94
; Rapid to initial position
G0 X222.054 Y219.994
G0 Z0.000
; plunge
G1 Z-0.200 F4000
; cut
G1 X222.466 Y217.669 F4000
G1 X222.879 Y215.344
G1 X223.292 Y213.019
G1 X223.704 Y210.693
G1 X224.117 Y208.368
G1 X224.530 Y206.043
G1 X224.943 Y203.718
G1 X225.355 Y201.393
G1 X225.768 Y199.068
G1 X226.181 Y196.743
G1 X226.594 Y194.417
G1 X227.006 Y192.092
G1 X227.419 Y189.767
G1 X227.832 Y187.442
G1 X228.245 Y185.116
G1 X228.657 Y182.791
G1 X229.070 Y180.466
G1 X229.483 Y178.141
G1 X229.896 Y175.816
G1 X230.308 Y173.491
G1 X230.721 Y171.166
G1 X231.134 Y168.840
G1 X231.547 Y166.515
G1 X231.959 Y164.190
G1 X232.372 Y161.865
G1 X232.785 Y159.540
G1 X233.198 Y157.214
G1 X233.567 Y155.135
G1 X233.979 Y152.810
G1 X234.392 Y150.485
G1 X234.750 Y148.466
G1 X235.072 Y146.653
G1 X235.485 Y144.328
G1 X235.744 Y142.870
; Retract
G0 Z5.000

; Path 95
; Rapid to initial position
G0 X235.768 Y141.910
G0 Z0.000
; plunge
G1 Z-0.200 F4000
; cut
G1 X235.505 Y143.332 F4000
G1 X235.074 Y145.653
G1 X234.750 Y147.404
G1 X234.367 Y149.468
G1 X233.937 Y151.790
G1 X233.506 Y154.112
G1 X233.223 Y155.637
G1 X232.793 Y157.959
G1 X232.362 Y160.281
G1 X231.932 Y162.603
G1 X231.501 Y164.925
G1 X231.071 Y167.247
G1 X230.640 Y169.569
G1 X230.210 Y171.891
G1 X229.779 Y174.213
G1 X229.349 Y176.535
G1 X228.919 Y178.857
G1 X228.488 Y181.179
G1 X228.058 Y183.501
G1 X227.627 Y185.823
G1 X227.197 Y188.145
G1 X226.766 Y190.467
G1 X226.336 Y192.789
G1 X225.905 Y195.111
G1 X225.475 Y197.433
G1 X225.044 Y199.755
G1 X224.614 Y202.077
G1 X224.183 Y204.398
G1 X223.753 Y206.721
G1 X223.322 Y209.042
G1 X222.892 Y211.364
G1 X222.461 Y213.686
G1 X222.031 Y216.008
G1 X221.600 Y218.330
; Retract
G0 Z5.000

; Path 96
; Rapid to initial position
G0 X221.600 Y218.330
G0 Z0.000
; plunge
G1 Z-0.200 F4000
; cut
G1 X222.031 Y216.008 F4000
G1 X222.461 Y213.686
G1 X222.892 Y211.364
G1 X223.322 Y209.042
G1 X223.753 Y206.721
G1 X224.183 Y204.398
G1 X224.614 Y202.077
G1 X225.044 Y199.755
G1 X225.475 Y197.433
G1 X225.905 Y195.111
G1 X226.336 Y192.789
G1 X226.766 Y190.467
G1 X227.197 Y188.145
G1 X227.627 Y185.823
G1 X228.058 Y183.501
G1 X228.488 Y181.179
G1 X228.919 Y178.857
G1 X229.349 Y176.535
G1 X229.779 Y174.213
G1 X230.210 Y171.891
G1 X230.640 Y169.569
G1 X231.071 Y167.247
G1 X231.501 Y164.925
G1 X231.932 Y162.603
G1 X232.362 Y160.281
G1 X232.793 Y157.959
G1 X233.223 Y155.637
G1 X233.506 Y154.112
G1 X233.937 Y151.790
G1 X234.367 Y149.468
G1 X234.750 Y147.404
G1 X235.074 Y145.653
G1 X235.505 Y143.332
G1 X235.768 Y141.910
; Retract
G0 Z5.000

; Path 97
; Rapid to initial position
G0 X230.508 Y128.788
G0 Z0.000
; plunge
G1 Z-0.200 F4000
; cut
G1 X228.229 Y129.407 F4000
G1 X225.950 Y130.025
G1 X223.671 Y130.644
G1 X223.523 Y130.684
G1 X222.919 Y130.848
G1 X221.661 Y131.191
G1 X221.245 Y131.304
G1 X218.966 Y131.925
G1 X217.127 Y132.426
G1 X216.681 Y132.548
G1 X214.403 Y133.169
G1 X213.088 Y133.527
G1 X212.622 Y133.654
G1 X212.145 Y133.784
G1 X211.529 Y133.952
G1 X210.999 Y134.097
G1 X210.799 Y134.151
G1 X208.435 Y134.796
G1 X208.096 Y134.889
G1 X207.860 Y134.954
G1 X207.620 Y135.019
G1 X205.341 Y135.641
G1 X203.608 Y136.114
G1 X203.109 Y136.250
G1 X200.831 Y136.872
G1 X198.867 Y137.409
G1 X198.370 Y137.544
G1 X198.118 Y137.613
G1 X196.509 Y138.053
G1 X194.231 Y138.675
G1 X191.953 Y139.298
G1 X189.675 Y139.920
G1 X187.397 Y140.543
G1 X185.119 Y141.165
G1 X184.954 Y141.210
G1 X182.676 Y141.833
G1 X180.398 Y142.455
G1 X178.120 Y143.078
G1 X175.842 Y143.701
G1 X174.191 Y144.152
G1 X171.907 Y144.755
G1 X169.624 Y145.359
G1 X167.341 Y145.962
G1 X167.188 Y146.002
G1 X164.863 Y146.417
G1 X162.538 Y146.831
G1 X162.437 Y146.849
G1 X160.076 Y146.878
G1 X157.765 Y146.906
G1 X155.411 Y146.722
G1 X153.056 Y146.538
G1 X151.049 Y146.381
G1 X148.697 Y146.172
G1 X146.345 Y145.964
G1 X143.992 Y145.755
G1 X141.640 Y145.547
G1 X141.306 Y145.517
G1 X140.947 Y145.485
G1 X139.626 Y145.367
G1 X139.178 Y145.327
G1 X136.826 Y145.117
G1 X135.404 Y144.990
G1 X134.930 Y144.948
G1 X132.578 Y144.738
G1 X131.215 Y144.616
G1 X130.769 Y144.576
G1 X130.272 Y144.532
G1 X128.942 Y144.413
G1 X127.058 Y144.243
G1 X126.563 Y144.198
G1 X126.413 Y144.185
G1 X125.905 Y144.139
G1 X123.553 Y143.927
G1 X122.092 Y143.795
G1 X121.573 Y143.749
G1 X119.221 Y143.536
G1 X117.787 Y143.407
G1 X117.275 Y143.361
G1 X117.118 Y143.347
G1 X115.656 Y143.212
G1 X113.305 Y142.996
G1 X110.953 Y142.781
G1 X108.601 Y142.564
G1 X107.448 Y142.458
G1 X105.097 Y142.232
G1 X102.746 Y142.005
G1 X101.314 Y141.868
; Retract
G0 Z5.000

; Path 98
; Rapid to initial position
G0 X123.728 Y142.430
G0 Z0.000
; plunge
G1 Z-0.200 F4000
; cut
G1 X123.542 Y143.500 F4000
G1 X123.047 Y146.344
G1 X122.551 Y149.188
G1 X122.055 Y152.032
G1 X121.560 Y154.876
G1 X121.170 Y157.118
G1 X120.674 Y159.961
G1 X120.179 Y162.805
G1 X119.683 Y165.649
G1 X119.188 Y168.493
G1 X118.693 Y171.337
G1 X118.197 Y174.181
G1 X117.702 Y177.025
G1 X117.207 Y179.869
G1 X116.711 Y182.713
G1 X116.215 Y185.557
G1 X115.720 Y188.401
G1 X115.225 Y191.245
G1 X114.729 Y194.088
G1 X114.234 Y196.932
G1 X113.738 Y199.776
G1 X113.243 Y202.620
G1 X112.748 Y205.464
G1 X112.252 Y208.308
G1 X111.757 Y211.152
G1 X111.262 Y213.996
G1 X110.766 Y216.840
G1 X110.270 Y219.684
G1 X109.775 Y222.528
G1 X109.280 Y225.372
G1 X108.784 Y228.215
G1 X108.289 Y231.059
G1 X107.794 Y233.903
G1 X107.298 Y236.747
G1 X106.803 Y239.591
G1 X106.307 Y242.435
G1 X105.812 Y245.279
G1 X105.316 Y248.123
G1 X104.821 Y250.967
G1 X104.326 Y253.811
G1 X103.830 Y256.655
G1 X103.335 Y259.499
G1 X102.839 Y262.342
G1 X102.344 Y265.186
G1 X101.849 Y268.030
G1 X101.353 Y270.874
; Retract
G0 Z5.000

; Path 99
; Rapid to initial position
G0 X100.088 Y267.237
G0 Z0.000
; plunge
G1 Z-0.200 F4000
; cut
G1 X100.382 Y265.648 F4000
G1 X100.908 Y262.807
G1 X101.434 Y259.966
G1 X101.960 Y257.125
G1 X102.486 Y254.284
G1 X103.012 Y251.443
G1 X103.538 Y248.602
G1 X104.064 Y245.761
G1 X104.590 Y242.921
G1 X105.116 Y240.080
G1 X105.643 Y237.239
G1 X106.169 Y234.398
G1 X106.695 Y231.557
G1 X107.221 Y228.716
G1 X107.747 Y225.875
G1 X108.272 Y223.034
G1 X108.799 Y220.193
G1 X109.325 Y217.353
G1 X109.851 Y214.512
G1 X110.377 Y211.671
G1 X110.903 Y208.830
G1 X111.429 Y205.989
G1 X111.955 Y203.148
G1 X112.481 Y200.307
G1 X113.007 Y197.466
G1 X113.533 Y194.625
G1 X114.059 Y191.784
G1 X114.585 Y188.944
G1 X115.111 Y186.103
G1 X115.637 Y183.262
G1 X116.163 Y180.421
G1 X116.689 Y177.580
G1 X117.215 Y174.739
G1 X117.741 Y171.898
G1 X118.267 Y169.057
G1 X118.794 Y166.216
G1 X119.320 Y163.375
G1 X119.846 Y160.535
G1 X120.372 Y157.694
G1 X120.897 Y154.853
G1 X121.424 Y152.012
G1 X121.668 Y150.694
G1 X122.194 Y147.853
G1 X122.720 Y145.012
G1 X123.246 Y142.171
G1 X123.772 Y139.330
; Retract
G0 Z5.000

; Path 100
; Rapid to initial position
G0 X125.635 Y140.359
G0 Z0.000
; plunge
G1 Z-0.200 F4000
; cut
G1 X127.647 Y140.597 F4000
G1 X129.992 Y140.875
G1 X132.337 Y141.152
G1 X134.682 Y141.430
G1 X135.604 Y141.537
G1 X137.950 Y141.809
G1 X140.295 Y142.081
G1 X142.641 Y142.354
G1 X144.987 Y142.626
G1 X147.097 Y142.847
G1 X149.446 Y143.092
G1 X151.794 Y143.337
G1 X154.061 Y143.349
G1 X156.422 Y143.361
G1 X158.622 Y142.945
G1 X160.943 Y142.506
G1 X162.947 Y141.913
G1 X165.211 Y141.244
G1 X167.476 Y140.574
G1 X168.486 Y140.263
G1 X170.743 Y139.567
G1 X173.000 Y138.872
G1 X175.256 Y138.176
G1 X177.513 Y137.481
G1 X177.554 Y137.468
; Retract
G0 Z5.000

; Path 101
; Rapid to initial position
G0 X202.073 Y142.783
G0 Z0.000
; plunge
G1 Z-0.200 F4000
; cut
G1 X204.509 Y143.163 F4000
G1 X206.843 Y143.524
G1 X209.177 Y143.885
G1 X211.511 Y144.245
G1 X213.844 Y144.606
G1 X216.178 Y144.967
G1 X218.512 Y145.328
G1 X220.846 Y145.689
G1 X223.180 Y146.050
G1 X225.513 Y146.411
G1 X227.847 Y146.772
G1 X230.181 Y147.133
G1 X232.515 Y147.494
G1 X234.849 Y147.855
G1 X237.182 Y148.215
G1 X239.516 Y148.577
G1 X241.850 Y148.937
G1 X244.184 Y149.298
G1 X246.518 Y149.659
G1 X248.851 Y150.020
G1 X250.624 Y149.251
G1 X252.790 Y148.310
G1 X254.956 Y147.370
G1 X257.122 Y146.429
G1 X259.288 Y145.489
G1 X261.454 Y144.548
G1 X263.621 Y143.608
G1 X265.787 Y142.668
G1 X267.953 Y141.727
G1 X270.119 Y140.787
G1 X272.285 Y139.846
G1 X274.452 Y138.906
G1 X276.618 Y137.965
G1 X278.784 Y137.025
G1 X280.950 Y136.085
G1 X283.116 Y135.144
G1 X285.282 Y134.204
G1 X287.449 Y133.263
G1 X289.615 Y132.323
; Retract
G0 Z5.000

; Path 102
; Rapid to initial position
G0 X304.976 Y131.275
G0 Z0.000
; plunge
G1 Z-0.200 F4000
; cut
G1 X307.323 Y130.768 F4000
G1 X309.670 Y130.261
G1 X312.017 Y129.754
G1 X314.364 Y129.247
G1 X316.711 Y128.740
G1 X319.058 Y128.233
G1 X321.405 Y127.726
G1 X323.752 Y127.219
G1 X326.099 Y126.712
G1 X328.446 Y126.205
G1 X330.793 Y125.698
G1 X333.140 Y125.191
G1 X335.487 Y124.684
G1 X336.301 Y124.508
; Retract
G0 Z5.000

; Path 103
; Rapid to initial position
G0 X345.346 Y125.671
G0 Z0.000
; plunge
G1 Z-0.200 F4000
; cut
G1 X344.772 Y126.002 F4000
G1 X342.644 Y127.226
G1 X340.877 Y128.134
G1 X338.703 Y129.251
G1 X337.112 Y129.964
G1 X334.892 Y130.959
G1 X333.513 Y131.479
G1 X331.247 Y132.334
G1 X330.406 Y132.585
G1 X328.096 Y133.273
; Retract
G0 Z5.000

; Path 104
; Rapid to initial position
G0 X334.411 Y141.402
G0 Z0.000
; plunge
G1 Z-0.200 F4000
; cut
G1 X334.408 Y142.437 F4000
G1 X334.405 Y143.757
G1 X334.399 Y146.450
G1 X334.392 Y149.144
; Retract
G0 Z5.000

; Path 105
; Rapid to initial position
G0 X334.791 Y149.375
G0 Z0.000
; plunge
G1 Z-0.200 F4000
; cut
G1 X334.736 Y148.951 F4000
G1 X334.824 Y148.528
G1 X335.052 Y148.124
G1 X335.412 Y147.753
G1 X335.889 Y147.430
G1 X336.467 Y147.167
G1 X337.123 Y146.976
G1 X337.830 Y146.864
G1 X338.562 Y146.835
G1 X339.290 Y146.890
G1 X339.985 Y147.027
G1 X340.621 Y147.241
G1 X341.173 Y147.523
G1 X341.619 Y147.862
G1 X341.800 Y148.077
G1 X341.942 Y148.245
G1 X342.131 Y148.657
G1 X342.179 Y149.082
G1 X342.083 Y149.504
G1 X341.849 Y149.905
G1 X341.485 Y150.273
G1 X341.388 Y150.337
; Retract
G0 Z5.000

; Path 106
; Rapid to initial position
G0 X341.458 Y149.469
G0 Z0.000
; plunge
G1 Z-0.200 F4000
; cut
G1 X341.420 Y149.134 F4000
G1 X341.271 Y148.811
G1 X341.015 Y148.510
G1 X340.758 Y148.314
G1 X340.664 Y148.243
G1 X340.230 Y148.021
G1 X339.730 Y147.854
G1 X339.183 Y147.746
G1 X338.610 Y147.703
G1 X338.035 Y147.726
G1 X337.478 Y147.814
G1 X336.963 Y147.964
G1 X336.508 Y148.170
G1 X336.341 Y148.283
G1 X336.132 Y148.424
G1 X335.848 Y148.715
G1 X335.668 Y149.034
G1 X335.598 Y149.366
; Retract
G0 Z5.000

; Path 107
; Rapid to initial position
G0 X334.909 Y148.697
G0 Z0.000
; plunge
G1 Z-0.200 F4000
; cut
G1 X334.909 Y149.646 F4000
G1 X334.912 Y152.339
G1 X334.914 Y155.084
; Retract
G0 Z5.000

; Path 108
; Rapid to initial position
G0 X340.765 Y157.833
G0 Z0.000
; plunge
G1 Z-0.200 F4000
; cut
G1 X340.999 Y156.731 F4000
G1 X341.385 Y154.922
G1 X341.942 Y152.302
G1 X342.500 Y149.684
; Retract
G0 Z5.000

; Path 109
; Rapid to initial position
G0 X340.376 Y147.191
G0 Z0.000
; plunge
G1 Z-0.200 F4000
; cut
G1 X340.166 Y147.034 F4000
G1 X339.838 Y146.655
G1 X339.642 Y146.246
G1 X339.344 Y144.840
G1 X339.255 Y144.418
G1 X338.700 Y141.798
G1 X338.613 Y141.383
; Retract
G0 Z5.000

; Path 110
; Rapid to initial position
G0 X343.307 Y141.747
G0 Z0.000
; plunge
G1 Z-0.200 F4000
; cut
G1 X342.473 Y139.741 F4000
G1 X342.309 Y139.220
G1 X342.262 Y138.933
G1 X341.918 Y136.863
G1 X341.977 Y134.171
G1 X342.037 Y133.611
G1 X342.491 Y130.967
G1 X342.550 Y130.626
G1 X343.305 Y128.071
G1 X343.515 Y127.361
G1 X344.502 Y124.908
G1 X344.930 Y123.845
G1 X346.097 Y121.495
G1 X346.783 Y120.114
G1 X348.096 Y117.863
G1 X349.060 Y116.207
G1 X349.270 Y115.851
G1 X350.700 Y113.694
G1 X351.924 Y111.849
G1 X353.454 Y109.780
G1 X354.951 Y107.756
G1 X356.567 Y105.772
G1 X357.216 Y104.975
G1 X358.321 Y103.618
G1 X359.284 Y102.538
G1 X360.975 Y100.635
G1 X361.198 Y100.384
G1 X361.998 Y99.482
G1 X363.758 Y97.659
G1 X365.517 Y95.836
G1 X365.944 Y95.394
G1 X367.765 Y93.650
G1 X369.587 Y91.907
G1 X370.113 Y91.403
G1 X371.992 Y89.739
G1 X372.112 Y89.633
; Retract
G0 Z5.000

; Path 111
; Rapid to initial position
G0 X366.860 Y82.646
G0 Z0.000
; plunge
G1 Z-0.200 F4000
; cut
G1 X364.815 Y81.014 F4000
; Retract
G0 Z5.000

; Path 112
; Rapid to initial position
G0 X363.210 Y79.626
G0 Z0.000
; plunge
G1 Z-0.200 F4000
; cut
G1 X363.505 Y79.521 F4000
G1 X363.969 Y79.414
G1 X365.352 Y79.152
G1 X366.735 Y79.104
G1 X368.064 Y79.273
G1 X368.514 Y79.354
G1 X369.729 Y79.732
G1 X370.775 Y80.304
G1 X371.075 Y80.570
G1 X371.881 Y81.286
G1 X372.434 Y82.136
G1 X372.567 Y82.478
G1 X372.817 Y83.356
G1 X372.842 Y83.723
G1 X372.795 Y84.542
G1 X372.757 Y84.853
G1 X372.664 Y85.211
G1 X372.520 Y85.601
G1 X372.332 Y86.008
G1 X372.106 Y86.419
G1 X371.851 Y86.815
G1 X371.577 Y87.183
G1 X371.294 Y87.508
G1 X371.012 Y87.777
G1 X370.255 Y88.417
G1 X369.978 Y88.627
G1 X369.863 Y88.712
G1 X368.809 Y89.290
G1 X368.356 Y89.531
G1 X367.088 Y89.977
G1 X366.624 Y90.090
G1 X365.238 Y90.347
G1 X364.615 Y90.365
G1 X363.855 Y90.388
G1 X362.529 Y90.212
G1 X362.075 Y90.138
G1 X360.865 Y89.754
G1 X359.826 Y89.177
G1 X359.520 Y88.917
G1 X358.723 Y88.197
G1 X358.178 Y87.346
G1 X358.040 Y87.007
G1 X357.799 Y86.129
G1 X357.770 Y85.764
G1 X357.826 Y84.948
G1 X357.861 Y84.638
G1 X357.952 Y84.281
G1 X358.093 Y83.892
G1 X358.280 Y83.486
G1 X358.505 Y83.077
G1 X358.752 Y82.693
; Retract
G0 Z5.000

; Path 113
; Rapid to initial position
G0 X354.279 Y82.477
G0 Z0.000
; plunge
G1 Z-0.200 F4000
; cut
G1 X354.255 Y82.120 F4000
G1 X353.805 Y79.066
G1 X353.250 Y75.296
G1 X352.042 Y72.476
G1 X350.519 Y68.920
G1 X350.227 Y68.301
G1 X348.570 Y64.792
G1 X346.864 Y62.621
G1 X344.409 Y59.497
G1 X343.906 Y58.948
G1 X341.200 Y55.990
G1 X339.453 Y54.703
G1 X336.144 Y52.267
G1 X335.679 Y51.945
G1 X332.285 Y49.602
G1 X331.270 Y49.134
G1 X327.452 Y47.371
G1 X327.296 Y47.322
G1 X323.240 Y46.036
G1 X320.136 Y45.098
; Retract
G0 Z5.000

; Path 114
; Rapid to initial position
G0 X321.300 Y48.750
G0 Z0.000
; plunge
G1 Z-0.200 F4000
; cut
G1 X320.931 Y48.398 F4000
G1 X320.455 Y47.957
G1 X319.964 Y47.534
G1 X319.851 Y47.443
G1 X319.459 Y47.128
G1 X318.938 Y46.739
G1 X318.404 Y46.367
G1 X317.855 Y46.012
G1 X317.291 Y45.675
G1 X316.713 Y45.354
G1 X316.120 Y45.050
G1 X315.512 Y44.763
G1 X314.891 Y44.493
G1 X314.255 Y44.240
G1 X313.623 Y44.008
G1 X313.013 Y43.803
G1 X312.426 Y43.622
G1 X311.862 Y43.467
G1 X311.319 Y43.338
G1 X310.799 Y43.235
G1 X310.300 Y43.156
G1 X309.824 Y43.104
G1 X309.369 Y43.076
G1 X308.937 Y43.074
G1 X308.526 Y43.097
G1 X308.137 Y43.146
G1 X307.938 Y43.183
G1 X307.741 Y43.231
G1 X307.544 Y43.289
G1 X307.349 Y43.358
G1 X307.154 Y43.438
G1 X306.961 Y43.528
G1 X306.768 Y43.628
G1 X306.577 Y43.738
G1 X306.387 Y43.860
G1 X306.197 Y43.991
G1 X306.008 Y44.133
G1 X305.821 Y44.286
G1 X305.637 Y44.444
G1 X305.459 Y44.603
G1 X305.287 Y44.764
G1 X305.121 Y44.926
G1 X304.962 Y45.090
G1 X304.808 Y45.254
G1 X304.660 Y45.420
G1 X304.519 Y45.588
G1 X304.384 Y45.756
G1 X304.254 Y45.926
G1 X304.131 Y46.097
G1 X304.014 Y46.269
G1 X303.904 Y46.439
G1 X303.803 Y46.601
G1 X303.711 Y46.756
G1 X303.627 Y46.904
G1 X303.553 Y47.044
G1 X303.487 Y47.178
G1 X303.431 Y47.304
G1 X303.382 Y47.423
G1 X303.343 Y47.534
G1 X303.313 Y47.639
G1 X303.279 Y47.826
G1 X303.273 Y47.953
G1 X303.282 Y48.083
G1 X303.304 Y48.214
G1 X303.341 Y48.347
G1 X303.391 Y48.483
G1 X303.455 Y48.621
G1 X303.532 Y48.761
G1 X303.624 Y48.903
G1 X303.729 Y49.047
G1 X303.848 Y49.194
G1 X303.982 Y49.343
G1 X304.128 Y49.494
G1 X304.284 Y49.645
G1 X304.442 Y49.793
G1 X306.031 Y51.230
G1 X307.782 Y52.814
G1 X307.943 Y52.958
G1 X308.107 Y53.098
G1 X308.274 Y53.236
G1 X308.444 Y53.370
G1 X308.618 Y53.501
G1 X308.795 Y53.629
G1 X308.974 Y53.753
G1 X309.157 Y53.875
G1 X309.343 Y53.993
G1 X309.532 Y54.108
G1 X309.717 Y54.217
G1 X309.891 Y54.315
G1 X310.054 Y54.403
G1 X310.205 Y54.482
G1 X310.346 Y54.549
G1 X310.475 Y54.607
G1 X310.592 Y54.655
G1 X310.699 Y54.692
G1 X310.878 Y54.736
G1 X311.012 Y54.739
G1 X311.109 Y54.692
G1 X311.162 Y54.587
G1 X311.167 Y54.476
G1 X311.104 Y54.333
G1 X311.046 Y54.244
G1 X310.970 Y54.142
G1 X310.876 Y54.028
G1 X310.765 Y53.902
G1 X310.636 Y53.765
G1 X310.489 Y53.615
G1 X310.324 Y53.453
G1 X310.141 Y53.280
G1 X309.941 Y53.094
G1 X309.831 Y52.989
G1 X309.732 Y52.886
G1 X309.642 Y52.785
G1 X309.563 Y52.686
G1 X309.494 Y52.589
G1 X309.435 Y52.494
G1 X309.386 Y52.402
G1 X309.319 Y52.221
G1 X309.293 Y52.049
G1 X309.302 Y51.917
G1 X309.343 Y51.791
G1 X309.416 Y51.698
G1 X309.521 Y51.638
G1 X309.698 Y51.608
G1 X309.806 Y51.608
G1 X309.934 Y51.615
G1 X310.081 Y51.630
G1 X310.248 Y51.653
G1 X310.434 Y51.684
G1 X310.640 Y51.723
G1 X310.865 Y51.770
G1 X311.110 Y51.825
G1 X311.374 Y51.887
G1 X311.658 Y51.958
G1 X311.962 Y52.036
G1 X312.277 Y52.123
G1 X312.595 Y52.215
G1 X312.918 Y52.315
G1 X313.243 Y52.422
G1 X313.572 Y52.536
G1 X313.905 Y52.657
G1 X314.206 Y52.771
; Retract
G0 Z5.000

; Path 115
; Rapid to initial position
G0 X310.080 Y62.310
G0 Z0.000
; plunge
G1 Z-0.200 F4000
; cut
G1 X313.526 Y60.352 F4000
G1 X316.779 Y58.503
G1 X320.319 Y56.650
G1 X323.859 Y54.796
G1 X324.887 Y54.258
G1 X328.518 Y52.516
G1 X332.149 Y50.773
G1 X333.037 Y50.347
G1 X333.888 Y49.976
G1 X337.609 Y48.353
G1 X341.133 Y46.816
G1 X344.942 Y45.326
G1 X348.751 Y43.835
G1 X349.081 Y43.706
G1 X352.979 Y42.364
G1 X356.791 Y41.051
G1 X360.778 Y39.878
G1 X364.175 Y38.879
G1 X364.841 Y38.709
G1 X368.914 Y37.736
G1 X371.886 Y37.026
G1 X376.041 Y36.293
G1 X378.441 Y35.870
G1 X382.663 Y35.432
G1 X384.434 Y35.249
G1 X388.692 Y35.183
G1 X389.804 Y35.167
G1 X394.031 Y35.573
G1 X394.496 Y35.618
G1 X395.391 Y35.733
G1 X399.386 Y36.713
G1 X401.845 Y37.846
G1 X402.619 Y38.203
G1 X403.330 Y38.618
G1 X405.779 Y40.600
; Retract
G0 Z5.000

; Path 116
; Rapid to initial position
G0 X377.162 Y24.886
G0 Z0.000
; plunge
G1 Z-0.200 F4000
; cut
G1 X377.029 Y24.925 F4000
G1 X373.044 Y26.101
G1 X369.942 Y27.017
G1 X366.045 Y28.362
G1 X362.403 Y29.620
G1 X358.595 Y31.112
G1 X354.787 Y32.604
G1 X354.630 Y32.665
G1 X352.815 Y33.457
G1 X349.096 Y35.081
G1 X346.713 Y36.121
G1 X343.082 Y37.863
G1 X339.452 Y39.605
G1 X338.742 Y39.946
G1 X335.202 Y41.799
G1 X331.662 Y43.652
G1 X330.810 Y44.098
G1 X327.363 Y46.055
G1 X327.315 Y46.082
; Retract
G0 Z5.000

; Path 117
; Rapid to initial position
G0 X332.461 Y21.052
G0 Z0.000
; plunge
G1 Z-0.200 F4000
; cut
G1 X335.743 Y18.927 F4000
G1 X337.245 Y17.955
G1 X340.743 Y16.054
G1 X341.349 Y15.725
G1 X345.213 Y14.323
G1 X346.368 Y13.904
G1 X350.212 Y12.845
G1 X354.295 Y11.896
G1 X354.694 Y11.803
G1 X358.899 Y11.271
G1 X359.549 Y11.189
G1 X363.804 Y11.054
G1 X364.580 Y11.029
G1 X367.944 Y11.231
; Retract
G0 Z5.000

; Path 118
; Rapid to initial position
G0 X381.789 Y64.558
G0 Z0.000
; plunge
G1 Z-0.200 F4000
; cut
G1 X381.125 Y64.496 F4000
G1 X377.289 Y64.140
G1 X373.031 Y64.216
G1 X372.142 Y64.232
G1 X367.921 Y64.678
G1 X366.398 Y64.838
G1 X362.246 Y65.578
G1 X360.119 Y65.957
G1 X356.047 Y66.935
G1 X353.904 Y67.450
; Retract
G0 Z5.000

; Path 119
; Rapid to initial position
G0 X352.098 Y73.676
G0 Z0.000
; plunge
G1 Z-0.200 F4000
; cut
G1 X352.112 Y77.036 F4000
G1 X352.063 Y77.816
G1 X351.343 Y81.563
G1 X351.275 Y81.912
G1 X349.993 Y85.541
G1 X349.701 Y86.367
G1 X347.991 Y89.856
G1 X347.366 Y91.129
G1 X345.324 Y94.477
G1 X344.303 Y96.150
G1 X343.928 Y96.718
G1 X341.622 Y99.929
G1 X340.211 Y101.894
G1 X337.690 Y104.977
G1 X335.853 Y107.223
G1 X333.152 Y110.185
G1 X330.902 Y112.652
G1 X328.048 Y115.500
G1 X325.411 Y118.130
G1 X324.402 Y119.054
; Retract
G0 Z5.000

; Path 120
; Rapid to initial position
G0 X317.040 Y127.877
G0 Z0.000
; plunge
G1 Z-0.200 F4000
; cut
G1 X318.713 Y128.576 F4000
G1 X319.172 Y128.709
G1 X321.577 Y129.171
G1 X321.928 Y129.181
G1 X324.317 Y129.243
G1 X324.984 Y129.174
G1 X327.363 Y128.926
G1 X328.335 Y128.722
G1 X330.684 Y128.229
G1 X331.077 Y128.122
G1 X332.296 Y127.756
G1 X334.606 Y127.063
G1 X336.075 Y126.506
G1 X338.340 Y125.648
G1 X340.024 Y124.891
G1 X342.244 Y123.892
G1 X344.107 Y122.933
G1 X346.281 Y121.814
G1 X348.286 Y120.659
G1 X350.414 Y119.433
G1 X351.726 Y118.600
; Retract
G0 Z5.000

; Path 121
; Rapid to initial position
G0 X344.117 Y111.043
G0 Z0.000
; plunge
G1 Z-0.200 F4000
; cut
G1 X344.169 Y110.748 F4000
G1 X344.619 Y108.183
G1 X344.792 Y107.606
G1 X345.557 Y105.054
G1 X345.929 Y104.136
G1 X346.924 Y101.686
G1 X347.532 Y100.470
G1 X348.706 Y98.123
; Retract
G0 Z5.000

; Path 122
; Rapid to initial position
G0 X353.269 Y91.965
G0 Z0.000
; plunge
G1 Z-0.200 F4000
; cut
G1 X352.593 Y95.587 F4000
G1 X352.374 Y96.217
G1 X351.108 Y99.850
G1 X350.591 Y100.917
G1 X348.894 Y104.411
G1 X348.170 Y105.606
G1 X346.140 Y108.959
G1 X345.982 Y109.219
; Retract
G0 Z5.000

; Path 123
; Rapid to initial position
G0 X360.310 Y105.064
G0 Z0.000
; plunge
G1 Z-0.200 F4000
; cut
G1 X360.305 Y104.584 F4000
G1 X360.283 Y102.533
; Retract
G0 Z5.000

; Path 124
; Rapid to initial position
G0 X365.273 Y105.998
G0 Z0.000
; plunge
G1 Z-0.200 F4000
; cut
G1 X367.104 Y107.859 F4000
G1 X367.533 Y108.245
G1 X369.400 Y109.927
G1 X370.080 Y110.481
G1 X372.017 Y112.060
G1 X372.939 Y112.749
G1 X374.930 Y114.239
G1 X375.321 Y114.510
; Retract
G0 Z5.000

; Path 125
; Rapid to initial position
G0 X377.259 Y116.868
G0 Z0.000
; plunge
G1 Z-0.200 F4000
; cut
G1 X376.721 Y116.494 F4000
G1 X375.865 Y115.852
G1 X373.876 Y114.360
G1 X373.256 Y113.852
G1 X371.322 Y112.269
G1 X370.947 Y111.929
G1 X369.084 Y110.242
G1 X367.462 Y108.582
; Retract
G0 Z5.000

; Path 126
; Rapid to initial position
G0 X370.108 Y117.469
G0 Z0.000
; plunge
G1 Z-0.200 F4000
; cut
G1 X370.383 Y117.440 F4000
G1 X372.211 Y117.243
G1 X372.311 Y117.243
G1 X374.700 Y117.250
G1 X375.173 Y117.290
G1 X377.556 Y117.494
G1 X378.383 Y117.618
G1 X380.751 Y117.975
G1 X381.907 Y118.212
G1 X384.258 Y118.694
G1 X385.703 Y119.057
G1 X388.036 Y119.642
G1 X389.750 Y120.142
G1 X392.063 Y120.818
G1 X393.852 Y121.407
; Retract
G0 Z5.000

; Path 127
; Rapid to initial position
G0 X396.411 Y113.339
G0 Z0.000
; plunge
G1 Z-0.200 F4000
; cut
G1 X394.912 Y112.906 F4000
G1 X392.643 Y112.250
G1 X392.226 Y112.143
G1 X389.938 Y111.558
G1 X388.570 Y111.208
G1 X387.045 Y110.874
G1 X384.738 Y110.369
G1 X383.512 Y110.152
G1 X381.187 Y109.740
G1 X380.293 Y109.625
G1 X377.951 Y109.323
G1 X377.416 Y109.285
G1 X375.060 Y109.120
G1 X374.901 Y109.120
G1 X372.540 Y109.130
G1 X370.410 Y109.349
G1 X369.886 Y109.435
G1 X368.148 Y109.861
G1 X366.832 Y110.484
G1 X366.336 Y110.779
G1 X365.443 Y111.594
G1 X365.074 Y112.044
G1 X364.613 Y113.037
G1 X364.432 Y113.564
G1 X364.404 Y114.719
G1 X364.437 Y115.234
G1 X364.748 Y116.265
G1 X364.829 Y116.531
G1 X365.631 Y117.966
; Retract
G0 Z5.000

; Path 128
; Rapid to initial position
G0 X365.209 Y119.458
G0 Z0.000
; plunge
G1 Z-0.200 F4000
; cut
G1 X364.675 Y119.113 F4000
G1 X364.315 Y118.863
; Retract
G0 Z5.000

; Path 129
; Rapid to initial position
G0 X373.598 Y129.536
G0 Z0.000
; plunge
G1 Z-0.200 F4000
; cut
G1 X373.877 Y127.554 F4000
G1 X374.728 Y125.037
G1 X375.389 Y123.085
G1 X376.496 Y120.698
G1 X376.727 Y120.201
G1 X378.094 Y117.992
G1 X378.696 Y117.019
; Retract
G0 Z5.000

; Path 130
; Rapid to initial position
G0 X378.566 Y106.271
G0 Z0.000
; plunge
G1 Z-0.200 F4000
; cut
G1 X376.686 Y107.934 F4000
G1 X375.007 Y109.419
G1 X373.185 Y111.161
G1 X371.362 Y112.903
G1 X370.926 Y113.319
G1 X369.165 Y115.140
G1 X367.404 Y116.961
G1 X367.063 Y117.313
G1 X365.369 Y119.213
G1 X364.881 Y119.759
G1 X363.706 Y121.078
G1 X363.461 Y121.355
G1 X362.789 Y122.177
G1 X361.170 Y124.158
G1 X360.158 Y125.397
G1 X358.624 Y127.462
G1 X357.190 Y129.395
G1 X355.755 Y131.549
G1 X354.586 Y133.304
G1 X353.269 Y135.552
G1 X352.597 Y136.698
G1 X352.371 Y137.084
; Retract
G0 Z5.000

; Path 131
; Rapid to initial position
G0 X341.562 Y152.965
G0 Z0.000
; plunge
G1 Z-0.200 F4000
; cut
G1 X343.185 Y153.551 F4000
G1 X345.441 Y154.442
G1 X347.696 Y155.332
G1 X349.997 Y156.313
G1 X352.231 Y157.269
G1 X352.389 Y157.336
G1 X354.602 Y158.355
G1 X356.814 Y159.373
G1 X357.010 Y159.464
G1 X359.199 Y160.544
G1 X361.388 Y161.625
G1 X361.571 Y161.715
G1 X363.734 Y162.860
G1 X365.898 Y164.004
G1 X366.016 Y164.066
G1 X368.151 Y165.275
G1 X370.291 Y166.486
G1 X372.394 Y167.764
G1 X374.344 Y168.948
G1 X374.802 Y169.248
G1 X375.748 Y169.866
G1 X377.815 Y171.217
G1 X378.127 Y171.422
G1 X380.157 Y172.858
G1 X381.595 Y173.876
G1 X383.566 Y175.400
G1 X384.707 Y176.283
G1 X386.610 Y177.913
G1 X387.429 Y178.614
G1 X389.242 Y180.369
G1 X389.730 Y180.842
G1 X391.095 Y182.385
G1 X391.588 Y182.941
G1 X392.986 Y184.889
; Retract
G0 Z5.000

; Path 132
; Rapid to initial position
G0 X384.978 Y159.626
G0 Z0.000
; plunge
G1 Z-0.200 F4000
; cut
G1 X383.995 Y159.833 F4000
G1 X381.645 Y160.326
G1 X379.296 Y160.819
G1 X376.947 Y161.311
G1 X374.597 Y161.804
G1 X372.248 Y162.297
G1 X370.660 Y162.630
G1 X368.311 Y163.123
G1 X365.961 Y163.616
G1 X363.612 Y164.109
G1 X361.263 Y164.602
G1 X359.160 Y165.044
G1 X356.811 Y165.538
G1 X354.462 Y166.032
G1 X352.113 Y166.526
G1 X349.764 Y167.020
G1 X347.415 Y167.514
G1 X345.065 Y168.008
G1 X342.716 Y168.502
G1 X340.367 Y168.996
G1 X338.018 Y169.490
G1 X335.669 Y169.984
G1 X333.320 Y170.478
G1 X330.971 Y170.972
G1 X328.622 Y171.467
G1 X326.272 Y171.961
G1 X323.923 Y172.455
G1 X321.574 Y172.949
G1 X319.225 Y173.442
G1 X316.876 Y173.936
G1 X314.526 Y174.430
G1 X312.177 Y174.924
G1 X310.972 Y175.178
G1 X308.623 Y175.672
G1 X306.274 Y176.166
G1 X305.415 Y176.347
G1 X304.483 Y176.549
G1 X302.137 Y177.058
G1 X299.790 Y177.568
G1 X297.443 Y178.077
G1 X295.097 Y178.587
G1 X292.750 Y179.096
G1 X290.404 Y179.605
G1 X288.057 Y180.115
G1 X285.711 Y180.624
G1 X283.364 Y181.134
G1 X281.018 Y181.643
G1 X278.671 Y182.152
G1 X276.324 Y182.662
G1 X273.978 Y183.171
; Retract
G0 Z5.000

; Path 133
; Rapid to initial position
G0 X269.726 Y177.697
G0 Z0.000
; plunge
G1 Z-0.200 F4000
; cut
G1 X272.043 Y177.241 F4000
G1 X274.360 Y176.785
G1 X276.677 Y176.329
G1 X278.995 Y175.874
G1 X281.312 Y175.418
G1 X283.629 Y174.962
G1 X285.946 Y174.506
G1 X288.263 Y174.050
G1 X290.580 Y173.595
G1 X292.897 Y173.139
G1 X295.215 Y172.683
G1 X297.532 Y172.227
G1 X299.849 Y171.771
G1 X302.166 Y171.316
G1 X304.483 Y170.860
G1 X306.033 Y170.555
G1 X306.878 Y170.395
G1 X309.199 Y169.957
G1 X311.519 Y169.519
G1 X312.692 Y169.297
G1 X315.013 Y168.859
G1 X317.333 Y168.421
G1 X319.654 Y167.982
G1 X321.974 Y167.544
G1 X324.295 Y167.106
G1 X326.615 Y166.667
G1 X328.936 Y166.229
G1 X331.256 Y165.791
G1 X333.577 Y165.352
G1 X335.897 Y164.914
G1 X338.218 Y164.476
G1 X340.538 Y164.038
G1 X342.859 Y163.599
G1 X345.179 Y163.161
G1 X347.500 Y162.723
G1 X349.820 Y162.285
G1 X352.141 Y161.846
G1 X354.461 Y161.408
G1 X356.782 Y160.970
G1 X359.102 Y160.531
G1 X361.219 Y160.131
G1 X363.540 Y159.693
G1 X365.860 Y159.255
G1 X368.181 Y158.817
G1 X370.501 Y158.378
G1 X372.038 Y158.088
G1 X374.358 Y157.650
G1 X376.679 Y157.212
G1 X378.999 Y156.773
G1 X381.320 Y156.335
G1 X383.640 Y155.897
G1 X385.961 Y155.458
G1 X388.281 Y155.020
G1 X390.602 Y154.582
G1 X392.922 Y154.144
G1 X395.243 Y153.705
G1 X397.563 Y153.267
G1 X398.769 Y153.039
G1 X399.709 Y154.720
; Retract
G0 Z5.000

; Path 134
; Rapid to initial position
G0 X364.662 Y189.377
G0 Z0.000
; plunge
G1 Z-0.200 F4000
; cut
G1 X363.007 Y189.722 F4000
G1 X360.657 Y190.213
G1 X358.308 Y190.703
G1 X355.958 Y191.194
G1 X353.608 Y191.684
G1 X352.066 Y192.006
G1 X349.716 Y192.497
G1 X347.366 Y192.987
G1 X345.016 Y193.478
G1 X342.667 Y193.968
G1 X341.591 Y194.193
G1 X339.241 Y194.685
G1 X336.891 Y195.177
G1 X334.542 Y195.668
G1 X332.192 Y196.160
G1 X329.843 Y196.652
G1 X327.493 Y197.143
G1 X325.144 Y197.635
G1 X322.794 Y198.126
G1 X320.445 Y198.618
G1 X318.095 Y199.110
G1 X315.745 Y199.601
G1 X313.396 Y200.093
G1 X311.046 Y200.585
G1 X308.697 Y201.076
G1 X306.347 Y201.568
G1 X303.998 Y202.059
G1 X301.648 Y202.551
G1 X299.299 Y203.043
; Retract
G0 Z5.000

; Path 135
; Rapid to initial position
G0 X304.070 Y200.922
G0 Z0.000
; plunge
G1 Z-0.200 F4000
; cut
G1 X304.145 Y201.150 F4000
G1 X304.133 Y201.323
G1 X304.099 Y201.492
G1 X304.044 Y201.657
G1 X303.967 Y201.819
G1 X303.868 Y201.977
G1 X303.747 Y202.131
G1 X303.605 Y202.282
G1 X303.440 Y202.429
G1 X303.254 Y202.572
G1 X303.047 Y202.711
G1 X302.817 Y202.847
G1 X302.566 Y202.979
G1 X302.310 Y203.108
G1 X302.065 Y203.235
G1 X301.831 Y203.360
G1 X301.608 Y203.484
G1 X301.397 Y203.606
G1 X301.196 Y203.725
G1 X301.007 Y203.843
G1 X300.829 Y203.960
G1 X300.663 Y204.074
G1 X300.508 Y204.187
G1 X300.363 Y204.297
G1 X300.230 Y204.406
G1 X300.106 Y204.525
G1 X299.987 Y204.665
G1 X299.875 Y204.826
G1 X299.768 Y205.008
G1 X299.667 Y205.212
G1 X299.572 Y205.437
G1 X299.483 Y205.684
G1 X299.400 Y205.951
G1 X299.323 Y206.240
G1 X299.252 Y206.551
G1 X299.186 Y206.883
G1 X299.127 Y207.236
G1 X299.670 Y207.534
G1 X300.196 Y207.825
G1 X300.704 Y208.109
G1 X301.195 Y208.388
G1 X301.667 Y208.659
G1 X301.944 Y208.821
G1 X302.120 Y208.924
G1 X302.556 Y209.182
G1 X302.974 Y209.433
G1 X303.373 Y209.678
G1 X303.754 Y209.916
G1 X304.117 Y210.147
G1 X304.461 Y210.372
G1 X304.793 Y210.594
G1 X305.116 Y210.815
G1 X305.431 Y211.038
G1 X305.739 Y211.262
G1 X306.038 Y211.485
G1 X306.329 Y211.710
G1 X306.613 Y211.935
G1 X306.888 Y212.161
G1 X307.155 Y212.387
G1 X307.414 Y212.614
G1 X307.665 Y212.841
G1 X307.907 Y213.069
G1 X308.142 Y213.298
G1 X308.366 Y213.529
G1 X308.582 Y213.762
G1 X308.787 Y213.998
G1 X308.984 Y214.234
G1 X309.171 Y214.472
G1 X309.349 Y214.712
G1 X309.517 Y214.954
G1 X309.658 Y215.170
G1 X309.826 Y215.443
G1 X309.966 Y215.691
G1 X311.250 Y217.962
G1 X312.072 Y219.414
; Retract
G0 Z5.000

; Path 136
; Rapid to initial position
G0 X304.881 Y222.492
G0 Z0.000
; plunge
G1 Z-0.200 F4000
; cut
G1 X306.047 Y224.843 F4000
G1 X306.796 Y226.352
G1 X307.962 Y228.703
G1 X309.128 Y231.054
G1 X310.294 Y233.406
G1 X311.460 Y235.757
G1 X312.626 Y238.108
G1 X313.792 Y240.459
G1 X314.958 Y242.810
G1 X316.124 Y245.161
G1 X316.643 Y246.207
G1 X317.308 Y247.863
G1 X318.294 Y250.317
G1 X319.280 Y252.771
G1 X320.266 Y255.225
G1 X320.440 Y255.658
G1 X321.070 Y257.226
G1 X318.888 Y258.324
G1 X316.706 Y259.422
G1 X314.524 Y260.520
G1 X312.341 Y261.618
G1 X310.159 Y262.716
G1 X307.977 Y263.814
G1 X305.795 Y264.911
G1 X303.612 Y266.009
G1 X301.430 Y267.107
G1 X299.248 Y268.205
G1 X297.066 Y269.303
G1 X294.884 Y270.401
G1 X292.702 Y271.499
G1 X290.520 Y272.597
G1 X288.337 Y273.694
G1 X286.155 Y274.792
G1 X283.973 Y275.890
G1 X281.791 Y276.988
G1 X279.609 Y278.086
G1 X277.426 Y279.184
G1 X275.244 Y280.282
G1 X273.062 Y281.380
G1 X270.880 Y282.477
G1 X268.698 Y283.575
G1 X266.703 Y284.579
G1 X264.983 Y285.595
; Retract
G0 Z5.000

; Path 137
; Rapid to initial position
G0 X289.223 Y236.267
G0 Z0.000
; plunge
G1 Z-0.200 F4000
; cut
G1 X289.184 Y235.952 F4000
G1 X289.202 Y235.744
; Retract
G0 Z5.000

; Path 138
; Rapid to initial position
G0 X272.447 Y224.499
G0 Z0.000
; plunge
G1 Z-0.200 F4000
; cut
G1 X271.903 Y223.607 F4000
G1 X270.980 Y222.094
G1 X270.646 Y221.546
G1 X270.470 Y221.258
G1 X270.390 Y221.126
G1 X270.136 Y220.709
G1 X269.518 Y219.696
G1 X268.164 Y217.476
; Retract
G0 Z5.000

; Path 139
; Rapid to initial position
G0 X265.799 Y223.199
G0 Z0.000
; plunge
G1 Z-0.200 F4000
; cut
G1 X266.464 Y222.805 F4000
G1 X267.327 Y224.219
; Retract
G0 Z5.000

; Path 140
; Rapid to initial position
G0 X271.159 Y211.605
G0 Z0.000
; plunge
G1 Z-0.200 F4000
; cut
G1 X272.235 Y212.045 F4000
G1 X273.364 Y212.506
G1 X274.172 Y212.836
G1 X274.986 Y213.169
G1 X275.483 Y213.372
G1 X275.896 Y213.541
G1 X276.893 Y213.948
G1 X277.288 Y214.109
G1 X278.328 Y214.533
G1 X278.674 Y215.100
G1 X279.238 Y216.024
G1 X278.540 Y216.439
; Retract
G0 Z5.000

; Path 141
; Rapid to initial position
G0 X278.493 Y211.815
G0 Z0.000
; plunge
G1 Z-0.200 F4000
; cut
G1 X278.719 Y210.103 F4000
; Retract
G0 Z5.000

; Path 142
; Rapid to initial position
G0 X290.032 Y184.468
G0 Z0.000
; plunge
G1 Z-0.200 F4000
; cut
G1 X290.313 Y184.896 F4000
G1 X290.602 Y185.315
G1 X290.898 Y185.725
G1 X291.202 Y186.126
G1 X291.514 Y186.517
G1 X291.834 Y186.900
G1 X292.161 Y187.273
G1 X292.497 Y187.637
G1 X292.840 Y187.991
G1 X293.191 Y188.337
G1 X293.546 Y188.672
G1 X293.901 Y188.996
G1 X294.256 Y189.308
G1 X294.612 Y189.608
G1 X294.967 Y189.896
G1 X295.322 Y190.173
G1 X295.677 Y190.438
G1 X296.033 Y190.692
G1 X296.388 Y190.933
G1 X296.744 Y191.163
G1 X297.099 Y191.381
G1 X297.454 Y191.588
G1 X297.802 Y191.779
G1 X298.134 Y191.951
G1 X298.450 Y192.105
G1 X298.751 Y192.240
G1 X299.035 Y192.356
G1 X299.304 Y192.454
G1 X299.558 Y192.532
G1 X299.795 Y192.592
G1 X300.016 Y192.633
G1 X300.222 Y192.655
G1 X300.411 Y192.658
G1 X300.585 Y192.642
G1 X300.742 Y192.614
G1 X300.890 Y192.578
G1 X301.031 Y192.534
G1 X301.164 Y192.482
G1 X301.289 Y192.422
G1 X301.406 Y192.355
G1 X301.514 Y192.279
G1 X301.615 Y192.196
G1 X301.708 Y192.105
G1 X301.793 Y192.006
G1 X301.869 Y191.899
G1 X301.938 Y191.784
G1 X302.000 Y191.662
G1 X302.057 Y191.532
G1 X302.109 Y191.395
G1 X302.155 Y191.250
G1 X302.197 Y191.098
G1 X302.233 Y190.939
G1 X302.264 Y190.772
G1 X302.289 Y190.597
G1 X302.310 Y190.416
G1 X302.325 Y190.227
G1 X302.335 Y190.031
G1 X302.340 Y189.827
G1 X302.338 Y189.530
G1 X302.326 Y189.238
G1 X302.303 Y188.950
G1 X302.270 Y188.666
G1 X302.227 Y188.387
G1 X302.173 Y188.111
G1 X302.109 Y187.840
G1 X302.035 Y187.573
G1 X301.950 Y187.310
G1 X301.855 Y187.052
G1 X301.750 Y186.798
G1 X301.634 Y186.548
G1 X301.508 Y186.300
G1 X301.374 Y186.055
G1 X301.230 Y185.811
; Retract
G0 Z5.000

; Path 143
; Rapid to initial position
G0 X313.272 Y180.033
G0 Z0.000
; plunge
G1 Z-0.200 F4000
; cut
G1 X312.699 Y178.956 F4000
G1 X310.450 Y179.866
G1 X308.200 Y180.777
G1 X305.951 Y181.687
G1 X303.702 Y182.597
G1 X301.453 Y183.508
G1 X299.204 Y184.418
G1 X296.955 Y185.328
G1 X296.441 Y185.536
G1 X294.192 Y186.446
G1 X291.943 Y187.357
G1 X290.832 Y187.806
G1 X288.583 Y188.716
G1 X286.334 Y189.626
G1 X284.085 Y190.537
G1 X281.836 Y191.447
G1 X279.587 Y192.357
G1 X277.338 Y193.267
G1 X275.089 Y194.178
G1 X272.840 Y195.088
G1 X270.590 Y195.998
G1 X268.341 Y196.909
G1 X266.092 Y197.819
G1 X263.843 Y198.729
G1 X261.594 Y199.639
G1 X259.345 Y200.549
G1 X257.096 Y201.460
G1 X254.847 Y202.370
G1 X252.598 Y203.280
G1 X250.348 Y204.190
G1 X248.099 Y205.101
G1 X245.850 Y206.011
G1 X243.601 Y206.921
G1 X241.352 Y207.832
G1 X239.103 Y208.742
G1 X237.764 Y209.284
; Retract
G0 Z5.000

; Path 144
; Rapid to initial position
G0 X238.110 Y202.336
G0 Z0.000
; plunge
G1 Z-0.200 F4000
; cut
G1 X238.908 Y202.105 F4000
G1 X241.222 Y201.434
G1 X243.537 Y200.763
G1 X244.387 Y200.517
G1 X246.702 Y199.846
G1 X249.017 Y199.175
G1 X251.331 Y198.504
G1 X253.645 Y197.833
G1 X255.960 Y197.162
G1 X258.274 Y196.491
G1 X260.588 Y195.820
G1 X262.903 Y195.150
G1 X265.217 Y194.479
G1 X267.532 Y193.808
G1 X269.846 Y193.137
G1 X272.160 Y192.466
G1 X274.475 Y191.795
G1 X276.789 Y191.124
G1 X279.104 Y190.453
G1 X281.418 Y189.782
G1 X283.732 Y189.112
G1 X286.047 Y188.441
G1 X288.361 Y187.770
G1 X290.675 Y187.099
G1 X292.990 Y186.428
G1 X295.304 Y185.757
G1 X297.878 Y185.011
G1 X300.192 Y184.340
G1 X302.506 Y183.670
G1 X303.392 Y183.413
G1 X305.706 Y182.742
G1 X308.021 Y182.071
G1 X310.335 Y181.400
G1 X312.649 Y180.729
G1 X314.964 Y180.058
G1 X317.278 Y179.387
G1 X319.305 Y178.800
G1 X319.879 Y179.877
; Retract
G0 Z5.000

; Path 145
; Rapid to initial position
G0 X322.117 Y182.234
G0 Z0.000
; plunge
G1 Z-0.200 F4000
; cut
G1 X322.201 Y182.317 F4000
G1 X322.296 Y182.371
G1 X322.375 Y182.460
; Retract
G0 Z5.000

; Path 146
; Rapid to initial position
G0 X317.409 Y185.229
G0 Z0.000
; plunge
G1 Z-0.200 F4000
; cut
G1 X317.080 Y184.687 F4000
G1 X317.043 Y184.587
G1 X317.028 Y184.454
G1 X317.036 Y184.275
G1 X317.058 Y184.157
G1 X317.092 Y184.047
G1 X317.139 Y183.947
G1 X317.199 Y183.855
G1 X317.273 Y183.772
G1 X317.358 Y183.697
G1 X317.457 Y183.631
G1 X317.568 Y183.574
G1 X317.692 Y183.525
G1 X317.829 Y183.485
G1 X317.979 Y183.454
G1 X318.120 Y183.438
G1 X318.269 Y183.435
G1 X318.427 Y183.447
G1 X318.593 Y183.474
G1 X318.768 Y183.515
G1 X318.950 Y183.570
G1 X319.141 Y183.640
G1 X319.340 Y183.724
G1 X319.548 Y183.822
G1 X319.764 Y183.935
G1 X319.988 Y184.062
G1 X320.220 Y184.204
G1 X320.454 Y184.355
G1 X320.683 Y184.512
G1 X320.809 Y184.603
G1 X320.907 Y184.673
G1 X321.126 Y184.840
G1 X321.340 Y185.011
G1 X321.548 Y185.188
G1 X321.752 Y185.369
G1 X321.950 Y185.555
G1 X322.143 Y185.747
G1 X322.331 Y185.944
G1 X322.447 Y186.070
G1 X322.514 Y186.146
G1 X322.692 Y186.352
G1 X322.860 Y186.559
G1 X323.013 Y186.761
G1 X323.151 Y186.959
G1 X323.275 Y187.152
G1 X324.604 Y189.390
; Retract
G0 Z5.000

; Path 147
; Rapid to initial position
G0 X325.534 Y193.716
G0 Z0.000
; plunge
G1 Z-0.200 F4000
; cut
G1 X325.576 Y193.847 F4000
G1 X325.588 Y193.951
G1 X325.584 Y194.056
G1 X325.536 Y194.182
G1 X325.429 Y194.280
G1 X325.326 Y194.331
G1 X325.197 Y194.369
G1 X324.877 Y194.422
G1 X324.620 Y194.453
G1 X324.353 Y194.478
G1 X324.077 Y194.496
G1 X323.790 Y194.507
G1 X323.493 Y194.512
G1 X323.186 Y194.509
G1 X322.869 Y194.501
G1 X322.543 Y194.486
G1 X322.206 Y194.464
G1 X321.859 Y194.436
G1 X321.502 Y194.401
G1 X321.225 Y194.373
G1 X320.816 Y194.335
G1 X320.502 Y194.309
G1 X320.207 Y194.289
G1 X319.931 Y194.274
G1 X319.674 Y194.264
G1 X319.436 Y194.259
G1 X319.217 Y194.259
G1 X319.017 Y194.264
G1 X318.836 Y194.274
G1 X318.673 Y194.290
G1 X318.530 Y194.310
G1 X318.422 Y194.337
G1 X318.321 Y194.381
G1 X318.225 Y194.441
G1 X318.135 Y194.517
G1 X318.052 Y194.611
G1 X317.974 Y194.721
G1 X317.901 Y194.847
G1 X317.834 Y194.990
G1 X317.773 Y195.149
G1 X317.718 Y195.324
G1 X317.668 Y195.517
G1 X317.625 Y195.725
G1 X317.522 Y196.280
G1 X317.427 Y196.792
G1 X317.396 Y196.963
G1 X317.342 Y197.263
G1 X317.265 Y197.693
G1 X317.198 Y198.080
G1 X317.139 Y198.426
G1 X317.089 Y198.730
G1 X317.048 Y198.992
G1 X317.016 Y199.213
G1 X316.993 Y199.391
G1 X316.979 Y199.527
G1 X316.976 Y199.690
G1 X316.994 Y199.822
G1 X317.032 Y199.948
G1 X317.090 Y200.068
G1 X318.032 Y201.673
; Retract
G0 Z5.000

; Path 148
; Rapid to initial position
G0 X318.752 Y204.926
G0 Z0.000
; plunge
G1 Z-0.200 F4000
; cut
G1 X318.464 Y204.407 F4000
G1 X318.400 Y204.290
G1 X318.368 Y204.178
G1 X318.359 Y204.032
G1 X318.367 Y203.904
G1 X318.388 Y203.785
G1 X318.422 Y203.674
G1 X318.469 Y203.573
G1 X318.530 Y203.480
G1 X318.603 Y203.396
G1 X318.690 Y203.321
G1 X318.790 Y203.254
G1 X318.903 Y203.196
G1 X319.030 Y203.147
G1 X319.169 Y203.106
G1 X319.322 Y203.074
G1 X319.466 Y203.057
G1 X319.619 Y203.055
G1 X319.780 Y203.067
G1 X319.950 Y203.093
G1 X320.129 Y203.134
G1 X320.316 Y203.189
G1 X320.512 Y203.259
G1 X320.716 Y203.343
G1 X320.929 Y203.442
G1 X321.151 Y203.556
G1 X321.381 Y203.684
G1 X321.541 Y203.779
G1 X321.860 Y203.978
G1 X322.096 Y204.135
G1 X322.326 Y204.298
G1 X322.552 Y204.465
G1 X322.771 Y204.638
G1 X322.986 Y204.815
G1 X323.196 Y204.998
G1 X323.400 Y205.186
G1 X323.599 Y205.379
G1 X323.794 Y205.576
G1 X323.983 Y205.780
G1 X324.167 Y205.987
G1 X324.340 Y206.195
G1 X324.498 Y206.399
G1 X324.642 Y206.598
G1 X324.770 Y206.792
G1 X324.883 Y206.982
G1 X326.128 Y209.280
G1 X327.007 Y210.904
; Retract
G0 Z5.000

; Path 149
; Rapid to initial position
G0 X325.069 Y202.462
G0 Z0.000
; plunge
G1 Z-0.200 F4000
; cut
G1 X324.998 Y202.362 F4000
G1 X324.897 Y202.293
G1 X324.802 Y202.224
G1 X324.784 Y202.197
; Retract
G0 Z5.000

; Path 150
; Rapid to initial position
G0 X345.451 Y194.570
G0 Z0.000
; plunge
G1 Z-0.200 F4000
; cut
G1 X345.745 Y194.494 F4000
G1 X347.182 Y194.118
G1 X348.160 Y193.617
; Retract
G0 Z5.000

; Path 151
; Rapid to initial position
G0 X347.763 Y195.297
G0 Z0.000
; plunge
G1 Z-0.200 F4000
; cut
G1 X347.523 Y195.800 F4000
G1 X347.433 Y196.103
G1 X347.204 Y196.963
G1 X347.140 Y197.832
G1 X347.242 Y198.675
G1 X347.310 Y198.970
G1 X347.572 Y199.739
G1 X347.984 Y200.410
G1 X348.178 Y200.628
G1 X348.697 Y201.142
G1 X349.324 Y201.504
G1 X349.540 Y201.624
G1 X349.834 Y201.713
G1 X350.286 Y201.820
G1 X350.386 Y201.843
G1 X350.635 Y201.881
G1 X350.921 Y201.894
G1 X351.232 Y201.881
G1 X351.557 Y201.843
G1 X351.883 Y201.782
G1 X352.198 Y201.699
G1 X352.490 Y201.599
G1 X352.748 Y201.484
G1 X353.260 Y201.192
G1 X353.570 Y201.011
G1 X353.804 Y200.823
G1 X354.396 Y200.275
G1 X354.585 Y200.035
G1 X355.099 Y199.325
G1 X355.473 Y198.532
G1 X355.570 Y198.229
G1 X355.796 Y197.365
G1 X355.858 Y196.494
G1 X355.751 Y195.649
G1 X355.688 Y195.351
G1 X355.421 Y194.582
G1 X355.003 Y193.914
G1 X354.812 Y193.692
G1 X354.288 Y193.182
G1 X354.015 Y193.027
G1 X353.443 Y192.704
G1 X353.150 Y192.614
G1 X352.595 Y192.491
G1 X352.347 Y192.453
G1 X352.062 Y192.440
G1 X351.751 Y192.453
G1 X351.426 Y192.491
G1 X351.100 Y192.554
G1 X350.786 Y192.638
G1 X350.495 Y192.740
G1 X350.265 Y192.844
; Retract
G0 Z5.000

; Path 152
; Rapid to initial position
G0 X347.389 Y195.448
G0 Z0.000
; plunge
G1 Z-0.200 F4000
; cut
G1 X347.229 Y195.608 F4000
G1 X347.058 Y195.779
; Retract
G0 Z5.000

; Path 153
; Rapid to initial position
G0 X329.887 Y173.885
G0 Z0.000
; plunge
G1 Z-0.200 F4000
; cut
G1 X327.734 Y174.856 F4000
G1 X325.581 Y175.826
G1 X323.428 Y176.796
G1 X322.591 Y177.173
G1 X322.438 Y177.243
G1 X320.285 Y178.213
G1 X318.132 Y179.183
G1 X315.979 Y180.153
G1 X313.826 Y181.124
G1 X311.673 Y182.094
G1 X309.520 Y183.064
G1 X307.367 Y184.035
G1 X305.214 Y185.005
G1 X303.061 Y185.975
G1 X300.908 Y186.945
G1 X298.755 Y187.916
G1 X296.602 Y188.886
G1 X294.449 Y189.856
G1 X292.296 Y190.827
G1 X290.143 Y191.797
G1 X287.990 Y192.767
G1 X285.837 Y193.737
G1 X283.684 Y194.707
G1 X281.531 Y195.678
G1 X279.378 Y196.648
G1 X277.225 Y197.619
G1 X276.715 Y197.848
G1 X274.553 Y198.823
G1 X273.384 Y199.440
G1 X271.855 Y200.247
G1 X271.396 Y200.490
G1 X269.308 Y201.593
G1 X268.719 Y201.904
G1 X268.240 Y202.156
G1 X266.152 Y203.259
G1 X265.580 Y203.561
G1 X265.083 Y203.823
G1 X262.995 Y204.926
G1 X262.422 Y205.228
G1 X261.924 Y205.491
G1 X260.851 Y206.058
G1 X258.608 Y207.049
G1 X256.445 Y207.997
G1 X254.283 Y208.945
G1 X252.120 Y209.894
G1 X249.957 Y210.842
G1 X247.794 Y211.791
G1 X245.632 Y212.739
G1 X243.469 Y213.687
G1 X241.306 Y214.635
G1 X239.143 Y215.584
G1 X236.981 Y216.532
G1 X234.818 Y217.481
G1 X232.655 Y218.429
G1 X230.492 Y219.377
G1 X228.330 Y220.326
G1 X226.167 Y221.274
G1 X224.004 Y222.222
G1 X221.842 Y223.171
G1 X219.679 Y224.119
G1 X217.516 Y225.067
G1 X216.712 Y225.420
; Retract
G0 Z5.000

; Path 154
; Rapid to initial position
G0 X200.869 Y182.095
G0 Z0.000
; plunge
G1 Z-0.200 F4000
; cut
G1 X200.841 Y181.930 F4000
G1 X200.843 Y181.761
G1 X198.482 Y181.825
G1 X196.122 Y181.890
G1 X195.382 Y181.910
G1 X193.640 Y181.958
G1 X193.237 Y181.969
G1 X190.876 Y182.033
G1 X189.398 Y182.074
G1 X188.968 Y182.085
G1 X186.608 Y182.150
G1 X185.470 Y182.181
G1 X185.203 Y182.188
G1 X185.020 Y182.193
G1 X184.761 Y182.201
G1 X182.400 Y182.265
G1 X181.075 Y182.301
G1 X180.612 Y182.313
G1 X178.241 Y182.378
G1 X176.729 Y182.419
G1 X176.254 Y182.432
G1 X173.893 Y182.497
G1 X172.417 Y182.537
G1 X171.944 Y182.550
G1 X170.286 Y182.595
G1 X167.926 Y182.660
G1 X165.565 Y182.724
G1 X163.204 Y182.788
G1 X161.734 Y182.829
; Retract
G0 Z5.000

; Path 155
; Rapid to initial position
G0 X158.557 Y186.087
G0 Z0.000
; plunge
G1 Z-0.200 F4000
; cut
G1 X158.742 Y186.053 F4000
G1 X161.064 Y185.625
G1 X163.387 Y185.197
G1 X165.709 Y184.770
G1 X167.458 Y184.447
G1 X167.945 Y184.358
G1 X169.642 Y184.045
G1 X171.964 Y183.617
G1 X172.453 Y183.527
G1 X174.098 Y183.224
G1 X176.420 Y182.796
G1 X176.888 Y182.710
G1 X178.416 Y182.429
G1 X180.738 Y182.001
G1 X181.056 Y181.942
G1 X181.191 Y181.917
G1 X181.515 Y181.858
G1 X182.760 Y181.628
G1 X185.082 Y181.201
G1 X185.521 Y181.120
G1 X187.144 Y180.821
G1 X189.466 Y180.393
G1 X189.876 Y180.317
G1 X191.660 Y179.989
G1 X192.632 Y179.810
G1 X194.954 Y179.382
G1 X197.277 Y178.954
G1 X197.314 Y178.991
; Retract
G0 Z5.000

; Path 156
; Rapid to initial position
G0 X197.920 Y176.840
G0 Z0.000
; plunge
G1 Z-0.200 F4000
; cut
G1 X197.767 Y176.890 F4000
G1 X197.557 Y176.956
G1 X197.220 Y177.064
G1 X196.766 Y177.207
G1 X196.216 Y177.377
G1 X195.589 Y177.564
G1 X194.723 Y177.810
G1 X192.708 Y178.365
G1 X190.732 Y178.905
G1 X188.454 Y179.527
G1 X186.155 Y180.155
G1 X183.877 Y180.777
G1 X181.599 Y181.399
G1 X180.895 Y181.591
G1 X179.740 Y181.906
G1 X179.324 Y182.020
G1 X177.474 Y182.524
G1 X177.036 Y182.644
G1 X175.909 Y182.952
G1 X175.212 Y183.142
G1 X174.766 Y183.264
G1 X173.531 Y183.601
G1 X173.088 Y183.722
G1 X172.953 Y183.759
G1 X172.499 Y183.882
G1 X171.172 Y184.245
G1 X170.706 Y184.372
G1 X170.235 Y184.500
G1 X169.560 Y184.685
G1 X168.800 Y184.892
G1 X168.442 Y184.989
G1 X168.326 Y185.021
G1 X167.974 Y185.117
G1 X166.432 Y185.538
G1 X166.191 Y185.603
G1 X165.949 Y185.670
G1 X165.715 Y185.734
G1 X164.066 Y186.183
G1 X163.943 Y186.217
G1 X163.575 Y186.317
G1 X163.476 Y186.344
G1 X161.703 Y186.828
G1 X161.224 Y186.959
G1 X159.343 Y187.472
G1 X158.836 Y187.610
G1 X158.233 Y187.774
G1 X158.114 Y187.807
G1 X157.162 Y188.067
G1 X156.969 Y188.119
G1 X156.471 Y188.255
G1 X156.205 Y188.328
G1 X154.615 Y188.758
G1 X152.920 Y189.217
G1 X152.508 Y189.328
G1 X152.224 Y189.405
G1 X150.904 Y189.762
G1 X148.625 Y190.379
G1 X147.578 Y190.662
G1 X145.298 Y191.279
G1 X143.019 Y191.895
; Retract
G0 Z5.000

; Path 157
; Rapid to initial position
G0 X166.688 Y186.889
G0 Z0.000
; plunge
G1 Z-0.200 F4000
; cut
G1 X167.168 Y186.886 F4000
G1 X168.836 Y186.876
G1 X169.095 Y186.873
G1 X169.310 Y186.871
G1 X170.998 Y186.861
G1 X171.134 Y186.861
G1 X171.465 Y186.858
G1 X171.577 Y186.858
G1 X173.169 Y186.848
G1 X173.623 Y186.845
G1 X175.233 Y186.836
G1 X175.360 Y186.836
G1 X175.680 Y186.833
G1 X175.815 Y186.833
G1 X177.309 Y186.824
G1 X177.561 Y186.822
G1 X177.750 Y186.819
G1 X178.009 Y186.817
G1 X179.398 Y186.808
G1 X179.775 Y186.806
G1 X180.201 Y186.803
G1 X181.499 Y186.796
G1 X181.927 Y186.793
G1 X182.422 Y186.790
G1 X183.612 Y186.782
G1 X184.034 Y186.780
G1 X185.752 Y186.769
G1 X186.154 Y186.767
G1 X187.890 Y186.756
G1 X190.252 Y186.741
G1 X192.613 Y186.727
G1 X193.365 Y186.722
G1 X193.401 Y186.834
G1 X193.415 Y187.019
G1 X193.397 Y187.138
G1 X191.084 Y187.612
G1 X188.770 Y188.086
G1 X187.726 Y188.300
G1 X185.937 Y188.667
G1 X185.525 Y188.751
G1 X183.748 Y189.116
G1 X183.315 Y189.204
G1 X182.123 Y189.449
G1 X181.566 Y189.563
G1 X181.126 Y189.653
G1 X179.826 Y189.920
G1 X179.389 Y190.009
G1 X178.942 Y190.100
G1 X177.551 Y190.385
; Retract
G0 Z5.000

; Path 158
; Rapid to initial position
G0 X122.471 Y156.130
G0 Z0.000
; plunge
G1 Z-0.200 F4000
; cut
G1 X122.762 Y156.034 F4000
G1 X123.133 Y155.912
G1 X123.606 Y155.756
G1 X124.094 Y155.596
G1 X124.558 Y155.443
G1 X125.008 Y155.295
G1 X125.474 Y155.142
G1 X125.890 Y155.005
G1 X126.347 Y154.855
G1 X126.877 Y154.680
G1 X127.335 Y154.530
G1 X127.679 Y154.416
G1 X128.130 Y154.268
G1 X128.738 Y154.068
G1 X129.174 Y153.924
G1 X129.463 Y153.830
G1 X129.855 Y153.701
G1 X131.024 Y153.324
G1 X131.241 Y153.254
G1 X131.679 Y153.113
G1 X133.014 Y152.683
G1 X133.445 Y152.544
G1 X134.795 Y152.110
G1 X135.204 Y151.978
G1 X136.554 Y151.543
G1 X138.802 Y150.819
G1 X141.050 Y150.095
G1 X141.780 Y149.861
G1 X144.030 Y149.144
G1 X146.280 Y148.427
G1 X148.530 Y147.711
G1 X150.780 Y146.994
G1 X151.778 Y146.677
G1 X154.036 Y145.985
G1 X156.294 Y145.294
G1 X158.402 Y144.648
G1 X160.715 Y144.170
G1 X163.002 Y143.697
G1 X165.363 Y143.642
G1 X167.682 Y143.587
G1 X170.038 Y143.755
G1 X172.393 Y143.922
G1 X174.598 Y144.078
G1 X176.951 Y144.270
G1 X179.305 Y144.463
G1 X181.659 Y144.655
G1 X184.012 Y144.847
G1 X185.264 Y144.949
G1 X187.617 Y145.147
G1 X189.970 Y145.345
G1 X192.323 Y145.542
G1 X194.677 Y145.740
G1 X197.030 Y145.938
G1 X198.368 Y146.050
G1 X200.721 Y146.259
G1 X201.323 Y146.313
G1 X202.874 Y146.451
G1 X203.335 Y146.492
G1 X204.907 Y146.631
G1 X205.378 Y146.673
G1 X206.955 Y146.813
G1 X207.351 Y146.848
G1 X209.020 Y146.997
G1 X209.292 Y147.021
G1 X209.479 Y147.038
G1 X209.727 Y147.060
G1 X211.100 Y147.182
G1 X211.234 Y147.193
G1 X211.554 Y147.222
G1 X211.678 Y147.233
G1 X211.790 Y147.243
G1 X213.195 Y147.382
G1 X213.641 Y147.425
G1 X215.186 Y147.578
G1 X215.305 Y147.590
G1 X215.619 Y147.621
G1 X215.745 Y147.634
G1 X217.186 Y147.776
G1 X217.431 Y147.800
G1 X217.613 Y147.818
G1 X217.851 Y147.842
G1 X219.201 Y147.975
G1 X219.622 Y148.017
G1 X219.988 Y148.053
G1 X221.232 Y148.176
G1 X221.647 Y148.217
G1 X223.273 Y148.378
G1 X223.687 Y148.429
G1 X225.350 Y148.635
G1 X227.693 Y148.925
G1 X230.037 Y149.215
G1 X231.012 Y149.336
G1 X233.335 Y149.763
G1 X235.438 Y150.150
G1 X237.603 Y150.896
G1 X237.846 Y151.029
G1 X238.824 Y151.776
G1 X239.106 Y152.029
G1 X239.490 Y152.426
G1 X240.001 Y152.963
G1 X240.575 Y153.566
G1 X241.127 Y154.146
G1 X241.575 Y154.617
G1 X241.859 Y154.916
G1 X242.005 Y155.079
G1 X242.160 Y155.304
G1 X242.287 Y155.626
G1 X242.330 Y155.893
G1 X242.341 Y156.045
G1 X242.349 Y156.233
G1 X242.355 Y156.364
G1 X242.362 Y156.528
G1 X242.373 Y156.805
G1 X242.395 Y157.333
G1 X242.428 Y158.160
G1 X242.469 Y159.159
G1 X242.510 Y160.159
G1 X242.543 Y160.989
G1 X242.565 Y161.519
G1 X242.576 Y161.791
G1 X242.580 Y161.891
G1 X242.587 Y162.078
G1 X242.592 Y162.224
G1 X242.604 Y162.624
G1 X242.604 Y163.277
G1 X242.565 Y164.073
G1 X242.475 Y164.811
G1 X242.463 Y164.912
G1 X242.463 Y164.912
; Retract
G0 Z5.000

; Path 159
; Rapid to initial position
G0 X227.102 Y104.310
G0 Z0.000
; plunge
G1 Z-0.200 F4000
; cut
G1 X226.128 Y103.405 F4000
G1 X226.089 Y103.117
G1 X226.148 Y102.918
G1 X228.133 Y102.791
G1 X230.519 Y102.639
G1 X232.905 Y102.486
G1 X235.291 Y102.334
G1 X237.677 Y102.181
G1 X240.063 Y102.028
G1 X242.448 Y101.876
G1 X244.834 Y101.723
G1 X245.619 Y101.673
G1 X248.005 Y101.521
G1 X250.391 Y101.368
G1 X251.594 Y101.291
G1 X253.979 Y101.139
G1 X256.365 Y100.986
G1 X258.751 Y100.834
G1 X261.137 Y100.681
G1 X263.523 Y100.528
G1 X265.909 Y100.376
G1 X268.295 Y100.223
G1 X270.681 Y100.071
G1 X273.066 Y99.918
G1 X275.452 Y99.766
G1 X277.838 Y99.613
G1 X280.224 Y99.461
G1 X282.610 Y99.308
G1 X284.995 Y99.155
G1 X287.381 Y99.003
G1 X289.767 Y98.851
G1 X292.153 Y98.698
G1 X294.539 Y98.545
G1 X296.925 Y98.393
G1 X299.311 Y98.240
G1 X299.136 Y100.082
G1 X298.891 Y102.678
G1 X299.083 Y105.328
G1 X299.285 Y108.107
G1 X300.084 Y109.042
G1 X300.747 Y109.818
; Retract
G0 Z5.000

; Path 160
; Rapid to initial position
G0 X300.687 Y103.615
G0 Z0.000
; plunge
G1 Z-0.200 F4000
; cut
G1 X298.465 Y104.413 F4000
G1 X296.242 Y105.211
G1 X295.246 Y105.569
G1 X294.453 Y105.853
G1 X292.095 Y105.719
G1 X289.738 Y105.584
G1 X287.380 Y105.450
G1 X285.022 Y105.315
G1 X282.665 Y105.181
G1 X280.307 Y105.047
G1 X277.949 Y104.912
G1 X275.592 Y104.778
G1 X273.234 Y104.643
G1 X270.876 Y104.509
G1 X268.519 Y104.374
G1 X266.161 Y104.240
G1 X263.803 Y104.105
G1 X261.445 Y103.971
G1 X259.088 Y103.836
G1 X256.730 Y103.702
G1 X254.372 Y103.568
G1 X252.015 Y103.433
G1 X249.657 Y103.299
G1 X247.299 Y103.164
G1 X246.597 Y103.124
G1 X244.240 Y102.990
G1 X241.882 Y102.855
G1 X241.005 Y102.805
G1 X238.647 Y102.671
G1 X236.290 Y102.536
G1 X233.932 Y102.402
G1 X231.574 Y102.267
G1 X229.216 Y102.133
G1 X226.859 Y101.998
G1 X224.501 Y101.864
G1 X222.159 Y101.730
; Retract
G0 Z5.000

; Path 161
; Rapid to initial position
G0 X254.656 Y82.313
G0 Z0.000
; plunge
G1 Z-0.200 F4000
; cut
G1 X253.970 Y81.744 F4000
G1 X253.285 Y81.177
G1 X254.989 Y79.967
G1 X255.774 Y79.410
G1 X256.042 Y79.219
G1 X256.216 Y79.096
G1 X256.977 Y78.556
G1 X257.193 Y78.402
G1 X257.376 Y78.273
G1 X258.304 Y77.614
G1 X259.504 Y76.763
; Retract
G0 Z5.000

; Path 162
; Rapid to initial position
G0 X260.430 Y82.464
G0 Z0.000
; plunge
G1 Z-0.200 F4000
; cut
G1 X260.445 Y82.582 F4000
G1 X260.779 Y85.249
; Retract
G0 Z5.000

; Path 163
; Rapid to initial position
G0 X253.672 Y78.362
G0 Z0.000
; plunge
G1 Z-0.200 F4000
; cut
G1 X253.056 Y77.853 F4000
G1 X253.635 Y77.995
; Retract
G0 Z5.000

; Path 164
; Rapid to initial position
G0 X269.344 Y60.766
G0 Z0.000
; plunge
G1 Z-0.200 F4000
; cut
G1 X269.358 Y60.640 F4000
G1 X269.468 Y60.722
G1 X269.572 Y60.796
G1 X269.672 Y60.863
G1 X269.766 Y60.922
G1 X269.855 Y60.973
G1 X270.017 Y61.054
G1 X270.159 Y61.104
G1 X270.280 Y61.125
G1 X270.419 Y61.111
G1 X270.524 Y61.069
G1 X270.614 Y60.976
G1 X270.643 Y60.878
G1 X270.638 Y60.756
G1 X270.611 Y60.644
G1 X270.564 Y60.515
G1 X270.521 Y60.420
G1 X270.472 Y60.322
G1 X270.417 Y60.227
G1 X270.358 Y60.135
G1 X270.294 Y60.047
G1 X270.225 Y59.961
G1 X270.151 Y59.879
G1 X270.059 Y59.787
G1 X269.985 Y59.703
G1 X269.908 Y59.611
G1 X269.845 Y59.520
G1 X269.812 Y59.418
G1 X269.820 Y59.316
G1 X269.845 Y59.212
G1 X269.880 Y59.106
G1 X269.927 Y59.003
G1 X269.992 Y58.904
G1 X270.071 Y58.841
G1 X270.176 Y58.814
G1 X270.317 Y58.803
G1 X270.466 Y58.800
G1 X270.656 Y58.803
G1 X270.766 Y58.806
G1 X270.887 Y58.810
G1 X271.017 Y58.815
G1 X271.158 Y58.820
G1 X271.308 Y58.828
G1 X271.469 Y58.836
G1 X271.415 Y58.730
G1 X271.369 Y58.619
G1 X271.357 Y58.512
G1 X271.433 Y58.434
G1 X271.538 Y58.433
G1 X271.649 Y58.470
G1 X271.766 Y58.538
G1 X271.827 Y58.584
; Retract
G0 Z5.000

; Path 165
; Rapid to initial position
G0 X270.680 Y58.789
G0 Z0.000
; plunge
G1 Z-0.200 F4000
; cut
G1 X270.657 Y58.638 F4000
G1 X270.621 Y58.499
G1 X270.570 Y58.367
G1 X270.505 Y58.240
G1 X270.424 Y58.113
G1 X270.326 Y57.985
G1 X270.212 Y57.856
G1 X270.080 Y57.728
G1 X269.932 Y57.597
; Retract
G0 Z5.000

; Path 166
; Rapid to initial position
G0 X270.255 Y57.484
G0 Z0.000
; plunge
G1 Z-0.200 F4000
; cut
G1 X270.156 Y57.397 F4000
G1 X270.071 Y57.309
G1 X269.999 Y57.219
G1 X269.941 Y57.128
G1 X269.895 Y57.036
G1 X269.850 Y56.895
G1 X269.833 Y56.751
G1 X269.842 Y56.620
G1 X269.878 Y56.501
G1 X269.942 Y56.401
G1 X270.031 Y56.319
G1 X270.143 Y56.259
G1 X270.239 Y56.227
G1 X270.345 Y56.207
G1 X270.481 Y56.199
G1 X270.582 Y56.201
G1 X270.687 Y56.213
G1 X270.795 Y56.232
G1 X270.906 Y56.259
G1 X271.021 Y56.295
G1 X271.137 Y56.339
G1 X271.252 Y56.391
G1 X271.367 Y56.452
G1 X271.481 Y56.521
G1 X271.594 Y56.598
G1 X271.707 Y56.683
G1 X271.786 Y56.749
; Retract
G0 Z5.000

; Path 167
; Rapid to initial position
G0 X271.247 Y56.244
G0 Z0.000
; plunge
G1 Z-0.200 F4000
; cut
G1 X272.251 Y54.106 F4000
G1 X273.255 Y51.968
G1 X274.258 Y49.831
G1 X275.262 Y47.693
G1 X276.266 Y45.556
G1 X277.269 Y43.418
G1 X278.273 Y41.280
G1 X279.277 Y39.143
G1 X280.280 Y37.005
G1 X281.284 Y34.868
G1 X282.288 Y32.730
G1 X283.156 Y30.881
; Retract
G0 Z5.000

; Path 168
; Rapid to initial position
G0 X282.013 Y33.117
G0 Z0.000
; plunge
G1 Z-0.200 F4000
; cut
G1 X281.011 Y35.255 F4000
G1 X280.008 Y37.394
G1 X279.005 Y39.532
G1 X278.003 Y41.670
G1 X277.000 Y43.808
G1 X275.997 Y45.946
G1 X274.995 Y48.084
G1 X273.992 Y50.222
G1 X272.989 Y52.360
G1 X271.987 Y54.498
G1 X270.984 Y56.636
G1 X270.699 Y57.244
; Retract
G0 Z5.000

; Path 169
; Rapid to initial position
G0 X270.839 Y56.537
G0 Z0.000
; plunge
G1 Z-0.200 F4000
; cut
G1 X270.747 Y56.464 F4000
G1 X270.655 Y56.400
G1 X270.562 Y56.343
G1 X270.470 Y56.295
G1 X270.356 Y56.246
G1 X270.246 Y56.216
G1 X269.423 Y56.322
G1 X270.179 Y56.216
G1 X270.093 Y56.283
G1 X270.083 Y56.389
G1 X270.112 Y56.487
G1 X270.172 Y56.608
G1 X270.237 Y56.711
G1 X270.322 Y56.816
G1 X270.428 Y56.922
G1 X270.509 Y56.993
G1 X270.600 Y57.064
G1 X270.699 Y57.133
G1 X270.805 Y57.197
G1 X270.919 Y57.255
G1 X271.041 Y57.309
G1 X271.170 Y57.357
G1 X271.307 Y57.401
G1 X271.292 Y57.268
G1 X271.261 Y57.142
G1 X271.216 Y57.022
G1 X271.156 Y56.910
G1 X271.085 Y56.804
G1 X271.010 Y56.707
G1 X270.927 Y56.618
G1 X270.839 Y56.537
; Retract
G0 Z5.000

; Path 170
; Rapid to initial position
G0 X269.926 Y56.663
G0 Z0.000
; plunge
G1 Z-0.200 F4000
; cut
G1 X269.922 Y56.821 F4000
G1 X269.901 Y56.995
G1 X269.867 Y57.171
G1 X269.820 Y57.335
G1 X269.758 Y57.489
G1 X269.686 Y57.629
G1 X269.600 Y57.758
G1 X269.503 Y57.873
G1 X269.397 Y57.972
G1 X269.284 Y58.054
G1 X269.162 Y58.119
G1 X269.032 Y58.167
G1 X268.894 Y58.198
G1 X268.739 Y58.212
G1 X268.576 Y58.208
G1 X268.415 Y58.186
G1 X268.257 Y58.145
G1 X268.102 Y58.084
G1 X267.951 Y58.005
G1 X267.802 Y57.907
G1 X267.651 Y57.792
; Retract
G0 Z5.000

; Path 171
; Rapid to initial position
G0 X268.919 Y57.549
G0 Z0.000
; plunge
G1 Z-0.200 F4000
; cut
G1 X268.767 Y57.418 F4000
G1 X268.690 Y57.347
G1 X268.612 Y57.272
G1 X268.535 Y57.192
G1 X268.457 Y57.109
G1 X268.379 Y57.021
G1 X268.300 Y56.930
G1 X268.220 Y56.834
G1 X268.254 Y56.548
G1 X268.362 Y56.633
G1 X268.464 Y56.712
G1 X268.561 Y56.785
G1 X268.653 Y56.852
G1 X268.739 Y56.913
G1 X268.858 Y56.993
G1 X268.976 Y57.063
G1 X269.096 Y57.124
G1 X269.217 Y57.176
G1 X269.339 Y57.219
G1 X269.461 Y57.250
G1 X269.582 Y57.268
G1 X269.703 Y57.273
G1 X269.821 Y57.263
G1 X269.929 Y57.237
G1 X270.028 Y57.192
G1 X270.119 Y57.129
G1 X270.200 Y57.048
G1 X270.267 Y56.953
G1 X270.318 Y56.844
G1 X270.353 Y56.721
G1 X270.381 Y56.514
G1 X270.272 Y56.480
G1 X270.167 Y56.446
G1 X270.064 Y56.410
G1 X269.965 Y56.375
G1 X269.869 Y56.339
G1 X269.775 Y56.302
G1 X269.599 Y56.226
G1 X269.434 Y56.149
G1 X269.281 Y56.069
G1 X269.142 Y55.987
G1 X269.016 Y55.903
G1 X268.903 Y55.818
; Retract
G0 Z5.000

; Path 172
; Rapid to initial position
G0 X270.641 Y58.591
G0 Z0.000
; plunge
G1 Z-0.200 F4000
; cut
G1 X270.518 Y58.575 F4000
G1 X270.412 Y58.564
G1 X270.290 Y58.554
G1 X270.169 Y58.543
G1 X270.052 Y58.533
G1 X269.940 Y58.522
G1 X269.835 Y58.512
G1 X269.714 Y58.498
G1 X269.765 Y58.588
G1 X269.837 Y58.680
G1 X269.905 Y58.773
G1 X269.970 Y58.866
G1 X270.032 Y58.960
G1 X270.092 Y59.054
G1 X270.147 Y59.148
G1 X270.197 Y59.240
G1 X270.262 Y59.373
G1 X270.315 Y59.502
G1 X270.356 Y59.627
G1 X270.385 Y59.747
G1 X270.401 Y59.860
G1 X270.404 Y59.969
G1 X270.391 Y60.094
G1 X270.371 Y60.200
G1 X270.344 Y60.298
G1 X270.292 Y60.429
G1 X270.225 Y60.542
G1 X270.145 Y60.635
G1 X270.058 Y60.706
G1 X269.965 Y60.756
G1 X269.867 Y60.784
G1 X269.742 Y60.788
G1 X269.615 Y60.763
G1 X269.514 Y60.724
G1 X269.410 Y60.668
G1 X269.302 Y60.600
G1 X269.190 Y60.520
G1 X269.075 Y60.428
G1 X268.996 Y60.361
G1 X268.913 Y60.287
G1 X268.826 Y60.206
G1 X268.725 Y60.112
G1 X268.623 Y60.010
G1 X268.513 Y59.900
G1 X268.448 Y59.834
; Retract
G0 Z5.000

; Path 173
; Rapid to initial position
G0 X268.811 Y59.734
G0 Z0.000
; plunge
G1 Z-0.200 F4000
; cut
G1 X268.217 Y59.242 F4000
; Retract
G0 Z5.000

; Path 174
; Rapid to initial position
G0 X270.571 Y60.085
G0 Z0.000
; plunge
G1 Z-0.200 F4000
; cut
G1 X270.665 Y60.171 F4000
G1 X270.759 Y60.273
G1 X270.843 Y60.381
G1 X270.919 Y60.494
G1 X270.986 Y60.612
G1 X271.042 Y60.731
G1 X271.081 Y60.843
G1 X271.102 Y60.944
G1 X271.106 Y61.066
G1 X271.081 Y61.179
G1 X271.034 Y61.269
G1 X270.947 Y61.351
G1 X270.842 Y61.413
G1 X270.806 Y61.516
G1 X270.880 Y61.626
G1 X270.969 Y61.747
G1 X271.036 Y61.832
G1 X271.110 Y61.922
G1 X271.076 Y62.228
G1 X270.991 Y62.158
G1 X270.906 Y62.082
G1 X270.828 Y62.008
G1 X270.755 Y61.931
G1 X270.685 Y61.852
G1 X270.619 Y61.772
G1 X270.557 Y61.690
G1 X270.500 Y61.606
G1 X270.446 Y61.520
G1 X270.396 Y61.433
G1 X270.350 Y61.343
G1 X270.309 Y61.252
; Retract
G0 Z5.000

; Path 175
; Rapid to initial position
G0 X287.378 Y54.251
G0 Z0.000
; plunge
G1 Z-0.200 F4000
; cut
G1 X287.618 Y54.454 F4000
G1 X287.856 Y54.640
G1 X288.091 Y54.809
G1 X288.323 Y54.958
G1 X288.552 Y55.089
G1 X288.777 Y55.201
G1 X289.000 Y55.294
G1 X289.219 Y55.369
G1 X289.435 Y55.425
G1 X289.648 Y55.462
G1 X289.858 Y55.480
G1 X290.064 Y55.480
G1 X290.267 Y55.461
G1 X290.382 Y55.438
G1 X290.488 Y55.403
G1 X290.585 Y55.357
G1 X290.674 Y55.298
G1 X290.754 Y55.227
G1 X290.825 Y55.145
G1 X290.887 Y55.050
G1 X290.940 Y54.944
G1 X290.985 Y54.826
G1 X291.021 Y54.695
G1 X291.048 Y54.553
G1 X291.066 Y54.399
G1 X291.071 Y54.261
G1 X291.063 Y54.109
G1 X291.043 Y53.942
G1 X291.011 Y53.762
G1 X290.966 Y53.568
G1 X290.908 Y53.359
G1 X290.838 Y53.137
G1 X290.756 Y52.900
G1 X290.661 Y52.650
G1 X290.554 Y52.386
G1 X290.434 Y52.108
G1 X290.302 Y51.816
G1 X290.190 Y51.592
G1 X290.007 Y51.276
G1 X289.847 Y51.049
G1 X289.688 Y50.863
G1 X289.499 Y50.679
; Retract
G0 Z5.000

; Path 176
; Rapid to initial position
G0 X296.217 Y38.539
G0 Z0.000
; plunge
G1 Z-0.200 F4000
; cut
G1 X295.601 Y37.985 F4000
G1 X295.236 Y37.658
G1 X294.891 Y37.352
G1 X294.566 Y37.068
G1 X294.261 Y36.806
G1 X293.976 Y36.564
G1 X293.711 Y36.345
G1 X293.465 Y36.147
G1 X293.238 Y35.970
G1 X293.032 Y35.814
G1 X292.845 Y35.680
G1 X292.678 Y35.567
G1 X292.521 Y35.470
G1 X292.366 Y35.383
G1 X292.213 Y35.306
G1 X292.062 Y35.240
G1 X291.913 Y35.184
G1 X291.766 Y35.139
G1 X291.620 Y35.103
G1 X291.476 Y35.078
G1 X291.335 Y35.064
G1 X291.195 Y35.059
G1 X291.056 Y35.065
G1 X290.920 Y35.081
G1 X290.733 Y35.118
G1 X290.554 Y35.171
G1 X290.384 Y35.238
G1 X290.223 Y35.320
G1 X290.069 Y35.417
G1 X289.924 Y35.529
G1 X289.794 Y35.652
G1 X289.684 Y35.781
G1 X289.596 Y35.917
G1 X289.528 Y36.059
G1 X289.482 Y36.208
G1 X289.456 Y36.363
G1 X289.486 Y36.472
G1 X289.526 Y36.567
G1 X289.584 Y36.689
G1 X289.660 Y36.837
G1 X289.752 Y37.013
G1 X289.863 Y37.216
G1 X289.990 Y37.445
G1 X290.135 Y37.702
G1 X290.298 Y37.986
G1 X290.478 Y38.297
G1 X290.676 Y38.635
G1 X291.240 Y39.621
G1 X291.780 Y40.562
G1 X292.296 Y41.460
G1 X292.787 Y42.313
G1 X293.254 Y43.122
G1 X293.696 Y43.886
G1 X294.113 Y44.605
G1 X294.505 Y45.278
G1 X294.872 Y45.907
G1 X295.213 Y46.489
G1 X295.530 Y47.026
G1 X295.820 Y47.517
G1 X295.945 Y47.725
G1 X296.097 Y47.980
G1 X296.371 Y48.435
G1 X296.643 Y48.880
G1 X296.912 Y49.317
G1 X297.179 Y49.745
G1 X297.443 Y50.163
G1 X297.704 Y50.573
G1 X297.963 Y50.973
G1 X298.219 Y51.365
G1 X298.473 Y51.747
G1 X298.724 Y52.120
G1 X298.973 Y52.484
G1 X299.219 Y52.837
G1 X299.466 Y53.176
G1 X299.711 Y53.502
G1 X299.937 Y53.789
G1 X300.201 Y54.113
G1 X300.444 Y54.398
G1 X300.688 Y54.669
G1 X300.930 Y54.927
G1 X301.172 Y55.171
G1 X301.257 Y55.253
G1 X301.413 Y55.402
G1 X301.653 Y55.619
G1 X302.848 Y56.651
G1 X304.635 Y58.195
; Retract
G0 Z5.000

; Path 177
; Rapid to initial position
G0 X364.756 Y77.652
G0 Z0.000
; plunge
G1 Z-0.200 F4000
; cut
G1 X368.311 Y78.509 F4000
G1 X369.142 Y78.886
G1 X370.945 Y79.706
G1 X371.378 Y79.903
; Retract
G0 Z5.000

; Path 178
; Rapid to initial position
G0 X377.117 Y99.331
G0 Z0.000
; plunge
G1 Z-0.200 F4000
; cut
G1 X377.337 Y99.265 F4000
G1 X377.629 Y99.203
G1 X377.923 Y99.164
G1 X378.210 Y99.151
G1 X378.477 Y99.164
G1 X378.715 Y99.203
G1 X379.161 Y99.292
G1 X379.450 Y99.383
G1 X379.673 Y99.504
G1 X380.200 Y99.814
G1 X380.386 Y100.002
G1 X380.849 Y100.488
G1 X381.188 Y101.092
G1 X381.295 Y101.372
G1 X381.505 Y102.087
G1 X381.565 Y102.857
G1 X381.530 Y103.185
G1 X381.440 Y103.975
G1 X381.203 Y104.749
G1 X380.902 Y105.334
G1 X380.829 Y105.476
G1 X380.676 Y105.758
G1 X380.201 Y106.368
G1 X379.970 Y106.606
G1 X379.447 Y107.056
G1 X379.193 Y107.236
G1 X378.877 Y107.402
G1 X378.584 Y107.547
G1 X378.460 Y107.608
G1 X378.208 Y107.708
G1 X377.931 Y107.790
G1 X377.639 Y107.851
G1 X377.344 Y107.889
G1 X377.057 Y107.902
G1 X376.790 Y107.889
G1 X376.551 Y107.851
G1 X376.107 Y107.755
G1 X375.817 Y107.666
G1 X375.594 Y107.547
G1 X375.070 Y107.232
G1 X374.881 Y107.047
G1 X374.423 Y106.556
G1 X374.088 Y105.951
G1 X373.976 Y105.674
G1 X373.771 Y104.959
G1 X373.714 Y104.189
G1 X373.744 Y103.863
G1 X373.837 Y103.074
G1 X374.076 Y102.303
G1 X374.451 Y101.579
G1 X374.550 Y101.390
; Retract
G0 Z5.000

; Path 179
; Rapid to initial position
G0 X380.031 Y102.172
G0 Z0.000
; plunge
G1 Z-0.200 F4000
; cut
G1 X380.085 Y102.382 F4000
G1 X380.350 Y103.409
G1 X380.924 Y104.587
; Retract
G0 Z5.000

; Path 180
; Rapid to initial position
G0 X381.832 Y105.248
G0 Z0.000
; plunge
G1 Z-0.200 F4000
; cut
G1 X382.181 Y105.067 F4000
G1 X383.113 Y104.582
G1 X384.546 Y104.201
; Retract
G0 Z5.000

; Path 181
; Rapid to initial position
G0 X382.924 Y102.832
G0 Z0.000
; plunge
G1 Z-0.200 F4000
; cut
G1 X382.487 Y103.271 F4000
G1 X382.214 Y103.545
; Retract
G0 Z5.000

; Path 182
; Rapid to initial position
G0 X381.956 Y103.310
G0 Z0.000
; plunge
G1 Z-0.200 F4000
; cut
G1 X382.133 Y102.894 F4000
G1 X382.305 Y102.488
; Retract
G0 Z5.000

; Path 183
; Rapid to initial position
G0 X381.682 Y102.351
G0 Z0.000
; plunge
G1 Z-0.200 F4000
; cut
G1 X381.660 Y103.012 F4000
G1 X381.652 Y103.241
G1 X381.647 Y103.412
; Retract
G0 Z5.000

; Path 184
; Rapid to initial position
G0 X328.578 Y149.367
G0 Z0.000
; plunge
G1 Z-0.200 F4000
; cut
G1 X328.027 Y149.483 F4000
G1 X325.677 Y149.975
G1 X323.922 Y150.342
G1 X321.572 Y150.833
G1 X320.249 Y151.110
; Retract
G0 Z5.000

; Path 185
; Rapid to initial position
G0 X324.922 Y156.141
G0 Z0.000
; plunge
G1 Z-0.200 F4000
; cut
G1 X325.053 Y156.361 F4000
G1 X325.167 Y156.581
G1 X325.265 Y156.799
G1 X325.348 Y157.016
G1 X325.414 Y157.233
G1 X325.464 Y157.448
G1 X325.499 Y157.662
G1 X325.517 Y157.874
G1 X325.519 Y158.086
G1 X325.511 Y158.224
G1 X325.495 Y158.359
G1 X325.470 Y158.492
G1 X325.436 Y158.623
G1 X325.394 Y158.751
G1 X325.343 Y158.877
G1 X325.283 Y158.999
G1 X325.215 Y159.120
G1 X325.139 Y159.238
G1 X325.054 Y159.354
G1 X324.960 Y159.467
G1 X324.858 Y159.577
G1 X324.751 Y159.683
G1 X324.644 Y159.781
G1 X324.535 Y159.872
G1 X324.426 Y159.955
G1 X324.316 Y160.030
G1 X324.206 Y160.099
G1 X324.095 Y160.160
G1 X323.983 Y160.213
G1 X323.870 Y160.259
G1 X323.757 Y160.298
G1 X323.642 Y160.329
G1 X323.527 Y160.352
G1 X323.312 Y160.379
G1 X323.100 Y160.385
G1 X322.891 Y160.370
G1 X322.684 Y160.333
G1 X322.481 Y160.275
G1 X322.280 Y160.196
G1 X322.083 Y160.095
G1 X321.888 Y159.974
G1 X321.697 Y159.831
G1 X321.508 Y159.668
G1 X321.323 Y159.483
G1 X321.140 Y159.277
G1 X320.967 Y159.062
G1 X320.810 Y158.847
; Retract
G0 Z5.000

; Path 186
; Rapid to initial position
G0 X322.306 Y161.383
G0 Z0.000
; plunge
G1 Z-0.200 F4000
; cut
G1 X321.540 Y160.237 F4000
G1 X321.398 Y160.023
G1 X321.272 Y159.810
G1 X321.161 Y159.598
G1 X321.067 Y159.386
G1 X320.987 Y159.176
G1 X320.923 Y158.967
G1 X320.875 Y158.759
G1 X320.842 Y158.551
G1 X320.825 Y158.345
G1 X320.823 Y158.139
G1 X320.832 Y157.974
G1 X320.848 Y157.815
G1 X320.872 Y157.661
G1 X320.903 Y157.512
G1 X320.940 Y157.374
G1 X320.986 Y157.231
G1 X321.039 Y157.097
G1 X321.100 Y156.970
G1 X321.168 Y156.847
G1 X321.244 Y156.730
G1 X321.327 Y156.618
G1 X321.418 Y156.511
G1 X321.514 Y156.410
G1 X321.613 Y156.315
G1 X321.717 Y156.227
G1 X321.824 Y156.146
G1 X321.934 Y156.072
G1 X322.048 Y156.004
G1 X322.166 Y155.943
G1 X322.287 Y155.889
G1 X322.412 Y155.841
G1 X322.541 Y155.800
G1 X322.673 Y155.766
G1 X322.809 Y155.739
G1 X323.015 Y155.713
G1 X323.219 Y155.709
G1 X323.421 Y155.726
G1 X323.621 Y155.766
G1 X323.820 Y155.827
G1 X324.017 Y155.910
G1 X324.213 Y156.014
G1 X324.406 Y156.140
G1 X324.598 Y156.288
G1 X324.788 Y156.458
G1 X324.878 Y156.549
G1 X324.977 Y156.649
G1 X325.164 Y156.863
G1 X325.342 Y157.087
G1 X325.504 Y157.310
G1 X325.650 Y157.531
G1 X327.066 Y159.701
G1 X327.470 Y160.320
; Retract
G0 Z5.000

; Path 187
; Rapid to initial position
G0 X322.780 Y173.806
G0 Z0.000
; plunge
G1 Z-0.200 F4000
; cut
G1 X322.830 Y173.926 F4000
G1 X322.851 Y174.076
G1 X322.847 Y174.180
G1 X322.798 Y174.303
G1 X322.693 Y174.400
G1 X322.591 Y174.450
G1 X322.465 Y174.488
G1 X322.151 Y174.540
G1 X321.900 Y174.570
G1 X321.638 Y174.594
G1 X321.368 Y174.612
G1 X321.087 Y174.622
G1 X320.796 Y174.626
G1 X320.496 Y174.624
G1 X320.186 Y174.615
G1 X319.866 Y174.599
G1 X319.537 Y174.577
G1 X319.198 Y174.548
G1 X318.849 Y174.513
G1 X318.505 Y174.477
G1 X318.179 Y174.446
G1 X317.872 Y174.420
G1 X317.583 Y174.399
G1 X317.313 Y174.384
G1 X317.062 Y174.373
G1 X316.829 Y174.368
G1 X316.614 Y174.368
G1 X316.418 Y174.373
G1 X316.241 Y174.383
G1 X316.082 Y174.397
G1 X315.941 Y174.418
G1 X315.836 Y174.444
G1 X315.736 Y174.487
G1 X315.642 Y174.547
G1 X315.553 Y174.622
G1 X315.471 Y174.715
G1 X315.393 Y174.824
G1 X315.321 Y174.949
G1 X315.254 Y175.090
G1 X315.193 Y175.248
G1 X315.137 Y175.422
G1 X315.087 Y175.612
G1 X315.049 Y175.786
G1 X314.936 Y176.368
G1 X314.840 Y176.876
G1 X314.752 Y177.343
G1 X314.695 Y177.647
G1 X314.673 Y177.769
G1 X314.603 Y178.153
G1 X314.543 Y178.496
G1 X314.491 Y178.797
G1 X314.448 Y179.057
G1 X314.415 Y179.275
G1 X314.391 Y179.452
G1 X314.376 Y179.588
G1 X314.369 Y179.749
G1 X314.386 Y179.880
G1 X314.422 Y180.005
G1 X314.478 Y180.124
G1 X315.534 Y181.779
; Retract
G0 Z5.000

; Path 188
; Rapid to initial position
G0 X310.150 Y145.735
G0 Z0.000
; plunge
G1 Z-0.200 F4000
; cut
G1 X309.991 Y145.518 F4000
G1 X309.019 Y144.191
G1 X308.961 Y144.075
G1 X308.925 Y143.941
G1 X308.910 Y143.788
G1 X308.914 Y143.649
G1 X308.934 Y143.523
G1 X308.971 Y143.374
G1 X309.025 Y143.204
G1 X309.095 Y143.013
G1 X309.137 Y142.908
G1 X309.182 Y142.799
G1 X309.231 Y142.684
G1 X309.284 Y142.567
G1 X309.340 Y142.452
G1 X309.398 Y142.339
G1 X309.460 Y142.227
G1 X309.523 Y142.117
G1 X309.590 Y142.009
G1 X309.659 Y141.902
G1 X309.731 Y141.797
G1 X309.806 Y141.694
G1 X309.884 Y141.592
G1 X309.964 Y141.492
G1 X310.047 Y141.394
G1 X310.131 Y141.300
G1 X310.216 Y141.213
G1 X310.303 Y141.132
G1 X310.391 Y141.058
G1 X310.479 Y140.992
G1 X310.568 Y140.931
G1 X310.658 Y140.878
G1 X310.749 Y140.831
G1 X310.933 Y140.758
G1 X311.121 Y140.712
G1 X311.484 Y140.662
G1 X311.871 Y140.634
G1 X312.283 Y140.630
G1 X312.717 Y140.647
G1 X313.176 Y140.687
G1 X313.658 Y140.749
G1 X314.164 Y140.833
G1 X314.694 Y140.940
G1 X315.248 Y141.070
G1 X315.827 Y141.222
G1 X316.429 Y141.396
G1 X317.056 Y141.594
G1 X317.697 Y141.816
G1 X318.340 Y142.067
G1 X318.987 Y142.346
G1 X319.637 Y142.652
G1 X320.291 Y142.987
G1 X320.757 Y143.245
G1 X320.947 Y143.350
G1 X321.607 Y143.742
G1 X322.271 Y144.162
G1 X322.882 Y144.573
G1 X323.608 Y145.087
G1 X323.718 Y145.169
; Retract
G0 Z5.000

; Path 189
; Rapid to initial position
G0 X334.277 Y237.268
G0 Z0.000
; plunge
G1 Z-0.200 F4000
; cut
G1 X335.484 Y237.708 F4000
G1 X337.758 Y238.536
G1 X339.970 Y239.415
G1 X342.224 Y240.311
G1 X344.505 Y241.291
G1 X346.737 Y242.251
G1 X349.035 Y243.313
G1 X351.246 Y244.335
G1 X353.508 Y245.455
G1 X355.696 Y246.539
G1 X357.870 Y247.691
G1 X360.033 Y248.836
G1 X362.071 Y249.991
G1 X364.206 Y251.201
G1 X366.059 Y252.326
G1 X368.163 Y253.604
G1 X369.245 Y254.310
G1 X370.661 Y255.235
G1 X371.628 Y255.866
G1 X371.858 Y256.016
G1 X373.221 Y256.979
G1 X375.246 Y258.409
G1 X376.316 Y259.234
G1 X378.289 Y260.755
G1 X379.045 Y261.399
G1 X380.951 Y263.024
G1 X381.387 Y263.443
G1 X383.205 Y265.192
G1 X384.418 Y266.550
G1 X385.027 Y267.233
G1 X386.333 Y269.032
; Retract
G0 Z5.000

; Path 190
; Rapid to initial position
G0 X104.081 Y278.819
G0 Z0.000
; plunge
G1 Z-0.200 F4000
; cut
G1 X104.514 Y275.970 F4000
G1 X104.947 Y273.120
G1 X105.380 Y270.270
G1 X105.813 Y267.421
G1 X106.246 Y264.572
G1 X106.679 Y261.722
G1 X107.112 Y258.873
G1 X107.545 Y256.023
G1 X107.978 Y253.174
G1 X108.411 Y250.324
G1 X108.844 Y247.475
G1 X109.278 Y244.625
G1 X109.711 Y241.776
G1 X110.143 Y238.926
G1 X110.577 Y236.077
G1 X111.010 Y233.227
G1 X111.443 Y230.378
G1 X111.876 Y227.529
G1 X112.309 Y224.679
G1 X112.742 Y221.830
G1 X113.175 Y218.980
G1 X113.608 Y216.131
G1 X114.041 Y213.281
G1 X114.475 Y210.432
G1 X114.908 Y207.582
G1 X115.340 Y204.733
G1 X115.774 Y201.883
G1 X116.207 Y199.034
G1 X116.640 Y196.184
G1 X117.073 Y193.335
G1 X117.506 Y190.485
G1 X117.939 Y187.636
G1 X118.372 Y184.786
G1 X118.805 Y181.937
G1 X119.238 Y179.087
G1 X119.671 Y176.238
G1 X120.104 Y173.388
G1 X120.537 Y170.539
G1 X120.970 Y167.689
G1 X121.404 Y164.840
G1 X121.967 Y161.132
G1 X122.400 Y158.282
G1 X122.833 Y155.432
G1 X123.267 Y152.583
G1 X123.699 Y149.734
G1 X123.797 Y149.093
; Retract
G0 Z5.000

; Path 191
; Rapid to initial position
G0 X123.819 Y146.004
G0 Z0.000
; plunge
G1 Z-0.200 F4000
; cut
G1 X123.682 Y146.843 F4000
G1 X123.218 Y149.690
G1 X122.755 Y152.537
G1 X122.291 Y155.383
G1 X121.827 Y158.230
G1 X121.331 Y161.275
G1 X120.867 Y164.122
G1 X120.403 Y166.969
G1 X119.939 Y169.816
G1 X119.475 Y172.662
G1 X119.011 Y175.509
G1 X118.547 Y178.356
G1 X118.083 Y181.203
G1 X117.620 Y184.050
G1 X117.156 Y186.897
G1 X116.692 Y189.743
G1 X116.228 Y192.590
G1 X115.764 Y195.437
G1 X115.300 Y198.284
G1 X114.836 Y201.130
G1 X114.372 Y203.977
G1 X113.908 Y206.824
G1 X113.444 Y209.671
G1 X112.981 Y212.518
G1 X112.517 Y215.365
G1 X112.053 Y218.211
G1 X111.589 Y221.058
G1 X111.125 Y223.905
G1 X110.661 Y226.752
G1 X110.197 Y229.599
G1 X109.733 Y232.446
G1 X109.269 Y235.292
G1 X108.805 Y238.139
G1 X108.341 Y240.986
G1 X107.878 Y243.833
G1 X107.414 Y246.680
G1 X106.950 Y249.526
G1 X106.486 Y252.373
G1 X106.022 Y255.220
G1 X105.558 Y258.067
G1 X105.094 Y260.914
G1 X104.630 Y263.761
G1 X104.166 Y266.607
G1 X103.703 Y269.454
G1 X103.239 Y272.301
G1 X102.775 Y275.148
; Retract
G0 Z5.000

; Path 192
; Rapid to initial position
G0 X102.652 Y274.546
G0 Z0.000
; plunge
G1 Z-0.200 F4000
; cut
G1 X103.117 Y271.699 F4000
G1 X103.582 Y268.853
G1 X104.046 Y266.006
G1 X104.511 Y263.159
G1 X104.976 Y260.312
G1 X105.441 Y257.465
G1 X105.905 Y254.619
G1 X106.370 Y251.772
G1 X106.835 Y248.925
G1 X107.299 Y246.079
G1 X107.764 Y243.232
G1 X108.229 Y240.385
G1 X108.693 Y237.538
G1 X109.158 Y234.691
G1 X109.623 Y231.845
G1 X110.087 Y228.998
G1 X110.552 Y226.151
G1 X111.017 Y223.305
G1 X111.481 Y220.458
G1 X111.946 Y217.611
G1 X112.411 Y214.764
G1 X112.876 Y211.917
G1 X113.340 Y209.071
G1 X113.805 Y206.224
G1 X114.270 Y203.377
G1 X114.734 Y200.531
G1 X115.199 Y197.684
G1 X115.664 Y194.837
G1 X116.128 Y191.990
G1 X116.593 Y189.143
G1 X117.058 Y186.297
G1 X117.522 Y183.450
G1 X117.987 Y180.603
G1 X118.452 Y177.757
G1 X118.916 Y174.910
G1 X119.381 Y172.063
G1 X119.846 Y169.216
G1 X120.310 Y166.369
G1 X120.775 Y163.523
G1 X121.240 Y160.676
G1 X121.713 Y157.775
G1 X122.178 Y154.928
G1 X122.643 Y152.081
G1 X123.108 Y149.234
G1 X123.572 Y146.387
G1 X123.714 Y145.518
; Retract
G0 Z5.000

; Path 193
; Rapid to initial position
G0 X123.744 Y136.277
G0 Z0.000
; plunge
G1 Z-0.200 F4000
; cut
G1 X123.454 Y137.755 F4000
G1 X122.897 Y140.593
G1 X122.341 Y143.430
G1 X121.784 Y146.268
G1 X121.228 Y149.106
G1 X121.208 Y149.205
G1 X120.652 Y152.042
G1 X119.929 Y155.726
G1 X119.373 Y158.564
G1 X118.816 Y161.402
G1 X118.260 Y164.239
G1 X117.703 Y167.077
G1 X117.146 Y169.915
G1 X116.590 Y172.753
G1 X116.033 Y175.590
G1 X115.477 Y178.428
G1 X114.920 Y181.266
G1 X114.364 Y184.103
G1 X113.807 Y186.941
G1 X113.251 Y189.779
G1 X112.694 Y192.617
G1 X112.137 Y195.455
G1 X111.581 Y198.292
G1 X111.024 Y201.130
G1 X110.468 Y203.968
G1 X109.911 Y206.805
G1 X109.355 Y209.643
G1 X108.798 Y212.481
G1 X108.242 Y215.318
G1 X107.685 Y218.156
G1 X107.129 Y220.994
G1 X106.572 Y223.831
G1 X106.015 Y226.669
G1 X105.459 Y229.507
G1 X104.902 Y232.345
G1 X104.346 Y235.182
G1 X103.789 Y238.020
G1 X103.233 Y240.858
G1 X102.676 Y243.696
G1 X102.120 Y246.533
G1 X101.563 Y249.371
G1 X101.006 Y252.209
G1 X100.450 Y255.046
G1 X99.893 Y257.884
G1 X99.337 Y260.722
G1 X98.780 Y263.560
; Retract
G0 Z5.000

; Path 194
; Rapid to initial position
G0 X97.573 Y259.984
G0 Z0.000
; plunge
G1 Z-0.200 F4000
; cut
G1 X98.227 Y256.826 F4000
G1 X98.813 Y253.991
G1 X99.401 Y251.157
G1 X99.987 Y248.323
G1 X100.574 Y245.488
G1 X101.162 Y242.654
G1 X101.748 Y239.820
G1 X102.335 Y236.985
G1 X102.922 Y234.151
G1 X103.509 Y231.316
G1 X104.096 Y228.482
G1 X104.683 Y225.648
G1 X105.270 Y222.813
G1 X105.857 Y219.979
G1 X106.444 Y217.144
G1 X107.031 Y214.310
G1 X107.618 Y211.476
G1 X108.205 Y208.641
G1 X108.792 Y205.807
G1 X109.379 Y202.973
G1 X109.966 Y200.138
G1 X110.553 Y197.304
G1 X111.140 Y194.470
G1 X111.727 Y191.635
G1 X112.314 Y188.801
G1 X112.901 Y185.967
G1 X113.488 Y183.132
G1 X114.075 Y180.298
G1 X114.661 Y177.464
G1 X115.249 Y174.629
G1 X115.835 Y171.795
G1 X116.422 Y168.960
G1 X117.009 Y166.126
G1 X117.596 Y163.292
G1 X118.183 Y160.457
G1 X118.770 Y157.623
G1 X119.357 Y154.788
G1 X119.944 Y151.954
G1 X120.531 Y149.120
G1 X121.118 Y146.286
G1 X121.487 Y144.501
G1 X122.075 Y141.667
G1 X122.661 Y138.832
G1 X123.248 Y135.998
G1 X123.836 Y133.163
; Retract
G0 Z5.000

; Path 195
; Rapid to initial position
G0 X123.056 Y130.523
G0 Z0.000
; plunge
G1 Z-0.200 F4000
; cut
G1 X122.841 Y131.511 F4000
G1 X122.224 Y134.342
G1 X121.606 Y137.173
G1 X120.989 Y140.003
G1 X120.372 Y142.834
G1 X119.818 Y145.374
G1 X119.201 Y148.205
G1 X118.584 Y151.036
G1 X117.966 Y153.867
G1 X117.349 Y156.697
G1 X116.732 Y159.528
G1 X116.114 Y162.359
G1 X115.497 Y165.190
G1 X114.880 Y168.021
G1 X114.263 Y170.852
G1 X113.645 Y173.682
G1 X113.028 Y176.513
G1 X112.411 Y179.344
G1 X111.794 Y182.175
G1 X111.177 Y185.006
G1 X110.559 Y187.836
G1 X109.942 Y190.667
G1 X109.325 Y193.498
G1 X108.708 Y196.329
G1 X108.090 Y199.160
G1 X107.473 Y201.991
G1 X106.856 Y204.822
G1 X106.239 Y207.652
G1 X105.621 Y210.483
G1 X105.004 Y213.314
G1 X104.387 Y216.145
G1 X103.770 Y218.976
G1 X103.152 Y221.807
G1 X102.535 Y224.637
G1 X101.918 Y227.468
G1 X101.301 Y230.299
G1 X100.684 Y233.130
G1 X100.066 Y235.961
G1 X99.449 Y238.792
G1 X98.832 Y241.623
G1 X98.215 Y244.453
G1 X97.597 Y247.284
G1 X96.980 Y250.115
G1 X96.363 Y252.946
G1 X95.746 Y255.777
; Retract
G0 Z5.000

; Path 196
; Rapid to initial position
G0 X95.074 Y252.755
G0 Z0.000
; plunge
G1 Z-0.200 F4000
; cut
G1 X95.516 Y250.828 F4000
G1 X96.163 Y248.001
G1 X96.811 Y245.174
G1 X97.458 Y242.346
G1 X98.105 Y239.519
G1 X98.753 Y236.692
G1 X99.400 Y233.865
G1 X100.048 Y231.038
G1 X100.695 Y228.211
G1 X101.342 Y225.384
G1 X101.990 Y222.557
G1 X102.637 Y219.729
G1 X103.285 Y216.902
G1 X103.932 Y214.075
G1 X104.580 Y211.248
G1 X105.227 Y208.421
G1 X105.874 Y205.594
G1 X106.522 Y202.766
G1 X107.169 Y199.939
G1 X107.816 Y197.112
G1 X108.464 Y194.285
G1 X109.112 Y191.458
G1 X109.759 Y188.631
G1 X110.406 Y185.804
G1 X111.054 Y182.976
G1 X111.701 Y180.149
G1 X112.348 Y177.322
G1 X112.996 Y174.495
G1 X113.643 Y171.668
G1 X114.291 Y168.841
G1 X114.938 Y166.013
G1 X115.586 Y163.186
G1 X116.233 Y160.359
G1 X116.880 Y157.532
G1 X117.528 Y154.705
G1 X118.175 Y151.878
G1 X118.823 Y149.051
G1 X119.470 Y146.224
G1 X120.117 Y143.396
G1 X120.765 Y140.569
G1 X121.273 Y138.349
G1 X121.921 Y135.522
G1 X122.568 Y132.695
G1 X123.215 Y129.868
G1 X123.863 Y127.040
; Retract
G0 Z5.000

; Path 197
; Rapid to initial position
G0 X123.628 Y124.117
G0 Z0.000
; plunge
G1 Z-0.200 F4000
; cut
G1 X123.115 Y126.253 F4000
G1 X122.438 Y129.077
G1 X121.760 Y131.900
G1 X121.083 Y134.723
G1 X120.405 Y137.547
G1 X120.088 Y138.868
G1 X119.411 Y141.691
G1 X118.733 Y144.514
G1 X118.056 Y147.338
G1 X117.378 Y150.161
G1 X116.701 Y152.984
G1 X116.024 Y155.807
G1 X115.346 Y158.631
G1 X114.669 Y161.454
G1 X113.991 Y164.277
G1 X113.314 Y167.101
G1 X112.636 Y169.924
G1 X111.959 Y172.747
G1 X111.281 Y175.571
G1 X110.604 Y178.394
G1 X109.926 Y181.217
G1 X109.249 Y184.040
G1 X108.572 Y186.864
G1 X107.894 Y189.687
G1 X107.216 Y192.510
G1 X106.539 Y195.334
G1 X105.862 Y198.157
G1 X105.184 Y200.980
G1 X104.507 Y203.804
G1 X103.829 Y206.627
G1 X103.152 Y209.450
G1 X102.475 Y212.273
G1 X101.797 Y215.097
G1 X101.120 Y217.920
G1 X100.442 Y220.743
G1 X99.765 Y223.566
G1 X99.087 Y226.390
G1 X98.410 Y229.213
G1 X97.732 Y232.037
G1 X97.055 Y234.860
G1 X96.378 Y237.683
G1 X95.700 Y240.506
G1 X95.023 Y243.330
G1 X94.345 Y246.153
G1 X93.668 Y248.976
; Retract
G0 Z5.000

; Path 198
; Rapid to initial position
G0 X92.542 Y246.034
G0 Z0.000
; plunge
G1 Z-0.200 F4000
; cut
G1 X93.249 Y243.215 F4000
G1 X93.955 Y240.395
G1 X94.662 Y237.576
G1 X95.368 Y234.757
G1 X96.075 Y231.937
G1 X96.781 Y229.118
G1 X97.488 Y226.299
G1 X98.195 Y223.479
G1 X98.901 Y220.660
G1 X99.608 Y217.840
G1 X100.314 Y215.021
G1 X101.021 Y212.201
G1 X101.728 Y209.382
G1 X102.434 Y206.563
G1 X103.141 Y203.743
G1 X103.847 Y200.924
G1 X104.554 Y198.105
G1 X105.260 Y195.285
G1 X105.967 Y192.466
G1 X106.673 Y189.647
G1 X107.380 Y186.827
G1 X108.087 Y184.008
G1 X108.793 Y181.188
G1 X109.500 Y178.369
G1 X110.206 Y175.550
G1 X110.913 Y172.730
G1 X111.619 Y169.911
G1 X112.326 Y167.091
G1 X113.032 Y164.272
G1 X113.739 Y161.453
G1 X114.446 Y158.633
G1 X115.152 Y155.814
G1 X115.859 Y152.994
G1 X116.565 Y150.175
G1 X117.272 Y147.356
G1 X117.979 Y144.536
G1 X118.685 Y141.717
G1 X119.392 Y138.898
G1 X120.319 Y135.197
G1 X121.026 Y132.378
G1 X121.732 Y129.559
G1 X122.439 Y126.739
G1 X123.145 Y123.920
G1 X123.716 Y121.642
; Retract
G0 Z5.000

; Path 199
; Rapid to initial position
G0 X123.716 Y121.642
G0 Z0.000
; plunge
G1 Z-0.200 F4000
; cut
G1 X123.145 Y123.920 F4000
G1 X122.439 Y126.739
G1 X121.732 Y129.559
G1 X121.026 Y132.378
G1 X120.319 Y135.197
G1 X119.392 Y138.898
G1 X118.685 Y141.717
G1 X117.979 Y144.536
G1 X117.272 Y147.356
G1 X116.565 Y150.175
G1 X115.859 Y152.994
G1 X115.152 Y155.814
G1 X114.446 Y158.633
G1 X113.739 Y161.453
G1 X113.032 Y164.272
G1 X112.326 Y167.091
G1 X111.619 Y169.911
G1 X110.913 Y172.730
G1 X110.206 Y175.550
G1 X109.500 Y178.369
G1 X108.793 Y181.188
G1 X108.087 Y184.008
G1 X107.380 Y186.827
G1 X106.673 Y189.647
G1 X105.967 Y192.466
G1 X105.260 Y195.285
G1 X104.554 Y198.105
G1 X103.847 Y200.924
G1 X103.141 Y203.743
G1 X102.434 Y206.563
G1 X101.728 Y209.382
G1 X101.021 Y212.201
G1 X100.314 Y215.021
G1 X99.608 Y217.840
G1 X98.901 Y220.660
G1 X98.195 Y223.479
G1 X97.488 Y226.299
G1 X96.781 Y229.118
G1 X96.075 Y231.937
G1 X95.368 Y234.757
G1 X94.662 Y237.576
G1 X93.955 Y240.395
G1 X93.249 Y243.215
G1 X92.542 Y246.034
; Retract
G0 Z5.000

; Path 200
; Rapid to initial position
G0 X98.665 Y280.637
G0 Z0.000
; plunge
G1 Z-0.200 F4000
; cut
G1 X99.123 Y277.456 F4000
G1 X99.533 Y274.604
G1 X99.943 Y271.753
G1 X100.353 Y268.901
G1 X100.763 Y266.050
G1 X101.173 Y263.199
G1 X101.583 Y260.347
G1 X101.993 Y257.496
G1 X102.403 Y254.645
G1 X102.814 Y251.794
G1 X103.224 Y248.942
G1 X103.634 Y246.091
G1 X104.043 Y243.239
G1 X104.454 Y240.388
G1 X104.864 Y237.537
G1 X105.274 Y234.685
G1 X105.684 Y231.834
G1 X106.094 Y228.983
G1 X106.504 Y226.131
G1 X106.914 Y223.280
G1 X107.324 Y220.429
G1 X107.734 Y217.577
G1 X108.144 Y214.726
G1 X108.554 Y211.875
G1 X108.964 Y209.024
G1 X109.375 Y206.172
G1 X109.785 Y203.321
G1 X110.195 Y200.469
G1 X110.605 Y197.618
G1 X111.015 Y194.767
G1 X111.425 Y191.915
G1 X111.835 Y189.064
G1 X112.245 Y186.213
G1 X112.655 Y183.361
G1 X113.065 Y180.510
G1 X113.475 Y177.659
G1 X113.885 Y174.807
G1 X114.296 Y171.956
G1 X114.705 Y169.105
G1 X115.115 Y166.253
G1 X115.525 Y163.402
G1 X115.935 Y160.551
G1 X115.947 Y160.449
G1 X115.947 Y160.441
; Retract
G0 Z5.000
M5          ; Switch tool offEnd
