G21         ; Set units to mm
G90         ; Absolute positioning

;
; Operation:    0
; Type:         Mill Cut
; Paths:        78
; Direction:    Conventional
; Rapid Z:      3
; Start Z:      0
; End Z:        -0.2
; Pass Depth:   1
; Plunge rate:  4000 mm/min
; Cut rate:     4000 mm/min
;
; Retract
G0 Z3.000

; Path 0
; Rapid to initial position
G0 X334.054 Y-42.383
G0 Z0.000
; plunge
G1 Z-0.200 F4000
; cut
G1 X334.054 Y-42.383 F4000
; Retract
G0 Z3.000

; Path 1
; Rapid to initial position
G0 X337.847 Y-42.167
G0 Z0.000
; plunge
G1 Z-0.200 F4000
; cut
G1 X337.801 Y-42.259 F4000
G1 X337.753 Y-42.351
G1 X337.705 Y-42.440
G1 X337.656 Y-42.530
G1 X337.605 Y-42.623
G1 X337.552 Y-42.717
G1 X337.500 Y-42.808
G1 X337.449 Y-42.895
G1 X337.395 Y-42.987
G1 X337.339 Y-43.081
G1 X337.285 Y-43.170
G1 X337.229 Y-43.260
G1 X337.171 Y-43.353
G1 X337.110 Y-43.448
G1 X337.055 Y-43.533
G1 X336.997 Y-43.620
G1 X336.939 Y-43.708
G1 X336.878 Y-43.797
G1 X336.816 Y-43.886
G1 X336.753 Y-43.976
G1 X336.688 Y-44.067
G1 X336.621 Y-44.157
G1 X336.553 Y-44.248
G1 X336.484 Y-44.339
G1 X336.414 Y-44.429
G1 X336.351 Y-44.508
G1 X336.287 Y-44.586
G1 X336.223 Y-44.664
G1 X336.157 Y-44.741
G1 X336.091 Y-44.817
G1 X336.023 Y-44.893
G1 X335.955 Y-44.967
G1 X335.886 Y-45.041
G1 X335.816 Y-45.113
G1 X335.736 Y-45.194
G1 X335.654 Y-45.273
G1 X335.572 Y-45.350
G1 X335.488 Y-45.425
G1 X335.404 Y-45.498
G1 X335.319 Y-45.568
G1 X335.233 Y-45.636
G1 X335.147 Y-45.700
G1 X335.060 Y-45.762
G1 X334.972 Y-45.821
G1 X334.884 Y-45.876
G1 X334.795 Y-45.928
G1 X334.705 Y-45.976
G1 X334.615 Y-46.020
G1 X334.513 Y-46.066
G1 X334.411 Y-46.106
G1 X334.308 Y-46.140
G1 X334.205 Y-46.169
G1 X334.101 Y-46.192
G1 X334.066 Y-46.199
; Retract
G0 Z3.000

; Path 2
; Rapid to initial position
G0 X327.371 Y-47.219
G0 Z0.000
; plunge
G1 Z-0.200 F4000
; cut
G1 X327.526 Y-46.720 F4000
G1 X327.968 Y-45.297
G1 X328.099 Y-44.697
G1 X328.418 Y-43.240
G1 X328.510 Y-42.720
G1 X328.773 Y-41.251
G1 X328.839 Y-40.800
G1 X329.054 Y-39.322
G1 X329.103 Y-38.894
G1 X329.270 Y-37.410
G1 X329.381 Y-36.042
G1 X329.410 Y-35.692
G1 X329.427 Y-35.473
; Retract
G0 Z3.000

; Path 3
; Rapid to initial position
G0 X327.538 Y-32.619
G0 Z0.000
; plunge
G1 Z-0.200 F4000
; cut
G1 X327.515 Y-32.324 F4000
G1 X327.794 Y-32.781
G1 X328.108 Y-33.794
G1 X328.424 Y-35.155
G1 X328.718 Y-36.618
G1 X329.003 Y-38.152
G1 X329.028 Y-38.289
G1 X329.290 Y-39.759
G1 X329.314 Y-39.891
G1 X329.549 Y-41.366
G1 X329.720 Y-42.799
G1 X329.740 Y-43.868
G1 X329.567 Y-44.444
G1 X329.283 Y-44.653
G1 X328.951 Y-44.656
G1 X328.600 Y-44.562
G1 X328.246 Y-44.454
G1 X327.887 Y-44.349
G1 X327.515 Y-44.250
G1 X327.120 Y-44.157
G1 X326.698 Y-44.073
G1 X326.254 Y-43.999
G1 X325.793 Y-43.936
G1 X325.325 Y-43.886
G1 X324.854 Y-43.848
G1 X324.383 Y-43.825
G1 X323.911 Y-43.814
G1 X323.439 Y-43.818
G1 X322.967 Y-43.835
G1 X322.495 Y-43.866
G1 X322.025 Y-43.910
G1 X321.555 Y-43.968
G1 X321.087 Y-44.040
G1 X320.620 Y-44.126
G1 X320.156 Y-44.225
G1 X319.694 Y-44.338
G1 X319.236 Y-44.464
G1 X318.780 Y-44.603
G1 X318.330 Y-44.756
G1 X317.884 Y-44.922
G1 X317.444 Y-45.100
G1 X317.010 Y-45.291
G1 X316.583 Y-45.494
G1 X316.162 Y-45.709
G1 X315.748 Y-45.936
G1 X315.342 Y-46.175
G1 X314.943 Y-46.425
G1 X314.552 Y-46.686
G1 X314.169 Y-46.958
G1 X313.794 Y-47.242
G1 X313.428 Y-47.536
G1 X313.070 Y-47.841
G1 X312.723 Y-48.154
G1 X312.393 Y-48.467
G1 X312.091 Y-48.767
G1 X311.824 Y-49.044
G1 X311.598 Y-49.291
G1 X311.406 Y-49.512
G1 X311.237 Y-49.716
G1 X311.079 Y-49.912
G1 X310.922 Y-50.109
G1 X310.760 Y-50.319
G1 X310.586 Y-50.556
G1 X310.395 Y-50.832
G1 X310.183 Y-51.157
G1 X309.956 Y-51.522
G1 X309.724 Y-51.916
G1 X309.495 Y-52.328
G1 X309.278 Y-52.748
G1 X309.073 Y-53.173
G1 X308.881 Y-53.604
G1 X308.702 Y-54.039
G1 X308.536 Y-54.480
G1 X308.384 Y-54.924
G1 X308.244 Y-55.372
G1 X308.118 Y-55.824
G1 X308.005 Y-56.279
G1 X307.906 Y-56.738
G1 X307.820 Y-57.199
G1 X307.747 Y-57.663
G1 X307.688 Y-58.126
G1 X307.643 Y-58.577
G1 X307.609 Y-59.002
G1 X307.588 Y-59.387
G1 X307.578 Y-59.721
G1 X307.577 Y-60.013
G1 X307.582 Y-60.279
G1 X307.590 Y-60.530
G1 X307.600 Y-60.781
G1 X307.615 Y-61.046
G1 X307.639 Y-61.339
G1 X307.674 Y-61.674
G1 X307.725 Y-62.058
G1 X307.792 Y-62.484
G1 X307.873 Y-62.935
G1 X307.969 Y-63.397
G1 X308.078 Y-63.858
G1 X308.201 Y-64.315
G1 X308.337 Y-64.768
G1 X308.486 Y-65.216
G1 X308.647 Y-65.659
G1 X308.822 Y-66.097
G1 X309.009 Y-66.530
G1 X309.209 Y-66.957
G1 X309.421 Y-67.378
G1 X309.645 Y-67.792
G1 X309.882 Y-68.200
G1 X310.130 Y-68.601
G1 X310.388 Y-68.993
G1 X310.648 Y-69.367
G1 X310.902 Y-69.712
G1 X311.139 Y-70.018
G1 X311.353 Y-70.276
G1 X311.548 Y-70.497
G1 X311.730 Y-70.692
G1 X311.906 Y-70.874
G1 X312.082 Y-71.053
G1 X312.260 Y-71.234
G1 X312.443 Y-71.416
G1 X312.633 Y-71.602
; Retract
G0 Z3.000

; Path 4
; Rapid to initial position
G0 X315.897 Y-66.398
G0 Z0.000
; plunge
G1 Z-0.200 F4000
; cut
G1 X315.672 Y-66.037 F4000
G1 X315.433 Y-65.625
G1 X315.207 Y-65.207
G1 X314.992 Y-64.782
G1 X314.790 Y-64.352
G1 X314.601 Y-63.915
G1 X314.425 Y-63.473
G1 X314.261 Y-63.025
G1 X314.111 Y-62.572
G1 X313.973 Y-62.115
G1 X313.849 Y-61.653
G1 X313.810 Y-61.490
G1 X313.700 Y-61.022
G1 X313.602 Y-60.553
G1 X313.520 Y-60.096
G1 X313.453 Y-59.667
G1 X313.402 Y-59.281
G1 X313.366 Y-58.949
G1 X313.343 Y-58.662
G1 X313.329 Y-58.405
G1 X313.319 Y-58.162
G1 X313.310 Y-57.919
G1 X313.303 Y-57.662
G1 X313.303 Y-57.375
G1 X313.308 Y-57.036
G1 X313.317 Y-56.705
G1 X313.336 Y-56.170
G1 X313.358 Y-55.525
G1 X313.381 Y-54.878
G1 X313.400 Y-54.342
G1 X313.420 Y-53.957
G1 X313.438 Y-53.612
G1 X313.471 Y-53.183
G1 X313.515 Y-52.725
G1 X313.574 Y-52.254
G1 X313.646 Y-51.783
G1 X313.732 Y-51.314
G1 X313.831 Y-50.847
G1 X313.945 Y-50.384
G1 X314.072 Y-49.925
G1 X314.212 Y-49.469
G1 X314.267 Y-49.295
G1 X314.421 Y-48.845
G1 X314.588 Y-48.399
G1 X314.768 Y-47.958
G1 X314.962 Y-47.522
G1 X315.168 Y-47.091
G1 X315.388 Y-46.666
G1 X315.619 Y-46.248
G1 X315.853 Y-45.849
G1 X316.082 Y-45.481
G1 X316.294 Y-45.155
G1 X316.484 Y-44.880
G1 X316.655 Y-44.646
G1 X316.813 Y-44.439
G1 X316.965 Y-44.246
G1 X317.118 Y-44.054
G1 X317.283 Y-43.853
G1 X317.472 Y-43.634
G1 X317.695 Y-43.388
G1 X317.962 Y-43.108
G1 X318.265 Y-42.804
G1 X318.597 Y-42.487
G1 X318.947 Y-42.169
G1 X319.308 Y-41.859
G1 X319.678 Y-41.560
G1 X320.056 Y-41.271
G1 X320.443 Y-40.994
G1 X320.838 Y-40.729
G1 X321.241 Y-40.474
G1 X321.652 Y-40.231
G1 X322.070 Y-40.000
G1 X322.495 Y-39.781
G1 X322.927 Y-39.575
G1 X323.366 Y-39.380
G1 X323.811 Y-39.199
G1 X324.262 Y-39.030
G1 X324.717 Y-38.874
G1 X325.178 Y-38.732
G1 X325.642 Y-38.603
G1 X326.109 Y-38.488
G1 X326.579 Y-38.387
G1 X327.051 Y-38.300
G1 X327.525 Y-38.226
G1 X328.000 Y-38.167
G1 X328.476 Y-38.121
G1 X328.953 Y-38.090
G1 X329.431 Y-38.072
G1 X329.908 Y-38.068
G1 X330.386 Y-38.078
G1 X330.863 Y-38.101
G1 X331.340 Y-38.139
G1 X331.814 Y-38.190
G1 X332.279 Y-38.253
G1 X332.728 Y-38.328
G1 X333.154 Y-38.412
G1 X333.550 Y-38.505
G1 X333.923 Y-38.605
G1 X334.281 Y-38.709
G1 X334.631 Y-38.815
G1 X334.975 Y-38.905
G1 X335.204 Y-38.894
G1 X335.324 Y-38.854
G1 X335.515 Y-38.671
G1 X335.526 Y-38.661
; Retract
G0 Z3.000

; Path 5
; Rapid to initial position
G0 X322.085 Y-39.324
G0 Z0.000
; plunge
G1 Z-0.200 F4000
; cut
G1 X322.008 Y-40.816 F4000
G1 X321.990 Y-41.178
; Retract
G0 Z3.000

; Path 6
; Rapid to initial position
G0 X315.070 Y-47.728
G0 Z0.000
; plunge
G1 Z-0.200 F4000
; cut
G1 X315.038 Y-47.835 F4000
G1 X314.924 Y-48.220
G1 X314.775 Y-48.668
G1 X314.727 Y-48.797
G1 X314.622 Y-49.074
G1 X314.463 Y-49.452
G1 X314.295 Y-49.814
G1 X314.117 Y-50.169
G1 X313.929 Y-50.518
G1 X313.730 Y-50.863
G1 X313.521 Y-51.201
G1 X313.302 Y-51.534
G1 X313.074 Y-51.860
G1 X312.836 Y-52.180
G1 X312.588 Y-52.494
G1 X312.331 Y-52.800
G1 X312.064 Y-53.099
G1 X311.789 Y-53.391
G1 X311.504 Y-53.675
G1 X311.211 Y-53.951
G1 X310.910 Y-54.219
G1 X310.601 Y-54.477
G1 X310.285 Y-54.727
G1 X309.962 Y-54.967
G1 X309.632 Y-55.197
G1 X309.297 Y-55.418
G1 X308.955 Y-55.628
G1 X308.608 Y-55.829
G1 X308.255 Y-56.018
G1 X307.897 Y-56.198
G1 X307.534 Y-56.367
G1 X307.167 Y-56.526
G1 X306.795 Y-56.674
G1 X306.419 Y-56.811
G1 X306.039 Y-56.937
G1 X305.655 Y-57.052
G1 X305.268 Y-57.157
G1 X304.878 Y-57.250
G1 X304.484 Y-57.332
G1 X304.088 Y-57.403
G1 X303.689 Y-57.463
G1 X303.289 Y-57.511
G1 X302.886 Y-57.547
G1 X302.482 Y-57.572
G1 X302.077 Y-57.585
G1 X301.671 Y-57.586
G1 X301.267 Y-57.576
G1 X300.862 Y-57.555
G1 X300.460 Y-57.521
G1 X300.059 Y-57.476
G1 X299.660 Y-57.420
G1 X299.263 Y-57.352
G1 X298.869 Y-57.273
G1 X298.477 Y-57.183
G1 X298.089 Y-57.082
G1 X297.704 Y-56.969
G1 X297.322 Y-56.846
G1 X296.944 Y-56.711
G1 X296.570 Y-56.566
G1 X296.201 Y-56.411
G1 X295.842 Y-56.248
G1 X295.499 Y-56.080
G1 X295.177 Y-55.910
G1 X294.880 Y-55.740
G1 X294.604 Y-55.570
G1 X294.341 Y-55.401
G1 X294.083 Y-55.231
G1 X293.824 Y-55.065
G1 X293.547 Y-54.932
G1 X293.234 Y-54.863
G1 X292.864 Y-54.887
G1 X292.433 Y-55.024
G1 X292.009 Y-55.257
G1 X291.678 Y-55.558
G1 X291.523 Y-55.899
G1 X291.468 Y-56.079
G1 X291.451 Y-56.426
G1 X291.434 Y-56.970
G1 X291.413 Y-57.626
G1 X291.393 Y-58.281
G1 X291.376 Y-58.823
G1 X291.373 Y-59.169
G1 X291.459 Y-59.537
G1 X291.498 Y-59.698
G1 X291.774 Y-60.055
G1 X292.172 Y-60.402
G1 X292.616 Y-60.723
G1 X293.041 Y-61.005
G1 X293.441 Y-61.252
G1 X293.826 Y-61.471
G1 X294.207 Y-61.673
G1 X294.591 Y-61.862
G1 X294.981 Y-62.042
G1 X295.375 Y-62.212
G1 X295.774 Y-62.372
G1 X296.177 Y-62.521
G1 X296.584 Y-62.660
G1 X296.995 Y-62.788
G1 X297.410 Y-62.905
G1 X297.828 Y-63.011
G1 X298.249 Y-63.107
G1 X298.673 Y-63.192
G1 X299.099 Y-63.265
G1 X299.528 Y-63.328
G1 X299.958 Y-63.379
G1 X300.390 Y-63.419
G1 X300.822 Y-63.448
G1 X301.255 Y-63.465
G1 X301.687 Y-63.471
G1 X302.119 Y-63.465
G1 X302.549 Y-63.448
G1 X302.979 Y-63.420
G1 X303.408 Y-63.381
G1 X303.835 Y-63.330
G1 X304.260 Y-63.269
G1 X304.683 Y-63.196
G1 X305.104 Y-63.112
G1 X305.523 Y-63.018
G1 X305.939 Y-62.912
G1 X306.352 Y-62.796
G1 X306.762 Y-62.668
G1 X307.169 Y-62.530
G1 X307.572 Y-62.382
G1 X307.971 Y-62.222
G1 X308.367 Y-62.052
G1 X308.758 Y-61.871
G1 X309.145 Y-61.680
G1 X309.526 Y-61.479
G1 X309.903 Y-61.267
G1 X310.274 Y-61.046
G1 X310.638 Y-60.815
G1 X310.996 Y-60.575
G1 X311.346 Y-60.326
G1 X311.690 Y-60.068
G1 X312.026 Y-59.801
G1 X312.354 Y-59.526
G1 X312.675 Y-59.243
G1 X312.988 Y-58.951
G1 X313.293 Y-58.652
G1 X313.589 Y-58.345
G1 X313.878 Y-58.030
G1 X314.157 Y-57.707
G1 X314.429 Y-57.378
G1 X314.690 Y-57.042
G1 X314.939 Y-56.705
G1 X315.172 Y-56.372
G1 X315.384 Y-56.049
G1 X315.574 Y-55.739
G1 X315.745 Y-55.441
G1 X315.904 Y-55.149
G1 X316.058 Y-54.861
G1 X316.212 Y-54.592
G1 X316.380 Y-54.437
G1 X316.574 Y-54.518
G1 X316.799 Y-54.970
G1 X317.059 Y-55.887
G1 X317.322 Y-57.082
; Retract
G0 Z3.000

; Path 7
; Rapid to initial position
G0 X329.848 Y-63.287
G0 Z0.000
; plunge
G1 Z-0.200 F4000
; cut
G1 X328.424 Y-63.533 F4000
G1 X327.878 Y-63.627
G1 X326.434 Y-63.661
G1 X325.871 Y-63.674
G1 X324.432 Y-63.545
G1 X324.239 Y-63.528
G1 X324.058 Y-63.511
G1 X322.698 Y-63.199
G1 X321.714 Y-62.810
G1 X320.980 Y-62.402
G1 X320.423 Y-62.014
G1 X319.988 Y-61.675
G1 X319.643 Y-61.379
G1 X319.358 Y-61.109
G1 X319.108 Y-60.849
G1 X318.868 Y-60.586
G1 X318.635 Y-60.315
G1 X318.407 Y-60.037
G1 X318.185 Y-59.751
G1 X317.968 Y-59.455
G1 X317.757 Y-59.151
G1 X317.552 Y-58.840
G1 X317.355 Y-58.522
G1 X317.166 Y-58.199
G1 X316.986 Y-57.870
G1 X316.815 Y-57.537
G1 X316.653 Y-57.200
G1 X316.500 Y-56.859
G1 X316.356 Y-56.514
G1 X316.222 Y-56.166
G1 X316.097 Y-55.816
G1 X315.982 Y-55.462
G1 X315.877 Y-55.105
G1 X315.781 Y-54.746
G1 X315.694 Y-54.385
G1 X315.618 Y-54.022
G1 X315.551 Y-53.659
G1 X315.494 Y-53.295
G1 X315.463 Y-53.058
G1 X315.447 Y-52.934
G1 X315.410 Y-52.575
G1 X315.383 Y-52.219
G1 X315.365 Y-51.864
G1 X315.356 Y-51.509
G1 X315.356 Y-51.154
G1 X315.366 Y-50.798
G1 X315.385 Y-50.440
G1 X315.414 Y-50.079
G1 X315.452 Y-49.714
G1 X315.501 Y-49.348
G1 X315.559 Y-48.981
G1 X315.627 Y-48.614
G1 X315.704 Y-48.250
G1 X315.792 Y-47.889
G1 X315.889 Y-47.530
G1 X315.995 Y-47.174
G1 X316.111 Y-46.822
G1 X316.236 Y-46.473
G1 X316.370 Y-46.128
G1 X316.514 Y-45.787
G1 X316.666 Y-45.449
G1 X316.828 Y-45.116
G1 X316.998 Y-44.788
G1 X317.177 Y-44.463
G1 X317.365 Y-44.144
G1 X317.561 Y-43.830
G1 X317.764 Y-43.524
G1 X317.973 Y-43.225
G1 X318.188 Y-42.934
G1 X318.409 Y-42.652
G1 X318.637 Y-42.377
G1 X318.871 Y-42.109
G1 X319.112 Y-41.846
G1 X319.361 Y-41.589
G1 X319.617 Y-41.336
G1 X319.883 Y-41.088
G1 X320.157 Y-40.845
G1 X320.439 Y-40.607
G1 X320.729 Y-40.376
G1 X321.026 Y-40.151
G1 X321.328 Y-39.935
G1 X321.635 Y-39.726
G1 X321.948 Y-39.527
G1 X322.266 Y-39.335
G1 X322.589 Y-39.152
G1 X322.917 Y-38.978
G1 X323.249 Y-38.812
G1 X323.586 Y-38.655
G1 X323.927 Y-38.507
G1 X324.272 Y-38.368
G1 X324.621 Y-38.238
G1 X324.974 Y-38.117
G1 X325.330 Y-38.006
G1 X325.689 Y-37.904
G1 X326.052 Y-37.811
G1 X326.417 Y-37.728
G1 X326.785 Y-37.655
G1 X327.155 Y-37.591
G1 X327.526 Y-37.537
G1 X327.898 Y-37.493
G1 X328.272 Y-37.459
G1 X328.645 Y-37.435
G1 X329.019 Y-37.421
G1 X329.392 Y-37.416
G1 X329.766 Y-37.422
G1 X330.138 Y-37.437
G1 X330.510 Y-37.462
G1 X330.881 Y-37.497
G1 X331.251 Y-37.542
G1 X331.619 Y-37.596
G1 X331.985 Y-37.660
G1 X332.347 Y-37.733
G1 X332.707 Y-37.816
G1 X333.073 Y-37.913
G1 X333.455 Y-38.029
G1 X333.863 Y-38.166
G1 X334.302 Y-38.348
G1 X334.754 Y-38.658
G1 X335.192 Y-39.213
G1 X335.554 Y-40.183
G1 X335.753 Y-41.663
G1 X335.811 Y-43.183
G1 X335.823 Y-43.516
G1 X335.799 Y-45.010
G1 X335.791 Y-45.475
G1 X335.713 Y-46.967
G1 X335.687 Y-47.459
G1 X335.564 Y-48.948
G1 X335.527 Y-49.397
G1 X335.358 Y-50.881
G1 X335.309 Y-51.307
G1 X335.092 Y-52.785
G1 X335.027 Y-53.231
G1 X334.764 Y-54.700
G1 X334.673 Y-55.209
G1 X334.356 Y-56.667
G1 X334.228 Y-57.253
G1 X333.801 Y-58.680
G1 X333.629 Y-59.256
; Retract
G0 Z3.000

; Path 8
; Rapid to initial position
G0 X309.156 Y-44.638
G0 Z0.000
; plunge
G1 Z-0.200 F4000
; cut
G1 X308.936 Y-43.305 F4000
G1 X308.913 Y-43.172
G1 X308.650 Y-41.703
G1 X308.626 Y-41.572
G1 X308.358 Y-40.104
G1 X308.088 Y-38.698
G1 X308.074 Y-38.622
; Retract
G0 Z3.000

; Path 9
; Rapid to initial position
G0 X296.175 Y-43.507
G0 Z0.000
; plunge
G1 Z-0.200 F4000
; cut
G1 X296.152 Y-43.828 F4000
G1 X296.083 Y-44.245
G1 X296.060 Y-44.351
G1 X296.037 Y-44.457
G1 X296.013 Y-44.563
G1 X295.990 Y-44.669
G1 X295.847 Y-45.230
; Retract
G0 Z3.000

; Path 10
; Rapid to initial position
G0 X288.935 Y-72.319
G0 Z0.000
; plunge
G1 Z-0.200 F4000
; cut
G1 X288.792 Y-71.731 F4000
G1 X288.307 Y-70.701
G1 X287.655 Y-69.390
G1 X287.589 Y-69.262
G1 X286.912 Y-67.942
G1 X286.813 Y-67.754
G1 X286.127 Y-66.440
G1 X286.028 Y-66.254
G1 X285.335 Y-64.944
G1 X285.241 Y-64.773
G1 X284.531 Y-63.472
G1 X284.440 Y-63.314
G1 X283.700 Y-62.031
G1 X283.608 Y-61.884
G1 X282.827 Y-60.627
G1 X282.730 Y-60.486
G1 X281.900 Y-59.263
G1 X281.796 Y-59.122
G1 X280.926 Y-57.929
G1 X280.813 Y-57.782
G1 X279.915 Y-56.612
G1 X279.791 Y-56.455
G1 X278.878 Y-55.297
G1 X278.732 Y-55.115
G1 X277.810 Y-53.966
G1 X277.586 Y-53.700
G1 X276.638 Y-52.573
G1 X276.262 Y-52.158
G1 X275.275 Y-51.068
G1 X274.662 Y-50.446
G1 X273.632 Y-49.399
G1 X272.739 Y-48.559
G1 X271.671 Y-47.554
G1 X270.643 Y-46.642
G1 X269.547 Y-45.669
G1 X268.602 Y-44.876
G1 X267.481 Y-43.934
G1 X266.942 Y-43.517
G1 X265.786 Y-42.622
; Retract
G0 Z3.000

; Path 11
; Rapid to initial position
G0 X267.429 Y-45.732
G0 Z0.000
; plunge
G1 Z-0.200 F4000
; cut
G1 X267.535 Y-45.695 F4000
G1 X267.734 Y-45.756
G1 X268.025 Y-45.888
G1 X268.177 Y-45.983
G1 X269.068 Y-46.607
G1 X270.210 Y-47.521
G1 X270.667 Y-47.888
G1 X271.782 Y-48.837
G1 X272.657 Y-49.582
G1 X273.750 Y-50.559
G1 X274.754 Y-51.455
G1 X275.821 Y-52.462
G1 X276.709 Y-53.299
G1 X277.738 Y-54.347
G1 X278.337 Y-54.957
G1 X279.322 Y-56.050
G1 X279.677 Y-56.443
G1 X280.622 Y-57.572
G1 X280.823 Y-57.813
G1 X281.744 Y-58.964
G1 X281.871 Y-59.123
G1 X282.784 Y-60.281
G1 X282.896 Y-60.423
G1 X283.795 Y-61.592
G1 X283.902 Y-61.732
G1 X284.774 Y-62.923
G1 X284.876 Y-63.062
G1 X285.707 Y-64.285
G1 X285.803 Y-64.426
G1 X286.583 Y-65.684
G1 X286.674 Y-65.832
G1 X287.411 Y-67.117
G1 X287.500 Y-67.273
G1 X288.207 Y-68.576
G1 X288.296 Y-68.740
G1 X288.988 Y-70.051
G1 X289.078 Y-70.222
G1 X289.766 Y-71.535
G1 X289.850 Y-71.697
G1 X290.376 Y-72.707
; Retract
G0 Z3.000

; Path 12
; Rapid to initial position
G0 X270.880 Y-85.856
G0 Z0.000
; plunge
G1 Z-0.200 F4000
; cut
G1 X270.584 Y-84.964 F4000
G1 X270.179 Y-84.394
G1 X269.737 Y-84.072
G1 X269.297 Y-83.887
G1 X268.886 Y-83.748
G1 X268.504 Y-83.632
G1 X268.139 Y-83.536
G1 X267.782 Y-83.453
G1 X267.424 Y-83.381
G1 X267.064 Y-83.318
G1 X266.702 Y-83.264
G1 X266.339 Y-83.220
G1 X265.975 Y-83.185
G1 X265.609 Y-83.160
G1 X265.243 Y-83.144
G1 X264.877 Y-83.138
G1 X264.510 Y-83.142
G1 X264.142 Y-83.155
G1 X263.776 Y-83.178
G1 X263.409 Y-83.211
G1 X263.043 Y-83.253
G1 X262.678 Y-83.305
G1 X262.314 Y-83.366
G1 X261.953 Y-83.437
G1 X261.594 Y-83.518
G1 X261.238 Y-83.607
G1 X260.884 Y-83.707
G1 X260.534 Y-83.815
G1 X260.187 Y-83.932
G1 X259.844 Y-84.058
G1 X259.504 Y-84.193
G1 X259.169 Y-84.337
G1 X258.837 Y-84.489
G1 X258.510 Y-84.650
G1 X258.187 Y-84.820
G1 X257.869 Y-84.998
G1 X257.556 Y-85.185
G1 X257.247 Y-85.379
G1 X256.944 Y-85.582
G1 X256.645 Y-85.793
G1 X256.353 Y-86.012
G1 X256.066 Y-86.238
G1 X255.785 Y-86.472
G1 X255.511 Y-86.713
G1 X255.244 Y-86.960
G1 X254.985 Y-87.214
G1 X254.732 Y-87.474
G1 X254.487 Y-87.739
G1 X254.249 Y-88.012
G1 X254.018 Y-88.290
G1 X253.795 Y-88.574
G1 X253.579 Y-88.864
G1 X253.370 Y-89.161
G1 X253.169 Y-89.464
G1 X252.976 Y-89.772
G1 X252.791 Y-90.085
G1 X252.615 Y-90.403
G1 X252.447 Y-90.726
G1 X252.287 Y-91.053
G1 X252.137 Y-91.383
G1 X251.995 Y-91.718
G1 X251.862 Y-92.057
G1 X251.738 Y-92.399
G1 X251.644 Y-92.681
; Retract
G0 Z3.000

; Path 13
; Rapid to initial position
G0 X255.738 Y-94.500
G0 Z0.000
; plunge
G1 Z-0.200 F4000
; cut
G1 X255.833 Y-94.602 F4000
G1 X255.927 Y-94.702
G1 X256.881 Y-95.719
G1 X257.370 Y-96.047
G1 X258.583 Y-96.858
G1 X259.302 Y-97.248
G1 X260.582 Y-97.940
G1 X261.357 Y-98.335
G1 X262.652 Y-98.996
G1 X263.337 Y-99.364
G1 X264.618 Y-100.054
G1 X265.217 Y-100.402
G1 X266.475 Y-101.134
G1 X267.028 Y-101.482
G1 X268.263 Y-102.257
G1 X268.808 Y-102.625
G1 X270.018 Y-103.441
G1 X270.582 Y-103.847
G1 X271.768 Y-104.699
G1 X272.332 Y-105.127
G1 X273.496 Y-106.012
G1 X274.033 Y-106.441
G1 X275.175 Y-107.356
G1 X275.657 Y-107.762
G1 X276.776 Y-108.706
G1 X277.193 Y-109.079
G1 X278.286 Y-110.056
G1 X278.696 Y-110.448
G1 X279.755 Y-111.464
G1 X280.225 Y-111.952
G1 X281.244 Y-113.011
G1 X281.838 Y-113.676
G1 X282.818 Y-114.773
G1 X283.574 Y-115.677
G1 X284.519 Y-116.807
G1 X285.392 Y-117.920
G1 X286.302 Y-119.080
G1 X287.229 Y-120.346
G1 X288.102 Y-121.537
G1 X288.195 Y-121.674
G1 X289.024 Y-122.898
G1 X289.853 Y-124.121
G1 X289.941 Y-124.263
G1 X290.720 Y-125.521
G1 X291.499 Y-126.780
G1 X291.556 Y-126.880
G1 X292.285 Y-128.169
G1 X293.015 Y-129.459
G1 X293.705 Y-130.791
G1 X294.388 Y-132.107
G1 X294.967 Y-133.331
G1 X295.602 Y-134.673
G1 X296.060 Y-135.733
G1 X296.650 Y-137.097
G1 X296.987 Y-137.914
G1 X297.553 Y-139.289
G1 X297.759 Y-139.777
G1 X298.337 Y-141.146
G1 X299.023 Y-142.542
G1 X299.814 Y-143.393
G1 X300.233 Y-143.485
G1 X301.646 Y-143.793
G1 X302.777 Y-143.831
G1 X304.221 Y-143.878
G1 X305.664 Y-143.926
G1 X307.202 Y-143.930
G1 X308.646 Y-143.934
G1 X310.090 Y-143.937
G1 X311.534 Y-143.941
G1 X312.979 Y-143.944
G1 X314.089 Y-143.944
G1 X315.533 Y-143.944
G1 X316.978 Y-143.944
G1 X318.422 Y-143.944
G1 X319.866 Y-143.944
G1 X321.310 Y-143.943
G1 X322.754 Y-143.943
G1 X324.198 Y-143.943
G1 X324.818 Y-143.943
G1 X326.262 Y-143.941
G1 X327.707 Y-143.940
G1 X329.151 Y-143.939
G1 X330.595 Y-143.937
G1 X332.039 Y-143.936
G1 X333.483 Y-143.935
G1 X334.927 Y-143.933
G1 X336.371 Y-143.932
G1 X337.815 Y-143.931
G1 X338.707 Y-143.928
G1 X340.151 Y-143.925
G1 X341.595 Y-143.921
G1 X343.039 Y-143.917
G1 X344.483 Y-143.914
G1 X345.927 Y-143.910
G1 X347.371 Y-143.907
G1 X348.815 Y-143.903
G1 X350.259 Y-143.899
G1 X351.703 Y-143.896
G1 X353.079 Y-143.886
G1 X354.523 Y-143.877
G1 X355.967 Y-143.867
G1 X357.411 Y-143.857
G1 X358.855 Y-143.848
G1 X360.299 Y-143.838
G1 X361.743 Y-143.829
G1 X363.187 Y-143.819
G1 X364.142 Y-143.799
G1 X365.586 Y-143.768
G1 X367.030 Y-143.737
G1 X368.474 Y-143.706
G1 X369.917 Y-143.676
G1 X370.763 Y-143.658
G1 X370.868 Y-143.655
G1 X371.224 Y-143.648
G1 X372.451 Y-143.529
G1 X372.716 Y-143.503
G1 X373.296 Y-143.446
; Retract
G0 Z3.000

; Path 14
; Rapid to initial position
G0 X359.222 Y-163.408
G0 Z0.000
; plunge
G1 Z-0.200 F4000
; cut
G1 X358.597 Y-163.735 F4000
G1 X358.496 Y-163.788
G1 X358.352 Y-163.796
G1 X356.816 Y-163.890
G1 X356.296 Y-163.922
G1 X354.852 Y-163.928
G1 X353.408 Y-163.934
G1 X351.955 Y-163.941
G1 X350.511 Y-163.938
G1 X349.067 Y-163.936
G1 X347.623 Y-163.934
G1 X346.178 Y-163.931
G1 X345.117 Y-163.929
G1 X343.673 Y-163.915
G1 X342.229 Y-163.900
G1 X340.784 Y-163.886
G1 X339.340 Y-163.871
G1 X337.896 Y-163.857
G1 X336.716 Y-163.845
G1 X335.273 Y-163.802
G1 X333.829 Y-163.760
G1 X332.386 Y-163.717
G1 X330.942 Y-163.675
G1 X329.499 Y-163.632
G1 X328.426 Y-163.601
G1 X326.986 Y-163.488
G1 X325.546 Y-163.374
G1 X324.106 Y-163.261
G1 X322.667 Y-163.148
G1 X321.407 Y-163.049
G1 X319.989 Y-162.765
G1 X318.572 Y-162.481
G1 X317.154 Y-162.197
G1 X316.905 Y-162.147
G1 X315.601 Y-161.507
G1 X314.502 Y-160.967
G1 X313.581 Y-159.817
G1 X313.440 Y-159.641
G1 X313.416 Y-159.612
; Retract
G0 Z3.000

; Path 15
; Rapid to initial position
G0 X315.742 Y-161.378
G0 Z0.000
; plunge
G1 Z-0.200 F4000
; cut
G1 X315.200 Y-162.657 F4000
G1 X314.766 Y-164.065
G1 X314.349 Y-165.515
G1 X313.939 Y-167.008
G1 X313.909 Y-167.127
G1 X313.546 Y-168.573
G1 X313.501 Y-168.778
G1 X313.179 Y-170.234
G1 X313.121 Y-170.542
G1 X312.846 Y-172.009
G1 X312.785 Y-172.402
G1 X312.555 Y-173.877
G1 X312.497 Y-174.327
G1 X312.308 Y-175.808
G1 X312.261 Y-176.287
G1 X312.113 Y-177.774
G1 X312.078 Y-178.258
G1 X311.971 Y-179.748
G1 X311.950 Y-180.233
G1 X311.885 Y-181.725
G1 X311.878 Y-182.210
G1 X311.855 Y-183.704
G1 X311.861 Y-184.190
G1 X311.880 Y-185.684
G1 X311.900 Y-186.166
G1 X311.960 Y-187.659
G1 X311.991 Y-188.112
G1 X312.093 Y-189.603
G1 X312.131 Y-190.000
G1 X312.274 Y-191.486
G1 X312.314 Y-191.798
G1 X312.502 Y-193.280
G1 X312.535 Y-193.488
G1 X312.772 Y-194.962
G1 X312.795 Y-195.083
G1 X313.073 Y-196.549
G1 X313.395 Y-198.068
G1 X313.726 Y-199.544
G1 X314.150 Y-200.988
G1 X314.268 Y-201.151
G1 X315.133 Y-202.347
G1 X316.033 Y-202.842
G1 X317.307 Y-203.544
G1 X317.422 Y-203.569
G1 X318.837 Y-203.867
G1 X320.253 Y-204.165
G1 X321.668 Y-204.463
; Retract
G0 Z3.000

; Path 16
; Rapid to initial position
G0 X313.553 Y-195.222
G0 Z0.000
; plunge
G1 Z-0.200 F4000
; cut
G1 X313.534 Y-193.728 F4000
G1 X313.529 Y-193.372
G1 X313.552 Y-191.878
G1 X313.559 Y-191.399
G1 X313.623 Y-189.907
G1 X313.644 Y-189.429
G1 X313.750 Y-187.939
G1 X313.784 Y-187.461
G1 X313.931 Y-185.975
G1 X313.978 Y-185.502
G1 X314.167 Y-184.021
G1 X314.223 Y-183.580
G1 X314.453 Y-182.105
G1 X314.512 Y-181.725
G1 X314.787 Y-180.258
G1 X314.841 Y-179.969
G1 X315.163 Y-178.513
G1 X315.203 Y-178.333
; Retract
G0 Z3.000

; Path 17
; Rapid to initial position
G0 X322.654 Y-186.803
G0 Z0.000
; plunge
G1 Z-0.200 F4000
; cut
G1 X322.702 Y-187.514 F4000
G1 X322.709 Y-187.627
G1 X322.764 Y-188.418
; Retract
G0 Z3.000

; Path 18
; Rapid to initial position
G0 X322.529 Y-187.830
G0 Z0.000
; plunge
G1 Z-0.200 F4000
; cut
G1 X322.521 Y-187.627 F4000
G1 X322.512 Y-187.408
; Retract
G0 Z3.000

; Path 19
; Rapid to initial position
G0 X327.843 Y-180.923
G0 Z0.000
; plunge
G1 Z-0.200 F4000
; cut
G1 X327.881 Y-181.310 F4000
G1 X328.025 Y-182.797
G1 X328.063 Y-183.093
G1 X328.253 Y-184.575
G1 X328.283 Y-184.760
G1 X328.521 Y-186.234
G1 X328.821 Y-187.796
G1 X329.141 Y-189.294
G1 X329.472 Y-190.759
G1 X329.881 Y-192.081
; Retract
G0 Z3.000

; Path 20
; Rapid to initial position
G0 X336.577 Y-181.536
G0 Z0.000
; plunge
G1 Z-0.200 F4000
; cut
G1 X336.451 Y-180.707 F4000
G1 X335.957 Y-179.248
G1 X335.759 Y-178.718
G1 X335.238 Y-177.324
G1 X334.888 Y-176.469
G1 X334.325 Y-175.093
G1 X333.835 Y-174.003
G1 X333.225 Y-172.649
G1 X332.605 Y-171.398
G1 X331.946 Y-170.068
G1 X331.208 Y-168.711
G1 X330.500 Y-167.409
G1 X330.417 Y-167.269
G1 X329.660 Y-165.996
G1 X328.904 Y-164.724
G1 X328.786 Y-164.544
G1 X327.979 Y-163.305
G1 X327.172 Y-162.065
G1 X327.050 Y-161.893
G1 X326.191 Y-160.692
G1 X325.333 Y-159.490
G1 X325.261 Y-159.397
G1 X324.359 Y-158.231
G1 X323.456 Y-157.065
G1 X322.565 Y-155.992
G1 X321.624 Y-154.859
G1 X320.897 Y-154.042
G1 X319.919 Y-152.943
G1 X319.416 Y-152.420
G1 X318.398 Y-151.360
G1 X318.090 Y-151.064
G1 X317.032 Y-150.047
G1 X316.858 Y-149.891
G1 X315.767 Y-148.912
G1 X315.659 Y-148.820
G1 X314.547 Y-147.867
G1 X314.443 Y-147.779
G1 X313.324 Y-146.835
G1 X313.193 Y-146.727
G1 X312.062 Y-145.797
G1 X311.880 Y-145.655
G1 X310.730 Y-144.752
G1 X310.471 Y-144.561
G1 X309.295 Y-143.693
G1 X308.936 Y-143.446
G1 X307.732 Y-142.621
G1 X307.261 Y-142.320
G1 X306.031 Y-141.537
G1 X305.442 Y-141.189
G1 X304.187 Y-140.449
G1 X303.474 Y-140.059
G1 X302.197 Y-139.361
G1 X301.377 Y-138.950
G1 X300.077 Y-138.299
G1 X299.264 Y-137.947
G1 X297.931 Y-137.370
G1 X297.275 Y-137.159
G1 X295.896 Y-136.715
; Retract
G0 Z3.000

; Path 21
; Rapid to initial position
G0 X293.398 Y-132.809
G0 Z0.000
; plunge
G1 Z-0.200 F4000
; cut
G1 X293.793 Y-133.201 F4000
G1 X295.016 Y-133.996
G1 X295.767 Y-134.399
G1 X297.050 Y-135.087
G1 X297.831 Y-135.485
G1 X299.126 Y-136.145
G1 X299.813 Y-136.515
G1 X301.094 Y-137.204
G1 X301.692 Y-137.553
G1 X302.950 Y-138.286
G1 X303.499 Y-138.631
G1 X304.733 Y-139.406
G1 X305.268 Y-139.768
G1 X306.478 Y-140.585
G1 X307.025 Y-140.978
G1 X308.211 Y-141.831
G1 X308.754 Y-142.245
G1 X309.918 Y-143.130
G1 X310.432 Y-143.542
G1 X311.574 Y-144.457
G1 X312.035 Y-144.846
G1 X313.154 Y-145.790
G1 X313.555 Y-146.148
G1 X314.649 Y-147.123
G1 X315.046 Y-147.502
G1 X316.106 Y-148.517
G1 X316.568 Y-148.994
G1 X317.589 Y-150.051
G1 X318.178 Y-150.708
G1 X319.160 Y-151.803
G1 X319.914 Y-152.703
G1 X320.861 Y-153.831
G1 X321.735 Y-154.942
G1 X322.647 Y-156.100
G1 X323.577 Y-157.366
G1 X324.452 Y-158.555
G1 X324.547 Y-158.695
G1 X325.377 Y-159.917
G1 X326.208 Y-161.140
G1 X326.297 Y-161.284
G1 X327.078 Y-162.541
G1 X327.858 Y-163.798
G1 X327.916 Y-163.901
G1 X328.647 Y-165.189
G1 X329.379 Y-166.478
G1 X330.071 Y-167.811
G1 X330.755 Y-169.127
G1 X331.336 Y-170.352
G1 X331.973 Y-171.694
G1 X332.434 Y-172.758
G1 X333.025 Y-174.121
G1 X333.371 Y-174.960
G1 X333.938 Y-176.334
G1 X334.166 Y-176.872
G1 X334.746 Y-178.241
G1 X334.806 Y-178.361
G1 X335.471 Y-179.687
G1 X336.304 Y-180.507
; Retract
G0 Z3.000

; Path 22
; Rapid to initial position
G0 X340.821 Y-183.309
G0 Z0.000
; plunge
G1 Z-0.200 F4000
; cut
G1 X340.366 Y-182.121 F4000
G1 X340.021 Y-181.288
G1 X339.453 Y-179.915
G1 X338.965 Y-178.831
G1 X338.354 Y-177.477
G1 X337.734 Y-176.230
G1 X337.074 Y-174.902
G1 X336.337 Y-173.549
G1 X335.627 Y-172.248
G1 X335.547 Y-172.112
G1 X334.789 Y-170.840
G1 X334.031 Y-169.569
G1 X333.916 Y-169.393
G1 X333.108 Y-168.154
G1 X332.299 Y-166.916
G1 X332.179 Y-166.749
G1 X331.319 Y-165.548
G1 X330.460 Y-164.347
G1 X330.391 Y-164.259
G1 X329.487 Y-163.094
G1 X328.583 Y-161.929
G1 X327.696 Y-160.864
G1 X326.753 Y-159.732
G1 X326.032 Y-158.924
G1 X325.051 Y-157.827
G1 X324.558 Y-157.315
G1 X323.538 Y-156.257
G1 X323.242 Y-155.974
G1 X322.182 Y-154.960
G1 X322.024 Y-154.819
G1 X320.931 Y-153.843
G1 X320.843 Y-153.768
G1 X319.730 Y-152.816
G1 X319.649 Y-152.748
G1 X318.530 Y-151.804
G1 X318.424 Y-151.716
G1 X317.294 Y-150.785
G1 X317.136 Y-150.661
G1 X315.987 Y-149.756
G1 X315.748 Y-149.580
G1 X314.573 Y-148.711
G1 X314.227 Y-148.474
G1 X313.024 Y-147.647
G1 X312.561 Y-147.352
G1 X311.332 Y-146.568
G1 X310.747 Y-146.223
G1 X309.493 Y-145.482
G1 X308.783 Y-145.093
G1 X307.507 Y-144.395
G1 X306.694 Y-143.988
G1 X305.394 Y-143.337
G1 X304.612 Y-143.002
G1 X303.278 Y-142.431
G1 X302.697 Y-142.253
G1 X301.313 Y-141.829
G1 X301.120 Y-141.815
G1 X299.679 Y-141.709
G1 X298.509 Y-142.194
G1 X297.716 Y-143.155
G1 X297.164 Y-144.414
G1 X296.729 Y-145.819
G1 X296.315 Y-147.260
G1 X295.909 Y-148.736
G1 X295.526 Y-150.257
; Retract
G0 Z3.000

; Path 23
; Rapid to initial position
G0 X306.095 Y-123.460
G0 Z0.000
; plunge
G1 Z-0.200 F4000
; cut
G1 X305.561 Y-122.344 F4000
G1 X304.145 Y-122.049
G1 X303.477 Y-121.968
G1 X302.043 Y-121.793
G1 X301.330 Y-121.739
G1 X299.890 Y-121.629
G1 X299.326 Y-121.604
G1 X297.884 Y-121.538
G1 X297.469 Y-121.533
G1 X296.025 Y-121.515
G1 X295.710 Y-121.522
G1 X294.267 Y-121.555
G1 X294.002 Y-121.571
G1 X292.561 Y-121.658
G1 X292.306 Y-121.681
G1 X290.868 Y-121.816
G1 X290.614 Y-121.847
G1 X289.180 Y-122.019
G1 X288.925 Y-122.054
G1 X287.494 Y-122.253
G1 X287.239 Y-122.291
G1 X285.810 Y-122.504
G1 X285.555 Y-122.544
G1 X284.127 Y-122.763
G1 X283.873 Y-122.805
G1 X282.447 Y-123.040
G1 X282.195 Y-123.086
G1 X280.773 Y-123.347
G1 X280.522 Y-123.400
G1 X279.107 Y-123.698
G1 X278.848 Y-123.762
G1 X277.443 Y-124.108
G1 X277.132 Y-124.197
G1 X275.741 Y-124.596
G1 X275.325 Y-124.732
G1 X273.949 Y-125.183
G1 X273.378 Y-125.391
G1 X272.017 Y-125.889
G1 X271.264 Y-126.190
G1 X269.917 Y-126.728
G1 X269.039 Y-127.105
G1 X267.706 Y-127.678
G1 X266.782 Y-128.103
G1 X265.463 Y-128.711
G1 X264.570 Y-129.153
G1 X263.267 Y-129.798
G1 X262.464 Y-130.230
G1 X261.182 Y-130.918
G1 X260.460 Y-131.338
G1 X259.202 Y-132.071
G1 X258.540 Y-132.487
G1 X257.305 Y-133.263
G1 X256.681 Y-133.685
G1 X255.472 Y-134.502
G1 X254.869 Y-134.938
G1 X253.684 Y-135.793
G1 X253.098 Y-136.245
G1 X251.939 Y-137.137
G1 X251.370 Y-137.604
G1 X250.238 Y-138.532
G1 X249.685 Y-139.015
G1 X248.582 Y-139.978
G1 X248.046 Y-140.475
G1 X246.971 Y-141.473
G1 X246.453 Y-141.984
G1 X245.408 Y-143.016
G1 X244.907 Y-143.542
G1 X243.893 Y-144.606
G1 X243.409 Y-145.146
G1 X242.427 Y-146.242
G1 X241.964 Y-146.792
G1 X241.015 Y-147.918
G1 X240.589 Y-148.456
G1 X239.673 Y-149.612
G1 X239.302 Y-150.112
G1 X238.422 Y-151.296
G1 X238.122 Y-151.730
G1 X237.280 Y-152.944
G1 X237.060 Y-153.289
G1 X236.261 Y-154.534
G1 X236.103 Y-154.799
G1 X235.343 Y-156.070
G1 X235.228 Y-156.273
G1 X234.498 Y-157.563
G1 X234.411 Y-157.723
G1 X233.698 Y-159.022
G1 X233.633 Y-159.145
G1 X232.942 Y-160.458
G1 X232.354 Y-161.876
G1 X232.104 Y-163.280
; Retract
G0 Z3.000

; Path 24
; Rapid to initial position
G0 X204.755 Y-145.770
G0 Z0.000
; plunge
G1 Z-0.200 F4000
; cut
G1 X204.616 Y-146.180 F4000
G1 X204.464 Y-146.585
G1 X204.300 Y-146.985
G1 X204.123 Y-147.380
G1 X203.934 Y-147.769
G1 X203.734 Y-148.151
G1 X203.522 Y-148.526
G1 X203.299 Y-148.894
G1 X203.064 Y-149.254
G1 X202.819 Y-149.606
G1 X202.563 Y-149.951
G1 X202.297 Y-150.287
G1 X202.021 Y-150.615
G1 X201.734 Y-150.933
G1 X201.438 Y-151.243
G1 X201.133 Y-151.544
G1 X200.817 Y-151.836
G1 X200.493 Y-152.117
G1 X200.160 Y-152.389
G1 X199.818 Y-152.651
G1 X199.468 Y-152.902
G1 X199.110 Y-153.143
G1 X198.743 Y-153.372
G1 X198.369 Y-153.591
G1 X197.988 Y-153.798
G1 X197.600 Y-153.994
G1 X197.207 Y-154.177
G1 X196.808 Y-154.348
G1 X196.404 Y-154.507
G1 X195.997 Y-154.652
G1 X195.586 Y-154.785
G1 X195.172 Y-154.904
G1 X194.752 Y-155.010
G1 X194.302 Y-155.102
G1 X193.797 Y-155.179
G1 X193.210 Y-155.240
G1 X192.528 Y-155.283
G1 X191.792 Y-155.308
G1 X191.055 Y-155.314
G1 X190.371 Y-155.299
G1 X189.781 Y-155.262
G1 X189.273 Y-155.206
G1 X188.819 Y-155.132
G1 X188.393 Y-155.043
G1 X187.975 Y-154.941
G1 X187.572 Y-154.831
G1 X187.197 Y-154.719
G1 X186.863 Y-154.611
G1 X186.577 Y-154.509
G1 X186.333 Y-154.415
G1 X186.115 Y-154.325
G1 X185.911 Y-154.237
G1 X185.707 Y-154.147
G1 X185.493 Y-154.050
G1 X185.258 Y-153.935
G1 X184.991 Y-153.797
G1 X184.687 Y-153.628
G1 X184.353 Y-153.431
G1 X184.002 Y-153.213
G1 X183.646 Y-152.979
G1 X183.295 Y-152.733
G1 X182.953 Y-152.476
G1 X182.619 Y-152.209
G1 X182.293 Y-151.932
G1 X181.975 Y-151.645
G1 X181.667 Y-151.349
G1 X181.367 Y-151.042
G1 X181.077 Y-150.727
G1 X180.796 Y-150.402
G1 X180.526 Y-150.068
G1 X180.265 Y-149.725
G1 X180.015 Y-149.374
G1 X179.776 Y-149.017
G1 X179.554 Y-148.665
G1 X179.354 Y-148.329
G1 X179.181 Y-148.024
G1 X179.040 Y-147.758
G1 X178.924 Y-147.523
G1 X178.825 Y-147.310
G1 X178.734 Y-147.108
G1 X178.645 Y-146.905
G1 X178.554 Y-146.689
G1 X178.458 Y-146.447
G1 X178.356 Y-146.165
G1 X178.247 Y-145.838
G1 X178.137 Y-145.483
G1 X178.069 Y-145.247
G1 X178.034 Y-145.127
; Retract
G0 Z3.000

; Path 25
; Rapid to initial position
G0 X171.539 Y-142.252
G0 Z0.000
; plunge
G1 Z-0.200 F4000
; cut
G1 X171.234 Y-142.273 F4000
; Retract
G0 Z3.000

; Path 26
; Rapid to initial position
G0 X173.709 Y-136.050
G0 Z0.000
; plunge
G1 Z-0.200 F4000
; cut
G1 X174.236 Y-134.923 F4000
G1 X173.689 Y-135.796
; Retract
G0 Z3.000

; Path 27
; Rapid to initial position
G0 X177.313 Y-137.360
G0 Z0.000
; plunge
G1 Z-0.200 F4000
; cut
G1 X177.225 Y-137.033 F4000
G1 X177.100 Y-136.621
G1 X176.961 Y-136.212
G1 X176.811 Y-135.807
G1 X176.647 Y-135.407
G1 X176.471 Y-135.013
G1 X176.281 Y-134.622
G1 X176.061 Y-134.218
G1 X175.794 Y-133.783
G1 X175.463 Y-133.299
G1 X175.059 Y-132.756
G1 X174.606 Y-132.185
G1 X174.140 Y-131.626
G1 X173.691 Y-131.121
G1 X173.285 Y-130.699
G1 X172.904 Y-130.343
G1 X172.522 Y-130.027
G1 X172.112 Y-129.721
G1 X171.680 Y-129.408
G1 X171.353 Y-129.108
G1 X171.245 Y-128.921
G1 X171.177 Y-128.657
G1 X171.167 Y-128.319
G1 X171.176 Y-127.792
G1 X171.189 Y-127.157
G1 X171.201 Y-126.521
G1 X171.211 Y-125.993
G1 X171.234 Y-125.659
G1 X171.353 Y-125.504
G1 X171.702 Y-125.304
G1 X172.566 Y-125.182
G1 X173.880 Y-125.121
G1 X174.085 Y-125.119
G1 X175.529 Y-125.102
G1 X175.927 Y-125.102
G1 X177.372 Y-125.102
G1 X177.817 Y-125.103
G1 X179.261 Y-125.105
G1 X179.616 Y-125.105
G1 X181.060 Y-125.105
G1 X181.190 Y-125.105
G1 X182.634 Y-125.105
G1 X183.848 Y-125.106
G1 X184.618 Y-125.106
G1 X185.060 Y-125.106
G1 X185.340 Y-125.106
G1 X185.625 Y-125.105
G1 X186.039 Y-125.112
G1 X186.534 Y-125.157
G1 X187.020 Y-125.278
G1 X187.418 Y-125.515
G1 X187.673 Y-125.916
G1 X187.712 Y-126.071
G1 X187.849 Y-126.752
G1 X187.902 Y-127.805
G1 X187.913 Y-129.336
G1 X187.914 Y-129.883
G1 X187.918 Y-131.377
G1 X187.920 Y-132.176
G1 X187.924 Y-133.670
G1 X187.925 Y-134.389
G1 X187.929 Y-135.883
G1 X187.930 Y-136.192
G1 X187.934 Y-137.686
G1 X187.930 Y-138.832
G1 X187.927 Y-139.166
G1 X187.910 Y-139.689
G1 X187.890 Y-140.319
G1 X187.870 Y-140.949
G1 X187.854 Y-141.471
G1 X187.836 Y-141.803
G1 X187.788 Y-142.391
G1 X187.734 Y-142.561
G1 X187.604 Y-142.778
; Retract
G0 Z3.000

; Path 28
; Rapid to initial position
G0 X185.027 Y-137.919
G0 Z0.000
; plunge
G1 Z-0.200 F4000
; cut
G1 X185.116 Y-137.624 F4000
G1 X185.227 Y-137.209
G1 X185.326 Y-136.792
G1 X185.411 Y-136.372
G1 X185.483 Y-135.950
G1 X185.523 Y-135.663
G1 X185.542 Y-135.527
G1 X185.588 Y-135.103
G1 X185.620 Y-134.677
G1 X185.639 Y-134.251
; Retract
G0 Z3.000

; Path 29
; Rapid to initial position
G0 X183.654 Y-134.963
G0 Z0.000
; plunge
G1 Z-0.200 F4000
; cut
G1 X183.678 Y-135.062 F4000
G1 X183.753 Y-135.379
G1 X183.840 Y-135.798
G1 X183.913 Y-136.219
G1 X183.973 Y-136.641
G1 X184.020 Y-137.064
G1 X184.031 Y-137.204
; Retract
G0 Z3.000

; Path 30
; Rapid to initial position
G0 X180.850 Y-135.637
G0 Z0.000
; plunge
G1 Z-0.200 F4000
; cut
G1 X180.811 Y-135.466 F4000
G1 X180.815 Y-135.134
G1 X180.830 Y-134.613
G1 X180.849 Y-133.983
G1 X180.868 Y-133.353
G1 X180.883 Y-132.830
G1 X180.890 Y-132.729
G1 X180.901 Y-132.621
G1 X180.914 Y-132.517
G1 X180.928 Y-132.416
G1 X180.943 Y-132.317
G1 X180.956 Y-132.208
G1 X180.967 Y-132.099
G1 X180.972 Y-131.997
G1 X180.972 Y-131.892
G1 X180.965 Y-131.783
G1 X180.953 Y-131.680
G1 X180.933 Y-131.572
G1 X180.908 Y-131.471
G1 X180.895 Y-130.313
G1 X180.895 Y-130.005
G1 X180.890 Y-128.511
G1 X180.885 Y-127.788
G1 X180.876 Y-126.294
G1 X180.866 Y-125.497
G1 X180.847 Y-124.003
G1 X180.837 Y-123.575
G1 X180.800 Y-122.082
G1 X180.719 Y-120.962
G1 X180.532 Y-120.448
; Retract
G0 Z3.000

; Path 31
; Rapid to initial position
G0 X171.724 Y-124.906
G0 Z0.000
; plunge
G1 Z-0.200 F4000
; cut
G1 X172.499 Y-124.803 F4000
G1 X173.729 Y-124.758
G1 X173.887 Y-124.758
G1 X175.331 Y-124.752
G1 X175.709 Y-124.754
G1 X177.154 Y-124.762
G1 X177.589 Y-124.764
G1 X179.033 Y-124.770
G1 X179.382 Y-124.772
G1 X180.826 Y-124.775
G1 X180.954 Y-124.775
G1 X182.398 Y-124.777
G1 X183.612 Y-124.777
G1 X184.382 Y-124.777
G1 X184.824 Y-124.777
G1 X185.104 Y-124.776
G1 X185.389 Y-124.776
G1 X185.802 Y-124.782
G1 X186.284 Y-124.823
G1 X186.740 Y-124.931
G1 X187.098 Y-125.138
G1 X187.321 Y-125.501
G1 X187.439 Y-126.142
G1 X187.486 Y-127.179
G1 X187.496 Y-128.708
G1 X187.497 Y-129.255
G1 X187.501 Y-130.749
G1 X187.503 Y-131.548
G1 X187.507 Y-133.042
G1 X187.509 Y-133.762
G1 X187.513 Y-135.256
G1 X187.514 Y-135.565
G1 X187.518 Y-137.059
G1 X187.514 Y-138.205
G1 X187.507 Y-138.311
G1 X187.500 Y-138.425
G1 X187.493 Y-138.544
G1 X187.489 Y-138.648
G1 X187.486 Y-138.755
G1 X187.484 Y-138.865
G1 X187.483 Y-138.978
G1 X187.483 Y-139.092
G1 X187.486 Y-139.207
G1 X187.490 Y-139.323
G1 X187.495 Y-139.439
G1 X187.503 Y-139.555
G1 X187.488 Y-140.101
G1 X187.469 Y-140.731
G1 X187.449 Y-141.361
G1 X187.432 Y-141.882
G1 X187.416 Y-142.214
G1 X187.367 Y-142.385
G1 X187.248 Y-142.448
G1 X187.027 Y-142.479
G1 X186.922 Y-142.488
G1 X186.643 Y-142.488
G1 X186.236 Y-142.488
G1 X185.829 Y-142.488
G1 X185.550 Y-142.488
G1 X185.446 Y-142.479
G1 X185.224 Y-142.448
G1 X185.109 Y-142.385
G1 X184.978 Y-142.169
G1 X184.935 Y-141.998
G1 X184.884 Y-141.412
G1 X184.874 Y-140.270
G1 X184.873 Y-139.973
G1 X184.869 Y-138.479
G1 X184.868 Y-137.811
G1 X184.864 Y-136.317
G1 X184.862 Y-135.647
G1 X184.858 Y-134.153
G1 X184.857 Y-133.854
G1 X184.852 Y-132.360
G1 X184.828 Y-131.282
G1 X184.827 Y-131.220
; Retract
G0 Z3.000

; Path 32
; Rapid to initial position
G0 X180.027 Y-131.756
G0 Z0.000
; plunge
G1 Z-0.200 F4000
; cut
G1 X179.878 Y-131.225 F4000
G1 X179.482 Y-131.020
G1 X178.720 Y-130.990
G1 X177.527 Y-130.994
G1 X176.081 Y-131.016
G1 X174.633 Y-131.079
G1 X173.956 Y-131.153
; Retract
G0 Z3.000

; Path 33
; Rapid to initial position
G0 X171.679 Y-130.070
G0 Z0.000
; plunge
G1 Z-0.200 F4000
; cut
G1 X172.965 Y-129.938 F4000
G1 X174.408 Y-129.883
G1 X174.515 Y-129.879
G1 X175.959 Y-129.859
G1 X177.207 Y-129.855
G1 X177.972 Y-129.881
G1 X178.380 Y-130.064
G1 X178.366 Y-130.282
G1 X178.356 Y-130.511
G1 X178.345 Y-130.856
G1 X178.330 Y-131.383
G1 X178.311 Y-132.018
G1 X178.293 Y-132.652
G1 X178.278 Y-133.178
G1 X178.268 Y-133.505
G1 X178.269 Y-133.619
; Retract
G0 Z3.000

; Path 34
; Rapid to initial position
G0 X193.140 Y-135.358
G0 Z0.000
; plunge
G1 Z-0.200 F4000
; cut
G1 X193.814 Y-135.900 F4000
G1 X194.229 Y-136.223
G1 X194.625 Y-136.536
G1 X194.995 Y-136.857
G1 X195.366 Y-137.213
G1 X195.762 Y-137.632
G1 X196.198 Y-138.129
G1 X196.652 Y-138.677
G1 X197.091 Y-139.238
G1 X197.486 Y-139.774
G1 X197.810 Y-140.256
G1 X198.074 Y-140.692
G1 X198.292 Y-141.099
G1 X198.483 Y-141.495
G1 X198.658 Y-141.894
G1 X198.821 Y-142.299
G1 X198.972 Y-142.709
G1 X199.109 Y-143.123
G1 X199.233 Y-143.540
G1 X199.345 Y-143.960
G1 X199.442 Y-144.383
G1 X199.527 Y-144.808
G1 X199.598 Y-145.235
G1 X199.656 Y-145.664
G1 X199.700 Y-146.094
G1 X199.731 Y-146.525
G1 X199.749 Y-146.957
G1 X199.753 Y-147.388
G1 X199.744 Y-147.820
G1 X199.721 Y-148.251
G1 X199.685 Y-148.682
G1 X199.636 Y-149.111
G1 X199.573 Y-149.539
G1 X199.517 Y-149.857
G1 X199.497 Y-149.966
G1 X199.408 Y-150.390
G1 X199.305 Y-150.812
G1 X199.189 Y-151.231
G1 X199.060 Y-151.646
G1 X198.917 Y-152.058
G1 X198.762 Y-152.466
G1 X198.595 Y-152.869
G1 X198.414 Y-153.266
G1 X198.222 Y-153.657
G1 X198.018 Y-154.041
G1 X197.803 Y-154.418
G1 X197.575 Y-154.788
G1 X197.337 Y-155.150
G1 X197.088 Y-155.505
G1 X196.828 Y-155.851
G1 X196.558 Y-156.189
G1 X196.277 Y-156.518
G1 X195.986 Y-156.839
G1 X195.686 Y-157.150
G1 X195.376 Y-157.452
G1 X195.056 Y-157.744
G1 X194.728 Y-158.027
G1 X194.390 Y-158.299
G1 X194.044 Y-158.562
G1 X193.689 Y-158.813
G1 X193.327 Y-159.054
G1 X192.956 Y-159.284
G1 X192.578 Y-159.503
G1 X192.193 Y-159.710
G1 X191.801 Y-159.905
G1 X191.403 Y-160.088
G1 X191.000 Y-160.259
G1 X190.593 Y-160.416
G1 X190.181 Y-160.561
G1 X189.768 Y-160.692
G1 X189.352 Y-160.810
G1 X188.931 Y-160.915
G1 X188.483 Y-161.005
G1 X187.980 Y-161.079
G1 X187.397 Y-161.138
G1 X186.721 Y-161.180
G1 X185.991 Y-161.205
G1 X185.260 Y-161.211
G1 X184.584 Y-161.196
G1 X184.000 Y-161.161
G1 X183.497 Y-161.106
G1 X183.047 Y-161.035
G1 X182.624 Y-160.947
G1 X182.209 Y-160.847
G1 X181.806 Y-160.739
G1 X181.429 Y-160.628
G1 X181.091 Y-160.520
G1 X180.799 Y-160.418
G1 X180.547 Y-160.322
G1 X180.319 Y-160.230
G1 X180.105 Y-160.139
G1 X179.892 Y-160.046
G1 X179.668 Y-159.945
G1 X179.426 Y-159.828
G1 X179.153 Y-159.687
G1 X178.845 Y-159.516
G1 X178.509 Y-159.319
G1 X178.157 Y-159.101
G1 X177.801 Y-158.868
G1 X177.450 Y-158.622
G1 X177.107 Y-158.366
G1 X176.772 Y-158.100
G1 X176.446 Y-157.824
G1 X176.127 Y-157.538
G1 X175.818 Y-157.242
G1 X175.518 Y-156.937
G1 X175.227 Y-156.622
G1 X174.945 Y-156.298
G1 X174.673 Y-155.966
G1 X174.411 Y-155.625
G1 X174.160 Y-155.275
G1 X173.919 Y-154.919
G1 X173.695 Y-154.568
G1 X173.493 Y-154.232
G1 X173.317 Y-153.925
G1 X173.171 Y-153.654
G1 X173.050 Y-153.413
G1 X172.945 Y-153.192
G1 X172.849 Y-152.981
G1 X172.754 Y-152.770
G1 X172.658 Y-152.545
G1 X172.558 Y-152.295
G1 X172.453 Y-152.008
G1 X172.342 Y-151.677
G1 X172.230 Y-151.321
G1 X172.125 Y-150.962
G1 X172.034 Y-150.626
G1 X171.962 Y-150.330
G1 X171.906 Y-150.068
G1 X171.861 Y-149.830
G1 X171.827 Y-149.639
G1 X171.784 Y-149.376
G1 X171.748 Y-149.136
G1 X171.715 Y-148.871
G1 X171.685 Y-148.568
G1 X171.661 Y-148.219
G1 X171.643 Y-147.831
G1 X171.634 Y-147.419
G1 X171.637 Y-146.994
G1 X171.652 Y-146.566
G1 X171.681 Y-146.139
G1 X171.722 Y-145.712
G1 X171.777 Y-145.286
G1 X171.846 Y-144.861
G1 X171.927 Y-144.438
G1 X172.021 Y-144.018
G1 X172.128 Y-143.601
G1 X172.247 Y-143.190
G1 X172.373 Y-142.795
G1 X172.500 Y-142.427
G1 X172.623 Y-142.097
G1 X172.738 Y-141.814
G1 X172.844 Y-141.569
G1 X172.945 Y-141.352
G1 X173.043 Y-141.149
G1 X173.140 Y-140.952
G1 X173.237 Y-140.759
G1 X173.336 Y-140.568
G1 X173.439 Y-140.382
G1 X173.547 Y-140.198
G1 X173.659 Y-140.015
G1 X173.775 Y-139.833
G1 X173.895 Y-139.649
G1 X174.018 Y-139.462
G1 X174.153 Y-139.264
G1 X174.308 Y-139.047
G1 X174.491 Y-138.805
G1 X174.710 Y-138.531
G1 X174.960 Y-138.234
G1 X175.233 Y-137.925
G1 X175.524 Y-137.614
G1 X175.826 Y-137.309
G1 X176.145 Y-137.009
G1 X176.486 Y-136.710
G1 X176.857 Y-136.409
G1 X177.258 Y-136.104
G1 X177.678 Y-135.804
G1 X178.097 Y-135.520
G1 X178.498 Y-135.264
G1 X178.858 Y-135.041
G1 X179.135 Y-134.837
G1 X179.283 Y-134.631
G1 X179.272 Y-134.401
G1 X179.083 Y-134.123
G1 X178.764 Y-133.827
G1 X178.380 Y-133.566
G1 X178.000 Y-133.394
G1 X177.586 Y-133.325
G1 X177.239 Y-133.390
G1 X176.900 Y-133.551
G1 X176.547 Y-133.780
G1 X176.165 Y-134.051
G1 X175.765 Y-134.349
G1 X175.363 Y-134.661
G1 X174.977 Y-134.977
G1 X174.619 Y-135.286
G1 X174.288 Y-135.590
G1 X173.978 Y-135.892
G1 X173.682 Y-136.199
G1 X173.396 Y-136.511
G1 X173.118 Y-136.830
G1 X172.849 Y-137.156
G1 X172.589 Y-137.488
G1 X172.340 Y-137.823
G1 X172.106 Y-138.153
G1 X171.894 Y-138.465
G1 X171.709 Y-138.749
G1 X171.556 Y-138.997
G1 X171.428 Y-139.214
G1 X171.317 Y-139.412
G1 X171.214 Y-139.600
G1 X171.113 Y-139.788
G1 X171.008 Y-139.989
G1 X170.895 Y-140.216
G1 X170.771 Y-140.480
G1 X170.633 Y-140.790
G1 X170.487 Y-141.141
G1 X170.337 Y-141.518
G1 X170.192 Y-141.913
G1 X170.055 Y-142.314
G1 X169.928 Y-142.720
G1 X169.879 Y-142.889
G1 X169.763 Y-143.299
G1 X169.657 Y-143.711
G1 X169.563 Y-144.126
G1 X169.479 Y-144.542
G1 X169.407 Y-144.961
G1 X169.345 Y-145.380
G1 X169.294 Y-145.800
G1 X169.254 Y-146.221
G1 X169.226 Y-146.643
G1 X169.208 Y-147.066
G1 X169.200 Y-147.399
G1 X169.193 Y-147.822
G1 X169.192 Y-148.345
G1 X169.191 Y-148.976
G1 X169.191 Y-149.607
G1 X169.190 Y-150.129
G1 X169.194 Y-150.550
G1 X169.200 Y-150.884
G1 X169.215 Y-151.305
G1 X169.241 Y-151.726
G1 X169.277 Y-152.146
G1 X169.325 Y-152.565
G1 X169.383 Y-152.983
G1 X169.452 Y-153.399
G1 X169.532 Y-153.814
G1 X169.623 Y-154.228
G1 X169.725 Y-154.639
G1 X169.837 Y-155.049
G1 X169.880 Y-155.195
G1 X170.002 Y-155.600
G1 X170.136 Y-156.003
G1 X170.279 Y-156.402
G1 X170.433 Y-156.797
G1 X170.596 Y-157.187
G1 X170.769 Y-157.571
G1 X170.952 Y-157.949
G1 X171.144 Y-158.322
G1 X171.345 Y-158.690
G1 X171.556 Y-159.052
G1 X171.775 Y-159.409
G1 X172.005 Y-159.761
G1 X172.244 Y-160.108
G1 X172.492 Y-160.449
G1 X172.749 Y-160.784
G1 X173.015 Y-161.113
G1 X173.290 Y-161.435
G1 X173.573 Y-161.750
G1 X173.864 Y-162.058
G1 X174.164 Y-162.358
G1 X174.471 Y-162.651
G1 X174.786 Y-162.936
G1 X175.109 Y-163.213
G1 X175.440 Y-163.482
G1 X175.777 Y-163.743
G1 X176.122 Y-163.995
G1 X176.473 Y-164.238
G1 X176.830 Y-164.471
G1 X177.192 Y-164.695
G1 X177.560 Y-164.910
G1 X177.932 Y-165.114
G1 X178.308 Y-165.308
G1 X178.688 Y-165.492
G1 X179.072 Y-165.665
G1 X179.459 Y-165.828
G1 X179.850 Y-165.981
G1 X180.244 Y-166.124
G1 X180.642 Y-166.257
G1 X181.044 Y-166.380
G1 X181.450 Y-166.492
G1 X181.859 Y-166.595
G1 X182.264 Y-166.686
G1 X182.660 Y-166.764
G1 X183.040 Y-166.828
G1 X183.401 Y-166.877
G1 X183.769 Y-166.912
G1 X184.173 Y-166.935
G1 X184.643 Y-166.947
G1 X185.195 Y-166.950
G1 X185.799 Y-166.945
G1 X186.411 Y-166.932
G1 X186.986 Y-166.912
G1 X187.492 Y-166.885
G1 X187.945 Y-166.847
G1 X188.371 Y-166.796
G1 X188.797 Y-166.726
G1 X189.244 Y-166.636
G1 X189.710 Y-166.525
G1 X190.187 Y-166.397
G1 X190.667 Y-166.252
G1 X191.143 Y-166.092
G1 X191.615 Y-165.918
G1 X192.080 Y-165.729
G1 X192.540 Y-165.526
G1 X192.993 Y-165.309
G1 X193.439 Y-165.078
G1 X193.879 Y-164.834
G1 X194.311 Y-164.576
G1 X194.736 Y-164.304
G1 X195.152 Y-164.019
G1 X195.561 Y-163.720
G1 X195.960 Y-163.409
G1 X196.350 Y-163.085
G1 X196.730 Y-162.750
G1 X197.099 Y-162.402
G1 X197.457 Y-162.044
G1 X197.803 Y-161.675
G1 X198.138 Y-161.297
G1 X198.459 Y-160.909
G1 X198.768 Y-160.511
G1 X199.065 Y-160.105
G1 X199.348 Y-159.691
G1 X199.618 Y-159.268
G1 X199.874 Y-158.838
G1 X200.118 Y-158.400
G1 X200.347 Y-157.955
G1 X200.563 Y-157.503
G1 X200.764 Y-157.045
G1 X200.952 Y-156.581
G1 X201.125 Y-156.111
G1 X201.284 Y-155.635
G1 X201.327 Y-155.502
G1 X201.473 Y-155.020
G1 X201.603 Y-154.533
G1 X201.718 Y-154.042
G1 X201.818 Y-153.546
G1 X201.903 Y-153.047
G1 X201.973 Y-152.545
G1 X202.027 Y-152.040
G1 X202.065 Y-151.534
G1 X202.080 Y-151.205
G1 X202.103 Y-150.698
G1 X202.117 Y-150.177
G1 X202.133 Y-149.546
G1 X202.150 Y-148.915
G1 X202.163 Y-148.392
G1 X202.170 Y-147.885
G1 X202.172 Y-147.547
G1 X202.163 Y-147.041
G1 X202.138 Y-146.536
G1 X202.098 Y-146.032
G1 X202.043 Y-145.531
G1 X201.972 Y-145.032
G1 X201.885 Y-144.537
G1 X201.784 Y-144.044
G1 X201.667 Y-143.555
G1 X201.619 Y-143.370
G1 X201.487 Y-142.887
G1 X201.340 Y-142.407
G1 X201.178 Y-141.932
G1 X201.003 Y-141.463
G1 X200.817 Y-141.006
G1 X200.745 Y-140.841
G1 X200.625 Y-140.568
G1 X200.432 Y-140.156
G1 X200.240 Y-139.775
G1 X200.051 Y-139.418
G1 X199.863 Y-139.080
G1 X199.677 Y-138.750
G1 X199.589 Y-138.576
G1 X199.541 Y-138.483
; Retract
G0 Z3.000

; Path 35
; Rapid to initial position
G0 X178.429 Y-153.746
G0 Z0.000
; plunge
G1 Z-0.200 F4000
; cut
G1 X178.869 Y-154.039 F4000
G1 X179.218 Y-154.366
G1 X179.426 Y-154.679
G1 X179.468 Y-154.865
G1 X179.486 Y-155.134
G1 X179.490 Y-155.475
G1 X179.485 Y-156.003
G1 X179.479 Y-156.639
G1 X179.473 Y-157.275
G1 X179.468 Y-157.801
G1 X179.459 Y-158.133
G1 X179.413 Y-158.283
G1 X179.263 Y-158.503
G1 X178.984 Y-158.712
G1 X178.624 Y-158.934
G1 X178.222 Y-159.190
G1 X177.803 Y-159.472
G1 X177.384 Y-159.770
G1 X176.982 Y-160.074
G1 X176.612 Y-160.374
G1 X176.271 Y-160.672
G1 X175.953 Y-160.971
G1 X175.650 Y-161.275
G1 X175.361 Y-161.586
G1 X175.088 Y-161.894
G1 X174.840 Y-162.188
G1 X174.624 Y-162.458
G1 X174.444 Y-162.695
G1 X174.294 Y-162.905
G1 X174.164 Y-163.096
G1 X174.044 Y-163.278
G1 X173.927 Y-163.458
G1 X173.812 Y-163.638
G1 X173.700 Y-163.819
G1 X173.592 Y-164.002
G1 X173.489 Y-164.189
G1 X173.390 Y-164.378
G1 X173.294 Y-164.569
G1 X173.200 Y-164.762
G1 X173.104 Y-164.958
G1 X173.006 Y-165.168
G1 X172.902 Y-165.405
G1 X172.789 Y-165.682
G1 X172.668 Y-166.006
G1 X172.540 Y-166.372
G1 X172.416 Y-166.759
; Retract
G0 Z3.000

; Path 36
; Rapid to initial position
G0 X183.066 Y-165.430
G0 Z0.000
; plunge
G1 Z-0.200 F4000
; cut
G1 X183.127 Y-164.940 F4000
G1 X183.195 Y-164.515
G1 X183.277 Y-164.093
G1 X183.372 Y-163.673
G1 X183.480 Y-163.257
G1 X183.552 Y-163.010
G1 X183.599 Y-162.847
; Retract
G0 Z3.000

; Path 37
; Rapid to initial position
G0 X184.708 Y-162.543
G0 Z0.000
; plunge
G1 Z-0.200 F4000
; cut
G1 X184.717 Y-162.954 F4000
G1 X184.728 Y-163.194
G1 X184.735 Y-163.339
G1 X184.759 Y-163.683
G1 X184.778 Y-163.876
G1 X184.788 Y-163.977
G1 X184.820 Y-164.231
G1 X184.854 Y-164.457
G1 X184.890 Y-164.671
G1 X184.926 Y-164.884
G1 X184.968 Y-165.109
G1 X185.021 Y-165.360
G1 X185.090 Y-165.647
G1 X185.172 Y-165.953
; Retract
G0 Z3.000

; Path 38
; Rapid to initial position
G0 X191.009 Y-177.166
G0 Z0.000
; plunge
G1 Z-0.200 F4000
; cut
G1 X191.347 Y-176.326 F4000
G1 X192.037 Y-175.013
G1 X192.106 Y-174.882
G1 X192.818 Y-173.582
G1 X192.904 Y-173.426
G1 X193.632 Y-172.136
G1 X193.739 Y-171.948
G1 X194.497 Y-170.676
G1 X194.643 Y-170.432
G1 X195.440 Y-169.186
G1 X195.648 Y-168.862
G1 X196.489 Y-167.647
G1 X196.779 Y-167.229
G1 X197.659 Y-166.045
G1 X198.022 Y-165.556
G1 X198.937 Y-164.401
G1 X199.357 Y-163.871
G1 X200.306 Y-162.745
G1 X200.763 Y-162.202
G1 X201.745 Y-161.106
G1 X202.223 Y-160.573
G1 X203.237 Y-159.509
G1 X203.732 Y-158.989
G1 X204.777 Y-157.958
G1 X205.289 Y-157.452
G1 X206.364 Y-156.455
G1 X206.893 Y-155.964
G1 X207.997 Y-155.001
G1 X208.542 Y-154.524
G1 X209.674 Y-153.596
G1 X210.237 Y-153.135
G1 X211.395 Y-152.243
G1 X211.975 Y-151.796
G1 X213.159 Y-150.941
G1 X213.755 Y-150.511
G1 X214.964 Y-149.693
G1 X215.581 Y-149.277
G1 X216.815 Y-148.501
G1 X217.469 Y-148.089
G1 X218.727 Y-147.357
G1 X219.440 Y-146.942
G1 X220.722 Y-146.254
G1 X221.516 Y-145.828
G1 X222.818 Y-145.183
G1 X223.700 Y-144.746
G1 X225.019 Y-144.138
G1 X225.929 Y-143.718
G1 X227.263 Y-143.145
G1 X228.127 Y-142.774
G1 X229.474 Y-142.235
G1 X230.212 Y-141.940
G1 X231.573 Y-141.442
G1 X232.128 Y-141.239
G1 X233.505 Y-140.787
G1 X233.904 Y-140.656
G1 X235.295 Y-140.257
G1 X235.590 Y-140.172
G1 X236.995 Y-139.826
G1 X237.236 Y-139.767
G1 X238.652 Y-139.470
G1 X238.885 Y-139.421
G1 X240.308 Y-139.161
G1 X240.543 Y-139.118
G1 X241.969 Y-138.884
G1 X242.206 Y-138.845
G1 X243.634 Y-138.624
G1 X243.872 Y-138.587
G1 X245.300 Y-138.371
G1 X245.538 Y-138.335
G1 X246.969 Y-138.132
G1 X247.206 Y-138.098
G1 X248.640 Y-137.921
G1 X248.877 Y-137.891
G1 X250.315 Y-137.752
G1 X250.552 Y-137.729
G1 X251.993 Y-137.638
G1 X252.240 Y-137.623
G1 X253.684 Y-137.586
G1 X253.984 Y-137.578
G1 X255.428 Y-137.595
G1 X255.834 Y-137.599
G1 X257.277 Y-137.663
G1 X257.838 Y-137.688
G1 X258.026 Y-137.702
; Retract
G0 Z3.000

; Path 39
; Rapid to initial position
G0 X266.768 Y-134.661
G0 Z0.000
; plunge
G1 Z-0.200 F4000
; cut
G1 X266.902 Y-134.940 F4000
G1 X267.036 Y-135.173
G1 X267.230 Y-135.513
G1 X267.425 Y-135.853
G1 X267.736 Y-136.352
; Retract
G0 Z3.000

; Path 40
; Rapid to initial position
G0 X257.422 Y-127.222
G0 Z0.000
; plunge
G1 Z-0.200 F4000
; cut
G1 X257.054 Y-128.127 F4000
G1 X256.968 Y-128.327
G1 X256.918 Y-128.443
G1 X256.657 Y-129.049
G1 X256.234 Y-130.005
G1 X255.762 Y-131.023
G1 X255.216 Y-132.133
G1 X254.579 Y-133.354
G1 X253.858 Y-134.659
G1 X253.108 Y-135.936
G1 X252.281 Y-137.263
G1 X252.217 Y-137.366
G1 X251.394 Y-138.594
G1 X251.323 Y-138.700
G1 X250.471 Y-139.906
G1 X250.397 Y-140.011
G1 X249.524 Y-141.202
G1 X249.448 Y-141.306
G1 X248.565 Y-142.489
G1 X248.487 Y-142.593
G1 X247.599 Y-143.772
G1 X247.520 Y-143.876
G1 X246.619 Y-145.044
G1 X246.540 Y-145.147
G1 X245.614 Y-146.294
G1 X245.533 Y-146.394
G1 X244.571 Y-147.508
G1 X244.486 Y-147.605
G1 X243.481 Y-148.678
G1 X243.391 Y-148.773
G1 X242.352 Y-149.811
G1 X242.256 Y-149.907
G1 X241.194 Y-150.920
G1 X241.089 Y-151.019
G1 X240.016 Y-152.019
G1 X239.905 Y-152.123
G1 X238.825 Y-153.115
G1 X238.695 Y-153.235
G1 X237.595 Y-154.203
G1 X237.385 Y-154.389
G1 X236.253 Y-155.317
G1 X235.880 Y-155.623
G1 X234.714 Y-156.504
G1 X234.089 Y-156.975
G1 X232.891 Y-157.809
G1 X231.946 Y-158.465
G1 X230.720 Y-159.255
G1 X229.499 Y-160.041
G1 X228.247 Y-160.786
G1 X226.995 Y-161.530
G1 X226.824 Y-161.632
G1 X225.545 Y-162.326
G1 X224.266 Y-163.020
G1 X223.995 Y-163.167
G1 X222.688 Y-163.803
G1 X221.382 Y-164.438
G1 X221.079 Y-164.586
G1 X219.746 Y-165.161
G1 X218.413 Y-165.736
G1 X218.091 Y-165.875
G1 X216.734 Y-166.388
G1 X215.378 Y-166.900
G1 X215.037 Y-167.029
G1 X213.659 Y-167.479
G1 X212.282 Y-167.928
G1 X211.922 Y-168.046
G1 X210.527 Y-168.431
G1 X209.132 Y-168.817
G1 X208.761 Y-168.920
G1 X207.352 Y-169.247
G1 X205.943 Y-169.573
G1 X205.601 Y-169.653
G1 X204.180 Y-169.923
G1 X202.760 Y-170.193
G1 X202.498 Y-170.243
G1 X201.069 Y-170.457
G1 X199.640 Y-170.672
G1 X199.510 Y-170.691
G1 X198.073 Y-170.842
G1 X196.690 Y-170.987
G1 X195.247 Y-171.039
G1 X194.086 Y-171.081
G1 X192.646 Y-170.975
G1 X191.754 Y-170.909
G1 X190.354 Y-170.544
G1 X189.775 Y-170.393
G1 X188.513 Y-169.665
G1 X188.198 Y-169.484
G1 X187.140 Y-168.467
G1 X186.914 Y-168.250
G1 X186.008 Y-167.087
G1 X185.772 Y-166.785
G1 X184.924 Y-165.576
G1 X184.633 Y-165.160
G1 X183.765 Y-163.966
G1 X183.374 Y-163.427
G1 X182.468 Y-162.263
G1 X181.941 Y-161.586
G1 X180.994 Y-160.458
G1 X180.294 Y-159.625
G1 X179.306 Y-158.536
G1 X178.395 Y-157.532
G1 X177.369 Y-156.481
G1 X176.343 Y-155.430
G1 X176.237 Y-155.321
G1 X175.182 Y-154.300
G1 X174.127 Y-153.280
G1 X173.946 Y-153.105
G1 X172.867 Y-152.112
G1 X171.788 Y-151.119
G1 X171.683 Y-151.022
G1 X170.578 Y-150.060
G1 X169.605 Y-149.212
G1 X168.469 Y-148.290
G1 X167.831 Y-147.772
G1 X166.660 Y-146.897
G1 X166.316 Y-146.640
G1 X165.114 Y-145.811
G1 X164.973 Y-145.713
G1 X163.753 Y-144.914
G1 X162.491 Y-144.099
G1 X161.240 Y-143.309
G1 X159.975 Y-142.545
G1 X158.690 Y-141.820
G1 X157.381 Y-141.144
G1 X156.052 Y-140.506
G1 X154.708 Y-139.895
G1 X153.356 Y-139.296
G1 X152.000 Y-138.703
G1 X150.630 Y-138.126
G1 X149.201 Y-137.561
G1 X149.027 Y-137.493
G1 X147.662 Y-137.004
G1 X147.342 Y-136.890
G1 X145.963 Y-136.448
G1 X145.456 Y-136.285
G1 X144.063 Y-135.888
G1 X143.369 Y-135.690
G1 X141.965 Y-135.340
G1 X141.095 Y-135.123
G1 X139.681 Y-134.820
G1 X138.649 Y-134.599
G1 X137.227 Y-134.337
G1 X136.070 Y-134.123
G1 X134.648 Y-133.862
G1 X133.508 Y-133.653
G1 X132.095 Y-133.341
G1 X131.144 Y-133.131
G1 X129.767 Y-132.680
G1 X129.191 Y-132.491
G1 X127.932 Y-131.759
G1 X127.803 Y-131.684
G1 X126.876 Y-130.749
G1 X126.293 Y-129.818
G1 X126.243 Y-129.738
; Retract
G0 Z3.000

; Path 41
; Rapid to initial position
G0 X136.271 Y-123.255
G0 Z0.000
; plunge
G1 Z-0.200 F4000
; cut
G1 X135.821 Y-123.233 F4000
G1 X135.334 Y-123.230
G1 X133.890 Y-123.220
G1 X133.036 Y-123.220
G1 X131.592 Y-123.219
G1 X130.148 Y-123.219
G1 X128.616 Y-123.219
G1 X127.172 Y-123.219
G1 X125.728 Y-123.219
G1 X124.284 Y-123.219
G1 X122.983 Y-123.219
G1 X121.539 Y-123.219
G1 X120.095 Y-123.219
G1 X118.651 Y-123.219
G1 X117.207 Y-123.219
G1 X115.906 Y-123.219
G1 X114.462 Y-123.219
G1 X113.018 Y-123.219
G1 X111.574 Y-123.219
G1 X110.130 Y-123.219
G1 X108.598 Y-123.219
G1 X107.154 Y-123.219
G1 X105.710 Y-123.219
G1 X104.266 Y-123.219
G1 X103.414 Y-123.217
G1 X101.969 Y-123.215
G1 X100.525 Y-123.212
G1 X100.048 Y-123.201
G1 X98.604 Y-123.168
G1 X97.896 Y-123.046
G1 X97.795 Y-122.811
G1 X97.793 Y-122.710
G1 X97.793 Y-122.451
G1 X97.792 Y-122.073
G1 X97.792 Y-121.695
G1 X97.792 Y-121.436
G1 X97.792 Y-121.329
G1 X97.793 Y-121.185
G1 X97.797 Y-120.974
G1 X97.803 Y-120.621
G1 X97.814 Y-120.074
G1 X97.828 Y-119.414
G1 X97.841 Y-118.753
G1 X97.852 Y-118.204
G1 X97.859 Y-117.859
G1 X97.863 Y-117.711
G1 X97.961 Y-117.475
G1 X98.653 Y-117.353
G1 X99.089 Y-117.343
G1 X100.532 Y-117.309
G1 X101.303 Y-117.307
G1 X102.747 Y-117.305
G1 X104.191 Y-117.303
G1 X105.595 Y-117.303
G1 X107.039 Y-117.303
G1 X108.483 Y-117.303
G1 X109.927 Y-117.303
G1 X111.074 Y-117.303
G1 X112.518 Y-117.303
G1 X113.962 Y-117.303
G1 X115.406 Y-117.303
G1 X116.850 Y-117.303
G1 X117.996 Y-117.303
G1 X119.440 Y-117.303
G1 X120.884 Y-117.303
G1 X122.328 Y-117.303
G1 X123.772 Y-117.303
G1 X125.176 Y-117.303
G1 X126.620 Y-117.303
G1 X128.064 Y-117.303
G1 X129.508 Y-117.303
G1 X130.272 Y-117.300
G1 X131.716 Y-117.294
G1 X133.161 Y-117.288
G1 X133.891 Y-117.246
G1 X133.993 Y-117.240
G1 X134.991 Y-117.183
G1 X135.546 Y-116.896
; Retract
G0 Z3.000

; Path 42
; Rapid to initial position
G0 X143.506 Y-121.118
G0 Z0.000
; plunge
G1 Z-0.200 F4000
; cut
G1 X143.534 Y-121.013 F4000
G1 X143.553 Y-120.676
G1 X143.580 Y-120.132
G1 X143.612 Y-119.475
G1 X143.644 Y-118.817
G1 X143.670 Y-118.272
G1 X143.684 Y-117.913
G1 X143.673 Y-117.662
G1 X143.621 Y-117.398
G1 X143.442 Y-117.574
G1 X143.286 Y-117.856
G1 X143.133 Y-118.153
G1 X142.974 Y-118.451
G1 X142.803 Y-118.754
G1 X142.613 Y-119.067
G1 X142.403 Y-119.393
G1 X142.172 Y-119.728
G1 X141.925 Y-120.066
G1 X141.665 Y-120.402
G1 X141.396 Y-120.733
G1 X141.118 Y-121.056
G1 X140.832 Y-121.372
G1 X140.537 Y-121.680
G1 X140.234 Y-121.980
G1 X139.923 Y-122.273
G1 X139.604 Y-122.557
G1 X139.277 Y-122.834
G1 X138.942 Y-123.101
G1 X138.600 Y-123.360
G1 X138.251 Y-123.610
G1 X137.894 Y-123.852
G1 X137.531 Y-124.083
G1 X137.162 Y-124.306
G1 X136.787 Y-124.518
G1 X136.406 Y-124.720
G1 X136.020 Y-124.912
G1 X135.630 Y-125.094
G1 X135.236 Y-125.265
G1 X134.837 Y-125.425
G1 X134.435 Y-125.575
G1 X134.029 Y-125.714
G1 X133.620 Y-125.842
G1 X133.207 Y-125.959
G1 X132.792 Y-126.065
G1 X132.374 Y-126.161
G1 X131.954 Y-126.245
G1 X131.531 Y-126.318
G1 X131.106 Y-126.381
G1 X130.680 Y-126.431
G1 X130.252 Y-126.471
G1 X129.822 Y-126.500
G1 X129.392 Y-126.517
G1 X128.961 Y-126.523
G1 X128.529 Y-126.518
G1 X128.097 Y-126.501
G1 X127.665 Y-126.473
G1 X127.234 Y-126.433
G1 X126.804 Y-126.382
G1 X126.376 Y-126.320
G1 X125.950 Y-126.246
G1 X125.526 Y-126.162
G1 X125.106 Y-126.066
G1 X124.688 Y-125.960
G1 X124.274 Y-125.842
G1 X123.864 Y-125.714
G1 X123.457 Y-125.575
G1 X123.055 Y-125.426
G1 X122.656 Y-125.267
G1 X122.263 Y-125.097
G1 X121.875 Y-124.917
G1 X121.493 Y-124.728
G1 X121.115 Y-124.528
G1 X120.735 Y-124.310
G1 X120.341 Y-124.067
G1 X119.924 Y-123.791
G1 X119.490 Y-123.477
G1 X119.106 Y-123.147
G1 X118.848 Y-122.821
G1 X118.773 Y-122.508
G1 X118.911 Y-122.203
G1 X119.207 Y-121.924
G1 X119.586 Y-121.705
G1 X119.965 Y-121.577
G1 X120.296 Y-121.562
G1 X120.594 Y-121.638
G1 X120.873 Y-121.779
G1 X121.142 Y-121.952
G1 X121.407 Y-122.128
G1 X121.678 Y-122.301
G1 X121.960 Y-122.473
G1 X122.261 Y-122.645
G1 X122.586 Y-122.816
G1 X122.932 Y-122.985
G1 X123.292 Y-123.148
G1 X123.663 Y-123.304
G1 X124.039 Y-123.449
G1 X124.418 Y-123.584
G1 X124.802 Y-123.707
G1 X125.188 Y-123.820
G1 X125.578 Y-123.922
G1 X125.972 Y-124.012
G1 X126.367 Y-124.091
G1 X126.766 Y-124.159
G1 X127.166 Y-124.216
G1 X127.569 Y-124.261
G1 X127.973 Y-124.295
G1 X128.379 Y-124.317
G1 X128.785 Y-124.328
G1 X129.192 Y-124.326
G1 X129.598 Y-124.314
G1 X130.004 Y-124.289
G1 X130.408 Y-124.253
G1 X130.810 Y-124.206
G1 X131.211 Y-124.147
G1 X131.608 Y-124.076
G1 X132.003 Y-123.995
G1 X132.396 Y-123.902
G1 X132.784 Y-123.798
G1 X133.170 Y-123.683
G1 X133.552 Y-123.557
G1 X133.929 Y-123.420
G1 X134.303 Y-123.273
G1 X134.673 Y-123.115
G1 X135.037 Y-122.946
G1 X135.397 Y-122.767
G1 X135.752 Y-122.578
G1 X136.101 Y-122.378
G1 X136.445 Y-122.168
G1 X136.783 Y-121.948
G1 X137.115 Y-121.718
G1 X137.440 Y-121.479
G1 X137.758 Y-121.229
G1 X138.070 Y-120.971
G1 X138.373 Y-120.704
G1 X138.668 Y-120.428
G1 X138.955 Y-120.144
G1 X139.233 Y-119.853
G1 X139.502 Y-119.554
G1 X139.761 Y-119.248
G1 X140.012 Y-118.935
G1 X140.253 Y-118.616
G1 X140.484 Y-118.289
G1 X140.705 Y-117.957
G1 X140.917 Y-117.618
G1 X141.118 Y-117.274
G1 X141.309 Y-116.925
G1 X141.489 Y-116.572
G1 X141.658 Y-116.213
G1 X141.818 Y-115.839
G1 X141.954 Y-115.482
G1 X142.120 Y-114.999
G1 X142.268 Y-114.516
G1 X142.413 Y-114.008
G1 X142.554 Y-113.501
G1 X142.662 Y-113.029
G1 X142.689 Y-112.633
G1 X142.657 Y-112.333
G1 X142.586 Y-112.109
G1 X142.492 Y-111.942
G1 X142.300 Y-111.845
G1 X141.535 Y-111.798
G1 X140.953 Y-111.793
G1 X140.665 Y-111.790
G1 X139.589 Y-111.781
G1 X138.729 Y-111.780
G1 X137.285 Y-111.780
G1 X135.841 Y-111.779
G1 X134.302 Y-111.779
G1 X132.858 Y-111.779
G1 X131.414 Y-111.779
G1 X129.970 Y-111.779
G1 X128.660 Y-111.779
G1 X127.216 Y-111.779
G1 X125.772 Y-111.779
G1 X124.328 Y-111.779
G1 X122.884 Y-111.779
G1 X121.574 Y-111.779
G1 X120.130 Y-111.779
G1 X118.686 Y-111.779
G1 X117.242 Y-111.779
G1 X115.798 Y-111.779
G1 X114.259 Y-111.779
G1 X112.815 Y-111.779
G1 X111.371 Y-111.779
G1 X109.927 Y-111.779
G1 X109.070 Y-111.778
G1 X107.626 Y-111.776
G1 X106.181 Y-111.773
G1 X105.702 Y-111.763
G1 X104.258 Y-111.733
G1 X103.549 Y-111.624
G1 X103.549 Y-111.799
G1 X103.545 Y-112.019
G1 X103.538 Y-112.374
G1 X103.527 Y-112.922
G1 X103.514 Y-113.582
G1 X103.501 Y-114.241
G1 X103.490 Y-114.788
G1 X103.482 Y-115.130
G1 X103.479 Y-115.268
; Retract
G0 Z3.000

; Path 43
; Rapid to initial position
G0 X98.404 Y-131.381
G0 Z0.000
; plunge
G1 Z-0.200 F4000
; cut
G1 X98.517 Y-131.471 F4000
G1 X98.352 Y-131.545
G1 X97.919 Y-131.739
G1 X96.784 Y-131.797
G1 X96.069 Y-131.834
G1 X94.625 Y-131.839
G1 X93.181 Y-131.845
G1 X92.410 Y-131.848
G1 X90.966 Y-131.848
G1 X89.522 Y-131.848
G1 X88.078 Y-131.848
G1 X86.666 Y-131.848
G1 X85.222 Y-131.848
G1 X83.778 Y-131.848
G1 X82.334 Y-131.848
G1 X80.890 Y-131.848
G1 X79.735 Y-131.848
G1 X78.291 Y-131.848
G1 X76.847 Y-131.848
G1 X75.402 Y-131.848
G1 X73.958 Y-131.848
G1 X72.803 Y-131.848
G1 X71.359 Y-131.848
G1 X69.915 Y-131.848
G1 X68.471 Y-131.848
G1 X67.059 Y-131.848
G1 X65.615 Y-131.850
G1 X64.171 Y-131.852
G1 X63.395 Y-131.854
G1 X61.952 Y-131.885
G1 X61.514 Y-131.894
G1 X60.821 Y-132.003
; Retract
G0 Z3.000

; Path 44
; Rapid to initial position
G0 X65.773 Y-119.015
G0 Z0.000
; plunge
G1 Z-0.200 F4000
; cut
G1 X65.856 Y-118.562 F4000
; Retract
G0 Z3.000

; Path 45
; Rapid to initial position
G0 X76.385 Y-129.218
G0 Z0.000
; plunge
G1 Z-0.200 F4000
; cut
G1 X76.337 Y-129.337 F4000
G1 X76.014 Y-129.905
G1 X75.717 Y-130.442
G1 X75.465 Y-130.947
G1 X75.247 Y-131.431
G1 X75.110 Y-131.773
G1 X75.056 Y-131.909
G1 X74.881 Y-132.390
G1 X74.722 Y-132.875
G1 X74.579 Y-133.366
G1 X74.530 Y-133.548
G1 X74.402 Y-134.046
G1 X74.290 Y-134.547
G1 X74.194 Y-135.051
G1 X74.114 Y-135.559
G1 X74.051 Y-136.070
G1 X74.004 Y-136.584
G1 X73.974 Y-137.099
G1 X73.960 Y-137.616
G1 X73.951 Y-137.975
G1 X73.947 Y-138.534
G1 X73.943 Y-139.208
G1 X73.939 Y-139.882
G1 X73.935 Y-140.439
G1 X73.939 Y-140.957
G1 X73.943 Y-141.310
G1 X73.963 Y-141.827
G1 X73.999 Y-142.345
G1 X74.052 Y-142.861
G1 X74.122 Y-143.374
G1 X74.207 Y-143.885
G1 X74.310 Y-144.391
G1 X74.428 Y-144.893
G1 X74.468 Y-145.045
G1 X74.601 Y-145.540
G1 X74.749 Y-146.031
G1 X74.914 Y-146.516
G1 X75.093 Y-146.995
G1 X75.288 Y-147.468
G1 X75.497 Y-147.935
G1 X75.722 Y-148.394
G1 X75.961 Y-148.847
G1 X76.214 Y-149.292
G1 X76.482 Y-149.729
G1 X76.764 Y-150.157
G1 X77.059 Y-150.577
G1 X77.369 Y-150.988
G1 X77.691 Y-151.390
G1 X78.028 Y-151.782
G1 X78.377 Y-152.164
G1 X78.739 Y-152.535
G1 X79.113 Y-152.895
G1 X79.499 Y-153.243
G1 X79.896 Y-153.579
G1 X80.303 Y-153.902
G1 X80.717 Y-154.211
G1 X81.127 Y-154.498
G1 X81.516 Y-154.758
G1 X81.871 Y-154.981
G1 X82.181 Y-155.166
G1 X82.455 Y-155.318
G1 X82.703 Y-155.448
G1 X82.940 Y-155.567
G1 X83.178 Y-155.686
G1 X83.431 Y-155.807
G1 X83.716 Y-155.935
G1 X84.048 Y-156.073
G1 X84.438 Y-156.222
G1 X84.877 Y-156.378
G1 X85.350 Y-156.532
G1 X85.842 Y-156.679
G1 X86.341 Y-156.810
G1 X86.844 Y-156.927
G1 X87.351 Y-157.027
G1 X87.862 Y-157.112
G1 X88.376 Y-157.180
G1 X88.892 Y-157.232
G1 X89.411 Y-157.268
G1 X89.931 Y-157.288
G1 X90.453 Y-157.291
G1 X90.975 Y-157.278
G1 X91.496 Y-157.248
G1 X92.016 Y-157.202
G1 X92.533 Y-157.139
G1 X93.047 Y-157.061
G1 X93.557 Y-156.966
G1 X94.063 Y-156.855
G1 X94.564 Y-156.729
G1 X95.061 Y-156.587
G1 X95.552 Y-156.430
G1 X96.037 Y-156.257
G1 X96.517 Y-156.069
G1 X96.990 Y-155.867
G1 X97.457 Y-155.650
G1 X97.916 Y-155.418
G1 X98.368 Y-155.172
G1 X98.812 Y-154.911
G1 X99.248 Y-154.636
G1 X99.675 Y-154.348
G1 X100.093 Y-154.046
G1 X100.502 Y-153.730
G1 X100.901 Y-153.401
G1 X101.290 Y-153.059
G1 X101.666 Y-152.706
G1 X102.022 Y-152.354
G1 X102.347 Y-152.016
G1 X102.631 Y-151.706
G1 X102.867 Y-151.432
G1 X103.065 Y-151.190
G1 X103.237 Y-150.968
G1 X103.396 Y-150.755
G1 X103.554 Y-150.543
G1 X103.718 Y-150.315
G1 X103.893 Y-150.057
G1 X104.086 Y-149.755
G1 X104.300 Y-149.399
G1 X104.528 Y-148.996
G1 X104.760 Y-148.561
G1 X104.987 Y-148.105
G1 X105.201 Y-147.641
G1 X105.399 Y-147.171
G1 X105.583 Y-146.694
G1 X105.751 Y-146.212
G1 X105.903 Y-145.725
G1 X105.955 Y-145.550
G1 X106.092 Y-145.056
G1 X106.214 Y-144.557
G1 X106.319 Y-144.054
G1 X106.409 Y-143.550
G1 X106.482 Y-143.062
G1 X106.540 Y-142.608
G1 X106.581 Y-142.207
G1 X106.607 Y-141.872
G1 X106.621 Y-141.592
G1 X106.638 Y-141.237
G1 X106.643 Y-141.077
G1 X106.646 Y-140.960
G1 X106.654 Y-140.680
G1 X106.674 Y-140.007
G1 X106.693 Y-139.333
G1 X106.709 Y-138.774
G1 X106.715 Y-138.530
G1 X106.719 Y-138.173
G1 X106.721 Y-137.947
; Retract
G0 Z3.000

; Path 46
; Rapid to initial position
G0 X105.319 Y-140.196
G0 Z0.000
; plunge
G1 Z-0.200 F4000
; cut
G1 X105.285 Y-140.308 F4000
G1 X105.200 Y-140.586
G1 X105.071 Y-140.972
G1 X104.929 Y-141.355
G1 X104.776 Y-141.734
G1 X104.611 Y-142.109
G1 X104.435 Y-142.479
G1 X104.247 Y-142.844
G1 X104.049 Y-143.204
G1 X103.840 Y-143.557
G1 X103.622 Y-143.903
G1 X103.394 Y-144.241
G1 X103.157 Y-144.570
G1 X102.911 Y-144.892
G1 X102.656 Y-145.205
G1 X102.392 Y-145.511
G1 X102.119 Y-145.808
G1 X101.837 Y-146.098
G1 X101.546 Y-146.380
G1 X101.246 Y-146.654
G1 X100.938 Y-146.920
G1 X100.621 Y-147.178
G1 X100.296 Y-147.426
G1 X99.964 Y-147.665
G1 X99.624 Y-147.894
G1 X99.278 Y-148.113
G1 X98.925 Y-148.322
G1 X98.565 Y-148.520
G1 X98.199 Y-148.709
G1 X97.827 Y-148.887
G1 X97.449 Y-149.053
G1 X97.065 Y-149.209
G1 X96.677 Y-149.354
G1 X96.285 Y-149.487
G1 X95.889 Y-149.608
G1 X95.490 Y-149.718
G1 X95.089 Y-149.815
G1 X94.685 Y-149.901
G1 X94.280 Y-149.974
G1 X93.872 Y-150.036
G1 X93.464 Y-150.085
G1 X93.055 Y-150.123
G1 X92.644 Y-150.148
G1 X92.234 Y-150.162
G1 X91.823 Y-150.163
G1 X91.412 Y-150.152
G1 X91.002 Y-150.129
G1 X90.593 Y-150.095
G1 X90.184 Y-150.048
G1 X89.777 Y-149.989
G1 X89.371 Y-149.918
G1 X88.967 Y-149.835
G1 X88.565 Y-149.740
G1 X88.166 Y-149.633
G1 X87.769 Y-149.514
G1 X87.376 Y-149.384
G1 X86.987 Y-149.242
G1 X86.602 Y-149.089
G1 X86.224 Y-148.925
G1 X85.853 Y-148.751
G1 X85.488 Y-148.567
G1 X85.131 Y-148.372
G1 X84.779 Y-148.168
G1 X84.435 Y-147.954
G1 X84.097 Y-147.730
G1 X83.766 Y-147.496
G1 X83.440 Y-147.253
G1 X83.122 Y-146.999
G1 X82.810 Y-146.735
G1 X82.506 Y-146.463
G1 X82.210 Y-146.181
G1 X81.922 Y-145.891
G1 X81.643 Y-145.592
G1 X81.372 Y-145.285
G1 X81.111 Y-144.969
G1 X80.859 Y-144.646
G1 X80.616 Y-144.315
G1 X80.384 Y-143.977
G1 X80.161 Y-143.631
G1 X79.948 Y-143.279
G1 X79.746 Y-142.920
G1 X79.555 Y-142.555
G1 X79.375 Y-142.186
G1 X79.206 Y-141.811
G1 X79.049 Y-141.433
G1 X78.904 Y-141.051
G1 X78.770 Y-140.665
G1 X78.648 Y-140.275
G1 X78.539 Y-139.883
G1 X78.478 Y-139.637
G1 X78.393 Y-139.241
G1 X78.319 Y-138.843
G1 X78.258 Y-138.444
G1 X78.214 Y-138.079
G1 X78.172 Y-137.640
G1 X78.164 Y-137.520
G1 X78.147 Y-137.237
G1 X78.137 Y-136.926
G1 X78.133 Y-136.833
; Retract
G0 Z3.000

; Path 47
; Rapid to initial position
G0 X78.168 Y-131.379
G0 Z0.000
; plunge
G1 Z-0.200 F4000
; cut
G1 X77.179 Y-131.853 F4000
G1 X76.351 Y-132.401
G1 X75.661 Y-132.990
G1 X75.094 Y-133.589
G1 X74.632 Y-134.172
G1 X74.260 Y-134.712
G1 X73.963 Y-135.190
G1 X73.724 Y-135.617
G1 X73.528 Y-136.012
G1 X73.359 Y-136.393
G1 X73.205 Y-136.776
G1 X73.061 Y-137.164
G1 X72.929 Y-137.557
G1 X72.809 Y-137.954
G1 X72.701 Y-138.355
G1 X72.605 Y-138.759
G1 X72.521 Y-139.166
G1 X72.450 Y-139.575
G1 X72.391 Y-139.986
G1 X72.344 Y-140.397
G1 X72.310 Y-140.810
G1 X72.289 Y-141.222
G1 X72.280 Y-141.635
G1 X72.283 Y-142.048
G1 X72.299 Y-142.460
G1 X72.327 Y-142.871
G1 X72.368 Y-143.281
G1 X72.421 Y-143.689
G1 X72.440 Y-143.808
G1 X72.473 Y-144.014
G1 X72.563 Y-144.500
G1 X72.652 Y-144.903
G1 X72.754 Y-145.302
G1 X72.868 Y-145.699
G1 X72.993 Y-146.093
G1 X73.131 Y-146.483
G1 X73.280 Y-146.870
G1 X73.442 Y-147.252
G1 X73.615 Y-147.630
G1 X73.799 Y-148.003
G1 X73.995 Y-148.371
G1 X74.202 Y-148.733
G1 X74.420 Y-149.088
G1 X74.648 Y-149.437
G1 X74.886 Y-149.778
G1 X75.134 Y-150.112
G1 X75.392 Y-150.438
G1 X75.659 Y-150.755
G1 X75.935 Y-151.065
G1 X76.221 Y-151.366
G1 X76.515 Y-151.658
G1 X76.817 Y-151.941
G1 X77.127 Y-152.214
G1 X77.443 Y-152.478
G1 X77.763 Y-152.730
G1 X78.088 Y-152.970
G1 X78.416 Y-153.200
G1 X78.749 Y-153.419
G1 X79.088 Y-153.628
G1 X79.434 Y-153.828
G1 X79.786 Y-154.019
G1 X80.147 Y-154.200
G1 X80.516 Y-154.372
G1 X80.895 Y-154.535
G1 X81.282 Y-154.689
G1 X81.676 Y-154.831
G1 X82.074 Y-154.963
G1 X82.476 Y-155.082
G1 X82.881 Y-155.190
G1 X83.288 Y-155.285
G1 X83.698 Y-155.368
G1 X84.109 Y-155.438
G1 X84.522 Y-155.497
G1 X84.937 Y-155.543
G1 X85.352 Y-155.577
G1 X85.768 Y-155.599
G1 X86.184 Y-155.609
G1 X86.601 Y-155.606
G1 X87.017 Y-155.591
G1 X87.433 Y-155.564
G1 X87.848 Y-155.524
G1 X88.262 Y-155.472
G1 X88.674 Y-155.408
G1 X89.085 Y-155.332
G1 X89.493 Y-155.244
G1 X89.899 Y-155.143
G1 X90.303 Y-155.030
G1 X90.703 Y-154.905
G1 X91.100 Y-154.769
G1 X91.492 Y-154.620
G1 X91.879 Y-154.460
G1 X92.261 Y-154.289
G1 X92.637 Y-154.107
G1 X93.007 Y-153.915
G1 X93.370 Y-153.711
G1 X93.727 Y-153.497
G1 X94.077 Y-153.273
G1 X94.419 Y-153.039
G1 X94.754 Y-152.795
G1 X95.082 Y-152.541
G1 X95.401 Y-152.279
G1 X95.710 Y-152.009
G1 X96.009 Y-151.733
G1 X96.297 Y-151.451
G1 X96.575 Y-151.164
G1 X96.843 Y-150.870
G1 X97.101 Y-150.569
G1 X97.351 Y-150.261
G1 X97.593 Y-149.944
G1 X97.827 Y-149.619
G1 X98.053 Y-149.283
G1 X98.272 Y-148.936
G1 X98.481 Y-148.580
G1 X98.682 Y-148.217
G1 X98.871 Y-147.847
G1 X99.049 Y-147.471
G1 X99.216 Y-147.092
G1 X99.371 Y-146.707
G1 X99.513 Y-146.319
G1 X99.645 Y-145.928
G1 X99.764 Y-145.533
G1 X99.871 Y-145.135
G1 X99.965 Y-144.734
G1 X100.040 Y-144.372
G1 X100.119 Y-143.927
G1 X100.177 Y-143.523
G1 X100.224 Y-143.122
G1 X100.257 Y-142.722
G1 X100.277 Y-142.314
G1 X100.281 Y-141.883
G1 X100.267 Y-141.419
G1 X100.222 Y-140.905
G1 X100.086 Y-140.326
G1 X99.779 Y-139.660
G1 X99.167 Y-138.896
G1 X98.139 Y-138.056
G1 X96.842 Y-137.203
G1 X96.660 Y-137.098
G1 X95.400 Y-136.368
G1 X95.165 Y-136.243
G1 X93.880 Y-135.561
G1 X93.626 Y-135.435
G1 X92.324 Y-134.788
G1 X92.059 Y-134.664
G1 X90.742 Y-134.050
G1 X90.461 Y-133.928
G1 X89.131 Y-133.347
G1 X88.833 Y-133.226
G1 X87.489 Y-132.679
G1 X87.175 Y-132.561
G1 X85.817 Y-132.052
G1 X85.495 Y-131.949
G1 X84.117 Y-131.504
G1 X83.809 Y-131.429
G1 X82.403 Y-131.087
G1 X82.194 Y-131.062
G1 X80.759 Y-130.895
; Retract
G0 Z3.000

; Path 48
; Rapid to initial position
G0 X86.881 Y-130.781
G0 Z0.000
; plunge
G1 Z-0.200 F4000
; cut
G1 X86.969 Y-130.456 F4000
G1 X87.063 Y-130.063
G1 X87.145 Y-129.667
G1 X87.208 Y-129.313
G1 X87.248 Y-129.049
G1 X87.274 Y-128.870
G1 X87.321 Y-128.468
G1 X87.355 Y-128.064
G1 X87.375 Y-127.646
; Retract
G0 Z3.000

; Path 49
; Rapid to initial position
G0 X88.115 Y-126.412
G0 Z0.000
; plunge
G1 Z-0.200 F4000
; cut
G1 X88.128 Y-126.320 F4000
; Retract
G0 Z3.000

; Path 50
; Rapid to initial position
G0 X88.118 Y-126.131
G0 Z0.000
; plunge
G1 Z-0.200 F4000
; cut
G1 X88.317 Y-126.192 F4000
; Retract
G0 Z3.000

; Path 51
; Rapid to initial position
G0 X88.497 Y-125.727
G0 Z0.000
; plunge
G1 Z-0.200 F4000
; cut
G1 X88.345 Y-125.632 F4000
; Retract
G0 Z3.000

; Path 52
; Rapid to initial position
G0 X85.922 Y-144.847
G0 Z0.000
; plunge
G1 Z-0.200 F4000
; cut
G1 X85.584 Y-144.984 F4000
G1 X84.584 Y-145.389
G1 X83.203 Y-145.827
G1 X82.801 Y-145.954
G1 X81.414 Y-146.372
G1 X80.906 Y-146.525
G1 X80.212 Y-146.750
G1 X80.058 Y-146.800
G1 X79.139 Y-147.097
G1 X77.777 Y-147.595
G1 X77.443 Y-147.717
G1 X76.102 Y-148.273
G1 X75.687 Y-148.444
G1 X74.367 Y-149.050
G1 X73.743 Y-149.337
G1 X72.440 Y-149.981
G1 X71.520 Y-150.436
G1 X70.233 Y-151.114
G1 X69.095 Y-151.713
G1 X67.826 Y-152.425
G1 X66.586 Y-153.120
G1 X65.338 Y-153.871
G1 X64.111 Y-154.610
G1 X62.889 Y-155.406
G1 X61.783 Y-156.126
G1 X60.584 Y-156.958
G1 X59.702 Y-157.570
G1 X58.519 Y-158.428
G1 X57.960 Y-158.834
G1 X56.789 Y-159.708
G1 X56.653 Y-159.809
G1 X55.840 Y-160.428
G1 X55.444 Y-160.782
G1 X55.353 Y-161.007
G1 X55.334 Y-161.154
G1 X55.337 Y-161.504
G1 X55.345 Y-162.062
G1 X55.354 Y-162.734
G1 X55.364 Y-163.406
G1 X55.372 Y-163.962
G1 X55.380 Y-164.322
G1 X55.404 Y-164.540
G1 X55.460 Y-164.704
G1 X55.544 Y-164.905
G1 X55.594 Y-165.002
G1 X55.727 Y-165.235
G1 X55.922 Y-165.574
G1 X56.116 Y-165.913
G1 X56.249 Y-166.145
G1 X56.426 Y-166.391
G1 X56.499 Y-166.276
G1 X56.497 Y-165.927
G1 X56.490 Y-165.372
G1 X56.480 Y-164.701
G1 X56.471 Y-164.029
G1 X56.464 Y-163.473
G1 X56.456 Y-163.112
G1 X56.432 Y-162.893
G1 X56.376 Y-162.728
G1 X56.580 Y-162.713
G1 X57.003 Y-162.443
G1 X57.790 Y-161.852
G1 X58.956 Y-160.971
G1 X59.045 Y-160.904
G1 X60.222 Y-160.038
G1 X60.717 Y-159.674
G1 X61.911 Y-158.833
G1 X62.714 Y-158.268
G1 X63.930 Y-157.463
G1 X64.945 Y-156.791
G1 X66.187 Y-156.030
G1 X67.314 Y-155.340
G1 X68.578 Y-154.617
G1 X69.714 Y-153.968
G1 X70.996 Y-153.280
G1 X72.033 Y-152.723
G1 X73.330 Y-152.067
G1 X74.158 Y-151.649
G1 X75.473 Y-151.031
G1 X76.017 Y-150.775
G1 X77.353 Y-150.207
G1 X77.696 Y-150.061
G1 X79.052 Y-149.550
G1 X79.318 Y-149.449
G1 X80.691 Y-148.988
G1 X81.008 Y-148.882
G1 X82.394 Y-148.461
G1 X82.843 Y-148.324
G1 X84.242 Y-147.954
G1 X84.705 Y-147.831
G1 X85.810 Y-147.609
G1 X86.173 Y-147.536
G1 X86.412 Y-147.488
G1 X87.680 Y-147.407
G1 X88.215 Y-147.673
G1 X88.235 Y-148.146
G1 X88.015 Y-148.666
G1 X87.672 Y-149.271
G1 X87.374 Y-149.805
G1 X87.123 Y-150.306
G1 X86.907 Y-150.786
G1 X86.735 Y-151.212
G1 X86.543 Y-151.733
G1 X86.385 Y-152.214
G1 X86.242 Y-152.699
G1 X86.115 Y-153.189
G1 X86.003 Y-153.683
G1 X85.907 Y-154.180
G1 X85.827 Y-154.681
G1 X85.763 Y-155.184
G1 X85.716 Y-155.690
G1 X85.684 Y-156.198
G1 X85.669 Y-156.708
G1 X85.670 Y-157.218
G1 X85.688 Y-157.729
G1 X85.722 Y-158.240
G1 X85.772 Y-158.750
G1 X85.839 Y-159.257
G1 X85.922 Y-159.761
G1 X86.020 Y-160.261
G1 X86.135 Y-160.757
G1 X86.265 Y-161.249
G1 X86.411 Y-161.736
G1 X86.572 Y-162.217
G1 X86.749 Y-162.693
G1 X86.940 Y-163.163
G1 X87.146 Y-163.626
G1 X87.367 Y-164.083
G1 X87.603 Y-164.532
G1 X87.852 Y-164.975
G1 X88.116 Y-165.409
G1 X88.394 Y-165.835
G1 X88.685 Y-166.253
G1 X88.990 Y-166.662
G1 X89.309 Y-167.062
G1 X89.640 Y-167.452
G1 X89.985 Y-167.831
G1 X90.342 Y-168.201
G1 X90.711 Y-168.559
G1 X91.092 Y-168.906
G1 X91.484 Y-169.241
G1 X91.886 Y-169.563
G1 X92.295 Y-169.871
G1 X92.700 Y-170.158
G1 X93.086 Y-170.419
G1 X93.440 Y-170.644
G1 X93.752 Y-170.832
G1 X94.029 Y-170.988
G1 X94.283 Y-171.124
G1 X94.526 Y-171.249
G1 X94.770 Y-171.372
G1 X95.029 Y-171.497
G1 X95.319 Y-171.628
G1 X95.654 Y-171.768
G1 X96.044 Y-171.919
G1 X96.481 Y-172.074
G1 X96.951 Y-172.229
G1 X97.438 Y-172.374
G1 X97.933 Y-172.506
G1 X98.432 Y-172.622
G1 X98.935 Y-172.722
G1 X99.442 Y-172.807
G1 X99.951 Y-172.875
G1 X100.463 Y-172.928
G1 X100.978 Y-172.965
G1 X101.494 Y-172.985
G1 X102.011 Y-172.989
G1 X102.528 Y-172.977
G1 X103.045 Y-172.949
G1 X103.560 Y-172.904
G1 X104.073 Y-172.843
G1 X104.582 Y-172.767
G1 X105.089 Y-172.674
G1 X105.591 Y-172.566
G1 X106.088 Y-172.442
G1 X106.581 Y-172.303
G1 X107.069 Y-172.148
G1 X107.551 Y-171.979
G1 X108.028 Y-171.794
G1 X108.498 Y-171.595
G1 X108.961 Y-171.381
G1 X109.418 Y-171.152
G1 X109.867 Y-170.910
G1 X110.308 Y-170.653
G1 X110.741 Y-170.382
G1 X111.166 Y-170.097
G1 X111.582 Y-169.799
G1 X111.988 Y-169.488
G1 X112.385 Y-169.163
G1 X112.772 Y-168.826
G1 X113.147 Y-168.478
G1 X113.502 Y-168.130
G1 X113.826 Y-167.795
G1 X114.112 Y-167.486
G1 X114.351 Y-167.211
G1 X114.554 Y-166.966
G1 X114.732 Y-166.739
G1 X114.897 Y-166.522
G1 X115.060 Y-166.303
G1 X115.228 Y-166.070
G1 X115.407 Y-165.808
G1 X115.602 Y-165.504
G1 X115.817 Y-165.147
G1 X116.044 Y-164.746
G1 X116.275 Y-164.314
G1 X116.501 Y-163.862
G1 X116.713 Y-163.402
G1 X116.910 Y-162.935
G1 X117.093 Y-162.463
G1 X117.260 Y-161.985
G1 X117.412 Y-161.502
G1 X117.548 Y-161.013
G1 X117.669 Y-160.521
G1 X117.774 Y-160.024
G1 X117.863 Y-159.527
G1 X117.936 Y-159.043
G1 X117.994 Y-158.592
G1 X118.036 Y-158.190
G1 X118.063 Y-157.851
G1 X118.077 Y-157.561
G1 X118.083 Y-157.302
G1 X118.084 Y-157.059
G1 X118.107 Y-156.834
; Retract
G0 Z3.000

; Path 53
; Rapid to initial position
G0 X115.793 Y-141.619
G0 Z0.000
; plunge
G1 Z-0.200 F4000
; cut
G1 X115.454 Y-141.572 F4000
G1 X115.130 Y-141.637
G1 X114.799 Y-141.798
G1 X114.446 Y-142.026
G1 X114.063 Y-142.296
G1 X113.662 Y-142.593
G1 X113.259 Y-142.905
G1 X112.872 Y-143.220
G1 X112.514 Y-143.528
G1 X112.183 Y-143.832
G1 X111.872 Y-144.135
G1 X111.576 Y-144.441
G1 X111.289 Y-144.753
G1 X111.012 Y-145.072
G1 X110.744 Y-145.396
G1 X110.486 Y-145.725
G1 X110.240 Y-146.055
G1 X110.011 Y-146.378
G1 X109.803 Y-146.685
G1 X109.621 Y-146.963
G1 X109.470 Y-147.208
G1 X109.343 Y-147.423
G1 X109.232 Y-147.620
G1 X109.129 Y-147.808
G1 X109.027 Y-147.996
G1 X108.922 Y-148.196
G1 X108.810 Y-148.421
G1 X108.688 Y-148.682
G1 X108.552 Y-148.986
G1 X108.408 Y-149.329
G1 X108.261 Y-149.700
G1 X108.117 Y-150.088
G1 X107.981 Y-150.486
G1 X107.855 Y-150.890
G1 X107.738 Y-151.298
G1 X107.632 Y-151.711
G1 X107.536 Y-152.125
G1 X107.452 Y-152.542
G1 X107.378 Y-152.961
G1 X107.316 Y-153.380
G1 X107.265 Y-153.801
G1 X107.225 Y-154.223
G1 X107.196 Y-154.645
G1 X107.178 Y-155.068
G1 X107.172 Y-155.491
G1 X107.176 Y-155.913
G1 X107.191 Y-156.332
G1 X107.217 Y-156.749
G1 X107.253 Y-157.161
G1 X107.300 Y-157.570
G1 X107.356 Y-157.975
G1 X107.423 Y-158.379
G1 X107.501 Y-158.781
G1 X107.588 Y-159.183
G1 X107.687 Y-159.584
G1 X107.797 Y-159.986
G1 X107.918 Y-160.388
G1 X108.050 Y-160.790
G1 X108.192 Y-161.188
G1 X108.344 Y-161.580
G1 X108.505 Y-161.964
G1 X108.674 Y-162.342
G1 X108.852 Y-162.713
G1 X109.039 Y-163.078
G1 X109.235 Y-163.438
G1 X109.441 Y-163.793
G1 X109.656 Y-164.145
G1 X109.881 Y-164.493
G1 X110.117 Y-164.838
G1 X110.363 Y-165.180
G1 X110.619 Y-165.517
G1 X110.885 Y-165.848
G1 X111.159 Y-166.172
G1 X111.441 Y-166.489
G1 X111.732 Y-166.799
G1 X112.031 Y-167.101
G1 X112.338 Y-167.396
G1 X112.654 Y-167.683
G1 X112.977 Y-167.961
G1 X113.307 Y-168.232
G1 X113.645 Y-168.494
G1 X113.990 Y-168.747
G1 X114.341 Y-168.991
G1 X114.699 Y-169.226
G1 X115.062 Y-169.451
G1 X115.429 Y-169.666
G1 X115.801 Y-169.870
G1 X116.174 Y-170.064
G1 X116.549 Y-170.245
G1 X116.926 Y-170.416
G1 X117.305 Y-170.576
G1 X117.687 Y-170.726
G1 X118.072 Y-170.866
G1 X118.462 Y-170.997
G1 X118.857 Y-171.119
G1 X119.257 Y-171.231
G1 X119.663 Y-171.334
G1 X120.068 Y-171.427
G1 X120.466 Y-171.507
G1 X120.848 Y-171.573
G1 X121.214 Y-171.624
G1 X121.587 Y-171.661
G1 X121.997 Y-171.686
G1 X122.474 Y-171.700
G1 X123.035 Y-171.703
G1 X123.647 Y-171.698
G1 X124.266 Y-171.684
G1 X124.848 Y-171.663
G1 X125.360 Y-171.634
G1 X125.816 Y-171.594
G1 X126.244 Y-171.541
G1 X126.671 Y-171.469
G1 X127.118 Y-171.377
G1 X127.582 Y-171.265
G1 X128.057 Y-171.135
G1 X128.534 Y-170.989
G1 X129.007 Y-170.829
G1 X129.476 Y-170.654
G1 X129.938 Y-170.464
G1 X130.395 Y-170.261
G1 X130.845 Y-170.043
G1 X131.289 Y-169.812
G1 X131.725 Y-169.567
G1 X132.154 Y-169.308
G1 X132.575 Y-169.037
G1 X132.989 Y-168.752
G1 X133.393 Y-168.454
G1 X133.789 Y-168.143
G1 X134.176 Y-167.819
G1 X134.552 Y-167.484
G1 X134.918 Y-167.137
G1 X135.273 Y-166.780
G1 X135.616 Y-166.412
G1 X135.947 Y-166.035
G1 X136.265 Y-165.647
G1 X136.571 Y-165.251
G1 X136.864 Y-164.846
G1 X137.145 Y-164.433
G1 X137.412 Y-164.012
G1 X137.665 Y-163.583
G1 X137.906 Y-163.146
G1 X138.132 Y-162.702
G1 X138.345 Y-162.252
G1 X138.544 Y-161.795
G1 X138.729 Y-161.333
G1 X138.899 Y-160.864
G1 X139.055 Y-160.390
G1 X139.197 Y-159.912
G1 X139.323 Y-159.428
G1 X139.435 Y-158.940
G1 X139.532 Y-158.448
G1 X139.613 Y-157.953
G1 X139.680 Y-157.455
G1 X139.730 Y-156.955
G1 X139.766 Y-156.453
G1 X139.785 Y-155.951
G1 X139.789 Y-155.449
G1 X139.778 Y-154.948
G1 X139.751 Y-154.449
G1 X139.708 Y-153.951
G1 X139.651 Y-153.455
G1 X139.578 Y-152.962
G1 X139.490 Y-152.471
G1 X139.386 Y-151.984
G1 X139.268 Y-151.500
G1 X139.135 Y-151.020
G1 X138.988 Y-150.545
G1 X138.826 Y-150.074
G1 X138.649 Y-149.609
G1 X138.466 Y-149.165
G1 X138.266 Y-148.717
G1 X138.065 Y-148.301
G1 X137.863 Y-147.911
G1 X137.659 Y-147.544
G1 X137.457 Y-147.193
G1 X137.362 Y-147.033
G1 X137.257 Y-146.855
G1 X137.081 Y-146.525
; Retract
G0 Z3.000

; Path 54
; Rapid to initial position
G0 X137.620 Y-140.628
G0 Z0.000
; plunge
G1 Z-0.200 F4000
; cut
G1 X137.680 Y-140.262 F4000
G1 X137.748 Y-139.904
G1 X137.826 Y-139.548
G1 X137.913 Y-139.196
G1 X138.010 Y-138.845
G1 X138.081 Y-138.611
G1 X138.115 Y-138.499
; Retract
G0 Z3.000

; Path 55
; Rapid to initial position
G0 X137.837 Y-135.458
G0 Z0.000
; plunge
G1 Z-0.200 F4000
; cut
G1 X138.416 Y-136.103 F4000
G1 X139.400 Y-137.197
G1 X139.838 Y-137.716
G1 X140.789 Y-138.841
G1 X141.073 Y-139.201
G1 X141.986 Y-140.358
G1 X142.153 Y-140.584
G1 X143.029 Y-141.772
G1 X143.122 Y-141.905
G1 X143.967 Y-143.117
G1 X144.025 Y-143.203
G1 X144.851 Y-144.429
G1 X144.908 Y-144.516
G1 X145.724 Y-145.749
G1 X145.810 Y-145.883
G1 X146.606 Y-147.130
G1 X146.745 Y-147.361
G1 X147.508 Y-148.630
G1 X147.722 Y-149.012
G1 X148.444 Y-150.306
G1 X148.731 Y-150.861
G1 X149.412 Y-152.179
G1 X149.706 Y-152.780
G1 X150.357 Y-154.114
G1 X150.581 Y-154.593
G1 X151.209 Y-155.938
G1 X151.292 Y-156.123
G1 X151.899 Y-157.479
G1 X152.379 Y-158.611
G1 X152.684 Y-159.399
G1 X152.872 Y-159.954
G1 X152.999 Y-160.388
G1 X153.115 Y-160.801
G1 X153.236 Y-161.235
G1 X153.371 Y-161.722
G1 X153.529 Y-162.290
G1 X153.718 Y-162.970
G1 X153.943 Y-163.784
G1 X154.210 Y-164.755
G1 X154.524 Y-165.906
G1 X154.884 Y-167.243
G1 X155.264 Y-168.718
G1 X155.633 Y-170.263
G1 X155.960 Y-171.815
G1 X156.221 Y-173.322
G1 X156.425 Y-174.780
G1 X156.590 Y-176.201
G1 X156.734 Y-177.596
G1 X156.869 Y-178.983
G1 X156.987 Y-180.407
G1 X157.078 Y-181.922
G1 X157.083 Y-182.088
G1 X157.129 Y-183.581
G1 X157.129 Y-183.924
G1 X157.131 Y-185.418
G1 X157.120 Y-185.889
G1 X157.083 Y-187.383
G1 X157.058 Y-187.914
G1 X156.986 Y-189.406
G1 X156.948 Y-189.928
G1 X156.841 Y-191.418
G1 X156.795 Y-191.879
G1 X156.647 Y-193.365
G1 X156.596 Y-193.772
G1 X156.406 Y-195.253
G1 X156.348 Y-195.630
G1 X156.117 Y-197.105
G1 X156.048 Y-197.474
G1 X155.777 Y-198.941
G1 X155.701 Y-199.303
G1 X155.394 Y-200.763
G1 X155.334 Y-201.026
G1 X155.000 Y-202.480
G1 X154.633 Y-203.982
G1 X154.334 Y-205.157
G1 X154.131 Y-205.930
G1 X154.010 Y-206.368
G1 X153.947 Y-206.575
G1 X153.900 Y-206.698
G1 X153.819 Y-206.897
G1 X153.719 Y-207.143
G1 X153.560 Y-207.537
G1 X153.349 Y-208.056
G1 X153.099 Y-208.671
G1 X152.823 Y-209.347
G1 X152.530 Y-210.064
G1 X152.209 Y-210.845
G1 X151.847 Y-211.728
G1 X151.428 Y-212.748
G1 X150.941 Y-213.927
G1 X150.386 Y-215.228
G1 X149.765 Y-216.602
G1 X149.082 Y-217.999
G1 X148.340 Y-219.378
G1 X147.552 Y-220.736
G1 X146.732 Y-222.080
G1 X145.894 Y-223.414
G1 X145.049 Y-224.745
G1 X144.189 Y-226.064
G1 X143.302 Y-227.365
G1 X142.376 Y-228.637
G1 X141.404 Y-229.875
G1 X141.337 Y-229.955
G1 X140.392 Y-231.085
G1 X140.322 Y-231.165
G1 X139.354 Y-232.274
G1 X139.281 Y-232.356
G1 X138.300 Y-233.452
G1 X138.216 Y-233.545
G1 X137.226 Y-234.633
G1 X137.077 Y-234.790
G1 X136.066 Y-235.857
G1 X135.781 Y-236.139
G1 X134.737 Y-237.172
G1 X134.237 Y-237.631
G1 X133.157 Y-238.622
G1 X132.380 Y-239.286
G1 X131.266 Y-240.237
G1 X130.245 Y-241.053
G1 X129.102 Y-241.966
G1 X127.894 Y-242.865
G1 X126.723 Y-243.739
G1 X126.592 Y-243.828
G1 X125.391 Y-244.657
G1 X124.190 Y-245.486
G1 X124.020 Y-245.594
G1 X122.787 Y-246.372
G1 X121.554 Y-247.150
G1 X121.359 Y-247.262
G1 X120.096 Y-247.987
G1 X118.833 Y-248.711
G1 X118.618 Y-248.823
G1 X117.327 Y-249.494
G1 X116.037 Y-250.165
G1 X115.806 Y-250.272
G1 X114.490 Y-250.887
G1 X113.174 Y-251.502
G1 X112.943 Y-251.598
G1 X111.603 Y-252.157
G1 X110.264 Y-252.716
G1 X110.087 Y-252.782
G1 X108.729 Y-253.290
G1 X107.371 Y-253.798
G1 X105.942 Y-254.277
G1 X104.568 Y-254.738
G1 X103.317 Y-255.113
G1 X101.929 Y-255.528
G1 X100.902 Y-255.796
G1 X99.502 Y-256.162
G1 X98.640 Y-256.351
G1 X97.227 Y-256.661
G1 X96.443 Y-256.800
G1 X95.020 Y-257.051
G1 X94.224 Y-257.160
G1 X92.793 Y-257.357
G1 X91.924 Y-257.449
G1 X90.487 Y-257.600
G1 X89.586 Y-257.671
G1 X88.146 Y-257.785
G1 X87.281 Y-257.831
G1 X85.839 Y-257.909
G1 X85.077 Y-257.931
G1 X83.634 Y-257.974
G1 X83.019 Y-257.974
G1 X81.574 Y-257.976
G1 X81.045 Y-257.959
G1 X79.601 Y-257.913
G1 X79.070 Y-257.877
G1 X77.629 Y-257.780
G1 X77.009 Y-257.717
G1 X75.572 Y-257.571
G1 X74.803 Y-257.470
G1 X73.370 Y-257.283
G1 X72.489 Y-257.145
G1 X71.062 Y-256.921
G1 X70.132 Y-256.750
G1 X68.710 Y-256.489
G1 X67.794 Y-256.294
G1 X66.379 Y-255.992
G1 X65.530 Y-255.784
G1 X64.125 Y-255.438
G1 X63.367 Y-255.227
G1 X61.973 Y-254.837
G1 X61.325 Y-254.633
G1 X59.944 Y-254.199
G1 X59.422 Y-254.015
G1 X58.055 Y-253.534
G1 X57.666 Y-253.382
G1 X56.315 Y-252.854
G1 X56.028 Y-252.731
G1 X54.693 Y-252.161
G1 X54.468 Y-252.058
G1 X53.147 Y-251.456
G1 X52.946 Y-251.361
G1 X51.633 Y-250.741
G1 X51.424 Y-250.641
G1 X50.114 Y-250.012
G1 X49.872 Y-249.892
G1 X48.570 Y-249.246
G1 X48.272 Y-249.090
G1 X46.984 Y-248.414
G1 X46.609 Y-248.203
G1 X45.341 Y-247.487
G1 X44.877 Y-247.203
G1 X43.633 Y-246.444
G1 X43.100 Y-246.095
G1 X41.880 Y-245.296
G1 X41.308 Y-244.896
G1 X40.111 Y-244.060
G1 X39.528 Y-243.627
G1 X38.355 Y-242.756
G1 X37.782 Y-242.304
G1 X36.634 Y-241.398
G1 X36.077 Y-240.931
G1 X34.955 Y-239.991
G1 X34.414 Y-239.509
G1 X33.319 Y-238.535
G1 X32.793 Y-238.038
G1 X31.727 Y-237.031
G1 X31.216 Y-236.520
G1 X30.179 Y-235.480
G1 X29.682 Y-234.951
G1 X28.675 Y-233.880
G1 X28.188 Y-233.330
G1 X27.213 Y-232.227
G1 X26.735 Y-231.652
G1 X25.793 Y-230.519
G1 X25.327 Y-229.924
G1 X24.418 Y-228.762
G1 X23.994 Y-228.190
G1 X23.117 Y-227.003
G1 X22.769 Y-226.508
G1 X21.922 Y-225.298
G1 X21.682 Y-224.935
G1 X20.866 Y-223.702
G1 X20.750 Y-223.513
G1 X19.972 Y-222.255
G1 X19.207 Y-220.930
G1 X18.527 Y-219.684
G1 X17.890 Y-218.475
G1 X17.261 Y-217.268
G1 X16.646 Y-216.069
G1 X16.060 Y-214.890
G1 X15.520 Y-213.746
G1 X15.036 Y-212.648
G1 X14.606 Y-211.608
G1 X14.223 Y-210.637
G1 X13.881 Y-209.744
G1 X13.577 Y-208.941
G1 X13.314 Y-208.247
G1 X13.101 Y-207.681
G1 X12.944 Y-207.264
G1 X12.845 Y-207.003
G1 X12.792 Y-206.862
G1 X12.748 Y-206.746
G1 X12.674 Y-206.519
G1 X12.591 Y-206.232
G1 X12.462 Y-205.759
G1 X12.279 Y-205.054
G1 X12.045 Y-204.113
G1 X11.770 Y-202.941
G1 X11.462 Y-201.542
G1 X11.431 Y-201.389
G1 X11.132 Y-199.928
G1 X11.072 Y-199.610
G1 X10.797 Y-198.144
G1 X10.725 Y-197.714
G1 X10.477 Y-196.242
G1 X10.406 Y-195.752
G1 X10.192 Y-194.274
G1 X10.133 Y-193.768
G1 X9.958 Y-192.285
G1 X9.912 Y-191.773
G1 X9.779 Y-190.286
G1 X9.747 Y-189.771
G1 X9.655 Y-188.280
G1 X9.637 Y-187.763
G1 X9.585 Y-186.270
G1 X9.581 Y-185.754
G1 X9.571 Y-184.260
G1 X9.581 Y-183.745
G1 X9.611 Y-182.251
G1 X9.636 Y-181.736
G1 X9.707 Y-180.244
G1 X9.746 Y-179.730
G1 X9.858 Y-178.240
G1 X9.911 Y-177.727
G1 X10.064 Y-176.241
G1 X10.131 Y-175.730
G1 X10.324 Y-174.250
G1 X10.404 Y-173.744
G1 X10.638 Y-172.269
G1 X10.732 Y-171.770
G1 X11.006 Y-170.303
G1 X11.110 Y-169.821
G1 X11.424 Y-168.363
G1 X11.524 Y-167.946
G1 X11.872 Y-166.497
G1 X11.950 Y-166.201
G1 X12.330 Y-164.760
G1 X12.364 Y-164.641
G1 X12.775 Y-163.209
G1 X13.190 Y-161.880
G1 X13.583 Y-160.729
G1 X13.967 Y-159.693
G1 X14.355 Y-158.708
G1 X14.756 Y-157.724
G1 X15.161 Y-156.750
G1 X15.559 Y-155.808
G1 X15.938 Y-154.917
G1 X16.298 Y-154.082
G1 X16.685 Y-153.225
G1 X17.161 Y-152.252
G1 X17.783 Y-151.067
G1 X17.876 Y-150.900
G1 X18.595 Y-149.604
G1 X18.832 Y-149.199
G1 X19.578 Y-147.920
G1 X19.921 Y-147.360
G1 X20.695 Y-146.098
G1 X21.105 Y-145.466
G1 X21.910 Y-144.225
G1 X22.352 Y-143.587
G1 X23.193 Y-142.372
G1 X23.658 Y-141.743
G1 X24.535 Y-140.556
G1 X25.022 Y-139.937
G1 X25.934 Y-138.779
G1 X26.442 Y-138.174
G1 X27.388 Y-137.045
G1 X27.915 Y-136.455
G1 X28.894 Y-135.357
G1 X29.440 Y-134.782
G1 X30.451 Y-133.716
G1 X31.015 Y-133.156
G1 X32.058 Y-132.123
G1 X32.640 Y-131.579
G1 X33.713 Y-130.579
G1 X34.314 Y-130.052
G1 X35.415 Y-129.086
G1 X36.035 Y-128.575
G1 X37.164 Y-127.644
G1 X37.802 Y-127.150
G1 X38.958 Y-126.255
G1 X39.614 Y-125.779
G1 X40.796 Y-124.920
G1 X41.474 Y-124.459
G1 X42.681 Y-123.639
G1 X43.403 Y-123.182
G1 X44.636 Y-122.404
G1 X45.428 Y-121.941
G1 X46.686 Y-121.207
G1 X47.575 Y-120.728
G1 X48.857 Y-120.039
G1 X49.855 Y-119.545
G1 X51.158 Y-118.900
G1 X52.208 Y-118.418
G1 X53.528 Y-117.811
G1 X54.552 Y-117.374
G1 X55.887 Y-116.805
G1 X56.808 Y-116.442
G1 X58.157 Y-115.910
G1 X58.915 Y-115.638
G1 X60.280 Y-115.148
G1 X60.899 Y-114.949
G1 X62.278 Y-114.505
G1 X62.805 Y-114.355
G1 X64.198 Y-113.959
G1 X64.679 Y-113.838
G1 X66.083 Y-113.486
G1 X66.558 Y-113.380
G1 X67.970 Y-113.066
G1 X68.447 Y-112.974
G1 X69.866 Y-112.697
G1 X70.345 Y-112.616
G1 X71.770 Y-112.376
G1 X72.250 Y-112.307
G1 X73.681 Y-112.103
G1 X74.162 Y-112.046
G1 X75.597 Y-111.877
G1 X76.079 Y-111.832
G1 X77.517 Y-111.698
G1 X78.001 Y-111.666
G1 X79.442 Y-111.569
G1 X79.926 Y-111.549
G1 X81.369 Y-111.489
G1 X81.855 Y-111.482
G1 X83.299 Y-111.460
G1 X83.790 Y-111.466
G1 X85.234 Y-111.483
G1 X85.734 Y-111.502
G1 X87.177 Y-111.558
G1 X87.688 Y-111.591
G1 X89.130 Y-111.684
G1 X89.654 Y-111.732
G1 X91.092 Y-111.862
G1 X91.617 Y-111.923
G1 X93.052 Y-112.090
G1 X93.563 Y-112.162
G1 X94.994 Y-112.365
G1 X95.476 Y-112.445
G1 X96.901 Y-112.683
G1 X97.350 Y-112.770
G1 X98.770 Y-113.046
G1 X99.219 Y-113.147
G1 X100.630 Y-113.465
G1 X101.124 Y-113.593
G1 X102.525 Y-113.954
G1 X103.107 Y-114.124
G1 X104.497 Y-114.528
G1 X105.186 Y-114.750
G1 X106.565 Y-115.194
G1 X107.297 Y-115.449
G1 X108.666 Y-115.925
G1 X109.356 Y-116.181
G1 X110.715 Y-116.686
G1 X111.277 Y-116.909
G1 X112.626 Y-117.444
G1 X112.997 Y-117.602
G1 X114.333 Y-118.170
G1 X114.528 Y-118.260
G1 X115.849 Y-118.865
G1 X117.206 Y-119.533
G1 X118.436 Y-120.181
G1 X119.570 Y-120.815
G1 X120.629 Y-121.437
G1 X121.634 Y-122.049
G1 X122.605 Y-122.652
G1 X123.570 Y-123.259
G1 X124.593 Y-123.930
G1 X125.748 Y-124.736
G1 X125.935 Y-124.874
G1 X127.107 Y-125.746
G1 X127.567 Y-126.108
G1 X128.717 Y-127.012
G1 X129.385 Y-127.563
G1 X130.514 Y-128.495
G1 X131.300 Y-129.177
G1 X132.406 Y-130.138
G1 X133.225 Y-130.890
G1 X134.305 Y-131.882
G1 X135.081 Y-132.643
G1 X136.128 Y-133.671
G1 X136.821 Y-134.396
G1 X137.836 Y-135.458
; Retract
G0 Z3.000

; Path 56
; Rapid to initial position
G0 X150.428 Y-117.712
G0 Z0.000
; plunge
G1 Z-0.200 F4000
; cut
G1 X150.356 Y-117.372 F4000
G1 X150.290 Y-117.015
G1 X150.234 Y-116.657
G1 X150.187 Y-116.298
G1 X150.150 Y-115.937
G1 X150.134 Y-115.728
G1 X150.123 Y-115.576
G1 X150.105 Y-115.213
G1 X150.096 Y-114.851
G1 X150.097 Y-114.645
G1 X150.097 Y-114.488
; Retract
G0 Z3.000

; Path 57
; Rapid to initial position
G0 X148.766 Y-116.320
G0 Z0.000
; plunge
G1 Z-0.200 F4000
; cut
G1 X148.771 Y-116.178 F4000
G1 X148.766 Y-116.358
; Retract
G0 Z3.000

; Path 58
; Rapid to initial position
G0 X151.861 Y-107.057
G0 Z0.000
; plunge
G1 Z-0.200 F4000
; cut
G1 X151.897 Y-107.208 F4000
G1 X151.946 Y-107.413
G1 X152.040 Y-107.766
G1 X152.144 Y-108.117
G1 X152.258 Y-108.465
G1 X152.380 Y-108.811
G1 X152.512 Y-109.153
G1 X152.653 Y-109.493
G1 X152.803 Y-109.829
G1 X152.963 Y-110.161
G1 X153.131 Y-110.490
G1 X153.308 Y-110.813
G1 X153.493 Y-111.132
G1 X153.686 Y-111.446
G1 X153.888 Y-111.754
G1 X154.096 Y-112.055
G1 X154.312 Y-112.350
G1 X154.535 Y-112.639
G1 X154.765 Y-112.920
G1 X155.001 Y-113.194
G1 X155.244 Y-113.462
G1 X155.499 Y-113.727
G1 X155.789 Y-114.002
G1 X156.145 Y-114.304
G1 X156.593 Y-114.652
G1 X157.170 Y-115.051
G1 X157.934 Y-115.467
G1 X158.951 Y-115.855
G1 X160.284 Y-116.159
; Retract
G0 Z3.000

; Path 59
; Rapid to initial position
G0 X159.148 Y-115.974
G0 Z0.000
; plunge
G1 Z-0.200 F4000
; cut
G1 X159.975 Y-115.926 F4000
G1 X160.078 Y-115.920
G1 X160.239 Y-115.910
G1 X161.681 Y-115.827
; Retract
G0 Z3.000

; Path 60
; Rapid to initial position
G0 X160.193 Y-113.797
G0 Z0.000
; plunge
G1 Z-0.200 F4000
; cut
G1 X160.349 Y-113.740 F4000
G1 X160.765 Y-113.586
G1 X160.437 Y-113.685
G1 X160.239 Y-113.725
G1 X159.614 Y-113.853
; Retract
G0 Z3.000

; Path 61
; Rapid to initial position
G0 X160.128 Y-113.711
G0 Z0.000
; plunge
G1 Z-0.200 F4000
; cut
G1 X160.158 Y-113.603 F4000
; Retract
G0 Z3.000

; Path 62
; Rapid to initial position
G0 X168.591 Y-93.012
G0 Z0.000
; plunge
G1 Z-0.200 F4000
; cut
G1 X169.191 Y-93.678 F4000
G1 X170.177 Y-94.770
G1 X170.632 Y-95.308
G1 X171.583 Y-96.432
G1 X171.877 Y-96.804
G1 X172.790 Y-97.961
G1 X172.960 Y-98.192
G1 X173.835 Y-99.380
G1 X173.927 Y-99.513
G1 X174.771 Y-100.726
G1 X174.827 Y-100.809
G1 X175.652 Y-102.035
G1 X175.708 Y-102.119
G1 X176.525 Y-103.350
G1 X176.611 Y-103.483
G1 X177.410 Y-104.728
G1 X177.552 Y-104.962
G1 X178.318 Y-106.229
G1 X178.539 Y-106.623
G1 X179.262 Y-107.916
G1 X179.560 Y-108.492
G1 X180.241 Y-109.810
G1 X180.546 Y-110.438
G1 X181.196 Y-111.772
G1 X181.432 Y-112.277
G1 X182.058 Y-113.623
G1 X182.149 Y-113.828
G1 X182.754 Y-115.184
G1 X183.236 Y-116.326
G1 X183.539 Y-117.114
G1 X183.723 Y-117.667
G1 X183.848 Y-118.100
G1 X183.963 Y-118.515
G1 X184.084 Y-118.956
G1 X184.220 Y-119.448
G1 X184.377 Y-120.019
G1 X184.564 Y-120.695
G1 X184.786 Y-121.503
G1 X185.050 Y-122.466
G1 X185.364 Y-123.609
G1 X185.726 Y-124.942
G1 X186.110 Y-126.414
G1 X186.483 Y-127.957
G1 X186.522 Y-128.131
G1 X186.851 Y-129.678
G1 X187.110 Y-131.176
G1 X187.309 Y-132.627
G1 X187.469 Y-134.046
G1 X187.608 Y-135.450
G1 X187.742 Y-136.858
G1 X187.863 Y-138.312
G1 X187.956 Y-139.860
G1 X187.963 Y-140.055
G1 X188.010 Y-141.548
G1 X188.011 Y-141.910
G1 X188.012 Y-143.404
G1 X188.000 Y-143.886
G1 X187.963 Y-145.380
G1 X187.951 Y-145.728
G1 X187.925 Y-146.264
G1 X187.852 Y-147.756
G1 X187.823 Y-148.293
G1 X187.789 Y-148.941
G1 X187.755 Y-149.589
G1 X187.726 Y-150.125
G1 X187.702 Y-150.462
G1 X187.663 Y-150.982
G1 X187.554 Y-152.472
G1 X187.508 Y-152.929
G1 X187.359 Y-154.415
G1 X187.307 Y-154.817
G1 X187.116 Y-156.298
G1 X187.058 Y-156.665
G1 X186.826 Y-158.139
G1 X186.761 Y-158.493
G1 X186.489 Y-159.961
G1 X186.417 Y-160.301
G1 X186.110 Y-161.761
G1 X186.055 Y-162.001
G1 X185.721 Y-163.454
G1 X185.360 Y-164.933
G1 X185.065 Y-166.088
G1 X184.864 Y-166.849
G1 X184.744 Y-167.281
G1 X184.682 Y-167.486
G1 X184.624 Y-167.656
G1 X184.577 Y-167.779
G1 X184.495 Y-167.980
G1 X184.394 Y-168.227
G1 X184.233 Y-168.622
G1 X184.020 Y-169.143
G1 X183.769 Y-169.758
G1 X183.493 Y-170.432
G1 X183.202 Y-171.144
G1 X182.884 Y-171.921
G1 X182.523 Y-172.802
G1 X182.103 Y-173.825
G1 X181.613 Y-175.015
G1 X181.052 Y-176.332
G1 X180.425 Y-177.722
G1 X179.735 Y-179.132
G1 X178.989 Y-180.516
G1 X178.200 Y-181.874
G1 X177.380 Y-183.214
G1 X176.545 Y-184.544
G1 X175.705 Y-185.872
G1 X174.851 Y-187.189
G1 X173.969 Y-188.486
G1 X173.048 Y-189.755
G1 X172.077 Y-190.988
G1 X171.067 Y-192.191
G1 X170.999 Y-192.268
G1 X170.029 Y-193.375
G1 X169.959 Y-193.453
G1 X168.977 Y-194.548
G1 X168.896 Y-194.638
G1 X167.907 Y-195.727
G1 X167.758 Y-195.885
G1 X166.749 Y-196.954
G1 X166.457 Y-197.242
G1 X165.414 Y-198.276
G1 X164.897 Y-198.751
G1 X163.816 Y-199.742
G1 X163.008 Y-200.431
G1 X161.894 Y-201.381
G1 X160.832 Y-202.225
G1 X159.688 Y-203.136
G1 X158.441 Y-204.063
G1 X157.267 Y-204.935
G1 X157.106 Y-205.046
G1 X155.903 Y-205.873
G1 X154.700 Y-206.700
G1 X154.513 Y-206.818
G1 X153.279 Y-207.593
G1 X152.045 Y-208.369
G1 X151.845 Y-208.483
G1 X150.580 Y-209.205
G1 X149.316 Y-209.926
G1 X149.104 Y-210.035
G1 X147.812 Y-210.702
G1 X146.520 Y-211.368
G1 X146.298 Y-211.471
G1 X144.980 Y-212.081
G1 X143.662 Y-212.692
G1 X143.442 Y-212.783
G1 X142.101 Y-213.338
G1 X140.760 Y-213.892
G1 X140.598 Y-213.952
G1 X139.238 Y-214.456
G1 X137.879 Y-214.960
G1 X136.471 Y-215.429
G1 X135.097 Y-215.887
G1 X133.878 Y-216.249
G1 X132.490 Y-216.662
G1 X131.509 Y-216.917
G1 X130.109 Y-217.282
G1 X129.301 Y-217.459
G1 X127.888 Y-217.768
G1 X127.158 Y-217.896
G1 X125.734 Y-218.146
G1 X124.986 Y-218.248
G1 X123.555 Y-218.443
G1 X122.719 Y-218.531
G1 X121.283 Y-218.682
G1 X120.400 Y-218.752
G1 X118.960 Y-218.865
G1 X118.099 Y-218.912
G1 X116.657 Y-218.991
G1 X115.884 Y-219.014
G1 X114.440 Y-219.056
G1 X113.800 Y-219.056
G1 X112.356 Y-219.058
G1 X111.796 Y-219.041
G1 X110.353 Y-218.995
G1 X109.795 Y-218.958
G1 X108.354 Y-218.862
G1 X107.722 Y-218.798
G1 X106.284 Y-218.654
G1 X105.522 Y-218.556
G1 X104.089 Y-218.371
G1 X103.228 Y-218.236
G1 X101.800 Y-218.013
G1 X100.890 Y-217.846
G1 X99.468 Y-217.584
G1 X98.563 Y-217.391
G1 X97.148 Y-217.090
G1 X96.292 Y-216.879
G1 X94.887 Y-216.533
G1 X94.110 Y-216.316
G1 X92.716 Y-215.926
G1 X92.042 Y-215.714
G1 X90.660 Y-215.280
G1 X90.113 Y-215.087
G1 X88.746 Y-214.606
G1 X88.338 Y-214.446
G1 X86.988 Y-213.916
G1 X86.689 Y-213.787
G1 X85.356 Y-213.213
G1 X85.126 Y-213.108
G1 X83.806 Y-212.502
G1 X83.608 Y-212.408
G1 X82.296 Y-211.785
G1 X82.097 Y-211.689
G1 X80.787 Y-211.059
G1 X80.559 Y-210.946
G1 X79.257 Y-210.300
G1 X78.974 Y-210.152
G1 X77.686 Y-209.476
G1 X77.323 Y-209.272
G1 X76.056 Y-208.556
G1 X75.598 Y-208.277
G1 X74.355 Y-207.517
G1 X73.825 Y-207.169
G1 X72.606 Y-206.369
G1 X72.034 Y-205.970
G1 X70.837 Y-205.133
G1 X70.253 Y-204.699
G1 X69.080 Y-203.827
G1 X68.507 Y-203.374
G1 X67.359 Y-202.467
G1 X66.801 Y-201.999
G1 X65.680 Y-201.057
G1 X65.137 Y-200.574
G1 X64.043 Y-199.599
G1 X63.517 Y-199.101
G1 X62.451 Y-198.093
G1 X61.940 Y-197.581
G1 X60.903 Y-196.541
G1 X60.407 Y-196.013
G1 X59.401 Y-194.941
G1 X58.920 Y-194.397
G1 X57.945 Y-193.294
G1 X57.478 Y-192.733
G1 X56.535 Y-191.600
G1 X56.087 Y-191.028
G1 X55.177 Y-189.867
G1 X54.773 Y-189.322
G1 X53.895 Y-188.136
G1 X53.565 Y-187.665
G1 X52.717 Y-186.455
G1 X52.488 Y-186.108
G1 X51.674 Y-184.874
G1 X51.559 Y-184.687
G1 X50.783 Y-183.428
G1 X50.013 Y-182.092
G1 X49.326 Y-180.830
G1 X48.678 Y-179.603
G1 X48.040 Y-178.384
G1 X47.418 Y-177.175
G1 X46.826 Y-175.991
G1 X46.283 Y-174.843
G1 X45.798 Y-173.746
G1 X45.370 Y-172.707
G1 X44.990 Y-171.737
G1 X44.650 Y-170.844
G1 X44.345 Y-170.040
G1 X44.082 Y-169.343
G1 X43.867 Y-168.774
G1 X43.708 Y-168.354
G1 X43.608 Y-168.091
G1 X43.555 Y-167.950
G1 X43.510 Y-167.832
G1 X43.426 Y-167.590
G1 X43.377 Y-167.438
G1 X43.295 Y-167.157
G1 X43.168 Y-166.695
G1 X42.987 Y-166.008
G1 X42.757 Y-165.087
G1 X42.485 Y-163.931
G1 X42.179 Y-162.538
G1 X42.147 Y-162.379
G1 X41.850 Y-160.917
G1 X41.788 Y-160.583
G1 X41.515 Y-159.116
G1 X41.440 Y-158.665
G1 X41.194 Y-157.193
G1 X41.121 Y-156.685
G1 X40.909 Y-155.207
G1 X40.848 Y-154.690
G1 X40.675 Y-153.207
G1 X40.629 Y-152.691
G1 X40.496 Y-151.203
G1 X40.472 Y-150.861
G1 X40.440 Y-150.345
G1 X40.348 Y-148.854
G1 X40.320 Y-148.317
G1 X40.286 Y-147.669
G1 X40.252 Y-147.021
G1 X40.224 Y-146.483
G1 X40.206 Y-145.965
G1 X40.155 Y-144.471
G1 X40.144 Y-144.129
G1 X40.140 Y-143.611
G1 X40.131 Y-142.117
G1 X40.141 Y-141.599
G1 X40.172 Y-140.105
G1 X40.197 Y-139.589
G1 X40.269 Y-138.096
G1 X40.308 Y-137.580
G1 X40.420 Y-136.091
G1 X40.473 Y-135.575
G1 X40.627 Y-134.089
G1 X40.694 Y-133.574
G1 X40.888 Y-132.093
G1 X40.970 Y-131.579
G1 X41.204 Y-130.104
G1 X41.300 Y-129.590
G1 X41.574 Y-128.123
G1 X41.683 Y-127.620
G1 X41.996 Y-126.162
G1 X42.030 Y-126.007
G1 X42.134 Y-125.573
G1 X42.482 Y-124.123
G1 X42.563 Y-123.814
G1 X42.943 Y-122.372
G1 X42.978 Y-122.248
G1 X43.389 Y-120.816
G1 X43.804 Y-119.492
G1 X44.197 Y-118.353
G1 X44.581 Y-117.329
G1 X44.971 Y-116.351
G1 X45.376 Y-115.365
G1 X45.786 Y-114.384
G1 X46.186 Y-113.435
G1 X46.560 Y-112.547
G1 X46.908 Y-111.727
G1 X47.280 Y-110.893
G1 X47.740 Y-109.943
G1 X48.354 Y-108.771
G1 X48.447 Y-108.604
G1 X49.167 Y-107.309
G1 X49.410 Y-106.892
G1 X50.157 Y-105.613
G1 X50.511 Y-105.037
G1 X51.286 Y-103.776
G1 X51.707 Y-103.127
G1 X52.512 Y-101.886
G1 X52.962 Y-101.236
G1 X53.803 Y-100.021
G1 X54.273 Y-99.384
G1 X55.150 Y-98.197
G1 X55.641 Y-97.574
G1 X56.553 Y-96.416
G1 X57.063 Y-95.808
G1 X58.009 Y-94.679
G1 X58.538 Y-94.086
G1 X59.517 Y-92.988
G1 X60.065 Y-92.410
G1 X61.077 Y-91.344
G1 X61.643 Y-90.782
G1 X62.686 Y-89.748
G1 X63.271 Y-89.202
G1 X64.343 Y-88.201
G1 X64.947 Y-87.672
G1 X66.048 Y-86.705
G1 X66.670 Y-86.192
G1 X67.800 Y-85.261
G1 X68.440 Y-84.765
G1 X69.596 Y-83.870
G1 X70.255 Y-83.391
G1 X71.437 Y-82.532
G1 X72.118 Y-82.069
G1 X73.325 Y-81.248
G1 X74.051 Y-80.790
G1 X75.283 Y-80.011
G1 X76.079 Y-79.546
G1 X77.337 Y-78.812
G1 X78.231 Y-78.330
G1 X79.513 Y-77.642
G1 X80.517 Y-77.144
G1 X81.820 Y-76.499
G1 X82.877 Y-76.014
G1 X84.197 Y-75.408
G1 X85.230 Y-74.967
G1 X86.565 Y-74.398
G1 X87.495 Y-74.031
G1 X88.844 Y-73.500
G1 X89.613 Y-73.224
G1 X90.978 Y-72.735
G1 X91.609 Y-72.532
G1 X92.988 Y-72.089
G1 X93.528 Y-71.935
G1 X94.920 Y-71.539
G1 X95.414 Y-71.415
G1 X96.818 Y-71.062
G1 X97.306 Y-70.953
G1 X98.718 Y-70.639
G1 X99.208 Y-70.543
G1 X100.626 Y-70.266
G1 X101.118 Y-70.183
G1 X102.543 Y-69.943
G1 X103.036 Y-69.872
G1 X104.467 Y-69.668
G1 X104.961 Y-69.611
G1 X106.396 Y-69.444
G1 X106.891 Y-69.399
G1 X108.330 Y-69.268
G1 X108.827 Y-69.236
G1 X110.268 Y-69.143
G1 X110.766 Y-69.124
G1 X112.209 Y-69.068
G1 X112.708 Y-69.062
G1 X114.152 Y-69.044
G1 X114.653 Y-69.050
G1 X116.097 Y-69.070
G1 X116.601 Y-69.090
G1 X118.044 Y-69.147
G1 X118.553 Y-69.181
G1 X119.994 Y-69.276
G1 X120.505 Y-69.323
G1 X121.944 Y-69.455
G1 X122.451 Y-69.515
G1 X123.885 Y-69.684
G1 X124.377 Y-69.754
G1 X125.808 Y-69.958
G1 X126.275 Y-70.037
G1 X127.700 Y-70.277
G1 X128.141 Y-70.364
G1 X129.560 Y-70.641
G1 X130.010 Y-70.743
G1 X131.420 Y-71.062
G1 X131.922 Y-71.192
G1 X133.323 Y-71.555
G1 X133.919 Y-71.730
G1 X135.309 Y-72.136
G1 X136.019 Y-72.365
G1 X137.397 Y-72.811
G1 X138.153 Y-73.074
G1 X139.521 Y-73.551
G1 X140.231 Y-73.816
G1 X141.590 Y-74.322
G1 X142.166 Y-74.551
G1 X143.514 Y-75.087
G1 X143.890 Y-75.247
G1 X145.225 Y-75.817
G1 X145.416 Y-75.904
G1 X146.735 Y-76.511
G1 X148.079 Y-77.175
G1 X149.291 Y-77.816
G1 X150.402 Y-78.440
G1 X151.439 Y-79.052
G1 X152.424 Y-79.654
G1 X153.382 Y-80.250
G1 X154.343 Y-80.855
G1 X155.367 Y-81.526
G1 X156.523 Y-82.329
G1 X156.703 Y-82.462
G1 X157.878 Y-83.331
G1 X158.323 Y-83.680
G1 X159.475 Y-84.582
G1 X160.125 Y-85.117
G1 X161.255 Y-86.047
G1 X162.027 Y-86.716
G1 X163.135 Y-87.675
G1 X163.949 Y-88.422
G1 X165.029 Y-89.413
G1 X165.814 Y-90.182
G1 X166.863 Y-91.209
G1 X167.574 Y-91.951
G1 X168.591 Y-93.012
; Retract
G0 Z3.000

; Path 63
; Rapid to initial position
G0 X115.398 Y-138.996
G0 Z0.000
; plunge
G1 Z-0.200 F4000
; cut
G1 X115.300 Y-139.245 F4000
G1 X115.301 Y-139.593
G1 X115.302 Y-139.971
G1 X115.302 Y-140.350
G1 X115.302 Y-140.610
G1 X115.302 Y-140.717
; Retract
G0 Z3.000

; Path 64
; Rapid to initial position
G0 X96.153 Y-147.912
G0 Z0.000
; plunge
G1 Z-0.200 F4000
; cut
G1 X96.067 Y-147.578 F4000
G1 X95.729 Y-146.926
G1 X95.104 Y-146.203
G1 X94.125 Y-145.414
G1 X92.864 Y-144.588
G1 X92.685 Y-144.485
G1 X91.424 Y-143.757
G1 X91.174 Y-143.624
G1 X89.888 Y-142.944
G1 X89.620 Y-142.811
G1 X88.318 Y-142.166
G1 X88.043 Y-142.038
G1 X86.726 Y-141.426
G1 X86.445 Y-141.303
G1 X85.114 Y-140.724
G1 X84.824 Y-140.606
G1 X83.480 Y-140.060
G1 X83.188 Y-139.951
G1 X81.830 Y-139.444
G1 X81.566 Y-139.359
G1 X80.186 Y-138.917
G1 X79.991 Y-138.871
G1 X78.584 Y-138.536
G1 X77.084 Y-138.370
G1 X75.743 Y-138.465
G1 X74.569 Y-138.772
G1 X73.557 Y-139.223
G1 X72.701 Y-139.763
G1 X71.992 Y-140.346
G1 X71.414 Y-140.942
G1 X70.949 Y-141.522
G1 X70.576 Y-142.059
G1 X70.280 Y-142.532
G1 X70.042 Y-142.954
G1 X69.848 Y-143.343
G1 X69.681 Y-143.718
G1 X69.527 Y-144.095
G1 X69.385 Y-144.477
G1 X69.254 Y-144.864
G1 X69.135 Y-145.254
G1 X69.071 Y-145.490
; Retract
G0 Z3.000

; Path 65
; Rapid to initial position
G0 X85.834 Y-156.467
G0 Z0.000
; plunge
G1 Z-0.200 F4000
; cut
G1 X85.738 Y-156.863 F4000
G1 X85.654 Y-157.262
G1 X85.582 Y-157.663
G1 X85.522 Y-158.065
G1 X85.512 Y-158.156
; Retract
G0 Z3.000

; Path 66
; Rapid to initial position
G0 X85.305 Y-157.630
G0 Z0.000
; plunge
G1 Z-0.200 F4000
; cut
G1 X85.305 Y-157.487 F4000
G1 X85.304 Y-157.594
; Retract
G0 Z3.000

; Path 67
; Rapid to initial position
G0 X189.477 Y-235.082
G0 Z0.000
; plunge
G1 Z-0.200 F4000
; cut
G1 X189.687 Y-235.078 F4000
G1 X190.111 Y-234.814
G1 X190.894 Y-234.226
G1 X192.059 Y-233.344
G1 X192.143 Y-233.280
G1 X193.320 Y-232.414
G1 X193.807 Y-232.055
G1 X195.001 Y-231.214
G1 X195.794 Y-230.654
G1 X197.011 Y-229.849
G1 X198.014 Y-229.184
G1 X199.257 Y-228.422
G1 X200.373 Y-227.737
G1 X201.636 Y-227.014
G1 X202.761 Y-226.371
G1 X204.042 Y-225.682
G1 X205.068 Y-225.130
G1 X206.365 Y-224.473
G1 X207.182 Y-224.060
G1 X208.497 Y-223.441
G1 X209.032 Y-223.189
G1 X210.367 Y-222.620
G1 X210.702 Y-222.477
G1 X212.059 Y-221.965
G1 X212.317 Y-221.867
G1 X213.690 Y-221.405
G1 X213.999 Y-221.301
G1 X215.384 Y-220.878
G1 X215.819 Y-220.745
G1 X217.217 Y-220.369
G1 X217.638 Y-220.256
G1 X219.053 Y-219.957
G1 X219.251 Y-219.915
G1 X219.618 Y-219.883
; Retract
G0 Z3.000

; Path 68
; Rapid to initial position
G0 X290.333 Y-181.054
G0 Z0.000
; plunge
G1 Z-0.200 F4000
; cut
G1 X290.285 Y-180.962 F4000
G1 X290.231 Y-180.870
G1 X290.173 Y-180.778
G1 X290.112 Y-180.685
G1 X290.050 Y-180.592
G1 X289.988 Y-180.500
G1 X289.928 Y-180.407
G1 X289.869 Y-180.315
G1 X289.815 Y-180.222
G1 X289.766 Y-180.131
G1 X289.723 Y-180.040
G1 X289.684 Y-179.938
G1 X289.656 Y-179.837
G1 X289.642 Y-179.727
G1 X289.646 Y-179.618
G1 X289.650 Y-179.596
; Retract
G0 Z3.000

; Path 69
; Rapid to initial position
G0 X337.763 Y-138.613
G0 Z0.000
; plunge
G1 Z-0.200 F4000
; cut
G1 X338.321 Y-138.262 F4000
; Retract
G0 Z3.000

; Path 70
; Rapid to initial position
G0 X337.917 Y-138.127
G0 Z0.000
; plunge
G1 Z-0.200 F4000
; cut
G1 X337.851 Y-138.102 F4000
; Retract
G0 Z3.000

; Path 71
; Rapid to initial position
G0 X342.550 Y-132.554
G0 Z0.000
; plunge
G1 Z-0.200 F4000
; cut
G1 X343.993 Y-132.508 F4000
G1 X344.692 Y-132.485
G1 X346.125 Y-132.669
G1 X347.257 Y-132.815
G1 X348.673 Y-133.108
G1 X349.935 Y-133.369
G1 X351.338 Y-133.721
G1 X352.484 Y-134.009
G1 X353.875 Y-134.409
G1 X354.831 Y-134.683
G1 X356.210 Y-135.124
G1 X356.945 Y-135.359
G1 X358.314 Y-135.837
G1 X358.798 Y-136.006
G1 X360.155 Y-136.517
G1 X360.376 Y-136.601
G1 X361.718 Y-137.152
G1 X362.939 Y-137.699
G1 X364.067 Y-138.247
G1 X365.176 Y-138.820
G1 X366.279 Y-139.416
G1 X367.377 Y-140.028
G1 X368.473 Y-140.651
G1 X369.566 Y-141.280
G1 X370.659 Y-141.922
G1 X371.753 Y-142.587
G1 X372.850 Y-143.284
G1 X373.963 Y-144.032
G1 X375.150 Y-144.891
G1 X376.301 Y-145.793
G1 X376.478 Y-145.931
G1 X377.600 Y-146.871
G1 X378.017 Y-147.219
G1 X379.115 Y-148.189
G1 X379.802 Y-148.796
G1 X380.880 Y-149.789
G1 X381.733 Y-150.575
G1 X382.792 Y-151.590
G1 X383.677 Y-152.440
G1 X384.712 Y-153.482
G1 X385.501 Y-154.275
G1 X386.504 Y-155.350
G1 X387.102 Y-155.991
G1 X388.067 Y-157.102
G1 X388.503 Y-157.605
G1 X389.427 Y-158.753
G1 X389.757 Y-159.163
G1 X390.644 Y-160.343
G1 X390.920 Y-160.710
G1 X391.762 Y-161.924
G1 X391.999 Y-162.267
G1 X392.719 Y-163.562
G1 X392.823 Y-163.750
; Retract
G0 Z3.000

; Path 72
; Rapid to initial position
G0 X395.282 Y-163.584
G0 Z0.000
; plunge
G1 Z-0.200 F4000
; cut
G1 X395.120 Y-163.287 F4000
G1 X394.890 Y-162.956
G1 X394.048 Y-161.742
G1 X393.781 Y-161.388
G1 X392.893 Y-160.209
G1 X392.577 Y-159.816
G1 X391.651 Y-158.669
G1 X391.233 Y-158.188
G1 X390.267 Y-157.078
G1 X389.690 Y-156.461
G1 X388.687 Y-155.387
G1 X387.921 Y-154.617
G1 X386.886 Y-153.576
G1 X386.024 Y-152.750
G1 X384.965 Y-151.734
G1 X384.135 Y-150.970
G1 X383.057 Y-149.976
G1 X382.390 Y-149.386
G1 X381.292 Y-148.416
G1 X380.891 Y-148.079
G1 X379.770 Y-147.138
G1 X379.605 Y-147.009
G1 X378.455 Y-146.106
G1 X377.280 Y-145.253
G1 X376.178 Y-144.510
G1 X375.091 Y-143.821
G1 X374.008 Y-143.164
G1 X372.927 Y-142.530
G1 X371.847 Y-141.908
G1 X370.766 Y-141.289
G1 X369.683 Y-140.680
G1 X368.596 Y-140.086
G1 X367.503 Y-139.516
G1 X366.391 Y-138.971
G1 X365.198 Y-138.434
G1 X363.854 Y-137.881
G1 X363.643 Y-137.801
G1 X362.286 Y-137.288
G1 X361.808 Y-137.120
G1 X360.440 Y-136.640
G1 X359.708 Y-136.405
G1 X358.329 Y-135.961
G1 X357.375 Y-135.686
G1 X355.984 Y-135.283
G1 X354.839 Y-134.993
G1 X353.436 Y-134.638
G1 X352.180 Y-134.376
G1 X350.765 Y-134.081
G1 X349.677 Y-133.941
G1 X348.244 Y-133.758
G1 X347.649 Y-133.783
G1 X346.206 Y-133.843
G1 X345.573 Y-134.213
; Retract
G0 Z3.000

; Path 73
; Rapid to initial position
G0 X345.746 Y-133.699
G0 Z0.000
; plunge
G1 Z-0.200 F4000
; cut
G1 X345.876 Y-133.996 F4000
G1 X346.448 Y-134.884
G1 X347.250 Y-136.127
G1 X347.948 Y-137.056
G1 X348.835 Y-138.235
G1 X349.455 Y-138.994
G1 X350.387 Y-140.134
G1 X350.910 Y-140.727
G1 X351.883 Y-141.830
G1 X352.341 Y-142.312
G1 X353.355 Y-143.376
G1 X353.786 Y-143.798
G1 X354.835 Y-144.826
G1 X355.272 Y-145.228
G1 X356.350 Y-146.222
G1 X356.799 Y-146.614
G1 X357.905 Y-147.575
G1 X358.367 Y-147.955
G1 X359.498 Y-148.883
G1 X359.973 Y-149.251
G1 X361.130 Y-150.146
G1 X361.617 Y-150.501
G1 X362.798 Y-151.361
G1 X363.297 Y-151.703
G1 X364.501 Y-152.529
G1 X365.012 Y-152.857
G1 X366.237 Y-153.647
G1 X366.759 Y-153.962
G1 X368.006 Y-154.715
G1 X368.532 Y-155.012
G1 X369.799 Y-155.729
G1 X370.295 Y-155.992
G1 X371.581 Y-156.674
G1 X372.009 Y-156.887
G1 X373.311 Y-157.534
G1 X373.631 Y-157.682
G1 X374.949 Y-158.291
G1 X375.131 Y-158.368
G1 X376.467 Y-158.937
G1 X377.885 Y-159.493
G1 X379.239 Y-159.989
G1 X380.563 Y-160.455
G1 X381.903 Y-160.917
G1 X383.359 Y-161.382
G1 X383.652 Y-161.465
G1 X385.045 Y-161.857
G1 X385.666 Y-162.007
G1 X387.073 Y-162.345
G1 X388.060 Y-162.544
G1 X389.478 Y-162.828
G1 X390.555 Y-162.986
G1 X391.985 Y-163.195
G1 X392.783 Y-163.236
G1 X394.225 Y-163.308
G1 X394.336 Y-163.287
G1 X394.442 Y-163.266
G1 X394.543 Y-163.246
G1 X394.654 Y-163.225
G1 X394.758 Y-163.205
G1 X394.868 Y-163.184
G1 X394.971 Y-163.164
G1 X395.077 Y-163.143
G1 X395.182 Y-163.123
G1 X395.285 Y-163.103
G1 X395.389 Y-163.083
G1 X395.488 Y-163.064
G1 X395.587 Y-163.044
G1 X395.488 Y-163.064
G1 X395.743 Y-163.014
G1 X395.779 Y-163.007
; Retract
G0 Z3.000

; Path 74
; Rapid to initial position
G0 X395.290 Y-163.957
G0 Z0.000
; plunge
G1 Z-0.200 F4000
; cut
G1 X393.848 Y-163.868 F4000
G1 X392.937 Y-163.812
G1 X391.508 Y-163.598
G1 X390.394 Y-163.432
G1 X388.976 Y-163.146
G1 X387.986 Y-162.946
G1 X386.580 Y-162.608
G1 X385.946 Y-162.455
G1 X384.552 Y-162.063
G1 X384.234 Y-161.973
G1 X382.855 Y-161.532
G1 X382.747 Y-161.498
G1 X381.377 Y-161.025
G1 X380.031 Y-160.548
G1 X378.662 Y-160.041
G1 X377.314 Y-159.507
G1 X375.902 Y-158.905
G1 X375.719 Y-158.827
G1 X374.401 Y-158.217
G1 X374.087 Y-158.071
G1 X372.786 Y-157.425
G1 X372.367 Y-157.217
G1 X371.082 Y-156.535
G1 X370.596 Y-156.277
G1 X369.328 Y-155.561
G1 X368.811 Y-155.268
G1 X367.564 Y-154.515
G1 X367.046 Y-154.202
G1 X365.820 Y-153.412
G1 X365.308 Y-153.082
G1 X364.105 Y-152.256
G1 X363.601 Y-151.910
G1 X362.421 Y-151.049
G1 X361.928 Y-150.690
G1 X360.772 Y-149.795
G1 X360.292 Y-149.423
G1 X359.161 Y-148.493
G1 X358.694 Y-148.109
G1 X357.589 Y-147.147
G1 X357.134 Y-146.751
G1 X356.057 Y-145.756
G1 X355.615 Y-145.348
G1 X354.567 Y-144.320
G1 X354.131 Y-143.893
G1 X353.118 Y-142.828
G1 X352.658 Y-142.344
G1 X351.684 Y-141.240
G1 X351.164 Y-140.650
G1 X350.231 Y-139.510
G1 X349.619 Y-138.761
G1 X348.731 Y-137.583
G1 X348.040 Y-136.666
G1 X347.231 Y-135.429
G1 X346.634 Y-134.516
; Retract
G0 Z3.000

; Path 75
; Rapid to initial position
G0 X410.429 Y-113.237
G0 Z0.000
; plunge
G1 Z-0.200 F4000
; cut
G1 X409.282 Y-112.839 F4000
G1 X407.764 Y-112.660
G1 X407.509 Y-112.650
G1 X406.066 Y-112.594
G1 X405.830 Y-112.593
G1 X404.386 Y-112.585
G1 X404.143 Y-112.585
G1 X402.699 Y-112.585
G1 X401.558 Y-112.585
G1 X400.114 Y-112.585
G1 X399.854 Y-112.585
G1 X398.410 Y-112.585
G1 X396.966 Y-112.585
G1 X395.522 Y-112.585
G1 X395.037 Y-112.585
G1 X393.593 Y-112.585
G1 X392.149 Y-112.585
G1 X390.705 Y-112.585
G1 X389.261 Y-112.585
G1 X387.817 Y-112.585
G1 X386.542 Y-112.585
G1 X385.098 Y-112.585
G1 X383.654 Y-112.585
G1 X382.210 Y-112.585
G1 X380.766 Y-112.585
G1 X379.322 Y-112.585
G1 X377.878 Y-112.585
G1 X376.434 Y-112.585
G1 X375.982 Y-112.585
G1 X374.538 Y-112.585
G1 X373.094 Y-112.585
G1 X371.650 Y-112.585
G1 X370.206 Y-112.585
G1 X368.762 Y-112.585
G1 X367.318 Y-112.585
G1 X365.874 Y-112.585
G1 X364.429 Y-112.585
G1 X362.985 Y-112.585
G1 X362.624 Y-112.585
G1 X361.179 Y-112.585
G1 X359.735 Y-112.585
G1 X358.291 Y-112.585
G1 X356.847 Y-112.585
G1 X355.403 Y-112.585
G1 X353.959 Y-112.585
G1 X352.515 Y-112.585
G1 X351.071 Y-112.585
G1 X349.627 Y-112.585
G1 X348.622 Y-112.585
G1 X347.178 Y-112.585
G1 X345.734 Y-112.585
G1 X344.290 Y-112.585
G1 X342.846 Y-112.585
G1 X341.402 Y-112.585
G1 X339.958 Y-112.585
G1 X338.514 Y-112.585
G1 X337.031 Y-112.585
G1 X335.587 Y-112.585
G1 X334.143 Y-112.585
G1 X332.699 Y-112.585
G1 X331.255 Y-112.585
G1 X330.160 Y-112.585
G1 X328.716 Y-112.585
G1 X327.272 Y-112.585
G1 X326.885 Y-112.585
G1 X325.441 Y-112.585
G1 X324.637 Y-112.585
G1 X323.935 Y-112.585
G1 X323.214 Y-112.585
G1 X322.551 Y-112.585
G1 X322.026 Y-112.585
G1 X321.579 Y-112.585
G1 X320.610 Y-112.585
G1 X319.823 Y-112.585
G1 X318.378 Y-112.585
G1 X317.034 Y-112.585
G1 X315.590 Y-112.585
G1 X314.146 Y-112.585
G1 X313.299 Y-112.586
G1 X311.855 Y-112.588
G1 X310.411 Y-112.591
G1 X308.967 Y-112.593
G1 X307.523 Y-112.596
G1 X306.733 Y-112.603
G1 X305.289 Y-112.617
G1 X303.845 Y-112.630
G1 X302.401 Y-112.644
G1 X300.957 Y-112.658
G1 X299.513 Y-112.671
G1 X298.715 Y-112.692
G1 X297.272 Y-112.729
G1 X295.828 Y-112.766
G1 X294.384 Y-112.804
G1 X292.941 Y-112.841
G1 X291.497 Y-112.878
G1 X290.745 Y-112.926
G1 X289.303 Y-113.017
G1 X287.862 Y-113.108
G1 X286.421 Y-113.199
G1 X284.979 Y-113.290
G1 X283.945 Y-113.467
G1 X282.521 Y-113.711
G1 X281.096 Y-113.955
G1 X279.804 Y-114.611
; Retract
G0 Z3.000

; Path 76
; Rapid to initial position
G0 X274.053 Y-112.002
G0 Z0.000
; plunge
G1 Z-0.200 F4000
; cut
G1 X272.650 Y-112.529 F4000
G1 X272.506 Y-112.582
G1 X271.123 Y-113.012
G1 X270.640 Y-113.162
G1 X269.254 Y-113.579
G1 X268.738 Y-113.734
G1 X268.051 Y-113.957
G1 X266.975 Y-114.306
G1 X265.614 Y-114.805
G1 X265.283 Y-114.926
G1 X263.942 Y-115.482
G1 X263.531 Y-115.652
G1 X262.212 Y-116.259
G1 X261.591 Y-116.544
G1 X260.289 Y-117.189
G1 X259.374 Y-117.642
G1 X258.087 Y-118.320
G1 X256.955 Y-118.916
G1 X255.685 Y-119.629
G1 X254.452 Y-120.322
G1 X253.204 Y-121.074
G1 X251.982 Y-121.810
G1 X250.760 Y-122.606
G1 X249.659 Y-123.324
G1 X248.460 Y-124.157
G1 X247.582 Y-124.766
G1 X246.400 Y-125.625
G1 X245.844 Y-126.028
G1 X244.673 Y-126.903
G1 X244.540 Y-127.002
G1 X243.729 Y-127.619
G1 X243.332 Y-127.969
G1 X243.233 Y-128.182
G1 X243.179 Y-128.152
; Retract
G0 Z3.000

; Path 77
; Rapid to initial position
G0 X240.519 Y-122.439
G0 Z0.000
; plunge
G1 Z-0.200 F4000
; cut
G1 X241.549 Y-122.653 F4000
G1 X242.965 Y-122.948
G1 X244.141 Y-123.160
G1 X245.563 Y-123.416
G1 X246.731 Y-123.633
G1 X248.153 Y-123.897
G1 X249.191 Y-124.121
G1 X250.605 Y-124.427
G1 X251.479 Y-124.647
G1 X252.882 Y-125.000
G1 X253.579 Y-125.200
G1 X254.971 Y-125.599
G1 X255.477 Y-125.762
G1 X256.855 Y-126.206
G1 X257.170 Y-126.319
G1 X258.534 Y-126.809
G1 X258.699 Y-126.874
G1 X260.049 Y-127.406
G1 X261.454 Y-128.000
G1 X262.805 Y-128.593
G1 X264.145 Y-129.190
G1 X265.478 Y-129.802
G1 X266.797 Y-130.438
G1 X268.097 Y-131.112
G1 X269.372 Y-131.831
G1 X270.626 Y-132.588
G1 X271.868 Y-133.370
G1 X273.104 Y-134.168
G1 X274.353 Y-134.987
G1 X274.487 Y-135.079
G1 X275.687 Y-135.910
G1 X276.023 Y-136.161
G1 X277.192 Y-137.037
G1 X277.818 Y-137.545
G1 X278.954 Y-138.468
G1 X279.911 Y-139.303
G1 X281.016 Y-140.266
G1 X281.103 Y-140.347
G1 X282.182 Y-141.339
G1 X283.261 Y-142.332
G1 X283.423 Y-142.489
G1 X284.478 Y-143.509
G1 X285.533 Y-144.529
G1 X285.620 Y-144.618
G1 X286.646 Y-145.669
G1 X287.673 Y-146.720
G1 X288.567 Y-147.704
G1 X289.556 Y-148.792
G1 X290.241 Y-149.607
G1 X291.189 Y-150.734
G1 X291.706 Y-151.397
G1 X292.613 Y-152.560
G1 X292.998 Y-153.090
G1 X293.866 Y-154.284
G1 X294.157 Y-154.699
G1 X295.005 Y-155.908
G1 X295.249 Y-156.227
G1 X296.146 Y-157.398
G1 X296.400 Y-157.654
G1 X297.434 Y-158.696
G1 X297.813 Y-158.927
G1 X299.059 Y-159.682
G1 X299.751 Y-159.855
G1 X301.154 Y-160.205
G1 X302.123 Y-160.267
G1 X303.565 Y-160.358
G1 X304.741 Y-160.312
G1 X306.184 Y-160.256
G1 X307.544 Y-160.113
G1 X308.981 Y-159.962
G1 X310.499 Y-159.735
G1 X311.928 Y-159.522
G1 X312.141 Y-159.481
G1 X313.561 Y-159.212
G1 X314.982 Y-158.942
G1 X315.275 Y-158.875
G1 X316.685 Y-158.549
G1 X318.094 Y-158.223
G1 X318.425 Y-158.131
G1 X319.820 Y-157.746
G1 X321.215 Y-157.361
G1 X321.549 Y-157.253
G1 X322.926 Y-156.805
G1 X324.304 Y-156.357
G1 X324.630 Y-156.235
G1 X325.987 Y-155.725
G1 X327.345 Y-155.214
G1 X327.659 Y-155.080
G1 X328.993 Y-154.508
G1 X330.327 Y-153.937
G1 X330.627 Y-153.792
G1 X331.935 Y-153.160
G1 X333.244 Y-152.528
G1 X333.512 Y-152.384
G1 X334.793 Y-151.694
G1 X336.074 Y-151.004
G1 X336.248 Y-150.902
G1 X337.502 Y-150.161
G1 X338.757 Y-149.421
G1 X339.990 Y-148.632
G1 X341.219 Y-147.846
G1 X342.188 Y-147.176
G1 X343.389 Y-146.346
G1 X344.051 Y-145.849
G1 X345.220 Y-144.972
G1 X345.637 Y-144.633
G1 X346.772 Y-143.709
G1 X347.026 Y-143.487
G1 X348.129 Y-142.523
G1 X348.293 Y-142.373
G1 X349.376 Y-141.384
G1 X349.508 Y-141.261
G1 X350.582 Y-140.262
G1 X350.696 Y-140.153
G1 X351.757 Y-139.138
G1 X351.857 Y-139.039
G1 X352.894 Y-138.000
G1 X352.984 Y-137.905
G1 X353.988 Y-136.831
G1 X354.072 Y-136.734
G1 X355.035 Y-135.622
G1 X355.116 Y-135.522
G1 X356.044 Y-134.378
G1 X356.123 Y-134.276
G1 X357.026 Y-133.110
G1 X357.104 Y-133.007
G1 X357.993 Y-131.829
G1 X358.070 Y-131.726
G1 X358.952 Y-130.543
G1 X359.027 Y-130.440
G1 X359.898 Y-129.248
G1 X359.971 Y-129.144
G1 X360.820 Y-127.936
G1 X360.891 Y-127.832
G1 X361.711 Y-126.602
G1 X361.775 Y-126.501
G1 X362.560 Y-125.246
G1 X363.353 Y-123.897
G1 X364.078 Y-122.589
G1 X364.721 Y-121.360
G1 X365.275 Y-120.233
G1 X365.755 Y-119.196
G1 X366.185 Y-118.221
G1 X366.397 Y-117.727
G1 X366.587 Y-117.285
G1 X366.949 Y-116.398
G1 X367.203 Y-115.501
G1 X367.178 Y-114.711
G1 X366.661 Y-114.080
G1 X365.466 Y-113.708
G1 X365.300 Y-113.690
G1 X363.864 Y-113.532
G1 X363.568 Y-113.521
G1 X362.125 Y-113.469
G1 X361.875 Y-113.468
G1 X360.431 Y-113.460
G1 X360.180 Y-113.460
G1 X358.736 Y-113.460
G1 X357.586 Y-113.460
G1 X356.142 Y-113.460
G1 X355.701 Y-113.460
G1 X354.257 Y-113.460
G1 X353.994 Y-113.460
G1 X352.983 Y-113.460
G1 X351.539 Y-113.460
G1 X351.034 Y-113.460
G1 X349.590 Y-113.460
G1 X348.146 Y-113.460
G1 X346.701 Y-113.460
G1 X345.257 Y-113.460
G1 X343.813 Y-113.460
G1 X342.509 Y-113.460
G1 X341.065 Y-113.460
G1 X339.621 Y-113.460
G1 X338.177 Y-113.460
G1 X336.733 Y-113.460
G1 X335.288 Y-113.460
G1 X333.844 Y-113.460
G1 X332.400 Y-113.460
G1 X331.912 Y-113.460
G1 X330.468 Y-113.460
G1 X329.024 Y-113.460
G1 X327.580 Y-113.460
G1 X326.136 Y-113.460
G1 X324.692 Y-113.460
G1 X323.248 Y-113.460
G1 X321.804 Y-113.460
G1 X320.360 Y-113.460
G1 X318.916 Y-113.460
G1 X318.518 Y-113.460
G1 X317.074 Y-113.460
G1 X315.630 Y-113.460
G1 X314.186 Y-113.460
G1 X312.741 Y-113.460
G1 X311.297 Y-113.460
G1 X309.853 Y-113.460
G1 X308.409 Y-113.460
G1 X306.965 Y-113.460
G1 X305.521 Y-113.460
G1 X304.486 Y-113.460
G1 X303.042 Y-113.460
G1 X301.598 Y-113.460
G1 X300.154 Y-113.460
G1 X298.710 Y-113.460
G1 X297.266 Y-113.460
G1 X295.822 Y-113.460
G1 X294.378 Y-113.460
G1 X292.875 Y-113.460
G1 X291.431 Y-113.460
G1 X289.987 Y-113.460
G1 X288.543 Y-113.460
G1 X287.099 Y-113.460
G1 X285.995 Y-113.460
G1 X284.550 Y-113.460
G1 X283.106 Y-113.460
G1 X282.716 Y-113.460
G1 X281.272 Y-113.460
G1 X280.469 Y-113.460
G1 X279.770 Y-113.460
G1 X279.053 Y-113.460
G1 X278.395 Y-113.460
G1 X277.873 Y-113.460
G1 X277.428 Y-113.460
G1 X277.304 Y-113.460
G1 X276.457 Y-113.460
G1 X275.662 Y-113.460
G1 X274.218 Y-113.460
G1 X272.859 Y-113.460
G1 X271.415 Y-113.460
G1 X269.971 Y-113.460
G1 X269.085 Y-113.461
G1 X267.640 Y-113.464
G1 X266.196 Y-113.466
G1 X264.752 Y-113.469
G1 X263.308 Y-113.471
G1 X262.385 Y-113.479
G1 X260.941 Y-113.492
G1 X259.497 Y-113.505
G1 X258.053 Y-113.518
G1 X256.609 Y-113.531
G1 X255.165 Y-113.544
G1 X254.083 Y-113.571
G1 X252.640 Y-113.606
G1 X251.196 Y-113.641
G1 X249.752 Y-113.677
G1 X248.309 Y-113.712
G1 X246.865 Y-113.748
G1 X245.836 Y-113.813
G1 X244.395 Y-113.905
G1 X242.954 Y-113.996
G1 X241.512 Y-114.088
G1 X240.071 Y-114.179
; Retract
G0 Z3.000
M5          ; Switch tool offEnd
