; generated by PrusaSlicer 2.9.0 on 2025-04-16 at 18:17:24 UTC

; 

; external perimeters extrusion width = 0.45mm
; perimeters extrusion width = 0.45mm
; infill extrusion width = 0.45mm
; solid infill extrusion width = 0.45mm
; top infill extrusion width = 0.40mm
; support material extrusion width = 0.35mm
; first layer extrusion width = 0.42mm

M190 S60 ; set bed temperature and wait for it to be reached
M104 S215 ; set temperature
;TYPE:Custom
G28 ; home all axes
G1 Z5 F5000 ; lift nozzle
M109 S215 ; set temperature and wait for it to be reached
G21 ; set units to millimeters
G90 ; use absolute coordinates
M82 ; use absolute distances for extrusion
G92 E0
; Filament gcode
M107
;LAYER_CHANGE
;Z:0.35
;HEIGHT:0.35
G1 E-2 F2400
G1 Z.35 F7800
G1 X-1.052 Y-1.329
G1 E.00001 F2400
;TYPE:Skirt/Brim
;WIDTH:0.42
G1 F1800
G1 X-1.494 Y-.979 E.02829
G1 X-4.395 Y-.255 E.17834
G1 X-34.005 Y-.255 E1.66434
G1 X-36.31 Y-.702 E1.78217
G1 X-51.731 Y-6.927 E2.61676
G1 X-52.747 Y-7.482 E2.67486
G1 X-53.654 Y-8.096 E2.72983
G1 X-54.72 Y-9.008 E2.80024
G1 X-55.465 Y-9.81 E2.85518
G1 X-56.168 Y-10.726 E2.91313
G1 X-56.824 Y-11.821 E2.97719
G1 X-57.375 Y-13.031 E3.04391
G1 X-57.883 Y-14.746 E3.13368
G1 X-58.081 Y-16.101 E3.2024
G1 X-58.119 Y-17.482 E3.27173
G1 X-57.834 Y-28.509 E3.82531
G1 X-57.728 Y-29.657 E3.88317
G1 X-57.478 Y-30.907 E3.94714
G1 X-57.068 Y-32.182 E4.01435
G1 X-54.429 Y-37.584 E4.31608
G1 X-53.767 Y-38.692 E4.38085
G1 X-53.06 Y-39.612 E4.43908
G1 X-52.313 Y-40.416 E4.49416
G1 X-51.246 Y-41.329 E4.56464
G1 X-50.289 Y-41.974 E4.62256
G1 X-49.044 Y-42.623 E4.69302
G1 X-47.817 Y-43.09 E4.75891
G1 X-36.063 Y-47.247 E5.3846
G1 X-34.005 Y-47.6 E5.48939
G1 X-4.395 Y-47.6 E6.97539
G1 X-2.218 Y-47.203 E7.08645
G1 X-.32 Y-46.064 E7.19754
G1 X1.053 Y-44.329 E7.30858
G1 X1.777 Y-41.428 E7.45863
G1 X1.777 Y-6.428 E9.21514
G1 X1.381 Y-4.25 E9.32624
G1 X.241 Y-2.353 E9.43731
G1 X-1.005 Y-1.366 E9.51708
G1 E7.51708 F2400
G92 E0
G1 X-1.005 Y-1.366 F7800
G92 E0
G1 X-44.099 Y-37.391
G1 E2 F2400
;TYPE:Support material
G1 F1800
G1 X-43.438 Y-37.316 E2.03339
G1 X-42.372 Y-36.965 E2.08971
G1 X-41.794 Y-36.614 E2.12365
G1 X-41.487 Y-36.732 E2.14016
G1 X-40.345 Y-36.891 E2.19803
G1 X-39.196 Y-36.788 E2.25592
G1 X-38.545 Y-36.574 E2.29031
G1 X-37.395 Y-37.015 E2.35212
G1 X-36.15 Y-37.127 E2.41485
G1 X-35.037 Y-36.934 E2.47154
G1 X-34.44 Y-36.664 E2.50442
G1 X-34.44 Y-10.72 E3.80644
G1 X-34.845 Y-10.474 E3.83022
G1 X-35.941 Y-10.112 E3.88815
G1 X-37.091 Y-10.008 E3.9461
G1 X-38.235 Y-10.166 E4.00406
G1 X-39.313 Y-10.58 E4.06201
G1 X-40.228 Y-11.198 E4.11742
G1 X-40.495 Y-11.465 E4.13637
G1 X-40.876 Y-11.234 E4.15873
G1 X-41.971 Y-10.875 E4.21656
G1 X-43.081 Y-10.775 E4.27249
G1 X-44.305 Y-10.947 E4.33452
G1 X-45.334 Y-11.341 E4.38982
G1 X-46.351 Y-12.051 E4.45207
G1 X-47.025 Y-11.991 E4.48603
G1 X-48.125 Y-12.145 E4.54177
G1 X-48.754 Y-12.365 E4.57521
G1 X-49.29 Y-12.596 E4.6045
G1 X-50.197 Y-13.209 E4.65944
G1 X-50.943 Y-14.012 E4.71445
G1 X-51.549 Y-15.071 E4.77568
G1 X-51.755 Y-15.658 E4.8069
G1 X-51.948 Y-16.794 E4.86473
G1 X-51.879 Y-17.944 E4.92255
G1 X-51.525 Y-19.123 E4.98433
G1 X-51.032 Y-19.982 E5.03404
G1 X-51.244 Y-20.352 E5.05544
G1 X-51.596 Y-21.527 E5.117
G1 X-51.666 Y-22.676 E5.17477
G1 X-51.474 Y-23.811 E5.23254
G1 X-51.244 Y-24.467 E5.26743
G1 X-50.797 Y-25.249 E5.31263
G1 X-51.241 Y-26.025 E5.3575
G1 X-51.471 Y-26.683 E5.39248
G1 X-51.664 Y-27.818 E5.45026
G1 X-51.595 Y-28.967 E5.50803
G1 X-51.241 Y-30.144 E5.56971
G1 X-50.699 Y-31.091 E5.62447
G1 X-49.914 Y-31.936 E5.68235
G1 X-49.545 Y-32.186 E5.70472
G1 X-49.476 Y-33.241 E5.75778
G1 X-49.148 Y-34.346 E5.81563
G1 X-48.54 Y-35.409 E5.87709
G1 X-47.792 Y-36.213 E5.9322
G1 X-46.836 Y-36.858 E5.99008
G1 X-45.759 Y-37.271 E6.04797
G1 X-44.661 Y-37.423 E6.1036
G1 X-44.151 Y-37.394 E6.12924
G1 E4.12924 F2400
G92 E0
G1 X-44.151 Y-37.394 F7800
G1 X-41.601 Y-21.915
G1 E2 F2400
G1 F1800
G1 X-41.293 Y-21.97 E2.0157
G1 X-41.16 Y-21.706 E2.03054
G1 X-41.295 Y-21.35 E2.04965
G1 X-41.656 Y-21.437 E2.06829
G1 X-41.607 Y-21.864 E2.08986
G1 E.08986 F2400
G92 E0
G1 X-41.607 Y-21.864 F7800
G1 X-42.061 Y-25.851
G1 E2 F2400
G1 F1800
G1 X-41.669 Y-26.951 E2.05861
G1 X-41.029 Y-26.838 E2.09123
G1 X-41.369 Y-26.25 E2.12532
G1 X-41.608 Y-25.568 E2.16159
G1 X-41.818 Y-24.261 E2.22802
G1 X-42.448 Y-25.246 E2.2867
G1 X-42.089 Y-25.807 E2.32013
G1 E.32013 F2400
G92 E0
G1 X-42.089 Y-25.807 F7800
G1 X-35.131 Y-10.543
G1 E2 F2400
G1 F1800
G1 X-35.131 Y-36.635 E3.30945
G1 X-35.514 Y-36.702 E3.32896
G1 X-35.514 Y-10.58 E4.63992
G1 X-35.897 Y-10.453 E4.66017
G1 X-35.897 Y-36.768 E5.98081
G1 X-36.28 Y-36.808 E6.00014
G1 X-36.28 Y-10.393 E7.3258
G1 X-36.664 Y-10.358 E7.34515
G1 X-36.664 Y-36.784 E8.67136
G1 X-37.047 Y-36.747 E8.69067
G1 X-37.047 Y-10.323 E10.01678
G1 X-37.43 Y-10.368 E10.03613
G1 X-37.43 Y-36.674 E11.35632
G1 X-37.813 Y-36.539 E11.3767
G1 X-37.813 Y-10.421 E12.68746
G1 X-38.196 Y-10.484 E12.70694
G1 X-38.196 Y-36.405 E14.00781
G1 X-38.498 Y-36.232 E14.02528
G1 X-38.58 Y-36.259 E14.02961
G1 X-38.58 Y-10.631 E15.31577
G1 X-38.963 Y-10.778 E15.33636
G1 X-38.963 Y-36.385 E16.62147
G1 X-39.259 Y-36.482 E16.6371
G1 X-39.346 Y-36.49 E16.64148
G1 X-39.346 Y-10.976 E17.92192
G1 X-39.729 Y-11.235 E17.94512
G1 X-39.729 Y-36.524 E19.21427
G1 X-40.113 Y-36.559 E19.23362
G1 X-40.113 Y-11.521 E20.49017
G1 X-40.448 Y-11.857 E20.51398
G1 X-40.496 Y-11.828 E20.51679
G1 X-40.496 Y-36.557 E21.75784
G1 X-40.879 Y-36.503 E21.77725
G1 X-40.879 Y-27.127 E22.24779
G1 X-41.262 Y-27.194 E22.2673
G1 X-41.262 Y-36.45 E22.73182
G1 X-41.645 Y-36.338 E22.75185
G1 X-41.645 Y-27.262 E23.20734
G1 X-41.874 Y-27.302 E23.21901
G1 X-42.029 Y-26.867 E23.24219
G1 X-42.029 Y-36.393 E23.72026
G1 X-42.412 Y-36.626 E23.74276
G1 X-42.412 Y-25.591 E24.29656
G1 X-42.412 Y-25.591 F7800
G1 X-40.879 Y-11.414
G1 F1800
G1 X-40.879 Y-26.477 E25.05251
G1 X-41.262 Y-25.616 E25.0998
G1 X-41.262 Y-22.291 E25.26667
G1 X-41.645 Y-22.223 E25.28619
G1 X-41.645 Y-23.417 E25.34611
G1 X-42.029 Y-24.015 E25.38178
G1 X-42.029 Y-11.182 E26.02582
G1 X-42.412 Y-11.147 E26.04512
G1 X-42.412 Y-24.901 E26.73538
G1 X-42.412 Y-24.901 F7800
G1 X-41.262 Y-11.271
G1 F1800
G1 X-41.262 Y-21.022 E27.22474
G1 X-41.645 Y-21.115 E27.24452
G1 X-41.645 Y-11.145 E27.74487
G1 X-41.645 Y-11.145 F7800
G1 X-42.795 Y-10.956
G1 F1800
G1 X-42.795 Y-36.778 E29.04077
G1 X-43.178 Y-36.904 E29.061
G1 X-43.178 Y-11.098 E30.3561
G1 X-43.561 Y-11.141 E30.37544
G1 X-43.561 Y-37.018 E31.6741
G1 X-43.945 Y-37.061 E31.69349
G1 X-43.945 Y-11.2 E32.99135
G1 X-44.328 Y-11.289 E33.01108
G1 X-44.328 Y-37.093 E34.30608
G1 X-44.711 Y-37.103 E34.32531
G1 X-44.711 Y-11.435 E35.61348
G1 X-45.094 Y-11.582 E35.63407
G1 X-45.094 Y-37.05 E36.9122
G1 X-45.477 Y-36.997 E36.9316
G1 X-45.477 Y-11.812 E38.19553
G1 X-45.861 Y-12.07 E38.21875
G1 X-45.861 Y-36.9 E39.46487
G1 X-46.244 Y-36.753 E39.48546
G1 X-46.244 Y-12.372 E40.70904
G1 X-46.627 Y-12.338 E40.72834
G1 X-46.627 Y-36.606 E41.94625
G1 X-47.01 Y-36.366 E41.96893
G1 X-47.01 Y-12.304 E43.1765
G1 X-47.394 Y-12.356 E43.19595
G1 X-47.394 Y-36.108 E44.38797
G1 X-47.777 Y-35.774 E44.41347
G1 X-47.777 Y-12.41 E45.58601
G1 X-48.16 Y-12.486 E45.60561
G1 X-48.16 Y-35.362 E46.75366
G1 X-48.543 Y-34.82 E46.78697
G1 X-48.543 Y-12.62 E47.9011
G1 X-48.926 Y-12.777 E47.92187
G1 X-48.926 Y-34.038 E48.98887
G1 X-49.169 Y-33.188 E49.03324
G1 X-49.234 Y-32.022 E49.09185
G1 X-49.31 Y-31.971 E49.09644
G1 X-49.31 Y-12.984 E50.04932
G1 X-49.693 Y-13.243 E50.07252
G1 X-49.693 Y-31.711 E50.99935
G1 X-50.076 Y-31.306 E51.02732
G1 X-50.076 Y-13.535 E51.91917
G1 X-50.459 Y-13.947 E51.9474
G1 X-50.459 Y-30.885 E52.79745
G1 X-50.842 Y-30.216 E52.83614
G1 X-50.842 Y-25.953 E53.05008
G1 X-51.226 Y-26.991 E53.10562
G1 X-51.226 Y-29.719 E53.24253
G1 E51.24253 F2400
G92 E0
G1 X-51.226 Y-29.719 F7800
G1 X-50.842 Y-14.144
G1 E2 F2400
G1 F1800
G1 X-50.842 Y-24.544 E2.52193
G1 X-51.226 Y-23.51 E2.57729
G1 X-51.226 Y-20.77 E2.7148
G1 X-51.226 Y-20.77 F7800
G1 X-51.226 Y-14.773
G1 F1800
G1 X-51.226 Y-19.021 E2.92799
G1 X-51.572 Y-17.891 E2.9873
G1 X-51.609 Y-15.714 E3.09657
G1 E1.09657 F2400
G92 E0
G1 X-51.609 Y-15.714 F7800
G1 X-11.62 Y-29.85
G1 E2 F2400
;TYPE:Perimeter
;WIDTH:0.42
G1 F1800
G1 X-11.255 Y-29.423 E2.02819
G1 X-11.032 Y-29.001 E2.05214
G1 X-10.896 Y-28.544 E2.07607
G1 X-10.853 Y-28.068 E2.10006
G1 X-10.906 Y-27.594 E2.124
G1 X-11.052 Y-27.139 E2.14798
G1 X-11.285 Y-26.722 E2.17195
G1 X-11.595 Y-26.36 E2.19587
G1 X-11.972 Y-26.066 E2.21986
G1 X-12.399 Y-25.853 E2.24381
G1 X-12.974 Y-25.718 E2.27345
G1 X-13.341 Y-25.699 E2.29189
G1 X-13.809 Y-25.763 E2.3156
G1 X-14.26 Y-25.92 E2.33957
G1 X-14.718 Y-26.206 E2.36667
G1 X-15.101 Y-26.579 E2.3935
G1 X-15.399 Y-27.031 E2.42067
G1 X-15.59 Y-27.56 E2.4489
G1 X-15.648 Y-28.12 E2.47715
G1 X-15.595 Y-28.595 E2.50114
G1 X-15.449 Y-29.049 E2.52507
G1 X-15.216 Y-29.466 E2.54904
G1 X-14.906 Y-29.828 E2.57296
G1 X-14.469 Y-30.155 E2.60035
G1 X-14.102 Y-30.335 E2.62086
G1 X-13.64 Y-30.459 E2.64487
G1 X-13.105 Y-30.481 E2.67174
G1 X-12.576 Y-30.389 E2.69869
G1 X-12.075 Y-30.183 E2.72588
G1 X-11.664 Y-29.89 E2.75121
G1 X-11.664 Y-29.89 F7800
G1 X-11.857 Y-29.596
G1 F1800
G1 X-11.817 Y-29.564 E2.75378
G1 X-11.554 Y-29.25 E2.77434
G1 X-11.358 Y-28.891 E2.79487
G1 X-11.238 Y-28.501 E2.81535
G1 X-11.197 Y-28.094 E2.83588
G1 X-11.238 Y-27.687 E2.85641
G1 X-11.359 Y-27.296 E2.87695
G1 X-11.554 Y-26.937 E2.89745
G1 X-11.817 Y-26.624 E2.91797
G1 X-12.137 Y-26.369 E2.9385
G1 X-12.501 Y-26.183 E2.95901
G1 X-13.008 Y-26.061 E2.98518
G1 X-13.307 Y-26.042 E3.00022
G1 X-13.708 Y-26.093 E3.02051
G1 X-14.095 Y-26.223 E3.041
G1 X-14.489 Y-26.464 E3.06418
G1 X-14.86 Y-26.826 E3.09019
G1 X-15.1 Y-27.203 E3.11262
G1 X-15.263 Y-27.688 E3.1383
G1 X-15.304 Y-28.095 E3.15883
G1 X-15.263 Y-28.501 E3.17931
G1 X-15.142 Y-28.892 E3.19985
G1 X-14.947 Y-29.251 E3.22035
G1 X-14.684 Y-29.564 E3.24087
G1 X-14.304 Y-29.852 E3.2648
G1 X-14 Y-30.006 E3.2819
G1 X-13.605 Y-30.116 E3.30248
G1 X-13.164 Y-30.141 E3.32465
G1 X-12.635 Y-30.049 E3.3516
G1 X-12.162 Y-29.837 E3.37761
G1 X-11.904 Y-29.633 E3.39412
G1 X-11.904 Y-29.633 F7800
G1 X-12.089 Y-29.346
;TYPE:External perimeter
G1 F1800
G1 X-12.075 Y-29.336 E3.39498
G1 X-11.853 Y-29.078 E3.41206
G1 X-11.685 Y-28.782 E3.42914
G1 X-11.58 Y-28.458 E3.44623
G1 X-11.541 Y-28.12 E3.46331
G1 X-11.57 Y-27.78 E3.48044
G1 X-11.666 Y-27.454 E3.4975
G1 X-11.824 Y-27.152 E3.51461
G1 X-12.039 Y-26.888 E3.5317
G1 X-12.302 Y-26.672 E3.54878
G1 X-12.602 Y-26.512 E3.56584
G1 X-13.042 Y-26.404 E3.58858
G1 X-13.273 Y-26.385 E3.60021
G1 X-13.606 Y-26.422 E3.61702
G1 X-13.93 Y-26.526 E3.6341
G1 X-14.248 Y-26.711 E3.65256
G1 X-14.619 Y-27.073 E3.67857
G1 X-14.802 Y-27.376 E3.69633
G1 X-14.921 Y-27.731 E3.71512
G1 X-14.96 Y-28.069 E3.7322
G1 X-14.931 Y-28.408 E3.74928
G1 X-14.835 Y-28.735 E3.76638
G1 X-14.677 Y-29.036 E3.78344
G1 X-14.462 Y-29.3 E3.80053
G1 X-14.139 Y-29.549 E3.821
G1 X-13.898 Y-29.676 E3.83467
G1 X-13.571 Y-29.773 E3.85179
G1 X-13.224 Y-29.802 E3.86927
G1 X-12.695 Y-29.709 E3.89623
G1 X-12.345 Y-29.544 E3.91565
G1 X-12.136 Y-29.383 E3.92889
G1 X-11.87 Y-29.084 F7800
G1 E1.92889 F2400
G92 E0
G1 X-11.622 Y-18.006 F7800
G1 E2 F2400
;TYPE:Perimeter
G1 F1800
G1 X-11.972 Y-17.733 E2.02228
G1 X-12.399 Y-17.52 E2.04623
G1 X-12.974 Y-17.384 E2.07588
G1 X-13.341 Y-17.366 E2.09432
G1 X-13.87 Y-17.451 E2.12121
G1 X-14.367 Y-17.646 E2.148
G1 X-14.785 Y-17.922 E2.17314
G1 X-15.146 Y-18.293 E2.19912
G1 X-15.423 Y-18.741 E2.22555
G1 X-15.591 Y-19.228 E2.2514
G1 X-15.648 Y-19.787 E2.2796
G1 X-15.595 Y-20.261 E2.30354
G1 X-15.449 Y-20.716 E2.32752
G1 X-15.216 Y-21.133 E2.35149
G1 X-14.894 Y-21.505 E2.37618
G1 X-14.529 Y-21.789 E2.39939
G1 X-14.102 Y-22.002 E2.42334
G1 X-13.64 Y-22.126 E2.44735
G1 X-13.105 Y-22.148 E2.47422
G1 X-12.576 Y-22.055 E2.50118
G1 X-12.075 Y-21.85 E2.52835
G1 X-11.639 Y-21.539 E2.55523
G1 X-11.255 Y-21.09 E2.58488
G1 X-11.032 Y-20.668 E2.60883
G1 X-10.896 Y-20.21 E2.63281
G1 X-10.853 Y-19.735 E2.65675
G1 X-10.906 Y-19.26 E2.68074
G1 X-11.052 Y-18.806 E2.70467
G1 X-11.285 Y-18.389 E2.72864
G1 X-11.579 Y-18.046 E2.75131
G1 X-11.579 Y-18.046 F7800
G1 X-11.857 Y-18.259
G1 F1800
G1 X-12.137 Y-18.036 E2.76927
G1 X-12.501 Y-17.85 E2.78978
G1 X-13.008 Y-17.727 E2.81596
G1 X-13.307 Y-17.709 E2.83099
G1 X-13.744 Y-17.772 E2.85315
G1 X-14.241 Y-17.967 E2.87994
G1 X-14.663 Y-18.268 E2.90595
G1 X-14.947 Y-18.605 E2.92807
G1 X-15.143 Y-18.964 E2.9486
G1 X-15.263 Y-19.354 E2.96908
G1 X-15.304 Y-19.761 E2.98961
G1 X-15.263 Y-20.168 E3.01014
G1 X-15.142 Y-20.559 E3.03068
G1 X-14.947 Y-20.918 E3.05118
G1 X-14.672 Y-21.241 E3.07247
G1 X-14.364 Y-21.486 E3.09222
G1 X-14 Y-21.672 E3.11273
G1 X-13.605 Y-21.783 E3.13332
G1 X-13.164 Y-21.808 E3.15549
G1 X-12.635 Y-21.715 E3.18245
G1 X-12.162 Y-21.504 E3.20844
G1 X-11.817 Y-21.23 E3.23055
G1 X-11.554 Y-20.917 E3.25107
G1 X-11.358 Y-20.558 E3.2716
G1 X-11.238 Y-20.167 E3.29213
G1 X-11.197 Y-19.761 E3.31261
G1 X-11.238 Y-19.354 E3.33314
G1 X-11.359 Y-18.963 E3.35368
G1 X-11.554 Y-18.604 E3.37418
G1 X-11.811 Y-18.298 E3.39423
G1 X-11.811 Y-18.298 F7800
G1 X-12.092 Y-18.512
;TYPE:External perimeter
G1 F1800
G1 X-12.302 Y-18.339 E3.40788
G1 X-12.602 Y-18.179 E3.42494
G1 X-13.042 Y-18.071 E3.44768
G1 X-13.273 Y-18.052 E3.45931
G1 X-13.708 Y-18.128 E3.48147
G1 X-14.157 Y-18.311 E3.5058
G1 X-14.426 Y-18.52 E3.5229
G1 X-14.648 Y-18.777 E3.53994
G1 X-14.816 Y-19.073 E3.55702
G1 X-14.921 Y-19.397 E3.57411
G1 X-14.96 Y-19.735 E3.59119
G1 X-14.931 Y-20.075 E3.60832
G1 X-14.835 Y-20.401 E3.62538
G1 X-14.677 Y-20.703 E3.64249
G1 X-14.45 Y-20.977 E3.66035
G1 X-14.199 Y-21.183 E3.67665
G1 X-13.899 Y-21.343 E3.69371
G1 X-13.571 Y-21.44 E3.71088
G1 X-13.224 Y-21.468 E3.72835
G1 X-12.695 Y-21.376 E3.7553
G1 X-12.345 Y-21.21 E3.77474
G1 X-12.075 Y-21.002 E3.79184
G1 X-11.853 Y-20.745 E3.80888
G1 X-11.685 Y-20.448 E3.826
G1 X-11.58 Y-20.124 E3.84309
G1 X-11.541 Y-19.786 E3.86017
G1 X-11.57 Y-19.447 E3.87725
G1 X-11.666 Y-19.12 E3.89435
G1 X-11.824 Y-18.819 E3.91141
G1 X-12.039 Y-18.555 E3.9285
G1 X-12.045 Y-18.55 E3.92889
G1 X-12.368 Y-18.313 F7800
G1 E1.92889 F2400
G92 E0
G1 X-11.185 Y-10.235 F7800
G1 E2 F2400
;TYPE:Perimeter
G1 F1800
G1 X-11.285 Y-10.056 E2.01029
G1 X-11.596 Y-9.693 E2.03428
G1 X-11.972 Y-9.4 E2.0582
G1 X-12.399 Y-9.187 E2.08215
G1 X-12.86 Y-9.062 E2.10612
G1 X-13.336 Y-9.032 E2.13006
G1 X-13.809 Y-9.096 E2.15401
G1 X-14.315 Y-9.286 E2.18114
G1 X-14.764 Y-9.576 E2.20796
G1 X-15.146 Y-9.959 E2.23511
G1 X-15.399 Y-10.364 E2.25908
G1 X-15.567 Y-10.811 E2.28305
G1 X-15.643 Y-11.282 E2.30699
G1 X-15.613 Y-11.849 E2.33549
G1 X-15.474 Y-12.33 E2.36062
G1 X-15.216 Y-12.799 E2.38748
G1 X-14.906 Y-13.162 E2.41144
G1 X-14.529 Y-13.455 E2.4354
G1 X-14.01 Y-13.697 E2.46414
G1 X-13.639 Y-13.793 E2.48337
G1 X-13.105 Y-13.814 E2.51019
G1 X-12.576 Y-13.722 E2.53714
G1 X-12.075 Y-13.517 E2.56431
G1 X-11.639 Y-13.205 E2.59122
G1 X-11.255 Y-12.756 E2.62087
G1 X-11.032 Y-12.335 E2.64478
G1 X-10.896 Y-11.877 E2.66876
G1 X-10.853 Y-11.401 E2.69275
G1 X-10.906 Y-10.927 E2.71669
G1 X-11.052 Y-10.472 E2.74067
G1 X-11.155 Y-10.287 E2.7513
G1 X-11.155 Y-10.287 F7800
G1 X-11.481 Y-10.406
G1 F1800
G1 X-11.554 Y-10.271 E2.759
G1 X-11.817 Y-9.958 E2.77952
G1 X-12.137 Y-9.703 E2.80005
G1 X-12.501 Y-9.516 E2.82059
G1 X-12.894 Y-9.406 E2.84107
G1 X-13.302 Y-9.375 E2.8616
G1 X-13.708 Y-9.426 E2.88214
G1 X-14.128 Y-9.576 E2.90452
G1 X-14.577 Y-9.866 E2.93134
G1 X-14.947 Y-10.271 E2.95887
G1 X-15.143 Y-10.63 E2.9794
G1 X-15.263 Y-11.021 E2.99993
G1 X-15.301 Y-11.325 E3.01531
G1 X-15.263 Y-11.835 E3.04098
G1 X-15.142 Y-12.225 E3.06147
G1 X-14.947 Y-12.584 E3.08197
G1 X-14.684 Y-12.898 E3.10253
G1 X-14.364 Y-13.152 E3.12303
G1 X-13.908 Y-13.367 E3.14833
G1 X-13.605 Y-13.45 E3.1641
G1 X-13.165 Y-13.475 E3.18622
G1 X-12.635 Y-13.382 E3.21322
G1 X-12.162 Y-13.17 E3.23923
G1 X-11.817 Y-12.897 E3.26131
G1 X-11.554 Y-12.584 E3.28183
G1 X-11.358 Y-12.225 E3.30236
G1 X-11.238 Y-11.834 E3.32289
G1 X-11.197 Y-11.427 E3.34342
G1 X-11.238 Y-11.02 E3.36395
G1 X-11.359 Y-10.63 E3.38444
G1 X-11.452 Y-10.458 E3.39425
G1 X-11.452 Y-10.458 F7800
G1 X-11.776 Y-10.576
;TYPE:External perimeter
G1 F1800
G1 X-11.824 Y-10.486 E3.39937
G1 X-12.039 Y-10.222 E3.41646
G1 X-12.302 Y-10.006 E3.43354
G1 X-12.602 Y-9.846 E3.4506
G1 X-12.929 Y-9.749 E3.46772
G1 X-13.268 Y-9.718 E3.4848
G1 X-13.606 Y-9.755 E3.50186
G1 X-13.941 Y-9.866 E3.51957
G1 X-14.39 Y-10.155 E3.54637
G1 X-14.648 Y-10.444 E3.56581
G1 X-14.816 Y-10.74 E3.58289
G1 X-14.921 Y-11.064 E3.59998
G1 X-14.959 Y-11.368 E3.61536
G1 X-14.931 Y-11.741 E3.63413
G1 X-14.835 Y-12.068 E3.65123
G1 X-14.677 Y-12.369 E3.66829
G1 X-14.462 Y-12.633 E3.68538
G1 X-14.199 Y-12.85 E3.70249
G1 X-13.806 Y-13.038 E3.72435
G1 X-13.57 Y-13.107 E3.73669
G1 X-13.224 Y-13.135 E3.75411
G1 X-12.695 Y-13.042 E3.78107
G1 X-12.345 Y-12.877 E3.80049
G1 X-12.075 Y-12.669 E3.81759
G1 X-11.853 Y-12.411 E3.83467
G1 X-11.685 Y-12.115 E3.85175
G1 X-11.58 Y-11.791 E3.86884
G1 X-11.541 Y-11.453 E3.88592
G1 X-11.57 Y-11.114 E3.903
G1 X-11.666 Y-10.787 E3.9201
G1 X-11.748 Y-10.63 E3.92899
G1 X-11.979 Y-10.302 F7800
G1 E1.92899 F2400
G92 E0
G1 X-10.897 Y-36.013 F7800
G1 E2 F2400
;TYPE:Perimeter
G1 F1800
G1 X-10.906 Y-35.927 E2.00434
G1 X-11.052 Y-35.472 E2.02832
G1 X-11.285 Y-35.056 E2.05225
G1 X-11.596 Y-34.693 E2.07624
G1 X-11.972 Y-34.4 E2.10016
G1 X-12.399 Y-34.187 E2.12411
G1 X-12.86 Y-34.062 E2.14808
G1 X-13.341 Y-34.032 E2.17227
G1 X-13.809 Y-34.096 E2.19598
G1 X-14.315 Y-34.286 E2.22311
G1 X-14.764 Y-34.576 E2.24993
G1 X-15.146 Y-34.959 E2.27708
G1 X-15.423 Y-35.408 E2.30356
G1 X-15.589 Y-35.888 E2.32905
G1 X-15.648 Y-36.454 E2.35761
G1 X-15.595 Y-36.928 E2.38155
G1 X-15.449 Y-37.383 E2.40553
G1 X-15.216 Y-37.799 E2.42946
G1 X-14.906 Y-38.162 E2.45342
G1 X-14.529 Y-38.455 E2.47738
G1 X-14.102 Y-38.668 E2.50133
G1 X-13.642 Y-38.793 E2.52525
G1 X-13.105 Y-38.814 E2.55222
G1 X-12.576 Y-38.722 E2.57917
G1 X-12.075 Y-38.517 E2.60634
G1 X-11.684 Y-38.242 E2.63033
G1 X-11.356 Y-37.896 E2.65426
G1 X-11.102 Y-37.491 E2.67825
G1 X-10.915 Y-36.98 E2.70556
G1 X-10.851 Y-36.466 E2.73155
G1 X-10.891 Y-36.072 E2.75142
G1 X-10.891 Y-36.072 F7800
G1 X-11.233 Y-36.072
G1 F1800
G1 X-11.238 Y-36.02 E2.75404
G1 X-11.359 Y-35.63 E2.77453
G1 X-11.554 Y-35.271 E2.79503
G1 X-11.817 Y-34.958 E2.81555
G1 X-12.137 Y-34.703 E2.83608
G1 X-12.501 Y-34.516 E2.85662
G1 X-12.894 Y-34.406 E2.8771
G1 X-13.307 Y-34.376 E2.89788
G1 X-13.708 Y-34.426 E2.91816
G1 X-14.128 Y-34.576 E2.94054
G1 X-14.577 Y-34.866 E2.96736
G1 X-14.93 Y-35.244 E2.99332
G1 X-15.143 Y-35.63 E3.01545
G1 X-15.263 Y-36.021 E3.03598
G1 X-15.304 Y-36.428 E3.05651
G1 X-15.263 Y-36.835 E3.07704
G1 X-15.142 Y-37.225 E3.09753
G1 X-14.947 Y-37.584 E3.11803
G1 X-14.684 Y-37.898 E3.13859
G1 X-14.364 Y-38.152 E3.15909
G1 X-14 Y-38.339 E3.17963
G1 X-13.607 Y-38.45 E3.20012
G1 X-13.165 Y-38.475 E3.22234
G1 X-12.635 Y-38.382 E3.24934
G1 X-12.136 Y-38.152 E3.27691
G1 X-11.817 Y-37.897 E3.29741
G1 X-11.554 Y-37.584 E3.31793
G1 X-11.358 Y-37.225 E3.33846
G1 X-11.238 Y-36.834 E3.35899
G1 X-11.197 Y-36.427 E3.37952
G1 X-11.227 Y-36.132 E3.3944
G1 X-11.227 Y-36.132 F7800
G1 X-11.569 Y-36.131
;TYPE:External perimeter
G1 F1800
G1 X-11.57 Y-36.114 E3.39525
G1 X-11.666 Y-35.787 E3.41235
G1 X-11.824 Y-35.486 E3.42941
G1 X-12.039 Y-35.222 E3.4465
G1 X-12.302 Y-35.006 E3.46358
G1 X-12.602 Y-34.846 E3.48064
G1 X-12.929 Y-34.749 E3.49776
G1 X-13.273 Y-34.719 E3.51509
G1 X-13.606 Y-34.755 E3.5319
G1 X-13.998 Y-34.903 E3.55293
G1 X-14.419 Y-35.178 E3.57817
G1 X-14.648 Y-35.444 E3.59578
G1 X-14.816 Y-35.74 E3.61286
G1 X-14.921 Y-36.064 E3.62995
G1 X-14.96 Y-36.402 E3.64703
G1 X-14.931 Y-36.741 E3.66411
G1 X-14.835 Y-37.068 E3.68121
G1 X-14.677 Y-37.369 E3.69827
G1 X-14.462 Y-37.633 E3.71536
G1 X-14.199 Y-37.85 E3.73247
G1 X-13.899 Y-38.009 E3.74951
G1 X-13.573 Y-38.106 E3.76658
G1 X-13.224 Y-38.135 E3.78416
G1 X-12.695 Y-38.042 E3.81112
G1 X-12.345 Y-37.877 E3.83054
G1 X-12.075 Y-37.669 E3.84764
G1 X-11.853 Y-37.411 E3.86472
G1 X-11.685 Y-37.115 E3.8818
G1 X-11.58 Y-36.791 E3.89889
G1 X-11.541 Y-36.453 E3.91597
G1 X-11.564 Y-36.191 E3.92917
G1 X-11.67 Y-35.805 F7800
G1 E1.92917 F2400
G92 E0
G1 X-33.106 Y-40.528 F7800
G1 E2 F2400
;TYPE:Perimeter
G1 F1800
G1 X-5.295 Y-40.528 E3.39572
G1 X-5.295 Y-37.675 E3.5389
G1 X-5.295 Y-7.327 E5.06194
G1 X-33.106 Y-7.327 E6.45766
G1 X-33.106 Y-40.468 E8.12087
G1 X-33.106 Y-40.468 F7800
G1 X-33.45 Y-40.873
G1 F1800
G1 X-4.95 Y-40.873 E9.55117
G1 X-4.95 Y-37.675 E9.71166
G1 X-4.95 Y-6.982 E11.25201
G1 X-33.45 Y-6.982 E12.68231
G1 X-33.45 Y-40.813 E14.38015
G1 X-33.45 Y-40.813 F7800
G1 X-33.795 Y-41.218
;TYPE:External perimeter
G1 F1800
G1 X-4.605 Y-41.218 E15.84508
G1 X-4.605 Y-37.675 E16.02289
G1 X-4.605 Y-6.638 E17.58051
G1 X-33.795 Y-6.638 E19.04544
G1 X-33.795 Y-41.158 E20.77786
G1 X-33.4 Y-41.217 F7800
G1 E18.77786 F2400
G92 E0
G1 X-25.017 Y-40.422 F7800
G1 E2 F2400
;TYPE:Internal infill
;WIDTH:0.42
G1 F1800
G1 X-14.839 Y-30.245 E2.72233
G1 X-15.192 Y-29.94 E2.74574
G1 X-15.487 Y-29.57 E2.76949
G1 X-15.732 Y-29.105 E2.79587
G1 X-15.889 Y-28.56 E2.82433
G1 X-15.929 Y-28.027 E2.85115
G1 X-15.882 Y-27.652 E2.87012
G1 X-28.479 Y-40.249 E3.76417
G1 X-32.114 Y-40.249 E3.9466
G1 X-14.142 Y-22.276 E5.22217
G1 X-14.766 Y-21.971 E5.25703
G1 X-15.184 Y-21.616 E5.28455
G1 X-15.487 Y-21.236 E5.30894
G1 X-15.746 Y-20.736 E5.3372
G1 X-15.854 Y-20.353 E5.35717
G1 X-32.827 Y-37.325 E6.56177
G1 X-32.827 Y-33.69 E6.7442
G1 X-13.235 Y-14.098 E8.13471
G1 X-13.785 Y-14.053 E8.1624
G1 X-14.338 Y-13.876 E8.19154
G1 X-14.784 Y-13.625 E8.21722
G1 X-15.147 Y-13.321 E8.24098
G1 X-15.552 Y-12.779 E8.27494
G1 X-32.827 Y-30.054 E9.50101
G1 X-32.827 Y-26.418 E9.68349
G1 X-14.015 Y-7.606 E11.01865
G1 X-10.379 Y-7.606 E11.20113
G1 X-11.898 Y-9.125 E11.30894
G1 X-11.411 Y-9.483 E11.33927
G1 X-11.062 Y-9.886 E11.36602
G1 X-10.722 Y-10.552 E11.40355
G1 X-10.612 Y-10.964 E11.42495
G1 X-10.574 Y-11.437 E11.44876
G1 X-6.743 Y-7.606 E11.72066
G1 X-5.574 Y-7.606 E11.77933
G1 X-5.574 Y-10.072 E11.90309
G1 X-12.652 Y-17.151 E12.40548
G1 X-12.186 Y-17.302 E12.43006
G1 X-11.717 Y-17.564 E12.45702
G1 X-11.325 Y-17.897 E12.48283
G1 X-11.062 Y-18.221 E12.50377
G1 X-10.73 Y-18.864 E12.54009
G1 X-5.574 Y-13.708 E12.90603
G1 X-5.574 Y-17.344 E13.08851
G1 X-13.689 Y-25.459 E13.66446
G1 X-13.25 Y-25.415 E13.6866
G1 X-12.662 Y-25.481 E13.71629
G1 X-12.186 Y-25.635 E13.7414
G1 X-11.717 Y-25.897 E13.76836
G1 X-11.325 Y-26.231 E13.79421
G1 X-11.101 Y-26.506 E13.81201
G1 X-5.4 Y-20.806 E14.2166
G1 E12.2166 F2400
G92 E0
G1 X-5.4 Y-20.806 F7800
G1 X-17.477 Y-7.433
G1 E2 F2400
G1 F1800
G1 X-32.827 Y-22.783 E3.08944
G1 X-32.827 Y-19.147 E3.27192
G1 X-21.286 Y-7.606 E4.09103
G1 X-24.922 Y-7.606 E4.27351
G1 X-32.827 Y-15.511 E4.83456
G1 X-32.827 Y-11.876 E5.01699
G1 X-28.557 Y-7.606 E5.32005
G1 X-32.193 Y-7.606 E5.50253
G1 X-33 Y-8.414 E5.55984
G1 E3.55984 F2400
G92 E0
G1 X-33 Y-8.414 F7800
G1 X-14.11 Y-40.422
G1 E2 F2400
G1 F1800
G1 X-12.717 Y-39.03 E2.09883
G1 X-13.363 Y-39.101 E2.13145
G1 X-13.886 Y-39.028 E2.15795
G1 X-14.388 Y-38.85 E2.18468
G1 X-14.846 Y-38.577 E2.21144
G1 X-15.373 Y-38.05 E2.24884
G1 X-17.572 Y-40.249 E2.40491
G1 X-21.207 Y-40.249 E2.58734
G1 X-5.574 Y-24.615 E3.69691
G1 X-5.574 Y-28.251 E3.87939
G1 X-11.629 Y-34.306 E4.30914
G1 X-11.062 Y-34.888 E4.34992
G1 X-10.722 Y-35.552 E4.38736
G1 X-10.612 Y-35.964 E4.40876
G1 X-10.571 Y-36.468 E4.43414
G1 X-10.631 Y-36.943 E4.45817
G1 X-5.574 Y-31.886 E4.81708
G1 X-5.574 Y-35.522 E4.99956
G1 X-10.3 Y-40.249 E5.33502
G1 X-6.665 Y-40.249 E5.51745
G1 X-5.4 Y-38.984 E5.60723
M106 S127.5
;LAYER_CHANGE
;Z:0.65
;HEIGHT:0.3
G1 Z.65 F7800
M104 S210 ; set temperature
G1 E3.60723 F2400
G92 E0
G1 X-5.4 Y-38.984 F7800
G1 X-38.138 Y-15.72
G1 E2 F2400
;TYPE:Support material
;WIDTH:0.35
G1 F3600
G1 X-37.878 Y-16.066 E2.01542
G1 X-37.628 Y-16.247 E2.02642
G1 X-37.033 Y-16.417 E2.04846
G1 X-37.013 Y-16.767 E2.06095
G1 X-36.29 Y-16.626 E2.08719
G1 X-35.958 Y-16.433 E2.10087
G1 X-35.461 Y-15.837 E2.12852
G1 X-35.282 Y-15.083 E2.15613
G1 X-35.458 Y-14.329 E2.18371
G1 X-35.708 Y-13.962 E2.19953
G1 X-36.288 Y-13.534 E2.22521
G1 X-36.661 Y-13.419 E2.23911
G1 X-37.436 Y-13.455 E2.26675
G1 X-38.129 Y-13.844 E2.29506
G1 X-38.55 Y-14.476 E2.32211
G1 X-38.654 Y-15.241 E2.34961
G1 X-38.548 Y-15.691 E2.36608
G1 X-38.37 Y-16.031 E2.37975
G1 X-37.801 Y-16.554 E2.40728
G1 X-37.055 Y-16.769 E2.43494
G1 X-37.055 Y-16.769 F7800
G1 X-36.677 Y-17.098
G1 F3600
G1 X-36.152 Y-16.951 E2.45436
G1 X-35.747 Y-16.714 E2.47108
G1 X-35.404 Y-16.39 E2.48789
G1 X-35.01 Y-15.624 E2.51858
G1 X-34.93 Y-15.084 E2.53803
G1 X-34.983 Y-14.616 E2.55481
G1 X-35.142 Y-14.172 E2.57161
G1 X-35.464 Y-13.711 E2.59164
G1 X-36.146 Y-13.212 E2.62174
G1 X-36.596 Y-13.072 E2.63853
G1 X-37.067 Y-13.04 E2.65535
G1 X-37.532 Y-13.116 E2.67213
G1 X-37.968 Y-13.297 E2.68895
G1 X-38.414 Y-13.634 E2.70886
G1 X-38.88 Y-14.35 E2.73929
G1 X-38.996 Y-14.808 E2.75612
G1 X-39.004 Y-15.279 E2.7729
G1 X-38.878 Y-15.814 E2.79248
G1 X-38.662 Y-16.229 E2.80915
G1 X-38.355 Y-16.584 E2.82587
G1 X-37.974 Y-16.861 E2.84265
G1 X-37.54 Y-17.043 E2.85942
G1 X-36.72 Y-17.1 E2.8887
G1 E.8887 F2400
G92 E0
G1 X-36.72 Y-17.1 F7800
G1 X-37.733 Y-20.245
G1 E2 F2400
G1 F3600
G1 X-37.474 Y-20.697 E2.01856
G1 X-37.262 Y-20.877 E2.02847
G1 X-36.736 Y-21.065 E2.04837
G1 X-36.735 Y-21.415 E2.06084
G1 X-36.068 Y-21.318 E2.08485
G1 X-35.748 Y-21.147 E2.09778
G1 X-35.274 Y-20.605 E2.12343
G1 X-35.103 Y-19.905 E2.1491
G1 X-35.275 Y-19.205 E2.17478
G1 X-35.484 Y-18.899 E2.18798
G1 X-36.068 Y-18.492 E2.21334
G1 X-36.781 Y-18.397 E2.23896
G1 X-37.454 Y-18.637 E2.26441
G1 X-37.945 Y-19.168 E2.29017
G1 X-38.139 Y-19.886 E2.31667
G1 X-37.957 Y-20.626 E2.34382
G1 X-37.457 Y-21.171 E2.37017
G1 X-36.777 Y-21.415 E2.39591
G1 X-36.777 Y-21.415 F7800
G1 X-36.447 Y-21.764
G1 F3600
G1 X-35.939 Y-21.647 E2.41448
G1 X-35.546 Y-21.435 E2.43039
G1 X-35.213 Y-21.137 E2.44631
G1 X-34.822 Y-20.399 E2.47606
G1 X-34.751 Y-19.905 E2.49384
G1 X-34.805 Y-19.461 E2.50977
G1 X-34.962 Y-19.043 E2.52568
G1 X-35.255 Y-18.634 E2.5436
G1 X-35.94 Y-18.164 E2.57319
G1 X-36.372 Y-18.052 E2.58909
G1 X-36.818 Y-18.046 E2.60498
G1 X-37.33 Y-18.178 E2.62382
G1 X-37.992 Y-18.635 E2.65248
G1 X-38.253 Y-18.996 E2.66835
G1 X-38.422 Y-19.41 E2.68428
G1 X-38.489 Y-19.95 E2.70366
G1 X-38.299 Y-20.727 E2.73216
G1 X-37.991 Y-21.176 E2.75156
G1 X-37.651 Y-21.465 E2.76746
G1 X-37.252 Y-21.665 E2.78336
G1 X-36.49 Y-21.764 E2.81073
G1 E.81073 F2400
G92 E0
G1 X-36.49 Y-21.764 F7800
G1 X-37.148 Y-27.796
G1 E2 F2400
G1 F3600
G1 X-36.783 Y-28.291 E2.02191
G1 X-36.331 Y-28.474 E2.03928
G1 X-36.084 Y-28.48 E2.04808
G1 X-36.007 Y-28.821 E2.06053
G1 X-35.449 Y-28.616 E2.08171
G1 X-35.046 Y-28.125 E2.10434
G1 X-34.937 Y-27.817 E2.11598
G1 X-34.938 Y-27.167 E2.13914
G1 X-35.048 Y-26.859 E2.15079
G1 X-35.62 Y-26.207 E2.18169
G1 X-35.61 Y-25.474 E2.2078
G1 X-35.232 Y-24.922 E2.23163
G1 X-35.101 Y-24.561 E2.24531
G1 X-35.101 Y-23.787 E2.27288
G1 X-35.446 Y-23.095 E2.30043
G1 X-35.728 Y-22.825 E2.31434
G1 X-36.435 Y-22.513 E2.34187
G1 X-37.203 Y-22.546 E2.36925
G1 X-37.882 Y-22.921 E2.39688
G1 X-38.32 Y-23.558 E2.42442
G1 X-38.425 Y-23.956 E2.43908
G1 X-38.419 Y-24.414 E2.4554
G1 X-38.138 Y-25.134 E2.48293
G1 X-37.457 Y-25.736 E2.51531
G1 X-37.325 Y-25.985 E2.52535
G1 X-37.238 Y-26.601 E2.54751
G1 X-37.488 Y-27.096 E2.56727
G1 X-37.547 Y-27.431 E2.57939
G1 X-37.414 Y-28.077 E2.60289
G1 X-36.99 Y-28.577 E2.62624
G1 X-36.701 Y-28.737 E2.63801
G1 X-36.049 Y-28.83 E2.66147
G1 X-36.049 Y-28.83 F7800
G1 X-35.609 Y-29.091
G1 F3600
G1 X-35.243 Y-28.904 E2.67611
G1 X-34.951 Y-28.623 E2.69055
G1 X-34.594 Y-27.896 E2.7194
G1 X-34.595 Y-27.087 E2.74822
G1 X-34.732 Y-26.703 E2.76274
G1 X-35.268 Y-26.059 E2.79259
G1 X-35.262 Y-25.584 E2.80951
G1 X-34.918 Y-25.083 E2.83116
G1 X-34.758 Y-24.642 E2.84787
G1 X-34.704 Y-24.174 E2.86465
G1 X-34.758 Y-23.706 E2.88143
G1 X-34.946 Y-23.219 E2.90003
G1 X-35.175 Y-22.869 E2.91493
G1 X-35.515 Y-22.544 E2.93169
G1 X-35.921 Y-22.306 E2.94846
G1 X-36.37 Y-22.166 E2.96521
G1 X-36.843 Y-22.133 E2.9821
G1 X-37.301 Y-22.208 E2.99863
G1 X-37.736 Y-22.387 E3.01539
G1 X-38.118 Y-22.66 E3.03212
G1 X-38.428 Y-23.014 E3.04888
G1 X-38.648 Y-23.429 E3.06561
G1 X-38.77 Y-23.892 E3.08267
G1 X-38.768 Y-24.464 E3.10305
G1 X-38.648 Y-24.919 E3.11981
G1 X-38.428 Y-25.334 E3.13654
G1 X-37.663 Y-26.095 E3.17498
G1 X-37.601 Y-26.531 E3.19067
G1 X-37.821 Y-26.986 E3.20867
G1 X-37.897 Y-27.575 E3.22983
G1 X-37.821 Y-27.998 E3.24514
G1 X-37.636 Y-28.393 E3.26068
G1 X-37.197 Y-28.862 E3.28356
G1 X-36.833 Y-29.064 E3.29839
G1 X-36.431 Y-29.172 E3.31322
G1 X-35.65 Y-29.1 E3.34116
G1 E1.34116 F2400
G92 E0
G1 X-35.65 Y-29.1 F7800
G1 X-37.146 Y-32.292
G1 E2 F2400
G1 F3600
G1 X-37.198 Y-32.606 E2.01134
G1 X-37.076 Y-32.994 E2.02583
G1 X-36.773 Y-33.282 E2.04072
G1 X-36.362 Y-33.383 E2.0558
G1 X-36.316 Y-33.73 E2.06827
G1 X-36.077 Y-33.698 E2.07686
G1 X-35.785 Y-33.573 E2.08818
G1 X-35.364 Y-33.146 E2.10954
G1 X-35.209 Y-32.567 E2.13089
G1 X-35.366 Y-31.979 E2.15257
G1 X-35.784 Y-31.557 E2.17373
G1 X-36.358 Y-31.394 E2.19499
G1 X-36.959 Y-31.545 E2.21707
G1 X-37.377 Y-31.952 E2.23785
G1 X-37.515 Y-32.261 E2.24991
G1 X-37.55 Y-32.612 E2.26248
G1 X-37.377 Y-33.178 E2.28356
G1 X-36.943 Y-33.592 E2.30493
G1 X-36.358 Y-33.736 E2.32639
G1 X-36.358 Y-33.736 F7800
G1 X-36.036 Y-34.046
G1 F3600
G1 X-35.605 Y-33.877 E2.34288
G1 X-35.295 Y-33.634 E2.35691
G1 X-35.057 Y-33.32 E2.37095
G1 X-34.864 Y-32.622 E2.39675
G1 X-34.907 Y-32.175 E2.41275
G1 X-35.092 Y-31.76 E2.42894
G1 X-35.604 Y-31.254 E2.45458
G1 X-36.037 Y-31.084 E2.47115
G1 X-36.746 Y-31.086 E2.49641
G1 X-37.185 Y-31.274 E2.51342
G1 X-37.678 Y-31.767 E2.53826
G1 X-37.862 Y-32.213 E2.55545
G1 X-37.863 Y-32.915 E2.58046
G1 X-37.678 Y-33.363 E2.59773
G1 X-37.43 Y-33.669 E2.61176
G1 X-37.113 Y-33.901 E2.62575
G1 X-36.747 Y-34.044 E2.63975
G1 X-36.078 Y-34.052 E2.66358
G1 E.66358 F2400
G92 E0
G1 X-36.078 Y-34.052 F7800
G1 X-45.658 Y-33.004
G1 E2 F2400
G1 F3600
G1 X-45.421 Y-33.33 E2.01436
G1 X-45.147 Y-33.527 E2.02638
G1 X-44.549 Y-33.695 E2.04851
G1 X-44.529 Y-34.045 E2.061
G1 X-44.196 Y-34.023 E2.07289
G1 X-43.813 Y-33.905 E2.08717
G1 X-43.195 Y-33.438 E2.11476
G1 X-42.982 Y-33.111 E2.12866
G1 X-42.689 Y-32.304 E2.15924
G1 X-41.738 Y-32.634 E2.1951
G1 X-41.359 Y-33.071 E2.21571
G1 X-41.061 Y-33.289 E2.22886
G1 X-40.685 Y-33.446 E2.24338
G1 X-39.912 Y-33.483 E2.27095
G1 X-39.203 Y-33.17 E2.29856
G1 X-38.707 Y-32.575 E2.32616
G1 X-38.53 Y-31.821 E2.35375
G1 X-38.707 Y-31.066 E2.38138
G1 X-39.203 Y-30.47 E2.409
G1 X-39.539 Y-30.273 E2.42288
G1 X-40.301 Y-30.132 E2.45049
G1 X-41.069 Y-30.355 E2.47898
G1 X-41.611 Y-30.86 E2.50537
G1 X-41.937 Y-31.508 E2.53121
G1 X-42.395 Y-31.68 E2.54864
G1 X-43.077 Y-31.458 E2.57419
G1 X-43.479 Y-31.008 E2.59569
G1 X-44.188 Y-30.696 E2.62328
G1 X-44.961 Y-30.733 E2.65085
G1 X-45.337 Y-30.889 E2.66535
G1 X-45.888 Y-31.4 E2.69212
G1 X-46.099 Y-31.827 E2.70909
G1 X-46.178 Y-32.51 E2.73358
G1 X-46.07 Y-32.972 E2.75048
G1 X-45.675 Y-33.571 E2.77604
G1 X-45.319 Y-33.834 E2.79181
G1 X-44.572 Y-34.047 E2.81948
G1 X-44.572 Y-34.047 F7800
G1 X-44.203 Y-34.376
G1 F3600
G1 X-43.671 Y-34.227 E2.83916
G1 X-43.264 Y-33.988 E2.85597
G1 X-42.924 Y-33.663 E2.87273
G1 X-42.667 Y-33.268 E2.88952
G1 X-42.478 Y-32.747 E2.90926
G1 X-41.941 Y-32.934 E2.92952
G1 X-41.284 Y-33.563 E2.96192
G1 X-40.782 Y-33.785 E2.98147
G1 X-40.317 Y-33.861 E2.99825
G1 X-39.847 Y-33.829 E3.01503
G1 X-39.397 Y-33.69 E3.03181
G1 X-38.991 Y-33.452 E3.04858
G1 X-38.65 Y-33.126 E3.06539
G1 X-38.392 Y-32.732 E3.08217
G1 X-38.232 Y-32.288 E3.09898
G1 X-38.178 Y-31.821 E3.11573
G1 X-38.232 Y-31.352 E3.13255
G1 X-38.392 Y-30.909 E3.14933
G1 X-38.65 Y-30.514 E3.16614
G1 X-38.991 Y-30.189 E3.18292
G1 X-39.397 Y-29.951 E3.19969
G1 X-39.847 Y-29.812 E3.21647
G1 X-40.317 Y-29.78 E3.23325
G1 X-40.782 Y-29.856 E3.25003
G1 X-41.282 Y-30.077 E3.2695
G1 X-41.906 Y-30.666 E3.30007
G1 X-42.188 Y-31.229 E3.3225
G1 X-42.403 Y-31.309 E3.33067
G1 X-42.852 Y-31.163 E3.34749
G1 X-43.267 Y-30.726 E3.36896
G1 X-43.674 Y-30.488 E3.38576
G1 X-44.124 Y-30.349 E3.40254
G1 X-44.594 Y-30.318 E3.41932
G1 X-45.058 Y-30.394 E3.43607
G1 X-45.498 Y-30.577 E3.45305
G1 X-45.874 Y-30.85 E3.4696
G1 X-46.181 Y-31.205 E3.48632
G1 X-46.431 Y-31.707 E3.5063
G1 X-46.529 Y-32.546 E3.53639
G1 X-46.4 Y-33.095 E3.55648
G1 X-45.934 Y-33.808 E3.58682
G1 X-45.491 Y-34.142 E3.60658
G1 X-45.056 Y-34.323 E3.62336
G1 X-44.246 Y-34.379 E3.65228
G1 E1.65228 F2400
G92 E0
G1 X-44.246 Y-34.379 F7800
G1 X-47.778 Y-28.728
G1 E2 F2400
G1 F3600
G1 X-47.518 Y-29.072 E2.01536
G1 X-47.268 Y-29.253 E2.02636
G1 X-46.67 Y-29.422 E2.0485
G1 X-46.65 Y-29.771 E2.06095
G1 X-45.934 Y-29.632 E2.08693
G1 X-45.597 Y-29.434 E2.10085
G1 X-45.102 Y-28.838 E2.12845
G1 X-44.925 Y-28.084 E2.15604
G1 X-45.102 Y-27.33 E2.18363
G1 X-45.342 Y-26.975 E2.1989
G1 X-45.934 Y-26.537 E2.22513
G1 X-46.307 Y-26.422 E2.23903
G1 X-47.081 Y-26.459 E2.26663
G1 X-47.435 Y-26.607 E2.2803
G1 X-47.813 Y-26.895 E2.29723
G1 X-48.192 Y-27.477 E2.32197
G1 X-48.297 Y-28.239 E2.34937
G1 X-48.19 Y-28.697 E2.36613
G1 X-48.011 Y-29.037 E2.37982
G1 X-47.44 Y-29.56 E2.4074
G1 X-46.693 Y-29.774 E2.43508
G1 X-46.693 Y-29.774 F7800
G1 X-46.32 Y-30.103
G1 F3600
G1 X-45.792 Y-29.954 E2.45462
G1 X-45.385 Y-29.716 E2.47142
G1 X-45.044 Y-29.39 E2.48823
G1 X-44.652 Y-28.625 E2.51885
G1 X-44.572 Y-28.084 E2.53833
G1 X-44.627 Y-27.616 E2.55512
G1 X-44.787 Y-27.173 E2.5719
G1 X-45.098 Y-26.724 E2.59136
G1 X-45.792 Y-26.215 E2.62202
G1 X-46.243 Y-26.076 E2.63883
G1 X-46.713 Y-26.044 E2.65561
G1 X-47.178 Y-26.121 E2.6724
G1 X-47.611 Y-26.301 E2.6891
G1 X-48.056 Y-26.64 E2.70903
G1 X-48.521 Y-27.351 E2.73929
G1 X-48.638 Y-27.807 E2.75606
G1 X-48.648 Y-28.276 E2.77277
G1 X-48.52 Y-28.82 E2.79268
G1 X-48.303 Y-29.235 E2.80936
G1 X-47.994 Y-29.591 E2.82615
G1 X-47.612 Y-29.868 E2.84296
G1 X-47.177 Y-30.049 E2.85974
G1 X-46.363 Y-30.105 E2.88881
G1 E.88881 F2400
G92 E0
G1 X-46.363 Y-30.105 F7800
G1 X-47.78 Y-23.053
G1 E2 F2400
G1 F3600
G1 X-47.521 Y-23.396 E2.01531
G1 X-47.271 Y-23.577 E2.02631
G1 X-46.672 Y-23.747 E2.04849
G1 X-46.652 Y-24.096 E2.06094
G1 X-45.936 Y-23.957 E2.08692
G1 X-45.599 Y-23.759 E2.10084
G1 X-45.104 Y-23.163 E2.12844
G1 X-44.927 Y-22.409 E2.15603
G1 X-45.104 Y-21.655 E2.18362
G1 X-45.345 Y-21.299 E2.19893
G1 X-45.937 Y-20.862 E2.22514
G1 X-46.31 Y-20.747 E2.23904
G1 X-47.084 Y-20.785 E2.26665
G1 X-47.438 Y-20.933 E2.28032
G1 X-47.814 Y-21.219 E2.29715
G1 X-48.195 Y-21.804 E2.32202
G1 X-48.299 Y-22.565 E2.34938
G1 X-48.192 Y-23.02 E2.36603
G1 X-48.014 Y-23.361 E2.37973
G1 X-47.443 Y-23.885 E2.40734
G1 X-46.695 Y-24.099 E2.43506
G1 X-46.695 Y-24.099 F7800
G1 X-46.324 Y-24.428
G1 F3600
G1 X-45.794 Y-24.279 E2.45467
G1 X-45.387 Y-24.041 E2.47147
G1 X-45.046 Y-23.715 E2.48828
G1 X-44.655 Y-22.953 E2.51879
G1 X-44.574 Y-22.409 E2.53838
G1 X-44.629 Y-21.941 E2.55517
G1 X-44.789 Y-21.498 E2.57195
G1 X-45.101 Y-21.048 E2.59146
G1 X-45.795 Y-20.539 E2.62212
G1 X-46.245 Y-20.401 E2.63889
G1 X-46.716 Y-20.369 E2.65571
G1 X-47.181 Y-20.446 E2.6725
G1 X-47.614 Y-20.627 E2.68922
G1 X-48.057 Y-20.964 E2.70905
G1 X-48.524 Y-21.677 E2.73941
G1 X-48.64 Y-22.133 E2.75617
G1 X-48.65 Y-22.602 E2.77288
G1 X-48.523 Y-23.143 E2.79268
G1 X-48.305 Y-23.559 E2.80941
G1 X-47.997 Y-23.916 E2.82621
G1 X-47.615 Y-24.192 E2.843
G1 X-47.18 Y-24.374 E2.8598
G1 X-46.367 Y-24.43 E2.88883
G1 E.88883 F2400
G92 E0
G1 X-46.367 Y-24.43 F7800
G1 X-48.061 Y-17.707
G1 E2 F2400
G1 F3600
G1 X-47.824 Y-18.033 E2.01436
G1 X-47.55 Y-18.23 E2.02638
G1 X-46.952 Y-18.398 E2.04851
G1 X-46.932 Y-18.748 E2.061
G1 X-46.216 Y-18.608 E2.08699
G1 X-45.88 Y-18.41 E2.10088
G1 X-45.385 Y-17.814 E2.12848
G1 X-45.205 Y-17.318 E2.14728
G1 X-44.789 Y-17.069 E2.16455
G1 X-44.129 Y-17.102 E2.18809
G1 X-43.509 Y-17.452 E2.21345
G1 X-43.072 Y-17.53 E2.22926
G1 X-42.32 Y-17.393 E2.25649
G1 X-41.694 Y-16.921 E2.28442
G1 X-41.349 Y-16.227 E2.31203
G1 X-41.35 Y-15.453 E2.3396
G1 X-41.696 Y-14.76 E2.36719
G1 X-42.314 Y-14.294 E2.39476
G1 X-43.112 Y-14.155 E2.42362
G1 X-43.818 Y-14.365 E2.44986
G1 X-44.134 Y-14.592 E2.46372
G1 X-44.573 Y-15.234 E2.49143
G1 X-44.699 Y-15.676 E2.5078
G1 X-45.134 Y-15.83 E2.52424
G1 X-45.716 Y-15.808 E2.54499
G1 X-46.218 Y-15.513 E2.56573
G1 X-46.98 Y-15.372 E2.59334
G1 X-47.402 Y-15.446 E2.6086
G1 X-48.034 Y-15.81 E2.63458
G1 X-48.338 Y-16.176 E2.65153
G1 X-48.571 Y-16.823 E2.67603
G1 X-48.571 Y-17.297 E2.69292
G1 X-48.475 Y-17.669 E2.70661
G1 X-48.078 Y-18.274 E2.73239
G1 X-47.722 Y-18.537 E2.74816
G1 X-46.974 Y-18.75 E2.77587
G1 X-46.974 Y-18.75 F7800
G1 X-46.606 Y-19.079
G1 F3600
G1 X-46.074 Y-18.93 E2.79555
G1 X-45.667 Y-18.691 E2.81236
G1 X-45.327 Y-18.366 E2.82912
G1 X-45.07 Y-17.971 E2.84591
G1 X-44.918 Y-17.554 E2.86172
G1 X-44.7 Y-17.423 E2.87078
G1 X-44.247 Y-17.446 E2.88694
G1 X-43.636 Y-17.779 E2.91173
G1 X-43.088 Y-17.882 E2.93159
G1 X-42.242 Y-17.736 E2.96217
G1 X-41.763 Y-17.471 E2.98167
G1 X-41.423 Y-17.146 E2.99843
G1 X-41.166 Y-16.751 E3.01522
G1 X-41.006 Y-16.308 E3.032
G1 X-40.959 Y-15.901 E3.0466
G1 X-41.007 Y-15.372 E3.06552
G1 X-41.168 Y-14.929 E3.08231
G1 X-41.425 Y-14.535 E3.09907
G1 X-41.766 Y-14.21 E3.11585
G1 X-42.172 Y-13.972 E3.13262
G1 X-42.622 Y-13.833 E3.1494
G1 X-43.162 Y-13.808 E3.16866
G1 X-43.989 Y-14.057 E3.19943
G1 X-44.371 Y-14.331 E3.21618
G1 X-44.679 Y-14.686 E3.23292
G1 X-44.986 Y-15.406 E3.2608
G1 X-45.187 Y-15.478 E3.26841
G1 X-45.615 Y-15.461 E3.28367
G1 X-46.077 Y-15.191 E3.30273
G1 X-46.527 Y-15.052 E3.31951
G1 X-46.997 Y-15.02 E3.33629
G1 X-47.529 Y-15.12 E3.35557
G1 X-48.276 Y-15.552 E3.38631
G1 X-48.632 Y-15.984 E3.40625
G1 X-48.921 Y-16.779 E3.43638
G1 X-48.921 Y-17.341 E3.4564
G1 X-48.804 Y-17.796 E3.47314
G1 X-48.337 Y-18.51 E3.50353
G1 X-47.894 Y-18.845 E3.52332
G1 X-47.459 Y-19.026 E3.5401
G1 X-46.649 Y-19.082 E3.56902
G1 E1.56902 F2400
G92 E0
G1 X-46.649 Y-19.082 F7800
G1 X-11.557 Y-17.935
G1 E2 F2400
;TYPE:Perimeter
;WIDTH:0.45
G1 F900
G1 X-11.926 Y-17.648 E2.02248
G1 X-12.371 Y-17.428 E2.04636
G1 X-12.851 Y-17.3 E2.07025
G1 X-13.36 Y-17.271 E2.09477
G1 X-13.838 Y-17.338 E2.11798
G1 X-14.307 Y-17.502 E2.14188
G1 X-14.733 Y-17.756 E2.16573
G1 X-15.101 Y-18.09 E2.18963
G1 X-15.327 Y-18.376 E2.20716
G1 X-15.633 Y-19.045 E2.24254
G1 X-15.739 Y-19.603 E2.26986
G1 X-15.709 Y-20.195 E2.29837
G1 X-15.572 Y-20.679 E2.32256
G1 X-15.327 Y-21.145 E2.34788
G1 X-14.967 Y-21.569 E2.37463
G1 X-14.575 Y-21.874 E2.39852
G1 X-14.13 Y-22.094 E2.4224
G1 X-13.647 Y-22.222 E2.44643
G1 X-13.094 Y-22.243 E2.47305
G1 X-12.562 Y-22.151 E2.49902
G1 X-12.033 Y-21.937 E2.52647
G1 X-11.576 Y-21.611 E2.55347
G1 X-11.171 Y-21.137 E2.58346
G1 X-10.94 Y-20.698 E2.60732
G1 X-10.8 Y-20.222 E2.63118
G1 X-10.757 Y-19.727 E2.65508
G1 X-10.813 Y-19.234 E2.67894
G1 X-10.966 Y-18.761 E2.70285
G1 X-11.21 Y-18.328 E2.72675
G1 X-11.514 Y-17.976 E2.74912
G1 X-11.514 Y-17.976 F7800
G1 X-11.819 Y-18.218
G1 F900
G1 X-12.111 Y-17.987 E2.76703
G1 X-12.485 Y-17.796 E2.78723
G1 X-13.011 Y-17.671 E2.81323
G1 X-13.321 Y-17.654 E2.82816
G1 X-13.725 Y-17.706 E2.84775
G1 X-14.122 Y-17.841 E2.86792
G1 X-14.486 Y-18.052 E2.88816
G1 X-14.8 Y-18.33 E2.90833
G1 X-15.011 Y-18.597 E2.9247
G1 X-15.277 Y-19.195 E2.95618
G1 X-15.361 Y-19.708 E2.98118
G1 X-15.316 Y-20.184 E3.00418
G1 X-15.192 Y-20.585 E3.02437
G1 X-14.99 Y-20.953 E3.04456
G1 X-14.719 Y-21.274 E3.06477
G1 X-14.39 Y-21.535 E3.08497
G1 X-14.016 Y-21.726 E3.10517
G1 X-13.608 Y-21.839 E3.12553
G1 X-13.16 Y-21.863 E3.14711
G1 X-12.628 Y-21.771 E3.17308
G1 X-12.164 Y-21.57 E3.1974
G1 X-11.775 Y-21.267 E3.22112
G1 X-11.505 Y-20.945 E3.24133
G1 X-11.305 Y-20.575 E3.26156
G1 X-11.183 Y-20.174 E3.28172
G1 X-11.142 Y-19.756 E3.30192
G1 X-11.185 Y-19.338 E3.32213
G1 X-11.309 Y-18.937 E3.34232
G1 X-11.511 Y-18.569 E3.36251
G1 X-11.774 Y-18.257 E3.38214
G1 X-11.774 Y-18.257 F7800
G1 X-12.081 Y-18.501
;TYPE:External perimeter
G1 F900
G1 X-12.295 Y-18.325 E3.39547
G1 X-12.599 Y-18.165 E3.41199
G1 X-13.049 Y-18.055 E3.43427
G1 X-13.573 Y-18.067 E3.45948
G1 X-13.938 Y-18.18 E3.47786
G1 X-14.238 Y-18.347 E3.49437
G1 X-14.498 Y-18.571 E3.51088
G1 X-14.695 Y-18.819 E3.52611
G1 X-14.922 Y-19.345 E3.55366
G1 X-14.975 Y-19.737 E3.57269
G1 X-14.945 Y-20.079 E3.5892
G1 X-14.849 Y-20.409 E3.60573
G1 X-14.688 Y-20.713 E3.62228
G1 X-14.471 Y-20.979 E3.63879
G1 X-14.206 Y-21.196 E3.65526
G1 X-13.903 Y-21.357 E3.67176
G1 X-13.569 Y-21.455 E3.6885
G1 X-13.226 Y-21.483 E3.70505
G1 X-12.694 Y-21.391 E3.73102
G1 X-12.335 Y-21.222 E3.7501
G1 X-12.064 Y-21.012 E3.76659
G1 X-11.839 Y-20.752 E3.78313
G1 X-11.671 Y-20.453 E3.79963
G1 X-11.565 Y-20.126 E3.81616
G1 X-11.526 Y-19.785 E3.83267
G1 X-11.556 Y-19.443 E3.84918
G1 X-11.653 Y-19.113 E3.86572
G1 X-11.813 Y-18.809 E3.88224
G1 X-12.03 Y-18.543 E3.89875
G1 X-12.035 Y-18.539 E3.89906
G1 X-12.357 Y-18.302 F7800
G1 E1.89906 F2400
G92 E0
G1 X-11.102 Y-10.187 F7800
G1 E2 F2400
;TYPE:Perimeter
G1 F900
G1 X-11.21 Y-9.995 E2.0106
G1 X-11.534 Y-9.619 E2.03447
G1 X-11.926 Y-9.315 E2.05833
G1 X-12.371 Y-9.094 E2.08223
G1 X-12.851 Y-8.966 E2.10612
G1 X-13.347 Y-8.936 E2.13002
G1 X-13.838 Y-9.004 E2.15386
G1 X-14.307 Y-9.169 E2.17777
G1 X-14.786 Y-9.471 E2.205
G1 X-15.168 Y-9.843 E2.23065
G1 X-15.482 Y-10.315 E2.25792
G1 X-15.658 Y-10.78 E2.28183
G1 X-15.739 Y-11.269 E2.30567
G1 X-15.708 Y-11.867 E2.33447
G1 X-15.562 Y-12.37 E2.35966
G1 X-15.327 Y-12.812 E2.38374
G1 X-14.967 Y-13.236 E2.41049
G1 X-14.575 Y-13.54 E2.43435
G1 X-14.13 Y-13.761 E2.45825
G1 X-13.647 Y-13.889 E2.48228
G1 X-13.094 Y-13.91 E2.5089
G1 X-12.562 Y-13.817 E2.53488
G1 X-12.033 Y-13.604 E2.56231
G1 X-11.576 Y-13.278 E2.58931
G1 X-11.171 Y-12.804 E2.6193
G1 X-10.94 Y-12.365 E2.64316
G1 X-10.8 Y-11.888 E2.66707
G1 X-10.757 Y-11.394 E2.69092
G1 X-10.813 Y-10.9 E2.71483
G1 X-10.966 Y-10.428 E2.73869
G1 X-11.072 Y-10.239 E2.74911
G1 X-11.072 Y-10.239 F7800
G1 X-11.433 Y-10.378
G1 F900
G1 X-11.511 Y-10.236 E2.7569
G1 X-11.782 Y-9.914 E2.77714
G1 X-12.111 Y-9.653 E2.79734
G1 X-12.485 Y-9.463 E2.81752
G1 X-12.889 Y-9.35 E2.8377
G1 X-13.308 Y-9.32 E2.8579
G1 X-13.725 Y-9.373 E2.87812
G1 X-14.122 Y-9.508 E2.89829
G1 X-14.517 Y-9.747 E2.9205
G1 X-14.899 Y-10.119 E2.94615
G1 X-15.196 Y-10.613 E2.97387
G1 X-15.318 Y-11.015 E2.99408
G1 X-15.356 Y-11.317 E3.00872
G1 X-15.316 Y-11.85 E3.03443
G1 X-15.192 Y-12.251 E3.05462
G1 X-14.99 Y-12.62 E3.07485
G1 X-14.719 Y-12.941 E3.09506
G1 X-14.39 Y-13.202 E3.11526
G1 X-14.016 Y-13.392 E3.13544
G1 X-13.608 Y-13.505 E3.1558
G1 X-13.16 Y-13.53 E3.17738
G1 X-12.628 Y-13.437 E3.20336
G1 X-12.164 Y-13.237 E3.22766
G1 X-11.775 Y-12.934 E3.25138
G1 X-11.505 Y-12.611 E3.27163
G1 X-11.305 Y-12.242 E3.29182
G1 X-11.183 Y-11.84 E3.31203
G1 X-11.142 Y-11.423 E3.33218
G1 X-11.185 Y-11.005 E3.35239
G1 X-11.309 Y-10.604 E3.37258
G1 X-11.404 Y-10.431 E3.38207
G1 X-11.404 Y-10.431 F7800
G1 X-11.764 Y-10.569
;TYPE:External perimeter
G1 F900
G1 X-11.813 Y-10.476 E3.38713
G1 X-12.03 Y-10.21 E3.40364
G1 X-12.295 Y-9.992 E3.42014
G1 X-12.599 Y-9.831 E3.43669
G1 X-12.928 Y-9.734 E3.45319
G1 X-13.27 Y-9.703 E3.46971
G1 X-13.611 Y-9.741 E3.48621
G1 X-13.938 Y-9.846 E3.50273
G1 X-14.248 Y-10.023 E3.5199
G1 X-14.629 Y-10.395 E3.54551
G1 X-14.83 Y-10.736 E3.56455
G1 X-14.936 Y-11.063 E3.58108
G1 X-14.974 Y-11.365 E3.59572
G1 X-14.945 Y-11.746 E3.6141
G1 X-14.849 Y-12.075 E3.63058
G1 X-14.688 Y-12.379 E3.64713
G1 X-14.471 Y-12.645 E3.66364
G1 X-14.206 Y-12.863 E3.68014
G1 X-13.903 Y-13.024 E3.69664
G1 X-13.569 Y-13.122 E3.71338
G1 X-13.226 Y-13.15 E3.72993
G1 X-12.694 Y-13.057 E3.75591
G1 X-12.335 Y-12.889 E3.77497
G1 X-12.064 Y-12.678 E3.79149
G1 X-11.839 Y-12.418 E3.80803
G1 X-11.671 Y-12.119 E3.82453
G1 X-11.565 Y-11.792 E3.84106
G1 X-11.526 Y-11.451 E3.85757
G1 X-11.556 Y-11.109 E3.87408
G1 X-11.653 Y-10.78 E3.89058
G1 X-11.736 Y-10.622 E3.89916
G1 X-11.966 Y-10.295 F7800
G1 E1.89916 F2400
G92 E0
G1 X-11.555 Y-29.921 F7800
G1 E2 F2400
;TYPE:Perimeter
G1 F900
G1 X-11.171 Y-29.471 E2.02845
G1 X-10.94 Y-29.031 E2.05235
G1 X-10.8 Y-28.555 E2.07621
G1 X-10.757 Y-28.06 E2.10011
G1 X-10.813 Y-27.567 E2.12397
G1 X-10.966 Y-27.095 E2.14783
G1 X-11.21 Y-26.662 E2.17173
G1 X-11.534 Y-26.286 E2.1956
G1 X-11.926 Y-25.981 E2.21949
G1 X-12.371 Y-25.761 E2.24337
G1 X-12.851 Y-25.633 E2.26726
G1 X-13.36 Y-25.604 E2.29178
G1 X-13.838 Y-25.671 E2.31499
G1 X-14.307 Y-25.836 E2.3389
G1 X-14.733 Y-26.09 E2.36275
G1 X-15.101 Y-26.423 E2.38662
G1 X-15.412 Y-26.858 E2.41234
G1 X-15.633 Y-27.379 E2.43956
G1 X-15.739 Y-27.936 E2.46683
G1 X-15.709 Y-28.528 E2.49534
G1 X-15.563 Y-29.035 E2.52072
G1 X-15.291 Y-29.527 E2.54776
G1 X-14.957 Y-29.911 E2.57224
G1 X-14.575 Y-30.207 E2.59548
G1 X-14.13 Y-30.427 E2.61936
G1 X-13.647 Y-30.556 E2.6434
G1 X-13.173 Y-30.587 E2.66625
G1 X-12.562 Y-30.484 E2.69605
G1 X-12.033 Y-30.27 E2.7235
G1 X-11.598 Y-29.961 E2.74916
G1 X-11.598 Y-29.961 F7800
G1 X-11.82 Y-29.636
G1 F900
G1 X-11.775 Y-29.6 E2.75193
G1 X-11.505 Y-29.278 E2.77214
G1 X-11.305 Y-28.909 E2.79233
G1 X-11.183 Y-28.507 E2.81254
G1 X-11.142 Y-28.089 E2.83274
G1 X-11.185 Y-27.671 E2.85295
G1 X-11.309 Y-27.27 E2.87314
G1 X-11.511 Y-26.902 E2.89333
G1 X-11.782 Y-26.581 E2.91354
G1 X-12.111 Y-26.32 E2.93374
G1 X-12.485 Y-26.129 E2.95394
G1 X-13.011 Y-26.005 E2.97993
G1 X-13.321 Y-25.988 E2.99486
G1 X-13.725 Y-26.04 E3.01445
G1 X-14.122 Y-26.174 E3.0346
G1 X-14.486 Y-26.385 E3.05484
G1 X-14.8 Y-26.664 E3.07504
G1 X-15.07 Y-27.038 E3.09723
G1 X-15.279 Y-27.533 E3.12307
G1 X-15.361 Y-28.042 E3.14787
G1 X-15.316 Y-28.517 E3.17082
G1 X-15.192 Y-28.918 E3.19101
G1 X-14.99 Y-29.286 E3.2112
G1 X-14.709 Y-29.616 E3.23205
G1 X-14.39 Y-29.868 E3.2516
G1 X-14.016 Y-30.059 E3.2718
G1 X-13.608 Y-30.172 E3.29216
G1 X-13.207 Y-30.202 E3.3115
G1 X-12.628 Y-30.104 E3.33974
G1 X-12.164 Y-29.903 E3.36406
G1 X-11.868 Y-29.673 E3.38209
G1 X-11.868 Y-29.673 F7800
G1 X-12.079 Y-29.357
;TYPE:External perimeter
G1 F900
G1 X-12.064 Y-29.345 E3.38301
G1 X-11.839 Y-29.085 E3.39955
G1 X-11.671 Y-28.786 E3.41605
G1 X-11.565 Y-28.459 E3.43258
G1 X-11.526 Y-28.118 E3.44909
G1 X-11.556 Y-27.776 E3.4656
G1 X-11.653 Y-27.446 E3.48214
G1 X-11.813 Y-27.143 E3.49862
G1 X-12.03 Y-26.877 E3.51513
G1 X-12.295 Y-26.659 E3.53163
G1 X-12.599 Y-26.498 E3.54818
G1 X-13.049 Y-26.388 E3.57046
G1 X-13.573 Y-26.4 E3.59567
G1 X-13.938 Y-26.513 E3.61405
G1 X-14.238 Y-26.68 E3.63056
G1 X-14.498 Y-26.904 E3.64707
G1 X-14.715 Y-27.188 E3.66426
G1 X-14.923 Y-27.68 E3.68995
G1 X-14.975 Y-28.07 E3.70887
G1 X-14.945 Y-28.413 E3.72543
G1 X-14.849 Y-28.742 E3.74191
G1 X-14.689 Y-29.046 E3.75843
G1 X-14.461 Y-29.321 E3.77561
G1 X-14.206 Y-29.53 E3.79147
G1 X-13.903 Y-29.69 E3.80795
G1 X-13.569 Y-29.788 E3.82469
G1 X-13.241 Y-29.818 E3.84053
G1 X-12.694 Y-29.724 E3.86722
G1 X-12.335 Y-29.555 E3.8863
G1 X-12.126 Y-29.394 E3.89899
G1 X-11.86 Y-29.096 F7800
G1 E1.89899 F2400
G92 E0
G1 X-10.803 Y-35.996 F7800
G1 E2 F2400
;TYPE:Perimeter
G1 F900
G1 X-10.813 Y-35.9 E2.00464
G1 X-10.966 Y-35.428 E2.0285
G1 X-11.21 Y-34.995 E2.0524
G1 X-11.534 Y-34.619 E2.07627
G1 X-11.926 Y-34.315 E2.10013
G1 X-12.371 Y-34.094 E2.12403
G1 X-12.851 Y-33.966 E2.14792
G1 X-13.36 Y-33.937 E2.17244
G1 X-13.838 Y-34.004 E2.19565
G1 X-14.307 Y-34.169 E2.21956
G1 X-14.786 Y-34.471 E2.24679
G1 X-15.168 Y-34.843 E2.27244
G1 X-15.509 Y-35.365 E2.30243
G1 X-15.683 Y-35.866 E2.32794
G1 X-15.744 Y-36.461 E2.35671
G1 X-15.688 Y-36.955 E2.38062
G1 X-15.535 Y-37.427 E2.40448
G1 X-15.291 Y-37.86 E2.42838
G1 X-14.967 Y-38.236 E2.45225
G1 X-14.575 Y-38.54 E2.47611
G1 X-14.13 Y-38.761 E2.50001
G1 X-13.652 Y-38.889 E2.52381
G1 X-13.094 Y-38.91 E2.55067
G1 X-12.562 Y-38.817 E2.57665
G1 X-12.033 Y-38.604 E2.60408
G1 X-11.626 Y-38.319 E2.62798
G1 X-11.284 Y-37.96 E2.65183
G1 X-11.019 Y-37.54 E2.67572
G1 X-10.822 Y-37.003 E2.70323
G1 X-10.755 Y-36.466 E2.72926
G1 X-10.797 Y-36.056 E2.74908
G1 X-10.797 Y-36.056 F7800
G1 X-11.179 Y-36.062
G1 F900
G1 X-11.185 Y-36.005 E2.75184
G1 X-11.309 Y-35.604 E2.77203
G1 X-11.511 Y-35.236 E2.79222
G1 X-11.782 Y-34.914 E2.81246
G1 X-12.111 Y-34.653 E2.83266
G1 X-12.485 Y-34.463 E2.85284
G1 X-13.011 Y-34.338 E2.87884
G1 X-13.321 Y-34.321 E2.89377
G1 X-13.725 Y-34.373 E2.91336
G1 X-14.122 Y-34.508 E2.93353
G1 X-14.527 Y-34.757 E2.9564
G1 X-14.899 Y-35.119 E2.98137
G1 X-15.164 Y-35.538 E3.00521
G1 X-15.318 Y-36.015 E3.02932
G1 X-15.359 Y-36.433 E3.04952
G1 X-15.316 Y-36.85 E3.06968
G1 X-15.192 Y-37.251 E3.08987
G1 X-14.99 Y-37.62 E3.1101
G1 X-14.719 Y-37.941 E3.13031
G1 X-14.39 Y-38.202 E3.15051
G1 X-14.016 Y-38.392 E3.17069
G1 X-13.613 Y-38.505 E3.19082
G1 X-13.16 Y-38.53 E3.21264
G1 X-12.628 Y-38.437 E3.23862
G1 X-12.201 Y-38.256 E3.26093
G1 X-11.775 Y-37.934 E3.28661
G1 X-11.505 Y-37.611 E3.30686
G1 X-11.305 Y-37.242 E3.32705
G1 X-11.183 Y-36.84 E3.34726
G1 X-11.142 Y-36.422 E3.36746
G1 X-11.173 Y-36.122 E3.38197
G1 X-11.173 Y-36.122 F7800
G1 X-11.554 Y-36.128
;TYPE:External perimeter
G1 F900
G1 X-11.556 Y-36.109 E3.38289
G1 X-11.653 Y-35.78 E3.39939
G1 X-11.813 Y-35.476 E3.41591
G1 X-12.03 Y-35.21 E3.43242
G1 X-12.295 Y-34.992 E3.44892
G1 X-12.599 Y-34.831 E3.46547
G1 X-13.049 Y-34.722 E3.48774
G1 X-13.573 Y-34.734 E3.51295
G1 X-13.938 Y-34.846 E3.53131
G1 X-14.258 Y-35.033 E3.54914
G1 X-14.629 Y-35.395 E3.57407
G1 X-14.82 Y-35.711 E3.59183
G1 X-14.936 Y-36.063 E3.60966
G1 X-14.975 Y-36.404 E3.62617
G1 X-14.945 Y-36.746 E3.64268
G1 X-14.849 Y-37.075 E3.65916
G1 X-14.689 Y-37.379 E3.67568
G1 X-14.471 Y-37.645 E3.69222
G1 X-14.206 Y-37.863 E3.70872
G1 X-13.903 Y-38.024 E3.72522
G1 X-13.574 Y-38.121 E3.74172
G1 X-13.226 Y-38.15 E3.75852
G1 X-12.694 Y-38.057 E3.7845
G1 X-12.335 Y-37.889 E3.80356
G1 X-12.064 Y-37.678 E3.82008
G1 X-11.839 Y-37.418 E3.83662
G1 X-11.671 Y-37.119 E3.85312
G1 X-11.565 Y-36.792 E3.86965
G1 X-11.526 Y-36.451 E3.88616
G1 X-11.549 Y-36.188 E3.89886
G1 X-11.655 Y-35.802 F7800
G1 E1.89886 F2400
G92 E0
G1 X-33.009 Y-40.431 F7800
G1 E2 F2400
;TYPE:Perimeter
G1 F3600
G1 X-5.391 Y-40.431 E3.32833
G1 X-5.391 Y-37.675 E3.46088
G1 X-5.391 Y-7.424 E4.91585
G1 X-33.009 Y-7.424 E6.24418
G1 X-33.009 Y-40.371 E7.82882
G1 X-33.009 Y-40.371 F7800
G1 X-33.395 Y-40.817
G1 F3600
G1 X-5.006 Y-40.817 E9.19423
G1 X-5.006 Y-37.675 E9.34535
G1 X-5.006 Y-7.038 E10.81888
G1 X-33.395 Y-7.038 E12.18429
G1 X-33.395 Y-40.757 E13.80606
G1 X-33.395 Y-40.757 F7800
G1 X-33.78 Y-41.203
;TYPE:External perimeter
G1 F1800
G1 X-4.62 Y-41.203 E15.20855
G1 X-4.62 Y-37.675 E15.37823
G1 X-4.62 Y-6.653 E16.87028
G1 X-33.78 Y-6.653 E18.27277
G1 X-33.78 Y-41.143 E19.93162
G1 X-33.385 Y-41.202 F7800
G1 E17.93162 F2400
G92 E0
G1 X-24.91 Y-40.316 F7800
G1 E2 F2400
;TYPE:Internal infill
;WIDTH:0.45
G1 F4800
G1 X-14.913 Y-30.318 E2.68002
G1 X-15.262 Y-30.022 E2.70203
G1 X-15.575 Y-29.63 E2.72616
G1 X-15.83 Y-29.147 E2.75243
G1 X-15.994 Y-28.579 E2.78086
G1 X-16.007 Y-27.777 E2.81944
G1 X-28.372 Y-40.142 E3.66049
G1 X-32.008 Y-40.142 E3.83537
G1 X-14.226 Y-22.361 E5.04485
G1 X-14.827 Y-22.058 E5.07722
G1 X-15.254 Y-21.697 E5.10411
G1 X-15.601 Y-21.257 E5.13106
G1 X-15.845 Y-20.777 E5.15696
G1 X-15.94 Y-20.439 E5.17385
G1 X-32.72 Y-37.219 E6.31521
G1 X-32.72 Y-33.583 E6.49009
G1 X-13.345 Y-14.208 E7.80795
G1 X-13.807 Y-14.157 E7.83031
G1 X-14.337 Y-13.993 E7.85699
G1 X-14.827 Y-13.725 E7.88385
G1 X-15.254 Y-13.364 E7.91074
G1 X-15.633 Y-12.861 E7.94103
G1 X-32.72 Y-29.947 E9.10323
G1 X-32.72 Y-26.312 E9.27806
G1 X-14.121 Y-7.713 E10.54314
G1 X-10.486 Y-7.713 E10.71797
G1 X-11.817 Y-9.045 E10.80854
G1 X-11.344 Y-9.401 E10.83701
G1 X-10.85 Y-10.02 E10.8751
G1 X-10.619 Y-10.524 E10.90177
G1 X-10.475 Y-11.338 E10.94153
G1 X-6.85 Y-7.713 E11.1881
G1 X-5.68 Y-7.713 E11.24437
G1 X-5.68 Y-10.179 E11.36298
G1 X-12.568 Y-17.067 E11.83149
G1 X-12.142 Y-17.205 E11.85303
G1 X-11.654 Y-17.478 E11.87992
G1 X-11.248 Y-17.824 E11.90558
G1 X-10.85 Y-18.353 E11.93742
G1 X-10.648 Y-18.783 E11.96027
G1 X-5.68 Y-13.815 E12.29819
G1 X-5.68 Y-17.45 E12.47302
G1 X-13.57 Y-25.34 E13.00969
G1 X-13.25 Y-25.308 E13.02516
G1 X-12.636 Y-25.378 E13.05488
G1 X-12.142 Y-25.538 E13.07985
G1 X-11.654 Y-25.811 E13.10674
G1 X-11.248 Y-26.157 E13.1324
G1 X-11.025 Y-26.431 E13.14939
G1 X-5.507 Y-20.913 E13.52472
G1 E11.52472 F2400
G92 E0
G1 X-5.507 Y-20.913 F7800
G1 X-17.583 Y-7.539
G1 E2 F2400
G1 F4800
G1 X-32.72 Y-22.676 E3.0296
G1 X-32.72 Y-19.04 E3.20448
G1 X-21.393 Y-7.713 E3.97493
G1 X-25.028 Y-7.713 E4.14976
G1 X-32.72 Y-15.405 E4.67296
G1 X-32.72 Y-11.769 E4.84784
G1 X-28.664 Y-7.713 E5.12372
G1 X-32.3 Y-7.713 E5.2986
G1 X-32.893 Y-8.307 E5.33897
G1 E3.33897 F2400
G92 E0
G1 X-32.893 Y-8.307 F7800
G1 X-14.003 Y-40.316
G1 E2 F2400
G1 F4800
G1 X-12.848 Y-39.16 E2.0786
G1 X-13.38 Y-39.207 E2.10429
G1 X-14.22 Y-39.036 E2.14552
G1 X-14.916 Y-38.657 E2.18364
G1 X-15.449 Y-38.126 E2.21983
G1 X-17.465 Y-40.142 E2.35696
G1 X-21.101 Y-40.142 E2.53184
G1 X-5.68 Y-24.722 E3.58072
G1 X-5.68 Y-28.357 E3.75555
G1 X-11.553 Y-34.23 E4.15502
G1 X-10.981 Y-34.818 E4.19447
G1 X-10.707 Y-35.3 E4.22114
G1 X-10.507 Y-35.945 E4.25362
G1 X-10.465 Y-36.468 E4.27886
G1 X-10.509 Y-36.822 E4.29602
G1 X-5.68 Y-31.993 E4.62448
G1 X-5.68 Y-35.629 E4.79936
G1 X-10.194 Y-40.142 E5.10636
G1 X-6.558 Y-40.142 E5.28124
G1 X-5.507 Y-39.091 E5.35273
M106 S255
;LAYER_CHANGE
;Z:0.95
;HEIGHT:0.3
G1 Z.95 F7800
G1 E3.35273 F2400
G92 E0
G1 X-5.507 Y-39.091 F7800
G1 X-38.111 Y-15.485
G1 E2 F2400
;TYPE:Support material
;WIDTH:0.35
G1 F3600
G1 X-37.693 Y-16.051 E2.02507
G1 X-37.09 Y-16.281 E2.04806
G1 X-37.085 Y-16.631 E2.06053
G1 X-36.394 Y-16.534 E2.08539
G1 X-36.063 Y-16.359 E2.09873
G1 X-35.665 Y-15.949 E2.11909
G1 X-35.433 Y-15.454 E2.13856
G1 X-35.424 Y-14.709 E2.1651
G1 X-35.755 Y-14.044 E2.19156
G1 X-36.365 Y-13.6 E2.21844
G1 X-37.101 Y-13.487 E2.24497
G1 X-37.802 Y-13.718 E2.27126
G1 X-38.336 Y-14.269 E2.29859
G1 X-38.546 Y-14.999 E2.32565
G1 X-38.476 Y-15.525 E2.34455
G1 X-38.329 Y-15.86 E2.35758
G1 X-37.836 Y-16.381 E2.38313
G1 X-37.128 Y-16.632 E2.40989
G1 X-37.128 Y-16.632 F7800
G1 X-36.709 Y-16.976
G1 F3600
G1 X-36.267 Y-16.863 E2.42614
G1 X-35.862 Y-16.649 E2.44246
G1 X-35.378 Y-16.149 E2.46725
G1 X-35.092 Y-15.541 E2.49119
G1 X-35.031 Y-15.087 E2.50751
G1 X-35.08 Y-14.63 E2.52388
G1 X-35.397 Y-13.949 E2.55064
G1 X-35.825 Y-13.502 E2.57269
G1 X-36.524 Y-13.187 E2.6
G1 X-37.131 Y-13.136 E2.6217
G1 X-37.851 Y-13.347 E2.64843
G1 X-38.364 Y-13.726 E2.67115
G1 X-38.748 Y-14.314 E2.69617
G1 X-38.872 Y-14.742 E2.71204
G1 X-38.895 Y-15.184 E2.72781
G1 X-38.813 Y-15.628 E2.74389
G1 X-38.633 Y-16.038 E2.75984
G1 X-38.131 Y-16.597 E2.78661
G1 X-37.608 Y-16.882 E2.80783
G1 X-37.165 Y-16.982 E2.82401
G1 X-36.752 Y-16.977 E2.83872
G1 E.83872 F2400
G92 E0
G1 X-36.752 Y-16.977 F7800
G1 X-37.682 Y-20.042
G1 E2 F2400
G1 F3600
G1 X-37.454 Y-20.577 E2.02072
G1 X-37.016 Y-20.894 E2.03998
G1 X-36.526 Y-20.955 E2.05757
G1 X-36.446 Y-21.296 E2.07005
G1 X-35.975 Y-21.139 E2.08774
G1 X-35.595 Y-20.846 E2.10483
G1 X-35.278 Y-20.245 E2.12904
G1 X-35.279 Y-19.566 E2.15323
G1 X-35.598 Y-18.966 E2.17744
G1 X-36.164 Y-18.583 E2.20179
G1 X-36.832 Y-18.513 E2.22572
G1 X-37.454 Y-18.758 E2.24954
G1 X-37.901 Y-19.288 E2.27424
G1 X-38.046 Y-19.951 E2.29842
G1 X-37.896 Y-20.54 E2.32007
G1 X-37.72 Y-20.808 E2.33149
G1 X-37.152 Y-21.218 E2.35645
G1 X-36.488 Y-21.306 E2.38031
G1 X-36.488 Y-21.306 F7800
G1 X-36.032 Y-21.558
G1 F3600
G1 X-35.655 Y-21.364 E2.39541
G1 X-35.332 Y-21.081 E2.41071
G1 X-35.088 Y-20.73 E2.42594
G1 X-34.936 Y-20.33 E2.44118
G1 X-34.9 Y-19.781 E2.46078
G1 X-35.09 Y-19.081 E2.48662
G1 X-35.335 Y-18.73 E2.50187
G1 X-35.657 Y-18.45 E2.51707
G1 X-36.039 Y-18.254 E2.53237
G1 X-36.451 Y-18.158 E2.54744
G1 X-36.88 Y-18.164 E2.56272
G1 X-37.296 Y-18.274 E2.57805
G1 X-37.666 Y-18.477 E2.59308
G1 X-37.983 Y-18.772 E2.60851
G1 X-38.218 Y-19.134 E2.62388
G1 X-38.36 Y-19.546 E2.6394
G1 X-38.396 Y-19.972 E2.65463
G1 X-38.217 Y-20.684 E2.68078
G1 X-37.986 Y-21.039 E2.69587
G1 X-37.668 Y-21.334 E2.71132
G1 X-37.289 Y-21.543 E2.72674
G1 X-36.88 Y-21.65 E2.7418
G1 X-36.074 Y-21.568 E2.77066
G1 E.77066 F2400
G92 E0
G1 X-36.074 Y-21.568 F7800
G1 X-37.048 Y-27.184
G1 E2 F2400
G1 F3600
G1 X-37.096 Y-27.585 E2.01439
G1 X-37.04 Y-27.82 E2.023
G1 X-36.734 Y-28.232 E2.04128
G1 X-36.366 Y-28.378 E2.05538
G1 X-36.362 Y-28.728 E2.06785
G1 X-35.82 Y-28.648 E2.08737
G1 X-35.525 Y-28.475 E2.09955
G1 X-35.174 Y-28.057 E2.11899
G1 X-35.041 Y-27.492 E2.13967
G1 X-35.176 Y-26.927 E2.16036
G1 X-35.556 Y-26.485 E2.18112
G1 X-35.996 Y-26.246 E2.19896
G1 X-35.745 Y-25.369 E2.23146
G1 X-35.364 Y-24.89 E2.25326
G1 X-35.237 Y-24.542 E2.26646
G1 X-35.237 Y-23.806 E2.29268
G1 X-35.568 Y-23.151 E2.31882
G1 X-35.838 Y-22.898 E2.332
G1 X-36.509 Y-22.613 E2.35797
G1 X-37.252 Y-22.666 E2.38451
G1 X-37.877 Y-23.045 E2.41055
G1 X-38.268 Y-23.675 E2.43696
G1 X-38.345 Y-24.296 E2.45925
G1 X-38.11 Y-25.012 E2.4861
G1 X-37.877 Y-25.303 E2.49938
G1 X-37.278 Y-25.685 E2.52469
G1 X-37.194 Y-25.954 E2.53473
G1 X-37.085 Y-26.511 E2.55495
G1 X-37.438 Y-27.288 E2.58535
G1 X-37.37 Y-27.946 E2.60892
G1 X-36.952 Y-28.511 E2.63396
G1 X-36.405 Y-28.728 E2.65492
G1 X-36.405 Y-28.728 F7800
G1 X-36.053 Y-29.073
G1 F3600
G1 X-35.684 Y-28.974 E2.66853
G1 X-35.315 Y-28.758 E2.68376
G1 X-34.859 Y-28.215 E2.70902
G1 X-34.731 Y-27.862 E2.7224
G1 X-34.733 Y-27.119 E2.74887
G1 X-34.862 Y-26.768 E2.76219
G1 X-35.071 Y-26.455 E2.7756
G1 X-35.582 Y-26.072 E2.79835
G1 X-35.434 Y-25.556 E2.81747
G1 X-35.05 Y-25.049 E2.84013
G1 X-34.894 Y-24.624 E2.85626
G1 X-34.841 Y-24.174 E2.8724
G1 X-34.894 Y-23.724 E2.88854
G1 X-35.122 Y-23.188 E2.90929
G1 X-35.63 Y-22.614 E2.9366
G1 X-36.213 Y-22.331 E2.95969
G1 X-36.907 Y-22.244 E2.98461
G1 X-37.603 Y-22.434 E3.01031
G1 X-38.124 Y-22.794 E3.03287
G1 X-38.409 Y-23.15 E3.04912
G1 X-38.603 Y-23.564 E3.06541
G1 X-38.695 Y-24.331 E3.09293
G1 X-38.603 Y-24.784 E3.1094
G1 X-38.409 Y-25.199 E3.12572
G1 X-38.124 Y-25.554 E3.14194
G1 X-37.568 Y-25.932 E3.16589
G1 X-37.534 Y-26.041 E3.16996
G1 X-37.453 Y-26.455 E3.18499
G1 X-37.7 Y-26.913 E3.20353
G1 X-37.798 Y-27.659 E3.23033
G1 X-37.7 Y-28.072 E3.24545
G1 X-37.494 Y-28.452 E3.26085
G1 X-37.17 Y-28.789 E3.2775
G1 X-36.824 Y-28.989 E3.29174
G1 X-36.096 Y-29.074 E3.31785
G1 E1.31785 F2400
G92 E0
G1 X-36.096 Y-29.074 F7800
G1 X-37.405 Y-32.836
G1 E2 F2400
G1 F3600
G1 X-37.082 Y-33.362 E2.02199
G1 X-36.689 Y-33.578 E2.03797
G1 X-36.406 Y-33.621 E2.04817
G1 X-36.375 Y-33.97 E2.06065
G1 X-35.705 Y-33.794 E2.08533
G1 X-35.178 Y-33.277 E2.11163
G1 X-34.985 Y-32.566 E2.13788
G1 X-35.087 Y-32.064 E2.15613
G1 X-35.405 Y-31.559 E2.17739
G1 X-36.046 Y-31.198 E2.2036
G1 X-36.79 Y-31.212 E2.23011
G1 X-37.418 Y-31.6 E2.25641
G1 X-37.638 Y-31.908 E2.26989
G1 X-37.798 Y-32.633 E2.29634
G1 X-37.636 Y-33.224 E2.31817
G1 X-37.132 Y-33.764 E2.34448
G1 X-36.418 Y-33.973 E2.37098
G1 E.37098 F2400
G92 E0
G1 X-36.418 Y-33.973 F7800
G1 X-41.366 Y-32.267
G1 E2 F2400
G1 F3600
G1 X-40.998 Y-32.773 E2.02229
G1 X-40.613 Y-32.985 E2.03795
G1 X-40.328 Y-33.045 E2.04833
G1 X-40.317 Y-33.395 E2.0608
G1 X-39.62 Y-33.285 E2.08594
G1 X-39.302 Y-33.109 E2.09889
G1 X-39.022 Y-32.853 E2.11241
G1 X-38.683 Y-32.192 E2.13887
G1 X-38.683 Y-31.449 E2.16534
G1 X-39.022 Y-30.788 E2.1918
G1 X-39.631 Y-30.352 E2.21848
G1 X-40.36 Y-30.245 E2.24473
G1 X-41.055 Y-30.476 E2.27082
G1 X-41.588 Y-31.026 E2.2981
G1 X-41.8 Y-31.725 E2.32412
G1 X-41.734 Y-32.284 E2.34417
G1 X-41.588 Y-32.615 E2.35706
G1 X-41.073 Y-33.153 E2.38359
G1 X-40.36 Y-33.396 E2.41042
G1 X-40.36 Y-33.396 F7800
G1 X-39.934 Y-33.733
G1 F3600
G1 X-39.295 Y-33.509 E2.43454
G1 X-38.755 Y-33.083 E2.45904
G1 X-38.499 Y-32.704 E2.47533
G1 X-38.34 Y-32.275 E2.49163
G1 X-38.313 Y-31.587 E2.51616
G1 X-38.499 Y-30.937 E2.54025
G1 X-38.755 Y-30.558 E2.55654
G1 X-39.092 Y-30.249 E2.57283
G1 X-39.717 Y-29.96 E2.59736
G1 X-40.391 Y-29.894 E2.62149
G1 X-41.054 Y-30.08 E2.64602
G1 X-41.606 Y-30.473 E2.67016
G1 X-41.886 Y-30.839 E2.68658
G1 X-42.069 Y-31.254 E2.70274
G1 X-42.15 Y-31.937 E2.72724
G1 X-42.069 Y-32.387 E2.74353
G1 X-41.886 Y-32.802 E2.75969
G1 X-41.44 Y-33.317 E2.78396
G1 X-40.839 Y-33.653 E2.80849
G1 X-40.391 Y-33.747 E2.8248
G1 X-39.977 Y-33.735 E2.83955
G1 E.83955 F2400
G92 E0
G1 X-39.977 Y-33.735 F7800
G1 X-45.637 Y-32.829
G1 E2 F2400
G1 F3600
G1 X-45.376 Y-33.223 E2.01684
G1 X-45.149 Y-33.406 E2.02723
G1 X-44.579 Y-33.592 E2.04859
G1 X-44.579 Y-33.942 E2.06106
G1 X-43.895 Y-33.828 E2.08576
G1 X-43.568 Y-33.645 E2.09911
G1 X-43.086 Y-33.079 E2.12559
G1 X-42.915 Y-32.358 E2.15199
G1 X-43.093 Y-31.637 E2.17845
G1 X-43.306 Y-31.324 E2.19194
G1 X-43.908 Y-30.898 E2.21821
G1 X-44.64 Y-30.79 E2.24457
G1 X-45.333 Y-31.021 E2.27059
G1 X-45.855 Y-31.555 E2.29719
G1 X-46.076 Y-32.259 E2.32348
G1 X-46.01 Y-32.829 E2.34392
G1 X-45.864 Y-33.161 E2.35684
G1 X-45.336 Y-33.705 E2.38385
G1 X-44.622 Y-33.942 E2.41065
G1 X-44.622 Y-33.942 F7800
G1 X-44.463 Y-34.292
G1 F3600
G1 X-43.761 Y-34.154 E2.43614
G1 X-43.362 Y-33.931 E2.45242
G1 X-43.026 Y-33.62 E2.46873
G1 X-42.695 Y-33.033 E2.49274
G1 X-42.563 Y-32.356 E2.51731
G1 X-42.619 Y-31.902 E2.53361
G1 X-42.78 Y-31.474 E2.5499
G1 X-43.189 Y-30.953 E2.5735
G1 X-43.776 Y-30.571 E2.59845
G1 X-44.217 Y-30.452 E2.61472
G1 X-44.672 Y-30.439 E2.63094
G1 X-45.311 Y-30.616 E2.65456
G1 X-45.881 Y-31.015 E2.67935
G1 X-46.158 Y-31.375 E2.69553
G1 X-46.344 Y-31.794 E2.71186
G1 X-46.427 Y-32.477 E2.73637
G1 X-46.274 Y-33.125 E2.76009
G1 X-45.881 Y-33.715 E2.78534
G1 X-45.524 Y-34.003 E2.80168
G1 X-45.109 Y-34.199 E2.81803
G1 X-44.506 Y-34.292 E2.83977
G1 E.83977 F2400
G92 E0
G1 X-44.506 Y-34.292 F7800
G1 X-47.764 Y-28.518
G1 E2 F2400
G1 F3600
G1 X-47.495 Y-28.941 E2.01786
G1 X-47.269 Y-29.125 E2.02824
G1 X-46.73 Y-29.311 E2.04855
G1 X-46.72 Y-29.661 E2.06102
G1 X-46.012 Y-29.55 E2.08655
G1 X-45.694 Y-29.374 E2.0995
G1 X-45.414 Y-29.118 E2.11302
G1 X-45.075 Y-28.456 E2.13952
G1 X-45.075 Y-27.713 E2.16599
G1 X-45.416 Y-27.052 E2.19249
G1 X-46.027 Y-26.616 E2.21923
G1 X-46.756 Y-26.511 E2.24547
G1 X-47.459 Y-26.751 E2.27193
G1 X-47.977 Y-27.284 E2.29841
G1 X-48.193 Y-27.993 E2.32481
G1 X-48.128 Y-28.545 E2.34461
G1 X-47.983 Y-28.877 E2.35752
G1 X-47.458 Y-29.423 E2.3845
G1 X-46.762 Y-29.662 E2.41072
G1 X-46.762 Y-29.662 F7800
G1 X-46.327 Y-29.999
G1 F3600
G1 X-45.697 Y-29.78 E2.43448
G1 X-45.147 Y-29.348 E2.45939
G1 X-44.891 Y-28.968 E2.47571
G1 X-44.732 Y-28.539 E2.49201
G1 X-44.707 Y-27.843 E2.51682
G1 X-44.893 Y-27.2 E2.54067
G1 X-45.15 Y-26.821 E2.55698
G1 X-45.488 Y-26.513 E2.57327
G1 X-46.11 Y-26.226 E2.59767
G1 X-46.788 Y-26.16 E2.62194
G1 X-47.236 Y-26.256 E2.63826
G1 X-47.648 Y-26.453 E2.65453
G1 X-48.005 Y-26.744 E2.67094
G1 X-48.279 Y-27.105 E2.68709
G1 X-48.462 Y-27.523 E2.70335
G1 X-48.543 Y-28.196 E2.7275
G1 X-48.382 Y-28.862 E2.75191
G1 X-48.002 Y-29.431 E2.77628
G1 X-47.647 Y-29.72 E2.79259
G1 X-47.231 Y-29.919 E2.80902
G1 X-46.788 Y-30.013 E2.82515
G1 X-46.37 Y-30 E2.84005
G1 E.84005 F2400
G92 E0
G1 X-46.37 Y-30 F7800
G1 X-47.763 Y-22.842
G1 E2 F2400
G1 F3600
G1 X-47.497 Y-23.265 E2.0178
G1 X-47.271 Y-23.449 E2.02818
G1 X-46.731 Y-23.637 E2.04855
G1 X-46.721 Y-23.987 E2.06102
G1 X-46.012 Y-23.877 E2.08658
G1 X-45.693 Y-23.701 E2.09956
G1 X-45.413 Y-23.445 E2.11308
G1 X-45.074 Y-22.782 E2.13961
G1 X-45.075 Y-22.038 E2.16611
G1 X-45.417 Y-21.376 E2.19265
G1 X-46.03 Y-20.941 E2.21943
G1 X-46.76 Y-20.838 E2.24569
G1 X-47.462 Y-21.08 E2.27214
G1 X-47.979 Y-21.616 E2.29867
G1 X-48.192 Y-22.325 E2.32504
G1 X-48.129 Y-22.864 E2.34437
G1 X-47.985 Y-23.198 E2.35733
G1 X-47.461 Y-23.747 E2.38437
G1 X-46.764 Y-23.988 E2.41064
G1 X-46.764 Y-23.988 F7800
G1 X-46.329 Y-24.326
G1 F3600
G1 X-45.706 Y-24.112 E2.43411
G1 X-45.146 Y-23.674 E2.45944
G1 X-44.89 Y-23.294 E2.47576
G1 X-44.731 Y-22.864 E2.49209
G1 X-44.707 Y-22.155 E2.51736
G1 X-44.894 Y-21.524 E2.54081
G1 X-45.151 Y-21.145 E2.55712
G1 X-45.49 Y-20.837 E2.57344
G1 X-46.112 Y-20.552 E2.59781
G1 X-46.793 Y-20.487 E2.62218
G1 X-47.24 Y-20.584 E2.63847
G1 X-47.652 Y-20.783 E2.65477
G1 X-48.009 Y-21.076 E2.67122
G1 X-48.281 Y-21.437 E2.68732
G1 X-48.463 Y-21.855 E2.70356
G1 X-48.542 Y-22.514 E2.7272
G1 X-48.38 Y-23.19 E2.75196
G1 X-48.005 Y-23.753 E2.77606
G1 X-47.65 Y-24.044 E2.79241
G1 X-47.233 Y-24.244 E2.80889
G1 X-46.79 Y-24.339 E2.82503
G1 X-46.372 Y-24.327 E2.83993
G1 E.83993 F2400
G92 E0
G1 X-46.372 Y-24.327 F7800
G1 X-48.04 Y-17.533
G1 E2 F2400
G1 F3600
G1 X-47.794 Y-17.914 E2.01616
G1 X-47.552 Y-18.109 E2.02723
G1 X-46.983 Y-18.295 E2.04856
G1 X-46.982 Y-18.645 E2.06103
G1 X-46.877 Y-18.645 E2.06477
G1 X-46.298 Y-18.53 E2.0858
G1 X-45.697 Y-18.094 E2.11225
G1 X-45.361 Y-17.432 E2.1387
G1 X-45.29 Y-16.809 E2.16104
G1 X-44.287 Y-16.84 E2.19679
G1 X-43.711 Y-17.262 E2.22223
G1 X-43.128 Y-17.426 E2.2438
G1 X-42.402 Y-17.311 E2.26999
G1 X-41.8 Y-16.87 E2.29657
G1 X-41.469 Y-16.211 E2.32284
G1 X-41.473 Y-15.471 E2.3492
G1 X-41.812 Y-14.815 E2.37551
G1 X-42.411 Y-14.385 E2.40178
G1 X-43.138 Y-14.272 E2.42799
G1 X-43.673 Y-14.417 E2.44774
G1 X-44.127 Y-14.732 E2.46743
G1 X-44.356 Y-15.023 E2.48062
G1 X-44.601 Y-15.726 E2.50714
G1 X-44.908 Y-15.977 E2.52127
G1 X-45.323 Y-16.036 E2.5362
G1 X-46.679 Y-15.501 E2.58813
G1 X-47.407 Y-15.57 E2.61418
G1 X-47.753 Y-15.735 E2.62784
G1 X-48.258 Y-16.258 E2.65374
G1 X-48.415 Y-16.609 E2.66744
G1 X-48.48 Y-17.161 E2.68724
G1 X-48.414 Y-17.532 E2.70066
G1 X-48.17 Y-18.01 E2.71978
G1 X-47.739 Y-18.408 E2.74068
G1 X-47.025 Y-18.645 E2.76748
G1 X-47.025 Y-18.645 F7800
G1 X-46.866 Y-18.995
G1 F3600
G1 X-46.164 Y-18.856 E2.79297
G1 X-45.765 Y-18.633 E2.80925
G1 X-45.429 Y-18.323 E2.82554
G1 X-45.175 Y-17.942 E2.84185
G1 X-44.979 Y-17.169 E2.87026
G1 X-44.413 Y-17.187 E2.89043
G1 X-43.86 Y-17.579 E2.91458
G1 X-43.155 Y-17.777 E2.94067
G1 X-42.497 Y-17.706 E2.96425
G1 X-41.865 Y-17.409 E2.98913
G1 X-41.391 Y-16.889 E3.0142
G1 X-41.126 Y-16.291 E3.0375
G1 X-41.075 Y-15.839 E3.0537
G1 X-41.131 Y-15.387 E3.06993
G1 X-41.291 Y-14.961 E3.08614
G1 X-41.545 Y-14.585 E3.1023
G1 X-41.881 Y-14.278 E3.11851
G1 X-42.278 Y-14.058 E3.13468
G1 X-42.715 Y-13.937 E3.15083
G1 X-43.167 Y-13.921 E3.16694
G1 X-43.82 Y-14.099 E3.19105
G1 X-44.377 Y-14.483 E3.21515
G1 X-44.657 Y-14.84 E3.23131
G1 X-44.914 Y-15.529 E3.25751
G1 X-45.054 Y-15.644 E3.26396
G1 X-45.296 Y-15.679 E3.27267
G1 X-45.705 Y-15.557 E3.28787
G1 X-46.179 Y-15.274 E3.30754
G1 X-46.823 Y-15.142 E3.33096
G1 X-47.52 Y-15.236 E3.35601
G1 X-48.105 Y-15.56 E3.37983
G1 X-48.561 Y-16.077 E3.40439
G1 X-48.748 Y-16.496 E3.42074
G1 X-48.83 Y-17.181 E3.44532
G1 X-48.749 Y-17.634 E3.46171
G1 X-48.45 Y-18.221 E3.48518
G1 X-47.927 Y-18.707 E3.51061
G1 X-47.512 Y-18.902 E3.52694
G1 X-46.909 Y-18.995 E3.54868
G1 E1.54868 F2400
G92 E0
G1 X-46.909 Y-18.995 F7800
G1 X-11.563 Y-29.913
G1 E2 F2400
;TYPE:Perimeter
;WIDTH:0.45
G1 F900
G1 X-11.284 Y-29.627 E2.01922
G1 X-11.019 Y-29.206 E2.04315
G1 X-10.843 Y-28.742 E2.06702
G1 X-10.755 Y-28.132 E2.09666
G1 X-10.813 Y-27.567 E2.12398
G1 X-10.966 Y-27.095 E2.14784
G1 X-11.21 Y-26.662 E2.17174
G1 X-11.534 Y-26.286 E2.19561
G1 X-11.926 Y-25.981 E2.2195
G1 X-12.371 Y-25.761 E2.24338
G1 X-12.851 Y-25.633 E2.26727
G1 X-13.367 Y-25.605 E2.29212
G1 X-13.838 Y-25.671 E2.31499
G1 X-14.307 Y-25.836 E2.3389
G1 X-14.787 Y-26.138 E2.36618
G1 X-15.168 Y-26.51 E2.39179
G1 X-15.482 Y-26.982 E2.41906
G1 X-15.684 Y-27.538 E2.44751
G1 X-15.746 Y-28.056 E2.4726
G1 X-15.688 Y-28.621 E2.49992
G1 X-15.535 Y-29.094 E2.52383
G1 X-15.291 Y-29.527 E2.54773
G1 X-14.957 Y-29.911 E2.57221
G1 X-14.575 Y-30.207 E2.59545
G1 X-14.13 Y-30.427 E2.61933
G1 X-13.645 Y-30.556 E2.64347
G1 X-13.1 Y-30.576 E2.6697
G1 X-12.563 Y-30.484 E2.6959
G1 X-12.098 Y-30.301 E2.71993
G1 X-11.658 Y-30.01 E2.7453
G1 X-11.605 Y-29.956 E2.74894
G1 X-11.605 Y-29.956 F7800
G1 X-11.82 Y-29.636
G1 F900
G1 X-11.775 Y-29.6 E2.75171
G1 X-11.505 Y-29.278 E2.77192
G1 X-11.305 Y-28.909 E2.79211
G1 X-11.183 Y-28.507 E2.81232
G1 X-11.142 Y-28.089 E2.83252
G1 X-11.185 Y-27.671 E2.85273
G1 X-11.309 Y-27.27 E2.87292
G1 X-11.511 Y-26.902 E2.89311
G1 X-11.782 Y-26.581 E2.91332
G1 X-12.111 Y-26.32 E2.93352
G1 X-12.485 Y-26.129 E2.95372
G1 X-13.02 Y-26.004 E2.98014
G1 X-13.329 Y-25.988 E2.99502
G1 X-13.725 Y-26.04 E3.01423
G1 X-14.122 Y-26.174 E3.03438
G1 X-14.527 Y-26.423 E3.05725
G1 X-14.899 Y-26.786 E3.08225
G1 X-15.148 Y-27.175 E3.10446
G1 X-15.314 Y-27.653 E3.1288
G1 X-15.359 Y-28.099 E3.15036
G1 X-15.316 Y-28.517 E3.17057
G1 X-15.192 Y-28.918 E3.19076
G1 X-14.99 Y-29.286 E3.21095
G1 X-14.709 Y-29.616 E3.2318
G1 X-14.39 Y-29.868 E3.25135
G1 X-14.016 Y-30.059 E3.27155
G1 X-13.605 Y-30.172 E3.29205
G1 X-13.165 Y-30.196 E3.31324
G1 X-12.629 Y-30.104 E3.3394
G1 X-12.164 Y-29.903 E3.36376
G1 X-11.868 Y-29.673 E3.38179
G1 X-11.868 Y-29.673 F7800
G1 X-12.079 Y-29.357
;TYPE:External perimeter
G1 F900
G1 X-12.064 Y-29.345 E3.38271
G1 X-11.839 Y-29.085 E3.39925
G1 X-11.671 Y-28.786 E3.41575
G1 X-11.565 Y-28.459 E3.43228
G1 X-11.526 Y-28.118 E3.44879
G1 X-11.556 Y-27.776 E3.4653
G1 X-11.653 Y-27.446 E3.48184
G1 X-11.813 Y-27.143 E3.49832
G1 X-12.03 Y-26.877 E3.51483
G1 X-12.295 Y-26.659 E3.53133
G1 X-12.598 Y-26.498 E3.54783
G1 X-13.058 Y-26.387 E3.57059
G1 X-13.573 Y-26.4 E3.59537
G1 X-13.938 Y-26.513 E3.61375
G1 X-14.258 Y-26.699 E3.63155
G1 X-14.629 Y-27.062 E3.65651
G1 X-14.814 Y-27.368 E3.67371
G1 X-14.936 Y-27.729 E3.69204
G1 X-14.975 Y-28.07 E3.70855
G1 X-14.945 Y-28.412 E3.72506
G1 X-14.849 Y-28.742 E3.74159
G1 X-14.688 Y-29.046 E3.75814
G1 X-14.461 Y-29.321 E3.77529
G1 X-14.206 Y-29.53 E3.79115
G1 X-13.903 Y-29.69 E3.80763
G1 X-13.566 Y-29.789 E3.82452
G1 X-13.23 Y-29.816 E3.84073
G1 X-12.694 Y-29.724 E3.86689
G1 X-12.335 Y-29.555 E3.88597
G1 X-12.126 Y-29.394 E3.89866
G1 X-11.86 Y-29.096 F7800
G1 E1.89866 F2400
G92 E0
G1 X-11.557 Y-17.935 F7800
G1 E2 F2400
;TYPE:Perimeter
G1 F900
G1 X-11.926 Y-17.648 E2.02248
G1 X-12.371 Y-17.428 E2.04636
G1 X-12.851 Y-17.3 E2.07025
G1 X-13.367 Y-17.271 E2.09511
G1 X-13.838 Y-17.338 E2.11799
G1 X-14.307 Y-17.502 E2.14189
G1 X-14.787 Y-17.804 E2.16917
G1 X-15.168 Y-18.176 E2.19478
G1 X-15.482 Y-18.649 E2.22209
G1 X-15.66 Y-19.117 E2.24617
G1 X-15.746 Y-19.699 E2.27447
G1 X-15.688 Y-20.288 E2.30294
G1 X-15.535 Y-20.761 E2.32685
G1 X-15.291 Y-21.193 E2.35071
G1 X-14.957 Y-21.578 E2.37522
G1 X-14.575 Y-21.874 E2.39846
G1 X-14.13 Y-22.094 E2.42234
G1 X-13.645 Y-22.223 E2.44648
G1 X-13.1 Y-22.243 E2.47271
G1 X-12.518 Y-22.142 E2.50112
G1 X-12.033 Y-21.937 E2.52645
G1 X-11.576 Y-21.612 E2.55342
G1 X-11.171 Y-21.137 E2.58344
G1 X-10.94 Y-20.698 E2.6073
G1 X-10.8 Y-20.222 E2.63116
G1 X-10.757 Y-19.727 E2.65506
G1 X-10.813 Y-19.234 E2.67892
G1 X-10.966 Y-18.761 E2.70283
G1 X-11.21 Y-18.328 E2.72673
G1 X-11.514 Y-17.976 E2.7491
G1 X-11.514 Y-17.976 F7800
G1 X-11.819 Y-18.218
G1 F900
G1 X-12.111 Y-17.987 E2.76701
G1 X-12.485 Y-17.796 E2.78721
G1 X-13.02 Y-17.67 E2.81365
G1 X-13.329 Y-17.655 E2.82853
G1 X-13.725 Y-17.706 E2.84773
G1 X-14.122 Y-17.841 E2.8679
G1 X-14.527 Y-18.09 E2.89077
G1 X-14.899 Y-18.452 E2.91574
G1 X-15.173 Y-18.89 E2.94059
G1 X-15.318 Y-19.348 E2.9637
G1 X-15.359 Y-19.766 E2.9839
G1 X-15.316 Y-20.184 E3.00411
G1 X-15.192 Y-20.585 E3.0243
G1 X-14.99 Y-20.953 E3.04449
G1 X-14.709 Y-21.283 E3.06534
G1 X-14.39 Y-21.535 E3.08489
G1 X-14.016 Y-21.726 E3.10509
G1 X-13.605 Y-21.839 E3.12559
G1 X-13.165 Y-21.863 E3.14678
G1 X-12.602 Y-21.766 E3.17426
G1 X-12.131 Y-21.55 E3.19918
G1 X-11.775 Y-21.267 E3.22105
G1 X-11.505 Y-20.945 E3.24126
G1 X-11.305 Y-20.575 E3.26149
G1 X-11.183 Y-20.174 E3.28165
G1 X-11.142 Y-19.756 E3.30185
G1 X-11.185 Y-19.338 E3.32206
G1 X-11.309 Y-18.937 E3.34225
G1 X-11.511 Y-18.569 E3.36244
G1 X-11.774 Y-18.257 E3.38207
G1 X-11.774 Y-18.257 F7800
G1 X-12.081 Y-18.501
;TYPE:External perimeter
G1 F900
G1 X-12.295 Y-18.325 E3.3954
G1 X-12.598 Y-18.165 E3.41188
G1 X-13.058 Y-18.054 E3.43464
G1 X-13.573 Y-18.067 E3.45942
G1 X-13.938 Y-18.18 E3.4778
G1 X-14.258 Y-18.366 E3.4956
G1 X-14.629 Y-18.728 E3.52053
G1 X-14.83 Y-19.069 E3.53957
G1 X-14.936 Y-19.396 E3.5561
G1 X-14.975 Y-19.737 E3.57261
G1 X-14.945 Y-20.079 E3.58912
G1 X-14.849 Y-20.409 E3.60565
G1 X-14.689 Y-20.712 E3.62213
G1 X-14.461 Y-20.987 E3.63931
G1 X-14.206 Y-21.196 E3.65517
G1 X-13.903 Y-21.357 E3.67167
G1 X-13.566 Y-21.455 E3.68855
G1 X-13.23 Y-21.483 E3.70477
G1 X-12.685 Y-21.389 E3.73137
G1 X-12.335 Y-21.222 E3.75002
G1 X-12.064 Y-21.012 E3.76651
G1 X-11.839 Y-20.752 E3.78305
G1 X-11.671 Y-20.453 E3.79955
G1 X-11.565 Y-20.126 E3.81608
G1 X-11.526 Y-19.785 E3.83259
G1 X-11.556 Y-19.443 E3.8491
G1 X-11.653 Y-19.113 E3.86564
G1 X-11.813 Y-18.809 E3.88216
G1 X-12.03 Y-18.543 E3.89867
G1 X-12.035 Y-18.539 E3.89898
G1 X-12.357 Y-18.302 F7800
G1 E1.89898 F2400
G92 E0
G1 X-11.102 Y-10.187 F7800
G1 E2 F2400
;TYPE:Perimeter
G1 F900
G1 X-11.21 Y-9.995 E2.0106
G1 X-11.534 Y-9.619 E2.03447
G1 X-11.926 Y-9.315 E2.05833
G1 X-12.371 Y-9.094 E2.08223
G1 X-12.851 Y-8.966 E2.10612
G1 X-13.347 Y-8.936 E2.13002
G1 X-13.838 Y-9.004 E2.15386
G1 X-14.307 Y-9.169 E2.17777
G1 X-14.787 Y-9.471 E2.20505
G1 X-15.168 Y-9.843 E2.23066
G1 X-15.482 Y-10.315 E2.25793
G1 X-15.658 Y-10.78 E2.28184
G1 X-15.739 Y-11.269 E2.30568
G1 X-15.708 Y-11.867 E2.33448
G1 X-15.563 Y-12.368 E2.35957
G1 X-15.291 Y-12.86 E2.38661
G1 X-14.957 Y-13.245 E2.41112
G1 X-14.575 Y-13.54 E2.43433
G1 X-14.13 Y-13.761 E2.45823
G1 X-13.645 Y-13.889 E2.48236
G1 X-13.1 Y-13.91 E2.50859
G1 X-12.563 Y-13.818 E2.53479
G1 X-12.098 Y-13.635 E2.55882
G1 X-11.658 Y-13.343 E2.58422
G1 X-11.284 Y-12.96 E2.60997
G1 X-11.019 Y-12.54 E2.63386
G1 X-10.843 Y-12.076 E2.65773
G1 X-10.755 Y-11.466 E2.68737
G1 X-10.811 Y-10.908 E2.71434
G1 X-10.966 Y-10.428 E2.7386
G1 X-11.072 Y-10.239 E2.74902
G1 X-11.072 Y-10.239 F7800
G1 X-11.433 Y-10.378
G1 F900
G1 X-11.511 Y-10.236 E2.75681
G1 X-11.782 Y-9.914 E2.77705
G1 X-12.111 Y-9.653 E2.79725
G1 X-12.485 Y-9.463 E2.81743
G1 X-12.889 Y-9.35 E2.83761
G1 X-13.308 Y-9.32 E2.85781
G1 X-13.725 Y-9.373 E2.87803
G1 X-14.122 Y-9.508 E2.8982
G1 X-14.517 Y-9.747 E2.92041
G1 X-14.899 Y-10.119 E2.94606
G1 X-15.196 Y-10.613 E2.97378
G1 X-15.318 Y-11.015 E2.99399
G1 X-15.356 Y-11.317 E3.00863
G1 X-15.316 Y-11.85 E3.03434
G1 X-15.192 Y-12.251 E3.05453
G1 X-14.99 Y-12.62 E3.07476
G1 X-14.709 Y-12.949 E3.09557
G1 X-14.39 Y-13.202 E3.11515
G1 X-14.016 Y-13.392 E3.13533
G1 X-13.605 Y-13.506 E3.15584
G1 X-13.165 Y-13.53 E3.17703
G1 X-12.629 Y-13.438 E3.20319
G1 X-12.164 Y-13.237 E3.22755
G1 X-11.775 Y-12.934 E3.25127
G1 X-11.505 Y-12.611 E3.27152
G1 X-11.305 Y-12.242 E3.29171
G1 X-11.183 Y-11.84 E3.31192
G1 X-11.142 Y-11.423 E3.33207
G1 X-11.185 Y-11.005 E3.35228
G1 X-11.309 Y-10.604 E3.37247
G1 X-11.404 Y-10.431 E3.38196
G1 X-11.404 Y-10.431 F7800
G1 X-11.764 Y-10.569
;TYPE:External perimeter
G1 F900
G1 X-11.813 Y-10.476 E3.38702
G1 X-12.03 Y-10.21 E3.40353
G1 X-12.295 Y-9.992 E3.42003
G1 X-12.599 Y-9.831 E3.43658
G1 X-12.928 Y-9.734 E3.45308
G1 X-13.27 Y-9.703 E3.4696
G1 X-13.611 Y-9.741 E3.4861
G1 X-13.938 Y-9.846 E3.50262
G1 X-14.248 Y-10.023 E3.51979
G1 X-14.629 Y-10.395 E3.5454
G1 X-14.83 Y-10.736 E3.56444
G1 X-14.936 Y-11.063 E3.58097
G1 X-14.974 Y-11.365 E3.59561
G1 X-14.945 Y-11.746 E3.61399
G1 X-14.849 Y-12.075 E3.63047
G1 X-14.689 Y-12.379 E3.64699
G1 X-14.461 Y-12.654 E3.66417
G1 X-14.206 Y-12.863 E3.68003
G1 X-13.903 Y-13.024 E3.69653
G1 X-13.566 Y-13.122 E3.71341
G1 X-13.23 Y-13.15 E3.72963
G1 X-12.694 Y-13.057 E3.75579
G1 X-12.335 Y-12.889 E3.77485
G1 X-12.064 Y-12.678 E3.79137
G1 X-11.839 Y-12.418 E3.80791
G1 X-11.671 Y-12.119 E3.82441
G1 X-11.565 Y-11.792 E3.84094
G1 X-11.526 Y-11.451 E3.85745
G1 X-11.556 Y-11.109 E3.87396
G1 X-11.653 Y-10.78 E3.89046
G1 X-11.736 Y-10.622 E3.89904
G1 X-11.966 Y-10.295 F7800
G1 E1.89904 F2400
G92 E0
G1 X-10.803 Y-35.996 F7800
G1 E2 F2400
;TYPE:Perimeter
G1 F900
G1 X-10.813 Y-35.9 E2.00464
G1 X-10.966 Y-35.428 E2.0285
G1 X-11.21 Y-34.995 E2.0524
G1 X-11.534 Y-34.619 E2.07627
G1 X-11.926 Y-34.315 E2.10013
G1 X-12.371 Y-34.094 E2.12403
G1 X-12.851 Y-33.966 E2.14792
G1 X-13.169 Y-33.935 E2.16329
G1 X-13.749 Y-33.981 E2.19127
G1 X-14.307 Y-34.169 E2.21959
G1 X-14.787 Y-34.471 E2.24687
G1 X-15.168 Y-34.843 E2.27248
G1 X-15.482 Y-35.315 E2.29975
G1 X-15.683 Y-35.866 E2.32796
G1 X-15.744 Y-36.461 E2.35673
G1 X-15.688 Y-36.955 E2.38064
G1 X-15.535 Y-37.427 E2.4045
G1 X-15.291 Y-37.86 E2.4284
G1 X-14.967 Y-38.236 E2.45227
G1 X-14.575 Y-38.54 E2.47613
G1 X-14.13 Y-38.761 E2.50003
G1 X-13.653 Y-38.888 E2.52377
G1 X-13.1 Y-38.91 E2.55039
G1 X-12.563 Y-38.818 E2.57659
G1 X-12.033 Y-38.604 E2.60408
G1 X-11.626 Y-38.319 E2.62798
G1 X-11.284 Y-37.96 E2.65183
G1 X-11.019 Y-37.54 E2.67572
G1 X-10.822 Y-37.003 E2.70323
G1 X-10.755 Y-36.466 E2.72926
G1 X-10.797 Y-36.056 E2.74908
G1 X-10.797 Y-36.056 F7800
G1 X-11.179 Y-36.062
G1 F900
G1 X-11.185 Y-36.005 E2.75184
G1 X-11.309 Y-35.604 E2.77203
G1 X-11.511 Y-35.236 E2.79222
G1 X-11.782 Y-34.914 E2.81246
G1 X-12.111 Y-34.653 E2.83266
G1 X-12.485 Y-34.463 E2.85284
G1 X-13.02 Y-34.337 E2.87928
G1 X-13.201 Y-34.319 E2.88803
G1 X-13.725 Y-34.373 E2.91337
G1 X-14.122 Y-34.508 E2.93354
G1 X-14.527 Y-34.757 E2.95641
G1 X-14.899 Y-35.119 E2.98138
G1 X-15.173 Y-35.557 E3.00623
G1 X-15.318 Y-36.015 E3.02934
G1 X-15.359 Y-36.433 E3.04954
G1 X-15.316 Y-36.85 E3.0697
G1 X-15.192 Y-37.251 E3.08989
G1 X-14.99 Y-37.62 E3.11012
G1 X-14.719 Y-37.941 E3.13033
G1 X-14.39 Y-38.202 E3.15053
G1 X-14.016 Y-38.392 E3.17071
G1 X-13.614 Y-38.505 E3.19079
G1 X-13.165 Y-38.53 E3.21242
G1 X-12.629 Y-38.438 E3.23858
G1 X-12.201 Y-38.256 E3.26095
G1 X-11.775 Y-37.934 E3.28663
G1 X-11.505 Y-37.611 E3.30688
G1 X-11.305 Y-37.242 E3.32707
G1 X-11.183 Y-36.84 E3.34728
G1 X-11.142 Y-36.423 E3.36743
G1 X-11.173 Y-36.122 E3.38198
G1 X-11.173 Y-36.122 F7800
G1 X-11.554 Y-36.128
;TYPE:External perimeter
G1 F900
G1 X-11.556 Y-36.109 E3.3829
G1 X-11.653 Y-35.78 E3.3994
G1 X-11.813 Y-35.476 E3.41592
G1 X-12.03 Y-35.21 E3.43243
G1 X-12.295 Y-34.992 E3.44893
G1 X-12.598 Y-34.831 E3.46543
G1 X-13.058 Y-34.721 E3.48818
G1 X-13.234 Y-34.703 E3.49669
G1 X-13.611 Y-34.741 E3.51491
G1 X-13.938 Y-34.846 E3.53143
G1 X-14.258 Y-35.033 E3.54926
G1 X-14.629 Y-35.395 E3.57419
G1 X-14.83 Y-35.736 E3.59323
G1 X-14.936 Y-36.063 E3.60976
G1 X-14.975 Y-36.404 E3.62627
G1 X-14.945 Y-36.746 E3.64278
G1 X-14.849 Y-37.075 E3.65926
G1 X-14.688 Y-37.379 E3.67581
G1 X-14.471 Y-37.645 E3.69232
G1 X-14.206 Y-37.863 E3.70882
G1 X-13.903 Y-38.024 E3.72532
G1 X-13.574 Y-38.121 E3.74182
G1 X-13.23 Y-38.15 E3.75842
G1 X-12.694 Y-38.057 E3.78458
G1 X-12.335 Y-37.889 E3.80364
G1 X-12.064 Y-37.678 E3.82016
G1 X-11.839 Y-37.418 E3.8367
G1 X-11.671 Y-37.119 E3.8532
G1 X-11.565 Y-36.792 E3.86973
G1 X-11.526 Y-36.451 E3.88624
G1 X-11.549 Y-36.188 E3.89894
G1 X-11.655 Y-35.802 F7800
G1 E1.89894 F2400
G92 E0
G1 X-33.009 Y-40.431 F7800
G1 E2 F2400
;TYPE:Perimeter
G1 F3600
G1 X-5.391 Y-40.431 E3.32833
G1 X-5.391 Y-37.675 E3.46088
G1 X-5.391 Y-7.424 E4.91585
G1 X-33.009 Y-7.424 E6.24418
G1 X-33.009 Y-40.371 E7.82882
G1 X-33.009 Y-40.371 F7800
G1 X-33.395 Y-40.817
G1 F3600
G1 X-5.006 Y-40.817 E9.19423
G1 X-5.006 Y-37.675 E9.34535
G1 X-5.006 Y-7.038 E10.81888
G1 X-33.395 Y-7.038 E12.18429
G1 X-33.395 Y-40.757 E13.80606
G1 X-33.395 Y-40.757 F7800
G1 X-33.78 Y-41.203
;TYPE:External perimeter
G1 F1800
G1 X-4.62 Y-41.203 E15.20855
G1 X-4.62 Y-37.675 E15.37823
G1 X-4.62 Y-6.653 E16.87028
G1 X-33.78 Y-6.653 E18.27277
G1 X-33.78 Y-41.143 E19.93162
G1 X-33.385 Y-41.202 F7800
G1 E17.93162 F2400
G92 E0
G1 X-24.91 Y-40.316 F7800
G1 E2 F2400
;TYPE:Internal infill
;WIDTH:0.45
G1 F4800
G1 X-14.913 Y-30.318 E2.68002
G1 X-15.262 Y-30.022 E2.70203
G1 X-15.575 Y-29.63 E2.72616
G1 X-15.83 Y-29.147 E2.75243
G1 X-15.994 Y-28.579 E2.78086
G1 X-16.004 Y-27.774 E2.81958
G1 X-28.372 Y-40.142 E3.66084
G1 X-32.008 Y-40.142 E3.83572
G1 X-14.226 Y-22.361 E5.0452
G1 X-14.827 Y-22.058 E5.07757
G1 X-15.262 Y-21.688 E5.10504
G1 X-15.575 Y-21.296 E5.12917
G1 X-15.846 Y-20.775 E5.15742
G1 X-15.94 Y-20.439 E5.1742
G1 X-32.72 Y-37.219 E6.31556
G1 X-32.72 Y-33.583 E6.49044
G1 X-13.345 Y-14.208 E7.8083
G1 X-13.808 Y-14.157 E7.8307
G1 X-14.337 Y-13.993 E7.85734
G1 X-14.827 Y-13.725 E7.8842
G1 X-15.262 Y-13.355 E7.91167
G1 X-15.63 Y-12.858 E7.94141
G1 X-32.72 Y-29.947 E9.10382
G1 X-32.72 Y-26.312 E9.27865
G1 X-14.121 Y-7.713 E10.54373
G1 X-10.486 Y-7.713 E10.71856
G1 X-11.817 Y-9.045 E10.80913
G1 X-11.344 Y-9.401 E10.8376
G1 X-10.85 Y-10.02 E10.87569
G1 X-10.619 Y-10.524 E10.90236
G1 X-10.475 Y-11.338 E10.94212
G1 X-6.85 Y-7.713 E11.18869
G1 X-5.68 Y-7.713 E11.24496
G1 X-5.68 Y-10.179 E11.36357
G1 X-12.568 Y-17.067 E11.83208
G1 X-12.142 Y-17.205 E11.85362
G1 X-11.654 Y-17.478 E11.88051
G1 X-11.248 Y-17.824 E11.90617
G1 X-10.85 Y-18.353 E11.93801
G1 X-10.648 Y-18.783 E11.96086
G1 X-5.68 Y-13.815 E12.29878
G1 X-5.68 Y-17.45 E12.47361
G1 X-13.57 Y-25.34 E13.01028
G1 X-13.25 Y-25.308 E13.02575
G1 X-12.638 Y-25.377 E13.05537
G1 X-12.142 Y-25.538 E13.08045
G1 X-11.654 Y-25.811 E13.10734
G1 X-11.248 Y-26.157 E13.133
G1 X-11.025 Y-26.431 E13.14999
G1 X-5.507 Y-20.913 E13.52532
G1 E11.52532 F2400
G92 E0
G1 X-5.507 Y-20.913 F7800
G1 X-17.583 Y-7.539
G1 E2 F2400
G1 F4800
G1 X-32.72 Y-22.676 E3.0296
G1 X-32.72 Y-19.04 E3.20448
G1 X-21.393 Y-7.713 E3.97493
G1 X-25.028 Y-7.713 E4.14976
G1 X-32.72 Y-15.405 E4.67296
G1 X-32.72 Y-11.769 E4.84784
G1 X-28.664 Y-7.713 E5.12372
G1 X-32.3 Y-7.713 E5.2986
G1 X-32.893 Y-8.307 E5.33897
G1 E3.33897 F2400
G92 E0
G1 X-32.893 Y-8.307 F7800
G1 X-14.003 Y-40.316
G1 E2 F2400
G1 F4800
G1 X-12.847 Y-39.16 E2.07863
G1 X-13.386 Y-39.207 E2.10465
G1 X-14.22 Y-39.036 E2.1456
G1 X-14.916 Y-38.657 E2.18372
G1 X-15.449 Y-38.126 E2.21991
G1 X-17.465 Y-40.142 E2.35704
G1 X-21.101 Y-40.142 E2.53192
G1 X-5.68 Y-24.722 E3.5808
G1 X-5.68 Y-28.357 E3.75563
G1 X-11.553 Y-34.23 E4.1551
G1 X-10.981 Y-34.818 E4.19455
G1 X-10.707 Y-35.3 E4.22122
G1 X-10.507 Y-35.945 E4.2537
G1 X-10.465 Y-36.468 E4.27894
G1 X-10.509 Y-36.822 E4.2961
G1 X-5.68 Y-31.993 E4.62456
G1 X-5.68 Y-35.629 E4.79944
G1 X-10.194 Y-40.142 E5.10644
G1 X-6.558 Y-40.142 E5.28132
G1 X-5.507 Y-39.091 E5.35281
;LAYER_CHANGE
;Z:1.25
;HEIGHT:0.3
G1 Z1.25 F7800
G1 E3.35281 F2400
G92 E0
G1 X-5.507 Y-39.091 F7800
G1 X-37.947 Y-15.422
G1 E2 F2400
;TYPE:Support material
;WIDTH:0.35
G1 F3600
G1 X-37.61 Y-15.893 E2.02063
G1 X-37.147 Y-16.098 E2.03867
G1 X-36.88 Y-16.111 E2.04819
G1 X-36.818 Y-16.456 E2.06068
G1 X-36.215 Y-16.25 E2.08338
G1 X-35.74 Y-15.752 E2.1079
G1 X-35.586 Y-15.289 E2.12528
G1 X-35.594 Y-14.742 E2.14477
G1 X-35.908 Y-14.131 E2.16924
G1 X-36.486 Y-13.736 E2.19418
G1 X-37.175 Y-13.669 E2.21884
G1 X-37.807 Y-13.931 E2.24321
G1 X-38.254 Y-14.493 E2.26879
G1 X-38.366 Y-15.195 E2.29411
G1 X-38.24 Y-15.655 E2.3111
G1 X-38.079 Y-15.922 E2.32221
G1 X-37.535 Y-16.346 E2.34678
G1 X-36.861 Y-16.463 E2.37115
G1 X-36.861 Y-16.463 F7800
G1 X-36.542 Y-16.762
G1 F3600
G1 X-36.026 Y-16.548 E2.39105
G1 X-35.691 Y-16.274 E2.40647
G1 X-35.433 Y-15.925 E2.42193
G1 X-35.24 Y-15.339 E2.44391
G1 X-35.251 Y-14.662 E2.46803
G1 X-35.576 Y-13.994 E2.49449
G1 X-35.973 Y-13.606 E2.51427
G1 X-36.682 Y-13.328 E2.5414
G1 X-37.227 Y-13.32 E2.56082
G1 X-37.911 Y-13.58 E2.58689
G1 X-38.35 Y-13.976 E2.60795
G1 X-38.652 Y-14.564 E2.6315
G1 X-38.693 Y-15.389 E2.66093
G1 X-38.418 Y-16.048 E2.68637
G1 X-38.042 Y-16.45 E2.70598
G1 X-37.677 Y-16.668 E2.72113
G1 X-37.269 Y-16.792 E2.73632
G1 X-36.585 Y-16.769 E2.7607
G1 E.7607 F2400
G92 E0
G1 X-36.585 Y-16.769 F7800
G1 X-37.511 Y-19.983
G1 E2 F2400
G1 F3600
G1 X-37.472 Y-20.203 E2.00796
G1 X-37.194 Y-20.597 E2.02514
G1 X-36.812 Y-20.77 E2.04008
G1 X-36.58 Y-20.785 E2.04836
G1 X-36.523 Y-21.13 E2.06082
G1 X-35.987 Y-20.948 E2.08099
G1 X-35.568 Y-20.5 E2.10284
G1 X-35.454 Y-20.212 E2.11387
G1 X-35.456 Y-19.598 E2.13574
G1 X-35.752 Y-19.061 E2.15758
G1 X-36.277 Y-18.731 E2.17967
G1 X-36.883 Y-18.699 E2.20129
G1 X-37.429 Y-18.956 E2.22279
G1 X-37.8 Y-19.482 E2.24572
G1 X-37.858 Y-20.111 E2.26822
G1 X-37.65 Y-20.617 E2.28771
G1 X-37.182 Y-21.016 E2.30962
G1 X-36.565 Y-21.137 E2.33202
G1 X-36.565 Y-21.137 F7800
G1 X-36.347 Y-21.456
G1 F3600
G1 X-35.798 Y-21.246 E2.35296
G1 X-35.491 Y-20.992 E2.36715
G1 X-35.258 Y-20.67 E2.38131
G1 X-35.072 Y-19.979 E2.4068
G1 X-35.114 Y-19.509 E2.42361
G1 X-35.314 Y-19.064 E2.44099
G1 X-35.803 Y-18.566 E2.46585
G1 X-36.333 Y-18.361 E2.48609
G1 X-36.951 Y-18.352 E2.50811
G1 X-37.557 Y-18.616 E2.53166
G1 X-37.938 Y-18.993 E2.55075
G1 X-38.207 Y-19.655 E2.57621
G1 X-38.206 Y-20.161 E2.59424
G1 X-37.939 Y-20.82 E2.61957
G1 X-37.567 Y-21.191 E2.63829
G1 X-36.948 Y-21.463 E2.66238
G1 X-36.389 Y-21.463 E2.68229
G1 E.68229 F2400
G92 E0
G1 X-36.389 Y-21.463 F7800
G1 X-36.863 Y-27.164
G1 E2 F2400
G1 F3600
G1 X-36.952 Y-27.563 E2.01456
G1 X-36.811 Y-27.919 E2.0282
G1 X-36.521 Y-28.152 E2.04145
G1 X-36.154 Y-28.208 E2.05468
G1 X-36.077 Y-28.549 E2.06713
G1 X-35.314 Y-28.19 E2.09717
G1 X-35.031 Y-27.745 E2.11596
G1 X-35.03 Y-27.242 E2.13388
G1 X-35.141 Y-26.992 E2.14362
G1 X-35.561 Y-26.622 E2.16356
G1 X-36.131 Y-26.377 E2.18566
G1 X-36.114 Y-25.753 E2.2079
G1 X-35.875 Y-25.242 E2.228
G1 X-35.537 Y-24.829 E2.24701
G1 X-35.417 Y-24.512 E2.25908
G1 X-35.417 Y-23.837 E2.28313
G1 X-35.729 Y-23.24 E2.30713
G1 X-35.982 Y-23.015 E2.31919
G1 X-36.606 Y-22.777 E2.34298
G1 X-36.95 Y-22.777 E2.35523
G1 X-37.581 Y-23.02 E2.37932
G1 X-38.022 Y-23.517 E2.40299
G1 X-38.182 Y-24.132 E2.42563
G1 X-38.147 Y-24.487 E2.43834
G1 X-37.836 Y-25.099 E2.4628
G1 X-37.271 Y-25.493 E2.48734
G1 X-36.733 Y-25.648 E2.50729
G1 X-36.869 Y-26.606 E2.54176
G1 X-37.092 Y-26.852 E2.55359
G1 X-37.285 Y-27.284 E2.57045
G1 X-37.24 Y-27.86 E2.59103
G1 X-36.9 Y-28.332 E2.61175
G1 X-36.663 Y-28.476 E2.62163
G1 X-36.119 Y-28.559 E2.64123
G1 X-36.119 Y-28.559 F7800
G1 X-35.854 Y-28.858
G1 F3600
G1 X-35.078 Y-28.453 E2.67241
G1 X-34.841 Y-28.173 E2.68548
G1 X-34.692 Y-27.844 E2.69835
G1 X-34.69 Y-27.144 E2.72329
G1 X-34.841 Y-26.804 E2.73654
G1 X-35.078 Y-26.526 E2.74955
G1 X-35.774 Y-26.149 E2.77775
G1 X-35.766 Y-25.836 E2.7889
G1 X-35.587 Y-25.454 E2.80393
G1 X-35.225 Y-24.993 E2.82481
G1 X-35.074 Y-24.596 E2.83994
G1 X-35.023 Y-24.174 E2.85508
G1 X-35.074 Y-23.753 E2.87019
G1 X-35.268 Y-23.29 E2.88807
G1 X-35.782 Y-22.725 E2.91528
G1 X-36.332 Y-22.48 E2.93673
G1 X-36.993 Y-22.427 E2.96035
G1 X-37.406 Y-22.53 E2.97551
G1 X-37.783 Y-22.731 E2.99073
G1 X-38.297 Y-23.292 E3.01784
G1 X-38.492 Y-23.786 E3.03676
G1 X-38.491 Y-24.565 E3.06451
G1 X-38.343 Y-24.973 E3.07997
G1 X-38.102 Y-25.331 E3.09534
G1 X-37.783 Y-25.618 E3.11063
G1 X-37.122 Y-25.9 E3.13623
G1 X-37.201 Y-26.45 E3.15602
G1 X-37.566 Y-26.992 E3.1793
G1 X-37.652 Y-27.369 E3.19308
G1 X-37.629 Y-27.773 E3.2075
G1 X-37.381 Y-28.335 E3.22938
G1 X-36.804 Y-28.799 E3.25576
G1 X-36.45 Y-28.901 E3.26888
G1 X-35.895 Y-28.867 E3.28869
G1 E1.28869 F2400
G92 E0
G1 X-35.895 Y-28.867 F7800
G1 X-37.311 Y-32.392
G1 E2 F2400
G1 F3600
G1 X-37.323 Y-32.698 E2.01091
G1 X-37.115 Y-33.178 E2.02955
G1 X-36.687 Y-33.479 E2.04819
G1 X-36.428 Y-33.533 E2.05762
G1 X-36.41 Y-33.883 E2.0701
G1 X-36.093 Y-33.861 E2.08142
G1 X-35.753 Y-33.741 E2.09426
G1 X-35.232 Y-33.254 E2.11967
G1 X-35.039 Y-32.567 E2.14509
G1 X-35.232 Y-31.88 E2.17051
G1 X-35.753 Y-31.393 E2.19592
G1 X-36.093 Y-31.272 E2.20878
G1 X-36.805 Y-31.321 E2.2342
G1 X-37.389 Y-31.732 E2.25964
G1 X-37.673 Y-32.386 E2.28504
G1 X-37.576 Y-33.093 E2.31046
G1 X-37.125 Y-33.647 E2.33591
G1 X-36.453 Y-33.886 E2.36132
G1 E.36132 F2400
G92 E0
G1 X-36.453 Y-33.886 F7800
G1 X-41.269 Y-31.935
G1 E2 F2400
G1 F3600
G1 X-41.119 Y-32.373 E2.01649
G1 X-40.854 Y-32.662 E2.03046
G1 X-40.513 Y-32.833 E2.04405
G1 X-40.123 Y-32.87 E2.05801
G1 X-40.048 Y-33.212 E2.07048
G1 X-39.601 Y-33.077 E2.08711
G1 X-39.181 Y-32.768 E2.10569
G1 X-38.856 Y-32.163 E2.13016
G1 X-38.856 Y-31.478 E2.15456
G1 X-39.181 Y-30.873 E2.17903
G1 X-39.759 Y-30.491 E2.20371
G1 X-40.435 Y-30.431 E2.22789
G1 X-41.058 Y-30.69 E2.25193
G1 X-41.504 Y-31.243 E2.27724
G1 X-41.625 Y-31.736 E2.29532
G1 X-41.604 Y-32.081 E2.30763
G1 X-41.324 Y-32.694 E2.33164
G1 X-40.759 Y-33.121 E2.35687
G1 X-40.09 Y-33.221 E2.38097
G1 X-40.09 Y-33.221 F7800
G1 X-39.633 Y-33.479
G1 F3600
G1 X-39.25 Y-33.288 E2.39622
G1 X-38.92 Y-33.005 E2.41171
G1 X-38.67 Y-32.653 E2.42709
G1 X-38.514 Y-32.249 E2.44252
G1 X-38.488 Y-31.6 E2.46566
G1 X-38.67 Y-30.988 E2.48841
G1 X-38.92 Y-30.635 E2.50382
G1 X-39.248 Y-30.354 E2.51921
G1 X-39.637 Y-30.16 E2.5347
G1 X-40.055 Y-30.069 E2.54994
G1 X-40.489 Y-30.082 E2.56541
G1 X-40.908 Y-30.201 E2.58093
G1 X-41.276 Y-30.414 E2.59608
G1 X-41.589 Y-30.717 E2.6116
G1 X-41.819 Y-31.088 E2.62715
G1 X-41.975 Y-31.715 E2.65017
G1 X-41.896 Y-32.35 E2.67297
G1 X-41.592 Y-32.921 E2.69601
G1 X-41.279 Y-33.225 E2.71155
G1 X-40.902 Y-33.442 E2.72705
G1 X-40.492 Y-33.559 E2.74224
G1 X-40.057 Y-33.572 E2.75774
G1 X-39.675 Y-33.488 E2.77167
G1 E.77167 F2400
G92 E0
G1 X-39.675 Y-33.488 F7800
G1 X-45.545 Y-32.491
G1 E2 F2400
G1 F3600
G1 X-45.409 Y-32.9 E2.01535
G1 X-45.128 Y-33.21 E2.03026
G1 X-44.818 Y-33.371 E2.0427
G1 X-44.392 Y-33.415 E2.05796
G1 X-44.315 Y-33.757 E2.07045
G1 X-43.895 Y-33.631 E2.08607
G1 X-43.45 Y-33.306 E2.1057
G1 X-43.131 Y-32.699 E2.13013
G1 X-43.136 Y-32.015 E2.1545
G1 X-43.465 Y-31.413 E2.17894
G1 X-44.044 Y-31.035 E2.20357
G1 X-44.716 Y-30.978 E2.2276
G1 X-45.336 Y-31.236 E2.25152
G1 X-45.589 Y-31.48 E2.26404
G1 X-45.835 Y-31.931 E2.28234
G1 X-45.881 Y-32.626 E2.30715
G1 X-45.598 Y-33.243 E2.33133
G1 X-45.027 Y-33.671 E2.35675
G1 X-44.357 Y-33.766 E2.38086
G1 X-44.357 Y-33.766 F7800
G1 X-43.897 Y-34.021
G1 F3600
G1 X-43.515 Y-33.826 E2.39614
G1 X-43.188 Y-33.541 E2.41159
G1 X-42.941 Y-33.186 E2.427
G1 X-42.788 Y-32.782 E2.44239
G1 X-42.739 Y-32.353 E2.45777
G1 X-42.795 Y-31.925 E2.47315
G1 X-42.954 Y-31.524 E2.48852
G1 X-43.206 Y-31.173 E2.50391
G1 X-43.535 Y-30.895 E2.51925
G1 X-43.924 Y-30.704 E2.53469
G1 X-44.34 Y-30.615 E2.54984
G1 X-44.771 Y-30.629 E2.5652
G1 X-45.187 Y-30.748 E2.58061
G1 X-45.552 Y-30.959 E2.59563
G1 X-45.862 Y-31.258 E2.61097
G1 X-46.168 Y-31.822 E2.63383
G1 X-46.254 Y-32.452 E2.65648
G1 X-46.094 Y-33.104 E2.6804
G1 X-45.867 Y-33.47 E2.69574
G1 X-45.551 Y-33.775 E2.71139
G1 X-45.17 Y-33.992 E2.72701
G1 X-44.758 Y-34.107 E2.74225
G1 X-44.322 Y-34.117 E2.75779
G1 X-43.939 Y-34.03 E2.77178
G1 E.77178 F2400
G92 E0
G1 X-43.939 Y-34.03 F7800
G1 X-47.592 Y-28.477
G1 E2 F2400
G1 F3600
G1 X-47.248 Y-28.926 E2.02015
G1 X-46.775 Y-29.128 E2.03847
G1 X-46.498 Y-29.136 E2.04834
G1 X-46.433 Y-29.479 E2.06078
G1 X-45.835 Y-29.259 E2.08348
G1 X-45.372 Y-28.751 E2.10797
G1 X-45.229 Y-28.276 E2.12564
G1 X-45.249 Y-27.741 E2.14471
G1 X-45.573 Y-27.139 E2.16906
G1 X-46.156 Y-26.756 E2.19391
G1 X-46.833 Y-26.698 E2.21812
G1 X-47.455 Y-26.96 E2.24216
G1 X-47.898 Y-27.514 E2.26743
G1 X-48.016 Y-27.993 E2.285
G1 X-47.997 Y-28.339 E2.29734
G1 X-47.719 Y-28.955 E2.32142
G1 X-47.162 Y-29.381 E2.3464
G1 X-46.475 Y-29.487 E2.37116
G1 X-46.475 Y-29.487 F7800
G1 X-46.256 Y-29.802
G1 F3600
G1 X-45.64 Y-29.553 E2.39483
G1 X-45.311 Y-29.271 E2.41027
G1 X-45.061 Y-28.917 E2.42571
G1 X-44.881 Y-28.318 E2.44799
G1 X-44.907 Y-27.654 E2.47166
G1 X-45.194 Y-27.064 E2.49503
G1 X-45.645 Y-26.617 E2.51765
G1 X-46.242 Y-26.374 E2.54061
G1 X-46.888 Y-26.35 E2.56364
G1 X-47.486 Y-26.565 E2.58628
G1 X-47.985 Y-26.988 E2.60958
G1 X-48.213 Y-27.359 E2.62509
G1 X-48.341 Y-27.765 E2.64026
G1 X-48.342 Y-28.403 E2.66299
G1 X-48.109 Y-29.006 E2.68602
G1 X-47.675 Y-29.488 E2.70913
G1 X-47.3 Y-29.705 E2.72456
G1 X-46.884 Y-29.825 E2.73998
G1 X-46.298 Y-29.81 E2.76086
G1 E.76086 F2400
G92 E0
G1 X-46.298 Y-29.81 F7800
G1 X-47.591 Y-22.802
G1 E2 F2400
G1 F3600
G1 X-47.25 Y-23.25 E2.02006
G1 X-46.776 Y-23.454 E2.03844
G1 X-46.497 Y-23.463 E2.04838
G1 X-46.434 Y-23.807 E2.06084
G1 X-45.834 Y-23.586 E2.08362
G1 X-45.37 Y-23.077 E2.10816
G1 X-45.229 Y-22.62 E2.1252
G1 X-45.248 Y-22.065 E2.14498
G1 X-45.573 Y-21.463 E2.16935
G1 X-46.159 Y-21.08 E2.19429
G1 X-46.837 Y-21.026 E2.21852
G1 X-47.459 Y-21.292 E2.24262
G1 X-47.899 Y-21.848 E2.26788
G1 X-48.013 Y-22.308 E2.28476
G1 X-47.997 Y-22.654 E2.2971
G1 X-47.723 Y-23.275 E2.32128
G1 X-47.165 Y-23.705 E2.34638
G1 X-46.476 Y-23.814 E2.37123
G1 X-46.476 Y-23.814 F7800
G1 X-46.268 Y-24.132
G1 F3600
G1 X-45.639 Y-23.88 E2.39537
G1 X-45.309 Y-23.598 E2.41083
G1 X-45.059 Y-23.243 E2.4263
G1 X-44.881 Y-22.662 E2.44795
G1 X-44.906 Y-21.977 E2.47237
G1 X-45.201 Y-21.378 E2.49616
G1 X-45.648 Y-20.941 E2.51843
G1 X-46.244 Y-20.7 E2.54133
G1 X-46.894 Y-20.678 E2.5645
G1 X-47.478 Y-20.888 E2.58661
G1 X-47.988 Y-21.322 E2.61047
G1 X-48.215 Y-21.694 E2.62599
G1 X-48.34 Y-22.1 E2.64112
G1 X-48.342 Y-22.718 E2.66314
G1 X-48.106 Y-23.334 E2.68664
G1 X-47.68 Y-23.809 E2.70937
G1 X-47.305 Y-24.029 E2.72486
G1 X-46.887 Y-24.15 E2.74036
G1 X-46.311 Y-24.14 E2.76088
G1 E.76088 F2400
G92 E0
G1 X-46.311 Y-24.14 F7800
G1 X-47.948 Y-17.194
G1 E2 F2400
G1 F3600
G1 X-47.813 Y-17.602 E2.01531
G1 X-47.531 Y-17.914 E2.03029
G1 X-47.222 Y-18.074 E2.04269
G1 X-46.795 Y-18.118 E2.05798
G1 X-46.718 Y-18.459 E2.07043
G1 X-46.297 Y-18.334 E2.08607
G1 X-45.854 Y-18.008 E2.10566
G1 X-45.534 Y-17.402 E2.13007
G1 X-45.539 Y-16.718 E2.15444
G1 X-45.868 Y-16.116 E2.17888
G1 X-46.447 Y-15.738 E2.20351
G1 X-47.119 Y-15.681 E2.22754
G1 X-47.739 Y-15.939 E2.25146
G1 X-47.992 Y-16.182 E2.26396
G1 X-48.239 Y-16.635 E2.28234
G1 X-48.285 Y-17.329 E2.30712
G1 X-48.001 Y-17.947 E2.33135
G1 X-47.43 Y-18.374 E2.35675
G1 X-46.76 Y-18.469 E2.38086
G1 X-46.76 Y-18.469 F7800
G1 X-46.3 Y-18.723
G1 F3600
G1 X-45.918 Y-18.529 E2.39612
G1 X-45.591 Y-18.244 E2.41157
G1 X-45.344 Y-17.889 E2.42698
G1 X-45.192 Y-17.485 E2.44236
G1 X-45.142 Y-17.056 E2.45775
G1 X-45.198 Y-16.628 E2.47313
G1 X-45.357 Y-16.227 E2.4885
G1 X-45.609 Y-15.876 E2.50389
G1 X-45.938 Y-15.598 E2.51923
G1 X-46.327 Y-15.407 E2.53467
G1 X-46.743 Y-15.318 E2.54982
G1 X-47.174 Y-15.332 E2.56518
G1 X-47.59 Y-15.451 E2.58059
G1 X-47.955 Y-15.661 E2.59559
G1 X-48.265 Y-15.96 E2.61093
G1 X-48.572 Y-16.526 E2.63387
G1 X-48.657 Y-17.154 E2.65645
G1 X-48.497 Y-17.808 E2.68044
G1 X-48.27 Y-18.174 E2.69578
G1 X-47.953 Y-18.479 E2.71145
G1 X-47.573 Y-18.696 E2.72704
G1 X-47.16 Y-18.81 E2.7423
G1 X-46.725 Y-18.82 E2.7578
G1 X-46.342 Y-18.733 E2.77179
G1 E.77179 F2400
G92 E0
G1 X-46.342 Y-18.733 F7800
G1 X-44.054 Y-15.989
G1 E2 F2400
G1 F3600
G1 X-43.935 Y-16.362 E2.01395
G1 X-43.627 Y-16.705 E2.03037
G1 X-43.333 Y-16.854 E2.04211
G1 X-42.893 Y-16.898 E2.05786
G1 X-42.812 Y-17.239 E2.07035
G1 X-42.373 Y-17.097 E2.08679
G1 X-41.958 Y-16.783 E2.10533
G1 X-41.644 Y-16.18 E2.12955
G1 X-41.65 Y-15.5 E2.15378
G1 X-41.975 Y-14.902 E2.17803
G1 X-42.546 Y-14.523 E2.20244
G1 X-43.211 Y-14.458 E2.22624
G1 X-43.837 Y-14.712 E2.25031
G1 X-44.268 Y-15.216 E2.27393
G1 X-44.416 Y-15.907 E2.2991
G1 X-44.27 Y-16.48 E2.32016
G1 X-44.094 Y-16.748 E2.33158
G1 X-43.521 Y-17.163 E2.35678
G1 X-42.853 Y-17.248 E2.38077
G1 X-42.853 Y-17.248 F7800
G1 X-42.394 Y-17.499
G1 F3600
G1 X-42.016 Y-17.302 E2.39595
G1 X-41.694 Y-17.017 E2.41127
G1 X-41.451 Y-16.663 E2.42657
G1 X-41.301 Y-16.262 E2.44182
G1 X-41.253 Y-15.835 E2.45713
G1 X-41.309 Y-15.411 E2.47237
G1 X-41.466 Y-15.012 E2.48764
G1 X-41.714 Y-14.664 E2.50286
G1 X-42.039 Y-14.386 E2.5181
G1 X-42.422 Y-14.193 E2.53338
G1 X-42.834 Y-14.1 E2.54843
G1 X-43.261 Y-14.109 E2.56364
G1 X-43.672 Y-14.22 E2.57881
G1 X-44.044 Y-14.427 E2.59398
G1 X-44.358 Y-14.719 E2.60926
G1 X-44.587 Y-15.07 E2.62419
G1 X-44.729 Y-15.48 E2.63965
G1 X-44.768 Y-15.912 E2.6551
G1 X-44.592 Y-16.621 E2.68112
G1 X-44.36 Y-16.979 E2.69632
G1 X-44.04 Y-17.276 E2.71187
G1 X-43.658 Y-17.487 E2.72742
G1 X-43.246 Y-17.594 E2.74258
G1 X-42.814 Y-17.599 E2.75797
G1 X-42.436 Y-17.509 E2.77181
G1 E.77181 F2400
G92 E0
G1 X-42.436 Y-17.509 F7800
G1 X-11.563 Y-29.913
G1 E2 F2400
;TYPE:Perimeter
;WIDTH:0.45
G1 F900
G1 X-11.284 Y-29.627 E2.01922
G1 X-11.019 Y-29.206 E2.04315
G1 X-10.843 Y-28.742 E2.06702
G1 X-10.755 Y-28.132 E2.09666
G1 X-10.813 Y-27.567 E2.12398
G1 X-10.966 Y-27.095 E2.14784
G1 X-11.21 Y-26.662 E2.17174
G1 X-11.534 Y-26.286 E2.19561
G1 X-11.926 Y-25.981 E2.2195
G1 X-12.371 Y-25.761 E2.24338
G1 X-12.851 Y-25.633 E2.26727
G1 X-13.375 Y-25.605 E2.29251
G1 X-13.838 Y-25.671 E2.315
G1 X-14.307 Y-25.836 E2.33891
G1 X-14.787 Y-26.138 E2.36619
G1 X-15.168 Y-26.51 E2.3918
G1 X-15.509 Y-27.031 E2.42175
G1 X-15.684 Y-27.538 E2.44755
G1 X-15.746 Y-28.056 E2.47264
G1 X-15.688 Y-28.621 E2.49996
G1 X-15.535 Y-29.094 E2.52387
G1 X-15.291 Y-29.527 E2.54777
G1 X-14.967 Y-29.903 E2.57164
G1 X-14.575 Y-30.207 E2.5955
G1 X-14.13 Y-30.427 E2.61938
G1 X-13.643 Y-30.556 E2.64361
G1 X-13.106 Y-30.577 E2.66946
G1 X-12.565 Y-30.485 E2.69585
G1 X-12.098 Y-30.301 E2.71999
G1 X-11.658 Y-30.01 E2.74536
G1 X-11.605 Y-29.956 E2.749
G1 X-11.605 Y-29.956 F7800
G1 X-11.82 Y-29.636
G1 F900
G1 X-11.775 Y-29.6 E2.75177
G1 X-11.505 Y-29.278 E2.77198
G1 X-11.305 Y-28.909 E2.79217
G1 X-11.183 Y-28.507 E2.81238
G1 X-11.142 Y-28.089 E2.83258
G1 X-11.185 Y-27.671 E2.85279
G1 X-11.309 Y-27.27 E2.87298
G1 X-11.511 Y-26.902 E2.89317
G1 X-11.782 Y-26.581 E2.91338
G1 X-12.111 Y-26.32 E2.93358
G1 X-12.485 Y-26.129 E2.95378
G1 X-13.029 Y-26.003 E2.98064
G1 X-13.337 Y-25.989 E2.99547
G1 X-13.725 Y-26.04 E3.01429
G1 X-14.122 Y-26.174 E3.03444
G1 X-14.527 Y-26.423 E3.05731
G1 X-14.899 Y-26.786 E3.08231
G1 X-15.164 Y-27.204 E3.10611
G1 X-15.318 Y-27.681 E3.13022
G1 X-15.359 Y-28.099 E3.15042
G1 X-15.316 Y-28.517 E3.17063
G1 X-15.192 Y-28.918 E3.19082
G1 X-14.99 Y-29.287 E3.21105
G1 X-14.719 Y-29.607 E3.23122
G1 X-14.39 Y-29.868 E3.25142
G1 X-14.016 Y-30.059 E3.27162
G1 X-13.603 Y-30.173 E3.29223
G1 X-13.171 Y-30.196 E3.31304
G1 X-12.63 Y-30.104 E3.33943
G1 X-12.164 Y-29.903 E3.36384
G1 X-11.868 Y-29.673 E3.38187
G1 X-11.868 Y-29.673 F7800
G1 X-12.079 Y-29.357
;TYPE:External perimeter
G1 F900
G1 X-12.064 Y-29.345 E3.38279
G1 X-11.839 Y-29.085 E3.39933
G1 X-11.671 Y-28.786 E3.41583
G1 X-11.565 Y-28.459 E3.43236
G1 X-11.526 Y-28.118 E3.44887
G1 X-11.556 Y-27.776 E3.46538
G1 X-11.653 Y-27.446 E3.48192
G1 X-11.813 Y-27.143 E3.4984
G1 X-12.03 Y-26.877 E3.51491
G1 X-12.295 Y-26.659 E3.53141
G1 X-12.598 Y-26.498 E3.54791
G1 X-13.067 Y-26.386 E3.5711
G1 X-13.573 Y-26.4 E3.59545
G1 X-13.938 Y-26.513 E3.61383
G1 X-14.258 Y-26.699 E3.63163
G1 X-14.629 Y-27.062 E3.65659
G1 X-14.82 Y-27.377 E3.67431
G1 X-14.936 Y-27.729 E3.69214
G1 X-14.975 Y-28.07 E3.70865
G1 X-14.945 Y-28.412 E3.72516
G1 X-14.849 Y-28.742 E3.74169
G1 X-14.688 Y-29.046 E3.75824
G1 X-14.471 Y-29.312 E3.77475
G1 X-14.206 Y-29.53 E3.79125
G1 X-13.903 Y-29.69 E3.80773
G1 X-13.563 Y-29.789 E3.82476
G1 X-13.235 Y-29.816 E3.84059
G1 X-12.694 Y-29.724 E3.86698
G1 X-12.335 Y-29.555 E3.88606
G1 X-12.126 Y-29.394 E3.89875
G1 X-11.86 Y-29.096 F7800
G1 E1.89875 F2400
G92 E0
G1 X-11.54 Y-17.948 F7800
G1 E2 F2400
;TYPE:Perimeter
G1 F900
G1 X-11.926 Y-17.648 E2.02351
G1 X-12.371 Y-17.428 E2.04739
G1 X-12.851 Y-17.3 E2.07128
G1 X-13.375 Y-17.272 E2.09652
G1 X-13.838 Y-17.338 E2.11901
G1 X-14.307 Y-17.502 E2.14291
G1 X-14.733 Y-17.756 E2.16676
G1 X-15.101 Y-18.09 E2.19066
G1 X-15.412 Y-18.524 E2.21634
G1 X-15.633 Y-19.045 E2.24356
G1 X-15.739 Y-19.603 E2.27088
G1 X-15.709 Y-20.195 E2.29939
G1 X-15.568 Y-20.689 E2.3241
G1 X-15.334 Y-21.135 E2.34832
G1 X-14.967 Y-21.569 E2.37566
G1 X-14.575 Y-21.874 E2.39955
G1 X-14.13 Y-22.094 E2.42343
G1 X-13.643 Y-22.223 E2.44766
G1 X-13.106 Y-22.243 E2.47351
G1 X-12.565 Y-22.151 E2.4999
G1 X-12.098 Y-21.968 E2.52402
G1 X-11.658 Y-21.676 E2.54942
G1 X-11.284 Y-21.293 E2.57517
G1 X-11.019 Y-20.873 E2.59906
G1 X-10.843 Y-20.409 E2.62293
G1 X-10.755 Y-19.799 E2.65257
G1 X-10.813 Y-19.234 E2.67989
G1 X-10.966 Y-18.761 E2.7038
G1 X-11.21 Y-18.328 E2.7277
G1 X-11.499 Y-17.992 E2.74902
G1 X-11.499 Y-17.992 F7800
G1 X-11.804 Y-18.23
G1 F900
G1 X-12.111 Y-17.987 E2.76785
G1 X-12.485 Y-17.796 E2.78805
G1 X-13.029 Y-17.669 E2.81492
G1 X-13.337 Y-17.656 E2.82975
G1 X-13.725 Y-17.706 E2.84857
G1 X-14.122 Y-17.841 E2.86874
G1 X-14.486 Y-18.052 E2.88898
G1 X-14.8 Y-18.33 E2.90915
G1 X-15.071 Y-18.705 E2.9314
G1 X-15.277 Y-19.195 E2.95697
G1 X-15.361 Y-19.708 E2.98197
G1 X-15.316 Y-20.184 E3.00497
G1 X-15.192 Y-20.585 E3.02516
G1 X-14.99 Y-20.953 E3.04535
G1 X-14.709 Y-21.283 E3.0662
G1 X-14.39 Y-21.535 E3.08575
G1 X-14.016 Y-21.726 E3.10595
G1 X-13.603 Y-21.839 E3.12654
G1 X-13.171 Y-21.863 E3.14735
G1 X-12.63 Y-21.771 E3.17374
G1 X-12.164 Y-21.57 E3.19815
G1 X-11.775 Y-21.267 E3.22187
G1 X-11.505 Y-20.945 E3.24208
G1 X-11.305 Y-20.575 E3.26231
G1 X-11.183 Y-20.174 E3.28247
G1 X-11.142 Y-19.756 E3.30267
G1 X-11.185 Y-19.338 E3.32288
G1 X-11.309 Y-18.937 E3.34307
G1 X-11.511 Y-18.569 E3.36326
G1 X-11.761 Y-18.272 E3.38193
G1 X-11.761 Y-18.272 F7800
G1 X-12.068 Y-18.512
;TYPE:External perimeter
G1 F900
G1 X-12.295 Y-18.325 E3.39608
G1 X-12.599 Y-18.165 E3.4126
G1 X-13.067 Y-18.053 E3.43574
G1 X-13.573 Y-18.067 E3.46009
G1 X-13.938 Y-18.18 E3.47847
G1 X-14.238 Y-18.347 E3.49498
G1 X-14.498 Y-18.571 E3.51149
G1 X-14.715 Y-18.854 E3.52864
G1 X-14.922 Y-19.345 E3.55427
G1 X-14.975 Y-19.737 E3.5733
G1 X-14.945 Y-20.079 E3.58981
G1 X-14.849 Y-20.409 E3.60634
G1 X-14.689 Y-20.712 E3.62282
G1 X-14.461 Y-20.987 E3.64
G1 X-14.206 Y-21.196 E3.65586
G1 X-13.903 Y-21.357 E3.67236
G1 X-13.563 Y-21.456 E3.68939
G1 X-13.235 Y-21.483 E3.70522
G1 X-12.694 Y-21.391 E3.73161
G1 X-12.335 Y-21.222 E3.75069
G1 X-12.064 Y-21.012 E3.76718
G1 X-11.839 Y-20.752 E3.78372
G1 X-11.671 Y-20.453 E3.80022
G1 X-11.565 Y-20.126 E3.81675
G1 X-11.526 Y-19.785 E3.83326
G1 X-11.556 Y-19.443 E3.84977
G1 X-11.653 Y-19.113 E3.86631
G1 X-11.813 Y-18.809 E3.88283
G1 X-12.023 Y-18.552 E3.89879
G1 X-12.342 Y-18.311 F7800
G1 E1.89879 F2400
G92 E0
G1 X-11.102 Y-10.187 F7800
G1 E2 F2400
;TYPE:Perimeter
G1 F900
G1 X-11.21 Y-9.995 E2.0106
G1 X-11.534 Y-9.619 E2.03447
G1 X-11.926 Y-9.315 E2.05833
G1 X-12.371 Y-9.094 E2.08223
G1 X-12.851 Y-8.966 E2.10612
G1 X-13.347 Y-8.936 E2.13002
G1 X-13.838 Y-9.004 E2.15386
G1 X-14.307 Y-9.169 E2.17777
G1 X-14.787 Y-9.471 E2.20505
G1 X-15.168 Y-9.843 E2.23066
G1 X-15.482 Y-10.315 E2.25793
G1 X-15.658 Y-10.78 E2.28184
G1 X-15.739 Y-11.269 E2.30568
G1 X-15.708 Y-11.867 E2.33448
G1 X-15.562 Y-12.37 E2.35967
G1 X-15.327 Y-12.812 E2.38375
G1 X-14.967 Y-13.236 E2.4105
G1 X-14.575 Y-13.54 E2.43436
G1 X-14.13 Y-13.761 E2.45826
G1 X-13.643 Y-13.89 E2.48249
G1 X-13.106 Y-13.91 E2.50834
G1 X-12.565 Y-13.818 E2.53473
G1 X-12.098 Y-13.635 E2.55885
G1 X-11.658 Y-13.343 E2.58425
G1 X-11.284 Y-12.96 E2.61
G1 X-11.019 Y-12.54 E2.63389
G1 X-10.843 Y-12.076 E2.65776
G1 X-10.755 Y-11.466 E2.6874
G1 X-10.811 Y-10.908 E2.71437
G1 X-10.966 Y-10.428 E2.73863
G1 X-11.072 Y-10.239 E2.74905
G1 X-11.072 Y-10.239 F7800
G1 X-11.433 Y-10.378
G1 F900
G1 X-11.511 Y-10.236 E2.75684
G1 X-11.782 Y-9.914 E2.77708
G1 X-12.111 Y-9.653 E2.79728
G1 X-12.485 Y-9.463 E2.81746
G1 X-12.889 Y-9.35 E2.83764
G1 X-13.308 Y-9.32 E2.85784
G1 X-13.725 Y-9.373 E2.87806
G1 X-14.122 Y-9.508 E2.89823
G1 X-14.517 Y-9.747 E2.92044
G1 X-14.899 Y-10.119 E2.94609
G1 X-15.196 Y-10.613 E2.97381
G1 X-15.318 Y-11.015 E2.99402
G1 X-15.356 Y-11.317 E3.00866
G1 X-15.316 Y-11.85 E3.03437
G1 X-15.192 Y-12.251 E3.05456
G1 X-14.99 Y-12.62 E3.07479
G1 X-14.719 Y-12.941 E3.095
G1 X-14.39 Y-13.202 E3.1152
G1 X-14.016 Y-13.392 E3.13538
G1 X-13.603 Y-13.506 E3.15599
G1 X-13.171 Y-13.53 E3.1768
G1 X-12.63 Y-13.438 E3.20319
G1 X-12.164 Y-13.237 E3.2276
G1 X-11.775 Y-12.934 E3.25132
G1 X-11.505 Y-12.611 E3.27157
G1 X-11.305 Y-12.242 E3.29176
G1 X-11.183 Y-11.84 E3.31197
G1 X-11.142 Y-11.423 E3.33212
G1 X-11.185 Y-11.005 E3.35233
G1 X-11.309 Y-10.604 E3.37252
G1 X-11.404 Y-10.431 E3.38201
G1 X-11.404 Y-10.431 F7800
G1 X-11.764 Y-10.569
;TYPE:External perimeter
G1 F900
G1 X-11.813 Y-10.476 E3.38707
G1 X-12.03 Y-10.21 E3.40358
G1 X-12.295 Y-9.992 E3.42008
G1 X-12.598 Y-9.831 E3.43658
G1 X-12.928 Y-9.734 E3.45312
G1 X-13.27 Y-9.703 E3.46964
G1 X-13.611 Y-9.741 E3.48614
G1 X-13.938 Y-9.846 E3.50266
G1 X-14.248 Y-10.023 E3.51983
G1 X-14.629 Y-10.395 E3.54544
G1 X-14.83 Y-10.736 E3.56448
G1 X-14.936 Y-11.063 E3.58101
G1 X-14.974 Y-11.365 E3.59565
G1 X-14.945 Y-11.746 E3.61403
G1 X-14.849 Y-12.075 E3.63051
G1 X-14.688 Y-12.379 E3.64706
G1 X-14.471 Y-12.645 E3.66357
G1 X-14.206 Y-12.863 E3.68007
G1 X-13.903 Y-13.024 E3.69657
G1 X-13.563 Y-13.122 E3.71359
G1 X-13.235 Y-13.15 E3.72942
G1 X-12.694 Y-13.058 E3.75581
G1 X-12.335 Y-12.889 E3.77489
G1 X-12.064 Y-12.678 E3.79141
G1 X-11.839 Y-12.418 E3.80795
G1 X-11.671 Y-12.119 E3.82445
G1 X-11.565 Y-11.792 E3.84098
G1 X-11.526 Y-11.451 E3.85749
G1 X-11.556 Y-11.109 E3.874
G1 X-11.653 Y-10.78 E3.8905
G1 X-11.736 Y-10.622 E3.89908
G1 X-11.966 Y-10.295 F7800
G1 E1.89908 F2400
G92 E0
G1 X-10.803 Y-35.996 F7800
G1 E2 F2400
;TYPE:Perimeter
G1 F900
G1 X-10.813 Y-35.9 E2.00464
G1 X-10.966 Y-35.428 E2.0285
G1 X-11.21 Y-34.995 E2.0524
G1 X-11.534 Y-34.619 E2.07627
G1 X-11.926 Y-34.315 E2.10013
G1 X-12.371 Y-34.094 E2.12403
G1 X-12.851 Y-33.966 E2.14792
G1 X-13.375 Y-33.939 E2.17316
G1 X-13.838 Y-34.004 E2.19565
G1 X-14.307 Y-34.169 E2.21956
G1 X-14.733 Y-34.423 E2.24341
G1 X-15.101 Y-34.757 E2.26731
G1 X-15.412 Y-35.191 E2.29299
G1 X-15.633 Y-35.712 E2.32021
G1 X-15.739 Y-36.269 E2.34748
G1 X-15.721 Y-36.766 E2.3714
G1 X-15.605 Y-37.248 E2.39524
G1 X-15.396 Y-37.699 E2.41915
G1 X-15.101 Y-38.099 E2.44305
G1 X-14.733 Y-38.432 E2.46692
G1 X-14.307 Y-38.686 E2.49077
G1 X-13.721 Y-38.879 E2.52044
G1 X-13.268 Y-38.923 E2.54233
G1 X-12.565 Y-38.818 E2.57652
G1 X-12.033 Y-38.604 E2.6041
G1 X-11.626 Y-38.319 E2.628
G1 X-11.284 Y-37.96 E2.65185
G1 X-11.019 Y-37.54 E2.67574
G1 X-10.822 Y-37.003 E2.70325
G1 X-10.755 Y-36.466 E2.72928
G1 X-10.797 Y-36.056 E2.7491
G1 X-10.797 Y-36.056 F7800
G1 X-11.179 Y-36.062
G1 F900
G1 X-11.185 Y-36.005 E2.75186
G1 X-11.309 Y-35.604 E2.77205
G1 X-11.511 Y-35.236 E2.79224
G1 X-11.782 Y-34.914 E2.81248
G1 X-12.111 Y-34.653 E2.83268
G1 X-12.485 Y-34.463 E2.85286
G1 X-13.029 Y-34.336 E2.87973
G1 X-13.337 Y-34.322 E2.89456
G1 X-13.725 Y-34.373 E2.91338
G1 X-14.122 Y-34.508 E2.93355
G1 X-14.486 Y-34.718 E2.95376
G1 X-14.8 Y-34.997 E2.97396
G1 X-15.07 Y-35.371 E2.99615
G1 X-15.277 Y-35.862 E3.02178
G1 X-15.356 Y-36.317 E3.04399
G1 X-15.316 Y-36.85 E3.0697
G1 X-15.192 Y-37.251 E3.08989
G1 X-14.99 Y-37.62 E3.11012
G1 X-14.719 Y-37.941 E3.13033
G1 X-14.39 Y-38.202 E3.15053
G1 X-14.016 Y-38.392 E3.17071
G1 X-13.614 Y-38.505 E3.19079
G1 X-13.171 Y-38.53 E3.21213
G1 X-12.63 Y-38.438 E3.23852
G1 X-12.201 Y-38.256 E3.26093
G1 X-11.775 Y-37.934 E3.28661
G1 X-11.505 Y-37.611 E3.30686
G1 X-11.305 Y-37.242 E3.32705
G1 X-11.183 Y-36.84 E3.34726
G1 X-11.142 Y-36.422 E3.36746
G1 X-11.173 Y-36.122 E3.38197
G1 X-11.173 Y-36.122 F7800
G1 X-11.554 Y-36.128
;TYPE:External perimeter
G1 F900
G1 X-11.556 Y-36.109 E3.38289
G1 X-11.653 Y-35.78 E3.39939
G1 X-11.813 Y-35.476 E3.41591
G1 X-12.03 Y-35.21 E3.43242
G1 X-12.295 Y-34.992 E3.44892
G1 X-12.598 Y-34.831 E3.46542
G1 X-13.067 Y-34.72 E3.4886
G1 X-13.573 Y-34.734 E3.51295
G1 X-13.938 Y-34.846 E3.53131
G1 X-14.238 Y-35.014 E3.54785
G1 X-14.498 Y-35.237 E3.56432
G1 X-14.715 Y-35.521 E3.58151
G1 X-14.922 Y-36.012 E3.60714
G1 X-14.975 Y-36.404 E3.62617
G1 X-14.945 Y-36.746 E3.64268
G1 X-14.849 Y-37.075 E3.65916
G1 X-14.689 Y-37.379 E3.67568
G1 X-14.471 Y-37.645 E3.69222
G1 X-14.206 Y-37.863 E3.70872
G1 X-13.903 Y-38.024 E3.72522
G1 X-13.574 Y-38.121 E3.74172
G1 X-13.235 Y-38.15 E3.75808
G1 X-12.694 Y-38.058 E3.78447
G1 X-12.335 Y-37.889 E3.80355
G1 X-12.064 Y-37.678 E3.82007
G1 X-11.839 Y-37.418 E3.83661
G1 X-11.671 Y-37.119 E3.85311
G1 X-11.565 Y-36.792 E3.86964
G1 X-11.526 Y-36.451 E3.88615
G1 X-11.549 Y-36.188 E3.89885
G1 X-11.655 Y-35.802 F7800
G1 E1.89885 F2400
G92 E0
G1 X-33.009 Y-40.431 F7800
G1 E2 F2400
;TYPE:Perimeter
G1 F3600
G1 X-5.391 Y-40.431 E3.32833
G1 X-5.391 Y-37.675 E3.46088
G1 X-5.391 Y-7.424 E4.91585
G1 X-33.009 Y-7.424 E6.24418
G1 X-33.009 Y-40.371 E7.82882
G1 X-33.009 Y-40.371 F7800
G1 X-33.395 Y-40.817
G1 F3600
G1 X-5.006 Y-40.817 E9.19423
G1 X-5.006 Y-37.675 E9.34535
G1 X-5.006 Y-7.038 E10.81888
G1 X-33.395 Y-7.038 E12.18429
G1 X-33.395 Y-40.757 E13.80606
G1 X-33.395 Y-40.757 F7800
G1 X-33.78 Y-41.203
;TYPE:External perimeter
G1 F1800
G1 X-4.62 Y-41.203 E15.20855
G1 X-4.62 Y-37.675 E15.37823
G1 X-4.62 Y-6.653 E16.87028
G1 X-33.78 Y-6.653 E18.27277
G1 X-33.78 Y-41.143 E19.93162
G1 X-33.385 Y-41.202 F7800
G1 E17.93162 F2400
G92 E0
G1 X-24.91 Y-40.316 F7800
G1 E2 F2400
;TYPE:Internal infill
;WIDTH:0.45
G1 F4800
G1 X-14.913 Y-30.319 E2.67998
G1 X-15.254 Y-30.031 E2.70145
G1 X-15.601 Y-29.591 E2.7284
G1 X-15.828 Y-29.152 E2.75217
G1 X-15.994 Y-28.579 E2.78086
G1 X-16.004 Y-27.774 E2.81958
G1 X-28.372 Y-40.142 E3.66084
G1 X-32.008 Y-40.142 E3.83572
G1 X-14.226 Y-22.361 E5.0452
G1 X-14.827 Y-22.058 E5.07757
G1 X-15.262 Y-21.688 E5.10504
G1 X-15.575 Y-21.296 E5.12917
G1 X-15.846 Y-20.775 E5.15742
G1 X-15.94 Y-20.439 E5.1742
G1 X-32.72 Y-37.219 E6.31556
G1 X-32.72 Y-33.583 E6.49044
G1 X-13.345 Y-14.208 E7.8083
G1 X-13.808 Y-14.157 E7.8307
G1 X-14.337 Y-13.993 E7.85734
G1 X-14.827 Y-13.725 E7.8842
G1 X-15.254 Y-13.364 E7.91109
G1 X-15.633 Y-12.861 E7.94138
G1 X-32.72 Y-29.947 E9.10358
G1 X-32.72 Y-26.312 E9.27841
G1 X-14.121 Y-7.713 E10.54349
G1 X-10.486 Y-7.713 E10.71832
G1 X-11.817 Y-9.045 E10.80889
G1 X-11.344 Y-9.401 E10.83736
G1 X-10.85 Y-10.02 E10.87545
G1 X-10.619 Y-10.524 E10.90212
G1 X-10.475 Y-11.338 E10.94188
G1 X-6.85 Y-7.713 E11.18845
G1 X-5.68 Y-7.713 E11.24472
G1 X-5.68 Y-10.179 E11.36333
G1 X-12.568 Y-17.067 E11.83184
G1 X-12.142 Y-17.205 E11.85338
G1 X-11.654 Y-17.478 E11.88027
G1 X-11.248 Y-17.824 E11.90593
G1 X-10.85 Y-18.353 E11.93777
G1 X-10.648 Y-18.783 E11.96062
G1 X-5.68 Y-13.815 E12.29854
G1 X-5.68 Y-17.45 E12.47337
G1 X-13.57 Y-25.34 E13.01004
G1 X-13.25 Y-25.308 E13.02551
G1 X-12.64 Y-25.377 E13.05504
G1 X-12.142 Y-25.538 E13.08021
G1 X-11.654 Y-25.811 E13.1071
G1 X-11.248 Y-26.157 E13.13276
G1 X-11.025 Y-26.431 E13.14975
G1 X-5.507 Y-20.913 E13.52508
G1 E11.52508 F2400
G92 E0
G1 X-5.507 Y-20.913 F7800
G1 X-17.583 Y-7.539
G1 E2 F2400
G1 F4800
G1 X-32.72 Y-22.676 E3.0296
G1 X-32.72 Y-19.04 E3.20448
G1 X-21.393 Y-7.713 E3.97493
G1 X-25.028 Y-7.713 E4.14976
G1 X-32.72 Y-15.405 E4.67296
G1 X-32.72 Y-11.769 E4.84784
G1 X-28.664 Y-7.713 E5.12372
G1 X-32.3 Y-7.713 E5.2986
G1 X-32.893 Y-8.307 E5.33897
G1 E3.33897 F2400
G92 E0
G1 X-32.893 Y-8.307 F7800
G1 X-14.003 Y-40.316
G1 E2 F2400
G1 F4800
G1 X-12.847 Y-39.159 E2.07866
G1 X-13.392 Y-39.207 E2.10497
G1 X-14.22 Y-39.036 E2.14563
G1 X-14.916 Y-38.657 E2.18375
G1 X-15.449 Y-38.126 E2.21994
G1 X-17.465 Y-40.142 E2.35707
G1 X-21.101 Y-40.142 E2.53195
G1 X-5.68 Y-24.722 E3.58083
G1 X-5.68 Y-28.357 E3.75566
G1 X-11.553 Y-34.23 E4.15513
G1 X-10.981 Y-34.818 E4.19458
G1 X-10.707 Y-35.3 E4.22125
G1 X-10.507 Y-35.945 E4.25373
G1 X-10.465 Y-36.468 E4.27897
G1 X-10.509 Y-36.822 E4.29613
G1 X-5.68 Y-31.993 E4.62459
G1 X-5.68 Y-35.629 E4.79947
G1 X-10.194 Y-40.142 E5.10647
G1 X-6.558 Y-40.142 E5.28135
G1 X-5.507 Y-39.091 E5.35284
;LAYER_CHANGE
;Z:1.55
;HEIGHT:0.3
G1 Z1.55 F7800
G1 E3.35284 F2400
G92 E0
G1 X-5.507 Y-39.091 F7800
G1 X-37.925 Y-15.055
G1 E2 F2400
;TYPE:Support material
;WIDTH:0.35
G1 F3600
G1 X-37.868 Y-15.453 E2.01432
G1 X-37.605 Y-15.831 E2.03072
G1 X-37.16 Y-16.036 E2.04817
G1 X-36.923 Y-16.051 E2.05663
G1 X-36.859 Y-16.396 E2.06913
G1 X-36.582 Y-16.343 E2.07918
G1 X-35.963 Y-15.929 E2.10571
G1 X-35.699 Y-15.348 E2.12844
G1 X-35.722 Y-14.736 E2.15026
G1 X-36.025 Y-14.214 E2.17176
G1 X-36.578 Y-13.861 E2.19513
G1 X-37.227 Y-13.822 E2.21829
G1 X-37.862 Y-14.133 E2.24348
G1 X-38.199 Y-14.636 E2.26505
G1 X-38.285 Y-15.154 E2.28376
G1 X-38.194 Y-15.585 E2.29945
G1 X-38.041 Y-15.866 E2.31085
G1 X-37.541 Y-16.281 E2.334
G1 X-36.902 Y-16.404 E2.35718
G1 X-36.902 Y-16.404 F7800
G1 X-36.683 Y-16.718
G1 F3600
G1 X-36.1 Y-16.504 E2.3793
G1 X-35.697 Y-16.162 E2.39813
G1 X-35.531 Y-15.904 E2.40906
G1 X-35.354 Y-15.42 E2.42742
G1 X-35.384 Y-14.635 E2.45541
G1 X-35.77 Y-13.971 E2.48277
G1 X-36.092 Y-13.703 E2.49769
G1 X-36.469 Y-13.526 E2.51253
G1 X-36.879 Y-13.448 E2.5274
G1 X-37.295 Y-13.475 E2.54225
G1 X-37.69 Y-13.605 E2.55706
G1 X-38.095 Y-13.867 E2.57424
G1 X-38.323 Y-14.132 E2.58669
G1 X-38.603 Y-14.776 E2.61171
G1 X-38.598 Y-15.464 E2.63622
G1 X-38.39 Y-15.971 E2.65574
G1 X-37.983 Y-16.423 E2.67741
G1 X-37.292 Y-16.729 E2.70433
G1 X-36.725 Y-16.726 E2.72453
G1 E.72453 F2400
G92 E0
G1 X-36.725 Y-16.726 F7800
G1 X-37.647 Y-20.207
G1 E2 F2400
G1 F3600
G1 X-37.544 Y-20.458 E2.00967
G1 X-37.165 Y-20.824 E2.02844
G1 X-36.625 Y-20.965 E2.04832
G1 X-36.586 Y-21.312 E2.06076
G1 X-35.927 Y-21.124 E2.08517
G1 X-35.637 Y-20.898 E2.09827
G1 X-35.277 Y-20.266 E2.12418
G1 X-35.279 Y-19.539 E2.15008
G1 X-35.643 Y-18.91 E2.17597
G1 X-36.273 Y-18.545 E2.20191
G1 X-37 Y-18.544 E2.22781
G1 X-37.562 Y-18.844 E2.2505
G1 X-37.864 Y-19.208 E2.26735
G1 X-38.048 Y-19.868 E2.29176
G1 X-38.006 Y-20.251 E2.30549
G1 X-37.862 Y-20.61 E2.31927
G1 X-37.341 Y-21.13 E2.34549
G1 X-36.628 Y-21.317 E2.37175
G1 E.37175 F2400
G92 E0
G1 X-36.628 Y-21.317 F7800
G1 X-37.641 Y-24.26
G1 E2 F2400
G1 F3600
G1 X-37.596 Y-24.491 E2.00838
G1 X-37.314 Y-24.874 E2.02532
G1 X-36.931 Y-25.04 E2.04019
G1 X-36.702 Y-25.052 E2.04836
G1 X-36.64 Y-25.396 E2.06081
G1 X-36.11 Y-25.211 E2.08081
G1 X-35.696 Y-24.765 E2.10249
G1 X-35.549 Y-24.201 E2.12325
G1 X-35.586 Y-23.865 E2.13529
G1 X-35.874 Y-23.335 E2.15678
G1 X-36.392 Y-23.002 E2.17872
G1 X-36.995 Y-22.961 E2.20025
G1 X-37.543 Y-23.208 E2.22166
G1 X-37.923 Y-23.727 E2.24457
G1 X-37.991 Y-24.363 E2.26736
G1 X-37.769 Y-24.902 E2.28813
G1 X-37.295 Y-25.292 E2.31
G1 X-36.682 Y-25.404 E2.3322
G1 X-36.442 Y-25.716 F7800
G1 F3600
G1 X-35.919 Y-25.507 E2.35226
G1 X-35.386 Y-24.934 E2.38014
G1 X-35.197 Y-24.204 E2.407
G1 X-35.243 Y-23.781 E2.42216
G1 X-35.41 Y-23.38 E2.43763
G1 X-35.919 Y-22.841 E2.46404
G1 X-36.442 Y-22.632 E2.4841
G1 X-37.058 Y-22.614 E2.50605
G1 X-37.699 Y-22.89 E2.53091
G1 X-38.054 Y-23.238 E2.54862
G1 X-38.341 Y-23.939 E2.5756
G1 X-38.341 Y-24.409 E2.59234
G1 X-38.054 Y-25.11 E2.61932
G1 X-37.699 Y-25.459 E2.63705
G1 X-37.058 Y-25.734 E2.6619
G1 X-36.484 Y-25.724 E2.68235
G1 X-36.484 Y-25.724 F7800
G1 X-37.071 Y-27.409
G1 F3600
G1 X-37.04 Y-27.783 E2.69572
G1 X-36.794 Y-28.154 E2.71158
G1 X-36.586 Y-28.298 E2.72059
G1 X-36.011 Y-28.456 E2.74183
G1 X-35.991 Y-28.806 E2.75432
G1 X-35.655 Y-28.783 E2.76632
G1 X-35.017 Y-28.463 E2.79175
G1 X-34.769 Y-28.163 E2.80562
G1 X-34.606 Y-27.487 E2.83039
G1 X-34.782 Y-26.79 E2.856
G1 X-35.314 Y-26.313 E2.88145
G1 X-36.033 Y-26.17 E2.90757
G1 X-36.748 Y-26.375 E2.93407
G1 X-37.258 Y-26.846 E2.9588
G1 X-37.397 Y-27.166 E2.97123
G1 X-37.438 Y-27.545 E2.98481
G1 X-37.259 Y-28.138 E3.00688
G1 X-36.748 Y-28.611 E3.03169
G1 X-36.034 Y-28.809 E3.05809
G1 E1.05809 F2400
G92 E0
G1 X-36.034 Y-28.809 F7800
G1 X-37.31 Y-32.657
G1 E2 F2400
G1 F3600
G1 X-37.102 Y-33.179 E2.02002
G1 X-36.674 Y-33.481 E2.03868
G1 X-36.415 Y-33.534 E2.0481
G1 X-36.396 Y-33.884 E2.06059
G1 X-35.739 Y-33.742 E2.08454
G1 X-35.445 Y-33.534 E2.09737
G1 X-35.074 Y-32.925 E2.12277
G1 X-35.074 Y-32.211 E2.14821
G1 X-35.217 Y-31.881 E2.16102
G1 X-35.739 Y-31.394 E2.18645
G1 X-36.079 Y-31.273 E2.19931
G1 X-36.792 Y-31.322 E2.22477
G1 X-37.376 Y-31.733 E2.25021
G1 X-37.66 Y-32.387 E2.27561
G1 X-37.563 Y-33.094 E2.30103
G1 X-37.112 Y-33.648 E2.32648
G1 X-36.439 Y-33.887 E2.35192
G1 E.35192 F2400
G92 E0
G1 X-36.439 Y-33.887 F7800
G1 X-41.1 Y-31.877
G1 E2 F2400
G1 F3600
G1 X-40.954 Y-32.301 E2.01597
G1 X-40.796 Y-32.487 E2.02466
G1 X-40.415 Y-32.677 E2.03983
G1 X-40.175 Y-32.699 E2.04842
G1 X-40.13 Y-33.046 E2.06089
G1 X-39.582 Y-32.873 E2.08136
G1 X-39.147 Y-32.424 E2.10363
G1 X-39.01 Y-31.983 E2.12008
G1 X-39.029 Y-31.508 E2.13701
G1 X-39.333 Y-30.966 E2.15915
G1 X-39.876 Y-30.637 E2.18177
G1 X-40.493 Y-30.62 E2.20376
G1 X-41.038 Y-30.899 E2.22557
G1 X-41.393 Y-31.445 E2.24877
G1 X-41.43 Y-32.053 E2.27047
G1 X-41.25 Y-32.493 E2.28741
G1 X-40.799 Y-32.908 E2.30924
G1 X-40.172 Y-33.052 E2.33216
G1 X-40.172 Y-33.052 F7800
G1 X-39.974 Y-33.378
G1 F3600
G1 X-39.399 Y-33.175 E2.35388
G1 X-39.082 Y-32.922 E2.36833
G1 X-38.84 Y-32.598 E2.38274
G1 X-38.662 Y-32.028 E2.40401
G1 X-38.688 Y-31.419 E2.42572
G1 X-38.963 Y-30.874 E2.44747
G1 X-39.399 Y-30.466 E2.46874
G1 X-39.974 Y-30.262 E2.49047
G1 X-40.572 Y-30.276 E2.51178
G1 X-41.128 Y-30.527 E2.53351
G1 X-41.546 Y-30.955 E2.55482
G1 X-41.774 Y-31.521 E2.57656
G1 X-41.774 Y-32.12 E2.5979
G1 X-41.546 Y-32.686 E2.61964
G1 X-41.128 Y-33.114 E2.64095
G1 X-40.572 Y-33.365 E2.66268
G1 X-40.017 Y-33.384 E2.68246
G1 E.68246 F2400
G92 E0
G1 X-40.017 Y-33.384 F7800
G1 X-45.376 Y-32.435
G1 E2 F2400
G1 F3600
G1 X-45.303 Y-32.722 E2.01055
G1 X-45.067 Y-33.038 E2.0246
G1 X-44.685 Y-33.224 E2.03974
G1 X-44.441 Y-33.244 E2.04846
G1 X-44.394 Y-33.591 E2.06093
G1 X-43.847 Y-33.411 E2.08144
G1 X-43.603 Y-33.212 E2.09266
G1 X-43.303 Y-32.665 E2.11488
G1 X-43.31 Y-32.041 E2.13711
G1 X-43.618 Y-31.504 E2.15916
G1 X-44.163 Y-31.18 E2.18175
G1 X-44.773 Y-31.166 E2.20349
G1 X-45.314 Y-31.443 E2.22514
G1 X-45.667 Y-31.977 E2.24794
G1 X-45.712 Y-32.575 E2.2693
G1 X-45.535 Y-33.03 E2.28669
G1 X-45.067 Y-33.458 E2.30928
G1 X-44.436 Y-33.597 E2.3323
G1 X-44.436 Y-33.597 F7800
G1 X-44.28 Y-33.929
G1 F3600
G1 X-43.661 Y-33.711 E2.35568
G1 X-43.347 Y-33.455 E2.37011
G1 X-43.108 Y-33.127 E2.38457
G1 X-42.937 Y-32.549 E2.40604
G1 X-42.969 Y-31.948 E2.42748
G1 X-43.226 Y-31.438 E2.44782
G1 X-43.687 Y-31.005 E2.47035
G1 X-44.211 Y-30.815 E2.49021
G1 X-44.852 Y-30.822 E2.51305
G1 X-45.376 Y-31.052 E2.53344
G1 X-45.817 Y-31.491 E2.55561
G1 X-46.048 Y-32.051 E2.57719
G1 X-46.057 Y-32.638 E2.5981
G1 X-45.825 Y-33.23 E2.62075
G1 X-45.435 Y-33.638 E2.64086
G1 X-44.836 Y-33.913 E2.66434
G1 X-44.322 Y-33.934 E2.68267
G1 E.68267 F2400
G92 E0
G1 X-44.322 Y-33.934 F7800
G1 X-47.492 Y-28.144
G1 E2 F2400
G1 F3600
G1 X-47.407 Y-28.467 E2.0119
G1 X-47.191 Y-28.75 E2.02458
G1 X-46.809 Y-28.942 E2.03981
G1 X-46.568 Y-28.965 E2.04843
G1 X-46.523 Y-29.312 E2.0609
G1 X-45.974 Y-29.139 E2.08141
G1 X-45.539 Y-28.689 E2.10371
G1 X-45.404 Y-28.263 E2.11963
G1 X-45.423 Y-27.77 E2.13721
G1 X-45.728 Y-27.229 E2.15933
G1 X-46.275 Y-26.902 E2.18203
G1 X-46.892 Y-26.888 E2.20402
G1 X-47.436 Y-27.17 E2.22585
G1 X-47.787 Y-27.715 E2.24894
G1 X-47.822 Y-28.322 E2.2706
G1 X-47.656 Y-28.742 E2.28669
G1 X-47.195 Y-29.172 E2.30915
G1 X-46.566 Y-29.318 E2.33215
G1 X-46.566 Y-29.318 F7800
G1 X-46.382 Y-29.647
G1 F3600
G1 X-45.791 Y-29.441 E2.35445
G1 X-45.473 Y-29.187 E2.36895
G1 X-45.231 Y-28.861 E2.38341
G1 X-45.056 Y-28.307 E2.40411
G1 X-45.082 Y-27.68 E2.42647
G1 X-45.362 Y-27.131 E2.44842
G1 X-45.797 Y-26.728 E2.46954
G1 X-46.365 Y-26.529 E2.49098
G1 X-46.972 Y-26.544 E2.51261
G1 X-47.512 Y-26.787 E2.5337
G1 X-47.942 Y-27.227 E2.55562
G1 X-48.164 Y-27.775 E2.57668
G1 X-48.166 Y-28.387 E2.59848
G1 X-47.946 Y-28.941 E2.61971
G1 X-47.527 Y-29.375 E2.6412
G1 X-46.968 Y-29.63 E2.66309
G1 X-46.425 Y-29.653 E2.68245
G1 E.68245 F2400
G92 E0
G1 X-46.425 Y-29.653 F7800
G1 X-47.489 Y-22.469
G1 E2 F2400
G1 F3600
G1 X-47.403 Y-22.799 E2.01215
G1 X-47.194 Y-23.073 E2.02443
G1 X-46.812 Y-23.268 E2.03971
G1 X-46.568 Y-23.292 E2.04844
G1 X-46.525 Y-23.639 E2.0609
G1 X-45.974 Y-23.466 E2.08147
G1 X-45.537 Y-23.015 E2.10384
G1 X-45.419 Y-22.721 E2.11513
G1 X-45.422 Y-22.094 E2.13747
G1 X-45.65 Y-21.655 E2.15509
G1 X-45.982 Y-21.354 E2.17105
G1 X-46.28 Y-21.226 E2.1826
G1 X-46.898 Y-21.216 E2.20462
G1 X-47.441 Y-21.503 E2.2265
G1 X-47.789 Y-22.051 E2.24963
G1 X-47.819 Y-22.655 E2.27117
G1 X-47.66 Y-23.059 E2.28664
G1 X-47.201 Y-23.495 E2.30919
G1 X-46.568 Y-23.645 E2.33236
G1 X-46.568 Y-23.645 F7800
G1 X-46.398 Y-23.976
G1 F3600
G1 X-45.791 Y-23.768 E2.35522
G1 X-45.472 Y-23.514 E2.36975
G1 X-45.229 Y-23.187 E2.38426
G1 X-45.057 Y-22.654 E2.40421
G1 X-45.081 Y-22.002 E2.42745
G1 X-45.371 Y-21.443 E2.44988
G1 X-45.802 Y-21.051 E2.47063
G1 X-46.368 Y-20.854 E2.49198
G1 X-46.981 Y-20.873 E2.51383
G1 X-47.503 Y-21.108 E2.53422
G1 X-47.946 Y-21.562 E2.55682
G1 X-48.159 Y-22.087 E2.577
G1 X-48.164 Y-22.72 E2.59955
G1 X-47.951 Y-23.256 E2.6201
G1 X-47.53 Y-23.699 E2.64187
G1 X-46.973 Y-23.955 E2.66371
G1 X-46.44 Y-23.982 E2.68272
G1 E.68272 F2400
G92 E0
G1 X-46.44 Y-23.982 F7800
G1 X-47.779 Y-17.138
G1 E2 F2400
G1 F3600
G1 X-47.707 Y-17.424 E2.01051
G1 X-47.47 Y-17.741 E2.02461
G1 X-47.088 Y-17.927 E2.03975
G1 X-46.844 Y-17.947 E2.04847
G1 X-46.796 Y-18.294 E2.06095
G1 X-46.25 Y-18.114 E2.08143
G1 X-46.006 Y-17.915 E2.09265
G1 X-45.706 Y-17.367 E2.11491
G1 X-45.713 Y-16.744 E2.13711
G1 X-46.022 Y-16.207 E2.15918
G1 X-46.566 Y-15.883 E2.18174
G1 X-47.176 Y-15.869 E2.20348
G1 X-47.717 Y-16.146 E2.22513
G1 X-48.07 Y-16.679 E2.2479
G1 X-48.115 Y-17.277 E2.26926
G1 X-47.938 Y-17.734 E2.28672
G1 X-47.47 Y-18.162 E2.30931
G1 X-46.839 Y-18.3 E2.33232
G1 X-46.839 Y-18.3 F7800
G1 X-46.682 Y-18.631
G1 F3600
G1 X-46.064 Y-18.414 E2.35565
G1 X-45.75 Y-18.157 E2.3701
G1 X-45.512 Y-17.83 E2.38451
G1 X-45.34 Y-17.25 E2.40606
G1 X-45.373 Y-16.651 E2.42743
G1 X-45.628 Y-16.143 E2.44768
G1 X-46.09 Y-15.708 E2.47029
G1 X-46.613 Y-15.518 E2.49011
G1 X-47.255 Y-15.525 E2.51298
G1 X-47.779 Y-15.755 E2.53337
G1 X-48.22 Y-16.193 E2.55551
G1 X-48.452 Y-16.755 E2.57717
G1 X-48.46 Y-17.34 E2.59801
G1 X-48.228 Y-17.934 E2.62073
G1 X-47.839 Y-18.341 E2.64079
G1 X-47.238 Y-18.616 E2.66433
G1 X-46.725 Y-18.637 E2.68262
G1 E.68262 F2400
G92 E0
G1 X-46.725 Y-18.637 F7800
G1 X-43.877 Y-15.929
G1 E2 F2400
G1 F3600
G1 X-43.731 Y-16.348 E2.01581
G1 X-43.562 Y-16.537 E2.02484
G1 X-43.18 Y-16.712 E2.03981
G1 X-42.94 Y-16.727 E2.04838
G1 X-42.885 Y-17.073 E2.06086
G1 X-42.346 Y-16.888 E2.08116
G1 X-42.107 Y-16.688 E2.09226
G1 X-41.814 Y-16.144 E2.11427
G1 X-41.822 Y-15.527 E2.13625
G1 X-42.125 Y-14.993 E2.15812
G1 X-42.658 Y-14.668 E2.18036
G1 X-43.262 Y-14.644 E2.20189
G1 X-43.804 Y-14.907 E2.22335
G1 X-44.167 Y-15.429 E2.246
G1 X-44.224 Y-16.049 E2.26818
G1 X-44.022 Y-16.548 E2.28736
G1 X-43.553 Y-16.955 E2.30948
G1 X-42.928 Y-17.08 E2.33219
G1 X-42.928 Y-17.08 F7800
G1 X-42.758 Y-17.407
G1 F3600
G1 X-42.156 Y-17.185 E2.35505
G1 X-41.848 Y-16.928 E2.36934
G1 X-41.615 Y-16.602 E2.38361
G1 X-41.439 Y-15.947 E2.40777
G1 X-41.481 Y-15.434 E2.42611
G1 X-41.691 Y-14.985 E2.44377
G1 X-42.185 Y-14.497 E2.46851
G1 X-42.681 Y-14.306 E2.48744
G1 X-43.334 Y-14.299 E2.5107
G1 X-43.893 Y-14.539 E2.53237
G1 X-44.308 Y-14.944 E2.55303
G1 X-44.567 Y-15.569 E2.57713
G1 X-44.573 Y-16.097 E2.59594
G1 X-44.313 Y-16.748 E2.62091
G1 X-43.954 Y-17.118 E2.63928
G1 X-43.317 Y-17.404 E2.66415
G1 X-42.8 Y-17.414 E2.68257
G1 E.68257 F2400
G92 E0
G1 X-42.8 Y-17.414 F7800
G1 X-11.555 Y-29.922
G1 E2 F2400
;TYPE:Perimeter
;WIDTH:0.45
G1 F900
G1 X-11.535 Y-29.907 E2.0012
G1 X-11.171 Y-29.471 E2.02852
G1 X-10.94 Y-29.031 E2.05242
G1 X-10.8 Y-28.555 E2.07628
G1 X-10.757 Y-28.06 E2.10018
G1 X-10.813 Y-27.567 E2.12404
G1 X-10.966 Y-27.095 E2.1479
G1 X-11.21 Y-26.662 E2.1718
G1 X-11.534 Y-26.286 E2.19567
G1 X-11.926 Y-25.981 E2.21956
G1 X-12.371 Y-25.761 E2.24344
G1 X-12.851 Y-25.633 E2.26733
G1 X-13.347 Y-25.603 E2.29123
G1 X-13.906 Y-25.695 E2.31848
G1 X-14.402 Y-25.889 E2.3441
G1 X-14.844 Y-26.179 E2.36953
G1 X-15.218 Y-26.562 E2.39528
G1 X-15.509 Y-27.031 E2.42183
G1 X-15.684 Y-27.538 E2.44763
G1 X-15.746 Y-28.056 E2.47272
G1 X-15.688 Y-28.621 E2.50004
G1 X-15.535 Y-29.094 E2.52395
G1 X-15.291 Y-29.527 E2.54785
G1 X-14.957 Y-29.911 E2.57233
G1 X-14.575 Y-30.207 E2.59557
G1 X-14.13 Y-30.427 E2.61945
G1 X-13.578 Y-30.56 E2.64676
G1 X-13.046 Y-30.573 E2.67235
G1 X-12.489 Y-30.468 E2.69961
G1 X-11.972 Y-30.238 E2.72683
G1 X-11.603 Y-29.959 E2.74908
G1 X-11.603 Y-29.959 F7800
G1 X-11.82 Y-29.636
G1 F900
G1 X-11.775 Y-29.6 E2.75185
G1 X-11.505 Y-29.278 E2.77206
G1 X-11.305 Y-28.909 E2.79225
G1 X-11.183 Y-28.507 E2.81246
G1 X-11.142 Y-28.089 E2.83266
G1 X-11.185 Y-27.671 E2.85287
G1 X-11.309 Y-27.27 E2.87306
G1 X-11.511 Y-26.902 E2.89325
G1 X-11.782 Y-26.581 E2.91346
G1 X-12.111 Y-26.32 E2.93366
G1 X-12.485 Y-26.129 E2.95386
G1 X-12.889 Y-26.017 E2.97402
G1 X-13.413 Y-25.997 E2.99924
G1 X-13.765 Y-26.054 E3.01639
G1 X-14.261 Y-26.248 E3.04201
G1 X-14.672 Y-26.534 E3.06609
G1 X-14.996 Y-26.91 E3.08996
G1 X-15.164 Y-27.204 E3.10625
G1 X-15.318 Y-27.681 E3.13036
G1 X-15.359 Y-28.099 E3.15056
G1 X-15.316 Y-28.517 E3.17077
G1 X-15.192 Y-28.918 E3.19096
G1 X-14.99 Y-29.286 E3.21115
G1 X-14.709 Y-29.616 E3.232
G1 X-14.39 Y-29.868 E3.25155
G1 X-14.016 Y-30.059 E3.27175
G1 X-13.569 Y-30.174 E3.29395
G1 X-13.036 Y-30.188 E3.31959
G1 X-12.542 Y-30.082 E3.34389
G1 X-12.102 Y-29.863 E3.36753
G1 X-11.867 Y-29.674 E3.38203
G1 X-11.867 Y-29.674 F7800
G1 X-12.079 Y-29.357
;TYPE:External perimeter
G1 F900
G1 X-12.064 Y-29.345 E3.38295
G1 X-11.839 Y-29.085 E3.39949
G1 X-11.671 Y-28.786 E3.41599
G1 X-11.565 Y-28.459 E3.43252
G1 X-11.526 Y-28.118 E3.44903
G1 X-11.556 Y-27.776 E3.46554
G1 X-11.653 Y-27.446 E3.48208
G1 X-11.813 Y-27.143 E3.49856
G1 X-12.03 Y-26.877 E3.51507
G1 X-12.295 Y-26.659 E3.53157
G1 X-12.598 Y-26.498 E3.54807
G1 X-12.928 Y-26.4 E3.56463
G1 X-13.375 Y-26.38 E3.58615
G1 X-13.712 Y-26.447 E3.60268
G1 X-14.166 Y-26.633 E3.62628
G1 X-14.437 Y-26.843 E3.64277
G1 X-14.662 Y-27.103 E3.65931
G1 X-14.82 Y-27.377 E3.67452
G1 X-14.936 Y-27.729 E3.69235
G1 X-14.975 Y-28.07 E3.70886
G1 X-14.945 Y-28.413 E3.72542
G1 X-14.849 Y-28.742 E3.7419
G1 X-14.689 Y-29.046 E3.75842
G1 X-14.461 Y-29.32 E3.77556
G1 X-14.206 Y-29.53 E3.79145
G1 X-13.903 Y-29.69 E3.80793
G1 X-13.559 Y-29.789 E3.82515
G1 X-13.027 Y-29.802 E3.85074
G1 X-12.643 Y-29.708 E3.86975
G1 X-12.335 Y-29.555 E3.88629
G1 X-12.126 Y-29.394 E3.89898
G1 X-11.86 Y-29.096 F7800
G1 E1.89898 F2400
G92 E0
G1 X-10.803 Y-35.996 F7800
G1 E2 F2400
;TYPE:Perimeter
G1 F900
G1 X-10.813 Y-35.9 E2.00464
G1 X-10.966 Y-35.428 E2.0285
G1 X-11.21 Y-34.995 E2.0524
G1 X-11.534 Y-34.619 E2.07627
G1 X-11.926 Y-34.315 E2.10013
G1 X-12.371 Y-34.094 E2.12403
G1 X-12.663 Y-34.004 E2.13873
G1 X-13.191 Y-33.933 E2.16435
G1 X-13.747 Y-33.981 E2.19119
G1 X-14.307 Y-34.169 E2.2196
G1 X-14.787 Y-34.471 E2.24688
G1 X-15.168 Y-34.843 E2.27249
G1 X-15.482 Y-35.315 E2.29976
G1 X-15.683 Y-35.866 E2.32797
G1 X-15.744 Y-36.461 E2.35674
G1 X-15.688 Y-36.955 E2.38065
G1 X-15.535 Y-37.427 E2.40451
G1 X-15.291 Y-37.86 E2.42841
G1 X-14.967 Y-38.236 E2.45228
G1 X-14.575 Y-38.54 E2.47614
G1 X-14.13 Y-38.761 E2.50004
G1 X-13.578 Y-38.893 E2.52734
G1 X-13.046 Y-38.906 E2.55293
G1 X-12.489 Y-38.802 E2.58018
G1 X-12.033 Y-38.604 E2.60409
G1 X-11.626 Y-38.319 E2.62799
G1 X-11.284 Y-37.96 E2.65184
G1 X-11.019 Y-37.54 E2.67573
G1 X-10.822 Y-37.003 E2.70324
G1 X-10.755 Y-36.466 E2.72927
G1 X-10.797 Y-36.056 E2.74909
G1 X-10.797 Y-36.056 F7800
G1 X-11.179 Y-36.062
G1 F900
G1 X-11.185 Y-36.005 E2.75185
G1 X-11.309 Y-35.604 E2.77204
G1 X-11.511 Y-35.236 E2.79223
G1 X-11.782 Y-34.914 E2.81247
G1 X-12.111 Y-34.653 E2.83267
G1 X-12.485 Y-34.463 E2.85285
G1 X-12.776 Y-34.373 E2.8675
G1 X-13.308 Y-34.32 E2.89321
G1 X-13.725 Y-34.373 E2.91343
G1 X-14.122 Y-34.508 E2.9336
G1 X-14.527 Y-34.756 E2.95644
G1 X-14.899 Y-35.119 E2.98144
G1 X-15.173 Y-35.557 E3.00629
G1 X-15.318 Y-36.015 E3.0294
G1 X-15.359 Y-36.433 E3.0496
G1 X-15.316 Y-36.85 E3.06976
G1 X-15.192 Y-37.251 E3.08995
G1 X-14.99 Y-37.62 E3.11018
G1 X-14.719 Y-37.941 E3.13039
G1 X-14.39 Y-38.202 E3.15059
G1 X-14.016 Y-38.392 E3.17077
G1 X-13.569 Y-38.508 E3.19298
G1 X-13.036 Y-38.521 E3.21862
G1 X-12.584 Y-38.428 E3.24082
G1 X-12.102 Y-38.196 E3.26655
G1 X-11.775 Y-37.934 E3.2867
G1 X-11.505 Y-37.611 E3.30695
G1 X-11.305 Y-37.242 E3.32714
G1 X-11.183 Y-36.84 E3.34735
G1 X-11.142 Y-36.422 E3.36755
G1 X-11.173 Y-36.122 E3.38206
G1 X-11.173 Y-36.122 F7800
G1 X-11.554 Y-36.128
;TYPE:External perimeter
G1 F900
G1 X-11.556 Y-36.109 E3.38298
G1 X-11.653 Y-35.78 E3.39948
G1 X-11.813 Y-35.476 E3.416
G1 X-12.03 Y-35.21 E3.43251
G1 X-12.295 Y-34.992 E3.44901
G1 X-12.598 Y-34.831 E3.46551
G1 X-12.89 Y-34.741 E3.48021
G1 X-13.375 Y-34.714 E3.50357
G1 X-13.611 Y-34.741 E3.51499
G1 X-13.938 Y-34.846 E3.53151
G1 X-14.258 Y-35.033 E3.54934
G1 X-14.629 Y-35.395 E3.57427
G1 X-14.83 Y-35.736 E3.59331
G1 X-14.936 Y-36.063 E3.60984
G1 X-14.975 Y-36.404 E3.62635
G1 X-14.945 Y-36.746 E3.64286
G1 X-14.849 Y-37.075 E3.65934
G1 X-14.689 Y-37.379 E3.67586
G1 X-14.471 Y-37.645 E3.6924
G1 X-14.206 Y-37.863 E3.7089
G1 X-13.903 Y-38.024 E3.7254
G1 X-13.559 Y-38.122 E3.7426
G1 X-13.027 Y-38.135 E3.76819
G1 X-12.643 Y-38.041 E3.7872
G1 X-12.335 Y-37.889 E3.80372
G1 X-12.064 Y-37.678 E3.82024
G1 X-11.839 Y-37.418 E3.83678
G1 X-11.671 Y-37.119 E3.85328
G1 X-11.565 Y-36.792 E3.86981
G1 X-11.526 Y-36.451 E3.88632
G1 X-11.549 Y-36.188 E3.89902
G1 X-11.655 Y-35.802 F7800
G1 E1.89902 F2400
G92 E0
G1 X-11.557 Y-17.935 F7800
G1 E2 F2400
;TYPE:Perimeter
G1 F900
G1 X-11.926 Y-17.648 E2.02248
G1 X-12.371 Y-17.428 E2.04636
G1 X-12.851 Y-17.3 E2.07025
G1 X-13.347 Y-17.269 E2.09415
G1 X-13.838 Y-17.338 E2.118
G1 X-14.307 Y-17.502 E2.1419
G1 X-14.662 Y-17.702 E2.1615
G1 X-15.168 Y-18.176 E2.19485
G1 X-15.482 Y-18.649 E2.22216
G1 X-15.66 Y-19.117 E2.24624
G1 X-15.746 Y-19.699 E2.27454
G1 X-15.688 Y-20.288 E2.30301
G1 X-15.535 Y-20.76 E2.32687
G1 X-15.291 Y-21.193 E2.35077
G1 X-14.967 Y-21.569 E2.37464
G1 X-14.575 Y-21.874 E2.39853
G1 X-14.04 Y-22.122 E2.42689
G1 X-13.578 Y-22.227 E2.44968
G1 X-13.046 Y-22.24 E2.47527
G1 X-12.489 Y-22.135 E2.50253
G1 X-11.972 Y-21.905 E2.52975
G1 X-11.535 Y-21.574 E2.55612
G1 X-11.171 Y-21.137 E2.58347
G1 X-10.94 Y-20.698 E2.60733
G1 X-10.8 Y-20.222 E2.63119
G1 X-10.757 Y-19.727 E2.65509
G1 X-10.813 Y-19.234 E2.67895
G1 X-10.966 Y-18.761 E2.70286
G1 X-11.21 Y-18.328 E2.72676
G1 X-11.514 Y-17.976 E2.74913
G1 X-11.514 Y-17.976 F7800
G1 X-11.819 Y-18.218
G1 F900
G1 X-12.111 Y-17.987 E2.76704
G1 X-12.485 Y-17.796 E2.78724
G1 X-12.889 Y-17.683 E2.80742
G1 X-13.413 Y-17.663 E2.83264
G1 X-13.725 Y-17.706 E2.84779
G1 X-14.122 Y-17.841 E2.86796
G1 X-14.443 Y-18.019 E2.88561
G1 X-14.899 Y-18.452 E2.91585
G1 X-15.173 Y-18.89 E2.9407
G1 X-15.318 Y-19.348 E2.96381
G1 X-15.359 Y-19.766 E2.98401
G1 X-15.316 Y-20.184 E3.00422
G1 X-15.192 Y-20.585 E3.02441
G1 X-14.99 Y-20.953 E3.0446
G1 X-14.719 Y-21.274 E3.06481
G1 X-14.39 Y-21.535 E3.08501
G1 X-13.926 Y-21.753 E3.10967
G1 X-13.569 Y-21.841 E3.12735
G1 X-13.036 Y-21.854 E3.15299
G1 X-12.542 Y-21.749 E3.17728
G1 X-12.102 Y-21.529 E3.20094
G1 X-11.775 Y-21.267 E3.22109
G1 X-11.505 Y-20.945 E3.2413
G1 X-11.305 Y-20.575 E3.26153
G1 X-11.183 Y-20.174 E3.28169
G1 X-11.142 Y-19.756 E3.30189
G1 X-11.185 Y-19.338 E3.3221
G1 X-11.309 Y-18.937 E3.34229
G1 X-11.511 Y-18.569 E3.36248
G1 X-11.774 Y-18.257 E3.38211
G1 X-11.774 Y-18.257 F7800
G1 X-12.081 Y-18.501
;TYPE:External perimeter
G1 F900
G1 X-12.295 Y-18.325 E3.39544
G1 X-12.598 Y-18.165 E3.41192
G1 X-12.928 Y-18.067 E3.42848
G1 X-13.375 Y-18.047 E3.45
G1 X-13.611 Y-18.075 E3.46143
G1 X-13.938 Y-18.18 E3.47795
G1 X-14.223 Y-18.336 E3.49358
G1 X-14.629 Y-18.728 E3.52072
G1 X-14.83 Y-19.069 E3.53976
G1 X-14.936 Y-19.396 E3.55629
G1 X-14.975 Y-19.737 E3.5728
G1 X-14.945 Y-20.079 E3.58931
G1 X-14.849 Y-20.409 E3.60584
G1 X-14.689 Y-20.712 E3.62232
G1 X-14.471 Y-20.979 E3.6389
G1 X-14.206 Y-21.196 E3.65537
G1 X-13.812 Y-21.385 E3.67639
G1 X-13.454 Y-21.458 E3.69396
G1 X-12.974 Y-21.463 E3.71705
G1 X-12.643 Y-21.375 E3.73352
G1 X-12.335 Y-21.222 E3.75006
G1 X-12.064 Y-21.012 E3.76655
G1 X-11.839 Y-20.752 E3.78309
G1 X-11.671 Y-20.453 E3.79959
G1 X-11.565 Y-20.126 E3.81612
G1 X-11.526 Y-19.785 E3.83263
G1 X-11.556 Y-19.443 E3.84914
G1 X-11.653 Y-19.113 E3.86568
G1 X-11.813 Y-18.809 E3.8822
G1 X-12.03 Y-18.543 E3.89871
G1 X-12.035 Y-18.539 E3.89902
G1 X-12.357 Y-18.302 F7800
G1 E1.89902 F2400
G92 E0
G1 X-11.102 Y-10.187 F7800
G1 E2 F2400
;TYPE:Perimeter
G1 F900
G1 X-11.21 Y-9.995 E2.0106
G1 X-11.534 Y-9.619 E2.03447
G1 X-11.926 Y-9.315 E2.05833
G1 X-12.371 Y-9.094 E2.08223
G1 X-12.851 Y-8.966 E2.10612
G1 X-13.347 Y-8.936 E2.13002
G1 X-13.838 Y-9.004 E2.15386
G1 X-14.307 Y-9.169 E2.17777
G1 X-14.787 Y-9.471 E2.20505
G1 X-15.168 Y-9.843 E2.23066
G1 X-15.482 Y-10.315 E2.25793
G1 X-15.658 Y-10.78 E2.28184
G1 X-15.739 Y-11.269 E2.30568
G1 X-15.708 Y-11.867 E2.33448
G1 X-15.563 Y-12.368 E2.35957
G1 X-15.291 Y-12.86 E2.38661
G1 X-14.957 Y-13.245 E2.41112
G1 X-14.575 Y-13.54 E2.43433
G1 X-14.13 Y-13.761 E2.45823
G1 X-13.578 Y-13.893 E2.48553
G1 X-13.046 Y-13.906 E2.51112
G1 X-12.489 Y-13.802 E2.53837
G1 X-11.972 Y-13.571 E2.56561
G1 X-11.535 Y-13.24 E2.59198
G1 X-11.171 Y-12.804 E2.6193
G1 X-10.94 Y-12.365 E2.64316
G1 X-10.8 Y-11.888 E2.66707
G1 X-10.757 Y-11.394 E2.69092
G1 X-10.813 Y-10.9 E2.71483
G1 X-10.966 Y-10.428 E2.73869
G1 X-11.072 Y-10.239 E2.74911
G1 X-11.072 Y-10.239 F7800
G1 X-11.433 Y-10.378
G1 F900
G1 X-11.511 Y-10.236 E2.7569
G1 X-11.782 Y-9.914 E2.77714
G1 X-12.111 Y-9.653 E2.79734
G1 X-12.485 Y-9.463 E2.81752
G1 X-12.889 Y-9.35 E2.8377
G1 X-13.308 Y-9.32 E2.8579
G1 X-13.725 Y-9.373 E2.87812
G1 X-14.122 Y-9.508 E2.89829
G1 X-14.517 Y-9.747 E2.9205
G1 X-14.899 Y-10.119 E2.94615
G1 X-15.196 Y-10.613 E2.97387
G1 X-15.318 Y-11.015 E2.99408
G1 X-15.356 Y-11.317 E3.00872
G1 X-15.316 Y-11.85 E3.03443
G1 X-15.192 Y-12.251 E3.05462
G1 X-14.99 Y-12.62 E3.07485
G1 X-14.709 Y-12.949 E3.09566
G1 X-14.39 Y-13.202 E3.11524
G1 X-14.016 Y-13.392 E3.13542
G1 X-13.569 Y-13.508 E3.15763
G1 X-13.036 Y-13.521 E3.18327
G1 X-12.542 Y-13.416 E3.20756
G1 X-12.102 Y-13.196 E3.23122
G1 X-11.775 Y-12.934 E3.25137
G1 X-11.505 Y-12.611 E3.27162
G1 X-11.305 Y-12.242 E3.29181
G1 X-11.183 Y-11.84 E3.31202
G1 X-11.142 Y-11.423 E3.33217
G1 X-11.185 Y-11.005 E3.35238
G1 X-11.309 Y-10.604 E3.37257
G1 X-11.404 Y-10.431 E3.38206
G1 X-11.404 Y-10.431 F7800
G1 X-11.764 Y-10.569
;TYPE:External perimeter
G1 F900
G1 X-11.813 Y-10.476 E3.38712
G1 X-12.03 Y-10.21 E3.40363
G1 X-12.295 Y-9.992 E3.42013
G1 X-12.598 Y-9.831 E3.43663
G1 X-12.928 Y-9.734 E3.45317
G1 X-13.27 Y-9.703 E3.46969
G1 X-13.611 Y-9.741 E3.48619
G1 X-13.938 Y-9.846 E3.50271
G1 X-14.248 Y-10.023 E3.51988
G1 X-14.629 Y-10.395 E3.54549
G1 X-14.83 Y-10.736 E3.56453
G1 X-14.936 Y-11.063 E3.58106
G1 X-14.974 Y-11.365 E3.5957
G1 X-14.945 Y-11.746 E3.61408
G1 X-14.849 Y-12.075 E3.63056
G1 X-14.689 Y-12.379 E3.64708
G1 X-14.461 Y-12.654 E3.66426
G1 X-14.206 Y-12.863 E3.68012
G1 X-13.903 Y-13.024 E3.69662
G1 X-13.559 Y-13.122 E3.71382
G1 X-13.027 Y-13.135 E3.73941
G1 X-12.643 Y-13.041 E3.75842
G1 X-12.335 Y-12.889 E3.77494
G1 X-12.064 Y-12.678 E3.79146
G1 X-11.839 Y-12.418 E3.808
G1 X-11.671 Y-12.119 E3.8245
G1 X-11.565 Y-11.792 E3.84103
G1 X-11.526 Y-11.451 E3.85754
G1 X-11.556 Y-11.109 E3.87405
G1 X-11.653 Y-10.78 E3.89055
G1 X-11.736 Y-10.622 E3.89913
G1 X-11.966 Y-10.295 F7800
G1 E1.89913 F2400
G92 E0
G1 X-33.009 Y-40.431 F7800
G1 E2 F2400
;TYPE:Perimeter
G1 F3600
G1 X-5.391 Y-40.431 E3.32833
G1 X-5.391 Y-37.675 E3.46088
G1 X-5.391 Y-7.424 E4.91585
G1 X-33.009 Y-7.424 E6.24418
G1 X-33.009 Y-40.371 E7.82882
G1 X-33.009 Y-40.371 F7800
G1 X-33.395 Y-40.817
G1 F3600
G1 X-5.006 Y-40.817 E9.19423
G1 X-5.006 Y-37.675 E9.34535
G1 X-5.006 Y-7.038 E10.81888
G1 X-33.395 Y-7.038 E12.18429
G1 X-33.395 Y-40.757 E13.80606
G1 X-33.395 Y-40.757 F7800
G1 X-33.78 Y-41.203
;TYPE:External perimeter
G1 F1800
G1 X-4.62 Y-41.203 E15.20855
G1 X-4.62 Y-37.675 E15.37823
G1 X-4.62 Y-6.653 E16.87028
G1 X-33.78 Y-6.653 E18.27277
G1 X-33.78 Y-41.143 E19.93162
G1 X-33.385 Y-41.202 F7800
G1 E17.93162 F2400
G92 E0
G1 X-24.91 Y-40.316 F7800
G1 E2 F2400
;TYPE:Internal infill
;WIDTH:0.45
G1 F4800
G1 X-14.914 Y-30.32 E2.67992
G1 X-15.296 Y-29.983 E2.70442
G1 X-15.575 Y-29.63 E2.72606
G1 X-15.83 Y-29.147 E2.75233
G1 X-15.994 Y-28.58 E2.78072
G1 X-16.01 Y-27.78 E2.8192
G1 X-28.372 Y-40.142 E3.66005
G1 X-32.008 Y-40.142 E3.83493
G1 X-14.23 Y-22.365 E5.04413
G1 X-14.787 Y-22.084 E5.07414
G1 X-15.22 Y-21.731 E5.10101
G1 X-15.575 Y-21.297 E5.12798
G1 X-15.836 Y-20.798 E5.15506
G1 X-15.939 Y-20.438 E5.17307
G1 X-32.72 Y-37.219 E6.31449
G1 X-32.72 Y-33.583 E6.48937
G1 X-13.324 Y-14.187 E7.80866
G1 X-13.919 Y-14.128 E7.83742
G1 X-14.442 Y-13.942 E7.86412
G1 X-14.827 Y-13.725 E7.88538
G1 X-15.296 Y-13.317 E7.91528
G1 X-15.63 Y-12.858 E7.94258
G1 X-32.72 Y-29.947 E9.10499
G1 X-32.72 Y-26.312 E9.27982
G1 X-14.121 Y-7.713 E10.5449
G1 X-10.486 Y-7.713 E10.71973
G1 X-11.817 Y-9.045 E10.8103
G1 X-11.344 Y-9.401 E10.83877
G1 X-10.85 Y-10.02 E10.87686
G1 X-10.619 Y-10.524 E10.90353
G1 X-10.475 Y-11.338 E10.94329
G1 X-6.85 Y-7.713 E11.18986
G1 X-5.68 Y-7.713 E11.24613
G1 X-5.68 Y-10.179 E11.36474
G1 X-12.57 Y-17.068 E11.83336
G1 X-12.143 Y-17.205 E11.85493
G1 X-11.714 Y-17.437 E11.87839
G1 X-11.292 Y-17.78 E11.90455
G1 X-10.85 Y-18.353 E11.93936
G1 X-10.648 Y-18.783 E11.96221
G1 X-5.68 Y-13.815 E12.30013
G1 X-5.68 Y-17.45 E12.47496
G1 X-13.564 Y-25.334 E13.01122
G1 X-13.175 Y-25.311 E13.02996
G1 X-12.673 Y-25.369 E13.05427
G1 X-12.143 Y-25.538 E13.08103
G1 X-11.714 Y-25.771 E13.10451
G1 X-11.292 Y-26.113 E13.13064
G1 X-11.026 Y-26.431 E13.15058
G1 X-5.507 Y-20.913 E13.52594
G1 E11.52594 F2400
G92 E0
G1 X-5.507 Y-20.913 F7800
G1 X-17.583 Y-7.539
G1 E2 F2400
G1 F4800
G1 X-32.72 Y-22.676 E3.0296
G1 X-32.72 Y-19.04 E3.20448
G1 X-21.393 Y-7.713 E3.97493
G1 X-25.028 Y-7.713 E4.14976
G1 X-32.72 Y-15.405 E4.67296
G1 X-32.72 Y-11.769 E4.84784
G1 X-28.664 Y-7.713 E5.12372
G1 X-32.3 Y-7.713 E5.2986
G1 X-32.893 Y-8.307 E5.33897
G1 E3.33897 F2400
G92 E0
G1 X-32.893 Y-8.307 F7800
G1 X-14.003 Y-40.316
G1 E2 F2400
G1 F4800
G1 X-12.862 Y-39.175 E2.07761
G1 X-13.77 Y-39.165 E2.12128
G1 X-14.219 Y-39.036 E2.14375
G1 X-14.916 Y-38.657 E2.18191
G1 X-15.449 Y-38.126 E2.2181
G1 X-17.465 Y-40.142 E2.35523
G1 X-21.101 Y-40.142 E2.53011
G1 X-5.68 Y-24.722 E3.57899
G1 X-5.68 Y-28.357 E3.75382
G1 X-11.556 Y-34.233 E4.1535
G1 X-11.292 Y-34.447 E4.16985
G1 X-10.981 Y-34.818 E4.19313
G1 X-10.707 Y-35.3 E4.2198
G1 X-10.507 Y-35.945 E4.25228
G1 X-10.499 Y-36.812 E4.29398
G1 X-5.68 Y-31.993 E4.62176
G1 X-5.68 Y-35.629 E4.79664
G1 X-10.194 Y-40.142 E5.10364
G1 X-6.558 Y-40.142 E5.27852
G1 X-5.507 Y-39.091 E5.35001
;LAYER_CHANGE
;Z:1.85
;HEIGHT:0.3
G1 Z1.85 F7800
G1 E3.35001 F2400
G92 E0
G1 X-5.507 Y-39.091 F7800
G1 X-37.878 Y-14.967
G1 E2 F2400
;TYPE:Support material
;WIDTH:0.35
G1 F3600
G1 X-37.881 Y-15.216 E2.00887
G1 X-37.727 Y-15.612 E2.02401
G1 X-37.382 Y-15.911 E2.04027
G1 X-36.923 Y-16.006 E2.05697
G1 X-36.871 Y-16.352 E2.06943
G1 X-36.325 Y-16.175 E2.08988
G1 X-35.74 Y-15.58 E2.11961
G1 X-35.588 Y-15.104 E2.13741
G1 X-35.742 Y-14.619 E2.15554
G1 X-36.304 Y-14.041 E2.18426
G1 X-36.907 Y-13.846 E2.20684
G1 X-37.529 Y-13.966 E2.22941
G1 X-38.015 Y-14.382 E2.2522
G1 X-38.234 Y-14.951 E2.27392
G1 X-38.125 Y-15.618 E2.298
G1 X-37.799 Y-16.053 E2.31737
G1 X-37.538 Y-16.227 E2.32854
G1 X-36.916 Y-16.358 E2.35118
G1 X-36.916 Y-16.358 F7800
G1 X-36.817 Y-16.698
G1 F3600
G1 X-36.142 Y-16.476 E2.37649
G1 X-35.824 Y-16.222 E2.39099
G1 X-35.448 Y-15.78 E2.41166
G1 X-35.288 Y-15.455 E2.42456
G1 X-35.234 Y-15.104 E2.43721
G1 X-35.288 Y-14.752 E2.4499
G1 X-35.449 Y-14.421 E2.46301
G1 X-36.114 Y-13.744 E2.49682
G1 X-36.484 Y-13.57 E2.51139
G1 X-36.885 Y-13.494 E2.52593
G1 X-37.292 Y-13.52 E2.54046
G1 X-37.988 Y-13.845 E2.56782
G1 X-38.302 Y-14.176 E2.58407
G1 X-38.563 Y-14.815 E2.60866
G1 X-38.579 Y-15.324 E2.6268
G1 X-38.449 Y-15.755 E2.64284
G1 X-38.029 Y-16.321 E2.66795
G1 X-37.695 Y-16.543 E2.68224
G1 X-37.315 Y-16.675 E2.69657
G1 X-36.86 Y-16.703 E2.71281
G1 E.71281 F2400
G92 E0
G1 X-36.86 Y-16.703 F7800
G1 X-37.513 Y-19.728
G1 E2 F2400
G1 F3600
G1 X-37.525 Y-20.033 E2.01087
G1 X-37.316 Y-20.512 E2.02949
G1 X-36.887 Y-20.814 E2.04818
G1 X-36.627 Y-20.868 E2.05764
G1 X-36.608 Y-21.217 E2.07009
G1 X-36.29 Y-21.195 E2.08145
G1 X-35.95 Y-21.074 E2.09431
G1 X-35.427 Y-20.587 E2.11977
G1 X-35.234 Y-19.902 E2.14512
G1 X-35.427 Y-19.214 E2.17058
G1 X-35.95 Y-18.727 E2.19604
G1 X-36.651 Y-18.582 E2.22154
G1 X-37.005 Y-18.655 E2.23442
G1 X-37.59 Y-19.067 E2.25991
G1 X-37.875 Y-19.722 E2.28536
G1 X-37.778 Y-20.428 E2.31075
G1 X-37.326 Y-20.981 E2.33619
G1 X-36.651 Y-21.22 E2.3617
G1 E.3617 F2400
G92 E0
G1 X-36.651 Y-21.22 F7800
G1 X-37.767 Y-24.488
G1 E2 F2400
G1 F3600
G1 X-37.651 Y-24.747 E2.01011
G1 X-37.274 Y-25.1 E2.02851
G1 X-36.735 Y-25.233 E2.04829
G1 X-36.691 Y-25.58 E2.06075
G1 X-36.039 Y-25.386 E2.08498
G1 X-35.754 Y-25.161 E2.09792
G1 X-35.398 Y-24.534 E2.12361
G1 X-35.398 Y-23.815 E2.14922
G1 X-35.754 Y-23.187 E2.17494
G1 X-36.376 Y-22.816 E2.20074
G1 X-37.1 Y-22.804 E2.22654
G1 X-37.74 Y-23.155 E2.25254
G1 X-37.977 Y-23.454 E2.26613
G1 X-38.126 Y-23.804 E2.27968
G1 X-38.125 Y-24.543 E2.30601
G1 X-37.952 Y-24.932 E2.32118
G1 X-37.444 Y-25.409 E2.346
G1 X-36.733 Y-25.585 E2.37209
G1 E.37209 F2400
G92 E0
G1 X-36.733 Y-25.585 F7800
G1 X-36.873 Y-27.592
G1 E2 F2400
G1 F3600
G1 X-36.658 Y-28.092 E2.01939
G1 X-36.205 Y-28.397 E2.03884
G1 X-35.944 Y-28.444 E2.04829
G1 X-35.929 Y-28.794 E2.06077
G1 X-35.309 Y-28.652 E2.08343
G1 X-34.828 Y-28.134 E2.10861
G1 X-34.653 Y-27.484 E2.13259
G1 X-34.7 Y-27.153 E2.1445
G1 X-35.039 Y-26.557 E2.16893
G1 X-35.316 Y-26.328 E2.18173
G1 X-35.627 Y-26.201 E2.1937
G1 X-36.314 Y-26.244 E2.21822
G1 X-36.651 Y-26.411 E2.23162
G1 X-36.927 Y-26.658 E2.24481
G1 X-37.122 Y-26.965 E2.25777
G1 X-37.223 Y-27.311 E2.27061
G1 X-37.223 Y-27.669 E2.28336
G1 X-37.122 Y-28.014 E2.29617
G1 X-36.927 Y-28.321 E2.30913
G1 X-36.651 Y-28.567 E2.3223
G1 X-36.316 Y-28.733 E2.33562
G1 X-35.972 Y-28.795 E2.34807
G1 E.34807 F2400
G92 E0
G1 X-35.972 Y-28.795 F7800
G1 X-37.282 Y-32.395
G1 E2 F2400
G1 F3600
G1 X-37.294 Y-32.701 E2.01091
G1 X-37.085 Y-33.18 E2.02953
G1 X-36.657 Y-33.482 E2.04819
G1 X-36.397 Y-33.536 E2.05765
G1 X-36.379 Y-33.885 E2.0701
G1 X-36.062 Y-33.864 E2.08142
G1 X-35.721 Y-33.743 E2.09431
G1 X-35.199 Y-33.256 E2.11974
G1 X-35.006 Y-32.57 E2.14513
G1 X-35.199 Y-31.883 E2.17055
G1 X-35.722 Y-31.396 E2.19601
G1 X-36.062 Y-31.275 E2.20887
G1 X-36.775 Y-31.323 E2.23433
G1 X-37.359 Y-31.735 E2.25979
G1 X-37.644 Y-32.389 E2.2852
G1 X-37.547 Y-33.095 E2.31059
G1 X-37.095 Y-33.649 E2.33606
G1 X-36.422 Y-33.888 E2.3615
G1 E.3615 F2400
G92 E0
G1 X-36.422 Y-33.888 F7800
G1 X-41.242 Y-32.084
G1 E2 F2400
G1 F3600
G1 X-40.905 Y-32.623 E2.02265
G1 X-40.532 Y-32.829 E2.03783
G1 X-40.245 Y-32.877 E2.0482
G1 X-40.221 Y-33.226 E2.06066
G1 X-39.543 Y-33.056 E2.08556
G1 X-39.241 Y-32.833 E2.09893
G1 X-39.007 Y-32.538 E2.11234
G1 X-38.811 Y-31.82 E2.13885
G1 X-38.936 Y-31.268 E2.15901
G1 X-39.241 Y-30.808 E2.17867
G1 X-39.891 Y-30.45 E2.20511
G1 X-40.266 Y-30.412 E2.21854
G1 X-40.64 Y-30.475 E2.23205
G1 X-41.263 Y-30.874 E2.25841
G1 X-41.478 Y-31.187 E2.27194
G1 X-41.625 Y-31.73 E2.29198
G1 X-41.478 Y-32.453 E2.31826
G1 X-41.261 Y-32.77 E2.33195
G1 X-40.98 Y-33.007 E2.34505
G1 X-40.636 Y-33.166 E2.35855
G1 X-40.264 Y-33.229 E2.37199
G1 E.37199 F2400
G92 E0
G1 X-40.264 Y-33.229 F7800
G1 X-45.515 Y-32.639
G1 E2 F2400
G1 F3600
G1 X-45.266 Y-33.088 E2.01829
G1 X-45.066 Y-33.252 E2.0275
G1 X-44.506 Y-33.419 E2.04832
G1 X-44.48 Y-33.768 E2.06079
G1 X-43.802 Y-33.588 E2.08578
G1 X-43.502 Y-33.361 E2.09918
G1 X-43.273 Y-33.062 E2.1126
G1 X-43.132 Y-32.716 E2.12591
G1 X-43.143 Y-31.971 E2.15245
G1 X-43.528 Y-31.339 E2.17881
G1 X-44.177 Y-30.99 E2.20506
G1 X-44.919 Y-31.017 E2.23151
G1 X-45.534 Y-31.409 E2.25749
G1 X-45.82 Y-31.883 E2.27721
G1 X-45.903 Y-32.426 E2.29678
G1 X-45.755 Y-32.995 E2.31772
G1 X-45.533 Y-33.316 E2.33162
G1 X-45.248 Y-33.554 E2.34485
G1 X-44.9 Y-33.712 E2.35847
G1 X-44.523 Y-33.772 E2.37207
G1 E.37207 F2400
G92 E0
G1 X-44.523 Y-33.772 F7800
G1 X-47.635 Y-28.347
G1 E2 F2400
G1 F3600
G1 X-47.303 Y-28.885 E2.02252
G1 X-46.929 Y-29.093 E2.03777
G1 X-46.639 Y-29.142 E2.04825
G1 X-46.617 Y-29.491 E2.06071
G1 X-45.936 Y-29.321 E2.08571
G1 X-45.633 Y-29.097 E2.09913
G1 X-45.399 Y-28.8 E2.1126
G1 X-45.254 Y-28.455 E2.12593
G1 X-45.205 Y-28.081 E2.13937
G1 X-45.256 Y-27.707 E2.15282
G1 X-45.404 Y-27.363 E2.16616
G1 X-45.639 Y-27.068 E2.1796
G1 X-46.118 Y-26.774 E2.19962
G1 X-46.669 Y-26.678 E2.21954
G1 X-47.375 Y-26.9 E2.2459
G1 X-47.662 Y-27.145 E2.25934
G1 X-47.875 Y-27.458 E2.27283
G1 X-48.019 Y-28.179 E2.29902
G1 X-47.877 Y-28.709 E2.31857
G1 X-47.66 Y-29.029 E2.33234
G1 X-47.38 Y-29.268 E2.34545
G1 X-47.035 Y-29.43 E2.35903
G1 X-46.66 Y-29.494 E2.37258
G1 E.37258 F2400
G92 E0
G1 X-47.636 Y-22.669 F7800
G1 E2 F2400
G1 F3600
G1 X-47.304 Y-23.21 E2.02261
G1 X-46.936 Y-23.417 E2.03765
G1 X-46.644 Y-23.468 E2.04821
G1 X-46.624 Y-23.817 E2.06066
G1 X-45.939 Y-23.648 E2.08579
G1 X-45.634 Y-23.424 E2.09927
G1 X-45.399 Y-23.126 E2.11279
G1 X-45.253 Y-22.779 E2.1262
G1 X-45.205 Y-22.403 E2.1397
G1 X-45.258 Y-22.028 E2.15319
G1 X-45.407 Y-21.683 E2.16658
G1 X-45.645 Y-21.388 E2.18008
G1 X-46.127 Y-21.096 E2.20016
G1 X-46.68 Y-21.004 E2.22013
G1 X-47.385 Y-21.232 E2.24653
G1 X-47.67 Y-21.48 E2.25999
G1 X-47.88 Y-21.794 E2.27345
G1 X-48.018 Y-22.512 E2.2995
G1 X-47.883 Y-23.021 E2.31826
G1 X-47.669 Y-23.345 E2.33209
G1 X-47.39 Y-23.588 E2.34527
G1 X-47.044 Y-23.753 E2.35893
G1 X-46.667 Y-23.82 E2.37257
G1 E.37257 F2400
G92 E0
G1 X-46.667 Y-23.82 F7800
G1 X-47.919 Y-17.343
G1 E2 F2400
G1 F3600
G1 X-47.669 Y-17.792 E2.01831
G1 X-47.469 Y-17.956 E2.02752
G1 X-46.909 Y-18.122 E2.04833
G1 X-46.883 Y-18.471 E2.0608
G1 X-46.205 Y-18.291 E2.08579
G1 X-45.905 Y-18.063 E2.09921
G1 X-45.536 Y-17.418 E2.12568
G1 X-45.546 Y-16.674 E2.15219
G1 X-45.931 Y-16.042 E2.17855
G1 X-46.58 Y-15.693 E2.2048
G1 X-47.321 Y-15.72 E2.23121
G1 X-47.936 Y-16.111 E2.25717
G1 X-48.223 Y-16.587 E2.27697
G1 X-48.307 Y-17.127 E2.29644
G1 X-48.158 Y-17.699 E2.3175
G1 X-47.936 Y-18.02 E2.3314
G1 X-47.65 Y-18.258 E2.34465
G1 X-47.302 Y-18.415 E2.35825
G1 X-46.925 Y-18.475 E2.37185
G1 E.37185 F2400
G92 E0
G1 X-46.925 Y-18.475 F7800
G1 X-44.008 Y-16.141
G1 E2 F2400
G1 F3600
G1 X-43.75 Y-16.595 E2.0186
G1 X-43.545 Y-16.752 E2.0278
G1 X-42.989 Y-16.903 E2.04832
G1 X-42.955 Y-17.251 E2.06078
G1 X-42.288 Y-17.061 E2.08549
G1 X-41.994 Y-16.832 E2.09877
G1 X-41.634 Y-16.192 E2.12493
G1 X-41.644 Y-15.457 E2.15112
G1 X-42.02 Y-14.83 E2.17716
G1 X-42.657 Y-14.477 E2.2031
G1 X-43.39 Y-14.49 E2.22922
G1 X-44.012 Y-14.864 E2.25508
G1 X-44.337 Y-15.398 E2.27735
G1 X-44.41 Y-15.88 E2.29472
G1 X-44.24 Y-16.518 E2.31824
G1 X-44.011 Y-16.83 E2.33203
G1 X-43.721 Y-17.058 E2.34517
G1 X-43.372 Y-17.205 E2.35866
G1 X-42.998 Y-17.255 E2.3721
G1 E.3721 F2400
G92 E0
G1 X-42.998 Y-17.255 F7800
G1 X-11.555 Y-29.922
G1 E2 F2400
;TYPE:Perimeter
;WIDTH:0.45
G1 F900
G1 X-11.535 Y-29.907 E2.0012
G1 X-11.171 Y-29.471 E2.02852
G1 X-10.94 Y-29.031 E2.05242
G1 X-10.8 Y-28.555 E2.07628
G1 X-10.757 Y-28.06 E2.10018
G1 X-10.813 Y-27.567 E2.12404
G1 X-10.966 Y-27.095 E2.1479
G1 X-11.21 Y-26.662 E2.1718
G1 X-11.534 Y-26.286 E2.19567
G1 X-11.926 Y-25.981 E2.21956
G1 X-12.371 Y-25.761 E2.24344
G1 X-12.851 Y-25.633 E2.26733
G1 X-13.347 Y-25.603 E2.29123
G1 X-13.838 Y-25.671 E2.31507
G1 X-14.307 Y-25.836 E2.33898
G1 X-14.787 Y-26.138 E2.36626
G1 X-15.168 Y-26.51 E2.39187
G1 X-15.33 Y-26.718 E2.40455
G1 X-15.561 Y-27.157 E2.42841
G1 X-15.701 Y-27.633 E2.45227
G1 X-15.744 Y-28.128 E2.47617
G1 X-15.688 Y-28.621 E2.50003
G1 X-15.535 Y-29.094 E2.52394
G1 X-15.291 Y-29.527 E2.54784
G1 X-14.957 Y-29.911 E2.57232
G1 X-14.575 Y-30.207 E2.59556
G1 X-14.13 Y-30.427 E2.61944
G1 X-13.578 Y-30.56 E2.64675
G1 X-13.046 Y-30.573 E2.67234
G1 X-12.489 Y-30.468 E2.6996
G1 X-11.972 Y-30.238 E2.72682
G1 X-11.603 Y-29.959 E2.74907
G1 X-11.603 Y-29.959 F7800
G1 X-11.82 Y-29.636
G1 F900
G1 X-11.775 Y-29.6 E2.75184
G1 X-11.505 Y-29.278 E2.77205
G1 X-11.305 Y-28.909 E2.79224
G1 X-11.183 Y-28.507 E2.81245
G1 X-11.142 Y-28.089 E2.83265
G1 X-11.185 Y-27.671 E2.85286
G1 X-11.309 Y-27.27 E2.87305
G1 X-11.511 Y-26.902 E2.89324
G1 X-11.782 Y-26.581 E2.91345
G1 X-12.111 Y-26.32 E2.93365
G1 X-12.485 Y-26.129 E2.95385
G1 X-12.889 Y-26.017 E2.97401
G1 X-13.413 Y-25.997 E2.99923
G1 X-13.725 Y-26.04 E3.01438
G1 X-14.122 Y-26.174 E3.03453
G1 X-14.527 Y-26.423 E3.0574
G1 X-14.899 Y-26.786 E3.0824
G1 X-14.996 Y-26.911 E3.09001
G1 X-15.196 Y-27.28 E3.1102
G1 X-15.318 Y-27.681 E3.13036
G1 X-15.359 Y-28.099 E3.15056
G1 X-15.316 Y-28.517 E3.17077
G1 X-15.192 Y-28.918 E3.19096
G1 X-14.99 Y-29.286 E3.21115
G1 X-14.709 Y-29.616 E3.232
G1 X-14.39 Y-29.868 E3.25155
G1 X-14.016 Y-30.059 E3.27175
G1 X-13.569 Y-30.174 E3.29395
G1 X-13.036 Y-30.188 E3.31959
G1 X-12.542 Y-30.082 E3.34389
G1 X-12.102 Y-29.863 E3.36753
G1 X-11.867 Y-29.674 E3.38203
G1 X-11.867 Y-29.674 F7800
G1 X-12.079 Y-29.357
;TYPE:External perimeter
G1 F900
G1 X-12.064 Y-29.345 E3.38295
G1 X-11.839 Y-29.085 E3.39949
G1 X-11.671 Y-28.786 E3.41599
G1 X-11.565 Y-28.459 E3.43252
G1 X-11.526 Y-28.118 E3.44903
G1 X-11.556 Y-27.776 E3.46554
G1 X-11.653 Y-27.446 E3.48208
G1 X-11.813 Y-27.143 E3.49856
G1 X-12.03 Y-26.877 E3.51507
G1 X-12.295 Y-26.659 E3.53157
G1 X-12.598 Y-26.498 E3.54807
G1 X-12.928 Y-26.4 E3.56463
G1 X-13.375 Y-26.38 E3.58615
G1 X-13.611 Y-26.408 E3.59758
G1 X-13.938 Y-26.513 E3.6141
G1 X-14.258 Y-26.699 E3.6319
G1 X-14.662 Y-27.103 E3.65938
G1 X-14.83 Y-27.403 E3.67592
G1 X-14.936 Y-27.729 E3.69241
G1 X-14.975 Y-28.07 E3.70892
G1 X-14.945 Y-28.413 E3.72548
G1 X-14.849 Y-28.742 E3.74196
G1 X-14.689 Y-29.046 E3.75848
G1 X-14.461 Y-29.32 E3.77562
G1 X-14.206 Y-29.53 E3.79151
G1 X-13.903 Y-29.69 E3.80799
G1 X-13.559 Y-29.789 E3.82521
G1 X-13.027 Y-29.802 E3.8508
G1 X-12.643 Y-29.708 E3.86981
G1 X-12.335 Y-29.555 E3.88635
G1 X-12.126 Y-29.394 E3.89904
G1 X-11.86 Y-29.096 F7800
G1 E1.89904 F2400
G92 E0
G1 X-11.557 Y-17.935 F7800
G1 E2 F2400
;TYPE:Perimeter
G1 F900
G1 X-11.926 Y-17.648 E2.02248
G1 X-12.371 Y-17.428 E2.04636
G1 X-12.851 Y-17.3 E2.07025
G1 X-13.347 Y-17.269 E2.09415
G1 X-13.838 Y-17.338 E2.118
G1 X-14.368 Y-17.539 E2.14526
G1 X-14.816 Y-17.828 E2.1709
G1 X-15.218 Y-18.228 E2.19818
G1 X-15.491 Y-18.664 E2.22292
G1 X-15.685 Y-19.207 E2.25065
G1 X-15.746 Y-19.723 E2.27564
G1 X-15.688 Y-20.288 E2.30296
G1 X-15.535 Y-20.76 E2.32682
G1 X-15.291 Y-21.193 E2.35072
G1 X-14.957 Y-21.578 E2.37523
G1 X-14.575 Y-21.874 E2.39847
G1 X-14.13 Y-22.094 E2.42235
G1 X-13.838 Y-22.184 E2.43705
G1 X-13.473 Y-22.229 E2.45474
G1 X-12.899 Y-22.232 E2.48235
G1 X-12.308 Y-22.069 E2.51184
G1 X-11.869 Y-21.837 E2.53572
G1 X-11.485 Y-21.522 E2.55961
G1 X-11.172 Y-21.137 E2.58347
G1 X-10.94 Y-20.698 E2.60735
G1 X-10.8 Y-20.222 E2.63121
G1 X-10.757 Y-19.727 E2.65511
G1 X-10.813 Y-19.234 E2.67897
G1 X-10.966 Y-18.761 E2.70288
G1 X-11.21 Y-18.328 E2.72678
G1 X-11.514 Y-17.976 E2.74915
G1 X-11.514 Y-17.976 F7800
G1 X-11.819 Y-18.218
G1 F900
G1 X-12.111 Y-17.987 E2.76706
G1 X-12.485 Y-17.796 E2.78726
G1 X-12.889 Y-17.683 E2.80744
G1 X-13.413 Y-17.663 E2.83266
G1 X-13.725 Y-17.706 E2.84781
G1 X-14.159 Y-17.863 E2.87001
G1 X-14.607 Y-18.152 E2.89565
G1 X-14.977 Y-18.547 E2.92168
G1 X-15.196 Y-18.946 E2.94357
G1 X-15.318 Y-19.348 E2.96378
G1 X-15.359 Y-19.766 E2.98398
G1 X-15.316 Y-20.184 E3.00419
G1 X-15.192 Y-20.585 E3.02438
G1 X-14.99 Y-20.953 E3.04457
G1 X-14.709 Y-21.282 E3.06538
G1 X-14.39 Y-21.535 E3.08496
G1 X-14.016 Y-21.726 E3.10516
G1 X-13.725 Y-21.816 E3.11981
G1 X-13.133 Y-21.852 E3.14834
G1 X-12.879 Y-21.837 E3.16058
G1 X-12.475 Y-21.722 E3.18078
G1 X-12.102 Y-21.529 E3.20098
G1 X-11.775 Y-21.267 E3.22113
G1 X-11.505 Y-20.945 E3.24134
G1 X-11.305 Y-20.575 E3.26157
G1 X-11.183 Y-20.174 E3.28173
G1 X-11.142 Y-19.756 E3.30193
G1 X-11.185 Y-19.338 E3.32214
G1 X-11.309 Y-18.937 E3.34233
G1 X-11.511 Y-18.569 E3.36252
G1 X-11.774 Y-18.257 E3.38215
G1 X-11.774 Y-18.257 F7800
G1 X-12.081 Y-18.501
;TYPE:External perimeter
G1 F900
G1 X-12.295 Y-18.325 E3.39548
G1 X-12.599 Y-18.165 E3.412
G1 X-12.928 Y-18.067 E3.42851
G1 X-13.375 Y-18.047 E3.45003
G1 X-13.611 Y-18.075 E3.46146
G1 X-14.006 Y-18.223 E3.48175
G1 X-14.429 Y-18.501 E3.5061
G1 X-14.662 Y-18.77 E3.52322
G1 X-14.83 Y-19.069 E3.53972
G1 X-14.936 Y-19.396 E3.55625
G1 X-14.975 Y-19.737 E3.57276
G1 X-14.945 Y-20.079 E3.58927
G1 X-14.849 Y-20.409 E3.6058
G1 X-14.689 Y-20.712 E3.62228
G1 X-14.461 Y-20.987 E3.63946
G1 X-14.206 Y-21.196 E3.65532
G1 X-13.903 Y-21.357 E3.67182
G1 X-13.611 Y-21.447 E3.68652
G1 X-13.027 Y-21.469 E3.71463
G1 X-12.643 Y-21.375 E3.73364
G1 X-12.335 Y-21.222 E3.75018
G1 X-12.064 Y-21.012 E3.76667
G1 X-11.839 Y-20.752 E3.78321
G1 X-11.671 Y-20.453 E3.79971
G1 X-11.565 Y-20.126 E3.81624
G1 X-11.526 Y-19.785 E3.83275
G1 X-11.556 Y-19.443 E3.84926
G1 X-11.653 Y-19.113 E3.8658
G1 X-11.813 Y-18.809 E3.88232
G1 X-12.03 Y-18.543 E3.89883
G1 X-12.035 Y-18.539 E3.89914
G1 X-12.357 Y-18.302 F7800
G1 E1.89914 F2400
G92 E0
G1 X-11.102 Y-10.187 F7800
G1 E2 F2400
;TYPE:Perimeter
G1 F900
G1 X-11.21 Y-9.995 E2.0106
G1 X-11.534 Y-9.619 E2.03447
G1 X-11.926 Y-9.315 E2.05833
G1 X-12.371 Y-9.094 E2.08223
G1 X-12.851 Y-8.966 E2.10612
G1 X-13.347 Y-8.936 E2.13002
G1 X-13.838 Y-9.004 E2.15386
G1 X-14.307 Y-9.169 E2.17777
G1 X-14.787 Y-9.471 E2.20505
G1 X-15.168 Y-9.843 E2.23066
G1 X-15.482 Y-10.315 E2.25793
G1 X-15.658 Y-10.78 E2.28184
G1 X-15.739 Y-11.269 E2.30568
G1 X-15.708 Y-11.867 E2.33448
G1 X-15.563 Y-12.368 E2.35957
G1 X-15.291 Y-12.86 E2.38661
G1 X-14.967 Y-13.236 E2.41048
G1 X-14.516 Y-13.572 E2.43753
G1 X-14.13 Y-13.761 E2.4582
G1 X-13.578 Y-13.893 E2.4855
G1 X-13.046 Y-13.906 E2.51109
G1 X-12.489 Y-13.802 E2.53834
G1 X-11.972 Y-13.571 E2.56558
G1 X-11.535 Y-13.24 E2.59195
G1 X-11.171 Y-12.804 E2.61927
G1 X-10.94 Y-12.365 E2.64313
G1 X-10.8 Y-11.888 E2.66704
G1 X-10.757 Y-11.394 E2.69089
G1 X-10.813 Y-10.9 E2.7148
G1 X-10.966 Y-10.428 E2.73866
G1 X-11.072 Y-10.239 E2.74908
G1 X-11.072 Y-10.239 F7800
G1 X-11.433 Y-10.378
G1 F900
G1 X-11.511 Y-10.236 E2.75687
G1 X-11.782 Y-9.914 E2.77711
G1 X-12.111 Y-9.653 E2.79731
G1 X-12.485 Y-9.463 E2.81749
G1 X-12.889 Y-9.35 E2.83767
G1 X-13.308 Y-9.32 E2.85787
G1 X-13.725 Y-9.373 E2.87809
G1 X-14.122 Y-9.508 E2.89826
G1 X-14.517 Y-9.747 E2.92047
G1 X-14.899 Y-10.119 E2.94612
G1 X-15.196 Y-10.613 E2.97384
G1 X-15.318 Y-11.015 E2.99405
G1 X-15.356 Y-11.317 E3.00869
G1 X-15.316 Y-11.85 E3.0344
G1 X-15.192 Y-12.251 E3.05459
G1 X-14.99 Y-12.62 E3.07482
G1 X-14.719 Y-12.941 E3.09503
G1 X-14.332 Y-13.233 E3.11835
G1 X-14.016 Y-13.392 E3.13536
G1 X-13.569 Y-13.508 E3.15757
G1 X-13.036 Y-13.521 E3.18321
G1 X-12.542 Y-13.416 E3.2075
G1 X-12.102 Y-13.196 E3.23116
G1 X-11.775 Y-12.934 E3.25131
G1 X-11.505 Y-12.611 E3.27156
G1 X-11.305 Y-12.242 E3.29175
G1 X-11.183 Y-11.84 E3.31196
G1 X-11.142 Y-11.422 E3.33216
G1 X-11.185 Y-11.005 E3.35232
G1 X-11.309 Y-10.604 E3.37251
G1 X-11.404 Y-10.431 E3.382
G1 X-11.404 Y-10.431 F7800
G1 X-11.764 Y-10.569
;TYPE:External perimeter
G1 F900
G1 X-11.813 Y-10.476 E3.38706
G1 X-12.03 Y-10.21 E3.40357
G1 X-12.295 Y-9.992 E3.42007
G1 X-12.599 Y-9.831 E3.43662
G1 X-12.928 Y-9.734 E3.45312
G1 X-13.27 Y-9.703 E3.46964
G1 X-13.611 Y-9.741 E3.48614
G1 X-13.938 Y-9.846 E3.50266
G1 X-14.248 Y-10.023 E3.51983
G1 X-14.629 Y-10.395 E3.54544
G1 X-14.83 Y-10.736 E3.56448
G1 X-14.936 Y-11.063 E3.58101
G1 X-14.974 Y-11.365 E3.59565
G1 X-14.945 Y-11.746 E3.61403
G1 X-14.849 Y-12.075 E3.63051
G1 X-14.689 Y-12.379 E3.64703
G1 X-14.471 Y-12.645 E3.66357
G1 X-14.147 Y-12.895 E3.68325
G1 X-13.902 Y-13.024 E3.69657
G1 X-13.559 Y-13.122 E3.71373
G1 X-13.027 Y-13.135 E3.73932
G1 X-12.643 Y-13.041 E3.75833
G1 X-12.335 Y-12.889 E3.77485
G1 X-12.064 Y-12.678 E3.79137
G1 X-11.839 Y-12.418 E3.80791
G1 X-11.671 Y-12.119 E3.82441
G1 X-11.565 Y-11.792 E3.84094
G1 X-11.526 Y-11.451 E3.85745
G1 X-11.556 Y-11.109 E3.87396
G1 X-11.653 Y-10.78 E3.89046
G1 X-11.736 Y-10.622 E3.89904
G1 X-11.966 Y-10.295 F7800
G1 E1.89904 F2400
G92 E0
G1 X-10.803 Y-35.996 F7800
G1 E2 F2400
;TYPE:Perimeter
G1 F900
G1 X-10.813 Y-35.9 E2.00464
G1 X-10.966 Y-35.428 E2.0285
G1 X-11.21 Y-34.995 E2.0524
G1 X-11.534 Y-34.619 E2.07627
G1 X-11.926 Y-34.315 E2.10013
G1 X-12.371 Y-34.094 E2.12403
G1 X-12.851 Y-33.966 E2.14792
G1 X-13.347 Y-33.936 E2.17182
G1 X-13.838 Y-34.004 E2.19566
G1 X-14.307 Y-34.169 E2.21957
G1 X-14.662 Y-34.369 E2.23917
G1 X-15.168 Y-34.843 E2.27252
G1 X-15.482 Y-35.315 E2.29979
G1 X-15.683 Y-35.866 E2.328
G1 X-15.744 Y-36.461 E2.35677
G1 X-15.688 Y-36.955 E2.38068
G1 X-15.535 Y-37.427 E2.40454
G1 X-15.291 Y-37.86 E2.42844
G1 X-14.967 Y-38.236 E2.45231
G1 X-14.575 Y-38.54 E2.47617
G1 X-14.13 Y-38.761 E2.50007
G1 X-13.578 Y-38.893 E2.52737
G1 X-13.046 Y-38.906 E2.55296
G1 X-12.489 Y-38.802 E2.58021
G1 X-12.033 Y-38.604 E2.60412
G1 X-11.626 Y-38.319 E2.62802
G1 X-11.284 Y-37.96 E2.65187
G1 X-11.019 Y-37.54 E2.67576
G1 X-10.822 Y-37.003 E2.70327
G1 X-10.755 Y-36.466 E2.7293
G1 X-10.797 Y-36.056 E2.74912
G1 X-10.797 Y-36.056 F7800
G1 X-11.179 Y-36.062
G1 F900
G1 X-11.185 Y-36.005 E2.75188
G1 X-11.309 Y-35.604 E2.77207
G1 X-11.511 Y-35.236 E2.79226
G1 X-11.782 Y-34.914 E2.8125
G1 X-12.111 Y-34.653 E2.8327
G1 X-12.485 Y-34.463 E2.85288
G1 X-12.889 Y-34.35 E2.87306
G1 X-13.413 Y-34.33 E2.89828
G1 X-13.725 Y-34.373 E2.91343
G1 X-14.122 Y-34.508 E2.9336
G1 X-14.443 Y-34.686 E2.95125
G1 X-14.899 Y-35.119 E2.98149
G1 X-15.173 Y-35.557 E3.00634
G1 X-15.318 Y-36.015 E3.02945
G1 X-15.359 Y-36.433 E3.04965
G1 X-15.316 Y-36.85 E3.06981
G1 X-15.192 Y-37.251 E3.09
G1 X-14.99 Y-37.62 E3.11023
G1 X-14.719 Y-37.941 E3.13044
G1 X-14.39 Y-38.202 E3.15064
G1 X-14.016 Y-38.392 E3.17082
G1 X-13.569 Y-38.508 E3.19303
G1 X-13.036 Y-38.521 E3.21867
G1 X-12.584 Y-38.428 E3.24087
G1 X-12.102 Y-38.196 E3.2666
G1 X-11.775 Y-37.934 E3.28675
G1 X-11.505 Y-37.611 E3.307
G1 X-11.305 Y-37.242 E3.32719
G1 X-11.183 Y-36.84 E3.3474
G1 X-11.142 Y-36.422 E3.3676
G1 X-11.173 Y-36.122 E3.38211
G1 X-11.173 Y-36.122 F7800
G1 X-11.554 Y-36.128
;TYPE:External perimeter
G1 F900
G1 X-11.556 Y-36.109 E3.38303
G1 X-11.653 Y-35.78 E3.39953
G1 X-11.813 Y-35.476 E3.41605
G1 X-12.03 Y-35.21 E3.43256
G1 X-12.295 Y-34.992 E3.44906
G1 X-12.599 Y-34.831 E3.46561
G1 X-12.928 Y-34.734 E3.48211
G1 X-13.375 Y-34.714 E3.50363
G1 X-13.611 Y-34.741 E3.51505
G1 X-13.938 Y-34.846 E3.53157
G1 X-14.223 Y-35.003 E3.54722
G1 X-14.629 Y-35.395 E3.57436
G1 X-14.83 Y-35.736 E3.5934
G1 X-14.936 Y-36.063 E3.60993
G1 X-14.975 Y-36.404 E3.62644
G1 X-14.945 Y-36.746 E3.64295
G1 X-14.849 Y-37.075 E3.65943
G1 X-14.689 Y-37.379 E3.67595
G1 X-14.471 Y-37.645 E3.69249
G1 X-14.206 Y-37.863 E3.70899
G1 X-13.903 Y-38.024 E3.72549
G1 X-13.559 Y-38.122 E3.74269
G1 X-13.027 Y-38.135 E3.76828
G1 X-12.643 Y-38.041 E3.78729
G1 X-12.335 Y-37.889 E3.80381
G1 X-12.064 Y-37.678 E3.82033
G1 X-11.839 Y-37.418 E3.83687
G1 X-11.671 Y-37.119 E3.85337
G1 X-11.565 Y-36.792 E3.8699
G1 X-11.526 Y-36.451 E3.88641
G1 X-11.549 Y-36.188 E3.89911
G1 X-11.655 Y-35.802 F7800
G1 E1.89911 F2400
G92 E0
G1 X-33.009 Y-40.431 F7800
G1 E2 F2400
;TYPE:Perimeter
G1 F3600
G1 X-5.391 Y-40.431 E3.32833
G1 X-5.391 Y-37.675 E3.46088
G1 X-5.391 Y-7.424 E4.91585
G1 X-33.009 Y-7.424 E6.24418
G1 X-33.009 Y-40.371 E7.82882
G1 X-33.009 Y-40.371 F7800
G1 X-33.395 Y-40.817
G1 F3600
G1 X-5.006 Y-40.817 E9.19423
G1 X-5.006 Y-37.675 E9.34535
G1 X-5.006 Y-7.038 E10.81888
G1 X-33.395 Y-7.038 E12.18429
G1 X-33.395 Y-40.757 E13.80606
G1 X-33.395 Y-40.757 F7800
G1 X-33.78 Y-41.203
;TYPE:External perimeter
G1 F1800
G1 X-4.62 Y-41.203 E15.20855
G1 X-4.62 Y-37.675 E15.37823
G1 X-4.62 Y-6.653 E16.87028
G1 X-33.78 Y-6.653 E18.27277
G1 X-33.78 Y-41.143 E19.93162
G1 X-33.385 Y-41.202 F7800
G1 E17.93162 F2400
G92 E0
G1 X-24.91 Y-40.316 F7800
G1 E2 F2400
;TYPE:Internal infill
;WIDTH:0.45
G1 F4800
G1 X-14.914 Y-30.32 E2.67992
G1 X-15.296 Y-29.983 E2.70442
G1 X-15.575 Y-29.63 E2.72606
G1 X-15.83 Y-29.147 E2.75233
G1 X-15.994 Y-28.58 E2.78072
G1 X-16.01 Y-27.78 E2.8192
G1 X-28.372 Y-40.142 E3.66005
G1 X-32.008 Y-40.142 E3.83493
G1 X-14.23 Y-22.365 E5.04413
G1 X-14.827 Y-22.058 E5.07642
G1 X-15.296 Y-21.65 E5.10632
G1 X-15.575 Y-21.296 E5.128
G1 X-15.825 Y-20.824 E5.15369
G1 X-15.938 Y-20.437 E5.17308
G1 X-32.72 Y-37.219 E6.31457
G1 X-32.72 Y-33.583 E6.48945
G1 X-13.326 Y-14.189 E7.80861
G1 X-13.806 Y-14.158 E7.83174
G1 X-14.338 Y-13.993 E7.85853
G1 X-14.854 Y-13.706 E7.88693
G1 X-15.22 Y-13.397 E7.90997
G1 X-15.63 Y-12.858 E7.94254
G1 X-32.72 Y-29.947 E9.10495
G1 X-32.72 Y-26.312 E9.27978
G1 X-14.121 Y-7.713 E10.54486
G1 X-10.486 Y-7.713 E10.71969
G1 X-11.817 Y-9.045 E10.81026
G1 X-11.344 Y-9.401 E10.83873
G1 X-10.85 Y-10.02 E10.87682
G1 X-10.619 Y-10.524 E10.90349
G1 X-10.475 Y-11.338 E10.94325
G1 X-6.85 Y-7.713 E11.18982
G1 X-5.68 Y-7.713 E11.24609
G1 X-5.68 Y-10.179 E11.3647
G1 X-12.57 Y-17.068 E11.83332
G1 X-12.143 Y-17.205 E11.85489
G1 X-11.714 Y-17.437 E11.87835
G1 X-11.292 Y-17.78 E11.90451
G1 X-10.85 Y-18.353 E11.93932
G1 X-10.648 Y-18.783 E11.96217
G1 X-5.68 Y-13.815 E12.30009
G1 X-5.68 Y-17.45 E12.47492
G1 X-13.567 Y-25.337 E13.01138
G1 X-13.175 Y-25.311 E13.03028
G1 X-12.673 Y-25.369 E13.05459
G1 X-12.143 Y-25.538 E13.08135
G1 X-11.714 Y-25.771 E13.10483
G1 X-11.292 Y-26.113 E13.13096
G1 X-11.026 Y-26.431 E13.1509
G1 X-5.507 Y-20.913 E13.52626
G1 E11.52626 F2400
G92 E0
G1 X-5.507 Y-20.913 F7800
G1 X-17.583 Y-7.539
G1 E2 F2400
G1 F4800
G1 X-32.72 Y-22.676 E3.0296
G1 X-32.72 Y-19.04 E3.20448
G1 X-21.393 Y-7.713 E3.97493
G1 X-25.028 Y-7.713 E4.14976
G1 X-32.72 Y-15.405 E4.67296
G1 X-32.72 Y-11.769 E4.84784
G1 X-28.664 Y-7.713 E5.12372
G1 X-32.3 Y-7.713 E5.2986
G1 X-32.893 Y-8.307 E5.33897
G1 E3.33897 F2400
G92 E0
G1 X-32.893 Y-8.307 F7800
G1 X-14.003 Y-40.316
G1 E2 F2400
G1 F4800
G1 X-12.862 Y-39.175 E2.07761
G1 X-13.77 Y-39.165 E2.12128
G1 X-14.219 Y-39.036 E2.14375
G1 X-14.916 Y-38.657 E2.18191
G1 X-15.449 Y-38.126 E2.2181
G1 X-17.465 Y-40.142 E2.35523
G1 X-21.101 Y-40.142 E2.53011
G1 X-5.68 Y-24.722 E3.57899
G1 X-5.68 Y-28.357 E3.75382
G1 X-11.556 Y-34.233 E4.1535
G1 X-11.292 Y-34.447 E4.16985
G1 X-10.981 Y-34.818 E4.19313
G1 X-10.707 Y-35.3 E4.2198
G1 X-10.507 Y-35.945 E4.25228
G1 X-10.499 Y-36.812 E4.29398
G1 X-5.68 Y-31.993 E4.62176
G1 X-5.68 Y-35.629 E4.79664
G1 X-10.194 Y-40.142 E5.10364
G1 X-6.558 Y-40.142 E5.27852
G1 X-5.507 Y-39.091 E5.35001
;LAYER_CHANGE
;Z:2.15
;HEIGHT:0.3
G1 Z2.15 F7800
G1 E3.35001 F2400
G92 E0
G1 X-5.507 Y-39.091 F7800
G1 X-37.712 Y-14.808
G1 E2 F2400
;TYPE:Support material
;WIDTH:0.35
G1 F3600
G1 X-37.785 Y-15.133 E2.01187
G1 X-37.676 Y-15.513 E2.02595
G1 X-37.38 Y-15.804 E2.04074
G1 X-36.991 Y-15.91 E2.0551
G1 X-36.951 Y-16.257 E2.06754
G1 X-36.693 Y-16.227 E2.07679
G1 X-36.032 Y-15.951 E2.10231
G1 X-35.611 Y-15.603 E2.12177
G1 X-35.455 Y-15.116 E2.13999
G1 X-35.608 Y-14.615 E2.15865
G1 X-36.045 Y-14.247 E2.179
G1 X-36.74 Y-13.983 E2.20548
G1 X-37.266 Y-13.991 E2.22422
G1 X-37.788 Y-14.283 E2.24553
G1 X-38.107 Y-14.853 E2.2688
G1 X-38.097 Y-15.416 E2.28886
G1 X-37.793 Y-15.931 E2.31016
G1 X-37.554 Y-16.111 E2.32082
G1 X-36.994 Y-16.262 E2.34148
G1 X-36.994 Y-16.262 F7800
G1 X-36.607 Y-16.569
G1 F3600
G1 X-35.886 Y-16.273 E2.36925
G1 X-35.561 Y-16.07 E2.3829
G1 X-35.318 Y-15.801 E2.39581
G1 X-35.113 Y-15.194 E2.41863
G1 X-35.155 Y-14.755 E2.43434
G1 X-35.525 Y-14.175 E2.45885
G1 X-35.89 Y-13.93 E2.47451
G1 X-36.574 Y-13.658 E2.50073
G1 X-36.959 Y-13.602 E2.51459
G1 X-37.353 Y-13.649 E2.52873
G1 X-37.799 Y-13.845 E2.54608
G1 X-38.284 Y-14.35 E2.57102
G1 X-38.45 Y-14.768 E2.58704
G1 X-38.437 Y-15.511 E2.61351
G1 X-38.285 Y-15.872 E2.62746
G1 X-38.04 Y-16.184 E2.64159
G1 X-37.728 Y-16.418 E2.65548
G1 X-37.367 Y-16.565 E2.66937
G1 X-36.649 Y-16.574 E2.69495
G1 E.69495 F2400
G92 E0
G1 X-36.649 Y-16.574 F7800
G1 X-37.487 Y-19.844
G1 E2 F2400
G1 F3600
G1 X-37.416 Y-20.274 E2.01553
G1 X-37.304 Y-20.449 E2.02293
G1 X-37.071 Y-20.656 E2.03403
G1 X-36.685 Y-20.782 E2.04849
G1 X-36.665 Y-21.132 E2.06098
G1 X-36.051 Y-21.008 E2.08329
G1 X-35.554 Y-20.556 E2.10722
G1 X-35.414 Y-20.241 E2.1195
G1 X-35.417 Y-19.557 E2.14387
G1 X-35.593 Y-19.198 E2.15811
G1 X-36.062 Y-18.795 E2.18014
G1 X-36.713 Y-18.675 E2.20372
G1 X-37.253 Y-18.849 E2.22393
G1 X-37.537 Y-19.084 E2.23706
G1 X-37.733 Y-19.38 E2.24971
G1 X-37.837 Y-19.723 E2.26248
G1 X-37.838 Y-20.079 E2.27516
G1 X-37.737 Y-20.421 E2.28786
G1 X-37.26 Y-20.956 E2.31339
G1 X-36.708 Y-21.134 E2.33405
G1 E.33405 F2400
G92 E0
G1 X-37.618 Y-24.121 F7800
G1 E2 F2400
G1 F3600
G1 X-37.544 Y-24.546 E2.01537
G1 X-37.4 Y-24.764 E2.02468
G1 X-37.008 Y-25.016 E2.04128
G1 X-36.809 Y-25.053 E2.04849
G1 X-36.789 Y-25.402 E2.06094
G1 X-36.497 Y-25.385 E2.07136
G1 X-35.909 Y-25.093 E2.09475
G1 X-35.55 Y-24.523 E2.11875
G1 X-35.547 Y-23.834 E2.1433
G1 X-35.708 Y-23.492 E2.15677
G1 X-36.183 Y-23.07 E2.1794
G1 X-36.826 Y-22.942 E2.20276
G1 X-37.383 Y-23.118 E2.22357
G1 X-37.865 Y-23.653 E2.24922
G1 X-37.968 Y-23.996 E2.26198
G1 X-37.968 Y-24.345 E2.27441
G1 X-37.865 Y-24.695 E2.28741
G1 X-37.446 Y-25.187 E2.31043
G1 X-36.831 Y-25.405 E2.33367
G1 X-36.831 Y-25.405 F7800
G1 X-36.782 Y-27.362
G1 F3600
G1 X-36.782 Y-27.614 E2.34265
G1 X-36.581 Y-28.059 E2.36004
G1 X-36.394 Y-28.228 E2.36902
G1 X-35.984 Y-28.379 E2.38458
G1 X-35.929 Y-28.724 E2.39703
G1 X-35.625 Y-28.669 E2.40804
G1 X-35.034 Y-28.326 E2.43238
G1 X-34.832 Y-28.073 E2.44391
G1 X-34.679 Y-27.482 E2.46566
G1 X-34.837 Y-26.893 E2.48738
G1 X-35.313 Y-26.447 E2.51062
G1 X-35.976 Y-26.252 E2.53524
G1 X-36.302 Y-26.301 E2.54698
G1 X-36.598 Y-26.461 E2.55897
G1 X-37.033 Y-26.975 E2.58296
G1 X-37.132 Y-27.31 E2.5954
G1 X-37.132 Y-27.667 E2.60812
G1 X-37.025 Y-28.02 E2.62126
G1 X-36.596 Y-28.517 E2.64465
G1 X-36.293 Y-28.677 E2.65686
G1 X-35.971 Y-28.731 E2.66849
G1 E.66849 F2400
G92 E0
G1 X-35.971 Y-28.731 F7800
G1 X-37.245 Y-32.628
G1 E2 F2400
G1 F3600
G1 X-37.04 Y-33.143 E2.01975
G1 X-36.577 Y-33.423 E2.03903
G1 X-36.307 Y-33.446 E2.04868
G1 X-36.271 Y-33.794 E2.06114
G1 X-35.829 Y-33.677 E2.07743
G1 X-35.323 Y-33.229 E2.10151
G1 X-35.179 Y-32.914 E2.11385
G1 X-35.177 Y-32.227 E2.13832
G1 X-35.368 Y-31.846 E2.1535
G1 X-35.823 Y-31.459 E2.17478
G1 X-36.479 Y-31.338 E2.19854
G1 X-37.025 Y-31.519 E2.21903
G1 X-37.303 Y-31.755 E2.23202
G1 X-37.495 Y-32.05 E2.24456
G1 X-37.596 Y-32.392 E2.25726
G1 X-37.594 Y-32.747 E2.26991
G1 X-37.339 Y-33.326 E2.29245
G1 X-37.017 Y-33.617 E2.30791
G1 X-36.675 Y-33.762 E2.32114
G1 X-36.313 Y-33.798 E2.3341
G1 E.3341 F2400
G92 E0
G1 X-36.313 Y-33.798 F7800
G1 X-41.093 Y-31.836
G1 E2 F2400
G1 F3600
G1 X-41.02 Y-32.192 E2.01295
G1 X-40.892 Y-32.391 E2.02138
G1 X-40.455 Y-32.67 E2.03985
G1 X-40.203 Y-32.7 E2.04889
G1 X-40.179 Y-33.05 E2.06139
G1 X-39.704 Y-32.94 E2.07876
G1 X-39.183 Y-32.487 E2.10335
G1 X-39.037 Y-32.168 E2.11585
G1 X-39.011 Y-31.643 E2.13458
G1 X-39.183 Y-31.154 E2.15305
G1 X-39.413 Y-30.889 E2.16555
G1 X-39.712 Y-30.697 E2.17821
G1 X-40.222 Y-30.588 E2.19679
G1 X-40.565 Y-30.636 E2.20913
G1 X-40.889 Y-30.784 E2.22182
G1 X-41.154 Y-31.013 E2.2343
G1 X-41.345 Y-31.309 E2.24685
G1 X-41.443 Y-31.996 E2.27157
G1 X-41.252 Y-32.486 E2.29031
G1 X-40.889 Y-32.857 E2.3088
G1 X-40.565 Y-33.004 E2.32147
G1 X-40.222 Y-33.053 E2.33381
G1 E.33381 F2400
G92 E0
G1 X-40.222 Y-33.053 F7800
G1 X-45.368 Y-32.37
G1 E2 F2400
G1 F3600
G1 X-45.301 Y-32.713 E2.01245
G1 X-45.177 Y-32.915 E2.02089
G1 X-44.759 Y-33.194 E2.03879
G1 X-44.493 Y-33.235 E2.04838
G1 X-44.467 Y-33.584 E2.06085
G1 X-43.954 Y-33.464 E2.07962
G1 X-43.445 Y-33.003 E2.10408
G1 X-43.305 Y-32.683 E2.11652
G1 X-43.285 Y-32.177 E2.13456
G1 X-43.468 Y-31.671 E2.15373
G1 X-43.702 Y-31.41 E2.16622
G1 X-44.006 Y-31.222 E2.17895
G1 X-44.688 Y-31.138 E2.20343
G1 X-45.142 Y-31.305 E2.22066
G1 X-45.413 Y-31.53 E2.23321
G1 X-45.61 Y-31.825 E2.24585
G1 X-45.715 Y-32.159 E2.25832
G1 X-45.72 Y-32.512 E2.2709
G1 X-45.516 Y-33.036 E2.29093
G1 X-45.18 Y-33.381 E2.30809
G1 X-44.863 Y-33.532 E2.3206
G1 X-44.51 Y-33.587 E2.33333
G1 E.33333 F2400
G92 E0
G1 X-44.51 Y-33.587 F7800
G1 X-47.489 Y-28.089
G1 E2 F2400
G1 F3600
G1 X-47.418 Y-28.452 E2.01318
G1 X-47.291 Y-28.651 E2.02159
G1 X-46.859 Y-28.931 E2.03993
G1 X-46.61 Y-28.964 E2.04888
G1 X-46.588 Y-29.313 E2.06134
G1 X-46.097 Y-29.202 E2.07927
G1 X-45.576 Y-28.747 E2.10391
G1 X-45.431 Y-28.427 E2.11643
G1 X-45.409 Y-27.888 E2.13565
G1 X-45.582 Y-27.412 E2.15369
G1 X-45.814 Y-27.147 E2.16624
G1 X-46.116 Y-26.956 E2.17897
G1 X-46.618 Y-26.851 E2.19724
G1 X-47.282 Y-27.045 E2.22188
G1 X-47.739 Y-27.568 E2.24662
G1 X-47.839 Y-28.254 E2.27132
G1 X-47.654 Y-28.738 E2.28978
G1 X-47.291 Y-29.116 E2.30845
G1 X-46.63 Y-29.316 E2.33305
G1 E.33305 F2400
G92 E0
G1 X-46.63 Y-29.316 F7800
G1 X-47.493 Y-22.403
G1 E2 F2400
G1 F3600
G1 X-47.423 Y-22.773 E2.01341
G1 X-47.297 Y-22.972 E2.0218
G1 X-46.87 Y-23.253 E2.04001
G1 X-46.625 Y-23.288 E2.04883
G1 X-46.605 Y-23.638 E2.06132
G1 X-46.1 Y-23.527 E2.07974
G1 X-45.81 Y-23.339 E2.09205
G1 X-45.578 Y-23.07 E2.1047
G1 X-45.433 Y-22.749 E2.11725
G1 X-45.416 Y-22.187 E2.13728
G1 X-45.588 Y-21.732 E2.15461
G1 X-45.823 Y-21.467 E2.16723
G1 X-46.128 Y-21.277 E2.18003
G1 X-46.626 Y-21.176 E2.19813
G1 X-47.286 Y-21.369 E2.22263
G1 X-47.741 Y-21.89 E2.24727
G1 X-47.844 Y-22.574 E2.27191
G1 X-47.669 Y-23.045 E2.28981
G1 X-47.302 Y-23.436 E2.30891
G1 X-46.647 Y-23.64 E2.33335
G1 E.33335 F2400
G92 E0
G1 X-46.647 Y-23.64 F7800
G1 X-47.771 Y-17.074
G1 E2 F2400
G1 F3600
G1 X-47.704 Y-17.416 E2.01242
G1 X-47.58 Y-17.618 E2.02086
G1 X-47.161 Y-17.897 E2.03879
G1 X-46.895 Y-17.938 E2.04838
G1 X-46.87 Y-18.287 E2.06084
G1 X-46.357 Y-18.167 E2.07961
G1 X-45.848 Y-17.706 E2.10407
G1 X-45.708 Y-17.386 E2.11651
G1 X-45.687 Y-16.882 E2.13448
G1 X-45.871 Y-16.374 E2.15373
G1 X-46.105 Y-16.113 E2.16622
G1 X-46.408 Y-15.925 E2.17892
G1 X-47.09 Y-15.84 E2.2034
G1 X-47.545 Y-16.007 E2.22067
G1 X-47.816 Y-16.233 E2.23324
G1 X-48.013 Y-16.528 E2.24588
G1 X-48.118 Y-16.862 E2.25835
G1 X-48.123 Y-17.215 E2.27093
G1 X-47.918 Y-17.741 E2.29104
G1 X-47.583 Y-18.084 E2.30812
G1 X-47.266 Y-18.235 E2.32063
G1 X-46.912 Y-18.29 E2.33339
G1 E.33339 F2400
G92 E0
G1 X-46.912 Y-18.29 F7800
G1 X-43.906 Y-15.879
G1 E2 F2400
G1 F3600
G1 X-43.809 Y-16.241 E2.01335
G1 X-43.574 Y-16.543 E2.02698
G1 X-43.022 Y-16.768 E2.04822
G1 X-43.02 Y-17.118 E2.06069
G1 X-42.37 Y-16.982 E2.08435
G1 X-42.067 Y-16.785 E2.09722
G1 X-41.703 Y-16.171 E2.12265
G1 X-41.654 Y-15.825 E2.1351
G1 X-41.839 Y-15.148 E2.1601
G1 X-42.042 Y-14.881 E2.17205
G1 X-42.388 Y-14.648 E2.18691
G1 X-42.724 Y-14.539 E2.19949
G1 X-43.433 Y-14.608 E2.22487
G1 X-43.989 Y-15.024 E2.24961
G1 X-44.259 Y-15.694 E2.27534
G1 X-44.254 Y-16 E2.28624
G1 X-44.13 Y-16.388 E2.30075
G1 X-43.665 Y-16.912 E2.32571
G1 X-43.062 Y-17.119 E2.34842
G1 E.34842 F2400
G92 E0
G1 X-43.062 Y-17.119 F7800
G1 X-11.555 Y-29.922
G1 E2 F2400
;TYPE:Perimeter
;WIDTH:0.45
G1 F900
G1 X-11.535 Y-29.907 E2.0012
G1 X-11.171 Y-29.471 E2.02852
G1 X-10.94 Y-29.031 E2.05242
G1 X-10.8 Y-28.555 E2.07628
G1 X-10.757 Y-28.06 E2.10018
G1 X-10.813 Y-27.567 E2.12404
G1 X-10.966 Y-27.095 E2.1479
G1 X-11.21 Y-26.662 E2.1718
G1 X-11.534 Y-26.286 E2.19567
G1 X-11.926 Y-25.981 E2.21956
G1 X-12.371 Y-25.761 E2.24344
G1 X-12.851 Y-25.633 E2.26733
G1 X-13.347 Y-25.603 E2.29123
G1 X-13.838 Y-25.671 E2.31507
G1 X-14.368 Y-25.872 E2.34233
G1 X-14.816 Y-26.161 E2.36797
G1 X-15.218 Y-26.562 E2.39528
G1 X-15.491 Y-26.997 E2.41998
G1 X-15.549 Y-27.123 E2.42665
G1 X-15.701 Y-27.633 E2.45225
G1 X-15.744 Y-28.128 E2.47615
G1 X-15.688 Y-28.621 E2.50001
G1 X-15.535 Y-29.094 E2.52392
G1 X-15.291 Y-29.527 E2.54782
G1 X-14.967 Y-29.903 E2.57169
G1 X-14.575 Y-30.207 E2.59555
G1 X-14.13 Y-30.427 E2.61943
G1 X-13.578 Y-30.56 E2.64674
G1 X-13.046 Y-30.573 E2.67233
G1 X-12.489 Y-30.468 E2.69959
G1 X-11.972 Y-30.238 E2.72681
G1 X-11.603 Y-29.959 E2.74906
G1 X-11.603 Y-29.959 F7800
G1 X-11.82 Y-29.636
G1 F900
G1 X-11.775 Y-29.6 E2.75183
G1 X-11.505 Y-29.278 E2.77204
G1 X-11.305 Y-28.909 E2.79223
G1 X-11.183 Y-28.507 E2.81244
G1 X-11.142 Y-28.089 E2.83264
G1 X-11.185 Y-27.671 E2.85285
G1 X-11.309 Y-27.27 E2.87304
G1 X-11.511 Y-26.902 E2.89323
G1 X-11.782 Y-26.581 E2.91344
G1 X-12.111 Y-26.32 E2.93364
G1 X-12.485 Y-26.129 E2.95384
G1 X-12.889 Y-26.017 E2.974
G1 X-13.413 Y-25.997 E2.99922
G1 X-13.725 Y-26.04 E3.01437
G1 X-14.159 Y-26.196 E3.03655
G1 X-14.607 Y-26.485 E3.06219
G1 X-14.977 Y-26.88 E3.08822
G1 X-15.188 Y-27.259 E3.10908
G1 X-15.318 Y-27.681 E3.13032
G1 X-15.359 Y-28.099 E3.15052
G1 X-15.316 Y-28.517 E3.17073
G1 X-15.192 Y-28.918 E3.19092
G1 X-14.99 Y-29.287 E3.21115
G1 X-14.719 Y-29.607 E3.23132
G1 X-14.39 Y-29.868 E3.25152
G1 X-14.016 Y-30.059 E3.27172
G1 X-13.569 Y-30.174 E3.29392
G1 X-13.036 Y-30.188 E3.31956
G1 X-12.542 Y-30.082 E3.34386
G1 X-12.102 Y-29.863 E3.3675
G1 X-11.867 Y-29.674 E3.382
G1 X-11.867 Y-29.674 F7800
G1 X-12.079 Y-29.357
;TYPE:External perimeter
G1 F900
G1 X-12.064 Y-29.345 E3.38292
G1 X-11.839 Y-29.085 E3.39946
G1 X-11.671 Y-28.786 E3.41596
G1 X-11.565 Y-28.459 E3.43249
G1 X-11.526 Y-28.118 E3.449
G1 X-11.556 Y-27.776 E3.46551
G1 X-11.653 Y-27.446 E3.48205
G1 X-11.813 Y-27.143 E3.49853
G1 X-12.03 Y-26.877 E3.51504
G1 X-12.295 Y-26.659 E3.53154
G1 X-12.598 Y-26.498 E3.54804
G1 X-12.928 Y-26.4 E3.5646
G1 X-13.375 Y-26.38 E3.58612
G1 X-13.611 Y-26.408 E3.59755
G1 X-14.006 Y-26.556 E3.61784
G1 X-14.429 Y-26.835 E3.64221
G1 X-14.662 Y-27.103 E3.65929
G1 X-14.828 Y-27.396 E3.67549
G1 X-14.936 Y-27.729 E3.69233
G1 X-14.975 Y-28.07 E3.70884
G1 X-14.945 Y-28.413 E3.7254
G1 X-14.849 Y-28.742 E3.74188
G1 X-14.688 Y-29.046 E3.75843
G1 X-14.471 Y-29.312 E3.77494
G1 X-14.206 Y-29.53 E3.79144
G1 X-13.903 Y-29.69 E3.80792
G1 X-13.559 Y-29.789 E3.82514
G1 X-13.027 Y-29.802 E3.85073
G1 X-12.643 Y-29.708 E3.86974
G1 X-12.335 Y-29.555 E3.88628
G1 X-12.126 Y-29.394 E3.89897
G1 X-11.86 Y-29.096 F7800
G1 E1.89897 F2400
G92 E0
G1 X-11.557 Y-17.935 F7800
G1 E2 F2400
;TYPE:Perimeter
G1 F900
G1 X-11.926 Y-17.648 E2.02248
G1 X-12.371 Y-17.428 E2.04636
G1 X-12.851 Y-17.3 E2.07025
G1 X-13.347 Y-17.269 E2.09415
G1 X-13.838 Y-17.338 E2.118
G1 X-14.307 Y-17.502 E2.1419
G1 X-14.787 Y-17.805 E2.1692
G1 X-15.168 Y-18.176 E2.19478
G1 X-15.482 Y-18.649 E2.22209
G1 X-15.66 Y-19.117 E2.24617
G1 X-15.746 Y-19.699 E2.27447
G1 X-15.688 Y-20.288 E2.30294
G1 X-15.535 Y-20.76 E2.3268
G1 X-15.291 Y-21.193 E2.3507
G1 X-14.967 Y-21.569 E2.37457
G1 X-14.516 Y-21.905 E2.40162
G1 X-14.224 Y-22.06 E2.41752
G1 X-13.65 Y-22.222 E2.44621
G1 X-13.143 Y-22.237 E2.47061
G1 X-12.784 Y-22.21 E2.48793
G1 X-12.308 Y-22.069 E2.51181
G1 X-11.869 Y-21.837 E2.53569
G1 X-11.485 Y-21.522 E2.55958
G1 X-11.171 Y-21.137 E2.58347
G1 X-10.94 Y-20.698 E2.60733
G1 X-10.8 Y-20.222 E2.63119
G1 X-10.757 Y-19.727 E2.65509
G1 X-10.813 Y-19.234 E2.67895
G1 X-10.966 Y-18.761 E2.70286
G1 X-11.21 Y-18.328 E2.72676
G1 X-11.514 Y-17.976 E2.74913
G1 X-11.514 Y-17.976 F7800
G1 X-11.819 Y-18.218
G1 F900
G1 X-12.111 Y-17.987 E2.76704
G1 X-12.485 Y-17.796 E2.78724
G1 X-12.889 Y-17.683 E2.80742
G1 X-13.413 Y-17.663 E2.83264
G1 X-13.725 Y-17.706 E2.84779
G1 X-14.122 Y-17.841 E2.86796
G1 X-14.527 Y-18.09 E2.89083
G1 X-14.899 Y-18.452 E2.9158
G1 X-15.173 Y-18.89 E2.94065
G1 X-15.318 Y-19.348 E2.96376
G1 X-15.359 Y-19.766 E2.98396
G1 X-15.316 Y-20.184 E3.00417
G1 X-15.192 Y-20.585 E3.02436
G1 X-14.99 Y-20.953 E3.04455
G1 X-14.719 Y-21.274 E3.06476
G1 X-14.332 Y-21.567 E3.08811
G1 X-14.073 Y-21.705 E3.10222
G1 X-13.569 Y-21.841 E3.12733
G1 X-13.036 Y-21.854 E3.15297
G1 X-12.542 Y-21.749 E3.17726
G1 X-12.102 Y-21.529 E3.20092
G1 X-11.775 Y-21.267 E3.22107
G1 X-11.505 Y-20.945 E3.24128
G1 X-11.305 Y-20.575 E3.26151
G1 X-11.183 Y-20.174 E3.28167
G1 X-11.142 Y-19.756 E3.30187
G1 X-11.185 Y-19.338 E3.32208
G1 X-11.309 Y-18.937 E3.34227
G1 X-11.511 Y-18.569 E3.36246
G1 X-11.774 Y-18.257 E3.38209
G1 X-11.774 Y-18.257 F7800
G1 X-12.081 Y-18.501
;TYPE:External perimeter
G1 F900
G1 X-12.295 Y-18.325 E3.39542
G1 X-12.598 Y-18.165 E3.4119
G1 X-12.928 Y-18.067 E3.42846
G1 X-13.375 Y-18.047 E3.44998
G1 X-13.611 Y-18.075 E3.46141
G1 X-13.938 Y-18.18 E3.47793
G1 X-14.258 Y-18.366 E3.49573
G1 X-14.629 Y-18.728 E3.52066
G1 X-14.83 Y-19.069 E3.5397
G1 X-14.936 Y-19.396 E3.55623
G1 X-14.975 Y-19.737 E3.57274
G1 X-14.945 Y-20.079 E3.58925
G1 X-14.849 Y-20.409 E3.60578
G1 X-14.689 Y-20.712 E3.62226
G1 X-14.471 Y-20.979 E3.63884
G1 X-14.147 Y-21.228 E3.65849
G1 X-13.921 Y-21.35 E3.67084
G1 X-13.559 Y-21.456 E3.68898
G1 X-13.027 Y-21.469 E3.71457
G1 X-12.643 Y-21.375 E3.73358
G1 X-12.335 Y-21.222 E3.75012
G1 X-12.064 Y-21.012 E3.76661
G1 X-11.839 Y-20.752 E3.78315
G1 X-11.671 Y-20.452 E3.79969
G1 X-11.565 Y-20.126 E3.81618
G1 X-11.526 Y-19.785 E3.83269
G1 X-11.556 Y-19.443 E3.8492
G1 X-11.653 Y-19.113 E3.86574
G1 X-11.813 Y-18.809 E3.88226
G1 X-12.03 Y-18.543 E3.89877
G1 X-12.035 Y-18.539 E3.89908
G1 X-12.357 Y-18.302 F7800
G1 E1.89908 F2400
G92 E0
G1 X-11.102 Y-10.187 F7800
G1 E2 F2400
;TYPE:Perimeter
G1 F900
G1 X-11.21 Y-9.995 E2.0106
G1 X-11.534 Y-9.619 E2.03447
G1 X-11.926 Y-9.315 E2.05833
G1 X-12.371 Y-9.094 E2.08223
G1 X-12.851 Y-8.966 E2.10612
G1 X-13.347 Y-8.936 E2.13002
G1 X-13.838 Y-9.004 E2.15386
G1 X-14.307 Y-9.169 E2.17777
G1 X-14.733 Y-9.423 E2.20162
G1 X-15.101 Y-9.757 E2.22552
G1 X-15.426 Y-10.221 E2.25277
G1 X-15.633 Y-10.712 E2.2784
G1 X-15.739 Y-11.269 E2.30567
G1 X-15.708 Y-11.867 E2.33447
G1 X-15.563 Y-12.368 E2.35956
G1 X-15.291 Y-12.86 E2.3866
G1 X-14.957 Y-13.244 E2.41108
G1 X-14.575 Y-13.54 E2.43432
G1 X-14.13 Y-13.761 E2.45822
G1 X-13.578 Y-13.893 E2.48552
G1 X-13.046 Y-13.906 E2.51111
G1 X-12.489 Y-13.802 E2.53836
G1 X-11.972 Y-13.571 E2.5656
G1 X-11.535 Y-13.24 E2.59197
G1 X-11.171 Y-12.804 E2.61929
G1 X-10.94 Y-12.365 E2.64315
G1 X-10.8 Y-11.888 E2.66706
G1 X-10.757 Y-11.394 E2.69091
G1 X-10.813 Y-10.9 E2.71482
G1 X-10.966 Y-10.428 E2.73868
G1 X-11.072 Y-10.239 E2.7491
G1 X-11.072 Y-10.239 F7800
G1 X-11.433 Y-10.378
G1 F900
G1 X-11.511 Y-10.236 E2.75689
G1 X-11.782 Y-9.914 E2.77713
G1 X-12.111 Y-9.653 E2.79733
G1 X-12.485 Y-9.463 E2.81751
G1 X-12.889 Y-9.35 E2.83769
G1 X-13.308 Y-9.32 E2.85789
G1 X-13.725 Y-9.373 E2.87811
G1 X-14.122 Y-9.508 E2.89828
G1 X-14.486 Y-9.718 E2.91849
G1 X-14.8 Y-9.997 E2.93869
G1 X-15.07 Y-10.371 E2.96088
G1 X-15.277 Y-10.862 E2.98651
G1 X-15.356 Y-11.317 E3.00872
G1 X-15.316 Y-11.85 E3.03443
G1 X-15.192 Y-12.251 E3.05462
G1 X-14.99 Y-12.62 E3.07485
G1 X-14.709 Y-12.949 E3.09566
G1 X-14.39 Y-13.202 E3.11524
G1 X-14.016 Y-13.392 E3.13542
G1 X-13.569 Y-13.508 E3.15763
G1 X-13.036 Y-13.521 E3.18327
G1 X-12.542 Y-13.416 E3.20756
G1 X-12.102 Y-13.196 E3.23122
G1 X-11.775 Y-12.934 E3.25137
G1 X-11.505 Y-12.611 E3.27162
G1 X-11.305 Y-12.242 E3.29181
G1 X-11.183 Y-11.84 E3.31202
G1 X-11.142 Y-11.422 E3.33222
G1 X-11.185 Y-11.005 E3.35238
G1 X-11.309 Y-10.604 E3.37257
G1 X-11.404 Y-10.431 E3.38206
G1 X-11.404 Y-10.431 F7800
G1 X-11.764 Y-10.569
;TYPE:External perimeter
G1 F900
G1 X-11.813 Y-10.476 E3.38712
G1 X-12.03 Y-10.21 E3.40363
G1 X-12.295 Y-9.992 E3.42013
G1 X-12.598 Y-9.831 E3.43663
G1 X-12.928 Y-9.734 E3.45317
G1 X-13.27 Y-9.703 E3.46969
G1 X-13.611 Y-9.741 E3.48619
G1 X-13.938 Y-9.846 E3.50271
G1 X-14.238 Y-10.014 E3.51925
G1 X-14.498 Y-10.237 E3.53572
G1 X-14.715 Y-10.521 E3.55291
G1 X-14.922 Y-11.012 E3.57854
G1 X-14.974 Y-11.365 E3.5957
G1 X-14.945 Y-11.746 E3.61408
G1 X-14.849 Y-12.075 E3.63056
G1 X-14.689 Y-12.379 E3.64708
G1 X-14.461 Y-12.654 E3.66426
G1 X-14.206 Y-12.863 E3.68012
G1 X-13.903 Y-13.024 E3.69662
G1 X-13.559 Y-13.122 E3.71382
G1 X-13.027 Y-13.135 E3.73941
G1 X-12.643 Y-13.041 E3.75842
G1 X-12.335 Y-12.889 E3.77494
G1 X-12.064 Y-12.678 E3.79146
G1 X-11.839 Y-12.418 E3.808
G1 X-11.671 Y-12.119 E3.8245
G1 X-11.565 Y-11.792 E3.84103
G1 X-11.526 Y-11.451 E3.85754
G1 X-11.556 Y-11.109 E3.87405
G1 X-11.653 Y-10.78 E3.89055
G1 X-11.736 Y-10.622 E3.89913
G1 X-11.966 Y-10.295 F7800
G1 E1.89913 F2400
G92 E0
G1 X-10.803 Y-35.996 F7800
G1 E2 F2400
;TYPE:Perimeter
G1 F900
G1 X-10.813 Y-35.9 E2.00464
G1 X-10.966 Y-35.428 E2.0285
G1 X-11.21 Y-34.995 E2.0524
G1 X-11.534 Y-34.619 E2.07627
G1 X-11.926 Y-34.315 E2.10013
G1 X-12.371 Y-34.094 E2.12403
G1 X-12.577 Y-34.031 E2.13439
G1 X-13.155 Y-33.936 E2.16256
G1 X-13.747 Y-33.981 E2.19112
G1 X-14.307 Y-34.169 E2.21953
G1 X-14.733 Y-34.423 E2.24338
G1 X-15.101 Y-34.757 E2.26728
G1 X-15.412 Y-35.191 E2.29296
G1 X-15.633 Y-35.712 E2.32018
G1 X-15.739 Y-36.269 E2.34745
G1 X-15.721 Y-36.766 E2.37137
G1 X-15.605 Y-37.248 E2.39521
G1 X-15.396 Y-37.699 E2.41912
G1 X-15.101 Y-38.099 E2.44302
G1 X-14.733 Y-38.432 E2.46689
G1 X-14.307 Y-38.686 E2.49074
G1 X-13.721 Y-38.879 E2.52041
G1 X-13.046 Y-38.906 E2.5529
G1 X-12.489 Y-38.802 E2.58015
G1 X-12.033 Y-38.604 E2.60406
G1 X-11.626 Y-38.319 E2.62796
G1 X-11.284 Y-37.96 E2.65181
G1 X-11.019 Y-37.54 E2.6757
G1 X-10.822 Y-37.003 E2.70321
G1 X-10.755 Y-36.466 E2.72924
G1 X-10.797 Y-36.056 E2.74906
G1 X-10.797 Y-36.056 F7800
G1 X-11.179 Y-36.062
G1 F900
G1 X-11.185 Y-36.005 E2.75182
G1 X-11.309 Y-35.604 E2.77201
G1 X-11.511 Y-35.236 E2.7922
G1 X-11.782 Y-34.914 E2.81244
G1 X-12.111 Y-34.653 E2.83264
G1 X-12.485 Y-34.463 E2.85282
G1 X-12.691 Y-34.399 E2.8632
G1 X-13.193 Y-34.32 E2.88764
G1 X-13.725 Y-34.373 E2.91335
G1 X-14.122 Y-34.508 E2.93352
G1 X-14.486 Y-34.718 E2.95373
G1 X-14.8 Y-34.997 E2.97393
G1 X-15.07 Y-35.371 E2.99612
G1 X-15.277 Y-35.862 E3.02175
G1 X-15.356 Y-36.317 E3.04396
G1 X-15.316 Y-36.85 E3.06967
G1 X-15.192 Y-37.251 E3.08986
G1 X-14.99 Y-37.62 E3.11009
G1 X-14.719 Y-37.941 E3.1303
G1 X-14.39 Y-38.202 E3.1505
G1 X-14.016 Y-38.392 E3.17068
G1 X-13.569 Y-38.508 E3.19289
G1 X-13.036 Y-38.521 E3.21853
G1 X-12.584 Y-38.428 E3.24073
G1 X-12.102 Y-38.196 E3.26646
G1 X-11.775 Y-37.934 E3.28661
G1 X-11.505 Y-37.611 E3.30686
G1 X-11.305 Y-37.242 E3.32705
G1 X-11.183 Y-36.84 E3.34726
G1 X-11.142 Y-36.422 E3.36746
G1 X-11.173 Y-36.122 E3.38197
G1 X-11.173 Y-36.122 F7800
G1 X-11.554 Y-36.128
;TYPE:External perimeter
G1 F900
G1 X-11.556 Y-36.109 E3.38289
G1 X-11.653 Y-35.78 E3.39939
G1 X-11.813 Y-35.476 E3.41591
G1 X-12.03 Y-35.21 E3.43242
G1 X-12.295 Y-34.992 E3.44892
G1 X-12.598 Y-34.831 E3.46542
G1 X-12.805 Y-34.768 E3.47583
G1 X-13.27 Y-34.703 E3.49841
G1 X-13.611 Y-34.741 E3.51491
G1 X-13.938 Y-34.846 E3.53143
G1 X-14.238 Y-35.014 E3.54797
G1 X-14.498 Y-35.237 E3.56444
G1 X-14.715 Y-35.521 E3.58163
G1 X-14.922 Y-36.012 E3.60726
G1 X-14.975 Y-36.404 E3.62629
G1 X-14.945 Y-36.746 E3.6428
G1 X-14.849 Y-37.075 E3.65928
G1 X-14.688 Y-37.379 E3.67583
G1 X-14.471 Y-37.645 E3.69234
G1 X-14.206 Y-37.863 E3.70884
G1 X-13.903 Y-38.024 E3.72534
G1 X-13.559 Y-38.122 E3.74254
G1 X-13.027 Y-38.135 E3.76813
G1 X-12.643 Y-38.041 E3.78714
G1 X-12.335 Y-37.889 E3.80366
G1 X-12.064 Y-37.678 E3.82018
G1 X-11.839 Y-37.418 E3.83672
G1 X-11.671 Y-37.119 E3.85322
G1 X-11.565 Y-36.792 E3.86975
G1 X-11.526 Y-36.451 E3.88626
G1 X-11.549 Y-36.188 E3.89896
G1 X-11.655 Y-35.802 F7800
G1 E1.89896 F2400
G92 E0
G1 X-33.009 Y-40.431 F7800
G1 E2 F2400
;TYPE:Perimeter
G1 F3600
G1 X-5.391 Y-40.431 E3.32833
G1 X-5.391 Y-37.675 E3.46088
G1 X-5.391 Y-7.424 E4.91585
G1 X-33.009 Y-7.424 E6.24418
G1 X-33.009 Y-40.371 E7.82882
G1 X-33.009 Y-40.371 F7800
G1 X-33.395 Y-40.817
G1 F3600
G1 X-5.006 Y-40.817 E9.19423
G1 X-5.006 Y-37.675 E9.34535
G1 X-5.006 Y-7.038 E10.81888
G1 X-33.395 Y-7.038 E12.18429
G1 X-33.395 Y-40.757 E13.80606
G1 X-33.395 Y-40.757 F7800
G1 X-33.78 Y-41.203
;TYPE:External perimeter
G1 F1800
G1 X-4.62 Y-41.203 E15.20855
G1 X-4.62 Y-37.675 E15.37823
G1 X-4.62 Y-6.653 E16.87028
G1 X-33.78 Y-6.653 E18.27277
G1 X-33.78 Y-41.143 E19.93162
G1 X-33.385 Y-41.202 F7800
G1 E17.93162 F2400
G92 E0
G1 X-24.91 Y-40.316 F7800
G1 E2 F2400
;TYPE:Internal infill
;WIDTH:0.45
G1 F4800
G1 X-14.914 Y-30.32 E2.67992
G1 X-15.325 Y-29.949 E2.70655
G1 X-15.566 Y-29.642 E2.72532
G1 X-15.827 Y-29.152 E2.75202
G1 X-15.994 Y-28.58 E2.78068
G1 X-16.01 Y-27.78 E2.81916
G1 X-28.372 Y-40.142 E3.66001
G1 X-32.008 Y-40.142 E3.83489
G1 X-14.226 Y-22.361 E5.04437
G1 X-14.854 Y-22.039 E5.07831
G1 X-15.22 Y-21.731 E5.10132
G1 X-15.575 Y-21.297 E5.12829
G1 X-15.836 Y-20.798 E5.15537
G1 X-15.939 Y-20.438 E5.17338
G1 X-32.72 Y-37.219 E6.3148
G1 X-32.72 Y-33.583 E6.48968
G1 X-13.324 Y-14.187 E7.80897
G1 X-13.919 Y-14.128 E7.83773
G1 X-14.442 Y-13.942 E7.86443
G1 X-14.827 Y-13.725 E7.88569
G1 X-15.296 Y-13.317 E7.91559
G1 X-15.63 Y-12.858 E7.94289
G1 X-32.72 Y-29.947 E9.1053
G1 X-32.72 Y-26.312 E9.28013
G1 X-14.121 Y-7.713 E10.54521
G1 X-10.486 Y-7.713 E10.72004
G1 X-11.817 Y-9.045 E10.81061
G1 X-11.344 Y-9.401 E10.83908
G1 X-10.85 Y-10.02 E10.87717
G1 X-10.619 Y-10.524 E10.90384
G1 X-10.475 Y-11.338 E10.9436
G1 X-6.85 Y-7.713 E11.19017
G1 X-5.68 Y-7.713 E11.24644
G1 X-5.68 Y-10.179 E11.36505
G1 X-12.57 Y-17.068 E11.83367
G1 X-12.143 Y-17.205 E11.85524
G1 X-11.714 Y-17.437 E11.8787
G1 X-11.292 Y-17.78 E11.90486
G1 X-10.85 Y-18.353 E11.93967
G1 X-10.648 Y-18.783 E11.96252
G1 X-5.68 Y-13.815 E12.30044
G1 X-5.68 Y-17.45 E12.47527
G1 X-13.567 Y-25.337 E13.01173
G1 X-13.175 Y-25.311 E13.03063
G1 X-12.673 Y-25.369 E13.05494
G1 X-12.143 Y-25.538 E13.0817
G1 X-11.714 Y-25.771 E13.10518
G1 X-11.292 Y-26.113 E13.13131
G1 X-11.026 Y-26.431 E13.15125
G1 X-5.507 Y-20.913 E13.52661
G1 E11.52661 F2400
G92 E0
G1 X-5.507 Y-20.913 F7800
G1 X-17.583 Y-7.539
G1 E2 F2400
G1 F4800
G1 X-32.72 Y-22.676 E3.0296
G1 X-32.72 Y-19.04 E3.20448
G1 X-21.393 Y-7.713 E3.97493
G1 X-25.028 Y-7.713 E4.14976
G1 X-32.72 Y-15.405 E4.67296
G1 X-32.72 Y-11.769 E4.84784
G1 X-28.664 Y-7.713 E5.12372
G1 X-32.3 Y-7.713 E5.2986
G1 X-32.893 Y-8.307 E5.33897
G1 E3.33897 F2400
G92 E0
G1 X-32.893 Y-8.307 F7800
G1 X-14.003 Y-40.316
G1 E2 F2400
G1 F4800
G1 X-12.862 Y-39.175 E2.07761
G1 X-13.77 Y-39.165 E2.12128
G1 X-14.219 Y-39.036 E2.14375
G1 X-14.916 Y-38.657 E2.18191
G1 X-15.449 Y-38.126 E2.2181
G1 X-17.465 Y-40.142 E2.35523
G1 X-21.101 Y-40.142 E2.53011
G1 X-5.68 Y-24.722 E3.57899
G1 X-5.68 Y-28.357 E3.75382
G1 X-11.556 Y-34.233 E4.1535
G1 X-11.292 Y-34.447 E4.16985
G1 X-10.981 Y-34.818 E4.19313
G1 X-10.707 Y-35.3 E4.2198
G1 X-10.507 Y-35.945 E4.25228
G1 X-10.499 Y-36.812 E4.29398
G1 X-5.68 Y-31.993 E4.62176
G1 X-5.68 Y-35.629 E4.79664
G1 X-10.194 Y-40.142 E5.10364
G1 X-6.558 Y-40.142 E5.27852
G1 X-5.507 Y-39.091 E5.35001
;LAYER_CHANGE
;Z:2.45
;HEIGHT:0.3
G1 Z2.45 F7800
G1 E3.35001 F2400
G92 E0
G1 X-5.507 Y-39.091 F7800
G1 X-37.415 Y-14.656
G1 E2 F2400
;TYPE:Support material
;WIDTH:0.35
G1 F3600
G1 X-37.668 Y-15.031 E2.01612
G1 X-37.722 Y-15.29 E2.02555
G1 X-37.461 Y-15.547 E2.0386
G1 X-37.063 Y-15.729 E2.05419
G1 X-37.065 Y-16.079 E2.06666
G1 X-36.196 Y-16.052 E2.09763
G1 X-35.729 Y-15.832 E2.11602
G1 X-35.463 Y-15.378 E2.13476
G1 X-35.45 Y-14.851 E2.15354
G1 X-35.684 Y-14.409 E2.17136
G1 X-36.198 Y-14.156 E2.19177
G1 X-37.173 Y-14.146 E2.22651
G1 X-37.666 Y-14.405 E2.24635
G1 X-38.052 Y-15.043 E2.27291
G1 X-38.066 Y-15.377 E2.28482
G1 X-37.873 Y-15.683 E2.29771
G1 X-37.369 Y-16.008 E2.31907
G1 X-37.108 Y-16.08 E2.32872
G1 X-37.108 Y-16.08 F7800
G1 X-36.783 Y-16.426
G1 F3600
G1 X-36.132 Y-16.399 E2.35193
G1 X-35.79 Y-16.29 E2.36472
G1 X-35.487 Y-16.092 E2.37761
G1 X-35.124 Y-15.476 E2.40308
G1 X-35.107 Y-14.769 E2.42827
G1 X-35.237 Y-14.424 E2.4414
G1 X-35.454 Y-14.142 E2.45408
G1 X-36.126 Y-13.811 E2.48077
G1 X-37.095 Y-13.781 E2.51531
G1 X-37.609 Y-13.932 E2.53439
G1 X-38.056 Y-14.329 E2.55569
G1 X-38.39 Y-14.944 E2.58062
G1 X-38.41 Y-15.463 E2.59912
G1 X-38.115 Y-15.941 E2.61913
G1 X-37.507 Y-16.333 E2.6449
G1 X-36.826 Y-16.427 E2.66939
G1 E.66939 F2400
G92 E0
G1 X-36.826 Y-16.427 F7800
G1 X-37.285 Y-19.755
G1 E2 F2400
G1 F3600
G1 X-37.292 Y-20.015 E2.00927
G1 X-37.095 Y-20.427 E2.02554
G1 X-36.732 Y-20.651 E2.04074
G1 X-36.519 Y-20.678 E2.04839
G1 X-36.489 Y-21.027 E2.06087
G1 X-36.219 Y-20.994 E2.07056
G1 X-35.805 Y-20.771 E2.08731
G1 X-35.607 Y-20.575 E2.09723
G1 X-35.438 Y-20.224 E2.11111
G1 X-35.439 Y-19.568 E2.13448
G1 X-35.584 Y-19.266 E2.14641
G1 X-35.804 Y-19.019 E2.15819
G1 X-36.102 Y-18.85 E2.17039
G1 X-36.507 Y-18.763 E2.18515
G1 X-37.084 Y-18.911 E2.20637
G1 X-37.542 Y-19.406 E2.23039
G1 X-37.642 Y-19.727 E2.24237
G1 X-37.642 Y-20.068 E2.25452
G1 X-37.48 Y-20.497 E2.27086
G1 X-37.095 Y-20.872 E2.29001
G1 X-36.532 Y-21.031 E2.31085
G1 E.31085 F2400
G92 E0
G1 X-36.532 Y-21.031 F7800
G1 X-37.311 Y-23.812
G1 E2 F2400
G1 F3600
G1 X-37.412 Y-24.063 E2.00964
G1 X-37.337 Y-24.507 E2.02568
G1 X-37.041 Y-24.799 E2.04049
G1 X-36.622 Y-24.878 E2.05568
G1 X-36.546 Y-25.22 E2.06816
G1 X-36.021 Y-24.989 E2.08859
G1 X-35.683 Y-24.479 E2.11039
G1 X-35.683 Y-23.869 E2.13212
G1 X-35.814 Y-23.59 E2.1431
G1 X-36.286 Y-23.198 E2.16496
G1 X-36.905 Y-23.131 E2.18714
G1 X-37.432 Y-23.397 E2.20817
G1 X-37.651 Y-23.679 E2.22089
G1 X-37.762 Y-24.005 E2.23316
G1 X-37.762 Y-24.342 E2.24517
G1 X-37.65 Y-24.671 E2.25755
G1 X-37.206 Y-25.112 E2.27984
G1 X-36.588 Y-25.23 E2.30225
G1 E.30225 F2400
G92 E0
G1 X-36.588 Y-25.23 F7800
G1 X-36.638 Y-27.339
G1 E2 F2400
G1 F3600
G1 X-36.615 Y-27.759 E2.01498
G1 X-36.508 Y-27.961 E2.02312
G1 X-36.156 Y-28.172 E2.03774
G1 X-35.86 Y-28.205 E2.04835
G1 X-35.824 Y-28.553 E2.06081
G1 X-35.577 Y-28.528 E2.06965
G1 X-35.287 Y-28.422 E2.08065
G1 X-35.072 Y-28.24 E2.09068
G1 X-34.808 Y-27.802 E2.1089
G1 X-34.755 Y-27.483 E2.12042
G1 X-34.907 Y-26.95 E2.14016
G1 X-35.323 Y-26.538 E2.16102
G1 X-35.911 Y-26.416 E2.18241
G1 X-36.399 Y-26.528 E2.20025
G1 X-36.793 Y-26.801 E2.21733
G1 X-36.95 Y-27.101 E2.22939
G1 X-37.015 Y-27.456 E2.24225
G1 X-36.949 Y-27.875 E2.25736
G1 X-36.785 Y-28.186 E2.26989
G1 X-36.543 Y-28.386 E2.28107
G1 X-36.242 Y-28.515 E2.29274
G1 X-35.866 Y-28.558 E2.30622
G1 E.30622 F2400
G92 E0
G1 X-35.866 Y-28.558 F7800
G1 X-37.014 Y-32.268
G1 E2 F2400
G1 F3600
G1 X-37.079 Y-32.49 E2.00824
G1 X-37.001 Y-32.911 E2.02349
G1 X-36.684 Y-33.244 E2.03987
G1 X-36.236 Y-33.342 E2.05621
G1 X-36.165 Y-33.685 E2.06869
G1 X-35.608 Y-33.464 E2.09004
G1 X-35.13 Y-32.961 E2.11476
G1 X-35.076 Y-32.712 E2.12384
G1 X-35.317 Y-32.011 E2.15025
G1 X-35.592 Y-31.695 E2.16517
G1 X-36.206 Y-31.449 E2.18873
G1 X-36.543 Y-31.47 E2.20076
G1 X-36.859 Y-31.591 E2.21281
G1 X-37.228 Y-31.914 E2.23028
G1 X-37.43 Y-32.479 E2.25166
G1 X-37.318 Y-33.065 E2.27291
G1 X-37.132 Y-33.338 E2.28468
G1 X-36.858 Y-33.552 E2.29707
G1 X-36.543 Y-33.673 E2.30909
G1 X-36.206 Y-33.695 E2.32112
G1 E.32112 F2400
G92 E0
G1 X-36.206 Y-33.695 F7800
G1 X-40.788 Y-31.403
G1 E2 F2400
G1 F3600
G1 X-40.925 Y-31.763 E2.01372
G1 X-40.88 Y-32.07 E2.02477
G1 X-40.601 Y-32.412 E2.04049
G1 X-40.183 Y-32.525 E2.05592
G1 X-40.133 Y-32.872 E2.06841
G1 X-39.578 Y-32.662 E2.08955
G1 X-39.354 Y-32.429 E2.10106
G1 X-39.187 Y-31.989 E2.11783
G1 X-39.211 Y-31.501 E2.13524
G1 X-39.58 Y-30.977 E2.15807
G1 X-40.178 Y-30.763 E2.1807
G1 X-40.794 Y-30.931 E2.20345
G1 X-41.038 Y-31.149 E2.21511
G1 X-41.275 Y-31.736 E2.23766
G1 X-41.203 Y-32.213 E2.25485
G1 X-40.794 Y-32.71 E2.27778
G1 X-40.175 Y-32.878 E2.30063
G1 E.30063 F2400
G92 E0
G1 X-40.175 Y-32.878 F7800
G1 X-45.199 Y-32.022
G1 E2 F2400
G1 F3600
G1 X-45.27 Y-32.34 E2.01161
G1 X-45.124 Y-32.778 E2.02806
G1 X-44.902 Y-32.991 E2.03902
G1 X-44.43 Y-33.1 E2.05628
G1 X-44.362 Y-33.444 E2.06877
G1 X-43.785 Y-33.209 E2.09096
G1 X-43.395 Y-32.639 E2.11556
G1 X-43.391 Y-32.033 E2.13715
G1 X-43.561 Y-31.689 E2.15082
G1 X-43.811 Y-31.426 E2.16375
G1 X-44.404 Y-31.205 E2.18629
G1 X-44.738 Y-31.229 E2.19822
G1 X-45.057 Y-31.354 E2.21043
G1 X-45.482 Y-31.797 E2.2323
G1 X-45.622 Y-32.35 E2.25262
G1 X-45.576 Y-32.657 E2.26368
G1 X-45.413 Y-32.977 E2.27647
G1 X-45.085 Y-33.295 E2.29274
G1 X-44.74 Y-33.428 E2.30591
G1 X-44.403 Y-33.453 E2.31795
G1 E.31795 F2400
G92 E0
G1 X-44.403 Y-33.453 F7800
G1 X-47.31 Y-27.704
G1 E2 F2400
G1 F3600
G1 X-47.389 Y-27.961 E2.00958
G1 X-47.322 Y-28.413 E2.02586
G1 X-47.005 Y-28.754 E2.04245
G1 X-46.611 Y-28.856 E2.05695
G1 X-46.571 Y-29.204 E2.06943
G1 X-46.067 Y-29.061 E2.08809
G1 X-45.758 Y-28.8 E2.1025
G1 X-45.548 Y-28.412 E2.11822
G1 X-45.498 Y-28.076 E2.13032
G1 X-45.548 Y-27.746 E2.14221
G1 X-45.743 Y-27.371 E2.15727
G1 X-45.987 Y-27.148 E2.16905
G1 X-46.32 Y-26.984 E2.18227
G1 X-46.633 Y-26.943 E2.19352
G1 X-47.193 Y-27.099 E2.21423
G1 X-47.596 Y-27.493 E2.23431
G1 X-47.739 Y-27.908 E2.24995
G1 X-47.641 Y-28.565 E2.27361
G1 X-47.444 Y-28.857 E2.28616
G1 X-47.187 Y-29.055 E2.29772
G1 X-46.613 Y-29.209 E2.31889
G1 E.31889 F2400
G92 E0
G1 X-46.613 Y-29.209 F7800
G1 X-47.321 Y-22.029
G1 E2 F2400
G1 F3600
G1 X-47.405 Y-22.28 E2.00943
G1 X-47.338 Y-22.73 E2.02564
G1 X-47.022 Y-23.072 E2.04223
G1 X-46.627 Y-23.176 E2.05678
G1 X-46.587 Y-23.524 E2.06926
G1 X-46.09 Y-23.382 E2.08767
G1 X-45.763 Y-23.108 E2.10287
G1 X-45.563 Y-22.73 E2.1181
G1 X-45.513 Y-22.395 E2.13017
G1 X-45.564 Y-22.062 E2.14217
G1 X-45.733 Y-21.713 E2.15598
G1 X-46.343 Y-21.301 E2.1822
G1 X-46.963 Y-21.309 E2.20429
G1 X-47.212 Y-21.424 E2.21406
G1 X-47.553 Y-21.736 E2.23053
G1 X-47.755 Y-22.227 E2.24944
G1 X-47.657 Y-22.883 E2.27307
G1 X-47.456 Y-23.179 E2.28582
G1 X-47.205 Y-23.373 E2.29712
G1 X-46.63 Y-23.53 E2.31835
G1 E.31835 F2400
G92 E0
G1 X-46.63 Y-23.53 F7800
G1 X-47.574 Y-16.673
G1 E2 F2400
G1 F3600
G1 X-47.655 Y-16.918 E2.00919
G1 X-47.587 Y-17.37 E2.02547
G1 X-47.274 Y-17.707 E2.04185
G1 X-46.889 Y-17.813 E2.05608
G1 X-46.851 Y-18.161 E2.06855
G1 X-46.338 Y-18.017 E2.08753
G1 X-46.03 Y-17.761 E2.1018
G1 X-45.813 Y-17.363 E2.11795
G1 X-45.764 Y-17.027 E2.13005
G1 X-45.815 Y-16.696 E2.14198
G1 X-46.194 Y-16.138 E2.16601
G1 X-46.482 Y-15.98 E2.17771
G1 X-46.865 Y-15.898 E2.19166
G1 X-47.453 Y-16.051 E2.2133
G1 X-47.874 Y-16.465 E2.23433
G1 X-48.005 Y-16.861 E2.24919
G1 X-48.006 Y-17.196 E2.26112
G1 X-47.907 Y-17.52 E2.27319
G1 X-47.716 Y-17.811 E2.28559
G1 X-47.454 Y-18.01 E2.29731
G1 X-46.893 Y-18.167 E2.31806
G1 E.31806 F2400
G92 E0
G1 X-46.893 Y-18.167 F7800
G1 X-43.781 Y-15.495
G1 E2 F2400
G1 F3600
G1 X-43.856 Y-15.81 E2.01154
G1 X-43.708 Y-16.309 E2.03008
G1 X-43.372 Y-16.609 E2.04613
G1 X-43.079 Y-16.707 E2.05714
G1 X-43.082 Y-17.057 E2.06961
G1 X-42.769 Y-17.053 E2.08076
G1 X-42.43 Y-16.948 E2.0934
G1 X-42.133 Y-16.751 E2.1061
G1 X-41.906 Y-16.483 E2.11861
G1 X-41.762 Y-16.158 E2.13127
G1 X-41.716 Y-15.808 E2.14385
G1 X-41.77 Y-15.458 E2.15647
G1 X-41.918 Y-15.14 E2.16897
G1 X-42.152 Y-14.875 E2.18156
G1 X-42.783 Y-14.59 E2.20623
G1 X-43.476 Y-14.689 E2.23117
G1 X-44.005 Y-15.142 E2.25598
G1 X-44.162 Y-15.484 E2.26939
G1 X-44.209 Y-15.809 E2.28109
G1 X-44.159 Y-16.163 E2.29383
G1 X-44.006 Y-16.501 E2.30705
G1 X-43.559 Y-16.905 E2.32851
G1 X-43.124 Y-17.058 E2.34494
G1 E.34494 F2400
G92 E0
G1 X-43.124 Y-17.058 F7800
G1 X-11.555 Y-29.922
G1 E2 F2400
;TYPE:Perimeter
;WIDTH:0.45
G1 F900
G1 X-11.535 Y-29.907 E2.0012
G1 X-11.171 Y-29.471 E2.02852
G1 X-10.94 Y-29.031 E2.05242
G1 X-10.8 Y-28.555 E2.07628
G1 X-10.757 Y-28.06 E2.10018
G1 X-10.813 Y-27.567 E2.12404
G1 X-10.966 Y-27.095 E2.1479
G1 X-11.21 Y-26.662 E2.1718
G1 X-11.534 Y-26.286 E2.19567
G1 X-11.926 Y-25.981 E2.21956
G1 X-12.371 Y-25.761 E2.24344
G1 X-12.851 Y-25.633 E2.26733
G1 X-13.347 Y-25.603 E2.29123
G1 X-13.906 Y-25.695 E2.31848
G1 X-14.402 Y-25.889 E2.3441
G1 X-14.843 Y-26.179 E2.36949
G1 X-15.218 Y-26.562 E2.39527
G1 X-15.482 Y-26.982 E2.41913
G1 X-15.684 Y-27.538 E2.44758
G1 X-15.746 Y-28.056 E2.47267
G1 X-15.688 Y-28.621 E2.49999
G1 X-15.535 Y-29.094 E2.5239
G1 X-15.291 Y-29.527 E2.5478
G1 X-14.957 Y-29.911 E2.57228
G1 X-14.575 Y-30.207 E2.59552
G1 X-14.13 Y-30.427 E2.6194
G1 X-13.578 Y-30.56 E2.64671
G1 X-13.046 Y-30.573 E2.6723
G1 X-12.489 Y-30.468 E2.69956
G1 X-11.972 Y-30.238 E2.72678
G1 X-11.603 Y-29.959 E2.74903
G1 X-11.603 Y-29.959 F7800
G1 X-11.82 Y-29.636
G1 F900
G1 X-11.775 Y-29.6 E2.7518
G1 X-11.505 Y-29.278 E2.77201
G1 X-11.305 Y-28.909 E2.7922
G1 X-11.183 Y-28.507 E2.81241
G1 X-11.142 Y-28.089 E2.83261
G1 X-11.185 Y-27.671 E2.85282
G1 X-11.309 Y-27.27 E2.87301
G1 X-11.511 Y-26.902 E2.8932
G1 X-11.782 Y-26.581 E2.91341
G1 X-12.111 Y-26.32 E2.93361
G1 X-12.485 Y-26.129 E2.95381
G1 X-12.889 Y-26.017 E2.97397
G1 X-13.413 Y-25.997 E2.99919
G1 X-13.765 Y-26.054 E3.01634
G1 X-14.261 Y-26.248 E3.04196
G1 X-14.672 Y-26.534 E3.06604
G1 X-14.996 Y-26.91 E3.08991
G1 X-15.148 Y-27.175 E3.1046
G1 X-15.314 Y-27.653 E3.12894
G1 X-15.359 Y-28.099 E3.1505
G1 X-15.316 Y-28.517 E3.17071
G1 X-15.192 Y-28.918 E3.1909
G1 X-14.99 Y-29.286 E3.21109
G1 X-14.709 Y-29.616 E3.23194
G1 X-14.39 Y-29.868 E3.25149
G1 X-14.016 Y-30.059 E3.27169
G1 X-13.569 Y-30.174 E3.29389
G1 X-13.036 Y-30.188 E3.31953
G1 X-12.542 Y-30.082 E3.34383
G1 X-12.102 Y-29.863 E3.36747
G1 X-11.867 Y-29.674 E3.38197
G1 X-11.867 Y-29.674 F7800
G1 X-12.079 Y-29.357
;TYPE:External perimeter
G1 F900
G1 X-12.064 Y-29.345 E3.38289
G1 X-11.839 Y-29.085 E3.39943
G1 X-11.671 Y-28.786 E3.41593
G1 X-11.565 Y-28.459 E3.43246
G1 X-11.526 Y-28.118 E3.44897
G1 X-11.556 Y-27.776 E3.46548
G1 X-11.653 Y-27.446 E3.48202
G1 X-11.813 Y-27.143 E3.4985
G1 X-12.03 Y-26.877 E3.51501
G1 X-12.295 Y-26.659 E3.53151
G1 X-12.598 Y-26.498 E3.54801
G1 X-12.928 Y-26.4 E3.56457
G1 X-13.375 Y-26.381 E3.58609
G1 X-13.712 Y-26.447 E3.60261
G1 X-14.166 Y-26.633 E3.62621
G1 X-14.437 Y-26.843 E3.6427
G1 X-14.662 Y-27.103 E3.65924
G1 X-14.814 Y-27.368 E3.67393
G1 X-14.936 Y-27.729 E3.69226
G1 X-14.975 Y-28.07 E3.70877
G1 X-14.945 Y-28.413 E3.72533
G1 X-14.849 Y-28.742 E3.74181
G1 X-14.689 Y-29.046 E3.75833
G1 X-14.462 Y-29.32 E3.77544
G1 X-14.206 Y-29.53 E3.79137
G1 X-13.903 Y-29.69 E3.80785
G1 X-13.559 Y-29.789 E3.82507
G1 X-13.027 Y-29.802 E3.85066
G1 X-12.643 Y-29.708 E3.86967
G1 X-12.335 Y-29.555 E3.88621
G1 X-12.126 Y-29.394 E3.8989
G1 X-11.86 Y-29.096 F7800
G1 E1.8989 F2400
G92 E0
G1 X-10.803 Y-35.996 F7800
G1 E2 F2400
;TYPE:Perimeter
G1 F900
G1 X-10.813 Y-35.9 E2.00464
G1 X-10.966 Y-35.428 E2.0285
G1 X-11.21 Y-34.995 E2.0524
G1 X-11.534 Y-34.619 E2.07627
G1 X-11.926 Y-34.315 E2.10013
G1 X-12.371 Y-34.094 E2.12403
G1 X-12.851 Y-33.966 E2.14792
G1 X-13.347 Y-33.936 E2.17182
G1 X-13.838 Y-34.004 E2.19566
G1 X-14.307 Y-34.169 E2.21957
G1 X-14.787 Y-34.471 E2.24685
G1 X-15.168 Y-34.843 E2.27246
G1 X-15.482 Y-35.315 E2.29973
G1 X-15.683 Y-35.866 E2.32794
G1 X-15.744 Y-36.461 E2.35671
G1 X-15.688 Y-36.955 E2.38062
G1 X-15.535 Y-37.427 E2.40448
G1 X-15.291 Y-37.86 E2.42838
G1 X-14.967 Y-38.236 E2.45225
G1 X-14.575 Y-38.54 E2.47611
G1 X-14.13 Y-38.761 E2.50001
G1 X-13.578 Y-38.893 E2.52731
G1 X-13.046 Y-38.906 E2.5529
G1 X-12.489 Y-38.802 E2.58015
G1 X-12.033 Y-38.604 E2.60406
G1 X-11.626 Y-38.319 E2.62796
G1 X-11.284 Y-37.96 E2.65181
G1 X-11.019 Y-37.54 E2.6757
G1 X-10.822 Y-37.003 E2.70321
G1 X-10.755 Y-36.466 E2.72924
G1 X-10.797 Y-36.056 E2.74906
G1 X-10.797 Y-36.056 F7800
G1 X-11.179 Y-36.062
G1 F900
G1 X-11.185 Y-36.005 E2.75182
G1 X-11.309 Y-35.604 E2.77201
G1 X-11.511 Y-35.236 E2.7922
G1 X-11.782 Y-34.914 E2.81244
G1 X-12.111 Y-34.653 E2.83264
G1 X-12.485 Y-34.463 E2.85282
G1 X-12.889 Y-34.35 E2.873
G1 X-13.413 Y-34.33 E2.89822
G1 X-13.725 Y-34.373 E2.91337
G1 X-14.122 Y-34.508 E2.93354
G1 X-14.527 Y-34.756 E2.95638
G1 X-14.899 Y-35.119 E2.98138
G1 X-15.173 Y-35.557 E3.00623
G1 X-15.318 Y-36.015 E3.02934
G1 X-15.359 Y-36.433 E3.04954
G1 X-15.316 Y-36.85 E3.0697
G1 X-15.192 Y-37.251 E3.08989
G1 X-14.99 Y-37.62 E3.11012
G1 X-14.719 Y-37.941 E3.13033
G1 X-14.39 Y-38.202 E3.15053
G1 X-14.016 Y-38.392 E3.17071
G1 X-13.569 Y-38.508 E3.19292
G1 X-13.036 Y-38.521 E3.21856
G1 X-12.584 Y-38.428 E3.24076
G1 X-12.102 Y-38.196 E3.26649
G1 X-11.775 Y-37.934 E3.28664
G1 X-11.505 Y-37.611 E3.30689
G1 X-11.305 Y-37.242 E3.32708
G1 X-11.183 Y-36.84 E3.34729
G1 X-11.142 Y-36.422 E3.36749
G1 X-11.173 Y-36.122 E3.382
G1 X-11.173 Y-36.122 F7800
G1 X-11.554 Y-36.128
;TYPE:External perimeter
G1 F900
G1 X-11.556 Y-36.109 E3.38292
G1 X-11.653 Y-35.78 E3.39942
G1 X-11.813 Y-35.476 E3.41594
G1 X-12.03 Y-35.21 E3.43245
G1 X-12.295 Y-34.992 E3.44895
G1 X-12.598 Y-34.831 E3.46545
G1 X-12.928 Y-34.734 E3.48199
G1 X-13.375 Y-34.714 E3.50351
G1 X-13.611 Y-34.741 E3.51493
G1 X-13.938 Y-34.846 E3.53145
G1 X-14.257 Y-35.032 E3.54921
G1 X-14.629 Y-35.395 E3.57421
G1 X-14.83 Y-35.736 E3.59325
G1 X-14.936 Y-36.063 E3.60978
G1 X-14.975 Y-36.404 E3.62629
G1 X-14.945 Y-36.746 E3.6428
G1 X-14.849 Y-37.075 E3.65928
G1 X-14.689 Y-37.379 E3.6758
G1 X-14.471 Y-37.645 E3.69234
G1 X-14.206 Y-37.863 E3.70884
G1 X-13.903 Y-38.024 E3.72534
G1 X-13.559 Y-38.122 E3.74254
G1 X-13.027 Y-38.135 E3.76813
G1 X-12.643 Y-38.041 E3.78714
G1 X-12.335 Y-37.889 E3.80366
G1 X-12.064 Y-37.678 E3.82018
G1 X-11.839 Y-37.418 E3.83672
G1 X-11.671 Y-37.119 E3.85322
G1 X-11.565 Y-36.792 E3.86975
G1 X-11.526 Y-36.451 E3.88626
G1 X-11.549 Y-36.188 E3.89896
G1 X-11.655 Y-35.802 F7800
G1 E1.89896 F2400
G92 E0
G1 X-11.557 Y-17.935 F7800
G1 E2 F2400
;TYPE:Perimeter
G1 F900
G1 X-11.926 Y-17.648 E2.02248
G1 X-12.371 Y-17.428 E2.04636
G1 X-12.851 Y-17.3 E2.07025
G1 X-13.347 Y-17.269 E2.09415
G1 X-13.838 Y-17.338 E2.118
G1 X-14.307 Y-17.502 E2.1419
G1 X-14.733 Y-17.756 E2.16575
G1 X-15.168 Y-18.176 E2.19483
G1 X-15.482 Y-18.649 E2.22214
G1 X-15.66 Y-19.117 E2.24622
G1 X-15.746 Y-19.699 E2.27452
G1 X-15.688 Y-20.288 E2.30299
G1 X-15.535 Y-20.76 E2.32685
G1 X-15.291 Y-21.193 E2.35075
G1 X-14.967 Y-21.569 E2.37462
G1 X-14.575 Y-21.874 E2.39851
G1 X-14.04 Y-22.122 E2.42687
G1 X-13.578 Y-22.227 E2.44966
G1 X-13.046 Y-22.24 E2.47525
G1 X-12.489 Y-22.135 E2.50251
G1 X-11.972 Y-21.905 E2.52973
G1 X-11.535 Y-21.574 E2.5561
G1 X-11.171 Y-21.137 E2.58345
G1 X-10.94 Y-20.698 E2.60731
G1 X-10.8 Y-20.222 E2.63117
G1 X-10.757 Y-19.727 E2.65507
G1 X-10.813 Y-19.234 E2.67893
G1 X-10.966 Y-18.761 E2.70284
G1 X-11.21 Y-18.328 E2.72674
G1 X-11.514 Y-17.976 E2.74911
G1 X-11.514 Y-17.976 F7800
G1 X-11.819 Y-18.218
G1 F900
G1 X-12.111 Y-17.987 E2.76702
G1 X-12.485 Y-17.796 E2.78722
G1 X-12.889 Y-17.683 E2.8074
G1 X-13.413 Y-17.663 E2.83262
G1 X-13.725 Y-17.706 E2.84777
G1 X-14.122 Y-17.841 E2.86794
G1 X-14.485 Y-18.052 E2.88813
G1 X-14.899 Y-18.452 E2.91582
G1 X-15.173 Y-18.89 E2.94067
G1 X-15.318 Y-19.348 E2.96378
G1 X-15.359 Y-19.766 E2.98398
G1 X-15.316 Y-20.184 E3.00419
G1 X-15.192 Y-20.585 E3.02438
G1 X-14.99 Y-20.953 E3.04457
G1 X-14.719 Y-21.274 E3.06478
G1 X-14.39 Y-21.535 E3.08498
G1 X-13.926 Y-21.753 E3.10964
G1 X-13.569 Y-21.841 E3.12732
G1 X-13.036 Y-21.854 E3.15296
G1 X-12.542 Y-21.749 E3.17725
G1 X-12.102 Y-21.529 E3.20091
G1 X-11.775 Y-21.267 E3.22106
G1 X-11.505 Y-20.945 E3.24127
G1 X-11.305 Y-20.575 E3.2615
G1 X-11.183 Y-20.174 E3.28166
G1 X-11.142 Y-19.756 E3.30186
G1 X-11.185 Y-19.338 E3.32207
G1 X-11.309 Y-18.937 E3.34226
G1 X-11.511 Y-18.569 E3.36245
G1 X-11.774 Y-18.257 E3.38208
G1 X-11.774 Y-18.257 F7800
G1 X-12.081 Y-18.501
;TYPE:External perimeter
G1 F900
G1 X-12.295 Y-18.325 E3.39541
G1 X-12.598 Y-18.165 E3.41189
G1 X-12.928 Y-18.067 E3.42845
G1 X-13.375 Y-18.047 E3.44997
G1 X-13.611 Y-18.075 E3.4614
G1 X-13.938 Y-18.18 E3.47792
G1 X-14.238 Y-18.347 E3.49443
G1 X-14.629 Y-18.728 E3.52069
G1 X-14.83 Y-19.069 E3.53973
G1 X-14.936 Y-19.396 E3.55626
G1 X-14.975 Y-19.737 E3.57277
G1 X-14.945 Y-20.079 E3.58928
G1 X-14.849 Y-20.409 E3.60581
G1 X-14.689 Y-20.712 E3.62229
G1 X-14.471 Y-20.979 E3.63887
G1 X-14.206 Y-21.196 E3.65534
G1 X-13.813 Y-21.385 E3.67631
G1 X-13.454 Y-21.458 E3.69393
G1 X-12.974 Y-21.463 E3.71702
G1 X-12.643 Y-21.375 E3.73349
G1 X-12.335 Y-21.222 E3.75003
G1 X-12.064 Y-21.012 E3.76652
G1 X-11.839 Y-20.752 E3.78306
G1 X-11.671 Y-20.452 E3.7996
G1 X-11.565 Y-20.126 E3.81609
G1 X-11.526 Y-19.785 E3.8326
G1 X-11.556 Y-19.443 E3.84911
G1 X-11.653 Y-19.113 E3.86565
G1 X-11.813 Y-18.809 E3.88217
G1 X-12.03 Y-18.543 E3.89868
G1 X-12.035 Y-18.539 E3.89899
G1 X-12.357 Y-18.302 F7800
G1 E1.89899 F2400
G92 E0
G1 X-11.102 Y-10.187 F7800
G1 E2 F2400
;TYPE:Perimeter
G1 F900
G1 X-11.21 Y-9.995 E2.0106
G1 X-11.534 Y-9.619 E2.03447
G1 X-11.926 Y-9.315 E2.05833
G1 X-12.371 Y-9.094 E2.08223
G1 X-12.851 Y-8.966 E2.10612
G1 X-13.347 Y-8.936 E2.13002
G1 X-13.838 Y-9.004 E2.15386
G1 X-14.307 Y-9.169 E2.17777
G1 X-14.787 Y-9.471 E2.20505
G1 X-15.168 Y-9.843 E2.23066
G1 X-15.482 Y-10.315 E2.25793
G1 X-15.658 Y-10.78 E2.28184
G1 X-15.739 Y-11.269 E2.30568
G1 X-15.708 Y-11.867 E2.33448
G1 X-15.563 Y-12.368 E2.35957
G1 X-15.291 Y-12.86 E2.38661
G1 X-14.957 Y-13.244 E2.41109
G1 X-14.575 Y-13.54 E2.43433
G1 X-14.13 Y-13.761 E2.45823
G1 X-13.578 Y-13.893 E2.48553
G1 X-13.046 Y-13.906 E2.51112
G1 X-12.489 Y-13.802 E2.53837
G1 X-11.972 Y-13.571 E2.56561
G1 X-11.535 Y-13.24 E2.59198
G1 X-11.171 Y-12.804 E2.6193
G1 X-10.94 Y-12.365 E2.64316
G1 X-10.8 Y-11.888 E2.66707
G1 X-10.757 Y-11.394 E2.69092
G1 X-10.813 Y-10.9 E2.71483
G1 X-10.966 Y-10.428 E2.73869
G1 X-11.072 Y-10.239 E2.74911
G1 X-11.072 Y-10.239 F7800
G1 X-11.433 Y-10.378
G1 F900
G1 X-11.511 Y-10.236 E2.7569
G1 X-11.782 Y-9.914 E2.77714
G1 X-12.111 Y-9.653 E2.79734
G1 X-12.485 Y-9.463 E2.81752
G1 X-12.889 Y-9.35 E2.8377
G1 X-13.308 Y-9.32 E2.8579
G1 X-13.725 Y-9.373 E2.87812
G1 X-14.122 Y-9.508 E2.89829
G1 X-14.517 Y-9.747 E2.9205
G1 X-14.899 Y-10.119 E2.94615
G1 X-15.196 Y-10.613 E2.97387
G1 X-15.318 Y-11.015 E2.99408
G1 X-15.356 Y-11.317 E3.00872
G1 X-15.316 Y-11.85 E3.03443
G1 X-15.192 Y-12.251 E3.05462
G1 X-14.99 Y-12.62 E3.07485
G1 X-14.709 Y-12.949 E3.09566
G1 X-14.39 Y-13.202 E3.11524
G1 X-14.016 Y-13.392 E3.13542
G1 X-13.569 Y-13.508 E3.15763
G1 X-13.036 Y-13.521 E3.18327
G1 X-12.542 Y-13.416 E3.20756
G1 X-12.102 Y-13.196 E3.23122
G1 X-11.775 Y-12.934 E3.25137
G1 X-11.505 Y-12.611 E3.27162
G1 X-11.305 Y-12.242 E3.29181
G1 X-11.183 Y-11.84 E3.31202
G1 X-11.142 Y-11.422 E3.33222
G1 X-11.185 Y-11.005 E3.35238
G1 X-11.309 Y-10.604 E3.37257
G1 X-11.404 Y-10.431 E3.38206
G1 X-11.404 Y-10.431 F7800
G1 X-11.764 Y-10.569
;TYPE:External perimeter
G1 F900
G1 X-11.813 Y-10.476 E3.38712
G1 X-12.03 Y-10.21 E3.40363
G1 X-12.295 Y-9.992 E3.42013
G1 X-12.598 Y-9.831 E3.43663
G1 X-12.928 Y-9.734 E3.45317
G1 X-13.27 Y-9.703 E3.46969
G1 X-13.611 Y-9.741 E3.48619
G1 X-13.938 Y-9.846 E3.50271
G1 X-14.248 Y-10.023 E3.51988
G1 X-14.629 Y-10.395 E3.54549
G1 X-14.83 Y-10.736 E3.56453
G1 X-14.936 Y-11.063 E3.58106
G1 X-14.974 Y-11.365 E3.5957
G1 X-14.945 Y-11.746 E3.61408
G1 X-14.849 Y-12.075 E3.63056
G1 X-14.689 Y-12.379 E3.64708
G1 X-14.462 Y-12.653 E3.66419
G1 X-14.206 Y-12.863 E3.68012
G1 X-13.903 Y-13.024 E3.69662
G1 X-13.559 Y-13.122 E3.71382
G1 X-13.027 Y-13.135 E3.73941
G1 X-12.643 Y-13.041 E3.75842
G1 X-12.335 Y-12.889 E3.77494
G1 X-12.064 Y-12.678 E3.79146
G1 X-11.839 Y-12.418 E3.808
G1 X-11.671 Y-12.119 E3.8245
G1 X-11.565 Y-11.792 E3.84103
G1 X-11.526 Y-11.451 E3.85754
G1 X-11.556 Y-11.109 E3.87405
G1 X-11.653 Y-10.78 E3.89055
G1 X-11.736 Y-10.622 E3.89913
G1 X-11.966 Y-10.295 F7800
G1 E1.89913 F2400
G92 E0
G1 X-33.009 Y-40.431 F7800
G1 E2 F2400
;TYPE:Perimeter
G1 F3600
G1 X-5.391 Y-40.431 E3.32833
G1 X-5.391 Y-37.675 E3.46088
G1 X-5.391 Y-7.424 E4.91585
G1 X-33.009 Y-7.424 E6.24418
G1 X-33.009 Y-40.371 E7.82882
G1 X-33.009 Y-40.371 F7800
G1 X-33.395 Y-40.817
G1 F3600
G1 X-5.006 Y-40.817 E9.19423
G1 X-5.006 Y-37.675 E9.34535
G1 X-5.006 Y-7.038 E10.81888
G1 X-33.395 Y-7.038 E12.18429
G1 X-33.395 Y-40.757 E13.80606
G1 X-33.395 Y-40.757 F7800
G1 X-33.78 Y-41.203
;TYPE:External perimeter
G1 F1800
G1 X-4.62 Y-41.203 E15.20855
G1 X-4.62 Y-37.675 E15.37823
G1 X-4.62 Y-6.653 E16.87028
G1 X-33.78 Y-6.653 E18.27277
G1 X-33.78 Y-41.143 E19.93162
G1 X-33.385 Y-41.202 F7800
G1 E17.93162 F2400
G92 E0
G1 X-24.91 Y-40.316 F7800
G1 E2 F2400
;TYPE:Internal infill
;WIDTH:0.45
G1 F4800
G1 X-14.914 Y-30.32 E2.67992
G1 X-15.296 Y-29.983 E2.70442
G1 X-15.575 Y-29.63 E2.72606
G1 X-15.83 Y-29.147 E2.75233
G1 X-15.994 Y-28.58 E2.78072
G1 X-16.01 Y-27.78 E2.8192
G1 X-28.372 Y-40.142 E3.66005
G1 X-32.008 Y-40.142 E3.83493
G1 X-14.23 Y-22.365 E5.04413
G1 X-14.787 Y-22.084 E5.07414
G1 X-15.22 Y-21.731 E5.10101
G1 X-15.575 Y-21.297 E5.12798
G1 X-15.836 Y-20.798 E5.15506
G1 X-15.939 Y-20.438 E5.17307
G1 X-32.72 Y-37.219 E6.31449
G1 X-32.72 Y-33.583 E6.48937
G1 X-13.324 Y-14.187 E7.80866
G1 X-13.919 Y-14.128 E7.83742
G1 X-14.442 Y-13.942 E7.86412
G1 X-14.827 Y-13.725 E7.88538
G1 X-15.296 Y-13.317 E7.91528
G1 X-15.63 Y-12.858 E7.94258
G1 X-32.72 Y-29.947 E9.10499
G1 X-32.72 Y-26.312 E9.27982
G1 X-14.121 Y-7.713 E10.5449
G1 X-10.486 Y-7.713 E10.71973
G1 X-11.817 Y-9.045 E10.8103
G1 X-11.344 Y-9.401 E10.83877
G1 X-10.85 Y-10.02 E10.87686
G1 X-10.619 Y-10.524 E10.90353
G1 X-10.475 Y-11.338 E10.94329
G1 X-6.85 Y-7.713 E11.18986
G1 X-5.68 Y-7.713 E11.24613
G1 X-5.68 Y-10.179 E11.36474
G1 X-12.57 Y-17.068 E11.83336
G1 X-12.143 Y-17.205 E11.85493
G1 X-11.714 Y-17.437 E11.87839
G1 X-11.292 Y-17.78 E11.90455
G1 X-10.85 Y-18.353 E11.93936
G1 X-10.648 Y-18.783 E11.96221
G1 X-5.68 Y-13.815 E12.30013
G1 X-5.68 Y-17.45 E12.47496
G1 X-13.564 Y-25.334 E13.01122
G1 X-13.175 Y-25.311 E13.02996
G1 X-12.673 Y-25.369 E13.05427
G1 X-12.143 Y-25.538 E13.08103
G1 X-11.714 Y-25.771 E13.10451
G1 X-11.292 Y-26.113 E13.13064
G1 X-11.026 Y-26.431 E13.15058
G1 X-5.507 Y-20.913 E13.52594
G1 E11.52594 F2400
G92 E0
G1 X-5.507 Y-20.913 F7800
G1 X-17.583 Y-7.539
G1 E2 F2400
G1 F4800
G1 X-32.72 Y-22.676 E3.0296
G1 X-32.72 Y-19.04 E3.20448
G1 X-21.393 Y-7.713 E3.97493
G1 X-25.028 Y-7.713 E4.14976
G1 X-32.72 Y-15.405 E4.67296
G1 X-32.72 Y-11.769 E4.84784
G1 X-28.664 Y-7.713 E5.12372
G1 X-32.3 Y-7.713 E5.2986
G1 X-32.893 Y-8.307 E5.33897
G1 E3.33897 F2400
G92 E0
G1 X-32.893 Y-8.307 F7800
G1 X-14.003 Y-40.316
G1 E2 F2400
G1 F4800
G1 X-12.862 Y-39.175 E2.07761
G1 X-13.77 Y-39.165 E2.12128
G1 X-14.219 Y-39.036 E2.14375
G1 X-14.916 Y-38.657 E2.18191
G1 X-15.449 Y-38.126 E2.2181
G1 X-17.465 Y-40.142 E2.35523
G1 X-21.101 Y-40.142 E2.53011
G1 X-5.68 Y-24.722 E3.57899
G1 X-5.68 Y-28.357 E3.75382
G1 X-11.556 Y-34.233 E4.1535
G1 X-11.292 Y-34.447 E4.16985
G1 X-10.981 Y-34.818 E4.19313
G1 X-10.707 Y-35.3 E4.2198
G1 X-10.507 Y-35.945 E4.25228
G1 X-10.499 Y-36.812 E4.29398
G1 X-5.68 Y-31.993 E4.62176
G1 X-5.68 Y-35.629 E4.79664
G1 X-10.194 Y-40.142 E5.10364
G1 X-6.558 Y-40.142 E5.27852
G1 X-5.507 Y-39.091 E5.35001
;LAYER_CHANGE
;Z:2.75
;HEIGHT:0.3
G1 Z2.75 F7800
G1 E3.35001 F2400
G92 E0
G1 X-5.507 Y-39.091 F7800
G1 X-37.706 Y-15.682
G1 E2 F2400
;TYPE:Support material
;WIDTH:0.35
G1 F3600
G1 X-36.404 Y-16.062 E2.04832
G1 X-36.392 Y-16.412 E2.0608
G1 X-36.1 Y-16.401 E2.07121
G1 X-35.479 Y-16.029 E2.097
G1 X-35.116 Y-15.465 E2.12089
G1 X-35.1 Y-14.812 E2.14416
G1 X-35.438 Y-14.202 E2.169
G1 X-35.721 Y-13.957 E2.18233
G1 X-36.046 Y-13.828 E2.19479
G1 X-36.405 Y-13.796 E2.20763
G1 X-36.791 Y-13.86 E2.22157
G1 X-37.398 Y-14.121 E2.24511
G1 X-37.984 Y-14.511 E2.27019
G1 X-38.247 Y-14.782 E2.28364
G1 X-38.469 Y-15.168 E2.2995
G1 X-38.426 Y-15.62 E2.31567
G1 X-38.147 Y-15.91 E2.33001
G1 X-36.434 Y-16.414 E2.39362
G1 E.39362 F2400
G92 E0
G1 X-36.434 Y-16.414 F7800
G1 X-37.169 Y-19.614
G1 E2 F2400
G1 F3600
G1 X-37.224 Y-20.007 E2.01414
G1 X-37.16 Y-20.212 E2.02179
G1 X-36.848 Y-20.525 E2.03753
G1 X-36.405 Y-20.67 E2.05414
G1 X-36.385 Y-21.02 E2.06663
G1 X-36.206 Y-20.998 E2.07305
G1 X-35.643 Y-20.487 E2.10014
G1 X-35.508 Y-20.204 E2.11131
G1 X-35.51 Y-19.585 E2.13336
G1 X-35.647 Y-19.302 E2.14456
G1 X-36.279 Y-18.8 E2.17331
G1 X-36.509 Y-18.758 E2.18164
G1 X-37.038 Y-18.973 E2.20198
G1 X-37.474 Y-19.419 E2.2242
G1 X-37.574 Y-19.732 E2.23591
G1 X-37.477 Y-20.371 E2.25893
G1 X-37.28 Y-20.643 E2.27089
G1 X-37.015 Y-20.837 E2.28259
G1 X-36.428 Y-21.026 E2.30456
G1 E.30456 F2400
G92 E0
G1 X-36.428 Y-21.026 F7800
G1 X-36.792 Y-23.694
G1 E2 F2400
G1 F3600
G1 X-37.092 Y-23.864 E2.01228
G1 X-37.205 Y-24.176 E2.0241
G1 X-37.175 Y-24.34 E2.03004
G1 X-36.961 Y-24.594 E2.04187
G1 X-36.625 Y-24.655 E2.05404
G1 X-36.526 Y-24.992 E2.06655
G1 X-36.272 Y-24.902 E2.07615
G1 X-36.016 Y-24.675 E2.08834
G1 X-35.852 Y-24.199 E2.10628
G1 X-35.893 Y-23.907 E2.11678
G1 X-36.211 Y-23.485 E2.1356
G1 X-36.566 Y-23.342 E2.14923
G1 X-36.864 Y-23.345 E2.15985
G1 X-37.14 Y-23.447 E2.17033
G1 X-37.363 Y-23.635 E2.18072
G1 X-37.505 Y-23.878 E2.19075
G1 X-37.56 Y-24.174 E2.20148
G1 X-37.509 Y-24.462 E2.2119
G1 X-37.363 Y-24.713 E2.22224
G1 X-37.14 Y-24.901 E2.23263
G1 X-36.864 Y-25.003 E2.24311
G1 X-36.566 Y-25.006 E2.25373
G1 E.25373 F2400
G92 E0
G1 X-36.566 Y-25.006 F7800
G1 X-36.013 Y-26.976
G1 E2 F2400
G1 F3600
G1 X-36.301 Y-27.204 E2.01309
G1 X-36.388 Y-27.581 E2.02687
G1 X-36.165 Y-27.912 E2.04109
G1 X-35.797 Y-28.044 E2.05502
G1 X-35.755 Y-28.393 E2.06754
G1 X-35.339 Y-28.26 E2.0831
G1 X-34.895 Y-27.93 E2.10281
G1 X-34.724 Y-27.475 E2.12013
G1 X-34.898 Y-27.024 E2.13735
G1 X-35.449 Y-26.66 E2.16088
G1 X-35.838 Y-26.57 E2.1751
G1 X-36.381 Y-26.782 E2.19587
G1 X-36.595 Y-27.005 E2.20688
G1 X-36.725 Y-27.294 E2.21817
G1 X-36.726 Y-27.68 E2.23192
G1 X-36.618 Y-27.935 E2.24179
G1 X-36.384 Y-28.191 E2.25415
G1 X-35.797 Y-28.401 E2.27636
G1 E.27636 F2400
G92 E0
G1 X-35.797 Y-28.401 F7800
G1 X-36.887 Y-32.181
G1 E2 F2400
G1 F3600
G1 X-37.001 Y-32.455 E2.01057
G1 X-36.929 Y-32.899 E2.02659
G1 X-36.654 Y-33.182 E2.04065
G1 X-36.238 Y-33.273 E2.05582
G1 X-36.176 Y-33.617 E2.06827
G1 X-35.308 Y-33.398 E2.10016
G1 X-35.048 Y-33.233 E2.11113
G1 X-34.888 Y-33.015 E2.12076
G1 X-34.834 Y-32.766 E2.12984
G1 X-34.889 Y-32.501 E2.13948
G1 X-35.058 Y-32.241 E2.15053
G1 X-35.909 Y-31.591 E2.18868
G1 X-36.532 Y-31.539 E2.21095
G1 X-37.079 Y-31.849 E2.23335
G1 X-37.351 Y-32.402 E2.2553
G1 X-37.35 Y-32.745 E2.26752
G1 X-37.244 Y-33.059 E2.27933
G1 X-36.828 Y-33.489 E2.30064
G1 X-36.218 Y-33.625 E2.3229
G1 E.3229 F2400
G92 E0
G1 X-36.218 Y-33.625 F7800
G1 X-40.221 Y-31.342
G1 E2 F2400
G1 F3600
G1 X-40.507 Y-31.433 E2.01069
G1 X-40.618 Y-31.549 E2.01641
G1 X-40.692 Y-31.927 E2.03013
G1 X-40.507 Y-32.208 E2.04212
G1 X-40.189 Y-32.303 E2.05394
G1 X-40.141 Y-32.649 E2.06638
G1 X-39.786 Y-32.533 E2.07968
G1 X-39.499 Y-32.231 E2.09452
G1 X-39.384 Y-31.82 E2.10972
G1 X-39.569 Y-31.298 E2.12945
G1 X-39.786 Y-31.108 E2.13972
G1 X-40.188 Y-30.985 E2.1547
G1 X-40.718 Y-31.147 E2.17444
G1 X-40.913 Y-31.35 E2.18447
G1 X-41.053 Y-31.887 E2.20424
G1 X-40.913 Y-32.29 E2.21944
G1 X-40.718 Y-32.493 E2.22947
G1 X-40.183 Y-32.656 E2.24939
G1 E.24939 F2400
G92 E0
G1 X-40.183 Y-32.656 F7800
G1 X-45.089 Y-31.966
G1 E2 F2400
G1 F3600
G1 X-45.26 Y-32.31 E2.01369
G1 X-45.119 Y-32.658 E2.02707
G1 X-44.855 Y-32.93 E2.04057
G1 X-44.431 Y-33.033 E2.05611
G1 X-44.376 Y-33.379 E2.06859
G1 X-43.829 Y-33.157 E2.08962
G1 X-43.611 Y-32.92 E2.10109
G1 X-43.391 Y-32.516 E2.11748
G1 X-43.396 Y-32.061 E2.13369
G1 X-43.85 Y-31.488 E2.15973
G1 X-44.308 Y-31.295 E2.17744
G1 X-44.756 Y-31.308 E2.19341
G1 X-45.288 Y-31.64 E2.21575
G1 X-45.571 Y-32.088 E2.23463
G1 X-45.617 Y-32.306 E2.24257
G1 X-45.434 Y-32.82 E2.26201
G1 X-45.04 Y-33.232 E2.28232
G1 X-44.418 Y-33.386 E2.30515
G1 E.30515 F2400
G92 E0
G1 X-44.418 Y-33.386 F7800
G1 X-47.242 Y-27.759
G1 E2 F2400
G1 F3600
G1 X-47.325 Y-28.021 E2.00979
G1 X-47.27 Y-28.351 E2.02171
G1 X-46.992 Y-28.679 E2.03703
G1 X-46.589 Y-28.849 E2.05261
G1 X-46.55 Y-29.197 E2.06508
G1 X-45.98 Y-28.916 E2.08772
G1 X-45.756 Y-28.68 E2.09931
G1 X-45.615 Y-28.392 E2.11073
G1 X-45.617 Y-27.758 E2.13332
G1 X-45.98 Y-27.239 E2.15588
G1 X-46.663 Y-26.936 E2.1825
G1 X-46.903 Y-26.986 E2.19123
G1 X-47.428 Y-27.393 E2.21489
G1 X-47.675 Y-27.977 E2.23748
G1 X-47.596 Y-28.488 E2.2559
G1 X-47.184 Y-28.974 E2.2786
G1 X-46.592 Y-29.205 E2.30124
G1 E.30124 F2400
G92 E0
G1 X-46.592 Y-29.205 F7800
G1 X-47.244 Y-22.058
G1 E2 F2400
G1 F3600
G1 X-47.341 Y-22.325 E2.01012
G1 X-47.295 Y-22.652 E2.02188
G1 X-47.012 Y-22.996 E2.03775
G1 X-46.64 Y-23.152 E2.05212
G1 X-46.595 Y-23.5 E2.06462
G1 X-46.151 Y-23.332 E2.08153
G1 X-45.771 Y-23 E2.09951
G1 X-45.629 Y-22.71 E2.11101
G1 X-45.633 Y-22.075 E2.13363
G1 X-45.999 Y-21.556 E2.15625
G1 X-46.671 Y-21.261 E2.18239
G1 X-46.889 Y-21.301 E2.19029
G1 X-47.448 Y-21.719 E2.21516
G1 X-47.69 Y-22.296 E2.23745
G1 X-47.617 Y-22.794 E2.25538
G1 X-47.445 Y-23.08 E2.26727
G1 X-47.206 Y-23.29 E2.2786
G1 X-46.637 Y-23.509 E2.30032
G1 E.30032 F2400
G92 E0
G1 X-47.455 Y-16.618 F7800
G1 E2 F2400
G1 F3600
G1 X-47.587 Y-16.925 E2.0119
G1 X-47.54 Y-17.303 E2.02547
G1 X-47.249 Y-17.639 E2.0413
G1 X-46.843 Y-17.749 E2.05628
G1 X-46.795 Y-18.096 E2.06876
G1 X-46.377 Y-17.953 E2.0845
G1 X-46.016 Y-17.626 E2.10185
G1 X-45.864 Y-17.24 E2.11663
G1 X-45.886 Y-16.705 E2.1357
G1 X-46.251 Y-16.191 E2.15816
G1 X-46.934 Y-15.91 E2.18447
G1 X-47.372 Y-16.074 E2.20113
G1 X-47.808 Y-16.512 E2.22315
G1 X-47.938 Y-16.9 E2.23773
G1 X-47.862 Y-17.448 E2.25744
G1 X-47.688 Y-17.726 E2.26912
G1 X-47.439 Y-17.937 E2.28075
G1 X-46.837 Y-18.103 E2.303
G1 E.303 F2400
G92 E0
G1 X-43.645 Y-15.503 F7800
G1 E2 F2400
G1 F3600
G1 X-43.766 Y-15.826 E2.01229
G1 X-43.645 Y-16.142 E2.02434
G1 X-43.31 Y-16.49 E2.04155
G1 X-42.864 Y-16.575 E2.05772
G1 X-42.792 Y-16.918 E2.07021
G1 X-42.228 Y-16.666 E2.09222
G1 X-41.847 Y-16.208 E2.11344
G1 X-41.716 Y-15.989 E2.12253
G1 X-41.722 Y-15.53 E2.13888
G1 X-42.268 Y-14.948 E2.16731
G1 X-42.826 Y-14.714 E2.18887
G1 X-43.168 Y-14.723 E2.20106
G1 X-43.488 Y-14.833 E2.21311
G1 X-43.762 Y-15.046 E2.22547
G1 X-44.064 Y-15.537 E2.24601
G1 X-44.12 Y-15.83 E2.25664
G1 X-43.95 Y-16.317 E2.27502
G1 X-43.749 Y-16.598 E2.28733
G1 X-43.481 Y-16.8 E2.29929
G1 X-42.834 Y-16.928 E2.32279
G1 E.32279 F2400
G92 E0
G1 X-42.834 Y-16.928 F7800
G1 X-11.563 Y-17.943
G1 E2 F2400
;TYPE:Perimeter
;WIDTH:0.45
G1 F900
G1 X-11.714 Y-17.794 E2.0102
G1 X-12.212 Y-17.491 E2.03824
G1 X-12.687 Y-17.33 E2.06236
G1 X-13.222 Y-17.268 E2.08826
G1 X-13.717 Y-17.311 E2.11216
G1 X-14.193 Y-17.452 E2.13604
G1 X-14.632 Y-17.685 E2.15994
G1 X-15.016 Y-18 E2.18383
G1 X-15.33 Y-18.384 E2.20769
G1 X-15.536 Y-18.757 E2.22818
G1 X-15.694 Y-19.253 E2.25322
G1 X-15.744 Y-19.795 E2.2794
G1 X-15.688 Y-20.288 E2.30326
G1 X-15.535 Y-20.76 E2.32712
G1 X-15.291 Y-21.193 E2.35102
G1 X-14.967 Y-21.569 E2.37489
G1 X-14.575 Y-21.874 E2.39878
G1 X-14.13 Y-22.094 E2.42266
G1 X-13.578 Y-22.227 E2.44997
G1 X-13.046 Y-22.24 E2.47556
G1 X-12.489 Y-22.135 E2.50282
G1 X-11.944 Y-21.888 E2.5316
G1 X-11.535 Y-21.574 E2.5564
G1 X-11.171 Y-21.137 E2.58375
G1 X-10.94 Y-20.698 E2.60761
G1 X-10.8 Y-20.222 E2.63147
G1 X-10.757 Y-19.727 E2.65537
G1 X-10.836 Y-19.165 E2.68267
G1 X-11.018 Y-18.665 E2.70826
G1 X-11.319 Y-18.184 E2.73555
G1 X-11.521 Y-17.985 E2.74919
G1 X-11.521 Y-17.985 F7800
G1 X-11.823 Y-18.223
G1 F900
G1 X-12.024 Y-18.046 E2.76207
G1 X-12.388 Y-17.837 E2.78226
G1 X-12.786 Y-17.704 E2.80244
G1 X-13.203 Y-17.653 E2.82265
G1 X-13.622 Y-17.685 E2.84286
G1 X-14.026 Y-17.8 E2.86306
G1 X-14.399 Y-17.992 E2.88324
G1 X-14.727 Y-18.255 E2.90346
G1 X-14.996 Y-18.577 E2.92364
G1 X-15.181 Y-18.907 E2.94184
G1 X-15.318 Y-19.348 E2.96405
G1 X-15.359 Y-19.766 E2.98425
G1 X-15.316 Y-20.184 E3.00446
G1 X-15.192 Y-20.585 E3.02465
G1 X-14.99 Y-20.953 E3.04484
G1 X-14.719 Y-21.274 E3.06505
G1 X-14.39 Y-21.535 E3.08525
G1 X-14.016 Y-21.726 E3.10545
G1 X-13.56 Y-21.841 E3.12807
G1 X-13.036 Y-21.854 E3.15328
G1 X-12.517 Y-21.74 E3.17884
G1 X-12.102 Y-21.529 E3.20123
G1 X-11.775 Y-21.267 E3.22138
G1 X-11.505 Y-20.945 E3.24159
G1 X-11.305 Y-20.575 E3.26182
G1 X-11.183 Y-20.174 E3.28198
G1 X-11.142 Y-19.756 E3.30218
G1 X-11.198 Y-19.297 E3.32442
G1 X-11.38 Y-18.797 E3.35001
G1 X-11.69 Y-18.34 E3.37657
G1 X-11.778 Y-18.262 E3.38223
G1 X-11.778 Y-18.262 F7800
G1 X-12.083 Y-18.503
;TYPE:External perimeter
G1 F900
G1 X-12.225 Y-18.375 E3.39142
G1 X-12.52 Y-18.199 E3.40794
G1 X-12.844 Y-18.085 E3.42446
G1 X-13.184 Y-18.038 E3.44097
G1 X-13.527 Y-18.059 E3.4575
G1 X-13.858 Y-18.147 E3.47397
G1 X-14.166 Y-18.3 E3.49051
G1 X-14.437 Y-18.51 E3.507
G1 X-14.662 Y-18.77 E3.52354
G1 X-14.825 Y-19.056 E3.53937
G1 X-14.936 Y-19.396 E3.55657
G1 X-14.975 Y-19.737 E3.57308
G1 X-14.945 Y-20.079 E3.58959
G1 X-14.849 Y-20.409 E3.60612
G1 X-14.688 Y-20.712 E3.62262
G1 X-14.471 Y-20.979 E3.63917
G1 X-14.206 Y-21.196 E3.65564
G1 X-13.903 Y-21.357 E3.67214
G1 X-13.55 Y-21.456 E3.68977
G1 X-13.027 Y-21.469 E3.71493
G1 X-12.643 Y-21.375 E3.73394
G1 X-12.335 Y-21.222 E3.75048
G1 X-12.064 Y-21.012 E3.76697
G1 X-11.839 Y-20.752 E3.78351
G1 X-11.671 Y-20.452 E3.80005
G1 X-11.565 Y-20.126 E3.81654
G1 X-11.526 Y-19.785 E3.83305
G1 X-11.56 Y-19.429 E3.85025
G1 X-11.742 Y-18.929 E3.87584
G1 X-11.97 Y-18.606 E3.89486
G1 X-12.039 Y-18.543 E3.89935
G1 X-12.358 Y-18.303 F7800
G1 E1.89935 F2400
G92 E0
G1 X-11.102 Y-10.187 F7800
G1 E2 F2400
;TYPE:Perimeter
G1 F900
G1 X-11.21 Y-9.995 E2.0106
G1 X-11.534 Y-9.619 E2.03447
G1 X-11.926 Y-9.315 E2.05833
G1 X-12.441 Y-9.076 E2.08564
G1 X-12.96 Y-8.957 E2.11125
G1 X-13.527 Y-8.949 E2.13852
G1 X-14.013 Y-9.053 E2.16242
G1 X-14.468 Y-9.251 E2.18629
G1 X-14.875 Y-9.536 E2.21019
G1 X-15.218 Y-9.895 E2.23407
G1 X-15.482 Y-10.315 E2.25793
G1 X-15.658 Y-10.78 E2.28184
G1 X-15.739 Y-11.269 E2.30568
G1 X-15.708 Y-11.867 E2.33448
G1 X-15.563 Y-12.368 E2.35957
G1 X-15.291 Y-12.86 E2.38661
G1 X-14.967 Y-13.236 E2.41048
G1 X-14.575 Y-13.54 E2.43434
G1 X-14.13 Y-13.761 E2.45824
G1 X-13.578 Y-13.893 E2.48554
G1 X-13.046 Y-13.906 E2.51113
G1 X-12.489 Y-13.802 E2.53838
G1 X-11.988 Y-13.581 E2.56472
G1 X-11.581 Y-13.283 E2.58898
G1 X-11.171 Y-12.804 E2.61931
G1 X-10.94 Y-12.365 E2.64317
G1 X-10.8 Y-11.888 E2.66708
G1 X-10.757 Y-11.394 E2.69093
G1 X-10.813 Y-10.9 E2.71484
G1 X-10.966 Y-10.428 E2.7387
G1 X-11.072 Y-10.239 E2.74912
G1 X-11.072 Y-10.239 F7800
G1 X-11.433 Y-10.378
G1 F900
G1 X-11.511 Y-10.236 E2.75691
G1 X-11.782 Y-9.914 E2.77715
G1 X-12.111 Y-9.653 E2.79735
G1 X-12.526 Y-9.452 E2.81953
G1 X-13.046 Y-9.333 E2.84519
G1 X-13.508 Y-9.335 E2.86741
G1 X-14.026 Y-9.466 E2.89311
G1 X-14.399 Y-9.659 E2.91331
G1 X-14.727 Y-9.922 E2.93353
G1 X-14.996 Y-10.244 E2.95371
G1 X-15.196 Y-10.613 E2.9739
G1 X-15.318 Y-11.015 E2.99411
G1 X-15.356 Y-11.317 E3.00875
G1 X-15.316 Y-11.85 E3.03446
G1 X-15.192 Y-12.251 E3.05465
G1 X-14.99 Y-12.62 E3.07488
G1 X-14.719 Y-12.941 E3.09509
G1 X-14.39 Y-13.202 E3.11529
G1 X-14.016 Y-13.392 E3.13547
G1 X-13.56 Y-13.508 E3.1581
G1 X-13.036 Y-13.521 E3.18331
G1 X-12.501 Y-13.4 E3.20969
G1 X-12.102 Y-13.196 E3.23124
G1 X-11.775 Y-12.934 E3.25139
G1 X-11.505 Y-12.611 E3.27164
G1 X-11.305 Y-12.242 E3.29183
G1 X-11.183 Y-11.84 E3.31204
G1 X-11.142 Y-11.422 E3.33224
G1 X-11.185 Y-11.005 E3.3524
G1 X-11.309 Y-10.604 E3.37259
G1 X-11.404 Y-10.431 E3.38208
G1 X-11.404 Y-10.431 F7800
G1 X-11.764 Y-10.569
;TYPE:External perimeter
G1 F900
G1 X-11.813 Y-10.476 E3.38714
G1 X-12.03 Y-10.21 E3.40365
G1 X-12.295 Y-9.992 E3.42015
G1 X-12.612 Y-9.828 E3.43732
G1 X-13.131 Y-9.709 E3.46293
G1 X-13.527 Y-9.725 E3.48199
G1 X-13.858 Y-9.814 E3.49848
G1 X-14.166 Y-9.966 E3.515
G1 X-14.437 Y-10.177 E3.53152
G1 X-14.662 Y-10.437 E3.54806
G1 X-14.83 Y-10.736 E3.56456
G1 X-14.936 Y-11.063 E3.58109
G1 X-14.974 Y-11.365 E3.59573
G1 X-14.945 Y-11.746 E3.61411
G1 X-14.849 Y-12.075 E3.63059
G1 X-14.688 Y-12.379 E3.64714
G1 X-14.471 Y-12.645 E3.66365
G1 X-14.206 Y-12.863 E3.68015
G1 X-13.903 Y-13.024 E3.69665
G1 X-13.55 Y-13.122 E3.71427
G1 X-13.027 Y-13.135 E3.73943
G1 X-12.643 Y-13.041 E3.75844
G1 X-12.335 Y-12.889 E3.77496
G1 X-12.064 Y-12.678 E3.79148
G1 X-11.839 Y-12.418 E3.80802
G1 X-11.671 Y-12.119 E3.82452
G1 X-11.565 Y-11.792 E3.84105
G1 X-11.526 Y-11.451 E3.85756
G1 X-11.556 Y-11.109 E3.87407
G1 X-11.653 Y-10.78 E3.89057
G1 X-11.736 Y-10.622 E3.89915
G1 X-11.966 Y-10.295 F7800
G1 E1.89915 F2400
G92 E0
G1 X-11.555 Y-29.922 F7800
G1 E2 F2400
;TYPE:Perimeter
G1 F900
G1 X-11.535 Y-29.907 E2.0012
G1 X-11.171 Y-29.471 E2.02852
G1 X-10.94 Y-29.031 E2.05242
G1 X-10.8 Y-28.555 E2.07628
G1 X-10.757 Y-28.06 E2.10018
G1 X-10.813 Y-27.567 E2.12404
G1 X-10.966 Y-27.095 E2.1479
G1 X-11.21 Y-26.662 E2.1718
G1 X-11.534 Y-26.286 E2.19567
G1 X-11.988 Y-25.951 E2.22281
G1 X-12.476 Y-25.73 E2.24858
G1 X-13.03 Y-25.61 E2.27584
G1 X-13.626 Y-25.626 E2.30452
G1 X-14.193 Y-25.786 E2.33286
G1 X-14.632 Y-26.018 E2.35674
G1 X-15.016 Y-26.333 E2.38063
G1 X-15.33 Y-26.718 E2.40452
G1 X-15.561 Y-27.157 E2.42838
G1 X-15.701 Y-27.633 E2.45224
G1 X-15.744 Y-28.128 E2.47614
G1 X-15.688 Y-28.621 E2.5
G1 X-15.535 Y-29.094 E2.52391
G1 X-15.291 Y-29.527 E2.54781
G1 X-14.967 Y-29.903 E2.57168
G1 X-14.63 Y-30.175 E2.59251
G1 X-14.13 Y-30.427 E2.61944
G1 X-13.578 Y-30.56 E2.64675
G1 X-13.046 Y-30.573 E2.67234
G1 X-12.489 Y-30.468 E2.6996
G1 X-11.972 Y-30.238 E2.72682
G1 X-11.603 Y-29.959 E2.74907
G1 X-11.603 Y-29.959 F7800
G1 X-11.82 Y-29.636
G1 F900
G1 X-11.775 Y-29.6 E2.75184
G1 X-11.505 Y-29.278 E2.77205
G1 X-11.305 Y-28.909 E2.79224
G1 X-11.183 Y-28.507 E2.81245
G1 X-11.142 Y-28.089 E2.83265
G1 X-11.185 Y-27.671 E2.85286
G1 X-11.309 Y-27.27 E2.87305
G1 X-11.511 Y-26.902 E2.89324
G1 X-11.782 Y-26.581 E2.91345
G1 X-12.149 Y-26.301 E2.93565
G1 X-12.635 Y-26.082 E2.96129
G1 X-13.155 Y-25.986 E2.98672
G1 X-13.622 Y-26.018 E3.00923
G1 X-14.026 Y-26.133 E3.02943
G1 X-14.399 Y-26.326 E3.04963
G1 X-14.727 Y-26.588 E3.06982
G1 X-14.996 Y-26.91 E3.09
G1 X-15.196 Y-27.28 E3.11023
G1 X-15.318 Y-27.681 E3.13039
G1 X-15.359 Y-28.099 E3.15059
G1 X-15.316 Y-28.517 E3.1708
G1 X-15.192 Y-28.918 E3.19099
G1 X-14.99 Y-29.286 E3.21118
G1 X-14.719 Y-29.607 E3.23139
G1 X-14.423 Y-29.849 E3.24978
G1 X-14.016 Y-30.059 E3.27181
G1 X-13.56 Y-30.175 E3.29444
G1 X-13.036 Y-30.188 E3.31965
G1 X-12.526 Y-30.077 E3.34475
G1 X-12.102 Y-29.863 E3.36759
G1 X-11.867 Y-29.674 E3.38209
G1 X-11.867 Y-29.674 F7800
G1 X-12.079 Y-29.357
;TYPE:External perimeter
G1 F900
G1 X-12.064 Y-29.345 E3.38301
G1 X-11.839 Y-29.085 E3.39955
G1 X-11.671 Y-28.786 E3.41605
G1 X-11.565 Y-28.459 E3.43258
G1 X-11.526 Y-28.118 E3.44909
G1 X-11.556 Y-27.776 E3.4656
G1 X-11.653 Y-27.446 E3.48214
G1 X-11.813 Y-27.143 E3.49862
G1 X-12.03 Y-26.877 E3.51513
G1 X-12.308 Y-26.652 E3.53233
G1 X-12.793 Y-26.433 E3.55792
G1 X-13.184 Y-26.371 E3.57696
G1 X-13.527 Y-26.392 E3.59349
G1 X-13.858 Y-26.481 E3.60998
G1 X-14.166 Y-26.633 E3.6265
G1 X-14.437 Y-26.843 E3.64299
G1 X-14.662 Y-27.103 E3.65953
G1 X-14.83 Y-27.403 E3.67607
G1 X-14.936 Y-27.729 E3.69256
G1 X-14.975 Y-28.07 E3.70907
G1 X-14.945 Y-28.413 E3.72563
G1 X-14.849 Y-28.742 E3.74211
G1 X-14.689 Y-29.046 E3.75863
G1 X-14.471 Y-29.312 E3.77517
G1 X-14.217 Y-29.523 E3.79105
G1 X-13.903 Y-29.69 E3.80816
G1 X-13.55 Y-29.789 E3.82579
G1 X-13.027 Y-29.802 E3.85095
G1 X-12.643 Y-29.708 E3.86996
G1 X-12.335 Y-29.555 E3.8865
G1 X-12.126 Y-29.394 E3.89919
G1 X-11.86 Y-29.096 F7800
G1 E1.89919 F2400
G92 E0
G1 X-10.803 Y-35.996 F7800
G1 E2 F2400
;TYPE:Perimeter
G1 F900
G1 X-10.813 Y-35.9 E2.00464
G1 X-10.966 Y-35.428 E2.0285
G1 X-11.21 Y-34.995 E2.0524
G1 X-11.534 Y-34.619 E2.07627
G1 X-11.926 Y-34.315 E2.10013
G1 X-12.441 Y-34.076 E2.12744
G1 X-12.96 Y-33.957 E2.15305
G1 X-13.527 Y-33.949 E2.18032
G1 X-14.083 Y-34.074 E2.20773
G1 X-14.584 Y-34.317 E2.23451
G1 X-15.016 Y-34.666 E2.26122
G1 X-15.33 Y-35.051 E2.28511
G1 X-15.561 Y-35.49 E2.30897
G1 X-15.701 Y-35.967 E2.33288
G1 X-15.744 Y-36.461 E2.35673
G1 X-15.688 Y-36.955 E2.38064
G1 X-15.535 Y-37.427 E2.4045
G1 X-15.291 Y-37.86 E2.4284
G1 X-14.967 Y-38.236 E2.45227
G1 X-14.575 Y-38.54 E2.47613
G1 X-14.13 Y-38.761 E2.50003
G1 X-13.578 Y-38.893 E2.52733
G1 X-13.046 Y-38.906 E2.55292
G1 X-12.489 Y-38.802 E2.58017
G1 X-12.033 Y-38.604 E2.60408
G1 X-11.626 Y-38.319 E2.62798
G1 X-11.284 Y-37.96 E2.65183
G1 X-11.019 Y-37.54 E2.67572
G1 X-10.822 Y-37.003 E2.70323
G1 X-10.755 Y-36.466 E2.72926
G1 X-10.797 Y-36.056 E2.74908
G1 X-10.797 Y-36.056 F7800
G1 X-11.179 Y-36.062
G1 F900
G1 X-11.185 Y-36.005 E2.75184
G1 X-11.309 Y-35.604 E2.77203
G1 X-11.511 Y-35.236 E2.79222
G1 X-11.782 Y-34.914 E2.81246
G1 X-12.111 Y-34.653 E2.83266
G1 X-12.529 Y-34.451 E2.85499
G1 X-13.046 Y-34.333 E2.8805
G1 X-13.567 Y-34.341 E2.90556
G1 X-14.026 Y-34.466 E2.92844
G1 X-14.399 Y-34.659 E2.94864
G1 X-14.727 Y-34.921 E2.96883
G1 X-14.996 Y-35.244 E2.98905
G1 X-15.196 Y-35.613 E3.00924
G1 X-15.318 Y-36.015 E3.02945
G1 X-15.359 Y-36.433 E3.04965
G1 X-15.316 Y-36.85 E3.06981
G1 X-15.192 Y-37.251 E3.09
G1 X-14.99 Y-37.62 E3.11023
G1 X-14.719 Y-37.941 E3.13044
G1 X-14.39 Y-38.202 E3.15064
G1 X-14.016 Y-38.392 E3.17082
G1 X-13.569 Y-38.508 E3.19303
G1 X-13.036 Y-38.521 E3.21867
G1 X-12.584 Y-38.428 E3.24087
G1 X-12.102 Y-38.196 E3.2666
G1 X-11.775 Y-37.934 E3.28675
G1 X-11.505 Y-37.611 E3.307
G1 X-11.305 Y-37.242 E3.32719
G1 X-11.183 Y-36.84 E3.3474
G1 X-11.142 Y-36.422 E3.3676
G1 X-11.173 Y-36.122 E3.38211
G1 X-11.173 Y-36.122 F7800
G1 X-11.554 Y-36.128
;TYPE:External perimeter
G1 F900
G1 X-11.556 Y-36.109 E3.38303
G1 X-11.653 Y-35.78 E3.39953
G1 X-11.813 Y-35.476 E3.41605
G1 X-12.03 Y-35.21 E3.43256
G1 X-12.295 Y-34.992 E3.44906
G1 X-12.615 Y-34.827 E3.46638
G1 X-13.131 Y-34.709 E3.49184
G1 X-13.527 Y-34.725 E3.5109
G1 X-13.858 Y-34.814 E3.52739
G1 X-14.166 Y-34.966 E3.54391
G1 X-14.437 Y-35.177 E3.56043
G1 X-14.662 Y-35.437 E3.57697
G1 X-14.83 Y-35.736 E3.59347
G1 X-14.936 Y-36.063 E3.61
G1 X-14.975 Y-36.404 E3.62651
G1 X-14.945 Y-36.746 E3.64302
G1 X-14.849 Y-37.075 E3.6595
G1 X-14.688 Y-37.379 E3.67605
G1 X-14.471 Y-37.645 E3.69256
G1 X-14.206 Y-37.863 E3.70906
G1 X-13.903 Y-38.024 E3.72556
G1 X-13.559 Y-38.122 E3.74276
G1 X-13.027 Y-38.135 E3.76835
G1 X-12.643 Y-38.041 E3.78736
G1 X-12.335 Y-37.889 E3.80388
G1 X-12.064 Y-37.678 E3.8204
G1 X-11.839 Y-37.418 E3.83694
G1 X-11.671 Y-37.119 E3.85344
G1 X-11.565 Y-36.792 E3.86997
G1 X-11.526 Y-36.451 E3.88648
G1 X-11.549 Y-36.188 E3.89918
G1 X-11.655 Y-35.802 F7800
G1 E1.89918 F2400
G92 E0
G1 X-33.009 Y-40.431 F7800
G1 E2 F2400
;TYPE:Perimeter
G1 F3600
G1 X-5.391 Y-40.431 E3.32833
G1 X-5.391 Y-37.675 E3.46088
G1 X-5.391 Y-7.424 E4.91585
G1 X-33.009 Y-7.424 E6.24418
G1 X-33.009 Y-40.371 E7.82882
G1 X-33.009 Y-40.371 F7800
G1 X-33.395 Y-40.817
G1 F3600
G1 X-5.006 Y-40.817 E9.19423
G1 X-5.006 Y-37.675 E9.34535
G1 X-5.006 Y-7.038 E10.81888
G1 X-33.395 Y-7.038 E12.18429
G1 X-33.395 Y-40.757 E13.80606
G1 X-33.395 Y-40.757 F7800
G1 X-33.78 Y-41.203
;TYPE:External perimeter
G1 F1800
G1 X-4.62 Y-41.203 E15.20855
G1 X-4.62 Y-37.675 E15.37823
G1 X-4.62 Y-6.653 E16.87028
G1 X-33.78 Y-6.653 E18.27277
G1 X-33.78 Y-41.143 E19.93162
G1 X-33.385 Y-41.202 F7800
G1 E17.93162 F2400
G92 E0
G1 X-24.91 Y-40.316 F7800
G1 E2 F2400
;TYPE:Internal infill
;WIDTH:0.45
G1 F4800
G1 X-14.917 Y-30.323 E2.67971
G1 X-15.272 Y-30.011 E2.70244
G1 X-15.614 Y-29.569 E2.72932
G1 X-15.813 Y-29.184 E2.75016
G1 X-16.009 Y-28.458 E2.78633
G1 X-16.004 Y-27.774 E2.81923
G1 X-28.372 Y-40.142 E3.66049
G1 X-32.008 Y-40.142 E3.83537
G1 X-14.226 Y-22.361 E5.04485
G1 X-14.717 Y-22.126 E5.07103
G1 X-15.272 Y-21.678 E5.10534
G1 X-15.614 Y-21.235 E5.13226
G1 X-15.944 Y-20.442 E5.17357
G1 X-32.72 Y-37.219 E6.31469
G1 X-32.72 Y-33.583 E6.48957
G1 X-13.324 Y-14.187 E7.80886
G1 X-13.921 Y-14.128 E7.83771
G1 X-14.717 Y-13.792 E7.87927
G1 X-15.272 Y-13.345 E7.91354
G1 X-15.634 Y-12.862 E7.94257
G1 X-32.72 Y-29.947 E9.10471
G1 X-32.72 Y-26.312 E9.27954
G1 X-14.121 Y-7.713 E10.54462
G1 X-10.486 Y-7.713 E10.71945
G1 X-11.817 Y-9.045 E10.81002
G1 X-11.344 Y-9.401 E10.83849
G1 X-10.85 Y-10.02 E10.87658
G1 X-10.619 Y-10.524 E10.90325
G1 X-10.474 Y-11.337 E10.94297
G1 X-6.85 Y-7.713 E11.18947
G1 X-5.68 Y-7.713 E11.24574
G1 X-5.68 Y-10.179 E11.36435
G1 X-12.569 Y-17.067 E11.8329
G1 X-11.991 Y-17.277 E11.86248
G1 X-11.532 Y-17.569 E11.88864
G1 X-11.208 Y-17.868 E11.90984
G1 X-10.903 Y-18.267 E11.934
G1 X-10.662 Y-18.796 E11.96196
G1 X-5.68 Y-13.815 E12.3008
G1 X-5.68 Y-17.45 E12.47563
G1 X-13.559 Y-25.329 E13.01155
G1 X-13.131 Y-25.311 E13.03215
G1 X-12.5 Y-25.412 E13.06289
G1 X-11.586 Y-25.864 E13.11193
G1 X-11.025 Y-26.431 E13.15029
G1 X-5.507 Y-20.913 E13.52562
G1 E11.52562 F2400
G92 E0
G1 X-5.507 Y-20.913 F7800
G1 X-17.583 Y-7.539
G1 E2 F2400
G1 F4800
G1 X-32.72 Y-22.676 E3.0296
G1 X-32.72 Y-19.04 E3.20448
G1 X-21.393 Y-7.713 E3.97493
G1 X-25.028 Y-7.713 E4.14976
G1 X-32.72 Y-15.405 E4.67296
G1 X-32.72 Y-11.769 E4.84784
G1 X-28.664 Y-7.713 E5.12372
G1 X-32.3 Y-7.713 E5.2986
G1 X-32.893 Y-8.307 E5.33897
G1 E3.33897 F2400
G92 E0
G1 X-32.893 Y-8.307 F7800
G1 X-14.003 Y-40.316
G1 E2 F2400
G1 F4800
G1 X-12.862 Y-39.175 E2.07761
G1 X-13.592 Y-39.182 E2.11272
G1 X-14.22 Y-39.036 E2.14373
G1 X-14.916 Y-38.657 E2.18185
G1 X-15.449 Y-38.126 E2.21804
G1 X-17.465 Y-40.142 E2.35517
G1 X-21.101 Y-40.142 E2.53005
G1 X-5.68 Y-24.722 E3.57893
G1 X-5.68 Y-28.357 E3.75376
G1 X-11.551 Y-34.228 E4.1531
G1 X-10.981 Y-34.818 E4.19256
G1 X-10.707 Y-35.3 E4.21923
G1 X-10.492 Y-36.063 E4.25736
G1 X-10.509 Y-36.822 E4.29387
G1 X-5.68 Y-31.993 E4.62233
G1 X-5.68 Y-35.629 E4.79721
G1 X-10.194 Y-40.142 E5.10421
G1 X-6.558 Y-40.142 E5.27909
G1 X-5.507 Y-39.091 E5.35058
;LAYER_CHANGE
;Z:3.05
;HEIGHT:0.3
G1 Z3.05 F7800
G1 E3.35058 F2400
G92 E0
G1 X-5.507 Y-39.091 F7800
G1 X-37.696 Y-15.606
G1 E2 F2400
;TYPE:Support material
;WIDTH:0.35
G1 F3600
G1 X-37 Y-15.728 E2.02517
G1 X-36.619 Y-15.97 E2.04125
G1 X-36.419 Y-15.986 E2.0484
G1 X-36.361 Y-16.331 E2.06086
G1 X-35.72 Y-16.15 E2.08459
G1 X-35.445 Y-15.968 E2.09634
G1 X-35.079 Y-15.46 E2.11864
G1 X-35.055 Y-14.911 E2.13822
G1 X-35.259 Y-14.488 E2.15495
G1 X-35.685 Y-14.083 E2.17589
G1 X-36.35 Y-13.842 E2.20109
G1 X-36.699 Y-13.906 E2.21373
G1 X-37.011 Y-14.04 E2.22583
G1 X-37.483 Y-14.54 E2.25032
G1 X-38.161 Y-14.774 E2.27587
G1 X-38.426 Y-15.015 E2.28863
G1 X-38.542 Y-15.265 E2.29845
G1 X-38.535 Y-15.547 E2.3085
G1 X-38.215 Y-15.899 E2.32545
G1 X-37.911 Y-15.978 E2.33664
G1 X-37.568 Y-15.945 E2.34892
G1 X-37.161 Y-16.048 E2.36388
G1 X-36.73 Y-16.303 E2.38172
G1 X-36.403 Y-16.338 E2.39344
G1 E.39344 F2400
G92 E0
G1 X-36.403 Y-16.338 F7800
G1 X-37.011 Y-19.65
G1 E2 F2400
G1 F3600
G1 X-37.044 Y-20.084 E2.01551
G1 X-36.55 Y-20.667 E2.04273
G1 X-36.366 Y-20.781 E2.05044
G1 X-36.369 Y-21.131 E2.06291
G1 X-36.027 Y-21.026 E2.07565
G1 X-35.875 Y-20.842 E2.08415
G1 X-35.662 Y-20.171 E2.10923
G1 X-35.664 Y-19.616 E2.129
G1 X-36.137 Y-18.779 E2.16325
G1 X-36.531 Y-18.645 E2.17808
G1 X-36.895 Y-18.84 E2.19279
G1 X-37.379 Y-19.592 E2.22465
G1 X-37.43 Y-19.903 E2.23588
G1 X-37.242 Y-20.457 E2.25672
G1 X-36.8 Y-20.918 E2.27947
G1 X-36.412 Y-21.132 E2.29526
G1 E.29526 F2400
G92 E0
G1 X-36.412 Y-21.132 F7800
G1 X-36.296 Y-24.216
G1 E2 F2400
G1 F3600
G1 X-36.363 Y-23.984 E2.0086
G1 X-36.552 Y-23.889 E2.01614
G1 X-36.761 Y-23.944 E2.02384
G1 X-36.875 Y-24.122 E2.03137
G1 X-36.82 Y-24.347 E2.03962
G1 X-36.554 Y-24.462 E2.04994
G1 X-36.474 Y-24.803 E2.06242
G1 X-36.099 Y-24.604 E2.07754
G1 X-35.933 Y-24.174 E2.09396
G1 X-36.099 Y-23.745 E2.11035
G1 X-36.515 Y-23.535 E2.12695
G1 X-36.97 Y-23.656 E2.14372
G1 X-37.226 Y-24.059 E2.16073
G1 X-37.221 Y-24.308 E2.1696
G1 X-37.113 Y-24.548 E2.17898
G1 X-36.926 Y-24.72 E2.18803
G1 X-36.516 Y-24.814 E2.20301
G1 E.20301 F2400
G92 E0
G1 X-36.516 Y-24.814 F7800
G1 X-35.584 Y-27.199
G1 E2 F2400
G1 F3600
G1 X-35.976 Y-27.278 E2.01425
G1 X-36.076 Y-27.488 E2.02254
G1 X-35.996 Y-27.689 E2.03025
G1 X-35.496 Y-27.783 E2.04837
G1 X-35.47 Y-28.132 E2.06084
G1 X-35.046 Y-28.033 E2.07635
G1 X-34.831 Y-27.87 E2.08596
G1 X-34.67 Y-27.472 E2.10125
G1 X-34.834 Y-27.078 E2.11645
G1 X-35.274 Y-26.84 E2.13427
G1 X-35.902 Y-26.865 E2.15666
G1 X-36.188 Y-26.988 E2.16775
G1 X-36.362 Y-27.188 E2.17719
G1 X-36.431 Y-27.464 E2.18732
G1 X-36.378 Y-27.745 E2.19751
G1 X-36.201 Y-27.981 E2.20802
G1 X-35.909 Y-28.107 E2.21935
G1 X-35.512 Y-28.135 E2.23353
G1 E.23353 F2400
G92 E0
G1 X-35.512 Y-28.135 F7800
G1 X-36.881 Y-32.679
G1 E2 F2400
G1 F3600
G1 X-36.601 Y-33.031 E2.01602
G1 X-36.418 Y-33.106 E2.02307
G1 X-36.053 Y-33.087 E2.03609
G1 X-35.443 Y-33.188 E2.05812
G1 X-35.361 Y-33.528 E2.07058
G1 X-35.098 Y-33.461 E2.08025
G1 X-34.815 Y-33.214 E2.09363
G1 X-34.663 Y-32.806 E2.10914
G1 X-34.806 Y-32.309 E2.12756
G1 X-35.086 Y-32.075 E2.14056
G1 X-36.295 Y-31.673 E2.18595
G1 X-37.056 Y-31.913 E2.21438
G1 X-37.267 Y-32.072 E2.22379
G1 X-37.388 Y-32.328 E2.23388
G1 X-37.266 Y-32.792 E2.25097
G1 X-36.79 Y-33.332 E2.27661
G1 X-36.505 Y-33.449 E2.28759
G1 X-35.403 Y-33.539 E2.32698
G1 E.32698 F2400
G92 E0
G1 X-35.403 Y-33.539 F7800
G1 X-39.948 Y-31.884
G1 E2 F2400
G1 F3600
G1 X-39.956 Y-31.715 E2.00603
G1 X-40.102 Y-31.562 E2.01356
G1 X-40.312 Y-31.551 E2.02105
G1 X-40.499 Y-31.741 E2.03055
G1 X-40.449 Y-31.996 E2.03981
G1 X-40.208 Y-32.109 E2.04929
G1 X-40.148 Y-32.454 E2.06176
G1 X-39.756 Y-32.263 E2.07729
G1 X-39.625 Y-32.059 E2.08593
G1 X-39.579 Y-31.82 E2.0946
G1 X-39.756 Y-31.378 E2.11156
G1 X-39.954 Y-31.238 E2.1202
G1 X-40.429 Y-31.215 E2.13714
G1 X-40.793 Y-31.531 E2.15431
G1 X-40.859 Y-31.884 E2.1671
G1 X-40.79 Y-32.116 E2.17572
G1 X-40.544 Y-32.371 E2.18834
G1 X-40.19 Y-32.462 E2.20136
G1 E.20136 F2400
G92 E0
G1 X-40.19 Y-32.462 F7800
G1 X-45.052 Y-32.042
G1 E2 F2400
G1 F3600
G1 X-45.352 Y-32.239 E2.01279
G1 X-45.336 Y-32.413 E2.01901
G1 X-44.805 Y-32.779 E2.04198
G1 X-44.46 Y-32.876 E2.05475
G1 X-44.411 Y-33.223 E2.06723
G1 X-43.963 Y-33.062 E2.08419
G1 X-43.398 Y-32.663 E2.10883
G1 X-43.271 Y-32.47 E2.11706
G1 X-43.276 Y-32.076 E2.1311
G1 X-43.615 Y-31.752 E2.14781
G1 X-44.428 Y-31.433 E2.17892
G1 X-44.817 Y-31.494 E2.19295
G1 X-45.515 Y-31.892 E2.22157
G1 X-45.71 Y-32.183 E2.23405
G1 X-45.72 Y-32.385 E2.24125
G1 X-45.603 Y-32.643 E2.25134
G1 X-44.791 Y-33.18 E2.28602
G1 X-44.453 Y-33.23 E2.29819
G1 E.29819 F2400
G92 E0
G1 X-44.453 Y-33.23 F7800
G1 X-47.072 Y-27.777
G1 E2 F2400
G1 F3600
G1 X-47.171 Y-28.075 E2.01119
G1 X-47.144 Y-28.248 E2.01743
G1 X-46.738 Y-28.875 E2.04404
G1 X-46.595 Y-28.961 E2.04998
G1 X-46.59 Y-29.312 E2.06249
G1 X-46.233 Y-29.179 E2.07606
G1 X-46.063 Y-28.963 E2.08585
G1 X-45.769 Y-28.361 E2.10972
G1 X-45.772 Y-27.784 E2.13028
G1 X-46.308 Y-26.986 E2.16453
G1 X-46.52 Y-26.852 E2.17346
G1 X-46.92 Y-26.874 E2.18773
G1 X-47.207 Y-27.182 E2.20273
G1 X-47.478 Y-27.788 E2.22638
G1 X-47.481 Y-28.359 E2.24672
G1 X-46.992 Y-29.121 E2.27897
G1 X-46.632 Y-29.316 E2.29356
G1 E.29356 F2400
G92 E0
G1 X-46.632 Y-29.316 F7800
G1 X-47.061 Y-22.057
G1 E2 F2400
G1 F3600
G1 X-47.158 Y-22.227 E2.00697
G1 X-47.16 Y-22.565 E2.01901
G1 X-46.859 Y-23.088 E2.04051
G1 X-46.649 Y-23.258 E2.05014
G1 X-46.638 Y-23.609 E2.06265
G1 X-46.278 Y-23.465 E2.07646
G1 X-45.919 Y-22.94 E2.09912
G1 X-45.782 Y-22.679 E2.10962
G1 X-45.788 Y-22.101 E2.13021
G1 X-46.313 Y-21.311 E2.164
G1 X-46.523 Y-21.179 E2.17284
G1 X-46.922 Y-21.203 E2.18708
G1 X-47.18 Y-21.461 E2.20008
G1 X-47.493 Y-22.107 E2.22565
G1 X-47.497 Y-22.674 E2.24585
G1 X-47.044 Y-23.427 E2.27715
G1 X-46.68 Y-23.613 E2.29171
G1 E.29171 F2400
G92 E0
G1 X-46.68 Y-23.613 F7800
G1 X-47.321 Y-16.695
G1 E2 F2400
G1 F3600
G1 X-47.438 Y-17.022 E2.01237
G1 X-47.413 Y-17.197 E2.01867
G1 X-46.969 Y-17.741 E2.04368
G1 X-46.807 Y-17.835 E2.05035
G1 X-46.796 Y-18.185 E2.06282
G1 X-46.445 Y-18.064 E2.07605
G1 X-46.286 Y-17.867 E2.08507
G1 X-46.03 Y-17.298 E2.1073
G1 X-46.043 Y-16.727 E2.12765
G1 X-46.585 Y-15.97 E2.16082
G1 X-46.801 Y-15.833 E2.16993
G1 X-47.206 Y-15.852 E2.18437
G1 X-47.489 Y-16.154 E2.19911
G1 X-47.739 Y-16.727 E2.22138
G1 X-47.752 Y-17.303 E2.2419
G1 X-47.622 Y-17.561 E2.25219
G1 X-47.216 Y-17.994 E2.27334
G1 X-46.839 Y-18.188 E2.28844
G1 E.28844 F2400
G92 E0
G1 X-46.839 Y-18.188 F7800
G1 X-43.467 Y-15.501
G1 E2 F2400
G1 F3600
G1 X-43.738 Y-15.631 E2.01071
G1 X-43.821 Y-15.753 E2.01597
G1 X-43.804 Y-15.888 E2.02082
G1 X-43.643 Y-16.043 E2.02878
G1 X-42.987 Y-16.345 E2.05451
G1 X-42.969 Y-16.695 E2.06699
G1 X-42.71 Y-16.669 E2.07626
G1 X-41.741 Y-16.138 E2.11562
G1 X-41.618 Y-15.945 E2.12377
G1 X-41.624 Y-15.543 E2.13809
G1 X-41.956 Y-15.219 E2.15462
G1 X-42.989 Y-14.932 E2.19281
G1 X-43.272 Y-14.986 E2.20307
G1 X-43.986 Y-15.379 E2.2321
G1 X-44.173 Y-15.728 E2.24621
G1 X-44.046 Y-16.161 E2.26229
G1 X-43.305 Y-16.628 E2.29349
G1 X-43.012 Y-16.7 E2.30424
G1 E.30424 F2400
G92 E0
G1 X-43.012 Y-16.7 F7800
G1 X-11.555 Y-29.922
G1 E2 F2400
;TYPE:Perimeter
;WIDTH:0.45
G1 F900
G1 X-11.535 Y-29.907 E2.0012
G1 X-11.171 Y-29.471 E2.02852
G1 X-10.94 Y-29.031 E2.05242
G1 X-10.8 Y-28.555 E2.07628
G1 X-10.757 Y-28.06 E2.10018
G1 X-10.813 Y-27.567 E2.12404
G1 X-10.966 Y-27.095 E2.1479
G1 X-11.21 Y-26.662 E2.1718
G1 X-11.534 Y-26.286 E2.19567
G1 X-11.926 Y-25.981 E2.21956
G1 X-12.441 Y-25.742 E2.24687
G1 X-12.96 Y-25.624 E2.27247
G1 X-13.527 Y-25.616 E2.29974
G1 X-14.083 Y-25.741 E2.32715
G1 X-14.584 Y-25.984 E2.35393
G1 X-15.016 Y-26.333 E2.38064
G1 X-15.33 Y-26.718 E2.40453
G1 X-15.482 Y-26.982 E2.41918
G1 X-15.684 Y-27.538 E2.44763
G1 X-15.746 Y-28.056 E2.47272
G1 X-15.688 Y-28.621 E2.50004
G1 X-15.535 Y-29.094 E2.52395
G1 X-15.291 Y-29.527 E2.54785
G1 X-14.967 Y-29.903 E2.57172
G1 X-14.575 Y-30.207 E2.59558
G1 X-14.13 Y-30.427 E2.61946
G1 X-13.578 Y-30.56 E2.64677
G1 X-13.046 Y-30.573 E2.67236
G1 X-12.489 Y-30.468 E2.69962
G1 X-11.972 Y-30.238 E2.72684
G1 X-11.603 Y-29.959 E2.74909
G1 X-11.603 Y-29.959 F7800
G1 X-11.82 Y-29.636
G1 F900
G1 X-11.775 Y-29.6 E2.75186
G1 X-11.505 Y-29.278 E2.77207
G1 X-11.305 Y-28.909 E2.79226
G1 X-11.183 Y-28.507 E2.81247
G1 X-11.142 Y-28.089 E2.83267
G1 X-11.185 Y-27.671 E2.85288
G1 X-11.309 Y-27.27 E2.87307
G1 X-11.511 Y-26.902 E2.89326
G1 X-11.782 Y-26.581 E2.91347
G1 X-12.111 Y-26.32 E2.93367
G1 X-12.529 Y-26.118 E2.956
G1 X-13.046 Y-26 E2.98151
G1 X-13.567 Y-26.007 E3.00657
G1 X-14.026 Y-26.133 E3.02946
G1 X-14.399 Y-26.326 E3.04966
G1 X-14.726 Y-26.588 E3.06981
G1 X-14.996 Y-26.91 E3.09002
G1 X-15.148 Y-27.175 E3.10471
G1 X-15.314 Y-27.653 E3.12905
G1 X-15.359 Y-28.099 E3.15061
G1 X-15.316 Y-28.517 E3.17082
G1 X-15.192 Y-28.918 E3.19101
G1 X-14.99 Y-29.286 E3.2112
G1 X-14.719 Y-29.607 E3.23141
G1 X-14.39 Y-29.868 E3.25161
G1 X-14.016 Y-30.059 E3.27181
G1 X-13.569 Y-30.174 E3.29401
G1 X-13.036 Y-30.188 E3.31965
G1 X-12.542 Y-30.082 E3.34395
G1 X-12.102 Y-29.863 E3.36759
G1 X-11.867 Y-29.674 E3.38209
G1 X-11.867 Y-29.674 F7800
G1 X-12.079 Y-29.357
;TYPE:External perimeter
G1 F900
G1 X-12.064 Y-29.345 E3.38301
G1 X-11.839 Y-29.085 E3.39955
G1 X-11.671 Y-28.786 E3.41605
G1 X-11.565 Y-28.459 E3.43258
G1 X-11.526 Y-28.118 E3.44909
G1 X-11.556 Y-27.776 E3.4656
G1 X-11.653 Y-27.446 E3.48214
G1 X-11.813 Y-27.143 E3.49862
G1 X-12.03 Y-26.877 E3.51513
G1 X-12.295 Y-26.659 E3.53163
G1 X-12.615 Y-26.494 E3.54895
G1 X-13.131 Y-26.376 E3.57441
G1 X-13.527 Y-26.392 E3.59347
G1 X-13.858 Y-26.481 E3.60996
G1 X-14.166 Y-26.633 E3.62648
G1 X-14.437 Y-26.843 E3.64297
G1 X-14.662 Y-27.103 E3.65951
G1 X-14.814 Y-27.368 E3.6742
G1 X-14.936 Y-27.729 E3.69253
G1 X-14.975 Y-28.07 E3.70904
G1 X-14.945 Y-28.413 E3.7256
G1 X-14.849 Y-28.742 E3.74208
G1 X-14.689 Y-29.046 E3.7586
G1 X-14.471 Y-29.312 E3.77514
G1 X-14.206 Y-29.53 E3.79164
G1 X-13.903 Y-29.69 E3.80812
G1 X-13.559 Y-29.789 E3.82534
G1 X-13.027 Y-29.802 E3.85093
G1 X-12.643 Y-29.708 E3.86994
G1 X-12.335 Y-29.555 E3.88648
G1 X-12.126 Y-29.394 E3.89917
G1 X-11.86 Y-29.096 F7800
G1 E1.89917 F2400
G92 E0
G1 X-11.557 Y-17.935 F7800
G1 E2 F2400
;TYPE:Perimeter
G1 F900
G1 X-11.926 Y-17.648 E2.02248
G1 X-12.44 Y-17.409 E2.04974
G1 X-12.959 Y-17.291 E2.07534
G1 X-13.527 Y-17.283 E2.10266
G1 X-14.083 Y-17.407 E2.13006
G1 X-14.584 Y-17.651 E2.15686
G1 X-15.016 Y-18 E2.18357
G1 X-15.33 Y-18.384 E2.20743
G1 X-15.561 Y-18.824 E2.23133
G1 X-15.701 Y-19.3 E2.25519
G1 X-15.744 Y-19.795 E2.27909
G1 X-15.688 Y-20.288 E2.30295
G1 X-15.535 Y-20.76 E2.32681
G1 X-15.291 Y-21.193 E2.35071
G1 X-14.967 Y-21.569 E2.37458
G1 X-14.575 Y-21.874 E2.39847
G1 X-14.13 Y-22.094 E2.42235
G1 X-13.578 Y-22.227 E2.44966
G1 X-13.046 Y-22.24 E2.47525
G1 X-12.489 Y-22.135 E2.50251
G1 X-12.098 Y-21.968 E2.52296
G1 X-11.658 Y-21.676 E2.54836
G1 X-11.284 Y-21.293 E2.57411
G1 X-11.019 Y-20.873 E2.598
G1 X-10.843 Y-20.409 E2.62187
G1 X-10.755 Y-19.799 E2.65151
G1 X-10.813 Y-19.234 E2.67883
G1 X-10.966 Y-18.761 E2.70274
G1 X-11.21 Y-18.328 E2.72664
G1 X-11.514 Y-17.976 E2.74901
G1 X-11.514 Y-17.976 F7800
G1 X-11.819 Y-18.218
G1 F900
G1 X-12.111 Y-17.987 E2.76692
G1 X-12.53 Y-17.784 E2.78931
G1 X-13.045 Y-17.667 E2.81471
G1 X-13.567 Y-17.674 E2.83982
G1 X-14.026 Y-17.8 E2.86271
G1 X-14.399 Y-17.992 E2.88289
G1 X-14.726 Y-18.255 E2.90307
G1 X-14.996 Y-18.577 E2.92328
G1 X-15.196 Y-18.946 E2.94347
G1 X-15.318 Y-19.348 E2.96368
G1 X-15.359 Y-19.766 E2.98388
G1 X-15.316 Y-20.184 E3.00409
G1 X-15.192 Y-20.585 E3.02428
G1 X-14.99 Y-20.953 E3.04447
G1 X-14.719 Y-21.274 E3.06468
G1 X-14.39 Y-21.535 E3.08488
G1 X-14.016 Y-21.726 E3.10508
G1 X-13.56 Y-21.841 E3.1277
G1 X-13.036 Y-21.854 E3.15291
G1 X-12.526 Y-21.744 E3.178
G1 X-12.265 Y-21.621 E3.19188
G1 X-11.829 Y-21.321 E3.21733
G1 X-11.505 Y-20.945 E3.2412
G1 X-11.305 Y-20.575 E3.26143
G1 X-11.183 Y-20.174 E3.28159
G1 X-11.142 Y-19.756 E3.30179
G1 X-11.185 Y-19.338 E3.322
G1 X-11.309 Y-18.937 E3.34219
G1 X-11.511 Y-18.569 E3.36238
G1 X-11.774 Y-18.257 E3.38201
G1 X-11.774 Y-18.257 F7800
G1 X-12.081 Y-18.501
;TYPE:External perimeter
G1 F900
G1 X-12.295 Y-18.325 E3.39534
G1 X-12.616 Y-18.16 E3.4127
G1 X-13.131 Y-18.042 E3.43811
G1 X-13.527 Y-18.059 E3.45717
G1 X-13.858 Y-18.147 E3.47364
G1 X-14.166 Y-18.3 E3.49018
G1 X-14.437 Y-18.51 E3.50667
G1 X-14.662 Y-18.77 E3.52321
G1 X-14.83 Y-19.069 E3.53971
G1 X-14.936 Y-19.396 E3.55624
G1 X-14.975 Y-19.737 E3.57275
G1 X-14.945 Y-20.079 E3.58926
G1 X-14.849 Y-20.409 E3.60579
G1 X-14.689 Y-20.712 E3.62227
G1 X-14.471 Y-20.979 E3.63885
G1 X-14.206 Y-21.196 E3.65532
G1 X-13.903 Y-21.357 E3.67182
G1 X-13.55 Y-21.456 E3.68945
G1 X-13.027 Y-21.469 E3.71461
G1 X-12.643 Y-21.375 E3.73362
G1 X-12.432 Y-21.273 E3.74489
G1 X-12.064 Y-21.012 E3.76659
G1 X-11.839 Y-20.752 E3.78313
G1 X-11.671 Y-20.452 E3.79967
G1 X-11.565 Y-20.126 E3.81616
G1 X-11.526 Y-19.785 E3.83267
G1 X-11.556 Y-19.443 E3.84918
G1 X-11.653 Y-19.113 E3.86572
G1 X-11.813 Y-18.809 E3.88224
G1 X-12.03 Y-18.543 E3.89875
G1 X-12.035 Y-18.539 E3.89906
G1 X-12.358 Y-18.303 F7800
G1 E1.89906 F2400
G92 E0
G1 X-11.102 Y-10.187 F7800
G1 E2 F2400
;TYPE:Perimeter
G1 F900
G1 X-11.21 Y-9.995 E2.0106
G1 X-11.534 Y-9.619 E2.03447
G1 X-11.926 Y-9.315 E2.05833
G1 X-12.371 Y-9.094 E2.08223
G1 X-12.922 Y-8.962 E2.10948
G1 X-13.455 Y-8.949 E2.13512
G1 X-14.013 Y-9.053 E2.16242
G1 X-14.468 Y-9.251 E2.18629
G1 X-14.875 Y-9.536 E2.21019
G1 X-15.218 Y-9.895 E2.23407
G1 X-15.482 Y-10.315 E2.25793
G1 X-15.658 Y-10.78 E2.28184
G1 X-15.739 Y-11.269 E2.30568
G1 X-15.708 Y-11.867 E2.33448
G1 X-15.563 Y-12.368 E2.35957
G1 X-15.291 Y-12.86 E2.38661
G1 X-14.967 Y-13.236 E2.41048
G1 X-14.575 Y-13.54 E2.43434
G1 X-14.13 Y-13.761 E2.45824
G1 X-13.578 Y-13.893 E2.48554
G1 X-13.046 Y-13.906 E2.51113
G1 X-12.489 Y-13.802 E2.53838
G1 X-11.972 Y-13.571 E2.56562
G1 X-11.535 Y-13.24 E2.59199
G1 X-11.172 Y-12.804 E2.61928
G1 X-10.94 Y-12.365 E2.64316
G1 X-10.8 Y-11.888 E2.66707
G1 X-10.757 Y-11.394 E2.69092
G1 X-10.813 Y-10.9 E2.71483
G1 X-10.966 Y-10.428 E2.73869
G1 X-11.072 Y-10.239 E2.74911
G1 X-11.072 Y-10.239 F7800
G1 X-11.433 Y-10.378
G1 F900
G1 X-11.511 Y-10.236 E2.7569
G1 X-11.782 Y-9.914 E2.77714
G1 X-12.111 Y-9.653 E2.79734
G1 X-12.485 Y-9.463 E2.81752
G1 X-12.932 Y-9.347 E2.83973
G1 X-13.464 Y-9.334 E2.86532
G1 X-13.917 Y-9.427 E2.88756
G1 X-14.399 Y-9.659 E2.91329
G1 X-14.726 Y-9.921 E2.93344
G1 X-14.996 Y-10.244 E2.95369
G1 X-15.196 Y-10.613 E2.97388
G1 X-15.318 Y-11.015 E2.99409
G1 X-15.356 Y-11.317 E3.00873
G1 X-15.316 Y-11.85 E3.03444
G1 X-15.192 Y-12.251 E3.05463
G1 X-14.99 Y-12.62 E3.07486
G1 X-14.719 Y-12.941 E3.09507
G1 X-14.39 Y-13.202 E3.11527
G1 X-14.016 Y-13.392 E3.13545
G1 X-13.56 Y-13.508 E3.15808
G1 X-13.036 Y-13.521 E3.18329
G1 X-12.526 Y-13.41 E3.20839
G1 X-12.102 Y-13.196 E3.23123
G1 X-11.775 Y-12.934 E3.25138
G1 X-11.505 Y-12.611 E3.27163
G1 X-11.305 Y-12.242 E3.29182
G1 X-11.183 Y-11.84 E3.31203
G1 X-11.142 Y-11.422 E3.33223
G1 X-11.185 Y-11.005 E3.35239
G1 X-11.309 Y-10.604 E3.37258
G1 X-11.404 Y-10.431 E3.38207
G1 X-11.404 Y-10.431 F7800
G1 X-11.764 Y-10.569
;TYPE:External perimeter
G1 F900
G1 X-11.813 Y-10.476 E3.38713
G1 X-12.03 Y-10.21 E3.40364
G1 X-12.295 Y-9.992 E3.42014
G1 X-12.598 Y-9.831 E3.43664
G1 X-12.942 Y-9.733 E3.45384
G1 X-13.474 Y-9.72 E3.47943
G1 X-13.858 Y-9.814 E3.49844
G1 X-14.166 Y-9.966 E3.51496
G1 X-14.437 Y-10.177 E3.53148
G1 X-14.662 Y-10.437 E3.54802
G1 X-14.83 Y-10.736 E3.56452
G1 X-14.936 Y-11.063 E3.58105
G1 X-14.974 Y-11.365 E3.59569
G1 X-14.945 Y-11.746 E3.61407
G1 X-14.849 Y-12.075 E3.63055
G1 X-14.689 Y-12.379 E3.64707
G1 X-14.471 Y-12.645 E3.66361
G1 X-14.206 Y-12.863 E3.68011
G1 X-13.903 Y-13.024 E3.69661
G1 X-13.55 Y-13.122 E3.71423
G1 X-13.027 Y-13.135 E3.73939
G1 X-12.643 Y-13.041 E3.7584
G1 X-12.335 Y-12.889 E3.77492
G1 X-12.064 Y-12.678 E3.79144
G1 X-11.839 Y-12.418 E3.80798
G1 X-11.671 Y-12.119 E3.82448
G1 X-11.565 Y-11.792 E3.84101
G1 X-11.526 Y-11.451 E3.85752
G1 X-11.556 Y-11.109 E3.87403
G1 X-11.653 Y-10.78 E3.89053
G1 X-11.736 Y-10.622 E3.89911
G1 X-11.966 Y-10.295 F7800
G1 E1.89911 F2400
G92 E0
G1 X-10.803 Y-35.996 F7800
G1 E2 F2400
;TYPE:Perimeter
G1 F900
G1 X-10.813 Y-35.9 E2.00464
G1 X-10.966 Y-35.428 E2.0285
G1 X-11.21 Y-34.995 E2.0524
G1 X-11.534 Y-34.619 E2.07627
G1 X-11.926 Y-34.315 E2.10013
G1 X-12.371 Y-34.094 E2.12403
G1 X-12.876 Y-33.964 E2.14911
G1 X-13.455 Y-33.949 E2.17697
G1 X-14.013 Y-34.053 E2.20427
G1 X-14.529 Y-34.284 E2.23146
G1 X-14.975 Y-34.623 E2.2584
G1 X-15.33 Y-35.051 E2.28514
G1 X-15.561 Y-35.49 E2.309
G1 X-15.701 Y-35.967 E2.33291
G1 X-15.744 Y-36.461 E2.35676
G1 X-15.688 Y-36.955 E2.38067
G1 X-15.535 Y-37.427 E2.40453
G1 X-15.291 Y-37.86 E2.42843
G1 X-14.967 Y-38.236 E2.4523
G1 X-14.575 Y-38.54 E2.47616
G1 X-14.13 Y-38.761 E2.50006
G1 X-13.578 Y-38.893 E2.52736
G1 X-13.046 Y-38.906 E2.55295
G1 X-12.489 Y-38.802 E2.5802
G1 X-12.033 Y-38.604 E2.60411
G1 X-11.626 Y-38.319 E2.62801
G1 X-11.284 Y-37.96 E2.65186
G1 X-11.019 Y-37.54 E2.67575
G1 X-10.822 Y-37.003 E2.70326
G1 X-10.755 Y-36.466 E2.72929
G1 X-10.797 Y-36.056 E2.74911
G1 X-10.797 Y-36.056 F7800
G1 X-11.179 Y-36.062
G1 F900
G1 X-11.185 Y-36.005 E2.75187
G1 X-11.309 Y-35.604 E2.77206
G1 X-11.511 Y-35.236 E2.79225
G1 X-11.782 Y-34.914 E2.81249
G1 X-12.111 Y-34.653 E2.83269
G1 X-12.485 Y-34.463 E2.85287
G1 X-12.932 Y-34.347 E2.87508
G1 X-13.464 Y-34.334 E2.90067
G1 X-13.959 Y-34.439 E2.92501
G1 X-14.399 Y-34.659 E2.94867
G1 X-14.726 Y-34.921 E2.96882
G1 X-14.996 Y-35.244 E2.98907
G1 X-15.196 Y-35.613 E3.00926
G1 X-15.318 Y-36.015 E3.02947
G1 X-15.359 Y-36.433 E3.04967
G1 X-15.316 Y-36.85 E3.06983
G1 X-15.192 Y-37.251 E3.09002
G1 X-14.99 Y-37.62 E3.11025
G1 X-14.719 Y-37.941 E3.13046
G1 X-14.39 Y-38.202 E3.15066
G1 X-14.016 Y-38.392 E3.17084
G1 X-13.569 Y-38.508 E3.19305
G1 X-13.036 Y-38.521 E3.21869
G1 X-12.584 Y-38.428 E3.24089
G1 X-12.102 Y-38.196 E3.26662
G1 X-11.775 Y-37.934 E3.28677
G1 X-11.505 Y-37.611 E3.30702
G1 X-11.305 Y-37.242 E3.32721
G1 X-11.183 Y-36.84 E3.34742
G1 X-11.142 Y-36.422 E3.36762
G1 X-11.173 Y-36.122 E3.38213
G1 X-11.173 Y-36.122 F7800
G1 X-11.554 Y-36.128
;TYPE:External perimeter
G1 F900
G1 X-11.556 Y-36.109 E3.38305
G1 X-11.653 Y-35.78 E3.39955
G1 X-11.813 Y-35.476 E3.41607
G1 X-12.03 Y-35.21 E3.43258
G1 X-12.295 Y-34.992 E3.44908
G1 X-12.598 Y-34.831 E3.46558
G1 X-12.942 Y-34.733 E3.48278
G1 X-13.474 Y-34.72 E3.50837
G1 X-13.858 Y-34.814 E3.52738
G1 X-14.166 Y-34.966 E3.5439
G1 X-14.437 Y-35.177 E3.56042
G1 X-14.662 Y-35.437 E3.57696
G1 X-14.83 Y-35.736 E3.59346
G1 X-14.936 Y-36.063 E3.60999
G1 X-14.975 Y-36.404 E3.6265
G1 X-14.945 Y-36.746 E3.64301
G1 X-14.849 Y-37.075 E3.65949
G1 X-14.689 Y-37.379 E3.67601
G1 X-14.471 Y-37.645 E3.69255
G1 X-14.206 Y-37.863 E3.70905
G1 X-13.903 Y-38.024 E3.72555
G1 X-13.559 Y-38.122 E3.74275
G1 X-13.027 Y-38.135 E3.76834
G1 X-12.643 Y-38.041 E3.78735
G1 X-12.335 Y-37.889 E3.80387
G1 X-12.064 Y-37.678 E3.82039
G1 X-11.839 Y-37.418 E3.83693
G1 X-11.671 Y-37.119 E3.85343
G1 X-11.565 Y-36.792 E3.86996
G1 X-11.526 Y-36.451 E3.88647
G1 X-11.549 Y-36.188 E3.89917
G1 X-11.655 Y-35.802 F7800
G1 E1.89917 F2400
G92 E0
G1 X-33.009 Y-40.431 F7800
G1 E2 F2400
;TYPE:Perimeter
G1 F3600
G1 X-5.391 Y-40.431 E3.32833
G1 X-5.391 Y-37.675 E3.46088
G1 X-5.391 Y-7.424 E4.91585
G1 X-33.009 Y-7.424 E6.24418
G1 X-33.009 Y-40.371 E7.82882
G1 X-33.009 Y-40.371 F7800
G1 X-33.395 Y-40.817
G1 F3600
G1 X-5.006 Y-40.817 E9.19423
G1 X-5.006 Y-37.675 E9.34535
G1 X-5.006 Y-7.038 E10.81888
G1 X-33.395 Y-7.038 E12.18429
G1 X-33.395 Y-40.757 E13.80606
G1 X-33.395 Y-40.757 F7800
G1 X-33.78 Y-41.203
;TYPE:External perimeter
G1 F1800
G1 X-4.62 Y-41.203 E15.20855
G1 X-4.62 Y-37.675 E15.37823
G1 X-4.62 Y-6.653 E16.87028
G1 X-33.78 Y-6.653 E18.27277
G1 X-33.78 Y-41.143 E19.93162
G1 X-33.385 Y-41.202 F7800
G1 E17.93162 F2400
G92 E0
G1 X-24.91 Y-40.316 F7800
G1 E2 F2400
;TYPE:Internal infill
;WIDTH:0.45
G1 F4800
G1 X-14.914 Y-30.32 E2.67992
G1 X-15.271 Y-30.012 E2.7026
G1 X-15.575 Y-29.63 E2.72608
G1 X-15.83 Y-29.147 E2.75235
G1 X-15.994 Y-28.579 E2.78078
G1 X-16.004 Y-27.774 E2.8195
G1 X-28.372 Y-40.142 E3.66076
G1 X-32.008 Y-40.142 E3.83564
G1 X-14.226 Y-22.361 E5.04512
G1 X-14.717 Y-22.126 E5.0713
G1 X-15.272 Y-21.678 E5.10561
G1 X-15.614 Y-21.235 E5.13253
G1 X-15.944 Y-20.442 E5.17384
G1 X-32.72 Y-37.219 E6.31496
G1 X-32.72 Y-33.583 E6.48984
G1 X-13.324 Y-14.187 E7.80913
G1 X-13.921 Y-14.128 E7.83798
G1 X-14.717 Y-13.792 E7.87954
G1 X-15.272 Y-13.345 E7.91381
G1 X-15.634 Y-12.862 E7.94284
G1 X-32.72 Y-29.947 E9.10498
G1 X-32.72 Y-26.312 E9.27981
G1 X-14.121 Y-7.713 E10.54489
G1 X-10.486 Y-7.713 E10.71972
G1 X-11.817 Y-9.045 E10.81029
G1 X-11.344 Y-9.401 E10.83876
G1 X-10.85 Y-10.02 E10.87685
G1 X-10.619 Y-10.524 E10.90352
G1 X-10.474 Y-11.337 E10.94324
G1 X-6.85 Y-7.713 E11.18974
G1 X-5.68 Y-7.713 E11.24601
G1 X-5.68 Y-10.179 E11.36462
G1 X-12.583 Y-17.082 E11.83415
G1 X-12.061 Y-17.245 E11.86045
G1 X-11.716 Y-17.436 E11.87942
G1 X-11.248 Y-17.824 E11.90866
G1 X-10.85 Y-18.353 E11.9405
G1 X-10.648 Y-18.783 E11.96335
G1 X-5.68 Y-13.815 E12.30127
G1 X-5.68 Y-17.45 E12.4761
G1 X-13.564 Y-25.334 E13.01236
G1 X-12.9 Y-25.341 E13.0443
G1 X-12.141 Y-25.539 E13.08203
G1 X-11.654 Y-25.811 E13.10886
G1 X-11.248 Y-26.157 E13.13452
G1 X-11.025 Y-26.431 E13.15151
G1 X-5.507 Y-20.913 E13.52684
G1 E11.52684 F2400
G92 E0
G1 X-5.507 Y-20.913 F7800
G1 X-17.583 Y-7.539
G1 E2 F2400
G1 F4800
G1 X-32.72 Y-22.676 E3.0296
G1 X-32.72 Y-19.04 E3.20448
G1 X-21.393 Y-7.713 E3.97493
G1 X-25.028 Y-7.713 E4.14976
G1 X-32.72 Y-15.405 E4.67296
G1 X-32.72 Y-11.769 E4.84784
G1 X-28.664 Y-7.713 E5.12372
G1 X-32.3 Y-7.713 E5.2986
G1 X-32.893 Y-8.307 E5.33897
G1 E3.33897 F2400
G92 E0
G1 X-32.893 Y-8.307 F7800
G1 X-14.003 Y-40.316
G1 E2 F2400
G1 F4800
G1 X-12.862 Y-39.175 E2.07761
G1 X-13.592 Y-39.182 E2.11272
G1 X-14.22 Y-39.036 E2.14373
G1 X-14.916 Y-38.657 E2.18185
G1 X-15.449 Y-38.126 E2.21804
G1 X-17.465 Y-40.142 E2.35517
G1 X-21.101 Y-40.142 E2.53005
G1 X-5.68 Y-24.722 E3.57893
G1 X-5.68 Y-28.357 E3.75376
G1 X-11.551 Y-34.228 E4.1531
G1 X-10.981 Y-34.818 E4.19256
G1 X-10.707 Y-35.3 E4.21923
G1 X-10.492 Y-36.063 E4.25736
G1 X-10.509 Y-36.822 E4.29387
G1 X-5.68 Y-31.993 E4.62233
G1 X-5.68 Y-35.629 E4.79721
G1 X-10.194 Y-40.142 E5.10421
G1 X-6.558 Y-40.142 E5.27909
G1 X-5.507 Y-39.091 E5.35058
;LAYER_CHANGE
;Z:3.35
;HEIGHT:0.3
G1 Z3.35 F7800
G1 E3.35058 F2400
G92 E0
G1 X-5.507 Y-39.091 F7800
G1 X-37.591 Y-15.477
G1 E2 F2400
;TYPE:Support material
;WIDTH:0.35
G1 F3600
G1 X-36.283 Y-15.834 E2.0483
G1 X-36.266 Y-16.183 E2.06075
G1 X-35.647 Y-16.079 E2.08311
G1 X-35.364 Y-15.945 E2.09426
G1 X-35.135 Y-15.741 E2.10519
G1 X-34.991 Y-15.477 E2.1159
G1 X-34.978 Y-14.882 E2.1371
G1 X-35.257 Y-14.457 E2.15521
G1 X-35.633 Y-14.206 E2.17131
G1 X-36.293 Y-14.02 E2.19574
G1 X-36.888 Y-14.114 E2.2172
G1 X-37.191 Y-14.365 E2.23122
G1 X-37.412 Y-14.711 E2.24585
G1 X-38.247 Y-14.917 E2.27649
G1 X-38.415 Y-15.03 E2.2837
G1 X-38.612 Y-15.351 E2.29712
G1 X-38.553 Y-15.682 E2.3091
G1 X-38.361 Y-15.845 E2.31807
G1 X-37.99 Y-15.914 E2.33151
G1 X-37.491 Y-15.824 E2.34957
G1 X-36.649 Y-16.142 E2.38163
G1 X-36.308 Y-16.186 E2.39388
G1 E.39388 F2400
G92 E0
G1 X-36.308 Y-16.186 F7800
G1 X-36.7 Y-19.698
G1 E2 F2400
G1 F3600
G1 X-36.766 Y-19.982 E2.01039
G1 X-36.588 Y-20.263 E2.02224
G1 X-36.52 Y-20.656 E2.03645
G1 X-36.275 Y-20.889 E2.04849
G1 X-36.167 Y-21.224 E2.06103
G1 X-35.918 Y-21.024 E2.07241
G1 X-35.823 Y-20.489 E2.09177
G1 X-35.937 Y-20.1 E2.10621
G1 X-35.964 Y-19.067 E2.14302
G1 X-36.061 Y-18.799 E2.15317
G1 X-36.375 Y-18.537 E2.16774
G1 X-36.703 Y-18.604 E2.17967
G1 X-36.961 Y-18.939 E2.19473
G1 X-37.136 Y-19.913 E2.22998
G1 X-36.713 Y-21.01 E2.27186
G1 X-36.489 Y-21.191 E2.28212
G1 X-36.207 Y-21.241 E2.29232
G1 E.29232 F2400
G92 E0
G1 X-36.207 Y-21.241 F7800
G1 X-36.52 Y-24.341
G1 E2 F2400
G1 F3600
G1 X-36.358 Y-24.174 E2.00829
G1 X-36.53 Y-24.009 E2.01678
G1 X-36.657 Y-24.058 E2.02163
G1 X-36.694 Y-24.236 E2.02811
G1 X-36.52 Y-24.341 E2.03535
G1 X-36.479 Y-24.689 E2.04783
G1 X-36.326 Y-24.656 E2.05341
G1 X-36.153 Y-24.54 E2.06083
G1 X-36.001 Y-24.174 E2.07495
G1 X-36.153 Y-23.809 E2.08904
G1 X-36.524 Y-23.652 E2.10339
G1 X-36.905 Y-23.801 E2.11796
G1 X-37.065 Y-24.161 E2.13199
G1 X-36.905 Y-24.547 E2.14688
G1 X-36.521 Y-24.697 E2.16157
G1 E.16157 F2400
G92 E0
G1 X-36.521 Y-24.697 F7800
G1 X-35.211 Y-27.654
G1 E2 F2400
G1 F3600
G1 X-35.011 Y-27.558 E2.0079
G1 X-35.009 Y-27.387 E2.01399
G1 X-35.332 Y-27.299 E2.02592
G1 X-35.527 Y-27.402 E2.03378
G1 X-35.558 Y-27.495 E2.03727
G1 X-35.458 Y-27.614 E2.04281
G1 X-35.211 Y-27.654 E2.05172
G1 X-35.122 Y-27.992 E2.06417
G1 X-34.757 Y-27.807 E2.07875
G1 X-34.609 Y-27.468 E2.09193
G1 X-34.759 Y-27.134 E2.10497
G1 X-34.975 Y-26.998 E2.11406
G1 X-35.395 Y-26.95 E2.12912
G1 X-35.809 Y-27.181 E2.14601
G1 X-35.908 Y-27.575 E2.16048
G1 X-35.81 Y-27.776 E2.16845
G1 X-35.414 Y-28.001 E2.18468
G1 X-35.163 Y-28.004 E2.19362
G1 E.19362 F2400
G92 E0
G1 X-35.163 Y-28.004 F7800
G1 X-36.598 Y-32.67
G1 E2 F2400
G1 F3600
G1 X-36.122 Y-32.872 E2.01842
G1 X-35.761 Y-33.155 E2.03476
G1 X-35.384 Y-33.235 E2.04849
G1 X-35.335 Y-33.582 E2.06097
G1 X-35.24 Y-33.568 E2.06439
G1 X-34.746 Y-33.303 E2.08436
G1 X-34.583 Y-33.09 E2.09391
G1 X-34.524 Y-32.847 E2.10282
G1 X-34.567 Y-32.607 E2.11151
G1 X-34.917 Y-32.122 E2.13282
G1 X-35.189 Y-31.98 E2.14375
G1 X-35.558 Y-31.923 E2.15705
G1 X-36.025 Y-32.004 E2.17393
G1 X-37.002 Y-31.904 E2.20892
G1 X-37.358 Y-32.089 E2.22321
G1 X-37.462 Y-32.309 E2.23188
G1 X-37.383 Y-32.642 E2.24407
G1 X-37.226 Y-32.815 E2.25239
G1 X-36.31 Y-33.186 E2.2876
G1 X-35.902 Y-33.479 E2.30549
G1 X-35.377 Y-33.588 E2.32459
G1 E.32459 F2400
G92 E0
G1 X-35.377 Y-33.588 F7800
G1 X-40.23 Y-31.988
G1 E2 F2400
G1 F3600
G1 X-40.057 Y-31.82 E2.00859
G1 X-40.108 Y-31.702 E2.01317
G1 X-40.228 Y-31.657 E2.01774
G1 X-40.343 Y-31.713 E2.0223
G1 X-40.382 Y-31.872 E2.02813
G1 X-40.23 Y-31.988 E2.03494
G1 X-40.204 Y-32.337 E2.04741
G1 X-40.042 Y-32.31 E2.05326
G1 X-39.861 Y-32.197 E2.06086
G1 X-39.7 Y-31.82 E2.07546
G1 X-39.861 Y-31.443 E2.09006
G1 X-40.246 Y-31.301 E2.10468
G1 X-40.613 Y-31.48 E2.11923
G1 X-40.739 Y-31.771 E2.13053
G1 X-40.615 Y-32.162 E2.14514
G1 X-40.246 Y-32.342 E2.15977
G1 E.15977 F2400
G92 E0
G1 X-40.246 Y-32.342 F7800
G1 X-44.919 Y-32.149
G1 E2 F2400
G1 F3600
G1 X-45.243 Y-32.142 E2.01154
G1 X-45.484 Y-32.311 E2.02203
G1 X-45.22 Y-32.483 E2.03325
G1 X-44.818 Y-32.476 E2.04757
G1 X-44.517 Y-32.581 E2.05893
G1 X-44.532 Y-32.932 E2.07145
G1 X-44.432 Y-32.931 E2.07501
G1 X-43.464 Y-32.731 E2.11022
G1 X-43.151 Y-32.425 E2.12581
G1 X-43.155 Y-32.093 E2.13764
G1 X-43.468 Y-31.819 E2.15246
G1 X-43.722 Y-31.752 E2.16182
G1 X-44.56 Y-31.722 E2.19169
G1 X-44.835 Y-31.809 E2.20197
G1 X-45.32 Y-31.795 E2.21925
G1 X-45.585 Y-31.904 E2.22946
G1 X-45.779 Y-32.091 E2.23906
G1 X-45.816 Y-32.429 E2.25117
G1 X-45.608 Y-32.691 E2.26309
G1 X-45.308 Y-32.827 E2.27482
G1 X-44.852 Y-32.835 E2.29107
G1 X-44.575 Y-32.932 E2.30153
G1 E.30153 F2400
G92 E0
G1 X-44.575 Y-32.932 F7800
G1 X-46.798 Y-27.798
G1 E2 F2400
G1 F3600
G1 X-46.88 Y-28.108 E2.01142
G1 X-46.773 Y-28.355 E2.02101
G1 X-46.77 Y-28.759 E2.0354
G1 X-46.586 Y-29.069 E2.04824
G1 X-46.601 Y-29.42 E2.06076
G1 X-46.472 Y-29.417 E2.06536
G1 X-46.156 Y-29.153 E2.08003
G1 X-46.06 Y-28.888 E2.09007
G1 X-46.016 Y-28.073 E2.11915
G1 X-46.257 Y-27.025 E2.15746
G1 X-46.598 Y-26.72 E2.17376
G1 X-46.773 Y-26.708 E2.18001
G1 X-47.061 Y-26.891 E2.19217
G1 X-47.167 Y-27.085 E2.20005
G1 X-47.221 Y-27.533 E2.21613
G1 X-47.159 Y-27.792 E2.22562
G1 X-47.23 Y-28.135 E2.2381
G1 X-47.122 Y-28.433 E2.24939
G1 X-47.094 Y-28.915 E2.26659
G1 X-46.946 Y-29.216 E2.27854
G1 X-46.644 Y-29.421 E2.29154
G1 E.29154 F2400
G92 E0
G1 X-46.644 Y-29.421 F7800
G1 X-46.814 Y-22.074
G1 E2 F2400
G1 F3600
G1 X-46.896 Y-22.432 E2.01308
G1 X-46.798 Y-22.68 E2.02258
G1 X-46.825 Y-23.067 E2.0364
G1 X-46.643 Y-23.364 E2.04881
G1 X-46.664 Y-23.715 E2.06134
G1 X-46.546 Y-23.708 E2.06555
G1 X-46.214 Y-23.427 E2.08104
G1 X-46.031 Y-22.388 E2.11862
G1 X-46.259 Y-21.349 E2.15651
G1 X-46.596 Y-21.05 E2.17256
G1 X-46.771 Y-21.038 E2.17881
G1 X-47.02 Y-21.179 E2.189
G1 X-47.219 Y-21.642 E2.20695
G1 X-47.168 Y-22.097 E2.22326
G1 X-47.247 Y-22.456 E2.23636
G1 X-47.159 Y-22.723 E2.24637
G1 X-47.14 Y-23.266 E2.26573
G1 X-47.011 Y-23.518 E2.27582
G1 X-46.706 Y-23.715 E2.28875
G1 E.28875 F2400
G92 E0
G1 X-46.706 Y-23.715 F7800
G1 X-47.091 Y-16.702
G1 E2 F2400
G1 F3600
G1 X-47.141 Y-17.079 E2.01355
G1 X-46.997 Y-17.378 E2.02537
G1 X-46.945 Y-17.733 E2.03815
G1 X-46.739 Y-17.948 E2.04876
G1 X-46.629 Y-18.283 E2.06132
G1 X-46.352 Y-18.041 E2.07442
G1 X-46.269 Y-17.789 E2.08387
G1 X-46.281 Y-17.008 E2.1117
G1 X-46.54 Y-16.015 E2.14826
G1 X-46.886 Y-15.706 E2.16479
G1 X-47.223 Y-15.752 E2.17691
G1 X-47.459 Y-16.074 E2.19113
G1 X-47.497 Y-17.062 E2.22635
G1 X-47.151 Y-18.069 E2.26428
G1 X-46.963 Y-18.244 E2.27343
G1 X-46.668 Y-18.301 E2.28413
G1 E.28413 F2400
G92 E0
G1 X-46.668 Y-18.301 F7800
G1 X-43.292 Y-15.867
G1 E2 F2400
G1 F3600
G1 X-43.154 Y-15.732 E2.00688
G1 X-43.488 Y-15.629 E2.01933
G1 X-43.835 Y-15.697 E2.03193
G1 X-43.899 Y-15.811 E2.03659
G1 X-43.611 Y-15.978 E2.04845
G1 X-43.61 Y-16.328 E2.06092
G1 X-43.15 Y-16.218 E2.07777
G1 X-43.002 Y-16.073 E2.08515
G1 X-42.634 Y-16.26 E2.09986
G1 X-42.344 Y-16.302 E2.1103
G1 X-41.822 Y-16.203 E2.12923
G1 X-41.632 Y-16.065 E2.1376
G1 X-41.484 Y-15.724 E2.15084
G1 X-41.639 Y-15.405 E2.16347
G1 X-42.068 Y-15.224 E2.18006
G1 X-42.584 Y-15.309 E2.19869
G1 X-42.824 Y-15.468 E2.20895
G1 X-43.438 Y-15.278 E2.23185
G1 X-43.751 Y-15.283 E2.243
G1 X-44.141 Y-15.498 E2.25886
G1 X-44.256 Y-15.821 E2.27107
G1 X-44.05 Y-16.167 E2.28542
G1 X-43.653 Y-16.328 E2.30068
G1 E.30068 F2400
G92 E0
G1 X-43.653 Y-16.328 F7800
G1 X-11.555 Y-29.922
G1 E2 F2400
;TYPE:Perimeter
;WIDTH:0.45
G1 F900
G1 X-11.535 Y-29.907 E2.0012
G1 X-11.171 Y-29.471 E2.02852
G1 X-10.94 Y-29.031 E2.05242
G1 X-10.8 Y-28.555 E2.07628
G1 X-10.757 Y-28.06 E2.10018
G1 X-10.813 Y-27.567 E2.12404
G1 X-10.966 Y-27.095 E2.1479
G1 X-11.21 Y-26.662 E2.1718
G1 X-11.534 Y-26.286 E2.19567
G1 X-11.926 Y-25.981 E2.21956
G1 X-12.441 Y-25.742 E2.24687
G1 X-12.96 Y-25.624 E2.27247
G1 X-13.527 Y-25.616 E2.29974
G1 X-14.083 Y-25.741 E2.32715
G1 X-14.584 Y-25.984 E2.35393
G1 X-15.016 Y-26.333 E2.38064
G1 X-15.33 Y-26.718 E2.40453
G1 X-15.482 Y-26.982 E2.41918
G1 X-15.684 Y-27.538 E2.44763
G1 X-15.746 Y-28.056 E2.47272
G1 X-15.688 Y-28.621 E2.50004
G1 X-15.535 Y-29.094 E2.52395
G1 X-15.291 Y-29.527 E2.54785
G1 X-14.967 Y-29.903 E2.57172
G1 X-14.575 Y-30.207 E2.59558
G1 X-14.13 Y-30.427 E2.61946
G1 X-13.579 Y-30.56 E2.64672
G1 X-13.046 Y-30.573 E2.67236
G1 X-12.489 Y-30.468 E2.69962
G1 X-11.972 Y-30.238 E2.72684
G1 X-11.603 Y-29.959 E2.74909
G1 X-11.603 Y-29.959 F7800
G1 X-11.82 Y-29.636
G1 F900
G1 X-11.775 Y-29.6 E2.75186
G1 X-11.505 Y-29.278 E2.77207
G1 X-11.305 Y-28.909 E2.79226
G1 X-11.183 Y-28.507 E2.81247
G1 X-11.142 Y-28.089 E2.83267
G1 X-11.185 Y-27.671 E2.85288
G1 X-11.309 Y-27.27 E2.87307
G1 X-11.511 Y-26.902 E2.89326
G1 X-11.782 Y-26.581 E2.91347
G1 X-12.111 Y-26.32 E2.93367
G1 X-12.53 Y-26.118 E2.95604
G1 X-13.046 Y-26 E2.9815
G1 X-13.567 Y-26.007 E3.00656
G1 X-14.026 Y-26.133 E3.02945
G1 X-14.399 Y-26.326 E3.04965
G1 X-14.727 Y-26.588 E3.06984
G1 X-14.996 Y-26.91 E3.09002
G1 X-15.148 Y-27.175 E3.10471
G1 X-15.314 Y-27.653 E3.12905
G1 X-15.359 Y-28.099 E3.15061
G1 X-15.316 Y-28.517 E3.17082
G1 X-15.192 Y-28.918 E3.19101
G1 X-14.99 Y-29.286 E3.2112
G1 X-14.719 Y-29.607 E3.23141
G1 X-14.39 Y-29.868 E3.25161
G1 X-14.016 Y-30.059 E3.27181
G1 X-13.569 Y-30.174 E3.29401
G1 X-13.036 Y-30.188 E3.31965
G1 X-12.542 Y-30.082 E3.34395
G1 X-12.102 Y-29.863 E3.36759
G1 X-11.867 Y-29.674 E3.38209
G1 X-11.867 Y-29.674 F7800
G1 X-12.079 Y-29.357
;TYPE:External perimeter
G1 F900
G1 X-12.064 Y-29.345 E3.38301
G1 X-11.839 Y-29.085 E3.39955
G1 X-11.671 Y-28.786 E3.41605
G1 X-11.565 Y-28.459 E3.43258
G1 X-11.526 Y-28.118 E3.44909
G1 X-11.556 Y-27.776 E3.4656
G1 X-11.653 Y-27.446 E3.48214
G1 X-11.813 Y-27.143 E3.49862
G1 X-12.03 Y-26.877 E3.51513
G1 X-12.295 Y-26.659 E3.53163
G1 X-12.615 Y-26.494 E3.54895
G1 X-13.131 Y-26.376 E3.57441
G1 X-13.527 Y-26.392 E3.59347
G1 X-13.858 Y-26.481 E3.60996
G1 X-14.166 Y-26.633 E3.62648
G1 X-14.437 Y-26.843 E3.64297
G1 X-14.662 Y-27.103 E3.65951
G1 X-14.814 Y-27.368 E3.6742
G1 X-14.936 Y-27.729 E3.69253
G1 X-14.975 Y-28.07 E3.70904
G1 X-14.945 Y-28.413 E3.7256
G1 X-14.849 Y-28.742 E3.74208
G1 X-14.688 Y-29.046 E3.75863
G1 X-14.471 Y-29.312 E3.77514
G1 X-14.206 Y-29.53 E3.79164
G1 X-13.903 Y-29.69 E3.80812
G1 X-13.559 Y-29.789 E3.82534
G1 X-13.027 Y-29.802 E3.85093
G1 X-12.643 Y-29.708 E3.86994
G1 X-12.335 Y-29.555 E3.88648
G1 X-12.126 Y-29.394 E3.89917
G1 X-11.86 Y-29.096 F7800
G1 E1.89917 F2400
G92 E0
G1 X-10.803 Y-35.996 F7800
G1 E2 F2400
;TYPE:Perimeter
G1 F900
G1 X-10.813 Y-35.9 E2.00464
G1 X-10.966 Y-35.428 E2.0285
G1 X-11.21 Y-34.995 E2.0524
G1 X-11.534 Y-34.619 E2.07627
G1 X-11.926 Y-34.315 E2.10013
G1 X-12.371 Y-34.094 E2.12403
G1 X-12.876 Y-33.964 E2.14911
G1 X-13.455 Y-33.949 E2.17697
G1 X-14.013 Y-34.053 E2.20427
G1 X-14.529 Y-34.284 E2.23146
G1 X-14.975 Y-34.623 E2.2584
G1 X-15.33 Y-35.051 E2.28514
G1 X-15.561 Y-35.49 E2.309
G1 X-15.701 Y-35.967 E2.33291
G1 X-15.744 Y-36.461 E2.35676
G1 X-15.688 Y-36.955 E2.38067
G1 X-15.535 Y-37.427 E2.40453
G1 X-15.291 Y-37.86 E2.42843
G1 X-14.967 Y-38.236 E2.4523
G1 X-14.575 Y-38.54 E2.47616
G1 X-14.13 Y-38.761 E2.50006
G1 X-13.578 Y-38.893 E2.52736
G1 X-13.046 Y-38.906 E2.55295
G1 X-12.489 Y-38.802 E2.5802
G1 X-12.033 Y-38.604 E2.60411
G1 X-11.626 Y-38.319 E2.62801
G1 X-11.284 Y-37.96 E2.65186
G1 X-11.019 Y-37.54 E2.67575
G1 X-10.822 Y-37.003 E2.70326
G1 X-10.755 Y-36.466 E2.72929
G1 X-10.797 Y-36.056 E2.74911
G1 X-10.797 Y-36.056 F7800
G1 X-11.179 Y-36.062
G1 F900
G1 X-11.185 Y-36.005 E2.75187
G1 X-11.309 Y-35.604 E2.77206
G1 X-11.511 Y-35.236 E2.79225
G1 X-11.782 Y-34.914 E2.81249
G1 X-12.111 Y-34.653 E2.83269
G1 X-12.485 Y-34.463 E2.85287
G1 X-12.932 Y-34.347 E2.87508
G1 X-13.464 Y-34.334 E2.90067
G1 X-13.959 Y-34.439 E2.92501
G1 X-14.399 Y-34.659 E2.94867
G1 X-14.702 Y-34.896 E2.96717
G1 X-14.996 Y-35.244 E2.98908
G1 X-15.196 Y-35.613 E3.00927
G1 X-15.318 Y-36.015 E3.02948
G1 X-15.359 Y-36.433 E3.04968
G1 X-15.316 Y-36.85 E3.06984
G1 X-15.192 Y-37.251 E3.09003
G1 X-14.99 Y-37.62 E3.11026
G1 X-14.719 Y-37.941 E3.13047
G1 X-14.39 Y-38.202 E3.15067
G1 X-14.016 Y-38.392 E3.17085
G1 X-13.569 Y-38.508 E3.19306
G1 X-13.036 Y-38.521 E3.2187
G1 X-12.584 Y-38.428 E3.2409
G1 X-12.102 Y-38.196 E3.26663
G1 X-11.775 Y-37.934 E3.28678
G1 X-11.505 Y-37.611 E3.30703
G1 X-11.305 Y-37.242 E3.32722
G1 X-11.183 Y-36.84 E3.34743
G1 X-11.142 Y-36.422 E3.36763
G1 X-11.173 Y-36.122 E3.38214
G1 X-11.173 Y-36.122 F7800
G1 X-11.554 Y-36.128
;TYPE:External perimeter
G1 F900
G1 X-11.556 Y-36.109 E3.38306
G1 X-11.653 Y-35.78 E3.39956
G1 X-11.813 Y-35.476 E3.41608
G1 X-12.03 Y-35.21 E3.43259
G1 X-12.295 Y-34.992 E3.44909
G1 X-12.598 Y-34.831 E3.46559
G1 X-12.942 Y-34.733 E3.48279
G1 X-13.474 Y-34.72 E3.50838
G1 X-13.858 Y-34.814 E3.52739
G1 X-14.166 Y-34.966 E3.54391
G1 X-14.429 Y-35.168 E3.55986
G1 X-14.662 Y-35.437 E3.57698
G1 X-14.83 Y-35.736 E3.59348
G1 X-14.936 Y-36.063 E3.61001
G1 X-14.975 Y-36.404 E3.62652
G1 X-14.945 Y-36.746 E3.64303
G1 X-14.849 Y-37.075 E3.65951
G1 X-14.689 Y-37.379 E3.67603
G1 X-14.471 Y-37.645 E3.69257
G1 X-14.206 Y-37.863 E3.70907
G1 X-13.903 Y-38.024 E3.72557
G1 X-13.559 Y-38.122 E3.74277
G1 X-13.027 Y-38.135 E3.76836
G1 X-12.643 Y-38.041 E3.78737
G1 X-12.335 Y-37.889 E3.80389
G1 X-12.064 Y-37.678 E3.82041
G1 X-11.839 Y-37.418 E3.83695
G1 X-11.671 Y-37.119 E3.85345
G1 X-11.565 Y-36.792 E3.86998
G1 X-11.526 Y-36.451 E3.88649
G1 X-11.549 Y-36.188 E3.89919
G1 X-11.655 Y-35.802 F7800
G1 E1.89919 F2400
G92 E0
G1 X-11.557 Y-17.935 F7800
G1 E2 F2400
;TYPE:Perimeter
G1 F900
G1 X-11.988 Y-17.617 E2.02576
G1 X-12.476 Y-17.397 E2.05151
G1 X-13.03 Y-17.277 E2.07877
G1 X-13.626 Y-17.293 E2.10745
G1 X-14.193 Y-17.452 E2.13577
G1 X-14.632 Y-17.685 E2.15967
G1 X-15.016 Y-18 E2.18356
G1 X-15.33 Y-18.384 E2.20742
G1 X-15.561 Y-18.824 E2.23132
G1 X-15.701 Y-19.3 E2.25518
G1 X-15.744 Y-19.795 E2.27908
G1 X-15.688 Y-20.288 E2.30294
G1 X-15.535 Y-20.76 E2.3268
G1 X-15.291 Y-21.193 E2.3507
G1 X-14.967 Y-21.569 E2.37457
G1 X-14.575 Y-21.874 E2.39846
G1 X-14.13 Y-22.094 E2.42234
G1 X-13.578 Y-22.227 E2.44965
G1 X-13.046 Y-22.24 E2.47524
G1 X-12.489 Y-22.135 E2.5025
G1 X-11.972 Y-21.905 E2.52972
G1 X-11.535 Y-21.574 E2.55609
G1 X-11.171 Y-21.137 E2.58344
G1 X-10.94 Y-20.698 E2.6073
G1 X-10.8 Y-20.222 E2.63116
G1 X-10.757 Y-19.727 E2.65506
G1 X-10.813 Y-19.234 E2.67892
G1 X-10.966 Y-18.761 E2.70283
G1 X-11.21 Y-18.328 E2.72673
G1 X-11.514 Y-17.976 E2.7491
G1 X-11.514 Y-17.976 F7800
G1 X-11.82 Y-18.219
G1 F900
G1 X-12.149 Y-17.968 E2.769
G1 X-12.635 Y-17.749 E2.79464
G1 X-13.155 Y-17.652 E2.82008
G1 X-13.622 Y-17.685 E2.8426
G1 X-14.026 Y-17.8 E2.8628
G1 X-14.399 Y-17.992 E2.88298
G1 X-14.727 Y-18.255 E2.9032
G1 X-14.996 Y-18.577 E2.92338
G1 X-15.196 Y-18.946 E2.94357
G1 X-15.318 Y-19.348 E2.96378
G1 X-15.359 Y-19.766 E2.98398
G1 X-15.316 Y-20.184 E3.00419
G1 X-15.192 Y-20.585 E3.02438
G1 X-14.99 Y-20.953 E3.04457
G1 X-14.719 Y-21.274 E3.06478
G1 X-14.39 Y-21.535 E3.08498
G1 X-14.016 Y-21.726 E3.10518
G1 X-13.56 Y-21.841 E3.1278
G1 X-13.037 Y-21.854 E3.15296
G1 X-12.526 Y-21.744 E3.1781
G1 X-12.102 Y-21.529 E3.20096
G1 X-11.775 Y-21.267 E3.22111
G1 X-11.505 Y-20.945 E3.24132
G1 X-11.305 Y-20.575 E3.26155
G1 X-11.183 Y-20.174 E3.28171
G1 X-11.142 Y-19.756 E3.30191
G1 X-11.185 Y-19.338 E3.32212
G1 X-11.309 Y-18.937 E3.34231
G1 X-11.511 Y-18.569 E3.3625
G1 X-11.774 Y-18.257 E3.38213
G1 X-12.082 Y-18.501 F7800
;TYPE:External perimeter
G1 F900
G1 X-12.308 Y-18.319 E3.39609
G1 X-12.793 Y-18.1 E3.42168
G1 X-13.184 Y-18.038 E3.44072
G1 X-13.527 Y-18.059 E3.45725
G1 X-13.858 Y-18.147 E3.47372
G1 X-14.166 Y-18.3 E3.49026
G1 X-14.437 Y-18.51 E3.50675
G1 X-14.662 Y-18.77 E3.52329
G1 X-14.83 Y-19.069 E3.53979
G1 X-14.936 Y-19.396 E3.55632
G1 X-14.975 Y-19.737 E3.57283
G1 X-14.945 Y-20.079 E3.58934
G1 X-14.849 Y-20.409 E3.60587
G1 X-14.689 Y-20.712 E3.62235
G1 X-14.471 Y-20.979 E3.63893
G1 X-14.206 Y-21.196 E3.6554
G1 X-13.903 Y-21.357 E3.6719
G1 X-13.55 Y-21.456 E3.68953
G1 X-13.027 Y-21.469 E3.71469
G1 X-12.643 Y-21.375 E3.7337
G1 X-12.335 Y-21.222 E3.75024
G1 X-12.064 Y-21.012 E3.76673
G1 X-11.839 Y-20.752 E3.78327
G1 X-11.671 Y-20.452 E3.79981
G1 X-11.565 Y-20.126 E3.8163
G1 X-11.526 Y-19.785 E3.83281
G1 X-11.556 Y-19.443 E3.84932
G1 X-11.653 Y-19.113 E3.86586
G1 X-11.813 Y-18.809 E3.88238
G1 X-12.03 Y-18.543 E3.89889
G1 X-12.035 Y-18.539 E3.8992
G1 X-12.361 Y-18.307 F7800
G1 E1.8992 F2400
G92 E0
G1 X-11.102 Y-10.187 F7800
G1 E2 F2400
;TYPE:Perimeter
G1 F900
G1 X-11.21 Y-9.995 E2.0106
G1 X-11.534 Y-9.619 E2.03447
G1 X-11.926 Y-9.315 E2.05833
G1 X-12.371 Y-9.094 E2.08223
G1 X-12.922 Y-8.962 E2.10948
G1 X-13.455 Y-8.949 E2.13512
G1 X-14.013 Y-9.053 E2.16242
G1 X-14.468 Y-9.251 E2.18629
G1 X-14.875 Y-9.536 E2.21019
G1 X-15.218 Y-9.895 E2.23407
G1 X-15.482 Y-10.315 E2.25793
G1 X-15.658 Y-10.78 E2.28184
G1 X-15.739 Y-11.269 E2.30568
G1 X-15.708 Y-11.867 E2.33448
G1 X-15.563 Y-12.368 E2.35957
G1 X-15.291 Y-12.86 E2.38661
G1 X-14.967 Y-13.236 E2.41048
G1 X-14.575 Y-13.54 E2.43434
G1 X-14.13 Y-13.761 E2.45824
G1 X-13.578 Y-13.893 E2.48554
G1 X-13.046 Y-13.906 E2.51113
G1 X-12.489 Y-13.802 E2.53838
G1 X-11.944 Y-13.555 E2.56716
G1 X-11.535 Y-13.24 E2.59199
G1 X-11.171 Y-12.804 E2.61931
G1 X-10.94 Y-12.365 E2.64317
G1 X-10.8 Y-11.888 E2.66708
G1 X-10.757 Y-11.394 E2.69093
G1 X-10.813 Y-10.9 E2.71484
G1 X-10.966 Y-10.428 E2.7387
G1 X-11.072 Y-10.239 E2.74912
G1 X-11.072 Y-10.239 F7800
G1 X-11.433 Y-10.378
G1 F900
G1 X-11.511 Y-10.236 E2.75691
G1 X-11.782 Y-9.914 E2.77715
G1 X-12.111 Y-9.653 E2.79735
G1 X-12.485 Y-9.463 E2.81753
G1 X-12.932 Y-9.347 E2.83974
G1 X-13.464 Y-9.334 E2.86533
G1 X-13.917 Y-9.427 E2.88757
G1 X-14.399 Y-9.659 E2.9133
G1 X-14.727 Y-9.921 E2.93349
G1 X-14.996 Y-10.244 E2.95371
G1 X-15.196 Y-10.613 E2.9739
G1 X-15.318 Y-11.015 E2.99411
G1 X-15.356 Y-11.317 E3.00875
G1 X-15.316 Y-11.85 E3.03446
G1 X-15.192 Y-12.251 E3.05465
G1 X-14.99 Y-12.62 E3.07488
G1 X-14.719 Y-12.941 E3.09509
G1 X-14.39 Y-13.202 E3.11529
G1 X-14.016 Y-13.392 E3.13547
G1 X-13.56 Y-13.508 E3.1581
G1 X-13.037 Y-13.521 E3.18326
G1 X-12.517 Y-13.407 E3.20886
G1 X-12.102 Y-13.196 E3.23125
G1 X-11.775 Y-12.934 E3.2514
G1 X-11.505 Y-12.611 E3.27165
G1 X-11.305 Y-12.242 E3.29184
G1 X-11.183 Y-11.84 E3.31205
G1 X-11.142 Y-11.422 E3.33225
G1 X-11.185 Y-11.005 E3.35241
G1 X-11.309 Y-10.604 E3.3726
G1 X-11.404 Y-10.431 E3.38209
G1 X-11.404 Y-10.431 F7800
G1 X-11.764 Y-10.569
;TYPE:External perimeter
G1 F900
G1 X-11.813 Y-10.476 E3.38715
G1 X-12.03 Y-10.21 E3.40366
G1 X-12.295 Y-9.992 E3.42016
G1 X-12.598 Y-9.831 E3.43666
G1 X-12.942 Y-9.733 E3.45386
G1 X-13.474 Y-9.72 E3.47945
G1 X-13.858 Y-9.814 E3.49846
G1 X-14.166 Y-9.966 E3.51498
G1 X-14.437 Y-10.177 E3.5315
G1 X-14.662 Y-10.437 E3.54804
G1 X-14.83 Y-10.736 E3.56454
G1 X-14.936 Y-11.063 E3.58107
G1 X-14.974 Y-11.365 E3.59571
G1 X-14.945 Y-11.746 E3.61409
G1 X-14.849 Y-12.075 E3.63057
G1 X-14.689 Y-12.379 E3.64709
G1 X-14.471 Y-12.645 E3.66363
G1 X-14.206 Y-12.863 E3.68013
G1 X-13.903 Y-13.024 E3.69663
G1 X-13.55 Y-13.122 E3.71425
G1 X-13.027 Y-13.135 E3.73941
G1 X-12.643 Y-13.041 E3.75842
G1 X-12.335 Y-12.889 E3.77494
G1 X-12.064 Y-12.678 E3.79146
G1 X-11.839 Y-12.418 E3.808
G1 X-11.671 Y-12.119 E3.8245
G1 X-11.565 Y-11.792 E3.84103
G1 X-11.526 Y-11.451 E3.85754
G1 X-11.556 Y-11.109 E3.87405
G1 X-11.653 Y-10.78 E3.89055
G1 X-11.736 Y-10.622 E3.89913
G1 X-11.966 Y-10.295 F7800
G1 E1.89913 F2400
G92 E0
G1 X-33.009 Y-40.431 F7800
G1 E2 F2400
;TYPE:Perimeter
G1 F3600
G1 X-5.391 Y-40.431 E3.32833
G1 X-5.391 Y-37.675 E3.46088
G1 X-5.391 Y-7.424 E4.91585
G1 X-33.009 Y-7.424 E6.24418
G1 X-33.009 Y-40.371 E7.82882
G1 X-33.009 Y-40.371 F7800
G1 X-33.395 Y-40.817
G1 F3600
G1 X-5.006 Y-40.817 E9.19423
G1 X-5.006 Y-37.675 E9.34535
G1 X-5.006 Y-7.038 E10.81888
G1 X-33.395 Y-7.038 E12.18429
G1 X-33.395 Y-40.757 E13.80606
G1 X-33.395 Y-40.757 F7800
G1 X-33.78 Y-41.203
;TYPE:External perimeter
G1 F1800
G1 X-4.62 Y-41.203 E15.20855
G1 X-4.62 Y-37.675 E15.37823
G1 X-4.62 Y-6.653 E16.87028
G1 X-33.78 Y-6.653 E18.27277
G1 X-33.78 Y-41.143 E19.93162
G1 X-33.385 Y-41.202 F7800
G1 E17.93162 F2400
G92 E0
G1 X-24.91 Y-40.316 F7800
G1 E2 F2400
;TYPE:Internal infill
;WIDTH:0.45
G1 F4800
G1 X-14.914 Y-30.32 E2.67992
G1 X-15.271 Y-30.012 E2.7026
G1 X-15.575 Y-29.63 E2.72608
G1 X-15.83 Y-29.147 E2.75235
G1 X-15.994 Y-28.579 E2.78078
G1 X-16.004 Y-27.774 E2.8195
G1 X-28.372 Y-40.142 E3.66076
G1 X-32.008 Y-40.142 E3.83564
G1 X-14.226 Y-22.361 E5.04512
G1 X-14.717 Y-22.126 E5.0713
G1 X-15.272 Y-21.678 E5.10561
G1 X-15.614 Y-21.235 E5.13253
G1 X-15.944 Y-20.442 E5.17384
G1 X-32.72 Y-37.219 E6.31496
G1 X-32.72 Y-33.583 E6.48984
G1 X-13.324 Y-14.187 E7.80913
G1 X-13.921 Y-14.128 E7.83798
G1 X-14.717 Y-13.792 E7.87954
G1 X-15.272 Y-13.345 E7.91381
G1 X-15.634 Y-12.862 E7.94284
G1 X-32.72 Y-29.947 E9.10498
G1 X-32.72 Y-26.312 E9.27981
G1 X-14.121 Y-7.713 E10.54489
G1 X-10.486 Y-7.713 E10.71972
G1 X-11.817 Y-9.045 E10.81029
G1 X-11.344 Y-9.401 E10.83876
G1 X-10.85 Y-10.02 E10.87685
G1 X-10.619 Y-10.524 E10.90352
G1 X-10.474 Y-11.337 E10.94324
G1 X-6.85 Y-7.713 E11.18974
G1 X-5.68 Y-7.713 E11.24601
G1 X-5.68 Y-10.179 E11.36462
G1 X-12.569 Y-17.068 E11.8332
G1 X-11.863 Y-17.356 E11.86987
G1 X-11.248 Y-17.824 E11.90704
G1 X-10.85 Y-18.353 E11.93888
G1 X-10.648 Y-18.783 E11.96173
G1 X-5.68 Y-13.815 E12.29965
G1 X-5.68 Y-17.45 E12.47448
G1 X-13.564 Y-25.334 E13.01074
G1 X-12.9 Y-25.341 E13.04268
G1 X-12.141 Y-25.539 E13.08041
G1 X-11.654 Y-25.811 E13.10724
G1 X-11.248 Y-26.157 E13.1329
G1 X-11.025 Y-26.431 E13.14989
G1 X-5.507 Y-20.913 E13.52522
G1 E11.52522 F2400
G92 E0
G1 X-5.507 Y-20.913 F7800
G1 X-17.583 Y-7.539
G1 E2 F2400
G1 F4800
G1 X-32.72 Y-22.676 E3.0296
G1 X-32.72 Y-19.04 E3.20448
G1 X-21.393 Y-7.713 E3.97493
G1 X-25.028 Y-7.713 E4.14976
G1 X-32.72 Y-15.405 E4.67296
G1 X-32.72 Y-11.769 E4.84784
G1 X-28.664 Y-7.713 E5.12372
G1 X-32.3 Y-7.713 E5.2986
G1 X-32.893 Y-8.307 E5.33897
G1 E3.33897 F2400
G92 E0
G1 X-32.893 Y-8.307 F7800
G1 X-14.003 Y-40.316
G1 E2 F2400
G1 F4800
G1 X-12.862 Y-39.175 E2.07761
G1 X-13.592 Y-39.182 E2.11272
G1 X-14.22 Y-39.036 E2.14373
G1 X-14.916 Y-38.657 E2.18185
G1 X-15.449 Y-38.126 E2.21804
G1 X-17.465 Y-40.142 E2.35517
G1 X-21.101 Y-40.142 E2.53005
G1 X-5.68 Y-24.722 E3.57893
G1 X-5.68 Y-28.357 E3.75376
G1 X-11.551 Y-34.228 E4.1531
G1 X-10.981 Y-34.818 E4.19256
G1 X-10.707 Y-35.3 E4.21923
G1 X-10.492 Y-36.063 E4.25736
G1 X-10.509 Y-36.822 E4.29387
G1 X-5.68 Y-31.993 E4.62233
G1 X-5.68 Y-35.629 E4.79721
G1 X-10.194 Y-40.142 E5.10421
G1 X-6.558 Y-40.142 E5.27909
G1 X-5.507 Y-39.091 E5.35058
;LAYER_CHANGE
;Z:3.65
;HEIGHT:0.3
G1 Z3.65 F7800
G1 E3.35058 F2400
G92 E0
G1 X-5.507 Y-39.091 F7800
G1 X-36.859 Y-15.027
G1 E2 F2400
;TYPE:Support material
;WIDTH:0.35
G1 F3600
G1 X-36.842 Y-15.229 E2.00722
G1 X-36.571 Y-15.552 E2.02224
G1 X-35.867 Y-15.762 E2.04841
G1 X-35.854 Y-16.111 E2.06085
G1 X-35.586 Y-16.067 E2.07053
G1 X-35.323 Y-15.916 E2.08133
G1 X-35.005 Y-15.498 E2.10004
G1 X-34.938 Y-15.195 E2.11109
G1 X-35.044 Y-14.548 E2.13445
G1 X-35.42 Y-14.31 E2.1503
G1 X-36.195 Y-14.201 E2.17818
G1 X-36.843 Y-14.415 E2.20249
G1 X-37.131 Y-14.733 E2.21777
G1 X-37.216 Y-15.175 E2.2338
G1 X-37.01 Y-15.628 E2.25153
G1 X-36.504 Y-15.979 E2.27347
G1 X-35.897 Y-16.113 E2.29561
G1 E.29561 F2400
G92 E0
G1 X-35.897 Y-16.113 F7800
G1 X-38.195 Y-15.503
G1 E2 F2400
G1 F3600
G1 X-38 Y-15.385 E2.00812
G1 X-38.202 Y-15.39 E2.01532
G1 X-38.324 Y-15.488 E2.02089
G1 X-38.195 Y-15.503 E2.02552
G1 X-38.105 Y-15.842 E2.03801
G1 X-37.896 Y-15.77 E2.04588
G1 X-37.706 Y-15.599 E2.05499
G1 X-37.631 Y-15.396 E2.0627
G1 X-37.671 Y-15.212 E2.06941
G1 X-37.814 Y-15.072 E2.07654
G1 X-38.063 Y-15.007 E2.08571
G1 X-38.338 Y-15.059 E2.09568
G1 X-38.558 Y-15.208 E2.10515
G1 X-38.664 Y-15.368 E2.11199
G1 X-38.649 Y-15.658 E2.12233
G1 X-38.394 Y-15.842 E2.13353
G1 X-38.146 Y-15.856 E2.14238
G1 E.14238 F2400
G92 E0
G1 X-38.146 Y-15.856 F7800
G1 X-36.491 Y-19.243
G1 E2 F2400
G1 F3600
G1 X-36.41 Y-19.055 E2.00729
G1 X-36.455 Y-18.792 E2.0168
G1 X-36.542 Y-19.04 E2.02616
G1 X-36.428 Y-19.608 E2.0468
G1 X-36.138 Y-19.364 E2.0603
G1 X-36.058 Y-19.103 E2.07002
G1 X-36.149 Y-18.609 E2.08791
G1 X-36.427 Y-18.412 E2.10005
G1 X-36.648 Y-18.483 E2.10832
G1 X-36.784 Y-18.634 E2.11556
G1 X-36.895 Y-19.035 E2.13038
G1 X-36.793 Y-19.432 E2.14498
G1 X-36.662 Y-19.573 E2.15184
G1 X-36.468 Y-19.624 E2.15899
G1 X-36.468 Y-19.624 F7800
G1 X-36.249 Y-20.979
G1 F3600
G1 X-36.23 Y-20.799 E2.16544
G1 X-36.363 Y-20.538 E2.17588
G1 X-36.363 Y-20.806 E2.18543
G1 X-36.159 Y-21.35 E2.20613
G1 X-35.957 Y-21.198 E2.21514
G1 X-35.879 Y-20.748 E2.23141
G1 X-36.113 Y-20.279 E2.25008
G1 X-36.298 Y-20.171 E2.25771
G1 X-36.486 Y-20.175 E2.26441
G1 X-36.72 Y-20.483 E2.27819
G1 X-36.697 Y-20.918 E2.29371
G1 X-36.47 Y-21.261 E2.30836
G1 X-36.201 Y-21.359 E2.31856
G1 E.31856 F2400
G92 E0
G1 X-36.201 Y-21.359 F7800
G1 X-36.471 Y-24.221
G1 E2 F2400
G1 F3600
G1 X-36.425 Y-24.174 E2.00234
G1 X-36.482 Y-24.13 E2.00491
G1 X-36.531 Y-24.174 E2.00726
G1 X-36.471 Y-24.221 E2.00998
G1 X-36.467 Y-24.572 E2.02248
G1 X-36.199 Y-24.469 E2.03271
G1 X-36.067 Y-24.174 E2.04422
G1 X-36.199 Y-23.879 E2.05573
G1 X-36.514 Y-23.774 E2.06756
G1 X-36.809 Y-23.938 E2.07958
G1 X-36.881 Y-24.248 E2.09092
G1 X-36.809 Y-24.41 E2.09724
G1 X-36.51 Y-24.575 E2.10941
G1 E.10941 F2400
G92 E0
G1 X-36.51 Y-24.575 F7800
G1 X-35.043 Y-27.53
G1 E2 F2400
G1 F3600
G1 X-34.908 Y-27.467 E2.00531
G1 X-35.051 Y-27.411 E2.01078
G1 X-35.221 Y-27.474 E2.01724
G1 X-35.043 Y-27.53 E2.02389
G1 X-34.988 Y-27.876 E2.03637
G1 X-34.834 Y-27.839 E2.04201
G1 X-34.576 Y-27.608 E2.05435
G1 X-34.577 Y-27.322 E2.06454
G1 X-34.833 Y-27.1 E2.07661
G1 X-35.248 Y-27.082 E2.09141
G1 X-35.427 Y-27.174 E2.09858
G1 X-35.59 Y-27.458 E2.11025
G1 X-35.428 Y-27.773 E2.12287
G1 X-35.03 Y-27.884 E2.13759
G1 E.13759 F2400
G92 E0
G1 X-35.03 Y-27.884 F7800
G1 X-35.735 Y-32.418
G1 E2 F2400
G1 F3600
G1 X-36.094 Y-32.688 E2.016
G1 X-35.748 Y-33.071 E2.03439
G1 X-35.391 Y-33.202 E2.04794
G1 X-35.372 Y-33.551 E2.06039
G1 X-34.802 Y-33.46 E2.08095
G1 X-34.596 Y-33.308 E2.09007
G1 X-34.433 Y-32.973 E2.10334
G1 X-34.439 Y-32.652 E2.11478
G1 X-34.647 Y-32.326 E2.12856
G1 X-35.075 Y-32.064 E2.14644
G1 X-35.33 Y-31.979 E2.15602
G1 X-35.685 Y-32.017 E2.16874
G1 X-36.155 Y-32.299 E2.18827
G1 X-37.087 Y-31.963 E2.22356
G1 X-37.401 Y-32.06 E2.23527
G1 X-37.54 Y-32.31 E2.24546
G1 X-37.513 Y-32.46 E2.25089
G1 X-37.286 Y-32.709 E2.26289
G1 X-36.939 Y-32.808 E2.27574
G1 X-36.582 Y-32.733 E2.28874
G1 X-35.972 Y-33.345 E2.31952
G1 X-35.673 Y-33.525 E2.33195
G1 X-35.415 Y-33.553 E2.34119
G1 E.34119 F2400
G92 E0
G1 X-35.415 Y-33.553 F7800
G1 X-40.226 Y-31.861
G1 E2 F2400
G1 F3600
G1 X-40.209 Y-31.78 E2.00295
G1 X-40.262 Y-31.82 E2.00532
G1 X-40.241 Y-32.213 E2.01934
G1 X-39.961 Y-32.125 E2.0298
G1 X-39.857 Y-31.988 E2.03593
G1 X-39.857 Y-31.653 E2.04786
G1 X-40.112 Y-31.435 E2.05981
G1 X-40.443 Y-31.489 E2.07176
G1 X-40.619 Y-31.783 E2.08397
G1 X-40.561 Y-32.028 E2.09294
G1 X-40.284 Y-32.215 E2.10485
G1 E.10485 F2400
G92 E0
G1 X-40.284 Y-32.215 F7800
G1 X-43.572 Y-32.336
G1 E2 F2400
G1 F3600
G1 X-43.378 Y-32.255 E2.00749
G1 X-43.551 Y-32.203 E2.01393
G1 X-43.834 Y-32.288 E2.02446
G1 X-43.572 Y-32.336 E2.03395
G1 X-43.493 Y-32.677 E2.04642
G1 X-43.309 Y-32.626 E2.05322
G1 X-43.032 Y-32.381 E2.06639
G1 X-43.035 Y-32.109 E2.07608
G1 X-43.308 Y-31.894 E2.08846
G1 X-43.777 Y-31.871 E2.10519
G1 X-44.153 Y-32.105 E2.12097
G1 X-44.215 Y-32.274 E2.12738
G1 X-44.157 Y-32.472 E2.13473
G1 X-44.003 Y-32.604 E2.14196
G1 X-43.534 Y-32.687 E2.15893
G1 X-43.534 Y-32.687 F7800
G1 X-45.32 Y-32.369
G1 F3600
G1 X-45.14 Y-32.312 E2.16566
G1 X-45.337 Y-32.241 E2.17312
G1 X-45.571 Y-32.299 E2.18171
G1 X-45.32 Y-32.369 E2.19099
G1 X-45.253 Y-32.713 E2.20347
G1 X-45.005 Y-32.653 E2.21256
G1 X-44.813 Y-32.497 E2.22137
G1 X-44.756 Y-32.296 E2.22881
G1 X-44.815 Y-32.126 E2.23522
G1 X-45.016 Y-31.962 E2.24446
G1 X-45.316 Y-31.886 E2.25548
G1 X-45.814 Y-32.032 E2.27397
G1 X-45.949 Y-32.291 E2.28437
G1 X-45.814 Y-32.56 E2.29509
G1 X-45.294 Y-32.723 E2.3145
G1 E.3145 F2400
G92 E0
G1 X-45.294 Y-32.723 F7800
G1 X-46.556 Y-29.158
G1 E2 F2400
G1 F3600
G1 X-46.509 Y-28.898 E2.00941
G1 X-46.587 Y-28.721 E2.0163
G1 X-46.637 Y-28.952 E2.02472
G1 X-46.474 Y-29.528 E2.04605
G1 X-46.247 Y-29.338 E2.0566
G1 X-46.158 Y-28.848 E2.07434
G1 X-46.386 Y-28.414 E2.0918
G1 X-46.584 Y-28.342 E2.09931
G1 X-46.753 Y-28.387 E2.10554
G1 X-46.888 Y-28.53 E2.11255
G1 X-46.991 Y-28.964 E2.12844
G1 X-46.899 Y-29.291 E2.14054
G1 X-46.773 Y-29.446 E2.14766
G1 X-46.516 Y-29.538 E2.15738
G1 E.15738 F2400
G92 E0
G1 X-46.682 Y-27.419 F7800
G1 E2 F2400
G1 F3600
G1 X-46.645 Y-27.138 E2.0101
G1 X-46.728 Y-26.969 E2.01681
G1 X-46.772 Y-27.164 E2.02393
G1 X-46.656 Y-27.794 E2.04675
G1 X-46.528 Y-27.763 E2.05144
G1 X-46.37 Y-27.6 E2.05953
G1 X-46.297 Y-27.069 E2.07862
G1 X-46.533 Y-26.661 E2.09541
G1 X-46.766 Y-26.587 E2.10412
G1 X-47.032 Y-26.782 E2.11587
G1 X-47.125 Y-27.17 E2.13008
G1 X-47.008 Y-27.577 E2.14517
G1 X-46.698 Y-27.804 E2.15886
G1 E.15886 F2400
G92 E0
G1 X-46.698 Y-27.804 F7800
G1 X-46.647 Y-23.446
G1 E2 F2400
G1 F3600
G1 X-46.583 Y-23.168 E2.01016
G1 X-46.643 Y-23.023 E2.01575
G1 X-46.706 Y-23.293 E2.02563
G1 X-46.613 Y-23.822 E2.04476
G1 X-46.322 Y-23.609 E2.05761
G1 X-46.231 Y-23.115 E2.0755
G1 X-46.313 Y-22.869 E2.08474
G1 X-46.458 Y-22.703 E2.09259
G1 X-46.639 Y-22.645 E2.09936
G1 X-46.944 Y-22.835 E2.11216
G1 X-47.059 Y-23.305 E2.1294
G1 X-46.968 Y-23.608 E2.14067
G1 X-46.689 Y-23.823 E2.15322
G1 E.15322 F2400
G92 E0
G1 X-46.689 Y-23.823 F7800
G1 X-46.684 Y-21.746
G1 E2 F2400
G1 F3600
G1 X-46.644 Y-21.462 E2.01022
G1 X-46.722 Y-21.301 E2.01659
G1 X-46.77 Y-21.5 E2.02388
G1 X-46.656 Y-22.118 E2.04627
G1 X-46.52 Y-22.083 E2.05127
G1 X-46.37 Y-21.922 E2.05911
G1 X-46.287 Y-21.672 E2.06849
G1 X-46.296 Y-21.394 E2.0784
G1 X-46.528 Y-20.991 E2.09497
G1 X-46.761 Y-20.92 E2.10365
G1 X-47.029 Y-21.118 E2.11552
G1 X-47.123 Y-21.504 E2.12967
G1 X-47.006 Y-21.909 E2.14469
G1 X-46.697 Y-22.129 E2.1582
G1 E.1582 F2400
G92 E0
G1 X-46.697 Y-22.129 F7800
G1 X-46.835 Y-18.05
G1 E2 F2400
G1 F3600
G1 X-46.613 Y-17.96 E2.00853
G1 X-46.796 Y-17.611 E2.02257
G1 X-46.853 Y-18.443 E2.05228
G1 X-46.393 Y-18.259 E2.06993
G1 X-46.25 Y-18.038 E2.07931
G1 X-46.43 Y-17.501 E2.09949
G1 X-46.761 Y-17.244 E2.11442
G1 X-46.948 Y-17.276 E2.12118
G1 X-47.077 Y-17.392 E2.12736
G1 X-47.185 Y-17.764 E2.14116
G1 X-47.141 Y-18.295 E2.16014
G1 X-46.895 Y-18.452 E2.17054
G1 E.17054 F2400
G92 E0
G1 X-46.895 Y-18.452 F7800
G1 X-46.971 Y-16.399
G1 E2 F2400
G1 F3600
G1 X-46.935 Y-16.132 E2.0096
G1 X-47.025 Y-15.956 E2.01664
G1 X-47.064 Y-16.14 E2.02334
G1 X-46.951 Y-16.766 E2.046
G1 X-46.817 Y-16.739 E2.05087
G1 X-46.662 Y-16.585 E2.05865
G1 X-46.579 Y-16.342 E2.0678
G1 X-46.587 Y-16.064 E2.07771
G1 X-46.825 Y-15.653 E2.09463
G1 X-47.064 Y-15.577 E2.10356
G1 X-47.326 Y-15.766 E2.11507
G1 X-47.416 Y-16.149 E2.12909
G1 X-47.294 Y-16.554 E2.14416
G1 X-46.993 Y-16.774 E2.15744
G1 E.15744 F2400
G92 E0
G1 X-46.993 Y-16.774 F7800
G1 X-43.974 Y-15.891
G1 E2 F2400
G1 F3600
G1 X-43.63 Y-15.799 E2.01269
G1 X-43.888 Y-15.679 E2.02283
G1 X-44.006 Y-16.245 E2.04343
G1 X-43.473 Y-16.132 E2.06284
G1 X-43.312 Y-15.979 E2.07075
G1 X-43.261 Y-15.797 E2.07748
G1 X-43.317 Y-15.613 E2.08433
G1 X-43.486 Y-15.455 E2.09257
G1 X-43.81 Y-15.333 E2.1049
G1 X-44.08 Y-15.367 E2.11459
G1 X-44.185 Y-15.468 E2.11978
G1 X-44.356 Y-15.995 E2.13952
G1 X-44.205 Y-16.207 E2.14879
G1 X-44.048 Y-16.249 E2.15458
G1 E.15458 F2400
G92 E0
G1 X-44.048 Y-16.249 F7800
G1 X-41.938 Y-15.802
G1 E2 F2400
G1 F3600
G1 X-41.759 Y-15.721 E2.007
G1 X-41.915 Y-15.673 E2.01281
G1 X-42.159 Y-15.757 E2.022
G1 X-41.938 Y-15.802 E2.03003
G1 X-41.861 Y-16.144 E2.04252
G1 X-41.688 Y-16.096 E2.04892
G1 X-41.419 Y-15.85 E2.06191
G1 X-41.423 Y-15.572 E2.07181
G1 X-41.688 Y-15.36 E2.0839
G1 X-42.133 Y-15.345 E2.09976
G1 X-42.48 Y-15.584 E2.11477
G1 X-42.535 Y-15.751 E2.12103
G1 X-42.486 Y-15.929 E2.12761
G1 X-42.341 Y-16.068 E2.13477
G1 X-41.903 Y-16.154 E2.15067
G1 E.15067 F2400
G92 E0
G1 X-11.557 Y-17.935 F7800
G1 E2 F2400
;TYPE:Perimeter
;WIDTH:0.45
G1 F900
G1 X-11.988 Y-17.617 E2.02576
G1 X-12.476 Y-17.397 E2.05151
G1 X-13.03 Y-17.277 E2.07877
G1 X-13.626 Y-17.293 E2.10745
G1 X-14.193 Y-17.452 E2.13577
G1 X-14.632 Y-17.685 E2.15967
G1 X-15.016 Y-18 E2.18356
G1 X-15.33 Y-18.384 E2.20742
G1 X-15.536 Y-18.757 E2.22791
G1 X-15.694 Y-19.253 E2.25295
G1 X-15.744 Y-19.795 E2.27913
G1 X-15.688 Y-20.288 E2.30299
G1 X-15.535 Y-20.76 E2.32685
G1 X-15.291 Y-21.193 E2.35075
G1 X-14.967 Y-21.569 E2.37462
G1 X-14.575 Y-21.874 E2.39851
G1 X-14.13 Y-22.094 E2.42239
G1 X-13.579 Y-22.226 E2.44964
G1 X-13.046 Y-22.24 E2.47528
G1 X-12.489 Y-22.135 E2.50254
G1 X-11.988 Y-21.914 E2.52888
G1 X-11.581 Y-21.616 E2.55314
G1 X-11.171 Y-21.137 E2.58347
G1 X-10.94 Y-20.698 E2.60733
G1 X-10.8 Y-20.222 E2.63119
G1 X-10.757 Y-19.727 E2.65509
G1 X-10.813 Y-19.234 E2.67895
G1 X-10.966 Y-18.761 E2.70286
G1 X-11.21 Y-18.328 E2.72676
G1 X-11.514 Y-17.976 E2.74913
G1 X-11.514 Y-17.976 F7800
G1 X-11.82 Y-18.219
G1 F900
G1 X-12.149 Y-17.968 E2.76903
G1 X-12.635 Y-17.749 E2.79467
G1 X-13.155 Y-17.652 E2.82011
G1 X-13.622 Y-17.685 E2.84263
G1 X-14.026 Y-17.8 E2.86283
G1 X-14.399 Y-17.992 E2.88301
G1 X-14.727 Y-18.255 E2.90323
G1 X-14.996 Y-18.577 E2.92341
G1 X-15.181 Y-18.907 E2.94161
G1 X-15.318 Y-19.348 E2.96382
G1 X-15.359 Y-19.766 E2.98402
G1 X-15.316 Y-20.184 E3.00423
G1 X-15.192 Y-20.585 E3.02442
G1 X-14.99 Y-20.953 E3.04461
G1 X-14.719 Y-21.274 E3.06482
G1 X-14.39 Y-21.535 E3.08502
G1 X-14.016 Y-21.726 E3.10522
G1 X-13.559 Y-21.841 E3.12789
G1 X-13.037 Y-21.854 E3.153
G1 X-12.501 Y-21.734 E3.17942
G1 X-12.102 Y-21.529 E3.201
G1 X-11.775 Y-21.267 E3.22115
G1 X-11.505 Y-20.945 E3.24136
G1 X-11.305 Y-20.575 E3.26159
G1 X-11.183 Y-20.174 E3.28175
G1 X-11.142 Y-19.756 E3.30195
G1 X-11.185 Y-19.338 E3.32216
G1 X-11.309 Y-18.937 E3.34235
G1 X-11.511 Y-18.569 E3.36254
G1 X-11.774 Y-18.257 E3.38217
G1 X-12.082 Y-18.501 F7800
;TYPE:External perimeter
G1 F900
G1 X-12.308 Y-18.319 E3.39613
G1 X-12.793 Y-18.1 E3.42172
G1 X-13.184 Y-18.038 E3.44076
G1 X-13.527 Y-18.059 E3.45729
G1 X-13.858 Y-18.147 E3.47376
G1 X-14.166 Y-18.3 E3.4903
G1 X-14.437 Y-18.51 E3.50679
G1 X-14.662 Y-18.77 E3.52333
G1 X-14.825 Y-19.056 E3.53916
G1 X-14.936 Y-19.396 E3.55636
G1 X-14.975 Y-19.737 E3.57287
G1 X-14.945 Y-20.079 E3.58938
G1 X-14.849 Y-20.409 E3.60591
G1 X-14.689 Y-20.712 E3.62239
G1 X-14.471 Y-20.978 E3.63893
G1 X-14.206 Y-21.196 E3.65543
G1 X-13.903 Y-21.357 E3.67193
G1 X-13.55 Y-21.456 E3.68956
G1 X-13.027 Y-21.469 E3.71472
G1 X-12.643 Y-21.375 E3.73373
G1 X-12.335 Y-21.222 E3.75027
G1 X-12.064 Y-21.012 E3.76676
G1 X-11.839 Y-20.752 E3.7833
G1 X-11.671 Y-20.453 E3.7998
G1 X-11.565 Y-20.126 E3.81633
G1 X-11.526 Y-19.785 E3.83284
G1 X-11.556 Y-19.443 E3.84935
G1 X-11.653 Y-19.113 E3.86589
G1 X-11.813 Y-18.809 E3.88241
G1 X-12.03 Y-18.543 E3.89892
G1 X-12.035 Y-18.539 E3.89923
G1 X-12.361 Y-18.307 F7800
G1 E1.89923 F2400
G92 E0
G1 X-11.102 Y-10.187 F7800
G1 E2 F2400
;TYPE:Perimeter
G1 F900
G1 X-11.21 Y-9.995 E2.0106
G1 X-11.534 Y-9.619 E2.03447
G1 X-11.926 Y-9.315 E2.05833
G1 X-12.371 Y-9.094 E2.08223
G1 X-12.922 Y-8.962 E2.10948
G1 X-13.455 Y-8.949 E2.13512
G1 X-14.013 Y-9.053 E2.16242
G1 X-14.468 Y-9.251 E2.18629
G1 X-14.875 Y-9.536 E2.21019
G1 X-15.218 Y-9.895 E2.23407
G1 X-15.482 Y-10.315 E2.25793
G1 X-15.658 Y-10.78 E2.28184
G1 X-15.739 Y-11.269 E2.30568
G1 X-15.708 Y-11.867 E2.33448
G1 X-15.563 Y-12.368 E2.35957
G1 X-15.291 Y-12.86 E2.38661
G1 X-14.967 Y-13.236 E2.41048
G1 X-14.575 Y-13.54 E2.43434
G1 X-14.13 Y-13.761 E2.45824
G1 X-13.579 Y-13.893 E2.48549
G1 X-13.046 Y-13.906 E2.51113
G1 X-12.489 Y-13.802 E2.53838
G1 X-11.944 Y-13.555 E2.56716
G1 X-11.535 Y-13.24 E2.59199
G1 X-11.171 Y-12.804 E2.61931
G1 X-10.94 Y-12.365 E2.64317
G1 X-10.8 Y-11.888 E2.66708
G1 X-10.757 Y-11.394 E2.69093
G1 X-10.813 Y-10.9 E2.71484
G1 X-10.966 Y-10.428 E2.7387
G1 X-11.072 Y-10.239 E2.74912
G1 X-11.072 Y-10.239 F7800
G1 X-11.433 Y-10.378
G1 F900
G1 X-11.511 Y-10.236 E2.75691
G1 X-11.782 Y-9.914 E2.77715
G1 X-12.111 Y-9.653 E2.79735
G1 X-12.485 Y-9.463 E2.81753
G1 X-12.932 Y-9.347 E2.83974
G1 X-13.464 Y-9.334 E2.86533
G1 X-13.917 Y-9.427 E2.88757
G1 X-14.399 Y-9.659 E2.9133
G1 X-14.727 Y-9.922 E2.93352
G1 X-14.996 Y-10.244 E2.9537
G1 X-15.196 Y-10.613 E2.97389
G1 X-15.318 Y-11.015 E2.9941
G1 X-15.356 Y-11.317 E3.00874
G1 X-15.316 Y-11.85 E3.03445
G1 X-15.192 Y-12.251 E3.05464
G1 X-14.99 Y-12.62 E3.07487
G1 X-14.719 Y-12.941 E3.09508
G1 X-14.39 Y-13.202 E3.11528
G1 X-14.016 Y-13.392 E3.13546
G1 X-13.559 Y-13.508 E3.15814
G1 X-13.037 Y-13.521 E3.18325
G1 X-12.517 Y-13.407 E3.20885
G1 X-12.102 Y-13.196 E3.23124
G1 X-11.775 Y-12.934 E3.25139
G1 X-11.505 Y-12.611 E3.27164
G1 X-11.305 Y-12.242 E3.29183
G1 X-11.183 Y-11.84 E3.31204
G1 X-11.142 Y-11.422 E3.33224
G1 X-11.185 Y-11.005 E3.3524
G1 X-11.309 Y-10.604 E3.37259
G1 X-11.404 Y-10.431 E3.38208
G1 X-11.404 Y-10.431 F7800
G1 X-11.764 Y-10.569
;TYPE:External perimeter
G1 F900
G1 X-11.813 Y-10.476 E3.38714
G1 X-12.03 Y-10.21 E3.40365
G1 X-12.295 Y-9.992 E3.42015
G1 X-12.599 Y-9.831 E3.4367
G1 X-12.942 Y-9.733 E3.45386
G1 X-13.474 Y-9.72 E3.47945
G1 X-13.858 Y-9.814 E3.49846
G1 X-14.166 Y-9.966 E3.51498
G1 X-14.437 Y-10.177 E3.5315
G1 X-14.662 Y-10.437 E3.54804
G1 X-14.83 Y-10.736 E3.56454
G1 X-14.936 Y-11.063 E3.58107
G1 X-14.974 Y-11.365 E3.59571
G1 X-14.945 Y-11.746 E3.61409
G1 X-14.849 Y-12.075 E3.63057
G1 X-14.689 Y-12.379 E3.64709
G1 X-14.471 Y-12.645 E3.66363
G1 X-14.206 Y-12.863 E3.68013
G1 X-13.903 Y-13.024 E3.69663
G1 X-13.55 Y-13.122 E3.71425
G1 X-13.027 Y-13.135 E3.73941
G1 X-12.643 Y-13.041 E3.75842
G1 X-12.335 Y-12.889 E3.77494
G1 X-12.064 Y-12.678 E3.79146
G1 X-11.839 Y-12.418 E3.808
G1 X-11.671 Y-12.119 E3.8245
G1 X-11.565 Y-11.792 E3.84103
G1 X-11.526 Y-11.451 E3.85754
G1 X-11.556 Y-11.109 E3.87405
G1 X-11.653 Y-10.78 E3.89055
G1 X-11.736 Y-10.622 E3.89913
G1 X-11.966 Y-10.295 F7800
G1 E1.89913 F2400
G92 E0
G1 X-11.555 Y-29.922 F7800
G1 E2 F2400
;TYPE:Perimeter
G1 F900
G1 X-11.535 Y-29.907 E2.0012
G1 X-11.171 Y-29.471 E2.02852
G1 X-10.94 Y-29.031 E2.05242
G1 X-10.8 Y-28.555 E2.07628
G1 X-10.757 Y-28.06 E2.10018
G1 X-10.835 Y-27.499 E2.12742
G1 X-11.018 Y-26.998 E2.15307
G1 X-11.319 Y-26.517 E2.18036
G1 X-11.714 Y-26.128 E2.20702
G1 X-12.212 Y-25.825 E2.23506
G1 X-12.687 Y-25.663 E2.2592
G1 X-13.222 Y-25.601 E2.2851
G1 X-13.717 Y-25.645 E2.309
G1 X-14.193 Y-25.786 E2.33288
G1 X-14.632 Y-26.018 E2.35676
G1 X-15.016 Y-26.333 E2.38065
G1 X-15.33 Y-26.718 E2.40454
G1 X-15.561 Y-27.157 E2.4284
G1 X-15.701 Y-27.633 E2.45226
G1 X-15.744 Y-28.128 E2.47616
G1 X-15.688 Y-28.621 E2.50002
G1 X-15.535 Y-29.094 E2.52393
G1 X-15.291 Y-29.527 E2.54783
G1 X-14.967 Y-29.903 E2.5717
G1 X-14.63 Y-30.175 E2.59253
G1 X-14.13 Y-30.427 E2.61946
G1 X-13.579 Y-30.56 E2.64672
G1 X-13.046 Y-30.573 E2.67236
G1 X-12.489 Y-30.468 E2.69962
G1 X-11.972 Y-30.238 E2.72684
G1 X-11.603 Y-29.959 E2.74909
G1 X-11.603 Y-29.959 F7800
G1 X-11.82 Y-29.636
G1 F900
G1 X-11.775 Y-29.6 E2.75186
G1 X-11.505 Y-29.278 E2.77207
G1 X-11.305 Y-28.909 E2.79226
G1 X-11.183 Y-28.507 E2.81247
G1 X-11.142 Y-28.089 E2.83267
G1 X-11.198 Y-27.631 E2.85486
G1 X-11.38 Y-27.13 E2.8805
G1 X-11.69 Y-26.674 E2.90702
G1 X-12.024 Y-26.379 E2.92845
G1 X-12.388 Y-26.17 E2.94864
G1 X-12.786 Y-26.037 E2.96882
G1 X-13.203 Y-25.986 E2.98903
G1 X-13.622 Y-26.018 E3.00924
G1 X-14.026 Y-26.133 E3.02944
G1 X-14.399 Y-26.326 E3.04964
G1 X-14.727 Y-26.588 E3.06983
G1 X-14.996 Y-26.91 E3.09001
G1 X-15.196 Y-27.28 E3.11024
G1 X-15.318 Y-27.681 E3.1304
G1 X-15.359 Y-28.099 E3.1506
G1 X-15.316 Y-28.517 E3.17081
G1 X-15.192 Y-28.918 E3.191
G1 X-14.99 Y-29.286 E3.21119
G1 X-14.719 Y-29.607 E3.2314
G1 X-14.423 Y-29.849 E3.24979
G1 X-14.016 Y-30.059 E3.27182
G1 X-13.569 Y-30.174 E3.29402
G1 X-13.037 Y-30.188 E3.31962
G1 X-12.542 Y-30.082 E3.34397
G1 X-12.102 Y-29.863 E3.36761
G1 X-11.867 Y-29.674 E3.38211
G1 X-11.867 Y-29.674 F7800
G1 X-12.079 Y-29.357
;TYPE:External perimeter
G1 F900
G1 X-12.064 Y-29.345 E3.38303
G1 X-11.839 Y-29.085 E3.39957
G1 X-11.671 Y-28.786 E3.41607
G1 X-11.565 Y-28.459 E3.4326
G1 X-11.526 Y-28.118 E3.44911
G1 X-11.56 Y-27.763 E3.46626
G1 X-11.742 Y-27.262 E3.4919
G1 X-11.97 Y-26.939 E3.51092
G1 X-12.225 Y-26.708 E3.52747
G1 X-12.52 Y-26.532 E3.54399
G1 X-12.844 Y-26.419 E3.56049
G1 X-13.184 Y-26.371 E3.577
G1 X-13.527 Y-26.392 E3.59353
G1 X-13.858 Y-26.481 E3.61002
G1 X-14.166 Y-26.633 E3.62654
G1 X-14.437 Y-26.843 E3.64303
G1 X-14.662 Y-27.103 E3.65957
G1 X-14.83 Y-27.403 E3.67611
G1 X-14.936 Y-27.729 E3.6926
G1 X-14.975 Y-28.07 E3.70911
G1 X-14.945 Y-28.413 E3.72567
G1 X-14.849 Y-28.742 E3.74215
G1 X-14.689 Y-29.046 E3.75867
G1 X-14.471 Y-29.312 E3.77521
G1 X-14.217 Y-29.523 E3.79109
G1 X-13.903 Y-29.69 E3.8082
G1 X-13.559 Y-29.789 E3.82542
G1 X-13.027 Y-29.802 E3.85101
G1 X-12.643 Y-29.708 E3.87002
G1 X-12.335 Y-29.555 E3.88656
G1 X-12.126 Y-29.394 E3.89925
G1 X-11.86 Y-29.096 F7800
G1 E1.89925 F2400
G92 E0
G1 X-10.803 Y-35.996 F7800
G1 E2 F2400
;TYPE:Perimeter
G1 F900
G1 X-10.813 Y-35.9 E2.00464
G1 X-10.966 Y-35.428 E2.0285
G1 X-11.21 Y-34.995 E2.0524
G1 X-11.534 Y-34.619 E2.07627
G1 X-11.926 Y-34.315 E2.10013
G1 X-12.371 Y-34.094 E2.12403
G1 X-12.876 Y-33.964 E2.14911
G1 X-13.455 Y-33.949 E2.17697
G1 X-14.013 Y-34.053 E2.20427
G1 X-14.529 Y-34.284 E2.23146
G1 X-14.975 Y-34.623 E2.2584
G1 X-15.33 Y-35.051 E2.28514
G1 X-15.561 Y-35.49 E2.309
G1 X-15.701 Y-35.967 E2.33291
G1 X-15.744 Y-36.461 E2.35676
G1 X-15.688 Y-36.955 E2.38067
G1 X-15.535 Y-37.427 E2.40453
G1 X-15.291 Y-37.86 E2.42843
G1 X-14.967 Y-38.236 E2.4523
G1 X-14.575 Y-38.54 E2.47616
G1 X-14.13 Y-38.761 E2.50006
G1 X-13.579 Y-38.893 E2.52731
G1 X-13.046 Y-38.906 E2.55295
G1 X-12.489 Y-38.802 E2.5802
G1 X-12.033 Y-38.604 E2.60411
G1 X-11.626 Y-38.319 E2.62801
G1 X-11.284 Y-37.96 E2.65186
G1 X-11.019 Y-37.54 E2.67575
G1 X-10.822 Y-37.003 E2.70326
G1 X-10.755 Y-36.466 E2.72929
G1 X-10.797 Y-36.056 E2.74911
G1 X-10.797 Y-36.056 F7800
G1 X-11.179 Y-36.062
G1 F900
G1 X-11.185 Y-36.005 E2.75187
G1 X-11.309 Y-35.604 E2.77206
G1 X-11.511 Y-35.236 E2.79225
G1 X-11.782 Y-34.914 E2.81249
G1 X-12.111 Y-34.653 E2.83269
G1 X-12.485 Y-34.463 E2.85287
G1 X-12.904 Y-34.349 E2.87376
G1 X-13.464 Y-34.334 E2.9007
G1 X-13.959 Y-34.439 E2.92504
G1 X-14.399 Y-34.659 E2.9487
G1 X-14.727 Y-34.922 E2.96892
G1 X-14.996 Y-35.244 E2.9891
G1 X-15.196 Y-35.613 E3.00929
G1 X-15.318 Y-36.015 E3.0295
G1 X-15.359 Y-36.433 E3.0497
G1 X-15.316 Y-36.85 E3.06986
G1 X-15.192 Y-37.251 E3.09005
G1 X-14.99 Y-37.62 E3.11028
G1 X-14.719 Y-37.941 E3.13049
G1 X-14.39 Y-38.202 E3.15069
G1 X-14.016 Y-38.392 E3.17087
G1 X-13.569 Y-38.508 E3.19308
G1 X-13.037 Y-38.521 E3.21867
G1 X-12.584 Y-38.428 E3.24091
G1 X-12.102 Y-38.196 E3.26664
G1 X-11.775 Y-37.934 E3.28679
G1 X-11.505 Y-37.611 E3.30704
G1 X-11.305 Y-37.242 E3.32723
G1 X-11.183 Y-36.84 E3.34744
G1 X-11.142 Y-36.422 E3.36764
G1 X-11.173 Y-36.122 E3.38215
G1 X-11.173 Y-36.122 F7800
G1 X-11.554 Y-36.128
;TYPE:External perimeter
G1 F900
G1 X-11.556 Y-36.109 E3.38307
G1 X-11.653 Y-35.78 E3.39957
G1 X-11.813 Y-35.476 E3.41609
G1 X-12.03 Y-35.21 E3.4326
G1 X-12.295 Y-34.992 E3.4491
G1 X-12.598 Y-34.831 E3.4656
G1 X-12.932 Y-34.733 E3.48234
G1 X-13.474 Y-34.72 E3.50842
G1 X-13.858 Y-34.814 E3.52743
G1 X-14.166 Y-34.966 E3.54395
G1 X-14.437 Y-35.177 E3.56047
G1 X-14.662 Y-35.437 E3.57701
G1 X-14.83 Y-35.736 E3.59351
G1 X-14.936 Y-36.063 E3.61004
G1 X-14.975 Y-36.404 E3.62655
G1 X-14.945 Y-36.746 E3.64306
G1 X-14.849 Y-37.075 E3.65954
G1 X-14.689 Y-37.379 E3.67606
G1 X-14.471 Y-37.645 E3.6926
G1 X-14.206 Y-37.863 E3.7091
G1 X-13.903 Y-38.024 E3.7256
G1 X-13.559 Y-38.122 E3.7428
G1 X-13.027 Y-38.135 E3.76839
G1 X-12.643 Y-38.041 E3.7874
G1 X-12.335 Y-37.889 E3.80392
G1 X-12.064 Y-37.678 E3.82044
G1 X-11.839 Y-37.418 E3.83698
G1 X-11.671 Y-37.119 E3.85348
G1 X-11.565 Y-36.792 E3.87001
G1 X-11.526 Y-36.451 E3.88652
G1 X-11.549 Y-36.188 E3.89922
G1 X-11.655 Y-35.802 F7800
G1 E1.89922 F2400
G92 E0
G1 X-33.009 Y-40.431 F7800
G1 E2 F2400
;TYPE:Perimeter
G1 F3600
G1 X-5.391 Y-40.431 E3.32833
G1 X-5.391 Y-37.675 E3.46088
G1 X-5.391 Y-7.424 E4.91585
G1 X-33.009 Y-7.424 E6.24418
G1 X-33.009 Y-40.371 E7.82882
G1 X-33.009 Y-40.371 F7800
G1 X-33.395 Y-40.817
G1 F3600
G1 X-5.006 Y-40.817 E9.19423
G1 X-5.006 Y-37.675 E9.34535
G1 X-5.006 Y-7.038 E10.81888
G1 X-33.395 Y-7.038 E12.18429
G1 X-33.395 Y-40.757 E13.80606
G1 X-33.395 Y-40.757 F7800
G1 X-33.78 Y-41.203
;TYPE:External perimeter
G1 F1800
G1 X-4.62 Y-41.203 E15.20855
G1 X-4.62 Y-37.675 E15.37823
G1 X-4.62 Y-6.653 E16.87028
G1 X-33.78 Y-6.653 E18.27277
G1 X-33.78 Y-41.143 E19.93162
G1 X-33.385 Y-41.202 F7800
G1 E17.93162 F2400
G92 E0
G1 X-24.91 Y-40.316 F7800
G1 E2 F2400
;TYPE:Internal infill
;WIDTH:0.45
G1 F4800
G1 X-14.914 Y-30.32 E2.67992
G1 X-15.271 Y-30.012 E2.7026
G1 X-15.575 Y-29.63 E2.72608
G1 X-15.83 Y-29.147 E2.75235
G1 X-15.994 Y-28.579 E2.78078
G1 X-16.004 Y-27.774 E2.8195
G1 X-28.372 Y-40.142 E3.66076
G1 X-32.008 Y-40.142 E3.83564
G1 X-14.226 Y-22.361 E5.04512
G1 X-14.717 Y-22.126 E5.0713
G1 X-15.272 Y-21.678 E5.10561
G1 X-15.614 Y-21.235 E5.13253
G1 X-15.944 Y-20.442 E5.17384
G1 X-32.72 Y-37.219 E6.31496
G1 X-32.72 Y-33.583 E6.48984
G1 X-13.324 Y-14.187 E7.80913
G1 X-13.921 Y-14.128 E7.83798
G1 X-14.717 Y-13.792 E7.87954
G1 X-15.272 Y-13.345 E7.91381
G1 X-15.634 Y-12.862 E7.94284
G1 X-32.72 Y-29.947 E9.10498
G1 X-32.72 Y-26.312 E9.27981
G1 X-14.121 Y-7.713 E10.54489
G1 X-10.486 Y-7.713 E10.71972
G1 X-11.817 Y-9.045 E10.81029
G1 X-11.344 Y-9.401 E10.83876
G1 X-10.85 Y-10.02 E10.87685
G1 X-10.619 Y-10.524 E10.90352
G1 X-10.474 Y-11.337 E10.94324
G1 X-6.85 Y-7.713 E11.18974
G1 X-5.68 Y-7.713 E11.24601
G1 X-5.68 Y-10.179 E11.36462
G1 X-12.569 Y-17.068 E11.8332
G1 X-11.863 Y-17.356 E11.86987
G1 X-11.248 Y-17.824 E11.90704
G1 X-10.85 Y-18.353 E11.93888
G1 X-10.648 Y-18.783 E11.96173
G1 X-5.68 Y-13.815 E12.29965
G1 X-5.68 Y-17.45 E12.47448
G1 X-13.564 Y-25.334 E13.01074
G1 X-13.133 Y-25.311 E13.0315
G1 X-12.628 Y-25.38 E13.05601
G1 X-12.097 Y-25.559 E13.08296
G1 X-11.611 Y-25.843 E13.11003
G1 X-11.029 Y-26.435 E13.14996
G1 X-5.507 Y-20.913 E13.52556
G1 E11.52556 F2400
G92 E0
G1 X-5.507 Y-20.913 F7800
G1 X-17.583 Y-7.539
G1 E2 F2400
G1 F4800
G1 X-32.72 Y-22.676 E3.0296
G1 X-32.72 Y-19.04 E3.20448
G1 X-21.393 Y-7.713 E3.97493
G1 X-25.028 Y-7.713 E4.14976
G1 X-32.72 Y-15.405 E4.67296
G1 X-32.72 Y-11.769 E4.84784
G1 X-28.664 Y-7.713 E5.12372
G1 X-32.3 Y-7.713 E5.2986
G1 X-32.893 Y-8.307 E5.33897
G1 E3.33897 F2400
G92 E0
G1 X-32.893 Y-8.307 F7800
G1 X-14.003 Y-40.316
G1 E2 F2400
G1 F4800
G1 X-12.862 Y-39.175 E2.07761
G1 X-13.592 Y-39.182 E2.11272
G1 X-14.22 Y-39.036 E2.14373
G1 X-14.916 Y-38.657 E2.18185
G1 X-15.449 Y-38.126 E2.21804
G1 X-17.465 Y-40.142 E2.35517
G1 X-21.101 Y-40.142 E2.53005
G1 X-5.68 Y-24.722 E3.57893
G1 X-5.68 Y-28.357 E3.75376
G1 X-11.551 Y-34.228 E4.1531
G1 X-10.981 Y-34.818 E4.19256
G1 X-10.707 Y-35.3 E4.21923
G1 X-10.492 Y-36.063 E4.25736
G1 X-10.509 Y-36.822 E4.29387
G1 X-5.68 Y-31.993 E4.62233
G1 X-5.68 Y-35.629 E4.79721
G1 X-10.194 Y-40.142 E5.10421
G1 X-6.558 Y-40.142 E5.27909
G1 X-5.507 Y-39.091 E5.35058
;LAYER_CHANGE
;Z:3.95
;HEIGHT:0.3
G1 Z3.95 F7800
G1 E3.35058 F2400
G92 E0
G1 X-5.507 Y-39.091 F7800
G1 X-36.225 Y-14.766
G1 E2 F2400
;TYPE:Support material
;WIDTH:0.35
G1 F3600
G1 X-36.452 Y-15.004 E2.01172
G1 X-36.421 Y-15.304 E2.02246
G1 X-36.179 Y-15.588 E2.03575
G1 X-35.85 Y-15.669 E2.04782
G1 X-35.778 Y-16.012 E2.06031
G1 X-35.51 Y-15.945 E2.07015
G1 X-35.184 Y-15.652 E2.08576
G1 X-34.858 Y-14.853 E2.1165
G1 X-34.843 Y-14.604 E2.12539
G1 X-35.047 Y-14.291 E2.1387
G1 X-35.517 Y-14.227 E2.1556
G1 X-36.355 Y-14.425 E2.18627
G1 X-36.762 Y-14.832 E2.20677
G1 X-36.825 Y-15.181 E2.2194
G1 X-36.582 Y-15.693 E2.23959
G1 X-36.102 Y-16.011 E2.2601
G1 X-35.82 Y-16.021 E2.27015
G1 E.27015 F2400
G92 E0
G1 X-35.82 Y-16.021 F7800
G1 X-38.457 Y-15.798
G1 E2 F2400
G1 F3600
G1 X-38.216 Y-15.755 E2.00872
G1 X-38.051 Y-15.62 E2.01631
G1 X-37.991 Y-15.468 E2.02213
G1 X-38.142 Y-15.234 E2.03205
G1 X-38.502 Y-15.241 E2.04488
G1 X-38.73 Y-15.445 E2.05578
G1 X-38.733 Y-15.657 E2.06333
G1 X-38.5 Y-15.8 E2.07307
G1 E.07307 F2400
G92 E0
G1 X-38.5 Y-15.8 F7800
G1 X-41.642 Y-16
G1 E2 F2400
G1 F3600
G1 X-41.318 Y-15.802 E2.01353
G1 X-41.32 Y-15.588 E2.02115
G1 X-41.566 Y-15.433 E2.03151
G1 X-41.926 Y-15.475 E2.04442
G1 X-42.103 Y-15.636 E2.05294
G1 X-42.114 Y-15.812 E2.05922
G1 X-41.912 Y-15.982 E2.06863
G1 X-41.684 Y-16.009 E2.07681
G1 E.07681 F2400
G92 E0
G1 X-41.684 Y-16.009 F7800
G1 X-44.133 Y-16.279
G1 E2 F2400
G1 F3600
G1 X-43.906 Y-16.202 E2.00854
G1 X-43.726 Y-16.032 E2.01736
G1 X-43.611 Y-15.649 E2.03161
G1 X-43.746 Y-15.393 E2.04192
G1 X-44.001 Y-15.263 E2.05212
G1 X-44.202 Y-15.366 E2.06017
G1 X-44.469 Y-16.093 E2.08776
G1 X-44.372 Y-16.263 E2.09473
G1 X-44.174 Y-16.289 E2.10184
G1 E.10184 F2400
G92 E0
G1 X-44.174 Y-16.289 F7800
G1 X-46.896 Y-16.3
G1 E2 F2400
G1 F3600
G1 X-46.737 Y-16.045 E2.01071
G1 X-46.74 Y-15.825 E2.01855
G1 X-46.846 Y-15.59 E2.02773
G1 X-47.066 Y-15.462 E2.0368
G1 X-47.241 Y-15.571 E2.04414
G1 X-47.318 Y-15.97 E2.05862
G1 X-47.155 Y-16.273 E2.07088
G1 X-46.93 Y-16.326 E2.07911
G1 X-46.93 Y-16.326 F7800
G1 X-46.797 Y-18.115
G1 F3600
G1 X-46.628 Y-18.031 E2.08583
G1 X-46.797 Y-18.115 E2.09255
G1 X-46.954 Y-18.584 E2.11017
G1 X-46.286 Y-18.313 E2.13585
G1 X-46.16 Y-18.151 E2.14316
G1 X-46.273 Y-17.857 E2.15438
G1 X-46.416 Y-17.734 E2.1611
G1 X-46.599 Y-17.671 E2.16799
G1 X-46.976 Y-17.789 E2.18206
G1 X-47.21 Y-18.192 E2.19866
G1 X-47.174 Y-18.511 E2.2101
G1 X-46.995 Y-18.599 E2.21721
G1 E.21721 F2400
G92 E0
G1 X-46.995 Y-18.599 F7800
G1 X-46.726 Y-21.676
G1 E2 F2400
G1 F3600
G1 X-46.508 Y-21.568 E2.00867
G1 X-46.437 Y-21.155 E2.0236
G1 X-46.537 Y-20.929 E2.0324
G1 X-46.754 Y-20.803 E2.04134
G1 X-46.933 Y-20.918 E2.04892
G1 X-47.011 Y-21.107 E2.0562
G1 X-46.948 Y-21.511 E2.07077
G1 X-46.769 Y-21.678 E2.07949
G1 E.07949 F2400
G92 E0
G1 X-46.769 Y-21.678 F7800
G1 X-46.612 Y-23.927
G1 E2 F2400
G1 F3600
G1 X-46.436 Y-23.797 E2.00779
G1 X-46.358 Y-23.394 E2.02241
G1 X-46.508 Y-23.128 E2.03329
G1 X-46.694 Y-23.077 E2.04016
G1 X-46.87 Y-23.227 E2.0484
G1 X-46.931 Y-23.614 E2.06236
G1 X-46.855 Y-23.803 E2.06962
G1 X-46.654 Y-23.935 E2.07819
G1 E.07819 F2400
G92 E0
G1 X-46.654 Y-23.935 F7800
G1 X-46.732 Y-27.346
G1 E2 F2400
G1 F3600
G1 X-46.513 Y-27.243 E2.00862
G1 X-46.443 Y-26.827 E2.02365
G1 X-46.545 Y-26.596 E2.03265
G1 X-46.764 Y-26.468 E2.04169
G1 X-46.942 Y-26.582 E2.04922
G1 X-47.018 Y-26.769 E2.05641
G1 X-46.955 Y-27.177 E2.07112
G1 X-46.775 Y-27.348 E2.07996
G1 E.07996 F2400
G92 E0
G1 X-46.775 Y-27.348 F7800
G1 X-46.508 Y-29.649
G1 E2 F2400
G1 F3600
G1 X-46.347 Y-29.534 E2.00705
G1 X-46.266 Y-29.128 E2.0218
G1 X-46.408 Y-28.855 E2.03276
G1 X-46.603 Y-28.778 E2.04023
G1 X-46.784 Y-28.926 E2.04856
G1 X-46.841 Y-29.311 E2.06242
G1 X-46.761 Y-29.51 E2.07006
G1 X-46.55 Y-29.655 E2.07918
G1 E.07918 F2400
G92 E0
G1 X-46.55 Y-29.655 F7800
G1 X-45.622 Y-32.583
G1 E2 F2400
G1 F3600
G1 X-45.4 Y-32.553 E2.00798
G1 X-45.235 Y-32.435 E2.01521
G1 X-45.239 Y-32.164 E2.02487
G1 X-45.41 Y-32.04 E2.03239
G1 X-45.785 Y-32.019 E2.04577
G1 X-46.02 Y-32.166 E2.05564
G1 X-46.023 Y-32.403 E2.06408
G1 X-45.664 Y-32.588 E2.07847
G1 E.07847 F2400
G92 E0
G1 X-45.664 Y-32.588 F7800
G1 X-43.25 Y-32.536
G1 E2 F2400
G1 F3600
G1 X-42.909 Y-32.332 E2.01416
G1 X-42.912 Y-32.126 E2.0215
G1 X-43.162 Y-31.971 E2.03198
G1 X-43.341 Y-31.956 E2.03838
G1 X-43.685 Y-32.09 E2.05153
G1 X-43.766 Y-32.312 E2.05995
G1 X-43.683 Y-32.441 E2.06541
G1 X-43.292 Y-32.544 E2.07981
G1 E.07981 F2400
G92 E0
G1 X-43.292 Y-32.544 F7800
G1 X-40.145 Y-32.088
G1 E2 F2400
G1 F3600
G1 X-39.973 Y-31.949 E2.00788
G1 X-39.941 Y-31.82 E2.01261
G1 X-40.066 Y-31.586 E2.02206
G1 X-40.256 Y-31.542 E2.02901
G1 X-40.469 Y-31.691 E2.03827
G1 X-40.501 Y-31.82 E2.043
G1 X-40.376 Y-32.054 E2.05245
G1 X-40.186 Y-32.099 E2.05941
G1 E.05941 F2400
G92 E0
G1 X-40.186 Y-32.099 F7800
G1 X-37.168 Y-32.62
G1 E2 F2400
G1 F3600
G1 X-36.871 Y-32.488 E2.01158
G1 X-36.895 Y-32.207 E2.02163
G1 X-37.192 Y-32.036 E2.03384
G1 X-37.483 Y-32.077 E2.04431
G1 X-37.588 Y-32.181 E2.04957
G1 X-37.589 Y-32.381 E2.05669
G1 X-37.451 Y-32.537 E2.06411
G1 X-37.211 Y-32.624 E2.0732
G1 X-37.211 Y-32.624 F7800
G1 X-35.461 Y-32.477
G1 F3600
G1 X-35.714 Y-32.705 E2.08533
G1 X-35.656 Y-32.955 E2.09447
G1 X-34.928 Y-33.267 E2.12269
G1 X-34.819 Y-33.601 E2.13521
G1 X-34.538 Y-33.382 E2.1479
G1 X-34.446 Y-33.121 E2.15776
G1 X-34.423 Y-32.716 E2.17221
G1 X-34.49 Y-32.512 E2.17986
G1 X-34.656 Y-32.32 E2.1889
G1 X-34.914 Y-32.187 E2.19924
G1 X-35.507 Y-32.128 E2.22047
G1 X-35.745 Y-32.199 E2.22932
G1 X-35.957 Y-32.394 E2.23958
G1 X-36.064 Y-32.63 E2.24881
G1 X-36.064 Y-32.889 E2.25804
G1 X-35.899 Y-33.214 E2.27102
G1 X-35.28 Y-33.533 E2.29583
G1 X-34.858 Y-33.618 E2.31117
G1 E.31117 F2400
G92 E0
G1 X-34.858 Y-33.618 F7800
G1 X-34.851 Y-27.75
G1 E2 F2400
G1 F3600
G1 X-34.594 Y-27.672 E2.00957
G1 X-34.473 Y-27.461 E2.01823
G1 X-34.595 Y-27.253 E2.02682
G1 X-34.893 Y-27.178 E2.03777
G1 X-35.182 Y-27.313 E2.04913
G1 X-35.238 Y-27.504 E2.05622
G1 X-35.05 Y-27.721 E2.06645
G1 X-34.893 Y-27.755 E2.07217
G1 E.07217 F2400
G92 E0
G1 X-34.893 Y-27.755 F7800
G1 X-36.397 Y-24.453
G1 E2 F2400
G1 F3600
G1 X-36.243 Y-24.396 E2.00585
G1 X-36.131 Y-24.174 E2.01471
G1 X-36.246 Y-23.951 E2.02365
G1 X-36.429 Y-23.894 E2.03048
G1 X-36.6 Y-23.956 E2.03696
G1 X-36.708 Y-24.174 E2.04563
G1 X-36.573 Y-24.412 E2.05538
G1 X-36.44 Y-24.455 E2.06036
G1 E.06036 F2400
G92 E0
G1 X-36.44 Y-24.455 F7800
G1 X-36.145 Y-21.469
G1 E2 F2400
G1 F3600
G1 X-35.998 Y-21.377 E2.00618
G1 X-35.935 Y-21.008 E2.01952
G1 X-36.007 Y-20.806 E2.02716
G1 X-36.283 Y-20.595 E2.03954
G1 X-36.486 Y-20.717 E2.04798
G1 X-36.531 Y-21.065 E2.06048
G1 X-36.442 Y-21.284 E2.0689
G1 X-36.188 Y-21.472 E2.08016
G1 E.08016 F2400
G92 E0
G1 X-36.449 Y-19.174 F7800
G1 E2 F2400
G1 F3600
G1 X-36.236 Y-19.021 E2.00934
G1 X-36.163 Y-18.787 E2.01807
G1 X-36.24 Y-18.413 E2.03167
G1 X-36.452 Y-18.293 E2.04035
G1 X-36.657 Y-18.439 E2.04932
G1 X-36.739 Y-18.642 E2.05712
G1 X-36.685 Y-19.03 E2.07108
G1 X-36.491 Y-19.185 E2.07993
G1 E.07993 F2400
G92 E0
G1 X-36.491 Y-19.185 F7800
G1 X-11.563 Y-17.943
G1 E2 F2400
;TYPE:Perimeter
;WIDTH:0.45
G1 F900
G1 X-11.714 Y-17.794 E2.0102
G1 X-12.212 Y-17.491 E2.03824
G1 X-12.687 Y-17.33 E2.06236
G1 X-13.222 Y-17.268 E2.08826
G1 X-13.717 Y-17.311 E2.11216
G1 X-14.193 Y-17.452 E2.13604
G1 X-14.632 Y-17.685 E2.15994
G1 X-15.016 Y-18 E2.18383
G1 X-15.33 Y-18.384 E2.20769
G1 X-15.509 Y-18.698 E2.22507
G1 X-15.685 Y-19.207 E2.25097
G1 X-15.746 Y-19.723 E2.27596
G1 X-15.688 Y-20.288 E2.30328
G1 X-15.535 Y-20.761 E2.32719
G1 X-15.291 Y-21.193 E2.35105
G1 X-14.967 Y-21.569 E2.37492
G1 X-14.575 Y-21.874 E2.39881
G1 X-14.059 Y-22.113 E2.42616
G1 X-13.517 Y-22.233 E2.45286
G1 X-12.969 Y-22.239 E2.47922
G1 X-12.446 Y-22.123 E2.50499
G1 X-11.988 Y-21.914 E2.5292
G1 X-11.581 Y-21.616 E2.55346
G1 X-11.171 Y-21.137 E2.58379
G1 X-10.94 Y-20.698 E2.60765
G1 X-10.8 Y-20.222 E2.63151
G1 X-10.757 Y-19.727 E2.65541
G1 X-10.835 Y-19.166 E2.68265
G1 X-11.018 Y-18.665 E2.7083
G1 X-11.319 Y-18.184 E2.73559
G1 X-11.521 Y-17.985 E2.74923
G1 X-11.521 Y-17.985 F7800
G1 X-11.823 Y-18.223
G1 F900
G1 X-12.024 Y-18.046 E2.76211
G1 X-12.388 Y-17.837 E2.7823
G1 X-12.786 Y-17.704 E2.80248
G1 X-13.203 Y-17.653 E2.82269
G1 X-13.622 Y-17.685 E2.8429
G1 X-14.026 Y-17.8 E2.8631
G1 X-14.399 Y-17.992 E2.88328
G1 X-14.727 Y-18.255 E2.9035
G1 X-14.996 Y-18.577 E2.92368
G1 X-15.164 Y-18.871 E2.93997
G1 X-15.318 Y-19.348 E2.96408
G1 X-15.359 Y-19.766 E2.98428
G1 X-15.316 Y-20.184 E3.00449
G1 X-15.192 Y-20.585 E3.02468
G1 X-14.99 Y-20.953 E3.04487
G1 X-14.719 Y-21.274 E3.06508
G1 X-14.39 Y-21.535 E3.08528
G1 X-13.971 Y-21.738 E3.10767
G1 X-13.433 Y-21.857 E3.13417
G1 X-12.904 Y-21.842 E3.15962
G1 X-12.476 Y-21.722 E3.181
G1 X-12.102 Y-21.529 E3.20124
G1 X-11.775 Y-21.267 E3.22139
G1 X-11.505 Y-20.945 E3.2416
G1 X-11.305 Y-20.575 E3.26183
G1 X-11.183 Y-20.174 E3.28199
G1 X-11.142 Y-19.756 E3.30219
G1 X-11.198 Y-19.297 E3.32443
G1 X-11.38 Y-18.797 E3.35002
G1 X-11.69 Y-18.34 E3.37658
G1 X-11.778 Y-18.262 E3.38224
G1 X-11.778 Y-18.262 F7800
G1 X-12.083 Y-18.503
;TYPE:External perimeter
G1 F900
G1 X-12.225 Y-18.375 E3.39143
G1 X-12.52 Y-18.199 E3.40795
G1 X-12.844 Y-18.085 E3.42447
G1 X-13.184 Y-18.038 E3.44098
G1 X-13.527 Y-18.059 E3.45751
G1 X-13.858 Y-18.147 E3.47398
G1 X-14.166 Y-18.3 E3.49052
G1 X-14.437 Y-18.51 E3.50701
G1 X-14.662 Y-18.77 E3.52355
G1 X-14.82 Y-19.044 E3.53876
G1 X-14.936 Y-19.396 E3.55659
G1 X-14.975 Y-19.737 E3.5731
G1 X-14.945 Y-20.079 E3.58961
G1 X-14.849 Y-20.409 E3.60614
G1 X-14.688 Y-20.712 E3.62264
G1 X-14.471 Y-20.979 E3.63919
G1 X-14.206 Y-21.196 E3.65566
G1 X-13.887 Y-21.361 E3.67293
G1 X-13.35 Y-21.48 E3.69938
G1 X-12.974 Y-21.463 E3.71748
G1 X-12.643 Y-21.375 E3.73395
G1 X-12.335 Y-21.222 E3.75049
G1 X-12.064 Y-21.012 E3.76698
G1 X-11.839 Y-20.752 E3.78352
G1 X-11.671 Y-20.452 E3.80006
G1 X-11.565 Y-20.126 E3.81655
G1 X-11.526 Y-19.785 E3.83306
G1 X-11.56 Y-19.429 E3.85026
G1 X-11.742 Y-18.929 E3.87585
G1 X-11.97 Y-18.606 E3.89487
G1 X-12.039 Y-18.543 E3.89936
G1 X-12.358 Y-18.303 F7800
G1 E1.89936 F2400
G92 E0
G1 X-11.102 Y-10.187 F7800
G1 E2 F2400
;TYPE:Perimeter
G1 F900
G1 X-11.21 Y-9.995 E2.0106
G1 X-11.534 Y-9.619 E2.03447
G1 X-11.926 Y-9.315 E2.05833
G1 X-12.371 Y-9.094 E2.08223
G1 X-12.922 Y-8.962 E2.10948
G1 X-13.455 Y-8.949 E2.13512
G1 X-14.013 Y-9.053 E2.16242
G1 X-14.468 Y-9.251 E2.18629
G1 X-14.875 Y-9.536 E2.21019
G1 X-15.218 Y-9.895 E2.23407
G1 X-15.482 Y-10.315 E2.25793
G1 X-15.658 Y-10.78 E2.28184
G1 X-15.739 Y-11.269 E2.30568
G1 X-15.708 Y-11.867 E2.33448
G1 X-15.563 Y-12.368 E2.35957
G1 X-15.291 Y-12.86 E2.38661
G1 X-14.967 Y-13.236 E2.41048
G1 X-14.575 Y-13.54 E2.43434
G1 X-14.059 Y-13.78 E2.46171
G1 X-13.517 Y-13.9 E2.48841
G1 X-12.969 Y-13.905 E2.51477
G1 X-12.446 Y-13.79 E2.54053
G1 X-11.988 Y-13.581 E2.56474
G1 X-11.581 Y-13.283 E2.589
G1 X-11.171 Y-12.804 E2.61933
G1 X-10.94 Y-12.365 E2.64319
G1 X-10.8 Y-11.888 E2.6671
G1 X-10.757 Y-11.394 E2.69095
G1 X-10.813 Y-10.9 E2.71486
G1 X-10.966 Y-10.428 E2.73872
G1 X-11.072 Y-10.239 E2.74914
G1 X-11.072 Y-10.239 F7800
G1 X-11.433 Y-10.378
G1 F900
G1 X-11.511 Y-10.236 E2.75693
G1 X-11.782 Y-9.914 E2.77717
G1 X-12.111 Y-9.653 E2.79737
G1 X-12.485 Y-9.463 E2.81755
G1 X-12.932 Y-9.347 E2.83976
G1 X-13.464 Y-9.334 E2.86535
G1 X-13.917 Y-9.427 E2.88759
G1 X-14.399 Y-9.659 E2.91332
G1 X-14.727 Y-9.922 E2.93354
G1 X-14.996 Y-10.244 E2.95372
G1 X-15.196 Y-10.613 E2.97391
G1 X-15.318 Y-11.015 E2.99412
G1 X-15.356 Y-11.317 E3.00876
G1 X-15.316 Y-11.85 E3.03447
G1 X-15.192 Y-12.251 E3.05466
G1 X-14.99 Y-12.62 E3.07489
G1 X-14.719 Y-12.941 E3.0951
G1 X-14.39 Y-13.202 E3.1153
G1 X-13.971 Y-13.404 E3.13767
G1 X-13.433 Y-13.523 E3.16417
G1 X-12.904 Y-13.509 E3.18962
G1 X-12.475 Y-13.389 E3.21105
G1 X-12.102 Y-13.196 E3.23125
G1 X-11.775 Y-12.934 E3.2514
G1 X-11.505 Y-12.611 E3.27165
G1 X-11.305 Y-12.242 E3.29184
G1 X-11.183 Y-11.84 E3.31205
G1 X-11.142 Y-11.422 E3.33225
G1 X-11.185 Y-11.005 E3.35241
G1 X-11.309 Y-10.604 E3.3726
G1 X-11.404 Y-10.431 E3.38209
G1 X-11.404 Y-10.431 F7800
G1 X-11.764 Y-10.569
;TYPE:External perimeter
G1 F900
G1 X-11.813 Y-10.476 E3.38715
G1 X-12.03 Y-10.21 E3.40366
G1 X-12.295 Y-9.992 E3.42016
G1 X-12.598 Y-9.831 E3.43666
G1 X-12.942 Y-9.733 E3.45386
G1 X-13.474 Y-9.72 E3.47945
G1 X-13.858 Y-9.814 E3.49846
G1 X-14.166 Y-9.966 E3.51498
G1 X-14.437 Y-10.177 E3.5315
G1 X-14.662 Y-10.437 E3.54804
G1 X-14.83 Y-10.736 E3.56454
G1 X-14.936 Y-11.063 E3.58107
G1 X-14.974 Y-11.365 E3.59571
G1 X-14.945 Y-11.746 E3.61409
G1 X-14.849 Y-12.075 E3.63057
G1 X-14.688 Y-12.379 E3.64712
G1 X-14.471 Y-12.645 E3.66363
G1 X-14.206 Y-12.863 E3.68013
G1 X-13.887 Y-13.028 E3.6974
G1 X-13.35 Y-13.147 E3.72385
G1 X-12.975 Y-13.13 E3.7419
G1 X-12.643 Y-13.041 E3.75843
G1 X-12.335 Y-12.889 E3.77495
G1 X-12.064 Y-12.678 E3.79147
G1 X-11.839 Y-12.418 E3.80801
G1 X-11.671 Y-12.119 E3.82451
G1 X-11.565 Y-11.792 E3.84104
G1 X-11.526 Y-11.451 E3.85755
G1 X-11.556 Y-11.109 E3.87406
G1 X-11.653 Y-10.78 E3.89056
G1 X-11.736 Y-10.622 E3.89914
G1 X-11.966 Y-10.295 F7800
G1 E1.89914 F2400
G92 E0
G1 X-11.559 Y-29.918 F7800
G1 E2 F2400
;TYPE:Perimeter
G1 F900
G1 X-11.5 Y-29.871 E2.00363
G1 X-11.171 Y-29.471 E2.02854
G1 X-10.94 Y-29.031 E2.05244
G1 X-10.8 Y-28.555 E2.0763
G1 X-10.757 Y-28.06 E2.1002
G1 X-10.835 Y-27.499 E2.12744
G1 X-11.018 Y-26.998 E2.15309
G1 X-11.319 Y-26.517 E2.18038
G1 X-11.714 Y-26.128 E2.20704
G1 X-12.212 Y-25.825 E2.23508
G1 X-12.687 Y-25.663 E2.25922
G1 X-13.222 Y-25.601 E2.28512
G1 X-13.717 Y-25.645 E2.30902
G1 X-14.193 Y-25.786 E2.3329
G1 X-14.632 Y-26.018 E2.35678
G1 X-15.016 Y-26.333 E2.38067
G1 X-15.33 Y-26.718 E2.40456
G1 X-15.561 Y-27.157 E2.42842
G1 X-15.701 Y-27.633 E2.45228
G1 X-15.744 Y-28.128 E2.47618
G1 X-15.688 Y-28.621 E2.50004
G1 X-15.535 Y-29.094 E2.52395
G1 X-15.291 Y-29.527 E2.54785
G1 X-14.967 Y-29.903 E2.57172
G1 X-14.733 Y-30.099 E2.5864
G1 X-14.241 Y-30.385 E2.61377
G1 X-13.517 Y-30.566 E2.64966
G1 X-12.972 Y-30.572 E2.67587
G1 X-12.418 Y-30.448 E2.70317
G1 X-11.917 Y-30.204 E2.72997
G1 X-11.605 Y-29.956 E2.74914
G1 X-11.605 Y-29.956 F7800
G1 X-11.82 Y-29.636
G1 F900
G1 X-11.775 Y-29.6 E2.75191
G1 X-11.505 Y-29.278 E2.77212
G1 X-11.305 Y-28.909 E2.79231
G1 X-11.183 Y-28.507 E2.81252
G1 X-11.142 Y-28.089 E2.83272
G1 X-11.198 Y-27.631 E2.85491
G1 X-11.38 Y-27.13 E2.88055
G1 X-11.69 Y-26.674 E2.90707
G1 X-12.024 Y-26.379 E2.9285
G1 X-12.388 Y-26.17 E2.94869
G1 X-12.786 Y-26.037 E2.96887
G1 X-13.203 Y-25.986 E2.98908
G1 X-13.622 Y-26.018 E3.00929
G1 X-14.026 Y-26.133 E3.02949
G1 X-14.399 Y-26.326 E3.04969
G1 X-14.727 Y-26.588 E3.06988
G1 X-14.996 Y-26.91 E3.09006
G1 X-15.196 Y-27.28 E3.11029
G1 X-15.318 Y-27.681 E3.13045
G1 X-15.359 Y-28.099 E3.15065
G1 X-15.316 Y-28.517 E3.17086
G1 X-15.192 Y-28.918 E3.19105
G1 X-14.99 Y-29.286 E3.21124
G1 X-14.719 Y-29.607 E3.23145
G1 X-14.486 Y-29.803 E3.24609
G1 X-14.031 Y-30.054 E3.27108
G1 X-13.433 Y-30.19 E3.30058
G1 X-12.934 Y-30.181 E3.32458
G1 X-12.475 Y-30.055 E3.34747
G1 X-12.102 Y-29.863 E3.36765
G1 X-11.867 Y-29.674 E3.38215
G1 X-11.867 Y-29.674 F7800
G1 X-12.079 Y-29.357
;TYPE:External perimeter
G1 F900
G1 X-12.064 Y-29.345 E3.38307
G1 X-11.839 Y-29.085 E3.39961
G1 X-11.671 Y-28.786 E3.41611
G1 X-11.565 Y-28.459 E3.43264
G1 X-11.526 Y-28.118 E3.44915
G1 X-11.56 Y-27.763 E3.4663
G1 X-11.742 Y-27.262 E3.49194
G1 X-11.97 Y-26.939 E3.51096
G1 X-12.225 Y-26.708 E3.52751
G1 X-12.52 Y-26.532 E3.54403
G1 X-12.844 Y-26.419 E3.56053
G1 X-13.184 Y-26.371 E3.57704
G1 X-13.527 Y-26.392 E3.59357
G1 X-13.858 Y-26.481 E3.61006
G1 X-14.166 Y-26.633 E3.62658
G1 X-14.437 Y-26.843 E3.64307
G1 X-14.662 Y-27.103 E3.65961
G1 X-14.83 Y-27.403 E3.67615
G1 X-14.936 Y-27.729 E3.69264
G1 X-14.975 Y-28.07 E3.70915
G1 X-14.945 Y-28.413 E3.72571
G1 X-14.849 Y-28.742 E3.74219
G1 X-14.689 Y-29.046 E3.75871
G1 X-14.471 Y-29.312 E3.77525
G1 X-14.238 Y-29.508 E3.78989
G1 X-13.887 Y-29.694 E3.809
G1 X-13.35 Y-29.813 E3.83545
G1 X-12.974 Y-29.796 E3.85355
G1 X-12.643 Y-29.708 E3.87002
G1 X-12.335 Y-29.555 E3.88656
G1 X-12.126 Y-29.394 E3.89925
G1 X-11.86 Y-29.096 F7800
G1 E1.89925 F2400
G92 E0
G1 X-10.803 Y-35.996 F7800
G1 E2 F2400
;TYPE:Perimeter
G1 F900
G1 X-10.813 Y-35.9 E2.00464
G1 X-10.966 Y-35.428 E2.0285
G1 X-11.21 Y-34.995 E2.0524
G1 X-11.534 Y-34.619 E2.07627
G1 X-11.926 Y-34.315 E2.10013
G1 X-12.371 Y-34.094 E2.12403
G1 X-12.577 Y-34.031 E2.13439
G1 X-12.922 Y-33.962 E2.15131
G1 X-13.455 Y-33.949 E2.17695
G1 X-13.997 Y-34.049 E2.20346
G1 X-14.468 Y-34.251 E2.22811
G1 X-14.926 Y-34.577 E2.25515
G1 X-15.298 Y-35.001 E2.28228
G1 X-15.561 Y-35.49 E2.30899
G1 X-15.701 Y-35.967 E2.3329
G1 X-15.744 Y-36.461 E2.35675
G1 X-15.688 Y-36.955 E2.38066
G1 X-15.535 Y-37.427 E2.40452
G1 X-15.291 Y-37.86 E2.42842
G1 X-14.967 Y-38.236 E2.45229
G1 X-14.575 Y-38.54 E2.47615
G1 X-14.054 Y-38.781 E2.50376
G1 X-13.517 Y-38.9 E2.53021
G1 X-12.969 Y-38.905 E2.55657
G1 X-12.489 Y-38.802 E2.58018
G1 X-12.033 Y-38.604 E2.60409
G1 X-11.626 Y-38.319 E2.62799
G1 X-11.284 Y-37.96 E2.65184
G1 X-11.019 Y-37.54 E2.67573
G1 X-10.822 Y-37.003 E2.70324
G1 X-10.755 Y-36.466 E2.72927
G1 X-10.797 Y-36.056 E2.74909
G1 X-10.797 Y-36.056 F7800
G1 X-11.179 Y-36.062
G1 F900
G1 X-11.185 Y-36.005 E2.75185
G1 X-11.309 Y-35.604 E2.77204
G1 X-11.511 Y-35.236 E2.79223
G1 X-11.782 Y-34.914 E2.81247
G1 X-12.111 Y-34.653 E2.83267
G1 X-12.485 Y-34.463 E2.85285
G1 X-12.691 Y-34.399 E2.86323
G1 X-12.932 Y-34.347 E2.87509
G1 X-13.464 Y-34.334 E2.90068
G1 X-13.974 Y-34.445 E2.92578
G1 X-14.399 Y-34.659 E2.94867
G1 X-14.727 Y-34.922 E2.96889
G1 X-14.996 Y-35.244 E2.98907
G1 X-15.196 Y-35.613 E3.00926
G1 X-15.318 Y-36.015 E3.02947
G1 X-15.359 Y-36.433 E3.04967
G1 X-15.316 Y-36.85 E3.06983
G1 X-15.192 Y-37.251 E3.09002
G1 X-14.99 Y-37.62 E3.11025
G1 X-14.719 Y-37.941 E3.13046
G1 X-14.39 Y-38.202 E3.15066
G1 X-13.971 Y-38.404 E3.17303
G1 X-13.433 Y-38.523 E3.19953
G1 X-12.99 Y-38.52 E3.22084
G1 X-12.475 Y-38.389 E3.2464
G1 X-12.102 Y-38.196 E3.2666
G1 X-11.775 Y-37.934 E3.28675
G1 X-11.505 Y-37.611 E3.307
G1 X-11.305 Y-37.242 E3.32719
G1 X-11.183 Y-36.84 E3.3474
G1 X-11.142 Y-36.422 E3.3676
G1 X-11.173 Y-36.122 E3.38211
G1 X-11.173 Y-36.122 F7800
G1 X-11.554 Y-36.128
;TYPE:External perimeter
G1 F900
G1 X-11.556 Y-36.109 E3.38303
G1 X-11.653 Y-35.78 E3.39953
G1 X-11.813 Y-35.476 E3.41605
G1 X-12.03 Y-35.21 E3.43256
G1 X-12.295 Y-34.992 E3.44906
G1 X-12.598 Y-34.831 E3.46556
G1 X-12.805 Y-34.768 E3.47597
G1 X-13.225 Y-34.726 E3.49627
G1 X-13.527 Y-34.725 E3.5108
G1 X-13.858 Y-34.814 E3.52729
G1 X-14.166 Y-34.966 E3.54381
G1 X-14.437 Y-35.177 E3.56033
G1 X-14.662 Y-35.437 E3.57687
G1 X-14.83 Y-35.736 E3.59337
G1 X-14.936 Y-36.063 E3.6099
G1 X-14.975 Y-36.404 E3.62641
G1 X-14.945 Y-36.746 E3.64292
G1 X-14.849 Y-37.075 E3.6594
G1 X-14.688 Y-37.379 E3.67595
G1 X-14.471 Y-37.645 E3.69246
G1 X-14.206 Y-37.863 E3.70896
G1 X-13.887 Y-38.028 E3.72623
G1 X-13.35 Y-38.147 E3.75268
G1 X-12.975 Y-38.13 E3.77073
G1 X-12.643 Y-38.041 E3.78726
G1 X-12.335 Y-37.889 E3.80378
G1 X-12.064 Y-37.678 E3.8203
G1 X-11.839 Y-37.418 E3.83684
G1 X-11.671 Y-37.119 E3.85334
G1 X-11.565 Y-36.792 E3.86987
G1 X-11.526 Y-36.451 E3.88638
G1 X-11.549 Y-36.188 E3.89908
G1 X-11.655 Y-35.802 F7800
G1 E1.89908 F2400
G92 E0
G1 X-33.009 Y-40.431 F7800
G1 E2 F2400
;TYPE:Perimeter
G1 F3600
G1 X-5.391 Y-40.431 E3.32833
G1 X-5.391 Y-37.675 E3.46088
G1 X-5.391 Y-7.424 E4.91585
G1 X-33.009 Y-7.424 E6.24418
G1 X-33.009 Y-40.371 E7.82882
G1 X-33.009 Y-40.371 F7800
G1 X-33.395 Y-40.817
G1 F3600
G1 X-5.006 Y-40.817 E9.19423
G1 X-5.006 Y-37.675 E9.34535
G1 X-5.006 Y-7.038 E10.81888
G1 X-33.395 Y-7.038 E12.18429
G1 X-33.395 Y-40.757 E13.80606
G1 X-33.395 Y-40.757 F7800
G1 X-33.78 Y-41.203
;TYPE:External perimeter
G1 F1800
G1 X-4.62 Y-41.203 E15.20855
G1 X-4.62 Y-37.675 E15.37823
G1 X-4.62 Y-6.653 E16.87028
G1 X-33.78 Y-6.653 E18.27277
G1 X-33.78 Y-41.143 E19.93162
G1 X-33.385 Y-41.202 F7800
G1 E17.93162 F2400
G92 E0
G1 X-24.91 Y-40.316 F7800
G1 E2 F2400
;TYPE:Internal infill
;WIDTH:0.45
G1 F4800
G1 X-14.914 Y-30.32 E2.67992
G1 X-15.271 Y-30.012 E2.7026
G1 X-15.575 Y-29.63 E2.72608
G1 X-15.83 Y-29.147 E2.75235
G1 X-15.994 Y-28.579 E2.78078
G1 X-16.004 Y-27.774 E2.8195
G1 X-28.372 Y-40.142 E3.66076
G1 X-32.008 Y-40.142 E3.83564
G1 X-14.227 Y-22.361 E5.04508
G1 X-14.847 Y-22.044 E5.07857
G1 X-15.271 Y-21.678 E5.10551
G1 X-15.614 Y-21.235 E5.13246
G1 X-15.846 Y-20.774 E5.15728
G1 X-15.94 Y-20.439 E5.17401
G1 X-32.72 Y-37.219 E6.31537
G1 X-32.72 Y-33.583 E6.49025
G1 X-13.339 Y-14.202 E7.80852
G1 X-14.249 Y-14.027 E7.85309
G1 X-14.716 Y-13.793 E7.87821
G1 X-15.22 Y-13.397 E7.90904
G1 X-15.635 Y-12.863 E7.94157
G1 X-32.72 Y-29.947 E9.10364
G1 X-32.72 Y-26.312 E9.27847
G1 X-14.121 Y-7.713 E10.54355
G1 X-10.486 Y-7.713 E10.71838
G1 X-11.817 Y-9.045 E10.80895
G1 X-11.344 Y-9.401 E10.83742
G1 X-10.85 Y-10.02 E10.87551
G1 X-10.619 Y-10.524 E10.90218
G1 X-10.475 Y-11.338 E10.94194
G1 X-6.85 Y-7.713 E11.18851
G1 X-5.68 Y-7.713 E11.24478
G1 X-5.68 Y-10.179 E11.36339
G1 X-12.568 Y-17.067 E11.8319
G1 X-11.991 Y-17.277 E11.86143
G1 X-11.532 Y-17.569 E11.88759
G1 X-11.208 Y-17.868 E11.90879
G1 X-10.903 Y-18.267 E11.93295
G1 X-10.662 Y-18.796 E11.96091
G1 X-5.68 Y-13.815 E12.29975
G1 X-5.68 Y-17.45 E12.47458
G1 X-13.564 Y-25.334 E13.01084
G1 X-13.166 Y-25.31 E13.03002
G1 X-12.628 Y-25.38 E13.05611
G1 X-12.098 Y-25.559 E13.08302
G1 X-11.611 Y-25.843 E13.11013
G1 X-11.029 Y-26.435 E13.15006
G1 X-5.507 Y-20.913 E13.52566
G1 E11.52566 F2400
G92 E0
G1 X-5.507 Y-20.913 F7800
G1 X-17.583 Y-7.539
G1 E2 F2400
G1 F4800
G1 X-32.72 Y-22.676 E3.0296
G1 X-32.72 Y-19.04 E3.20448
G1 X-21.393 Y-7.713 E3.97493
G1 X-25.028 Y-7.713 E4.14976
G1 X-32.72 Y-15.405 E4.67296
G1 X-32.72 Y-11.769 E4.84784
G1 X-28.664 Y-7.713 E5.12372
G1 X-32.3 Y-7.713 E5.2986
G1 X-32.893 Y-8.307 E5.33897
G1 E3.33897 F2400
G92 E0
G1 X-32.893 Y-8.307 F7800
G1 X-14.003 Y-40.316
G1 E2 F2400
G1 F4800
G1 X-12.86 Y-39.173 E2.07775
G1 X-13.522 Y-39.194 E2.10961
G1 X-14.439 Y-38.943 E2.15534
G1 X-14.916 Y-38.657 E2.18209
G1 X-15.449 Y-38.126 E2.21828
G1 X-17.465 Y-40.142 E2.35541
G1 X-21.101 Y-40.142 E2.53029
G1 X-5.68 Y-24.722 E3.57917
G1 X-5.68 Y-28.357 E3.754
G1 X-11.556 Y-34.233 E4.15368
G1 X-11.292 Y-34.447 E4.17003
G1 X-10.981 Y-34.818 E4.19331
G1 X-10.707 Y-35.3 E4.21998
G1 X-10.507 Y-35.945 E4.25246
G1 X-10.465 Y-36.467 E4.27765
G1 X-10.501 Y-36.814 E4.29443
G1 X-5.68 Y-31.993 E4.62235
G1 X-5.68 Y-35.629 E4.79723
G1 X-10.194 Y-40.142 E5.10423
G1 X-6.558 Y-40.142 E5.27911
G1 X-5.507 Y-39.091 E5.3506
;LAYER_CHANGE
;Z:4.25
;HEIGHT:0.3
G1 Z4.25 F7800
G1 E3.3506 F2400
G92 E0
G1 X-5.507 Y-39.091 F7800
G1 X-36.477 Y-14.911
G1 E2 F2400
;TYPE:Support material
;WIDTH:0.35
G1 F3600
G1 X-35.703 Y-14.607 E2.02962
G1 X-35.135 Y-14.144 E2.05573
G1 X-35.59 Y-14.252 E2.07239
G1 X-36.251 Y-14.582 E2.09871
G1 X-36.519 Y-14.92 E2.11408
G1 E.11408 F2400
G92 E0
G1 X-36.519 Y-14.92 F7800
G1 X-44.268 Y-15.442
G1 E2 F2400
;TYPE:Support material interface
G1 F3600
G1 X-48.863 Y-20.037 E2.2315
G1 X-48.863 Y-19.633 E2.24589
G1 X-44.8 Y-15.57 E2.45058
G1 X-45.204 Y-15.57 E2.46497
G1 X-48.863 Y-19.229 E2.64931
G1 X-48.863 Y-18.825 E2.6637
G1 X-45.608 Y-15.57 E2.82769
G1 X-46.012 Y-15.571 E2.84208
G1 X-48.862 Y-18.421 E2.98566
G1 X-48.827 Y-17.981 E3.00138
G1 X-46.452 Y-15.606 E3.12103
G1 X-46.999 Y-15.749 E3.14117
G1 X-48.882 Y-17.633 E3.23606
G1 E1.23606 F2400
G92 E0
G1 X-48.882 Y-17.633 F7800
G1 X-39.831 Y-32.413
G1 E2 F2400
G1 F3600
G1 X-37.488 Y-30.07 E2.11804
G1 X-37.892 Y-30.07 E2.13243
G1 X-40.107 Y-32.285 E2.24402
G1 X-40.51 Y-32.285 E2.25838
G1 X-38.296 Y-30.07 E2.36995
G1 X-38.7 Y-30.07 E2.38434
G1 X-40.914 Y-32.285 E2.49591
G1 X-41.318 Y-32.285 E2.5103
G1 X-39.104 Y-30.07 E2.62187
G1 X-39.508 Y-30.07 E2.63626
G1 X-41.722 Y-32.285 E2.74783
G1 X-42.126 Y-32.285 E2.76222
G1 X-39.912 Y-30.07 E2.87379
G1 X-40.316 Y-30.07 E2.88818
G1 X-42.53 Y-32.285 E2.99975
G1 X-42.934 Y-32.285 E3.01414
G1 X-40.72 Y-30.07 E3.12571
G1 X-41.124 Y-30.07 E3.1401
G1 X-43.338 Y-32.285 E3.25167
G1 X-43.742 Y-32.285 E3.26606
G1 X-41.527 Y-30.07 E3.37765
G1 X-41.931 Y-30.07 E3.39204
G1 X-44.146 Y-32.285 E3.50363
G1 X-44.55 Y-32.285 E3.51802
G1 X-42.335 Y-30.07 E3.62961
G1 X-42.739 Y-30.07 E3.644
G1 X-44.954 Y-32.285 E3.75559
G1 X-45.358 Y-32.285 E3.76998
G1 X-43.143 Y-30.07 E3.88157
G1 X-43.547 Y-30.07 E3.89596
G1 X-45.762 Y-32.285 E4.00755
G1 X-46.161 Y-32.28 E4.02177
G1 X-43.951 Y-30.07 E4.13311
G1 X-44.355 Y-30.07 E4.1475
G1 X-46.522 Y-32.237 E4.25667
G1 X-46.846 Y-32.158 E4.26855
G1 X-44.759 Y-30.07 E4.37372
G1 X-45.163 Y-30.07 E4.38811
G1 X-47.141 Y-32.048 E4.48776
G1 X-47.411 Y-31.914 E4.4985
G1 X-45.567 Y-30.07 E4.5914
G1 X-45.918 Y-30.018 E4.60404
G1 X-47.658 Y-31.757 E4.69168
G1 X-47.884 Y-31.579 E4.70193
G1 X-46.189 Y-29.885 E4.7873
G1 X-46.401 Y-29.692 E4.79751
G1 X-48.089 Y-31.381 E4.88258
G1 X-48.275 Y-31.162 E4.89282
G1 X-46.556 Y-29.444 E4.9794
G1 X-46.642 Y-29.126 E4.99114
G1 X-48.439 Y-30.923 E5.08167
G1 X-48.582 Y-30.662 E5.09227
G1 X-46.648 Y-28.728 E5.1897
G1 X-46.648 Y-28.324 E5.20409
G1 X-48.7 Y-30.376 E5.30747
G1 X-48.79 Y-30.062 E5.31911
G1 X-46.648 Y-27.92 E5.42702
G1 X-46.648 Y-27.516 E5.44141
G1 X-48.848 Y-29.716 E5.55225
G1 X-48.863 Y-29.327 E5.56612
G1 X-46.648 Y-27.113 E5.67769
G1 X-46.648 Y-26.709 E5.69208
G1 X-48.863 Y-28.923 E5.80365
G1 X-48.863 Y-28.519 E5.81804
G1 X-46.648 Y-26.305 E5.92961
G1 X-46.648 Y-25.901 E5.944
G1 X-48.863 Y-28.115 E6.05557
G1 X-48.863 Y-27.711 E6.06996
G1 X-46.648 Y-25.497 E6.18153
G1 X-46.648 Y-25.093 E6.19592
G1 X-48.863 Y-27.307 E6.30749
G1 X-48.863 Y-26.903 E6.32188
G1 X-46.648 Y-24.689 E6.43345
G1 X-46.648 Y-24.285 E6.44784
G1 X-48.863 Y-26.499 E6.55941
G1 X-48.863 Y-26.095 E6.5738
G1 X-46.648 Y-23.881 E6.68537
G1 X-46.648 Y-23.477 E6.69976
G1 X-48.863 Y-25.692 E6.81135
G1 X-48.863 Y-25.288 E6.82574
G1 X-46.648 Y-23.073 E6.93733
G1 X-46.648 Y-22.669 E6.95172
G1 X-48.863 Y-24.884 E7.06331
G1 X-48.863 Y-24.48 E7.0777
G1 X-46.648 Y-22.265 E7.18929
G1 X-46.648 Y-21.861 E7.20368
G1 X-48.863 Y-24.076 E7.31527
G1 X-48.863 Y-23.672 E7.32966
G1 X-46.648 Y-21.458 E7.44123
G1 X-46.648 Y-21.054 E7.45562
G1 X-48.863 Y-23.268 E7.56719
G1 X-48.863 Y-22.864 E7.58158
G1 X-46.648 Y-20.65 E7.69315
G1 X-46.648 Y-20.246 E7.70754
G1 X-48.863 Y-22.46 E7.81911
G1 X-48.863 Y-22.056 E7.8335
G1 X-46.648 Y-19.842 E7.94507
G1 X-46.648 Y-19.438 E7.95946
G1 X-48.863 Y-21.652 E8.07103
G1 X-48.863 Y-21.248 E8.08542
G1 X-46.648 Y-19.034 E8.19699
G1 X-46.62 Y-18.602 E8.21241
G1 X-48.863 Y-20.844 E8.32539
G1 X-48.863 Y-20.441 E8.33975
G1 X-43.992 Y-15.57 E8.58515
G1 X-43.588 Y-15.57 E8.59954
G1 X-45.831 Y-17.813 E8.71254
G1 X-45.399 Y-17.785 E8.72796
G1 X-43.185 Y-15.57 E8.83953
G1 X-42.781 Y-15.57 E8.85392
G1 X-44.995 Y-17.785 E8.96549
G1 X-44.591 Y-17.785 E8.97988
G1 X-42.377 Y-15.57 E9.09145
G1 X-41.973 Y-15.57 E9.10584
G1 X-44.187 Y-17.785 E9.21741
G1 X-43.783 Y-17.785 E9.2318
G1 X-41.569 Y-15.57 E9.34337
G1 X-41.165 Y-15.57 E9.35776
G1 X-43.379 Y-17.785 E9.46933
G1 X-42.975 Y-17.785 E9.48372
G1 X-40.761 Y-15.57 E9.59529
G1 X-40.357 Y-15.57 E9.60968
G1 X-42.571 Y-17.785 E9.72125
G1 X-42.168 Y-17.785 E9.73561
G1 X-39.953 Y-15.57 E9.8472
G1 X-39.549 Y-15.57 E9.86159
G1 X-41.764 Y-17.785 E9.97318
G1 X-41.36 Y-17.785 E9.98757
G1 X-39.145 Y-15.57 E10.09916
G1 X-38.741 Y-15.57 E10.11355
G1 X-40.956 Y-17.785 E10.22514
G1 X-40.552 Y-17.785 E10.23953
G1 X-38.337 Y-15.57 E10.35112
G1 X-37.933 Y-15.57 E10.36551
G1 X-40.148 Y-17.785 E10.4771
G1 X-39.744 Y-17.785 E10.49149
G1 X-37.53 Y-15.57 E10.60306
G1 X-37.126 Y-15.57 E10.61745
G1 X-39.34 Y-17.785 E10.72902
G1 X-38.936 Y-17.785 E10.74341
G1 X-36.362 Y-15.21 E10.87311
G1 X-35.731 Y-14.984 E10.89699
G1 X-38.532 Y-17.785 E11.0381
G1 X-38.128 Y-17.785 E11.05249
G1 X-34.712 Y-14.369 E11.22459
G1 X-34.768 Y-14.828 E11.24106
G1 X-37.724 Y-17.785 E11.39001
G1 X-37.325 Y-17.789 E11.40422
G1 X-34.778 Y-15.242 E11.53254
G1 X-34.778 Y-15.646 E11.54693
G1 X-37.003 Y-17.871 E11.65903
G1 X-36.751 Y-18.023 E11.66951
G1 X-34.778 Y-16.05 E11.76891
G1 X-34.778 Y-16.454 E11.7833
G1 X-36.556 Y-18.233 E11.8729
G1 X-36.42 Y-18.5 E11.88357
G1 X-34.778 Y-16.858 E11.96629
G1 X-34.778 Y-17.262 E11.98068
G1 X-36.363 Y-18.847 E12.06053
G1 X-36.363 Y-19.25 E12.07489
G1 X-34.778 Y-17.666 E12.15472
G1 X-34.778 Y-18.07 E12.16911
G1 X-36.363 Y-19.654 E12.24894
G1 X-36.363 Y-20.058 E12.26333
G1 X-34.778 Y-18.474 E12.34316
G1 X-34.778 Y-18.878 E12.35755
G1 X-36.363 Y-20.462 E12.43738
G1 X-36.363 Y-20.866 E12.45177
G1 X-34.778 Y-19.282 E12.5316
G1 X-34.778 Y-19.686 E12.54599
G1 X-36.363 Y-21.27 E12.62582
G1 X-36.363 Y-21.674 E12.64021
G1 X-34.778 Y-20.09 E12.72004
G1 X-34.778 Y-20.494 E12.73443
G1 X-36.363 Y-22.078 E12.81426
G1 X-36.363 Y-22.482 E12.82865
G1 X-34.778 Y-20.897 E12.9085
G1 X-34.778 Y-21.301 E12.92289
G1 X-36.363 Y-22.886 E13.00274
G1 X-36.363 Y-23.29 E13.01713
G1 X-34.778 Y-21.705 E13.09698
G1 X-34.778 Y-22.109 E13.11137
G1 X-36.363 Y-23.694 E13.19122
G1 X-36.363 Y-24.098 E13.20561
G1 X-34.778 Y-22.513 E13.28546
G1 X-34.778 Y-22.917 E13.29985
G1 X-36.363 Y-24.501 E13.37968
G1 X-36.363 Y-24.905 E13.39407
G1 X-34.778 Y-23.321 E13.4739
G1 X-34.778 Y-23.725 E13.48829
G1 X-36.363 Y-25.309 E13.56812
G1 X-36.363 Y-25.713 E13.58251
G1 X-34.778 Y-24.129 E13.66234
G1 X-34.778 Y-24.533 E13.67673
G1 X-36.363 Y-26.117 E13.75656
G1 X-36.363 Y-26.521 E13.77095
G1 X-34.778 Y-24.937 E13.85078
G1 X-34.778 Y-25.341 E13.86517
G1 X-36.363 Y-26.925 E13.945
G1 X-36.363 Y-27.329 E13.95939
G1 X-34.778 Y-25.745 E14.03922
G1 X-34.778 Y-26.149 E14.05361
G1 X-36.363 Y-27.733 E14.13344
G1 X-36.363 Y-28.137 E14.14783
G1 X-34.778 Y-26.552 E14.22768
G1 X-34.778 Y-26.956 E14.24207
G1 X-36.363 Y-28.541 E14.32192
G1 X-36.363 Y-28.945 E14.33631
G1 X-34.778 Y-27.36 E14.41616
G1 X-34.778 Y-27.764 E14.43055
G1 X-39.299 Y-32.285 E14.65832
G1 X-38.895 Y-32.285 E14.67271
G1 X-34.778 Y-28.168 E14.88012
G1 X-34.778 Y-28.572 E14.89451
G1 X-38.491 Y-32.285 E15.08157
G1 X-38.087 Y-32.285 E15.09596
G1 X-34.778 Y-28.976 E15.26267
G1 X-34.778 Y-29.38 E15.27706
G1 X-37.683 Y-32.285 E15.42341
G1 X-37.279 Y-32.285 E15.4378
G1 X-34.778 Y-29.784 E15.5638
G1 X-34.778 Y-30.188 E15.57819
G1 X-36.878 Y-32.288 E15.68399
G1 X-36.511 Y-32.324 E15.69713
G1 X-34.778 Y-30.592 E15.78441
G1 X-34.778 Y-30.996 E15.7988
G1 X-36.179 Y-32.396 E15.86936
G1 X-35.875 Y-32.496 E15.88076
G1 X-34.778 Y-31.4 E15.936
G1 X-34.778 Y-31.803 E15.95036
G1 X-35.76 Y-32.857 E16.00168
G1 X-35.544 Y-32.973 E16.01041
G1 X-34.778 Y-32.207 E16.049
G1 X-34.778 Y-32.328 E16.05331
G1 X-34.63 Y-32.463 E16.06045
G1 X-35.301 Y-33.134 E16.09425
G1 X-35.08 Y-33.317 E16.10447
G1 X-34.5 Y-32.737 E16.13369
G1 X-34.493 Y-33.134 E16.14783
G1 X-34.879 Y-33.52 E16.16728
G1 X-34.699 Y-33.741 E16.17743
G1 X-34.364 Y-33.409 E16.19423
G1 E14.19423 F2400
G92 E0
G1 X-11.563 Y-17.943 F7800
G1 E2 F2400
;TYPE:Perimeter
;WIDTH:0.45
G1 F900
G1 X-11.714 Y-17.794 E2.0102
G1 X-12.212 Y-17.491 E2.03824
G1 X-12.687 Y-17.33 E2.06236
G1 X-13.222 Y-17.268 E2.08826
G1 X-13.717 Y-17.311 E2.11216
G1 X-14.193 Y-17.452 E2.13604
G1 X-14.632 Y-17.685 E2.15994
G1 X-15.016 Y-18 E2.18383
G1 X-15.33 Y-18.384 E2.20769
G1 X-15.509 Y-18.698 E2.22507
G1 X-15.685 Y-19.207 E2.25097
G1 X-15.746 Y-19.723 E2.27596
G1 X-15.688 Y-20.288 E2.30328
G1 X-15.535 Y-20.761 E2.32719
G1 X-15.291 Y-21.193 E2.35105
G1 X-14.967 Y-21.569 E2.37492
G1 X-14.575 Y-21.874 E2.39881
G1 X-14.059 Y-22.113 E2.42616
G1 X-13.523 Y-22.233 E2.45258
G1 X-12.971 Y-22.239 E2.47913
G1 X-12.446 Y-22.123 E2.50499
G1 X-11.988 Y-21.914 E2.5292
G1 X-11.581 Y-21.616 E2.55346
G1 X-11.171 Y-21.137 E2.58379
G1 X-10.94 Y-20.698 E2.60765
G1 X-10.8 Y-20.222 E2.63151
G1 X-10.757 Y-19.727 E2.65541
G1 X-10.835 Y-19.166 E2.68265
G1 X-11.018 Y-18.665 E2.7083
G1 X-11.319 Y-18.184 E2.73559
G1 X-11.521 Y-17.985 E2.74923
G1 X-11.521 Y-17.985 F7800
G1 X-11.823 Y-18.223
G1 F900
G1 X-12.024 Y-18.046 E2.76211
G1 X-12.388 Y-17.837 E2.7823
G1 X-12.786 Y-17.704 E2.80248
G1 X-13.203 Y-17.653 E2.82269
G1 X-13.622 Y-17.685 E2.8429
G1 X-14.026 Y-17.8 E2.8631
G1 X-14.399 Y-17.992 E2.88328
G1 X-14.727 Y-18.255 E2.9035
G1 X-14.996 Y-18.577 E2.92368
G1 X-15.164 Y-18.871 E2.93997
G1 X-15.318 Y-19.348 E2.96408
G1 X-15.359 Y-19.766 E2.98428
G1 X-15.316 Y-20.184 E3.00449
G1 X-15.192 Y-20.585 E3.02468
G1 X-14.99 Y-20.953 E3.04487
G1 X-14.719 Y-21.274 E3.06508
G1 X-14.39 Y-21.535 E3.08528
G1 X-13.972 Y-21.737 E3.10761
G1 X-13.439 Y-21.856 E3.13388
G1 X-12.904 Y-21.842 E3.15962
G1 X-12.476 Y-21.722 E3.181
G1 X-12.102 Y-21.529 E3.20124
G1 X-11.775 Y-21.267 E3.22139
G1 X-11.505 Y-20.945 E3.2416
G1 X-11.305 Y-20.575 E3.26183
G1 X-11.183 Y-20.174 E3.28199
G1 X-11.142 Y-19.756 E3.30219
G1 X-11.198 Y-19.297 E3.32443
G1 X-11.38 Y-18.797 E3.35002
G1 X-11.69 Y-18.34 E3.37658
G1 X-11.778 Y-18.262 E3.38224
G1 X-11.778 Y-18.262 F7800
G1 X-12.083 Y-18.503
;TYPE:External perimeter
G1 F900
G1 X-12.225 Y-18.375 E3.39143
G1 X-12.52 Y-18.199 E3.40795
G1 X-12.844 Y-18.085 E3.42447
G1 X-13.184 Y-18.038 E3.44098
G1 X-13.527 Y-18.059 E3.45751
G1 X-13.858 Y-18.147 E3.47398
G1 X-14.166 Y-18.3 E3.49052
G1 X-14.437 Y-18.51 E3.50701
G1 X-14.662 Y-18.77 E3.52355
G1 X-14.82 Y-19.044 E3.53876
G1 X-14.936 Y-19.396 E3.55659
G1 X-14.975 Y-19.737 E3.5731
G1 X-14.945 Y-20.079 E3.58961
G1 X-14.849 Y-20.409 E3.60614
G1 X-14.688 Y-20.712 E3.62264
G1 X-14.471 Y-20.979 E3.63919
G1 X-14.206 Y-21.196 E3.65566
G1 X-13.888 Y-21.361 E3.67289
G1 X-13.355 Y-21.48 E3.69916
G1 X-12.975 Y-21.463 E3.71745
G1 X-12.643 Y-21.375 E3.73397
G1 X-12.335 Y-21.222 E3.75051
G1 X-12.064 Y-21.012 E3.767
G1 X-11.839 Y-20.752 E3.78354
G1 X-11.671 Y-20.453 E3.80004
G1 X-11.565 Y-20.126 E3.81657
G1 X-11.526 Y-19.785 E3.83308
G1 X-11.56 Y-19.429 E3.85028
G1 X-11.742 Y-18.929 E3.87587
G1 X-11.97 Y-18.606 E3.89489
G1 X-12.039 Y-18.543 E3.89938
G1 X-12.358 Y-18.303 F7800
G1 E1.89938 F2400
G92 E0
G1 X-11.559 Y-29.918 F7800
G1 E2 F2400
;TYPE:Perimeter
G1 F900
G1 X-11.5 Y-29.871 E2.00363
G1 X-11.171 Y-29.471 E2.02854
G1 X-10.94 Y-29.031 E2.05244
G1 X-10.8 Y-28.555 E2.0763
G1 X-10.757 Y-28.06 E2.1002
G1 X-10.835 Y-27.499 E2.12744
G1 X-11.018 Y-26.998 E2.15309
G1 X-11.319 Y-26.518 E2.18034
G1 X-11.714 Y-26.128 E2.20704
G1 X-12.212 Y-25.825 E2.23508
G1 X-12.687 Y-25.663 E2.25922
G1 X-13.03 Y-25.61 E2.27591
G1 X-13.533 Y-25.616 E2.3001
G1 X-14.108 Y-25.75 E2.3285
G1 X-14.584 Y-25.984 E2.35401
G1 X-15.016 Y-26.333 E2.38072
G1 X-15.33 Y-26.718 E2.40461
G1 X-15.561 Y-27.157 E2.42847
G1 X-15.701 Y-27.633 E2.45233
G1 X-15.744 Y-28.128 E2.47623
G1 X-15.688 Y-28.621 E2.50009
G1 X-15.535 Y-29.094 E2.524
G1 X-15.291 Y-29.527 E2.5479
G1 X-14.967 Y-29.903 E2.57177
G1 X-14.575 Y-30.207 E2.59563
G1 X-14.059 Y-30.446 E2.62298
G1 X-13.523 Y-30.566 E2.6494
G1 X-12.971 Y-30.572 E2.67595
G1 X-12.418 Y-30.448 E2.70321
G1 X-11.917 Y-30.204 E2.73001
G1 X-11.605 Y-29.955 E2.74921
G1 X-11.605 Y-29.955 F7800
G1 X-11.82 Y-29.636
G1 F900
G1 X-11.775 Y-29.6 E2.75198
G1 X-11.505 Y-29.278 E2.77219
G1 X-11.305 Y-28.909 E2.79238
G1 X-11.183 Y-28.507 E2.81259
G1 X-11.142 Y-28.089 E2.83279
G1 X-11.198 Y-27.631 E2.85498
G1 X-11.38 Y-27.13 E2.88062
G1 X-11.69 Y-26.674 E2.90714
G1 X-12.024 Y-26.379 E2.92857
G1 X-12.388 Y-26.17 E2.94876
G1 X-12.786 Y-26.037 E2.96894
G1 X-13.088 Y-25.992 E2.98363
G1 X-13.622 Y-26.018 E3.00934
G1 X-14.026 Y-26.133 E3.02954
G1 X-14.399 Y-26.326 E3.04974
G1 X-14.727 Y-26.588 E3.06993
G1 X-14.996 Y-26.91 E3.09011
G1 X-15.196 Y-27.28 E3.11034
G1 X-15.318 Y-27.681 E3.1305
G1 X-15.359 Y-28.099 E3.1507
G1 X-15.316 Y-28.517 E3.17091
G1 X-15.192 Y-28.918 E3.1911
G1 X-14.99 Y-29.286 E3.21129
G1 X-14.719 Y-29.607 E3.2315
G1 X-14.39 Y-29.868 E3.2517
G1 X-13.972 Y-30.071 E3.27405
G1 X-13.439 Y-30.19 E3.30032
G1 X-12.934 Y-30.181 E3.32461
G1 X-12.475 Y-30.055 E3.3475
G1 X-12.102 Y-29.863 E3.36768
G1 X-11.867 Y-29.674 E3.38218
G1 X-11.867 Y-29.674 F7800
G1 X-12.079 Y-29.357
;TYPE:External perimeter
G1 F900
G1 X-12.064 Y-29.345 E3.3831
G1 X-11.839 Y-29.085 E3.39964
G1 X-11.671 Y-28.786 E3.41614
G1 X-11.565 Y-28.459 E3.43267
G1 X-11.526 Y-28.118 E3.44918
G1 X-11.56 Y-27.763 E3.46633
G1 X-11.742 Y-27.262 E3.49197
G1 X-11.97 Y-26.939 E3.51099
G1 X-12.225 Y-26.708 E3.52754
G1 X-12.52 Y-26.532 E3.54406
G1 X-12.844 Y-26.419 E3.56056
G1 X-13.145 Y-26.373 E3.57521
G1 X-13.527 Y-26.392 E3.59361
G1 X-13.858 Y-26.481 E3.6101
G1 X-14.166 Y-26.633 E3.62662
G1 X-14.437 Y-26.843 E3.64311
G1 X-14.662 Y-27.103 E3.65965
G1 X-14.83 Y-27.403 E3.67619
G1 X-14.936 Y-27.729 E3.69268
G1 X-14.975 Y-28.07 E3.70919
G1 X-14.945 Y-28.413 E3.72575
G1 X-14.849 Y-28.742 E3.74223
G1 X-14.689 Y-29.046 E3.75875
G1 X-14.471 Y-29.312 E3.77529
G1 X-14.206 Y-29.53 E3.79179
G1 X-13.888 Y-29.694 E3.809
G1 X-13.355 Y-29.813 E3.83527
G1 X-12.975 Y-29.796 E3.85356
G1 X-12.643 Y-29.708 E3.87008
G1 X-12.335 Y-29.555 E3.88662
G1 X-12.126 Y-29.394 E3.89931
G1 X-11.86 Y-29.096 F7800
G1 E1.89931 F2400
G92 E0
G1 X-10.803 Y-35.996 F7800
G1 E2 F2400
;TYPE:Perimeter
G1 F900
G1 X-10.813 Y-35.9 E2.00464
G1 X-10.966 Y-35.428 E2.0285
G1 X-11.21 Y-34.995 E2.0524
G1 X-11.534 Y-34.619 E2.07627
G1 X-11.926 Y-34.315 E2.10013
G1 X-12.371 Y-34.094 E2.12403
G1 X-12.876 Y-33.964 E2.14911
G1 X-13.422 Y-33.949 E2.17538
G1 X-13.717 Y-33.978 E2.18964
G1 X-14.193 Y-34.119 E2.21352
G1 X-14.632 Y-34.352 E2.23742
G1 X-15.016 Y-34.666 E2.26128
G1 X-15.256 Y-34.942 E2.27887
G1 X-15.524 Y-35.396 E2.30423
G1 X-15.701 Y-35.967 E2.33298
G1 X-15.744 Y-36.461 E2.35683
G1 X-15.688 Y-36.955 E2.38074
G1 X-15.535 Y-37.427 E2.4046
G1 X-15.291 Y-37.86 E2.4285
G1 X-14.967 Y-38.236 E2.45237
G1 X-14.575 Y-38.54 E2.47623
G1 X-14.055 Y-38.781 E2.5038
G1 X-13.523 Y-38.899 E2.53001
G1 X-12.971 Y-38.905 E2.55656
G1 X-12.489 Y-38.802 E2.58027
G1 X-12.033 Y-38.604 E2.60418
G1 X-11.626 Y-38.319 E2.62808
G1 X-11.284 Y-37.96 E2.65193
G1 X-11.019 Y-37.54 E2.67582
G1 X-10.822 Y-37.003 E2.70333
G1 X-10.755 Y-36.466 E2.72936
G1 X-10.797 Y-36.056 E2.74918
G1 X-10.797 Y-36.056 F7800
G1 X-11.179 Y-36.062
G1 F900
G1 X-11.185 Y-36.005 E2.75194
G1 X-11.309 Y-35.604 E2.77213
G1 X-11.511 Y-35.236 E2.79232
G1 X-11.782 Y-34.914 E2.81256
G1 X-12.111 Y-34.653 E2.83276
G1 X-12.485 Y-34.463 E2.85294
G1 X-12.932 Y-34.347 E2.87515
G1 X-13.464 Y-34.334 E2.90074
G1 X-13.974 Y-34.445 E2.92584
G1 X-14.399 Y-34.659 E2.94873
G1 X-14.727 Y-34.921 E2.96892
G1 X-14.952 Y-35.178 E2.98535
G1 X-15.196 Y-35.613 E3.00934
G1 X-15.318 Y-36.015 E3.02955
G1 X-15.359 Y-36.433 E3.04975
G1 X-15.316 Y-36.85 E3.06991
G1 X-15.192 Y-37.251 E3.0901
G1 X-14.99 Y-37.62 E3.11033
G1 X-14.719 Y-37.941 E3.13054
G1 X-14.39 Y-38.202 E3.15074
G1 X-13.972 Y-38.404 E3.17307
G1 X-13.439 Y-38.523 E3.19934
G1 X-12.991 Y-38.52 E3.22089
G1 X-12.475 Y-38.389 E3.2465
G1 X-12.102 Y-38.196 E3.2667
G1 X-11.775 Y-37.934 E3.28685
G1 X-11.505 Y-37.611 E3.3071
G1 X-11.305 Y-37.242 E3.32729
G1 X-11.183 Y-36.84 E3.3475
G1 X-11.142 Y-36.422 E3.3677
G1 X-11.173 Y-36.122 E3.38221
G1 X-11.173 Y-36.122 F7800
G1 X-11.554 Y-36.128
;TYPE:External perimeter
G1 F900
G1 X-11.556 Y-36.109 E3.38313
G1 X-11.653 Y-35.78 E3.39963
G1 X-11.813 Y-35.476 E3.41615
G1 X-12.03 Y-35.21 E3.43266
G1 X-12.295 Y-34.992 E3.44916
G1 X-12.598 Y-34.831 E3.46566
G1 X-12.942 Y-34.733 E3.48286
G1 X-13.474 Y-34.72 E3.50845
G1 X-13.858 Y-34.814 E3.52746
G1 X-14.166 Y-34.966 E3.54398
G1 X-14.437 Y-35.177 E3.5605
G1 X-14.647 Y-35.415 E3.57577
G1 X-14.83 Y-35.736 E3.59354
G1 X-14.936 Y-36.063 E3.61007
G1 X-14.975 Y-36.404 E3.62658
G1 X-14.945 Y-36.746 E3.64309
G1 X-14.849 Y-37.075 E3.65957
G1 X-14.688 Y-37.379 E3.67612
G1 X-14.471 Y-37.645 E3.69263
G1 X-14.206 Y-37.863 E3.70913
G1 X-13.888 Y-38.028 E3.72636
G1 X-13.355 Y-38.146 E3.75262
G1 X-12.975 Y-38.13 E3.77091
G1 X-12.643 Y-38.041 E3.78744
G1 X-12.335 Y-37.889 E3.80396
G1 X-12.064 Y-37.678 E3.82048
G1 X-11.839 Y-37.418 E3.83702
G1 X-11.671 Y-37.119 E3.85352
G1 X-11.565 Y-36.792 E3.87005
G1 X-11.526 Y-36.451 E3.88656
G1 X-11.549 Y-36.188 E3.89926
G1 X-11.655 Y-35.802 F7800
G1 E1.89926 F2400
G92 E0
G1 X-11.101 Y-10.187 F7800
G1 E2 F2400
;TYPE:Perimeter
G1 F900
G1 X-11.207 Y-9.998 E2.01042
G1 X-11.577 Y-9.588 E2.03698
G1 X-12.019 Y-9.267 E2.06325
G1 X-12.543 Y-9.037 E2.09077
G1 X-13.174 Y-8.933 E2.12153
G1 X-13.717 Y-8.978 E2.14774
G1 X-14.193 Y-9.119 E2.17162
G1 X-14.632 Y-9.352 E2.19552
G1 X-15.016 Y-9.666 E2.21938
G1 X-15.33 Y-10.051 E2.24327
G1 X-15.561 Y-10.49 E2.26713
G1 X-15.701 Y-10.967 E2.29104
G1 X-15.739 Y-11.269 E2.30568
G1 X-15.708 Y-11.867 E2.33448
G1 X-15.563 Y-12.368 E2.35957
G1 X-15.291 Y-12.86 E2.38661
G1 X-14.967 Y-13.236 E2.41048
G1 X-14.575 Y-13.54 E2.43434
G1 X-14.059 Y-13.78 E2.46171
G1 X-13.523 Y-13.899 E2.48812
G1 X-12.971 Y-13.905 E2.51467
G1 X-12.446 Y-13.79 E2.54052
G1 X-11.988 Y-13.581 E2.56473
G1 X-11.581 Y-13.283 E2.58899
G1 X-11.171 Y-12.804 E2.61932
G1 X-10.94 Y-12.365 E2.64318
G1 X-10.8 Y-11.888 E2.66709
G1 X-10.757 Y-11.394 E2.69094
G1 X-10.813 Y-10.9 E2.71485
G1 X-10.966 Y-10.428 E2.73871
G1 X-11.072 Y-10.239 E2.74913
G1 X-11.072 Y-10.239 F7800
G1 X-11.433 Y-10.378
G1 F900
G1 X-11.51 Y-10.237 E2.75686
G1 X-11.804 Y-9.9 E2.77837
G1 X-12.246 Y-9.579 E2.80464
G1 X-12.772 Y-9.373 E2.83181
G1 X-13.203 Y-9.319 E2.8527
G1 X-13.622 Y-9.352 E2.87291
G1 X-14.026 Y-9.466 E2.8931
G1 X-14.399 Y-9.659 E2.9133
G1 X-14.727 Y-9.921 E2.93349
G1 X-14.996 Y-10.244 E2.95371
G1 X-15.196 Y-10.613 E2.9739
G1 X-15.318 Y-11.015 E2.99411
G1 X-15.356 Y-11.317 E3.00875
G1 X-15.316 Y-11.85 E3.03446
G1 X-15.192 Y-12.251 E3.05465
G1 X-14.99 Y-12.62 E3.07488
G1 X-14.719 Y-12.941 E3.09509
G1 X-14.39 Y-13.202 E3.11529
G1 X-13.972 Y-13.404 E3.13762
G1 X-13.439 Y-13.523 E3.16389
G1 X-12.904 Y-13.509 E3.18963
G1 X-12.475 Y-13.389 E3.21106
G1 X-12.102 Y-13.196 E3.23126
G1 X-11.775 Y-12.934 E3.25141
G1 X-11.505 Y-12.611 E3.27166
G1 X-11.305 Y-12.242 E3.29185
G1 X-11.183 Y-11.84 E3.31206
G1 X-11.142 Y-11.422 E3.33226
G1 X-11.185 Y-11.005 E3.35242
G1 X-11.309 Y-10.604 E3.37261
G1 X-11.404 Y-10.431 E3.3821
G1 X-11.404 Y-10.431 F7800
G1 X-11.763 Y-10.569
;TYPE:External perimeter
G1 F900
G1 X-11.812 Y-10.477 E3.38711
G1 X-12.031 Y-10.212 E3.40364
G1 X-12.472 Y-9.891 E3.42987
G1 X-12.844 Y-9.752 E3.44897
G1 X-13.184 Y-9.705 E3.46548
G1 X-13.527 Y-9.725 E3.48201
G1 X-13.858 Y-9.814 E3.4985
G1 X-14.166 Y-9.966 E3.51502
G1 X-14.437 Y-10.177 E3.53154
G1 X-14.662 Y-10.437 E3.54808
G1 X-14.83 Y-10.736 E3.56458
G1 X-14.936 Y-11.063 E3.58111
G1 X-14.974 Y-11.365 E3.59575
G1 X-14.945 Y-11.746 E3.61413
G1 X-14.849 Y-12.075 E3.63061
G1 X-14.688 Y-12.379 E3.64716
G1 X-14.471 Y-12.645 E3.66367
G1 X-14.206 Y-12.863 E3.68017
G1 X-13.888 Y-13.028 E3.6974
G1 X-13.355 Y-13.146 E3.72366
G1 X-12.975 Y-13.13 E3.74195
G1 X-12.643 Y-13.041 E3.75848
G1 X-12.335 Y-12.889 E3.775
G1 X-12.064 Y-12.678 E3.79152
G1 X-11.839 Y-12.418 E3.80806
G1 X-11.671 Y-12.119 E3.82456
G1 X-11.565 Y-11.792 E3.84109
G1 X-11.526 Y-11.451 E3.8576
G1 X-11.556 Y-11.109 E3.87411
G1 X-11.653 Y-10.78 E3.89061
G1 X-11.736 Y-10.622 E3.89919
G1 X-11.967 Y-10.296 F7800
G1 E1.89919 F2400
G92 E0
G1 X-33.009 Y-40.431 F7800
G1 E2 F2400
;TYPE:Perimeter
G1 F3600
G1 X-5.391 Y-40.431 E3.32833
G1 X-5.391 Y-37.675 E3.46088
G1 X-5.391 Y-7.424 E4.91585
G1 X-33.009 Y-7.424 E6.24418
G1 X-33.009 Y-40.371 E7.82882
G1 X-33.009 Y-40.371 F7800
G1 X-33.395 Y-40.817
G1 F3600
G1 X-5.006 Y-40.817 E9.19423
G1 X-5.006 Y-37.675 E9.34535
G1 X-5.006 Y-7.038 E10.81888
G1 X-33.395 Y-7.038 E12.18429
G1 X-33.395 Y-40.757 E13.80606
G1 X-33.395 Y-40.757 F7800
G1 X-33.78 Y-41.203
;TYPE:External perimeter
G1 F1800
G1 X-4.62 Y-41.203 E15.20855
G1 X-4.62 Y-37.675 E15.37823
G1 X-4.62 Y-6.653 E16.87028
G1 X-33.78 Y-6.653 E18.27277
G1 X-33.78 Y-41.143 E19.93162
G1 X-33.385 Y-41.202 F7800
G1 E17.93162 F2400
G92 E0
G1 X-24.91 Y-40.316 F7800
G1 E2 F2400
;TYPE:Internal infill
;WIDTH:0.45
G1 F4800
G1 X-14.914 Y-30.32 E2.67992
G1 X-15.271 Y-30.012 E2.7026
G1 X-15.575 Y-29.63 E2.72608
G1 X-15.83 Y-29.147 E2.75235
G1 X-15.994 Y-28.579 E2.78078
G1 X-16.004 Y-27.774 E2.8195
G1 X-28.372 Y-40.142 E3.66076
G1 X-32.008 Y-40.142 E3.83564
G1 X-14.227 Y-22.361 E5.04508
G1 X-14.847 Y-22.044 E5.07857
G1 X-15.271 Y-21.678 E5.10551
G1 X-15.614 Y-21.235 E5.13246
G1 X-15.846 Y-20.774 E5.15728
G1 X-15.94 Y-20.439 E5.17401
G1 X-32.72 Y-37.219 E6.31537
G1 X-32.72 Y-33.583 E6.49025
G1 X-13.339 Y-14.202 E7.80852
G1 X-14.127 Y-14.061 E7.84702
G1 X-14.847 Y-13.711 E7.88552
G1 X-15.271 Y-13.345 E7.91246
G1 X-15.63 Y-12.858 E7.94156
G1 X-32.72 Y-29.947 E9.10397
G1 X-32.72 Y-26.312 E9.2788
G1 X-14.121 Y-7.713 E10.54388
G1 X-10.486 Y-7.713 E10.71871
G1 X-11.824 Y-9.051 E10.80972
G1 X-11.164 Y-9.586 E10.85058
G1 X-10.851 Y-10.018 E10.87624
G1 X-10.619 Y-10.524 E10.90301
G1 X-10.475 Y-11.338 E10.94277
G1 X-6.85 Y-7.713 E11.18934
G1 X-5.68 Y-7.713 E11.24561
G1 X-5.68 Y-10.179 E11.36422
G1 X-12.568 Y-17.067 E11.83273
G1 X-11.991 Y-17.277 E11.86226
G1 X-11.532 Y-17.569 E11.88842
G1 X-11.208 Y-17.868 E11.90962
G1 X-10.903 Y-18.267 E11.93378
G1 X-10.662 Y-18.796 E11.96174
G1 X-5.68 Y-13.815 E12.30058
G1 X-5.68 Y-17.45 E12.47541
G1 X-13.564 Y-25.334 E13.01167
G1 X-13.17 Y-25.31 E13.03066
G1 X-12.629 Y-25.379 E13.05689
G1 X-12.098 Y-25.559 E13.08386
G1 X-11.611 Y-25.843 E13.11097
G1 X-11.029 Y-26.435 E13.1509
G1 X-5.507 Y-20.913 E13.5265
G1 E11.5265 F2400
G92 E0
G1 X-5.507 Y-20.913 F7800
G1 X-17.583 Y-7.539
G1 E2 F2400
G1 F4800
G1 X-32.72 Y-22.676 E3.0296
G1 X-32.72 Y-19.04 E3.20448
G1 X-21.393 Y-7.713 E3.97493
G1 X-25.028 Y-7.713 E4.14976
G1 X-32.72 Y-15.405 E4.67296
G1 X-32.72 Y-11.769 E4.84784
G1 X-28.664 Y-7.713 E5.12372
G1 X-32.3 Y-7.713 E5.2986
G1 X-32.893 Y-8.307 E5.33897
G1 E3.33897 F2400
G92 E0
G1 X-32.893 Y-8.307 F7800
G1 X-14.003 Y-40.316
G1 E2 F2400
G1 F4800
G1 X-12.86 Y-39.173 E2.07775
G1 X-13.526 Y-39.194 E2.1098
G1 X-14.439 Y-38.943 E2.15534
G1 X-14.916 Y-38.657 E2.18209
G1 X-15.449 Y-38.126 E2.21828
G1 X-17.465 Y-40.142 E2.35541
G1 X-21.101 Y-40.142 E2.53029
G1 X-5.68 Y-24.722 E3.57917
G1 X-5.68 Y-28.357 E3.754
G1 X-11.556 Y-34.233 E4.15368
G1 X-11.292 Y-34.447 E4.17003
G1 X-10.981 Y-34.818 E4.19331
G1 X-10.707 Y-35.3 E4.21998
G1 X-10.507 Y-35.945 E4.25246
G1 X-10.465 Y-36.467 E4.27765
G1 X-10.501 Y-36.814 E4.29443
G1 X-5.68 Y-31.993 E4.62235
G1 X-5.68 Y-35.629 E4.79723
G1 X-10.194 Y-40.142 E5.10423
G1 X-6.558 Y-40.142 E5.27911
G1 X-5.507 Y-39.091 E5.3506
;LAYER_CHANGE
;Z:4.55
;HEIGHT:0.3
G1 Z4.55 F7800
G1 E3.3506 F2400
G92 E0
G1 X-5.507 Y-39.091 F7800
G1 X-46.8 Y-32.305
G1 E2 F2400
;TYPE:Support material interface
;WIDTH:0.35
G1 F3600
G1 X-48.684 Y-30.421 E2.09492
G1 X-48.827 Y-29.874 E2.11506
G1 X-46.451 Y-32.249 E2.23474
G1 X-46.012 Y-32.285 E2.25043
G1 X-48.862 Y-29.434 E2.39404
G1 X-48.863 Y-29.03 E2.40843
G1 X-45.608 Y-32.285 E2.57242
G1 X-45.204 Y-32.285 E2.58681
G1 X-48.863 Y-28.626 E2.77115
G1 X-48.863 Y-28.222 E2.78554
G1 X-44.8 Y-32.285 E2.99023
G1 X-44.396 Y-32.285 E3.00462
G1 X-48.863 Y-27.818 E3.22967
G1 X-48.863 Y-27.414 E3.24406
G1 X-43.992 Y-32.285 E3.48946
G1 X-43.588 Y-32.285 E3.50385
G1 X-45.831 Y-30.042 E3.61685
G1 X-45.399 Y-30.07 E3.63227
G1 X-43.184 Y-32.285 E3.74386
G1 X-42.78 Y-32.285 E3.75825
G1 X-44.995 Y-30.07 E3.86984
G1 X-44.591 Y-30.07 E3.88423
G1 X-42.377 Y-32.285 E3.9958
G1 X-41.973 Y-32.285 E4.01019
G1 X-44.187 Y-30.07 E4.12176
G1 X-43.783 Y-30.07 E4.13615
G1 X-41.569 Y-32.285 E4.24772
G1 X-41.165 Y-32.285 E4.26211
G1 X-43.379 Y-30.07 E4.37368
G1 X-42.975 Y-30.07 E4.38807
G1 X-40.761 Y-32.285 E4.49964
G1 X-40.357 Y-32.285 E4.51403
G1 X-42.571 Y-30.07 E4.6256
G1 X-42.167 Y-30.07 E4.63999
G1 X-39.953 Y-32.285 E4.75156
G1 X-39.549 Y-32.285 E4.76595
G1 X-41.763 Y-30.07 E4.87752
G1 X-41.36 Y-30.07 E4.89188
G1 X-39.145 Y-32.285 E5.00347
G1 X-38.741 Y-32.285 E5.01786
G1 X-40.956 Y-30.07 E5.12945
G1 X-40.552 Y-30.07 E5.14384
G1 X-38.337 Y-32.285 E5.25543
G1 X-37.933 Y-32.285 E5.26982
G1 X-40.148 Y-30.07 E5.38141
G1 X-39.744 Y-30.07 E5.3958
G1 X-37.529 Y-32.285 E5.50739
G1 X-37.125 Y-32.285 E5.52178
G1 X-39.34 Y-30.07 E5.63337
G1 X-38.936 Y-30.07 E5.64776
G1 X-36.707 Y-32.299 E5.76006
G1 X-36.217 Y-32.386 E5.77779
G1 X-38.532 Y-30.07 E5.89444
G1 X-38.128 Y-30.07 E5.90883
G1 X-34.493 Y-33.692 E6.09163
G1 X-34.493 Y-33.302 E6.10552
G1 X-37.724 Y-30.07 E6.26832
G1 X-37.325 Y-30.066 E6.28253
G1 X-34.778 Y-32.612 E6.41082
G1 X-34.778 Y-32.208 E6.42521
G1 X-37.003 Y-29.984 E6.53728
G1 X-36.751 Y-29.832 E6.54776
G1 X-34.778 Y-31.805 E6.64716
G1 X-34.778 Y-31.401 E6.66155
G1 X-36.556 Y-29.622 E6.75115
G1 X-36.42 Y-29.355 E6.76182
G1 X-34.778 Y-30.997 E6.84454
G1 X-34.778 Y-30.593 E6.85893
G1 X-36.363 Y-29.008 E6.93878
G1 X-36.363 Y-28.604 E6.95317
G1 X-34.778 Y-30.189 E7.03302
G1 X-34.778 Y-29.785 E7.04741
G1 X-36.363 Y-28.201 E7.12724
G1 X-36.363 Y-27.797 E7.14163
G1 X-34.778 Y-29.381 E7.22146
G1 X-34.778 Y-28.977 E7.23585
G1 X-36.363 Y-27.393 E7.31568
G1 X-36.363 Y-26.989 E7.33007
G1 X-34.778 Y-28.573 E7.4099
G1 X-34.778 Y-28.169 E7.42429
G1 X-36.363 Y-26.585 E7.50412
G1 X-36.363 Y-26.181 E7.51851
G1 X-34.778 Y-27.765 E7.59834
G1 X-34.778 Y-27.361 E7.61273
G1 X-36.363 Y-25.777 E7.69256
G1 X-36.363 Y-25.373 E7.70695
G1 X-34.778 Y-26.957 E7.78678
G1 X-34.778 Y-26.554 E7.80114
G1 X-36.363 Y-24.969 E7.88099
G1 X-36.363 Y-24.565 E7.89538
G1 X-34.778 Y-26.15 E7.97523
G1 X-34.778 Y-25.746 E7.98962
G1 X-36.363 Y-24.161 E8.06947
G1 X-36.363 Y-23.757 E8.08386
G1 X-34.778 Y-25.342 E8.16371
G1 X-34.778 Y-24.938 E8.1781
G1 X-36.363 Y-23.353 E8.25795
G1 X-36.363 Y-22.949 E8.27234
G1 X-34.778 Y-24.534 E8.35219
G1 X-34.778 Y-24.13 E8.36658
G1 X-36.363 Y-22.546 E8.44641
G1 X-36.363 Y-22.142 E8.4608
G1 X-34.778 Y-23.726 E8.54063
G1 X-34.778 Y-23.322 E8.55502
G1 X-36.363 Y-21.738 E8.63485
G1 X-36.363 Y-21.334 E8.64924
G1 X-34.778 Y-22.918 E8.72907
G1 X-34.778 Y-22.514 E8.74346
G1 X-36.363 Y-20.93 E8.82329
G1 X-36.363 Y-20.526 E8.83768
G1 X-34.778 Y-22.11 E8.91751
G1 X-34.778 Y-21.706 E8.9319
G1 X-36.363 Y-20.122 E9.01173
G1 X-36.363 Y-19.718 E9.02612
G1 X-34.778 Y-21.302 E9.10595
G1 X-34.778 Y-20.899 E9.12031
G1 X-36.363 Y-19.314 E9.20016
G1 X-36.363 Y-18.91 E9.21455
G1 X-34.778 Y-20.495 E9.2944
G1 X-34.778 Y-20.091 E9.30879
G1 X-39.299 Y-15.57 E9.53656
G1 X-39.702 Y-15.57 E9.55092
G1 X-37.488 Y-17.785 E9.66249
G1 X-37.892 Y-17.785 E9.67688
G1 X-40.106 Y-15.57 E9.78845
G1 X-40.51 Y-15.57 E9.80284
G1 X-38.296 Y-17.785 E9.91441
G1 X-38.7 Y-17.785 E9.9288
G1 X-40.914 Y-15.57 E10.04037
G1 X-41.318 Y-15.57 E10.05476
G1 X-39.104 Y-17.785 E10.16633
G1 X-39.508 Y-17.785 E10.18072
G1 X-41.722 Y-15.57 E10.29229
G1 X-42.126 Y-15.57 E10.30668
G1 X-39.912 Y-17.785 E10.41825
G1 X-40.316 Y-17.785 E10.43264
G1 X-42.53 Y-15.57 E10.54421
G1 X-42.934 Y-15.57 E10.5586
G1 X-40.719 Y-17.785 E10.67019
G1 X-41.123 Y-17.785 E10.68458
G1 X-43.338 Y-15.57 E10.79617
G1 X-43.742 Y-15.57 E10.81056
G1 X-41.527 Y-17.785 E10.92215
G1 X-41.931 Y-17.785 E10.93654
G1 X-44.146 Y-15.57 E11.04813
G1 X-44.55 Y-15.57 E11.06252
G1 X-42.335 Y-17.785 E11.17411
G1 X-42.739 Y-17.785 E11.1885
G1 X-44.954 Y-15.57 E11.30009
G1 X-45.357 Y-15.57 E11.31445
G1 X-43.143 Y-17.785 E11.42602
G1 X-43.547 Y-17.785 E11.44041
G1 X-45.761 Y-15.57 E11.55198
G1 X-46.161 Y-15.575 E11.56623
G1 X-43.951 Y-17.785 E11.67757
G1 X-44.355 Y-17.785 E11.69196
G1 X-46.521 Y-15.618 E11.80111
G1 X-46.846 Y-15.697 E11.81302
G1 X-44.759 Y-17.785 E11.91819
G1 X-45.163 Y-17.785 E11.93258
G1 X-47.141 Y-15.807 E12.03223
G1 X-47.227 Y-15.845 E12.03558
G1 X-47.411 Y-15.941 E12.04297
G1 X-45.567 Y-17.785 E12.13587
G1 X-45.918 Y-17.837 E12.14851
G1 X-47.658 Y-16.098 E12.23615
G1 X-47.884 Y-16.276 E12.2464
G1 X-46.189 Y-17.97 E12.33177
G1 X-46.4 Y-18.163 E12.34196
G1 X-48.089 Y-16.474 E12.42705
G1 X-48.275 Y-16.693 E12.43729
G1 X-46.556 Y-18.411 E12.52387
G1 X-46.642 Y-18.729 E12.53561
G1 X-48.439 Y-16.932 E12.62614
G1 X-48.582 Y-17.193 E12.63674
G1 X-46.648 Y-19.127 E12.73417
G1 X-46.648 Y-19.531 E12.74856
G1 X-48.7 Y-17.479 E12.85194
G1 X-48.79 Y-17.793 E12.86358
G1 X-46.648 Y-19.935 E12.97149
G1 X-46.648 Y-20.338 E12.98585
G1 X-48.848 Y-18.139 E13.09666
G1 X-48.863 Y-18.528 E13.11053
G1 X-46.648 Y-20.742 E13.2221
G1 X-46.648 Y-21.146 E13.23649
G1 X-48.863 Y-18.932 E13.34806
G1 X-48.863 Y-19.336 E13.36245
G1 X-46.648 Y-21.55 E13.47402
G1 X-46.648 Y-21.954 E13.48841
G1 X-48.863 Y-19.74 E13.59998
G1 X-48.863 Y-20.144 E13.61437
G1 X-46.648 Y-22.358 E13.72594
G1 X-46.648 Y-22.762 E13.74033
G1 X-48.863 Y-20.548 E13.8519
G1 X-48.863 Y-20.952 E13.86629
G1 X-46.648 Y-23.166 E13.97786
G1 X-46.648 Y-23.57 E13.99225
G1 X-48.863 Y-21.355 E14.10384
G1 X-48.863 Y-21.759 E14.11823
G1 X-46.648 Y-23.974 E14.22982
G1 X-46.648 Y-24.378 E14.24421
G1 X-48.863 Y-22.163 E14.3558
G1 X-48.863 Y-22.567 E14.37019
G1 X-46.648 Y-24.782 E14.48178
G1 X-46.648 Y-25.186 E14.49617
G1 X-48.863 Y-22.971 E14.60776
G1 X-48.863 Y-23.375 E14.62215
G1 X-46.648 Y-25.59 E14.73374
G1 X-46.648 Y-25.993 E14.7481
G1 X-48.863 Y-23.779 E14.85967
G1 X-48.863 Y-24.183 E14.87406
G1 X-46.648 Y-26.397 E14.98563
G1 X-46.648 Y-26.801 E15.00002
G1 X-48.863 Y-24.587 E15.11159
G1 X-48.863 Y-24.991 E15.12598
G1 X-46.648 Y-27.205 E15.23755
G1 X-46.648 Y-27.609 E15.25194
G1 X-48.863 Y-25.395 E15.36351
G1 X-48.863 Y-25.799 E15.3779
G1 X-46.648 Y-28.013 E15.48947
G1 X-46.648 Y-28.417 E15.50386
G1 X-48.863 Y-26.203 E15.61543
G1 X-48.863 Y-26.607 E15.62982
G1 X-46.648 Y-28.821 E15.74139
G1 X-46.62 Y-29.253 E15.75681
G1 X-48.991 Y-26.882 E15.87626
G1 E13.87626 F2400
G92 E0
G1 X-34.65 Y-19.815 F7800
G1 E2 F2400
G1 F3600
G1 X-38.895 Y-15.57 E2.21386
G1 X-38.491 Y-15.57 E2.22825
G1 X-34.778 Y-19.283 E2.41531
G1 X-34.778 Y-18.879 E2.4297
G1 X-38.087 Y-15.57 E2.59641
G1 X-37.683 Y-15.57 E2.6108
G1 X-34.778 Y-18.475 E2.75715
G1 X-34.778 Y-18.071 E2.77154
G1 X-37.279 Y-15.57 E2.89754
G1 X-36.878 Y-15.567 E2.91183
G1 X-34.778 Y-17.667 E3.01763
G1 X-34.778 Y-17.263 E3.03202
G1 X-36.511 Y-15.531 E3.1193
G1 X-36.179 Y-15.459 E3.1314
G1 X-34.778 Y-16.859 E3.20196
G1 X-34.778 Y-16.455 E3.21635
G1 X-35.875 Y-15.359 E3.27159
G1 X-35.642 Y-15.269 E3.28049
G1 X-35.843 Y-15.1 E3.28985
G1 X-35.808 Y-15.021 E3.29293
G1 X-34.778 Y-16.051 E3.34482
G1 X-34.778 Y-15.648 E3.35918
G1 X-35.544 Y-14.882 E3.39777
G1 X-35.301 Y-14.721 E3.40815
G1 X-34.778 Y-15.244 E3.4345
G1 X-34.778 Y-14.84 E3.44889
G1 X-35.08 Y-14.538 E3.4641
G1 X-34.879 Y-14.335 E3.47428
G1 X-34.624 Y-14.589 E3.4871
G1 X-34.558 Y-14.289 E3.49804
G1 X-34.789 Y-14.021 E3.51064
G1 X-34.789 Y-14.021 F7800
G1 X-35.747 Y-14.632
;TYPE:Support material
G1 F3600
G1 X-35.084 Y-14.087 E3.54121
G1 X-35.573 Y-14.359 E3.56114
G1 X-35.784 Y-14.653 E3.57403
G1 E1.57403 F2400
G92 E0
G1 X-35.784 Y-14.653 F7800
G1 X-11.563 Y-17.943
G1 E2 F2400
;TYPE:Perimeter
;WIDTH:0.45
G1 F900
G1 X-11.714 Y-17.794 E2.0102
G1 X-12.212 Y-17.491 E2.03824
G1 X-12.687 Y-17.33 E2.06236
G1 X-13.222 Y-17.268 E2.08826
G1 X-13.717 Y-17.311 E2.11216
G1 X-14.193 Y-17.452 E2.13604
G1 X-14.632 Y-17.685 E2.15994
G1 X-15.016 Y-18 E2.18383
G1 X-15.33 Y-18.384 E2.20769
G1 X-15.509 Y-18.698 E2.22507
G1 X-15.685 Y-19.207 E2.25097
G1 X-15.746 Y-19.723 E2.27596
G1 X-15.688 Y-20.288 E2.30328
G1 X-15.535 Y-20.761 E2.32719
G1 X-15.291 Y-21.193 E2.35105
G1 X-14.967 Y-21.569 E2.37492
G1 X-14.575 Y-21.874 E2.39881
G1 X-14.059 Y-22.113 E2.42616
G1 X-13.529 Y-22.232 E2.45229
G1 X-12.972 Y-22.239 E2.47908
G1 X-12.446 Y-22.123 E2.50499
G1 X-11.988 Y-21.914 E2.5292
G1 X-11.581 Y-21.616 E2.55346
G1 X-11.171 Y-21.137 E2.58379
G1 X-10.94 Y-20.698 E2.60765
G1 X-10.8 Y-20.222 E2.63151
G1 X-10.757 Y-19.727 E2.65541
G1 X-10.835 Y-19.166 E2.68265
G1 X-11.018 Y-18.665 E2.7083
G1 X-11.319 Y-18.184 E2.73559
G1 X-11.521 Y-17.985 E2.74923
G1 X-11.521 Y-17.985 F7800
G1 X-11.823 Y-18.223
G1 F900
G1 X-12.024 Y-18.046 E2.76211
G1 X-12.388 Y-17.837 E2.7823
G1 X-12.786 Y-17.704 E2.80248
G1 X-13.203 Y-17.653 E2.82269
G1 X-13.622 Y-17.685 E2.8429
G1 X-14.026 Y-17.8 E2.8631
G1 X-14.399 Y-17.992 E2.88328
G1 X-14.727 Y-18.255 E2.9035
G1 X-14.996 Y-18.577 E2.92368
G1 X-15.164 Y-18.871 E2.93997
G1 X-15.318 Y-19.348 E2.96408
G1 X-15.359 Y-19.766 E2.98428
G1 X-15.316 Y-20.184 E3.00449
G1 X-15.192 Y-20.585 E3.02468
G1 X-14.99 Y-20.953 E3.04487
G1 X-14.719 Y-21.274 E3.06508
G1 X-14.39 Y-21.535 E3.08528
G1 X-13.972 Y-21.737 E3.10761
G1 X-13.444 Y-21.856 E3.13364
G1 X-12.904 Y-21.842 E3.15962
G1 X-12.476 Y-21.722 E3.181
G1 X-12.102 Y-21.529 E3.20124
G1 X-11.775 Y-21.267 E3.22139
G1 X-11.505 Y-20.945 E3.2416
G1 X-11.305 Y-20.575 E3.26183
G1 X-11.183 Y-20.174 E3.28199
G1 X-11.142 Y-19.756 E3.30219
G1 X-11.198 Y-19.297 E3.32443
G1 X-11.38 Y-18.797 E3.35002
G1 X-11.69 Y-18.34 E3.37658
G1 X-11.778 Y-18.262 E3.38224
G1 X-11.778 Y-18.262 F7800
G1 X-12.083 Y-18.503
;TYPE:External perimeter
G1 F900
G1 X-12.225 Y-18.375 E3.39143
G1 X-12.52 Y-18.199 E3.40795
G1 X-12.844 Y-18.085 E3.42447
G1 X-13.184 Y-18.038 E3.44098
G1 X-13.527 Y-18.059 E3.45751
G1 X-13.858 Y-18.147 E3.47398
G1 X-14.166 Y-18.3 E3.49052
G1 X-14.437 Y-18.51 E3.50701
G1 X-14.662 Y-18.77 E3.52355
G1 X-14.82 Y-19.044 E3.53876
G1 X-14.936 Y-19.396 E3.55659
G1 X-14.975 Y-19.737 E3.5731
G1 X-14.945 Y-20.079 E3.58961
G1 X-14.849 Y-20.409 E3.60614
G1 X-14.688 Y-20.712 E3.62264
G1 X-14.471 Y-20.979 E3.63919
G1 X-14.206 Y-21.196 E3.65566
G1 X-13.888 Y-21.361 E3.67289
G1 X-13.36 Y-21.48 E3.69892
G1 X-12.975 Y-21.463 E3.71746
G1 X-12.643 Y-21.375 E3.73398
G1 X-12.335 Y-21.222 E3.75052
G1 X-12.064 Y-21.012 E3.76701
G1 X-11.839 Y-20.752 E3.78355
G1 X-11.671 Y-20.453 E3.80005
G1 X-11.565 Y-20.126 E3.81658
G1 X-11.526 Y-19.785 E3.83309
G1 X-11.56 Y-19.429 E3.85029
G1 X-11.742 Y-18.929 E3.87588
G1 X-11.97 Y-18.606 E3.8949
G1 X-12.039 Y-18.543 E3.89939
G1 X-12.358 Y-18.303 F7800
G1 E1.89939 F2400
G92 E0
G1 X-11.102 Y-10.187 F7800
G1 E2 F2400
;TYPE:Perimeter
G1 F900
G1 X-11.21 Y-9.995 E2.0106
G1 X-11.534 Y-9.619 E2.03447
G1 X-11.926 Y-9.315 E2.05833
G1 X-12.371 Y-9.094 E2.08223
G1 X-12.922 Y-8.962 E2.10948
G1 X-13.455 Y-8.949 E2.13512
G1 X-14.013 Y-9.053 E2.16242
G1 X-14.468 Y-9.251 E2.18629
G1 X-14.875 Y-9.536 E2.21019
G1 X-15.218 Y-9.895 E2.23407
G1 X-15.482 Y-10.315 E2.25793
G1 X-15.658 Y-10.78 E2.28184
G1 X-15.739 Y-11.269 E2.30568
G1 X-15.708 Y-11.867 E2.33448
G1 X-15.563 Y-12.368 E2.35957
G1 X-15.291 Y-12.86 E2.38661
G1 X-14.967 Y-13.236 E2.41048
G1 X-14.575 Y-13.54 E2.43434
G1 X-14.059 Y-13.78 E2.46171
G1 X-13.529 Y-13.899 E2.48784
G1 X-12.972 Y-13.905 E2.51463
G1 X-12.446 Y-13.79 E2.54053
G1 X-11.988 Y-13.581 E2.56474
G1 X-11.581 Y-13.283 E2.589
G1 X-11.171 Y-12.804 E2.61933
G1 X-10.94 Y-12.365 E2.64319
G1 X-10.8 Y-11.888 E2.6671
G1 X-10.757 Y-11.394 E2.69095
G1 X-10.813 Y-10.9 E2.71486
G1 X-10.966 Y-10.428 E2.73872
G1 X-11.072 Y-10.239 E2.74914
G1 X-11.072 Y-10.239 F7800
G1 X-11.433 Y-10.378
G1 F900
G1 X-11.511 Y-10.236 E2.75693
G1 X-11.782 Y-9.914 E2.77717
G1 X-12.111 Y-9.653 E2.79737
G1 X-12.485 Y-9.463 E2.81755
G1 X-12.932 Y-9.347 E2.83976
G1 X-13.464 Y-9.334 E2.86535
G1 X-13.917 Y-9.427 E2.88759
G1 X-14.399 Y-9.659 E2.91332
G1 X-14.727 Y-9.921 E2.93351
G1 X-14.996 Y-10.244 E2.95373
G1 X-15.196 Y-10.613 E2.97392
G1 X-15.318 Y-11.015 E2.99413
G1 X-15.356 Y-11.317 E3.00877
G1 X-15.316 Y-11.85 E3.03448
G1 X-15.192 Y-12.251 E3.05467
G1 X-14.99 Y-12.62 E3.0749
G1 X-14.719 Y-12.941 E3.09511
G1 X-14.39 Y-13.202 E3.11531
G1 X-13.972 Y-13.404 E3.13764
G1 X-13.444 Y-13.523 E3.16367
G1 X-12.904 Y-13.509 E3.18965
G1 X-12.475 Y-13.389 E3.21108
G1 X-12.102 Y-13.196 E3.23128
G1 X-11.775 Y-12.934 E3.25143
G1 X-11.505 Y-12.611 E3.27168
G1 X-11.305 Y-12.242 E3.29187
G1 X-11.183 Y-11.84 E3.31208
G1 X-11.142 Y-11.422 E3.33228
G1 X-11.185 Y-11.005 E3.35244
G1 X-11.309 Y-10.604 E3.37263
G1 X-11.404 Y-10.431 E3.38212
G1 X-11.404 Y-10.431 F7800
G1 X-11.764 Y-10.569
;TYPE:External perimeter
G1 F900
G1 X-11.813 Y-10.476 E3.38718
G1 X-12.03 Y-10.21 E3.40369
G1 X-12.295 Y-9.992 E3.42019
G1 X-12.599 Y-9.831 E3.43674
G1 X-12.942 Y-9.733 E3.4539
G1 X-13.474 Y-9.72 E3.47949
G1 X-13.858 Y-9.814 E3.4985
G1 X-14.166 Y-9.966 E3.51502
G1 X-14.437 Y-10.177 E3.53154
G1 X-14.662 Y-10.437 E3.54808
G1 X-14.83 Y-10.736 E3.56458
G1 X-14.936 Y-11.063 E3.58111
G1 X-14.974 Y-11.365 E3.59575
G1 X-14.945 Y-11.746 E3.61413
G1 X-14.849 Y-12.075 E3.63061
G1 X-14.689 Y-12.379 E3.64713
G1 X-14.471 Y-12.645 E3.66367
G1 X-14.206 Y-12.863 E3.68017
G1 X-13.888 Y-13.028 E3.6974
G1 X-13.36 Y-13.146 E3.72342
G1 X-12.975 Y-13.13 E3.74195
G1 X-12.643 Y-13.041 E3.75848
G1 X-12.335 Y-12.889 E3.775
G1 X-12.064 Y-12.678 E3.79152
G1 X-11.839 Y-12.418 E3.80806
G1 X-11.671 Y-12.119 E3.82456
G1 X-11.565 Y-11.792 E3.84109
G1 X-11.526 Y-11.451 E3.8576
G1 X-11.556 Y-11.109 E3.87411
G1 X-11.653 Y-10.78 E3.89061
G1 X-11.736 Y-10.622 E3.89919
G1 X-11.966 Y-10.295 F7800
G1 E1.89919 F2400
G92 E0
G1 X-11.559 Y-29.918 F7800
G1 E2 F2400
;TYPE:Perimeter
G1 F900
G1 X-11.5 Y-29.871 E2.00363
G1 X-11.171 Y-29.471 E2.02854
G1 X-10.94 Y-29.031 E2.05244
G1 X-10.8 Y-28.555 E2.0763
G1 X-10.757 Y-28.06 E2.1002
G1 X-10.835 Y-27.499 E2.12744
G1 X-11.018 Y-26.998 E2.15309
G1 X-11.319 Y-26.518 E2.18034
G1 X-11.714 Y-26.128 E2.20704
G1 X-12.212 Y-25.825 E2.23508
G1 X-12.687 Y-25.663 E2.25922
G1 X-13.222 Y-25.601 E2.28512
G1 X-13.717 Y-25.645 E2.30902
G1 X-14.193 Y-25.786 E2.3329
G1 X-14.632 Y-26.018 E2.35678
G1 X-15.016 Y-26.333 E2.38067
G1 X-15.33 Y-26.718 E2.40456
G1 X-15.561 Y-27.157 E2.42842
G1 X-15.701 Y-27.633 E2.45228
G1 X-15.744 Y-28.128 E2.47618
G1 X-15.688 Y-28.621 E2.50004
G1 X-15.535 Y-29.094 E2.52395
G1 X-15.291 Y-29.527 E2.54785
G1 X-14.967 Y-29.903 E2.57172
G1 X-14.733 Y-30.099 E2.5864
G1 X-14.241 Y-30.385 E2.61377
G1 X-13.529 Y-30.565 E2.64909
G1 X-12.972 Y-30.572 E2.67588
G1 X-12.418 Y-30.448 E2.70318
G1 X-11.917 Y-30.204 E2.72998
G1 X-11.605 Y-29.955 E2.74918
G1 X-11.605 Y-29.955 F7800
G1 X-11.82 Y-29.636
G1 F900
G1 X-11.775 Y-29.6 E2.75195
G1 X-11.505 Y-29.278 E2.77216
G1 X-11.305 Y-28.909 E2.79235
G1 X-11.183 Y-28.507 E2.81256
G1 X-11.142 Y-28.089 E2.83276
G1 X-11.198 Y-27.631 E2.85495
G1 X-11.38 Y-27.13 E2.88059
G1 X-11.69 Y-26.674 E2.90711
G1 X-12.024 Y-26.379 E2.92854
G1 X-12.388 Y-26.17 E2.94873
G1 X-12.786 Y-26.037 E2.96891
G1 X-13.203 Y-25.986 E2.98912
G1 X-13.622 Y-26.018 E3.00933
G1 X-14.026 Y-26.133 E3.02953
G1 X-14.399 Y-26.326 E3.04973
G1 X-14.727 Y-26.588 E3.06992
G1 X-14.996 Y-26.91 E3.0901
G1 X-15.196 Y-27.28 E3.11033
G1 X-15.318 Y-27.681 E3.13049
G1 X-15.359 Y-28.099 E3.15069
G1 X-15.316 Y-28.517 E3.1709
G1 X-15.192 Y-28.918 E3.19109
G1 X-14.99 Y-29.286 E3.21128
G1 X-14.719 Y-29.607 E3.23149
G1 X-14.486 Y-29.803 E3.24613
G1 X-14.031 Y-30.054 E3.27112
G1 X-13.444 Y-30.189 E3.30009
G1 X-12.934 Y-30.181 E3.32462
G1 X-12.475 Y-30.055 E3.34751
G1 X-12.102 Y-29.863 E3.36769
G1 X-11.867 Y-29.674 E3.38219
G1 X-11.867 Y-29.674 F7800
G1 X-12.079 Y-29.357
;TYPE:External perimeter
G1 F900
G1 X-12.064 Y-29.345 E3.38311
G1 X-11.839 Y-29.085 E3.39965
G1 X-11.671 Y-28.786 E3.41615
G1 X-11.565 Y-28.459 E3.43268
G1 X-11.526 Y-28.118 E3.44919
G1 X-11.56 Y-27.763 E3.46634
G1 X-11.742 Y-27.262 E3.49198
G1 X-11.97 Y-26.939 E3.511
G1 X-12.225 Y-26.708 E3.52755
G1 X-12.52 Y-26.532 E3.54407
G1 X-12.844 Y-26.419 E3.56057
G1 X-13.184 Y-26.371 E3.57708
G1 X-13.527 Y-26.392 E3.59361
G1 X-13.858 Y-26.481 E3.6101
G1 X-14.166 Y-26.633 E3.62662
G1 X-14.437 Y-26.843 E3.64311
G1 X-14.662 Y-27.103 E3.65965
G1 X-14.83 Y-27.403 E3.67619
G1 X-14.936 Y-27.729 E3.69268
G1 X-14.975 Y-28.07 E3.70919
G1 X-14.945 Y-28.413 E3.72575
G1 X-14.849 Y-28.742 E3.74223
G1 X-14.688 Y-29.046 E3.75878
G1 X-14.471 Y-29.312 E3.77529
G1 X-14.238 Y-29.508 E3.78993
G1 X-13.888 Y-29.694 E3.80899
G1 X-13.36 Y-29.813 E3.83502
G1 X-12.975 Y-29.796 E3.85356
G1 X-12.643 Y-29.708 E3.87008
G1 X-12.335 Y-29.555 E3.88662
G1 X-12.126 Y-29.394 E3.89931
G1 X-11.86 Y-29.096 F7800
G1 E1.89931 F2400
G92 E0
G1 X-10.803 Y-35.996 F7800
G1 E2 F2400
;TYPE:Perimeter
G1 F900
G1 X-10.813 Y-35.9 E2.00464
G1 X-10.966 Y-35.428 E2.0285
G1 X-11.21 Y-34.995 E2.0524
G1 X-11.534 Y-34.619 E2.07627
G1 X-11.926 Y-34.315 E2.10013
G1 X-12.371 Y-34.094 E2.12403
G1 X-12.876 Y-33.964 E2.14911
G1 X-13.426 Y-33.949 E2.17557
G1 X-13.717 Y-33.978 E2.18964
G1 X-14.193 Y-34.119 E2.21352
G1 X-14.632 Y-34.352 E2.23742
G1 X-15.016 Y-34.666 E2.26128
G1 X-15.33 Y-35.051 E2.28517
G1 X-15.561 Y-35.49 E2.30903
G1 X-15.701 Y-35.967 E2.33294
G1 X-15.744 Y-36.461 E2.35679
G1 X-15.688 Y-36.955 E2.3807
G1 X-15.535 Y-37.427 E2.40456
G1 X-15.291 Y-37.86 E2.42846
G1 X-14.967 Y-38.236 E2.45233
G1 X-14.575 Y-38.54 E2.47619
G1 X-14.057 Y-38.78 E2.50365
G1 X-13.529 Y-38.899 E2.52968
G1 X-12.972 Y-38.905 E2.55647
G1 X-12.489 Y-38.802 E2.58022
G1 X-12.033 Y-38.604 E2.60413
G1 X-11.626 Y-38.319 E2.62803
G1 X-11.284 Y-37.96 E2.65188
G1 X-11.019 Y-37.54 E2.67577
G1 X-10.822 Y-37.003 E2.70328
G1 X-10.755 Y-36.466 E2.72931
G1 X-10.797 Y-36.056 E2.74913
G1 X-10.797 Y-36.056 F7800
G1 X-11.179 Y-36.062
G1 F900
G1 X-11.185 Y-36.005 E2.75189
G1 X-11.309 Y-35.604 E2.77208
G1 X-11.511 Y-35.236 E2.79227
G1 X-11.782 Y-34.914 E2.81251
G1 X-12.111 Y-34.653 E2.83271
G1 X-12.485 Y-34.463 E2.85289
G1 X-12.936 Y-34.347 E2.87529
G1 X-13.464 Y-34.334 E2.90069
G1 X-13.974 Y-34.445 E2.92579
G1 X-14.399 Y-34.659 E2.94868
G1 X-14.726 Y-34.921 E2.96883
G1 X-14.996 Y-35.244 E2.98908
G1 X-15.196 Y-35.613 E3.00927
G1 X-15.318 Y-36.015 E3.02948
G1 X-15.359 Y-36.433 E3.04968
G1 X-15.316 Y-36.85 E3.06984
G1 X-15.192 Y-37.251 E3.09003
G1 X-14.99 Y-37.62 E3.11026
G1 X-14.719 Y-37.941 E3.13047
G1 X-14.39 Y-38.202 E3.15067
G1 X-13.972 Y-38.404 E3.173
G1 X-13.444 Y-38.523 E3.19903
G1 X-12.992 Y-38.52 E3.22077
G1 X-12.475 Y-38.389 E3.24642
G1 X-12.102 Y-38.196 E3.26662
G1 X-11.775 Y-37.934 E3.28677
G1 X-11.505 Y-37.611 E3.30702
G1 X-11.305 Y-37.242 E3.32721
G1 X-11.183 Y-36.84 E3.34742
G1 X-11.142 Y-36.422 E3.36762
G1 X-11.173 Y-36.122 E3.38213
G1 X-11.173 Y-36.122 F7800
G1 X-11.554 Y-36.128
;TYPE:External perimeter
G1 F900
G1 X-11.556 Y-36.109 E3.38305
G1 X-11.653 Y-35.78 E3.39955
G1 X-11.813 Y-35.476 E3.41607
G1 X-12.03 Y-35.21 E3.43258
G1 X-12.295 Y-34.992 E3.44908
G1 X-12.599 Y-34.831 E3.46563
G1 X-12.945 Y-34.733 E3.48293
G1 X-13.474 Y-34.72 E3.50838
G1 X-13.858 Y-34.814 E3.52739
G1 X-14.166 Y-34.966 E3.54391
G1 X-14.437 Y-35.177 E3.56043
G1 X-14.662 Y-35.437 E3.57697
G1 X-14.83 Y-35.736 E3.59347
G1 X-14.936 Y-36.063 E3.61
G1 X-14.975 Y-36.404 E3.62651
G1 X-14.945 Y-36.746 E3.64302
G1 X-14.849 Y-37.075 E3.6595
G1 X-14.689 Y-37.379 E3.67602
G1 X-14.471 Y-37.645 E3.69256
G1 X-14.206 Y-37.863 E3.70906
G1 X-13.888 Y-38.028 E3.72629
G1 X-13.36 Y-38.146 E3.75231
G1 X-12.975 Y-38.13 E3.77084
G1 X-12.643 Y-38.041 E3.78737
G1 X-12.335 Y-37.889 E3.80389
G1 X-12.064 Y-37.678 E3.82041
G1 X-11.839 Y-37.418 E3.83695
G1 X-11.671 Y-37.119 E3.85345
G1 X-11.565 Y-36.792 E3.86998
G1 X-11.526 Y-36.451 E3.88649
G1 X-11.549 Y-36.188 E3.89919
G1 X-11.655 Y-35.802 F7800
G1 E1.89919 F2400
G92 E0
G1 X-33.009 Y-40.431 F7800
G1 E2 F2400
;TYPE:Perimeter
G1 F3600
G1 X-5.391 Y-40.431 E3.32833
G1 X-5.391 Y-37.675 E3.46088
G1 X-5.391 Y-7.424 E4.91585
G1 X-33.009 Y-7.424 E6.24418
G1 X-33.009 Y-40.371 E7.82882
G1 X-33.009 Y-40.371 F7800
G1 X-33.395 Y-40.817
G1 F3600
G1 X-5.006 Y-40.817 E9.19423
G1 X-5.006 Y-37.675 E9.34535
G1 X-5.006 Y-7.038 E10.81888
G1 X-33.395 Y-7.038 E12.18429
G1 X-33.395 Y-40.757 E13.80606
G1 X-33.395 Y-40.757 F7800
G1 X-33.78 Y-41.203
;TYPE:External perimeter
G1 F1800
G1 X-4.62 Y-41.203 E15.20855
G1 X-4.62 Y-37.675 E15.37823
G1 X-4.62 Y-6.653 E16.87028
G1 X-33.78 Y-6.653 E18.27277
G1 X-33.78 Y-41.143 E19.93162
G1 X-33.385 Y-41.202 F7800
G1 E17.93162 F2400
G92 E0
G1 X-15.6 Y-38.277 F7800
G1 E2 F2400
;TYPE:Internal infill
;WIDTH:0.45
G1 F4800
G1 X-17.08 Y-39.756 E2.10063
G1 X-13.444 Y-39.756 E2.27551
G1 X-13.101 Y-39.413 E2.29884
G1 E.29884 F2400
G92 E0
G1 X-13.101 Y-39.413 F7800
G1 X-15.876 Y-35.544
G1 E2 F2400
;TYPE:Solid infill
;WIDTH:0.448943
G1 F1200
G1 X-15.984 Y-35.944 E2.01987
;WIDTH:0.438739
G1 X-16.025 Y-36.458 E2.04395
;WIDTH:0.437143
G1 X-15.964 Y-37.007 E2.06963
G1 X-15.796 Y-37.533 E2.0953
G1 X-15.526 Y-38.016 E2.12103
;WIDTH:0.450343
G1 X-15.171 Y-38.44 E2.14765
G1 X-14.734 Y-38.779 E2.17427
;WIDTH:0.448345
G1 X-14.153 Y-39.049 E2.20495
;WIDTH:0.447973
G1 X-13.549 Y-39.189 E2.23461
;WIDTH:0.449447
G1 X-12.972 Y-39.195 E2.26232
G1 X-12.43 Y-39.084 E2.28889
;WIDTH:0.448819
G1 X-11.92 Y-38.869 E2.31543
G1 X-11.462 Y-38.557 E2.342
G1 X-11.076 Y-38.161 E2.36852
G1 X-10.776 Y-37.695 E2.39509
G1 X-10.548 Y-37.094 E2.42591
;WIDTH:0.448649
G1 X-10.477 Y-36.592 E2.45021
;WIDTH:0.454807
G1 X-10.486 Y-36.257 E2.46653
G1 E.46653 F2400
G92 E0
G1 X-10.486 Y-36.257 F7800
G1 X-5.68 Y-37.15
G1 E2 F2400
;WIDTH:0.450031
G1 F1200
G1 X-5.68 Y-39.949 E2.13463
;WIDTH:0.483114
G1 X-5.697 Y-40.029 E2.1389
;WIDTH:0.516197
G1 X-5.714 Y-40.109 E2.14351
G1 X-5.793 Y-40.126 E2.14806
;WIDTH:0.483114
G1 X-5.873 Y-40.142 E2.15232
;WIDTH:0.450031
G1 X-19.007 Y-40.142 E2.78407
G1 E.78407 F2400
G92 E0
G1 X-19.007 Y-40.142 F7800
G1 X-5.893 Y-39.476
G1 E2 F2400
;TYPE:Internal infill
;WIDTH:0.45
G1 F4800
G1 X-6.173 Y-39.756 E2.01905
G1 X-9.808 Y-39.756 E2.19388
G1 X-5.68 Y-35.629 E2.47463
G1 X-5.68 Y-31.993 E2.64951
G1 X-10.084 Y-36.396 E2.94903
G1 X-10.146 Y-35.62 E2.98647
G1 X-10.395 Y-35.869 E3.00341
G1 X-10.527 Y-35.869 E3.00976
G1 X-10.85 Y-35.02 E3.05345
G1 X-11.292 Y-34.447 E3.08826
G1 X-11.556 Y-34.233 E3.10461
G1 X-5.68 Y-28.357 E3.50429
G1 X-5.68 Y-24.722 E3.67912
G1 X-21.101 Y-40.142 E4.728
G1 X-24.736 Y-40.142 E4.90283
G1 X-14.914 Y-30.32 E5.57091
G1 X-15.271 Y-30.012 E5.59359
G1 X-15.575 Y-29.63 E5.61707
G1 X-15.83 Y-29.147 E5.64334
G1 X-15.994 Y-28.579 E5.67177
G1 X-16.004 Y-27.774 E5.71049
G1 X-28.372 Y-40.142 E6.55175
G1 X-32.008 Y-40.142 E6.72663
G1 X-14.227 Y-22.361 E7.93607
G1 X-14.847 Y-22.044 E7.96956
G1 X-15.271 Y-21.678 E7.9965
G1 X-15.614 Y-21.235 E8.02345
G1 X-15.846 Y-20.774 E8.04827
G1 X-15.94 Y-20.439 E8.065
G1 X-32.72 Y-37.219 E9.20636
G1 X-32.72 Y-33.583 E9.38124
G1 X-13.339 Y-14.202 E10.69951
G1 X-14.25 Y-14.027 E10.74413
G1 X-14.716 Y-13.793 E10.76921
G1 X-15.22 Y-13.397 E10.80004
G1 X-15.635 Y-12.863 E10.83257
G1 X-32.72 Y-29.947 E11.99464
G1 X-32.72 Y-26.312 E12.16947
G1 X-14.121 Y-7.713 E13.43455
G1 X-10.486 Y-7.713 E13.60938
G1 X-11.817 Y-9.045 E13.69995
G1 X-11.344 Y-9.401 E13.72842
G1 X-10.85 Y-10.02 E13.76651
G1 X-10.619 Y-10.524 E13.79318
G1 X-10.475 Y-11.338 E13.83294
G1 X-6.85 Y-7.713 E14.07951
G1 X-5.68 Y-7.713 E14.13578
G1 X-5.68 Y-10.179 E14.25439
G1 X-12.568 Y-17.067 E14.7229
G1 X-11.991 Y-17.277 E14.75243
G1 X-11.532 Y-17.569 E14.77859
G1 X-11.208 Y-17.868 E14.79979
G1 X-10.903 Y-18.267 E14.82395
G1 X-10.662 Y-18.796 E14.85191
G1 X-5.68 Y-13.815 E15.19075
G1 X-5.68 Y-17.45 E15.36558
G1 X-13.564 Y-25.334 E15.90184
G1 X-13.174 Y-25.31 E15.92063
G1 X-12.629 Y-25.379 E15.94705
G1 X-12.098 Y-25.559 E15.97402
G1 X-11.611 Y-25.843 E16.00113
G1 X-11.029 Y-26.435 E16.04106
G1 X-5.507 Y-20.913 E16.41666
G1 E14.41666 F2400
G92 E0
G1 X-5.507 Y-20.913 F7800
G1 X-17.583 Y-7.539
G1 E2 F2400
G1 F4800
G1 X-32.72 Y-22.676 E3.0296
G1 X-32.72 Y-19.04 E3.20448
G1 X-21.393 Y-7.713 E3.97493
G1 X-25.028 Y-7.713 E4.14976
G1 X-32.72 Y-15.405 E4.67296
G1 X-32.72 Y-11.769 E4.84784
G1 X-28.664 Y-7.713 E5.12372
G1 X-32.3 Y-7.713 E5.2986
G1 X-32.893 Y-8.307 E5.33897
;LAYER_CHANGE
;Z:4.85
;HEIGHT:0.3
G1 Z4.85 F7800
G1 E3.33897 F2400
G92 E0
G1 X-32.893 Y-8.307 F7800
G1 X-44.268 Y-15.442
G1 E2 F2400
;TYPE:Support material interface
;WIDTH:0.35
G1 F3600
G1 X-48.863 Y-20.037 E2.2315
G1 X-48.863 Y-19.633 E2.24589
G1 X-44.8 Y-15.57 E2.45058
G1 X-45.204 Y-15.57 E2.46497
G1 X-48.863 Y-19.229 E2.64931
G1 X-48.863 Y-18.825 E2.6637
G1 X-45.608 Y-15.57 E2.82769
G1 X-46.012 Y-15.571 E2.84208
G1 X-48.862 Y-18.421 E2.98566
G1 X-48.827 Y-17.981 E3.00138
G1 X-46.452 Y-15.606 E3.12103
G1 X-46.999 Y-15.749 E3.14117
G1 X-48.883 Y-17.633 E3.23609
G1 E1.23609 F2400
G92 E0
G1 X-48.883 Y-17.633 F7800
G1 X-39.831 Y-32.413
G1 E2 F2400
G1 F3600
G1 X-37.488 Y-30.07 E2.11804
G1 X-37.892 Y-30.07 E2.13243
G1 X-40.107 Y-32.285 E2.24402
G1 X-40.51 Y-32.285 E2.25838
G1 X-38.296 Y-30.07 E2.36995
G1 X-38.7 Y-30.07 E2.38434
G1 X-40.914 Y-32.285 E2.49591
G1 X-41.318 Y-32.285 E2.5103
G1 X-39.104 Y-30.07 E2.62187
G1 X-39.508 Y-30.07 E2.63626
G1 X-41.722 Y-32.285 E2.74783
G1 X-42.126 Y-32.285 E2.76222
G1 X-39.912 Y-30.07 E2.87379
G1 X-40.316 Y-30.07 E2.88818
G1 X-42.53 Y-32.285 E2.99975
G1 X-42.934 Y-32.285 E3.01414
G1 X-40.72 Y-30.07 E3.12571
G1 X-41.124 Y-30.07 E3.1401
G1 X-43.338 Y-32.285 E3.25167
G1 X-43.742 Y-32.285 E3.26606
G1 X-41.527 Y-30.07 E3.37765
G1 X-41.931 Y-30.07 E3.39204
G1 X-44.146 Y-32.285 E3.50363
G1 X-44.55 Y-32.285 E3.51802
G1 X-42.335 Y-30.07 E3.62961
G1 X-42.739 Y-30.07 E3.644
G1 X-44.954 Y-32.285 E3.75559
G1 X-45.358 Y-32.285 E3.76998
G1 X-43.143 Y-30.07 E3.88157
G1 X-43.547 Y-30.07 E3.89596
G1 X-45.762 Y-32.285 E4.00755
G1 X-46.161 Y-32.28 E4.02177
G1 X-43.951 Y-30.07 E4.13311
G1 X-44.355 Y-30.07 E4.1475
G1 X-46.522 Y-32.237 E4.25667
G1 X-46.846 Y-32.158 E4.26855
G1 X-44.759 Y-30.07 E4.37372
G1 X-45.163 Y-30.07 E4.38811
G1 X-47.141 Y-32.048 E4.48776
G1 X-47.411 Y-31.914 E4.4985
G1 X-45.567 Y-30.07 E4.5914
G1 X-45.918 Y-30.018 E4.60404
G1 X-47.658 Y-31.757 E4.69168
G1 X-47.884 Y-31.579 E4.70193
G1 X-46.189 Y-29.885 E4.7873
G1 X-46.401 Y-29.692 E4.79751
G1 X-48.089 Y-31.381 E4.88258
G1 X-48.275 Y-31.162 E4.89282
G1 X-46.556 Y-29.444 E4.9794
G1 X-46.642 Y-29.126 E4.99114
G1 X-48.439 Y-30.923 E5.08167
G1 X-48.582 Y-30.662 E5.09227
G1 X-46.648 Y-28.728 E5.1897
G1 X-46.648 Y-28.324 E5.20409
G1 X-48.7 Y-30.376 E5.30747
G1 X-48.79 Y-30.062 E5.31911
G1 X-46.648 Y-27.92 E5.42702
G1 X-46.648 Y-27.516 E5.44141
G1 X-48.848 Y-29.716 E5.55225
G1 X-48.863 Y-29.327 E5.56612
G1 X-46.648 Y-27.112 E5.67771
G1 X-46.648 Y-26.709 E5.69207
G1 X-48.863 Y-28.923 E5.80364
G1 X-48.863 Y-28.519 E5.81803
G1 X-46.648 Y-26.305 E5.9296
G1 X-46.648 Y-25.901 E5.94399
G1 X-48.863 Y-28.115 E6.05556
G1 X-48.863 Y-27.711 E6.06995
G1 X-46.648 Y-25.497 E6.18152
G1 X-46.648 Y-25.093 E6.19591
G1 X-48.863 Y-27.307 E6.30748
G1 X-48.863 Y-26.903 E6.32187
G1 X-46.648 Y-24.689 E6.43344
G1 X-46.648 Y-24.285 E6.44783
G1 X-48.863 Y-26.499 E6.5594
G1 X-48.863 Y-26.096 E6.57376
G1 X-46.648 Y-23.881 E6.68535
G1 X-46.648 Y-23.477 E6.69974
G1 X-48.863 Y-25.692 E6.81133
G1 X-48.863 Y-25.288 E6.82572
G1 X-46.648 Y-23.073 E6.93731
G1 X-46.648 Y-22.669 E6.9517
G1 X-48.863 Y-24.884 E7.06329
G1 X-48.863 Y-24.48 E7.07768
G1 X-46.648 Y-22.265 E7.18927
G1 X-46.648 Y-21.861 E7.20366
G1 X-48.863 Y-24.076 E7.31525
G1 X-48.863 Y-23.672 E7.32964
G1 X-46.648 Y-21.458 E7.44121
G1 X-46.648 Y-21.054 E7.4556
G1 X-48.863 Y-23.268 E7.56717
G1 X-48.863 Y-22.864 E7.58156
G1 X-46.648 Y-20.65 E7.69313
G1 X-46.648 Y-20.246 E7.70752
G1 X-48.863 Y-22.46 E7.81909
G1 X-48.863 Y-22.056 E7.83348
G1 X-46.648 Y-19.842 E7.94505
G1 X-46.648 Y-19.438 E7.95944
G1 X-48.863 Y-21.652 E8.07101
G1 X-48.863 Y-21.248 E8.0854
G1 X-46.648 Y-19.034 E8.19697
G1 X-46.62 Y-18.602 E8.21239
G1 X-48.863 Y-20.844 E8.32537
G1 X-48.863 Y-20.441 E8.33973
G1 X-43.992 Y-15.57 E8.58513
G1 X-43.588 Y-15.57 E8.59952
G1 X-45.831 Y-17.813 E8.71252
G1 X-45.399 Y-17.785 E8.72794
G1 X-43.185 Y-15.57 E8.83951
G1 X-42.781 Y-15.57 E8.8539
G1 X-44.995 Y-17.785 E8.96547
G1 X-44.591 Y-17.785 E8.97986
G1 X-42.377 Y-15.57 E9.09143
G1 X-41.973 Y-15.57 E9.10582
G1 X-44.187 Y-17.785 E9.21739
G1 X-43.783 Y-17.785 E9.23178
G1 X-41.569 Y-15.57 E9.34335
G1 X-41.165 Y-15.57 E9.35774
G1 X-43.379 Y-17.785 E9.46931
G1 X-42.975 Y-17.785 E9.4837
G1 X-40.761 Y-15.57 E9.59527
G1 X-40.357 Y-15.57 E9.60966
G1 X-42.571 Y-17.785 E9.72123
G1 X-42.168 Y-17.785 E9.73559
G1 X-39.953 Y-15.57 E9.84718
G1 X-39.549 Y-15.57 E9.86157
G1 X-41.764 Y-17.785 E9.97316
G1 X-41.36 Y-17.785 E9.98755
G1 X-39.145 Y-15.57 E10.09914
G1 X-38.741 Y-15.57 E10.11353
G1 X-40.956 Y-17.785 E10.22512
G1 X-40.552 Y-17.785 E10.23951
G1 X-38.337 Y-15.57 E10.3511
G1 X-37.933 Y-15.57 E10.36549
G1 X-40.148 Y-17.785 E10.47708
G1 X-39.744 Y-17.785 E10.49147
G1 X-37.53 Y-15.57 E10.60304
G1 X-37.126 Y-15.57 E10.61743
G1 X-39.34 Y-17.785 E10.729
G1 X-38.936 Y-17.785 E10.74339
G1 X-36.707 Y-15.556 E10.85569
G1 X-36.217 Y-15.469 E10.87342
G1 X-38.532 Y-17.785 E10.99007
G1 X-38.128 Y-17.785 E11.00446
G1 X-34.503 Y-14.16 E11.18709
G1 X-34.493 Y-14.375 E11.19476
G1 X-34.778 Y-14.691 E11.20992
G1 X-34.778 Y-14.839 E11.21519
G1 X-37.724 Y-17.785 E11.36361
G1 X-37.325 Y-17.789 E11.37782
G1 X-34.778 Y-15.242 E11.50614
G1 X-34.778 Y-15.646 E11.52053
G1 X-37.003 Y-17.871 E11.63263
G1 X-36.751 Y-18.023 E11.64311
G1 X-34.778 Y-16.05 E11.74251
G1 X-34.778 Y-16.454 E11.7569
G1 X-36.556 Y-18.233 E11.8465
G1 X-36.42 Y-18.5 E11.85717
G1 X-34.778 Y-16.858 E11.93989
G1 X-34.778 Y-17.262 E11.95428
G1 X-36.363 Y-18.847 E12.03413
G1 X-36.363 Y-19.25 E12.04849
G1 X-34.778 Y-17.666 E12.12832
G1 X-34.778 Y-18.07 E12.14271
G1 X-36.363 Y-19.654 E12.22254
G1 X-36.363 Y-20.058 E12.23693
G1 X-34.778 Y-18.474 E12.31676
G1 X-34.778 Y-18.878 E12.33115
G1 X-36.363 Y-20.462 E12.41098
G1 X-36.363 Y-20.866 E12.42537
G1 X-34.778 Y-19.282 E12.5052
G1 X-34.778 Y-19.686 E12.51959
G1 X-36.363 Y-21.27 E12.59942
G1 X-36.363 Y-21.674 E12.61381
G1 X-34.778 Y-20.09 E12.69364
G1 X-34.778 Y-20.494 E12.70803
G1 X-36.363 Y-22.078 E12.78786
G1 X-36.363 Y-22.482 E12.80225
G1 X-34.778 Y-20.897 E12.8821
G1 X-34.778 Y-21.301 E12.89649
G1 X-36.363 Y-22.886 E12.97634
G1 X-36.363 Y-23.29 E12.99073
G1 X-34.778 Y-21.705 E13.07058
G1 X-34.778 Y-22.109 E13.08497
G1 X-36.363 Y-23.694 E13.16482
G1 X-36.363 Y-24.098 E13.17921
G1 X-34.778 Y-22.513 E13.25906
G1 X-34.778 Y-22.917 E13.27345
G1 X-36.363 Y-24.502 E13.3533
G1 X-36.363 Y-24.905 E13.36766
G1 X-34.778 Y-23.321 E13.44749
G1 X-34.778 Y-23.725 E13.46188
G1 X-36.363 Y-25.309 E13.54171
G1 X-36.363 Y-25.713 E13.5561
G1 X-34.778 Y-24.129 E13.63593
G1 X-34.778 Y-24.533 E13.65032
G1 X-36.363 Y-26.117 E13.73015
G1 X-36.363 Y-26.521 E13.74454
G1 X-34.778 Y-24.937 E13.82437
G1 X-34.778 Y-25.341 E13.83876
G1 X-36.363 Y-26.925 E13.91859
G1 X-36.363 Y-27.329 E13.93298
G1 X-34.778 Y-25.745 E14.01281
G1 X-34.778 Y-26.148 E14.02717
G1 X-36.363 Y-27.733 E14.10702
G1 X-36.363 Y-28.137 E14.12141
G1 X-34.778 Y-26.552 E14.20126
G1 X-34.778 Y-26.956 E14.21565
G1 X-36.363 Y-28.541 E14.2955
G1 X-36.363 Y-28.945 E14.30989
G1 X-34.778 Y-27.36 E14.38974
G1 X-34.778 Y-27.764 E14.40413
G1 X-39.299 Y-32.285 E14.6319
G1 X-38.895 Y-32.285 E14.64629
G1 X-34.778 Y-28.168 E14.8537
G1 X-34.778 Y-28.572 E14.86809
G1 X-38.491 Y-32.285 E15.05515
G1 X-38.087 Y-32.285 E15.06954
G1 X-34.778 Y-28.976 E15.23625
G1 X-34.778 Y-29.38 E15.25064
G1 X-37.683 Y-32.285 E15.39699
G1 X-37.279 Y-32.285 E15.41138
G1 X-34.778 Y-29.784 E15.53738
G1 X-34.778 Y-30.188 E15.55177
G1 X-36.878 Y-32.288 E15.65757
G1 X-36.511 Y-32.324 E15.67071
G1 X-34.778 Y-30.592 E15.75799
G1 X-34.778 Y-30.996 E15.77238
G1 X-36.179 Y-32.396 E15.84294
G1 X-35.875 Y-32.496 E15.85434
G1 X-34.778 Y-31.4 E15.90958
G1 X-34.778 Y-31.803 E15.92394
G1 X-35.595 Y-32.62 E15.9651
G1 X-35.336 Y-32.766 E15.97569
G1 X-34.778 Y-32.207 E16.00383
G1 X-34.778 Y-32.611 E16.01822
G1 X-35.098 Y-32.931 E16.03434
G1 X-34.959 Y-33.039 E16.04061
G1 X-35.129 Y-33.274 E16.05094
G1 X-35.08 Y-33.317 E16.05326
G1 X-34.778 Y-33.015 E16.06847
G1 X-34.637 Y-33.16 E16.07568
G1 X-34.585 Y-33.226 E16.07867
G1 X-34.879 Y-33.52 E16.09348
G1 X-34.697 Y-33.742 E16.10371
G1 X-34.364 Y-33.409 E16.12049
G1 E14.12049 F2400
G92 E0
G1 X-11.557 Y-17.935 F7800
G1 E2 F2400
;TYPE:Perimeter
;WIDTH:0.45
G1 F900
G1 X-11.926 Y-17.648 E2.02248
G1 X-12.44 Y-17.409 E2.04974
G1 X-12.959 Y-17.291 E2.07534
G1 X-13.527 Y-17.283 E2.10266
G1 X-14.108 Y-17.416 E2.13133
G1 X-14.584 Y-17.651 E2.15686
G1 X-15.016 Y-18 E2.18357
G1 X-15.33 Y-18.384 E2.20743
G1 X-15.536 Y-18.757 E2.22792
G1 X-15.694 Y-19.253 E2.25296
G1 X-15.744 Y-19.795 E2.27914
G1 X-15.688 Y-20.288 E2.303
G1 X-15.535 Y-20.761 E2.32691
G1 X-15.291 Y-21.193 E2.35077
G1 X-14.967 Y-21.569 E2.37464
G1 X-14.575 Y-21.874 E2.39853
G1 X-14.059 Y-22.113 E2.42588
G1 X-13.535 Y-22.232 E2.45172
G1 X-12.973 Y-22.239 E2.47875
G1 X-12.393 Y-22.105 E2.50738
G1 X-11.917 Y-21.871 E2.53289
G1 X-11.5 Y-21.538 E2.55856
G1 X-11.171 Y-21.137 E2.58351
G1 X-10.94 Y-20.698 E2.60737
G1 X-10.8 Y-20.222 E2.63123
G1 X-10.757 Y-19.727 E2.65513
G1 X-10.813 Y-19.234 E2.67899
G1 X-10.966 Y-18.761 E2.7029
G1 X-11.21 Y-18.328 E2.7268
G1 X-11.514 Y-17.976 E2.74917
G1 X-11.514 Y-17.976 F7800
G1 X-11.819 Y-18.218
G1 F900
G1 X-12.111 Y-17.987 E2.76708
G1 X-12.53 Y-17.784 E2.78947
G1 X-13.045 Y-17.667 E2.81487
G1 X-13.573 Y-17.675 E2.84027
G1 X-14.026 Y-17.8 E2.86287
G1 X-14.399 Y-17.992 E2.88305
G1 X-14.727 Y-18.255 E2.90327
G1 X-14.996 Y-18.577 E2.92345
G1 X-15.181 Y-18.907 E2.94165
G1 X-15.318 Y-19.348 E2.96386
G1 X-15.359 Y-19.766 E2.98406
G1 X-15.316 Y-20.184 E3.00427
G1 X-15.192 Y-20.585 E3.02446
G1 X-14.99 Y-20.953 E3.04465
G1 X-14.719 Y-21.274 E3.06486
G1 X-14.39 Y-21.535 E3.08506
G1 X-13.973 Y-21.737 E3.10735
G1 X-13.45 Y-21.856 E3.13315
G1 X-12.926 Y-21.846 E3.15836
G1 X-12.475 Y-21.722 E3.18086
G1 X-12.102 Y-21.529 E3.20106
G1 X-11.775 Y-21.267 E3.22121
G1 X-11.505 Y-20.945 E3.24142
G1 X-11.305 Y-20.575 E3.26165
G1 X-11.183 Y-20.174 E3.28181
G1 X-11.142 Y-19.756 E3.30201
G1 X-11.185 Y-19.338 E3.32222
G1 X-11.309 Y-18.937 E3.34241
G1 X-11.511 Y-18.569 E3.3626
G1 X-11.774 Y-18.257 E3.38223
G1 X-11.774 Y-18.257 F7800
G1 X-12.081 Y-18.501
;TYPE:External perimeter
G1 F900
G1 X-12.295 Y-18.325 E3.39556
G1 X-12.616 Y-18.16 E3.41292
G1 X-13.131 Y-18.042 E3.43833
G1 X-13.527 Y-18.059 E3.45739
G1 X-13.858 Y-18.147 E3.47386
G1 X-14.166 Y-18.3 E3.4904
G1 X-14.437 Y-18.51 E3.50689
G1 X-14.662 Y-18.77 E3.52343
G1 X-14.825 Y-19.056 E3.53926
G1 X-14.936 Y-19.396 E3.55646
G1 X-14.975 Y-19.737 E3.57297
G1 X-14.945 Y-20.079 E3.58948
G1 X-14.849 Y-20.409 E3.60601
G1 X-14.689 Y-20.712 E3.62249
G1 X-14.471 Y-20.979 E3.63907
G1 X-14.206 Y-21.196 E3.65554
G1 X-13.888 Y-21.361 E3.67277
G1 X-13.365 Y-21.479 E3.69856
G1 X-12.975 Y-21.463 E3.71733
G1 X-12.643 Y-21.375 E3.73385
G1 X-12.335 Y-21.222 E3.75039
G1 X-12.064 Y-21.012 E3.76688
G1 X-11.839 Y-20.752 E3.78342
G1 X-11.671 Y-20.453 E3.79992
G1 X-11.565 Y-20.126 E3.81645
G1 X-11.526 Y-19.785 E3.83296
G1 X-11.556 Y-19.443 E3.84947
G1 X-11.653 Y-19.113 E3.86601
G1 X-11.813 Y-18.809 E3.88253
G1 X-12.03 Y-18.543 E3.89904
G1 X-12.035 Y-18.539 E3.89935
G1 X-12.358 Y-18.303 F7800
G1 E1.89935 F2400
G92 E0
G1 X-11.107 Y-10.19 F7800
G1 E2 F2400
;TYPE:Perimeter
G1 F900
G1 X-11.319 Y-9.851 E2.01923
G1 X-11.67 Y-9.499 E2.04314
G1 X-12.083 Y-9.224 E2.067
G1 X-12.706 Y-8.993 E2.09896
G1 X-13.222 Y-8.934 E2.12394
G1 X-13.717 Y-8.978 E2.14784
G1 X-14.193 Y-9.119 E2.17172
G1 X-14.632 Y-9.352 E2.19562
G1 X-15.016 Y-9.666 E2.21948
G1 X-15.33 Y-10.051 E2.24337
G1 X-15.561 Y-10.49 E2.26723
G1 X-15.701 Y-10.967 E2.29114
G1 X-15.739 Y-11.269 E2.30578
G1 X-15.708 Y-11.867 E2.33458
G1 X-15.563 Y-12.368 E2.35967
G1 X-15.291 Y-12.86 E2.38671
G1 X-14.967 Y-13.236 E2.41058
G1 X-14.575 Y-13.54 E2.43444
G1 X-14.059 Y-13.78 E2.46181
G1 X-13.535 Y-13.898 E2.48764
G1 X-12.973 Y-13.906 E2.51467
G1 X-12.393 Y-13.772 E2.5433
G1 X-11.917 Y-13.538 E2.56881
G1 X-11.5 Y-13.205 E2.59448
G1 X-11.171 Y-12.804 E2.61943
G1 X-10.94 Y-12.365 E2.64329
G1 X-10.8 Y-11.888 E2.6672
G1 X-10.757 Y-11.394 E2.69105
G1 X-10.835 Y-10.832 E2.71834
G1 X-11.018 Y-10.332 E2.74395
G1 X-11.075 Y-10.241 E2.74911
G1 X-11.075 Y-10.241 F7800
G1 X-11.437 Y-10.381
G1 F900
G1 X-11.708 Y-9.99 E2.77199
G1 X-12.024 Y-9.712 E2.79223
G1 X-12.388 Y-9.503 E2.81242
G1 X-12.786 Y-9.371 E2.83259
G1 X-13.203 Y-9.319 E2.8528
G1 X-13.622 Y-9.352 E2.87301
G1 X-14.026 Y-9.466 E2.8932
G1 X-14.399 Y-9.659 E2.9134
G1 X-14.727 Y-9.921 E2.93359
G1 X-14.996 Y-10.244 E2.95381
G1 X-15.196 Y-10.613 E2.974
G1 X-15.318 Y-11.015 E2.99421
G1 X-15.356 Y-11.317 E3.00885
G1 X-15.316 Y-11.85 E3.03456
G1 X-15.192 Y-12.251 E3.05475
G1 X-14.99 Y-12.62 E3.07498
G1 X-14.719 Y-12.941 E3.09519
G1 X-14.39 Y-13.202 E3.11539
G1 X-13.973 Y-13.404 E3.13768
G1 X-13.45 Y-13.522 E3.16347
G1 X-12.926 Y-13.513 E3.18868
G1 X-12.475 Y-13.389 E3.21118
G1 X-12.102 Y-13.196 E3.23138
G1 X-11.775 Y-12.934 E3.25153
G1 X-11.505 Y-12.611 E3.27178
G1 X-11.305 Y-12.242 E3.29197
G1 X-11.183 Y-11.84 E3.31218
G1 X-11.142 Y-11.422 E3.33238
G1 X-11.198 Y-10.964 E3.35457
G1 X-11.38 Y-10.464 E3.38016
G1 X-11.403 Y-10.43 E3.38213
G1 X-11.403 Y-10.43 F7800
G1 X-11.762 Y-10.568
;TYPE:External perimeter
G1 F900
G1 X-11.97 Y-10.272 E3.39953
G1 X-12.225 Y-10.042 E3.41605
G1 X-12.52 Y-9.866 E3.43257
G1 X-12.844 Y-9.752 E3.44909
G1 X-13.184 Y-9.705 E3.4656
G1 X-13.527 Y-9.725 E3.48213
G1 X-13.858 Y-9.814 E3.49862
G1 X-14.166 Y-9.966 E3.51514
G1 X-14.437 Y-10.177 E3.53166
G1 X-14.662 Y-10.437 E3.5482
G1 X-14.83 Y-10.736 E3.5647
G1 X-14.936 Y-11.063 E3.58123
G1 X-14.974 Y-11.365 E3.59587
G1 X-14.945 Y-11.746 E3.61425
G1 X-14.849 Y-12.075 E3.63073
G1 X-14.689 Y-12.379 E3.64725
G1 X-14.471 Y-12.645 E3.66379
G1 X-14.206 Y-12.863 E3.68029
G1 X-13.888 Y-13.028 E3.69752
G1 X-13.365 Y-13.146 E3.72331
G1 X-12.975 Y-13.13 E3.74208
G1 X-12.643 Y-13.041 E3.75861
G1 X-12.335 Y-12.889 E3.77513
G1 X-12.064 Y-12.678 E3.79165
G1 X-11.839 Y-12.418 E3.80819
G1 X-11.671 Y-12.119 E3.82469
G1 X-11.565 Y-11.793 E3.84118
G1 X-11.526 Y-11.451 E3.85774
G1 X-11.56 Y-11.096 E3.87489
G1 X-11.733 Y-10.62 E3.89925
G1 X-11.965 Y-10.294 F7800
G1 E1.89925 F2400
G92 E0
G1 X-11.556 Y-29.92 F7800
G1 E2 F2400
;TYPE:Perimeter
G1 F900
G1 X-11.171 Y-29.471 E2.02845
G1 X-10.94 Y-29.031 E2.05235
G1 X-10.8 Y-28.555 E2.07621
G1 X-10.757 Y-28.06 E2.10011
G1 X-10.813 Y-27.567 E2.12397
G1 X-10.966 Y-27.095 E2.14783
G1 X-11.21 Y-26.662 E2.17173
G1 X-11.534 Y-26.286 E2.1956
G1 X-11.926 Y-25.981 E2.21949
G1 X-12.44 Y-25.743 E2.24673
G1 X-12.959 Y-25.624 E2.27234
G1 X-13.527 Y-25.616 E2.29966
G1 X-14.108 Y-25.75 E2.32834
G1 X-14.584 Y-25.984 E2.35385
G1 X-15.016 Y-26.333 E2.38056
G1 X-15.33 Y-26.718 E2.40445
G1 X-15.561 Y-27.157 E2.42831
G1 X-15.701 Y-27.633 E2.45217
G1 X-15.744 Y-28.128 E2.47607
G1 X-15.688 Y-28.621 E2.49993
G1 X-15.535 Y-29.094 E2.52384
G1 X-15.291 Y-29.527 E2.54774
G1 X-14.967 Y-29.903 E2.57161
G1 X-14.575 Y-30.207 E2.59547
G1 X-14.155 Y-30.419 E2.6181
G1 X-13.535 Y-30.565 E2.64874
G1 X-12.973 Y-30.572 E2.67577
G1 X-12.446 Y-30.457 E2.70171
G1 X-11.989 Y-30.247 E2.7259
G1 X-11.598 Y-29.962 E2.74917
G1 X-11.598 Y-29.962 F7800
G1 X-11.82 Y-29.636
G1 F900
G1 X-11.775 Y-29.6 E2.75194
G1 X-11.505 Y-29.278 E2.77215
G1 X-11.305 Y-28.909 E2.79234
G1 X-11.183 Y-28.507 E2.81255
G1 X-11.142 Y-28.089 E2.83275
G1 X-11.185 Y-27.671 E2.85296
G1 X-11.309 Y-27.27 E2.87315
G1 X-11.511 Y-26.902 E2.89334
G1 X-11.782 Y-26.581 E2.91355
G1 X-12.111 Y-26.32 E2.93375
G1 X-12.53 Y-26.118 E2.95612
G1 X-13.045 Y-26 E2.98153
G1 X-13.573 Y-26.008 E3.00693
G1 X-14.026 Y-26.133 E3.02953
G1 X-14.399 Y-26.326 E3.04973
G1 X-14.727 Y-26.588 E3.06992
G1 X-14.996 Y-26.91 E3.0901
G1 X-15.196 Y-27.28 E3.11033
G1 X-15.318 Y-27.681 E3.13049
G1 X-15.359 Y-28.099 E3.15069
G1 X-15.316 Y-28.517 E3.1709
G1 X-15.192 Y-28.918 E3.19109
G1 X-14.99 Y-29.286 E3.21128
G1 X-14.719 Y-29.607 E3.23149
G1 X-14.39 Y-29.868 E3.25169
G1 X-14.031 Y-30.054 E3.27114
G1 X-13.45 Y-30.189 E3.29983
G1 X-12.904 Y-30.176 E3.3261
G1 X-12.475 Y-30.055 E3.34754
G1 X-12.102 Y-29.863 E3.36772
G1 X-11.867 Y-29.674 E3.38222
G1 X-11.867 Y-29.674 F7800
G1 X-12.079 Y-29.357
;TYPE:External perimeter
G1 F900
G1 X-12.064 Y-29.345 E3.38314
G1 X-11.839 Y-29.085 E3.39968
G1 X-11.671 Y-28.786 E3.41618
G1 X-11.565 Y-28.459 E3.43271
G1 X-11.526 Y-28.118 E3.44922
G1 X-11.556 Y-27.776 E3.46573
G1 X-11.653 Y-27.446 E3.48227
G1 X-11.813 Y-27.143 E3.49875
G1 X-12.03 Y-26.877 E3.51526
G1 X-12.295 Y-26.659 E3.53176
G1 X-12.616 Y-26.494 E3.54912
G1 X-13.131 Y-26.376 E3.57453
G1 X-13.527 Y-26.392 E3.59359
G1 X-13.858 Y-26.481 E3.61008
G1 X-14.166 Y-26.633 E3.6266
G1 X-14.437 Y-26.843 E3.64309
G1 X-14.662 Y-27.103 E3.65963
G1 X-14.83 Y-27.403 E3.67617
G1 X-14.936 Y-27.729 E3.69266
G1 X-14.975 Y-28.07 E3.70917
G1 X-14.945 Y-28.413 E3.72573
G1 X-14.849 Y-28.742 E3.74221
G1 X-14.688 Y-29.046 E3.75876
G1 X-14.471 Y-29.312 E3.77527
G1 X-14.206 Y-29.53 E3.79177
G1 X-13.908 Y-29.689 E3.80802
G1 X-13.365 Y-29.813 E3.83481
G1 X-12.975 Y-29.796 E3.85359
G1 X-12.643 Y-29.708 E3.87011
G1 X-12.335 Y-29.555 E3.88665
G1 X-12.126 Y-29.394 E3.89934
G1 X-11.86 Y-29.096 F7800
G1 E1.89934 F2400
G92 E0
G1 X-10.793 Y-35.992 F7800
G1 E2 F2400
;TYPE:Perimeter
G1 F900
G1 X-11.018 Y-35.332 E2.03354
G1 X-11.319 Y-34.851 E2.06083
G1 X-11.714 Y-34.461 E2.08753
G1 X-12.212 Y-34.158 E2.11557
G1 X-12.584 Y-34.023 E2.1346
G1 X-13.179 Y-33.933 E2.16354
G1 X-13.717 Y-33.978 E2.18951
G1 X-14.193 Y-34.119 E2.21339
G1 X-14.632 Y-34.352 E2.23729
G1 X-15.016 Y-34.666 E2.26115
G1 X-15.33 Y-35.051 E2.28504
G1 X-15.561 Y-35.49 E2.3089
G1 X-15.701 Y-35.967 E2.33281
G1 X-15.744 Y-36.461 E2.35666
G1 X-15.688 Y-36.955 E2.38057
G1 X-15.535 Y-37.427 E2.40443
G1 X-15.291 Y-37.86 E2.42833
G1 X-14.967 Y-38.236 E2.4522
G1 X-14.575 Y-38.54 E2.47606
G1 X-14.059 Y-38.78 E2.50343
G1 X-13.535 Y-38.898 E2.52926
G1 X-12.973 Y-38.906 E2.55629
G1 X-12.489 Y-38.802 E2.5801
G1 X-12.033 Y-38.604 E2.60401
G1 X-11.626 Y-38.319 E2.62791
G1 X-11.284 Y-37.96 E2.65176
G1 X-11.019 Y-37.54 E2.67565
G1 X-10.822 Y-37.003 E2.70316
G1 X-10.755 Y-36.466 E2.72919
G1 X-10.787 Y-36.052 E2.74916
G1 X-10.787 Y-36.052 F7800
G1 X-11.186 Y-36.063
G1 F900
G1 X-11.198 Y-35.964 E2.75396
G1 X-11.38 Y-35.464 E2.77955
G1 X-11.69 Y-35.007 E2.80611
G1 X-12.024 Y-34.712 E2.82754
G1 X-12.388 Y-34.503 E2.84773
G1 X-12.7 Y-34.391 E2.86367
G1 X-13.203 Y-34.319 E2.88811
G1 X-13.622 Y-34.352 E2.90832
G1 X-14.026 Y-34.466 E2.92851
G1 X-14.399 Y-34.659 E2.94871
G1 X-14.727 Y-34.921 E2.9689
G1 X-14.996 Y-35.244 E2.98912
G1 X-15.196 Y-35.613 E3.00931
G1 X-15.318 Y-36.015 E3.02952
G1 X-15.359 Y-36.433 E3.04972
G1 X-15.316 Y-36.85 E3.06988
G1 X-15.192 Y-37.251 E3.09007
G1 X-14.99 Y-37.62 E3.1103
G1 X-14.719 Y-37.941 E3.13051
G1 X-14.39 Y-38.202 E3.15071
G1 X-13.973 Y-38.404 E3.173
G1 X-13.45 Y-38.522 E3.19879
G1 X-12.993 Y-38.52 E3.22077
G1 X-12.475 Y-38.389 E3.24647
G1 X-12.102 Y-38.196 E3.26667
G1 X-11.775 Y-37.934 E3.28682
G1 X-11.505 Y-37.611 E3.30707
G1 X-11.305 Y-37.242 E3.32726
G1 X-11.183 Y-36.84 E3.34747
G1 X-11.142 Y-36.422 E3.36767
G1 X-11.178 Y-36.123 E3.38215
G1 X-11.178 Y-36.123 F7800
G1 X-11.557 Y-36.129
;TYPE:External perimeter
G1 F900
G1 X-11.56 Y-36.096 E3.38374
G1 X-11.742 Y-35.595 E3.40938
G1 X-11.97 Y-35.272 E3.4284
G1 X-12.225 Y-35.042 E3.44492
G1 X-12.52 Y-34.866 E3.46144
G1 X-12.815 Y-34.759 E3.47653
G1 X-13.184 Y-34.705 E3.49447
G1 X-13.527 Y-34.725 E3.511
G1 X-13.858 Y-34.814 E3.52749
G1 X-14.166 Y-34.966 E3.54401
G1 X-14.437 Y-35.177 E3.56053
G1 X-14.662 Y-35.437 E3.57707
G1 X-14.83 Y-35.736 E3.59357
G1 X-14.936 Y-36.063 E3.6101
G1 X-14.975 Y-36.404 E3.62661
G1 X-14.945 Y-36.746 E3.64312
G1 X-14.849 Y-37.075 E3.6596
G1 X-14.689 Y-37.379 E3.67612
G1 X-14.471 Y-37.645 E3.69266
G1 X-14.206 Y-37.863 E3.70916
G1 X-13.888 Y-38.028 E3.72639
G1 X-13.365 Y-38.146 E3.75218
G1 X-12.975 Y-38.13 E3.77095
G1 X-12.643 Y-38.041 E3.78748
G1 X-12.335 Y-37.889 E3.804
G1 X-12.064 Y-37.678 E3.82052
G1 X-11.839 Y-37.418 E3.83706
G1 X-11.671 Y-37.119 E3.85356
G1 X-11.565 Y-36.793 E3.87005
G1 X-11.526 Y-36.451 E3.88661
G1 X-11.551 Y-36.189 E3.89927
G1 X-11.669 Y-35.806 F7800
G1 E1.89927 F2400
G92 E0
G1 X-33.009 Y-40.431 F7800
G1 E2 F2400
;TYPE:Perimeter
G1 F3600
G1 X-5.391 Y-40.431 E3.32833
G1 X-5.391 Y-37.675 E3.46088
G1 X-5.391 Y-7.424 E4.91585
G1 X-33.009 Y-7.424 E6.24418
G1 X-33.009 Y-40.371 E7.82882
G1 X-33.009 Y-40.371 F7800
G1 X-33.395 Y-40.817
G1 F3600
G1 X-5.006 Y-40.817 E9.19423
G1 X-5.006 Y-37.675 E9.34535
G1 X-5.006 Y-7.038 E10.81888
G1 X-33.395 Y-7.038 E12.18429
G1 X-33.395 Y-40.757 E13.80606
G1 X-33.395 Y-40.757 F7800
G1 X-33.78 Y-41.203
;TYPE:External perimeter
G1 F1800
G1 X-4.62 Y-41.203 E15.20855
G1 X-4.62 Y-37.675 E15.37823
G1 X-4.62 Y-6.653 E16.87028
G1 X-33.78 Y-6.653 E18.27277
G1 X-33.78 Y-41.143 E19.93162
G1 X-33.385 Y-41.202 F7800
G1 E17.93162 F2400
G92 E0
G1 X-20.204 Y-39.245 F7800
G1 E2 F2400
;TYPE:Internal infill
;WIDTH:0.45
G1 F4800
G1 X-21.101 Y-40.142 E2.06101
G1 X-24.736 Y-40.142 E2.23584
G1 X-20.764 Y-36.17 E2.50601
G1 X-21.11 Y-35.677 E2.53498
G1 X-18.654 Y-33.221 E2.70203
G1 X-18.161 Y-33.567 E2.731
G1 X-14.914 Y-30.32 E2.95186
G1 X-15.271 Y-30.012 E2.97454
G1 X-15.575 Y-29.63 E2.99802
G1 X-15.83 Y-29.147 E3.02429
G1 X-15.994 Y-28.579 E3.05272
G1 X-16.004 Y-27.774 E3.09144
G1 X-28.372 Y-40.142 E3.9327
G1 X-32.008 Y-40.142 E4.10758
G1 X-14.227 Y-22.361 E5.31702
G1 X-14.847 Y-22.044 E5.35051
G1 X-15.271 Y-21.678 E5.37745
G1 X-15.614 Y-21.235 E5.4044
G1 X-15.846 Y-20.774 E5.42922
G1 X-15.94 Y-20.439 E5.44595
G1 X-32.72 Y-37.219 E6.58731
G1 X-32.72 Y-33.583 E6.76219
G1 X-13.344 Y-14.207 E8.08012
G1 X-14.128 Y-14.061 E8.11848
G1 X-14.847 Y-13.711 E8.15694
G1 X-15.271 Y-13.345 E8.18388
G1 X-15.63 Y-12.858 E8.21298
G1 X-32.72 Y-29.947 E9.37539
G1 X-32.72 Y-26.312 E9.55022
G1 X-14.121 Y-7.713 E10.8153
G1 X-10.486 Y-7.713 E10.99013
G1 X-11.819 Y-9.047 E11.08083
G1 X-11.246 Y-9.498 E11.1159
G1 X-10.902 Y-9.935 E11.14265
G1 X-10.532 Y-10.833 E11.18936
G1 X-10.474 Y-11.337 E11.21376
G1 X-6.85 Y-7.713 E11.46026
G1 X-5.68 Y-7.713 E11.51653
G1 X-5.68 Y-10.179 E11.63514
G1 X-12.584 Y-17.082 E12.10471
G1 X-12.141 Y-17.205 E12.12682
G1 X-11.655 Y-17.478 E12.15363
G1 X-11.293 Y-17.779 E12.17627
G1 X-10.85 Y-18.353 E12.21114
G1 X-10.648 Y-18.783 E12.23399
G1 X-5.68 Y-13.815 E12.57191
G1 X-5.68 Y-17.45 E12.74674
G1 X-13.567 Y-25.337 E13.2832
G1 X-13.04 Y-25.317 E13.30857
G1 X-12.141 Y-25.539 E13.35311
G1 X-11.655 Y-25.811 E13.3799
G1 X-11.293 Y-26.112 E13.40254
G1 X-11.024 Y-26.43 E13.42257
G1 X-5.68 Y-21.086 E13.78606
G1 X-5.68 Y-24.722 E13.96094
G1 X-15.917 Y-34.959 E14.65725
G1 X-15.72 Y-35.156 E14.67065
G1 X-15.486 Y-34.766 E14.69253
G1 X-15.117 Y-34.36 E14.71892
G1 X-14.675 Y-34.034 E14.74534
G1 X-14.207 Y-33.811 E14.77027
G1 X-13.681 Y-33.675 E14.7964
G1 X-13.042 Y-33.65 E14.82716
G1 X-12.501 Y-33.745 E14.85358
G1 X-11.991 Y-33.943 E14.87989
G1 X-11.548 Y-34.225 E14.90515
G1 X-5.68 Y-28.357 E15.30428
G1 X-5.68 Y-31.993 E15.47916
G1 X-8.889 Y-35.202 E15.69743
G1 X-7.246 Y-36.356 E15.794
G1 X-6.587 Y-35.697 E15.83882
G1 X-6.168 Y-36.117 E15.86735
G1 X-5.507 Y-35.455 E15.91234
G1 X-5.507 Y-35.455 F7800
G1 X-6.734 Y-36.148
;TYPE:Bridge infill
;WIDTH:0.408654
;HEIGHT:0.4
G1 F3600
G1 X-5.713 Y-37.169 E15.99108
G1 X-5.713 Y-37.818 E16.02647
G1 X-6.915 Y-36.616 E16.11916
G1 X-7.198 Y-36.899 E16.14098
G1 X-7.472 Y-36.707 E16.15922
G1 X-5.713 Y-38.467 E16.29491
G1 X-5.713 Y-39.115 E16.33025
G1 X-9.381 Y-35.446 E16.61315
G1 X-9.706 Y-35.771 E16.63821
G1 X-5.713 Y-39.764 E16.94614
G1 X-5.713 Y-40.11 E16.96501
G1 X-6.015 Y-40.11 E16.98148
G1 X-10.03 Y-36.095 E17.2911
G1 X-10.221 Y-36.286 E17.30583
G1 X-10.445 Y-36.287 E17.31804
G1 X-10.442 Y-36.332 E17.3205
G1 X-6.664 Y-40.11 E17.61185
G1 X-7.312 Y-40.11 E17.64719
G1 X-10.488 Y-36.934 E17.89211
G1 X-10.509 Y-37.08 E17.90015
G1 X-10.628 Y-37.443 E17.92098
G1 X-7.961 Y-40.11 E18.12665
G1 X-8.61 Y-40.11 E18.16204
G1 X-10.843 Y-37.877 E18.33424
G1 X-11.114 Y-38.254 E18.35956
G1 X-9.258 Y-40.11 E18.50269
G1 X-9.907 Y-40.11 E18.53808
G1 X-11.437 Y-38.579 E18.65611
G1 X-11.818 Y-38.848 E18.68154
G1 X-10.556 Y-40.11 E18.77886
G1 X-11.204 Y-40.11 E18.8142
G1 X-12.256 Y-39.058 E18.89533
G1 X-12.403 Y-39.112 E18.90387
G1 X-12.765 Y-39.198 E18.92416
G1 X-11.853 Y-40.11 E18.99449
G1 X-12.502 Y-40.11 E19.02988
G1 X-13.609 Y-39.002 E19.11529
G1 E17.11529 F2400
G92 E0
G1 X-13.609 Y-39.002 F7800
G1 X-15.839 Y-36.124
G1 E2 F2400
G1 F3600
G1 X-17.237 Y-34.726 E2.10781
G1 X-18.606 Y-33.764 E2.19905
G1 X-18.727 Y-33.885 E2.20838
G1 X-15.84 Y-36.772 E2.43102
G1 E.43102 F2400
G92 E0
G1 X-15.84 Y-36.772 F7800
G1 X-19.194 Y-34.066
G1 E2 F2400
G1 F3600
G1 X-15.909 Y-37.351 E2.25333
G1 X-15.824 Y-37.568 E2.26604
G1 X-15.679 Y-37.851 E2.28338
G1 X-15.547 Y-38.055 E2.29663
G1 X-15.349 Y-38.304 E2.31398
G1 X-15.179 Y-38.478 E2.32725
G1 X-14.935 Y-38.682 E2.34459
G1 X-14.734 Y-38.819 E2.35785
G1 X-14.453 Y-38.973 E2.37532
G1 X-14.187 Y-39.073 E2.39082
G1 X-13.15 Y-40.11 E2.47079
G1 X-13.799 Y-40.11 E2.50618
G1 X-19.375 Y-34.533 E2.93622
G1 X-19.7 Y-34.858 E2.96128
G1 X-14.447 Y-40.11 E3.36634
G1 X-15.096 Y-40.11 E3.40173
G1 X-20.024 Y-35.182 E3.78176
G1 X-20.348 Y-35.506 E3.80675
G1 X-15.745 Y-40.11 E4.16176
G1 X-16.393 Y-40.11 E4.1971
G1 X-20.066 Y-36.437 E4.48035
G1 X-19.067 Y-37.861 E4.5752
G1 X-19.179 Y-37.973 E4.58384
G1 X-17.042 Y-40.11 E4.74864
G1 X-17.691 Y-40.11 E4.78403
G1 X-19.503 Y-38.297 E4.9238
G1 X-19.828 Y-38.621 E4.94882
G1 X-18.339 Y-40.11 E5.06365
G1 X-18.988 Y-40.11 E5.09904
G1 X-20.295 Y-38.803 E5.19983
G1 E3.19983 F2400
G92 E0
G1 X-20.295 Y-38.803 F7800
G1 X-17.583 Y-7.539
G1 E2 F2400
;TYPE:Internal infill
;WIDTH:0.45
;HEIGHT:0.3
G1 F4800
G1 X-32.72 Y-22.676 E3.0296
G1 X-32.72 Y-19.04 E3.20448
G1 X-21.393 Y-7.713 E3.97493
G1 X-25.028 Y-7.713 E4.14976
G1 X-32.72 Y-15.405 E4.67296
G1 X-32.72 Y-11.769 E4.84784
G1 X-28.664 Y-7.713 E5.12372
G1 X-32.3 Y-7.713 E5.2986
G1 X-32.893 Y-8.307 E5.33897
;LAYER_CHANGE
;Z:5.15
;HEIGHT:0.3
G1 Z5.15 F7800
G1 E3.33897 F2400
G92 E0
G1 X-32.893 Y-8.307 F7800
G1 X-11.563 Y-17.942
G1 E2 F2400
;TYPE:Perimeter
;WIDTH:0.45
G1 F900
G1 X-11.823 Y-17.717 E2.01654
G1 X-12.256 Y-17.474 E2.04042
G1 X-12.729 Y-17.323 E2.0643
G1 X-13.222 Y-17.268 E2.08816
G1 X-13.717 Y-17.311 E2.11206
G1 X-14.193 Y-17.452 E2.13594
G1 X-14.632 Y-17.685 E2.15984
G1 X-15.016 Y-18 E2.18373
G1 X-15.33 Y-18.384 E2.20759
G1 X-15.561 Y-18.824 E2.23149
G1 X-15.701 Y-19.3 E2.25535
G1 X-15.739 Y-19.603 E2.27004
G1 X-15.71 Y-20.187 E2.29816
G1 X-15.498 Y-20.816 E2.33008
G1 X-15.36 Y-21.09 E2.34484
G1 X-15.055 Y-21.481 E2.36869
G1 X-14.678 Y-21.805 E2.3926
G1 X-14.245 Y-22.047 E2.41646
G1 X-13.772 Y-22.199 E2.44036
G1 X-13.279 Y-22.254 E2.46422
G1 X-12.784 Y-22.21 E2.48812
G1 X-12.308 Y-22.069 E2.512
G1 X-11.869 Y-21.837 E2.53588
G1 X-11.485 Y-21.522 E2.55977
G1 X-11.171 Y-21.137 E2.58366
G1 X-10.94 Y-20.698 E2.60752
G1 X-10.794 Y-20.15 E2.6348
G1 X-10.767 Y-19.619 E2.66037
G1 X-10.858 Y-19.058 E2.6877
G1 X-11.045 Y-18.598 E2.71158
G1 X-11.416 Y-18.069 E2.74266
G1 X-11.517 Y-17.981 E2.7491
G1 X-11.517 Y-17.981 F7800
G1 X-11.823 Y-18.222
G1 F900
G1 X-12.024 Y-18.046 E2.76195
G1 X-12.388 Y-17.837 E2.78214
G1 X-12.786 Y-17.704 E2.80232
G1 X-13.203 Y-17.653 E2.82253
G1 X-13.622 Y-17.685 E2.84274
G1 X-14.026 Y-17.8 E2.86294
G1 X-14.399 Y-17.992 E2.88312
G1 X-14.727 Y-18.255 E2.90334
G1 X-14.996 Y-18.577 E2.92352
G1 X-15.196 Y-18.946 E2.94371
G1 X-15.318 Y-19.348 E2.96392
G1 X-15.356 Y-19.651 E2.97861
G1 X-15.319 Y-20.174 E3.00383
G1 X-15.136 Y-20.684 E3.02989
G1 X-14.869 Y-21.112 E3.05415
G1 X-14.505 Y-21.458 E3.0783
G1 X-14.113 Y-21.685 E3.10009
G1 X-13.715 Y-21.818 E3.12027
G1 X-13.298 Y-21.869 E3.14048
G1 X-12.879 Y-21.837 E3.16069
G1 X-12.475 Y-21.722 E3.18089
G1 X-12.102 Y-21.529 E3.20109
G1 X-11.775 Y-21.267 E3.22124
G1 X-11.505 Y-20.945 E3.24145
G1 X-11.305 Y-20.575 E3.26168
G1 X-11.179 Y-20.131 E3.28388
G1 X-11.152 Y-19.599 E3.3095
G1 X-11.234 Y-19.144 E3.33174
G1 X-11.454 Y-18.657 E3.35744
G1 X-11.708 Y-18.323 E3.37762
G1 X-11.778 Y-18.262 E3.38209
G1 X-11.778 Y-18.262 F7800
G1 X-12.083 Y-18.503
;TYPE:External perimeter
G1 F900
G1 X-12.225 Y-18.375 E3.39128
G1 X-12.52 Y-18.199 E3.4078
G1 X-12.844 Y-18.085 E3.42432
G1 X-13.184 Y-18.038 E3.44083
G1 X-13.527 Y-18.059 E3.45736
G1 X-13.858 Y-18.147 E3.47383
G1 X-14.166 Y-18.3 E3.49037
G1 X-14.437 Y-18.51 E3.50686
G1 X-14.662 Y-18.77 E3.5234
G1 X-14.83 Y-19.069 E3.5399
G1 X-14.936 Y-19.396 E3.55643
G1 X-14.974 Y-19.699 E3.57112
G1 X-14.941 Y-20.092 E3.59009
G1 X-14.759 Y-20.593 E3.61573
G1 X-14.531 Y-20.916 E3.63475
G1 X-14.276 Y-21.147 E3.6513
G1 X-13.981 Y-21.323 E3.66782
G1 X-13.657 Y-21.436 E3.68432
G1 X-13.317 Y-21.484 E3.70083
G1 X-12.975 Y-21.463 E3.71731
G1 X-12.643 Y-21.375 E3.73383
G1 X-12.335 Y-21.222 E3.75037
G1 X-12.064 Y-21.012 E3.76686
G1 X-11.839 Y-20.752 E3.7834
G1 X-11.671 Y-20.453 E3.7999
G1 X-11.564 Y-20.112 E3.81709
G1 X-11.538 Y-19.58 E3.84271
G1 X-11.622 Y-19.194 E3.86171
G1 X-11.767 Y-18.882 E3.87826
G1 X-11.97 Y-18.606 E3.89474
G1 X-12.039 Y-18.543 E3.89923
G1 X-12.358 Y-18.303 F7800
G1 E1.89923 F2400
G92 E0
G1 X-11.098 Y-10.185 F7800
G1 E2 F2400
;TYPE:Perimeter
G1 F900
G1 X-11.319 Y-9.851 E2.01926
G1 X-11.67 Y-9.499 E2.04317
G1 X-12.083 Y-9.224 E2.06703
G1 X-12.706 Y-8.993 E2.09899
G1 X-13.222 Y-8.934 E2.12397
G1 X-13.717 Y-8.978 E2.14787
G1 X-14.193 Y-9.119 E2.17175
G1 X-14.632 Y-9.352 E2.19565
G1 X-15.016 Y-9.666 E2.21951
G1 X-15.33 Y-10.051 E2.2434
G1 X-15.561 Y-10.49 E2.26726
G1 X-15.701 Y-10.967 E2.29117
G1 X-15.744 Y-11.461 E2.31502
G1 X-15.666 Y-12.023 E2.34231
G1 X-15.484 Y-12.523 E2.3679
G1 X-15.182 Y-13.004 E2.39522
G1 X-14.787 Y-13.394 E2.42192
G1 X-14.289 Y-13.697 E2.44996
G1 X-13.814 Y-13.859 E2.4741
G1 X-13.279 Y-13.921 E2.5
G1 X-12.784 Y-13.877 E2.5239
G1 X-12.308 Y-13.736 E2.54778
G1 X-11.869 Y-13.504 E2.57166
G1 X-11.5 Y-13.205 E2.5945
G1 X-11.171 Y-12.804 E2.61945
G1 X-10.94 Y-12.365 E2.64331
G1 X-10.794 Y-11.817 E2.67059
G1 X-10.767 Y-11.285 E2.69621
G1 X-10.858 Y-10.725 E2.7235
G1 X-11.045 Y-10.265 E2.74738
G1 X-11.065 Y-10.235 E2.74911
G1 X-11.065 Y-10.235 F7800
G1 X-11.43 Y-10.377
G1 F900
G1 X-11.454 Y-10.324 E2.75191
G1 X-11.708 Y-9.99 E2.77209
G1 X-12.024 Y-9.712 E2.79233
G1 X-12.388 Y-9.503 E2.81252
G1 X-12.786 Y-9.371 E2.83269
G1 X-13.203 Y-9.319 E2.8529
G1 X-13.622 Y-9.352 E2.87311
G1 X-14.026 Y-9.466 E2.8933
G1 X-14.399 Y-9.659 E2.9135
G1 X-14.727 Y-9.922 E2.93372
G1 X-14.996 Y-10.244 E2.9539
G1 X-15.196 Y-10.613 E2.97409
G1 X-15.318 Y-11.015 E2.9943
G1 X-15.359 Y-11.433 E3.0145
G1 X-15.303 Y-11.891 E3.03669
G1 X-15.121 Y-12.391 E3.06228
G1 X-14.844 Y-12.811 E3.08648
G1 X-14.477 Y-13.143 E3.11028
G1 X-14.113 Y-13.352 E3.13047
G1 X-13.715 Y-13.484 E3.15064
G1 X-13.298 Y-13.536 E3.17085
G1 X-12.879 Y-13.503 E3.19106
G1 X-12.475 Y-13.389 E3.21125
G1 X-12.102 Y-13.196 E3.23145
G1 X-11.783 Y-12.943 E3.25103
G1 X-11.505 Y-12.611 E3.27186
G1 X-11.305 Y-12.242 E3.29205
G1 X-11.179 Y-11.798 E3.31425
G1 X-11.152 Y-11.266 E3.33987
G1 X-11.234 Y-10.811 E3.36211
G1 X-11.405 Y-10.431 E3.38215
G1 X-11.405 Y-10.431 F7800
G1 X-11.759 Y-10.566
;TYPE:External perimeter
G1 F900
G1 X-11.767 Y-10.549 E3.38305
G1 X-11.97 Y-10.272 E3.39957
G1 X-12.225 Y-10.042 E3.41609
G1 X-12.52 Y-9.866 E3.43261
G1 X-12.844 Y-9.752 E3.44913
G1 X-13.184 Y-9.705 E3.46564
G1 X-13.527 Y-9.725 E3.48217
G1 X-13.858 Y-9.814 E3.49866
G1 X-14.166 Y-9.966 E3.51518
G1 X-14.437 Y-10.177 E3.5317
G1 X-14.662 Y-10.437 E3.54824
G1 X-14.83 Y-10.736 E3.56474
G1 X-14.936 Y-11.063 E3.58127
G1 X-14.975 Y-11.404 E3.59778
G1 X-14.941 Y-11.759 E3.61493
G1 X-14.759 Y-12.26 E3.64057
G1 X-14.531 Y-12.583 E3.65959
G1 X-14.276 Y-12.814 E3.67614
G1 X-13.981 Y-12.989 E3.69264
G1 X-13.657 Y-13.103 E3.70916
G1 X-13.317 Y-13.151 E3.72567
G1 X-12.975 Y-13.13 E3.74215
G1 X-12.643 Y-13.041 E3.75868
G1 X-12.335 Y-12.889 E3.7752
G1 X-12.067 Y-12.682 E3.79149
G1 X-11.839 Y-12.418 E3.80827
G1 X-11.671 Y-12.119 E3.82477
G1 X-11.564 Y-11.779 E3.84191
G1 X-11.538 Y-11.247 E3.86753
G1 X-11.622 Y-10.86 E3.88658
G1 X-11.734 Y-10.621 E3.89927
G1 X-11.965 Y-10.294 F7800
G1 E1.89927 F2400
G92 E0
G1 X-11.56 Y-29.916 F7800
G1 E2 F2400
;TYPE:Perimeter
G1 F900
G1 X-11.485 Y-29.855 E2.00465
G1 X-11.171 Y-29.471 E2.02851
G1 X-10.92 Y-28.963 E2.05576
G1 X-10.788 Y-28.447 E2.08138
G1 X-10.766 Y-27.88 E2.10867
G1 X-10.858 Y-27.392 E2.13255
G1 X-11.045 Y-26.932 E2.15643
G1 X-11.416 Y-26.402 E2.18755
G1 X-11.823 Y-26.05 E2.21343
G1 X-12.256 Y-25.808 E2.23729
G1 X-12.729 Y-25.656 E2.26119
G1 X-13.222 Y-25.601 E2.28505
G1 X-13.717 Y-25.645 E2.30895
G1 X-14.193 Y-25.786 E2.33283
G1 X-14.632 Y-26.018 E2.35671
G1 X-15.016 Y-26.333 E2.3806
G1 X-15.33 Y-26.718 E2.40449
G1 X-15.561 Y-27.157 E2.42835
G1 X-15.701 Y-27.633 E2.45221
G1 X-15.744 Y-28.128 E2.47611
G1 X-15.691 Y-28.608 E2.49934
G1 X-15.484 Y-29.19 E2.52905
G1 X-15.182 Y-29.671 E2.55637
G1 X-14.774 Y-30.072 E2.58388
G1 X-14.245 Y-30.381 E2.61335
G1 X-13.772 Y-30.532 E2.63723
G1 X-13.279 Y-30.587 E2.66109
G1 X-12.692 Y-30.52 E2.68951
G1 X-12.308 Y-30.403 E2.70882
G1 X-11.869 Y-30.17 E2.73272
G1 X-11.606 Y-29.954 E2.74909
G1 X-11.606 Y-29.954 F7800
G1 X-11.82 Y-29.636
G1 F900
G1 X-11.775 Y-29.6 E2.75186
G1 X-11.505 Y-29.278 E2.77207
G1 X-11.293 Y-28.868 E2.79427
G1 X-11.162 Y-28.352 E2.81988
G1 X-11.16 Y-27.804 E2.84624
G1 X-11.271 Y-27.368 E2.86788
G1 X-11.454 Y-26.99 E2.88808
G1 X-11.708 Y-26.656 E2.90826
G1 X-12.024 Y-26.379 E2.92847
G1 X-12.388 Y-26.17 E2.94866
G1 X-12.786 Y-26.037 E2.96884
G1 X-13.203 Y-25.986 E2.98905
G1 X-13.622 Y-26.018 E3.00926
G1 X-14.026 Y-26.133 E3.02946
G1 X-14.399 Y-26.326 E3.04966
G1 X-14.727 Y-26.588 E3.06985
G1 X-14.996 Y-26.91 E3.09003
G1 X-15.196 Y-27.28 E3.11026
G1 X-15.318 Y-27.681 E3.13042
G1 X-15.359 Y-28.099 E3.15062
G1 X-15.319 Y-28.509 E3.17043
G1 X-15.121 Y-29.058 E3.1985
G1 X-14.835 Y-29.489 E3.22338
G1 X-14.477 Y-29.809 E3.24647
G1 X-14.106 Y-30.021 E3.26702
G1 X-13.715 Y-30.151 E3.28684
G1 X-13.298 Y-30.202 E3.30705
G1 X-12.787 Y-30.146 E3.33177
G1 X-12.338 Y-29.989 E3.35465
G1 X-12.102 Y-29.863 E3.36752
G1 X-11.867 Y-29.674 E3.38202
G1 X-11.867 Y-29.674 F7800
G1 X-12.077 Y-29.358
;TYPE:External perimeter
G1 F900
G1 X-11.839 Y-29.085 E3.39944
G1 X-11.667 Y-28.772 E3.41662
G1 X-11.536 Y-28.256 E3.44223
G1 X-11.542 Y-27.861 E3.46123
G1 X-11.622 Y-27.527 E3.47775
G1 X-11.767 Y-27.215 E3.4943
G1 X-11.97 Y-26.939 E3.51078
G1 X-12.225 Y-26.708 E3.52733
G1 X-12.52 Y-26.532 E3.54385
G1 X-12.844 Y-26.419 E3.56035
G1 X-13.184 Y-26.371 E3.57686
G1 X-13.527 Y-26.392 E3.59339
G1 X-13.858 Y-26.481 E3.60988
G1 X-14.166 Y-26.633 E3.6264
G1 X-14.437 Y-26.843 E3.64289
G1 X-14.662 Y-27.103 E3.65943
G1 X-14.83 Y-27.403 E3.67597
G1 X-14.936 Y-27.729 E3.69246
G1 X-14.975 Y-28.07 E3.70897
G1 X-14.946 Y-28.409 E3.72533
G1 X-14.759 Y-28.926 E3.75177
G1 X-14.531 Y-29.249 E3.77079
G1 X-14.276 Y-29.48 E3.78734
G1 X-13.974 Y-29.659 E3.80422
G1 X-13.657 Y-29.77 E3.82037
G1 X-13.317 Y-29.817 E3.83688
G1 X-12.882 Y-29.773 E3.85791
G1 X-12.505 Y-29.642 E3.87711
G1 X-12.127 Y-29.392 E3.89891
G1 X-11.859 Y-29.095 F7800
G1 E1.89891 F2400
G92 E0
G1 X-19.132 Y-35.631 F7800
G1 E2 F2400
;TYPE:Perimeter
G1 F3600
G1 X-19.122 Y-35.62 E2.00072
G1 X-18.779 Y-35.453 E2.01907
G1 X-18.469 Y-35.425 E2.03404
G1 X-17.935 Y-35.544 E2.06035
G1 X-17.651 Y-35.293 E2.07858
G1 X-17.369 Y-35.109 E2.09478
G1 X-17.016 Y-35.03 E2.11218
G1 X-16.704 Y-35.073 E2.12733
G1 X-16.575 Y-35.221 E2.13677
G1 X-15.315 Y-35.037 E2.19801
G1 X-14.985 Y-34.633 E2.2231
G1 X-14.587 Y-34.32 E2.24745
G1 X-14.106 Y-34.088 E2.27313
G1 X-13.772 Y-33.999 E2.28975
G1 X-13.23 Y-33.931 E2.31602
G1 X-12.654 Y-34.021 E2.34406
G1 X-12.308 Y-34.119 E2.36136
G1 X-11.864 Y-34.36 E2.38566
G1 X-11.618 Y-34.551 E2.40064
G1 X-11.175 Y-35.042 E2.43245
G1 X-10.897 Y-35.616 E2.46312
G1 X-10.816 Y-35.917 E2.47811
G1 X-10.77 Y-36.376 E2.5003
G1 X-8.259 Y-36.395 E2.62107
G1 X-5.391 Y-36.384 E2.75901
G1 X-5.391 Y-33.533 E2.89613
G1 X-5.391 Y-7.424 E4.15188
G1 X-33.009 Y-7.424 E5.48021
G1 X-33.009 Y-40.431 E7.06773
G1 X-19.502 Y-40.431 E7.71737
G1 X-19.502 Y-36.386 E7.91192
G1 X-19.465 Y-36.124 E7.92465
G1 X-19.348 Y-35.864 E7.93836
G1 X-19.173 Y-35.675 E7.95075
G1 X-19.173 Y-35.675 F7800
G1 X-18.885 Y-35.935
G1 F3600
G1 X-18.682 Y-35.826 E7.96183
G1 X-18.396 Y-35.825 E7.97559
G1 X-17.832 Y-35.967 E8.00356
G1 X-17.396 Y-35.583 E8.0315
G1 X-17.156 Y-35.441 E8.04491
G1 X-16.866 Y-35.429 E8.05887
G1 X-16.659 Y-35.623 E8.07251
G1 X-15.134 Y-35.4 E8.14664
G1 X-15.059 Y-35.345 E8.15111
G1 X-14.736 Y-34.933 E8.17629
G1 X-14.398 Y-34.659 E8.19722
G1 X-13.948 Y-34.439 E8.22131
G1 X-13.715 Y-34.38 E8.23287
G1 X-13.15 Y-34.326 E8.26017
G1 X-12.527 Y-34.445 E8.29068
G1 X-12.048 Y-34.698 E8.31673
G1 X-11.787 Y-34.936 E8.33372
G1 X-11.436 Y-35.358 E8.36012
G1 X-11.2 Y-35.955 E8.391
G1 X-11.147 Y-36.485 E8.41662
G1 X-11.179 Y-36.759 E8.42989
G1 X-8.259 Y-36.781 E8.57034
G1 X-5.006 Y-36.768 E8.7268
G1 X-5.006 Y-33.533 E8.88239
G1 X-5.006 Y-7.038 E10.15671
G1 X-33.395 Y-7.038 E11.52212
G1 X-33.395 Y-40.817 E13.14677
G1 X-19.116 Y-40.817 E13.83354
G1 X-19.116 Y-36.386 E14.04666
G1 X-19.074 Y-36.17 E14.05724
G1 X-18.933 Y-35.969 E14.06905
G1 X-18.933 Y-35.969 F7800
G1 X-18.657 Y-36.243
;TYPE:External perimeter
G1 F1800
G1 X-18.649 Y-36.229 E14.06983
G1 X-18.491 Y-36.199 E14.07757
G1 X-17.73 Y-36.391 E14.11532
G1 X-17.115 Y-35.849 E14.15475
G1 X-16.963 Y-35.803 E14.16239
G1 X-16.797 Y-35.963 E14.17348
G1 X-16.786 Y-36.031 E14.17679
G1 X-14.823 Y-35.744 E14.27221
G1 X-14.712 Y-35.512 E14.28458
G1 X-14.441 Y-35.181 E14.30516
G1 X-14.166 Y-34.966 E14.32195
G1 X-13.732 Y-34.773 E14.34479
G1 X-13.217 Y-34.705 E14.36977
G1 X-12.635 Y-34.818 E14.39828
G1 X-12.184 Y-35.075 E14.42325
G1 X-11.788 Y-35.517 E14.45179
G1 X-11.584 Y-35.994 E14.47674
G1 X-11.535 Y-36.585 E14.50526
G1 X-11.689 Y-37.141 E14.53301
G1 X-8.26 Y-37.166 E14.69794
G1 X-4.62 Y-37.153 E14.87301
G1 X-4.62 Y-33.533 E15.04712
G1 X-4.62 Y-6.653 E16.33995
G1 X-33.78 Y-6.653 E17.74244
G1 X-33.78 Y-41.203 E19.40417
G1 X-18.73 Y-41.203 E20.12802
G1 X-18.73 Y-36.386 E20.3597
G1 X-18.684 Y-36.297 E20.36452
G1 X-18.286 Y-36.255 F7800
G1 E18.36452 F2400
G92 E0
G1 X-19.617 Y-38.659 F7800
G1 E2 F2400
;TYPE:Internal infill
;WIDTH:0.45
G1 F4800
G1 X-21.101 Y-40.142 E2.10091
G1 X-24.736 Y-40.142 E2.27574
G1 X-14.917 Y-30.322 E2.94365
G1 X-15.344 Y-29.933 E2.97143
G1 X-15.671 Y-29.474 E2.99854
G1 X-16.003 Y-28.52 E3.04712
G1 X-16.004 Y-27.774 E3.083
G1 X-28.372 Y-40.142 E3.92426
G1 X-32.008 Y-40.142 E4.09914
G1 X-14.223 Y-22.357 E5.30886
G1 X-14.51 Y-22.245 E5.32368
G1 X-14.969 Y-21.953 E5.34984
G1 X-15.312 Y-21.634 E5.37237
G1 X-15.625 Y-21.216 E5.39749
G1 X-15.939 Y-20.438 E5.43784
G1 X-32.72 Y-37.219 E6.57926
G1 X-32.72 Y-33.583 E6.75414
G1 X-13.339 Y-14.202 E8.07241
G1 X-14 Y-14.11 E8.10451
G1 X-14.51 Y-13.912 E8.13082
G1 X-14.97 Y-13.619 E8.15705
G1 X-15.363 Y-13.244 E8.18318
G1 X-15.63 Y-12.857 E8.20579
G1 X-32.72 Y-29.947 E9.36823
G1 X-32.72 Y-26.312 E9.54306
G1 X-14.121 Y-7.713 E10.80814
G1 X-10.486 Y-7.713 E10.98297
G1 X-11.819 Y-9.047 E11.07367
G1 X-11.246 Y-9.498 E11.10874
G1 X-10.903 Y-9.934 E11.13542
G1 X-10.577 Y-10.656 E11.17352
G1 X-10.482 Y-11.345 E11.20697
G1 X-6.85 Y-7.713 E11.45401
G1 X-5.68 Y-7.713 E11.51028
G1 X-5.68 Y-10.179 E11.62889
G1 X-12.568 Y-17.067 E12.0974
G1 X-11.991 Y-17.277 E12.12693
G1 X-11.532 Y-17.569 E12.15309
G1 X-11.086 Y-18.012 E12.18332
G1 X-10.647 Y-18.781 E12.22591
G1 X-5.68 Y-13.815 E12.56373
G1 X-5.68 Y-17.45 E12.73856
G1 X-13.56 Y-25.33 E13.27455
G1 X-13.043 Y-25.317 E13.29942
G1 X-12.501 Y-25.412 E13.32589
G1 X-11.991 Y-25.61 E13.3522
G1 X-11.532 Y-25.902 E13.37836
G1 X-11.029 Y-26.435 E13.41361
G1 X-5.68 Y-21.086 E13.77744
G1 X-5.68 Y-24.722 E13.95232
G1 X-15.77 Y-34.811 E14.6386
G1 X-15.478 Y-34.768 E14.6528
G1 X-15.191 Y-34.429 E14.67416
G1 X-14.747 Y-34.078 E14.70138
G1 X-13.999 Y-33.745 E14.74076
G1 X-13.434 Y-33.655 E14.76828
G1 X-12.504 Y-33.754 E14.81326
G1 X-12.186 Y-33.856 E14.82932
G1 X-11.549 Y-34.226 E14.86475
G1 X-5.68 Y-28.357 E15.26395
G1 X-5.68 Y-31.993 E15.43883
G1 X-9.782 Y-36.095 E15.71784
G1 X-6.15 Y-36.098 E15.89253
G1 X-5.507 Y-35.455 E15.93627
G1 E13.93627 F2400
G92 E0
G1 X-5.507 Y-35.455 F7800
G1 X-17.583 Y-7.539
G1 E2 F2400
G1 F4800
G1 X-32.72 Y-22.676 E3.0296
G1 X-32.72 Y-19.04 E3.20448
G1 X-21.393 Y-7.713 E3.97493
G1 X-25.028 Y-7.713 E4.14976
G1 X-32.72 Y-15.405 E4.67296
G1 X-32.72 Y-11.769 E4.84784
G1 X-28.664 Y-7.713 E5.12372
G1 X-32.3 Y-7.713 E5.2986
G1 X-32.893 Y-8.307 E5.33897
;LAYER_CHANGE
;Z:5.45
;HEIGHT:0.3
G1 Z5.45 F7800
G1 E3.33897 F2400
G92 E0
G1 X-32.893 Y-8.307 F7800
G1 X-46.06 Y-30.891
G1 E2 F2400
;TYPE:Overhang perimeter
;WIDTH:0.4
;HEIGHT:0.4
G1 F3600
G1 X-45.638 Y-30.953 E2.02228
G1 X-37.373 Y-30.954 E2.45408
G1 X-37.103 Y-30.929 E2.46825
G1 X-36.473 Y-30.672 E2.5038
G1 X-36.03 Y-30.307 E2.53379
G1 X-35.799 Y-30.011 E2.55341
G1 X-35.57 Y-29.487 E2.58329
G1 X-35.509 Y-28.863 E2.61605
G1 X-35.509 Y-18.84 E3.1397
G1 X-35.559 Y-18.407 E3.16247
G1 X-35.827 Y-17.808 E3.19675
G1 X-36.04 Y-17.528 E3.21513
G1 X-36.487 Y-17.18 E3.24473
G1 X-37.199 Y-16.925 E3.28424
G1 X-37.418 Y-16.9 E3.29576
G1 X-45.592 Y-16.901 E3.72281
G1 X-46.185 Y-16.979 E3.75406
G1 X-46.63 Y-17.165 E3.77926
G1 X-46.958 Y-17.409 E3.80062
G1 X-47.274 Y-17.823 E3.82783
G1 X-47.439 Y-18.213 E3.84995
G1 X-47.531 Y-18.84 E3.88306
G1 X-47.53 Y-29.06 E4.417
G1 X-47.433 Y-29.664 E4.44896
G1 X-47.29 Y-30.01 E4.46852
G1 X-46.992 Y-30.413 E4.49471
G1 X-46.526 Y-30.745 E4.5246
G1 X-46.175 Y-30.874 E4.54414
G1 X-46.12 Y-30.882 E4.54704
G1 X-46.12 Y-30.882 F7800
G1 X-45.955 Y-30.469
G1 F3600
G1 X-45.638 Y-30.537 E4.56398
G1 X-37.373 Y-30.537 E4.99578
G1 X-36.819 Y-30.405 E5.02553
G1 X-36.56 Y-30.255 E5.04117
G1 X-36.168 Y-29.882 E5.06944
G1 X-35.948 Y-29.407 E5.09679
G1 X-35.895 Y-28.863 E5.12535
G1 X-35.895 Y-18.84 E5.649
G1 X-35.978 Y-18.365 E5.67419
G1 X-36.241 Y-17.875 E5.70324
G1 X-36.659 Y-17.53 E5.73156
G1 X-36.888 Y-17.422 E5.74479
G1 X-37.418 Y-17.317 E5.77302
G1 X-45.593 Y-17.317 E6.20012
G1 X-46.029 Y-17.384 E6.22317
G1 X-46.37 Y-17.534 E6.24263
G1 X-46.692 Y-17.797 E6.26435
G1 X-46.996 Y-18.256 E6.29311
G1 X-47.116 Y-18.84 E6.32426
G1 X-47.115 Y-29.06 E6.8582
G1 X-47.008 Y-29.558 E6.88481
G1 X-46.92 Y-29.75 E6.89584
G1 X-46.609 Y-30.144 E6.92206
G1 X-46.178 Y-30.421 E6.94883
G1 X-46.014 Y-30.456 E6.95759
G1 X-46.014 Y-30.456 F7800
G1 X-45.864 Y-30.104
G1 F3600
G1 X-45.638 Y-30.151 E6.96965
G1 X-37.373 Y-30.151 E7.40145
G1 X-36.873 Y-30.013 E7.42855
G1 X-36.496 Y-29.679 E7.45486
G1 X-36.323 Y-29.315 E7.47592
G1 X-36.28 Y-28.863 E7.49964
G1 X-36.28 Y-18.84 E8.02329
G1 X-36.329 Y-18.526 E8.03989
G1 X-36.569 Y-18.089 E8.06594
G1 X-36.972 Y-17.798 E8.09191
G1 X-37.418 Y-17.703 E8.11573
G1 X-45.592 Y-17.703 E8.54278
G1 X-45.89 Y-17.744 E8.5585
G1 X-46.148 Y-17.849 E8.57305
G1 X-46.382 Y-18.027 E8.58841
G1 X-46.635 Y-18.395 E8.61174
G1 X-46.73 Y-18.84 E8.63551
G1 X-46.729 Y-29.06 E9.16945
G1 X-46.605 Y-29.528 E9.19474
G1 X-46.367 Y-29.843 E9.21537
G1 X-45.996 Y-30.076 E9.23826
G1 X-45.922 Y-30.091 E9.2422
G1 X-45.526 Y-30.144 F7800
G1 E7.2422 F2400
G92 E0
G1 X-19.502 Y-40.431 F7800
G1 E2 F2400
;TYPE:Perimeter
;WIDTH:0.45
;HEIGHT:0.3
G1 F3600
G1 X-19.502 Y-33.593 E2.32888
G1 X-19.502 Y-7.424 E3.58752
G1 X-33.009 Y-7.424 E4.23716
G1 X-33.009 Y-12.429 E4.47788
G1 X-33.156 Y-13.489 E4.52935
G1 X-33.437 Y-14.22 E4.56702
G1 X-33.856 Y-14.881 E4.60466
G1 X-34.205 Y-15.245 E4.62891
;TYPE:Overhang perimeter
;WIDTH:0.4
;HEIGHT:0.4
G1 X-34.414 Y-15.462 E4.64465
G1 X-35.185 Y-15.983 E4.69327
G1 X-35.727 Y-16.212 E4.72401
G1 X-36.296 Y-16.358 E4.7547
G1 X-36.856 Y-16.424 E4.78416
G1 X-37.418 Y-16.452 E4.81356
G1 X-45.592 Y-16.454 E5.24061
G1 X-46.301 Y-16.516 E5.27779
G1 X-46.793 Y-16.665 E5.30465
G1 X-47.11 Y-16.863 E5.32418
G1 X-47.462 Y-17.175 E5.34875
G1 X-47.702 Y-17.529 E5.37109
G1 X-47.882 Y-17.963 E5.39564
G1 X-47.955 Y-18.33 E5.41519
G1 X-47.976 Y-18.84 E5.44186
G1 X-47.976 Y-29.06 E5.9758
G1 X-47.914 Y-29.76 E6.01251
G1 X-47.766 Y-30.216 E6.03756
G1 X-47.544 Y-30.57 E6.05939
G1 X-47.199 Y-30.938 E6.08574
G1 X-46.746 Y-31.215 E6.11348
G1 X-46.257 Y-31.346 E6.13993
G1 X-45.638 Y-31.401 E6.1724
G1 X-37.041 Y-31.392 E6.62155
G1 X-36.111 Y-31.538 E6.67073
G1 X-35.406 Y-31.771 E6.70952
G1 X-35.029 Y-31.976 E6.73194
G1 X-34.384 Y-32.419 E6.77282
G1 X-34.205 Y-32.615 E6.78669
;TYPE:Perimeter
;WIDTH:0.45
;HEIGHT:0.3
G1 X-33.743 Y-33.125 E6.81979
G1 X-33.357 Y-33.806 E6.85744
G1 X-33.107 Y-34.573 E6.89624
G1 X-33.009 Y-35.426 E6.93754
G1 X-33.009 Y-40.431 E7.17826
G1 X-19.562 Y-40.431 E7.82501
G1 X-19.562 Y-40.431 F7800
G1 X-19.116 Y-40.817
G1 F3600
G1 X-19.116 Y-33.593 E8.17246
G1 X-19.116 Y-7.038 E9.44966
G1 X-33.395 Y-7.038 E10.13643
G1 X-33.399 Y-12.5 E10.39913
G1 X-33.519 Y-13.359 E10.44085
G1 X-33.768 Y-14.021 E10.47487
G1 X-34.141 Y-14.622 E10.50889
G1 X-34.205 Y-14.69 E10.51338
;TYPE:Overhang perimeter
;WIDTH:0.4
;HEIGHT:0.4
G1 X-34.636 Y-15.147 E10.5462
G1 X-35.342 Y-15.631 E10.59092
G1 X-35.83 Y-15.84 E10.61866
G1 X-36.343 Y-15.976 E10.64639
G1 X-36.856 Y-16.035 E10.67337
G1 X-45.969 Y-16.038 E11.14948
G1 X-46.516 Y-16.106 E11.17828
G1 X-47.019 Y-16.268 E11.20589
G1 X-47.457 Y-16.545 E11.23297
G1 X-47.845 Y-16.908 E11.26073
G1 X-48.114 Y-17.334 E11.28705
G1 X-48.299 Y-17.825 E11.31446
G1 X-48.391 Y-18.318 E11.34066
G1 X-48.391 Y-29.36 E11.91755
G1 X-48.348 Y-29.824 E11.9419
G1 X-48.191 Y-30.368 E11.97148
G1 X-47.929 Y-30.814 E11.9985
G1 X-47.559 Y-31.233 E12.0277
G1 X-47.185 Y-31.5 E12.05171
G1 X-46.599 Y-31.739 E12.08477
G1 X-45.969 Y-31.817 E12.11794
G1 X-36.785 Y-31.825 E12.59776
G1 X-36.232 Y-31.904 E12.62694
G1 X-35.527 Y-32.137 E12.66573
G1 X-35.235 Y-32.302 E12.68325
G1 X-34.663 Y-32.685 E12.71921
G1 X-34.205 Y-33.181 E12.75448
;TYPE:Perimeter
;WIDTH:0.45
;HEIGHT:0.3
G1 X-34.074 Y-33.324 E12.76381
G1 X-33.72 Y-33.936 E12.79781
G1 X-33.49 Y-34.62 E12.83252
G1 X-33.395 Y-35.426 E12.87155
G1 X-33.395 Y-40.817 E13.13084
G1 X-19.176 Y-40.817 E13.81472
G1 X-18.73 Y-41.203 F7800
;TYPE:External perimeter
G1 F1800
G1 X-18.73 Y-33.593 E14.18073
G1 X-18.73 Y-6.653 E15.47645
G1 X-33.78 Y-6.653 E16.2003
G1 X-33.78 Y-12.429 E16.47811
G1 X-33.882 Y-13.229 E16.5169
G1 X-34.099 Y-13.823 E16.54732
G1 X-34.205 Y-13.998 E16.55716
;TYPE:Overhang perimeter
;WIDTH:0.4
;HEIGHT:0.4
G1 F3600
G1 X-34.427 Y-14.363 E16.57948
G1 X-34.858 Y-14.832 E16.61276
G1 X-35.465 Y-15.259 E16.65153
G1 X-35.906 Y-15.459 E16.67683
G1 X-36.362 Y-15.587 E16.70157
G1 X-36.856 Y-15.649 E16.72758
G1 X-45.992 Y-15.653 E17.20489
G1 X-46.682 Y-15.737 E17.24121
G1 X-47.189 Y-15.919 E17.26935
G1 X-47.767 Y-16.285 E17.30509
G1 X-48.148 Y-16.666 E17.33324
G1 X-48.513 Y-17.242 E17.36887
G1 X-48.694 Y-17.791 E17.39907
G1 X-48.777 Y-18.294 E17.4257
G1 X-48.777 Y-29.481 E18.01016
G1 X-48.712 Y-29.996 E18.03728
G1 X-48.554 Y-30.498 E18.06478
G1 X-48.428 Y-30.746 E18.07931
G1 X-48.062 Y-31.275 E18.11292
G1 X-47.623 Y-31.673 E18.14388
G1 X-47.164 Y-31.942 E18.17168
G1 X-46.684 Y-32.117 E18.19837
G1 X-45.993 Y-32.203 E18.23475
G1 X-36.856 Y-32.206 E18.71211
G1 X-36.353 Y-32.27 E18.7386
G1 X-35.648 Y-32.503 E18.77739
G1 X-34.942 Y-32.951 E18.82107
G1 X-34.405 Y-33.522 E18.86202
G1 X-34.205 Y-33.859 E18.88249
;TYPE:External perimeter
;WIDTH:0.45
;HEIGHT:0.3
G1 F1800
G1 X-34.083 Y-34.066 E18.89405
G1 X-33.873 Y-34.667 E18.92467
G1 X-33.78 Y-35.426 E18.96145
G1 X-33.78 Y-41.203 E19.2393
G1 X-18.79 Y-41.203 E19.96027
G1 X-18.731 Y-40.807 F7800
G1 E17.96027 F2400
G92 E0
G1 X-19.617 Y-38.659 F7800
G1 E2 F2400
;TYPE:Internal infill
;WIDTH:0.45
G1 F4800
G1 X-21.101 Y-40.142 E2.10091
G1 X-24.736 Y-40.142 E2.27574
G1 X-19.791 Y-35.196 E2.61213
G1 X-19.791 Y-31.561 E2.78696
G1 X-28.372 Y-40.142 E3.37063
G1 X-32.008 Y-40.142 E3.54551
G1 X-19.791 Y-27.925 E4.3765
G1 X-19.791 Y-24.289 E4.55138
G1 X-32.72 Y-37.219 E5.43083
G1 X-32.72 Y-35.42 E5.51736
G1 X-32.847 Y-34.39 E5.56727
G1 X-33.026 Y-33.889 E5.59286
G1 X-19.791 Y-20.654 E6.49309
G1 X-19.791 Y-17.018 E6.66797
G1 X-33.813 Y-31.04 E7.62173
G1 X-33.813 Y-27.404 E7.79661
G1 X-19.791 Y-13.383 E8.75034
G1 X-19.791 Y-9.747 E8.92522
G1 X-33.813 Y-23.769 E9.87898
G1 X-33.813 Y-20.133 E10.05386
G1 X-21.393 Y-7.713 E10.89865
G1 X-25.028 Y-7.713 E11.07348
G1 X-33.813 Y-16.497 E11.67099
G1 X-33.813 Y-15.262 E11.73039
G1 X-33.581 Y-15.004 E11.74708
G1 X-33.132 Y-14.261 E11.78883
G1 X-32.847 Y-13.465 E11.82949
G1 X-32.72 Y-12.435 E11.8794
G1 X-32.72 Y-11.769 E11.91143
G1 X-28.664 Y-7.713 E12.18731
G1 X-32.3 Y-7.713 E12.36219
G1 X-32.893 Y-8.307 E12.40256
G1 E10.40256 F2400
G92 E0
G1 X-32.893 Y-8.307 F7800
G1 X-34.198 Y-32.226
G1 E2 F2400
;TYPE:Solid infill
;WIDTH:0.45
G1 F1200
G1 X-34.198 Y-15.661 E2.79672
G1 X-34.899 Y-16.154 E2.83794
G1 X-35.546 Y-16.45 E2.87216
G1 X-36.216 Y-16.631 E2.90554
G1 X-36.791 Y-16.733 E2.93363
G1 X-36.357 Y-16.924 E2.95644
G1 X-35.699 Y-17.477 E2.99778
G1 X-35.376 Y-18.062 E3.02992
G1 X-35.283 Y-18.325 E3.04334
G1 X-35.22 Y-18.846 E3.06858
G1 X-35.232 Y-29.177 E3.56547
G1 X-35.321 Y-29.664 E3.58928
G1 X-35.536 Y-30.132 E3.61405
G1 X-35.848 Y-30.532 E3.63845
G1 X-36.302 Y-30.903 E3.66665
G1 X-36.754 Y-31.131 E3.691
G1 X-36.046 Y-31.256 E3.72558
G1 X-35.282 Y-31.512 E3.76433
G1 X-34.421 Y-32.019 E3.81239
G1 X-34.339 Y-32.095 E3.81777
G1 X-34.584 Y-31.476 E3.84979
G1 X-34.574 Y-29.712 E3.93463
;WIDTH:0.429711
G1 X-34.553 Y-29.177 E3.95903
;WIDTH:0.388691
G1 X-34.55 Y-18.847 E4.37688
;WIDTH:0.384763
G1 X-34.551 Y-18.765 E4.38016
;WIDTH:0.417381
G1 X-34.567 Y-18.333 E4.39919
;WIDTH:0.45
G1 X-34.584 Y-17.9 E4.42003
G1 X-34.584 Y-16.407 E4.49184
G1 X-35.177 Y-16.713 E4.52393
G1 X-35.752 Y-16.914 E4.55323
G1 X-35.498 Y-17.125 E4.56911
G1 X-35.362 Y-17.29 E4.57939
G1 X-35.038 Y-17.876 E4.6116
G1 X-34.91 Y-18.323 E4.63396
;WIDTH:0.411316
G1 X-34.868 Y-18.847 E4.65671
;WIDTH:0.388691
G1 X-34.877 Y-29.177 E5.07456
;WIDTH:0.394
G1 X-34.883 Y-29.271 E5.07843
;WIDTH:0.439836
G1 X-34.975 Y-29.823 E5.10464
;WIDTH:0.45
G1 X-35.186 Y-30.293 E5.12942
G1 X-35.514 Y-30.738 E5.15601
G1 X-35.748 Y-30.948 E5.17113
G1 X-35.087 Y-31.18 E5.20482
G1 X-34.75 Y-31.378 E5.22362
G1 X-34.947 Y-30.773 E5.25422
;WIDTH:0.512351
G1 X-34.986 Y-30.812 E5.2573
G1 X-35.04 Y-30.798 E5.26042
G1 X-35.055 Y-30.744 E5.26355
G1 X-35.015 Y-30.704 E5.26671
G1 X-34.961 Y-30.719 E5.26984
G1 E3.26984 F2400
G92 E0
G1 X-34.961 Y-30.719 F7800
G1 X-34.945 Y-17.103
G1 E2 F2400
;WIDTH:0.509069
G1 F1200
G1 X-34.985 Y-17.142 E2.0031
G1 X-35.038 Y-17.128 E2.00614
G1 X-35.053 Y-17.074 E2.00925
G1 X-35.013 Y-17.035 E2.01235
G1 X-34.96 Y-17.049 E2.01539
;LAYER_CHANGE
;Z:5.75
;HEIGHT:0.3
G1 Z5.75 F7800
G1 E.01539 F2400
G92 E0
G1 X-34.96 Y-17.049 F7800
G1 X-46.061 Y-30.891
G1 E2 F2400
;TYPE:Perimeter
;WIDTH:0.543662
G1 F3600
G1 X-45.637 Y-30.953 E2.02562
;WIDTH:0.511575
;WIDTH:0.513208
G1 X-37.373 Y-30.954 E2.48824
;WIDTH:0.535962
G1 X-37.103 Y-30.929 E2.50419
G1 X-36.788 Y-30.8 E2.52421
;WIDTH:0.492981
G1 X-36.473 Y-30.672 E2.54239
;WIDTH:0.45
G1 X-36.029 Y-30.306 E2.57007
G1 X-35.808 Y-30.03 E2.58708
G1 X-35.587 Y-29.54 E2.61293
G1 X-35.509 Y-29.014 E2.63851
G1 X-35.509 Y-18.84 E3.12784
G1 X-35.559 Y-18.407 E3.1488
G1 X-35.827 Y-17.807 E3.18041
G1 X-36.04 Y-17.527 E3.19733
G1 X-36.487 Y-17.18 E3.22455
;WIDTH:0.480513
G1 X-36.843 Y-17.053 E3.24417
;WIDTH:0.511026
G1 X-37.199 Y-16.925 E3.26525
;WIDTH:0.512648
G1 X-37.418 Y-16.9 E3.27757
G1 X-45.592 Y-16.901 E3.73458
;WIDTH:0.545796
G1 X-46.185 Y-16.979 E3.77049
;WIDTH:0.579738
G1 X-46.588 Y-17.138 E3.79834
;WIDTH:0.596565
G1 X-47.03 Y-17.494 E3.83601
G1 X-47.284 Y-17.837 E3.86434
;WIDTH:0.583283
G1 X-47.453 Y-18.226 E3.89179
;WIDTH:0.551648
G1 X-47.531 Y-18.841 E3.92947
;WIDTH:0.509706
G1 X-47.53 Y-29.06 E4.49707
;WIDTH:0.54793
G1 X-47.454 Y-29.598 E4.52984
;WIDTH:0.588078
G1 X-47.294 Y-29.995 E4.5578
G1 X-47.008 Y-30.394 E4.58987
;WIDTH:0.585684
G1 X-46.526 Y-30.745 E4.62864
;WIDTH:0.584079
G1 X-46.174 Y-30.874 E4.65294
;WIDTH:0.543662
G1 X-46.12 Y-30.882 E4.6562
G1 X-46.12 Y-30.882 F7800
G1 X-45.957 Y-30.476
;WIDTH:0.45
G1 F3600
G1 X-45.637 Y-30.537 E4.67187
G1 X-37.373 Y-30.537 E5.06934
G1 X-36.818 Y-30.405 E5.09678
G1 X-36.561 Y-30.256 E5.11107
G1 X-36.171 Y-29.888 E5.13686
G1 X-35.958 Y-29.431 E5.16111
G1 X-35.895 Y-28.863 E5.1886
G1 X-35.895 Y-18.84 E5.67067
G1 X-35.978 Y-18.365 E5.69386
G1 X-36.241 Y-17.875 E5.72061
G1 X-36.659 Y-17.53 E5.74668
G1 X-36.888 Y-17.422 E5.75886
G1 X-37.418 Y-17.317 E5.78485
G1 X-45.593 Y-17.317 E6.17804
G1 X-46.029 Y-17.384 E6.19926
G1 X-46.415 Y-17.569 E6.21985
G1 X-46.841 Y-17.969 E6.24796
G1 X-46.885 Y-18.05 E6.25239
G1 X-47.052 Y-18.424 E6.27209
G1 X-47.116 Y-18.841 E6.29238
G1 X-47.115 Y-29.06 E6.78388
G1 X-47.004 Y-29.587 E6.80978
G1 X-46.679 Y-30.081 E6.83822
G1 X-46.264 Y-30.375 E6.86268
G1 X-46.08 Y-30.452 E6.87227
G1 X-46.016 Y-30.464 E6.8754
G1 X-46.016 Y-30.464 F7800
G1 X-45.864 Y-30.104
;TYPE:External perimeter
G1 F1800
G1 X-45.637 Y-30.151 E6.88655
G1 X-37.373 Y-30.151 E7.28402
G1 X-36.873 Y-30.012 E7.30898
G1 X-36.496 Y-29.68 E7.33314
G1 X-36.338 Y-29.365 E7.35009
G1 X-36.28 Y-28.863 E7.3744
G1 X-36.28 Y-18.84 E7.85647
G1 X-36.329 Y-18.526 E7.87176
G1 X-36.57 Y-18.089 E7.89576
G1 X-36.972 Y-17.798 E7.91963
G1 X-37.418 Y-17.703 E7.94156
G1 X-45.592 Y-17.703 E8.3347
G1 X-45.89 Y-17.744 E8.34917
G1 X-46.163 Y-17.861 E8.36346
G1 X-46.522 Y-18.188 E8.38682
G1 X-46.545 Y-18.231 E8.38917
G1 X-46.681 Y-18.54 E8.40541
G1 X-46.73 Y-18.841 E8.42008
G1 X-46.729 Y-29.06 E8.91158
G1 X-46.626 Y-29.483 E8.93252
G1 X-46.367 Y-29.843 E8.95385
G1 X-45.995 Y-30.076 E8.97496
G1 X-45.922 Y-30.091 E8.97854
G1 X-45.526 Y-30.144 F7800
G1 E6.97854 F2400
G92 E0
G1 X-19.502 Y-40.431 F7800
G1 E2 F2400
;TYPE:Perimeter
G1 F3600
G1 X-19.502 Y-33.593 E2.32888
G1 X-19.502 Y-7.424 E3.58752
G1 X-33.009 Y-7.424 E4.23716
G1 X-33.009 Y-12.429 E4.47788
G1 X-33.156 Y-13.489 E4.52935
G1 X-33.437 Y-14.22 E4.56702
G1 X-33.856 Y-14.881 E4.60466
G1 X-34.414 Y-15.462 E4.6434
G1 X-35.185 Y-15.983 E4.68816
G1 X-35.727 Y-16.212 E4.71646
G1 X-36.296 Y-16.358 E4.74471
;WIDTH:0.458535
G1 X-36.856 Y-16.424 E4.77243
;WIDTH:0.485591
G1 X-37.137 Y-16.438 E4.78721
;WIDTH:0.512648
G1 X-37.418 Y-16.452 E4.80294
G1 X-45.592 Y-16.454 E5.25995
;WIDTH:0.5156
G1 X-45.742 Y-16.456 E5.26839
;WIDTH:0.545796
G1 X-46.301 Y-16.516 E5.30215
;WIDTH:0.579836
G1 X-46.793 Y-16.665 E5.3352
;WIDTH:0.586784
G1 X-47.022 Y-16.807 E5.35276
;WIDTH:0.596565
G1 X-47.392 Y-17.104 E5.38425
G1 X-47.657 Y-17.453 E5.41334
;WIDTH:0.579701
G1 X-47.84 Y-17.846 E5.4412
;WIDTH:0.563732
G1 X-47.958 Y-18.33 E5.47223
;WIDTH:0.541694
G1 X-47.976 Y-18.841 E5.50267
;WIDTH:0.509706
G1 X-47.976 Y-29.06 E6.07027
;WIDTH:0.54793
G1 X-47.929 Y-29.687 E6.10819
;WIDTH:0.581425
G1 X-47.78 Y-30.179 E6.14134
;WIDTH:0.595228
G1 X-47.535 Y-30.589 E6.17296
;WIDTH:0.595561
G1 X-47.186 Y-30.948 E6.20613
G1 X-46.746 Y-31.215 E6.24023
;WIDTH:0.582539
G1 X-46.256 Y-31.346 E6.27301
;WIDTH:0.543662
G1 X-45.637 Y-31.401 E6.31016
;WIDTH:0.513208
G1 X-37.373 Y-31.403 E6.77278
;WIDTH:0.535962
G1 X-37.04 Y-31.392 E6.79238
G1 X-36.852 Y-31.422 E6.80358
;WIDTH:0.492981
G1 X-36.664 Y-31.451 E6.81375
;WIDTH:0.45
G1 X-36.111 Y-31.538 E6.84067
G1 X-35.406 Y-31.771 E6.87638
G1 X-35.115 Y-31.922 E6.89215
G1 X-34.384 Y-32.419 E6.93466
G1 X-33.743 Y-33.125 E6.98052
G1 X-33.357 Y-33.806 E7.01817
G1 X-33.107 Y-34.573 E7.05697
G1 X-33.009 Y-35.426 E7.09827
G1 X-33.009 Y-40.431 E7.33899
G1 X-19.562 Y-40.431 E7.98574
G1 X-19.562 Y-40.431 F7800
G1 X-19.116 Y-40.817
G1 F3600
G1 X-19.116 Y-33.593 E8.33319
G1 X-19.116 Y-7.038 E9.61039
G1 X-33.395 Y-7.038 E10.29716
G1 X-33.395 Y-12.429 E10.55645
G1 X-33.519 Y-13.359 E10.60158
G1 X-33.768 Y-14.021 E10.6356
G1 X-34.141 Y-14.622 E10.66962
G1 X-34.636 Y-15.147 E10.70432
G1 X-35.342 Y-15.631 E10.74549
G1 X-35.83 Y-15.84 E10.77102
G1 X-36.343 Y-15.976 E10.79655
G1 X-36.856 Y-16.035 E10.82139
G1 X-45.969 Y-16.038 E11.25969
G1 X-46.516 Y-16.106 E11.2862
G1 X-47.019 Y-16.268 E11.31162
G1 X-47.456 Y-16.545 E11.3365
G1 X-47.845 Y-16.908 E11.36209
G1 X-48.161 Y-17.408 E11.39054
G1 X-48.328 Y-17.912 E11.41608
G1 X-48.391 Y-18.318 E11.43584
G1 X-48.391 Y-29.331 E11.96553
G1 X-48.33 Y-29.94 E11.99497
G1 X-48.187 Y-30.381 E12.01727
G1 X-47.926 Y-30.843 E12.04279
G1 X-47.558 Y-31.23 E12.06848
G1 X-47.185 Y-31.5 E12.09063
G1 X-46.599 Y-31.739 E12.12107
G1 X-45.969 Y-31.817 E12.1516
G1 X-36.785 Y-31.825 E12.59332
G1 X-36.232 Y-31.904 E12.62019
G1 X-35.527 Y-32.137 E12.6559
G1 X-35.321 Y-32.247 E12.66713
G1 X-34.663 Y-32.685 E12.70515
G1 X-34.074 Y-33.324 E12.74695
G1 X-33.72 Y-33.936 E12.78095
G1 X-33.49 Y-34.62 E12.81566
G1 X-33.395 Y-35.426 E12.85469
G1 X-33.395 Y-40.817 E13.11398
G1 X-19.176 Y-40.817 E13.79786
G1 X-18.73 Y-41.203 F7800
;TYPE:External perimeter
G1 F1800
G1 X-18.73 Y-33.593 E14.16387
G1 X-18.73 Y-6.653 E15.45959
G1 X-33.78 Y-6.653 E16.18344
G1 X-33.78 Y-12.429 E16.46125
G1 X-33.882 Y-13.229 E16.50004
G1 X-34.099 Y-13.823 E16.53046
G1 X-34.427 Y-14.363 E16.56085
G1 X-34.858 Y-14.832 E16.59149
G1 X-35.465 Y-15.259 E16.62718
G1 X-35.906 Y-15.459 E16.65047
G1 X-36.362 Y-15.587 E16.67325
G1 X-36.856 Y-15.649 E16.6972
G1 X-45.992 Y-15.653 E17.13661
G1 X-46.682 Y-15.737 E17.17004
G1 X-47.189 Y-15.919 E17.19595
G1 X-47.767 Y-16.285 E17.22885
G1 X-48.148 Y-16.666 E17.25477
G1 X-48.513 Y-17.242 E17.28757
G1 X-48.694 Y-17.791 E17.31537
G1 X-48.777 Y-18.294 E17.33989
G1 X-48.777 Y-29.481 E17.87795
G1 X-48.712 Y-29.997 E17.90296
G1 X-48.55 Y-30.511 E17.92888
G1 X-48.298 Y-30.972 E17.95415
G1 X-47.993 Y-31.332 E17.97684
G1 X-47.623 Y-31.673 E18.00104
G1 X-47.164 Y-31.942 E18.02663
G1 X-46.684 Y-32.117 E18.0512
G1 X-45.993 Y-32.203 E18.08469
G1 X-37.04 Y-32.206 E18.5153
G1 X-36.39 Y-32.262 E18.54668
G1 X-36.002 Y-32.387 E18.56629
G1 X-35.527 Y-32.573 E18.59082
G1 X-34.942 Y-32.951 E18.62432
G1 X-34.405 Y-33.522 E18.66202
G1 X-34.083 Y-34.066 E18.69242
G1 X-33.873 Y-34.667 E18.72304
G1 X-33.78 Y-35.426 E18.75982
G1 X-33.78 Y-41.203 E19.03767
G1 X-18.79 Y-41.203 E19.75864
G1 X-18.731 Y-40.807 F7800
G1 E17.75864 F2400
G92 E0
G1 X-19.617 Y-38.659 F7800
G1 E2 F2400
;TYPE:Internal infill
;WIDTH:0.45
G1 F4800
G1 X-21.101 Y-40.142 E2.10091
G1 X-24.736 Y-40.142 E2.27574
G1 X-19.791 Y-35.196 E2.61213
G1 X-19.791 Y-31.561 E2.78696
G1 X-28.372 Y-40.142 E3.37063
G1 X-32.008 Y-40.142 E3.54551
G1 X-19.791 Y-27.925 E4.3765
G1 X-19.791 Y-24.289 E4.55138
G1 X-32.72 Y-37.219 E5.43083
G1 X-32.72 Y-35.42 E5.51736
G1 X-32.847 Y-34.39 E5.56727
G1 X-33.026 Y-33.889 E5.59286
G1 X-19.791 Y-20.654 E6.49309
G1 X-19.791 Y-17.018 E6.66797
G1 X-34.648 Y-31.875 E7.67853
G1 X-35.31 Y-31.498 E7.71517
G1 X-36.06 Y-31.251 E7.75315
G1 X-36.775 Y-31.125 E7.78807
G1 X-36.322 Y-30.92 E7.81198
G1 X-35.666 Y-30.342 E7.85403
G1 X-35.32 Y-29.667 E7.89051
G1 X-35.23 Y-28.822 E7.93138
G1 X-19.791 Y-13.383 E8.98152
G1 X-19.791 Y-9.747 E9.1564
G1 X-35.226 Y-25.182 E10.20627
G1 X-35.223 Y-21.543 E10.38129
G1 X-21.393 Y-7.713 E11.32199
G1 X-25.028 Y-7.713 E11.49682
G1 X-35.376 Y-18.061 E12.20068
G1 X-35.718 Y-17.447 E12.23448
G1 X-35.914 Y-17.256 E12.24764
G1 X-36.333 Y-16.934 E12.27306
G1 X-36.79 Y-16.719 E12.29735
G1 X-36.084 Y-16.611 E12.3317
G1 X-35.48 Y-16.43 E12.36203
G1 X-34.884 Y-16.147 E12.39376
G1 X-34.043 Y-15.519 E12.44424
G1 X-33.581 Y-15.004 E12.47752
G1 X-33.132 Y-14.261 E12.51927
G1 X-32.847 Y-13.465 E12.55993
G1 X-32.72 Y-12.435 E12.60984
G1 X-32.72 Y-11.769 E12.64187
G1 X-28.664 Y-7.713 E12.91775
G1 X-32.3 Y-7.713 E13.09263
G1 X-32.893 Y-8.307 E13.133
;LAYER_CHANGE
;Z:6.05
;HEIGHT:0.3
G1 Z6.05 F7800
G1 E11.133 F2400
G92 E0
G1 X-32.893 Y-8.307 F7800
G1 X-46.06 Y-30.891
G1 E2 F2400
;TYPE:Perimeter
;WIDTH:0.543586
G1 F3600
G1 X-45.635 Y-30.954 E2.02568
;WIDTH:0.511549
;WIDTH:0.513207
G1 X-37.373 Y-30.954 E2.48819
;WIDTH:0.535769
G1 X-37.105 Y-30.929 E2.50402
G1 X-36.789 Y-30.801 E2.52407
;WIDTH:0.492884
G1 X-36.473 Y-30.672 E2.54231
;WIDTH:0.45
G1 X-36.03 Y-30.307 E2.56992
G1 X-35.808 Y-30.03 E2.58699
G1 X-35.586 Y-29.538 E2.61295
G1 X-35.509 Y-29.014 E2.63842
G1 X-35.509 Y-18.84 E3.12775
G1 X-35.559 Y-18.407 E3.14871
G1 X-35.827 Y-17.808 E3.18027
G1 X-36.04 Y-17.528 E3.19719
G1 X-36.487 Y-17.18 E3.22444
;WIDTH:0.480512
G1 X-36.843 Y-17.053 E3.24406
;WIDTH:0.511025
G1 X-37.199 Y-16.925 E3.26513
;WIDTH:0.512648
G1 X-37.418 Y-16.9 E3.27745
G1 X-45.592 Y-16.901 E3.73446
;WIDTH:0.545795
G1 X-46.185 Y-16.979 E3.77037
;WIDTH:0.580509
G1 X-46.63 Y-17.165 E3.80142
;WIDTH:0.590222
G1 X-46.958 Y-17.409 E3.82823
G1 X-47.274 Y-17.823 E3.86239
;WIDTH:0.581813
G1 X-47.405 Y-18.092 E3.8817
;WIDTH:0.558838
G1 X-47.514 Y-18.62 E3.91495
;WIDTH:0.524266
G1 X-47.531 Y-18.84 E3.92761
;WIDTH:0.509699
G1 X-47.53 Y-29.06 E4.49525
;WIDTH:0.555313
G1 X-47.433 Y-29.664 E4.53271
;WIDTH:0.584178
G1 X-47.3 Y-29.996 E4.5559
;WIDTH:0.585679
G1 X-47.008 Y-30.394 E4.588
G1 X-46.526 Y-30.745 E4.62677
;WIDTH:0.584079
G1 X-46.173 Y-30.874 E4.65113
;WIDTH:0.543586
G1 X-46.12 Y-30.882 E4.65433
G1 X-46.12 Y-30.882 F7800
G1 X-45.955 Y-30.469
;WIDTH:0.45
G1 F3600
G1 X-45.635 Y-30.537 E4.67006
G1 X-37.373 Y-30.537 E5.06743
G1 X-36.82 Y-30.406 E5.09476
G1 X-36.56 Y-30.255 E5.10922
G1 X-36.171 Y-29.888 E5.13494
G1 X-35.958 Y-29.429 E5.15928
G1 X-35.895 Y-28.875 E5.1861
G1 X-35.895 Y-18.84 E5.66875
G1 X-35.978 Y-18.365 E5.69194
G1 X-36.241 Y-17.875 E5.71869
G1 X-36.659 Y-17.53 E5.74476
G1 X-36.888 Y-17.422 E5.75694
G1 X-37.418 Y-17.317 E5.78293
G1 X-45.593 Y-17.317 E6.17612
G1 X-46.029 Y-17.384 E6.19734
G1 X-46.37 Y-17.534 E6.21526
G1 X-46.691 Y-17.796 E6.23519
G1 X-46.979 Y-18.211 E6.25949
G1 X-47.102 Y-18.713 E6.28435
G1 X-47.116 Y-18.84 E6.2905
G1 X-47.115 Y-29.06 E6.78205
G1 X-47.008 Y-29.558 E6.80655
G1 X-46.926 Y-29.742 E6.81624
G1 X-46.604 Y-30.148 E6.84116
G1 X-46.177 Y-30.421 E6.86554
G1 X-46.014 Y-30.456 E6.87356
G1 X-46.014 Y-30.456 F7800
G1 X-45.864 Y-30.103
;TYPE:External perimeter
G1 F1800
G1 X-45.635 Y-30.151 E6.88481
G1 X-37.373 Y-30.151 E7.28218
G1 X-36.874 Y-30.013 E7.30708
G1 X-36.497 Y-29.68 E7.33127
G1 X-36.338 Y-29.363 E7.34833
G1 X-36.28 Y-28.875 E7.37197
G1 X-36.28 Y-18.84 E7.85462
G1 X-36.329 Y-18.526 E7.86991
G1 X-36.569 Y-18.089 E7.89389
G1 X-36.972 Y-17.798 E7.9178
G1 X-37.418 Y-17.703 E7.93973
G1 X-45.592 Y-17.703 E8.33287
G1 X-45.89 Y-17.744 E8.34734
G1 X-46.148 Y-17.849 E8.36074
G1 X-46.401 Y-18.053 E8.37637
G1 X-46.635 Y-18.395 E8.3963
G1 X-46.73 Y-18.84 E8.41819
G1 X-46.729 Y-29.06 E8.90974
G1 X-46.606 Y-29.525 E8.93287
G1 X-46.367 Y-29.843 E8.952
G1 X-45.995 Y-30.076 E8.97311
G1 X-45.922 Y-30.091 E8.97669
G1 X-45.526 Y-30.144 F7800
G1 E6.97669 F2400
G92 E0
G1 X-19.502 Y-40.431 F7800
G1 E2 F2400
;TYPE:Perimeter
G1 F3600
G1 X-19.502 Y-33.593 E2.32888
G1 X-19.502 Y-7.424 E3.58752
G1 X-33.009 Y-7.424 E4.23716
G1 X-33.009 Y-12.429 E4.47788
G1 X-33.156 Y-13.489 E4.52935
G1 X-33.437 Y-14.22 E4.56702
G1 X-33.856 Y-14.881 E4.60466
G1 X-34.414 Y-15.462 E4.6434
G1 X-35.185 Y-15.983 E4.68816
G1 X-35.727 Y-16.212 E4.71646
G1 X-36.296 Y-16.358 E4.74471
;WIDTH:0.458535
G1 X-36.856 Y-16.424 E4.77243
;WIDTH:0.485591
G1 X-37.137 Y-16.438 E4.78721
;WIDTH:0.512648
G1 X-37.418 Y-16.452 E4.80294
G1 X-45.592 Y-16.454 E5.25995
;WIDTH:0.515601
G1 X-45.742 Y-16.456 E5.26839
;WIDTH:0.545795
G1 X-46.301 Y-16.516 E5.30215
;WIDTH:0.579835
G1 X-46.82 Y-16.675 E5.33705
;WIDTH:0.592133
G1 X-47.258 Y-16.967 E5.3717
;WIDTH:0.597318
G1 X-47.629 Y-17.394 E5.4093
G1 X-47.847 Y-17.837 E5.44212
;WIDTH:0.566204
G1 X-47.955 Y-18.349 E5.47487
;WIDTH:0.544216
G1 X-47.976 Y-18.84 E5.50428
;WIDTH:0.509699
G1 X-47.976 Y-29.06 E6.07192
;WIDTH:0.555313
G1 X-47.914 Y-29.76 E6.11495
;WIDTH:0.584178
G1 X-47.76 Y-30.229 E6.14695
;WIDTH:0.595461
G1 X-47.539 Y-30.585 E6.17471
G1 X-47.186 Y-30.948 E6.20825
G1 X-46.746 Y-31.215 E6.24234
;WIDTH:0.582539
G1 X-46.254 Y-31.346 E6.27524
;WIDTH:0.543586
G1 X-45.635 Y-31.401 E6.31238
;WIDTH:0.513207
G1 X-37.373 Y-31.403 E6.77489
;WIDTH:0.535769
G1 X-37.042 Y-31.392 E6.79436
G1 X-36.855 Y-31.421 E6.80549
;WIDTH:0.492884
G1 X-36.667 Y-31.451 E6.81566
;WIDTH:0.45
G1 X-36.111 Y-31.538 E6.84273
G1 X-35.406 Y-31.771 E6.87844
G1 X-35.111 Y-31.924 E6.89442
G1 X-34.384 Y-32.418 E6.93669
G1 X-33.749 Y-33.118 E6.98215
G1 X-33.357 Y-33.806 E7.02023
G1 X-33.107 Y-34.573 E7.05903
G1 X-33.009 Y-35.426 E7.10033
G1 X-33.009 Y-40.431 E7.34105
G1 X-19.562 Y-40.431 E7.9878
G1 X-19.562 Y-40.431 F7800
G1 X-19.116 Y-40.817
G1 F3600
G1 X-19.116 Y-33.593 E8.33525
G1 X-19.116 Y-7.038 E9.61245
G1 X-33.395 Y-7.038 E10.29922
G1 X-33.395 Y-12.429 E10.55851
G1 X-33.519 Y-13.359 E10.60364
G1 X-33.768 Y-14.021 E10.63766
G1 X-34.141 Y-14.622 E10.67168
G1 X-34.636 Y-15.147 E10.70638
G1 X-35.342 Y-15.631 E10.74755
G1 X-35.83 Y-15.84 E10.77308
G1 X-36.343 Y-15.976 E10.79861
G1 X-36.856 Y-16.035 E10.82345
G1 X-45.969 Y-16.038 E11.26175
G1 X-46.516 Y-16.106 E11.28826
G1 X-47.019 Y-16.268 E11.31368
G1 X-47.457 Y-16.545 E11.33861
G1 X-47.787 Y-16.85 E11.36022
G1 X-48.045 Y-17.188 E11.38067
G1 X-48.288 Y-17.735 E11.40946
G1 X-48.391 Y-18.332 E11.4386
G1 X-48.391 Y-29.36 E11.96901
G1 X-48.348 Y-29.824 E11.99142
G1 X-48.186 Y-30.382 E12.01937
G1 X-47.926 Y-30.843 E12.04483
G1 X-47.558 Y-31.23 E12.07052
G1 X-47.185 Y-31.5 E12.09267
G1 X-46.599 Y-31.739 E12.12311
G1 X-45.969 Y-31.817 E12.15364
G1 X-36.785 Y-31.825 E12.59536
G1 X-36.232 Y-31.904 E12.62223
G1 X-35.527 Y-32.137 E12.65794
G1 X-35.318 Y-32.249 E12.66934
G1 X-34.663 Y-32.684 E12.70716
G1 X-34.079 Y-33.317 E12.74858
G1 X-33.72 Y-33.936 E12.783
G1 X-33.49 Y-34.62 E12.81771
G1 X-33.395 Y-35.426 E12.85674
G1 X-33.395 Y-40.817 E13.11603
G1 X-19.176 Y-40.817 E13.79991
G1 X-18.73 Y-41.203 F7800
;TYPE:External perimeter
G1 F1800
G1 X-18.73 Y-33.593 E14.16592
G1 X-18.73 Y-6.653 E15.46164
G1 X-33.78 Y-6.653 E16.18549
G1 X-33.78 Y-12.429 E16.4633
G1 X-33.882 Y-13.229 E16.50209
G1 X-34.099 Y-13.823 E16.53251
G1 X-34.427 Y-14.363 E16.5629
G1 X-34.858 Y-14.832 E16.59354
G1 X-35.465 Y-15.259 E16.62923
G1 X-35.906 Y-15.459 E16.65252
G1 X-36.362 Y-15.587 E16.6753
G1 X-36.856 Y-15.649 E16.69925
G1 X-45.992 Y-15.653 E17.13866
G1 X-46.682 Y-15.737 E17.17209
G1 X-47.189 Y-15.919 E17.198
G1 X-47.664 Y-16.22 E17.22505
G1 X-48.059 Y-16.577 E17.25066
G1 X-48.382 Y-16.997 E17.27614
G1 X-48.659 Y-17.622 E17.30902
G1 X-48.777 Y-18.299 E17.34207
G1 X-48.777 Y-29.481 E17.87989
G1 X-48.712 Y-29.997 E17.9049
G1 X-48.549 Y-30.512 E17.93088
G1 X-48.298 Y-30.972 E17.95608
G1 X-47.993 Y-31.332 E17.97877
G1 X-47.623 Y-31.673 E18.00297
G1 X-47.164 Y-31.942 E18.02856
G1 X-46.684 Y-32.117 E18.05313
G1 X-45.993 Y-32.203 E18.08662
G1 X-37.042 Y-32.206 E18.51713
G1 X-36.39 Y-32.262 E18.5486
G1 X-36.004 Y-32.386 E18.5681
G1 X-35.524 Y-32.575 E18.59291
G1 X-34.942 Y-32.95 E18.62621
G1 X-34.41 Y-33.516 E18.66357
G1 X-34.083 Y-34.066 E18.69435
G1 X-33.873 Y-34.667 E18.72497
G1 X-33.78 Y-35.426 E18.76175
G1 X-33.78 Y-41.203 E19.0396
G1 X-18.79 Y-41.203 E19.76057
G1 X-18.731 Y-40.807 F7800
G1 E17.76057 F2400
G92 E0
G1 X-19.617 Y-38.659 F7800
G1 E2 F2400
;TYPE:Internal infill
;WIDTH:0.45
G1 F4800
G1 X-21.101 Y-40.142 E2.10091
G1 X-24.736 Y-40.142 E2.27574
G1 X-19.791 Y-35.196 E2.61213
G1 X-19.791 Y-31.561 E2.78696
G1 X-28.372 Y-40.142 E3.37063
G1 X-32.008 Y-40.142 E3.54551
G1 X-19.791 Y-27.925 E4.3765
G1 X-19.791 Y-24.289 E4.55138
G1 X-32.72 Y-37.219 E5.43083
G1 X-32.72 Y-35.42 E5.51736
G1 X-32.847 Y-34.39 E5.56727
G1 X-33.026 Y-33.889 E5.59286
G1 X-19.791 Y-20.654 E6.49309
G1 X-19.791 Y-17.018 E6.66797
G1 X-34.648 Y-31.875 E7.67853
G1 X-35.31 Y-31.498 E7.71517
G1 X-36.063 Y-31.25 E7.7533
G1 X-36.776 Y-31.126 E7.78811
G1 X-36.322 Y-30.92 E7.81209
G1 X-35.666 Y-30.343 E7.85411
G1 X-35.32 Y-29.666 E7.89068
G1 X-35.23 Y-28.822 E7.9315
G1 X-19.791 Y-13.383 E8.98164
G1 X-19.791 Y-9.747 E9.15652
G1 X-35.226 Y-25.182 E10.20639
G1 X-35.223 Y-21.543 E10.38141
G1 X-21.393 Y-7.713 E11.32211
G1 X-25.028 Y-7.713 E11.49694
G1 X-35.376 Y-18.061 E12.2008
G1 X-35.718 Y-17.447 E12.2346
G1 X-35.913 Y-17.256 E12.24773
G1 X-36.333 Y-16.934 E12.27318
G1 X-36.79 Y-16.719 E12.29747
G1 X-36.084 Y-16.611 E12.33182
G1 X-35.48 Y-16.43 E12.36215
G1 X-34.884 Y-16.147 E12.39388
G1 X-34.043 Y-15.519 E12.44436
G1 X-33.581 Y-15.004 E12.47764
G1 X-33.131 Y-14.261 E12.51942
G1 X-32.847 Y-13.465 E12.56007
G1 X-32.72 Y-12.435 E12.60998
G1 X-32.72 Y-11.769 E12.64201
G1 X-28.664 Y-7.713 E12.91789
G1 X-32.3 Y-7.713 E13.09277
G1 X-32.893 Y-8.307 E13.13314
;LAYER_CHANGE
;Z:6.35
;HEIGHT:0.3
G1 Z6.35 F7800
G1 E11.13314 F2400
G92 E0
G1 X-32.893 Y-8.307 F7800
G1 X-46.06 Y-30.891
G1 E2 F2400
;TYPE:Perimeter
;WIDTH:0.543554
G1 F3600
G1 X-45.634 Y-30.954 E2.02574
;WIDTH:0.511539
;WIDTH:0.513208
G1 X-37.373 Y-30.954 E2.48819
;WIDTH:0.535882
G1 X-37.103 Y-30.929 E2.50414
G1 X-36.788 Y-30.8 E2.52416
;WIDTH:0.492941
G1 X-36.473 Y-30.672 E2.54233
;WIDTH:0.45
G1 X-36.029 Y-30.306 E2.57001
G1 X-35.809 Y-30.031 E2.58695
G1 X-35.587 Y-29.541 E2.61282
G1 X-35.509 Y-29.031 E2.63763
G1 X-35.509 Y-18.84 E3.12778
G1 X-35.579 Y-18.331 E3.15249
G1 X-35.827 Y-17.808 E3.18033
G1 X-36.095 Y-17.481 E3.20066
G1 X-36.487 Y-17.18 E3.22443
;WIDTH:0.480511
G1 X-36.843 Y-17.053 E3.24405
;WIDTH:0.511023
G1 X-37.199 Y-16.925 E3.26512
;WIDTH:0.512648
G1 X-37.418 Y-16.9 E3.27744
G1 X-45.592 Y-16.901 E3.73445
;WIDTH:0.550905
G1 X-46.186 Y-16.977 E3.77079
;WIDTH:0.583136
G1 X-46.63 Y-17.164 E3.80196
;WIDTH:0.595217
G1 X-47.02 Y-17.473 E3.8349
G1 X-47.314 Y-17.886 E3.86846
;WIDTH:0.577572
G1 X-47.436 Y-18.214 E3.89086
;WIDTH:0.550116
G1 X-47.531 Y-18.84 E3.92922
;WIDTH:0.509237
;WIDTH:0.511447
G1 X-47.531 Y-29.06 E4.49909
;WIDTH:0.557534
G1 X-47.434 Y-29.665 E4.53678
;WIDTH:0.584451
G1 X-47.29 Y-30.011 E4.56109
;WIDTH:0.593069
G1 X-46.955 Y-30.45 E4.5975
G1 X-46.524 Y-30.742 E4.63183
;WIDTH:0.576183
G1 X-46.172 Y-30.874 E4.65583
;WIDTH:0.543554
G1 X-46.12 Y-30.882 E4.65897
G1 X-46.12 Y-30.882 F7800
G1 X-45.955 Y-30.47
;WIDTH:0.45
G1 F3600
G1 X-45.634 Y-30.537 E4.67474
G1 X-37.373 Y-30.537 E5.07207
G1 X-36.819 Y-30.405 E5.09946
G1 X-36.561 Y-30.256 E5.11379
G1 X-36.172 Y-29.888 E5.13955
G1 X-35.959 Y-29.432 E5.16376
G1 X-35.895 Y-29.014 E5.1841
G1 X-35.895 Y-18.84 E5.67343
G1 X-35.948 Y-18.444 E5.69265
G1 X-36.171 Y-17.982 E5.71732
G1 X-36.332 Y-17.785 E5.72956
G1 X-36.698 Y-17.502 E5.75181
G1 X-37.007 Y-17.395 E5.76754
G1 X-37.418 Y-17.317 E5.78766
G1 X-45.593 Y-17.317 E6.18085
G1 X-46.074 Y-17.401 E6.20433
G1 X-46.37 Y-17.534 E6.21994
G1 X-46.691 Y-17.796 E6.23987
G1 X-46.991 Y-18.241 E6.26568
G1 X-47.116 Y-18.84 E6.29511
G1 X-47.115 Y-29.06 E6.78666
G1 X-47.008 Y-29.558 E6.81116
G1 X-46.92 Y-29.75 E6.82132
G1 X-46.593 Y-30.155 E6.84636
G1 X-46.164 Y-30.426 E6.87077
G1 X-46.014 Y-30.458 E6.87815
G1 X-46.014 Y-30.458 F7800
G1 X-45.864 Y-30.103
;TYPE:External perimeter
G1 F1800
G1 X-45.634 Y-30.152 E6.88946
G1 X-37.373 Y-30.151 E7.28679
G1 X-36.873 Y-30.013 E7.31174
G1 X-36.496 Y-29.68 E7.33593
G1 X-36.339 Y-29.366 E7.35281
G1 X-36.28 Y-29.014 E7.36998
G1 X-36.28 Y-18.84 E7.85931
G1 X-36.329 Y-18.526 E7.8746
G1 X-36.569 Y-18.089 E7.89858
G1 X-36.972 Y-17.798 E7.92249
G1 X-37.418 Y-17.703 E7.94442
G1 X-45.592 Y-17.703 E8.33756
G1 X-45.935 Y-17.761 E8.35429
G1 X-46.148 Y-17.849 E8.36537
G1 X-46.381 Y-18.025 E8.37941
G1 X-46.635 Y-18.395 E8.401
G1 X-46.73 Y-18.84 E8.42289
G1 X-46.729 Y-29.06 E8.91444
G1 X-46.605 Y-29.528 E8.93773
G1 X-46.367 Y-29.843 E8.95672
G1 X-45.995 Y-30.076 E8.97783
G1 X-45.922 Y-30.091 E8.98141
G1 X-45.526 Y-30.144 F7800
G1 E6.98141 F2400
G92 E0
G1 X-19.502 Y-40.431 F7800
G1 E2 F2400
;TYPE:Perimeter
G1 F3600
G1 X-19.502 Y-33.593 E2.32888
G1 X-19.502 Y-7.424 E3.58752
G1 X-33.009 Y-7.424 E4.23716
G1 X-33.009 Y-12.429 E4.47788
G1 X-33.156 Y-13.489 E4.52935
G1 X-33.437 Y-14.22 E4.56702
G1 X-33.743 Y-14.729 E4.59558
G1 X-33.977 Y-15.01 E4.61317
G1 X-34.564 Y-15.585 E4.65269
G1 X-35.395 Y-16.078 E4.69916
G1 X-36.296 Y-16.358 E4.74454
;WIDTH:0.458535
G1 X-36.856 Y-16.424 E4.77226
;WIDTH:0.485591
G1 X-37.137 Y-16.438 E4.78704
;WIDTH:0.512648
G1 X-37.418 Y-16.452 E4.80277
G1 X-45.592 Y-16.454 E5.25978
;WIDTH:0.515601
G1 X-45.742 Y-16.456 E5.26822
;WIDTH:0.550905
G1 X-46.297 Y-16.508 E5.30205
;WIDTH:0.581722
G1 X-46.816 Y-16.678 E5.33729
;WIDTH:0.591662
G1 X-47.11 Y-16.853 E5.35979
;WIDTH:0.595217
G1 X-47.401 Y-17.105 E5.38528
G1 X-47.695 Y-17.506 E5.4182
;WIDTH:0.58859
G1 X-47.857 Y-17.853 E5.44324
;WIDTH:0.568069
G1 X-47.955 Y-18.349 E5.475
;WIDTH:0.544211
G1 X-47.976 Y-18.84 E5.50441
;WIDTH:0.511447
G1 X-47.978 Y-29.06 E6.07428
;WIDTH:0.557534
G1 X-47.919 Y-29.749 E6.11681
;WIDTH:0.583949
G1 X-47.757 Y-30.23 E6.1497
;WIDTH:0.595971
G1 X-47.565 Y-30.553 E6.17461
G1 X-47.328 Y-30.824 E6.19848
;WIDTH:0.593069
G1 X-46.939 Y-31.107 E6.2302
;WIDTH:0.591336
G1 X-46.505 Y-31.299 E6.26139
;WIDTH:0.560597
G1 X-46.254 Y-31.346 E6.27719
;WIDTH:0.543554
G1 X-45.634 Y-31.401 E6.31439
;WIDTH:0.513208
G1 X-37.373 Y-31.403 E6.77684
;WIDTH:0.535882
G1 X-37.041 Y-31.392 E6.79638
G1 X-36.853 Y-31.421 E6.80757
;WIDTH:0.492941
G1 X-36.666 Y-31.451 E6.81769
;WIDTH:0.45
G1 X-36.111 Y-31.538 E6.84471
G1 X-35.406 Y-31.771 E6.88042
G1 X-35.116 Y-31.921 E6.89612
G1 X-34.4 Y-32.402 E6.93761
G1 X-33.847 Y-32.988 E6.97636
G1 X-33.357 Y-33.806 E7.02222
G1 X-33.107 Y-34.573 E7.06102
G1 X-33.009 Y-35.426 E7.10232
G1 X-33.009 Y-40.431 E7.34304
G1 X-19.562 Y-40.431 E7.98979
G1 X-19.562 Y-40.431 F7800
G1 X-19.116 Y-40.817
G1 F3600
G1 X-19.116 Y-33.593 E8.33724
G1 X-19.116 Y-7.038 E9.61444
G1 X-33.395 Y-7.038 E10.30121
G1 X-33.395 Y-12.429 E10.5605
G1 X-33.519 Y-13.359 E10.60563
G1 X-33.768 Y-14.021 E10.63965
G1 X-34.074 Y-14.531 E10.66826
G1 X-34.257 Y-14.744 E10.68177
G1 X-34.771 Y-15.259 E10.71677
G1 X-35.517 Y-15.713 E10.75877
G1 X-36.343 Y-15.976 E10.80046
G1 X-36.856 Y-16.035 E10.8253
G1 X-45.944 Y-16.038 E11.2624
G1 X-46.464 Y-16.086 E11.28752
G1 X-46.958 Y-16.249 E11.31254
G1 X-47.366 Y-16.474 E11.33495
G1 X-47.768 Y-16.82 E11.36046
G1 X-48.067 Y-17.244 E11.38541
G1 X-48.286 Y-17.728 E11.41096
G1 X-48.391 Y-18.332 E11.44045
G1 X-48.395 Y-29.366 E11.97115
G1 X-48.347 Y-29.886 E11.99627
G1 X-48.187 Y-30.371 E12.02083
G1 X-47.959 Y-30.788 E12.04369
G1 X-47.613 Y-31.19 E12.0692
G1 X-47.13 Y-31.531 E12.09764
G1 X-46.585 Y-31.741 E12.12573
G1 X-45.969 Y-31.817 E12.15558
G1 X-36.785 Y-31.825 E12.5973
G1 X-36.232 Y-31.904 E12.62417
G1 X-35.527 Y-32.137 E12.65988
G1 X-35.322 Y-32.246 E12.67105
G1 X-34.673 Y-32.675 E12.70847
G1 X-34.172 Y-33.195 E12.7432
G1 X-33.72 Y-33.936 E12.78495
G1 X-33.49 Y-34.62 E12.81966
G1 X-33.395 Y-35.426 E12.85869
G1 X-33.395 Y-40.817 E13.11798
G1 X-19.176 Y-40.817 E13.80186
G1 X-18.73 Y-41.203 F7800
;TYPE:External perimeter
G1 F1800
G1 X-18.73 Y-33.593 E14.16787
G1 X-18.73 Y-6.653 E15.46359
G1 X-33.78 Y-6.653 E16.18744
G1 X-33.78 Y-12.429 E16.46525
G1 X-33.882 Y-13.229 E16.50404
G1 X-34.099 Y-13.823 E16.53446
G1 X-34.404 Y-14.333 E16.56304
G1 X-34.978 Y-14.934 E16.60301
G1 X-35.638 Y-15.347 E16.64046
G1 X-36.353 Y-15.584 E16.67669
G1 X-36.856 Y-15.649 E16.70108
G1 X-45.995 Y-15.653 E17.14063
G1 X-46.544 Y-15.707 E17.16716
G1 X-47.194 Y-15.921 E17.20007
G1 X-47.658 Y-16.199 E17.22609
G1 X-48.059 Y-16.563 E17.25214
G1 X-48.453 Y-17.122 E17.28503
G1 X-48.659 Y-17.62 E17.31095
G1 X-48.777 Y-18.299 E17.3441
G1 X-48.78 Y-29.417 E17.87884
G1 X-48.726 Y-29.966 E17.90537
G1 X-48.516 Y-30.607 E17.93781
G1 X-48.233 Y-31.08 E17.96432
G1 X-47.87 Y-31.481 E17.99034
G1 X-47.313 Y-31.874 E18.02313
G1 X-46.679 Y-32.118 E18.0558
G1 X-45.993 Y-32.203 E18.08905
G1 X-37.041 Y-32.206 E18.51961
G1 X-36.39 Y-32.262 E18.55104
G1 X-36.002 Y-32.386 E18.57063
G1 X-35.529 Y-32.572 E18.59508
G1 X-34.945 Y-32.947 E18.62846
G1 X-34.498 Y-33.401 E18.6591
G1 X-34.083 Y-34.066 E18.6968
G1 X-33.873 Y-34.667 E18.72742
G1 X-33.78 Y-35.426 E18.7642
G1 X-33.78 Y-41.203 E19.04205
G1 X-18.79 Y-41.203 E19.76302
G1 X-18.731 Y-40.807 F7800
G1 E17.76302 F2400
G92 E0
G1 X-19.617 Y-38.659 F7800
G1 E2 F2400
;TYPE:Internal infill
;WIDTH:0.45
G1 F4800
G1 X-21.101 Y-40.142 E2.10091
G1 X-24.736 Y-40.142 E2.27574
G1 X-19.791 Y-35.196 E2.61213
G1 X-19.791 Y-31.561 E2.78696
G1 X-28.372 Y-40.142 E3.37063
G1 X-32.008 Y-40.142 E3.54551
G1 X-19.791 Y-27.925 E4.3765
G1 X-19.791 Y-24.289 E4.55138
G1 X-32.725 Y-37.224 E5.43117
G1 X-32.729 Y-35.278 E5.52477
G1 X-32.847 Y-34.389 E5.5679
G1 X-33.027 Y-33.89 E5.59341
G1 X-19.791 Y-20.654 E6.49371
G1 X-19.791 Y-17.018 E6.66859
G1 X-34.648 Y-31.875 E7.67915
G1 X-35.31 Y-31.498 E7.71579
G1 X-36.061 Y-31.251 E7.75381
G1 X-36.775 Y-31.126 E7.78867
G1 X-36.322 Y-30.92 E7.8126
G1 X-35.666 Y-30.342 E7.85465
G1 X-35.321 Y-29.668 E7.89107
G1 X-35.233 Y-29.194 E7.91426
G1 X-35.232 Y-28.824 E7.93206
G1 X-19.791 Y-13.383 E8.98234
G1 X-19.791 Y-9.747 E9.15722
G1 X-35.228 Y-25.184 E10.20723
G1 X-35.223 Y-21.544 E10.3823
G1 X-21.393 Y-7.713 E11.32303
G1 X-25.028 Y-7.713 E11.49786
G1 X-35.377 Y-18.061 E12.20175
G1 X-35.673 Y-17.505 E12.23205
G1 X-35.912 Y-17.257 E12.24862
G1 X-36.333 Y-16.934 E12.27414
G1 X-36.785 Y-16.721 E12.29817
G1 X-36.156 Y-16.628 E12.32875
G1 X-35.032 Y-16.225 E12.38618
G1 X-34.177 Y-15.639 E12.43603
G1 X-33.581 Y-15.005 E12.47788
G1 X-33.132 Y-14.261 E12.51968
G1 X-32.847 Y-13.465 E12.56034
G1 X-32.72 Y-12.435 E12.61025
G1 X-32.72 Y-11.769 E12.64228
G1 X-28.664 Y-7.713 E12.91816
G1 X-32.3 Y-7.713 E13.09304
G1 X-32.893 Y-8.307 E13.13341
;LAYER_CHANGE
;Z:6.65
;HEIGHT:0.3
G1 Z6.65 F7800
G1 E11.13341 F2400
G92 E0
G1 X-32.893 Y-8.307 F7800
G1 X-46.06 Y-30.891
G1 E2 F2400
;TYPE:Perimeter
;WIDTH:0.54352
G1 F3600
G1 X-45.634 Y-30.954 E2.02574
;WIDTH:0.511528
G1 X-45.633 Y-30.954 E2.0258
;WIDTH:0.513208
G1 X-37.373 Y-30.954 E2.4882
;WIDTH:0.524552
G1 X-36.915 Y-30.894 E2.51471
G1 X-36.612 Y-30.724 E2.53465
;WIDTH:0.487276
G1 X-36.31 Y-30.554 E2.55293
;WIDTH:0.45
G1 X-36.01 Y-30.289 E2.57218
G1 X-35.716 Y-29.875 E2.5966
G1 X-35.533 Y-29.227 E2.62899
G1 X-35.509 Y-28.099 E2.68326
G1 X-35.509 Y-18.84 E3.12859
G1 X-35.579 Y-18.331 E3.1533
G1 X-35.777 Y-17.87 E3.17743
G1 X-36.126 Y-17.452 E3.20362
G1 X-36.444 Y-17.21 E3.22284
;WIDTH:0.487429
G1 X-36.679 Y-17.086 E3.23686
;WIDTH:0.524859
G1 X-36.915 Y-16.961 E3.2522
G1 X-37.418 Y-16.9 E3.2813
;WIDTH:0.512648
G1 X-45.592 Y-16.901 E3.73831
;WIDTH:0.550902
G1 X-46.186 Y-16.977 E3.77465
;WIDTH:0.583136
G1 X-46.63 Y-17.164 E3.80582
;WIDTH:0.595215
G1 X-47.02 Y-17.473 E3.83876
G1 X-47.314 Y-17.886 E3.87232
;WIDTH:0.577573
G1 X-47.436 Y-18.214 E3.89472
;WIDTH:0.550117
G1 X-47.485 Y-18.443 E3.90891
;WIDTH:0.544212
G1 X-47.531 Y-18.84 E3.93283
;WIDTH:0.511446
G1 X-47.531 Y-29.06 E4.5027
;WIDTH:0.557537
G1 X-47.434 Y-29.665 E4.54039
;WIDTH:0.584319
G1 X-47.29 Y-30.011 E4.56469
;WIDTH:0.593068
G1 X-46.955 Y-30.45 E4.6011
G1 X-46.524 Y-30.742 E4.63543
;WIDTH:0.576179
G1 X-46.172 Y-30.875 E4.65945
;WIDTH:0.54352
G1 X-46.12 Y-30.882 E4.66259
G1 X-46.12 Y-30.882 F7800
G1 X-45.955 Y-30.47
;WIDTH:0.45
G1 F3600
G1 X-45.633 Y-30.537 E4.67841
G1 X-37.373 Y-30.537 E5.07569
G1 X-36.918 Y-30.451 E5.09796
G1 X-36.442 Y-30.181 E5.12428
G1 X-36.1 Y-29.763 E5.15026
G1 X-36 Y-29.545 E5.1618
G1 X-35.895 Y-29.025 E5.18731
G1 X-35.895 Y-18.84 E5.67717
G1 X-35.962 Y-18.404 E5.69839
G1 X-36.148 Y-18.017 E5.71904
G1 X-36.506 Y-17.621 E5.74472
G1 X-37.012 Y-17.373 E5.77182
G1 X-37.418 Y-17.317 E5.79153
G1 X-45.593 Y-17.317 E6.18472
G1 X-46.074 Y-17.401 E6.2082
G1 X-46.37 Y-17.534 E6.22381
G1 X-46.691 Y-17.796 E6.24374
G1 X-46.991 Y-18.241 E6.26955
G1 X-47.062 Y-18.538 E6.28424
G1 X-47.116 Y-18.84 E6.299
G1 X-47.115 Y-29.06 E6.79055
G1 X-47.008 Y-29.558 E6.81505
G1 X-46.92 Y-29.75 E6.82521
G1 X-46.593 Y-30.155 E6.85025
G1 X-46.164 Y-30.426 E6.87466
G1 X-46.014 Y-30.458 E6.88204
G1 X-46.014 Y-30.458 F7800
G1 X-45.864 Y-30.103
;TYPE:External perimeter
G1 F1800
G1 X-45.633 Y-30.152 E6.8934
G1 X-37.373 Y-30.151 E7.29068
G1 X-37.051 Y-30.087 E7.30647
G1 X-36.63 Y-29.83 E7.33019
G1 X-36.376 Y-29.46 E7.35178
G1 X-36.28 Y-29.015 E7.37368
G1 X-36.28 Y-18.84 E7.86306
G1 X-36.321 Y-18.543 E7.87748
G1 X-36.44 Y-18.269 E7.89185
G1 X-36.79 Y-17.899 E7.91635
G1 X-37.118 Y-17.745 E7.93378
G1 X-37.418 Y-17.703 E7.94835
G1 X-45.592 Y-17.703 E8.34149
G1 X-45.935 Y-17.761 E8.35822
G1 X-46.148 Y-17.849 E8.3693
G1 X-46.381 Y-18.025 E8.38334
G1 X-46.635 Y-18.395 E8.40493
G1 X-46.686 Y-18.623 E8.41617
G1 X-46.73 Y-18.84 E8.42682
G1 X-46.729 Y-29.06 E8.91837
G1 X-46.605 Y-29.528 E8.94166
G1 X-46.367 Y-29.843 E8.96065
G1 X-45.995 Y-30.076 E8.98176
G1 X-45.922 Y-30.091 E8.98534
G1 X-45.526 Y-30.144 F7800
G1 E6.98534 F2400
G92 E0
G1 X-19.502 Y-40.431 F7800
G1 E2 F2400
;TYPE:Perimeter
G1 F3600
G1 X-19.502 Y-33.593 E2.32888
G1 X-19.502 Y-7.424 E3.58752
G1 X-33.009 Y-7.424 E4.23716
G1 X-33.009 Y-12.429 E4.47788
G1 X-33.165 Y-13.512 E4.53051
G1 X-33.53 Y-14.393 E4.57638
G1 X-33.98 Y-15.033 E4.61401
G1 X-34.387 Y-15.44 E4.64169
G1 X-34.76 Y-15.71 E4.66384
G1 X-35.271 Y-16.027 E4.69276
G1 X-35.783 Y-16.208 E4.71888
G1 X-36.296 Y-16.358 E4.74459
;WIDTH:0.487429
G1 X-36.576 Y-16.408 E4.7596
;WIDTH:0.524859
G1 X-36.856 Y-16.458 E4.77594
G1 X-37.418 Y-16.452 E4.80822
;WIDTH:0.512648
G1 X-45.592 Y-16.454 E5.26523
;WIDTH:0.515602
G1 X-45.742 Y-16.456 E5.27367
;WIDTH:0.550902
G1 X-46.297 Y-16.508 E5.3075
;WIDTH:0.581722
G1 X-46.816 Y-16.678 E5.34274
;WIDTH:0.591664
G1 X-47.11 Y-16.853 E5.36524
;WIDTH:0.595215
G1 X-47.401 Y-17.105 E5.39073
G1 X-47.695 Y-17.506 E5.42365
;WIDTH:0.588588
G1 X-47.857 Y-17.853 E5.44869
;WIDTH:0.56807
G1 X-47.955 Y-18.349 E5.48045
;WIDTH:0.544212
G1 X-47.976 Y-18.84 E5.50986
;WIDTH:0.511446
G1 X-47.978 Y-29.06 E6.07973
;WIDTH:0.557537
G1 X-47.919 Y-29.749 E6.12226
;WIDTH:0.583738
G1 X-47.758 Y-30.228 E6.15499
;WIDTH:0.595946
G1 X-47.565 Y-30.553 E6.18005
G1 X-47.328 Y-30.824 E6.20392
;WIDTH:0.593068
G1 X-46.939 Y-31.107 E6.23564
;WIDTH:0.591335
G1 X-46.505 Y-31.299 E6.26683
;WIDTH:0.560593
G1 X-46.253 Y-31.346 E6.2827
;WIDTH:0.54352
G1 X-45.633 Y-31.401 E6.3199
;WIDTH:0.513208
G1 X-37.373 Y-31.403 E6.7823
;WIDTH:0.542178
G1 X-36.932 Y-31.389 E6.80859
G1 X-36.74 Y-31.432 E6.82032
;WIDTH:0.496089
G1 X-36.547 Y-31.474 E6.83096
;WIDTH:0.45
G1 X-35.778 Y-31.626 E6.86866
G1 X-35.193 Y-31.872 E6.89918
G1 X-34.4 Y-32.402 E6.94505
G1 X-33.847 Y-32.989 E6.98384
G1 X-33.357 Y-33.806 E7.02966
G1 X-33.107 Y-34.573 E7.06846
G1 X-33.009 Y-35.426 E7.10976
G1 X-33.009 Y-40.431 E7.35048
G1 X-19.562 Y-40.431 E7.99723
G1 X-19.562 Y-40.431 F7800
G1 X-19.116 Y-40.817
G1 F3600
G1 X-19.116 Y-33.593 E8.34468
G1 X-19.116 Y-7.038 E9.62188
G1 X-33.395 Y-7.038 E10.30865
G1 X-33.395 Y-12.429 E10.56794
G1 X-33.524 Y-13.373 E10.61377
G1 X-33.85 Y-14.178 E10.65554
G1 X-34.252 Y-14.76 E10.68956
G1 X-34.66 Y-15.168 E10.71731
G1 X-34.967 Y-15.384 E10.73536
G1 X-35.514 Y-15.711 E10.76601
G1 X-36.343 Y-15.976 E10.80787
G1 X-36.856 Y-16.035 E10.83271
G1 X-45.944 Y-16.038 E11.26981
G1 X-46.464 Y-16.086 E11.29493
G1 X-46.957 Y-16.249 E11.3199
G1 X-47.366 Y-16.474 E11.34235
G1 X-47.768 Y-16.82 E11.36786
G1 X-48.067 Y-17.244 E11.39281
G1 X-48.286 Y-17.728 E11.41836
G1 X-48.391 Y-18.332 E11.44785
G1 X-48.395 Y-29.366 E11.97855
G1 X-48.347 Y-29.887 E12.00371
G1 X-48.188 Y-30.369 E12.02812
G1 X-47.959 Y-30.788 E12.05109
G1 X-47.613 Y-31.19 E12.0766
G1 X-47.13 Y-31.531 E12.10504
G1 X-46.585 Y-31.741 E12.13313
G1 X-45.969 Y-31.817 E12.16298
G1 X-37.163 Y-31.82 E12.58652
G1 X-36.613 Y-31.854 E12.61302
G1 X-35.917 Y-31.986 E12.64709
G1 X-35.399 Y-32.198 E12.67401
G1 X-34.673 Y-32.675 E12.71579
G1 X-34.172 Y-33.195 E12.75052
G1 X-33.72 Y-33.936 E12.79227
G1 X-33.49 Y-34.62 E12.82698
G1 X-33.395 Y-35.426 E12.86601
G1 X-33.395 Y-40.817 E13.1253
G1 X-19.176 Y-40.817 E13.80918
G1 X-18.73 Y-41.203 F7800
;TYPE:External perimeter
G1 F1800
G1 X-18.73 Y-33.593 E14.17519
G1 X-18.73 Y-6.653 E15.47091
G1 X-33.78 Y-6.653 E16.19476
G1 X-33.78 Y-12.429 E16.47257
G1 X-33.884 Y-13.234 E16.51161
G1 X-34.171 Y-13.964 E16.54934
G1 X-34.523 Y-14.485 E16.57958
G1 X-34.933 Y-14.895 E16.60747
G1 X-35.635 Y-15.345 E16.64758
G1 X-36.353 Y-15.584 E16.68398
G1 X-36.856 Y-15.649 E16.70837
G1 X-45.995 Y-15.653 E17.14792
G1 X-46.544 Y-15.707 E17.17445
G1 X-47.194 Y-15.921 E17.20736
G1 X-47.658 Y-16.199 E17.23338
G1 X-48.059 Y-16.563 E17.25943
G1 X-48.453 Y-17.122 E17.29232
G1 X-48.659 Y-17.62 E17.31824
G1 X-48.777 Y-18.299 E17.35139
G1 X-48.78 Y-29.417 E17.88613
G1 X-48.726 Y-29.967 E17.91271
G1 X-48.517 Y-30.604 E17.94495
G1 X-48.233 Y-31.08 E17.97161
G1 X-47.87 Y-31.481 E17.99763
G1 X-47.313 Y-31.874 E18.03042
G1 X-46.679 Y-32.118 E18.06309
G1 X-45.993 Y-32.203 E18.09634
G1 X-36.824 Y-32.209 E18.53734
G1 X-36.092 Y-32.336 E18.57307
G1 X-35.606 Y-32.523 E18.59812
G1 X-34.945 Y-32.947 E18.63589
G1 X-34.498 Y-33.401 E18.66653
G1 X-34.083 Y-34.066 E18.70423
G1 X-33.873 Y-34.667 E18.73485
G1 X-33.78 Y-35.426 E18.77163
G1 X-33.78 Y-41.203 E19.04948
G1 X-18.79 Y-41.203 E19.77045
G1 X-18.731 Y-40.807 F7800
G1 E17.77045 F2400
G92 E0
G1 X-19.617 Y-38.659 F7800
G1 E2 F2400
;TYPE:Internal infill
;WIDTH:0.45
G1 F4800
G1 X-21.101 Y-40.142 E2.10091
G1 X-24.736 Y-40.142 E2.27574
G1 X-19.791 Y-35.196 E2.61213
G1 X-19.791 Y-31.561 E2.78696
G1 X-28.372 Y-40.142 E3.37063
G1 X-32.008 Y-40.142 E3.54551
G1 X-19.791 Y-27.925 E4.3765
G1 X-19.791 Y-24.289 E4.55138
G1 X-32.725 Y-37.224 E5.43117
G1 X-32.729 Y-35.278 E5.52477
G1 X-32.847 Y-34.389 E5.5679
G1 X-33.027 Y-33.89 E5.59341
G1 X-19.791 Y-20.654 E6.49371
G1 X-19.791 Y-17.018 E6.66859
G1 X-34.648 Y-31.875 E7.67915
G1 X-35.042 Y-31.625 E7.70159
G1 X-35.679 Y-31.355 E7.73487
G1 X-36.701 Y-31.123 E7.78528
G1 X-36.041 Y-30.724 E7.82237
G1 X-35.781 Y-30.467 E7.83995
G1 X-35.46 Y-30.013 E7.86669
G1 X-35.237 Y-29.225 E7.90608
G1 X-35.22 Y-28.812 E7.92596
G1 X-19.791 Y-13.383 E8.97542
G1 X-19.791 Y-9.747 E9.1503
G1 X-35.22 Y-25.176 E10.19976
G1 X-35.22 Y-21.54 E10.37464
G1 X-21.393 Y-7.713 E11.31514
G1 X-25.028 Y-7.713 E11.48997
G1 X-35.376 Y-18.06 E12.19379
G1 X-35.467 Y-17.829 E12.20573
G1 X-35.91 Y-17.259 E12.24045
G1 X-36.099 Y-17.082 E12.2529
G1 X-36.696 Y-16.732 E12.28618
G1 X-36.024 Y-16.593 E12.31919
G1 X-35.029 Y-16.223 E12.37025
G1 X-34.199 Y-15.661 E12.41846
G1 X-33.663 Y-15.109 E12.45547
G1 X-33.219 Y-14.436 E12.49425
G1 X-32.851 Y-13.481 E12.54347
G1 X-32.729 Y-12.577 E12.58734
G1 X-32.727 Y-11.776 E12.62587
G1 X-28.664 Y-7.713 E12.90223
G1 X-32.3 Y-7.713 E13.07711
G1 X-32.895 Y-8.308 E13.11758
;LAYER_CHANGE
;Z:6.95
;HEIGHT:0.3
G1 Z6.95 F7800
G1 E11.11758 F2400
G92 E0
G1 X-32.895 Y-8.308 F7800
G1 X-46.06 Y-30.891
G1 E2 F2400
;TYPE:Perimeter
;WIDTH:0.543487
G1 F3600
G1 X-45.633 Y-30.954 E2.02579
;WIDTH:0.511516
G1 X-45.632 Y-30.954 E2.02585
;WIDTH:0.513207
G1 X-37.373 Y-30.954 E2.48819
;WIDTH:0.534578
G1 X-37.034 Y-30.925 E2.50814
G1 X-36.741 Y-30.781 E2.52729
;WIDTH:0.492289
G1 X-36.448 Y-30.636 E2.54474
;WIDTH:0.45
G1 X-36.261 Y-30.53 E2.55508
G1 X-35.903 Y-30.139 E2.58058
G1 X-35.715 Y-29.875 E2.59617
G1 X-35.533 Y-29.227 E2.62854
G1 X-35.509 Y-28.099 E2.68281
G1 X-35.509 Y-18.84 E3.12814
G1 X-35.58 Y-18.329 E3.15295
G1 X-35.827 Y-17.808 E3.18068
G1 X-36.023 Y-17.543 E3.19653
G1 X-36.402 Y-17.231 E3.22014
;WIDTH:0.496413
G1 X-36.653 Y-17.095 E3.23552
;WIDTH:0.542827
G1 X-36.904 Y-16.96 E3.25253
G1 X-37.419 Y-16.9 E3.28347
;WIDTH:0.512648
G1 X-45.592 Y-16.901 E3.74043
;WIDTH:0.550902
G1 X-46.186 Y-16.977 E3.77677
;WIDTH:0.583544
G1 X-46.631 Y-17.164 E3.80803
;WIDTH:0.595215
G1 X-47.02 Y-17.473 E3.84092
G1 X-47.314 Y-17.886 E3.87448
;WIDTH:0.577572
G1 X-47.436 Y-18.214 E3.89688
;WIDTH:0.550116
G1 X-47.485 Y-18.443 E3.91107
;WIDTH:0.544212
G1 X-47.531 Y-18.84 E3.93499
;WIDTH:0.511447
G1 X-47.531 Y-29.06 E4.50486
;WIDTH:0.557532
G1 X-47.434 Y-29.665 E4.54255
;WIDTH:0.584194
G1 X-47.29 Y-30.011 E4.56685
;WIDTH:0.593069
G1 X-46.955 Y-30.45 E4.60326
G1 X-46.524 Y-30.742 E4.63759
;WIDTH:0.576182
G1 X-46.171 Y-30.875 E4.66167
;WIDTH:0.543487
G1 X-46.12 Y-30.882 E4.66475
G1 X-46.12 Y-30.882 F7800
G1 X-45.955 Y-30.47
;WIDTH:0.45
G1 F3600
G1 X-45.632 Y-30.537 E4.68062
G1 X-37.373 Y-30.537 E5.07785
G1 X-36.966 Y-30.466 E5.09772
G1 X-36.482 Y-30.214 E5.12397
G1 X-36.107 Y-29.773 E5.15181
G1 X-36 Y-29.545 E5.16392
G1 X-35.895 Y-29.025 E5.18943
G1 X-35.895 Y-18.84 E5.67929
G1 X-35.948 Y-18.443 E5.69855
G1 X-36.171 Y-17.982 E5.72318
G1 X-36.457 Y-17.662 E5.74382
G1 X-36.92 Y-17.401 E5.76938
G1 X-37.419 Y-17.317 E5.79372
G1 X-45.593 Y-17.317 E6.18686
G1 X-46.072 Y-17.401 E6.21025
G1 X-46.37 Y-17.534 E6.22595
G1 X-46.691 Y-17.796 E6.24588
G1 X-46.991 Y-18.241 E6.27169
G1 X-47.062 Y-18.538 E6.28638
G1 X-47.116 Y-18.84 E6.30114
G1 X-47.115 Y-29.06 E6.79269
G1 X-47.008 Y-29.558 E6.81719
G1 X-46.92 Y-29.75 E6.82735
G1 X-46.593 Y-30.155 E6.85239
G1 X-46.164 Y-30.426 E6.8768
G1 X-46.014 Y-30.458 E6.88418
G1 X-46.014 Y-30.458 F7800
G1 X-45.864 Y-30.103
;TYPE:External perimeter
G1 F1800
G1 X-45.632 Y-30.152 E6.89558
G1 X-37.373 Y-30.151 E7.29281
G1 X-37.097 Y-30.102 E7.30629
G1 X-36.663 Y-29.86 E7.33019
G1 X-36.376 Y-29.46 E7.35387
G1 X-36.28 Y-29.015 E7.37577
G1 X-36.28 Y-18.84 E7.86515
G1 X-36.329 Y-18.526 E7.88044
G1 X-36.555 Y-18.102 E7.90355
G1 X-36.817 Y-17.884 E7.91994
G1 X-37.067 Y-17.761 E7.93334
G1 X-37.419 Y-17.703 E7.9505
G1 X-45.592 Y-17.703 E8.34359
G1 X-45.933 Y-17.76 E8.36022
G1 X-46.148 Y-17.849 E8.37141
G1 X-46.381 Y-18.025 E8.38545
G1 X-46.635 Y-18.395 E8.40704
G1 X-46.686 Y-18.623 E8.41828
G1 X-46.73 Y-18.84 E8.42893
G1 X-46.729 Y-29.06 E8.92048
G1 X-46.605 Y-29.528 E8.94377
G1 X-46.367 Y-29.843 E8.96276
G1 X-45.995 Y-30.076 E8.98387
G1 X-45.922 Y-30.091 E8.98745
G1 X-45.526 Y-30.144 F7800
G1 E6.98745 F2400
G92 E0
G1 X-19.502 Y-40.431 F7800
G1 E2 F2400
;TYPE:Perimeter
G1 F3600
G1 X-19.502 Y-33.593 E2.32888
G1 X-19.502 Y-7.424 E3.58752
G1 X-33.009 Y-7.424 E4.23716
G1 X-33.009 Y-12.429 E4.47788
G1 X-33.156 Y-13.489 E4.52935
G1 X-33.437 Y-14.22 E4.56702
G1 X-33.743 Y-14.73 E4.59563
G1 X-33.977 Y-15.009 E4.61314
G1 X-34.566 Y-15.586 E4.6528
G1 X-35.193 Y-15.983 E4.68849
G1 X-35.719 Y-16.187 E4.71562
G1 X-36.296 Y-16.358 E4.74456
;WIDTH:0.499872
G1 X-36.591 Y-16.414 E4.76087
;WIDTH:0.549744
G1 X-36.885 Y-16.47 E4.77899
G1 X-37.419 Y-16.452 E4.81134
;WIDTH:0.512648
G1 X-45.592 Y-16.454 E5.2683
;WIDTH:0.515601
G1 X-45.742 Y-16.456 E5.27674
;WIDTH:0.557215
G1 X-46.343 Y-16.516 E5.31387
;WIDTH:0.58241
G1 X-46.828 Y-16.684 E5.34703
;WIDTH:0.591826
G1 X-47.11 Y-16.853 E5.36866
;WIDTH:0.595215
G1 X-47.401 Y-17.105 E5.39415
G1 X-47.695 Y-17.506 E5.42707
;WIDTH:0.588591
G1 X-47.857 Y-17.853 E5.45211
;WIDTH:0.568069
G1 X-47.955 Y-18.349 E5.48387
;WIDTH:0.544212
G1 X-47.976 Y-18.84 E5.51328
;WIDTH:0.511447
G1 X-47.978 Y-29.06 E6.08315
;WIDTH:0.557532
G1 X-47.919 Y-29.749 E6.12568
;WIDTH:0.58354
G1 X-47.759 Y-30.225 E6.1582
;WIDTH:0.59592
G1 X-47.565 Y-30.553 E6.18346
G1 X-47.328 Y-30.824 E6.20733
;WIDTH:0.593069
G1 X-46.939 Y-31.107 E6.23905
;WIDTH:0.591338
G1 X-46.505 Y-31.299 E6.27024
;WIDTH:0.560597
G1 X-46.252 Y-31.346 E6.28617
;WIDTH:0.543487
G1 X-45.632 Y-31.401 E6.32336
;WIDTH:0.513207
G1 X-37.373 Y-31.403 E6.7857
;WIDTH:0.534578
G1 X-36.999 Y-31.393 E6.80764
G1 X-36.814 Y-31.424 E6.81864
;WIDTH:0.492289
G1 X-36.629 Y-31.456 E6.82866
;WIDTH:0.45
G1 X-36.111 Y-31.538 E6.85388
G1 X-35.193 Y-31.872 E6.90086
G1 X-34.4 Y-32.402 E6.94673
G1 X-33.86 Y-32.968 E6.98435
G1 X-33.432 Y-33.651 E7.02312
G1 X-33.107 Y-34.572 E7.07009
G1 X-33.009 Y-35.426 E7.11143
G1 X-33.009 Y-40.431 E7.35215
G1 X-19.562 Y-40.431 E7.9989
G1 X-19.562 Y-40.431 F7800
G1 X-19.116 Y-40.817
G1 F3600
G1 X-19.116 Y-33.593 E8.34635
G1 X-19.116 Y-7.038 E9.62355
G1 X-33.395 Y-7.038 E10.31032
G1 X-33.395 Y-12.429 E10.56961
G1 X-33.519 Y-13.359 E10.61474
G1 X-33.768 Y-14.021 E10.64876
G1 X-34.074 Y-14.532 E10.67741
G1 X-34.256 Y-14.743 E10.69081
G1 X-34.772 Y-15.26 E10.72594
G1 X-35.399 Y-15.657 E10.76163
G1 X-35.84 Y-15.821 E10.78426
G1 X-36.343 Y-15.976 E10.80958
G1 X-36.856 Y-16.035 E10.83442
G1 X-45.944 Y-16.038 E11.27152
G1 X-46.463 Y-16.086 E11.29659
G1 X-46.971 Y-16.256 E11.32235
G1 X-47.366 Y-16.474 E11.34405
G1 X-47.768 Y-16.82 E11.36956
G1 X-48.067 Y-17.244 E11.39451
G1 X-48.286 Y-17.728 E11.42006
G1 X-48.391 Y-18.332 E11.44955
G1 X-48.395 Y-29.366 E11.98025
G1 X-48.347 Y-29.887 E12.00541
G1 X-48.189 Y-30.366 E12.02967
G1 X-47.959 Y-30.788 E12.05279
G1 X-47.613 Y-31.19 E12.0783
G1 X-47.13 Y-31.531 E12.10674
G1 X-46.585 Y-31.741 E12.13483
G1 X-45.969 Y-31.817 E12.16468
G1 X-36.785 Y-31.825 E12.6064
G1 X-36.232 Y-31.904 E12.63327
G1 X-35.399 Y-32.198 E12.67576
G1 X-34.673 Y-32.675 E12.71754
G1 X-34.18 Y-33.183 E12.75159
G1 X-33.791 Y-33.79 E12.78627
G1 X-33.49 Y-34.619 E12.82869
G1 X-33.395 Y-35.426 E12.86777
G1 X-33.395 Y-40.817 E13.12706
G1 X-19.176 Y-40.817 E13.81094
G1 X-18.73 Y-41.203 F7800
;TYPE:External perimeter
G1 F1800
G1 X-18.73 Y-33.593 E14.17695
G1 X-18.73 Y-6.653 E15.47267
G1 X-33.78 Y-6.653 E16.19652
G1 X-33.78 Y-12.429 E16.47433
G1 X-33.882 Y-13.229 E16.51312
G1 X-34.099 Y-13.823 E16.54354
G1 X-34.405 Y-14.333 E16.57215
G1 X-34.979 Y-14.934 E16.61212
G1 X-35.648 Y-15.352 E16.65006
G1 X-36.353 Y-15.585 E16.68577
G1 X-36.856 Y-15.649 E16.71016
G1 X-45.995 Y-15.653 E17.14971
G1 X-46.544 Y-15.707 E17.17624
G1 X-47.208 Y-15.928 E17.2099
G1 X-47.658 Y-16.199 E17.23517
G1 X-48.059 Y-16.563 E17.26122
G1 X-48.453 Y-17.122 E17.29411
G1 X-48.659 Y-17.62 E17.32003
G1 X-48.777 Y-18.299 E17.35318
G1 X-48.78 Y-29.417 E17.88792
G1 X-48.726 Y-29.967 E17.9145
G1 X-48.518 Y-30.602 E17.94664
G1 X-48.233 Y-31.08 E17.97341
G1 X-47.87 Y-31.481 E17.99943
G1 X-47.313 Y-31.874 E18.03222
G1 X-46.679 Y-32.118 E18.06489
G1 X-45.993 Y-32.203 E18.09814
G1 X-36.856 Y-32.206 E18.5376
G1 X-36.353 Y-32.27 E18.56199
G1 X-35.605 Y-32.524 E18.59998
G1 X-34.945 Y-32.947 E18.63768
G1 X-34.501 Y-33.397 E18.66809
G1 X-34.151 Y-33.929 E18.69872
G1 X-33.873 Y-34.667 E18.73665
G1 X-33.78 Y-35.426 E18.77343
G1 X-33.78 Y-41.203 E19.05128
G1 X-18.79 Y-41.203 E19.77225
G1 X-18.731 Y-40.807 F7800
G1 E17.77225 F2400
G92 E0
G1 X-19.617 Y-38.659 F7800
G1 E2 F2400
;TYPE:Internal infill
;WIDTH:0.45
G1 F4800
G1 X-21.101 Y-40.142 E2.10091
G1 X-24.736 Y-40.142 E2.27574
G1 X-19.791 Y-35.196 E2.61213
G1 X-19.791 Y-31.561 E2.78696
G1 X-28.372 Y-40.142 E3.37063
G1 X-32.008 Y-40.142 E3.54551
G1 X-19.791 Y-27.925 E4.3765
G1 X-19.791 Y-24.289 E4.55138
G1 X-32.725 Y-37.224 E5.43117
G1 X-32.729 Y-35.278 E5.52477
G1 X-32.851 Y-34.374 E5.56864
G1 X-33.035 Y-33.898 E5.59318
G1 X-19.791 Y-20.654 E6.49402
G1 X-19.791 Y-17.018 E6.6689
G1 X-34.648 Y-31.875 E7.67946
G1 X-35.31 Y-31.498 E7.7161
G1 X-36.024 Y-31.262 E7.75227
G1 X-36.744 Y-31.127 E7.7875
G1 X-36.092 Y-30.766 E7.82334
G1 X-35.829 Y-30.515 E7.84083
G1 X-35.46 Y-30.013 E7.8708
G1 X-35.237 Y-29.225 E7.91019
G1 X-35.22 Y-28.812 E7.93007
G1 X-19.791 Y-13.383 E8.97953
G1 X-19.791 Y-9.747 E9.15441
G1 X-35.22 Y-25.176 E10.20387
G1 X-35.22 Y-21.54 E10.37875
G1 X-21.393 Y-7.713 E11.31925
G1 X-25.028 Y-7.713 E11.49408
G1 X-35.377 Y-18.061 E12.19797
G1 X-35.821 Y-17.336 E12.23886
G1 X-36.102 Y-17.079 E12.25718
G1 X-36.651 Y-16.734 E12.28837
G1 X-36.027 Y-16.594 E12.31913
G1 X-35.207 Y-16.318 E12.36074
G1 X-34.195 Y-15.657 E12.41888
G1 X-33.582 Y-15.005 E12.46192
G1 X-33.132 Y-14.261 E12.50374
G1 X-32.847 Y-13.465 E12.5444
G1 X-32.72 Y-12.435 E12.59431
G1 X-32.72 Y-11.769 E12.62634
G1 X-28.664 Y-7.713 E12.90222
G1 X-32.3 Y-7.713 E13.0771
G1 X-32.893 Y-8.307 E13.11747
;LAYER_CHANGE
;Z:7.25
;HEIGHT:0.3
G1 Z7.25 F7800
G1 E11.11747 F2400
G92 E0
G1 X-32.893 Y-8.307 F7800
G1 X-46.061 Y-30.893
G1 E2 F2400
;TYPE:Perimeter
;WIDTH:0.547884
G1 F3600
G1 X-45.632 Y-30.954 E2.02613
;WIDTH:0.511506
G1 X-45.631 Y-30.954 E2.02619
;WIDTH:0.513207
G1 X-37.373 Y-30.954 E2.48847
;WIDTH:0.533588
G1 X-37.042 Y-30.926 E2.50791
G1 X-36.745 Y-30.781 E2.52725
;WIDTH:0.491794
G1 X-36.447 Y-30.635 E2.54494
;WIDTH:0.45
G1 X-36.096 Y-30.384 E2.56569
G1 X-35.756 Y-29.944 E2.59243
G1 X-35.624 Y-29.63 E2.60881
G1 X-35.516 Y-29.128 E2.63351
G1 X-35.509 Y-18.84 E3.12833
G1 X-35.559 Y-18.407 E3.14929
G1 X-35.768 Y-17.884 E3.17638
G1 X-36.053 Y-17.509 E3.19903
G1 X-36.487 Y-17.18 E3.22522
;WIDTH:0.480513
G1 X-36.843 Y-17.053 E3.24484
;WIDTH:0.511026
G1 X-37.199 Y-16.925 E3.26592
;WIDTH:0.512648
G1 X-37.418 Y-16.9 E3.27824
G1 X-45.592 Y-16.901 E3.73525
;WIDTH:0.545806
G1 X-46.185 Y-16.979 E3.77116
;WIDTH:0.586791
G1 X-46.655 Y-17.179 E3.80444
G1 X-46.974 Y-17.428 E3.83081
G1 X-47.307 Y-17.869 E3.86682
;WIDTH:0.583747
G1 X-47.444 Y-18.233 E3.89201
;WIDTH:0.558786
G1 X-47.532 Y-18.84 E3.92983
;WIDTH:0.511506
G1 X-47.531 Y-29.06 E4.49978
;WIDTH:0.557526
G1 X-47.434 Y-29.665 E4.53747
;WIDTH:0.56012
G1 X-47.422 Y-29.713 E4.54053
;WIDTH:0.579386
G1 X-47.288 Y-30.009 E4.5614
;WIDTH:0.585678
G1 X-47.008 Y-30.394 E4.59235
;WIDTH:0.586325
G1 X-46.572 Y-30.716 E4.62764
G1 X-46.171 Y-30.877 E4.65577
;WIDTH:0.547884
G1 X-46.12 Y-30.884 E4.65887
G1 X-46.12 Y-30.884 F7800
G1 X-45.956 Y-30.473
;WIDTH:0.45
G1 F3600
G1 X-45.632 Y-30.537 E4.67475
G1 X-37.373 Y-30.537 E5.07198
G1 X-36.969 Y-30.466 E5.09171
G1 X-36.506 Y-30.23 E5.1167
G1 X-36.269 Y-29.982 E5.1332
G1 X-36.027 Y-29.633 E5.15363
G1 X-35.909 Y-29.142 E5.17792
G1 X-35.895 Y-28.097 E5.22819
G1 X-35.895 Y-18.84 E5.67342
G1 X-35.962 Y-18.404 E5.69464
G1 X-36.112 Y-18.063 E5.71256
G1 X-36.373 Y-17.742 E5.73246
G1 X-36.698 Y-17.502 E5.75189
G1 X-37.007 Y-17.395 E5.76762
G1 X-37.418 Y-17.317 E5.78774
G1 X-45.593 Y-17.317 E6.18093
G1 X-46.029 Y-17.384 E6.20215
G1 X-46.393 Y-17.55 E6.22139
G1 X-46.691 Y-17.796 E6.23998
G1 X-46.979 Y-18.211 E6.26428
G1 X-47.102 Y-18.713 E6.28914
G1 X-47.116 Y-18.84 E6.29529
G1 X-47.115 Y-29.06 E6.78684
G1 X-47 Y-29.585 E6.81269
G1 X-46.733 Y-30.015 E6.83703
G1 X-46.582 Y-30.163 E6.8472
G1 X-46.134 Y-30.437 E6.87246
G1 X-46.015 Y-30.461 E6.8783
G1 X-46.015 Y-30.461 F7800
G1 X-45.864 Y-30.103
;TYPE:External perimeter
G1 F1800
G1 X-45.631 Y-30.152 E6.88975
G1 X-37.373 Y-30.151 E7.28693
G1 X-37.102 Y-30.103 E7.30017
G1 X-36.662 Y-29.859 E7.32437
G1 X-36.376 Y-29.46 E7.34798
G1 X-36.28 Y-29.015 E7.36988
G1 X-36.28 Y-18.84 E7.85926
G1 X-36.321 Y-18.543 E7.87368
G1 X-36.427 Y-18.285 E7.8871
G1 X-36.603 Y-18.052 E7.90114
G1 X-36.972 Y-17.798 E7.92269
G1 X-37.418 Y-17.703 E7.94462
G1 X-45.592 Y-17.703 E8.33776
G1 X-45.89 Y-17.744 E8.35223
G1 X-46.171 Y-17.866 E8.36696
G1 X-46.381 Y-18.025 E8.37963
G1 X-46.639 Y-18.415 E8.40212
G1 X-46.73 Y-18.84 E8.42302
G1 X-46.729 Y-29.06 E8.91457
G1 X-46.631 Y-29.473 E8.93499
G1 X-46.367 Y-29.843 E8.95685
G1 X-45.994 Y-30.076 E8.978
G1 X-45.922 Y-30.091 E8.98154
G1 X-45.526 Y-30.144 F7800
G1 E6.98154 F2400
G92 E0
G1 X-19.502 Y-40.431 F7800
G1 E2 F2400
;TYPE:Perimeter
G1 F3600
G1 X-19.502 Y-33.593 E2.32888
G1 X-19.502 Y-7.424 E3.58752
G1 X-33.009 Y-7.424 E4.23716
G1 X-33.009 Y-12.429 E4.47788
G1 X-33.156 Y-13.489 E4.52935
G1 X-33.437 Y-14.22 E4.56702
G1 X-33.856 Y-14.881 E4.60466
G1 X-34.414 Y-15.462 E4.6434
G1 X-35.185 Y-15.983 E4.68816
G1 X-35.727 Y-16.212 E4.71646
G1 X-36.296 Y-16.358 E4.74471
;WIDTH:0.458535
G1 X-36.856 Y-16.424 E4.77243
;WIDTH:0.485591
G1 X-37.137 Y-16.438 E4.78721
;WIDTH:0.512648
G1 X-37.418 Y-16.452 E4.80294
G1 X-45.592 Y-16.454 E5.25995
;WIDTH:0.527004
G1 X-45.942 Y-16.462 E5.28015
;WIDTH:0.563956
G1 X-46.446 Y-16.543 E5.31196
;WIDTH:0.583302
G1 X-46.873 Y-16.71 E5.34164
;WIDTH:0.589288
G1 X-47.118 Y-16.862 E5.36052
;WIDTH:0.598769
G1 X-47.537 Y-17.271 E5.39955
G1 X-47.788 Y-17.682 E5.43165
;WIDTH:0.57856
G1 X-47.932 Y-18.16 E5.46367
;WIDTH:0.558786
G1 X-47.979 Y-18.84 E5.5057
;WIDTH:0.511506
G1 X-47.978 Y-29.06 E6.07565
;WIDTH:0.557526
G1 X-47.919 Y-29.749 E6.11818
;WIDTH:0.57632
G1 X-47.806 Y-30.129 E6.14349
;WIDTH:0.594259
G1 X-47.55 Y-30.574 E6.17742
G1 X-47.198 Y-30.933 E6.21065
;WIDTH:0.592969
G1 X-46.748 Y-31.201 E6.24518
;WIDTH:0.578876
G1 X-46.247 Y-31.354 E6.2788
;WIDTH:0.547884
G1 X-45.631 Y-31.401 E6.31606
;WIDTH:0.513207
G1 X-37.373 Y-31.403 E6.77834
;WIDTH:0.519883
G1 X-36.965 Y-31.416 E6.80153
;WIDTH:0.494199
G1 X-36.737 Y-31.433 E6.81379
;WIDTH:0.468515
G1 X-36.157 Y-31.524 E6.84338
;WIDTH:0.45
G1 X-35.593 Y-31.691 E6.87167
G1 X-35.021 Y-31.965 E6.90217
G1 X-34.414 Y-32.393 E6.93789
G1 X-34.076 Y-32.731 E6.96088
G1 X-33.743 Y-33.126 E6.98573
G1 X-33.357 Y-33.806 E7.02334
G1 X-33.107 Y-34.573 E7.06214
G1 X-33.009 Y-35.426 E7.10344
G1 X-33.009 Y-40.431 E7.34416
G1 X-19.562 Y-40.431 E7.99091
G1 X-19.562 Y-40.431 F7800
G1 X-19.116 Y-40.817
G1 F3600
G1 X-19.116 Y-33.593 E8.33836
G1 X-19.116 Y-7.038 E9.61556
G1 X-33.395 Y-7.038 E10.30233
G1 X-33.395 Y-12.429 E10.56162
G1 X-33.519 Y-13.359 E10.60675
G1 X-33.768 Y-14.021 E10.64077
G1 X-34.141 Y-14.622 E10.67479
G1 X-34.636 Y-15.147 E10.70949
G1 X-35.342 Y-15.631 E10.75066
G1 X-35.83 Y-15.84 E10.77619
G1 X-36.343 Y-15.976 E10.80172
G1 X-36.856 Y-16.035 E10.82656
G1 X-45.969 Y-16.038 E11.26486
G1 X-46.585 Y-16.114 E11.29471
G1 X-47.062 Y-16.298 E11.3193
G1 X-47.513 Y-16.579 E11.34486
G1 X-47.871 Y-16.954 E11.3698
G1 X-48.135 Y-17.36 E11.39309
G1 X-48.304 Y-17.794 E11.41549
G1 X-48.395 Y-18.45 E11.44734
G1 X-48.395 Y-29.06 E11.95764
G1 X-48.353 Y-29.826 E11.99454
G1 X-48.212 Y-30.334 E12.0199
G1 X-47.921 Y-30.848 E12.04831
G1 X-47.518 Y-31.271 E12.07641
G1 X-47.025 Y-31.584 E12.1045
G1 X-46.536 Y-31.745 E12.12926
G1 X-45.976 Y-31.817 E12.15642
G1 X-36.785 Y-31.825 E12.59848
G1 X-36.26 Y-31.896 E12.62396
G1 X-35.749 Y-32.044 E12.64955
G1 X-35.243 Y-32.28 E12.6764
G1 X-34.54 Y-32.792 E12.71823
G1 X-34.074 Y-33.324 E12.75225
G1 X-33.72 Y-33.936 E12.78625
G1 X-33.49 Y-34.62 E12.82096
G1 X-33.395 Y-35.426 E12.85999
G1 X-33.395 Y-40.817 E13.11928
G1 X-19.176 Y-40.817 E13.80316
G1 X-18.73 Y-41.203 F7800
;TYPE:External perimeter
G1 F1800
G1 X-18.73 Y-33.593 E14.16917
G1 X-18.73 Y-6.653 E15.46489
G1 X-33.78 Y-6.653 E16.18874
G1 X-33.78 Y-12.429 E16.46655
G1 X-33.882 Y-13.229 E16.50534
G1 X-34.099 Y-13.823 E16.53576
G1 X-34.427 Y-14.363 E16.56615
G1 X-34.858 Y-14.832 E16.59679
G1 X-35.465 Y-15.259 E16.63248
G1 X-35.82 Y-15.421 E16.65125
G1 X-36.362 Y-15.587 E16.67851
G1 X-36.856 Y-15.649 E16.70246
G1 X-45.992 Y-15.653 E17.14187
G1 X-46.679 Y-15.737 E17.17516
G1 X-47.201 Y-15.938 E17.20206
G1 X-47.661 Y-16.214 E17.22786
G1 X-47.961 Y-16.489 E17.24743
G1 X-48.298 Y-16.883 E17.27237
G1 X-48.567 Y-17.381 E17.29959
G1 X-48.728 Y-17.923 E17.32678
G1 X-48.78 Y-18.436 E17.35158
G1 X-48.78 Y-29.417 E17.87973
G1 X-48.726 Y-29.969 E17.90641
G1 X-48.569 Y-30.487 E17.93244
G1 X-48.233 Y-31.08 E17.96522
G1 X-47.765 Y-31.572 E17.99788
G1 X-47.191 Y-31.935 E18.03054
G1 X-46.544 Y-32.149 E18.06332
G1 X-45.995 Y-32.203 E18.08985
G1 X-37.008 Y-32.206 E18.52209
G1 X-36.39 Y-32.262 E18.55194
G1 X-35.932 Y-32.387 E18.57477
G1 X-35.465 Y-32.596 E18.59938
G1 X-34.826 Y-33.051 E18.63711
G1 X-34.404 Y-33.522 E18.66753
G1 X-34.083 Y-34.066 E18.69791
G1 X-33.873 Y-34.667 E18.72853
G1 X-33.78 Y-35.426 E18.76531
G1 X-33.78 Y-41.203 E19.04316
G1 X-18.79 Y-41.203 E19.76413
G1 X-18.731 Y-40.807 F7800
G1 E17.76413 F2400
G92 E0
G1 X-19.617 Y-38.659 F7800
G1 E2 F2400
;TYPE:Internal infill
;WIDTH:0.45
G1 F4800
G1 X-21.101 Y-40.142 E2.10091
G1 X-24.736 Y-40.142 E2.27574
G1 X-19.791 Y-35.196 E2.61213
G1 X-19.791 Y-31.561 E2.78696
G1 X-28.372 Y-40.142 E3.37063
G1 X-32.008 Y-40.142 E3.54551
G1 X-19.791 Y-27.925 E4.3765
G1 X-19.791 Y-24.289 E4.55138
G1 X-32.72 Y-37.219 E5.43083
G1 X-32.72 Y-35.42 E5.51736
G1 X-32.847 Y-34.39 E5.56727
G1 X-33.026 Y-33.889 E5.59286
G1 X-19.791 Y-20.654 E6.49309
G1 X-19.791 Y-17.018 E6.66797
G1 X-34.647 Y-31.875 E7.67849
G1 X-35.065 Y-31.609 E7.70232
G1 X-35.644 Y-31.366 E7.73252
G1 X-36.748 Y-31.128 E7.78684
G1 X-36.142 Y-30.799 E7.82
G1 X-35.883 Y-30.58 E7.83631
G1 X-35.571 Y-30.183 E7.8606
G1 X-35.343 Y-29.699 E7.88633
G1 X-35.228 Y-29.16 E7.91284
G1 X-35.228 Y-28.819 E7.92924
G1 X-19.791 Y-13.383 E8.97921
G1 X-19.791 Y-9.747 E9.15409
G1 X-35.225 Y-25.181 E10.20389
G1 X-35.222 Y-21.542 E10.37891
G1 X-21.393 Y-7.713 E11.31954
G1 X-25.028 Y-7.713 E11.49437
G1 X-35.373 Y-18.058 E12.19802
G1 X-35.731 Y-17.434 E12.23262
G1 X-35.966 Y-17.204 E12.24844
G1 X-36.334 Y-16.934 E12.27039
G1 X-36.79 Y-16.719 E12.29464
G1 X-36.084 Y-16.611 E12.32899
G1 X-35.481 Y-16.431 E12.35926
G1 X-34.951 Y-16.188 E12.3873
G1 X-34.073 Y-15.551 E12.43947
G1 X-33.581 Y-15.004 E12.47486
G1 X-33.132 Y-14.261 E12.51661
G1 X-32.847 Y-13.465 E12.55727
G1 X-32.72 Y-12.435 E12.60718
G1 X-32.72 Y-11.769 E12.63921
G1 X-28.664 Y-7.713 E12.91509
G1 X-32.3 Y-7.713 E13.08997
G1 X-32.893 Y-8.307 E13.13034
;LAYER_CHANGE
;Z:7.55
;HEIGHT:0.3
G1 Z7.55 F7800
G1 E11.13034 F2400
G92 E0
G1 X-32.893 Y-8.307 F7800
G1 X-46.061 Y-30.893
G1 E2 F2400
;TYPE:Perimeter
;WIDTH:0.547844
G1 F3600
G1 X-45.631 Y-30.954 E2.02619
;WIDTH:0.511496
G1 X-45.63 Y-30.954 E2.02625
;WIDTH:0.513208
G1 X-37.373 Y-30.954 E2.48848
;WIDTH:0.535867
G1 X-37.104 Y-30.929 E2.50437
G1 X-36.788 Y-30.8 E2.52444
;WIDTH:0.492933
G1 X-36.473 Y-30.672 E2.54261
;WIDTH:0.45
G1 X-36.029 Y-30.307 E2.57025
G1 X-35.809 Y-30.031 E2.58723
G1 X-35.646 Y-29.72 E2.60412
G1 X-35.523 Y-29.179 E2.6308
G1 X-35.509 Y-28.097 E2.68284
G1 X-35.509 Y-18.84 E3.12807
G1 X-35.559 Y-18.407 E3.14903
G1 X-35.827 Y-17.808 E3.18059
G1 X-36.04 Y-17.528 E3.19751
G1 X-36.487 Y-17.18 E3.22476
;WIDTH:0.480513
G1 X-36.843 Y-17.053 E3.24438
;WIDTH:0.511026
G1 X-37.199 Y-16.925 E3.26546
;WIDTH:0.512649
G1 X-37.418 Y-16.9 E3.27778
G1 X-45.592 Y-16.901 E3.73479
;WIDTH:0.545795
G1 X-46.185 Y-16.979 E3.7707
;WIDTH:0.580409
G1 X-46.627 Y-17.164 E3.80154
;WIDTH:0.58715
G1 X-46.969 Y-17.424 E3.82955
G1 X-47.314 Y-17.882 E3.86694
;WIDTH:0.582328
G1 X-47.444 Y-18.233 E3.89112
;WIDTH:0.558788
G1 X-47.532 Y-18.84 E3.92894
;WIDTH:0.511506
G1 X-47.531 Y-29.06 E4.49889
;WIDTH:0.557528
G1 X-47.434 Y-29.665 E4.53658
;WIDTH:0.579386
G1 X-47.288 Y-30.009 E4.56058
;WIDTH:0.58568
G1 X-47.008 Y-30.394 E4.59153
;WIDTH:0.586323
G1 X-46.572 Y-30.716 E4.62681
G1 X-46.171 Y-30.877 E4.65494
;WIDTH:0.547844
G1 X-46.12 Y-30.884 E4.65804
G1 X-46.12 Y-30.884 F7800
G1 X-45.956 Y-30.472
;WIDTH:0.45
G1 F3600
G1 X-45.631 Y-30.537 E4.67398
G1 X-37.373 Y-30.537 E5.07116
G1 X-36.819 Y-30.405 E5.09855
G1 X-36.596 Y-30.286 E5.11071
G1 X-36.22 Y-29.954 E5.13484
G1 X-35.999 Y-29.565 E5.15636
G1 X-35.898 Y-29.071 E5.18061
G1 X-35.895 Y-18.84 E5.67269
G1 X-35.978 Y-18.365 E5.69588
G1 X-36.241 Y-17.875 E5.72263
G1 X-36.659 Y-17.53 E5.7487
G1 X-36.888 Y-17.422 E5.76088
G1 X-37.418 Y-17.317 E5.78687
G1 X-45.593 Y-17.317 E6.18006
G1 X-46.029 Y-17.384 E6.20128
G1 X-46.369 Y-17.533 E6.21913
G1 X-46.684 Y-17.789 E6.23865
G1 X-46.979 Y-18.21 E6.26337
G1 X-47.102 Y-18.713 E6.28828
G1 X-47.116 Y-18.84 E6.29443
G1 X-47.115 Y-29.06 E6.78598
G1 X-47.008 Y-29.558 E6.81048
G1 X-46.92 Y-29.75 E6.82064
G1 X-46.615 Y-30.139 E6.84441
G1 X-46.134 Y-30.437 E6.87162
G1 X-46.015 Y-30.461 E6.87746
G1 X-46.015 Y-30.461 F7800
G1 X-45.864 Y-30.103
;TYPE:External perimeter
G1 F1800
G1 X-45.63 Y-30.152 E6.88896
G1 X-37.373 Y-30.151 E7.28609
G1 X-36.874 Y-30.013 E7.31099
G1 X-36.49 Y-29.668 E7.33582
G1 X-36.339 Y-29.366 E7.35206
G1 X-36.28 Y-29.014 E7.36923
G1 X-36.28 Y-18.84 E7.85856
G1 X-36.329 Y-18.526 E7.87385
G1 X-36.569 Y-18.089 E7.89783
G1 X-36.972 Y-17.798 E7.92174
G1 X-37.418 Y-17.703 E7.94367
G1 X-45.592 Y-17.703 E8.33681
G1 X-45.89 Y-17.744 E8.35128
G1 X-46.147 Y-17.849 E8.36463
G1 X-46.375 Y-18.02 E8.37834
G1 X-46.639 Y-18.415 E8.40119
G1 X-46.73 Y-18.84 E8.42209
G1 X-46.729 Y-29.06 E8.91364
G1 X-46.634 Y-29.464 E8.9336
G1 X-46.367 Y-29.843 E8.9559
G1 X-45.994 Y-30.076 E8.97705
G1 X-45.922 Y-30.091 E8.98059
G1 X-45.526 Y-30.144 F7800
G1 E6.98059 F2400
G92 E0
G1 X-19.502 Y-40.431 F7800
G1 E2 F2400
;TYPE:Perimeter
G1 F3600
G1 X-19.502 Y-33.593 E2.32888
G1 X-19.502 Y-7.424 E3.58752
G1 X-33.009 Y-7.424 E4.23716
G1 X-33.009 Y-12.429 E4.47788
G1 X-33.156 Y-13.489 E4.52935
G1 X-33.437 Y-14.22 E4.56702
G1 X-33.856 Y-14.881 E4.60466
G1 X-34.414 Y-15.462 E4.6434
G1 X-35.185 Y-15.983 E4.68816
G1 X-35.727 Y-16.212 E4.71646
G1 X-36.296 Y-16.358 E4.74471
;WIDTH:0.458535
G1 X-36.856 Y-16.424 E4.77243
;WIDTH:0.485592
G1 X-37.137 Y-16.438 E4.78721
;WIDTH:0.512649
G1 X-37.418 Y-16.452 E4.80294
G1 X-45.592 Y-16.454 E5.25995
;WIDTH:0.515601
G1 X-45.742 Y-16.456 E5.26839
;WIDTH:0.545795
G1 X-46.301 Y-16.516 E5.30215
;WIDTH:0.579822
G1 X-46.793 Y-16.665 E5.3352
;WIDTH:0.585596
G1 X-47.101 Y-16.857 E5.35879
;WIDTH:0.591696
G1 X-47.452 Y-17.176 E5.38998
G1 X-47.774 Y-17.649 E5.42761
;WIDTH:0.582328
G1 X-47.932 Y-18.16 E5.46216
;WIDTH:0.558788
G1 X-47.979 Y-18.84 E5.50419
;WIDTH:0.511506
G1 X-47.978 Y-29.06 E6.07414
;WIDTH:0.557528
G1 X-47.919 Y-29.749 E6.11667
;WIDTH:0.576319
G1 X-47.806 Y-30.129 E6.14198
;WIDTH:0.594261
G1 X-47.55 Y-30.574 E6.17591
G1 X-47.198 Y-30.933 E6.20914
;WIDTH:0.592971
G1 X-46.748 Y-31.201 E6.24367
;WIDTH:0.578876
G1 X-46.246 Y-31.354 E6.27735
;WIDTH:0.547844
G1 X-45.63 Y-31.401 E6.3146
;WIDTH:0.513208
G1 X-37.373 Y-31.403 E6.77683
;WIDTH:0.535867
G1 X-37.041 Y-31.392 E6.79636
G1 X-36.853 Y-31.421 E6.80755
;WIDTH:0.492933
G1 X-36.666 Y-31.451 E6.81767
;WIDTH:0.45
G1 X-36.13 Y-31.532 E6.84374
G1 X-35.593 Y-31.691 E6.87068
G1 X-35.021 Y-31.965 E6.90118
G1 X-34.414 Y-32.393 E6.9369
G1 X-34.075 Y-32.732 E6.95996
G1 X-33.743 Y-33.126 E6.98474
G1 X-33.357 Y-33.806 E7.02235
G1 X-33.107 Y-34.573 E7.06115
G1 X-33.009 Y-35.426 E7.10245
G1 X-33.009 Y-40.431 E7.34317
G1 X-19.562 Y-40.431 E7.98992
G1 X-19.562 Y-40.431 F7800
G1 X-19.116 Y-40.817
G1 F3600
G1 X-19.116 Y-33.593 E8.33737
G1 X-19.116 Y-7.038 E9.61457
G1 X-33.395 Y-7.038 E10.30134
G1 X-33.395 Y-12.429 E10.56063
G1 X-33.519 Y-13.359 E10.60576
G1 X-33.768 Y-14.021 E10.63978
G1 X-34.141 Y-14.622 E10.6738
G1 X-34.636 Y-15.147 E10.7085
G1 X-35.342 Y-15.631 E10.74967
G1 X-35.83 Y-15.84 E10.7752
G1 X-36.343 Y-15.976 E10.80073
G1 X-36.856 Y-16.035 E10.82557
G1 X-45.969 Y-16.038 E11.26387
G1 X-46.516 Y-16.106 E11.29038
G1 X-47.019 Y-16.268 E11.3158
G1 X-47.518 Y-16.584 E11.34421
G1 X-47.868 Y-16.952 E11.36864
G1 X-48.143 Y-17.379 E11.39307
G1 X-48.304 Y-17.794 E11.41448
G1 X-48.395 Y-18.45 E11.44633
G1 X-48.395 Y-29.06 E11.95663
G1 X-48.353 Y-29.826 E11.99353
G1 X-48.212 Y-30.334 E12.01889
G1 X-47.921 Y-30.848 E12.0473
G1 X-47.518 Y-31.271 E12.0754
G1 X-47.025 Y-31.584 E12.10349
G1 X-46.536 Y-31.745 E12.12825
G1 X-45.976 Y-31.817 E12.15541
G1 X-36.785 Y-31.825 E12.59747
G1 X-36.233 Y-31.903 E12.62428
G1 X-35.749 Y-32.044 E12.64853
G1 X-35.243 Y-32.28 E12.67538
G1 X-34.54 Y-32.792 E12.71721
G1 X-34.074 Y-33.324 E12.75123
G1 X-33.72 Y-33.936 E12.78523
G1 X-33.49 Y-34.62 E12.81994
G1 X-33.395 Y-35.426 E12.85897
G1 X-33.395 Y-40.817 E13.11826
G1 X-19.176 Y-40.817 E13.80214
G1 X-18.73 Y-41.203 F7800
;TYPE:External perimeter
G1 F1800
G1 X-18.73 Y-33.593 E14.16815
G1 X-18.73 Y-6.653 E15.46387
G1 X-33.78 Y-6.653 E16.18772
G1 X-33.78 Y-12.429 E16.46553
G1 X-33.882 Y-13.229 E16.50432
G1 X-34.099 Y-13.823 E16.53474
G1 X-34.427 Y-14.363 E16.56513
G1 X-34.858 Y-14.832 E16.59577
G1 X-35.465 Y-15.259 E16.63146
G1 X-35.906 Y-15.459 E16.65475
G1 X-36.362 Y-15.587 E16.67753
G1 X-36.856 Y-15.649 E16.70148
G1 X-45.992 Y-15.653 E17.14089
G1 X-46.682 Y-15.737 E17.17432
G1 X-47.189 Y-15.919 E17.20023
G1 X-47.65 Y-16.211 E17.22648
G1 X-47.956 Y-16.484 E17.2462
G1 X-48.299 Y-16.885 E17.27158
G1 X-48.57 Y-17.386 E17.29898
G1 X-48.728 Y-17.923 E17.3259
G1 X-48.78 Y-18.436 E17.3507
G1 X-48.78 Y-29.417 E17.87885
G1 X-48.726 Y-29.969 E17.90553
G1 X-48.569 Y-30.487 E17.93156
G1 X-48.233 Y-31.08 E17.96434
G1 X-47.765 Y-31.572 E17.997
G1 X-47.191 Y-31.935 E18.02966
G1 X-46.544 Y-32.149 E18.06244
G1 X-45.995 Y-32.203 E18.08897
G1 X-37.041 Y-32.206 E18.51963
G1 X-36.39 Y-32.262 E18.55106
G1 X-35.932 Y-32.387 E18.57389
G1 X-35.465 Y-32.596 E18.5985
G1 X-34.826 Y-33.051 E18.63623
G1 X-34.404 Y-33.522 E18.66665
G1 X-34.083 Y-34.066 E18.69703
G1 X-33.873 Y-34.667 E18.72765
G1 X-33.78 Y-35.426 E18.76443
G1 X-33.78 Y-41.203 E19.04228
G1 X-18.79 Y-41.203 E19.76325
G1 X-18.731 Y-40.807 F7800
G1 E17.76325 F2400
G92 E0
G1 X-19.617 Y-38.659 F7800
G1 E2 F2400
;TYPE:Internal infill
;WIDTH:0.45
G1 F4800
G1 X-21.101 Y-40.142 E2.10091
G1 X-24.736 Y-40.142 E2.27574
G1 X-19.791 Y-35.196 E2.61213
G1 X-19.791 Y-31.561 E2.78696
G1 X-28.372 Y-40.142 E3.37063
G1 X-32.008 Y-40.142 E3.54551
G1 X-19.791 Y-27.925 E4.3765
G1 X-19.791 Y-24.289 E4.55138
G1 X-32.72 Y-37.219 E5.43083
G1 X-32.72 Y-35.42 E5.51736
G1 X-32.847 Y-34.39 E5.56727
G1 X-33.026 Y-33.889 E5.59286
G1 X-19.791 Y-20.654 E6.49309
G1 X-19.791 Y-17.018 E6.66797
G1 X-34.647 Y-31.875 E7.67849
G1 X-35.059 Y-31.612 E7.702
G1 X-35.644 Y-31.366 E7.73252
G1 X-36.775 Y-31.126 E7.78813
G1 X-36.157 Y-30.799 E7.82176
G1 X-35.709 Y-30.395 E7.85077
G1 X-35.559 Y-30.177 E7.8635
G1 X-35.298 Y-29.57 E7.89528
G1 X-35.22 Y-28.812 E7.93193
G1 X-19.791 Y-13.383 E8.98139
G1 X-19.791 Y-9.747 E9.15627
G1 X-35.22 Y-25.176 E10.20573
G1 X-35.22 Y-21.54 E10.38061
G1 X-21.393 Y-7.713 E11.32111
G1 X-25.028 Y-7.713 E11.49594
G1 X-35.376 Y-18.061 E12.1998
G1 X-35.718 Y-17.447 E12.2336
G1 X-35.913 Y-17.256 E12.24673
G1 X-36.333 Y-16.934 E12.27218
G1 X-36.79 Y-16.719 E12.29647
G1 X-36.084 Y-16.611 E12.33082
G1 X-35.48 Y-16.43 E12.36115
G1 X-34.884 Y-16.147 E12.39288
G1 X-34.043 Y-15.519 E12.44336
G1 X-33.581 Y-15.004 E12.47664
G1 X-33.131 Y-14.261 E12.51842
G1 X-32.847 Y-13.465 E12.55907
G1 X-32.72 Y-12.435 E12.60898
G1 X-32.72 Y-11.769 E12.64101
G1 X-28.664 Y-7.713 E12.91689
G1 X-32.3 Y-7.713 E13.09177
G1 X-32.893 Y-8.307 E13.13214
;LAYER_CHANGE
;Z:7.85
;HEIGHT:0.3
G1 Z7.85 F7800
G1 E11.13214 F2400
G92 E0
G1 X-32.893 Y-8.307 F7800
G1 X-46.06 Y-30.888
G1 E2 F2400
;TYPE:Perimeter
;WIDTH:0.572576
G1 F3600
G1 X-45.923 Y-30.925 E2.00899
;WIDTH:0.53444
G1 X-45.629 Y-30.954 E2.02631
;WIDTH:0.513207
G1 X-37.373 Y-30.954 E2.48848
;WIDTH:0.535785
G1 X-37.104 Y-30.929 E2.50436
G1 X-36.789 Y-30.801 E2.52435
;WIDTH:0.492892
G1 X-36.473 Y-30.672 E2.54259
;WIDTH:0.45
G1 X-36.082 Y-30.375 E2.56621
G1 X-35.758 Y-29.949 E2.59195
G1 X-35.628 Y-29.642 E2.60798
G1 X-35.516 Y-29.129 E2.63323
G1 X-35.509 Y-18.84 E3.1281
G1 X-35.559 Y-18.407 E3.14906
G1 X-35.827 Y-17.808 E3.18062
G1 X-36.04 Y-17.528 E3.19754
G1 X-36.487 Y-17.18 E3.22479
;WIDTH:0.480512
G1 X-36.843 Y-17.053 E3.24441
;WIDTH:0.511025
G1 X-37.199 Y-16.925 E3.26548
;WIDTH:0.512648
G1 X-37.418 Y-16.9 E3.2778
G1 X-45.592 Y-16.901 E3.73481
;WIDTH:0.548657
G1 X-46.147 Y-16.964 E3.76855
;WIDTH:0.581819
G1 X-46.63 Y-17.165 E3.80231
;WIDTH:0.593682
G1 X-46.986 Y-17.436 E3.83185
G1 X-47.302 Y-17.869 E3.86724
;WIDTH:0.574413
G1 X-47.402 Y-18.075 E3.88181
;WIDTH:0.565579
G1 X-47.515 Y-18.619 E3.91654
;WIDTH:0.526094
G1 X-47.532 Y-18.84 E3.9293
;WIDTH:0.511506
G1 X-47.531 Y-29.06 E4.49925
;WIDTH:0.552127
G1 X-47.432 Y-29.664 E4.53648
;WIDTH:0.586532
G1 X-47.291 Y-30.012 E4.56093
;WIDTH:0.59467
G1 X-46.914 Y-30.486 E4.60099
G1 X-46.448 Y-30.785 E4.63761
;WIDTH:0.572576
G1 X-46.118 Y-30.873 E4.65926
G1 X-46.118 Y-30.873 F7800
G1 X-45.955 Y-30.468
;WIDTH:0.45
G1 F3600
G1 X-45.63 Y-30.537 E4.67524
G1 X-37.373 Y-30.537 E5.07237
G1 X-36.819 Y-30.406 E5.09975
G1 X-36.451 Y-30.188 E5.12032
G1 X-36.104 Y-29.771 E5.14641
G1 X-36.004 Y-29.555 E5.15786
G1 X-35.895 Y-29.04 E5.18318
G1 X-35.895 Y-18.84 E5.67376
G1 X-35.978 Y-18.365 E5.69695
G1 X-36.241 Y-17.875 E5.7237
G1 X-36.659 Y-17.53 E5.74977
G1 X-36.888 Y-17.422 E5.76195
G1 X-37.418 Y-17.317 E5.78794
G1 X-45.593 Y-17.317 E6.18113
G1 X-46.029 Y-17.384 E6.20235
G1 X-46.37 Y-17.534 E6.22027
G1 X-46.691 Y-17.796 E6.2402
G1 X-46.987 Y-18.232 E6.26555
G1 X-47.116 Y-18.84 E6.29544
G1 X-47.115 Y-29.06 E6.78699
G1 X-47.008 Y-29.558 E6.81149
G1 X-46.812 Y-29.903 E6.83057
G1 X-46.582 Y-30.163 E6.84727
G1 X-46.175 Y-30.422 E6.87047
G1 X-46.014 Y-30.456 E6.87838
G1 X-46.014 Y-30.456 F7800
G1 X-45.864 Y-30.103
;TYPE:External perimeter
G1 F1800
G1 X-45.63 Y-30.152 E6.88988
G1 X-37.373 Y-30.151 E7.28701
G1 X-36.874 Y-30.013 E7.31191
G1 X-36.59 Y-29.777 E7.32967
G1 X-36.38 Y-29.468 E7.34764
G1 X-36.28 Y-29.015 E7.36995
G1 X-36.28 Y-18.84 E7.85933
G1 X-36.329 Y-18.526 E7.87462
G1 X-36.569 Y-18.089 E7.8986
G1 X-36.972 Y-17.798 E7.92251
G1 X-37.418 Y-17.703 E7.94444
G1 X-45.592 Y-17.703 E8.33758
G1 X-45.89 Y-17.744 E8.35205
G1 X-46.148 Y-17.849 E8.36545
G1 X-46.381 Y-18.025 E8.37949
G1 X-46.627 Y-18.369 E8.39983
G1 X-46.73 Y-18.84 E8.42302
G1 X-46.729 Y-29.06 E8.91457
G1 X-46.605 Y-29.528 E8.93786
G1 X-46.337 Y-29.863 E8.95849
G1 X-45.994 Y-30.076 E8.97791
G1 X-45.922 Y-30.091 E8.98145
G1 X-45.526 Y-30.144 F7800
G1 E6.98145 F2400
G92 E0
G1 X-19.502 Y-40.431 F7800
G1 E2 F2400
;TYPE:Perimeter
G1 F3600
G1 X-19.502 Y-33.593 E2.32888
G1 X-19.502 Y-7.424 E3.58752
G1 X-33.009 Y-7.424 E4.23716
G1 X-33.009 Y-12.429 E4.47788
G1 X-33.156 Y-13.489 E4.52935
G1 X-33.437 Y-14.22 E4.56702
G1 X-33.856 Y-14.881 E4.60466
G1 X-34.414 Y-15.462 E4.6434
G1 X-35.185 Y-15.983 E4.68816
G1 X-35.727 Y-16.212 E4.71646
G1 X-36.296 Y-16.358 E4.74471
;WIDTH:0.458535
G1 X-36.856 Y-16.424 E4.77243
;WIDTH:0.485591
G1 X-37.137 Y-16.438 E4.78721
;WIDTH:0.512648
G1 X-37.418 Y-16.452 E4.80294
G1 X-45.592 Y-16.454 E5.25995
;WIDTH:0.515602
G1 X-45.742 Y-16.456 E5.26839
;WIDTH:0.548657
G1 X-46.243 Y-16.493 E5.29873
;WIDTH:0.562024
G1 X-46.56 Y-16.583 E5.31918
;WIDTH:0.581819
G1 X-46.901 Y-16.725 E5.34302
;WIDTH:0.593682
G1 X-47.35 Y-17.053 E5.37973
;WIDTH:0.594012
G1 X-47.633 Y-17.409 E5.40977
G1 X-47.841 Y-17.827 E5.44061
;WIDTH:0.564777
G1 X-47.932 Y-18.158 E5.46203
;WIDTH:0.558929
G1 X-47.979 Y-18.84 E5.5042
;WIDTH:0.511506
G1 X-47.978 Y-29.06 E6.07415
;WIDTH:0.52944
G1 X-47.966 Y-29.389 E6.09325
;WIDTH:0.563773
G1 X-47.875 Y-29.937 E6.12785
;WIDTH:0.595693
G1 X-47.622 Y-30.474 E6.16719
G1 X-47.282 Y-30.866 E6.20158
;WIDTH:0.5974
G1 X-47.075 Y-31.025 E6.21893
G1 X-46.627 Y-31.256 E6.25244
;WIDTH:0.572576
G1 X-46.139 Y-31.375 E6.28428
;WIDTH:0.547317
G1 X-45.63 Y-31.401 E6.31498
;WIDTH:0.513207
G1 X-37.373 Y-31.403 E6.77721
;WIDTH:0.535785
G1 X-37.042 Y-31.392 E6.79668
G1 X-36.854 Y-31.421 E6.80786
;WIDTH:0.492892
G1 X-36.667 Y-31.451 E6.81798
;WIDTH:0.45
G1 X-36.157 Y-31.524 E6.84276
G1 X-35.593 Y-31.691 E6.87105
G1 X-35.021 Y-31.965 E6.90155
G1 X-34.414 Y-32.393 E6.93727
G1 X-34.076 Y-32.731 E6.96026
G1 X-33.743 Y-33.126 E6.98511
G1 X-33.357 Y-33.806 E7.02272
G1 X-33.107 Y-34.573 E7.06152
G1 X-33.009 Y-35.426 E7.10282
G1 X-33.009 Y-40.431 E7.34354
G1 X-19.562 Y-40.431 E7.99029
G1 X-19.562 Y-40.431 F7800
G1 X-19.116 Y-40.817
G1 F3600
G1 X-19.116 Y-33.593 E8.33774
G1 X-19.116 Y-7.038 E9.61494
G1 X-33.395 Y-7.038 E10.30171
G1 X-33.395 Y-12.429 E10.561
G1 X-33.519 Y-13.359 E10.60613
G1 X-33.768 Y-14.021 E10.64015
G1 X-34.141 Y-14.622 E10.67417
G1 X-34.636 Y-15.147 E10.70887
G1 X-35.342 Y-15.631 E10.75004
G1 X-35.83 Y-15.84 E10.77557
G1 X-36.343 Y-15.976 E10.8011
G1 X-36.856 Y-16.035 E10.82594
G1 X-45.742 Y-16.038 E11.25333
G1 X-46.342 Y-16.065 E11.28222
G1 X-46.85 Y-16.205 E11.30756
G1 X-47.33 Y-16.443 E11.33333
G1 X-47.751 Y-16.814 E11.36032
G1 X-48.085 Y-17.281 E11.38793
G1 X-48.314 Y-17.836 E11.41681
G1 X-48.395 Y-18.45 E11.4466
G1 X-48.395 Y-29.391 E11.97282
G1 X-48.327 Y-29.938 E11.99933
G1 X-48.181 Y-30.396 E12.02245
G1 X-47.998 Y-30.74 E12.04119
G1 X-47.627 Y-31.167 E12.0684
G1 X-47.344 Y-31.404 E12.08615
G1 X-46.886 Y-31.634 E12.1108
G1 X-46.589 Y-31.722 E12.1257
G1 X-45.99 Y-31.817 E12.15487
G1 X-36.785 Y-31.825 E12.5976
G1 X-36.26 Y-31.896 E12.62308
G1 X-35.749 Y-32.044 E12.64867
G1 X-35.243 Y-32.28 E12.67552
G1 X-34.54 Y-32.792 E12.71735
G1 X-34.074 Y-33.324 E12.75137
G1 X-33.72 Y-33.936 E12.78537
G1 X-33.49 Y-34.62 E12.82008
G1 X-33.395 Y-35.426 E12.85911
G1 X-33.395 Y-40.817 E13.1184
G1 X-19.176 Y-40.817 E13.80228
G1 X-18.73 Y-41.203 F7800
;TYPE:External perimeter
G1 F1800
G1 X-18.73 Y-33.593 E14.16829
G1 X-18.73 Y-6.653 E15.46401
G1 X-33.78 Y-6.653 E16.18786
G1 X-33.78 Y-12.429 E16.46567
G1 X-33.882 Y-13.229 E16.50446
G1 X-34.099 Y-13.823 E16.53488
G1 X-34.427 Y-14.363 E16.56527
G1 X-34.858 Y-14.832 E16.59591
G1 X-35.465 Y-15.259 E16.6316
G1 X-35.906 Y-15.459 E16.65489
G1 X-36.362 Y-15.587 E16.67767
G1 X-36.856 Y-15.649 E16.70162
G1 X-45.742 Y-15.652 E17.12901
G1 X-46.408 Y-15.683 E17.16108
G1 X-47.069 Y-15.866 E17.19407
G1 X-47.546 Y-16.121 E17.22008
G1 X-47.981 Y-16.482 E17.24727
G1 X-48.384 Y-17.001 E17.27887
G1 X-48.6 Y-17.495 E17.3048
G1 X-48.729 Y-17.926 E17.32644
G1 X-48.78 Y-18.436 E17.35109
G1 X-48.78 Y-29.415 E17.87914
G1 X-48.71 Y-29.985 E17.90676
G1 X-48.544 Y-30.526 E17.93398
G1 X-48.315 Y-30.964 E17.95775
G1 X-47.918 Y-31.42 E17.98683
G1 X-47.551 Y-31.731 E18.00997
G1 X-46.94 Y-32.039 E18.04288
G1 X-46.46 Y-32.147 E18.06654
G1 X-46 Y-32.203 E18.08883
G1 X-37.042 Y-32.206 E18.51968
G1 X-36.39 Y-32.262 E18.55115
G1 X-35.932 Y-32.387 E18.57398
G1 X-35.465 Y-32.596 E18.59859
G1 X-34.826 Y-33.051 E18.63632
G1 X-34.404 Y-33.522 E18.66674
G1 X-34.083 Y-34.066 E18.69712
G1 X-33.873 Y-34.667 E18.72774
G1 X-33.78 Y-35.426 E18.76452
G1 X-33.78 Y-41.203 E19.04237
G1 X-18.79 Y-41.203 E19.76334
G1 X-18.731 Y-40.807 F7800
G1 E17.76334 F2400
G92 E0
G1 X-19.617 Y-38.659 F7800
G1 E2 F2400
;TYPE:Internal infill
;WIDTH:0.45
G1 F4800
G1 X-21.101 Y-40.142 E2.10091
G1 X-24.736 Y-40.142 E2.27574
G1 X-19.791 Y-35.196 E2.61213
G1 X-19.791 Y-31.561 E2.78696
G1 X-28.372 Y-40.142 E3.37063
G1 X-32.008 Y-40.142 E3.54551
G1 X-19.791 Y-27.925 E4.3765
G1 X-19.791 Y-24.289 E4.55138
G1 X-32.72 Y-37.219 E5.43083
G1 X-32.72 Y-35.42 E5.51736
G1 X-32.847 Y-34.39 E5.56727
G1 X-33.026 Y-33.889 E5.59286
G1 X-19.791 Y-20.654 E6.49309
G1 X-19.791 Y-17.018 E6.66797
G1 X-34.647 Y-31.875 E7.67849
G1 X-35.065 Y-31.609 E7.70232
G1 X-35.644 Y-31.366 E7.73252
G1 X-36.776 Y-31.126 E7.78818
G1 X-36.059 Y-30.737 E7.82741
G1 X-35.562 Y-30.173 E7.86357
G1 X-35.348 Y-29.712 E7.88802
G1 X-35.228 Y-29.162 E7.9151
G1 X-35.228 Y-28.819 E7.9316
G1 X-19.791 Y-13.383 E8.98157
G1 X-19.791 Y-9.747 E9.15645
G1 X-35.225 Y-25.181 E10.20625
G1 X-35.222 Y-21.542 E10.38127
G1 X-21.393 Y-7.713 E11.3219
G1 X-25.028 Y-7.713 E11.49673
G1 X-35.376 Y-18.061 E12.20059
G1 X-35.718 Y-17.447 E12.23439
G1 X-35.913 Y-17.256 E12.24752
G1 X-36.333 Y-16.934 E12.27297
G1 X-36.79 Y-16.719 E12.29726
G1 X-36.084 Y-16.611 E12.33161
G1 X-35.48 Y-16.43 E12.36194
G1 X-34.884 Y-16.147 E12.39367
G1 X-34.043 Y-15.519 E12.44415
G1 X-33.581 Y-15.004 E12.47743
G1 X-33.131 Y-14.261 E12.51921
G1 X-32.847 Y-13.465 E12.55986
G1 X-32.72 Y-12.435 E12.60977
G1 X-32.72 Y-11.769 E12.6418
G1 X-28.664 Y-7.713 E12.91768
G1 X-32.3 Y-7.713 E13.09256
G1 X-32.893 Y-8.307 E13.13293
;LAYER_CHANGE
;Z:8.15
;HEIGHT:0.3
G1 Z8.15 F7800
G1 E11.13293 F2400
G92 E0
G1 X-32.893 Y-8.307 F7800
G1 X-46.062 Y-30.899
G1 E2 F2400
;TYPE:Perimeter
;WIDTH:0.547343
G1 F3600
G1 X-45.629 Y-30.954 E2.02629
;WIDTH:0.513208
G1 X-37.373 Y-30.954 E2.48846
;WIDTH:0.535883
G1 X-37.103 Y-30.929 E2.50441
G1 X-36.788 Y-30.8 E2.52443
;WIDTH:0.492941
G1 X-36.473 Y-30.672 E2.5426
;WIDTH:0.45
G1 X-36.029 Y-30.306 E2.57028
G1 X-35.809 Y-30.031 E2.58722
G1 X-35.646 Y-29.72 E2.60411
G1 X-35.523 Y-29.179 E2.63079
G1 X-35.509 Y-28.097 E2.68283
G1 X-35.509 Y-18.84 E3.12806
G1 X-35.559 Y-18.407 E3.14902
G1 X-35.827 Y-17.808 E3.18058
G1 X-36.04 Y-17.528 E3.1975
G1 X-36.484 Y-17.18 E3.22463
;WIDTH:0.479952
G1 X-36.839 Y-17.054 E3.24416
;WIDTH:0.509904
G1 X-37.194 Y-16.927 E3.26511
;WIDTH:0.512648
G1 X-37.418 Y-16.9 E3.27772
G1 X-45.592 Y-16.901 E3.73473
;WIDTH:0.545803
G1 X-46.185 Y-16.979 E3.77064
;WIDTH:0.586741
G1 X-46.656 Y-17.18 E3.804
;WIDTH:0.587239
G1 X-46.968 Y-17.423 E3.82979
G1 X-47.307 Y-17.869 E3.86632
;WIDTH:0.583747
G1 X-47.444 Y-18.233 E3.89151
;WIDTH:0.558787
G1 X-47.532 Y-18.84 E3.92933
;WIDTH:0.511506
G1 X-47.531 Y-29.06 E4.49928
;WIDTH:0.552129
G1 X-47.432 Y-29.664 E4.53651
;WIDTH:0.583914
G1 X-47.29 Y-30.011 E4.56081
;WIDTH:0.594079
G1 X-46.964 Y-30.442 E4.59651
G1 X-46.525 Y-30.745 E4.63175
;WIDTH:0.582721
G1 X-46.119 Y-30.883 E4.65947
G1 X-46.119 Y-30.883 F7800
G1 X-45.955 Y-30.468
;WIDTH:0.45
G1 F3600
G1 X-45.629 Y-30.537 E4.6755
G1 X-37.373 Y-30.537 E5.07258
G1 X-36.819 Y-30.405 E5.09997
G1 X-36.595 Y-30.286 E5.11217
G1 X-36.22 Y-29.953 E5.13629
G1 X-35.999 Y-29.565 E5.15777
G1 X-35.898 Y-29.071 E5.18202
G1 X-35.895 Y-18.84 E5.6741
G1 X-35.978 Y-18.365 E5.69729
G1 X-36.241 Y-17.875 E5.72404
G1 X-36.649 Y-17.536 E5.74955
G1 X-36.877 Y-17.427 E5.7617
G1 X-37.418 Y-17.317 E5.78825
G1 X-45.593 Y-17.317 E6.18144
G1 X-46.029 Y-17.384 E6.20266
G1 X-46.396 Y-17.552 E6.22207
G1 X-46.682 Y-17.788 E6.2399
G1 X-46.979 Y-18.211 E6.26476
G1 X-47.102 Y-18.713 E6.28962
G1 X-47.116 Y-18.84 E6.29577
G1 X-47.115 Y-29.06 E6.78732
G1 X-47.008 Y-29.558 E6.81182
G1 X-46.92 Y-29.75 E6.82198
G1 X-46.653 Y-30.107 E6.84342
G1 X-46.175 Y-30.422 E6.87095
G1 X-46.014 Y-30.456 E6.87886
G1 X-46.014 Y-30.456 F7800
G1 X-45.864 Y-30.103
;TYPE:External perimeter
G1 F1800
G1 X-45.629 Y-30.152 E6.89041
G1 X-37.373 Y-30.151 E7.28749
G1 X-36.873 Y-30.013 E7.31244
G1 X-36.489 Y-29.668 E7.33727
G1 X-36.339 Y-29.366 E7.35349
G1 X-36.28 Y-29.014 E7.37066
G1 X-36.28 Y-18.84 E7.85999
G1 X-36.329 Y-18.526 E7.87528
G1 X-36.569 Y-18.09 E7.89922
G1 X-36.964 Y-17.802 E7.92273
G1 X-37.418 Y-17.703 E7.94508
G1 X-45.592 Y-17.703 E8.33822
G1 X-45.89 Y-17.744 E8.35269
G1 X-46.175 Y-17.868 E8.36764
G1 X-46.374 Y-18.019 E8.37965
G1 X-46.639 Y-18.415 E8.40257
G1 X-46.73 Y-18.84 E8.42347
G1 X-46.729 Y-29.06 E8.91502
G1 X-46.605 Y-29.528 E8.93831
G1 X-46.367 Y-29.843 E8.9573
G1 X-45.994 Y-30.076 E8.97845
G1 X-45.922 Y-30.091 E8.98199
G1 X-45.526 Y-30.144 F7800
G1 E6.98199 F2400
G92 E0
G1 X-19.502 Y-40.431 F7800
G1 E2 F2400
;TYPE:Perimeter
G1 F3600
G1 X-19.502 Y-33.593 E2.32888
G1 X-19.502 Y-7.424 E3.58752
G1 X-33.009 Y-7.424 E4.23716
G1 X-33.009 Y-12.429 E4.47788
G1 X-33.156 Y-13.489 E4.52935
G1 X-33.437 Y-14.22 E4.56702
G1 X-33.856 Y-14.881 E4.60466
G1 X-34.414 Y-15.462 E4.6434
G1 X-35.185 Y-15.983 E4.68816
G1 X-35.727 Y-16.212 E4.71646
G1 X-36.296 Y-16.358 E4.74471
;WIDTH:0.45852
G1 X-36.856 Y-16.424 E4.77243
;WIDTH:0.485584
G1 X-37.137 Y-16.438 E4.78721
;WIDTH:0.512648
G1 X-37.418 Y-16.452 E4.80294
G1 X-45.592 Y-16.454 E5.25995
;WIDTH:0.527005
G1 X-45.942 Y-16.462 E5.28015
;WIDTH:0.563955
G1 X-46.446 Y-16.543 E5.31196
;WIDTH:0.582681
G1 X-46.869 Y-16.708 E5.34131
;WIDTH:0.591885
G1 X-47.193 Y-16.914 E5.36657
;WIDTH:0.599403
G1 X-47.537 Y-17.271 E5.39965
G1 X-47.788 Y-17.682 E5.43179
;WIDTH:0.578561
G1 X-47.932 Y-18.16 E5.46381
;WIDTH:0.558787
G1 X-47.979 Y-18.84 E5.50584
;WIDTH:0.511506
G1 X-47.978 Y-29.06 E6.07579
;WIDTH:0.552129
G1 X-47.91 Y-29.753 E6.11815
;WIDTH:0.583586
G1 X-47.756 Y-30.235 E6.15092
;WIDTH:0.591229
G1 X-47.544 Y-30.572 E6.17708
;WIDTH:0.594079
G1 X-47.336 Y-30.819 E6.19841
G1 X-46.913 Y-31.125 E6.2329
;WIDTH:0.591741
G1 X-46.657 Y-31.247 E6.25155
;WIDTH:0.5772
G1 X-46.139 Y-31.375 E6.28568
;WIDTH:0.547343
G1 X-45.629 Y-31.401 E6.31644
;WIDTH:0.513208
G1 X-37.373 Y-31.403 E6.77861
;WIDTH:0.535883
G1 X-37.041 Y-31.392 E6.79815
G1 X-36.853 Y-31.421 E6.80934
;WIDTH:0.492941
G1 X-36.666 Y-31.451 E6.81946
;WIDTH:0.45
G1 X-36.129 Y-31.532 E6.84558
G1 X-35.593 Y-31.691 E6.87247
G1 X-35.021 Y-31.965 E6.90297
G1 X-34.414 Y-32.393 E6.93869
G1 X-34.075 Y-32.732 E6.96175
G1 X-33.743 Y-33.126 E6.98653
G1 X-33.357 Y-33.806 E7.02414
G1 X-33.107 Y-34.573 E7.06294
G1 X-33.009 Y-35.426 E7.10424
G1 X-33.009 Y-40.431 E7.34496
G1 X-19.562 Y-40.431 E7.99171
G1 X-19.562 Y-40.431 F7800
G1 X-19.116 Y-40.817
G1 F3600
G1 X-19.116 Y-33.593 E8.33916
G1 X-19.116 Y-7.038 E9.61636
G1 X-33.395 Y-7.038 E10.30313
G1 X-33.395 Y-12.429 E10.56242
G1 X-33.519 Y-13.359 E10.60755
G1 X-33.768 Y-14.021 E10.64157
G1 X-34.141 Y-14.622 E10.67559
G1 X-34.636 Y-15.147 E10.71029
G1 X-35.342 Y-15.631 E10.75146
G1 X-35.83 Y-15.84 E10.77699
G1 X-36.343 Y-15.976 E10.80252
G1 X-36.856 Y-16.035 E10.82736
G1 X-45.969 Y-16.038 E11.26566
G1 X-46.585 Y-16.114 E11.29551
G1 X-47.062 Y-16.298 E11.3201
G1 X-47.513 Y-16.579 E11.34566
G1 X-47.87 Y-16.954 E11.37056
G1 X-48.135 Y-17.36 E11.39388
G1 X-48.304 Y-17.794 E11.41628
G1 X-48.395 Y-18.45 E11.44813
G1 X-48.395 Y-29.391 E11.97435
G1 X-48.328 Y-29.934 E12.00066
G1 X-48.154 Y-30.463 E12.02744
G1 X-47.88 Y-30.893 E12.05196
G1 X-47.561 Y-31.227 E12.07417
G1 X-47.053 Y-31.568 E12.1036
G1 X-46.589 Y-31.722 E12.12711
G1 X-45.99 Y-31.817 E12.15628
G1 X-36.785 Y-31.825 E12.59901
G1 X-36.232 Y-31.904 E12.62588
G1 X-35.749 Y-32.044 E12.65007
G1 X-35.243 Y-32.28 E12.67692
G1 X-34.54 Y-32.792 E12.71875
G1 X-34.074 Y-33.324 E12.75277
G1 X-33.72 Y-33.936 E12.78677
G1 X-33.49 Y-34.62 E12.82148
G1 X-33.395 Y-35.426 E12.86051
G1 X-33.395 Y-40.817 E13.1198
G1 X-19.176 Y-40.817 E13.80368
G1 X-18.73 Y-41.203 F7800
;TYPE:External perimeter
G1 F1800
G1 X-18.73 Y-33.593 E14.16969
G1 X-18.73 Y-6.653 E15.46541
G1 X-33.78 Y-6.653 E16.18926
G1 X-33.78 Y-12.429 E16.46707
G1 X-33.882 Y-13.229 E16.50586
G1 X-34.099 Y-13.823 E16.53628
G1 X-34.427 Y-14.363 E16.56667
G1 X-34.858 Y-14.832 E16.59731
G1 X-35.465 Y-15.259 E16.633
G1 X-35.906 Y-15.459 E16.65629
G1 X-36.362 Y-15.587 E16.67907
G1 X-36.856 Y-15.649 E16.70302
G1 X-45.992 Y-15.653 E17.14243
G1 X-46.679 Y-15.737 E17.17572
G1 X-47.201 Y-15.939 E17.20264
G1 X-47.661 Y-16.214 E17.22842
G1 X-47.955 Y-16.483 E17.24759
G1 X-48.298 Y-16.883 E17.27293
G1 X-48.567 Y-17.381 E17.30015
G1 X-48.728 Y-17.923 E17.32734
G1 X-48.78 Y-18.436 E17.35214
G1 X-48.78 Y-29.414 E17.88014
G1 X-48.696 Y-30.103 E17.91352
G1 X-48.502 Y-30.635 E17.94076
G1 X-48.205 Y-31.1 E17.9673
G1 X-47.872 Y-31.48 E17.9916
G1 X-47.398 Y-31.813 E18.01946
G1 X-47.043 Y-31.994 E18.03863
G1 X-46.46 Y-32.147 E18.06762
G1 X-46 Y-32.203 E18.08991
G1 X-37.041 Y-32.206 E18.52081
G1 X-36.39 Y-32.262 E18.55224
G1 X-35.932 Y-32.387 E18.57507
G1 X-35.465 Y-32.596 E18.59968
G1 X-34.826 Y-33.051 E18.63741
G1 X-34.404 Y-33.522 E18.66783
G1 X-34.083 Y-34.066 E18.69821
G1 X-33.873 Y-34.667 E18.72883
G1 X-33.78 Y-35.426 E18.76561
G1 X-33.78 Y-41.203 E19.04346
G1 X-18.79 Y-41.203 E19.76443
G1 X-18.731 Y-40.807 F7800
G1 E17.76443 F2400
G92 E0
G1 X-19.617 Y-38.659 F7800
G1 E2 F2400
;TYPE:Internal infill
;WIDTH:0.45
G1 F4800
G1 X-21.101 Y-40.142 E2.10091
G1 X-24.736 Y-40.142 E2.27574
G1 X-19.791 Y-35.196 E2.61213
G1 X-19.791 Y-31.561 E2.78696
G1 X-28.372 Y-40.142 E3.37063
G1 X-32.008 Y-40.142 E3.54551
G1 X-19.791 Y-27.925 E4.3765
G1 X-19.791 Y-24.289 E4.55138
G1 X-32.72 Y-37.219 E5.43083
G1 X-32.72 Y-35.42 E5.51736
G1 X-32.847 Y-34.39 E5.56727
G1 X-33.026 Y-33.889 E5.59286
G1 X-19.791 Y-20.654 E6.49309
G1 X-19.791 Y-17.018 E6.66797
G1 X-34.647 Y-31.875 E7.67849
G1 X-35.059 Y-31.612 E7.702
G1 X-35.644 Y-31.366 E7.73252
G1 X-36.775 Y-31.126 E7.78813
G1 X-36.156 Y-30.798 E7.82182
G1 X-35.709 Y-30.395 E7.85077
G1 X-35.559 Y-30.177 E7.8635
G1 X-35.298 Y-29.57 E7.89528
G1 X-35.22 Y-28.812 E7.93193
G1 X-19.791 Y-13.383 E8.98139
G1 X-19.791 Y-9.747 E9.15627
G1 X-35.22 Y-25.176 E10.20573
G1 X-35.22 Y-21.54 E10.38061
G1 X-21.393 Y-7.713 E11.32111
G1 X-25.028 Y-7.713 E11.49594
G1 X-35.376 Y-18.061 E12.1998
G1 X-35.718 Y-17.447 E12.2336
G1 X-35.909 Y-17.259 E12.24649
G1 X-36.331 Y-16.934 E12.27211
G1 X-36.789 Y-16.719 E12.29644
G1 X-36.084 Y-16.611 E12.33074
G1 X-35.48 Y-16.43 E12.36107
G1 X-34.884 Y-16.147 E12.3928
G1 X-34.043 Y-15.519 E12.44328
G1 X-33.581 Y-15.004 E12.47656
G1 X-33.131 Y-14.261 E12.51834
G1 X-32.847 Y-13.465 E12.55899
G1 X-32.72 Y-12.435 E12.6089
G1 X-32.72 Y-11.769 E12.64093
G1 X-28.664 Y-7.713 E12.91681
G1 X-32.3 Y-7.713 E13.09169
G1 X-32.893 Y-8.307 E13.13206
;LAYER_CHANGE
;Z:8.45
;HEIGHT:0.3
G1 Z8.45 F7800
G1 E11.13206 F2400
G92 E0
G1 X-32.893 Y-8.307 F7800
G1 X-46.06 Y-30.888
G1 E2 F2400
;TYPE:Perimeter
;WIDTH:0.572574
G1 F3600
G1 X-45.924 Y-30.924 E2.00892
;WIDTH:0.534571
G1 X-45.628 Y-30.954 E2.02637
;WIDTH:0.513208
G1 X-37.373 Y-30.954 E2.48849
;WIDTH:0.535863
G1 X-37.104 Y-30.929 E2.50438
G1 X-36.788 Y-30.8 E2.52445
;WIDTH:0.492931
G1 X-36.473 Y-30.672 E2.54262
;WIDTH:0.45
G1 X-36.03 Y-30.307 E2.57023
G1 X-35.809 Y-30.031 E2.58724
G1 X-35.646 Y-29.72 E2.60413
G1 X-35.523 Y-29.179 E2.63081
G1 X-35.509 Y-28.097 E2.68285
G1 X-35.509 Y-18.84 E3.12808
G1 X-35.559 Y-18.407 E3.14904
G1 X-35.827 Y-17.808 E3.1806
G1 X-36.04 Y-17.528 E3.19752
G1 X-36.487 Y-17.18 E3.22477
;WIDTH:0.480513
G1 X-36.843 Y-17.053 E3.24439
;WIDTH:0.511027
G1 X-37.199 Y-16.925 E3.26547
;WIDTH:0.512648
G1 X-37.418 Y-16.9 E3.27779
G1 X-45.592 Y-16.901 E3.7348
;WIDTH:0.545804
G1 X-46.185 Y-16.979 E3.77071
;WIDTH:0.586793
G1 X-46.655 Y-17.179 E3.80399
G1 X-46.974 Y-17.428 E3.83036
G1 X-47.317 Y-17.886 E3.86764
;WIDTH:0.581794
G1 X-47.444 Y-18.233 E3.89149
;WIDTH:0.558786
G1 X-47.532 Y-18.84 E3.92931
;WIDTH:0.511506
G1 X-47.531 Y-29.06 E4.49926
;WIDTH:0.552127
G1 X-47.432 Y-29.664 E4.53649
;WIDTH:0.587937
G1 X-47.282 Y-30.026 E4.56208
;WIDTH:0.594726
G1 X-46.911 Y-30.489 E4.60133
G1 X-46.448 Y-30.785 E4.63768
;WIDTH:0.572574
G1 X-46.118 Y-30.873 E4.65933
G1 X-46.118 Y-30.873 F7800
G1 X-45.955 Y-30.468
;WIDTH:0.45
G1 F3600
G1 X-45.628 Y-30.537 E4.6754
G1 X-37.373 Y-30.537 E5.07244
G1 X-36.819 Y-30.405 E5.09983
G1 X-36.596 Y-30.286 E5.11199
G1 X-36.221 Y-29.954 E5.13608
G1 X-35.999 Y-29.565 E5.15762
G1 X-35.898 Y-29.071 E5.18187
G1 X-35.895 Y-18.84 E5.67395
G1 X-35.978 Y-18.365 E5.69714
G1 X-36.241 Y-17.875 E5.72389
G1 X-36.659 Y-17.53 E5.74996
G1 X-36.888 Y-17.422 E5.76214
G1 X-37.418 Y-17.317 E5.78813
G1 X-45.593 Y-17.317 E6.18132
G1 X-46.029 Y-17.384 E6.20254
G1 X-46.393 Y-17.55 E6.22178
G1 X-46.691 Y-17.796 E6.24037
G1 X-46.978 Y-18.21 E6.2646
G1 X-47.102 Y-18.713 E6.28952
G1 X-47.116 Y-18.84 E6.29567
G1 X-47.115 Y-29.06 E6.78722
G1 X-47.008 Y-29.558 E6.81172
G1 X-46.91 Y-29.764 E6.82269
G1 X-46.614 Y-30.14 E6.84571
G1 X-46.175 Y-30.422 E6.87081
G1 X-46.014 Y-30.456 E6.87872
G1 X-46.014 Y-30.456 F7800
G1 X-45.864 Y-30.103
;TYPE:External perimeter
G1 F1800
G1 X-45.628 Y-30.152 E6.89031
G1 X-37.373 Y-30.151 E7.28735
G1 X-36.874 Y-30.013 E7.31225
G1 X-36.49 Y-29.668 E7.33708
G1 X-36.339 Y-29.366 E7.35332
G1 X-36.28 Y-29.014 E7.37049
G1 X-36.28 Y-18.84 E7.85982
G1 X-36.329 Y-18.526 E7.87511
G1 X-36.569 Y-18.089 E7.89909
G1 X-36.972 Y-17.798 E7.923
G1 X-37.418 Y-17.703 E7.94493
G1 X-45.592 Y-17.703 E8.33807
G1 X-45.89 Y-17.744 E8.35254
G1 X-46.171 Y-17.866 E8.36727
G1 X-46.381 Y-18.025 E8.37994
G1 X-46.639 Y-18.415 E8.40243
G1 X-46.73 Y-18.84 E8.42333
G1 X-46.729 Y-29.06 E8.91488
G1 X-46.595 Y-29.542 E8.93894
G1 X-46.338 Y-29.863 E8.95872
G1 X-45.994 Y-30.076 E8.97818
G1 X-45.922 Y-30.091 E8.98172
G1 X-45.526 Y-30.144 F7800
G1 E6.98172 F2400
G92 E0
G1 X-19.502 Y-40.431 F7800
G1 E2 F2400
;TYPE:Perimeter
G1 F3600
G1 X-19.502 Y-33.593 E2.32888
G1 X-19.502 Y-7.424 E3.58752
G1 X-33.009 Y-7.424 E4.23716
G1 X-33.009 Y-12.429 E4.47788
G1 X-33.156 Y-13.489 E4.52935
G1 X-33.437 Y-14.22 E4.56702
G1 X-33.856 Y-14.881 E4.60466
G1 X-34.414 Y-15.462 E4.6434
G1 X-35.185 Y-15.983 E4.68816
G1 X-35.727 Y-16.212 E4.71646
G1 X-36.296 Y-16.358 E4.74471
;WIDTH:0.458534
G1 X-36.856 Y-16.424 E4.77243
;WIDTH:0.485591
G1 X-37.137 Y-16.438 E4.78721
;WIDTH:0.512648
G1 X-37.418 Y-16.452 E4.80294
G1 X-45.592 Y-16.454 E5.25995
;WIDTH:0.527005
G1 X-45.942 Y-16.462 E5.28015
;WIDTH:0.563956
G1 X-46.446 Y-16.543 E5.31196
;WIDTH:0.5833
G1 X-46.873 Y-16.71 E5.34163
;WIDTH:0.589287
G1 X-47.118 Y-16.862 E5.36051
;WIDTH:0.591669
G1 X-47.46 Y-17.185 E5.39145
G1 X-47.777 Y-17.656 E5.42879
;WIDTH:0.581794
G1 X-47.932 Y-18.16 E5.46282
;WIDTH:0.558786
G1 X-47.979 Y-18.84 E5.50485
;WIDTH:0.511506
G1 X-47.978 Y-29.06 E6.0748
;WIDTH:0.552127
G1 X-47.91 Y-29.753 E6.11716
;WIDTH:0.585654
G1 X-47.749 Y-30.251 E6.15119
;WIDTH:0.595788
G1 X-47.606 Y-30.492 E6.16976
G1 X-47.278 Y-30.869 E6.20288
;WIDTH:0.59743
G1 X-47.075 Y-31.025 E6.2199
G1 X-46.627 Y-31.256 E6.25341
;WIDTH:0.572574
G1 X-46.139 Y-31.375 E6.28525
;WIDTH:0.547367
G1 X-45.628 Y-31.401 E6.31607
;WIDTH:0.513208
G1 X-37.373 Y-31.403 E6.77819
;WIDTH:0.535863
G1 X-37.041 Y-31.392 E6.79772
G1 X-36.854 Y-31.421 E6.80885
;WIDTH:0.492931
G1 X-36.666 Y-31.451 E6.81903
;WIDTH:0.45
G1 X-36.13 Y-31.532 E6.8451
G1 X-35.593 Y-31.691 E6.87204
G1 X-35.021 Y-31.965 E6.90254
G1 X-34.414 Y-32.393 E6.93826
G1 X-34.075 Y-32.732 E6.96132
G1 X-33.743 Y-33.126 E6.9861
G1 X-33.357 Y-33.806 E7.02371
G1 X-33.107 Y-34.573 E7.06251
G1 X-33.009 Y-35.426 E7.10381
G1 X-33.009 Y-40.431 E7.34453
G1 X-19.562 Y-40.431 E7.99128
G1 X-19.562 Y-40.431 F7800
G1 X-19.116 Y-40.817
G1 F3600
G1 X-19.116 Y-33.593 E8.33873
G1 X-19.116 Y-7.038 E9.61593
G1 X-33.395 Y-7.038 E10.3027
G1 X-33.395 Y-12.429 E10.56199
G1 X-33.519 Y-13.359 E10.60712
G1 X-33.768 Y-14.021 E10.64114
G1 X-34.141 Y-14.622 E10.67516
G1 X-34.636 Y-15.147 E10.70986
G1 X-35.342 Y-15.631 E10.75103
G1 X-35.83 Y-15.84 E10.77656
G1 X-36.343 Y-15.976 E10.80209
G1 X-36.856 Y-16.035 E10.82693
G1 X-45.969 Y-16.038 E11.26523
G1 X-46.585 Y-16.114 E11.29508
G1 X-47.062 Y-16.298 E11.31967
G1 X-47.513 Y-16.579 E11.34523
G1 X-47.868 Y-16.951 E11.36996
G1 X-48.147 Y-17.387 E11.39486
G1 X-48.304 Y-17.794 E11.41584
G1 X-48.395 Y-18.45 E11.44769
G1 X-48.395 Y-29.391 E11.97391
G1 X-48.328 Y-29.934 E12.00022
G1 X-48.175 Y-30.406 E12.02408
G1 X-47.999 Y-30.739 E12.0422
G1 X-47.623 Y-31.171 E12.06975
G1 X-47.344 Y-31.404 E12.08723
G1 X-46.886 Y-31.634 E12.11188
G1 X-46.589 Y-31.722 E12.12678
G1 X-45.99 Y-31.817 E12.15595
G1 X-36.785 Y-31.825 E12.59868
G1 X-36.233 Y-31.903 E12.62549
G1 X-35.749 Y-32.044 E12.64974
G1 X-35.243 Y-32.28 E12.67659
G1 X-34.54 Y-32.792 E12.71842
G1 X-34.074 Y-33.324 E12.75244
G1 X-33.72 Y-33.936 E12.78644
G1 X-33.49 Y-34.62 E12.82115
G1 X-33.395 Y-35.426 E12.86018
G1 X-33.395 Y-40.817 E13.11947
G1 X-19.176 Y-40.817 E13.80335
G1 X-18.73 Y-41.203 F7800
;TYPE:External perimeter
G1 F1800
G1 X-18.73 Y-33.593 E14.16936
G1 X-18.73 Y-6.653 E15.46508
G1 X-33.78 Y-6.653 E16.18893
G1 X-33.78 Y-12.429 E16.46674
G1 X-33.882 Y-13.229 E16.50553
G1 X-34.099 Y-13.823 E16.53595
G1 X-34.427 Y-14.363 E16.56634
G1 X-34.858 Y-14.832 E16.59698
G1 X-35.465 Y-15.259 E16.63267
G1 X-35.906 Y-15.459 E16.65596
G1 X-36.362 Y-15.587 E16.67874
G1 X-36.856 Y-15.649 E16.70269
G1 X-45.992 Y-15.653 E17.1421
G1 X-46.679 Y-15.737 E17.17539
G1 X-47.201 Y-15.939 E17.20231
G1 X-47.661 Y-16.214 E17.22809
G1 X-47.961 Y-16.489 E17.24766
G1 X-48.299 Y-16.886 E17.27274
G1 X-48.571 Y-17.389 E17.30024
G1 X-48.728 Y-17.923 E17.32701
G1 X-48.78 Y-18.436 E17.35181
G1 X-48.78 Y-29.415 E17.87986
G1 X-48.711 Y-29.981 E17.90728
G1 X-48.537 Y-30.538 E17.93535
G1 X-48.315 Y-30.964 E17.95845
G1 X-47.913 Y-31.424 E17.98783
G1 X-47.551 Y-31.731 E18.01066
G1 X-46.94 Y-32.039 E18.04357
G1 X-46.46 Y-32.147 E18.06723
G1 X-46 Y-32.203 E18.08952
G1 X-37.041 Y-32.206 E18.52042
G1 X-36.39 Y-32.262 E18.55185
G1 X-35.932 Y-32.387 E18.57468
G1 X-35.465 Y-32.596 E18.59929
G1 X-34.826 Y-33.051 E18.63702
G1 X-34.404 Y-33.522 E18.66744
G1 X-34.083 Y-34.066 E18.69782
G1 X-33.873 Y-34.667 E18.72844
G1 X-33.78 Y-35.426 E18.76522
G1 X-33.78 Y-41.203 E19.04307
G1 X-18.79 Y-41.203 E19.76404
G1 X-18.731 Y-40.807 F7800
G1 E17.76404 F2400
G92 E0
G1 X-19.617 Y-38.659 F7800
G1 E2 F2400
;TYPE:Internal infill
;WIDTH:0.45
G1 F4800
G1 X-21.101 Y-40.142 E2.10091
G1 X-24.736 Y-40.142 E2.27574
G1 X-19.791 Y-35.196 E2.61213
G1 X-19.791 Y-31.561 E2.78696
G1 X-28.372 Y-40.142 E3.37063
G1 X-32.008 Y-40.142 E3.54551
G1 X-19.791 Y-27.925 E4.3765
G1 X-19.791 Y-24.289 E4.55138
G1 X-32.72 Y-37.219 E5.43083
G1 X-32.72 Y-35.42 E5.51736
G1 X-32.847 Y-34.39 E5.56727
G1 X-33.026 Y-33.889 E5.59286
G1 X-19.791 Y-20.654 E6.49309
G1 X-19.791 Y-17.018 E6.66797
G1 X-34.647 Y-31.875 E7.67849
G1 X-35.059 Y-31.612 E7.702
G1 X-35.644 Y-31.366 E7.73252
G1 X-36.775 Y-31.126 E7.78813
G1 X-36.157 Y-30.799 E7.82176
G1 X-35.709 Y-30.395 E7.85077
G1 X-35.559 Y-30.177 E7.8635
G1 X-35.298 Y-29.57 E7.89528
G1 X-35.22 Y-28.812 E7.93193
G1 X-19.791 Y-13.383 E8.98139
G1 X-19.791 Y-9.747 E9.15627
G1 X-35.22 Y-25.176 E10.20573
G1 X-35.22 Y-21.54 E10.38061
G1 X-21.393 Y-7.713 E11.32111
G1 X-25.028 Y-7.713 E11.49594
G1 X-35.376 Y-18.061 E12.1998
G1 X-35.718 Y-17.447 E12.2336
G1 X-35.913 Y-17.256 E12.24673
G1 X-36.333 Y-16.934 E12.27218
G1 X-36.79 Y-16.719 E12.29647
G1 X-36.084 Y-16.611 E12.33082
G1 X-35.48 Y-16.43 E12.36115
G1 X-34.884 Y-16.147 E12.39288
G1 X-34.043 Y-15.519 E12.44336
G1 X-33.581 Y-15.004 E12.47664
G1 X-33.131 Y-14.261 E12.51842
G1 X-32.847 Y-13.465 E12.55907
G1 X-32.72 Y-12.435 E12.60898
G1 X-32.72 Y-11.769 E12.64101
G1 X-28.664 Y-7.713 E12.91689
G1 X-32.3 Y-7.713 E13.09177
G1 X-32.893 Y-8.307 E13.13214
;LAYER_CHANGE
;Z:8.75
;HEIGHT:0.3
G1 Z8.75 F7800
G1 E11.13214 F2400
G92 E0
G1 X-32.893 Y-8.307 F7800
G1 X-46.06 Y-30.888
G1 E2 F2400
;TYPE:Perimeter
;WIDTH:0.572574
G1 F3600
G1 X-45.924 Y-30.924 E2.00892
;WIDTH:0.534635
G1 X-45.627 Y-30.954 E2.02643
;WIDTH:0.513208
G1 X-37.373 Y-30.954 E2.48849
;WIDTH:0.524462
G1 X-36.915 Y-30.893 E2.515
G1 X-36.686 Y-30.768 E2.52997
;WIDTH:0.487231
G1 X-36.457 Y-30.643 E2.54373
;WIDTH:0.45
G1 X-36.095 Y-30.383 E2.56517
G1 X-35.756 Y-29.944 E2.59185
G1 X-35.624 Y-29.63 E2.60823
G1 X-35.516 Y-29.128 E2.63293
G1 X-35.509 Y-18.84 E3.12775
G1 X-35.559 Y-18.407 E3.14871
G1 X-35.827 Y-17.807 E3.18032
G1 X-36.04 Y-17.528 E3.1972
G1 X-36.484 Y-17.181 E3.2243
;WIDTH:0.479837
G1 X-36.838 Y-17.054 E3.24379
;WIDTH:0.509675
G1 X-37.193 Y-16.927 E3.26473
;WIDTH:0.512648
G1 X-37.418 Y-16.9 E3.2774
G1 X-45.592 Y-16.901 E3.73441
;WIDTH:0.54866
G1 X-46.147 Y-16.964 E3.76815
;WIDTH:0.581818
G1 X-46.63 Y-17.165 E3.80191
;WIDTH:0.593746
G1 X-46.99 Y-17.44 E3.83182
G1 X-47.302 Y-17.871 E3.86695
;WIDTH:0.573948
G1 X-47.404 Y-18.08 E3.88173
;WIDTH:0.565244
G1 X-47.515 Y-18.619 E3.91611
;WIDTH:0.526095
G1 X-47.532 Y-18.84 E3.92887
;WIDTH:0.511506
G1 X-47.531 Y-29.06 E4.49882
;WIDTH:0.552116
G1 X-47.432 Y-29.664 E4.53605
;WIDTH:0.588316
G1 X-47.258 Y-30.061 E4.56438
G1 X-46.935 Y-30.464 E4.59813
;WIDTH:0.586115
G1 X-46.448 Y-30.785 E4.63609
;WIDTH:0.572574
G1 X-46.118 Y-30.873 E4.65774
G1 X-46.118 Y-30.873 F7800
G1 X-45.955 Y-30.468
;WIDTH:0.45
G1 F3600
G1 X-45.627 Y-30.537 E4.67386
G1 X-37.373 Y-30.537 E5.07085
G1 X-36.945 Y-30.462 E5.09175
G1 X-36.504 Y-30.228 E5.11576
G1 X-36.271 Y-29.985 E5.13195
G1 X-36.027 Y-29.633 E5.15255
G1 X-35.909 Y-29.142 E5.17684
G1 X-35.895 Y-28.097 E5.22711
G1 X-35.895 Y-18.84 E5.67234
G1 X-35.978 Y-18.365 E5.69553
G1 X-36.241 Y-17.875 E5.72228
G1 X-36.647 Y-17.537 E5.74769
G1 X-36.875 Y-17.428 E5.75984
G1 X-37.418 Y-17.317 E5.7865
G1 X-45.593 Y-17.317 E6.17969
G1 X-46.029 Y-17.384 E6.20091
G1 X-46.37 Y-17.534 E6.21883
G1 X-46.691 Y-17.796 E6.23876
G1 X-46.989 Y-18.235 E6.26428
G1 X-47.116 Y-18.84 E6.29401
G1 X-47.115 Y-29.06 E6.78556
G1 X-47.008 Y-29.558 E6.81006
G1 X-46.886 Y-29.799 E6.82305
G1 X-46.638 Y-30.12 E6.84256
G1 X-46.175 Y-30.422 E6.86915
G1 X-46.014 Y-30.456 E6.87706
G1 X-46.014 Y-30.456 F7800
G1 X-45.864 Y-30.103
;TYPE:External perimeter
G1 F1800
G1 X-45.627 Y-30.152 E6.8887
G1 X-37.373 Y-30.151 E7.28569
G1 X-37.054 Y-30.089 E7.30132
G1 X-36.658 Y-29.856 E7.32342
G1 X-36.376 Y-29.46 E7.3468
G1 X-36.28 Y-29.015 E7.3687
G1 X-36.28 Y-18.84 E7.85808
G1 X-36.329 Y-18.526 E7.87337
G1 X-36.569 Y-18.09 E7.89731
G1 X-36.962 Y-17.803 E7.92072
G1 X-37.418 Y-17.703 E7.94317
G1 X-45.592 Y-17.703 E8.33631
G1 X-45.89 Y-17.744 E8.35078
G1 X-46.148 Y-17.849 E8.36418
G1 X-46.381 Y-18.025 E8.37822
G1 X-46.627 Y-18.37 E8.3986
G1 X-46.73 Y-18.84 E8.42174
G1 X-46.729 Y-29.06 E8.91329
G1 X-46.605 Y-29.528 E8.93658
G1 X-46.367 Y-29.843 E8.95557
G1 X-45.994 Y-30.076 E8.97672
G1 X-45.922 Y-30.091 E8.98026
G1 X-45.526 Y-30.144 F7800
G1 E6.98026 F2400
G92 E0
G1 X-19.502 Y-40.431 F7800
G1 E2 F2400
;TYPE:Perimeter
G1 F3600
G1 X-19.502 Y-33.593 E2.32888
G1 X-19.502 Y-7.424 E3.58752
G1 X-33.009 Y-7.424 E4.23716
G1 X-33.009 Y-12.429 E4.47788
G1 X-33.156 Y-13.489 E4.52935
G1 X-33.437 Y-14.22 E4.56702
G1 X-33.856 Y-14.881 E4.60466
G1 X-34.414 Y-15.462 E4.6434
G1 X-35.185 Y-15.983 E4.68816
G1 X-35.727 Y-16.212 E4.71646
G1 X-36.296 Y-16.358 E4.74471
;WIDTH:0.458517
G1 X-36.856 Y-16.424 E4.77243
;WIDTH:0.485582
G1 X-37.137 Y-16.438 E4.78721
;WIDTH:0.512648
G1 X-37.418 Y-16.452 E4.80294
G1 X-45.592 Y-16.454 E5.25995
;WIDTH:0.515601
G1 X-45.742 Y-16.456 E5.26839
;WIDTH:0.54866
G1 X-46.243 Y-16.493 E5.29873
;WIDTH:0.562024
G1 X-46.56 Y-16.583 E5.31918
;WIDTH:0.581818
G1 X-46.901 Y-16.725 E5.34302
;WIDTH:0.593746
G1 X-47.355 Y-17.058 E5.38019
;WIDTH:0.594096
G1 X-47.632 Y-17.407 E5.40963
G1 X-47.841 Y-17.83 E5.4408
;WIDTH:0.564316
G1 X-47.932 Y-18.157 E5.46196
;WIDTH:0.558987
G1 X-47.979 Y-18.84 E5.50419
;WIDTH:0.511506
G1 X-47.978 Y-29.06 E6.07414
;WIDTH:0.528841
G1 X-47.97 Y-29.365 E6.09181
;WIDTH:0.562031
G1 X-47.891 Y-29.868 E6.12341
;WIDTH:0.58098
G1 X-47.741 Y-30.251 E6.14991
;WIDTH:0.59214
G1 X-47.45 Y-30.693 E6.18474
;WIDTH:0.595318
G1 X-47.074 Y-31.026 E6.218
G1 X-46.627 Y-31.256 E6.25129
;WIDTH:0.572574
G1 X-46.139 Y-31.375 E6.28313
;WIDTH:0.547393
G1 X-45.627 Y-31.401 E6.31401
;WIDTH:0.513208
G1 X-37.373 Y-31.403 E6.77607
;WIDTH:0.542178
G1 X-36.932 Y-31.389 E6.80236
G1 X-36.834 Y-31.406 E6.80829
;WIDTH:0.515132
G1 X-36.736 Y-31.423 E6.81388
;WIDTH:0.488086
G1 X-36.157 Y-31.524 E6.84494
;WIDTH:0.45
G1 X-35.593 Y-31.691 E6.87323
G1 X-35.021 Y-31.965 E6.90373
G1 X-34.414 Y-32.393 E6.93945
G1 X-34.076 Y-32.731 E6.96244
G1 X-33.743 Y-33.126 E6.98729
G1 X-33.357 Y-33.806 E7.0249
G1 X-33.107 Y-34.573 E7.0637
G1 X-33.009 Y-35.426 E7.105
G1 X-33.009 Y-40.431 E7.34572
G1 X-19.562 Y-40.431 E7.99247
G1 X-19.562 Y-40.431 F7800
G1 X-19.116 Y-40.817
G1 F3600
G1 X-19.116 Y-33.593 E8.33992
G1 X-19.116 Y-7.038 E9.61712
G1 X-33.395 Y-7.038 E10.30389
G1 X-33.395 Y-12.429 E10.56318
G1 X-33.519 Y-13.359 E10.60831
G1 X-33.768 Y-14.021 E10.64233
G1 X-34.141 Y-14.622 E10.67635
G1 X-34.636 Y-15.147 E10.71105
G1 X-35.342 Y-15.631 E10.75222
G1 X-35.83 Y-15.84 E10.77775
G1 X-36.343 Y-15.976 E10.80328
G1 X-36.856 Y-16.035 E10.82812
G1 X-45.742 Y-16.038 E11.25551
G1 X-46.342 Y-16.065 E11.2844
G1 X-46.85 Y-16.205 E11.30974
G1 X-47.33 Y-16.442 E11.33549
G1 X-47.757 Y-16.82 E11.36292
G1 X-48.085 Y-17.281 E11.39013
G1 X-48.316 Y-17.844 E11.4194
G1 X-48.395 Y-18.45 E11.44879
G1 X-48.395 Y-29.391 E11.97501
G1 X-48.329 Y-29.922 E12.00075
G1 X-48.14 Y-30.469 E12.02858
G1 X-47.824 Y-30.956 E12.0565
G1 X-47.398 Y-31.352 E12.08447
G1 X-46.886 Y-31.634 E12.11258
G1 X-46.589 Y-31.722 E12.12748
G1 X-45.99 Y-31.817 E12.15665
G1 X-36.785 Y-31.825 E12.59938
G1 X-36.26 Y-31.896 E12.62486
G1 X-35.749 Y-32.044 E12.65045
G1 X-35.243 Y-32.28 E12.6773
G1 X-34.54 Y-32.792 E12.71913
G1 X-34.074 Y-33.324 E12.75315
G1 X-33.72 Y-33.936 E12.78715
G1 X-33.49 Y-34.62 E12.82186
G1 X-33.395 Y-35.426 E12.86089
G1 X-33.395 Y-40.817 E13.12018
G1 X-19.176 Y-40.817 E13.80406
G1 X-18.73 Y-41.203 F7800
;TYPE:External perimeter
G1 F1800
G1 X-18.73 Y-33.593 E14.17007
G1 X-18.73 Y-6.653 E15.46579
G1 X-33.78 Y-6.653 E16.18964
G1 X-33.78 Y-12.429 E16.46745
G1 X-33.882 Y-13.229 E16.50624
G1 X-34.099 Y-13.823 E16.53666
G1 X-34.427 Y-14.363 E16.56705
G1 X-34.858 Y-14.832 E16.59769
G1 X-35.465 Y-15.259 E16.63338
G1 X-35.906 Y-15.459 E16.65667
G1 X-36.362 Y-15.587 E16.67945
G1 X-36.856 Y-15.649 E16.7034
G1 X-45.742 Y-15.652 E17.13079
G1 X-46.408 Y-15.683 E17.16286
G1 X-47.069 Y-15.866 E17.19585
G1 X-47.546 Y-16.121 E17.22186
G1 X-47.987 Y-16.488 E17.24945
G1 X-48.383 Y-17 E17.28058
G1 X-48.601 Y-17.499 E17.30677
G1 X-48.729 Y-17.927 E17.32826
G1 X-48.78 Y-18.436 E17.35286
G1 X-48.78 Y-29.415 E17.88091
G1 X-48.696 Y-30.101 E17.91415
G1 X-48.451 Y-30.735 E17.94684
G1 X-48.061 Y-31.29 E17.97947
G1 X-47.547 Y-31.733 E18.01211
G1 X-46.94 Y-32.039 E18.0448
G1 X-46.46 Y-32.147 E18.06846
G1 X-46 Y-32.203 E18.09075
G1 X-36.933 Y-32.206 E18.52684
G1 X-36.39 Y-32.262 E18.55309
G1 X-35.932 Y-32.387 E18.57592
G1 X-35.465 Y-32.596 E18.60053
G1 X-34.826 Y-33.051 E18.63826
G1 X-34.404 Y-33.522 E18.66868
G1 X-34.083 Y-34.066 E18.69906
G1 X-33.873 Y-34.667 E18.72968
G1 X-33.78 Y-35.426 E18.76646
G1 X-33.78 Y-41.203 E19.04431
G1 X-18.79 Y-41.203 E19.76528
G1 X-18.731 Y-40.807 F7800
G1 E17.76528 F2400
G92 E0
G1 X-19.617 Y-38.659 F7800
G1 E2 F2400
;TYPE:Internal infill
;WIDTH:0.45
G1 F4800
G1 X-21.101 Y-40.142 E2.10091
G1 X-24.736 Y-40.142 E2.27574
G1 X-19.791 Y-35.196 E2.61213
G1 X-19.791 Y-31.561 E2.78696
G1 X-28.372 Y-40.142 E3.37063
G1 X-32.008 Y-40.142 E3.54551
G1 X-19.791 Y-27.925 E4.3765
G1 X-19.791 Y-24.289 E4.55138
G1 X-32.72 Y-37.219 E5.43083
G1 X-32.72 Y-35.42 E5.51736
G1 X-32.847 Y-34.39 E5.56727
G1 X-33.026 Y-33.889 E5.59286
G1 X-19.791 Y-20.654 E6.49309
G1 X-19.791 Y-17.018 E6.66797
G1 X-34.647 Y-31.875 E7.67849
G1 X-35.064 Y-31.609 E7.70228
G1 X-35.56 Y-31.393 E7.7283
G1 X-36.684 Y-31.125 E7.78388
G1 X-36.14 Y-30.797 E7.81443
G1 X-35.824 Y-30.51 E7.83496
G1 X-35.513 Y-30.101 E7.85967
G1 X-35.399 Y-29.882 E7.87154
G1 X-35.228 Y-29.162 E7.90713
G1 X-35.228 Y-28.819 E7.92363
G1 X-19.791 Y-13.383 E8.9736
G1 X-19.791 Y-9.747 E9.14848
G1 X-35.225 Y-25.181 E10.19828
G1 X-35.222 Y-21.542 E10.3733
G1 X-21.393 Y-7.713 E11.31393
G1 X-25.028 Y-7.713 E11.48876
G1 X-35.376 Y-18.061 E12.19262
G1 X-35.718 Y-17.447 E12.22642
G1 X-35.909 Y-17.26 E12.23928
G1 X-36.331 Y-16.934 E12.26493
G1 X-36.789 Y-16.719 E12.28926
G1 X-36.084 Y-16.611 E12.32356
G1 X-35.48 Y-16.43 E12.35389
G1 X-34.885 Y-16.147 E12.38558
G1 X-34.043 Y-15.519 E12.4361
G1 X-33.581 Y-15.004 E12.46938
G1 X-33.132 Y-14.261 E12.51113
G1 X-32.847 Y-13.465 E12.55179
G1 X-32.72 Y-12.435 E12.6017
G1 X-32.72 Y-11.769 E12.63373
G1 X-28.664 Y-7.713 E12.90961
G1 X-32.3 Y-7.713 E13.08449
G1 X-32.893 Y-8.307 E13.12486
;LAYER_CHANGE
;Z:9.05
;HEIGHT:0.3
G1 Z9.05 F7800
G1 E11.12486 F2400
G92 E0
G1 X-32.893 Y-8.307 F7800
G1 X-46.062 Y-30.899
G1 E2 F2400
;TYPE:Perimeter
;WIDTH:0.547417
G1 F3600
G1 X-45.626 Y-30.954 E2.02648
;WIDTH:0.513207
G1 X-37.373 Y-30.954 E2.48848
;WIDTH:0.535785
G1 X-37.104 Y-30.929 E2.50436
G1 X-36.789 Y-30.801 E2.52435
;WIDTH:0.492892
G1 X-36.473 Y-30.672 E2.54259
;WIDTH:0.45
G1 X-36.029 Y-30.306 E2.57027
G1 X-35.809 Y-30.031 E2.58721
G1 X-35.646 Y-29.72 E2.6041
G1 X-35.523 Y-29.179 E2.63078
G1 X-35.509 Y-28.097 E2.68282
G1 X-35.509 Y-18.84 E3.12805
G1 X-35.559 Y-18.407 E3.14901
G1 X-35.827 Y-17.808 E3.18057
G1 X-36.053 Y-17.515 E3.19837
G1 X-36.408 Y-17.228 E3.22033
;WIDTH:0.493923
G1 X-36.657 Y-17.094 E3.23548
;WIDTH:0.537847
G1 X-36.907 Y-16.96 E3.25223
G1 X-37.418 Y-16.9 E3.28261
;WIDTH:0.512649
G1 X-45.592 Y-16.901 E3.73962
;WIDTH:0.54866
G1 X-46.147 Y-16.964 E3.77336
;WIDTH:0.58182
G1 X-46.63 Y-17.165 E3.80712
;WIDTH:0.593768
G1 X-46.991 Y-17.442 E3.83716
G1 X-47.299 Y-17.865 E3.87171
;WIDTH:0.575767
G1 X-47.397 Y-18.06 E3.88563
;WIDTH:0.566616
G1 X-47.515 Y-18.619 E3.92142
;WIDTH:0.526095
G1 X-47.532 Y-18.84 E3.93418
;WIDTH:0.511506
G1 X-47.531 Y-29.06 E4.50413
;WIDTH:0.552115
G1 X-47.432 Y-29.664 E4.54136
;WIDTH:0.582857
G1 X-47.29 Y-30.01 E4.56555
;WIDTH:0.593937
G1 X-46.967 Y-30.44 E4.60107
G1 X-46.526 Y-30.745 E4.63649
;WIDTH:0.583185
G1 X-46.119 Y-30.883 E4.6643
G1 X-46.119 Y-30.883 F7800
G1 X-45.955 Y-30.468
;WIDTH:0.45
G1 F3600
G1 X-45.626 Y-30.537 E4.68047
G1 X-37.373 Y-30.537 E5.07741
G1 X-36.819 Y-30.406 E5.10479
G1 X-36.596 Y-30.286 E5.11697
G1 X-36.22 Y-29.953 E5.14113
G1 X-35.999 Y-29.565 E5.16261
G1 X-35.898 Y-29.071 E5.18686
G1 X-35.895 Y-18.84 E5.67894
G1 X-35.978 Y-18.365 E5.70213
G1 X-36.241 Y-17.875 E5.72888
G1 X-36.587 Y-17.569 E5.7511
G1 X-37.017 Y-17.376 E5.77377
G1 X-37.418 Y-17.317 E5.79326
G1 X-45.593 Y-17.317 E6.18645
G1 X-46.029 Y-17.384 E6.20767
G1 X-46.37 Y-17.534 E6.22559
G1 X-46.691 Y-17.796 E6.24552
G1 X-46.984 Y-18.224 E6.27047
G1 X-47.102 Y-18.713 E6.29466
G1 X-47.116 Y-18.84 E6.30081
G1 X-47.115 Y-29.06 E6.79236
G1 X-47.008 Y-29.558 E6.81686
G1 X-46.92 Y-29.75 E6.82702
G1 X-46.655 Y-30.105 E6.84833
G1 X-46.175 Y-30.422 E6.876
G1 X-46.014 Y-30.456 E6.88391
G1 X-46.014 Y-30.456 F7800
G1 X-45.864 Y-30.103
;TYPE:External perimeter
G1 F1800
G1 X-45.626 Y-30.152 E6.8956
G1 X-37.373 Y-30.151 E7.29254
G1 X-36.874 Y-30.013 E7.31744
G1 X-36.489 Y-29.668 E7.3423
G1 X-36.339 Y-29.366 E7.35852
G1 X-36.28 Y-29.014 E7.37569
G1 X-36.28 Y-18.84 E7.86502
G1 X-36.329 Y-18.526 E7.88031
G1 X-36.585 Y-18.073 E7.90534
G1 X-36.809 Y-17.888 E7.91931
G1 X-37.08 Y-17.756 E7.93381
G1 X-37.418 Y-17.703 E7.95027
G1 X-45.592 Y-17.703 E8.34341
G1 X-45.89 Y-17.744 E8.35788
G1 X-46.148 Y-17.849 E8.37128
G1 X-46.381 Y-18.025 E8.38532
G1 X-46.626 Y-18.366 E8.40552
G1 X-46.73 Y-18.84 E8.42886
G1 X-46.729 Y-29.06 E8.92041
G1 X-46.605 Y-29.528 E8.9437
G1 X-46.367 Y-29.843 E8.96269
G1 X-45.994 Y-30.076 E8.98384
G1 X-45.922 Y-30.091 E8.98738
G1 X-45.526 Y-30.144 F7800
G1 E6.98738 F2400
G92 E0
G1 X-19.502 Y-40.431 F7800
G1 E2 F2400
;TYPE:Perimeter
G1 F3600
G1 X-19.502 Y-33.593 E2.32888
G1 X-19.502 Y-7.424 E3.58752
G1 X-33.009 Y-7.424 E4.23716
G1 X-33.009 Y-12.429 E4.47788
G1 X-33.156 Y-13.489 E4.52935
G1 X-33.437 Y-14.22 E4.56702
G1 X-33.856 Y-14.881 E4.60466
G1 X-34.414 Y-15.462 E4.6434
G1 X-35.185 Y-15.983 E4.68816
G1 X-35.727 Y-16.212 E4.71646
G1 X-36.296 Y-16.358 E4.74471
;WIDTH:0.498511
G1 X-36.6 Y-16.414 E4.76145
;WIDTH:0.547023
G1 X-36.905 Y-16.469 E4.78011
G1 X-37.418 Y-16.452 E4.81101
;WIDTH:0.512649
G1 X-45.592 Y-16.454 E5.26802
;WIDTH:0.515602
G1 X-45.742 Y-16.456 E5.27646
;WIDTH:0.54866
G1 X-46.243 Y-16.493 E5.3068
;WIDTH:0.562023
G1 X-46.56 Y-16.583 E5.32725
;WIDTH:0.58182
G1 X-46.901 Y-16.725 E5.35109
;WIDTH:0.593768
G1 X-47.356 Y-17.06 E5.3884
;WIDTH:0.594162
G1 X-47.635 Y-17.411 E5.41803
G1 X-47.84 Y-17.82 E5.44826
;WIDTH:0.566122
G1 X-47.932 Y-18.16 E5.4703
;WIDTH:0.558788
G1 X-47.979 Y-18.84 E5.51233
;WIDTH:0.511506
G1 X-47.978 Y-29.06 E6.08228
;WIDTH:0.552115
G1 X-47.91 Y-29.753 E6.12464
;WIDTH:0.582202
G1 X-47.767 Y-30.215 E6.15588
;WIDTH:0.590786
G1 X-47.544 Y-30.57 E6.18341
;WIDTH:0.593937
G1 X-47.299 Y-30.851 E6.20803
G1 X-46.886 Y-31.14 E6.24132
;WIDTH:0.589865
G1 X-46.659 Y-31.246 E6.25774
;WIDTH:0.577654
G1 X-46.139 Y-31.375 E6.29204
;WIDTH:0.547417
G1 X-45.626 Y-31.401 E6.32299
;WIDTH:0.513207
G1 X-37.373 Y-31.403 E6.78499
;WIDTH:0.535785
G1 X-37.042 Y-31.392 E6.80446
G1 X-36.854 Y-31.421 E6.81564
;WIDTH:0.492892
G1 X-36.667 Y-31.451 E6.82576
;WIDTH:0.45
G1 X-36.129 Y-31.532 E6.85193
G1 X-35.593 Y-31.691 E6.87882
G1 X-35.021 Y-31.965 E6.90932
G1 X-34.414 Y-32.393 E6.94504
G1 X-34.075 Y-32.732 E6.9681
G1 X-33.743 Y-33.126 E6.99288
G1 X-33.357 Y-33.806 E7.03049
G1 X-33.107 Y-34.573 E7.06929
G1 X-33.009 Y-35.426 E7.11059
G1 X-33.009 Y-40.431 E7.35131
G1 X-19.562 Y-40.431 E7.99806
G1 X-19.562 Y-40.431 F7800
G1 X-19.116 Y-40.817
G1 F3600
G1 X-19.116 Y-33.593 E8.34551
G1 X-19.116 Y-7.038 E9.62271
G1 X-33.395 Y-7.038 E10.30948
G1 X-33.395 Y-12.429 E10.56877
G1 X-33.519 Y-13.359 E10.6139
G1 X-33.768 Y-14.021 E10.64792
G1 X-34.141 Y-14.622 E10.68194
G1 X-34.636 Y-15.147 E10.71664
G1 X-35.342 Y-15.631 E10.75781
G1 X-35.83 Y-15.84 E10.78334
G1 X-36.343 Y-15.976 E10.80887
G1 X-36.856 Y-16.035 E10.83371
G1 X-45.742 Y-16.038 E11.2611
G1 X-46.342 Y-16.065 E11.28999
G1 X-46.85 Y-16.205 E11.31533
G1 X-47.329 Y-16.442 E11.34103
G1 X-47.758 Y-16.822 E11.36859
G1 X-48.086 Y-17.28 E11.39568
G1 X-48.308 Y-17.815 E11.42354
G1 X-48.395 Y-18.45 E11.45437
G1 X-48.395 Y-29.391 E11.98059
G1 X-48.327 Y-29.938 E12.0071
G1 X-48.165 Y-30.441 E12.03252
G1 X-47.88 Y-30.892 E12.05818
G1 X-47.56 Y-31.227 E12.08046
G1 X-47.024 Y-31.582 E12.11138
G1 X-46.589 Y-31.722 E12.13336
G1 X-45.99 Y-31.817 E12.16253
G1 X-36.785 Y-31.825 E12.60526
G1 X-36.232 Y-31.904 E12.63213
G1 X-35.749 Y-32.044 E12.65632
G1 X-35.243 Y-32.28 E12.68317
G1 X-34.54 Y-32.792 E12.725
G1 X-34.074 Y-33.324 E12.75902
G1 X-33.72 Y-33.936 E12.79302
G1 X-33.49 Y-34.62 E12.82773
G1 X-33.395 Y-35.426 E12.86676
G1 X-33.395 Y-40.817 E13.12605
G1 X-19.176 Y-40.817 E13.80993
G1 X-18.73 Y-41.203 F7800
;TYPE:External perimeter
G1 F1800
G1 X-18.73 Y-33.593 E14.17594
G1 X-18.73 Y-6.653 E15.47166
G1 X-33.78 Y-6.653 E16.19551
G1 X-33.78 Y-12.429 E16.47332
G1 X-33.882 Y-13.229 E16.51211
G1 X-34.099 Y-13.823 E16.54253
G1 X-34.427 Y-14.363 E16.57292
G1 X-34.858 Y-14.832 E16.60356
G1 X-35.465 Y-15.259 E16.63925
G1 X-35.906 Y-15.459 E16.66254
G1 X-36.362 Y-15.587 E16.68532
G1 X-36.856 Y-15.649 E16.70927
G1 X-45.742 Y-15.652 E17.13666
G1 X-46.408 Y-15.683 E17.16873
G1 X-47.069 Y-15.866 E17.20172
G1 X-47.546 Y-16.121 E17.22773
G1 X-47.989 Y-16.49 E17.25546
G1 X-48.384 Y-17.001 E17.28652
G1 X-48.598 Y-17.484 E17.31193
G1 X-48.728 Y-17.923 E17.33395
G1 X-48.78 Y-18.436 E17.35875
G1 X-48.78 Y-29.415 E17.8868
G1 X-48.695 Y-30.104 E17.92019
G1 X-48.514 Y-30.611 E17.94608
G1 X-48.205 Y-31.098 E17.97382
G1 X-47.872 Y-31.479 E17.99816
G1 X-47.366 Y-31.831 E18.02781
G1 X-47.041 Y-31.996 E18.04534
G1 X-46.46 Y-32.147 E18.07421
G1 X-46 Y-32.203 E18.0965
G1 X-37.042 Y-32.206 E18.52735
G1 X-36.39 Y-32.262 E18.55882
G1 X-35.932 Y-32.387 E18.58165
G1 X-35.465 Y-32.596 E18.60626
G1 X-34.826 Y-33.051 E18.64399
G1 X-34.404 Y-33.522 E18.67441
G1 X-34.083 Y-34.066 E18.70479
G1 X-33.873 Y-34.667 E18.73541
G1 X-33.78 Y-35.426 E18.77219
G1 X-33.78 Y-41.203 E19.05004
G1 X-18.79 Y-41.203 E19.77101
G1 X-18.731 Y-40.807 F7800
G1 E17.77101 F2400
G92 E0
G1 X-19.617 Y-38.659 F7800
G1 E2 F2400
;TYPE:Internal infill
;WIDTH:0.45
G1 F4800
G1 X-21.101 Y-40.142 E2.10091
G1 X-24.736 Y-40.142 E2.27574
G1 X-19.791 Y-35.196 E2.61213
G1 X-19.791 Y-31.561 E2.78696
G1 X-28.372 Y-40.142 E3.37063
G1 X-32.008 Y-40.142 E3.54551
G1 X-19.791 Y-27.925 E4.3765
G1 X-19.791 Y-24.289 E4.55138
G1 X-32.72 Y-37.219 E5.43083
G1 X-32.72 Y-35.42 E5.51736
G1 X-32.847 Y-34.39 E5.56727
G1 X-33.026 Y-33.889 E5.59286
G1 X-19.791 Y-20.654 E6.49309
G1 X-19.791 Y-17.018 E6.66797
G1 X-34.647 Y-31.875 E7.67849
G1 X-35.059 Y-31.612 E7.702
G1 X-35.644 Y-31.366 E7.73252
G1 X-36.776 Y-31.126 E7.78818
G1 X-36.157 Y-30.799 E7.82185
G1 X-35.709 Y-30.395 E7.85086
G1 X-35.559 Y-30.177 E7.86359
G1 X-35.298 Y-29.569 E7.89541
G1 X-35.22 Y-28.812 E7.93201
G1 X-19.791 Y-13.383 E8.98147
G1 X-19.791 Y-9.747 E9.15635
G1 X-35.22 Y-25.176 E10.20581
G1 X-35.22 Y-21.54 E10.38069
G1 X-21.393 Y-7.713 E11.32119
G1 X-25.028 Y-7.713 E11.49602
G1 X-35.376 Y-18.061 E12.19988
G1 X-35.718 Y-17.447 E12.23368
G1 X-36.152 Y-17.044 E12.26217
G1 X-36.66 Y-16.732 E12.29084
G1 X-35.617 Y-16.481 E12.34244
G1 X-34.882 Y-16.145 E12.38131
G1 X-34.196 Y-15.661 E12.42169
G1 X-33.581 Y-15.004 E12.46497
G1 X-33.132 Y-14.261 E12.50672
G1 X-32.847 Y-13.465 E12.54738
G1 X-32.72 Y-12.435 E12.59729
G1 X-32.72 Y-11.769 E12.62932
G1 X-28.664 Y-7.713 E12.9052
G1 X-32.3 Y-7.713 E13.08008
G1 X-32.893 Y-8.307 E13.12045
;LAYER_CHANGE
;Z:9.35
;HEIGHT:0.3
G1 Z9.35 F7800
G1 E11.12045 F2400
G92 E0
G1 X-32.893 Y-8.307 F7800
G1 X-46.062 Y-30.899
G1 E2 F2400
;TYPE:Perimeter
;WIDTH:0.54744
G1 F3600
G1 X-45.625 Y-30.954 E2.02654
;WIDTH:0.513208
G1 X-37.373 Y-30.954 E2.48849
;WIDTH:0.535862
G1 X-37.104 Y-30.929 E2.50438
G1 X-36.788 Y-30.8 E2.52445
;WIDTH:0.492931
G1 X-36.473 Y-30.672 E2.54262
;WIDTH:0.45
G1 X-36.03 Y-30.307 E2.57023
G1 X-35.809 Y-30.031 E2.58724
G1 X-35.646 Y-29.72 E2.60413
G1 X-35.523 Y-29.179 E2.63081
G1 X-35.509 Y-28.097 E2.68285
G1 X-35.509 Y-18.841 E3.12803
G1 X-35.559 Y-18.407 E3.14904
G1 X-35.827 Y-17.808 E3.1806
G1 X-36.053 Y-17.515 E3.1984
G1 X-36.408 Y-17.228 E3.22036
;WIDTH:0.493749
G1 X-36.658 Y-17.094 E3.23555
;WIDTH:0.537498
G1 X-36.907 Y-16.96 E3.25224
G1 X-37.418 Y-16.9 E3.2826
;WIDTH:0.512649
G1 X-45.592 Y-16.901 E3.73961
;WIDTH:0.545799
G1 X-46.185 Y-16.979 E3.77552
;WIDTH:0.580499
G1 X-46.63 Y-17.165 E3.80657
;WIDTH:0.586807
G1 X-46.974 Y-17.428 E3.83479
G1 X-47.32 Y-17.891 E3.87245
;WIDTH:0.581276
G1 X-47.444 Y-18.233 E3.8959
;WIDTH:0.55879
G1 X-47.532 Y-18.84 E3.93372
;WIDTH:0.511506
G1 X-47.531 Y-29.06 E4.50367
;WIDTH:0.552133
G1 X-47.432 Y-29.664 E4.5409
;WIDTH:0.582847
G1 X-47.289 Y-30.011 E4.56517
;WIDTH:0.593931
G1 X-46.967 Y-30.44 E4.6006
G1 X-46.526 Y-30.745 E4.63601
;WIDTH:0.583223
G1 X-46.119 Y-30.883 E4.66382
G1 X-46.119 Y-30.883 F7800
G1 X-45.955 Y-30.468
;WIDTH:0.45
G1 F3600
G1 X-45.625 Y-30.537 E4.68004
G1 X-37.373 Y-30.537 E5.07693
G1 X-36.819 Y-30.405 E5.10432
G1 X-36.596 Y-30.286 E5.11648
G1 X-36.22 Y-29.954 E5.14061
G1 X-35.999 Y-29.565 E5.16213
G1 X-35.898 Y-29.071 E5.18638
G1 X-35.895 Y-18.841 E5.67841
G1 X-35.978 Y-18.365 E5.70165
G1 X-36.241 Y-17.875 E5.7284
G1 X-36.587 Y-17.569 E5.75062
G1 X-37.018 Y-17.376 E5.77333
G1 X-37.418 Y-17.317 E5.79278
G1 X-45.593 Y-17.317 E6.18597
G1 X-46.029 Y-17.384 E6.20719
G1 X-46.37 Y-17.534 E6.22511
G1 X-46.691 Y-17.796 E6.24504
G1 X-46.978 Y-18.209 E6.26923
G1 X-47.102 Y-18.713 E6.29419
G1 X-47.116 Y-18.84 E6.30034
G1 X-47.115 Y-29.06 E6.79189
G1 X-47.008 Y-29.558 E6.81639
G1 X-46.92 Y-29.75 E6.82655
G1 X-46.655 Y-30.105 E6.84786
G1 X-46.175 Y-30.422 E6.87553
G1 X-46.014 Y-30.456 E6.88344
G1 X-46.014 Y-30.456 F7800
G1 X-45.863 Y-30.103
;TYPE:External perimeter
G1 F1800
G1 X-45.625 Y-30.152 E6.89513
G1 X-37.373 Y-30.151 E7.29202
G1 X-36.874 Y-30.013 E7.31692
G1 X-36.49 Y-29.668 E7.34175
G1 X-36.339 Y-29.366 E7.35799
G1 X-36.28 Y-29.014 E7.37516
G1 X-36.28 Y-18.841 E7.86445
G1 X-36.329 Y-18.526 E7.87978
G1 X-36.585 Y-18.073 E7.90481
G1 X-36.809 Y-17.888 E7.91878
G1 X-37.081 Y-17.756 E7.93332
G1 X-37.418 Y-17.703 E7.94973
G1 X-45.592 Y-17.703 E8.34287
G1 X-45.89 Y-17.744 E8.35734
G1 X-46.148 Y-17.849 E8.37074
G1 X-46.381 Y-18.025 E8.38478
G1 X-46.639 Y-18.415 E8.40727
G1 X-46.73 Y-18.84 E8.42817
G1 X-46.729 Y-29.06 E8.91972
G1 X-46.605 Y-29.528 E8.94301
G1 X-46.367 Y-29.843 E8.962
G1 X-45.994 Y-30.076 E8.98315
G1 X-45.922 Y-30.091 E8.98669
G1 X-45.526 Y-30.144 F7800
G1 E6.98669 F2400
G92 E0
G1 X-19.502 Y-40.431 F7800
G1 E2 F2400
;TYPE:Perimeter
G1 F3600
G1 X-19.502 Y-33.593 E2.32888
G1 X-19.502 Y-7.424 E3.58752
G1 X-33.009 Y-7.424 E4.23716
G1 X-33.009 Y-12.429 E4.47788
G1 X-33.156 Y-13.489 E4.52935
G1 X-33.437 Y-14.22 E4.56702
G1 X-33.856 Y-14.881 E4.60466
G1 X-34.414 Y-15.462 E4.6434
G1 X-35.185 Y-15.983 E4.68816
G1 X-35.727 Y-16.212 E4.71646
G1 X-36.296 Y-16.358 E4.74471
;WIDTH:0.498416
G1 X-36.601 Y-16.413 E4.76149
;WIDTH:0.546832
G1 X-36.906 Y-16.469 E4.78015
G1 X-37.418 Y-16.452 E4.81098
;WIDTH:0.512649
G1 X-45.592 Y-16.454 E5.26799
;WIDTH:0.515602
G1 X-45.742 Y-16.456 E5.27643
;WIDTH:0.545799
G1 X-46.301 Y-16.516 E5.31019
;WIDTH:0.579818
G1 X-46.793 Y-16.665 E5.34324
;WIDTH:0.586197
G1 X-47.11 Y-16.863 E5.36757
;WIDTH:0.591668
G1 X-47.46 Y-17.185 E5.39885
G1 X-47.78 Y-17.662 E5.43663
;WIDTH:0.581276
G1 X-47.932 Y-18.16 E5.4702
;WIDTH:0.55879
G1 X-47.979 Y-18.84 E5.51223
;WIDTH:0.511506
G1 X-47.978 Y-29.06 E6.08218
;WIDTH:0.552133
G1 X-47.91 Y-29.753 E6.12454
;WIDTH:0.582184
G1 X-47.767 Y-30.214 E6.15571
;WIDTH:0.590805
G1 X-47.544 Y-30.57 E6.18329
;WIDTH:0.593931
G1 X-47.299 Y-30.851 E6.20791
G1 X-46.884 Y-31.141 E6.24135
;WIDTH:0.589713
G1 X-46.66 Y-31.246 E6.25756
;WIDTH:0.577695
G1 X-46.139 Y-31.375 E6.29192
;WIDTH:0.54744
G1 X-45.625 Y-31.401 E6.32293
;WIDTH:0.513208
G1 X-37.373 Y-31.403 E6.78488
;WIDTH:0.535862
G1 X-37.041 Y-31.392 E6.80441
G1 X-36.854 Y-31.421 E6.81554
;WIDTH:0.492931
G1 X-36.666 Y-31.451 E6.82572
;WIDTH:0.45
G1 X-36.13 Y-31.532 E6.85179
G1 X-35.593 Y-31.691 E6.87873
G1 X-35.021 Y-31.965 E6.90923
G1 X-34.414 Y-32.393 E6.94495
G1 X-34.075 Y-32.732 E6.96801
G1 X-33.743 Y-33.126 E6.99279
G1 X-33.357 Y-33.806 E7.0304
G1 X-33.107 Y-34.573 E7.0692
G1 X-33.009 Y-35.426 E7.1105
G1 X-33.009 Y-40.431 E7.35122
G1 X-19.562 Y-40.431 E7.99797
G1 X-19.562 Y-40.431 F7800
G1 X-19.116 Y-40.817
G1 F3600
G1 X-19.116 Y-33.593 E8.34542
G1 X-19.116 Y-7.038 E9.62262
G1 X-33.395 Y-7.038 E10.30939
G1 X-33.395 Y-12.429 E10.56868
G1 X-33.519 Y-13.359 E10.61381
G1 X-33.768 Y-14.021 E10.64783
G1 X-34.141 Y-14.622 E10.68185
G1 X-34.636 Y-15.147 E10.71655
G1 X-35.342 Y-15.631 E10.75772
G1 X-35.83 Y-15.84 E10.78325
G1 X-36.343 Y-15.976 E10.80878
G1 X-36.856 Y-16.035 E10.83362
G1 X-45.969 Y-16.038 E11.27192
G1 X-46.516 Y-16.106 E11.29843
G1 X-47.019 Y-16.268 E11.32385
G1 X-47.518 Y-16.584 E11.35226
G1 X-47.867 Y-16.95 E11.37658
G1 X-48.15 Y-17.394 E11.4019
G1 X-48.304 Y-17.794 E11.42252
G1 X-48.395 Y-18.45 E11.45437
G1 X-48.395 Y-29.391 E11.98059
G1 X-48.327 Y-29.938 E12.0071
G1 X-48.192 Y-30.367 E12.02873
G1 X-47.929 Y-30.814 E12.05367
G1 X-47.62 Y-31.185 E12.07689
G1 X-47.086 Y-31.555 E12.10814
G1 X-46.589 Y-31.722 E12.13336
G1 X-45.99 Y-31.817 E12.16253
G1 X-36.785 Y-31.825 E12.60526
G1 X-36.233 Y-31.903 E12.63207
G1 X-35.749 Y-32.044 E12.65632
G1 X-35.243 Y-32.28 E12.68317
G1 X-34.54 Y-32.792 E12.725
G1 X-34.074 Y-33.324 E12.75902
G1 X-33.72 Y-33.936 E12.79302
G1 X-33.49 Y-34.62 E12.82773
G1 X-33.395 Y-35.426 E12.86676
G1 X-33.395 Y-40.817 E13.12605
G1 X-19.176 Y-40.817 E13.80993
G1 X-18.73 Y-41.203 F7800
;TYPE:External perimeter
G1 F1800
G1 X-18.73 Y-33.593 E14.17594
G1 X-18.73 Y-6.653 E15.47166
G1 X-33.78 Y-6.653 E16.19551
G1 X-33.78 Y-12.429 E16.47332
G1 X-33.882 Y-13.229 E16.51211
G1 X-34.099 Y-13.823 E16.54253
G1 X-34.427 Y-14.363 E16.57292
G1 X-34.858 Y-14.832 E16.60356
G1 X-35.465 Y-15.259 E16.63925
G1 X-35.906 Y-15.459 E16.66254
G1 X-36.362 Y-15.587 E16.68532
G1 X-36.856 Y-15.649 E16.70927
G1 X-45.992 Y-15.653 E17.14868
G1 X-46.682 Y-15.737 E17.18211
G1 X-47.189 Y-15.919 E17.20802
G1 X-47.65 Y-16.211 E17.23427
G1 X-47.961 Y-16.489 E17.25433
G1 X-48.299 Y-16.887 E17.27944
G1 X-48.573 Y-17.391 E17.30703
G1 X-48.728 Y-17.923 E17.33368
G1 X-48.78 Y-18.436 E17.35848
G1 X-48.78 Y-29.415 E17.88653
G1 X-48.695 Y-30.104 E17.91992
G1 X-48.514 Y-30.611 E17.94581
G1 X-48.205 Y-31.098 E17.97355
G1 X-47.872 Y-31.479 E17.99789
G1 X-47.363 Y-31.832 E18.02768
G1 X-47.041 Y-31.996 E18.04506
G1 X-46.46 Y-32.147 E18.07393
G1 X-46 Y-32.203 E18.09622
G1 X-37.041 Y-32.206 E18.52712
G1 X-36.39 Y-32.262 E18.55855
G1 X-35.932 Y-32.387 E18.58138
G1 X-35.465 Y-32.596 E18.60599
G1 X-34.826 Y-33.051 E18.64372
G1 X-34.404 Y-33.522 E18.67414
G1 X-34.083 Y-34.066 E18.70452
G1 X-33.873 Y-34.667 E18.73514
G1 X-33.78 Y-35.426 E18.77192
G1 X-33.78 Y-41.203 E19.04977
G1 X-18.79 Y-41.203 E19.77074
G1 X-18.731 Y-40.807 F7800
G1 E17.77074 F2400
G92 E0
G1 X-19.617 Y-38.659 F7800
G1 E2 F2400
;TYPE:Internal infill
;WIDTH:0.45
G1 F4800
G1 X-21.101 Y-40.142 E2.10091
G1 X-24.736 Y-40.142 E2.27574
G1 X-19.791 Y-35.196 E2.61213
G1 X-19.791 Y-31.561 E2.78696
G1 X-28.372 Y-40.142 E3.37063
G1 X-32.008 Y-40.142 E3.54551
G1 X-19.791 Y-27.925 E4.3765
G1 X-19.791 Y-24.289 E4.55138
G1 X-32.72 Y-37.219 E5.43083
G1 X-32.72 Y-35.42 E5.51736
G1 X-32.847 Y-34.39 E5.56727
G1 X-33.026 Y-33.889 E5.59286
G1 X-19.791 Y-20.654 E6.49309
G1 X-19.791 Y-17.018 E6.66797
G1 X-34.647 Y-31.875 E7.67849
G1 X-35.059 Y-31.612 E7.702
G1 X-35.644 Y-31.366 E7.73252
G1 X-36.775 Y-31.126 E7.78813
G1 X-36.157 Y-30.799 E7.82176
G1 X-35.709 Y-30.395 E7.85077
G1 X-35.559 Y-30.177 E7.8635
G1 X-35.298 Y-29.569 E7.89532
G1 X-35.22 Y-28.812 E7.93192
G1 X-19.791 Y-13.383 E8.98138
G1 X-19.791 Y-9.747 E9.15626
G1 X-35.22 Y-25.176 E10.20572
G1 X-35.22 Y-21.54 E10.3806
G1 X-21.393 Y-7.713 E11.3211
G1 X-25.028 Y-7.713 E11.49593
G1 X-35.376 Y-18.061 E12.19979
G1 X-35.718 Y-17.447 E12.23359
G1 X-36.152 Y-17.044 E12.26208
G1 X-36.661 Y-16.732 E12.29079
G1 X-35.617 Y-16.481 E12.34243
G1 X-34.882 Y-16.145 E12.3813
G1 X-34.196 Y-15.661 E12.42168
G1 X-33.581 Y-15.004 E12.46496
G1 X-33.131 Y-14.261 E12.50674
G1 X-32.847 Y-13.465 E12.54739
G1 X-32.72 Y-12.435 E12.5973
G1 X-32.72 Y-11.769 E12.62933
G1 X-28.664 Y-7.713 E12.90521
G1 X-32.3 Y-7.713 E13.08009
G1 X-32.893 Y-8.307 E13.12046
;LAYER_CHANGE
;Z:9.65
;HEIGHT:0.299999
G1 Z9.65 F7800
G1 E11.12046 F2400
G92 E0
G1 X-32.893 Y-8.307 F7800
G1 X-46.06 Y-30.888
G1 E2 F2400
;TYPE:Perimeter
;WIDTH:0.572576
G1 F3600
G1 X-45.924 Y-30.924 E2.00892
;WIDTH:0.534829
G1 X-45.624 Y-30.954 E2.02661
;WIDTH:0.513208
G1 X-37.373 Y-30.954 E2.4885
;WIDTH:0.535864
G1 X-37.104 Y-30.929 E2.50439
G1 X-36.788 Y-30.8 E2.52446
;WIDTH:0.492932
G1 X-36.473 Y-30.672 E2.54263
;WIDTH:0.45
G1 X-36.029 Y-30.307 E2.57027
G1 X-35.809 Y-30.031 E2.58725
G1 X-35.646 Y-29.72 E2.60414
G1 X-35.523 Y-29.179 E2.63082
G1 X-35.509 Y-28.097 E2.68286
G1 X-35.509 Y-18.841 E3.12804
G1 X-35.559 Y-18.407 E3.14905
G1 X-35.827 Y-17.808 E3.18061
G1 X-36.04 Y-17.528 E3.19753
G1 X-36.483 Y-17.181 E3.2246
;WIDTH:0.479668
G1 X-36.837 Y-17.054 E3.24408
;WIDTH:0.509336
G1 X-37.192 Y-16.928 E3.26499
;WIDTH:0.512648
G1 X-37.418 Y-16.9 E3.27772
G1 X-45.592 Y-16.901 E3.73473
;WIDTH:0.545804
G1 X-46.185 Y-16.979 E3.77064
;WIDTH:0.586796
G1 X-46.655 Y-17.179 E3.80392
G1 X-46.974 Y-17.428 E3.83029
G1 X-47.307 Y-17.869 E3.8663
;WIDTH:0.583744
G1 X-47.444 Y-18.233 E3.89149
;WIDTH:0.558788
G1 X-47.532 Y-18.84 E3.92931
;WIDTH:0.511506
G1 X-47.531 Y-29.06 E4.49926
;WIDTH:0.552116
G1 X-47.432 Y-29.664 E4.53649
;WIDTH:0.586532
G1 X-47.291 Y-30.011 E4.56088
;WIDTH:0.595591
G1 X-47.188 Y-30.165 E4.57316
G1 X-46.894 Y-30.503 E4.60284
;WIDTH:0.594787
G1 X-46.448 Y-30.785 E4.63775
;WIDTH:0.572576
G1 X-46.118 Y-30.873 E4.6594
G1 X-46.118 Y-30.873 F7800
G1 X-45.955 Y-30.468
;WIDTH:0.45
G1 F3600
G1 X-45.624 Y-30.537 E4.67566
G1 X-37.373 Y-30.537 E5.0725
G1 X-36.819 Y-30.405 E5.09989
G1 X-36.596 Y-30.286 E5.11205
G1 X-36.22 Y-29.954 E5.13618
G1 X-35.999 Y-29.565 E5.1577
G1 X-35.898 Y-29.071 E5.18195
G1 X-35.895 Y-18.841 E5.67398
G1 X-35.978 Y-18.365 E5.69722
G1 X-36.241 Y-17.875 E5.72397
G1 X-36.644 Y-17.539 E5.74921
G1 X-36.871 Y-17.429 E5.76134
G1 X-37.418 Y-17.317 E5.78819
G1 X-45.593 Y-17.317 E6.18138
G1 X-46.029 Y-17.384 E6.2026
G1 X-46.393 Y-17.55 E6.22184
G1 X-46.691 Y-17.796 E6.24043
G1 X-46.979 Y-18.211 E6.26473
G1 X-47.102 Y-18.713 E6.28959
G1 X-47.116 Y-18.84 E6.29574
G1 X-47.115 Y-29.06 E6.78729
G1 X-47.008 Y-29.558 E6.81179
G1 X-46.813 Y-29.901 E6.83077
G1 X-46.582 Y-30.163 E6.84757
G1 X-46.175 Y-30.422 E6.87077
G1 X-46.014 Y-30.456 E6.87868
G1 X-46.014 Y-30.456 F7800
G1 X-45.863 Y-30.103
;TYPE:External perimeter
G1 F1800
G1 X-45.624 Y-30.152 E6.89041
G1 X-37.373 Y-30.151 E7.28725
G1 X-36.874 Y-30.013 E7.31215
G1 X-36.49 Y-29.668 E7.33698
G1 X-36.339 Y-29.366 E7.35322
G1 X-36.28 Y-29.014 E7.37039
G1 X-36.28 Y-18.841 E7.85968
G1 X-36.329 Y-18.526 E7.87501
G1 X-36.568 Y-18.09 E7.89892
G1 X-36.959 Y-17.805 E7.92219
G1 X-37.418 Y-17.703 E7.9448
G1 X-45.592 Y-17.703 E8.33794
G1 X-45.89 Y-17.744 E8.35241
G1 X-46.171 Y-17.866 E8.36714
G1 X-46.381 Y-18.025 E8.37981
G1 X-46.639 Y-18.415 E8.4023
G1 X-46.73 Y-18.84 E8.4232
G1 X-46.729 Y-29.06 E8.91475
G1 X-46.605 Y-29.528 E8.93804
G1 X-46.498 Y-29.679 E8.94694
G1 X-46.339 Y-29.862 E8.9586
G1 X-45.994 Y-30.076 E8.97813
G1 X-45.922 Y-30.091 E8.98167
G1 X-45.526 Y-30.144 F7800
G1 E6.98167 F2400
G92 E0
G1 X-19.502 Y-40.431 F7800
G1 E2 F2400
;TYPE:Perimeter
G1 F3600
G1 X-19.502 Y-33.593 E2.32888
G1 X-19.502 Y-7.424 E3.58752
G1 X-33.009 Y-7.424 E4.23716
G1 X-33.009 Y-12.429 E4.47788
G1 X-33.156 Y-13.489 E4.52935
G1 X-33.437 Y-14.22 E4.56702
G1 X-33.856 Y-14.881 E4.60466
G1 X-34.414 Y-15.462 E4.6434
G1 X-35.185 Y-15.983 E4.68816
G1 X-35.727 Y-16.212 E4.71646
G1 X-36.296 Y-16.358 E4.74471
;WIDTH:0.458512
G1 X-36.856 Y-16.424 E4.77243
;WIDTH:0.48558
G1 X-37.137 Y-16.438 E4.78721
;WIDTH:0.512648
G1 X-37.418 Y-16.452 E4.80294
G1 X-45.592 Y-16.454 E5.25995
;WIDTH:0.527005
G1 X-45.942 Y-16.462 E5.28015
;WIDTH:0.563956
G1 X-46.446 Y-16.543 E5.31196
;WIDTH:0.583295
G1 X-46.873 Y-16.71 E5.34163
;WIDTH:0.58929
G1 X-47.118 Y-16.862 E5.36051
;WIDTH:0.598776
G1 X-47.537 Y-17.271 E5.39954
G1 X-47.788 Y-17.682 E5.43164
;WIDTH:0.57856
G1 X-47.932 Y-18.16 E5.46366
;WIDTH:0.558788
G1 X-47.979 Y-18.84 E5.50569
;WIDTH:0.511506
G1 X-47.978 Y-29.06 E6.07564
;WIDTH:0.552116
G1 X-47.91 Y-29.753 E6.118
;WIDTH:0.586194
G1 X-47.754 Y-30.244 E6.15153
;WIDTH:0.595591
G1 X-47.605 Y-30.493 E6.17076
G1 X-47.27 Y-30.876 E6.20447
;WIDTH:0.597495
G1 X-47.076 Y-31.024 E6.22069
G1 X-46.627 Y-31.256 E6.2543
;WIDTH:0.572576
G1 X-46.139 Y-31.375 E6.28614
;WIDTH:0.547465
G1 X-45.624 Y-31.401 E6.31721
;WIDTH:0.513208
G1 X-37.373 Y-31.403 E6.7791
;WIDTH:0.535864
G1 X-37.041 Y-31.392 E6.79863
G1 X-36.854 Y-31.421 E6.80976
;WIDTH:0.492932
G1 X-36.666 Y-31.451 E6.81994
;WIDTH:0.45
G1 X-36.13 Y-31.532 E6.84601
G1 X-35.593 Y-31.691 E6.87295
G1 X-35.021 Y-31.965 E6.90345
G1 X-34.414 Y-32.393 E6.93917
G1 X-34.075 Y-32.732 E6.96223
G1 X-33.743 Y-33.126 E6.98701
G1 X-33.357 Y-33.806 E7.02462
G1 X-33.107 Y-34.573 E7.06342
G1 X-33.009 Y-35.426 E7.10472
G1 X-33.009 Y-40.431 E7.34544
G1 X-19.562 Y-40.431 E7.99219
G1 X-19.562 Y-40.431 F7800
G1 X-19.116 Y-40.817
G1 F3600
G1 X-19.116 Y-33.593 E8.33964
G1 X-19.116 Y-7.038 E9.61684
G1 X-33.395 Y-7.038 E10.30361
G1 X-33.395 Y-12.429 E10.5629
G1 X-33.519 Y-13.359 E10.60803
G1 X-33.768 Y-14.021 E10.64205
G1 X-34.141 Y-14.622 E10.67607
G1 X-34.636 Y-15.147 E10.71077
G1 X-35.342 Y-15.631 E10.75194
G1 X-35.83 Y-15.84 E10.77747
G1 X-36.343 Y-15.976 E10.803
G1 X-36.856 Y-16.035 E10.82784
G1 X-45.969 Y-16.038 E11.26614
G1 X-46.585 Y-16.114 E11.29599
G1 X-47.062 Y-16.298 E11.32058
G1 X-47.513 Y-16.579 E11.34614
G1 X-47.87 Y-16.954 E11.37104
G1 X-48.135 Y-17.36 E11.39436
G1 X-48.304 Y-17.794 E11.41676
G1 X-48.395 Y-18.45 E11.44861
G1 X-48.395 Y-29.391 E11.97483
G1 X-48.327 Y-29.938 E12.00134
G1 X-48.181 Y-30.396 E12.02446
G1 X-47.999 Y-30.74 E12.04318
G1 X-47.615 Y-31.178 E12.0712
G1 X-47.345 Y-31.403 E12.0881
G1 X-46.886 Y-31.634 E12.11281
G1 X-46.589 Y-31.722 E12.12771
G1 X-45.99 Y-31.817 E12.15688
G1 X-36.785 Y-31.825 E12.59961
G1 X-36.233 Y-31.903 E12.62642
G1 X-35.749 Y-32.044 E12.65067
G1 X-35.243 Y-32.28 E12.67752
G1 X-34.54 Y-32.792 E12.71935
G1 X-34.074 Y-33.324 E12.75337
G1 X-33.72 Y-33.936 E12.78737
G1 X-33.49 Y-34.62 E12.82208
G1 X-33.395 Y-35.426 E12.86111
G1 X-33.395 Y-40.817 E13.1204
G1 X-19.176 Y-40.817 E13.80428
G1 X-18.73 Y-41.203 F7800
;TYPE:External perimeter
G1 F1800
G1 X-18.73 Y-33.593 E14.17029
G1 X-18.73 Y-6.653 E15.46601
G1 X-33.78 Y-6.653 E16.18986
G1 X-33.78 Y-12.429 E16.46767
G1 X-33.882 Y-13.229 E16.50646
G1 X-34.099 Y-13.823 E16.53688
G1 X-34.427 Y-14.363 E16.56727
G1 X-34.858 Y-14.832 E16.59791
G1 X-35.465 Y-15.259 E16.6336
G1 X-35.906 Y-15.459 E16.65689
G1 X-36.362 Y-15.587 E16.67967
G1 X-36.856 Y-15.649 E16.70362
G1 X-45.992 Y-15.653 E17.14303
G1 X-46.679 Y-15.737 E17.17632
G1 X-47.201 Y-15.939 E17.20324
G1 X-47.661 Y-16.214 E17.22902
G1 X-47.96 Y-16.489 E17.24856
G1 X-48.298 Y-16.883 E17.27353
G1 X-48.567 Y-17.381 E17.30075
G1 X-48.728 Y-17.923 E17.32794
G1 X-48.78 Y-18.436 E17.35274
G1 X-48.78 Y-29.414 E17.88074
G1 X-48.71 Y-29.985 E17.90841
G1 X-48.544 Y-30.526 E17.93563
G1 X-48.315 Y-30.964 E17.9594
G1 X-47.905 Y-31.432 E17.98933
G1 X-47.551 Y-31.731 E18.01162
G1 X-46.94 Y-32.039 E18.04453
G1 X-46.46 Y-32.147 E18.06819
G1 X-46 Y-32.203 E18.09048
G1 X-37.041 Y-32.206 E18.52138
G1 X-36.39 Y-32.262 E18.55281
G1 X-35.932 Y-32.387 E18.57564
G1 X-35.465 Y-32.596 E18.60025
G1 X-34.826 Y-33.051 E18.63798
G1 X-34.404 Y-33.522 E18.6684
G1 X-34.083 Y-34.066 E18.69878
G1 X-33.873 Y-34.667 E18.7294
G1 X-33.78 Y-35.426 E18.76618
G1 X-33.78 Y-41.203 E19.04403
G1 X-18.79 Y-41.203 E19.765
G1 X-18.731 Y-40.807 F7800
G1 E17.765 F2400
G92 E0
G1 X-19.617 Y-38.659 F7800
G1 E2 F2400
;TYPE:Internal infill
;WIDTH:0.45
G1 F4800
G1 X-21.101 Y-40.142 E2.10091
G1 X-24.736 Y-40.142 E2.27574
G1 X-19.791 Y-35.196 E2.61213
G1 X-19.791 Y-31.561 E2.78696
G1 X-28.372 Y-40.142 E3.37063
G1 X-32.008 Y-40.142 E3.54551
G1 X-19.791 Y-27.925 E4.3765
G1 X-19.791 Y-24.289 E4.55138
G1 X-32.72 Y-37.219 E5.43083
G1 X-32.72 Y-35.42 E5.51736
G1 X-32.847 Y-34.39 E5.56727
G1 X-33.026 Y-33.889 E5.59286
G1 X-19.791 Y-20.654 E6.49309
G1 X-19.791 Y-17.018 E6.66797
G1 X-34.647 Y-31.875 E7.67849
G1 X-35.059 Y-31.612 E7.702
G1 X-35.644 Y-31.366 E7.73252
G1 X-36.775 Y-31.126 E7.78813
G1 X-36.157 Y-30.799 E7.82176
G1 X-35.709 Y-30.395 E7.85077
G1 X-35.559 Y-30.177 E7.8635
G1 X-35.298 Y-29.57 E7.89528
G1 X-35.22 Y-28.812 E7.93193
G1 X-19.791 Y-13.383 E8.98139
G1 X-19.791 Y-9.747 E9.15627
G1 X-35.22 Y-25.176 E10.20573
G1 X-35.22 Y-21.54 E10.38061
G1 X-21.393 Y-7.713 E11.32111
G1 X-25.028 Y-7.713 E11.49594
G1 X-35.376 Y-18.061 E12.1998
G1 X-35.718 Y-17.447 E12.2336
G1 X-35.907 Y-17.261 E12.24635
G1 X-36.33 Y-16.934 E12.27207
G1 X-36.789 Y-16.719 E12.29645
G1 X-36.084 Y-16.611 E12.33075
G1 X-35.48 Y-16.43 E12.36108
G1 X-34.884 Y-16.147 E12.39281
G1 X-34.043 Y-15.519 E12.44329
G1 X-33.581 Y-15.004 E12.47657
G1 X-33.132 Y-14.261 E12.51832
G1 X-32.847 Y-13.465 E12.55898
G1 X-32.72 Y-12.435 E12.60889
G1 X-32.72 Y-11.769 E12.64092
G1 X-28.664 Y-7.713 E12.9168
G1 X-32.3 Y-7.713 E13.09168
G1 X-32.893 Y-8.307 E13.13205
;LAYER_CHANGE
;Z:9.95
;HEIGHT:0.3
G1 Z9.95 F7800
G1 E11.13205 F2400
G92 E0
G1 X-32.893 Y-8.307 F7800
G1 X-46.06 Y-30.889
G1 E2 F2400
;TYPE:Perimeter
;WIDTH:0.556579
G1 F3600
G1 X-45.835 Y-30.938 E2.01414
;WIDTH:0.52523
G1 X-45.623 Y-30.954 E2.02636
;WIDTH:0.513208
G1 X-37.373 Y-30.954 E2.4882
;WIDTH:0.535815
G1 X-37.104 Y-30.929 E2.50409
G1 X-36.789 Y-30.8 E2.5241
;WIDTH:0.492907
G1 X-36.473 Y-30.672 E2.54232
;WIDTH:0.45
G1 X-36.082 Y-30.375 E2.56594
G1 X-35.756 Y-29.944 E2.59193
G1 X-35.624 Y-29.63 E2.60831
G1 X-35.516 Y-29.128 E2.63301
G1 X-35.509 Y-28.097 E2.6826
G1 X-35.509 Y-18.841 E3.12778
G1 X-35.559 Y-18.407 E3.14879
G1 X-35.827 Y-17.808 E3.18035
G1 X-36.053 Y-17.515 E3.19815
G1 X-36.409 Y-17.227 E3.22017
;WIDTH:0.4934
G1 X-36.658 Y-17.094 E3.23528
;WIDTH:0.536801
G1 X-36.907 Y-16.96 E3.25194
G1 X-37.418 Y-16.9 E3.28226
;WIDTH:0.512649
G1 X-45.592 Y-16.901 E3.73927
;WIDTH:0.545803
G1 X-46.185 Y-16.979 E3.77518
;WIDTH:0.586794
G1 X-46.655 Y-17.179 E3.80846
G1 X-46.974 Y-17.428 E3.83483
G1 X-47.275 Y-17.823 E3.86719
;WIDTH:0.584468
G1 X-47.391 Y-18.044 E3.88338
;WIDTH:0.56839
G1 X-47.515 Y-18.619 E3.92036
;WIDTH:0.526095
G1 X-47.532 Y-18.84 E3.93312
;WIDTH:0.511506
G1 X-47.531 Y-29.06 E4.50307
;WIDTH:0.552118
G1 X-47.432 Y-29.664 E4.5403
;WIDTH:0.586533
G1 X-47.291 Y-30.011 E4.56469
;WIDTH:0.594516
G1 X-47.054 Y-30.349 E4.59199
;WIDTH:0.595311
G1 X-46.778 Y-30.583 E4.61595
G1 X-46.344 Y-30.827 E4.64892
;WIDTH:0.556579
G1 X-46.119 Y-30.876 E4.66306
G1 X-45.955 Y-30.468 F7800
;WIDTH:0.45
G1 F3600
G1 X-45.623 Y-30.537 E4.67937
G1 X-37.373 Y-30.537 E5.07617
G1 X-36.819 Y-30.405 E5.10356
G1 X-36.451 Y-30.188 E5.12411
G1 X-36.1 Y-29.763 E5.15062
G1 X-36 Y-29.545 E5.16216
G1 X-35.895 Y-29.04 E5.18697
G1 X-35.895 Y-18.841 E5.67751
G1 X-35.978 Y-18.365 E5.70075
G1 X-36.241 Y-17.875 E5.7275
G1 X-36.588 Y-17.569 E5.74975
G1 X-37.02 Y-17.375 E5.77253
G1 X-37.418 Y-17.317 E5.79187
G1 X-45.593 Y-17.317 E6.18506
G1 X-46.029 Y-17.384 E6.20628
G1 X-46.393 Y-17.55 E6.22552
G1 X-46.691 Y-17.796 E6.24411
G1 X-46.911 Y-18.092 E6.26185
G1 X-47.015 Y-18.33 E6.27434
G1 X-47.116 Y-18.84 E6.29935
G1 X-47.115 Y-29.06 E6.7909
G1 X-47.008 Y-29.558 E6.8154
G1 X-46.792 Y-29.932 E6.83617
G1 X-46.582 Y-30.163 E6.85119
G1 X-46.175 Y-30.422 E6.87439
G1 X-46.014 Y-30.456 E6.8823
G1 X-46.014 Y-30.456 F7800
G1 X-45.863 Y-30.103
;TYPE:External perimeter
G1 F1800
G1 X-45.623 Y-30.152 E6.89408
G1 X-37.373 Y-30.151 E7.29088
G1 X-36.874 Y-30.013 E7.31578
G1 X-36.594 Y-29.782 E7.33324
G1 X-36.376 Y-29.46 E7.35194
G1 X-36.28 Y-29.015 E7.37384
G1 X-36.28 Y-18.841 E7.86317
G1 X-36.329 Y-18.526 E7.8785
G1 X-36.585 Y-18.073 E7.90353
G1 X-36.808 Y-17.889 E7.91744
G1 X-37.083 Y-17.756 E7.93213
G1 X-37.418 Y-17.703 E7.94844
G1 X-45.592 Y-17.703 E8.34158
G1 X-45.89 Y-17.744 E8.35605
G1 X-46.171 Y-17.866 E8.37078
G1 X-46.381 Y-18.025 E8.38345
G1 X-46.601 Y-18.322 E8.40123
G1 X-46.73 Y-18.84 E8.4269
G1 X-46.729 Y-29.06 E8.91845
G1 X-46.605 Y-29.528 E8.94174
G1 X-46.367 Y-29.843 E8.96073
G1 X-45.994 Y-30.076 E8.98188
G1 X-45.922 Y-30.091 E8.98542
G1 X-45.526 Y-30.144 F7800
G1 E6.98542 F2400
G92 E0
G1 X-19.502 Y-40.431 F7800
G1 E2 F2400
;TYPE:Perimeter
G1 F3600
G1 X-19.502 Y-33.593 E2.32888
G1 X-19.502 Y-7.424 E3.58752
G1 X-33.009 Y-7.424 E4.23716
G1 X-33.009 Y-12.429 E4.47788
G1 X-33.156 Y-13.489 E4.52935
G1 X-33.437 Y-14.22 E4.56702
G1 X-33.856 Y-14.881 E4.60466
G1 X-34.414 Y-15.462 E4.6434
G1 X-35.185 Y-15.983 E4.68816
G1 X-35.727 Y-16.212 E4.71646
G1 X-36.296 Y-16.358 E4.74471
;WIDTH:0.498223
G1 X-36.603 Y-16.413 E4.76159
;WIDTH:0.546446
G1 X-36.909 Y-16.468 E4.78028
G1 X-37.418 Y-16.452 E4.8109
;WIDTH:0.512649
G1 X-45.592 Y-16.454 E5.26791
;WIDTH:0.527006
G1 X-45.942 Y-16.462 E5.28811
;WIDTH:0.563957
G1 X-46.446 Y-16.543 E5.31992
;WIDTH:0.583296
G1 X-46.873 Y-16.71 E5.34959
;WIDTH:0.589289
G1 X-47.118 Y-16.862 E5.36847
;WIDTH:0.591672
G1 X-47.46 Y-17.185 E5.39941
G1 X-47.782 Y-17.667 E5.43753
;WIDTH:0.580941
G1 X-47.932 Y-18.16 E5.47073
;WIDTH:0.558788
G1 X-47.979 Y-18.84 E5.51276
;WIDTH:0.511506
G1 X-47.978 Y-29.06 E6.08271
;WIDTH:0.552118
G1 X-47.91 Y-29.753 E6.12507
;WIDTH:0.586193
G1 X-47.746 Y-30.265 E6.16006
;WIDTH:0.594516
G1 X-47.466 Y-30.682 E6.19327
;WIDTH:0.595311
G1 X-47.074 Y-31.027 E6.22785
G1 X-46.627 Y-31.256 E6.26111
;WIDTH:0.572576
G1 X-46.139 Y-31.375 E6.29295
;WIDTH:0.547487
G1 X-45.623 Y-31.401 E6.32408
;WIDTH:0.513208
G1 X-37.373 Y-31.403 E6.78592
;WIDTH:0.535815
G1 X-37.041 Y-31.392 E6.80545
G1 X-36.854 Y-31.421 E6.81658
;WIDTH:0.492907
G1 X-36.667 Y-31.451 E6.8267
;WIDTH:0.45
G1 X-36.157 Y-31.524 E6.85148
G1 X-35.593 Y-31.691 E6.87977
G1 X-35.021 Y-31.965 E6.91027
G1 X-34.414 Y-32.393 E6.94599
G1 X-34.076 Y-32.731 E6.96898
G1 X-33.743 Y-33.126 E6.99383
G1 X-33.357 Y-33.806 E7.03144
G1 X-33.107 Y-34.573 E7.07024
G1 X-33.009 Y-35.426 E7.11154
G1 X-33.009 Y-40.431 E7.35226
G1 X-19.562 Y-40.431 E7.99901
G1 X-19.562 Y-40.431 F7800
G1 X-19.116 Y-40.817
G1 F3600
G1 X-19.116 Y-33.593 E8.34646
G1 X-19.116 Y-7.038 E9.62366
G1 X-33.395 Y-7.038 E10.31043
G1 X-33.395 Y-12.429 E10.56972
G1 X-33.519 Y-13.359 E10.61485
G1 X-33.768 Y-14.021 E10.64887
G1 X-34.141 Y-14.622 E10.68289
G1 X-34.636 Y-15.147 E10.71759
G1 X-35.342 Y-15.631 E10.75876
G1 X-35.83 Y-15.84 E10.78429
G1 X-36.343 Y-15.976 E10.80982
G1 X-36.856 Y-16.035 E10.83466
G1 X-45.969 Y-16.038 E11.27296
G1 X-46.585 Y-16.114 E11.30281
G1 X-47.062 Y-16.298 E11.3274
G1 X-47.513 Y-16.579 E11.35296
G1 X-47.866 Y-16.95 E11.37759
G1 X-48.153 Y-17.399 E11.40322
G1 X-48.304 Y-17.794 E11.42356
G1 X-48.395 Y-18.45 E11.45541
G1 X-48.395 Y-29.391 E11.98163
G1 X-48.318 Y-30.014 E12.01182
G1 X-48.127 Y-30.514 E12.03756
G1 X-47.783 Y-31.02 E12.06699
G1 X-47.398 Y-31.352 E12.09144
G1 X-46.886 Y-31.634 E12.11955
G1 X-46.589 Y-31.722 E12.13445
G1 X-45.99 Y-31.817 E12.16362
G1 X-36.785 Y-31.825 E12.60635
G1 X-36.26 Y-31.896 E12.63183
G1 X-35.749 Y-32.044 E12.65742
G1 X-35.243 Y-32.28 E12.68427
G1 X-34.54 Y-32.792 E12.7261
G1 X-34.074 Y-33.324 E12.76012
G1 X-33.72 Y-33.936 E12.79412
G1 X-33.49 Y-34.62 E12.82883
G1 X-33.395 Y-35.426 E12.86786
G1 X-33.395 Y-40.817 E13.12715
G1 X-19.176 Y-40.817 E13.81103
G1 X-18.73 Y-41.203 F7800
;TYPE:External perimeter
G1 F1800
G1 X-18.73 Y-33.593 E14.17704
G1 X-18.73 Y-6.653 E15.47276
G1 X-33.78 Y-6.653 E16.19661
G1 X-33.78 Y-12.429 E16.47442
G1 X-33.882 Y-13.229 E16.51321
G1 X-34.099 Y-13.823 E16.54363
G1 X-34.427 Y-14.363 E16.57402
G1 X-34.858 Y-14.832 E16.60466
G1 X-35.465 Y-15.259 E16.64035
G1 X-35.906 Y-15.459 E16.66364
G1 X-36.362 Y-15.587 E16.68642
G1 X-36.856 Y-15.649 E16.71037
G1 X-45.992 Y-15.653 E17.14978
G1 X-46.679 Y-15.737 E17.18307
G1 X-47.201 Y-15.939 E17.20999
G1 X-47.661 Y-16.214 E17.23577
G1 X-47.961 Y-16.489 E17.25534
G1 X-48.299 Y-16.887 E17.28045
G1 X-48.573 Y-17.393 E17.30813
G1 X-48.728 Y-17.923 E17.33469
G1 X-48.78 Y-18.436 E17.35949
G1 X-48.78 Y-29.415 E17.88754
G1 X-48.71 Y-29.985 E17.91516
G1 X-48.544 Y-30.526 E17.94238
G1 X-48.353 Y-30.898 E17.96249
G1 X-48.064 Y-31.287 E17.9858
G1 X-47.546 Y-31.734 E18.01871
G1 X-46.94 Y-32.039 E18.05134
G1 X-46.46 Y-32.147 E18.075
G1 X-46 Y-32.203 E18.09729
G1 X-37.042 Y-32.206 E18.52814
G1 X-36.39 Y-32.262 E18.55961
G1 X-35.932 Y-32.387 E18.58244
G1 X-35.465 Y-32.596 E18.60705
G1 X-34.826 Y-33.051 E18.64478
G1 X-34.404 Y-33.522 E18.6752
G1 X-34.083 Y-34.066 E18.70558
G1 X-33.873 Y-34.667 E18.7362
G1 X-33.78 Y-35.426 E18.77298
G1 X-33.78 Y-41.203 E19.05083
G1 X-18.79 Y-41.203 E19.7718
G1 X-18.731 Y-40.807 F7800
G1 E17.7718 F2400
G92 E0
G1 X-19.617 Y-38.659 F7800
G1 E2 F2400
;TYPE:Internal infill
;WIDTH:0.45
G1 F4800
G1 X-21.101 Y-40.142 E2.10091
G1 X-24.736 Y-40.142 E2.27574
G1 X-19.791 Y-35.196 E2.61213
G1 X-19.791 Y-31.561 E2.78696
G1 X-28.372 Y-40.142 E3.37063
G1 X-32.008 Y-40.142 E3.54551
G1 X-19.791 Y-27.925 E4.3765
G1 X-19.791 Y-24.289 E4.55138
G1 X-32.72 Y-37.219 E5.43083
G1 X-32.72 Y-35.42 E5.51736
G1 X-32.847 Y-34.39 E5.56727
G1 X-33.026 Y-33.889 E5.59286
G1 X-19.791 Y-20.654 E6.49309
G1 X-19.791 Y-17.018 E6.66797
G1 X-34.647 Y-31.875 E7.67849
G1 X-35.065 Y-31.609 E7.70232
G1 X-35.644 Y-31.366 E7.73252
G1 X-36.776 Y-31.126 E7.78818
G1 X-36.059 Y-30.737 E7.82741
G1 X-35.513 Y-30.101 E7.86773
G1 X-35.4 Y-29.883 E7.87954
G1 X-35.25 Y-29.287 E7.9091
G1 X-35.22 Y-28.812 E7.93199
G1 X-19.791 Y-13.383 E8.98145
G1 X-19.791 Y-9.747 E9.15633
G1 X-35.22 Y-25.176 E10.20579
G1 X-35.22 Y-21.54 E10.38067
G1 X-21.393 Y-7.713 E11.32117
G1 X-25.028 Y-7.713 E11.496
G1 X-35.376 Y-18.061 E12.19986
G1 X-35.718 Y-17.447 E12.23366
G1 X-36.152 Y-17.044 E12.26215
G1 X-36.662 Y-16.732 E12.29091
G1 X-35.617 Y-16.481 E12.3426
G1 X-34.882 Y-16.145 E12.38147
G1 X-34.196 Y-15.661 E12.42185
G1 X-33.581 Y-15.004 E12.46513
G1 X-33.131 Y-14.261 E12.50691
G1 X-32.847 Y-13.465 E12.54756
G1 X-32.72 Y-12.435 E12.59747
G1 X-32.72 Y-11.769 E12.6295
G1 X-28.664 Y-7.713 E12.90538
G1 X-32.3 Y-7.713 E13.08026
G1 X-32.893 Y-8.307 E13.12063
;LAYER_CHANGE
;Z:10.25
;HEIGHT:0.3
G1 Z10.25 F7800
G1 E11.12063 F2400
G92 E0
G1 X-32.893 Y-8.307 F7800
G1 X-46.062 Y-30.899
G1 E2 F2400
;TYPE:Perimeter
;WIDTH:0.547512
G1 F3600
G1 X-45.622 Y-30.954 E2.02672
;WIDTH:0.513208
G1 X-37.373 Y-30.954 E2.4885
;WIDTH:0.535871
G1 X-37.104 Y-30.929 E2.50439
G1 X-36.788 Y-30.8 E2.52446
;WIDTH:0.492935
G1 X-36.473 Y-30.672 E2.54263
;WIDTH:0.45
G1 X-36.029 Y-30.306 E2.57031
G1 X-35.805 Y-30.023 E2.58767
G1 X-35.577 Y-29.501 E2.61507
G1 X-35.509 Y-29.015 E2.63867
G1 X-35.509 Y-18.841 E3.128
G1 X-35.559 Y-18.407 E3.14901
G1 X-35.827 Y-17.808 E3.18057
G1 X-36.053 Y-17.515 E3.19837
G1 X-36.422 Y-17.221 E3.22106
;WIDTH:0.487431
G1 X-36.668 Y-17.091 E3.23574
;WIDTH:0.524862
G1 X-36.915 Y-16.961 E3.25177
G1 X-37.418 Y-16.9 E3.28087
;WIDTH:0.512648
G1 X-45.592 Y-16.901 E3.73788
;WIDTH:0.545799
G1 X-46.185 Y-16.979 E3.77379
;WIDTH:0.582227
G1 X-46.63 Y-17.165 E3.80494
;WIDTH:0.587858
G1 X-46.969 Y-17.423 E3.83275
G1 X-47.274 Y-17.823 E3.86559
;WIDTH:0.583301
G1 X-47.391 Y-18.044 E3.88177
;WIDTH:0.56839
G1 X-47.515 Y-18.619 E3.91875
;WIDTH:0.526096
G1 X-47.532 Y-18.84 E3.93151
;WIDTH:0.511506
G1 X-47.531 Y-29.06 E4.50146
;WIDTH:0.558298
G1 X-47.447 Y-29.617 E4.53616
;WIDTH:0.582862
G1 X-47.29 Y-30.01 E4.56353
;WIDTH:0.585681
G1 X-46.972 Y-30.43 E4.59778
G1 X-46.525 Y-30.745 E4.63334
;WIDTH:0.582723
G1 X-46.119 Y-30.883 E4.66106
G1 X-46.119 Y-30.883 F7800
G1 X-45.955 Y-30.467
;WIDTH:0.45
G1 F3600
G1 X-45.744 Y-30.524 E4.67157
G1 X-45.622 Y-30.537 E4.67747
G1 X-37.373 Y-30.537 E5.07422
G1 X-36.819 Y-30.405 E5.10161
G1 X-36.596 Y-30.286 E5.11377
G1 X-36.22 Y-29.954 E5.1379
G1 X-35.995 Y-29.552 E5.16006
G1 X-35.895 Y-29.04 E5.18515
G1 X-35.895 Y-18.841 E5.67569
G1 X-35.978 Y-18.365 E5.69893
G1 X-36.24 Y-17.875 E5.72565
G1 X-36.595 Y-17.565 E5.74832
G1 X-37.061 Y-17.364 E5.77273
G1 X-37.418 Y-17.317 E5.79005
G1 X-45.593 Y-17.317 E6.18324
G1 X-46.029 Y-17.384 E6.20446
G1 X-46.37 Y-17.534 E6.22238
G1 X-46.691 Y-17.796 E6.24231
G1 X-46.978 Y-18.209 E6.2665
G1 X-47.102 Y-18.713 E6.29146
G1 X-47.116 Y-18.84 E6.29761
G1 X-47.115 Y-29.06 E6.78916
G1 X-47.008 Y-29.558 E6.81366
G1 X-46.92 Y-29.75 E6.82382
G1 X-46.659 Y-30.101 E6.84486
G1 X-46.245 Y-30.387 E6.86906
G1 X-46.013 Y-30.451 E6.88064
G1 X-46.013 Y-30.451 F7800
G1 X-45.863 Y-30.103
;TYPE:External perimeter
G1 F1800
G1 X-45.622 Y-30.152 E6.89247
G1 X-37.373 Y-30.151 E7.28922
G1 X-36.873 Y-30.013 E7.31417
G1 X-36.489 Y-29.668 E7.339
G1 X-36.333 Y-29.349 E7.35608
G1 X-36.28 Y-29.015 E7.37235
G1 X-36.28 Y-18.841 E7.86168
G1 X-36.329 Y-18.526 E7.87701
G1 X-36.585 Y-18.073 E7.90204
G1 X-36.791 Y-17.899 E7.91501
G1 X-37.118 Y-17.745 E7.93239
G1 X-37.418 Y-17.703 E7.94696
G1 X-45.592 Y-17.703 E8.3401
G1 X-45.89 Y-17.744 E8.35457
G1 X-46.148 Y-17.849 E8.36797
G1 X-46.424 Y-18.083 E8.38537
G1 X-46.639 Y-18.415 E8.40439
G1 X-46.73 Y-18.84 E8.42529
G1 X-46.729 Y-29.06 E8.91684
G1 X-46.605 Y-29.528 E8.94013
G1 X-46.35 Y-29.854 E8.96004
G1 X-45.994 Y-30.076 E8.98022
G1 X-45.922 Y-30.091 E8.98376
G1 X-45.526 Y-30.144 F7800
G1 E6.98376 F2400
G92 E0
G1 X-19.502 Y-40.431 F7800
G1 E2 F2400
;TYPE:Perimeter
G1 F3600
G1 X-19.502 Y-33.593 E2.32888
G1 X-19.502 Y-7.424 E3.58752
G1 X-33.009 Y-7.424 E4.23716
G1 X-33.009 Y-12.429 E4.47788
G1 X-33.156 Y-13.489 E4.52935
G1 X-33.437 Y-14.22 E4.56702
G1 X-33.856 Y-14.881 E4.60466
G1 X-34.414 Y-15.462 E4.6434
G1 X-35.185 Y-15.983 E4.68816
G1 X-35.727 Y-16.212 E4.71646
G1 X-36.296 Y-16.358 E4.74471
;WIDTH:0.487431
G1 X-36.576 Y-16.408 E4.75972
;WIDTH:0.524862
G1 X-36.856 Y-16.458 E4.77606
G1 X-37.418 Y-16.452 E4.80834
;WIDTH:0.512648
G1 X-45.592 Y-16.454 E5.26535
;WIDTH:0.527003
G1 X-45.957 Y-16.464 E5.28642
;WIDTH:0.56517
G1 X-46.455 Y-16.545 E5.31793
;WIDTH:0.581661
G1 X-46.829 Y-16.684 E5.34367
;WIDTH:0.591572
G1 X-47.201 Y-16.922 E5.37271
;WIDTH:0.597958
G1 X-47.509 Y-17.235 E5.40193
G1 X-47.786 Y-17.675 E5.43653
;WIDTH:0.580203
G1 X-47.932 Y-18.16 E5.46912
;WIDTH:0.558789
G1 X-47.979 Y-18.84 E5.51115
;WIDTH:0.511506
G1 X-47.978 Y-29.06 E6.0811
;WIDTH:0.558298
G1 X-47.927 Y-29.731 E6.12256
;WIDTH:0.582106
G1 X-47.773 Y-30.207 E6.15487
;WIDTH:0.592973
G1 X-47.493 Y-30.648 E6.18931
;WIDTH:0.597071
G1 X-47.11 Y-31.003 E6.22401
G1 X-46.657 Y-31.247 E6.2582
;WIDTH:0.5772
G1 X-46.139 Y-31.375 E6.29233
;WIDTH:0.547512
G1 X-45.622 Y-31.401 E6.32352
;WIDTH:0.513208
G1 X-37.373 Y-31.403 E6.7853
;WIDTH:0.535871
G1 X-37.041 Y-31.392 E6.80483
G1 X-36.853 Y-31.421 E6.81602
;WIDTH:0.492935
G1 X-36.666 Y-31.451 E6.82614
;WIDTH:0.45
G1 X-36.13 Y-31.532 E6.85221
G1 X-35.593 Y-31.691 E6.87915
G1 X-35.021 Y-31.965 E6.90965
G1 X-34.414 Y-32.393 E6.94537
G1 X-34.076 Y-32.731 E6.96836
G1 X-33.743 Y-33.126 E6.99321
G1 X-33.357 Y-33.806 E7.03082
G1 X-33.107 Y-34.573 E7.06962
G1 X-33.009 Y-35.426 E7.11092
G1 X-33.009 Y-40.431 E7.35164
G1 X-19.562 Y-40.431 E7.99839
G1 X-19.562 Y-40.431 F7800
G1 X-19.116 Y-40.817
G1 F3600
G1 X-19.116 Y-33.593 E8.34584
G1 X-19.116 Y-7.038 E9.62304
G1 X-33.395 Y-7.038 E10.30981
G1 X-33.395 Y-12.429 E10.5691
G1 X-33.519 Y-13.359 E10.61423
G1 X-33.768 Y-14.021 E10.64825
G1 X-34.141 Y-14.622 E10.68227
G1 X-34.636 Y-15.147 E10.71697
G1 X-35.342 Y-15.631 E10.75814
G1 X-35.83 Y-15.84 E10.78367
G1 X-36.343 Y-15.976 E10.8092
G1 X-36.856 Y-16.035 E10.83404
G1 X-45.969 Y-16.038 E11.27234
G1 X-46.51 Y-16.105 E11.29856
G1 X-46.985 Y-16.26 E11.32259
G1 X-47.448 Y-16.538 E11.34856
G1 X-47.84 Y-16.916 E11.37475
G1 X-48.153 Y-17.402 E11.40255
G1 X-48.304 Y-17.794 E11.42275
G1 X-48.395 Y-18.45 E11.4546
G1 X-48.395 Y-29.361 E11.97938
G1 X-48.345 Y-29.876 E12.00427
G1 X-48.169 Y-30.435 E12.03246
G1 X-47.849 Y-30.94 E12.06121
G1 X-47.416 Y-31.353 E12.08999
G1 X-46.958 Y-31.61 E12.11525
G1 X-46.589 Y-31.722 E12.1338
G1 X-45.99 Y-31.817 E12.16297
G1 X-36.785 Y-31.825 E12.6057
G1 X-36.232 Y-31.904 E12.63257
G1 X-35.749 Y-32.044 E12.65676
G1 X-35.243 Y-32.28 E12.68361
G1 X-34.54 Y-32.792 E12.72544
G1 X-34.074 Y-33.324 E12.75946
G1 X-33.72 Y-33.936 E12.79346
G1 X-33.49 Y-34.62 E12.82817
G1 X-33.395 Y-35.426 E12.8672
G1 X-33.395 Y-40.817 E13.12649
G1 X-19.176 Y-40.817 E13.81037
G1 X-18.73 Y-41.203 F7800
;TYPE:External perimeter
G1 F1800
G1 X-18.73 Y-33.593 E14.17638
G1 X-18.73 Y-6.653 E15.4721
G1 X-33.78 Y-6.653 E16.19595
G1 X-33.78 Y-12.429 E16.47376
G1 X-33.882 Y-13.229 E16.51255
G1 X-34.099 Y-13.823 E16.54297
G1 X-34.427 Y-14.363 E16.57336
G1 X-34.858 Y-14.832 E16.604
G1 X-35.465 Y-15.259 E16.63969
G1 X-35.906 Y-15.459 E16.66298
G1 X-36.362 Y-15.587 E16.68576
G1 X-36.856 Y-15.649 E16.70971
G1 X-45.992 Y-15.653 E17.14912
G1 X-46.557 Y-15.722 E17.1765
G1 X-47.118 Y-15.898 E17.20478
G1 X-47.372 Y-16.031 E17.21857
G1 X-47.854 Y-16.376 E17.24708
G1 X-48.271 Y-16.849 E17.27741
G1 X-48.574 Y-17.394 E17.3074
G1 X-48.728 Y-17.923 E17.3339
G1 X-48.78 Y-18.436 E17.3587
G1 X-48.778 Y-29.458 E17.88882
G1 X-48.722 Y-29.96 E17.91311
G1 X-48.554 Y-30.509 E17.94072
G1 X-48.255 Y-31.02 E17.9692
G1 X-48.051 Y-31.281 E17.98513
G1 X-47.562 Y-31.717 E18.01664
G1 X-47.043 Y-31.994 E18.04493
G1 X-46.46 Y-32.147 E18.07392
G1 X-46 Y-32.203 E18.09621
G1 X-37.041 Y-32.206 E18.52711
G1 X-36.39 Y-32.262 E18.55854
G1 X-35.932 Y-32.387 E18.58137
G1 X-35.465 Y-32.596 E18.60598
G1 X-34.826 Y-33.051 E18.64371
G1 X-34.404 Y-33.522 E18.67413
G1 X-34.083 Y-34.066 E18.70451
G1 X-33.873 Y-34.667 E18.73513
G1 X-33.78 Y-35.426 E18.77191
G1 X-33.78 Y-41.203 E19.04976
G1 X-18.79 Y-41.203 E19.77073
G1 X-18.731 Y-40.807 F7800
G1 E17.77073 F2400
G92 E0
G1 X-19.617 Y-38.659 F7800
G1 E2 F2400
;TYPE:Internal infill
;WIDTH:0.45
G1 F4800
G1 X-21.101 Y-40.142 E2.10091
G1 X-24.736 Y-40.142 E2.27574
G1 X-19.791 Y-35.196 E2.61213
G1 X-19.791 Y-31.561 E2.78696
G1 X-28.372 Y-40.142 E3.37063
G1 X-32.008 Y-40.142 E3.54551
G1 X-19.791 Y-27.925 E4.3765
G1 X-19.791 Y-24.289 E4.55138
G1 X-32.72 Y-37.219 E5.43083
G1 X-32.72 Y-35.42 E5.51736
G1 X-32.847 Y-34.39 E5.56727
G1 X-33.026 Y-33.889 E5.59286
G1 X-19.791 Y-20.654 E6.49309
G1 X-19.791 Y-17.018 E6.66797
G1 X-34.648 Y-31.876 E7.67856
G1 X-34.923 Y-31.683 E7.69472
G1 X-35.643 Y-31.367 E7.73254
G1 X-36.775 Y-31.126 E7.78821
G1 X-36.157 Y-30.799 E7.82184
G1 X-35.709 Y-30.395 E7.85085
G1 X-35.559 Y-30.177 E7.86358
G1 X-35.293 Y-29.559 E7.89594
G1 X-35.22 Y-28.812 E7.93204
G1 X-19.791 Y-13.383 E8.9815
G1 X-19.791 Y-9.747 E9.15638
G1 X-35.22 Y-25.176 E10.20584
G1 X-35.22 Y-21.54 E10.38072
G1 X-21.393 Y-7.713 E11.32122
G1 X-25.028 Y-7.713 E11.49605
G1 X-35.376 Y-18.061 E12.19991
G1 X-35.718 Y-17.447 E12.23371
G1 X-36.152 Y-17.044 E12.2622
G1 X-36.685 Y-16.728 E12.292
G1 X-35.617 Y-16.481 E12.34472
G1 X-34.882 Y-16.145 E12.38359
G1 X-34.196 Y-15.661 E12.42397
G1 X-33.581 Y-15.004 E12.46725
G1 X-33.132 Y-14.261 E12.509
G1 X-32.847 Y-13.465 E12.54966
G1 X-32.72 Y-12.435 E12.59957
G1 X-32.72 Y-11.769 E12.6316
G1 X-28.664 Y-7.713 E12.90748
G1 X-32.3 Y-7.713 E13.08236
G1 X-32.893 Y-8.307 E13.12273
;LAYER_CHANGE
;Z:10.55
;HEIGHT:0.3
G1 Z10.55 F7800
G1 E11.12273 F2400
G92 E0
G1 X-32.893 Y-8.307 F7800
G1 X-46.061 Y-30.892
G1 E2 F2400
;TYPE:Perimeter
;WIDTH:0.547107
G1 F3600
G1 X-45.622 Y-30.954 E2.02669
;WIDTH:0.511386
G1 X-45.621 Y-30.954 E2.02675
;WIDTH:0.513207
G1 X-37.373 Y-30.954 E2.48847
;WIDTH:0.535885
G1 X-37.103 Y-30.929 E2.50442
G1 X-36.788 Y-30.8 E2.52444
;WIDTH:0.492942
G1 X-36.473 Y-30.672 E2.54261
;WIDTH:0.45
G1 X-36.029 Y-30.306 E2.57029
G1 X-35.809 Y-30.031 E2.58723
G1 X-35.646 Y-29.72 E2.60412
G1 X-35.523 Y-29.179 E2.6308
G1 X-35.509 Y-28.097 E2.68284
G1 X-35.509 Y-18.84 E3.12807
G1 X-35.559 Y-18.407 E3.14903
G1 X-35.827 Y-17.808 E3.18059
G1 X-36.04 Y-17.528 E3.19751
G1 X-36.487 Y-17.18 E3.22476
;WIDTH:0.480512
G1 X-36.843 Y-17.053 E3.24438
;WIDTH:0.511025
G1 X-37.199 Y-16.925 E3.26545
;WIDTH:0.512649
G1 X-37.418 Y-16.9 E3.27777
G1 X-45.592 Y-16.901 E3.73478
;WIDTH:0.545799
G1 X-46.185 Y-16.979 E3.77069
;WIDTH:0.580496
G1 X-46.63 Y-17.165 E3.80174
;WIDTH:0.586812
G1 X-46.974 Y-17.428 E3.82996
G1 X-47.307 Y-17.869 E3.86597
;WIDTH:0.583746
G1 X-47.444 Y-18.233 E3.89116
;WIDTH:0.558788
G1 X-47.532 Y-18.84 E3.92898
;WIDTH:0.511506
G1 X-47.531 Y-29.06 E4.49893
;WIDTH:0.558297
G1 X-47.447 Y-29.617 E4.53363
;WIDTH:0.582107
G1 X-47.313 Y-29.974 E4.55825
;WIDTH:0.592804
G1 X-47.01 Y-30.396 E4.59249
G1 X-46.524 Y-30.742 E4.63181
;WIDTH:0.576927
G1 X-46.166 Y-30.878 E4.65629
;WIDTH:0.547107
G1 X-46.12 Y-30.884 E4.65908
G1 X-46.12 Y-30.884 F7800
G1 X-45.955 Y-30.468
;WIDTH:0.45
G1 F3600
G1 X-45.622 Y-30.537 E4.67544
G1 X-37.373 Y-30.537 E5.07219
G1 X-36.819 Y-30.405 E5.09958
G1 X-36.595 Y-30.286 E5.11178
G1 X-36.22 Y-29.953 E5.1359
G1 X-35.999 Y-29.565 E5.15738
G1 X-35.898 Y-29.071 E5.18163
G1 X-35.895 Y-18.84 E5.67371
G1 X-35.978 Y-18.365 E5.6969
G1 X-36.24 Y-17.875 E5.72362
G1 X-36.659 Y-17.53 E5.74972
G1 X-36.888 Y-17.422 E5.7619
G1 X-37.418 Y-17.317 E5.78789
G1 X-45.593 Y-17.317 E6.18108
G1 X-46.029 Y-17.384 E6.2023
G1 X-46.37 Y-17.534 E6.22022
G1 X-46.691 Y-17.796 E6.24015
G1 X-46.979 Y-18.211 E6.26445
G1 X-47.102 Y-18.713 E6.28931
G1 X-47.116 Y-18.84 E6.29546
G1 X-47.115 Y-29.06 E6.78701
G1 X-47.008 Y-29.558 E6.81151
G1 X-46.933 Y-29.73 E6.82053
G1 X-46.616 Y-30.138 E6.84538
G1 X-46.175 Y-30.422 E6.87061
G1 X-46.014 Y-30.456 E6.87852
G1 X-46.014 Y-30.456 F7800
G1 X-45.863 Y-30.103
;TYPE:External perimeter
G1 F1800
G1 X-45.621 Y-30.152 E6.8904
G1 X-37.373 Y-30.151 E7.2871
G1 X-36.873 Y-30.013 E7.31205
G1 X-36.489 Y-29.668 E7.33688
G1 X-36.339 Y-29.366 E7.3531
G1 X-36.28 Y-29.014 E7.37027
G1 X-36.28 Y-18.84 E7.8596
G1 X-36.329 Y-18.526 E7.87489
G1 X-36.569 Y-18.089 E7.89887
G1 X-36.972 Y-17.798 E7.92278
G1 X-37.418 Y-17.703 E7.94471
G1 X-45.592 Y-17.703 E8.33785
G1 X-45.89 Y-17.744 E8.35232
G1 X-46.148 Y-17.849 E8.36572
G1 X-46.381 Y-18.025 E8.37976
G1 X-46.639 Y-18.415 E8.40225
G1 X-46.73 Y-18.84 E8.42315
G1 X-46.729 Y-29.06 E8.9147
G1 X-46.609 Y-29.521 E8.93761
G1 X-46.335 Y-29.864 E8.95872
G1 X-45.993 Y-30.076 E8.97807
G1 X-45.922 Y-30.091 E8.98156
G1 X-45.526 Y-30.144 F7800
G1 E6.98156 F2400
G92 E0
G1 X-19.502 Y-40.431 F7800
G1 E2 F2400
;TYPE:Perimeter
G1 F3600
G1 X-19.502 Y-33.593 E2.32888
G1 X-19.502 Y-7.424 E3.58752
G1 X-33.009 Y-7.424 E4.23716
G1 X-33.009 Y-12.429 E4.47788
G1 X-33.156 Y-13.489 E4.52935
G1 X-33.437 Y-14.22 E4.56702
G1 X-33.856 Y-14.881 E4.60466
G1 X-34.414 Y-15.462 E4.6434
G1 X-35.185 Y-15.983 E4.68816
G1 X-35.727 Y-16.212 E4.71646
G1 X-36.296 Y-16.358 E4.74471
;WIDTH:0.458535
G1 X-36.856 Y-16.424 E4.77243
;WIDTH:0.485592
G1 X-37.137 Y-16.438 E4.78721
;WIDTH:0.512649
G1 X-37.418 Y-16.452 E4.80294
G1 X-45.592 Y-16.454 E5.25995
;WIDTH:0.515602
G1 X-45.742 Y-16.456 E5.26839
;WIDTH:0.545799
G1 X-46.301 Y-16.516 E5.30215
;WIDTH:0.579816
G1 X-46.793 Y-16.665 E5.3352
;WIDTH:0.591025
G1 X-47.199 Y-16.922 E5.36676
;WIDTH:0.59877
G1 X-47.537 Y-17.271 E5.39914
G1 X-47.788 Y-17.682 E5.43124
;WIDTH:0.578561
G1 X-47.932 Y-18.16 E5.46326
;WIDTH:0.558788
G1 X-47.979 Y-18.84 E5.50529
;WIDTH:0.511506
G1 X-47.978 Y-29.06 E6.07524
;WIDTH:0.558905
G1 X-47.916 Y-29.779 E6.11975
;WIDTH:0.582107
G1 X-47.75 Y-30.253 E6.15218
;WIDTH:0.594699
G1 X-47.461 Y-30.688 E6.18672
;WIDTH:0.597284
G1 X-47.073 Y-31.026 E6.22092
G1 X-46.627 Y-31.256 E6.25427
;WIDTH:0.572554
G1 X-46.139 Y-31.375 E6.28611
;WIDTH:0.547535
G1 X-45.621 Y-31.401 E6.31736
;WIDTH:0.513207
G1 X-37.373 Y-31.403 E6.77908
;WIDTH:0.535885
G1 X-37.041 Y-31.392 E6.79862
G1 X-36.853 Y-31.421 E6.80981
;WIDTH:0.492942
G1 X-36.666 Y-31.451 E6.81993
;WIDTH:0.45
G1 X-36.129 Y-31.532 E6.84605
G1 X-35.593 Y-31.691 E6.87294
G1 X-35.021 Y-31.965 E6.90344
G1 X-34.414 Y-32.393 E6.93916
G1 X-34.075 Y-32.732 E6.96222
G1 X-33.743 Y-33.126 E6.987
G1 X-33.357 Y-33.806 E7.02461
G1 X-33.107 Y-34.573 E7.06341
G1 X-33.009 Y-35.426 E7.10471
G1 X-33.009 Y-40.431 E7.34543
G1 X-19.562 Y-40.431 E7.99218
G1 X-19.562 Y-40.431 F7800
G1 X-19.116 Y-40.817
G1 F3600
G1 X-19.116 Y-33.593 E8.33963
G1 X-19.116 Y-7.038 E9.61683
G1 X-33.395 Y-7.038 E10.3036
G1 X-33.395 Y-12.429 E10.56289
G1 X-33.519 Y-13.359 E10.60802
G1 X-33.768 Y-14.021 E10.64204
G1 X-34.141 Y-14.622 E10.67606
G1 X-34.636 Y-15.147 E10.71076
G1 X-35.342 Y-15.631 E10.75193
G1 X-35.83 Y-15.84 E10.77746
G1 X-36.343 Y-15.976 E10.80299
G1 X-36.856 Y-16.035 E10.82783
G1 X-45.969 Y-16.038 E11.26613
G1 X-46.516 Y-16.106 E11.29264
G1 X-47.019 Y-16.268 E11.31806
G1 X-47.518 Y-16.584 E11.34647
G1 X-47.871 Y-16.954 E11.37107
G1 X-48.135 Y-17.36 E11.39436
G1 X-48.304 Y-17.794 E11.41676
G1 X-48.395 Y-18.45 E11.44861
G1 X-48.395 Y-29.06 E11.95891
G1 X-48.371 Y-29.727 E11.99101
G1 X-48.29 Y-30.121 E12.01036
G1 X-48.103 Y-30.54 E12.03243
G1 X-47.724 Y-31.076 E12.064
G1 X-47.343 Y-31.404 E12.08818
G1 X-46.886 Y-31.634 E12.11279
G1 X-46.589 Y-31.722 E12.12769
G1 X-45.99 Y-31.817 E12.15686
G1 X-36.785 Y-31.825 E12.59959
G1 X-36.231 Y-31.904 E12.62651
G1 X-35.749 Y-32.044 E12.65065
G1 X-35.243 Y-32.28 E12.6775
G1 X-34.54 Y-32.792 E12.71933
G1 X-34.074 Y-33.324 E12.75335
G1 X-33.72 Y-33.936 E12.78735
G1 X-33.49 Y-34.62 E12.82206
G1 X-33.395 Y-35.426 E12.86109
G1 X-33.395 Y-40.817 E13.12038
G1 X-19.176 Y-40.817 E13.80426
G1 X-18.73 Y-41.203 F7800
;TYPE:External perimeter
G1 F1800
G1 X-18.73 Y-33.593 E14.17027
G1 X-18.73 Y-6.653 E15.46599
G1 X-33.78 Y-6.653 E16.18984
G1 X-33.78 Y-12.429 E16.46765
G1 X-33.882 Y-13.229 E16.50644
G1 X-34.099 Y-13.823 E16.53686
G1 X-34.427 Y-14.363 E16.56725
G1 X-34.858 Y-14.832 E16.59789
G1 X-35.465 Y-15.259 E16.63358
G1 X-35.906 Y-15.459 E16.65687
G1 X-36.362 Y-15.587 E16.67965
G1 X-36.856 Y-15.649 E16.7036
G1 X-45.992 Y-15.653 E17.14301
G1 X-46.682 Y-15.737 E17.17644
G1 X-47.189 Y-15.919 E17.20235
G1 X-47.65 Y-16.211 E17.2286
G1 X-47.961 Y-16.489 E17.24866
G1 X-48.298 Y-16.883 E17.2736
G1 X-48.567 Y-17.381 E17.30082
G1 X-48.728 Y-17.923 E17.32801
G1 X-48.78 Y-18.436 E17.35281
G1 X-48.78 Y-29.06 E17.86379
G1 X-48.778 Y-29.458 E17.88293
G1 X-48.722 Y-29.96 E17.90722
G1 X-48.554 Y-30.509 E17.93483
G1 X-48.255 Y-31.02 E17.96331
G1 X-48.003 Y-31.342 E17.98298
G1 X-47.55 Y-31.732 E18.01173
G1 X-46.94 Y-32.039 E18.04457
G1 X-46.46 Y-32.147 E18.06823
G1 X-46 Y-32.203 E18.09052
G1 X-37.041 Y-32.206 E18.52142
G1 X-36.39 Y-32.262 E18.55285
G1 X-35.932 Y-32.387 E18.57568
G1 X-35.465 Y-32.596 E18.60029
G1 X-34.826 Y-33.051 E18.63802
G1 X-34.404 Y-33.522 E18.66844
G1 X-34.083 Y-34.066 E18.69882
G1 X-33.873 Y-34.667 E18.72944
G1 X-33.78 Y-35.426 E18.76622
G1 X-33.78 Y-41.203 E19.04407
G1 X-18.79 Y-41.203 E19.76504
G1 X-18.731 Y-40.807 F7800
G1 E17.76504 F2400
G92 E0
G1 X-19.617 Y-38.659 F7800
G1 E2 F2400
;TYPE:Internal infill
;WIDTH:0.45
G1 F4800
G1 X-21.101 Y-40.142 E2.10091
G1 X-24.736 Y-40.142 E2.27574
G1 X-19.791 Y-35.196 E2.61213
G1 X-19.791 Y-31.561 E2.78696
G1 X-28.372 Y-40.142 E3.37063
G1 X-32.008 Y-40.142 E3.54551
G1 X-19.791 Y-27.925 E4.3765
G1 X-19.791 Y-24.289 E4.55138
G1 X-32.72 Y-37.219 E5.43083
G1 X-32.72 Y-35.42 E5.51736
G1 X-32.847 Y-34.39 E5.56727
G1 X-33.026 Y-33.889 E5.59286
G1 X-19.791 Y-20.654 E6.49309
G1 X-19.791 Y-17.018 E6.66797
G1 X-34.647 Y-31.875 E7.67849
G1 X-35.059 Y-31.612 E7.702
G1 X-35.644 Y-31.366 E7.73252
G1 X-36.775 Y-31.126 E7.78813
G1 X-36.156 Y-30.798 E7.82182
G1 X-35.709 Y-30.395 E7.85077
G1 X-35.559 Y-30.177 E7.8635
G1 X-35.298 Y-29.57 E7.89528
G1 X-35.22 Y-28.812 E7.93193
G1 X-19.791 Y-13.383 E8.98139
G1 X-19.791 Y-9.747 E9.15627
G1 X-35.22 Y-25.176 E10.20573
G1 X-35.22 Y-21.54 E10.38061
G1 X-21.393 Y-7.713 E11.32111
G1 X-25.028 Y-7.713 E11.49594
G1 X-35.376 Y-18.061 E12.1998
G1 X-35.718 Y-17.447 E12.2336
G1 X-35.913 Y-17.256 E12.24673
G1 X-36.333 Y-16.934 E12.27218
G1 X-36.79 Y-16.719 E12.29647
G1 X-36.084 Y-16.611 E12.33082
G1 X-35.48 Y-16.43 E12.36115
G1 X-34.884 Y-16.147 E12.39288
G1 X-34.043 Y-15.519 E12.44336
G1 X-33.581 Y-15.004 E12.47664
G1 X-33.131 Y-14.261 E12.51842
G1 X-32.847 Y-13.465 E12.55907
G1 X-32.72 Y-12.435 E12.60898
G1 X-32.72 Y-11.769 E12.64101
G1 X-28.664 Y-7.713 E12.91689
G1 X-32.3 Y-7.713 E13.09177
G1 X-32.893 Y-8.307 E13.13214
;LAYER_CHANGE
;Z:10.85
;HEIGHT:0.3
G1 Z10.85 F7800
G1 E11.13214 F2400
G92 E0
G1 X-32.893 Y-8.307 F7800
G1 X-46.062 Y-30.899
G1 E2 F2400
;TYPE:Perimeter
;WIDTH:0.547557
G1 F3600
G1 X-45.62 Y-30.954 E2.02684
;WIDTH:0.513207
G1 X-37.373 Y-30.954 E2.48851
;WIDTH:0.535776
G1 X-37.105 Y-30.929 E2.50434
G1 X-36.789 Y-30.801 E2.52439
;WIDTH:0.492888
G1 X-36.473 Y-30.672 E2.54263
;WIDTH:0.45
G1 X-36.029 Y-30.306 E2.57031
G1 X-35.804 Y-30.022 E2.58774
G1 X-35.577 Y-29.5 E2.61512
G1 X-35.509 Y-29.015 E2.63867
G1 X-35.509 Y-18.841 E3.128
G1 X-35.559 Y-18.407 E3.14901
G1 X-35.827 Y-17.808 E3.18057
G1 X-36.04 Y-17.528 E3.19749
G1 X-36.487 Y-17.18 E3.22474
;WIDTH:0.480513
G1 X-36.843 Y-17.053 E3.24436
;WIDTH:0.511027
G1 X-37.199 Y-16.925 E3.26544
;WIDTH:0.512649
G1 X-37.418 Y-16.9 E3.27776
G1 X-45.592 Y-16.901 E3.73477
;WIDTH:0.5458
G1 X-46.185 Y-16.979 E3.77068
;WIDTH:0.580497
G1 X-46.63 Y-17.165 E3.80173
;WIDTH:0.58799
G1 X-46.969 Y-17.422 E3.82951
G1 X-47.274 Y-17.823 E3.86241
;WIDTH:0.582941
G1 X-47.391 Y-18.044 E3.87858
;WIDTH:0.56839
G1 X-47.515 Y-18.619 E3.91556
;WIDTH:0.526095
G1 X-47.532 Y-18.84 E3.92832
;WIDTH:0.511506
G1 X-47.531 Y-29.06 E4.49827
;WIDTH:0.558298
G1 X-47.447 Y-29.617 E4.53297
;WIDTH:0.582106
G1 X-47.313 Y-29.974 E4.55759
;WIDTH:0.592805
G1 X-47.01 Y-30.396 E4.59183
G1 X-46.525 Y-30.745 E4.63121
;WIDTH:0.582725
G1 X-46.119 Y-30.882 E4.65891
G1 X-46.119 Y-30.882 F7800
G1 X-45.955 Y-30.468
;WIDTH:0.45
G1 F3600
G1 X-45.621 Y-30.537 E4.67531
G1 X-37.373 Y-30.537 E5.07201
G1 X-36.82 Y-30.406 E5.09934
G1 X-36.596 Y-30.286 E5.11156
G1 X-36.22 Y-29.954 E5.13569
G1 X-35.994 Y-29.551 E5.15791
G1 X-35.895 Y-29.04 E5.18294
G1 X-35.895 Y-18.841 E5.67348
G1 X-35.978 Y-18.365 E5.69672
G1 X-36.241 Y-17.875 E5.72347
G1 X-36.659 Y-17.53 E5.74954
G1 X-36.888 Y-17.422 E5.76172
G1 X-37.418 Y-17.317 E5.78771
G1 X-45.593 Y-17.317 E6.1809
G1 X-46.029 Y-17.384 E6.20212
G1 X-46.37 Y-17.534 E6.22004
G1 X-46.691 Y-17.796 E6.23997
G1 X-46.978 Y-18.209 E6.26416
G1 X-47.102 Y-18.713 E6.28912
G1 X-47.116 Y-18.84 E6.29527
G1 X-47.115 Y-29.06 E6.78682
G1 X-47.008 Y-29.558 E6.81132
G1 X-46.933 Y-29.73 E6.82034
G1 X-46.653 Y-30.107 E6.84293
G1 X-46.175 Y-30.422 E6.87046
G1 X-46.014 Y-30.455 E6.87836
G1 X-46.014 Y-30.455 F7800
G1 X-45.863 Y-30.103
;TYPE:External perimeter
G1 F1800
G1 X-45.62 Y-30.152 E6.89028
G1 X-37.373 Y-30.151 E7.28693
G1 X-36.874 Y-30.013 E7.31183
G1 X-36.489 Y-29.668 E7.33669
G1 X-36.332 Y-29.347 E7.35388
G1 X-36.28 Y-29.015 E7.37004
G1 X-36.28 Y-18.841 E7.85937
G1 X-36.329 Y-18.526 E7.8747
G1 X-36.569 Y-18.089 E7.89868
G1 X-36.972 Y-17.798 E7.92259
G1 X-37.418 Y-17.703 E7.94452
G1 X-45.592 Y-17.703 E8.33766
G1 X-45.89 Y-17.744 E8.35213
G1 X-46.148 Y-17.849 E8.36553
G1 X-46.421 Y-18.079 E8.3827
G1 X-46.639 Y-18.415 E8.40196
G1 X-46.73 Y-18.84 E8.42286
G1 X-46.729 Y-29.06 E8.91441
G1 X-46.609 Y-29.521 E8.93732
G1 X-46.367 Y-29.843 E8.95669
G1 X-45.993 Y-30.076 E8.97788
G1 X-45.922 Y-30.091 E8.98137
G1 X-45.526 Y-30.144 F7800
G1 E6.98137 F2400
G92 E0
G1 X-19.502 Y-40.431 F7800
G1 E2 F2400
;TYPE:Perimeter
G1 F3600
G1 X-19.502 Y-33.593 E2.32888
G1 X-19.502 Y-7.424 E3.58752
G1 X-33.009 Y-7.424 E4.23716
G1 X-33.009 Y-12.429 E4.47788
G1 X-33.156 Y-13.489 E4.52935
G1 X-33.437 Y-14.22 E4.56702
G1 X-33.856 Y-14.881 E4.60466
G1 X-34.414 Y-15.462 E4.6434
G1 X-35.185 Y-15.983 E4.68816
G1 X-35.727 Y-16.212 E4.71646
G1 X-36.296 Y-16.358 E4.74471
;WIDTH:0.458534
G1 X-36.856 Y-16.424 E4.77243
;WIDTH:0.485591
G1 X-37.137 Y-16.438 E4.78721
;WIDTH:0.512649
G1 X-37.418 Y-16.452 E4.80294
G1 X-45.592 Y-16.454 E5.25995
;WIDTH:0.515602
G1 X-45.742 Y-16.456 E5.26839
;WIDTH:0.5458
G1 X-46.301 Y-16.516 E5.30215
;WIDTH:0.579818
G1 X-46.793 Y-16.665 E5.3352
;WIDTH:0.59137
G1 X-47.204 Y-16.925 E5.36717
;WIDTH:0.597857
G1 X-47.527 Y-17.253 E5.3978
G1 X-47.788 Y-17.68 E5.4311
;WIDTH:0.579828
G1 X-47.932 Y-18.16 E5.46332
;WIDTH:0.558788
G1 X-47.979 Y-18.84 E5.50535
;WIDTH:0.511506
G1 X-47.978 Y-29.06 E6.0753
;WIDTH:0.558298
G1 X-47.927 Y-29.731 E6.11676
;WIDTH:0.582106
G1 X-47.773 Y-30.207 E6.14907
;WIDTH:0.590787
G1 X-47.544 Y-30.57 E6.17725
;WIDTH:0.594081
G1 X-47.336 Y-30.819 E6.19869
G1 X-46.913 Y-31.125 E6.23318
;WIDTH:0.591731
G1 X-46.657 Y-31.247 E6.25183
;WIDTH:0.577199
G1 X-46.139 Y-31.375 E6.28596
;WIDTH:0.547557
G1 X-45.62 Y-31.401 E6.31728
;WIDTH:0.513207
G1 X-37.373 Y-31.403 E6.77895
;WIDTH:0.535776
G1 X-37.042 Y-31.392 E6.79842
G1 X-36.854 Y-31.421 E6.8096
;WIDTH:0.492888
G1 X-36.667 Y-31.451 E6.81972
;WIDTH:0.45
G1 X-36.13 Y-31.532 E6.84584
G1 X-35.593 Y-31.691 E6.87278
G1 X-35.021 Y-31.965 E6.90328
G1 X-34.414 Y-32.393 E6.939
G1 X-34.076 Y-32.731 E6.96199
G1 X-33.743 Y-33.126 E6.98684
G1 X-33.357 Y-33.806 E7.02445
G1 X-33.107 Y-34.573 E7.06325
G1 X-33.009 Y-35.426 E7.10455
G1 X-33.009 Y-40.431 E7.34527
G1 X-19.562 Y-40.431 E7.99202
G1 X-19.562 Y-40.431 F7800
G1 X-19.116 Y-40.817
G1 F3600
G1 X-19.116 Y-33.593 E8.33947
G1 X-19.116 Y-7.038 E9.61667
G1 X-33.395 Y-7.038 E10.30344
G1 X-33.395 Y-12.429 E10.56273
G1 X-33.519 Y-13.359 E10.60786
G1 X-33.768 Y-14.021 E10.64188
G1 X-34.141 Y-14.622 E10.6759
G1 X-34.636 Y-15.147 E10.7106
G1 X-35.342 Y-15.631 E10.75177
G1 X-35.83 Y-15.84 E10.7773
G1 X-36.343 Y-15.976 E10.80283
G1 X-36.856 Y-16.035 E10.82767
G1 X-45.969 Y-16.038 E11.26597
G1 X-46.516 Y-16.106 E11.29248
G1 X-47.019 Y-16.268 E11.3179
G1 X-47.52 Y-16.585 E11.34641
G1 X-47.894 Y-16.971 E11.37226
G1 X-48.155 Y-17.406 E11.39666
G1 X-48.304 Y-17.794 E11.41665
G1 X-48.395 Y-18.45 E11.4485
G1 X-48.395 Y-29.361 E11.97328
G1 X-48.345 Y-29.876 E11.99817
G1 X-48.169 Y-30.435 E12.02636
G1 X-47.88 Y-30.892 E12.05237
G1 X-47.56 Y-31.227 E12.07465
G1 X-47.053 Y-31.568 E12.10404
G1 X-46.589 Y-31.722 E12.12755
G1 X-45.99 Y-31.817 E12.15672
G1 X-36.785 Y-31.825 E12.59945
G1 X-36.233 Y-31.903 E12.62626
G1 X-35.749 Y-32.044 E12.65051
G1 X-35.243 Y-32.28 E12.67736
G1 X-34.54 Y-32.792 E12.71919
G1 X-34.074 Y-33.324 E12.75321
G1 X-33.72 Y-33.936 E12.78721
G1 X-33.49 Y-34.62 E12.82192
G1 X-33.395 Y-35.426 E12.86095
G1 X-33.395 Y-40.817 E13.12024
G1 X-19.176 Y-40.817 E13.80412
G1 X-18.73 Y-41.203 F7800
;TYPE:External perimeter
G1 F1800
G1 X-18.73 Y-33.593 E14.17013
G1 X-18.73 Y-6.653 E15.46585
G1 X-33.78 Y-6.653 E16.1897
G1 X-33.78 Y-12.429 E16.46751
G1 X-33.882 Y-13.229 E16.5063
G1 X-34.099 Y-13.823 E16.53672
G1 X-34.427 Y-14.363 E16.56711
G1 X-34.858 Y-14.832 E16.59775
G1 X-35.465 Y-15.259 E16.63344
G1 X-35.906 Y-15.459 E16.65673
G1 X-36.362 Y-15.587 E16.67951
G1 X-36.856 Y-15.649 E16.70346
G1 X-45.992 Y-15.653 E17.14287
G1 X-46.563 Y-15.723 E17.17054
G1 X-47.075 Y-15.878 E17.19627
G1 X-47.364 Y-16.03 E17.21198
G1 X-47.857 Y-16.379 E17.24103
G1 X-48.268 Y-16.845 E17.27091
G1 X-48.575 Y-17.396 E17.30125
G1 X-48.728 Y-17.923 E17.32764
G1 X-48.78 Y-18.436 E17.35244
G1 X-48.78 Y-29.06 E17.86342
G1 X-48.778 Y-29.458 E17.88256
G1 X-48.722 Y-29.96 E17.90685
G1 X-48.515 Y-30.609 E17.93961
G1 X-48.205 Y-31.098 E17.96746
G1 X-47.872 Y-31.48 E17.99183
G1 X-47.398 Y-31.813 E18.01969
G1 X-47.043 Y-31.994 E18.03886
G1 X-46.46 Y-32.147 E18.06785
G1 X-46 Y-32.203 E18.09014
G1 X-37.042 Y-32.206 E18.52099
G1 X-36.39 Y-32.262 E18.55246
G1 X-35.932 Y-32.387 E18.57529
G1 X-35.465 Y-32.596 E18.5999
G1 X-34.826 Y-33.051 E18.63763
G1 X-34.404 Y-33.522 E18.66805
G1 X-34.083 Y-34.066 E18.69843
G1 X-33.873 Y-34.667 E18.72905
G1 X-33.78 Y-35.426 E18.76583
G1 X-33.78 Y-41.203 E19.04368
G1 X-18.79 Y-41.203 E19.76465
G1 X-18.731 Y-40.807 F7800
G1 E17.76465 F2400
G92 E0
G1 X-19.617 Y-38.659 F7800
G1 E2 F2400
;TYPE:Internal infill
;WIDTH:0.45
G1 F4800
G1 X-21.101 Y-40.142 E2.10091
G1 X-24.736 Y-40.142 E2.27574
G1 X-19.791 Y-35.196 E2.61213
G1 X-19.791 Y-31.561 E2.78696
G1 X-28.372 Y-40.142 E3.37063
G1 X-32.008 Y-40.142 E3.54551
G1 X-19.791 Y-27.925 E4.3765
G1 X-19.791 Y-24.289 E4.55138
G1 X-32.72 Y-37.219 E5.43083
G1 X-32.72 Y-35.42 E5.51736
G1 X-32.847 Y-34.39 E5.56727
G1 X-33.026 Y-33.889 E5.59286
G1 X-19.791 Y-20.654 E6.49309
G1 X-19.791 Y-17.018 E6.66797
G1 X-34.648 Y-31.876 E7.67856
G1 X-34.921 Y-31.684 E7.69461
G1 X-35.643 Y-31.367 E7.73254
G1 X-36.776 Y-31.126 E7.78825
G1 X-36.157 Y-30.799 E7.82192
G1 X-35.709 Y-30.395 E7.85093
G1 X-35.559 Y-30.177 E7.86366
G1 X-35.293 Y-29.56 E7.89598
G1 X-35.22 Y-28.812 E7.93213
G1 X-19.791 Y-13.383 E8.98159
G1 X-19.791 Y-9.747 E9.15647
G1 X-35.22 Y-25.176 E10.20593
G1 X-35.22 Y-21.54 E10.38081
G1 X-21.393 Y-7.713 E11.32131
G1 X-25.028 Y-7.713 E11.49614
G1 X-35.376 Y-18.061 E12.2
G1 X-35.718 Y-17.447 E12.2338
G1 X-35.913 Y-17.256 E12.24693
G1 X-36.333 Y-16.934 E12.27238
G1 X-36.79 Y-16.719 E12.29667
G1 X-36.084 Y-16.611 E12.33102
G1 X-35.48 Y-16.43 E12.36135
G1 X-34.884 Y-16.147 E12.39308
G1 X-34.043 Y-15.519 E12.44356
G1 X-33.581 Y-15.004 E12.47684
G1 X-33.132 Y-14.261 E12.51859
G1 X-32.847 Y-13.465 E12.55925
G1 X-32.72 Y-12.435 E12.60916
G1 X-32.72 Y-11.769 E12.64119
G1 X-28.664 Y-7.713 E12.91707
G1 X-32.3 Y-7.713 E13.09195
G1 X-32.893 Y-8.307 E13.13232
;LAYER_CHANGE
;Z:11.15
;HEIGHT:0.299999
G1 Z11.15 F7800
G1 E11.13232 F2400
G92 E0
G1 X-32.893 Y-8.307 F7800
G1 X-46.061 Y-30.892
G1 E2 F2400
;TYPE:Perimeter
;WIDTH:0.547112
G1 F3600
G1 X-45.62 Y-30.954 E2.02681
;WIDTH:0.511365
G1 X-45.619 Y-30.954 E2.02687
;WIDTH:0.513207
G1 X-37.373 Y-30.954 E2.48848
;WIDTH:0.52446
G1 X-36.915 Y-30.893 E2.51499
G1 X-36.69 Y-30.768 E2.52976
;WIDTH:0.48723
G1 X-36.466 Y-30.642 E2.54331
;WIDTH:0.45
G1 X-36.082 Y-30.375 E2.5658
G1 X-35.756 Y-29.944 E2.59179
G1 X-35.624 Y-29.63 E2.60817
G1 X-35.516 Y-29.128 E2.63287
G1 X-35.509 Y-28.097 E2.68246
G1 X-35.509 Y-18.841 E3.12764
G1 X-35.559 Y-18.407 E3.14865
G1 X-35.768 Y-17.884 E3.17574
G1 X-36.109 Y-17.472 E3.20146
G1 X-36.453 Y-17.204 E3.22243
;WIDTH:0.496307
G1 X-36.679 Y-17.082 E3.23627
;WIDTH:0.542615
G1 X-36.904 Y-16.96 E3.25154
G1 X-37.419 Y-16.9 E3.28247
;WIDTH:0.512649
G1 X-45.592 Y-16.901 E3.73943
;WIDTH:0.545797
G1 X-46.185 Y-16.979 E3.77534
;WIDTH:0.580498
G1 X-46.63 Y-17.165 E3.80639
;WIDTH:0.588056
G1 X-46.969 Y-17.422 E3.83418
G1 X-47.274 Y-17.823 E3.86709
;WIDTH:0.582759
G1 X-47.391 Y-18.044 E3.88326
;WIDTH:0.56839
G1 X-47.515 Y-18.619 E3.92024
;WIDTH:0.526094
G1 X-47.532 Y-18.84 E3.933
;WIDTH:0.511506
G1 X-47.531 Y-29.06 E4.50295
;WIDTH:0.558297
G1 X-47.447 Y-29.617 E4.53765
;WIDTH:0.582862
G1 X-47.29 Y-30.01 E4.56502
;WIDTH:0.595278
G1 X-46.946 Y-30.46 E4.60253
G1 X-46.524 Y-30.742 E4.63614
;WIDTH:0.576925
G1 X-46.165 Y-30.878 E4.66068
;WIDTH:0.547112
G1 X-46.12 Y-30.884 E4.66341
G1 X-46.12 Y-30.884 F7800
G1 X-45.955 Y-30.468
;WIDTH:0.45
G1 F3600
G1 X-45.62 Y-30.537 E4.67986
G1 X-37.373 Y-30.537 E5.07651
G1 X-36.945 Y-30.462 E5.09741
G1 X-36.5 Y-30.218 E5.12182
G1 X-36.285 Y-30.012 E5.13614
G1 X-36.027 Y-29.633 E5.15819
G1 X-35.909 Y-29.142 E5.18248
G1 X-35.895 Y-28.097 E5.23275
G1 X-35.895 Y-18.841 E5.67793
G1 X-35.962 Y-18.404 E5.69919
G1 X-36.147 Y-18.018 E5.71978
G1 X-36.531 Y-17.603 E5.74697
G1 X-36.988 Y-17.383 E5.77136
G1 X-37.419 Y-17.317 E5.79233
G1 X-45.593 Y-17.317 E6.18547
G1 X-46.029 Y-17.384 E6.20669
G1 X-46.37 Y-17.534 E6.22461
G1 X-46.691 Y-17.796 E6.24454
G1 X-46.978 Y-18.209 E6.26873
G1 X-47.102 Y-18.713 E6.29369
G1 X-47.116 Y-18.84 E6.29984
G1 X-47.115 Y-29.06 E6.79139
G1 X-47.008 Y-29.558 E6.81589
G1 X-46.92 Y-29.75 E6.82605
G1 X-46.616 Y-30.138 E6.84976
G1 X-46.175 Y-30.422 E6.87499
G1 X-46.014 Y-30.455 E6.88289
G1 X-46.014 Y-30.455 F7800
G1 X-45.863 Y-30.103
;TYPE:External perimeter
G1 F1800
G1 X-45.62 Y-30.152 E6.89481
G1 X-37.373 Y-30.151 E7.29146
G1 X-37.051 Y-30.087 E7.30725
G1 X-36.63 Y-29.83 E7.33097
G1 X-36.376 Y-29.46 E7.35256
G1 X-36.28 Y-29.015 E7.37446
G1 X-36.28 Y-18.841 E7.86379
G1 X-36.321 Y-18.543 E7.87826
G1 X-36.439 Y-18.27 E7.89256
G1 X-36.766 Y-17.911 E7.91592
G1 X-37.067 Y-17.761 E7.9321
G1 X-37.419 Y-17.703 E7.94926
G1 X-45.592 Y-17.703 E8.34235
G1 X-45.89 Y-17.744 E8.35682
G1 X-46.148 Y-17.849 E8.37022
G1 X-46.419 Y-18.077 E8.38725
G1 X-46.639 Y-18.415 E8.40665
G1 X-46.73 Y-18.84 E8.42755
G1 X-46.729 Y-29.06 E8.9191
G1 X-46.605 Y-29.528 E8.94239
G1 X-46.335 Y-29.864 E8.96312
G1 X-45.993 Y-30.076 E8.98247
G1 X-45.922 Y-30.091 E8.98596
G1 X-45.526 Y-30.144 F7800
G1 E6.98596 F2400
G92 E0
G1 X-19.502 Y-40.431 F7800
G1 E2 F2400
;TYPE:Perimeter
G1 F3600
G1 X-19.502 Y-33.593 E2.32888
G1 X-19.502 Y-7.424 E3.58752
G1 X-33.009 Y-7.424 E4.23716
G1 X-33.009 Y-12.429 E4.47788
G1 X-33.156 Y-13.489 E4.52935
G1 X-33.437 Y-14.22 E4.56702
G1 X-33.856 Y-14.881 E4.60466
G1 X-34.414 Y-15.462 E4.6434
G1 X-35.185 Y-15.983 E4.68816
G1 X-35.753 Y-16.219 E4.71774
G1 X-36.296 Y-16.358 E4.7447
;WIDTH:0.499919
G1 X-36.59 Y-16.414 E4.76096
;WIDTH:0.549839
G1 X-36.885 Y-16.47 E4.77914
G1 X-37.419 Y-16.452 E4.81149
;WIDTH:0.512649
G1 X-45.592 Y-16.454 E5.26845
;WIDTH:0.515602
G1 X-45.742 Y-16.456 E5.27689
;WIDTH:0.545797
G1 X-46.301 Y-16.516 E5.31065
;WIDTH:0.579817
G1 X-46.793 Y-16.665 E5.3437
;WIDTH:0.591391
G1 X-47.204 Y-16.925 E5.37567
;WIDTH:0.597805
G1 X-47.504 Y-17.229 E5.40409
G1 X-47.781 Y-17.66 E5.43818
;WIDTH:0.579642
G1 X-47.932 Y-18.16 E5.47175
;WIDTH:0.558787
G1 X-47.979 Y-18.84 E5.51378
;WIDTH:0.511506
G1 X-47.978 Y-29.06 E6.08373
;WIDTH:0.558905
G1 X-47.916 Y-29.779 E6.12824
;WIDTH:0.582108
G1 X-47.75 Y-30.253 E6.16067
;WIDTH:0.594703
G1 X-47.461 Y-30.688 E6.19521
;WIDTH:0.597282
G1 X-47.073 Y-31.026 E6.22941
G1 X-46.627 Y-31.256 E6.26276
;WIDTH:0.572554
G1 X-46.139 Y-31.375 E6.2946
;WIDTH:0.547579
G1 X-45.62 Y-31.401 E6.32592
;WIDTH:0.513207
G1 X-37.373 Y-31.403 E6.78759
;WIDTH:0.542177
G1 X-36.932 Y-31.389 E6.81388
G1 X-36.834 Y-31.406 E6.81981
;WIDTH:0.51513
G1 X-36.736 Y-31.423 E6.8254
;WIDTH:0.488084
G1 X-36.157 Y-31.524 E6.85646
;WIDTH:0.45
G1 X-35.593 Y-31.691 E6.88475
G1 X-35.021 Y-31.965 E6.91525
G1 X-34.414 Y-32.393 E6.95097
G1 X-34.076 Y-32.731 E6.97396
G1 X-33.743 Y-33.126 E6.99881
G1 X-33.357 Y-33.806 E7.03642
G1 X-33.107 Y-34.573 E7.07522
G1 X-33.009 Y-35.426 E7.11652
G1 X-33.009 Y-40.431 E7.35724
G1 X-19.562 Y-40.431 E8.00399
G1 X-19.562 Y-40.431 F7800
G1 X-19.116 Y-40.817
G1 F3600
G1 X-19.116 Y-33.593 E8.35144
G1 X-19.116 Y-7.038 E9.62864
G1 X-33.395 Y-7.038 E10.31541
G1 X-33.395 Y-12.429 E10.5747
G1 X-33.519 Y-13.359 E10.61983
G1 X-33.768 Y-14.021 E10.65385
G1 X-34.141 Y-14.622 E10.68787
G1 X-34.636 Y-15.147 E10.72257
G1 X-35.342 Y-15.631 E10.76374
G1 X-35.856 Y-15.847 E10.79056
G1 X-36.343 Y-15.976 E10.81479
G1 X-36.856 Y-16.035 E10.83963
G1 X-45.969 Y-16.038 E11.27793
G1 X-46.516 Y-16.106 E11.30444
G1 X-47.019 Y-16.268 E11.32986
G1 X-47.52 Y-16.585 E11.35837
G1 X-47.892 Y-16.969 E11.38408
G1 X-48.156 Y-17.409 E11.40876
G1 X-48.304 Y-17.794 E11.4286
G1 X-48.395 Y-18.45 E11.46045
G1 X-48.395 Y-29.06 E11.97075
G1 X-48.371 Y-29.727 E12.00285
G1 X-48.29 Y-30.121 E12.0222
G1 X-48.103 Y-30.54 E12.04427
G1 X-47.724 Y-31.076 E12.07584
G1 X-47.343 Y-31.404 E12.10002
G1 X-46.886 Y-31.634 E12.12463
G1 X-46.589 Y-31.722 E12.13953
G1 X-45.99 Y-31.817 E12.1687
G1 X-36.785 Y-31.825 E12.61143
G1 X-36.26 Y-31.896 E12.63691
G1 X-35.749 Y-32.044 E12.6625
G1 X-35.243 Y-32.28 E12.68935
G1 X-34.54 Y-32.792 E12.73118
G1 X-34.074 Y-33.324 E12.7652
G1 X-33.72 Y-33.936 E12.7992
G1 X-33.49 Y-34.62 E12.83391
G1 X-33.395 Y-35.426 E12.87294
G1 X-33.395 Y-40.817 E13.13223
G1 X-19.176 Y-40.817 E13.81611
G1 X-18.73 Y-41.203 F7800
;TYPE:External perimeter
G1 F1800
G1 X-18.73 Y-33.593 E14.18212
G1 X-18.73 Y-6.653 E15.47784
G1 X-33.78 Y-6.653 E16.20169
G1 X-33.78 Y-12.429 E16.4795
G1 X-33.882 Y-13.229 E16.51829
G1 X-34.099 Y-13.823 E16.54871
G1 X-34.427 Y-14.363 E16.5791
G1 X-34.858 Y-14.832 E16.60974
G1 X-35.465 Y-15.259 E16.64543
G1 X-35.798 Y-15.411 E16.66304
G1 X-36.362 Y-15.587 E16.69146
G1 X-36.856 Y-15.649 E16.71541
G1 X-45.992 Y-15.653 E17.15482
G1 X-46.563 Y-15.723 E17.18249
G1 X-47.075 Y-15.878 E17.20822
G1 X-47.364 Y-16.03 E17.22393
G1 X-47.857 Y-16.379 E17.25298
G1 X-48.266 Y-16.843 E17.28273
G1 X-48.575 Y-17.397 E17.31324
G1 X-48.728 Y-17.923 E17.33959
G1 X-48.78 Y-18.436 E17.36439
G1 X-48.778 Y-29.458 E17.89451
G1 X-48.722 Y-29.96 E17.9188
G1 X-48.554 Y-30.509 E17.94641
G1 X-48.255 Y-31.02 E17.97489
G1 X-48.003 Y-31.342 E17.99456
G1 X-47.55 Y-31.732 E18.02331
G1 X-46.94 Y-32.039 E18.05615
G1 X-46.46 Y-32.147 E18.07981
G1 X-46 Y-32.203 E18.1021
G1 X-37.163 Y-32.206 E18.52713
G1 X-36.624 Y-32.233 E18.55309
G1 X-35.932 Y-32.387 E18.58719
G1 X-35.465 Y-32.596 E18.6118
G1 X-34.826 Y-33.051 E18.64953
G1 X-34.404 Y-33.522 E18.67995
G1 X-34.083 Y-34.066 E18.71033
G1 X-33.873 Y-34.667 E18.74095
G1 X-33.78 Y-35.426 E18.77773
G1 X-33.78 Y-41.203 E19.05558
G1 X-18.79 Y-41.203 E19.77655
G1 X-18.731 Y-40.807 F7800
G1 E17.77655 F2400
G92 E0
G1 X-19.617 Y-38.659 F7800
G1 E2 F2400
;TYPE:Internal infill
;WIDTH:0.45
G1 F4800
G1 X-21.101 Y-40.142 E2.10091
G1 X-24.736 Y-40.142 E2.27574
G1 X-19.791 Y-35.196 E2.61213
G1 X-19.791 Y-31.561 E2.78696
G1 X-28.372 Y-40.142 E3.37063
G1 X-32.008 Y-40.142 E3.54551
G1 X-19.791 Y-27.925 E4.3765
G1 X-19.791 Y-24.289 E4.55138
G1 X-32.72 Y-37.219 E5.43083
G1 X-32.72 Y-35.42 E5.51736
G1 X-32.847 Y-34.39 E5.56727
G1 X-33.026 Y-33.889 E5.59286
G1 X-19.791 Y-20.654 E6.49309
G1 X-19.791 Y-17.018 E6.66797
G1 X-34.647 Y-31.875 E7.67849
G1 X-35.065 Y-31.609 E7.70232
G1 X-35.644 Y-31.366 E7.73252
G1 X-36.694 Y-31.12 E7.78439
G1 X-35.874 Y-30.576 E7.83172
G1 X-35.513 Y-30.101 E7.86042
G1 X-35.4 Y-29.883 E7.87223
G1 X-35.25 Y-29.287 E7.90179
G1 X-35.22 Y-28.812 E7.92468
G1 X-19.791 Y-13.383 E8.97414
G1 X-19.791 Y-9.747 E9.14902
G1 X-35.22 Y-25.176 E10.19848
G1 X-35.22 Y-21.54 E10.37336
G1 X-21.393 Y-7.713 E11.31386
G1 X-25.028 Y-7.713 E11.48869
G1 X-35.373 Y-18.058 E12.19234
G1 X-35.632 Y-17.582 E12.2184
G1 X-35.912 Y-17.257 E12.23903
G1 X-36.651 Y-16.734 E12.28257
G1 X-35.644 Y-16.489 E12.33242
G1 X-34.863 Y-16.133 E12.3737
G1 X-34.196 Y-15.661 E12.413
G1 X-33.581 Y-15.004 E12.45628
G1 X-33.131 Y-14.261 E12.49806
G1 X-32.847 Y-13.465 E12.53871
G1 X-32.72 Y-12.435 E12.58862
G1 X-32.72 Y-11.769 E12.62065
G1 X-28.664 Y-7.713 E12.89653
G1 X-32.3 Y-7.713 E13.07141
G1 X-32.893 Y-8.307 E13.11178
;LAYER_CHANGE
;Z:11.45
;HEIGHT:0.3
G1 Z11.45 F7800
G1 E11.11178 F2400
G92 E0
G1 X-32.893 Y-8.307 F7800
G1 X-47.531 Y-22.211
G1 E2 F2400
;TYPE:Perimeter
;WIDTH:0.511567
G1 F3600
G1 X-47.531 Y-21.988 E2.01244
;WIDTH:0.51316
G1 X-47.529 Y-18.748 E2.1938
;WIDTH:0.522404
G1 X-47.518 Y-18.576 E2.20365
;WIDTH:0.564646
G1 X-47.407 Y-18.084 E2.23512
;WIDTH:0.58851
G1 X-47.196 Y-17.683 E2.26474
;WIDTH:0.588655
G1 X-46.781 Y-17.26 E2.30349
G1 X-46.34 Y-17.04 E2.33572
;WIDTH:0.576046
G1 X-46.12 Y-16.98 E2.35027
;WIDTH:0.550418
G1 X-45.9 Y-16.92 E2.36409
;WIDTH:0.524791
G1 X-45.592 Y-16.901 E2.38181
;WIDTH:0.512649
G1 X-37.419 Y-16.9 E2.83877
;WIDTH:0.521889
G1 X-37.246 Y-16.91 E2.84866
G1 X-37.017 Y-16.976 E2.86226
;WIDTH:0.485944
G1 X-36.789 Y-17.042 E2.87474
;WIDTH:0.45
G1 X-36.301 Y-17.305 E2.9014
G1 X-36.009 Y-17.567 E2.92027
G1 X-35.716 Y-17.979 E2.94459
G1 X-35.623 Y-18.226 E2.95728
G1 X-35.509 Y-18.84 E2.98732
G1 X-35.509 Y-29.015 E3.4767
G1 X-35.564 Y-29.454 E3.49798
G1 X-35.75 Y-29.94 E3.52301
G1 X-36.067 Y-30.362 E3.5484
G1 X-36.46 Y-30.665 E3.57227
;WIDTH:0.48729
G1 X-36.687 Y-30.779 E3.58567
;WIDTH:0.524581
G1 X-36.915 Y-30.894 E3.60033
G1 X-37.373 Y-30.954 E3.62684
;WIDTH:0.513207
G1 X-45.592 Y-30.954 E4.08694
;WIDTH:0.522865
G1 X-45.788 Y-30.941 E4.09817
;WIDTH:0.556595
G1 X-46.344 Y-30.827 E4.13301
;WIDTH:0.584496
G1 X-46.663 Y-30.671 E4.15605
;WIDTH:0.596422
G1 X-47.079 Y-30.316 E4.19234
G1 X-47.304 Y-29.986 E4.21884
;WIDTH:0.583305
G1 X-47.453 Y-29.618 E4.24454
;WIDTH:0.554243
G1 X-47.529 Y-29.107 E4.2761
;WIDTH:0.51316
G1 X-47.531 Y-25.867 E4.45746
;WIDTH:0.511567
G1 X-47.531 Y-25.644 E4.4699
G1 X-47.978 Y-25.644 E4.49483
G1 X-47.978 Y-25.867 E4.50727
;WIDTH:0.51316
G1 X-47.978 Y-29.107 E4.68863
;WIDTH:0.530738
G1 X-47.966 Y-29.424 E4.70708
;WIDTH:0.569262
G1 X-47.867 Y-29.973 E4.74221
;WIDTH:0.579729
G1 X-47.656 Y-30.403 E4.773
;WIDTH:0.598632
G1 X-47.335 Y-30.817 E4.80791
G1 X-46.941 Y-31.11 E4.84063
;WIDTH:0.584496
G1 X-46.641 Y-31.252 E4.86216
;WIDTH:0.574675
G1 X-46.139 Y-31.374 E4.89504
;WIDTH:0.548161
G1 X-45.592 Y-31.401 E4.92809
;WIDTH:0.513207
G1 X-37.373 Y-31.403 E5.38819
;WIDTH:0.542212
G1 X-36.932 Y-31.389 E5.41449
G1 X-36.794 Y-31.416 E5.42287
;WIDTH:0.505582
G1 X-36.657 Y-31.443 E5.43055
;WIDTH:0.468953
G1 X-36.153 Y-31.525 E5.45632
;WIDTH:0.45
G1 X-35.593 Y-31.691 E5.48441
G1 X-35.021 Y-31.965 E5.51491
G1 X-34.414 Y-32.393 E5.55063
G1 X-34.076 Y-32.731 E5.57362
G1 X-33.743 Y-33.126 E5.59847
G1 X-33.357 Y-33.806 E5.63608
G1 X-33.107 Y-34.573 E5.67488
G1 X-33.009 Y-35.426 E5.71618
G1 X-33.009 Y-40.431 E5.9569
G1 X-19.502 Y-40.431 E6.60654
G1 X-19.502 Y-33.593 E6.93542
G1 X-19.502 Y-7.424 E8.19406
G1 X-33.009 Y-7.424 E8.8437
G1 X-33.012 Y-12.5 E9.08784
G1 X-33.077 Y-13.13 E9.1183
G1 X-33.354 Y-14.042 E9.16414
G1 X-33.739 Y-14.724 E9.20181
G1 X-34.116 Y-15.183 E9.23038
G1 X-34.388 Y-15.425 E9.24789
G1 X-35.034 Y-15.9 E9.28646
G1 X-35.727 Y-16.212 E9.32301
G1 X-36.296 Y-16.358 E9.35126
;WIDTH:0.458463
G1 X-36.856 Y-16.424 E9.37898
;WIDTH:0.485556
G1 X-37.137 Y-16.438 E9.39376
;WIDTH:0.512649
G1 X-37.419 Y-16.452 E9.40955
G1 X-45.592 Y-16.454 E9.86651
;WIDTH:0.513951
G1 X-45.712 Y-16.456 E9.87324
;WIDTH:0.55187
G1 X-46.315 Y-16.521 E9.91012
;WIDTH:0.586065
G1 X-46.717 Y-16.632 E9.93726
;WIDTH:0.588655
G1 X-47.099 Y-16.843 E9.9658
;WIDTH:0.596144
G1 X-47.507 Y-17.221 E10.00269
G1 X-47.793 Y-17.687 E10.03895
;WIDTH:0.581611
G1 X-47.919 Y-18.147 E10.06972
;WIDTH:0.54525
G1 X-47.978 Y-18.748 E10.10594
;WIDTH:0.51316
G1 X-47.978 Y-21.988 E10.2873
;WIDTH:0.511567
G1 X-47.978 Y-22.211 E10.29974
G1 X-47.591 Y-22.211 E10.32133
G1 X-47.591 Y-22.211 F7800
G1 X-47.115 Y-22.628
;WIDTH:0.45
G1 F3600
G1 X-47.112 Y-18.748 E10.50794
G1 X-47.027 Y-18.34 E10.52798
G1 X-46.854 Y-17.993 E10.54663
G1 X-46.49 Y-17.61 E10.57204
G1 X-46.01 Y-17.385 E10.59754
G1 X-45.592 Y-17.317 E10.61791
G1 X-37.419 Y-17.317 E11.011
G1 X-36.99 Y-17.391 E11.03194
G1 X-36.748 Y-17.479 E11.04433
G1 X-36.363 Y-17.744 E11.06681
G1 X-36.099 Y-18.093 E11.08786
G1 X-36 Y-18.31 E11.09933
G1 X-35.895 Y-18.84 E11.12532
G1 X-35.895 Y-29.015 E11.6147
G1 X-35.941 Y-29.372 E11.63201
G1 X-36.079 Y-29.734 E11.65064
G1 X-36.262 Y-29.997 E11.66605
G1 X-36.577 Y-30.281 E11.68645
G1 X-36.911 Y-30.448 E11.70441
G1 X-37.373 Y-30.537 E11.72704
G1 X-45.592 Y-30.538 E12.12235
G1 X-46.066 Y-30.455 E12.14549
G1 X-46.412 Y-30.293 E12.16387
G1 X-46.755 Y-29.992 E12.18582
G1 X-46.989 Y-29.621 E12.20692
G1 X-47.112 Y-29.107 E12.23234
G1 X-47.115 Y-25.228 E12.41891
G1 X-48.395 Y-25.228 E12.48047
G1 X-48.395 Y-29.107 E12.66704
G1 X-48.355 Y-29.831 E12.70191
G1 X-48.169 Y-30.435 E12.73231
G1 X-47.841 Y-30.952 E12.76176
G1 X-47.487 Y-31.279 E12.78494
G1 X-47.054 Y-31.568 E12.80998
G1 X-46.589 Y-31.722 E12.83354
G1 X-45.99 Y-31.817 E12.86271
G1 X-36.785 Y-31.825 E13.30544
G1 X-36.256 Y-31.897 E13.33112
G1 X-35.749 Y-32.044 E13.35651
G1 X-35.216 Y-32.299 E13.38493
G1 X-34.54 Y-32.792 E13.42517
G1 X-34.074 Y-33.324 E13.45919
G1 X-33.72 Y-33.936 E13.49319
G1 X-33.49 Y-34.62 E13.5279
G1 X-33.395 Y-35.426 E13.56693
G1 X-33.395 Y-40.817 E13.82622
G1 X-19.116 Y-40.817 E14.51299
G1 X-19.116 Y-33.593 E14.86044
G1 X-19.116 Y-7.038 E16.13764
G1 X-33.395 Y-7.038 E16.82441
G1 X-33.395 Y-12.429 E17.0837
G1 X-33.448 Y-13.027 E17.11257
G1 X-33.694 Y-13.861 E17.15439
G1 X-34.034 Y-14.475 E17.18815
G1 X-34.414 Y-14.939 E17.217
G1 X-34.625 Y-15.121 E17.2304
G1 X-35.199 Y-15.551 E17.26489
G1 X-35.83 Y-15.84 E17.29827
G1 X-36.343 Y-15.976 E17.3238
G1 X-36.856 Y-16.035 E17.34864
G1 X-45.969 Y-16.038 E17.78694
G1 X-46.53 Y-16.107 E17.81413
G1 X-46.914 Y-16.22 E17.83338
G1 X-47.374 Y-16.481 E17.85882
G1 X-47.814 Y-16.874 E17.88719
G1 X-48.114 Y-17.32 E17.91304
G1 X-48.317 Y-17.834 E17.93962
G1 X-48.395 Y-18.464 E17.97015
G1 X-48.395 Y-22.628 E18.17042
G1 X-47.175 Y-22.628 E18.2291
G1 X-47.175 Y-22.628 F7800
G1 X-46.73 Y-23.013
;TYPE:External perimeter
G1 F1800
G1 X-46.726 Y-18.749 E18.43418
G1 X-46.653 Y-18.433 E18.44978
G1 X-46.519 Y-18.183 E18.46342
G1 X-46.291 Y-17.945 E18.47927
G1 X-45.853 Y-17.737 E18.50259
G1 X-45.592 Y-17.703 E18.51525
G1 X-37.419 Y-17.703 E18.90834
G1 X-37.065 Y-17.769 E18.92566
G1 X-36.714 Y-17.957 E18.94481
G1 X-36.394 Y-18.346 E18.96904
G1 X-36.28 Y-18.84 E18.99342
G1 X-36.28 Y-28.687 E19.46703
G1 X-36.323 Y-29.316 E19.49735
G1 X-36.431 Y-29.578 E19.51098
G1 X-36.566 Y-29.76 E19.52188
G1 X-36.815 Y-29.977 E19.53777
G1 X-37.067 Y-30.095 E19.55115
G1 X-37.373 Y-30.151 E19.56611
G1 X-45.592 Y-30.153 E19.96142
G1 X-45.919 Y-30.091 E19.97743
G1 X-46.222 Y-29.957 E19.99336
G1 X-46.482 Y-29.719 E20.01031
G1 X-46.634 Y-29.47 E20.02434
G1 X-46.726 Y-29.106 E20.0424
G1 X-46.73 Y-24.842 E20.24748
G1 X-48.78 Y-24.842 E20.34608
G1 X-48.776 Y-29.484 E20.56934
G1 X-48.678 Y-30.155 E20.60196
G1 X-48.515 Y-30.609 E20.62516
G1 X-48.206 Y-31.098 E20.65298
G1 X-47.872 Y-31.48 E20.67739
G1 X-47.424 Y-31.795 E20.70373
G1 X-47.043 Y-31.994 E20.7244
G1 X-46.461 Y-32.146 E20.75333
G1 X-46 Y-32.203 E20.77567
G1 X-36.932 Y-32.206 E21.21181
G1 X-36.39 Y-32.262 E21.23802
G1 X-35.906 Y-32.396 E21.26217
G1 X-35.438 Y-32.614 E21.287
G1 X-34.826 Y-33.051 E21.32317
G1 X-34.404 Y-33.522 E21.35359
G1 X-34.083 Y-34.066 E21.38397
G1 X-33.873 Y-34.667 E21.41459
G1 X-33.78 Y-35.426 E21.45137
G1 X-33.78 Y-41.203 E21.72922
G1 X-18.73 Y-41.203 E22.45307
G1 X-18.73 Y-33.593 E22.81908
G1 X-18.73 Y-6.653 E24.1148
G1 X-33.78 Y-6.653 E24.83865
G1 X-33.78 Y-12.429 E25.11646
G1 X-33.82 Y-12.924 E25.14035
G1 X-34.034 Y-13.679 E25.17809
G1 X-34.334 Y-14.233 E25.20839
G1 X-34.712 Y-14.694 E25.23706
G1 X-35.364 Y-15.202 E25.27681
G1 X-35.902 Y-15.457 E25.30545
G1 X-36.324 Y-15.577 E25.32655
G1 X-36.856 Y-15.649 E25.35237
G1 X-46.056 Y-15.66 E25.79486
G1 X-46.786 Y-15.771 E25.83037
G1 X-47.263 Y-15.967 E25.85517
G1 X-47.747 Y-16.28 E25.88289
G1 X-48.15 Y-16.667 E25.90976
G1 X-48.458 Y-17.146 E25.93715
G1 X-48.695 Y-17.749 E25.96831
G1 X-48.78 Y-18.44 E26.0018
G1 X-48.78 Y-23.013 E26.22175
G1 X-46.79 Y-23.013 E26.31746
G1 X-46.73 Y-22.618 F7800
G1 E24.31746 F2400
G92 E0
G1 X-32.894 Y-8.307 F7800
G1 E2 F2400
;TYPE:Internal infill
;WIDTH:0.45
G1 F4800
G1 X-32.3 Y-7.713 E2.0404
G1 X-28.664 Y-7.713 E2.21528
G1 X-32.723 Y-11.772 E2.49137
G1 X-32.772 Y-13.095 E2.55505
G1 X-32.997 Y-13.927 E2.5965
G1 X-33.44 Y-14.806 E2.64384
G1 X-33.922 Y-15.402 E2.68071
G1 X-34.774 Y-16.086 E2.73326
G1 X-35.452 Y-16.417 E2.76955
G1 X-36.255 Y-16.645 E2.8097
G1 X-36.781 Y-16.706 E2.83517
G1 X-36.393 Y-16.905 E2.85614
G1 X-35.872 Y-17.281 E2.88704
G1 X-35.554 Y-17.696 E2.91219
G1 X-35.376 Y-18.061 E2.93172
G1 X-25.028 Y-7.713 E3.63558
G1 X-21.393 Y-7.713 E3.81041
G1 X-35.224 Y-21.544 E4.75118
G1 X-35.228 Y-25.184 E4.92625
G1 X-19.791 Y-9.747 E5.97626
G1 X-19.791 Y-13.383 E6.15114
G1 X-35.232 Y-28.824 E7.20142
G1 X-35.286 Y-29.541 E7.236
G1 X-35.532 Y-30.144 E7.26732
G1 X-35.863 Y-30.568 E7.29319
G1 X-36.169 Y-30.818 E7.31219
G1 X-36.693 Y-31.122 E7.34133
G1 X-35.644 Y-31.366 E7.39313
G1 X-35.065 Y-31.609 E7.42333
G1 X-34.647 Y-31.875 E7.44716
G1 X-19.791 Y-17.018 E8.45768
G1 X-19.791 Y-20.654 E8.63256
G1 X-33.026 Y-33.889 E9.53279
G1 X-32.847 Y-34.39 E9.55838
G1 X-32.72 Y-35.42 E9.60829
G1 X-32.72 Y-37.219 E9.69482
G1 X-19.791 Y-24.289 E10.57427
G1 X-19.791 Y-27.925 E10.74915
G1 X-32.008 Y-40.142 E11.58014
G1 X-28.372 Y-40.142 E11.75502
G1 X-19.791 Y-31.561 E12.33869
G1 X-19.791 Y-35.196 E12.51352
G1 X-24.736 Y-40.142 E12.84991
G1 X-21.101 Y-40.142 E13.02474
G1 X-19.617 Y-38.659 E13.12565
;LAYER_CHANGE
;Z:11.75
;HEIGHT:0.3
G1 Z11.75 F7800
G1 E11.12565 F2400
G92 E0
G1 X-19.617 Y-38.659 F7800
G1 X-47.53 Y-21.812
G1 E2 F2400
;TYPE:Perimeter
;WIDTH:0.512451
G1 F3600
G1 X-47.53 Y-21.589 E2.01246
;WIDTH:0.515911
G1 X-47.525 Y-18.701 E2.1751
;WIDTH:0.524046
G1 X-47.515 Y-18.541 E2.18429
;WIDTH:0.549285
G1 X-47.433 Y-18.247 E2.20275
;WIDTH:0.574524
G1 X-47.351 Y-17.952 E2.22223
;WIDTH:0.594182
G1 X-47.094 Y-17.549 E2.25381
G1 X-46.747 Y-17.239 E2.28456
;WIDTH:0.581375
G1 X-46.311 Y-17.03 E2.31574
;WIDTH:0.571423
G1 X-45.9 Y-16.92 E2.34265
;WIDTH:0.524796
G1 X-45.592 Y-16.901 E2.36037
;WIDTH:0.512649
G1 X-37.419 Y-16.9 E2.81733
;WIDTH:0.549706
G1 X-36.927 Y-16.952 E2.84728
G1 X-36.838 Y-16.993 E2.85321
;WIDTH:0.518344
G1 X-36.748 Y-17.034 E2.85881
;WIDTH:0.486983
G1 X-36.288 Y-17.314 E2.88719
;WIDTH:0.45
G1 X-36.043 Y-17.525 E2.90274
G1 X-35.727 Y-17.958 E2.92852
G1 X-35.598 Y-18.339 E2.94787
G1 X-35.509 Y-18.84 E2.97234
G1 X-35.509 Y-29.015 E3.46172
G1 X-35.565 Y-29.467 E3.48363
G1 X-35.747 Y-29.934 E3.50774
G1 X-36.067 Y-30.362 E3.53344
G1 X-36.46 Y-30.665 E3.55731
;WIDTH:0.487296
G1 X-36.687 Y-30.779 E3.57071
;WIDTH:0.524592
G1 X-36.915 Y-30.894 E3.58537
G1 X-37.373 Y-30.954 E3.61188
;WIDTH:0.513207
G1 X-45.592 Y-30.954 E4.07198
;WIDTH:0.52008
G1 X-45.763 Y-30.944 E4.08172
;WIDTH:0.553169
G1 X-46.301 Y-30.842 E4.1151
;WIDTH:0.585503
G1 X-46.749 Y-30.616 E4.14771
;WIDTH:0.595214
G1 X-47.026 Y-30.375 E4.17202
G1 X-47.313 Y-29.976 E4.20456
;WIDTH:0.582006
G1 X-47.453 Y-29.606 E4.2301
;WIDTH:0.556232
G1 X-47.525 Y-29.154 E4.25818
;WIDTH:0.515911
G1 X-47.53 Y-26.267 E4.42077
;WIDTH:0.512451
G1 X-47.53 Y-26.043 E4.43329
G1 X-47.978 Y-26.043 E4.45833
G1 X-47.978 Y-26.267 E4.47085
;WIDTH:0.515911
G1 X-47.976 Y-29.155 E4.63349
;WIDTH:0.556232
G1 X-47.928 Y-29.731 E4.66895
;WIDTH:0.582006
G1 X-47.75 Y-30.253 E4.70456
;WIDTH:0.593875
G1 X-47.456 Y-30.693 E4.73951
G1 X-47.075 Y-31.028 E4.77301
;WIDTH:0.591445
G1 X-46.626 Y-31.255 E4.80608
;WIDTH:0.574821
G1 X-46.137 Y-31.376 E4.83815
;WIDTH:0.544226
G1 X-45.592 Y-31.401 E4.8708
;WIDTH:0.513207
G1 X-37.373 Y-31.403 E5.3309
;WIDTH:0.542216
G1 X-36.932 Y-31.389 E5.3572
G1 X-36.794 Y-31.416 E5.36558
;WIDTH:0.505587
G1 X-36.657 Y-31.443 E5.37326
;WIDTH:0.468958
G1 X-36.153 Y-31.525 E5.39903
;WIDTH:0.45
G1 X-35.593 Y-31.691 E5.42712
G1 X-35.021 Y-31.965 E5.45762
G1 X-34.414 Y-32.393 E5.49334
G1 X-34.076 Y-32.731 E5.51633
G1 X-33.743 Y-33.126 E5.54118
G1 X-33.357 Y-33.806 E5.57879
G1 X-33.107 Y-34.573 E5.61759
G1 X-33.009 Y-35.426 E5.65889
G1 X-33.009 Y-40.431 E5.89961
G1 X-19.502 Y-40.431 E6.54925
G1 X-19.502 Y-33.593 E6.87813
G1 X-19.502 Y-7.424 E8.13677
G1 X-33.009 Y-7.424 E8.78641
G1 X-33.009 Y-12.429 E9.02713
G1 X-33.123 Y-13.373 E9.07286
G1 X-33.274 Y-13.851 E9.09697
G1 X-33.566 Y-14.456 E9.12928
G1 X-33.979 Y-15.032 E9.16337
G1 X-34.4 Y-15.453 E9.19201
G1 X-34.622 Y-15.627 E9.20558
G1 X-35.056 Y-15.91 E9.2305
G1 X-35.735 Y-16.211 E9.26622
G1 X-36.1 Y-16.303 E9.28432
;WIDTH:0.499853
G1 X-36.493 Y-16.387 E9.30615
;WIDTH:0.549706
G1 X-36.886 Y-16.47 E9.33046
G1 X-37.419 Y-16.452 E9.36274
;WIDTH:0.512649
G1 X-45.592 Y-16.454 E9.8197
;WIDTH:0.51395
G1 X-45.712 Y-16.456 E9.82643
;WIDTH:0.551744
G1 X-46.314 Y-16.52 E9.86323
;WIDTH:0.578241
G1 X-46.767 Y-16.666 E9.89373
;WIDTH:0.581375
G1 X-47.045 Y-16.817 E9.91413
;WIDTH:0.594182
G1 X-47.496 Y-17.204 E9.9534
G1 X-47.766 Y-17.633 E9.9869
;WIDTH:0.581122
G1 X-47.9 Y-18.041 E10.01458
;WIDTH:0.55658
G1 X-47.976 Y-18.701 E10.05536
;WIDTH:0.515911
G1 X-47.978 Y-21.588 E10.21795
;WIDTH:0.512451
G1 X-47.978 Y-21.812 E10.23047
G1 X-47.59 Y-21.812 E10.25215
G1 X-47.59 Y-21.812 F7800
G1 X-47.115 Y-22.229
;WIDTH:0.45
G1 F3600
G1 X-47.106 Y-18.702 E10.42179
G1 X-47.001 Y-18.27 E10.44317
G1 X-46.827 Y-17.956 E10.46044
G1 X-46.488 Y-17.608 E10.48381
G1 X-46.009 Y-17.384 E10.50924
G1 X-45.592 Y-17.317 E10.52955
G1 X-37.419 Y-17.317 E10.92264
G1 X-36.893 Y-17.411 E10.94834
G1 X-36.442 Y-17.674 E10.97345
G1 X-36.099 Y-18.093 E10.99949
G1 X-36 Y-18.31 E11.01096
G1 X-35.895 Y-18.84 E11.03695
G1 X-35.895 Y-28.687 E11.51056
G1 X-35.935 Y-29.348 E11.54241
G1 X-36.076 Y-29.728 E11.5619
G1 X-36.262 Y-29.997 E11.57763
G1 X-36.577 Y-30.281 E11.59803
G1 X-36.911 Y-30.448 E11.61599
G1 X-37.373 Y-30.537 E11.63862
G1 X-45.592 Y-30.538 E12.03393
G1 X-46.009 Y-30.474 E12.05422
G1 X-46.399 Y-30.302 E12.07472
G1 X-46.715 Y-30.039 E12.09449
G1 X-46.979 Y-29.644 E12.11734
G1 X-47.106 Y-29.153 E12.14173
G1 X-47.115 Y-25.626 E12.31137
G1 X-48.395 Y-25.626 E12.37293
G1 X-48.383 Y-29.562 E12.56224
G1 X-48.302 Y-30.07 E12.58698
G1 X-48.132 Y-30.494 E12.60895
G1 X-47.73 Y-31.069 E12.64269
G1 X-47.343 Y-31.404 E12.66731
G1 X-46.886 Y-31.634 E12.69192
G1 X-46.544 Y-31.733 E12.70904
G1 X-45.99 Y-31.817 E12.73599
G1 X-36.785 Y-31.825 E13.17872
G1 X-36.256 Y-31.897 E13.2044
G1 X-35.749 Y-32.044 E13.22979
G1 X-35.175 Y-32.328 E13.26059
G1 X-34.54 Y-32.792 E13.29842
G1 X-34.074 Y-33.324 E13.33244
G1 X-33.72 Y-33.936 E13.36644
G1 X-33.49 Y-34.62 E13.40115
G1 X-33.395 Y-35.426 E13.44018
G1 X-33.395 Y-40.817 E13.69947
G1 X-19.116 Y-40.817 E14.38624
G1 X-19.116 Y-33.593 E14.73369
G1 X-19.116 Y-7.038 E16.01089
G1 X-33.395 Y-7.038 E16.69766
G1 X-33.395 Y-12.429 E16.95695
G1 X-33.49 Y-13.235 E16.99598
G1 X-33.625 Y-13.691 E17.01885
G1 X-33.885 Y-14.238 E17.04798
G1 X-34.252 Y-14.76 E17.07867
G1 X-34.749 Y-15.245 E17.11207
G1 X-35.212 Y-15.557 E17.13892
G1 X-35.798 Y-15.817 E17.16975
G1 X-36.166 Y-15.923 E17.18817
G1 X-36.856 Y-16.035 E17.22179
G1 X-45.969 Y-16.038 E17.66009
G1 X-46.499 Y-16.104 E17.68578
G1 X-47.048 Y-16.293 E17.71371
G1 X-47.305 Y-16.448 E17.72814
G1 X-47.744 Y-16.8 E17.7552
G1 X-48.077 Y-17.247 E17.78201
G1 X-48.317 Y-17.834 E17.81251
G1 X-48.395 Y-18.464 E17.84304
G1 X-48.395 Y-22.229 E18.02412
G1 X-47.175 Y-22.229 E18.0828
G1 X-47.175 Y-22.229 F7800
G1 X-46.73 Y-22.614
;TYPE:External perimeter
G1 F1800
G1 X-46.72 Y-18.703 E18.27091
G1 X-46.632 Y-18.382 E18.28692
G1 X-46.501 Y-18.162 E18.29924
G1 X-46.287 Y-17.942 E18.314
G1 X-45.853 Y-17.737 E18.33709
G1 X-45.592 Y-17.703 E18.34975
G1 X-37.419 Y-17.703 E18.74284
G1 X-37.068 Y-17.761 E18.75995
G1 X-36.685 Y-17.975 E18.78105
G1 X-36.397 Y-18.342 E18.80349
G1 X-36.28 Y-18.84 E18.82809
G1 X-36.28 Y-28.687 E19.3017
G1 X-36.317 Y-29.295 E19.331
G1 X-36.43 Y-29.576 E19.34557
G1 X-36.566 Y-29.76 E19.35657
G1 X-36.815 Y-29.977 E19.37246
G1 X-37.067 Y-30.095 E19.38584
G1 X-37.373 Y-30.151 E19.4008
G1 X-45.592 Y-30.153 E19.79611
G1 X-46.069 Y-30.039 E19.8197
G1 X-46.364 Y-29.838 E19.83687
G1 X-46.605 Y-29.528 E19.85576
G1 X-46.72 Y-29.152 E19.87467
G1 X-46.73 Y-25.241 E20.06278
G1 X-48.78 Y-25.241 E20.16138
G1 X-48.778 Y-29.457 E20.36415
G1 X-48.708 Y-30.021 E20.39148
G1 X-48.515 Y-30.609 E20.42125
G1 X-48.205 Y-31.099 E20.44914
G1 X-48.01 Y-31.335 E20.46386
G1 X-47.55 Y-31.732 E20.49308
G1 X-46.94 Y-32.039 E20.52592
G1 X-46.416 Y-32.156 E20.55174
G1 X-46 Y-32.203 E20.57188
G1 X-36.932 Y-32.206 E21.00802
G1 X-36.39 Y-32.262 E21.03423
G1 X-35.906 Y-32.396 E21.05838
G1 X-35.398 Y-32.643 E21.08555
G1 X-34.826 Y-33.051 E21.11934
G1 X-34.404 Y-33.522 E21.14976
G1 X-34.083 Y-34.066 E21.18014
G1 X-33.873 Y-34.667 E21.21076
G1 X-33.78 Y-35.426 E21.24754
G1 X-33.78 Y-41.203 E21.52539
G1 X-18.73 Y-41.203 E22.24924
G1 X-18.73 Y-33.593 E22.61525
G1 X-18.73 Y-6.653 E23.91097
G1 X-33.78 Y-6.653 E24.63482
G1 X-33.78 Y-12.429 E24.91263
G1 X-33.873 Y-13.188 E24.94941
G1 X-33.975 Y-13.53 E24.96658
G1 X-34.203 Y-14.021 E24.99262
G1 X-34.525 Y-14.487 E25.01986
G1 X-34.952 Y-14.914 E25.0489
G1 X-35.368 Y-15.205 E25.07332
G1 X-35.954 Y-15.464 E25.10413
G1 X-36.232 Y-15.543 E25.11803
G1 X-36.856 Y-15.649 E25.14847
G1 X-45.993 Y-15.653 E25.58793
G1 X-46.679 Y-15.737 E25.62117
G1 X-47.313 Y-15.982 E25.65386
G1 X-47.872 Y-16.375 E25.68673
G1 X-48.197 Y-16.734 E25.71002
G1 X-48.513 Y-17.256 E25.73937
G1 X-48.695 Y-17.749 E25.76465
G1 X-48.78 Y-18.44 E25.79814
G1 X-48.78 Y-22.614 E25.99889
G1 X-46.79 Y-22.614 E26.0946
G1 X-46.73 Y-22.219 F7800
G1 E24.0946 F2400
G92 E0
G1 X-32.893 Y-8.307 F7800
G1 E2 F2400
;TYPE:Internal infill
;WIDTH:0.45
G1 F4800
G1 X-32.3 Y-7.713 E2.04037
G1 X-28.664 Y-7.713 E2.21525
G1 X-32.72 Y-11.769 E2.49113
G1 X-32.72 Y-12.434 E2.52311
G1 X-32.84 Y-13.435 E2.5716
G1 X-33.009 Y-13.967 E2.59845
G1 X-33.272 Y-14.53 E2.62834
G1 X-33.663 Y-15.109 E2.66194
G1 X-34.198 Y-15.66 E2.69888
G1 X-34.818 Y-16.113 E2.73581
G1 X-35.622 Y-16.477 E2.77826
G1 X-36.663 Y-16.738 E2.82988
G1 X-36.041 Y-17.131 E2.86527
G1 X-35.822 Y-17.337 E2.87973
G1 X-35.554 Y-17.695 E2.90124
G1 X-35.375 Y-18.059 E2.92075
G1 X-25.028 Y-7.713 E3.62451
G1 X-21.393 Y-7.713 E3.79934
G1 X-35.227 Y-21.547 E4.74031
G1 X-35.223 Y-25.179 E4.915
G1 X-19.791 Y-9.747 E5.96467
G1 X-19.791 Y-13.383 E6.13955
G1 X-35.22 Y-28.812 E7.18901
G1 X-35.273 Y-29.484 E7.22143
G1 X-35.617 Y-30.268 E7.26261
G1 X-35.861 Y-30.566 E7.28113
G1 X-36.169 Y-30.818 E7.30027
G1 X-36.693 Y-31.122 E7.32941
G1 X-35.644 Y-31.366 E7.38121
G1 X-35.065 Y-31.609 E7.41141
G1 X-34.647 Y-31.875 E7.43524
G1 X-19.791 Y-17.018 E8.44576
G1 X-19.791 Y-20.654 E8.62064
G1 X-33.026 Y-33.889 E9.52087
G1 X-32.847 Y-34.39 E9.54646
G1 X-32.72 Y-35.42 E9.59637
G1 X-32.72 Y-37.219 E9.6829
G1 X-19.791 Y-24.289 E10.56235
G1 X-19.791 Y-27.925 E10.73723
G1 X-32.008 Y-40.142 E11.56822
G1 X-28.372 Y-40.142 E11.7431
G1 X-19.791 Y-31.561 E12.32677
G1 X-19.791 Y-35.196 E12.5016
G1 X-24.736 Y-40.142 E12.83799
G1 X-21.101 Y-40.142 E13.01282
G1 X-19.617 Y-38.659 E13.11373
;LAYER_CHANGE
;Z:12.05
;HEIGHT:0.3
G1 Z12.05 F7800
G1 E11.11373 F2400
G92 E0
G1 X-19.617 Y-38.659 F7800
G1 X-47.53 Y-21.591
G1 E2 F2400
;TYPE:Perimeter
;WIDTH:0.512536
G1 F3600
G1 X-47.53 Y-21.368 E2.01246
;WIDTH:0.515912
G1 X-47.525 Y-18.701 E2.16266
;WIDTH:0.524047
G1 X-47.515 Y-18.541 E2.17185
;WIDTH:0.565488
G1 X-47.402 Y-18.075 E2.20182
;WIDTH:0.58967
G1 X-47.168 Y-17.646 E2.23384
G1 X-46.78 Y-17.259 E2.26974
;WIDTH:0.588486
G1 X-46.341 Y-17.041 E2.30178
;WIDTH:0.576048
G1 X-46.12 Y-16.98 E2.31641
;WIDTH:0.550422
G1 X-45.9 Y-16.92 E2.33023
;WIDTH:0.524796
G1 X-45.592 Y-16.901 E2.34795
;WIDTH:0.512649
G1 X-37.419 Y-16.9 E2.80491
;WIDTH:0.549702
G1 X-36.927 Y-16.952 E2.83486
G1 X-36.791 Y-17.01 E2.84381
;WIDTH:0.503328
G1 X-36.54 Y-17.162 E2.85988
;WIDTH:0.476664
G1 X-36.288 Y-17.314 E2.87501
;WIDTH:0.45
G1 X-36.01 Y-17.566 E2.89306
G1 X-35.712 Y-17.987 E2.91787
G1 X-35.598 Y-18.339 E2.93567
G1 X-35.509 Y-18.84 E2.96014
G1 X-35.509 Y-29.015 E3.44952
G1 X-35.564 Y-29.454 E3.4708
G1 X-35.75 Y-29.94 E3.49583
G1 X-36.067 Y-30.362 E3.52122
G1 X-36.46 Y-30.665 E3.54509
;WIDTH:0.487291
G1 X-36.687 Y-30.779 E3.55849
;WIDTH:0.524583
G1 X-36.915 Y-30.894 E3.57315
G1 X-37.373 Y-30.954 E3.59966
;WIDTH:0.513207
G1 X-45.592 Y-30.954 E4.05976
;WIDTH:0.511034
;WIDTH:0.543732
G1 X-46.132 Y-30.89 E4.09227
;WIDTH:0.586242
G1 X-46.641 Y-30.684 E4.12801
;WIDTH:0.594685
G1 X-47.037 Y-30.364 E4.16169
G1 X-47.313 Y-29.976 E4.19318
;WIDTH:0.582005
G1 X-47.419 Y-29.712 E4.21155
;WIDTH:0.553877
G1 X-47.524 Y-29.154 E4.24622
;WIDTH:0.51428
G1 X-47.529 Y-26.487 E4.39588
;WIDTH:0.512014
G1 X-47.53 Y-26.264 E4.40833
G1 X-47.977 Y-26.264 E4.43329
G1 X-47.977 Y-26.488 E4.4458
;WIDTH:0.51428
G1 X-47.974 Y-29.155 E4.59546
;WIDTH:0.534343
G1 X-47.963 Y-29.466 E4.6137
;WIDTH:0.553877
G1 X-47.895 Y-29.825 E4.63601
;WIDTH:0.582005
G1 X-47.75 Y-30.253 E4.66518
;WIDTH:0.593901
G1 X-47.457 Y-30.693 E4.70009
G1 X-47.045 Y-31.038 E4.73558
;WIDTH:0.581381
G1 X-46.656 Y-31.246 E4.76402
;WIDTH:0.579505
G1 X-46.138 Y-31.376 E4.79833
;WIDTH:0.544333
G1 X-45.592 Y-31.401 E4.83105
;WIDTH:0.513207
G1 X-37.373 Y-31.403 E5.29115
;WIDTH:0.542213
G1 X-36.932 Y-31.389 E5.31745
G1 X-36.794 Y-31.416 E5.32583
;WIDTH:0.505585
G1 X-36.657 Y-31.443 E5.33351
;WIDTH:0.468957
G1 X-36.153 Y-31.525 E5.35928
;WIDTH:0.45
G1 X-35.593 Y-31.691 E5.38737
G1 X-35.021 Y-31.965 E5.41787
G1 X-34.414 Y-32.393 E5.45359
G1 X-34.076 Y-32.731 E5.47658
G1 X-33.743 Y-33.126 E5.50143
G1 X-33.357 Y-33.806 E5.53904
G1 X-33.107 Y-34.573 E5.57784
G1 X-33.009 Y-35.426 E5.61914
G1 X-33.009 Y-40.431 E5.85986
G1 X-19.502 Y-40.431 E6.5095
G1 X-19.502 Y-33.593 E6.83838
G1 X-19.502 Y-7.424 E8.09702
G1 X-33.009 Y-7.424 E8.74666
G1 X-33.009 Y-12.429 E8.98738
G1 X-33.123 Y-13.373 E9.03311
G1 X-33.274 Y-13.852 E9.05727
G1 X-33.568 Y-14.459 E9.08971
G1 X-33.979 Y-15.032 E9.12363
G1 X-34.527 Y-15.56 E9.16023
G1 X-35.026 Y-15.896 E9.18916
G1 X-35.652 Y-16.184 E9.2223
G1 X-36.296 Y-16.358 E9.25438
;WIDTH:0.499851
G1 X-36.591 Y-16.414 E9.27069
;WIDTH:0.549702
G1 X-36.886 Y-16.47 E9.28887
G1 X-37.419 Y-16.452 E9.32115
;WIDTH:0.512649
G1 X-45.592 Y-16.454 E9.77811
;WIDTH:0.51395
G1 X-45.712 Y-16.456 E9.78484
;WIDTH:0.55174
G1 X-46.314 Y-16.52 E9.82164
;WIDTH:0.586022
G1 X-46.717 Y-16.633 E9.84887
;WIDTH:0.588486
G1 X-47.097 Y-16.841 E9.87719
;WIDTH:0.594183
G1 X-47.496 Y-17.204 E9.91283
G1 X-47.766 Y-17.633 E9.94633
;WIDTH:0.581121
G1 X-47.9 Y-18.041 E9.97401
;WIDTH:0.556584
G1 X-47.976 Y-18.7 E10.01473
;WIDTH:0.515912
G1 X-47.978 Y-21.367 E10.16493
;WIDTH:0.512536
G1 X-47.978 Y-21.591 E10.17745
G1 X-47.59 Y-21.591 E10.19914
G1 X-47.59 Y-21.591 F7800
G1 X-47.114 Y-22.008
;WIDTH:0.45
G1 F3600
G1 X-47.106 Y-18.702 E10.35815
G1 X-47.001 Y-18.27 E10.37953
G1 X-46.827 Y-17.956 E10.3968
G1 X-46.488 Y-17.609 E10.42013
G1 X-46.009 Y-17.384 E10.44558
G1 X-45.592 Y-17.317 E10.46589
G1 X-37.419 Y-17.317 E10.85898
G1 X-37.002 Y-17.381 E10.87927
G1 X-36.804 Y-17.455 E10.88944
G1 X-36.344 Y-17.765 E10.91612
G1 X-36.099 Y-18.093 E10.93581
G1 X-36 Y-18.31 E10.94728
G1 X-35.895 Y-18.84 E10.97327
G1 X-35.895 Y-29.015 E11.46265
G1 X-35.941 Y-29.372 E11.47996
G1 X-36.079 Y-29.734 E11.49859
G1 X-36.262 Y-29.997 E11.514
G1 X-36.577 Y-30.281 E11.5344
G1 X-36.911 Y-30.448 E11.55236
G1 X-37.373 Y-30.537 E11.57499
G1 X-45.592 Y-30.538 E11.9703
G1 X-46.01 Y-30.474 E11.99064
G1 X-46.427 Y-30.284 E12.01268
G1 X-46.722 Y-30.033 E12.03131
G1 X-46.973 Y-29.657 E12.05305
G1 X-47.106 Y-29.153 E12.07812
G1 X-47.114 Y-25.847 E12.23713
G1 X-48.394 Y-25.847 E12.29869
G1 X-48.391 Y-29.523 E12.47549
G1 X-48.297 Y-30.066 E12.50199
G1 X-48.132 Y-30.494 E12.52405
G1 X-47.744 Y-31.055 E12.55686
G1 X-47.305 Y-31.407 E12.58392
G1 X-46.887 Y-31.642 E12.60698
G1 X-46.544 Y-31.732 E12.62404
G1 X-45.99 Y-31.817 E12.651
G1 X-36.785 Y-31.825 E13.09373
G1 X-36.256 Y-31.897 E13.11941
G1 X-35.749 Y-32.044 E13.1448
G1 X-35.216 Y-32.299 E13.17322
G1 X-34.54 Y-32.792 E13.21346
G1 X-34.074 Y-33.324 E13.24748
G1 X-33.72 Y-33.936 E13.28148
G1 X-33.49 Y-34.62 E13.31619
G1 X-33.395 Y-35.426 E13.35522
G1 X-33.395 Y-40.817 E13.61451
G1 X-19.116 Y-40.817 E14.30128
G1 X-19.116 Y-33.593 E14.64873
G1 X-19.116 Y-7.038 E15.92593
G1 X-33.395 Y-7.038 E16.6127
G1 X-33.395 Y-12.429 E16.87199
G1 X-33.49 Y-13.235 E16.91102
G1 X-33.625 Y-13.691 E16.93389
G1 X-33.886 Y-14.241 E16.96317
G1 X-34.252 Y-14.76 E16.99371
G1 X-34.749 Y-15.245 E17.02711
G1 X-35.194 Y-15.549 E17.05303
G1 X-35.76 Y-15.814 E17.08309
G1 X-36.343 Y-15.976 E17.11219
G1 X-36.856 Y-16.035 E17.13703
G1 X-45.712 Y-16.038 E17.56297
G1 X-46.367 Y-16.087 E17.59456
G1 X-46.859 Y-16.202 E17.61886
G1 X-47.336 Y-16.452 E17.64476
G1 X-47.744 Y-16.8 E17.67055
G1 X-48.077 Y-17.247 E17.69736
G1 X-48.317 Y-17.834 E17.72786
G1 X-48.395 Y-18.464 E17.75839
G1 X-48.395 Y-22.008 E17.92884
G1 X-47.174 Y-22.008 E17.98757
G1 X-47.174 Y-22.008 F7800
G1 X-46.73 Y-22.394
;TYPE:External perimeter
G1 F1800
G1 X-46.72 Y-18.703 E18.16509
G1 X-46.632 Y-18.382 E18.1811
G1 X-46.501 Y-18.162 E18.19342
G1 X-46.287 Y-17.942 E18.20818
G1 X-45.853 Y-17.737 E18.23127
G1 X-45.592 Y-17.703 E18.24393
G1 X-37.419 Y-17.703 E18.63702
G1 X-37.068 Y-17.761 E18.65413
G1 X-36.685 Y-17.975 E18.67523
G1 X-36.394 Y-18.347 E18.69795
G1 X-36.28 Y-18.84 E18.72229
G1 X-36.28 Y-28.687 E19.1959
G1 X-36.323 Y-29.316 E19.22622
G1 X-36.431 Y-29.578 E19.23985
G1 X-36.566 Y-29.76 E19.25075
G1 X-36.815 Y-29.977 E19.26664
G1 X-37.067 Y-30.095 E19.28002
G1 X-37.373 Y-30.151 E19.29498
G1 X-45.592 Y-30.153 E19.69029
G1 X-45.794 Y-30.12 E19.70013
G1 X-46.084 Y-30.03 E19.71473
G1 X-46.376 Y-29.829 E19.73178
G1 X-46.605 Y-29.528 E19.74997
G1 X-46.72 Y-29.152 E19.76888
G1 X-46.73 Y-25.461 E19.9464
G1 X-48.78 Y-25.461 E20.045
G1 X-48.777 Y-29.556 E20.24196
G1 X-48.677 Y-30.132 E20.27008
G1 X-48.515 Y-30.609 E20.29431
G1 X-48.205 Y-31.099 E20.3222
G1 X-47.872 Y-31.48 E20.34654
G1 X-47.398 Y-31.814 E20.37443
G1 X-46.944 Y-32.038 E20.39878
G1 X-46.417 Y-32.156 E20.42475
G1 X-46 Y-32.203 E20.44493
G1 X-36.932 Y-32.206 E20.88107
G1 X-36.39 Y-32.262 E20.90728
G1 X-35.906 Y-32.396 E20.93143
G1 X-35.438 Y-32.614 E20.95626
G1 X-34.826 Y-33.051 E20.99243
G1 X-34.404 Y-33.522 E21.02285
G1 X-34.083 Y-34.066 E21.05323
G1 X-33.873 Y-34.667 E21.08385
G1 X-33.78 Y-35.426 E21.12063
G1 X-33.78 Y-41.203 E21.39848
G1 X-18.73 Y-41.203 E22.12233
G1 X-18.73 Y-33.593 E22.48834
G1 X-18.73 Y-6.653 E23.78406
G1 X-33.78 Y-6.653 E24.50791
G1 X-33.78 Y-12.429 E24.78572
G1 X-33.873 Y-13.188 E24.8225
G1 X-33.975 Y-13.53 E24.83967
G1 X-34.205 Y-14.024 E24.86588
G1 X-34.525 Y-14.487 E24.89295
G1 X-34.952 Y-14.914 E24.92199
G1 X-35.363 Y-15.202 E24.94613
G1 X-35.867 Y-15.444 E24.97302
G1 X-36.36 Y-15.587 E24.99771
G1 X-36.856 Y-15.649 E25.02175
G1 X-45.993 Y-15.653 E25.46121
G1 X-46.577 Y-15.725 E25.48951
G1 X-46.98 Y-15.836 E25.50961
G1 X-47.412 Y-16.045 E25.53269
G1 X-47.799 Y-16.319 E25.5555
G1 X-48.197 Y-16.734 E25.58316
G1 X-48.513 Y-17.256 E25.61251
G1 X-48.695 Y-17.749 E25.63779
G1 X-48.78 Y-18.44 E25.67128
G1 X-48.78 Y-22.394 E25.86145
G1 X-46.79 Y-22.394 E25.95716
G1 X-46.729 Y-21.998 F7800
G1 E23.95716 F2400
G92 E0
G1 X-32.893 Y-8.307 F7800
G1 E2 F2400
;TYPE:Internal infill
;WIDTH:0.45
G1 F4800
G1 X-32.3 Y-7.713 E2.04037
G1 X-28.664 Y-7.713 E2.21525
G1 X-32.72 Y-11.769 E2.49113
G1 X-32.72 Y-12.434 E2.52311
G1 X-32.84 Y-13.435 E2.5716
G1 X-33.009 Y-13.967 E2.59845
G1 X-33.273 Y-14.533 E2.62849
G1 X-33.663 Y-15.109 E2.66195
G1 X-34.198 Y-15.66 E2.69889
G1 X-34.803 Y-16.104 E2.73498
G1 X-35.489 Y-16.435 E2.77161
G1 X-36.656 Y-16.742 E2.82965
G1 X-36.119 Y-17.078 E2.86012
G1 X-35.783 Y-17.387 E2.88208
G1 X-35.374 Y-18.059 E2.91992
G1 X-25.028 Y-7.713 E3.62364
G1 X-21.393 Y-7.713 E3.79847
G1 X-35.227 Y-21.547 E4.73944
G1 X-35.223 Y-25.179 E4.91413
G1 X-19.791 Y-9.747 E5.9638
G1 X-19.791 Y-13.383 E6.13868
G1 X-35.22 Y-28.812 E7.18814
G1 X-35.286 Y-29.54 E7.2233
G1 X-35.617 Y-30.267 E7.26172
G1 X-35.861 Y-30.566 E7.28028
G1 X-36.169 Y-30.818 E7.29942
G1 X-36.693 Y-31.122 E7.32856
G1 X-35.644 Y-31.366 E7.38036
G1 X-35.065 Y-31.609 E7.41056
G1 X-34.647 Y-31.875 E7.43439
G1 X-19.791 Y-17.018 E8.44491
G1 X-19.791 Y-20.654 E8.61979
G1 X-33.026 Y-33.889 E9.52002
G1 X-32.847 Y-34.39 E9.54561
G1 X-32.72 Y-35.42 E9.59552
G1 X-32.72 Y-37.219 E9.68205
G1 X-19.791 Y-24.289 E10.5615
G1 X-19.791 Y-27.925 E10.73638
G1 X-32.008 Y-40.142 E11.56737
G1 X-28.372 Y-40.142 E11.74225
G1 X-19.791 Y-31.561 E12.32592
G1 X-19.791 Y-35.196 E12.50075
G1 X-24.736 Y-40.142 E12.83714
G1 X-21.101 Y-40.142 E13.01197
G1 X-19.617 Y-38.659 E13.11288
;LAYER_CHANGE
;Z:12.35
;HEIGHT:0.3
G1 Z12.35 F7800
G1 E11.11288 F2400
G92 E0
G1 X-19.617 Y-38.659 F7800
G1 X-47.53 Y-21.464
G1 E2 F2400
;TYPE:Perimeter
;WIDTH:0.512591
G1 F3600
G1 X-47.53 Y-21.24 E2.01252
;WIDTH:0.515913
G1 X-47.525 Y-18.701 E2.15551
;WIDTH:0.524047
G1 X-47.515 Y-18.541 E2.1647
;WIDTH:0.549285
G1 X-47.433 Y-18.247 E2.18316
;WIDTH:0.574524
G1 X-47.351 Y-17.952 E2.20264
;WIDTH:0.594183
G1 X-47.094 Y-17.549 E2.23422
G1 X-46.747 Y-17.239 E2.26497
;WIDTH:0.581374
G1 X-46.311 Y-17.03 E2.29615
;WIDTH:0.571423
G1 X-45.9 Y-16.92 E2.32306
;WIDTH:0.524795
G1 X-45.592 Y-16.901 E2.34078
;WIDTH:0.512649
G1 X-37.419 Y-16.9 E2.79774
;WIDTH:0.549773
G1 X-36.927 Y-16.952 E2.82769
G1 X-36.791 Y-17.01 E2.83664
;WIDTH:0.503115
G1 X-36.54 Y-17.162 E2.8527
;WIDTH:0.476557
G1 X-36.288 Y-17.314 E2.86783
;WIDTH:0.45
G1 X-36.01 Y-17.566 E2.88588
G1 X-35.79 Y-17.863 E2.90366
G1 X-35.623 Y-18.226 E2.92288
G1 X-35.509 Y-18.84 E2.95292
G1 X-35.509 Y-29.015 E3.4423
G1 X-35.56 Y-29.449 E3.46332
G1 X-35.744 Y-29.928 E3.488
G1 X-36.067 Y-30.362 E3.51402
G1 X-36.46 Y-30.665 E3.53789
;WIDTH:0.487292
G1 X-36.687 Y-30.779 E3.55129
;WIDTH:0.524585
G1 X-36.915 Y-30.894 E3.56595
G1 X-37.373 Y-30.954 E3.59246
;WIDTH:0.513207
G1 X-45.592 Y-30.954 E4.05256
;WIDTH:0.520089
G1 X-45.763 Y-30.944 E4.0623
;WIDTH:0.553176
G1 X-46.301 Y-30.842 E4.09568
;WIDTH:0.587422
G1 X-46.771 Y-30.602 E4.13011
;WIDTH:0.594684
G1 X-47.037 Y-30.364 E4.15372
G1 X-47.313 Y-29.976 E4.18521
;WIDTH:0.582015
G1 X-47.419 Y-29.712 E4.20358
;WIDTH:0.553872
G1 X-47.524 Y-29.154 E4.23824
;WIDTH:0.514285
G1 X-47.529 Y-26.614 E4.38077
;WIDTH:0.512051
G1 X-47.53 Y-26.391 E4.39322
G1 X-47.977 Y-26.391 E4.41818
G1 X-47.977 Y-26.615 E4.43069
;WIDTH:0.514285
G1 X-47.974 Y-29.155 E4.57322
;WIDTH:0.534342
G1 X-47.963 Y-29.466 E4.59146
;WIDTH:0.553872
G1 X-47.895 Y-29.825 E4.61377
;WIDTH:0.582015
G1 X-47.75 Y-30.253 E4.64295
;WIDTH:0.593901
G1 X-47.457 Y-30.693 E4.67786
G1 X-47.075 Y-31.029 E4.71146
;WIDTH:0.590626
G1 X-46.626 Y-31.255 E4.74445
;WIDTH:0.575254
G1 X-46.137 Y-31.376 E4.77655
;WIDTH:0.54426
G1 X-45.592 Y-31.401 E4.8092
;WIDTH:0.513207
G1 X-37.373 Y-31.403 E5.2693
;WIDTH:0.542213
G1 X-36.932 Y-31.389 E5.2956
G1 X-36.794 Y-31.416 E5.30398
;WIDTH:0.505584
G1 X-36.657 Y-31.443 E5.31166
;WIDTH:0.468955
G1 X-36.153 Y-31.525 E5.33743
;WIDTH:0.45
G1 X-35.593 Y-31.691 E5.36552
G1 X-35.021 Y-31.965 E5.39602
G1 X-34.414 Y-32.393 E5.43174
G1 X-34.075 Y-32.731 E5.45476
G1 X-33.743 Y-33.126 E5.47958
G1 X-33.357 Y-33.806 E5.51719
G1 X-33.107 Y-34.573 E5.55599
G1 X-33.009 Y-35.426 E5.59729
G1 X-33.009 Y-40.431 E5.83801
G1 X-19.502 Y-40.431 E6.48765
G1 X-19.502 Y-33.593 E6.81653
G1 X-19.502 Y-7.424 E8.07517
G1 X-33.009 Y-7.424 E8.72481
G1 X-33.009 Y-12.429 E8.96553
G1 X-33.123 Y-13.373 E9.01126
G1 X-33.275 Y-13.852 E9.03543
G1 X-33.569 Y-14.461 E9.06796
G1 X-33.979 Y-15.032 E9.10177
G1 X-34.566 Y-15.586 E9.14059
G1 X-35.193 Y-15.983 E9.17628
G1 X-35.556 Y-16.133 E9.19517
G1 X-36.296 Y-16.358 E9.23237
;WIDTH:0.499886
G1 X-36.59 Y-16.414 E9.24863
;WIDTH:0.549773
G1 X-36.885 Y-16.47 E9.26681
G1 X-37.419 Y-16.452 E9.29916
;WIDTH:0.512649
G1 X-45.592 Y-16.454 E9.75612
;WIDTH:0.513951
G1 X-45.712 Y-16.456 E9.76285
;WIDTH:0.55174
G1 X-46.314 Y-16.52 E9.79965
;WIDTH:0.578239
G1 X-46.767 Y-16.666 E9.83015
;WIDTH:0.581374
G1 X-47.045 Y-16.817 E9.85055
;WIDTH:0.594183
G1 X-47.496 Y-17.204 E9.88982
G1 X-47.766 Y-17.633 E9.92332
;WIDTH:0.581122
G1 X-47.9 Y-18.041 E9.951
;WIDTH:0.556586
G1 X-47.976 Y-18.7 E9.99172
;WIDTH:0.515913
G1 X-47.978 Y-21.24 E10.13477
;WIDTH:0.512591
G1 X-47.978 Y-21.464 E10.14729
G1 X-47.59 Y-21.464 E10.16898
G1 X-47.59 Y-21.464 F7800
G1 X-47.114 Y-21.881
;WIDTH:0.45
G1 F3600
G1 X-47.106 Y-18.702 E10.32188
G1 X-47.001 Y-18.27 E10.34326
G1 X-46.827 Y-17.956 E10.36053
G1 X-46.488 Y-17.608 E10.3839
G1 X-46.009 Y-17.384 E10.40933
G1 X-45.592 Y-17.317 E10.42964
G1 X-37.419 Y-17.317 E10.82273
G1 X-36.92 Y-17.401 E10.84707
G1 X-36.463 Y-17.659 E10.87231
G1 X-36.099 Y-18.093 E10.89955
G1 X-36 Y-18.31 E10.91102
G1 X-35.895 Y-18.84 E10.93701
G1 X-35.895 Y-28.687 E11.41062
G1 X-35.927 Y-29.314 E11.44082
G1 X-36.073 Y-29.721 E11.46162
G1 X-36.262 Y-29.997 E11.47771
G1 X-36.577 Y-30.281 E11.49811
G1 X-36.911 Y-30.448 E11.51607
G1 X-37.373 Y-30.537 E11.5387
G1 X-45.592 Y-30.538 E11.93401
G1 X-46.01 Y-30.474 E11.95435
G1 X-46.427 Y-30.284 E11.97639
G1 X-46.722 Y-30.033 E11.99502
G1 X-46.973 Y-29.657 E12.01676
G1 X-47.106 Y-29.153 E12.04183
G1 X-47.114 Y-25.974 E12.19473
G1 X-48.394 Y-25.974 E12.25629
G1 X-48.391 Y-29.523 E12.42698
G1 X-48.297 Y-30.066 E12.45348
G1 X-48.132 Y-30.494 E12.47554
G1 X-47.744 Y-31.055 E12.50835
G1 X-47.343 Y-31.404 E12.53392
G1 X-46.886 Y-31.634 E12.55853
G1 X-46.544 Y-31.732 E12.57564
G1 X-45.99 Y-31.817 E12.6026
G1 X-36.785 Y-31.825 E13.04533
G1 X-36.256 Y-31.897 E13.07101
G1 X-35.585 Y-32.117 E13.10497
G1 X-35.127 Y-32.362 E13.12995
G1 X-34.54 Y-32.792 E13.16495
G1 X-34.074 Y-33.324 E13.19897
G1 X-33.72 Y-33.936 E13.23297
G1 X-33.49 Y-34.62 E13.26768
G1 X-33.395 Y-35.426 E13.30671
G1 X-33.395 Y-40.817 E13.566
G1 X-19.116 Y-40.817 E14.25277
G1 X-19.116 Y-33.593 E14.60022
G1 X-19.116 Y-7.038 E15.87742
G1 X-33.395 Y-7.038 E16.56419
G1 X-33.395 Y-12.429 E16.82348
G1 X-33.49 Y-13.235 E16.86251
G1 X-33.625 Y-13.691 E16.88538
G1 X-33.888 Y-14.244 E16.91483
G1 X-34.252 Y-14.76 E16.9452
G1 X-34.773 Y-15.26 E16.97993
G1 X-35.4 Y-15.657 E17.01562
G1 X-35.677 Y-15.767 E17.02995
G1 X-36.343 Y-15.976 E17.06352
G1 X-36.856 Y-16.035 E17.08836
G1 X-45.969 Y-16.038 E17.52666
G1 X-46.499 Y-16.104 E17.55235
G1 X-47.048 Y-16.293 E17.58028
G1 X-47.305 Y-16.448 E17.59471
G1 X-47.744 Y-16.8 E17.62177
G1 X-48.077 Y-17.247 E17.64858
G1 X-48.317 Y-17.834 E17.67908
G1 X-48.395 Y-18.464 E17.70961
G1 X-48.395 Y-21.881 E17.87396
G1 X-47.174 Y-21.881 E17.93269
G1 X-47.174 Y-21.881 F7800
G1 X-46.73 Y-22.266
;TYPE:External perimeter
G1 F1800
G1 X-46.72 Y-18.703 E18.10406
G1 X-46.632 Y-18.382 E18.12007
G1 X-46.501 Y-18.162 E18.13239
G1 X-46.287 Y-17.942 E18.14715
G1 X-45.853 Y-17.737 E18.17024
G1 X-45.592 Y-17.703 E18.1829
G1 X-37.419 Y-17.703 E18.57599
G1 X-37.068 Y-17.761 E18.5931
G1 X-36.685 Y-17.975 E18.6142
G1 X-36.394 Y-18.346 E18.63688
G1 X-36.28 Y-18.84 E18.66126
G1 X-36.28 Y-28.687 E19.13487
G1 X-36.31 Y-29.267 E19.1628
G1 X-36.378 Y-29.448 E19.1721
G1 X-36.566 Y-29.76 E19.18962
G1 X-36.815 Y-29.977 E19.20551
G1 X-37.067 Y-30.095 E19.21889
G1 X-37.373 Y-30.151 E19.23385
G1 X-45.592 Y-30.153 E19.62916
G1 X-45.985 Y-30.082 E19.64837
G1 X-46.353 Y-29.851 E19.66927
G1 X-46.605 Y-29.528 E19.68897
G1 X-46.72 Y-29.152 E19.70788
G1 X-46.73 Y-25.589 E19.87925
G1 X-48.78 Y-25.589 E19.97785
G1 X-48.777 Y-29.556 E20.16865
G1 X-48.677 Y-30.132 E20.19677
G1 X-48.557 Y-30.501 E20.21543
G1 X-48.338 Y-30.89 E20.2369
G1 X-48.023 Y-31.321 E20.26258
G1 X-47.55 Y-31.732 E20.29272
G1 X-46.94 Y-32.039 E20.32556
G1 X-46.416 Y-32.156 E20.35138
G1 X-46 Y-32.203 E20.37152
G1 X-36.932 Y-32.206 E20.80766
G1 X-36.39 Y-32.262 E20.83387
G1 X-35.906 Y-32.396 E20.85802
G1 X-35.349 Y-32.677 E20.88803
G1 X-34.826 Y-33.051 E20.91895
G1 X-34.404 Y-33.522 E20.94937
G1 X-34.083 Y-34.066 E20.97975
G1 X-33.873 Y-34.667 E21.01037
G1 X-33.78 Y-35.426 E21.04715
G1 X-33.78 Y-41.203 E21.325
G1 X-18.73 Y-41.203 E22.04885
G1 X-18.73 Y-33.593 E22.41486
G1 X-18.73 Y-6.653 E23.71058
G1 X-33.78 Y-6.653 E24.43443
G1 X-33.78 Y-12.429 E24.71224
G1 X-33.873 Y-13.188 E24.74902
G1 X-33.975 Y-13.53 E24.76619
G1 X-34.206 Y-14.027 E24.79255
G1 X-34.525 Y-14.487 E24.81947
G1 X-34.979 Y-14.935 E24.85015
G1 X-35.648 Y-15.352 E24.88807
G1 X-36.353 Y-15.585 E24.92378
G1 X-36.856 Y-15.649 E24.94817
G1 X-45.993 Y-15.653 E25.38763
G1 X-46.679 Y-15.737 E25.42087
G1 X-47.313 Y-15.982 E25.45356
G1 X-47.872 Y-16.375 E25.48643
G1 X-48.197 Y-16.734 E25.50972
G1 X-48.513 Y-17.256 E25.53907
G1 X-48.695 Y-17.749 E25.56435
G1 X-48.78 Y-18.44 E25.59784
G1 X-48.78 Y-22.266 E25.78186
G1 X-46.79 Y-22.266 E25.87757
G1 X-46.729 Y-21.871 F7800
G1 E23.87757 F2400
G92 E0
G1 X-32.893 Y-8.307 F7800
G1 E2 F2400
;TYPE:Internal infill
;WIDTH:0.45
G1 F4800
G1 X-32.3 Y-7.713 E2.04037
G1 X-28.664 Y-7.713 E2.21525
G1 X-32.72 Y-11.769 E2.49113
G1 X-32.72 Y-12.434 E2.52311
G1 X-32.84 Y-13.435 E2.5716
G1 X-33.009 Y-13.968 E2.59849
G1 X-33.275 Y-14.536 E2.62866
G1 X-33.663 Y-15.109 E2.66194
G1 X-34.391 Y-15.818 E2.71082
G1 X-35.195 Y-16.312 E2.75621
G1 X-36.656 Y-16.742 E2.82946
G1 X-36.083 Y-17.101 E2.86198
G1 X-35.782 Y-17.388 E2.88198
G1 X-35.46 Y-17.842 E2.90875
G1 X-35.376 Y-18.061 E2.92003
G1 X-25.028 Y-7.713 E3.62389
G1 X-21.393 Y-7.713 E3.79872
G1 X-35.227 Y-21.547 E4.73969
G1 X-35.223 Y-25.179 E4.91438
G1 X-19.791 Y-9.747 E5.96405
G1 X-19.791 Y-13.383 E6.13893
G1 X-35.22 Y-28.812 E7.18839
G1 X-35.265 Y-29.452 E7.21925
G1 X-35.485 Y-30.058 E7.25026
G1 X-35.617 Y-30.267 E7.26215
G1 X-35.861 Y-30.566 E7.28071
G1 X-36.169 Y-30.818 E7.29985
G1 X-36.693 Y-31.122 E7.32899
G1 X-35.644 Y-31.366 E7.38079
G1 X-35.065 Y-31.609 E7.41099
G1 X-34.648 Y-31.875 E7.43478
G1 X-19.791 Y-17.018 E8.44534
G1 X-19.791 Y-20.654 E8.62022
G1 X-33.026 Y-33.889 E9.52045
G1 X-32.847 Y-34.39 E9.54604
G1 X-32.72 Y-35.42 E9.59595
G1 X-32.72 Y-37.219 E9.68248
G1 X-19.791 Y-24.289 E10.56193
G1 X-19.791 Y-27.925 E10.73681
G1 X-32.008 Y-40.142 E11.5678
G1 X-28.372 Y-40.142 E11.74268
G1 X-19.791 Y-31.561 E12.32635
G1 X-19.791 Y-35.196 E12.50118
G1 X-24.736 Y-40.142 E12.83757
G1 X-21.101 Y-40.142 E13.0124
G1 X-19.617 Y-38.659 E13.11331
;LAYER_CHANGE
;Z:12.65
;HEIGHT:0.299999
G1 Z12.65 F7800
G1 E11.11331 F2400
G92 E0
G1 X-19.617 Y-38.659 F7800
G1 X-47.53 Y-21.406
G1 E2 F2400
;TYPE:Perimeter
;WIDTH:0.512614
G1 F3600
G1 X-47.53 Y-21.183 E2.01247
;WIDTH:0.515913
G1 X-47.525 Y-18.701 E2.15225
;WIDTH:0.524063
G1 X-47.515 Y-18.541 E2.16144
;WIDTH:0.564957
G1 X-47.405 Y-18.079 E2.19109
;WIDTH:0.589647
G1 X-47.168 Y-17.646 E2.22343
G1 X-46.779 Y-17.258 E2.25942
;WIDTH:0.588315
G1 X-46.341 Y-17.041 E2.29136
;WIDTH:0.576048
G1 X-46.12 Y-16.98 E2.30599
;WIDTH:0.550422
G1 X-45.9 Y-16.92 E2.31981
;WIDTH:0.524796
G1 X-45.592 Y-16.901 E2.33753
;WIDTH:0.512649
G1 X-37.419 Y-16.9 E2.79449
;WIDTH:0.549771
G1 X-36.927 Y-16.952 E2.82444
G1 X-36.791 Y-17.01 E2.83339
;WIDTH:0.503111
G1 X-36.54 Y-17.162 E2.84945
;WIDTH:0.476555
G1 X-36.288 Y-17.314 E2.86458
;WIDTH:0.45
G1 X-36.01 Y-17.566 E2.88263
G1 X-35.79 Y-17.863 E2.90041
G1 X-35.623 Y-18.226 E2.91963
G1 X-35.509 Y-18.84 E2.94967
G1 X-35.509 Y-29.015 E3.43905
G1 X-35.564 Y-29.465 E3.46085
G1 X-35.747 Y-29.934 E3.48506
G1 X-36.067 Y-30.362 E3.51076
G1 X-36.46 Y-30.665 E3.53463
;WIDTH:0.487293
G1 X-36.687 Y-30.779 E3.54803
;WIDTH:0.524587
G1 X-36.915 Y-30.894 E3.56269
G1 X-37.373 Y-30.954 E3.5892
;WIDTH:0.513207
G1 X-45.593 Y-30.954 E4.04936
;WIDTH:0.517626
G1 X-45.739 Y-30.947 E4.05762
;WIDTH:0.550751
G1 X-46.255 Y-30.856 E4.08941
;WIDTH:0.583992
G1 X-46.732 Y-30.627 E4.1237
;WIDTH:0.595645
G1 X-46.995 Y-30.408 E4.14638
G1 X-47.31 Y-29.98 E4.18159
;WIDTH:0.582036
G1 X-47.419 Y-29.712 E4.20027
;WIDTH:0.553886
G1 X-47.524 Y-29.154 E4.23494
;WIDTH:0.514289
G1 X-47.529 Y-26.672 E4.37422
;WIDTH:0.51207
G1 X-47.53 Y-26.449 E4.38667
G1 X-47.977 Y-26.449 E4.41163
G1 X-47.977 Y-26.673 E4.42414
;WIDTH:0.514289
G1 X-47.974 Y-29.155 E4.56342
;WIDTH:0.534342
G1 X-47.963 Y-29.486 E4.58283
;WIDTH:0.56989
G1 X-47.858 Y-29.99 E4.61529
;WIDTH:0.582036
G1 X-47.745 Y-30.26 E4.63419
;WIDTH:0.593465
G1 X-47.461 Y-30.689 E4.66814
G1 X-47.074 Y-31.028 E4.70209
;WIDTH:0.592255
G1 X-46.626 Y-31.254 E4.73513
;WIDTH:0.57577
G1 X-46.139 Y-31.378 E4.76718
;WIDTH:0.541321
G1 X-45.593 Y-31.401 E4.79969
;WIDTH:0.513207
G1 X-37.373 Y-31.403 E5.25985
;WIDTH:0.542214
G1 X-36.932 Y-31.389 E5.28615
G1 X-36.794 Y-31.416 E5.29453
;WIDTH:0.505586
G1 X-36.657 Y-31.443 E5.30221
;WIDTH:0.468959
G1 X-36.153 Y-31.525 E5.32798
;WIDTH:0.45
G1 X-35.593 Y-31.691 E5.35607
G1 X-35.021 Y-31.965 E5.38657
G1 X-34.414 Y-32.393 E5.42229
G1 X-34.076 Y-32.731 E5.44528
G1 X-33.743 Y-33.126 E5.47013
G1 X-33.357 Y-33.806 E5.50774
G1 X-33.107 Y-34.573 E5.54654
G1 X-33.009 Y-35.426 E5.58784
G1 X-33.009 Y-40.431 E5.82856
G1 X-19.502 Y-40.431 E6.4782
G1 X-19.502 Y-33.593 E6.80708
G1 X-19.502 Y-7.424 E8.06572
G1 X-33.009 Y-7.424 E8.71536
G1 X-33.009 Y-12.429 E8.95608
G1 X-33.123 Y-13.373 E9.00181
G1 X-33.275 Y-13.852 E9.02598
G1 X-33.571 Y-14.464 E9.05868
G1 X-33.979 Y-15.032 E9.09232
G1 X-34.566 Y-15.586 E9.13114
G1 X-35.193 Y-15.983 E9.16683
G1 X-35.556 Y-16.133 E9.18572
G1 X-36.296 Y-16.358 E9.22292
;WIDTH:0.499885
G1 X-36.591 Y-16.414 E9.23923
;WIDTH:0.549771
G1 X-36.885 Y-16.47 E9.25735
G1 X-37.419 Y-16.452 E9.2897
;WIDTH:0.512649
G1 X-45.592 Y-16.454 E9.74666
;WIDTH:0.51395
G1 X-45.712 Y-16.456 E9.75339
;WIDTH:0.551742
G1 X-46.314 Y-16.52 E9.79019
;WIDTH:0.586054
G1 X-46.718 Y-16.633 E9.81749
;WIDTH:0.588315
G1 X-47.095 Y-16.841 E9.84563
;WIDTH:0.594173
G1 X-47.508 Y-17.22 E9.88267
G1 X-47.784 Y-17.669 E9.9175
;WIDTH:0.580894
G1 X-47.907 Y-18.077 E9.94495
;WIDTH:0.551993
G1 X-47.976 Y-18.7 E9.98307
;WIDTH:0.515913
G1 X-47.978 Y-21.182 E10.12285
;WIDTH:0.512614
G1 X-47.978 Y-21.406 E10.13537
G1 X-47.59 Y-21.406 E10.15706
G1 X-47.59 Y-21.406 F7800
G1 X-47.114 Y-21.823
;WIDTH:0.45
G1 F3600
G1 X-47.106 Y-18.702 E10.30717
G1 X-47.012 Y-18.297 E10.32717
G1 X-46.821 Y-17.948 E10.34631
G1 X-46.486 Y-17.608 E10.36927
G1 X-46.009 Y-17.384 E10.39462
G1 X-45.592 Y-17.317 E10.41493
G1 X-37.419 Y-17.317 E10.80802
G1 X-36.92 Y-17.401 E10.83236
G1 X-36.463 Y-17.659 E10.8576
G1 X-36.099 Y-18.093 E10.88484
G1 X-36 Y-18.31 E10.89631
G1 X-35.895 Y-18.84 E10.9223
G1 X-35.895 Y-28.687 E11.39591
G1 X-35.935 Y-29.344 E11.42757
G1 X-36.076 Y-29.727 E11.4472
G1 X-36.262 Y-29.997 E11.46297
G1 X-36.577 Y-30.281 E11.48337
G1 X-36.911 Y-30.448 E11.50133
G1 X-37.373 Y-30.537 E11.52396
G1 X-45.593 Y-30.538 E11.91931
G1 X-45.95 Y-30.491 E11.93663
G1 X-46.364 Y-30.323 E11.95812
G1 X-46.691 Y-30.065 E11.97815
G1 X-46.973 Y-29.657 E12.002
G1 X-47.106 Y-29.153 E12.02707
G1 X-47.114 Y-26.032 E12.17718
G1 X-48.394 Y-26.032 E12.23874
G1 X-48.391 Y-29.523 E12.40665
G1 X-48.297 Y-30.066 E12.43315
G1 X-48.127 Y-30.502 E12.45566
G1 X-47.772 Y-31.026 E12.4861
G1 X-47.343 Y-31.404 E12.5136
G1 X-46.886 Y-31.634 E12.53821
G1 X-46.498 Y-31.743 E12.55759
G1 X-45.99 Y-31.817 E12.58228
G1 X-36.785 Y-31.825 E13.02501
G1 X-36.256 Y-31.897 E13.05069
G1 X-35.749 Y-32.044 E13.07608
G1 X-35.17 Y-32.332 E13.10718
G1 X-34.54 Y-32.792 E13.1447
G1 X-34.074 Y-33.324 E13.17872
G1 X-33.72 Y-33.936 E13.21272
G1 X-33.49 Y-34.62 E13.24743
G1 X-33.395 Y-35.426 E13.28646
G1 X-33.395 Y-40.817 E13.54575
G1 X-19.116 Y-40.817 E14.23252
G1 X-19.116 Y-33.593 E14.57997
G1 X-19.116 Y-7.038 E15.85717
G1 X-33.395 Y-7.038 E16.54394
G1 X-33.395 Y-12.429 E16.80323
G1 X-33.49 Y-13.235 E16.84226
G1 X-33.625 Y-13.691 E16.86513
G1 X-33.89 Y-14.247 E16.89475
G1 X-34.252 Y-14.76 E16.92495
G1 X-34.773 Y-15.26 E16.95968
G1 X-35.4 Y-15.657 E16.99537
G1 X-35.677 Y-15.767 E17.0097
G1 X-36.343 Y-15.976 E17.04327
G1 X-36.856 Y-16.035 E17.06811
G1 X-45.712 Y-16.038 E17.49405
G1 X-46.367 Y-16.087 E17.52564
G1 X-46.86 Y-16.202 E17.54999
G1 X-47.331 Y-16.449 E17.57557
G1 X-47.744 Y-16.8 E17.60164
G1 X-48.077 Y-17.247 E17.62845
G1 X-48.317 Y-17.834 E17.65895
G1 X-48.395 Y-18.464 E17.68948
G1 X-48.395 Y-21.823 E17.85104
G1 X-47.174 Y-21.823 E17.90977
G1 X-47.174 Y-21.823 F7800
G1 X-46.73 Y-22.209
;TYPE:External perimeter
G1 F1800
G1 X-46.72 Y-18.703 E18.0784
G1 X-46.642 Y-18.405 E18.09322
G1 X-46.493 Y-18.15 E18.10742
G1 X-46.287 Y-17.942 E18.1215
G1 X-45.853 Y-17.737 E18.14459
G1 X-45.592 Y-17.703 E18.15725
G1 X-37.419 Y-17.703 E18.55034
G1 X-37.068 Y-17.761 E18.56745
G1 X-36.685 Y-17.975 E18.58855
G1 X-36.394 Y-18.346 E18.61123
G1 X-36.28 Y-18.84 E18.63561
G1 X-36.28 Y-28.687 E19.10922
G1 X-36.317 Y-29.292 E19.13837
G1 X-36.43 Y-29.575 E19.15303
G1 X-36.566 Y-29.76 E19.16407
G1 X-36.815 Y-29.977 E19.17996
G1 X-37.067 Y-30.095 E19.19334
G1 X-37.373 Y-30.151 E19.2083
G1 X-45.593 Y-30.153 E19.60365
G1 X-45.82 Y-30.121 E19.61468
G1 X-46.104 Y-30.02 E19.62918
G1 X-46.381 Y-29.824 E19.6455
G1 X-46.608 Y-29.523 E19.66363
G1 X-46.72 Y-29.152 E19.68227
G1 X-46.73 Y-25.646 E19.8509
G1 X-48.78 Y-25.646 E19.9495
G1 X-48.777 Y-29.556 E20.13756
G1 X-48.677 Y-30.132 E20.16568
G1 X-48.515 Y-30.609 E20.18991
G1 X-48.205 Y-31.099 E20.2178
G1 X-47.975 Y-31.372 E20.23497
G1 X-47.55 Y-31.732 E20.26176
G1 X-46.94 Y-32.039 E20.2946
G1 X-46.37 Y-32.167 E20.3227
G1 X-46 Y-32.203 E20.34058
G1 X-36.932 Y-32.206 E20.77672
G1 X-36.39 Y-32.262 E20.80293
G1 X-35.906 Y-32.396 E20.82708
G1 X-35.392 Y-32.647 E20.85459
G1 X-34.826 Y-33.051 E20.88804
G1 X-34.404 Y-33.522 E20.91846
G1 X-34.083 Y-34.066 E20.94884
G1 X-33.873 Y-34.667 E20.97946
G1 X-33.78 Y-35.426 E21.01624
G1 X-33.78 Y-41.203 E21.29409
G1 X-18.73 Y-41.203 E22.01794
G1 X-18.73 Y-33.593 E22.38395
G1 X-18.73 Y-6.653 E23.67967
G1 X-33.78 Y-6.653 E24.40352
G1 X-33.78 Y-12.429 E24.68133
G1 X-33.873 Y-13.188 E24.71811
G1 X-33.975 Y-13.53 E24.73528
G1 X-34.208 Y-14.029 E24.76177
G1 X-34.525 Y-14.487 E24.78856
G1 X-34.979 Y-14.935 E24.81924
G1 X-35.648 Y-15.352 E24.85716
G1 X-36.353 Y-15.585 E24.89287
G1 X-36.856 Y-15.649 E24.91726
G1 X-45.993 Y-15.653 E25.35672
G1 X-46.577 Y-15.725 E25.38502
G1 X-46.981 Y-15.836 E25.40517
G1 X-47.408 Y-16.042 E25.42797
G1 X-47.798 Y-16.319 E25.45098
G1 X-48.197 Y-16.734 E25.47867
G1 X-48.532 Y-17.293 E25.51001
G1 X-48.695 Y-17.749 E25.5333
G1 X-48.78 Y-18.44 E25.56679
G1 X-48.78 Y-22.209 E25.74807
G1 X-46.79 Y-22.209 E25.84378
G1 X-46.729 Y-21.813 F7800
G1 E23.84378 F2400
G92 E0
G1 X-32.893 Y-8.307 F7800
G1 E2 F2400
;TYPE:Internal infill
;WIDTH:0.45
G1 F4800
G1 X-32.3 Y-7.713 E2.04037
G1 X-28.664 Y-7.713 E2.21525
G1 X-32.72 Y-11.769 E2.49113
G1 X-32.72 Y-12.434 E2.52311
G1 X-32.84 Y-13.435 E2.5716
G1 X-33.01 Y-13.968 E2.59851
G1 X-33.277 Y-14.539 E2.62883
G1 X-33.663 Y-15.109 E2.66194
G1 X-34.391 Y-15.818 E2.71082
G1 X-35.195 Y-16.312 E2.75621
G1 X-36.656 Y-16.742 E2.82946
G1 X-36.083 Y-17.101 E2.86198
G1 X-35.782 Y-17.388 E2.88198
G1 X-35.46 Y-17.842 E2.90875
G1 X-35.376 Y-18.061 E2.92003
G1 X-25.028 Y-7.713 E3.62389
G1 X-21.393 Y-7.713 E3.79872
G1 X-35.227 Y-21.547 E4.73969
G1 X-35.223 Y-25.179 E4.91438
G1 X-19.791 Y-9.747 E5.96405
G1 X-19.791 Y-13.383 E6.13893
G1 X-35.22 Y-28.812 E7.18839
G1 X-35.273 Y-29.481 E7.22067
G1 X-35.617 Y-30.268 E7.26198
G1 X-35.861 Y-30.566 E7.2805
G1 X-36.169 Y-30.818 E7.29964
G1 X-36.693 Y-31.122 E7.32878
G1 X-35.644 Y-31.366 E7.38058
G1 X-35.065 Y-31.609 E7.41078
G1 X-34.647 Y-31.875 E7.43461
G1 X-19.791 Y-17.018 E8.44513
G1 X-19.791 Y-20.654 E8.62001
G1 X-33.026 Y-33.889 E9.52024
G1 X-32.847 Y-34.39 E9.54583
G1 X-32.72 Y-35.42 E9.59574
G1 X-32.72 Y-37.219 E9.68227
G1 X-19.791 Y-24.289 E10.56172
G1 X-19.791 Y-27.925 E10.7366
G1 X-32.008 Y-40.142 E11.56759
G1 X-28.372 Y-40.142 E11.74247
G1 X-19.791 Y-31.561 E12.32614
G1 X-19.791 Y-35.196 E12.50097
G1 X-24.736 Y-40.142 E12.83736
G1 X-21.101 Y-40.142 E13.01219
G1 X-19.617 Y-38.659 E13.1131
;LAYER_CHANGE
;Z:12.95
;HEIGHT:0.3
G1 Z12.95 F7800
G1 E11.1131 F2400
G92 E0
G1 X-19.617 Y-38.659 F7800
G1 X-47.53 Y-21.41
G1 E2 F2400
;TYPE:Perimeter
;WIDTH:0.512613
G1 F3600
G1 X-47.53 Y-21.186 E2.01252
;WIDTH:0.515914
G1 X-47.525 Y-18.701 E2.15247
;WIDTH:0.524062
G1 X-47.515 Y-18.541 E2.16166
;WIDTH:0.573423
G1 X-47.36 Y-17.973 E2.19904
;WIDTH:0.594174
G1 X-47.094 Y-17.549 E2.23211
G1 X-46.747 Y-17.239 E2.26286
;WIDTH:0.581374
G1 X-46.311 Y-17.03 E2.29404
;WIDTH:0.571418
G1 X-45.9 Y-16.92 E2.32095
;WIDTH:0.524784
G1 X-45.592 Y-16.901 E2.33867
;WIDTH:0.512648
G1 X-37.419 Y-16.9 E2.79563
;WIDTH:0.521888
G1 X-37.246 Y-16.91 E2.80552
G1 X-37.018 Y-16.976 E2.81906
;WIDTH:0.485944
G1 X-36.789 Y-17.042 E2.83159
;WIDTH:0.45
G1 X-36.301 Y-17.305 E2.85825
G1 X-36.01 Y-17.566 E2.87705
G1 X-35.716 Y-17.979 E2.90143
G1 X-35.623 Y-18.226 E2.91412
G1 X-35.509 Y-18.84 E2.94416
G1 X-35.509 Y-29.015 E3.43354
G1 X-35.564 Y-29.464 E3.4553
G1 X-35.747 Y-29.933 E3.47951
G1 X-36.067 Y-30.362 E3.50525
G1 X-36.46 Y-30.665 E3.52912
;WIDTH:0.487297
G1 X-36.687 Y-30.779 E3.54252
;WIDTH:0.524594
G1 X-36.915 Y-30.894 E3.55718
G1 X-37.373 Y-30.954 E3.58369
;WIDTH:0.513208
G1 X-45.593 Y-30.954 E4.04385
;WIDTH:0.541295
G1 X-46.087 Y-30.904 E4.07338
;WIDTH:0.585735
G1 X-46.657 Y-30.68 E4.1132
;WIDTH:0.59725
G1 X-46.996 Y-30.407 E4.14213
G1 X-47.238 Y-30.097 E4.16827
;WIDTH:0.590064
G1 X-47.421 Y-29.713 E4.19616
;WIDTH:0.556619
G1 X-47.525 Y-29.154 E4.23107
;WIDTH:0.515913
G1 X-47.53 Y-26.669 E4.37102
;WIDTH:0.512613
G1 X-47.53 Y-26.445 E4.38354
G1 X-47.978 Y-26.445 E4.40859
G1 X-47.978 Y-26.669 E4.42111
;WIDTH:0.515913
G1 X-47.976 Y-29.155 E4.56112
;WIDTH:0.524023
G1 X-47.97 Y-29.379 E4.57397
;WIDTH:0.561928
G1 X-47.887 Y-29.899 E4.60665
;WIDTH:0.590064
G1 X-47.681 Y-30.381 E4.64102
;WIDTH:0.59725
G1 X-47.347 Y-30.808 E4.67705
G1 X-46.948 Y-31.113 E4.71043
;WIDTH:0.585676
G1 X-46.656 Y-31.246 E4.73129
;WIDTH:0.579251
G1 X-46.139 Y-31.378 E4.76556
;WIDTH:0.541321
G1 X-45.593 Y-31.401 E4.79807
;WIDTH:0.513208
G1 X-37.373 Y-31.403 E5.25823
;WIDTH:0.542217
G1 X-36.932 Y-31.389 E5.28453
G1 X-36.794 Y-31.416 E5.29291
;WIDTH:0.505588
G1 X-36.657 Y-31.443 E5.30059
;WIDTH:0.468959
G1 X-36.153 Y-31.525 E5.32636
;WIDTH:0.45
G1 X-35.593 Y-31.691 E5.35445
G1 X-35.021 Y-31.965 E5.38495
G1 X-34.414 Y-32.393 E5.42067
G1 X-34.076 Y-32.731 E5.44366
G1 X-33.743 Y-33.126 E5.46851
G1 X-33.357 Y-33.806 E5.50612
G1 X-33.107 Y-34.573 E5.54492
G1 X-33.009 Y-35.426 E5.58622
G1 X-33.009 Y-40.431 E5.82694
G1 X-19.502 Y-40.431 E6.47658
G1 X-19.502 Y-33.593 E6.80546
G1 X-19.502 Y-7.424 E8.0641
G1 X-33.009 Y-7.424 E8.71374
G1 X-33.012 Y-12.5 E8.95788
G1 X-33.077 Y-13.13 E8.98834
G1 X-33.354 Y-14.042 E9.03418
G1 X-33.739 Y-14.724 E9.07185
G1 X-34.116 Y-15.183 E9.10042
G1 X-34.388 Y-15.425 E9.11793
G1 X-35.034 Y-15.9 E9.1565
G1 X-35.727 Y-16.212 E9.19305
G1 X-36.296 Y-16.358 E9.2213
;WIDTH:0.458463
G1 X-36.856 Y-16.424 E9.24902
;WIDTH:0.485555
G1 X-37.137 Y-16.438 E9.2638
;WIDTH:0.512648
G1 X-37.419 Y-16.452 E9.27959
G1 X-45.592 Y-16.454 E9.73655
;WIDTH:0.513951
G1 X-45.712 Y-16.456 E9.74328
;WIDTH:0.551747
G1 X-46.314 Y-16.52 E9.78008
;WIDTH:0.584486
G1 X-46.885 Y-16.715 E9.81922
;WIDTH:0.588378
G1 X-47.198 Y-16.929 E9.844
;WIDTH:0.594174
G1 X-47.508 Y-17.22 E9.8721
G1 X-47.784 Y-17.667 E9.90681
;WIDTH:0.580899
G1 X-47.907 Y-18.076 E9.93432
;WIDTH:0.552175
G1 X-47.976 Y-18.7 E9.97252
;WIDTH:0.515914
G1 X-47.978 Y-21.186 E10.11253
;WIDTH:0.512613
G1 X-47.978 Y-21.41 E10.12505
G1 X-47.59 Y-21.41 E10.14674
G1 X-47.59 Y-21.41 F7800
G1 X-47.114 Y-21.827
;WIDTH:0.45
G1 F3600
G1 X-47.106 Y-18.702 E10.29704
G1 X-47.011 Y-18.296 E10.31709
G1 X-46.821 Y-17.948 E10.33616
G1 X-46.488 Y-17.608 E10.35905
G1 X-46.009 Y-17.384 E10.38448
G1 X-45.592 Y-17.317 E10.40479
G1 X-37.419 Y-17.317 E10.79788
G1 X-36.99 Y-17.391 E10.81882
G1 X-36.749 Y-17.478 E10.83114
G1 X-36.363 Y-17.744 E10.85369
G1 X-36.099 Y-18.093 E10.87474
G1 X-36 Y-18.31 E10.88621
G1 X-35.895 Y-18.84 E10.9122
G1 X-35.895 Y-28.687 E11.38581
G1 X-35.934 Y-29.343 E11.41742
G1 X-36.076 Y-29.727 E11.43711
G1 X-36.262 Y-29.997 E11.45288
G1 X-36.577 Y-30.281 E11.47328
G1 X-36.911 Y-30.448 E11.49124
G1 X-37.373 Y-30.537 E11.51387
G1 X-45.593 Y-30.538 E11.90922
G1 X-45.95 Y-30.491 E11.92654
G1 X-46.364 Y-30.323 E11.94803
G1 X-46.746 Y-30.009 E11.97181
G1 X-46.987 Y-29.626 E11.99357
G1 X-47.106 Y-29.153 E12.01703
G1 X-47.114 Y-26.028 E12.16733
G1 X-48.395 Y-26.028 E12.22894
G1 X-48.395 Y-29.391 E12.39069
G1 X-48.319 Y-30.007 E12.42054
G1 X-48.104 Y-30.565 E12.4493
G1 X-47.837 Y-30.95 E12.47183
G1 X-47.428 Y-31.345 E12.49918
G1 X-46.954 Y-31.612 E12.52535
G1 X-46.498 Y-31.743 E12.54817
G1 X-45.99 Y-31.817 E12.57286
G1 X-36.785 Y-31.825 E13.01559
G1 X-36.256 Y-31.897 E13.04127
G1 X-35.749 Y-32.044 E13.06666
G1 X-35.168 Y-32.333 E13.09787
G1 X-34.54 Y-32.792 E13.13528
G1 X-34.074 Y-33.324 E13.1693
G1 X-33.72 Y-33.936 E13.2033
G1 X-33.49 Y-34.62 E13.23801
G1 X-33.395 Y-35.426 E13.27704
G1 X-33.395 Y-40.817 E13.53633
G1 X-19.116 Y-40.817 E14.2231
G1 X-19.116 Y-33.593 E14.57055
G1 X-19.116 Y-7.038 E15.84775
G1 X-33.395 Y-7.038 E16.53452
G1 X-33.395 Y-12.429 E16.79381
G1 X-33.448 Y-13.027 E16.82268
G1 X-33.694 Y-13.861 E16.8645
G1 X-34.034 Y-14.475 E16.89826
G1 X-34.414 Y-14.939 E16.92711
G1 X-34.625 Y-15.121 E16.94051
G1 X-35.199 Y-15.551 E16.975
G1 X-35.83 Y-15.84 E17.00838
G1 X-36.343 Y-15.976 E17.03391
G1 X-36.856 Y-16.035 E17.05875
G1 X-45.969 Y-16.038 E17.49705
G1 X-46.499 Y-16.104 E17.52274
G1 X-47.048 Y-16.293 E17.55067
G1 X-47.305 Y-16.448 E17.5651
G1 X-47.744 Y-16.8 E17.59216
G1 X-48.077 Y-17.247 E17.61897
G1 X-48.317 Y-17.834 E17.64947
G1 X-48.395 Y-18.464 E17.68
G1 X-48.395 Y-21.827 E17.84175
G1 X-47.174 Y-21.827 E17.90048
G1 X-47.174 Y-21.827 F7800
G1 X-46.73 Y-22.212
;TYPE:External perimeter
G1 F1800
G1 X-46.72 Y-18.703 E18.06925
G1 X-46.641 Y-18.404 E18.08412
G1 X-46.493 Y-18.15 E18.09826
G1 X-46.287 Y-17.942 E18.11234
G1 X-45.853 Y-17.737 E18.13543
G1 X-45.592 Y-17.703 E18.14809
G1 X-37.419 Y-17.703 E18.54118
G1 X-37.065 Y-17.769 E18.5585
G1 X-36.713 Y-17.957 E18.57769
G1 X-36.394 Y-18.346 E18.60189
G1 X-36.28 Y-18.84 E18.62627
G1 X-36.28 Y-28.687 E19.09988
G1 X-36.316 Y-29.291 E19.12898
G1 X-36.43 Y-29.575 E19.1437
G1 X-36.566 Y-29.76 E19.15474
G1 X-36.815 Y-29.977 E19.17063
G1 X-37.067 Y-30.095 E19.18401
G1 X-37.373 Y-30.151 E19.19897
G1 X-45.593 Y-30.153 E19.59432
G1 X-45.82 Y-30.121 E19.60535
G1 X-46.132 Y-30.006 E19.62134
G1 X-46.436 Y-29.775 E19.6397
G1 X-46.609 Y-29.523 E19.6544
G1 X-46.72 Y-29.152 E19.67303
G1 X-46.73 Y-25.643 E19.8418
G1 X-48.78 Y-25.643 E19.9404
G1 X-48.78 Y-29.415 E20.12182
G1 X-48.696 Y-30.101 E20.15506
G1 X-48.489 Y-30.638 E20.18274
G1 X-48.277 Y-31.011 E20.20338
G1 X-47.899 Y-31.448 E20.23117
G1 X-47.396 Y-31.822 E20.26132
G1 X-46.944 Y-32.038 E20.28541
G1 X-46.37 Y-32.167 E20.31371
G1 X-46 Y-32.203 E20.33159
G1 X-36.932 Y-32.206 E20.76773
G1 X-36.39 Y-32.262 E20.79394
G1 X-35.906 Y-32.396 E20.81809
G1 X-35.39 Y-32.648 E20.84571
G1 X-34.826 Y-33.051 E20.87905
G1 X-34.404 Y-33.522 E20.90947
G1 X-34.083 Y-34.066 E20.93985
G1 X-33.873 Y-34.667 E20.97047
G1 X-33.78 Y-35.426 E21.00725
G1 X-33.78 Y-41.203 E21.2851
G1 X-18.73 Y-41.203 E22.00895
G1 X-18.73 Y-33.593 E22.37496
G1 X-18.73 Y-6.653 E23.67068
G1 X-33.78 Y-6.653 E24.39453
G1 X-33.78 Y-12.429 E24.67234
G1 X-33.82 Y-12.924 E24.69623
G1 X-34.034 Y-13.679 E24.73397
G1 X-34.334 Y-14.233 E24.76427
G1 X-34.712 Y-14.694 E24.79294
G1 X-35.364 Y-15.202 E24.83269
G1 X-35.902 Y-15.457 E24.86133
G1 X-36.325 Y-15.577 E24.88248
G1 X-36.856 Y-15.649 E24.90825
G1 X-45.992 Y-15.653 E25.34766
G1 X-46.679 Y-15.737 E25.38095
G1 X-47.313 Y-15.982 E25.41364
G1 X-47.872 Y-16.375 E25.44651
G1 X-48.197 Y-16.734 E25.4698
G1 X-48.531 Y-17.291 E25.50104
G1 X-48.695 Y-17.749 E25.52444
G1 X-48.78 Y-18.44 E25.55793
G1 X-48.78 Y-22.212 E25.73935
G1 X-46.79 Y-22.212 E25.83506
G1 X-46.729 Y-21.817 F7800
G1 E23.83506 F2400
G92 E0
G1 X-32.894 Y-8.307 F7800
G1 E2 F2400
;TYPE:Internal infill
;WIDTH:0.45
G1 F4800
G1 X-32.3 Y-7.713 E2.0404
G1 X-28.664 Y-7.713 E2.21528
G1 X-32.723 Y-11.772 E2.49137
G1 X-32.772 Y-13.095 E2.55505
G1 X-32.997 Y-13.927 E2.5965
G1 X-33.44 Y-14.806 E2.64384
G1 X-33.922 Y-15.402 E2.68071
G1 X-34.774 Y-16.086 E2.73326
G1 X-35.452 Y-16.417 E2.76955
G1 X-36.255 Y-16.645 E2.8097
G1 X-36.781 Y-16.706 E2.83517
G1 X-36.394 Y-16.905 E2.8561
G1 X-35.872 Y-17.28 E2.88701
G1 X-35.554 Y-17.695 E2.91216
G1 X-35.376 Y-18.061 E2.93173
G1 X-25.028 Y-7.713 E3.63559
G1 X-21.393 Y-7.713 E3.81042
G1 X-35.223 Y-21.544 E4.75115
G1 X-35.227 Y-25.183 E4.92617
G1 X-19.791 Y-9.747 E5.97611
G1 X-19.791 Y-13.383 E6.15099
G1 X-35.23 Y-28.822 E7.20113
G1 X-35.281 Y-29.526 E7.23508
G1 X-35.532 Y-30.143 E7.26712
G1 X-35.863 Y-30.568 E7.29303
G1 X-36.169 Y-30.818 E7.31203
G1 X-36.693 Y-31.122 E7.34117
G1 X-35.644 Y-31.366 E7.39297
G1 X-35.065 Y-31.609 E7.42317
G1 X-34.647 Y-31.875 E7.447
G1 X-19.791 Y-17.018 E8.45752
G1 X-19.791 Y-20.654 E8.6324
G1 X-33.026 Y-33.889 E9.53263
G1 X-32.847 Y-34.39 E9.55822
G1 X-32.72 Y-35.42 E9.60813
G1 X-32.72 Y-37.219 E9.69466
G1 X-19.791 Y-24.289 E10.57411
G1 X-19.791 Y-27.925 E10.74899
G1 X-32.008 Y-40.142 E11.57998
G1 X-28.372 Y-40.142 E11.75486
G1 X-19.791 Y-31.561 E12.33853
G1 X-19.791 Y-35.196 E12.51336
G1 X-24.736 Y-40.142 E12.84975
G1 X-21.101 Y-40.142 E13.02458
G1 X-19.617 Y-38.659 E13.12549
;LAYER_CHANGE
;Z:13.25
;HEIGHT:0.3
G1 Z13.25 F7800
G1 E11.12549 F2400
G92 E0
G1 X-19.617 Y-38.659 F7800
G1 X-47.53 Y-21.475
G1 E2 F2400
;TYPE:Perimeter
;WIDTH:0.512585
G1 F3600
G1 X-47.53 Y-21.252 E2.01247
;WIDTH:0.515913
G1 X-47.525 Y-18.701 E2.15614
;WIDTH:0.524047
G1 X-47.515 Y-18.541 E2.16533
;WIDTH:0.565488
G1 X-47.402 Y-18.075 E2.1953
;WIDTH:0.58967
G1 X-47.168 Y-17.646 E2.22732
G1 X-46.778 Y-17.258 E2.26336
;WIDTH:0.588146
G1 X-46.341 Y-17.041 E2.29523
;WIDTH:0.576049
G1 X-46.12 Y-16.98 E2.30986
;WIDTH:0.550422
G1 X-45.9 Y-16.92 E2.32368
;WIDTH:0.524795
G1 X-45.592 Y-16.901 E2.3414
;WIDTH:0.512648
G1 X-37.419 Y-16.9 E2.79836
;WIDTH:0.521888
G1 X-37.246 Y-16.91 E2.80825
G1 X-37.018 Y-16.976 E2.82179
;WIDTH:0.485944
G1 X-36.789 Y-17.042 E2.83432
;WIDTH:0.45
G1 X-36.301 Y-17.305 E2.86098
G1 X-36.01 Y-17.566 E2.87978
G1 X-35.716 Y-17.979 E2.90416
G1 X-35.623 Y-18.226 E2.91685
G1 X-35.509 Y-18.84 E2.94689
G1 X-35.509 Y-29.015 E3.43627
G1 X-35.559 Y-29.449 E3.45728
G1 X-35.744 Y-29.928 E3.48198
G1 X-36.067 Y-30.362 E3.508
G1 X-36.46 Y-30.665 E3.53187
;WIDTH:0.487289
G1 X-36.687 Y-30.779 E3.54527
;WIDTH:0.524579
G1 X-36.915 Y-30.894 E3.55993
G1 X-37.373 Y-30.954 E3.58644
;WIDTH:0.513208
G1 X-45.591 Y-30.954 E4.04649
;WIDTH:0.544205
G1 X-46.084 Y-30.901 E4.07616
;WIDTH:0.579506
G1 X-46.478 Y-30.767 E4.1029
;WIDTH:0.593967
G1 X-46.869 Y-30.524 E4.13331
G1 X-47.228 Y-30.116 E4.16921
;WIDTH:0.589583
G1 X-47.421 Y-29.713 E4.19848
;WIDTH:0.556605
G1 X-47.525 Y-29.154 E4.23339
;WIDTH:0.515913
G1 X-47.53 Y-26.603 E4.37706
;WIDTH:0.512585
G1 X-47.53 Y-26.38 E4.38953
G1 X-47.978 Y-26.38 E4.41457
G1 X-47.978 Y-26.604 E4.42709
;WIDTH:0.515913
G1 X-47.976 Y-29.155 E4.57076
;WIDTH:0.524023
G1 X-47.97 Y-29.379 E4.58361
;WIDTH:0.565482
G1 X-47.885 Y-29.899 E4.61654
;WIDTH:0.589583
G1 X-47.685 Y-30.375 E4.65036
;WIDTH:0.597392
G1 X-47.365 Y-30.786 E4.68499
G1 X-46.986 Y-31.087 E4.71717
;WIDTH:0.58682
G1 X-46.656 Y-31.246 E4.74104
;WIDTH:0.579506
G1 X-46.136 Y-31.377 E4.77549
;WIDTH:0.544205
G1 X-45.592 Y-31.401 E4.80808
;WIDTH:0.513208
G1 X-37.373 Y-31.403 E5.26818
;WIDTH:0.542212
G1 X-36.932 Y-31.389 E5.29448
G1 X-36.794 Y-31.416 E5.30286
;WIDTH:0.505583
G1 X-36.657 Y-31.443 E5.31054
;WIDTH:0.468955
G1 X-36.153 Y-31.525 E5.33631
;WIDTH:0.45
G1 X-35.593 Y-31.691 E5.3644
G1 X-35.021 Y-31.965 E5.3949
G1 X-34.414 Y-32.393 E5.43062
G1 X-34.075 Y-32.731 E5.45364
G1 X-33.743 Y-33.126 E5.47846
G1 X-33.357 Y-33.806 E5.51607
G1 X-33.107 Y-34.573 E5.55487
G1 X-33.009 Y-35.426 E5.59617
G1 X-33.009 Y-40.431 E5.83689
G1 X-19.502 Y-40.431 E6.48653
G1 X-19.502 Y-33.593 E6.81541
G1 X-19.502 Y-7.424 E8.07405
G1 X-33.009 Y-7.424 E8.72369
G1 X-33.012 Y-12.5 E8.96783
G1 X-33.077 Y-13.13 E8.99829
G1 X-33.354 Y-14.042 E9.04413
G1 X-33.739 Y-14.724 E9.0818
G1 X-34.116 Y-15.183 E9.11037
G1 X-34.388 Y-15.425 E9.12788
G1 X-35.034 Y-15.9 E9.16645
G1 X-35.727 Y-16.212 E9.203
G1 X-36.296 Y-16.358 E9.23125
;WIDTH:0.458463
G1 X-36.856 Y-16.424 E9.25897
;WIDTH:0.485555
G1 X-37.137 Y-16.438 E9.27375
;WIDTH:0.512648
G1 X-37.419 Y-16.452 E9.28954
G1 X-45.592 Y-16.454 E9.7465
;WIDTH:0.51395
G1 X-45.712 Y-16.456 E9.75323
;WIDTH:0.551741
G1 X-46.314 Y-16.52 E9.79003
;WIDTH:0.586085
G1 X-46.718 Y-16.633 E9.81733
;WIDTH:0.588146
G1 X-47.094 Y-16.84 E9.84537
;WIDTH:0.594182
G1 X-47.496 Y-17.204 E9.88121
G1 X-47.766 Y-17.633 E9.91471
;WIDTH:0.581122
G1 X-47.9 Y-18.041 E9.94239
;WIDTH:0.556585
G1 X-47.976 Y-18.7 E9.98311
;WIDTH:0.515913
G1 X-47.978 Y-21.251 E10.12678
;WIDTH:0.512585
G1 X-47.978 Y-21.475 E10.1393
G1 X-47.59 Y-21.475 E10.16099
G1 X-47.59 Y-21.475 F7800
G1 X-47.114 Y-21.892
;WIDTH:0.45
G1 F3600
G1 X-47.106 Y-18.702 E10.31442
G1 X-47.001 Y-18.27 E10.3358
G1 X-46.827 Y-17.956 E10.35307
G1 X-46.485 Y-17.606 E10.37661
G1 X-46.009 Y-17.384 E10.40187
G1 X-45.592 Y-17.317 E10.42218
G1 X-37.419 Y-17.317 E10.81527
G1 X-36.99 Y-17.391 E10.83621
G1 X-36.748 Y-17.479 E10.8486
G1 X-36.363 Y-17.744 E10.87108
G1 X-36.099 Y-18.093 E10.89213
G1 X-36 Y-18.31 E10.9036
G1 X-35.895 Y-18.84 E10.92959
G1 X-35.895 Y-28.687 E11.4032
G1 X-35.927 Y-29.314 E11.4334
G1 X-36.073 Y-29.721 E11.4542
G1 X-36.262 Y-29.997 E11.47029
G1 X-36.577 Y-30.281 E11.49069
G1 X-36.911 Y-30.448 E11.50865
G1 X-37.373 Y-30.537 E11.53128
G1 X-45.592 Y-30.538 E11.92659
G1 X-46.009 Y-30.474 E11.94688
G1 X-46.427 Y-30.284 E11.96896
G1 X-46.722 Y-30.033 E11.98759
G1 X-46.988 Y-29.622 E12.01114
G1 X-47.106 Y-29.153 E12.0344
G1 X-47.114 Y-25.963 E12.18783
G1 X-48.395 Y-25.963 E12.24944
G1 X-48.39 Y-29.431 E12.41624
G1 X-48.296 Y-30.086 E12.44807
G1 X-48.06 Y-30.642 E12.47712
G1 X-47.727 Y-31.069 E12.50316
G1 X-47.383 Y-31.374 E12.52527
G1 X-46.887 Y-31.642 E12.55239
G1 X-46.544 Y-31.732 E12.56945
G1 X-45.99 Y-31.817 E12.59641
G1 X-36.785 Y-31.825 E13.03914
G1 X-36.256 Y-31.897 E13.06482
G1 X-35.585 Y-32.117 E13.09878
G1 X-35.127 Y-32.362 E13.12376
G1 X-34.54 Y-32.792 E13.15876
G1 X-34.074 Y-33.324 E13.19278
G1 X-33.72 Y-33.936 E13.22678
G1 X-33.49 Y-34.62 E13.26149
G1 X-33.395 Y-35.426 E13.30052
G1 X-33.395 Y-40.817 E13.55981
G1 X-19.116 Y-40.817 E14.24658
G1 X-19.116 Y-33.593 E14.59403
G1 X-19.116 Y-7.038 E15.87123
G1 X-33.395 Y-7.038 E16.558
G1 X-33.395 Y-12.429 E16.81729
G1 X-33.448 Y-13.027 E16.84616
G1 X-33.694 Y-13.861 E16.88798
G1 X-34.034 Y-14.475 E16.92174
G1 X-34.414 Y-14.939 E16.95059
G1 X-34.625 Y-15.121 E16.96399
G1 X-35.199 Y-15.551 E16.99848
G1 X-35.83 Y-15.84 E17.03186
G1 X-36.343 Y-15.976 E17.05739
G1 X-36.856 Y-16.035 E17.08223
G1 X-45.712 Y-16.038 E17.50817
G1 X-46.367 Y-16.087 E17.53976
G1 X-46.861 Y-16.202 E17.56415
G1 X-47.327 Y-16.446 E17.58945
G1 X-47.744 Y-16.8 E17.61576
G1 X-48.077 Y-17.247 E17.64257
G1 X-48.317 Y-17.834 E17.67307
G1 X-48.395 Y-18.464 E17.7036
G1 X-48.395 Y-21.892 E17.86847
G1 X-47.174 Y-21.892 E17.9272
G1 X-47.174 Y-21.892 F7800
G1 X-46.73 Y-22.278
;TYPE:External perimeter
G1 F1800
G1 X-46.72 Y-18.703 E18.09915
G1 X-46.632 Y-18.382 E18.11516
G1 X-46.501 Y-18.162 E18.12748
G1 X-46.287 Y-17.942 E18.14224
G1 X-45.853 Y-17.737 E18.16533
G1 X-45.592 Y-17.703 E18.17799
G1 X-37.419 Y-17.703 E18.57108
G1 X-37.065 Y-17.769 E18.5884
G1 X-36.714 Y-17.957 E18.60755
G1 X-36.394 Y-18.346 E18.63178
G1 X-36.28 Y-18.84 E18.65616
G1 X-36.28 Y-28.687 E19.12977
G1 X-36.31 Y-29.267 E19.1577
G1 X-36.378 Y-29.448 E19.167
G1 X-36.566 Y-29.76 E19.18452
G1 X-36.815 Y-29.977 E19.20041
G1 X-37.067 Y-30.095 E19.21379
G1 X-37.373 Y-30.151 E19.22875
G1 X-45.592 Y-30.153 E19.62406
G1 X-45.794 Y-30.12 E19.6339
G1 X-46.084 Y-30.03 E19.6485
G1 X-46.388 Y-29.817 E19.66635
G1 X-46.61 Y-29.52 E19.68418
G1 X-46.72 Y-29.152 E19.70265
G1 X-46.73 Y-25.577 E19.8746
G1 X-48.78 Y-25.577 E19.9732
G1 X-48.78 Y-29.155 E20.14529
G1 X-48.753 Y-29.639 E20.1686
G1 X-48.662 Y-30.207 E20.19627
G1 X-48.436 Y-30.753 E20.22469
G1 X-48.205 Y-31.083 E20.24406
G1 X-47.881 Y-31.464 E20.26811
G1 X-47.436 Y-31.797 E20.29484
G1 X-46.944 Y-32.038 E20.32119
G1 X-46.416 Y-32.156 E20.34721
G1 X-46 Y-32.203 E20.36735
G1 X-36.932 Y-32.206 E20.80349
G1 X-36.39 Y-32.262 E20.8297
G1 X-35.906 Y-32.396 E20.85385
G1 X-35.349 Y-32.677 E20.88386
G1 X-34.826 Y-33.051 E20.91478
G1 X-34.404 Y-33.522 E20.9452
G1 X-34.083 Y-34.066 E20.97558
G1 X-33.873 Y-34.667 E21.0062
G1 X-33.78 Y-35.426 E21.04298
G1 X-33.78 Y-41.203 E21.32083
G1 X-18.73 Y-41.203 E22.04468
G1 X-18.73 Y-33.593 E22.41069
G1 X-18.73 Y-6.653 E23.70641
G1 X-33.78 Y-6.653 E24.43026
G1 X-33.78 Y-12.429 E24.70807
G1 X-33.82 Y-12.924 E24.73196
G1 X-34.034 Y-13.679 E24.7697
G1 X-34.334 Y-14.233 E24.8
G1 X-34.712 Y-14.694 E24.82867
G1 X-35.364 Y-15.202 E24.86842
G1 X-35.902 Y-15.457 E24.89706
G1 X-36.325 Y-15.577 E24.91821
G1 X-36.856 Y-15.649 E24.94398
G1 X-45.993 Y-15.653 E25.38344
G1 X-46.577 Y-15.725 E25.41174
G1 X-46.982 Y-15.836 E25.43194
G1 X-47.403 Y-16.039 E25.45442
G1 X-47.798 Y-16.319 E25.47771
G1 X-48.197 Y-16.734 E25.5054
G1 X-48.513 Y-17.256 E25.53475
G1 X-48.695 Y-17.749 E25.56003
G1 X-48.78 Y-18.44 E25.59352
G1 X-48.78 Y-22.278 E25.77811
G1 X-46.79 Y-22.278 E25.87382
G1 X-46.729 Y-21.882 F7800
G1 E23.87382 F2400
G92 E0
G1 X-32.894 Y-8.307 F7800
G1 E2 F2400
;TYPE:Internal infill
;WIDTH:0.45
G1 F4800
G1 X-32.3 Y-7.713 E2.0404
G1 X-28.664 Y-7.713 E2.21528
G1 X-32.723 Y-11.772 E2.49137
G1 X-32.772 Y-13.095 E2.55505
G1 X-32.997 Y-13.927 E2.5965
G1 X-33.44 Y-14.806 E2.64384
G1 X-33.922 Y-15.402 E2.68071
G1 X-34.774 Y-16.086 E2.73326
G1 X-35.452 Y-16.417 E2.76955
G1 X-36.255 Y-16.645 E2.8097
G1 X-36.781 Y-16.706 E2.83517
G1 X-36.393 Y-16.905 E2.85614
G1 X-35.872 Y-17.281 E2.88704
G1 X-35.554 Y-17.695 E2.91215
G1 X-35.376 Y-18.061 E2.93172
G1 X-25.028 Y-7.713 E3.63558
G1 X-21.393 Y-7.713 E3.81041
G1 X-35.22 Y-21.541 E4.75094
G1 X-35.22 Y-25.176 E4.92577
G1 X-19.791 Y-9.747 E5.97523
G1 X-19.791 Y-13.383 E6.15011
G1 X-35.22 Y-28.812 E7.19957
G1 X-35.258 Y-29.402 E7.22801
G1 X-35.341 Y-29.717 E7.24368
G1 X-35.617 Y-30.267 E7.27328
G1 X-35.862 Y-30.568 E7.29195
G1 X-36.688 Y-31.124 E7.33984
G1 X-35.644 Y-31.366 E7.39138
G1 X-35.065 Y-31.609 E7.42158
G1 X-34.648 Y-31.875 E7.44537
G1 X-19.791 Y-17.018 E8.45593
G1 X-19.791 Y-20.654 E8.63081
G1 X-33.026 Y-33.889 E9.53104
G1 X-32.847 Y-34.39 E9.55663
G1 X-32.72 Y-35.42 E9.60654
G1 X-32.72 Y-37.219 E9.69307
G1 X-19.791 Y-24.289 E10.57252
G1 X-19.791 Y-27.925 E10.7474
G1 X-32.008 Y-40.142 E11.57839
G1 X-28.372 Y-40.142 E11.75327
G1 X-19.791 Y-31.561 E12.33694
G1 X-19.791 Y-35.196 E12.51177
G1 X-24.736 Y-40.142 E12.84816
G1 X-21.101 Y-40.142 E13.02299
G1 X-19.617 Y-38.659 E13.1239
;LAYER_CHANGE
;Z:13.55
;HEIGHT:0.3
G1 Z13.55 F7800
G1 E11.1239 F2400
G92 E0
G1 X-19.617 Y-38.659 F7800
G1 X-47.53 Y-21.612
G1 E2 F2400
;TYPE:Perimeter
;WIDTH:0.512527
G1 F3600
G1 X-47.53 Y-21.388 E2.01252
;WIDTH:0.515913
G1 X-47.525 Y-18.701 E2.16385
;WIDTH:0.524048
G1 X-47.515 Y-18.541 E2.17304
;WIDTH:0.549286
G1 X-47.433 Y-18.247 E2.1915
;WIDTH:0.574524
G1 X-47.351 Y-17.952 E2.21098
;WIDTH:0.583513
G1 X-47.135 Y-17.607 E2.23734
G1 X-46.789 Y-17.269 E2.26866
G1 X-46.34 Y-17.04 E2.3013
;WIDTH:0.576044
G1 X-46.12 Y-16.98 E2.31585
;WIDTH:0.550413
G1 X-45.9 Y-16.92 E2.32967
;WIDTH:0.524783
G1 X-45.592 Y-16.901 E2.34739
;WIDTH:0.512649
G1 X-37.419 Y-16.9 E2.80435
;WIDTH:0.521889
G1 X-37.246 Y-16.91 E2.81424
G1 X-37.018 Y-16.976 E2.82778
;WIDTH:0.485944
G1 X-36.789 Y-17.042 E2.84031
;WIDTH:0.45
G1 X-36.281 Y-17.318 E2.86812
G1 X-36.01 Y-17.566 E2.88579
G1 X-35.711 Y-17.989 E2.9107
G1 X-35.623 Y-18.226 E2.92286
G1 X-35.509 Y-18.84 E2.9529
G1 X-35.509 Y-29.015 E3.44228
G1 X-35.564 Y-29.454 E3.46356
G1 X-35.75 Y-29.94 E3.48859
G1 X-36.067 Y-30.362 E3.51398
G1 X-36.46 Y-30.665 E3.53785
;WIDTH:0.487294
G1 X-36.687 Y-30.779 E3.55125
;WIDTH:0.524589
G1 X-36.915 Y-30.894 E3.56591
G1 X-37.373 Y-30.954 E3.59242
;WIDTH:0.513208
G1 X-45.592 Y-30.954 E4.05252
;WIDTH:0.511034
;WIDTH:0.543698
G1 X-46.132 Y-30.891 E4.08502
;WIDTH:0.585763
G1 X-46.657 Y-30.68 E4.12181
;WIDTH:0.589204
G1 X-47.017 Y-30.38 E4.15248
;WIDTH:0.591145
G1 X-47.212 Y-30.143 E4.17264
G1 X-47.421 Y-29.713 E4.20405
;WIDTH:0.556606
G1 X-47.525 Y-29.154 E4.23896
;WIDTH:0.515913
G1 X-47.53 Y-26.467 E4.39029
;WIDTH:0.512527
G1 X-47.53 Y-26.243 E4.40281
G1 X-47.978 Y-26.243 E4.42785
G1 X-47.978 Y-26.467 E4.44037
;WIDTH:0.515913
G1 X-47.976 Y-29.155 E4.59175
;WIDTH:0.556606
G1 X-47.9 Y-29.814 E4.63248
;WIDTH:0.581122
G1 X-47.766 Y-30.223 E4.66022
;WIDTH:0.592471
G1 X-47.493 Y-30.649 E4.69355
;WIDTH:0.593082
G1 X-47.111 Y-31.005 E4.72798
G1 X-46.656 Y-31.246 E4.76193
;WIDTH:0.578199
G1 X-46.136 Y-31.376 E4.79628
;WIDTH:0.544219
G1 X-45.592 Y-31.401 E4.82887
;WIDTH:0.513208
G1 X-37.373 Y-31.403 E5.28897
;WIDTH:0.542215
G1 X-36.932 Y-31.389 E5.31527
G1 X-36.794 Y-31.416 E5.32365
;WIDTH:0.505586
G1 X-36.657 Y-31.443 E5.33133
;WIDTH:0.468957
G1 X-36.153 Y-31.525 E5.3571
;WIDTH:0.45
G1 X-35.593 Y-31.691 E5.38519
G1 X-35.021 Y-31.965 E5.41569
G1 X-34.414 Y-32.393 E5.45141
G1 X-34.076 Y-32.731 E5.4744
G1 X-33.743 Y-33.126 E5.49925
G1 X-33.357 Y-33.806 E5.53686
G1 X-33.107 Y-34.573 E5.57566
G1 X-33.009 Y-35.426 E5.61696
G1 X-33.009 Y-40.431 E5.85768
G1 X-19.502 Y-40.431 E6.50732
G1 X-19.502 Y-33.593 E6.8362
G1 X-19.502 Y-7.424 E8.09484
G1 X-33.009 Y-7.424 E8.74448
G1 X-33.012 Y-12.5 E8.98862
G1 X-33.077 Y-13.13 E9.01908
G1 X-33.354 Y-14.042 E9.06492
G1 X-33.739 Y-14.724 E9.10259
G1 X-34.116 Y-15.183 E9.13116
G1 X-34.388 Y-15.425 E9.14867
G1 X-35.024 Y-15.895 E9.18671
G1 X-35.636 Y-16.178 E9.21914
G1 X-36.296 Y-16.358 E9.25204
;WIDTH:0.458463
G1 X-36.856 Y-16.424 E9.27976
;WIDTH:0.485556
G1 X-37.137 Y-16.438 E9.29454
;WIDTH:0.512649
G1 X-37.419 Y-16.452 E9.31033
G1 X-45.592 Y-16.454 E9.76729
;WIDTH:0.513951
G1 X-45.712 Y-16.456 E9.77402
;WIDTH:0.551747
G1 X-46.314 Y-16.52 E9.81082
;WIDTH:0.58562
G1 X-46.794 Y-16.666 E9.84344
;WIDTH:0.586612
G1 X-47.207 Y-16.939 E9.87569
G1 X-47.545 Y-17.288 E9.90734
;WIDTH:0.583513
G1 X-47.766 Y-17.633 E9.93387
;WIDTH:0.581123
G1 X-47.9 Y-18.041 E9.96155
;WIDTH:0.556582
G1 X-47.976 Y-18.7 E10.00227
;WIDTH:0.515913
G1 X-47.978 Y-21.388 E10.15365
;WIDTH:0.512527
G1 X-47.978 Y-21.612 E10.16617
G1 X-47.59 Y-21.612 E10.18786
G1 X-47.59 Y-21.612 F7800
G1 X-47.114 Y-22.029
;WIDTH:0.45
G1 F3600
G1 X-47.106 Y-18.702 E10.34788
G1 X-47.001 Y-18.27 E10.36926
G1 X-46.844 Y-17.983 E10.38499
G1 X-46.51 Y-17.625 E10.40854
G1 X-46.009 Y-17.384 E10.43528
G1 X-45.592 Y-17.317 E10.45559
G1 X-37.419 Y-17.317 E10.84868
G1 X-36.99 Y-17.391 E10.86962
G1 X-36.749 Y-17.478 E10.88194
G1 X-36.34 Y-17.77 E10.90611
G1 X-36.099 Y-18.093 E10.92549
G1 X-36 Y-18.31 E10.93696
G1 X-35.895 Y-18.84 E10.96295
G1 X-35.895 Y-29.015 E11.45233
G1 X-35.941 Y-29.372 E11.46964
G1 X-36.079 Y-29.734 E11.48827
G1 X-36.262 Y-29.997 E11.50368
G1 X-36.577 Y-30.281 E11.52408
G1 X-36.911 Y-30.448 E11.54204
G1 X-37.373 Y-30.537 E11.56467
G1 X-45.592 Y-30.538 E11.95998
G1 X-46.009 Y-30.474 E11.98027
G1 X-46.377 Y-30.317 E11.99951
G1 X-46.721 Y-30.033 E12.02097
G1 X-46.988 Y-29.622 E12.04454
G1 X-47.106 Y-29.153 E12.0678
G1 X-47.114 Y-25.826 E12.22782
G1 X-48.395 Y-25.826 E12.28943
G1 X-48.395 Y-29.391 E12.46089
G1 X-48.326 Y-29.953 E12.48812
G1 X-48.169 Y-30.425 E12.51204
G1 X-47.859 Y-30.931 E12.54058
G1 X-47.416 Y-31.353 E12.57001
G1 X-46.983 Y-31.599 E12.59396
G1 X-46.544 Y-31.733 E12.61604
G1 X-45.99 Y-31.817 E12.64299
G1 X-36.785 Y-31.825 E13.08572
G1 X-36.256 Y-31.897 E13.1114
G1 X-35.749 Y-32.044 E13.13679
G1 X-35.216 Y-32.299 E13.16521
G1 X-34.54 Y-32.792 E13.20545
G1 X-34.074 Y-33.324 E13.23947
G1 X-33.72 Y-33.936 E13.27347
G1 X-33.49 Y-34.62 E13.30818
G1 X-33.395 Y-35.426 E13.34721
G1 X-33.395 Y-40.817 E13.6065
G1 X-19.116 Y-40.817 E14.29327
G1 X-19.116 Y-33.593 E14.64072
G1 X-19.116 Y-7.038 E15.91792
G1 X-33.395 Y-7.038 E16.60469
G1 X-33.395 Y-12.429 E16.86398
G1 X-33.448 Y-13.027 E16.89285
G1 X-33.694 Y-13.861 E16.93467
G1 X-34.034 Y-14.475 E16.96843
G1 X-34.414 Y-14.939 E16.99728
G1 X-34.625 Y-15.121 E17.01068
G1 X-35.193 Y-15.548 E17.04486
G1 X-35.745 Y-15.808 E17.07421
G1 X-36.343 Y-15.976 E17.10409
G1 X-36.856 Y-16.035 E17.12893
G1 X-45.969 Y-16.038 E17.56723
G1 X-46.599 Y-16.116 E17.59776
G1 X-47.056 Y-16.29 E17.62128
G1 X-47.486 Y-16.581 E17.64625
G1 X-47.784 Y-16.86 E17.66588
G1 X-48.092 Y-17.276 E17.69078
G1 X-48.317 Y-17.834 E17.71972
G1 X-48.395 Y-18.464 E17.75025
G1 X-48.395 Y-22.029 E17.92171
G1 X-47.174 Y-22.029 E17.98044
G1 X-47.174 Y-22.029 F7800
G1 X-46.73 Y-22.414
;TYPE:External perimeter
G1 F1800
G1 X-46.72 Y-18.703 E18.15893
G1 X-46.632 Y-18.382 E18.17494
G1 X-46.518 Y-18.189 E18.18572
G1 X-46.287 Y-17.942 E18.20199
G1 X-45.853 Y-17.737 E18.22508
G1 X-45.592 Y-17.703 E18.23774
G1 X-37.419 Y-17.703 E18.63083
G1 X-37.065 Y-17.769 E18.64815
G1 X-36.694 Y-17.97 E18.66844
G1 X-36.393 Y-18.348 E18.69168
G1 X-36.28 Y-18.84 E18.71596
G1 X-36.28 Y-28.687 E19.18957
G1 X-36.323 Y-29.316 E19.21989
G1 X-36.431 Y-29.578 E19.23352
G1 X-36.566 Y-29.76 E19.24442
G1 X-36.815 Y-29.977 E19.26031
G1 X-37.067 Y-30.095 E19.27369
G1 X-37.373 Y-30.151 E19.28865
G1 X-45.592 Y-30.153 E19.68396
G1 X-45.794 Y-30.12 E19.6938
G1 X-46.109 Y-30.02 E19.7097
G1 X-46.452 Y-29.757 E19.73049
G1 X-46.61 Y-29.52 E19.74419
G1 X-46.72 Y-29.152 E19.76266
G1 X-46.73 Y-25.441 E19.94115
G1 X-48.78 Y-25.441 E20.03975
G1 X-48.78 Y-29.415 E20.23089
G1 X-48.695 Y-30.106 E20.26438
G1 X-48.513 Y-30.599 E20.28966
G1 X-48.153 Y-31.184 E20.3227
G1 X-47.753 Y-31.564 E20.34924
G1 X-47.397 Y-31.821 E20.37036
G1 X-46.944 Y-32.038 E20.39452
G1 X-46.416 Y-32.157 E20.42055
G1 X-46 Y-32.203 E20.44068
G1 X-36.932 Y-32.206 E20.87682
G1 X-36.39 Y-32.262 E20.90303
G1 X-35.906 Y-32.396 E20.92718
G1 X-35.438 Y-32.614 E20.95201
G1 X-34.826 Y-33.051 E20.98818
G1 X-34.404 Y-33.522 E21.0186
G1 X-34.083 Y-34.066 E21.04898
G1 X-33.873 Y-34.667 E21.0796
G1 X-33.78 Y-35.426 E21.11638
G1 X-33.78 Y-41.203 E21.39423
G1 X-18.73 Y-41.203 E22.11808
G1 X-18.73 Y-33.593 E22.48409
G1 X-18.73 Y-6.653 E23.77981
G1 X-33.78 Y-6.653 E24.50366
G1 X-33.78 Y-12.429 E24.78147
G1 X-33.82 Y-12.924 E24.80536
G1 X-34.034 Y-13.679 E24.8431
G1 X-34.334 Y-14.233 E24.8734
G1 X-34.712 Y-14.694 E24.90207
G1 X-35.362 Y-15.202 E24.94175
G1 X-35.853 Y-15.438 E24.96795
G1 X-36.359 Y-15.587 E24.99332
G1 X-36.856 Y-15.649 E25.01741
G1 X-45.992 Y-15.653 E25.45682
G1 X-46.577 Y-15.725 E25.48517
G1 X-46.99 Y-15.839 E25.50578
G1 X-47.427 Y-16.046 E25.52904
G1 X-47.967 Y-16.466 E25.56194
G1 X-48.283 Y-16.872 E25.58668
G1 X-48.513 Y-17.256 E25.60821
G1 X-48.695 Y-17.749 E25.63349
G1 X-48.78 Y-18.44 E25.66698
G1 X-48.78 Y-22.414 E25.85812
G1 X-46.79 Y-22.414 E25.95383
G1 X-46.729 Y-22.019 F7800
G1 E23.95383 F2400
G92 E0
G1 X-32.894 Y-8.307 F7800
G1 E2 F2400
;TYPE:Internal infill
;WIDTH:0.45
G1 F4800
G1 X-32.3 Y-7.713 E2.0404
G1 X-28.664 Y-7.713 E2.21528
G1 X-32.723 Y-11.772 E2.49137
G1 X-32.772 Y-13.095 E2.55505
G1 X-32.997 Y-13.927 E2.5965
G1 X-33.44 Y-14.806 E2.64384
G1 X-33.922 Y-15.402 E2.68071
G1 X-34.77 Y-16.084 E2.73305
G1 X-35.483 Y-16.433 E2.77123
G1 X-36.067 Y-16.606 E2.80052
G1 X-36.761 Y-16.713 E2.83429
G1 X-36.108 Y-17.086 E2.87046
G1 X-35.825 Y-17.333 E2.88853
G1 X-35.554 Y-17.696 E2.91032
G1 X-35.375 Y-18.06 E2.92983
G1 X-25.028 Y-7.713 E3.63362
G1 X-21.393 Y-7.713 E3.80845
G1 X-35.224 Y-21.544 E4.74922
G1 X-35.228 Y-25.184 E4.92429
G1 X-19.791 Y-9.747 E5.9743
G1 X-19.791 Y-13.383 E6.14918
G1 X-35.232 Y-28.824 E7.19946
G1 X-35.286 Y-29.541 E7.23404
G1 X-35.532 Y-30.144 E7.26536
G1 X-35.863 Y-30.568 E7.29123
G1 X-36.169 Y-30.818 E7.31023
G1 X-36.693 Y-31.122 E7.33937
G1 X-35.644 Y-31.366 E7.39117
G1 X-35.065 Y-31.609 E7.42137
G1 X-34.647 Y-31.875 E7.4452
G1 X-19.791 Y-17.018 E8.45572
G1 X-19.791 Y-20.654 E8.6306
G1 X-33.026 Y-33.889 E9.53083
G1 X-32.847 Y-34.39 E9.55642
G1 X-32.72 Y-35.42 E9.60633
G1 X-32.72 Y-37.219 E9.69286
G1 X-19.791 Y-24.289 E10.57231
G1 X-19.791 Y-27.925 E10.74719
G1 X-32.008 Y-40.142 E11.57818
G1 X-28.372 Y-40.142 E11.75306
G1 X-19.791 Y-31.561 E12.33673
G1 X-19.791 Y-35.196 E12.51156
G1 X-24.736 Y-40.142 E12.84795
G1 X-21.101 Y-40.142 E13.02278
G1 X-19.617 Y-38.659 E13.12369
;LAYER_CHANGE
;Z:13.85
;HEIGHT:0.3
G1 Z13.85 F7800
G1 E11.12369 F2400
G92 E0
G1 X-19.617 Y-38.659 F7800
G1 X-47.531 Y-21.847
G1 E2 F2400
;TYPE:Perimeter
;WIDTH:0.511621
G1 F3600
G1 X-47.531 Y-21.624 E2.01244
;WIDTH:0.51316
G1 X-47.529 Y-18.748 E2.17342
;WIDTH:0.528246
G1 X-47.506 Y-18.505 E2.18754
;WIDTH:0.572238
G1 X-47.369 Y-17.995 E2.22099
;WIDTH:0.596146
G1 X-47.098 Y-17.558 E2.25509
G1 X-46.748 Y-17.24 E2.28645
;WIDTH:0.581384
G1 X-46.311 Y-17.03 E2.31771
;WIDTH:0.57141
G1 X-45.9 Y-16.92 E2.34462
;WIDTH:0.52479
G1 X-45.592 Y-16.901 E2.36234
;WIDTH:0.512648
G1 X-37.419 Y-16.9 E2.8193
;WIDTH:0.521888
G1 X-37.246 Y-16.91 E2.82919
G1 X-37.018 Y-16.976 E2.84273
;WIDTH:0.485944
G1 X-36.789 Y-17.042 E2.85526
;WIDTH:0.45
G1 X-36.281 Y-17.318 E2.88307
G1 X-36.01 Y-17.566 E2.90074
G1 X-35.71 Y-17.989 E2.92568
G1 X-35.598 Y-18.339 E2.94335
G1 X-35.509 Y-18.841 E2.96787
G1 X-35.509 Y-29.015 E3.4572
G1 X-35.559 Y-29.449 E3.47821
G1 X-35.744 Y-29.928 E3.50291
G1 X-36.067 Y-30.362 E3.52893
G1 X-36.46 Y-30.665 E3.5528
;WIDTH:0.487293
G1 X-36.687 Y-30.779 E3.5662
;WIDTH:0.524587
G1 X-36.915 Y-30.894 E3.58086
G1 X-37.373 Y-30.954 E3.60737
;WIDTH:0.513208
G1 X-45.592 Y-30.954 E4.06747
;WIDTH:0.511034
;WIDTH:0.543724
G1 X-46.132 Y-30.891 E4.09997
;WIDTH:0.585761
G1 X-46.657 Y-30.68 E4.13676
;WIDTH:0.589205
G1 X-47.017 Y-30.38 E4.16744
;WIDTH:0.591145
G1 X-47.212 Y-30.143 E4.1876
G1 X-47.421 Y-29.713 E4.21901
;WIDTH:0.556601
G1 X-47.525 Y-29.154 E4.25392
;WIDTH:0.515911
G1 X-47.53 Y-26.232 E4.41848
;WIDTH:0.512439
G1 X-47.53 Y-26.008 E4.431
G1 X-47.978 Y-26.008 E4.45604
G1 X-47.978 Y-26.232 E4.46856
;WIDTH:0.515911
G1 X-47.976 Y-29.155 E4.63318
;WIDTH:0.556601
G1 X-47.9 Y-29.814 E4.67391
;WIDTH:0.58112
G1 X-47.766 Y-30.223 E4.70165
;WIDTH:0.592471
G1 X-47.493 Y-30.649 E4.73498
;WIDTH:0.593082
G1 X-47.111 Y-31.005 E4.76941
G1 X-46.656 Y-31.246 E4.80336
;WIDTH:0.578198
G1 X-46.137 Y-31.376 E4.83765
;WIDTH:0.544283
G1 X-45.592 Y-31.401 E4.87031
;WIDTH:0.513208
G1 X-37.373 Y-31.403 E5.33041
;WIDTH:0.542214
G1 X-36.932 Y-31.389 E5.35671
G1 X-36.794 Y-31.416 E5.36509
;WIDTH:0.505587
G1 X-36.657 Y-31.443 E5.37277
;WIDTH:0.46896
G1 X-36.153 Y-31.525 E5.39854
;WIDTH:0.45
G1 X-35.593 Y-31.691 E5.42663
G1 X-35.021 Y-31.965 E5.45713
G1 X-34.414 Y-32.393 E5.49285
G1 X-34.075 Y-32.731 E5.51587
G1 X-33.743 Y-33.126 E5.54069
G1 X-33.357 Y-33.806 E5.5783
G1 X-33.107 Y-34.573 E5.6171
G1 X-33.009 Y-35.426 E5.6584
G1 X-33.009 Y-40.431 E5.89912
G1 X-19.502 Y-40.431 E6.54876
G1 X-19.502 Y-33.593 E6.87764
G1 X-19.502 Y-7.424 E8.13628
G1 X-33.009 Y-7.424 E8.78592
G1 X-33.012 Y-12.5 E9.03006
G1 X-33.069 Y-13.099 E9.059
G1 X-33.244 Y-13.768 E9.09226
G1 X-33.529 Y-14.392 E9.12525
G1 X-33.98 Y-15.033 E9.16295
G1 X-34.527 Y-15.56 E9.19948
G1 X-35.024 Y-15.895 E9.22831
G1 X-35.633 Y-16.177 E9.26059
G1 X-36.296 Y-16.358 E9.29364
;WIDTH:0.458463
G1 X-36.856 Y-16.424 E9.32136
;WIDTH:0.485555
G1 X-37.137 Y-16.438 E9.33614
;WIDTH:0.512648
G1 X-37.419 Y-16.452 E9.35193
G1 X-45.592 Y-16.454 E9.80889
;WIDTH:0.51395
G1 X-45.712 Y-16.456 E9.81562
;WIDTH:0.55187
G1 X-46.315 Y-16.521 E9.8525
;WIDTH:0.584535
G1 X-46.885 Y-16.715 E9.89156
;WIDTH:0.590931
G1 X-47.224 Y-16.949 E9.91861
;WIDTH:0.596146
G1 X-47.507 Y-17.221 E9.94464
G1 X-47.793 Y-17.687 E9.9809
;WIDTH:0.581612
G1 X-47.919 Y-18.147 E10.01167
;WIDTH:0.545251
G1 X-47.978 Y-18.748 E10.04789
;WIDTH:0.51316
G1 X-47.978 Y-21.624 E10.20887
;WIDTH:0.511621
G1 X-47.978 Y-21.847 E10.22131
G1 X-47.591 Y-21.847 E10.2429
G1 X-47.591 Y-21.847 F7800
G1 X-47.115 Y-22.264
;WIDTH:0.45
G1 F3600
G1 X-47.112 Y-18.748 E10.41201
G1 X-47.027 Y-18.34 E10.43205
G1 X-46.854 Y-17.993 E10.4507
G1 X-46.488 Y-17.609 E10.47621
G1 X-46.01 Y-17.385 E10.5016
G1 X-45.592 Y-17.317 E10.52197
G1 X-37.419 Y-17.317 E10.91506
G1 X-36.99 Y-17.391 E10.936
G1 X-36.748 Y-17.479 E10.94839
G1 X-36.339 Y-17.771 E10.97256
G1 X-36.099 Y-18.093 E10.99188
G1 X-36 Y-18.31 E11.00335
G1 X-35.895 Y-18.841 E11.02938
G1 X-35.895 Y-28.687 E11.50294
G1 X-35.927 Y-29.314 E11.53314
G1 X-36.073 Y-29.721 E11.55394
G1 X-36.262 Y-29.997 E11.57003
G1 X-36.577 Y-30.281 E11.59043
G1 X-36.911 Y-30.448 E11.60839
G1 X-37.373 Y-30.537 E11.63102
G1 X-45.592 Y-30.538 E12.02633
G1 X-46.01 Y-30.474 E12.04667
G1 X-46.377 Y-30.317 E12.06587
G1 X-46.721 Y-30.033 E12.08733
G1 X-46.988 Y-29.622 E12.1109
G1 X-47.106 Y-29.153 E12.13416
G1 X-47.115 Y-25.591 E12.30548
G1 X-48.395 Y-25.591 E12.36704
G1 X-48.395 Y-29.391 E12.54981
G1 X-48.326 Y-29.953 E12.57704
G1 X-48.169 Y-30.425 E12.60096
G1 X-47.859 Y-30.931 E12.6295
G1 X-47.416 Y-31.353 E12.65893
G1 X-46.983 Y-31.599 E12.68288
G1 X-46.544 Y-31.732 E12.70494
G1 X-45.99 Y-31.817 E12.7319
G1 X-36.785 Y-31.825 E13.17463
G1 X-36.256 Y-31.897 E13.20031
G1 X-35.585 Y-32.117 E13.23427
G1 X-35.127 Y-32.362 E13.25925
G1 X-34.54 Y-32.792 E13.29425
G1 X-34.074 Y-33.324 E13.32827
G1 X-33.72 Y-33.936 E13.36227
G1 X-33.49 Y-34.62 E13.39698
G1 X-33.395 Y-35.426 E13.43601
G1 X-33.395 Y-40.817 E13.6953
G1 X-19.116 Y-40.817 E14.38207
G1 X-19.116 Y-33.593 E14.72952
G1 X-19.116 Y-7.038 E16.00672
G1 X-33.395 Y-7.038 E16.69349
G1 X-33.395 Y-12.429 E16.95278
G1 X-33.444 Y-13.008 E16.98073
G1 X-33.599 Y-13.616 E17.01091
G1 X-33.85 Y-14.178 E17.04051
G1 X-34.252 Y-14.76 E17.07453
G1 X-34.749 Y-15.245 E17.10793
G1 X-35.193 Y-15.548 E17.13378
G1 X-35.742 Y-15.807 E17.16298
G1 X-36.343 Y-15.976 E17.19301
G1 X-36.856 Y-16.035 E17.21785
G1 X-45.969 Y-16.038 E17.65615
G1 X-46.499 Y-16.104 E17.68184
G1 X-47.048 Y-16.293 E17.70977
G1 X-47.487 Y-16.576 E17.73489
G1 X-47.814 Y-16.874 E17.75617
G1 X-48.114 Y-17.32 E17.78202
G1 X-48.317 Y-17.834 E17.8086
G1 X-48.395 Y-18.464 E17.83913
G1 X-48.395 Y-22.264 E18.0219
G1 X-47.175 Y-22.264 E18.08058
G1 X-47.175 Y-22.264 F7800
G1 X-46.73 Y-22.649
;TYPE:External perimeter
G1 F1800
G1 X-46.726 Y-18.749 E18.26816
G1 X-46.653 Y-18.433 E18.28376
G1 X-46.519 Y-18.183 E18.2974
G1 X-46.291 Y-17.945 E18.31325
G1 X-45.853 Y-17.737 E18.33657
G1 X-45.592 Y-17.703 E18.34923
G1 X-37.419 Y-17.703 E18.74232
G1 X-37.065 Y-17.769 E18.75964
G1 X-36.694 Y-17.97 E18.77993
G1 X-36.393 Y-18.348 E18.80317
G1 X-36.28 Y-18.841 E18.8275
G1 X-36.28 Y-28.687 E19.30106
G1 X-36.31 Y-29.267 E19.32899
G1 X-36.378 Y-29.448 E19.33829
G1 X-36.566 Y-29.76 E19.35581
G1 X-36.815 Y-29.977 E19.3717
G1 X-37.067 Y-30.095 E19.38508
G1 X-37.373 Y-30.151 E19.40004
G1 X-45.592 Y-30.153 E19.79535
G1 X-45.794 Y-30.12 E19.80519
G1 X-46.109 Y-30.02 E19.82109
G1 X-46.452 Y-29.757 E19.84188
G1 X-46.61 Y-29.52 E19.85558
G1 X-46.72 Y-29.152 E19.87405
G1 X-46.73 Y-25.206 E20.06384
G1 X-48.78 Y-25.206 E20.16244
G1 X-48.78 Y-29.415 E20.36488
G1 X-48.695 Y-30.106 E20.39837
G1 X-48.513 Y-30.599 E20.42365
G1 X-48.153 Y-31.184 E20.45669
G1 X-47.753 Y-31.564 E20.48323
G1 X-47.397 Y-31.821 E20.50435
G1 X-46.944 Y-32.038 E20.52851
G1 X-46.416 Y-32.156 E20.55453
G1 X-46 Y-32.203 E20.57467
G1 X-36.932 Y-32.206 E21.01081
G1 X-36.39 Y-32.262 E21.03702
G1 X-35.906 Y-32.396 E21.06117
G1 X-35.349 Y-32.677 E21.09118
G1 X-34.826 Y-33.051 E21.1221
G1 X-34.404 Y-33.522 E21.15252
G1 X-34.083 Y-34.066 E21.1829
G1 X-33.873 Y-34.667 E21.21352
G1 X-33.78 Y-35.426 E21.2503
G1 X-33.78 Y-41.203 E21.52815
G1 X-18.73 Y-41.203 E22.252
G1 X-18.73 Y-33.593 E22.61801
G1 X-18.73 Y-6.653 E23.91373
G1 X-33.78 Y-6.653 E24.63758
G1 X-33.78 Y-12.429 E24.91539
G1 X-33.818 Y-12.918 E24.93898
G1 X-33.953 Y-13.464 E24.96603
G1 X-34.171 Y-13.964 E24.99226
G1 X-34.525 Y-14.487 E25.02263
G1 X-34.952 Y-14.914 E25.05167
G1 X-35.362 Y-15.202 E25.07577
G1 X-35.85 Y-15.437 E25.10182
G1 X-36.359 Y-15.587 E25.12734
G1 X-36.856 Y-15.649 E25.15143
G1 X-45.993 Y-15.653 E25.59089
G1 X-46.679 Y-15.737 E25.62413
G1 X-47.313 Y-15.982 E25.65682
G1 X-47.782 Y-16.312 E25.6844
G1 X-48.15 Y-16.667 E25.70899
G1 X-48.458 Y-17.146 E25.73638
G1 X-48.695 Y-17.749 E25.76754
G1 X-48.78 Y-18.44 E25.80103
G1 X-48.78 Y-22.649 E26.00347
G1 X-46.79 Y-22.649 E26.09918
G1 X-46.73 Y-22.254 F7800
G1 E24.09918 F2400
G92 E0
G1 X-32.894 Y-8.307 F7800
G1 E2 F2400
;TYPE:Internal infill
;WIDTH:0.45
G1 F4800
G1 X-32.3 Y-7.713 E2.0404
G1 X-28.664 Y-7.713 E2.21528
G1 X-32.723 Y-11.772 E2.49137
G1 X-32.772 Y-13.093 E2.55495
G1 X-32.914 Y-13.689 E2.58442
G1 X-33.286 Y-14.549 E2.62949
G1 X-33.757 Y-15.219 E2.66888
G1 X-34.283 Y-15.738 E2.70442
G1 X-34.802 Y-16.103 E2.73494
G1 X-35.482 Y-16.432 E2.77127
G1 X-36.066 Y-16.606 E2.80058
G1 X-36.761 Y-16.713 E2.8344
G1 X-36.107 Y-17.086 E2.87061
G1 X-35.824 Y-17.335 E2.88874
G1 X-35.554 Y-17.695 E2.91038
G1 X-35.379 Y-18.063 E2.92998
G1 X-25.028 Y-7.713 E3.63401
G1 X-21.393 Y-7.713 E3.80884
G1 X-35.22 Y-21.54 E4.74934
G1 X-35.22 Y-25.176 E4.92422
G1 X-19.791 Y-9.747 E5.97368
G1 X-19.791 Y-13.383 E6.14856
G1 X-35.22 Y-28.812 E7.19802
G1 X-35.258 Y-29.402 E7.22646
G1 X-35.341 Y-29.717 E7.24213
G1 X-35.617 Y-30.267 E7.27173
G1 X-35.862 Y-30.568 E7.2904
G1 X-36.688 Y-31.124 E7.33829
G1 X-35.644 Y-31.366 E7.38983
G1 X-35.065 Y-31.609 E7.42003
G1 X-34.648 Y-31.875 E7.44382
G1 X-19.791 Y-17.018 E8.45438
G1 X-19.791 Y-20.654 E8.62926
G1 X-33.026 Y-33.889 E9.52949
G1 X-32.847 Y-34.39 E9.55508
G1 X-32.72 Y-35.42 E9.60499
G1 X-32.72 Y-37.219 E9.69152
G1 X-19.791 Y-24.289 E10.57097
G1 X-19.791 Y-27.925 E10.74585
G1 X-32.008 Y-40.142 E11.57684
G1 X-28.372 Y-40.142 E11.75172
G1 X-19.791 Y-31.561 E12.33539
G1 X-19.791 Y-35.196 E12.51022
G1 X-24.736 Y-40.142 E12.84661
G1 X-21.101 Y-40.142 E13.02144
G1 X-19.617 Y-38.659 E13.12235
;LAYER_CHANGE
;Z:14.15
;HEIGHT:0.299999
G1 Z14.15 F7800
G1 E11.12235 F2400
G92 E0
G1 X-19.617 Y-38.659 F7800
G1 X-46.061 Y-16.964
G1 E2 F2400
;TYPE:Perimeter
;WIDTH:0.550417
G1 F3600
G1 X-45.9 Y-16.92 E2.01012
;WIDTH:0.52479
G1 X-45.592 Y-16.901 E2.02784
;WIDTH:0.512648
G1 X-37.419 Y-16.9 E2.4848
;WIDTH:0.521888
G1 X-37.246 Y-16.91 E2.49469
G1 X-37.02 Y-16.975 E2.50811
;WIDTH:0.485944
G1 X-36.793 Y-17.039 E2.52051
;WIDTH:0.45
G1 X-36.277 Y-17.32 E2.54877
G1 X-36.01 Y-17.566 E2.56623
G1 X-35.79 Y-17.863 E2.58401
G1 X-35.623 Y-18.226 E2.60323
G1 X-35.509 Y-18.841 E2.63331
G1 X-35.509 Y-29.015 E3.12264
G1 X-35.563 Y-29.462 E3.1443
G1 X-35.746 Y-29.932 E3.16856
G1 X-36.067 Y-30.362 E3.19437
G1 X-36.46 Y-30.665 E3.21824
;WIDTH:0.487298
G1 X-36.687 Y-30.779 E3.23164
;WIDTH:0.524596
G1 X-36.915 Y-30.894 E3.2463
G1 X-37.373 Y-30.954 E3.27281
;WIDTH:0.513208
G1 X-45.592 Y-30.954 E3.73291
;WIDTH:0.522865
G1 X-45.788 Y-30.941 E3.74414
;WIDTH:0.556596
G1 X-46.344 Y-30.827 E3.77898
;WIDTH:0.593175
G1 X-46.826 Y-30.563 E3.81523
G1 X-47.141 Y-30.248 E3.84461
G1 X-47.416 Y-29.744 E3.88248
;WIDTH:0.560652
G1 X-47.529 Y-29.107 E3.92252
;WIDTH:0.513159
G1 X-47.531 Y-25.793 E4.10802
;WIDTH:0.511557
G1 X-47.531 Y-25.57 E4.12046
G1 X-47.978 Y-25.57 E4.14539
G1 X-47.978 Y-25.793 E4.15783
;WIDTH:0.513159
G1 X-47.978 Y-29.107 E4.34333
;WIDTH:0.525424
G1 X-47.971 Y-29.365 E4.35817
;WIDTH:0.560652
G1 X-47.892 Y-29.869 E4.38975
;WIDTH:0.587032
G1 X-47.696 Y-30.36 E4.42421
;WIDTH:0.600025
G1 X-47.38 Y-30.774 E4.45901
G1 X-46.987 Y-31.087 E4.49258
;WIDTH:0.58685
G1 X-46.641 Y-31.252 E4.51756
;WIDTH:0.574675
G1 X-46.139 Y-31.374 E4.55044
;WIDTH:0.548163
G1 X-45.592 Y-31.401 E4.58349
;WIDTH:0.513208
G1 X-37.373 Y-31.403 E5.04359
;WIDTH:0.542218
G1 X-36.932 Y-31.389 E5.06989
G1 X-36.794 Y-31.416 E5.07827
;WIDTH:0.505588
G1 X-36.657 Y-31.443 E5.08595
;WIDTH:0.468959
G1 X-36.153 Y-31.525 E5.11172
;WIDTH:0.45
G1 X-35.593 Y-31.691 E5.13981
G1 X-35.021 Y-31.965 E5.17031
G1 X-34.414 Y-32.393 E5.20603
G1 X-34.076 Y-32.731 E5.22902
G1 X-33.743 Y-33.126 E5.25387
G1 X-33.357 Y-33.806 E5.29148
G1 X-33.107 Y-34.573 E5.33028
G1 X-33.009 Y-35.426 E5.37158
G1 X-33.009 Y-40.431 E5.6123
G1 X-19.502 Y-40.431 E6.26194
G1 X-19.502 Y-33.593 E6.59082
G1 X-19.502 Y-7.424 E7.84946
G1 X-33.009 Y-7.424 E8.4991
G1 X-33.009 Y-12.429 E8.73982
G1 X-33.165 Y-13.511 E8.7924
G1 X-33.529 Y-14.392 E8.83825
G1 X-33.98 Y-15.033 E8.87595
G1 X-34.566 Y-15.586 E8.9147
G1 X-35.193 Y-15.983 E8.95039
G1 X-35.556 Y-16.133 E8.96928
G1 X-36.296 Y-16.358 E9.00648
;WIDTH:0.458488
G1 X-36.856 Y-16.424 E9.0342
;WIDTH:0.485568
G1 X-37.137 Y-16.438 E9.04898
;WIDTH:0.512648
G1 X-37.419 Y-16.452 E9.06477
G1 X-45.592 Y-16.454 E9.52173
;WIDTH:0.51395
G1 X-45.712 Y-16.456 E9.52846
;WIDTH:0.551871
G1 X-46.315 Y-16.521 E9.56534
;WIDTH:0.586206
G1 X-46.719 Y-16.633 E9.59263
;WIDTH:0.587894
G1 X-47.093 Y-16.839 E9.62051
;WIDTH:0.596143
G1 X-47.507 Y-17.221 E9.65787
G1 X-47.793 Y-17.687 E9.69413
;WIDTH:0.581612
G1 X-47.919 Y-18.147 E9.7249
;WIDTH:0.545252
G1 X-47.978 Y-18.748 E9.76112
;WIDTH:0.513159
G1 X-47.978 Y-22.062 E9.94662
;WIDTH:0.511557
G1 X-47.978 Y-22.285 E9.95906
G1 X-47.531 Y-22.285 E9.98399
G1 X-47.531 Y-22.062 E9.99643
;WIDTH:0.513159
G1 X-47.529 Y-18.748 E10.18193
;WIDTH:0.522403
G1 X-47.518 Y-18.576 E10.19178
;WIDTH:0.564647
G1 X-47.407 Y-18.084 E10.22325
;WIDTH:0.58851
G1 X-47.196 Y-17.683 E10.25287
G1 X-46.777 Y-17.257 E10.29193
;WIDTH:0.587894
G1 X-46.34 Y-17.04 E10.32379
;WIDTH:0.576044
G1 X-46.12 Y-16.98 E10.33834
G1 X-46.12 Y-16.98 F7800
G1 X-45.958 Y-17.376
;WIDTH:0.45
G1 F3600
G1 X-45.592 Y-17.317 E10.35617
G1 X-37.419 Y-17.317 E10.74926
G1 X-36.906 Y-17.407 E10.77431
G1 X-36.463 Y-17.659 E10.79882
G1 X-36.099 Y-18.093 E10.82606
G1 X-36 Y-18.31 E10.83753
G1 X-35.895 Y-18.841 E10.86356
G1 X-35.895 Y-28.687 E11.33712
G1 X-35.933 Y-29.338 E11.36848
G1 X-36.075 Y-29.726 E11.38835
G1 X-36.262 Y-29.997 E11.40419
G1 X-36.577 Y-30.281 E11.42459
G1 X-36.911 Y-30.448 E11.44255
G1 X-37.373 Y-30.537 E11.46518
G1 X-45.592 Y-30.538 E11.86049
G1 X-46.066 Y-30.455 E11.88363
G1 X-46.439 Y-30.277 E11.90351
G1 X-46.76 Y-29.986 E11.92435
G1 X-47.008 Y-29.577 E11.94736
G1 X-47.112 Y-29.107 E11.97051
G1 X-47.115 Y-25.153 E12.16068
G1 X-48.395 Y-25.153 E12.22224
G1 X-48.384 Y-29.475 E12.43011
G1 X-48.288 Y-30.086 E12.45986
G1 X-48.049 Y-30.652 E12.48941
G1 X-47.729 Y-31.075 E12.51492
G1 X-47.383 Y-31.374 E12.53691
G1 X-46.886 Y-31.642 E12.56407
G1 X-46.589 Y-31.722 E12.57886
G1 X-45.99 Y-31.817 E12.60803
G1 X-36.785 Y-31.825 E13.05076
G1 X-36.256 Y-31.897 E13.07644
G1 X-35.749 Y-32.044 E13.10183
G1 X-35.161 Y-32.338 E13.13345
G1 X-34.54 Y-32.792 E13.17045
G1 X-34.074 Y-33.324 E13.20447
G1 X-33.72 Y-33.936 E13.23847
G1 X-33.49 Y-34.62 E13.27318
G1 X-33.395 Y-35.426 E13.31221
G1 X-33.395 Y-40.817 E13.5715
G1 X-19.116 Y-40.817 E14.25827
G1 X-19.116 Y-33.593 E14.60572
G1 X-19.116 Y-7.038 E15.88292
G1 X-33.395 Y-7.038 E16.56969
G1 X-33.395 Y-12.429 E16.82898
G1 X-33.524 Y-13.372 E16.87476
G1 X-33.85 Y-14.178 E16.91658
G1 X-34.252 Y-14.76 E16.9506
G1 X-34.773 Y-15.26 E16.98533
G1 X-35.4 Y-15.657 E17.02102
G1 X-35.677 Y-15.767 E17.03535
G1 X-36.343 Y-15.976 E17.06892
G1 X-36.856 Y-16.035 E17.09376
G1 X-45.969 Y-16.038 E17.53206
G1 X-46.53 Y-16.107 E17.55925
G1 X-46.916 Y-16.22 E17.57859
G1 X-47.367 Y-16.477 E17.60356
G1 X-47.814 Y-16.874 E17.63231
G1 X-48.114 Y-17.32 E17.65816
G1 X-48.317 Y-17.834 E17.68474
G1 X-48.395 Y-18.464 E17.71527
G1 X-48.395 Y-22.702 E17.9191
G1 X-47.115 Y-22.702 E17.98066
G1 X-47.112 Y-18.748 E18.17083
G1 X-47.027 Y-18.34 E18.19087
G1 X-46.836 Y-17.962 E18.21124
G1 X-46.482 Y-17.605 E18.23542
G1 X-46.016 Y-17.388 E18.26014
G1 X-46.016 Y-17.388 F7800
G1 X-45.867 Y-17.743
;TYPE:External perimeter
G1 F1800
G1 X-45.853 Y-17.737 E18.26087
G1 X-45.592 Y-17.703 E18.27353
G1 X-37.419 Y-17.703 E18.66662
G1 X-37.055 Y-17.768 E18.6844
G1 X-36.683 Y-17.977 E18.70492
G1 X-36.394 Y-18.346 E18.72746
G1 X-36.28 Y-18.841 E18.75189
G1 X-36.28 Y-28.687 E19.22545
G1 X-36.315 Y-29.287 E19.25436
G1 X-36.43 Y-29.575 E19.26928
G1 X-36.566 Y-29.76 E19.28032
G1 X-36.815 Y-29.977 E19.29621
G1 X-37.067 Y-30.095 E19.30959
G1 X-37.373 Y-30.151 E19.32455
G1 X-45.592 Y-30.153 E19.71986
G1 X-45.919 Y-30.091 E19.73587
G1 X-46.249 Y-29.942 E19.75328
G1 X-46.488 Y-29.713 E19.7692
G1 X-46.641 Y-29.451 E19.78379
G1 X-46.726 Y-29.106 E19.80088
G1 X-46.73 Y-24.781 E20.0089
;TYPE:Overhang perimeter
;WIDTH:0.4
;HEIGHT:0.4
G1 F3600
G1 X-46.73 Y-24.768 E20.00958
G1 X-48.78 Y-24.768 E20.11668
G1 X-48.78 Y-24.781 E20.11736
;TYPE:External perimeter
;WIDTH:0.45
;HEIGHT:0.3
G1 F1800
G1 X-48.78 Y-29.415 E20.34024
G1 X-48.712 Y-29.97 E20.36713
G1 X-48.595 Y-30.361 E20.38676
G1 X-48.374 Y-30.858 E20.41292
G1 X-48.021 Y-31.327 E20.44115
G1 X-47.589 Y-31.7 E20.4686
G1 X-47.043 Y-31.994 E20.49843
G1 X-46.461 Y-32.146 E20.52736
G1 X-46 Y-32.203 E20.5497
G1 X-36.932 Y-32.206 E20.98584
G1 X-36.39 Y-32.262 E21.01205
G1 X-35.906 Y-32.396 E21.0362
G1 X-35.383 Y-32.653 E21.06423
G1 X-34.826 Y-33.051 E21.09716
G1 X-34.404 Y-33.522 E21.12758
G1 X-34.083 Y-34.066 E21.15796
G1 X-33.873 Y-34.667 E21.18858
G1 X-33.78 Y-35.426 E21.22536
G1 X-33.78 Y-41.203 E21.50321
G1 X-18.73 Y-41.203 E22.22706
G1 X-18.73 Y-33.593 E22.59307
G1 X-18.73 Y-6.653 E23.88879
G1 X-33.78 Y-6.653 E24.61264
G1 X-33.782 Y-12.452 E24.89155
G1 X-33.884 Y-13.234 E24.92948
G1 X-34.171 Y-13.964 E24.96721
G1 X-34.525 Y-14.487 E24.99758
G1 X-34.979 Y-14.935 E25.02826
G1 X-35.648 Y-15.352 E25.06618
G1 X-36.353 Y-15.585 E25.10189
G1 X-36.854 Y-15.649 E25.12618
G1 X-46.056 Y-15.66 E25.56876
G1 X-46.786 Y-15.771 E25.60427
G1 X-47.254 Y-15.961 E25.62856
G1 X-47.743 Y-16.277 E25.65656
G1 X-48.15 Y-16.667 E25.68367
G1 X-48.458 Y-17.146 E25.71106
G1 X-48.695 Y-17.749 E25.74222
G1 X-48.78 Y-18.44 E25.77571
G1 X-48.78 Y-23.074 E25.99859
;TYPE:Overhang perimeter
;WIDTH:0.4
;HEIGHT:0.4
G1 F3600
G1 X-48.78 Y-23.087 E25.99927
G1 X-46.73 Y-23.087 E26.10637
G1 X-46.73 Y-23.074 E26.10705
;TYPE:External perimeter
;WIDTH:0.45
;HEIGHT:0.3
G1 F1800
G1 X-46.726 Y-18.749 E26.31507
G1 X-46.653 Y-18.433 E26.33067
G1 X-46.519 Y-18.183 E26.34431
G1 X-46.291 Y-17.945 E26.36016
G1 X-45.921 Y-17.769 E26.37987
G1 X-45.525 Y-17.711 F7800
G1 E24.37987 F2400
G92 E0
G1 X-32.895 Y-8.308 F7800
G1 E2 F2400
;TYPE:Internal infill
;WIDTH:0.45
G1 F4800
G1 X-32.3 Y-7.713 E2.04047
G1 X-28.664 Y-7.713 E2.21535
G1 X-32.727 Y-11.776 E2.49171
G1 X-32.729 Y-12.577 E2.53024
G1 X-32.851 Y-13.481 E2.57411
G1 X-33.219 Y-14.435 E2.62329
G1 X-33.663 Y-15.109 E2.66211
G1 X-34.391 Y-15.817 E2.71095
G1 X-35.044 Y-16.231 E2.74814
G1 X-36.067 Y-16.606 E2.80054
G1 X-36.775 Y-16.706 E2.83493
G1 X-36.083 Y-17.101 E2.87325
G1 X-35.782 Y-17.388 E2.89325
G1 X-35.46 Y-17.842 E2.92002
G1 X-35.376 Y-18.061 E2.9313
G1 X-25.028 Y-7.713 E3.63516
G1 X-21.393 Y-7.713 E3.80999
G1 X-35.223 Y-21.543 E4.75069
G1 X-35.226 Y-25.182 E4.92571
G1 X-19.791 Y-9.747 E5.97558
G1 X-19.791 Y-13.383 E6.15046
G1 X-35.23 Y-28.822 E7.2006
G1 X-35.281 Y-29.523 E7.2344
G1 X-35.532 Y-30.143 E7.26657
G1 X-35.863 Y-30.568 E7.29248
G1 X-36.169 Y-30.818 E7.31148
G1 X-36.692 Y-31.122 E7.34058
G1 X-35.644 Y-31.366 E7.39233
G1 X-35.065 Y-31.609 E7.42253
G1 X-34.647 Y-31.875 E7.44636
G1 X-19.791 Y-17.018 E8.45688
G1 X-19.791 Y-20.654 E8.63176
G1 X-33.026 Y-33.889 E9.53199
G1 X-32.847 Y-34.39 E9.55758
G1 X-32.72 Y-35.42 E9.60749
G1 X-32.72 Y-37.219 E9.69402
G1 X-19.791 Y-24.289 E10.57347
G1 X-19.791 Y-27.925 E10.74835
G1 X-32.008 Y-40.142 E11.57934
G1 X-28.372 Y-40.142 E11.75422
G1 X-19.791 Y-31.561 E12.33789
G1 X-19.791 Y-35.196 E12.51272
G1 X-24.736 Y-40.142 E12.84911
G1 X-21.101 Y-40.142 E13.02394
G1 X-19.617 Y-38.659 E13.12485
;LAYER_CHANGE
;Z:14.45
;HEIGHT:0.3
G1 Z14.45 F7800
G1 E11.12485 F2400
G92 E0
G1 X-19.617 Y-38.659 F7800
G1 X-46.064 Y-16.963
G1 E2 F2400
;TYPE:Perimeter
;WIDTH:0.545806
G1 F3600
G1 X-46.185 Y-16.979 E2.00733
;WIDTH:0.586791
G1 X-46.655 Y-17.179 E2.04061
;WIDTH:0.588805
G1 X-46.965 Y-17.418 E2.06621
G1 X-47.275 Y-17.823 E2.09957
;WIDTH:0.584694
G1 X-47.405 Y-18.092 E2.11896
;WIDTH:0.558851
G1 X-47.514 Y-18.62 E2.15221
;WIDTH:0.524312
G1 X-47.531 Y-18.84 E2.16487
;WIDTH:0.510251
G1 X-47.531 Y-23.512 E2.42469
;TYPE:Overhang perimeter
;WIDTH:0.4
;HEIGHT:0.4
G1 X-47.531 Y-24.343 E2.46811
;TYPE:Perimeter
;WIDTH:0.511447
;HEIGHT:0.3
G1 X-47.531 Y-29.06 E2.73113
;WIDTH:0.552124
G1 X-47.432 Y-29.664 E2.76836
;WIDTH:0.59222
G1 X-47.241 Y-30.088 E2.79898
;WIDTH:0.593239
G1 X-46.937 Y-30.467 E2.83103
G1 X-46.471 Y-30.775 E2.86788
;WIDTH:0.5772
G1 X-46.077 Y-30.897 E2.89426
;WIDTH:0.547809
G1 X-45.609 Y-30.954 E2.92269
;WIDTH:0.513208
G1 X-37.373 Y-30.954 E3.38374
;WIDTH:0.535877
G1 X-37.104 Y-30.929 E3.39963
G1 X-36.788 Y-30.8 E3.4197
;WIDTH:0.492938
G1 X-36.473 Y-30.672 E3.43787
;WIDTH:0.45
G1 X-36.029 Y-30.306 E3.46555
G1 X-35.809 Y-30.031 E3.48249
G1 X-35.646 Y-29.72 E3.49938
G1 X-35.523 Y-29.179 E3.52606
G1 X-35.509 Y-28.097 E3.5781
G1 X-35.509 Y-18.841 E4.02328
G1 X-35.559 Y-18.407 E4.04429
G1 X-35.768 Y-17.884 E4.07138
G1 X-36.053 Y-17.509 E4.09403
G1 X-36.487 Y-17.18 E4.12022
;WIDTH:0.480512
G1 X-36.843 Y-17.053 E4.13984
;WIDTH:0.511025
G1 X-37.199 Y-16.925 E4.16091
;WIDTH:0.512649
G1 X-37.418 Y-16.9 E4.17323
G1 X-45.592 Y-16.901 E4.63024
;WIDTH:0.545806
G1 X-46.005 Y-16.955 E4.65525
G1 X-46.005 Y-16.955 F7800
G1 X-45.96 Y-17.373
;WIDTH:0.45
G1 F3600
G1 X-46.029 Y-17.384 E4.65861
G1 X-46.393 Y-17.55 E4.67785
G1 X-46.691 Y-17.796 E4.69644
G1 X-46.991 Y-18.241 E4.72225
G1 X-47.107 Y-18.74 E4.74689
G1 X-47.115 Y-23.512 E4.97641
;TYPE:Overhang perimeter
;WIDTH:0.4
;HEIGHT:0.4
G1 X-47.115 Y-24.343 E5.01983
;TYPE:Perimeter
;WIDTH:0.45
;HEIGHT:0.3
G1 X-47.115 Y-29.06 E5.2467
G1 X-47.008 Y-29.558 E5.2712
G1 X-46.867 Y-29.825 E5.28572
G1 X-46.638 Y-30.12 E5.30368
G1 X-46.175 Y-30.422 E5.33027
G1 X-45.61 Y-30.538 E5.35801
G1 X-37.373 Y-30.537 E5.75418
G1 X-36.819 Y-30.405 E5.78157
G1 X-36.596 Y-30.286 E5.79373
G1 X-36.22 Y-29.954 E5.81786
G1 X-35.999 Y-29.565 E5.83938
G1 X-35.898 Y-29.071 E5.86363
G1 X-35.895 Y-18.841 E6.35566
G1 X-35.962 Y-18.404 E6.37692
G1 X-36.112 Y-18.063 E6.39484
G1 X-36.373 Y-17.742 E6.41474
G1 X-36.698 Y-17.502 E6.43417
G1 X-37.007 Y-17.395 E6.4499
G1 X-37.418 Y-17.317 E6.47002
G1 X-45.593 Y-17.317 E6.86321
G1 X-45.901 Y-17.364 E6.8782
G1 X-45.901 Y-17.364 F7800
G1 X-45.867 Y-17.74
;TYPE:External perimeter
G1 F1800
G1 X-45.89 Y-17.744 E6.87932
G1 X-46.171 Y-17.866 E6.89405
G1 X-46.409 Y-18.062 E6.90888
G1 X-46.635 Y-18.395 E6.92824
G1 X-46.73 Y-18.84 E6.95013
G1 X-46.73 Y-23.512 E7.17484
;TYPE:Overhang perimeter
;WIDTH:0.4
;HEIGHT:0.4
G1 F3600
G1 X-46.73 Y-24.343 E7.21826
;TYPE:External perimeter
;WIDTH:0.45
;HEIGHT:0.3
G1 F1800
G1 X-46.729 Y-29.06 E7.44513
G1 X-46.634 Y-29.464 E7.46509
G1 X-46.367 Y-29.843 E7.48739
G1 X-45.992 Y-30.077 E7.50865
G1 X-45.61 Y-30.152 E7.52737
G1 X-37.373 Y-30.151 E7.92354
G1 X-36.873 Y-30.013 E7.94849
G1 X-36.489 Y-29.668 E7.97332
G1 X-36.339 Y-29.366 E7.98954
G1 X-36.28 Y-29.014 E8.00671
G1 X-36.28 Y-18.841 E8.496
G1 X-36.321 Y-18.543 E8.51047
G1 X-36.427 Y-18.285 E8.52389
G1 X-36.603 Y-18.052 E8.53793
G1 X-36.972 Y-17.798 E8.55948
G1 X-37.418 Y-17.703 E8.58141
G1 X-45.592 Y-17.703 E8.97455
G1 X-45.808 Y-17.732 E8.98503
G1 X-46.176 Y-17.889 F7800
G1 E6.98503 F2400
G92 E0
G1 X-33.009 Y-40.431 F7800
G1 E2 F2400
;TYPE:Perimeter
G1 F3600
G1 X-19.502 Y-40.431 E2.64964
G1 X-19.502 Y-33.593 E2.97852
G1 X-19.502 Y-7.424 E4.23716
G1 X-33.009 Y-7.424 E4.8868
G1 X-33.009 Y-12.429 E5.12752
G1 X-33.156 Y-13.489 E5.17899
G1 X-33.437 Y-14.22 E5.21666
G1 X-33.856 Y-14.881 E5.2543
G1 X-34.414 Y-15.462 E5.29304
G1 X-35.185 Y-15.983 E5.3378
G1 X-35.727 Y-16.212 E5.3661
G1 X-36.296 Y-16.358 E5.39435
;WIDTH:0.458534
G1 X-36.856 Y-16.424 E5.42207
;WIDTH:0.485591
G1 X-37.137 Y-16.438 E5.43685
;WIDTH:0.512649
G1 X-37.418 Y-16.452 E5.45258
G1 X-45.592 Y-16.454 E5.90959
;WIDTH:0.527006
G1 X-45.942 Y-16.462 E5.92979
;WIDTH:0.563955
G1 X-46.446 Y-16.543 E5.9616
;WIDTH:0.583306
G1 X-46.873 Y-16.71 E5.99128
;WIDTH:0.589287
G1 X-47.118 Y-16.862 E6.01016
;WIDTH:0.594829
G1 X-47.461 Y-17.179 E6.04106
G1 X-47.705 Y-17.53 E6.06934
;WIDTH:0.584694
G1 X-47.854 Y-17.841 E6.09172
;WIDTH:0.57
G1 X-47.955 Y-18.349 E6.12438
;WIDTH:0.544245
G1 X-47.976 Y-18.84 E6.15379
;WIDTH:0.510251
G1 X-47.977 Y-23.512 E6.41361
;TYPE:Overhang perimeter
;WIDTH:0.4
;HEIGHT:0.4
G1 X-47.977 Y-24.343 E6.45703
;TYPE:Perimeter
;WIDTH:0.511447
;HEIGHT:0.3
G1 X-47.978 Y-29.06 E6.72005
;WIDTH:0.528856
G1 X-47.97 Y-29.365 E6.73773
;WIDTH:0.56202
G1 X-47.891 Y-29.868 E6.76933
;WIDTH:0.59222
G1 X-47.703 Y-30.334 E6.80241
;WIDTH:0.593239
G1 X-47.445 Y-30.704 E6.83216
;WIDTH:0.597329
G1 X-47.127 Y-30.992 E6.86068
G1 X-46.657 Y-31.247 E6.89622
;WIDTH:0.5772
G1 X-46.139 Y-31.375 E6.93035
;WIDTH:0.547809
G1 X-45.61 Y-31.401 E6.96228
;WIDTH:0.513208
G1 X-37.373 Y-31.403 E7.42339
;WIDTH:0.535877
G1 X-37.041 Y-31.392 E7.44292
G1 X-36.853 Y-31.421 E7.45411
;WIDTH:0.492938
G1 X-36.666 Y-31.451 E7.46423
;WIDTH:0.45
G1 X-36.129 Y-31.532 E7.49035
G1 X-35.593 Y-31.691 E7.51724
G1 X-35.021 Y-31.965 E7.54774
G1 X-34.414 Y-32.393 E7.58346
G1 X-34.075 Y-32.732 E7.60652
G1 X-33.743 Y-33.126 E7.6313
G1 X-33.357 Y-33.806 E7.66891
G1 X-33.107 Y-34.573 E7.70771
G1 X-33.009 Y-35.426 E7.74901
G1 X-33.009 Y-40.371 E7.98685
G1 X-33.009 Y-40.371 F7800
G1 X-33.395 Y-40.817
G1 F3600
G1 X-19.116 Y-40.817 E8.67362
G1 X-19.116 Y-33.593 E9.02107
G1 X-19.116 Y-7.038 E10.29827
G1 X-33.395 Y-7.038 E10.98504
G1 X-33.399 Y-12.5 E11.24774
G1 X-33.519 Y-13.359 E11.28946
G1 X-33.768 Y-14.021 E11.32348
G1 X-34.141 Y-14.622 E11.3575
G1 X-34.636 Y-15.147 E11.3922
G1 X-35.342 Y-15.631 E11.43337
G1 X-35.83 Y-15.84 E11.4589
G1 X-36.343 Y-15.976 E11.48443
G1 X-36.856 Y-16.035 E11.50927
G1 X-45.969 Y-16.038 E11.94757
G1 X-46.5 Y-16.104 E11.97331
G1 X-47.036 Y-16.288 E12.00057
G1 X-47.371 Y-16.484 E12.01924
G1 X-47.789 Y-16.859 E12.04625
G1 X-48.089 Y-17.291 E12.07155
G1 X-48.285 Y-17.721 E12.09428
G1 X-48.391 Y-18.332 E12.12411
G1 X-48.393 Y-23.512 E12.37325
;TYPE:Overhang perimeter
;WIDTH:0.4
;HEIGHT:0.4
G1 X-48.393 Y-24.343 E12.41667
;TYPE:Perimeter
;WIDTH:0.45
;HEIGHT:0.3
G1 X-48.395 Y-29.391 E12.65946
G1 X-48.319 Y-30.007 E12.68931
G1 X-48.129 Y-30.499 E12.71468
G1 X-47.875 Y-30.906 E12.73775
G1 X-47.428 Y-31.345 E12.76788
G1 X-46.958 Y-31.61 E12.79383
G1 X-46.589 Y-31.722 E12.81238
G1 X-45.99 Y-31.817 E12.84155
G1 X-36.785 Y-31.825 E13.28428
G1 X-36.232 Y-31.904 E13.31115
G1 X-35.749 Y-32.044 E13.33534
G1 X-35.243 Y-32.28 E13.36219
G1 X-34.54 Y-32.792 E13.40402
G1 X-34.074 Y-33.324 E13.43804
G1 X-33.72 Y-33.936 E13.47204
G1 X-33.49 Y-34.62 E13.50675
G1 X-33.395 Y-35.426 E13.54578
G1 X-33.395 Y-40.757 E13.80218
G1 X-33.395 Y-40.757 F7800
G1 X-33.78 Y-41.203
;TYPE:External perimeter
G1 F1800
G1 X-18.73 Y-41.203 E14.52603
G1 X-18.73 Y-33.593 E14.89204
G1 X-18.73 Y-6.653 E16.18776
G1 X-33.78 Y-6.653 E16.91161
G1 X-33.782 Y-12.452 E17.19052
G1 X-33.882 Y-13.229 E17.2282
G1 X-34.099 Y-13.823 E17.25862
G1 X-34.427 Y-14.363 E17.28901
G1 X-34.858 Y-14.832 E17.31965
G1 X-35.465 Y-15.259 E17.35534
G1 X-35.82 Y-15.421 E17.37411
G1 X-36.362 Y-15.587 E17.40137
G1 X-36.856 Y-15.649 E17.42532
G1 X-45.992 Y-15.653 E17.86473
G1 X-46.679 Y-15.737 E17.89802
G1 X-47.315 Y-15.982 E17.9308
G1 X-47.764 Y-16.283 E17.9568
G1 X-48.182 Y-16.709 E17.98551
G1 X-48.46 Y-17.157 E18.01087
G1 X-48.659 Y-17.618 E18.03502
G1 X-48.777 Y-18.299 E18.06826
G1 X-48.778 Y-23.512 E18.31899
;TYPE:Overhang perimeter
;WIDTH:0.4
;HEIGHT:0.4
G1 F3600
G1 X-48.779 Y-24.343 E18.36241
;TYPE:External perimeter
;WIDTH:0.45
;HEIGHT:0.3
G1 F1800
G1 X-48.78 Y-29.415 E18.60636
G1 X-48.696 Y-30.101 E18.6396
G1 X-48.522 Y-30.552 E18.66285
G1 X-48.278 Y-31.011 E18.68785
G1 X-47.967 Y-31.389 E18.71139
G1 X-47.579 Y-31.706 E18.73549
G1 X-47.043 Y-31.994 E18.76476
G1 X-46.46 Y-32.147 E18.79375
G1 X-46 Y-32.203 E18.81604
G1 X-37.041 Y-32.206 E19.24694
G1 X-36.39 Y-32.262 E19.27837
G1 X-35.932 Y-32.387 E19.3012
G1 X-35.465 Y-32.596 E19.32581
G1 X-34.826 Y-33.051 E19.36354
G1 X-34.404 Y-33.522 E19.39396
G1 X-34.083 Y-34.066 E19.42434
G1 X-33.873 Y-34.667 E19.45496
G1 X-33.78 Y-35.426 E19.49174
G1 X-33.78 Y-41.143 E19.76671
G1 X-33.385 Y-41.202 F7800
G1 E17.76671 F2400
G92 E0
G1 X-19.617 Y-38.659 F7800
G1 E2 F2400
;TYPE:Internal infill
;WIDTH:0.45
G1 F4800
G1 X-21.101 Y-40.142 E2.10091
G1 X-24.736 Y-40.142 E2.27574
G1 X-19.791 Y-35.196 E2.61213
G1 X-19.791 Y-31.561 E2.78696
G1 X-28.372 Y-40.142 E3.37063
G1 X-32.008 Y-40.142 E3.54551
G1 X-19.791 Y-27.925 E4.3765
G1 X-19.791 Y-24.289 E4.55138
G1 X-32.72 Y-37.219 E5.43083
G1 X-32.72 Y-35.42 E5.51736
G1 X-32.847 Y-34.39 E5.56727
G1 X-33.026 Y-33.889 E5.59286
G1 X-19.791 Y-20.654 E6.49309
G1 X-19.791 Y-17.018 E6.66797
G1 X-34.647 Y-31.875 E7.67849
G1 X-35.059 Y-31.612 E7.702
G1 X-35.644 Y-31.366 E7.73252
G1 X-36.775 Y-31.126 E7.78813
G1 X-36.157 Y-30.799 E7.82176
G1 X-35.709 Y-30.395 E7.85077
G1 X-35.559 Y-30.177 E7.8635
G1 X-35.298 Y-29.57 E7.89528
G1 X-35.22 Y-28.812 E7.93193
G1 X-19.791 Y-13.383 E8.98139
G1 X-19.791 Y-9.747 E9.15627
G1 X-35.22 Y-25.176 E10.20573
G1 X-35.22 Y-21.54 E10.38061
G1 X-21.393 Y-7.713 E11.32111
G1 X-25.028 Y-7.713 E11.49594
G1 X-35.373 Y-18.058 E12.19959
G1 X-35.731 Y-17.434 E12.23419
G1 X-35.966 Y-17.204 E12.25001
G1 X-36.334 Y-16.934 E12.27196
G1 X-36.79 Y-16.719 E12.29621
G1 X-36.084 Y-16.611 E12.33056
G1 X-35.481 Y-16.431 E12.36083
G1 X-34.951 Y-16.188 E12.38887
G1 X-34.073 Y-15.551 E12.44104
G1 X-33.581 Y-15.004 E12.47643
G1 X-33.131 Y-14.261 E12.51821
G1 X-32.847 Y-13.465 E12.55886
G1 X-32.72 Y-12.435 E12.60877
G1 X-32.72 Y-11.769 E12.6408
G1 X-28.664 Y-7.713 E12.91668
G1 X-32.3 Y-7.713 E13.09156
G1 X-32.893 Y-8.307 E13.13193
;LAYER_CHANGE
;Z:14.75
;HEIGHT:0.3
G1 Z14.75 F7800
G1 E11.13193 F2400
G92 E0
G1 X-32.893 Y-8.307 F7800
G1 X-46.066 Y-16.96
G1 E2 F2400
;TYPE:Perimeter
;WIDTH:0.56819
G1 F3600
G1 X-46.301 Y-17.02 E2.01524
;WIDTH:0.586268
G1 X-46.765 Y-17.252 E2.04901
;WIDTH:0.601686
G1 X-47.086 Y-17.566 E2.0791
G1 X-47.379 Y-18.013 E2.11492
;WIDTH:0.570001
G1 X-47.514 Y-18.62 E2.15413
;WIDTH:0.52431
G1 X-47.531 Y-18.84 E2.16679
;WIDTH:0.511447
G1 X-47.531 Y-29.06 E2.73666
;WIDTH:0.552126
G1 X-47.432 Y-29.664 E2.77389
;WIDTH:0.579488
G1 X-47.334 Y-29.939 E2.79265
;WIDTH:0.595476
G1 X-47.094 Y-30.299 E2.82131
;WIDTH:0.597067
G1 X-46.819 Y-30.557 E2.84636
G1 X-46.344 Y-30.827 E2.88266
;WIDTH:0.556582
G1 X-45.812 Y-30.939 E2.91604
;WIDTH:0.524062
G1 X-45.609 Y-30.954 E2.92771
;WIDTH:0.513208
G1 X-37.373 Y-30.954 E3.38876
;WIDTH:0.516058
G1 X-36.919 Y-30.891 E3.41458
G1 X-36.691 Y-30.764 E3.42928
;WIDTH:0.483029
G1 X-36.462 Y-30.638 E3.44293
;WIDTH:0.45
G1 X-36.082 Y-30.375 E3.46516
G1 X-35.756 Y-29.944 E3.49115
G1 X-35.624 Y-29.63 E3.50753
G1 X-35.516 Y-29.128 E3.53223
G1 X-35.509 Y-18.841 E4.027
G1 X-35.559 Y-18.407 E4.04801
G1 X-35.768 Y-17.884 E4.0751
G1 X-36.053 Y-17.509 E4.09775
G1 X-36.487 Y-17.18 E4.12394
;WIDTH:0.480513
G1 X-36.843 Y-17.053 E4.14356
;WIDTH:0.511026
G1 X-37.199 Y-16.925 E4.16464
;WIDTH:0.512648
G1 X-37.418 Y-16.9 E4.17696
G1 X-45.592 Y-16.901 E4.63397
;WIDTH:0.527008
G1 X-45.943 Y-16.928 E4.65428
;WIDTH:0.56819
G1 X-46.008 Y-16.945 E4.6585
G1 X-46.008 Y-16.945 F7800
G1 X-45.958 Y-17.384
;WIDTH:0.45
G1 F3600
G1 X-46.08 Y-17.407 E4.66447
G1 X-46.576 Y-17.678 E4.69165
G1 X-46.903 Y-18.081 E4.71661
G1 X-47.011 Y-18.31 E4.72879
G1 X-47.116 Y-18.84 E4.75478
G1 X-47.115 Y-29.06 E5.24633
G1 X-47.008 Y-29.558 E5.27083
G1 X-46.945 Y-29.711 E5.27879
G1 X-46.659 Y-30.101 E5.30205
G1 X-46.245 Y-30.387 E5.32625
G1 X-45.726 Y-30.526 E5.35209
G1 X-45.609 Y-30.538 E5.35775
G1 X-37.373 Y-30.537 E5.75387
G1 X-36.954 Y-30.463 E5.77433
G1 X-36.504 Y-30.221 E5.7989
G1 X-36.285 Y-30.012 E5.81346
G1 X-36.027 Y-29.633 E5.83551
G1 X-35.909 Y-29.142 E5.8598
G1 X-35.895 Y-28.097 E5.91007
G1 X-35.895 Y-18.841 E6.35525
G1 X-35.962 Y-18.404 E6.37651
G1 X-36.112 Y-18.063 E6.39443
G1 X-36.373 Y-17.742 E6.41433
G1 X-36.698 Y-17.502 E6.43376
G1 X-37.007 Y-17.395 E6.44949
G1 X-37.418 Y-17.317 E6.46961
G1 X-45.593 Y-17.317 E6.8628
G1 X-45.899 Y-17.373 E6.87776
G1 X-45.899 Y-17.373 F7800
G1 X-45.865 Y-17.751
;TYPE:External perimeter
G1 F1800
G1 X-45.928 Y-17.762 E6.88084
G1 X-46.344 Y-17.992 E6.9037
G1 X-46.635 Y-18.395 E6.92761
G1 X-46.73 Y-18.84 E6.9495
G1 X-46.729 Y-29.06 E7.44105
G1 X-46.613 Y-29.515 E7.46363
G1 X-46.35 Y-29.854 E7.48427
G1 X-45.992 Y-30.077 E7.50456
G1 X-45.609 Y-30.152 E7.52333
G1 X-37.373 Y-30.151 E7.91945
G1 X-37.069 Y-30.092 E7.93434
G1 X-36.63 Y-29.83 E7.95893
G1 X-36.376 Y-29.46 E7.98052
G1 X-36.28 Y-29.015 E8.00242
G1 X-36.28 Y-18.841 E8.49175
G1 X-36.321 Y-18.543 E8.50622
G1 X-36.427 Y-18.285 E8.51964
G1 X-36.603 Y-18.052 E8.53368
G1 X-36.972 Y-17.798 E8.55523
G1 X-37.418 Y-17.703 E8.57716
G1 X-45.592 Y-17.703 E8.9703
G1 X-45.806 Y-17.74 E8.98075
G1 X-46.171 Y-17.902 F7800
G1 E6.98075 F2400
G92 E0
G1 X-33.009 Y-40.431 F7800
G1 E2 F2400
;TYPE:Perimeter
G1 F3600
G1 X-19.502 Y-40.431 E2.64964
G1 X-19.502 Y-33.593 E2.97852
G1 X-19.502 Y-7.424 E4.23716
G1 X-33.009 Y-7.424 E4.8868
G1 X-33.009 Y-12.429 E5.12752
G1 X-33.156 Y-13.489 E5.17899
G1 X-33.437 Y-14.22 E5.21666
G1 X-33.856 Y-14.881 E5.2543
G1 X-34.414 Y-15.462 E5.29304
G1 X-35.185 Y-15.983 E5.3378
G1 X-35.727 Y-16.212 E5.3661
G1 X-36.296 Y-16.358 E5.39435
;WIDTH:0.458534
G1 X-36.856 Y-16.424 E5.42207
;WIDTH:0.485591
G1 X-37.137 Y-16.438 E5.43685
;WIDTH:0.512648
G1 X-37.418 Y-16.452 E5.45258
G1 X-45.592 Y-16.454 E5.90959
;WIDTH:0.527008
G1 X-46 Y-16.469 E5.93315
;WIDTH:0.56819
G1 X-46.505 Y-16.56 E5.96539
;WIDTH:0.586268
G1 X-47.055 Y-16.818 E6.00493
;WIDTH:0.594903
G1 X-47.407 Y-17.124 E6.03579
G1 X-47.687 Y-17.504 E6.06702
;WIDTH:0.586114
G1 X-47.854 Y-17.841 E6.09149
;WIDTH:0.570001
G1 X-47.955 Y-18.349 E6.12415
;WIDTH:0.544244
G1 X-47.976 Y-18.84 E6.15356
;WIDTH:0.511447
G1 X-47.978 Y-29.06 E6.72343
;WIDTH:0.552126
G1 X-47.91 Y-29.753 E6.76579
;WIDTH:0.579488
G1 X-47.786 Y-30.185 E6.79467
;WIDTH:0.595476
G1 X-47.491 Y-30.649 E6.83109
;WIDTH:0.597067
G1 X-47.11 Y-31.003 E6.86564
G1 X-46.657 Y-31.247 E6.89983
;WIDTH:0.577201
G1 X-46.139 Y-31.375 E6.93396
;WIDTH:0.547829
G1 X-45.609 Y-31.401 E6.96596
;WIDTH:0.513208
G1 X-37.373 Y-31.403 E7.42701
;WIDTH:0.539089
G1 X-36.959 Y-31.39 E7.45153
G1 X-36.847 Y-31.409 E7.45826
;WIDTH:0.509969
G1 X-36.736 Y-31.427 E7.46451
;WIDTH:0.48085
G1 X-36.157 Y-31.524 E7.495
;WIDTH:0.45
G1 X-35.593 Y-31.691 E7.52329
G1 X-35.021 Y-31.965 E7.55379
G1 X-34.414 Y-32.393 E7.58951
G1 X-34.076 Y-32.731 E7.6125
G1 X-33.743 Y-33.126 E7.63735
G1 X-33.357 Y-33.806 E7.67496
G1 X-33.107 Y-34.573 E7.71376
G1 X-33.009 Y-35.426 E7.75506
G1 X-33.009 Y-40.371 E7.9929
G1 X-33.009 Y-40.371 F7800
G1 X-33.395 Y-40.817
G1 F3600
G1 X-19.116 Y-40.817 E8.67967
G1 X-19.116 Y-33.593 E9.02712
G1 X-19.116 Y-7.038 E10.30432
G1 X-33.395 Y-7.038 E10.99109
G1 X-33.395 Y-12.429 E11.25038
G1 X-33.519 Y-13.359 E11.29551
G1 X-33.768 Y-14.021 E11.32953
G1 X-34.141 Y-14.622 E11.36355
G1 X-34.636 Y-15.147 E11.39825
G1 X-35.342 Y-15.631 E11.43942
G1 X-35.83 Y-15.84 E11.46495
G1 X-36.343 Y-15.976 E11.49048
G1 X-36.856 Y-16.035 E11.51532
G1 X-45.969 Y-16.038 E11.95362
G1 X-46.499 Y-16.104 E11.97931
G1 X-47.031 Y-16.286 E12.00635
G1 X-47.455 Y-16.539 E12.0301
G1 X-47.819 Y-16.889 E12.05439
G1 X-48.073 Y-17.264 E12.07617
G1 X-48.285 Y-17.721 E12.1004
G1 X-48.391 Y-18.332 E12.13023
G1 X-48.395 Y-29.391 E12.66213
G1 X-48.317 Y-30.021 E12.69266
G1 X-48.141 Y-30.482 E12.71639
G1 X-47.859 Y-30.931 E12.74189
G1 X-47.416 Y-31.353 E12.77132
G1 X-46.958 Y-31.61 E12.79658
G1 X-46.589 Y-31.722 E12.81513
G1 X-45.99 Y-31.817 E12.8443
G1 X-36.785 Y-31.825 E13.28703
G1 X-36.26 Y-31.896 E13.31251
G1 X-35.749 Y-32.044 E13.3381
G1 X-35.243 Y-32.28 E13.36495
G1 X-34.54 Y-32.792 E13.40678
G1 X-34.074 Y-33.324 E13.4408
G1 X-33.72 Y-33.936 E13.4748
G1 X-33.49 Y-34.62 E13.50951
G1 X-33.395 Y-35.426 E13.54854
G1 X-33.395 Y-40.757 E13.80494
G1 X-33.395 Y-40.757 F7800
G1 X-33.78 Y-41.203
;TYPE:External perimeter
G1 F1800
G1 X-18.73 Y-41.203 E14.52879
G1 X-18.73 Y-33.593 E14.8948
G1 X-18.73 Y-6.653 E16.19052
G1 X-33.78 Y-6.653 E16.91437
G1 X-33.78 Y-12.429 E17.19218
G1 X-33.882 Y-13.229 E17.23097
G1 X-34.099 Y-13.823 E17.26139
G1 X-34.427 Y-14.363 E17.29178
G1 X-34.858 Y-14.832 E17.32242
G1 X-35.465 Y-15.259 E17.35811
G1 X-35.82 Y-15.421 E17.37688
G1 X-36.362 Y-15.587 E17.40414
G1 X-36.856 Y-15.649 E17.42809
G1 X-45.992 Y-15.653 E17.8675
G1 X-46.679 Y-15.737 E17.90079
G1 X-47.315 Y-15.983 E17.93359
G1 X-47.764 Y-16.283 E17.95956
G1 X-48.18 Y-16.707 E17.98813
G1 X-48.46 Y-17.157 E18.01362
G1 X-48.659 Y-17.618 E18.03777
G1 X-48.777 Y-18.299 E18.07101
G1 X-48.78 Y-29.415 E18.60565
G1 X-48.708 Y-30 E18.634
G1 X-48.594 Y-30.413 E18.65461
G1 X-48.385 Y-30.854 E18.67808
G1 X-48.073 Y-31.26 E18.70271
G1 X-47.562 Y-31.717 E18.73568
G1 X-47.043 Y-31.994 E18.76397
G1 X-46.46 Y-32.147 E18.79296
G1 X-46 Y-32.203 E18.81525
G1 X-36.959 Y-32.206 E19.25009
G1 X-36.39 Y-32.262 E19.27759
G1 X-35.932 Y-32.387 E19.30042
G1 X-35.465 Y-32.596 E19.32503
G1 X-34.826 Y-33.051 E19.36276
G1 X-34.404 Y-33.522 E19.39318
G1 X-34.083 Y-34.066 E19.42356
G1 X-33.873 Y-34.667 E19.45418
G1 X-33.78 Y-35.426 E19.49096
G1 X-33.78 Y-41.143 E19.76593
G1 X-33.385 Y-41.202 F7800
G1 E17.76593 F2400
G92 E0
G1 X-19.617 Y-38.659 F7800
G1 E2 F2400
;TYPE:Internal infill
;WIDTH:0.45
G1 F4800
G1 X-21.101 Y-40.142 E2.10091
G1 X-24.736 Y-40.142 E2.27574
G1 X-19.791 Y-35.196 E2.61213
G1 X-19.791 Y-31.561 E2.78696
G1 X-28.372 Y-40.142 E3.37063
G1 X-32.008 Y-40.142 E3.54551
G1 X-19.791 Y-27.925 E4.3765
G1 X-19.791 Y-24.289 E4.55138
G1 X-32.72 Y-37.219 E5.43083
G1 X-32.72 Y-35.42 E5.51736
G1 X-32.847 Y-34.39 E5.56727
G1 X-33.026 Y-33.889 E5.59286
G1 X-19.791 Y-20.654 E6.49309
G1 X-19.791 Y-17.018 E6.66797
G1 X-34.647 Y-31.875 E7.67849
G1 X-35.065 Y-31.609 E7.70232
G1 X-35.644 Y-31.366 E7.73252
G1 X-36.714 Y-31.122 E7.7853
G1 X-35.874 Y-30.576 E7.83349
G1 X-35.513 Y-30.101 E7.86219
G1 X-35.399 Y-29.882 E7.87406
G1 X-35.228 Y-29.162 E7.90965
G1 X-35.228 Y-28.819 E7.92615
G1 X-19.791 Y-13.383 E8.97612
G1 X-19.791 Y-9.747 E9.151
G1 X-35.225 Y-25.181 E10.2008
G1 X-35.222 Y-21.542 E10.37582
G1 X-21.393 Y-7.713 E11.31645
G1 X-25.028 Y-7.713 E11.49128
G1 X-35.373 Y-18.058 E12.19493
G1 X-35.731 Y-17.434 E12.22953
G1 X-35.966 Y-17.204 E12.24535
G1 X-36.334 Y-16.934 E12.2673
G1 X-36.79 Y-16.719 E12.29155
G1 X-36.084 Y-16.611 E12.3259
G1 X-35.481 Y-16.431 E12.35617
G1 X-34.951 Y-16.188 E12.38421
G1 X-34.073 Y-15.551 E12.43638
G1 X-33.581 Y-15.004 E12.47177
G1 X-33.131 Y-14.261 E12.51355
G1 X-32.847 Y-13.465 E12.5542
G1 X-32.72 Y-12.435 E12.60411
G1 X-32.72 Y-11.769 E12.63614
G1 X-28.664 Y-7.713 E12.91202
G1 X-32.3 Y-7.713 E13.0869
G1 X-32.893 Y-8.307 E13.12727
;LAYER_CHANGE
;Z:15.05
;HEIGHT:0.3
G1 Z15.05 F7800
G1 E11.12727 F2400
G92 E0
G1 X-32.893 Y-8.307 F7800
G1 X-46.071 Y-16.955
G1 E2 F2400
;TYPE:Perimeter
;WIDTH:0.548672
G1 F3600
G1 X-46.147 Y-16.964 E2.00462
;WIDTH:0.581822
G1 X-46.63 Y-17.165 E2.03838
;WIDTH:0.594632
G1 X-46.985 Y-17.434 E2.06784
G1 X-47.362 Y-17.976 E2.1115
;WIDTH:0.570988
G1 X-47.479 Y-18.413 E2.14009
;WIDTH:0.547619
G1 X-47.531 Y-18.84 E2.16602
;WIDTH:0.511447
G1 X-47.531 Y-29.06 E2.73589
;WIDTH:0.557539
G1 X-47.434 Y-29.665 E2.77358
;WIDTH:0.585622
G1 X-47.291 Y-30.011 E2.79792
;WIDTH:0.595003
G1 X-46.993 Y-30.415 E2.83114
G1 X-46.525 Y-30.745 E2.86904
;WIDTH:0.582723
G1 X-46.078 Y-30.896 E2.89954
;WIDTH:0.547847
G1 X-45.608 Y-30.954 E2.9281
;WIDTH:0.513209
G1 X-37.373 Y-30.954 E3.3891
;WIDTH:0.524563
G1 X-36.915 Y-30.894 E3.41561
G1 X-36.612 Y-30.724 E3.43555
;WIDTH:0.487281
G1 X-36.31 Y-30.554 E3.45383
;WIDTH:0.45
G1 X-36.01 Y-30.289 E3.47308
G1 X-35.716 Y-29.875 E3.4975
G1 X-35.533 Y-29.227 E3.52989
G1 X-35.509 Y-28.099 E3.58416
G1 X-35.509 Y-18.841 E4.02944
G1 X-35.559 Y-18.407 E4.05045
G1 X-35.768 Y-17.884 E4.07754
G1 X-36.053 Y-17.509 E4.10019
G1 X-36.487 Y-17.18 E4.12638
;WIDTH:0.480512
G1 X-36.843 Y-17.053 E4.146
;WIDTH:0.511024
G1 X-37.199 Y-16.925 E4.16707
;WIDTH:0.512648
G1 X-37.418 Y-16.9 E4.17939
G1 X-45.592 Y-16.901 E4.6364
;WIDTH:0.548672
G1 X-46.011 Y-16.949 E4.66187
G1 X-46.011 Y-16.949 F7800
G1 X-45.963 Y-17.374
;WIDTH:0.45
G1 F3600
G1 X-46.029 Y-17.384 E4.66508
G1 X-46.37 Y-17.534 E4.683
G1 X-46.691 Y-17.796 E4.70293
G1 X-46.969 Y-18.189 E4.72608
G1 X-47.102 Y-18.713 E4.75208
G1 X-47.116 Y-18.84 E4.75823
G1 X-47.115 Y-29.06 E5.24978
G1 X-47.008 Y-29.558 E5.27428
G1 X-46.886 Y-29.799 E5.28727
G1 X-46.638 Y-30.12 E5.30678
G1 X-46.175 Y-30.422 E5.33337
G1 X-45.608 Y-30.538 E5.36121
G1 X-37.373 Y-30.537 E5.75728
G1 X-36.931 Y-30.457 E5.77888
G1 X-36.407 Y-30.153 E5.80802
G1 X-36.075 Y-29.726 E5.83403
G1 X-35.909 Y-29.142 E5.86323
G1 X-35.895 Y-28.099 E5.9134
G1 X-35.895 Y-18.841 E6.35868
G1 X-35.962 Y-18.404 E6.37994
G1 X-36.112 Y-18.063 E6.39786
G1 X-36.373 Y-17.742 E6.41776
G1 X-36.698 Y-17.502 E6.43719
G1 X-37.007 Y-17.395 E6.45292
G1 X-37.418 Y-17.317 E6.47304
G1 X-45.593 Y-17.317 E6.86623
G1 X-45.904 Y-17.365 E6.88137
G1 X-45.904 Y-17.365 F7800
G1 X-45.868 Y-17.741
;TYPE:External perimeter
G1 F1800
G1 X-45.89 Y-17.744 E6.88244
G1 X-46.148 Y-17.849 E6.89584
G1 X-46.381 Y-18.025 E6.90988
G1 X-46.635 Y-18.395 E6.93147
G1 X-46.73 Y-18.84 E6.95336
G1 X-46.729 Y-29.06 E7.44491
G1 X-46.634 Y-29.464 E7.46487
G1 X-46.367 Y-29.843 E7.48717
G1 X-45.992 Y-30.077 E7.50843
G1 X-45.608 Y-30.152 E7.52725
G1 X-37.373 Y-30.151 E7.92332
G1 X-37.051 Y-30.087 E7.93911
G1 X-36.63 Y-29.83 E7.96283
G1 X-36.376 Y-29.46 E7.98442
G1 X-36.28 Y-29.015 E8.00632
G1 X-36.28 Y-18.841 E8.49565
G1 X-36.321 Y-18.543 E8.51012
G1 X-36.427 Y-18.285 E8.52354
G1 X-36.603 Y-18.052 E8.53758
G1 X-36.972 Y-17.798 E8.55913
G1 X-37.418 Y-17.703 E8.58106
G1 X-45.592 Y-17.703 E8.9742
G1 X-45.809 Y-17.732 E8.98473
G1 X-46.177 Y-17.888 F7800
G1 E6.98473 F2400
G92 E0
G1 X-33.009 Y-40.431 F7800
G1 E2 F2400
;TYPE:Perimeter
G1 F3600
G1 X-19.502 Y-40.431 E2.64964
G1 X-19.502 Y-33.599 E2.97824
G1 X-19.502 Y-7.424 E4.23717
G1 X-33.009 Y-7.424 E4.88681
G1 X-33.009 Y-12.429 E5.12753
G1 X-33.156 Y-13.489 E5.179
G1 X-33.437 Y-14.22 E5.21667
G1 X-33.856 Y-14.881 E5.25431
G1 X-34.414 Y-15.462 E5.29305
G1 X-35.185 Y-15.983 E5.33781
G1 X-35.727 Y-16.212 E5.36611
G1 X-36.296 Y-16.358 E5.39436
;WIDTH:0.458534
G1 X-36.856 Y-16.424 E5.42208
;WIDTH:0.485591
G1 X-37.137 Y-16.438 E5.43686
;WIDTH:0.512648
G1 X-37.418 Y-16.452 E5.45259
G1 X-45.592 Y-16.454 E5.9096
;WIDTH:0.515602
G1 X-45.742 Y-16.456 E5.91804
;WIDTH:0.548672
G1 X-46.243 Y-16.493 E5.94838
;WIDTH:0.562024
G1 X-46.56 Y-16.583 E5.96883
;WIDTH:0.581822
G1 X-46.901 Y-16.725 E5.99267
;WIDTH:0.594632
G1 X-47.347 Y-17.049 E6.02913
;WIDTH:0.598172
G1 X-47.611 Y-17.375 E6.05706
G1 X-47.846 Y-17.822 E6.09068
;WIDTH:0.571168
G1 X-47.955 Y-18.33 E6.12352
;WIDTH:0.547619
G1 X-47.976 Y-18.84 E6.15428
;WIDTH:0.511447
G1 X-47.978 Y-29.06 E6.72415
;WIDTH:0.536551
G1 X-47.945 Y-29.429 E6.74597
;WIDTH:0.561655
G1 X-47.912 Y-29.797 E6.76889
;WIDTH:0.585622
G1 X-47.742 Y-30.267 E6.80138
;WIDTH:0.59324
G1 X-47.445 Y-30.704 E6.83623
;WIDTH:0.597328
G1 X-47.127 Y-30.992 E6.86475
G1 X-46.657 Y-31.247 E6.90029
;WIDTH:0.5772
G1 X-46.139 Y-31.375 E6.93442
;WIDTH:0.547847
G1 X-45.608 Y-31.401 E6.96648
;WIDTH:0.513209
G1 X-37.373 Y-31.403 E7.42748
;WIDTH:0.542182
G1 X-36.932 Y-31.389 E7.45377
G1 X-36.735 Y-31.43 E7.46576
;WIDTH:0.496091
G1 X-36.538 Y-31.472 E7.47661
;WIDTH:0.45
G1 X-35.944 Y-31.578 E7.50563
G1 X-35.193 Y-31.872 E7.54442
G1 X-34.4 Y-32.402 E7.59029
G1 X-33.847 Y-32.988 E7.62904
G1 X-33.349 Y-33.828 E7.67601
G1 X-33.072 Y-34.741 E7.7219
G1 X-33.009 Y-35.427 E7.75503
G1 X-33.009 Y-40.371 E7.99282
G1 X-33.009 Y-40.371 F7800
G1 X-33.395 Y-40.817
G1 F3600
G1 X-19.116 Y-40.817 E8.67959
G1 X-19.116 Y-33.599 E9.02675
G1 X-19.116 Y-7.038 E10.30424
G1 X-33.395 Y-7.038 E10.99101
G1 X-33.395 Y-12.429 E11.2503
G1 X-33.519 Y-13.359 E11.29543
G1 X-33.768 Y-14.021 E11.32945
G1 X-34.141 Y-14.622 E11.36347
G1 X-34.636 Y-15.147 E11.39817
G1 X-35.342 Y-15.631 E11.43934
G1 X-35.83 Y-15.84 E11.46487
G1 X-36.343 Y-15.976 E11.4904
G1 X-36.856 Y-16.035 E11.51524
G1 X-45.742 Y-16.038 E11.94263
G1 X-46.342 Y-16.065 E11.97152
G1 X-46.85 Y-16.205 E11.99686
G1 X-47.269 Y-16.41 E12.0193
G1 X-47.693 Y-16.74 E12.04514
G1 X-48.021 Y-17.168 E12.07108
G1 X-48.276 Y-17.703 E12.09959
G1 X-48.391 Y-18.318 E12.12968
G1 X-48.392 Y-29.431 E12.66418
G1 X-48.33 Y-29.957 E12.68965
G1 X-48.157 Y-30.45 E12.71478
G1 X-47.875 Y-30.906 E12.74057
G1 X-47.428 Y-31.345 E12.7707
G1 X-46.958 Y-31.61 E12.79665
G1 X-46.589 Y-31.722 E12.8152
G1 X-45.99 Y-31.817 E12.84437
G1 X-37.163 Y-31.82 E13.26892
G1 X-36.595 Y-31.853 E13.29628
G1 X-36.074 Y-31.942 E13.3217
G1 X-35.399 Y-32.198 E13.35642
G1 X-34.673 Y-32.674 E13.39817
G1 X-34.173 Y-33.194 E13.43287
G1 X-33.715 Y-33.949 E13.47534
G1 X-33.456 Y-34.779 E13.51716
G1 X-33.395 Y-35.427 E13.54846
G1 X-33.395 Y-40.757 E13.80481
G1 X-33.395 Y-40.757 F7800
G1 X-33.78 Y-41.203
;TYPE:External perimeter
G1 F1800
G1 X-18.73 Y-41.203 E14.52866
G1 X-18.73 Y-33.599 E14.89439
G1 X-18.73 Y-6.653 E16.1904
G1 X-33.78 Y-6.653 E16.91425
G1 X-33.78 Y-12.429 E17.19206
G1 X-33.882 Y-13.229 E17.23085
G1 X-34.099 Y-13.823 E17.26127
G1 X-34.427 Y-14.363 E17.29166
G1 X-34.858 Y-14.832 E17.3223
G1 X-35.465 Y-15.259 E17.35799
G1 X-35.82 Y-15.421 E17.37676
G1 X-36.362 Y-15.587 E17.40402
G1 X-36.856 Y-15.649 E17.42797
G1 X-45.742 Y-15.652 E17.85536
G1 X-46.408 Y-15.683 E17.88743
G1 X-47.069 Y-15.866 E17.92042
G1 X-47.547 Y-16.121 E17.94648
G1 X-47.967 Y-16.466 E17.97262
G1 X-48.31 Y-16.884 E17.99863
G1 X-48.557 Y-17.374 E18.02502
G1 X-48.705 Y-17.81 E18.04717
G1 X-48.777 Y-18.294 E18.0707
G1 X-48.78 Y-29.366 E18.60322
G1 X-48.735 Y-29.878 E18.62794
G1 X-48.585 Y-30.436 E18.65573
G1 X-48.278 Y-31.011 E18.68708
G1 X-47.967 Y-31.389 E18.71062
G1 X-47.579 Y-31.706 E18.73472
G1 X-47.043 Y-31.994 E18.76399
G1 X-46.46 Y-32.147 E18.79298
G1 X-46 Y-32.203 E18.81527
G1 X-36.828 Y-32.208 E19.25641
G1 X-36.204 Y-32.305 E19.28678
G1 X-35.606 Y-32.524 E19.31741
G1 X-34.946 Y-32.947 E19.35511
G1 X-34.499 Y-33.401 E19.38575
G1 X-34.081 Y-34.07 E19.42369
G1 X-33.84 Y-34.817 E19.46144
G1 X-33.78 Y-35.427 E19.49092
G1 X-33.78 Y-41.143 E19.76584
G1 X-33.385 Y-41.202 F7800
G1 E17.76584 F2400
G92 E0
G1 X-19.617 Y-38.659 F7800
G1 E2 F2400
;TYPE:Internal infill
;WIDTH:0.45
G1 F4800
G1 X-21.101 Y-40.142 E2.10091
G1 X-24.736 Y-40.142 E2.27574
G1 X-19.791 Y-35.196 E2.61213
G1 X-19.791 Y-31.561 E2.78696
G1 X-28.372 Y-40.142 E3.37063
G1 X-32.008 Y-40.142 E3.54551
G1 X-19.791 Y-27.925 E4.3765
G1 X-19.791 Y-24.289 E4.55138
G1 X-32.723 Y-37.222 E5.43103
G1 X-32.725 Y-35.308 E5.52309
G1 X-32.813 Y-34.54 E5.56027
G1 X-33.028 Y-33.891 E5.59315
G1 X-19.791 Y-20.654 E6.49352
G1 X-19.791 Y-17.018 E6.6684
G1 X-34.648 Y-31.875 E7.67896
G1 X-35.282 Y-31.508 E7.71419
G1 X-35.851 Y-31.305 E7.74325
G1 X-36.697 Y-31.122 E7.78488
G1 X-35.965 Y-30.664 E7.82641
G1 X-35.46 Y-30.013 E7.86604
G1 X-35.229 Y-29.171 E7.90803
G1 X-35.229 Y-28.821 E7.92486
G1 X-19.791 Y-13.383 E8.97493
G1 X-19.791 Y-9.747 E9.14981
G1 X-35.226 Y-25.182 E10.19968
G1 X-35.222 Y-21.543 E10.3747
G1 X-21.393 Y-7.713 E11.31537
G1 X-25.028 Y-7.713 E11.4902
G1 X-35.373 Y-18.058 E12.19385
G1 X-35.731 Y-17.434 E12.22845
G1 X-35.966 Y-17.204 E12.24427
G1 X-36.334 Y-16.934 E12.26622
G1 X-36.79 Y-16.719 E12.29047
G1 X-36.084 Y-16.611 E12.32482
G1 X-35.481 Y-16.431 E12.35509
G1 X-34.951 Y-16.188 E12.38313
G1 X-34.073 Y-15.551 E12.4353
G1 X-33.581 Y-15.004 E12.47069
G1 X-33.131 Y-14.261 E12.51247
G1 X-32.847 Y-13.465 E12.55312
G1 X-32.72 Y-12.435 E12.60303
G1 X-32.72 Y-11.769 E12.63506
G1 X-28.664 Y-7.713 E12.91094
G1 X-32.3 Y-7.713 E13.08582
G1 X-32.893 Y-8.307 E13.12619
;LAYER_CHANGE
;Z:15.35
;HEIGHT:0.3
G1 Z15.35 F7800
G1 E11.12619 F2400
G92 E0
G1 X-32.893 Y-8.307 F7800
G1 X-46.054 Y-16.96
G1 E2 F2400
;TYPE:Perimeter
;WIDTH:0.550913
G1 F3600
G1 X-46.186 Y-16.977 E2.00808
;WIDTH:0.587932
G1 X-46.642 Y-17.169 E2.04039
;WIDTH:0.595523
G1 X-47.011 Y-17.463 E2.07165
G1 X-47.332 Y-17.916 E2.10843
;WIDTH:0.576376
G1 X-47.45 Y-18.263 E2.13184
;WIDTH:0.5565
G1 X-47.532 Y-18.84 E2.16761
;WIDTH:0.510886
G1 X-47.53 Y-29.06 E2.73677
;WIDTH:0.509783
;WIDTH:0.550962
G1 X-47.431 Y-29.664 E2.77392
;WIDTH:0.58861
G1 X-47.27 Y-30.042 E2.80078
;WIDTH:0.589302
G1 X-46.921 Y-30.48 E2.83745
G1 X-46.479 Y-30.764 E2.87185
;WIDTH:0.570891
G1 X-46.129 Y-30.886 E2.89527
;WIDTH:0.543992
G1 X-45.592 Y-30.954 E2.92765
;WIDTH:0.511034
;WIDTH:0.513208
G1 X-37.373 Y-30.954 E3.38775
;WIDTH:0.524553
G1 X-36.915 Y-30.894 E3.41426
G1 X-36.612 Y-30.724 E3.4342
;WIDTH:0.487276
G1 X-36.31 Y-30.554 E3.45248
;WIDTH:0.45
G1 X-36.01 Y-30.289 E3.47173
G1 X-35.727 Y-29.896 E3.49502
G1 X-35.624 Y-29.63 E3.50874
G1 X-35.51 Y-29.056 E3.53689
G1 X-35.509 Y-18.841 E4.0282
G1 X-35.559 Y-18.407 E4.04921
G1 X-35.827 Y-17.808 E4.08077
G1 X-36.053 Y-17.515 E4.09857
G1 X-36.402 Y-17.231 E4.12021
;WIDTH:0.496396
G1 X-36.653 Y-17.095 E4.13559
;WIDTH:0.542792
G1 X-36.904 Y-16.96 E4.1526
G1 X-37.419 Y-16.9 E4.18354
;WIDTH:0.512649
G1 X-45.592 Y-16.901 E4.6405
;WIDTH:0.550913
G1 X-45.994 Y-16.952 E4.66509
G1 X-45.994 Y-16.952 F7800
G1 X-45.954 Y-17.372
;WIDTH:0.45
G1 F3600
G1 X-46.029 Y-17.384 E4.66874
G1 X-46.38 Y-17.541 E4.68723
G1 X-46.691 Y-17.796 E4.70657
G1 X-46.969 Y-18.189 E4.72972
G1 X-47.102 Y-18.713 E4.75572
G1 X-47.116 Y-18.84 E4.76187
G1 X-47.115 Y-29.06 E5.25342
G1 X-47.008 Y-29.558 E5.27792
G1 X-46.905 Y-29.771 E5.2893
G1 X-46.567 Y-30.182 E5.31489
G1 X-46.125 Y-30.441 E5.33953
G1 X-45.592 Y-30.538 E5.36559
G1 X-37.373 Y-30.537 E5.7609
G1 X-36.931 Y-30.457 E5.7825
G1 X-36.407 Y-30.153 E5.81164
G1 X-36.062 Y-29.705 E5.83884
G1 X-35.909 Y-29.142 E5.8669
G1 X-35.895 Y-28.099 E5.91707
G1 X-35.895 Y-18.841 E6.36235
G1 X-35.978 Y-18.365 E6.38559
G1 X-36.241 Y-17.875 E6.41234
G1 X-36.584 Y-17.571 E6.43438
G1 X-37.001 Y-17.381 E6.45642
G1 X-37.419 Y-17.317 E6.47676
G1 X-45.593 Y-17.317 E6.8699
G1 X-45.895 Y-17.363 E6.88459
G1 X-45.895 Y-17.363 F7800
G1 X-45.862 Y-17.753
;TYPE:External perimeter
G1 F1800
G1 X-45.964 Y-17.772 E6.88958
G1 X-46.158 Y-17.856 E6.89975
G1 X-46.421 Y-18.079 E6.91633
G1 X-46.635 Y-18.395 E6.93469
G1 X-46.73 Y-18.84 E6.95658
G1 X-46.729 Y-29.06 E7.44813
G1 X-46.595 Y-29.541 E7.47215
G1 X-46.328 Y-29.878 E7.49283
G1 X-45.975 Y-30.083 E7.51246
G1 X-45.592 Y-30.153 E7.53119
G1 X-37.373 Y-30.151 E7.9265
G1 X-37.051 Y-30.087 E7.94229
G1 X-36.63 Y-29.83 E7.96601
G1 X-36.376 Y-29.46 E7.9876
G1 X-36.28 Y-29.015 E8.0095
G1 X-36.28 Y-18.841 E8.49883
G1 X-36.329 Y-18.526 E8.51416
G1 X-36.585 Y-18.073 E8.53919
G1 X-36.817 Y-17.884 E8.55358
G1 X-37.067 Y-17.761 E8.56698
G1 X-37.419 Y-17.703 E8.58414
G1 X-45.592 Y-17.703 E8.97723
G1 X-45.803 Y-17.742 E8.98755
G1 X-46.174 Y-17.891 F7800
G1 E6.98755 F2400
G92 E0
G1 X-33.009 Y-40.431 F7800
G1 E2 F2400
;TYPE:Perimeter
G1 F3600
G1 X-19.502 Y-40.431 E2.64964
G1 X-19.502 Y-33.599 E2.97824
G1 X-19.502 Y-7.424 E4.23717
G1 X-33.009 Y-7.424 E4.88681
G1 X-33.009 Y-12.429 E5.12753
G1 X-33.156 Y-13.489 E5.179
G1 X-33.437 Y-14.22 E5.21667
G1 X-33.856 Y-14.881 E5.25431
G1 X-34.414 Y-15.462 E5.29305
G1 X-35.185 Y-15.983 E5.33781
G1 X-35.727 Y-16.212 E5.36611
G1 X-36.296 Y-16.358 E5.39436
;WIDTH:0.499953
G1 X-36.59 Y-16.414 E5.41062
;WIDTH:0.549906
G1 X-36.884 Y-16.47 E5.42874
G1 X-37.419 Y-16.452 E5.46116
;WIDTH:0.512649
G1 X-45.592 Y-16.454 E5.91812
;WIDTH:0.515602
G1 X-45.742 Y-16.456 E5.92656
;WIDTH:0.550913
G1 X-46.297 Y-16.508 E5.96039
;WIDTH:0.574388
G1 X-46.676 Y-16.61 E5.98536
;WIDTH:0.594079
G1 X-47.154 Y-16.878 E6.02156
;WIDTH:0.599752
G1 X-47.518 Y-17.241 E6.05589
G1 X-47.791 Y-17.688 E6.09086
;WIDTH:0.576376
G1 X-47.936 Y-18.191 E6.12429
;WIDTH:0.5565
G1 X-47.979 Y-18.84 E6.16421
;WIDTH:0.510886
G1 X-47.976 Y-29.06 E6.73337
;WIDTH:0.541208
G1 X-47.96 Y-29.465 E6.75748
;WIDTH:0.568044
G1 X-47.861 Y-29.975 E6.79012
;WIDTH:0.587275
G1 X-47.728 Y-30.289 E6.81236
;WIDTH:0.592995
G1 X-47.487 Y-30.641 E6.84049
G1 X-47.129 Y-30.991 E6.8735
G1 X-46.631 Y-31.244 E6.91033
;WIDTH:0.564023
G1 X-46.198 Y-31.36 E6.93827
;WIDTH:0.543992
G1 X-45.592 Y-31.401 E6.9746
;WIDTH:0.513208
G1 X-37.373 Y-31.403 E7.4347
;WIDTH:0.542177
G1 X-36.932 Y-31.389 E7.46099
G1 X-36.735 Y-31.43 E7.47298
;WIDTH:0.496088
G1 X-36.538 Y-31.472 E7.48383
;WIDTH:0.45
G1 X-35.944 Y-31.578 E7.51285
G1 X-35.213 Y-31.86 E7.55053
G1 X-34.534 Y-32.294 E7.58929
G1 X-33.847 Y-32.988 E7.63626
G1 X-33.349 Y-33.828 E7.68323
G1 X-33.072 Y-34.741 E7.72912
G1 X-33.009 Y-35.427 E7.76225
G1 X-33.009 Y-40.371 E8.00004
G1 X-33.009 Y-40.371 F7800
G1 X-33.395 Y-40.817
G1 F3600
G1 X-19.116 Y-40.817 E8.68681
G1 X-19.116 Y-33.599 E9.03397
G1 X-19.116 Y-7.038 E10.31146
G1 X-33.395 Y-7.038 E10.99823
G1 X-33.395 Y-12.429 E11.25752
G1 X-33.519 Y-13.359 E11.30265
G1 X-33.768 Y-14.021 E11.33667
G1 X-34.141 Y-14.622 E11.37069
G1 X-34.636 Y-15.147 E11.40539
G1 X-35.342 Y-15.631 E11.44656
G1 X-35.83 Y-15.84 E11.47209
G1 X-36.343 Y-15.976 E11.49762
G1 X-36.856 Y-16.035 E11.52246
G1 X-45.593 Y-16.038 E11.94268
G1 X-46.036 Y-16.044 E11.96399
G1 X-46.535 Y-16.103 E11.98816
G1 X-47.131 Y-16.322 E12.0187
G1 X-47.545 Y-16.611 E12.04298
G1 X-47.914 Y-16.994 E12.06856
G1 X-48.166 Y-17.439 E12.09316
G1 X-48.32 Y-17.918 E12.11736
G1 X-48.395 Y-18.45 E12.1432
G1 X-48.391 Y-29.523 E12.67577
G1 X-48.3 Y-30.051 E12.70154
G1 X-48.113 Y-30.546 E12.72699
G1 X-47.814 Y-30.97 E12.75194
G1 X-47.476 Y-31.3 E12.77466
G1 X-47.071 Y-31.561 E12.79783
G1 X-46.536 Y-31.744 E12.82503
G1 X-45.976 Y-31.817 E12.85219
G1 X-37.163 Y-31.82 E13.27606
G1 X-36.595 Y-31.853 E13.30342
G1 X-36.074 Y-31.942 E13.32884
G1 X-35.412 Y-32.19 E13.36284
G1 X-34.8 Y-32.573 E13.39756
G1 X-34.173 Y-33.194 E13.44
G1 X-33.715 Y-33.949 E13.48247
G1 X-33.456 Y-34.779 E13.52429
G1 X-33.395 Y-35.427 E13.55559
G1 X-33.395 Y-40.757 E13.81194
G1 X-33.395 Y-40.757 F7800
G1 X-33.78 Y-41.203
;TYPE:External perimeter
G1 F1800
G1 X-18.73 Y-41.203 E14.53579
G1 X-18.73 Y-33.599 E14.90152
G1 X-18.73 Y-6.653 E16.19753
G1 X-33.78 Y-6.653 E16.92138
G1 X-33.78 Y-12.429 E17.19919
G1 X-33.882 Y-13.229 E17.23798
G1 X-34.099 Y-13.823 E17.2684
G1 X-34.427 Y-14.363 E17.29879
G1 X-34.858 Y-14.832 E17.32943
G1 X-35.465 Y-15.259 E17.36512
G1 X-35.906 Y-15.459 E17.38841
G1 X-36.362 Y-15.587 E17.41119
G1 X-36.856 Y-15.649 E17.43514
G1 X-45.742 Y-15.652 E17.86253
G1 X-46.378 Y-15.69 E17.89317
G1 X-46.863 Y-15.794 E17.91703
G1 X-47.382 Y-16.024 E17.94433
G1 X-47.797 Y-16.319 E17.96882
G1 X-48.231 Y-16.771 E17.99896
G1 X-48.568 Y-17.366 E18.03185
G1 X-48.722 Y-17.923 E18.05964
G1 X-48.78 Y-18.436 E18.08447
G1 X-48.777 Y-29.556 E18.6193
G1 X-48.659 Y-30.235 E18.65245
G1 X-48.453 Y-30.733 E18.67837
G1 X-48.13 Y-31.192 E18.70536
G1 X-47.735 Y-31.585 E18.73216
G1 X-47.235 Y-31.913 E18.76092
G1 X-46.543 Y-32.149 E18.79609
G1 X-45.995 Y-32.203 E18.82257
G1 X-36.828 Y-32.208 E19.26347
G1 X-36.204 Y-32.305 E19.29384
G1 X-35.61 Y-32.521 E19.32424
G1 X-35.066 Y-32.852 E19.35487
G1 X-34.499 Y-33.4 E19.3928
G1 X-34.081 Y-34.07 E19.43078
G1 X-33.84 Y-34.817 E19.46853
G1 X-33.78 Y-35.427 E19.49801
G1 X-33.78 Y-41.143 E19.77293
G1 X-33.385 Y-41.202 F7800
G1 E17.77293 F2400
G92 E0
G1 X-19.617 Y-38.659 F7800
G1 E2 F2400
;TYPE:Internal infill
;WIDTH:0.45
G1 F4800
G1 X-21.101 Y-40.142 E2.10091
G1 X-24.736 Y-40.142 E2.27574
G1 X-19.791 Y-35.196 E2.61213
G1 X-19.791 Y-31.561 E2.78696
G1 X-28.372 Y-40.142 E3.37063
G1 X-32.008 Y-40.142 E3.54551
G1 X-19.791 Y-27.925 E4.3765
G1 X-19.791 Y-24.289 E4.55138
G1 X-32.723 Y-37.222 E5.43103
G1 X-32.725 Y-35.308 E5.52309
G1 X-32.813 Y-34.54 E5.56027
G1 X-33.028 Y-33.891 E5.59315
G1 X-19.791 Y-20.654 E6.49352
G1 X-19.791 Y-17.018 E6.6684
G1 X-34.64 Y-31.867 E7.67841
G1 X-35.282 Y-31.508 E7.71379
G1 X-35.851 Y-31.305 E7.74285
G1 X-36.697 Y-31.122 E7.78448
G1 X-35.965 Y-30.664 E7.82601
G1 X-35.475 Y-30.04 E7.86417
G1 X-35.242 Y-29.249 E7.90383
G1 X-35.22 Y-28.812 E7.92487
G1 X-19.791 Y-13.383 E8.97433
G1 X-19.791 Y-9.747 E9.14921
G1 X-35.22 Y-25.176 E10.19867
G1 X-35.22 Y-21.54 E10.37355
G1 X-21.393 Y-7.713 E11.31405
G1 X-25.028 Y-7.713 E11.48888
G1 X-35.376 Y-18.061 E12.19274
G1 X-35.718 Y-17.447 E12.22654
G1 X-36.152 Y-17.044 E12.25503
G1 X-36.651 Y-16.734 E12.28328
G1 X-35.617 Y-16.481 E12.33448
G1 X-34.882 Y-16.145 E12.37335
G1 X-34.196 Y-15.661 E12.41373
G1 X-33.581 Y-15.004 E12.45701
G1 X-33.131 Y-14.261 E12.49879
G1 X-32.847 Y-13.465 E12.53944
G1 X-32.72 Y-12.435 E12.58935
G1 X-32.72 Y-11.769 E12.62138
G1 X-28.664 Y-7.713 E12.89726
G1 X-32.3 Y-7.713 E13.07214
G1 X-32.893 Y-8.307 E13.11251
;LAYER_CHANGE
;Z:15.65
;HEIGHT:0.299999
G1 Z15.65 F7800
G1 E11.11251 F2400
G92 E0
G1 X-32.893 Y-8.307 F7800
G1 X-46.061 Y-16.961
G1 E2 F2400
;TYPE:Perimeter
;WIDTH:0.550907
G1 F3600
G1 X-46.186 Y-16.977 E2.00765
;WIDTH:0.587933
G1 X-46.642 Y-17.169 E2.03996
;WIDTH:0.595523
G1 X-47.011 Y-17.463 E2.07122
G1 X-47.332 Y-17.916 E2.108
;WIDTH:0.576376
G1 X-47.45 Y-18.263 E2.13141
;WIDTH:0.556501
G1 X-47.532 Y-18.84 E2.16718
;WIDTH:0.510887
G1 X-47.53 Y-29.06 E2.73634
;WIDTH:0.509782
;WIDTH:0.550966
G1 X-47.431 Y-29.664 E2.77349
;WIDTH:0.588606
G1 X-47.27 Y-30.042 E2.80035
;WIDTH:0.589301
G1 X-46.921 Y-30.48 E2.83702
G1 X-46.48 Y-30.763 E2.87133
;WIDTH:0.571106
G1 X-46.13 Y-30.886 E2.89478
;WIDTH:0.544141
G1 X-45.592 Y-30.954 E2.92723
;WIDTH:0.511034
;WIDTH:0.513208
G1 X-37.373 Y-30.954 E3.38733
;WIDTH:0.533587
G1 X-37.042 Y-30.926 E3.40677
G1 X-36.714 Y-30.766 E3.42813
;WIDTH:0.491793
G1 X-36.385 Y-30.606 E3.44763
;WIDTH:0.45
G1 X-36.169 Y-30.457 E3.46025
G1 X-35.804 Y-30.011 E3.48797
G1 X-35.624 Y-29.63 E3.50824
G1 X-35.517 Y-29.137 E3.5325
G1 X-35.509 Y-18.841 E4.0277
G1 X-35.559 Y-18.407 E4.04871
G1 X-35.827 Y-17.808 E4.08027
G1 X-36.053 Y-17.515 E4.09807
G1 X-36.422 Y-17.221 E4.12076
;WIDTH:0.487428
G1 X-36.668 Y-17.091 E4.13544
;WIDTH:0.524857
G1 X-36.915 Y-16.961 E4.15147
G1 X-37.418 Y-16.9 E4.18057
;WIDTH:0.512649
G1 X-45.592 Y-16.901 E4.63758
;WIDTH:0.550907
G1 X-46.001 Y-16.953 E4.6626
G1 X-46.001 Y-16.953 F7800
G1 X-45.958 Y-17.373
;WIDTH:0.45
G1 F3600
G1 X-46.029 Y-17.384 E4.66606
G1 X-46.38 Y-17.541 E4.68455
G1 X-46.691 Y-17.796 E4.70389
G1 X-46.969 Y-18.189 E4.72704
G1 X-47.102 Y-18.713 E4.75304
G1 X-47.116 Y-18.84 E4.75919
G1 X-47.115 Y-29.06 E5.25074
G1 X-47.008 Y-29.558 E5.27524
G1 X-46.905 Y-29.771 E5.28662
G1 X-46.567 Y-30.182 E5.31221
G1 X-46.126 Y-30.441 E5.33681
G1 X-45.592 Y-30.538 E5.36291
G1 X-37.373 Y-30.537 E5.75822
G1 X-36.956 Y-30.461 E5.77861
G1 X-36.429 Y-30.172 E5.80752
G1 X-36.108 Y-29.774 E5.83211
G1 X-36 Y-29.545 E5.84429
G1 X-35.895 Y-29.025 E5.8698
G1 X-35.895 Y-18.841 E6.35962
G1 X-35.978 Y-18.365 E6.38286
G1 X-36.24 Y-17.875 E6.40958
G1 X-36.595 Y-17.565 E6.43225
G1 X-37.061 Y-17.364 E6.45666
G1 X-37.418 Y-17.317 E6.47398
G1 X-45.593 Y-17.317 E6.86717
G1 X-45.899 Y-17.364 E6.88206
G1 X-45.863 Y-17.753 F7800
;TYPE:External perimeter
G1 F1800
G1 X-45.964 Y-17.772 E6.887
G1 X-46.158 Y-17.856 E6.89717
G1 X-46.421 Y-18.079 E6.91375
G1 X-46.635 Y-18.395 E6.93211
G1 X-46.73 Y-18.84 E6.954
G1 X-46.729 Y-29.06 E7.44555
G1 X-46.595 Y-29.541 E7.46957
G1 X-46.328 Y-29.878 E7.49025
G1 X-45.976 Y-30.082 E7.50982
G1 X-45.592 Y-30.153 E7.5286
G1 X-37.373 Y-30.151 E7.92391
G1 X-37.103 Y-30.104 E7.93709
G1 X-36.667 Y-29.863 E7.96105
G1 X-36.376 Y-29.46 E7.98496
G1 X-36.28 Y-29.015 E8.00686
G1 X-36.28 Y-18.841 E8.49619
G1 X-36.329 Y-18.526 E8.51152
G1 X-36.585 Y-18.073 E8.53655
G1 X-36.791 Y-17.899 E8.54952
G1 X-37.118 Y-17.745 E8.5669
G1 X-37.418 Y-17.703 E8.58147
G1 X-45.592 Y-17.703 E8.97461
G1 X-45.804 Y-17.742 E8.98498
G1 X-46.175 Y-17.892 F7800
G1 E6.98498 F2400
G92 E0
G1 X-33.009 Y-40.431 F7800
G1 E2 F2400
;TYPE:Perimeter
G1 F3600
G1 X-19.502 Y-40.431 E2.64964
G1 X-19.502 Y-33.599 E2.97824
G1 X-19.502 Y-7.424 E4.23717
G1 X-33.009 Y-7.424 E4.88681
G1 X-33.009 Y-12.429 E5.12753
G1 X-33.156 Y-13.489 E5.179
G1 X-33.437 Y-14.22 E5.21667
G1 X-33.856 Y-14.881 E5.25431
G1 X-34.414 Y-15.462 E5.29305
G1 X-35.185 Y-15.983 E5.33781
G1 X-35.727 Y-16.212 E5.36611
G1 X-36.296 Y-16.358 E5.39436
;WIDTH:0.487428
G1 X-36.576 Y-16.408 E5.40937
;WIDTH:0.524857
G1 X-36.856 Y-16.458 E5.42571
G1 X-37.418 Y-16.452 E5.45799
;WIDTH:0.512649
G1 X-45.592 Y-16.454 E5.915
;WIDTH:0.515602
G1 X-45.742 Y-16.456 E5.92344
;WIDTH:0.550907
G1 X-46.297 Y-16.508 E5.95727
;WIDTH:0.574388
G1 X-46.676 Y-16.61 E5.98224
;WIDTH:0.594078
G1 X-47.154 Y-16.878 E6.01844
;WIDTH:0.599753
G1 X-47.518 Y-17.241 E6.05277
G1 X-47.791 Y-17.688 E6.08774
;WIDTH:0.576376
G1 X-47.936 Y-18.191 E6.12117
;WIDTH:0.556501
G1 X-47.979 Y-18.84 E6.16109
;WIDTH:0.510887
G1 X-47.976 Y-29.06 E6.73025
;WIDTH:0.541207
G1 X-47.96 Y-29.465 E6.75436
;WIDTH:0.568044
G1 X-47.861 Y-29.975 E6.787
;WIDTH:0.587279
G1 X-47.728 Y-30.289 E6.80924
;WIDTH:0.592996
G1 X-47.487 Y-30.641 E6.83737
G1 X-47.129 Y-30.991 E6.87038
G1 X-46.631 Y-31.244 E6.90721
;WIDTH:0.564088
G1 X-46.199 Y-31.36 E6.93509
;WIDTH:0.544141
G1 X-45.592 Y-31.401 E6.97149
;WIDTH:0.513208
G1 X-36.856 Y-31.409 E7.46053
;WIDTH:0.501723
G1 X-36.547 Y-31.463 E7.47764
;WIDTH:0.475861
G1 X-36.239 Y-31.516 E7.49368
;WIDTH:0.45
G1 X-35.671 Y-31.676 E7.52206
G1 X-35.193 Y-31.872 E7.54691
G1 X-34.4 Y-32.402 E7.59278
G1 X-33.847 Y-32.988 E7.63153
G1 X-33.349 Y-33.828 E7.6785
G1 X-33.072 Y-34.741 E7.72439
G1 X-33.009 Y-35.427 E7.75752
G1 X-33.009 Y-40.371 E7.99531
G1 X-33.009 Y-40.371 F7800
G1 X-33.395 Y-40.817
G1 F3600
G1 X-19.116 Y-40.817 E8.68208
G1 X-19.116 Y-33.599 E9.02924
G1 X-19.116 Y-7.038 E10.30673
G1 X-33.395 Y-7.038 E10.9935
G1 X-33.395 Y-12.429 E11.25279
G1 X-33.519 Y-13.359 E11.29792
G1 X-33.768 Y-14.021 E11.33194
G1 X-34.141 Y-14.622 E11.36596
G1 X-34.636 Y-15.147 E11.40066
G1 X-35.342 Y-15.631 E11.44183
G1 X-35.83 Y-15.84 E11.46736
G1 X-36.343 Y-15.976 E11.49289
G1 X-36.856 Y-16.035 E11.51773
G1 X-45.593 Y-16.038 E11.93795
G1 X-46.036 Y-16.044 E11.95926
G1 X-46.535 Y-16.103 E11.98343
G1 X-47.131 Y-16.322 E12.01397
G1 X-47.545 Y-16.611 E12.03825
G1 X-47.914 Y-16.994 E12.06383
G1 X-48.166 Y-17.439 E12.08843
G1 X-48.32 Y-17.918 E12.11263
G1 X-48.395 Y-18.45 E12.13847
G1 X-48.391 Y-29.523 E12.67104
G1 X-48.3 Y-30.051 E12.69681
G1 X-48.113 Y-30.546 E12.72226
G1 X-47.814 Y-30.97 E12.74721
G1 X-47.477 Y-31.299 E12.76986
G1 X-47.069 Y-31.563 E12.79323
G1 X-46.536 Y-31.744 E12.8203
G1 X-45.976 Y-31.817 E12.84746
G1 X-37.373 Y-31.82 E13.26123
G1 X-36.706 Y-31.837 E13.29332
G1 X-36.074 Y-31.942 E13.32413
G1 X-35.4 Y-32.198 E13.35881
G1 X-34.673 Y-32.674 E13.4006
G1 X-34.173 Y-33.195 E13.43533
G1 X-33.715 Y-33.949 E13.47776
G1 X-33.456 Y-34.779 E13.51958
G1 X-33.395 Y-35.427 E13.55088
G1 X-33.395 Y-40.757 E13.80723
G1 X-33.395 Y-40.757 F7800
G1 X-33.78 Y-41.203
;TYPE:External perimeter
G1 F1800
G1 X-18.73 Y-41.203 E14.53108
G1 X-18.73 Y-33.599 E14.89681
G1 X-18.73 Y-6.653 E16.19282
G1 X-33.78 Y-6.653 E16.91667
G1 X-33.78 Y-12.429 E17.19448
G1 X-33.882 Y-13.229 E17.23327
G1 X-34.099 Y-13.823 E17.26369
G1 X-34.427 Y-14.363 E17.29408
G1 X-34.858 Y-14.832 E17.32472
G1 X-35.465 Y-15.259 E17.36041
G1 X-35.906 Y-15.459 E17.3837
G1 X-36.362 Y-15.587 E17.40648
G1 X-36.856 Y-15.649 E17.43043
G1 X-45.742 Y-15.652 E17.85782
G1 X-46.378 Y-15.69 E17.88846
G1 X-46.863 Y-15.794 E17.91232
G1 X-47.382 Y-16.024 E17.93962
G1 X-47.797 Y-16.319 E17.96411
G1 X-48.231 Y-16.771 E17.99425
G1 X-48.568 Y-17.366 E18.02714
G1 X-48.722 Y-17.923 E18.05493
G1 X-48.78 Y-18.436 E18.07976
G1 X-48.777 Y-29.556 E18.61459
G1 X-48.659 Y-30.235 E18.64774
G1 X-48.453 Y-30.733 E18.67366
G1 X-48.13 Y-31.192 E18.70065
G1 X-47.736 Y-31.585 E18.72742
G1 X-47.233 Y-31.914 E18.75633
G1 X-46.543 Y-32.149 E18.79139
G1 X-45.995 Y-32.203 E18.81787
G1 X-36.762 Y-32.218 E19.26195
G1 X-36.204 Y-32.305 E19.28911
G1 X-35.606 Y-32.524 E19.31974
G1 X-34.946 Y-32.947 E19.35744
G1 X-34.498 Y-33.401 E19.38812
G1 X-34.081 Y-34.07 E19.42604
G1 X-33.84 Y-34.817 E19.46379
G1 X-33.78 Y-35.427 E19.49327
G1 X-33.78 Y-41.143 E19.76819
G1 X-33.385 Y-41.202 F7800
G1 E17.76819 F2400
G92 E0
G1 X-19.617 Y-38.659 F7800
G1 E2 F2400
;TYPE:Internal infill
;WIDTH:0.45
G1 F4800
G1 X-21.101 Y-40.142 E2.10091
G1 X-24.736 Y-40.142 E2.27574
G1 X-19.791 Y-35.196 E2.61213
G1 X-19.791 Y-31.561 E2.78696
G1 X-28.372 Y-40.142 E3.37063
G1 X-32.008 Y-40.142 E3.54551
G1 X-19.791 Y-27.925 E4.3765
G1 X-19.791 Y-24.289 E4.55138
G1 X-32.723 Y-37.222 E5.43103
G1 X-32.725 Y-35.308 E5.52309
G1 X-32.813 Y-34.54 E5.56027
G1 X-33.028 Y-33.891 E5.59315
G1 X-19.791 Y-20.654 E6.49352
G1 X-19.791 Y-17.018 E6.6684
G1 X-34.648 Y-31.875 E7.67896
G1 X-35.282 Y-31.508 E7.71419
G1 X-35.851 Y-31.305 E7.74325
G1 X-36.75 Y-31.129 E7.78731
G1 X-35.974 Y-30.671 E7.83065
G1 X-35.461 Y-30.014 E7.87074
G1 X-35.238 Y-29.225 E7.91017
G1 X-35.22 Y-28.812 E7.93005
G1 X-19.791 Y-13.383 E8.97951
G1 X-19.791 Y-9.747 E9.15439
G1 X-35.22 Y-25.176 E10.20385
G1 X-35.22 Y-21.54 E10.37873
G1 X-21.393 Y-7.713 E11.31923
G1 X-25.028 Y-7.713 E11.49406
G1 X-35.376 Y-18.061 E12.19792
G1 X-35.718 Y-17.447 E12.23172
G1 X-36.152 Y-17.044 E12.26021
G1 X-36.685 Y-16.728 E12.29001
G1 X-35.617 Y-16.481 E12.34273
G1 X-34.882 Y-16.145 E12.3816
G1 X-34.196 Y-15.661 E12.42198
G1 X-33.581 Y-15.004 E12.46526
G1 X-33.131 Y-14.261 E12.50704
G1 X-32.847 Y-13.465 E12.54769
G1 X-32.72 Y-12.435 E12.5976
G1 X-32.72 Y-11.769 E12.62963
G1 X-28.664 Y-7.713 E12.90551
G1 X-32.3 Y-7.713 E13.08039
G1 X-32.893 Y-8.307 E13.12076
;LAYER_CHANGE
;Z:15.95
;HEIGHT:0.3
G1 Z15.95 F7800
G1 E11.12076 F2400
G92 E0
G1 X-32.893 Y-8.307 F7800
G1 X-46.061 Y-16.961
G1 E2 F2400
;TYPE:Perimeter
;WIDTH:0.550909
G1 F3600
G1 X-46.186 Y-16.977 E2.00765
;WIDTH:0.587934
G1 X-46.642 Y-17.169 E2.03996
G1 X-46.938 Y-17.393 E2.0642
;WIDTH:0.588374
G1 X-47.266 Y-17.804 E2.09857
G1 X-47.431 Y-18.194 E2.12625
;WIDTH:0.556351
G1 X-47.532 Y-18.84 E2.16637
;WIDTH:0.510887
G1 X-47.53 Y-29.06 E2.73553
;WIDTH:0.550963
G1 X-47.431 Y-29.664 E2.77268
;WIDTH:0.588564
G1 X-47.269 Y-30.043 E2.79963
G1 X-46.91 Y-30.486 E2.83691
;WIDTH:0.585317
G1 X-46.414 Y-30.8 E2.87505
;WIDTH:0.566865
G1 X-45.898 Y-30.925 E2.90832
;WIDTH:0.533789
G1 X-45.592 Y-30.954 E2.92632
;WIDTH:0.513208
G1 X-37.373 Y-30.954 E3.38642
;WIDTH:0.524559
G1 X-36.915 Y-30.894 E3.41293
G1 X-36.64 Y-30.744 E3.43091
;WIDTH:0.487279
G1 X-36.365 Y-30.595 E3.44741
;WIDTH:0.45
G1 X-36.059 Y-30.338 E3.46663
G1 X-35.754 Y-29.94 E3.49075
G1 X-35.624 Y-29.63 E3.50692
G1 X-35.516 Y-29.129 E3.53157
G1 X-35.509 Y-18.841 E4.02639
G1 X-35.559 Y-18.407 E4.0474
G1 X-35.827 Y-17.808 E4.07896
G1 X-36.053 Y-17.515 E4.09676
G1 X-36.402 Y-17.231 E4.1184
;WIDTH:0.496235
G1 X-36.653 Y-17.095 E4.13378
;WIDTH:0.542471
G1 X-36.904 Y-16.96 E4.15077
G1 X-37.419 Y-16.9 E4.18169
;WIDTH:0.512649
G1 X-45.592 Y-16.901 E4.63865
;WIDTH:0.550909
G1 X-46.001 Y-16.953 E4.66367
G1 X-46.001 Y-16.953 F7800
G1 X-45.958 Y-17.373
;WIDTH:0.45
G1 F3600
G1 X-46.029 Y-17.384 E4.66713
G1 X-46.38 Y-17.541 E4.68562
G1 X-46.689 Y-17.793 E4.7048
G1 X-46.963 Y-18.177 E4.72749
G1 X-47.101 Y-18.708 E4.75388
G1 X-47.116 Y-18.84 E4.76027
G1 X-47.115 Y-29.06 E5.25182
G1 X-47.008 Y-29.558 E5.27632
G1 X-46.902 Y-29.775 E5.28794
G1 X-46.614 Y-30.143 E5.31042
G1 X-46.128 Y-30.439 E5.33779
G1 X-45.592 Y-30.538 E5.36401
G1 X-37.373 Y-30.537 E5.75932
G1 X-36.931 Y-30.457 E5.78092
G1 X-36.429 Y-30.172 E5.80868
G1 X-36.108 Y-29.774 E5.83327
G1 X-36 Y-29.545 E5.84545
G1 X-35.895 Y-29.018 E5.8713
G1 X-35.895 Y-18.841 E6.36078
G1 X-35.978 Y-18.365 E6.38402
G1 X-36.241 Y-17.875 E6.41077
G1 X-36.584 Y-17.571 E6.43281
G1 X-37.001 Y-17.381 E6.45485
G1 X-37.419 Y-17.317 E6.47519
G1 X-45.593 Y-17.317 E6.86833
G1 X-45.899 Y-17.364 E6.88322
G1 X-45.863 Y-17.753 F7800
;TYPE:External perimeter
G1 F1800
G1 X-45.964 Y-17.772 E6.88816
G1 X-46.158 Y-17.856 E6.89833
G1 X-46.415 Y-18.071 E6.91445
G1 X-46.628 Y-18.381 E6.93254
G1 X-46.73 Y-18.84 E6.95515
G1 X-46.729 Y-29.06 E7.4467
G1 X-46.591 Y-29.547 E7.47105
G1 X-46.314 Y-29.885 E7.49207
G1 X-45.991 Y-30.077 E7.51014
G1 X-45.592 Y-30.153 E7.52968
G1 X-37.373 Y-30.151 E7.92499
G1 X-37.055 Y-30.089 E7.94057
G1 X-36.667 Y-29.863 E7.96217
G1 X-36.376 Y-29.46 E7.98608
G1 X-36.28 Y-29.015 E8.00798
G1 X-36.28 Y-18.841 E8.49731
G1 X-36.329 Y-18.526 E8.51264
G1 X-36.585 Y-18.073 E8.53767
G1 X-36.817 Y-17.884 E8.55206
G1 X-37.067 Y-17.761 E8.56546
G1 X-37.419 Y-17.703 E8.58262
G1 X-45.592 Y-17.703 E8.97571
G1 X-45.804 Y-17.742 E8.98608
G1 X-46.175 Y-17.892 F7800
G1 E6.98608 F2400
G92 E0
G1 X-33.009 Y-40.431 F7800
G1 E2 F2400
;TYPE:Perimeter
G1 F3600
G1 X-19.502 Y-40.431 E2.64964
G1 X-19.502 Y-33.599 E2.97824
G1 X-19.502 Y-7.424 E4.23717
G1 X-33.009 Y-7.424 E4.88681
G1 X-33.009 Y-12.429 E5.12753
G1 X-33.156 Y-13.489 E5.179
G1 X-33.437 Y-14.22 E5.21667
G1 X-33.856 Y-14.881 E5.25431
G1 X-34.414 Y-15.462 E5.29305
G1 X-35.185 Y-15.983 E5.33781
G1 X-35.727 Y-16.212 E5.36611
G1 X-36.296 Y-16.358 E5.39436
;WIDTH:0.499892
G1 X-36.59 Y-16.414 E5.41062
;WIDTH:0.549785
G1 X-36.885 Y-16.47 E5.4288
G1 X-37.419 Y-16.452 E5.46115
;WIDTH:0.512649
G1 X-45.592 Y-16.454 E5.91811
;WIDTH:0.515601
G1 X-45.742 Y-16.456 E5.92655
;WIDTH:0.550909
G1 X-46.297 Y-16.508 E5.96038
;WIDTH:0.574388
G1 X-46.676 Y-16.61 E5.98535
;WIDTH:0.592693
G1 X-47.157 Y-16.886 E6.02189
;WIDTH:0.599376
G1 X-47.524 Y-17.248 E6.05629
G1 X-47.789 Y-17.689 E6.09062
;WIDTH:0.580126
G1 X-47.935 Y-18.191 E6.12425
;WIDTH:0.557838
G1 X-47.979 Y-18.84 E6.16429
;WIDTH:0.510887
G1 X-47.976 Y-29.06 E6.73345
;WIDTH:0.541206
G1 X-47.96 Y-29.465 E6.75756
;WIDTH:0.568044
G1 X-47.861 Y-29.975 E6.7902
;WIDTH:0.586262
G1 X-47.731 Y-30.281 E6.81184
;WIDTH:0.591605
G1 X-47.5 Y-30.624 E6.83903
G1 X-47.112 Y-30.996 E6.87438
G1 X-46.721 Y-31.221 E6.90404
;WIDTH:0.581207
G1 X-46.222 Y-31.357 E6.93738
;WIDTH:0.54648
G1 X-45.592 Y-31.401 E6.97535
;WIDTH:0.513208
G1 X-37.373 Y-31.403 E7.43545
;WIDTH:0.54218
G1 X-36.932 Y-31.389 E7.46174
G1 X-36.823 Y-31.409 E7.46834
;WIDTH:0.511421
G1 X-36.713 Y-31.43 E7.47458
;WIDTH:0.480662
G1 X-36.204 Y-31.521 E7.50143
;WIDTH:0.45
G1 X-35.671 Y-31.676 E7.52813
G1 X-35.193 Y-31.872 E7.55298
G1 X-34.395 Y-32.407 E7.59919
G1 X-33.817 Y-33.027 E7.63996
G1 X-33.349 Y-33.829 E7.68462
G1 X-33.072 Y-34.741 E7.73046
G1 X-33.009 Y-35.427 E7.76359
G1 X-33.009 Y-40.371 E8.00138
G1 X-33.009 Y-40.371 F7800
G1 X-33.395 Y-40.817
G1 F3600
G1 X-19.116 Y-40.817 E8.68815
G1 X-19.116 Y-33.599 E9.03531
G1 X-19.116 Y-7.038 E10.3128
G1 X-33.395 Y-7.038 E10.99957
G1 X-33.395 Y-12.429 E11.25886
G1 X-33.519 Y-13.359 E11.30399
G1 X-33.768 Y-14.021 E11.33801
G1 X-34.141 Y-14.622 E11.37203
G1 X-34.636 Y-15.147 E11.40673
G1 X-35.342 Y-15.631 E11.4479
G1 X-35.83 Y-15.84 E11.47343
G1 X-36.343 Y-15.976 E11.49896
G1 X-36.856 Y-16.035 E11.5238
G1 X-45.593 Y-16.038 E11.94402
G1 X-46.036 Y-16.044 E11.96533
G1 X-46.535 Y-16.103 E11.9895
G1 X-47.072 Y-16.296 E12.01695
G1 X-47.472 Y-16.555 E12.03987
G1 X-47.9 Y-16.983 E12.06898
G1 X-48.174 Y-17.439 E12.09457
G1 X-48.317 Y-17.906 E12.11806
G1 X-48.395 Y-18.45 E12.14449
G1 X-48.391 Y-29.523 E12.67706
G1 X-48.3 Y-30.051 E12.70283
G1 X-48.113 Y-30.546 E12.72828
G1 X-47.824 Y-30.956 E12.75241
G1 X-47.41 Y-31.342 E12.77963
G1 X-46.985 Y-31.597 E12.80347
G1 X-46.536 Y-31.749 E12.82627
G1 X-45.976 Y-31.817 E12.8534
G1 X-37.163 Y-31.82 E13.27727
G1 X-36.627 Y-31.848 E13.30308
G1 X-36.074 Y-31.942 E13.33006
G1 X-35.4 Y-32.198 E13.36474
G1 X-34.67 Y-32.678 E13.40676
G1 X-34.144 Y-33.231 E13.44347
G1 X-33.715 Y-33.95 E13.48374
G1 X-33.456 Y-34.779 E13.52551
G1 X-33.395 Y-35.427 E13.55681
G1 X-33.395 Y-40.757 E13.81316
G1 X-33.395 Y-40.757 F7800
G1 X-33.78 Y-41.203
;TYPE:External perimeter
G1 F1800
G1 X-18.73 Y-41.203 E14.53701
G1 X-18.73 Y-33.599 E14.90274
G1 X-18.73 Y-6.653 E16.19875
G1 X-33.78 Y-6.653 E16.9226
G1 X-33.78 Y-12.429 E17.20041
G1 X-33.882 Y-13.229 E17.2392
G1 X-34.099 Y-13.823 E17.26962
G1 X-34.427 Y-14.363 E17.30001
G1 X-34.858 Y-14.832 E17.33065
G1 X-35.465 Y-15.259 E17.36634
G1 X-35.906 Y-15.459 E17.38963
G1 X-36.362 Y-15.587 E17.41241
G1 X-36.856 Y-15.649 E17.43636
G1 X-45.593 Y-15.652 E17.85658
G1 X-46.074 Y-15.66 E17.87972
G1 X-46.638 Y-15.732 E17.90707
G1 X-47.228 Y-15.943 E17.93721
G1 X-47.654 Y-16.197 E17.96106
G1 X-48.031 Y-16.555 E17.98607
G1 X-48.338 Y-16.934 E18.00953
G1 X-48.566 Y-17.362 E18.03285
G1 X-48.722 Y-17.923 E18.06086
G1 X-48.78 Y-18.436 E18.08569
G1 X-48.777 Y-29.556 E18.62052
G1 X-48.659 Y-30.235 E18.65367
G1 X-48.453 Y-30.733 E18.67959
G1 X-48.06 Y-31.29 E18.71238
G1 X-47.544 Y-31.735 E18.74515
G1 X-47.067 Y-31.99 E18.77116
G1 X-46.547 Y-32.148 E18.7973
G1 X-45.995 Y-32.203 E18.82398
G1 X-36.828 Y-32.208 E19.26488
G1 X-36.204 Y-32.305 E19.29525
G1 X-35.606 Y-32.524 E19.32588
G1 X-34.945 Y-32.948 E19.36365
G1 X-34.471 Y-33.436 E19.39637
G1 X-34.081 Y-34.071 E19.43221
G1 X-33.84 Y-34.817 E19.46992
G1 X-33.78 Y-35.427 E19.4994
G1 X-33.78 Y-41.143 E19.77432
G1 X-33.385 Y-41.202 F7800
G1 E17.77432 F2400
G92 E0
G1 X-19.617 Y-38.659 F7800
G1 E2 F2400
;TYPE:Internal infill
;WIDTH:0.45
G1 F4800
G1 X-21.101 Y-40.142 E2.10091
G1 X-24.736 Y-40.142 E2.27574
G1 X-19.791 Y-35.196 E2.61213
G1 X-19.791 Y-31.561 E2.78696
G1 X-28.372 Y-40.142 E3.37063
G1 X-32.008 Y-40.142 E3.54551
G1 X-19.791 Y-27.925 E4.3765
G1 X-19.791 Y-24.289 E4.55138
G1 X-32.723 Y-37.222 E5.43103
G1 X-32.725 Y-35.308 E5.52309
G1 X-32.813 Y-34.54 E5.56027
G1 X-33.03 Y-33.893 E5.59309
G1 X-19.791 Y-20.654 E6.49359
G1 X-19.791 Y-17.018 E6.66847
G1 X-34.648 Y-31.875 E7.67903
G1 X-35.223 Y-31.531 E7.71126
G1 X-35.851 Y-31.305 E7.74336
G1 X-36.693 Y-31.126 E7.78476
G1 X-35.972 Y-30.669 E7.82582
G1 X-35.46 Y-30.011 E7.86592
G1 X-35.237 Y-29.22 E7.90545
G1 X-35.22 Y-28.812 E7.92509
G1 X-19.791 Y-13.383 E8.97455
G1 X-19.791 Y-9.747 E9.14943
G1 X-35.22 Y-25.176 E10.19889
G1 X-35.22 Y-21.54 E10.37377
G1 X-21.393 Y-7.713 E11.31427
G1 X-25.028 Y-7.713 E11.4891
G1 X-35.376 Y-18.061 E12.19296
G1 X-35.718 Y-17.447 E12.22676
G1 X-36.152 Y-17.044 E12.25525
G1 X-36.651 Y-16.734 E12.2835
G1 X-35.617 Y-16.481 E12.3347
G1 X-34.882 Y-16.145 E12.37357
G1 X-34.196 Y-15.661 E12.41395
G1 X-33.581 Y-15.004 E12.45723
G1 X-33.132 Y-14.261 E12.49898
G1 X-32.847 Y-13.465 E12.53964
G1 X-32.72 Y-12.435 E12.58955
G1 X-32.72 Y-11.769 E12.62158
G1 X-28.664 Y-7.713 E12.89746
G1 X-32.3 Y-7.713 E13.07234
G1 X-32.893 Y-8.307 E13.11271
;LAYER_CHANGE
;Z:16.25
;HEIGHT:0.3
G1 Z16.25 F7800
G1 E11.11271 F2400
G92 E0
G1 X-32.893 Y-8.307 F7800
G1 X-46.053 Y-16.96
G1 E2 F2400
;TYPE:Perimeter
;WIDTH:0.550909
G1 F3600
G1 X-46.186 Y-16.977 E2.00814
;WIDTH:0.587933
G1 X-46.642 Y-17.169 E2.04045
;WIDTH:0.594425
G1 X-46.967 Y-17.416 E2.06744
G1 X-47.276 Y-17.822 E2.10117
;WIDTH:0.587652
G1 X-47.438 Y-18.213 E2.12879
;WIDTH:0.555273
G1 X-47.532 Y-18.84 E2.16761
;WIDTH:0.510887
G1 X-47.53 Y-29.06 E2.73677
;WIDTH:0.550965
G1 X-47.431 Y-29.664 E2.77392
;WIDTH:0.58861
G1 X-47.27 Y-30.042 E2.80078
G1 X-46.9 Y-30.496 E2.83907
;WIDTH:0.584973
G1 X-46.438 Y-30.785 E2.87445
;WIDTH:0.574825
G1 X-46.083 Y-30.898 E2.89817
;WIDTH:0.539018
G1 X-45.592 Y-30.954 E2.92743
;WIDTH:0.513208
G1 X-37.373 Y-30.954 E3.38753
;WIDTH:0.535864
G1 X-37.104 Y-30.929 E3.40342
G1 X-36.739 Y-30.766 E3.42693
;WIDTH:0.492932
G1 X-36.375 Y-30.604 E3.44823
;WIDTH:0.45
G1 X-35.882 Y-30.148 E3.48053
G1 X-35.6 Y-29.59 E3.5106
G1 X-35.509 Y-29.02 E3.53836
G1 X-35.509 Y-18.841 E4.02793
G1 X-35.559 Y-18.407 E4.04894
G1 X-35.827 Y-17.808 E4.0805
G1 X-36.053 Y-17.515 E4.0983
G1 X-36.402 Y-17.231 E4.11994
;WIDTH:0.49623
G1 X-36.653 Y-17.095 E4.13532
;WIDTH:0.54246
G1 X-36.904 Y-16.96 E4.15231
G1 X-37.419 Y-16.9 E4.18323
;WIDTH:0.512649
G1 X-45.592 Y-16.901 E4.64019
;WIDTH:0.550909
G1 X-45.993 Y-16.952 E4.66472
G1 X-45.993 Y-16.952 F7800
G1 X-45.954 Y-17.372
;WIDTH:0.45
G1 F3600
G1 X-46.029 Y-17.384 E4.66837
G1 X-46.38 Y-17.541 E4.68686
G1 X-46.691 Y-17.796 E4.7062
G1 X-46.969 Y-18.189 E4.72935
G1 X-47.102 Y-18.713 E4.75535
G1 X-47.116 Y-18.84 E4.7615
G1 X-47.115 Y-29.06 E5.25305
G1 X-47.008 Y-29.558 E5.27755
G1 X-46.905 Y-29.771 E5.28893
G1 X-46.604 Y-30.152 E5.31228
G1 X-46.171 Y-30.421 E5.3368
G1 X-45.592 Y-30.538 E5.36521
G1 X-37.373 Y-30.537 E5.76052
G1 X-36.859 Y-30.416 E5.78592
G1 X-36.596 Y-30.286 E5.80003
G1 X-36.193 Y-29.919 E5.82625
G1 X-35.964 Y-29.457 E5.85105
G1 X-35.895 Y-29.014 E5.87261
G1 X-35.895 Y-18.841 E6.3619
G1 X-35.978 Y-18.365 E6.38514
G1 X-36.241 Y-17.875 E6.41189
G1 X-36.584 Y-17.571 E6.43393
G1 X-37.001 Y-17.381 E6.45597
G1 X-37.419 Y-17.317 E6.47631
G1 X-45.593 Y-17.317 E6.86945
G1 X-45.894 Y-17.363 E6.8841
G1 X-45.894 Y-17.363 F7800
G1 X-45.862 Y-17.753
;TYPE:External perimeter
G1 F1800
G1 X-45.964 Y-17.772 E6.88909
G1 X-46.158 Y-17.856 E6.89926
G1 X-46.381 Y-18.025 E6.91272
G1 X-46.635 Y-18.395 E6.93431
G1 X-46.73 Y-18.84 E6.9562
G1 X-46.729 Y-29.06 E7.44775
G1 X-46.595 Y-29.541 E7.47177
G1 X-46.326 Y-29.88 E7.49258
G1 X-45.943 Y-30.094 E7.51368
G1 X-45.592 Y-30.153 E7.5308
G1 X-37.373 Y-30.151 E7.92611
G1 X-36.854 Y-29.999 E7.95212
G1 X-36.489 Y-29.668 E7.97582
G1 X-36.339 Y-29.366 E7.99204
G1 X-36.28 Y-29.014 E8.00921
G1 X-36.28 Y-18.841 E8.4985
G1 X-36.329 Y-18.526 E8.51383
G1 X-36.585 Y-18.073 E8.53886
G1 X-36.817 Y-17.884 E8.55325
G1 X-37.067 Y-17.761 E8.56665
G1 X-37.419 Y-17.703 E8.58381
G1 X-45.592 Y-17.703 E8.9769
G1 X-45.803 Y-17.742 E8.98722
G1 X-46.175 Y-17.888 F7800
G1 E6.98722 F2400
G92 E0
G1 X-33.009 Y-40.431 F7800
G1 E2 F2400
;TYPE:Perimeter
G1 F3600
G1 X-19.502 Y-40.431 E2.64964
G1 X-19.502 Y-33.599 E2.97824
G1 X-19.502 Y-7.424 E4.23717
G1 X-33.009 Y-7.424 E4.88681
G1 X-33.009 Y-12.429 E5.12753
G1 X-33.156 Y-13.489 E5.179
G1 X-33.437 Y-14.22 E5.21667
G1 X-33.856 Y-14.881 E5.25431
G1 X-34.414 Y-15.462 E5.29305
G1 X-35.185 Y-15.983 E5.33781
G1 X-35.727 Y-16.212 E5.36611
G1 X-36.296 Y-16.358 E5.39436
;WIDTH:0.49989
G1 X-36.59 Y-16.414 E5.41062
;WIDTH:0.549781
G1 X-36.885 Y-16.47 E5.4288
G1 X-37.419 Y-16.452 E5.46115
;WIDTH:0.512649
G1 X-45.592 Y-16.454 E5.91811
;WIDTH:0.515601
G1 X-45.742 Y-16.456 E5.92655
;WIDTH:0.561665
G1 X-46.417 Y-16.529 E5.96866
;WIDTH:0.587933
G1 X-46.916 Y-16.724 E6.00364
;WIDTH:0.594425
G1 X-47.33 Y-17.03 E6.03767
G1 X-47.655 Y-17.438 E6.07215
;WIDTH:0.594187
G1 X-47.789 Y-17.689 E6.09095
;WIDTH:0.580685
G1 X-47.936 Y-18.191 E6.12463
;WIDTH:0.556503
G1 X-47.979 Y-18.84 E6.16455
;WIDTH:0.510887
G1 X-47.976 Y-29.06 E6.73371
;WIDTH:0.541207
G1 X-47.96 Y-29.465 E6.75782
;WIDTH:0.568044
G1 X-47.861 Y-29.975 E6.79046
;WIDTH:0.58861
G1 X-47.712 Y-30.325 E6.81533
;WIDTH:0.594561
G1 X-47.406 Y-30.741 E6.84948
G1 X-47.019 Y-31.061 E6.88269
;WIDTH:0.591996
G1 X-46.557 Y-31.279 E6.91631
;WIDTH:0.565171
G1 X-46.147 Y-31.368 E6.94252
;WIDTH:0.539018
G1 X-45.592 Y-31.401 E6.97543
;WIDTH:0.513208
G1 X-37.373 Y-31.403 E7.43553
;WIDTH:0.535864
G1 X-37.041 Y-31.392 E7.45506
G1 X-36.858 Y-31.422 E7.46597
;WIDTH:0.492932
G1 X-36.675 Y-31.451 E7.47587
;WIDTH:0.45
G1 X-35.944 Y-31.578 E7.51156
G1 X-35.384 Y-31.779 E7.54018
G1 X-35.116 Y-31.921 E7.55477
G1 X-34.395 Y-32.407 E7.59659
G1 X-33.819 Y-33.024 E7.63719
G1 X-33.349 Y-33.829 E7.68202
G1 X-33.072 Y-34.741 E7.72786
G1 X-33.009 Y-35.427 E7.76099
G1 X-33.009 Y-40.371 E7.99878
G1 X-33.009 Y-40.371 F7800
G1 X-33.395 Y-40.817
G1 F3600
G1 X-19.116 Y-40.817 E8.68555
G1 X-19.116 Y-33.599 E9.03271
G1 X-19.116 Y-7.038 E10.3102
G1 X-33.395 Y-7.038 E10.99697
G1 X-33.395 Y-12.429 E11.25626
G1 X-33.519 Y-13.359 E11.30139
G1 X-33.768 Y-14.021 E11.33541
G1 X-34.141 Y-14.622 E11.36943
G1 X-34.636 Y-15.147 E11.40413
G1 X-35.342 Y-15.631 E11.4453
G1 X-35.83 Y-15.84 E11.47083
G1 X-36.343 Y-15.976 E11.49636
G1 X-36.856 Y-16.035 E11.5212
G1 X-46.036 Y-16.044 E11.96273
G1 X-46.682 Y-16.144 E11.99417
G1 X-47.176 Y-16.35 E12.01991
G1 X-47.683 Y-16.73 E12.05038
G1 X-48.016 Y-17.156 E12.07639
G1 X-48.174 Y-17.439 E12.09198
G1 X-48.32 Y-17.918 E12.11606
G1 X-48.395 Y-18.45 E12.1419
G1 X-48.391 Y-29.523 E12.67447
G1 X-48.3 Y-30.051 E12.70024
G1 X-48.113 Y-30.546 E12.72569
G1 X-47.772 Y-31.029 E12.75413
G1 X-47.385 Y-31.363 E12.77872
G1 X-46.981 Y-31.599 E12.80122
G1 X-46.536 Y-31.749 E12.82381
G1 X-45.976 Y-31.817 E12.85094
G1 X-36.731 Y-31.833 E13.29559
G1 X-36.074 Y-31.942 E13.32762
G1 X-35.514 Y-32.142 E13.35622
G1 X-35.322 Y-32.247 E13.36675
G1 X-34.67 Y-32.677 E13.40431
G1 X-34.146 Y-33.229 E13.44092
G1 X-33.715 Y-33.95 E13.48132
G1 X-33.456 Y-34.779 E13.52309
G1 X-33.395 Y-35.427 E13.55439
G1 X-33.395 Y-40.757 E13.81074
G1 X-33.395 Y-40.757 F7800
G1 X-33.78 Y-41.203
;TYPE:External perimeter
G1 F1800
G1 X-18.73 Y-41.203 E14.53459
G1 X-18.73 Y-33.599 E14.90032
G1 X-18.73 Y-6.653 E16.19633
G1 X-33.78 Y-6.653 E16.92018
G1 X-33.78 Y-12.429 E17.19799
G1 X-33.882 Y-13.229 E17.23678
G1 X-34.099 Y-13.823 E17.2672
G1 X-34.427 Y-14.363 E17.29759
G1 X-34.858 Y-14.832 E17.32823
G1 X-35.465 Y-15.259 E17.36392
G1 X-35.906 Y-15.459 E17.38721
G1 X-36.362 Y-15.587 E17.40999
G1 X-36.856 Y-15.649 E17.43394
G1 X-45.944 Y-15.653 E17.87104
G1 X-46.456 Y-15.698 E17.89576
G1 X-47.013 Y-15.848 E17.9235
G1 X-47.567 Y-16.142 E17.95367
G1 X-47.964 Y-16.463 E17.97823
G1 X-48.32 Y-16.919 E18.00605
G1 X-48.566 Y-17.362 E18.03042
G1 X-48.722 Y-17.923 E18.05843
G1 X-48.78 Y-18.436 E18.08326
G1 X-48.777 Y-29.556 E18.61809
G1 X-48.659 Y-30.235 E18.65124
G1 X-48.453 Y-30.733 E18.67716
G1 X-48.06 Y-31.29 E18.70995
G1 X-47.544 Y-31.735 E18.74272
G1 X-47.067 Y-31.99 E18.76873
G1 X-46.547 Y-32.148 E18.79487
G1 X-45.995 Y-32.203 E18.82155
G1 X-36.828 Y-32.208 E19.26245
G1 X-36.24 Y-32.295 E19.29104
G1 X-36.042 Y-32.363 E19.30111
G1 X-35.528 Y-32.573 E19.32782
G1 X-34.945 Y-32.948 E19.36116
G1 X-34.473 Y-33.433 E19.39371
G1 X-34.081 Y-34.071 E19.42972
G1 X-33.84 Y-34.817 E19.46743
G1 X-33.78 Y-35.427 E19.49691
G1 X-33.78 Y-41.143 E19.77183
G1 X-33.385 Y-41.202 F7800
G1 E17.77183 F2400
G92 E0
G1 X-19.617 Y-38.659 F7800
G1 E2 F2400
;TYPE:Internal infill
;WIDTH:0.45
G1 F4800
G1 X-21.101 Y-40.142 E2.10091
G1 X-24.736 Y-40.142 E2.27574
G1 X-19.791 Y-35.196 E2.61213
G1 X-19.791 Y-31.561 E2.78696
G1 X-28.372 Y-40.142 E3.37063
G1 X-32.008 Y-40.142 E3.54551
G1 X-19.791 Y-27.925 E4.3765
G1 X-19.791 Y-24.289 E4.55138
G1 X-32.723 Y-37.222 E5.43103
G1 X-32.725 Y-35.308 E5.52309
G1 X-32.813 Y-34.54 E5.56027
G1 X-33.03 Y-33.893 E5.59309
G1 X-19.791 Y-20.654 E6.49359
G1 X-19.791 Y-17.018 E6.66847
G1 X-34.648 Y-31.875 E7.67903
G1 X-35.282 Y-31.508 E7.71426
G1 X-36.028 Y-31.256 E7.75213
G1 X-36.773 Y-31.127 E7.7885
G1 X-36.202 Y-30.836 E7.81932
G1 X-35.649 Y-30.319 E7.85573
G1 X-35.321 Y-29.668 E7.89079
G1 X-35.22 Y-28.812 E7.93225
G1 X-19.791 Y-13.383 E8.98171
G1 X-19.791 Y-9.747 E9.15659
G1 X-35.22 Y-25.176 E10.20605
G1 X-35.22 Y-21.54 E10.38093
G1 X-21.393 Y-7.713 E11.32143
G1 X-25.028 Y-7.713 E11.49626
G1 X-35.376 Y-18.061 E12.20012
G1 X-35.718 Y-17.447 E12.23392
G1 X-36.152 Y-17.044 E12.26241
G1 X-36.651 Y-16.734 E12.29066
G1 X-35.617 Y-16.481 E12.34186
G1 X-34.882 Y-16.145 E12.38073
G1 X-34.196 Y-15.661 E12.42111
G1 X-33.581 Y-15.004 E12.46439
G1 X-33.131 Y-14.261 E12.50617
G1 X-32.847 Y-13.465 E12.54682
G1 X-32.72 Y-12.435 E12.59673
G1 X-32.72 Y-11.769 E12.62876
G1 X-28.664 Y-7.713 E12.90464
G1 X-32.3 Y-7.713 E13.07952
G1 X-32.893 Y-8.307 E13.11989
;LAYER_CHANGE
;Z:16.55
;HEIGHT:0.299999
G1 Z16.55 F7800
G1 E11.11989 F2400
G92 E0
G1 X-32.893 Y-8.307 F7800
G1 X-46.053 Y-16.96
G1 E2 F2400
;TYPE:Perimeter
;WIDTH:0.550911
G1 F3600
G1 X-46.186 Y-16.977 E2.00814
;WIDTH:0.587932
G1 X-46.642 Y-17.169 E2.04045
G1 X-46.938 Y-17.393 E2.06469
;WIDTH:0.588268
G1 X-47.268 Y-17.807 E2.09928
G1 X-47.432 Y-18.196 E2.12686
;WIDTH:0.556198
G1 X-47.532 Y-18.84 E2.16684
;WIDTH:0.510887
G1 X-47.53 Y-29.06 E2.736
;WIDTH:0.509782
;WIDTH:0.550967
G1 X-47.431 Y-29.664 E2.77315
;WIDTH:0.588607
G1 X-47.27 Y-30.042 E2.80001
;WIDTH:0.589301
G1 X-46.921 Y-30.48 E2.83668
G1 X-46.501 Y-30.755 E2.86955
;WIDTH:0.574723
G1 X-46.15 Y-30.881 E2.89329
;WIDTH:0.546431
G1 X-45.592 Y-30.954 E2.92713
;WIDTH:0.511034
;WIDTH:0.513208
G1 X-37.373 Y-30.954 E3.38723
;WIDTH:0.535886
G1 X-37.103 Y-30.929 E3.40318
G1 X-36.739 Y-30.766 E3.42663
;WIDTH:0.492943
G1 X-36.375 Y-30.604 E3.44793
;WIDTH:0.45
G1 X-35.882 Y-30.148 E3.48023
G1 X-35.591 Y-29.567 E3.51148
G1 X-35.509 Y-29.033 E3.53746
G1 X-35.509 Y-18.841 E4.02766
G1 X-35.559 Y-18.407 E4.04867
G1 X-35.768 Y-17.885 E4.07571
G1 X-36.109 Y-17.472 E4.10147
G1 X-36.453 Y-17.204 E4.12244
;WIDTH:0.496396
G1 X-36.679 Y-17.082 E4.13628
;WIDTH:0.542792
G1 X-36.904 Y-16.96 E4.15155
G1 X-37.419 Y-16.9 E4.18249
;WIDTH:0.512649
G1 X-45.592 Y-16.901 E4.63945
;WIDTH:0.550911
G1 X-45.993 Y-16.952 E4.66398
G1 X-45.993 Y-16.952 F7800
G1 X-45.953 Y-17.372
;WIDTH:0.45
G1 F3600
G1 X-46.029 Y-17.384 E4.66768
G1 X-46.38 Y-17.541 E4.68617
G1 X-46.689 Y-17.793 E4.70535
G1 X-46.964 Y-18.179 E4.72814
G1 X-47.101 Y-18.709 E4.75447
G1 X-47.116 Y-18.84 E4.76081
G1 X-47.115 Y-29.06 E5.25236
G1 X-47.008 Y-29.558 E5.27686
G1 X-46.905 Y-29.771 E5.28824
G1 X-46.569 Y-30.181 E5.31374
G1 X-46.134 Y-30.437 E5.33802
G1 X-45.592 Y-30.538 E5.36454
G1 X-37.373 Y-30.537 E5.75985
G1 X-36.859 Y-30.416 E5.78525
G1 X-36.595 Y-30.286 E5.7994
G1 X-36.193 Y-29.919 E5.82558
G1 X-35.962 Y-29.459 E5.85034
G1 X-35.895 Y-29.015 E5.87194
G1 X-35.895 Y-18.841 E6.36127
G1 X-35.962 Y-18.404 E6.38253
G1 X-36.147 Y-18.019 E6.40307
G1 X-36.531 Y-17.603 E6.4303
G1 X-36.988 Y-17.384 E6.45467
G1 X-37.419 Y-17.317 E6.47565
G1 X-45.593 Y-17.317 E6.86879
G1 X-45.894 Y-17.363 E6.88344
G1 X-45.894 Y-17.363 F7800
G1 X-45.862 Y-17.753
;TYPE:External perimeter
G1 F1800
G1 X-45.964 Y-17.772 E6.88843
G1 X-46.158 Y-17.856 E6.8986
G1 X-46.415 Y-18.07 E6.91469
G1 X-46.629 Y-18.383 E6.93293
G1 X-46.73 Y-18.84 E6.95544
G1 X-46.729 Y-29.06 E7.44699
G1 X-46.595 Y-29.541 E7.47101
G1 X-46.33 Y-29.877 E7.49159
G1 X-45.99 Y-30.077 E7.51056
G1 X-45.592 Y-30.153 E7.53005
G1 X-37.373 Y-30.151 E7.92536
G1 X-36.854 Y-29.999 E7.95137
G1 X-36.487 Y-29.664 E7.97527
G1 X-36.327 Y-29.328 E7.99317
G1 X-36.28 Y-29.015 E8.00839
G1 X-36.28 Y-18.841 E8.49772
G1 X-36.321 Y-18.543 E8.51219
G1 X-36.439 Y-18.27 E8.52649
G1 X-36.765 Y-17.911 E8.54981
G1 X-37.067 Y-17.761 E8.56603
G1 X-37.419 Y-17.703 E8.58319
G1 X-45.592 Y-17.703 E8.97628
G1 X-45.803 Y-17.742 E8.9866
G1 X-46.174 Y-17.891 F7800
G1 E6.9866 F2400
G92 E0
G1 X-33.009 Y-40.431 F7800
G1 E2 F2400
;TYPE:Perimeter
G1 F3600
G1 X-19.502 Y-40.431 E2.64964
G1 X-19.502 Y-33.599 E2.97824
G1 X-19.502 Y-7.424 E4.23717
G1 X-33.009 Y-7.424 E4.88681
G1 X-33.009 Y-12.429 E5.12753
G1 X-33.156 Y-13.489 E5.179
G1 X-33.437 Y-14.22 E5.21667
G1 X-33.856 Y-14.881 E5.25431
G1 X-34.414 Y-15.462 E5.29305
G1 X-35.185 Y-15.983 E5.33781
G1 X-35.752 Y-16.219 E5.36735
G1 X-36.296 Y-16.358 E5.39436
;WIDTH:0.499953
G1 X-36.59 Y-16.414 E5.41062
;WIDTH:0.549906
G1 X-36.884 Y-16.47 E5.42874
G1 X-37.419 Y-16.452 E5.46116
;WIDTH:0.512649
G1 X-45.592 Y-16.454 E5.91812
;WIDTH:0.515602
G1 X-45.742 Y-16.456 E5.92656
;WIDTH:0.550911
G1 X-46.297 Y-16.508 E5.96039
;WIDTH:0.574388
G1 X-46.676 Y-16.61 E5.98536
;WIDTH:0.592694
G1 X-47.157 Y-16.886 E6.0219
;WIDTH:0.5994
G1 X-47.524 Y-17.248 E6.0563
G1 X-47.789 Y-17.689 E6.09063
;WIDTH:0.580202
G1 X-47.935 Y-18.191 E6.12426
;WIDTH:0.557659
G1 X-47.979 Y-18.84 E6.16428
;WIDTH:0.510887
G1 X-47.976 Y-29.06 E6.73344
;WIDTH:0.541206
G1 X-47.96 Y-29.465 E6.75755
;WIDTH:0.568044
G1 X-47.861 Y-29.975 E6.79019
;WIDTH:0.587279
G1 X-47.728 Y-30.289 E6.81243
;WIDTH:0.592998
G1 X-47.487 Y-30.641 E6.84056
G1 X-47.131 Y-30.989 E6.87338
;WIDTH:0.592766
G1 X-46.633 Y-31.246 E6.91031
;WIDTH:0.565154
G1 X-46.221 Y-31.357 E6.93696
;WIDTH:0.546431
G1 X-45.592 Y-31.401 E6.97487
;WIDTH:0.513208
G1 X-37.373 Y-31.403 E7.43497
;WIDTH:0.535886
G1 X-37.041 Y-31.392 E7.45451
G1 X-36.857 Y-31.422 E7.46547
;WIDTH:0.492943
G1 X-36.674 Y-31.451 E7.47537
;WIDTH:0.45
G1 X-35.944 Y-31.578 E7.51101
G1 X-35.384 Y-31.779 E7.53963
G1 X-35.049 Y-31.963 E7.55801
G1 X-34.4 Y-32.402 E7.5957
G1 X-33.847 Y-32.988 E7.63445
G1 X-33.349 Y-33.828 E7.68142
G1 X-33.072 Y-34.741 E7.72731
G1 X-33.009 Y-35.427 E7.76044
G1 X-33.009 Y-40.371 E7.99823
G1 X-33.009 Y-40.371 F7800
G1 X-33.395 Y-40.817
G1 F3600
G1 X-19.116 Y-40.817 E8.685
G1 X-19.116 Y-33.599 E9.03216
G1 X-19.116 Y-7.038 E10.30965
G1 X-33.395 Y-7.038 E10.99642
G1 X-33.395 Y-12.429 E11.25571
G1 X-33.519 Y-13.359 E11.30084
G1 X-33.768 Y-14.021 E11.33486
G1 X-34.141 Y-14.622 E11.36888
G1 X-34.636 Y-15.147 E11.40358
G1 X-35.342 Y-15.631 E11.44475
G1 X-35.855 Y-15.847 E11.47152
G1 X-36.343 Y-15.976 E11.4958
G1 X-36.856 Y-16.035 E11.52064
G1 X-45.593 Y-16.038 E11.94086
G1 X-46.036 Y-16.044 E11.96217
G1 X-46.535 Y-16.103 E11.98634
G1 X-47.072 Y-16.296 E12.01379
G1 X-47.472 Y-16.556 E12.03674
G1 X-47.9 Y-16.983 E12.06582
G1 X-48.174 Y-17.439 E12.09141
G1 X-48.317 Y-17.908 E12.11499
G1 X-48.395 Y-18.45 E12.14133
G1 X-48.391 Y-29.523 E12.6739
G1 X-48.3 Y-30.051 E12.69967
G1 X-48.143 Y-30.472 E12.72128
G1 X-47.86 Y-30.904 E12.74612
G1 X-47.48 Y-31.297 E12.77241
G1 X-47.032 Y-31.581 E12.79792
G1 X-46.536 Y-31.745 E12.82305
G1 X-45.976 Y-31.817 E12.85021
G1 X-36.731 Y-31.833 E13.29486
G1 X-36.074 Y-31.942 E13.32689
G1 X-35.514 Y-32.142 E13.35549
G1 X-35.255 Y-32.289 E13.36981
G1 X-34.673 Y-32.674 E13.40337
G1 X-34.173 Y-33.195 E13.4381
G1 X-33.715 Y-33.949 E13.48053
G1 X-33.456 Y-34.779 E13.52235
G1 X-33.395 Y-35.427 E13.55365
G1 X-33.395 Y-40.757 E13.81
G1 X-33.395 Y-40.757 F7800
G1 X-33.78 Y-41.203
;TYPE:External perimeter
G1 F1800
G1 X-18.73 Y-41.203 E14.53385
G1 X-18.73 Y-33.599 E14.89958
G1 X-18.73 Y-6.653 E16.19559
G1 X-33.78 Y-6.653 E16.91944
G1 X-33.78 Y-12.429 E17.19725
G1 X-33.882 Y-13.229 E17.23604
G1 X-34.099 Y-13.823 E17.26646
G1 X-34.427 Y-14.363 E17.29685
G1 X-34.858 Y-14.832 E17.32749
G1 X-35.465 Y-15.259 E17.36318
G1 X-35.796 Y-15.41 E17.38068
G1 X-36.362 Y-15.587 E17.4092
G1 X-36.856 Y-15.649 E17.43315
G1 X-45.593 Y-15.652 E17.85337
G1 X-46.074 Y-15.66 E17.87651
G1 X-46.638 Y-15.732 E17.90386
G1 X-47.228 Y-15.943 E17.934
G1 X-47.654 Y-16.197 E17.95785
G1 X-48.032 Y-16.556 E17.98292
G1 X-48.338 Y-16.934 E18.00631
G1 X-48.566 Y-17.362 E18.02963
G1 X-48.722 Y-17.923 E18.05764
G1 X-48.78 Y-18.436 E18.08247
G1 X-48.777 Y-29.556 E18.6173
G1 X-48.659 Y-30.235 E18.65045
G1 X-48.453 Y-30.733 E18.67637
G1 X-48.059 Y-31.292 E18.70926
G1 X-47.658 Y-31.656 E18.73531
G1 X-47.194 Y-31.934 E18.76133
G1 X-46.544 Y-32.148 E18.79424
G1 X-45.995 Y-32.203 E18.82078
G1 X-36.787 Y-32.214 E19.26365
G1 X-36.204 Y-32.305 E19.29203
G1 X-35.644 Y-32.505 E19.32063
G1 X-34.946 Y-32.947 E19.36037
G1 X-34.498 Y-33.401 E19.39105
G1 X-34.081 Y-34.07 E19.42897
G1 X-33.84 Y-34.817 E19.46672
G1 X-33.78 Y-35.427 E19.4962
G1 X-33.78 Y-41.143 E19.77112
G1 X-33.385 Y-41.202 F7800
G1 E17.77112 F2400
G92 E0
G1 X-19.617 Y-38.659 F7800
G1 E2 F2400
;TYPE:Internal infill
;WIDTH:0.45
G1 F4800
G1 X-21.101 Y-40.142 E2.10091
G1 X-24.736 Y-40.142 E2.27574
G1 X-19.791 Y-35.196 E2.61213
G1 X-19.791 Y-31.561 E2.78696
G1 X-28.372 Y-40.142 E3.37063
G1 X-32.008 Y-40.142 E3.54551
G1 X-19.791 Y-27.925 E4.3765
G1 X-19.791 Y-24.289 E4.55138
G1 X-32.723 Y-37.222 E5.43103
G1 X-32.725 Y-35.308 E5.52309
G1 X-32.813 Y-34.54 E5.56027
G1 X-33.028 Y-33.891 E5.59315
G1 X-19.791 Y-20.654 E6.49352
G1 X-19.791 Y-17.018 E6.6684
G1 X-34.648 Y-31.875 E7.67896
G1 X-35.282 Y-31.508 E7.71419
G1 X-36.027 Y-31.256 E7.75202
G1 X-36.772 Y-31.127 E7.78839
G1 X-36.201 Y-30.836 E7.81921
G1 X-35.648 Y-30.319 E7.85562
G1 X-35.312 Y-29.645 E7.89184
G1 X-35.22 Y-28.812 E7.93215
G1 X-19.791 Y-13.383 E8.98161
G1 X-19.791 Y-9.747 E9.15649
G1 X-35.22 Y-25.176 E10.20595
G1 X-35.22 Y-21.54 E10.38083
G1 X-21.393 Y-7.713 E11.32133
G1 X-25.028 Y-7.713 E11.49616
G1 X-35.373 Y-18.058 E12.19981
G1 X-35.631 Y-17.583 E12.22581
G1 X-35.911 Y-17.258 E12.24644
G1 X-36.651 Y-16.734 E12.29005
G1 X-35.644 Y-16.489 E12.3399
G1 X-34.863 Y-16.133 E12.38118
G1 X-34.196 Y-15.661 E12.42048
G1 X-33.581 Y-15.004 E12.46376
G1 X-33.131 Y-14.261 E12.50554
G1 X-32.847 Y-13.465 E12.54619
G1 X-32.72 Y-12.435 E12.5961
G1 X-32.72 Y-11.769 E12.62813
G1 X-28.664 Y-7.713 E12.90401
G1 X-32.3 Y-7.713 E13.07889
G1 X-32.893 Y-8.307 E13.11926
;LAYER_CHANGE
;Z:16.85
;HEIGHT:0.300001
G1 Z16.85 F7800
G1 E11.11926 F2400
G92 E0
G1 X-32.893 Y-8.307 F7800
G1 X-46.052 Y-16.96
G1 E2 F2400
;TYPE:Perimeter
;WIDTH:0.550914
G1 F3600
G1 X-46.186 Y-16.977 E2.0082
;WIDTH:0.587933
G1 X-46.642 Y-17.169 E2.04051
G1 X-46.938 Y-17.393 E2.06475
;WIDTH:0.587652
G1 X-47.276 Y-17.822 E2.10039
G1 X-47.438 Y-18.213 E2.12801
;WIDTH:0.555271
G1 X-47.532 Y-18.84 E2.16683
;WIDTH:0.510887
G1 X-47.53 Y-29.06 E2.73599
;WIDTH:0.509782
;WIDTH:0.550966
G1 X-47.431 Y-29.664 E2.77314
;WIDTH:0.588571
G1 X-47.27 Y-30.043 E2.80006
;WIDTH:0.589449
G1 X-46.929 Y-30.473 E2.836
G1 X-46.507 Y-30.751 E2.86909
;WIDTH:0.574179
G1 X-46.151 Y-30.881 E2.89319
;WIDTH:0.546477
G1 X-45.592 Y-30.954 E2.92709
;WIDTH:0.511034
;WIDTH:0.513208
G1 X-37.373 Y-30.954 E3.38719
;WIDTH:0.524552
G1 X-36.915 Y-30.894 E3.4137
G1 X-36.64 Y-30.744 E3.43168
;WIDTH:0.487276
G1 X-36.365 Y-30.595 E3.44818
;WIDTH:0.45
G1 X-36.059 Y-30.338 E3.4674
G1 X-35.754 Y-29.94 E3.49152
G1 X-35.624 Y-29.63 E3.50769
G1 X-35.514 Y-29.113 E3.53311
G1 X-35.509 Y-18.841 E4.02716
G1 X-35.559 Y-18.407 E4.04817
G1 X-35.827 Y-17.808 E4.07973
G1 X-36.053 Y-17.515 E4.09753
G1 X-36.417 Y-17.223 E4.11997
;WIDTH:0.489306
G1 X-36.665 Y-17.092 E4.13483
;WIDTH:0.528613
G1 X-36.912 Y-16.961 E4.15102
G1 X-37.418 Y-16.9 E4.18053
;WIDTH:0.512649
G1 X-45.592 Y-16.901 E4.63754
;WIDTH:0.550914
G1 X-45.993 Y-16.952 E4.66207
G1 X-45.993 Y-16.952 F7800
G1 X-45.953 Y-17.372
;WIDTH:0.45
G1 F3600
G1 X-46.029 Y-17.384 E4.66577
G1 X-46.38 Y-17.541 E4.68426
G1 X-46.691 Y-17.796 E4.7036
G1 X-46.969 Y-18.189 E4.72675
G1 X-47.102 Y-18.713 E4.75275
G1 X-47.116 Y-18.84 E4.7589
G1 X-47.115 Y-29.06 E5.25045
G1 X-47.008 Y-29.558 E5.27495
G1 X-46.903 Y-29.774 E5.2865
G1 X-46.572 Y-30.177 E5.31158
G1 X-46.138 Y-30.436 E5.33589
G1 X-45.592 Y-30.538 E5.36261
G1 X-37.373 Y-30.537 E5.75792
G1 X-36.931 Y-30.457 E5.77952
G1 X-36.429 Y-30.172 E5.80728
G1 X-36.108 Y-29.774 E5.83187
G1 X-36 Y-29.545 E5.84405
G1 X-35.895 Y-29.015 E5.87004
G1 X-35.895 Y-18.841 E6.35937
G1 X-35.978 Y-18.365 E6.38261
G1 X-36.241 Y-17.875 E6.40936
G1 X-36.593 Y-17.567 E6.43186
G1 X-37.048 Y-17.367 E6.45576
G1 X-37.418 Y-17.317 E6.47372
G1 X-45.593 Y-17.317 E6.86691
G1 X-45.894 Y-17.363 E6.88156
G1 X-45.894 Y-17.363 F7800
G1 X-45.862 Y-17.753
;TYPE:External perimeter
G1 F1800
G1 X-45.964 Y-17.772 E6.88655
G1 X-46.158 Y-17.856 E6.89672
G1 X-46.411 Y-18.066 E6.91253
G1 X-46.635 Y-18.395 E6.93167
G1 X-46.73 Y-18.84 E6.95356
G1 X-46.729 Y-29.06 E7.44511
G1 X-46.592 Y-29.546 E7.4694
G1 X-46.339 Y-29.869 E7.48913
G1 X-45.991 Y-30.077 E7.50863
G1 X-45.592 Y-30.153 E7.52817
G1 X-37.373 Y-30.151 E7.92348
G1 X-37.055 Y-30.089 E7.93906
G1 X-36.667 Y-29.863 E7.96066
G1 X-36.376 Y-29.46 E7.98457
G1 X-36.28 Y-29.015 E8.00647
G1 X-36.28 Y-18.841 E8.4958
G1 X-36.329 Y-18.526 E8.51113
G1 X-36.585 Y-18.073 E8.53616
G1 X-36.796 Y-17.896 E8.54941
G1 X-37.107 Y-17.748 E8.56598
G1 X-37.418 Y-17.703 E8.58109
G1 X-45.592 Y-17.703 E8.97423
G1 X-45.803 Y-17.742 E8.98455
G1 X-46.174 Y-17.89 F7800
G1 E6.98455 F2400
G92 E0
G1 X-33.009 Y-40.431 F7800
G1 E2 F2400
;TYPE:Perimeter
G1 F3600
G1 X-19.502 Y-40.431 E2.64964
G1 X-19.502 Y-33.599 E2.97824
G1 X-19.502 Y-7.424 E4.23717
G1 X-33.009 Y-7.424 E4.88681
G1 X-33.009 Y-12.429 E5.12753
G1 X-33.156 Y-13.489 E5.179
G1 X-33.437 Y-14.22 E5.21667
G1 X-33.856 Y-14.881 E5.25431
G1 X-34.414 Y-15.462 E5.29305
G1 X-35.185 Y-15.983 E5.33781
G1 X-35.727 Y-16.212 E5.36611
G1 X-36.296 Y-16.358 E5.39436
;WIDTH:0.489306
G1 X-36.576 Y-16.409 E5.40944
;WIDTH:0.528613
G1 X-36.856 Y-16.459 E5.42591
G1 X-37.418 Y-16.452 E5.45845
;WIDTH:0.512649
G1 X-45.592 Y-16.454 E5.91546
;WIDTH:0.515602
G1 X-45.742 Y-16.456 E5.9239
;WIDTH:0.550914
G1 X-46.297 Y-16.508 E5.95773
;WIDTH:0.574388
G1 X-46.676 Y-16.61 E5.9827
;WIDTH:0.592691
G1 X-47.157 Y-16.886 E6.01924
;WIDTH:0.599547
G1 X-47.524 Y-17.248 E6.05365
G1 X-47.789 Y-17.689 E6.08799
;WIDTH:0.580687
G1 X-47.936 Y-18.191 E6.12167
;WIDTH:0.5565
G1 X-47.979 Y-18.84 E6.16159
;WIDTH:0.510887
G1 X-47.976 Y-29.06 E6.73075
;WIDTH:0.541206
G1 X-47.96 Y-29.465 E6.75486
;WIDTH:0.568044
G1 X-47.861 Y-29.975 E6.7875
;WIDTH:0.586475
G1 X-47.731 Y-30.283 E6.80927
;WIDTH:0.59465
G1 X-47.44 Y-30.706 E6.84323
G1 X-47.13 Y-30.99 E6.87104
;WIDTH:0.593661
G1 X-46.642 Y-31.241 E6.90727
;WIDTH:0.564569
G1 X-46.222 Y-31.357 E6.93445
;WIDTH:0.546477
G1 X-45.592 Y-31.401 E6.97242
;WIDTH:0.513208
G1 X-37.373 Y-31.403 E7.43252
;WIDTH:0.542177
G1 X-36.932 Y-31.389 E7.45881
G1 X-36.823 Y-31.409 E7.46541
;WIDTH:0.511416
G1 X-36.713 Y-31.43 E7.47165
;WIDTH:0.480656
G1 X-36.204 Y-31.521 E7.4985
;WIDTH:0.45
G1 X-35.671 Y-31.676 E7.5252
G1 X-35.193 Y-31.872 E7.55005
G1 X-34.384 Y-32.418 E7.59699
G1 X-33.743 Y-33.125 E7.64289
G1 X-33.349 Y-33.829 E7.68169
G1 X-33.072 Y-34.741 E7.72753
G1 X-33.009 Y-35.427 E7.76066
G1 X-33.009 Y-40.371 E7.99845
G1 X-33.009 Y-40.371 F7800
G1 X-33.395 Y-40.817
G1 F3600
G1 X-19.116 Y-40.817 E8.68522
G1 X-19.116 Y-33.599 E9.03238
G1 X-19.116 Y-7.038 E10.30987
G1 X-33.395 Y-7.038 E10.99664
G1 X-33.395 Y-12.429 E11.25593
G1 X-33.519 Y-13.359 E11.30106
G1 X-33.768 Y-14.021 E11.33508
G1 X-34.141 Y-14.622 E11.3691
G1 X-34.636 Y-15.147 E11.4038
G1 X-35.342 Y-15.631 E11.44497
G1 X-35.83 Y-15.84 E11.4705
G1 X-36.343 Y-15.976 E11.49603
G1 X-36.856 Y-16.035 E11.52087
G1 X-45.593 Y-16.038 E11.94109
G1 X-46.036 Y-16.044 E11.9624
G1 X-46.535 Y-16.103 E11.98657
G1 X-47.072 Y-16.296 E12.01402
G1 X-47.472 Y-16.555 E12.03694
G1 X-47.9 Y-16.983 E12.06605
G1 X-48.174 Y-17.439 E12.09164
G1 X-48.32 Y-17.918 E12.11572
G1 X-48.395 Y-18.45 E12.14156
G1 X-48.391 Y-29.523 E12.67413
G1 X-48.3 Y-30.051 E12.6999
G1 X-48.113 Y-30.546 E12.72535
G1 X-47.814 Y-30.97 E12.7503
G1 X-47.478 Y-31.299 E12.77292
G1 X-47.059 Y-31.567 E12.79684
G1 X-46.536 Y-31.744 E12.8234
G1 X-45.976 Y-31.817 E12.85056
G1 X-37.163 Y-31.82 E13.27443
G1 X-36.627 Y-31.848 E13.30024
G1 X-36.074 Y-31.942 E13.32722
G1 X-35.4 Y-32.198 E13.3619
G1 X-34.663 Y-32.684 E13.40436
G1 X-34.074 Y-33.324 E13.44619
G1 X-33.715 Y-33.95 E13.4809
G1 X-33.456 Y-34.779 E13.52267
G1 X-33.395 Y-35.427 E13.55397
G1 X-33.395 Y-40.757 E13.81032
G1 X-33.395 Y-40.757 F7800
G1 X-33.78 Y-41.203
;TYPE:External perimeter
G1 F1800
G1 X-18.73 Y-41.203 E14.53417
G1 X-18.73 Y-33.599 E14.8999
G1 X-18.73 Y-6.653 E16.19591
G1 X-33.78 Y-6.653 E16.91976
G1 X-33.78 Y-12.429 E17.19757
G1 X-33.882 Y-13.229 E17.23636
G1 X-34.099 Y-13.823 E17.26678
G1 X-34.427 Y-14.363 E17.29717
G1 X-34.858 Y-14.832 E17.32781
G1 X-35.465 Y-15.259 E17.3635
G1 X-35.906 Y-15.459 E17.38679
G1 X-36.362 Y-15.587 E17.40957
G1 X-36.856 Y-15.649 E17.43352
G1 X-45.593 Y-15.652 E17.85374
G1 X-46.074 Y-15.66 E17.87688
G1 X-46.638 Y-15.732 E17.90423
G1 X-47.228 Y-15.943 E17.93437
G1 X-47.654 Y-16.197 E17.95822
G1 X-48.037 Y-16.561 E17.98363
G1 X-48.338 Y-16.934 E18.00668
G1 X-48.566 Y-17.362 E18.03
G1 X-48.722 Y-17.923 E18.05801
G1 X-48.78 Y-18.436 E18.08284
G1 X-48.777 Y-29.556 E18.61767
G1 X-48.659 Y-30.235 E18.65082
G1 X-48.453 Y-30.733 E18.67674
G1 X-48.059 Y-31.292 E18.70963
G1 X-47.658 Y-31.656 E18.73568
G1 X-47.223 Y-31.919 E18.76013
G1 X-46.544 Y-32.149 E18.79461
G1 X-45.995 Y-32.203 E18.82114
G1 X-36.828 Y-32.208 E19.26204
G1 X-36.204 Y-32.305 E19.29241
G1 X-35.606 Y-32.524 E19.32304
G1 X-34.942 Y-32.95 E19.36098
G1 X-34.405 Y-33.522 E19.39872
G1 X-34.081 Y-34.071 E19.42938
G1 X-33.84 Y-34.817 E19.46709
G1 X-33.78 Y-35.427 E19.49657
G1 X-33.78 Y-41.143 E19.77149
G1 X-33.385 Y-41.202 F7800
G1 E17.77149 F2400
G92 E0
G1 X-19.617 Y-38.659 F7800
G1 E2 F2400
;TYPE:Internal infill
;WIDTH:0.45
G1 F4800
G1 X-21.101 Y-40.142 E2.10091
G1 X-24.736 Y-40.142 E2.27574
G1 X-19.791 Y-35.196 E2.61213
G1 X-19.791 Y-31.561 E2.78696
G1 X-28.372 Y-40.142 E3.37063
G1 X-32.008 Y-40.142 E3.54551
G1 X-19.791 Y-27.925 E4.3765
G1 X-19.791 Y-24.289 E4.55138
G1 X-32.723 Y-37.222 E5.43103
G1 X-32.725 Y-35.308 E5.52309
G1 X-32.813 Y-34.54 E5.56027
G1 X-33.03 Y-33.893 E5.59309
G1 X-19.791 Y-20.654 E6.49359
G1 X-19.791 Y-17.018 E6.66847
G1 X-34.648 Y-31.875 E7.67903
G1 X-35.223 Y-31.531 E7.71126
G1 X-35.851 Y-31.305 E7.74336
G1 X-36.693 Y-31.126 E7.78476
G1 X-35.972 Y-30.669 E7.82582
G1 X-35.46 Y-30.011 E7.86592
G1 X-35.235 Y-29.208 E7.90603
G1 X-35.22 Y-28.812 E7.92509
G1 X-19.791 Y-13.383 E8.97455
G1 X-19.791 Y-9.747 E9.14943
G1 X-35.22 Y-25.176 E10.19889
G1 X-35.22 Y-21.54 E10.37377
G1 X-21.393 Y-7.713 E11.31427
G1 X-25.028 Y-7.713 E11.4891
G1 X-35.376 Y-18.061 E12.19296
G1 X-35.718 Y-17.447 E12.22676
G1 X-36.152 Y-17.044 E12.25525
G1 X-36.678 Y-16.729 E12.28474
G1 X-35.617 Y-16.481 E12.33715
G1 X-34.882 Y-16.145 E12.37602
G1 X-34.196 Y-15.661 E12.4164
G1 X-33.581 Y-15.004 E12.45968
G1 X-33.131 Y-14.261 E12.50146
G1 X-32.847 Y-13.465 E12.54211
G1 X-32.72 Y-12.435 E12.59202
G1 X-32.72 Y-11.769 E12.62405
G1 X-28.664 Y-7.713 E12.89993
G1 X-32.3 Y-7.713 E13.07481
G1 X-32.893 Y-8.307 E13.11518
;LAYER_CHANGE
;Z:17.15
;HEIGHT:0.299999
G1 Z17.15 F7800
G1 E11.11518 F2400
G92 E0
G1 X-32.893 Y-8.307 F7800
G1 X-46.064 Y-16.961
G1 E2 F2400
;TYPE:Perimeter
;WIDTH:0.550908
G1 F3600
G1 X-46.186 Y-16.977 E2.00747
;WIDTH:0.587933
G1 X-46.642 Y-17.169 E2.03978
;WIDTH:0.594425
G1 X-46.967 Y-17.416 E2.06677
G1 X-47.276 Y-17.822 E2.1005
;WIDTH:0.587654
G1 X-47.438 Y-18.213 E2.12812
;WIDTH:0.555272
G1 X-47.532 Y-18.84 E2.16694
;WIDTH:0.510887
G1 X-47.53 Y-29.06 E2.7361
;WIDTH:0.509782
;WIDTH:0.550967
G1 X-47.431 Y-29.664 E2.77325
;WIDTH:0.588574
G1 X-47.27 Y-30.043 E2.80017
;WIDTH:0.589438
G1 X-46.928 Y-30.474 E2.8362
G1 X-46.507 Y-30.751 E2.8692
;WIDTH:0.574233
G1 X-46.151 Y-30.881 E2.8933
;WIDTH:0.546475
G1 X-45.592 Y-30.954 E2.9272
;WIDTH:0.511034
;WIDTH:0.513208
G1 X-37.373 Y-30.954 E3.3873
;WIDTH:0.535785
G1 X-37.104 Y-30.929 E3.40318
G1 X-36.762 Y-30.783 E3.42504
;WIDTH:0.492892
G1 X-36.419 Y-30.636 E3.44498
;WIDTH:0.45
G1 X-36.155 Y-30.445 E3.46065
G1 X-35.79 Y-29.992 E3.48863
G1 X-35.624 Y-29.63 E3.50778
G1 X-35.517 Y-29.137 E3.53204
G1 X-35.509 Y-28.099 E3.58197
G1 X-35.509 Y-18.841 E4.02725
G1 X-35.559 Y-18.407 E4.04826
G1 X-35.827 Y-17.808 E4.07982
G1 X-36.053 Y-17.515 E4.09762
G1 X-36.418 Y-17.223 E4.1201
;WIDTH:0.48914
G1 X-36.665 Y-17.092 E4.13491
;WIDTH:0.528281
G1 X-36.913 Y-16.961 E4.15114
G1 X-37.418 Y-16.9 E4.18057
;WIDTH:0.512649
G1 X-45.592 Y-16.901 E4.63758
;WIDTH:0.550908
G1 X-46.005 Y-16.954 E4.66285
G1 X-46.005 Y-16.954 F7800
G1 X-45.96 Y-17.373
;WIDTH:0.45
G1 F3600
G1 X-46.029 Y-17.384 E4.66621
G1 X-46.38 Y-17.541 E4.6847
G1 X-46.691 Y-17.796 E4.70404
G1 X-46.969 Y-18.189 E4.72719
G1 X-47.102 Y-18.713 E4.75319
G1 X-47.116 Y-18.84 E4.75934
G1 X-47.115 Y-29.06 E5.25089
G1 X-47.008 Y-29.558 E5.27539
G1 X-46.903 Y-29.774 E5.28694
G1 X-46.571 Y-30.177 E5.31205
G1 X-46.138 Y-30.436 E5.33632
G1 X-45.592 Y-30.538 E5.36304
G1 X-37.373 Y-30.537 E5.75835
G1 X-36.858 Y-30.416 E5.78379
G1 X-36.573 Y-30.274 E5.7991
G1 X-36.32 Y-30.059 E5.81507
G1 X-36.055 Y-29.692 E5.83684
G1 X-35.909 Y-29.142 E5.86421
G1 X-35.895 Y-28.099 E5.91438
G1 X-35.895 Y-18.841 E6.35966
G1 X-35.978 Y-18.365 E6.3829
G1 X-36.241 Y-17.875 E6.40965
G1 X-36.593 Y-17.567 E6.43215
G1 X-37.049 Y-17.367 E6.4561
G1 X-37.418 Y-17.317 E6.47401
G1 X-45.593 Y-17.317 E6.8672
G1 X-45.901 Y-17.364 E6.88219
G1 X-45.901 Y-17.364 F7800
G1 X-45.864 Y-17.753
;TYPE:External perimeter
G1 F1800
G1 X-45.964 Y-17.772 E6.88709
G1 X-46.158 Y-17.856 E6.89726
G1 X-46.381 Y-18.025 E6.91072
G1 X-46.635 Y-18.395 E6.93231
G1 X-46.73 Y-18.84 E6.9542
G1 X-46.729 Y-29.06 E7.44575
G1 X-46.592 Y-29.545 E7.46999
G1 X-46.338 Y-29.87 E7.48983
G1 X-45.991 Y-30.077 E7.50926
G1 X-45.592 Y-30.153 E7.5288
G1 X-37.373 Y-30.151 E7.92411
G1 X-36.863 Y-30.006 E7.94961
G1 X-36.63 Y-29.83 E7.96365
G1 X-36.376 Y-29.46 E7.98524
G1 X-36.28 Y-29.015 E8.00714
G1 X-36.28 Y-18.841 E8.49647
G1 X-36.329 Y-18.526 E8.5118
G1 X-36.585 Y-18.073 E8.53683
G1 X-36.795 Y-17.896 E8.55004
G1 X-37.108 Y-17.748 E8.56669
G1 X-37.418 Y-17.703 E8.58176
G1 X-45.592 Y-17.703 E8.9749
G1 X-45.805 Y-17.742 E8.98531
G1 X-46.177 Y-17.889 F7800
G1 E6.98531 F2400
G92 E0
G1 X-33.009 Y-40.431 F7800
G1 E2 F2400
;TYPE:Perimeter
G1 F3600
G1 X-19.502 Y-40.431 E2.64964
G1 X-19.502 Y-33.599 E2.97824
G1 X-19.502 Y-7.424 E4.23717
G1 X-33.009 Y-7.424 E4.88681
G1 X-33.009 Y-12.429 E5.12753
G1 X-33.156 Y-13.489 E5.179
G1 X-33.437 Y-14.22 E5.21667
G1 X-33.856 Y-14.881 E5.25431
G1 X-34.414 Y-15.462 E5.29305
G1 X-35.185 Y-15.983 E5.33781
G1 X-35.727 Y-16.212 E5.36611
G1 X-36.296 Y-16.358 E5.39436
;WIDTH:0.48914
G1 X-36.576 Y-16.409 E5.40944
;WIDTH:0.528281
G1 X-36.856 Y-16.459 E5.4259
G1 X-37.418 Y-16.452 E5.45842
;WIDTH:0.512649
G1 X-45.592 Y-16.454 E5.91543
;WIDTH:0.515601
G1 X-45.742 Y-16.456 E5.92387
;WIDTH:0.561665
G1 X-46.417 Y-16.529 E5.96598
;WIDTH:0.587933
G1 X-46.916 Y-16.724 E6.00096
;WIDTH:0.594425
G1 X-47.33 Y-17.03 E6.03499
G1 X-47.655 Y-17.438 E6.06947
;WIDTH:0.594189
G1 X-47.789 Y-17.689 E6.08827
;WIDTH:0.580687
G1 X-47.936 Y-18.191 E6.12195
;WIDTH:0.556503
G1 X-47.979 Y-18.84 E6.16187
;WIDTH:0.510887
G1 X-47.976 Y-29.06 E6.73103
;WIDTH:0.541207
G1 X-47.96 Y-29.465 E6.75514
;WIDTH:0.568045
G1 X-47.861 Y-29.975 E6.78778
;WIDTH:0.586545
G1 X-47.73 Y-30.283 E6.80958
;WIDTH:0.594697
G1 X-47.44 Y-30.706 E6.8435
G1 X-47.13 Y-30.99 E6.87131
;WIDTH:0.593583
G1 X-46.641 Y-31.241 E6.90759
;WIDTH:0.56462
G1 X-46.222 Y-31.357 E6.93472
;WIDTH:0.546475
G1 X-45.592 Y-31.401 E6.97269
;WIDTH:0.513208
G1 X-37.373 Y-31.403 E7.43279
;WIDTH:0.535785
G1 X-37.042 Y-31.392 E7.45226
G1 X-36.858 Y-31.422 E7.46322
;WIDTH:0.492892
G1 X-36.675 Y-31.451 E7.47312
;WIDTH:0.45
G1 X-35.944 Y-31.578 E7.50881
G1 X-35.193 Y-31.872 E7.5476
G1 X-34.4 Y-32.402 E7.59347
G1 X-33.847 Y-32.989 E7.63226
G1 X-33.349 Y-33.829 E7.67923
G1 X-33.072 Y-34.741 E7.72507
G1 X-33.009 Y-35.427 E7.7582
G1 X-33.009 Y-40.371 E7.99599
G1 X-33.009 Y-40.371 F7800
G1 X-33.395 Y-40.817
G1 F3600
G1 X-19.116 Y-40.817 E8.68276
G1 X-19.116 Y-33.599 E9.02992
G1 X-19.116 Y-7.038 E10.30741
G1 X-33.395 Y-7.038 E10.99418
G1 X-33.395 Y-12.429 E11.25347
G1 X-33.519 Y-13.359 E11.2986
G1 X-33.768 Y-14.021 E11.33262
G1 X-34.141 Y-14.622 E11.36664
G1 X-34.636 Y-15.147 E11.40134
G1 X-35.342 Y-15.631 E11.44251
G1 X-35.83 Y-15.84 E11.46804
G1 X-36.343 Y-15.976 E11.49357
G1 X-36.856 Y-16.035 E11.51841
G1 X-46.036 Y-16.044 E11.95994
G1 X-46.682 Y-16.144 E11.99138
G1 X-47.176 Y-16.35 E12.01712
G1 X-47.683 Y-16.73 E12.04759
G1 X-48.016 Y-17.156 E12.0736
G1 X-48.174 Y-17.439 E12.08919
G1 X-48.32 Y-17.918 E12.11327
G1 X-48.395 Y-18.45 E12.13911
G1 X-48.391 Y-29.523 E12.67168
G1 X-48.3 Y-30.051 E12.69745
G1 X-48.113 Y-30.546 E12.7229
G1 X-47.814 Y-30.97 E12.74785
G1 X-47.478 Y-31.298 E12.77043
G1 X-47.057 Y-31.569 E12.79451
G1 X-46.536 Y-31.744 E12.82094
G1 X-45.976 Y-31.817 E12.8481
G1 X-36.732 Y-31.833 E13.2927
G1 X-36.074 Y-31.942 E13.32478
G1 X-35.4 Y-32.198 E13.35946
G1 X-34.673 Y-32.674 E13.40125
G1 X-34.172 Y-33.195 E13.43601
G1 X-33.715 Y-33.95 E13.47846
G1 X-33.456 Y-34.779 E13.52023
G1 X-33.395 Y-35.427 E13.55153
G1 X-33.395 Y-40.757 E13.80788
G1 X-33.395 Y-40.757 F7800
G1 X-33.78 Y-41.203
;TYPE:External perimeter
G1 F1800
G1 X-18.73 Y-41.203 E14.53173
G1 X-18.73 Y-33.599 E14.89746
G1 X-18.73 Y-6.653 E16.19347
G1 X-33.78 Y-6.653 E16.91732
G1 X-33.78 Y-12.429 E17.19513
G1 X-33.882 Y-13.229 E17.23392
G1 X-34.099 Y-13.823 E17.26434
G1 X-34.427 Y-14.363 E17.29473
G1 X-34.858 Y-14.832 E17.32537
G1 X-35.465 Y-15.259 E17.36106
G1 X-35.906 Y-15.459 E17.38435
G1 X-36.362 Y-15.587 E17.40713
G1 X-36.856 Y-15.649 E17.43108
G1 X-45.944 Y-15.653 E17.86818
G1 X-46.456 Y-15.698 E17.8929
G1 X-47.013 Y-15.848 E17.92064
G1 X-47.567 Y-16.142 E17.95081
G1 X-47.964 Y-16.463 E17.97537
G1 X-48.32 Y-16.919 E18.00319
G1 X-48.566 Y-17.362 E18.02756
G1 X-48.722 Y-17.923 E18.05557
G1 X-48.78 Y-18.436 E18.0804
G1 X-48.777 Y-29.556 E18.61523
G1 X-48.659 Y-30.235 E18.64838
G1 X-48.453 Y-30.733 E18.6743
G1 X-48.059 Y-31.292 E18.70719
G1 X-47.658 Y-31.656 E18.73324
G1 X-47.22 Y-31.92 E18.75784
G1 X-46.544 Y-32.149 E18.79217
G1 X-45.995 Y-32.203 E18.8187
G1 X-36.788 Y-32.214 E19.26153
G1 X-36.204 Y-32.305 E19.28996
G1 X-35.606 Y-32.524 E19.32059
G1 X-34.946 Y-32.947 E19.35829
G1 X-34.498 Y-33.401 E19.38897
G1 X-34.081 Y-34.071 E19.42693
G1 X-33.84 Y-34.817 E19.46464
G1 X-33.78 Y-35.427 E19.49412
G1 X-33.78 Y-41.143 E19.76904
G1 X-33.385 Y-41.202 F7800
G1 E17.76904 F2400
G92 E0
G1 X-19.617 Y-38.659 F7800
G1 E2 F2400
;TYPE:Internal infill
;WIDTH:0.45
G1 F4800
G1 X-21.101 Y-40.142 E2.10091
G1 X-24.736 Y-40.142 E2.27574
G1 X-19.791 Y-35.196 E2.61213
G1 X-19.791 Y-31.561 E2.78696
G1 X-28.372 Y-40.142 E3.37063
G1 X-32.008 Y-40.142 E3.54551
G1 X-19.791 Y-27.925 E4.3765
G1 X-19.791 Y-24.289 E4.55138
G1 X-32.723 Y-37.222 E5.43103
G1 X-32.725 Y-35.308 E5.52309
G1 X-32.813 Y-34.54 E5.56027
G1 X-33.028 Y-33.891 E5.59315
G1 X-19.791 Y-20.654 E6.49352
G1 X-19.791 Y-17.018 E6.6684
G1 X-34.648 Y-31.875 E7.67896
G1 X-35.282 Y-31.508 E7.71419
G1 X-35.964 Y-31.27 E7.74893
G1 X-36.768 Y-31.129 E7.78819
G1 X-36.258 Y-30.877 E7.81555
G1 X-35.965 Y-30.663 E7.833
G1 X-35.46 Y-30.013 E7.87259
G1 X-35.238 Y-29.225 E7.91197
G1 X-35.22 Y-28.812 E7.93185
G1 X-19.791 Y-13.383 E8.98131
G1 X-19.791 Y-9.747 E9.15619
G1 X-35.22 Y-25.176 E10.20565
G1 X-35.22 Y-21.54 E10.38053
G1 X-21.393 Y-7.713 E11.32103
G1 X-25.028 Y-7.713 E11.49586
G1 X-35.376 Y-18.061 E12.19972
G1 X-35.718 Y-17.447 E12.23352
G1 X-36.152 Y-17.044 E12.26201
G1 X-36.679 Y-16.729 E12.29154
G1 X-35.617 Y-16.481 E12.34399
G1 X-34.882 Y-16.145 E12.38286
G1 X-34.196 Y-15.661 E12.42324
G1 X-33.581 Y-15.004 E12.46652
G1 X-33.131 Y-14.261 E12.5083
G1 X-32.847 Y-13.465 E12.54895
G1 X-32.72 Y-12.435 E12.59886
G1 X-32.72 Y-11.769 E12.63089
G1 X-28.664 Y-7.713 E12.90677
G1 X-32.3 Y-7.713 E13.08165
G1 X-32.893 Y-8.307 E13.12202
;LAYER_CHANGE
;Z:17.45
;HEIGHT:0.300001
G1 Z17.45 F7800
G1 E11.12202 F2400
G92 E0
G1 X-32.893 Y-8.307 F7800
G1 X-46.061 Y-16.961
G1 E2 F2400
;TYPE:Perimeter
;WIDTH:0.550911
G1 F3600
G1 X-46.186 Y-16.977 E2.00765
;WIDTH:0.587933
G1 X-46.642 Y-17.169 E2.03996
;WIDTH:0.595523
G1 X-47.011 Y-17.463 E2.07122
G1 X-47.324 Y-17.909 E2.10732
;WIDTH:0.571383
G1 X-47.436 Y-18.214 E2.12787
;WIDTH:0.550597
G1 X-47.532 Y-18.84 E2.16628
;WIDTH:0.510887
G1 X-47.53 Y-29.06 E2.73544
;WIDTH:0.550928
G1 X-47.431 Y-29.664 E2.77258
;WIDTH:0.588325
G1 X-47.267 Y-30.047 E2.79981
;WIDTH:0.589871
G1 X-46.955 Y-30.449 E2.83316
G1 X-46.524 Y-30.742 E2.86732
;WIDTH:0.57744
G1 X-46.151 Y-30.881 E2.89279
;WIDTH:0.546479
G1 X-45.592 Y-30.954 E2.92669
;WIDTH:0.511034
;WIDTH:0.513208
G1 X-37.373 Y-30.954 E3.38679
;WIDTH:0.520252
G1 X-36.917 Y-30.892 E3.41296
G1 X-36.615 Y-30.724 E3.43261
;WIDTH:0.485126
G1 X-36.314 Y-30.556 E3.4507
;WIDTH:0.45
G1 X-36.01 Y-30.289 E3.47016
G1 X-35.716 Y-29.876 E3.49454
G1 X-35.533 Y-29.227 E3.52697
G1 X-35.509 Y-28.097 E3.58133
G1 X-35.509 Y-18.841 E4.02651
G1 X-35.559 Y-18.407 E4.04752
G1 X-35.827 Y-17.808 E4.07908
G1 X-36.04 Y-17.528 E4.096
G1 X-36.487 Y-17.18 E4.12325
;WIDTH:0.480511
G1 X-36.843 Y-17.053 E4.14287
;WIDTH:0.511023
G1 X-37.199 Y-16.925 E4.16394
;WIDTH:0.512649
G1 X-37.418 Y-16.9 E4.17626
G1 X-45.592 Y-16.901 E4.63327
;WIDTH:0.550911
G1 X-46.001 Y-16.953 E4.65829
G1 X-46.001 Y-16.953 F7800
G1 X-45.958 Y-17.373
;WIDTH:0.45
G1 F3600
G1 X-46.029 Y-17.384 E4.66175
G1 X-46.38 Y-17.541 E4.68024
G1 X-46.691 Y-17.796 E4.69958
G1 X-46.986 Y-18.229 E4.72478
G1 X-47.116 Y-18.84 E4.75482
G1 X-47.115 Y-29.06 E5.24637
G1 X-47.008 Y-29.558 E5.27087
G1 X-46.895 Y-29.786 E5.28311
G1 X-46.649 Y-30.111 E5.30271
G1 X-46.229 Y-30.396 E5.32712
G1 X-45.705 Y-30.527 E5.3531
G1 X-37.373 Y-30.537 E5.75384
G1 X-36.936 Y-30.457 E5.77521
G1 X-36.407 Y-30.153 E5.80456
G1 X-36.075 Y-29.726 E5.83057
G1 X-35.909 Y-29.142 E5.85977
G1 X-35.895 Y-28.097 E5.91004
G1 X-35.895 Y-18.841 E6.35522
G1 X-35.978 Y-18.365 E6.37846
G1 X-36.241 Y-17.875 E6.40521
G1 X-36.659 Y-17.53 E6.43128
G1 X-36.888 Y-17.422 E6.44346
G1 X-37.418 Y-17.317 E6.46945
G1 X-45.593 Y-17.317 E6.86264
G1 X-45.899 Y-17.364 E6.87753
G1 X-45.863 Y-17.753 F7800
;TYPE:External perimeter
G1 F1800
G1 X-45.964 Y-17.772 E6.88247
G1 X-46.158 Y-17.856 E6.89264
G1 X-46.381 Y-18.025 E6.9061
G1 X-46.635 Y-18.395 E6.92769
G1 X-46.73 Y-18.84 E6.94958
G1 X-46.729 Y-29.06 E7.44113
G1 X-46.605 Y-29.528 E7.46442
G1 X-46.367 Y-29.843 E7.48341
G1 X-45.991 Y-30.077 E7.50471
G1 X-45.592 Y-30.153 E7.52425
G1 X-37.373 Y-30.151 E7.91956
G1 X-37.06 Y-30.09 E7.9349
G1 X-36.63 Y-29.83 E7.95907
G1 X-36.376 Y-29.46 E7.98066
G1 X-36.28 Y-29.015 E8.00256
G1 X-36.28 Y-18.841 E8.49189
G1 X-36.329 Y-18.526 E8.50722
G1 X-36.569 Y-18.089 E8.5312
G1 X-36.972 Y-17.798 E8.55511
G1 X-37.418 Y-17.703 E8.57704
G1 X-45.592 Y-17.703 E8.97018
G1 X-45.804 Y-17.742 E8.98055
G1 X-46.177 Y-17.889 F7800
G1 E6.98055 F2400
G92 E0
G1 X-33.009 Y-40.431 F7800
G1 E2 F2400
;TYPE:Perimeter
G1 F3600
G1 X-19.502 Y-40.431 E2.64964
G1 X-19.502 Y-33.599 E2.97824
G1 X-19.502 Y-7.424 E4.23717
G1 X-33.009 Y-7.424 E4.88681
G1 X-33.009 Y-12.429 E5.12753
G1 X-33.156 Y-13.489 E5.179
G1 X-33.437 Y-14.22 E5.21667
G1 X-33.856 Y-14.881 E5.25431
G1 X-34.414 Y-15.462 E5.29305
G1 X-35.185 Y-15.983 E5.33781
G1 X-35.727 Y-16.212 E5.36611
G1 X-36.296 Y-16.358 E5.39436
;WIDTH:0.458534
G1 X-36.856 Y-16.424 E5.42208
;WIDTH:0.485591
G1 X-37.137 Y-16.438 E5.43686
;WIDTH:0.512649
G1 X-37.418 Y-16.452 E5.45259
G1 X-45.592 Y-16.454 E5.9096
;WIDTH:0.515602
G1 X-45.742 Y-16.456 E5.91804
;WIDTH:0.561663
G1 X-46.417 Y-16.529 E5.96015
;WIDTH:0.587933
G1 X-46.932 Y-16.734 E5.99635
;WIDTH:0.595984
G1 X-47.369 Y-17.064 E6.03266
G1 X-47.679 Y-17.474 E6.06674
;WIDTH:0.593092
G1 X-47.862 Y-17.891 E6.09677
;WIDTH:0.561771
G1 X-47.914 Y-18.13 E6.11194
;WIDTH:0.550597
G1 X-47.979 Y-18.84 E6.15518
;WIDTH:0.510887
G1 X-47.976 Y-29.06 E6.72434
;WIDTH:0.5412
G1 X-47.96 Y-29.465 E6.74844
;WIDTH:0.568059
G1 X-47.861 Y-29.975 E6.78108
;WIDTH:0.583526
G1 X-47.742 Y-30.259 E6.80102
;WIDTH:0.593067
G1 X-47.44 Y-30.707 E6.83665
;WIDTH:0.596089
G1 X-47.122 Y-30.993 E6.86501
G1 X-46.64 Y-31.242 E6.90099
;WIDTH:0.564671
G1 X-46.222 Y-31.357 E6.92804
;WIDTH:0.546479
G1 X-45.592 Y-31.401 E6.96601
;WIDTH:0.513208
G1 X-37.373 Y-31.403 E7.42611
;WIDTH:0.540609
G1 X-36.946 Y-31.39 E7.45148
G1 X-36.75 Y-31.429 E7.46335
;WIDTH:0.495304
G1 X-36.554 Y-31.469 E7.4741
;WIDTH:0.45
G1 X-35.944 Y-31.578 E7.5039
G1 X-35.193 Y-31.872 E7.54269
G1 X-34.384 Y-32.418 E7.58963
G1 X-33.743 Y-33.125 E7.63553
G1 X-33.349 Y-33.829 E7.67433
G1 X-33.072 Y-34.741 E7.72017
G1 X-33.009 Y-35.427 E7.7533
G1 X-33.009 Y-40.371 E7.99109
G1 X-33.009 Y-40.371 F7800
G1 X-33.395 Y-40.817
G1 F3600
G1 X-19.116 Y-40.817 E8.67786
G1 X-19.116 Y-33.599 E9.02502
G1 X-19.116 Y-7.038 E10.30251
G1 X-33.395 Y-7.038 E10.98928
G1 X-33.395 Y-12.429 E11.24857
G1 X-33.519 Y-13.359 E11.2937
G1 X-33.768 Y-14.021 E11.32772
G1 X-34.141 Y-14.622 E11.36174
G1 X-34.636 Y-15.147 E11.39644
G1 X-35.342 Y-15.631 E11.43761
G1 X-35.83 Y-15.84 E11.46314
G1 X-36.343 Y-15.976 E11.48867
G1 X-36.856 Y-16.035 E11.51351
G1 X-45.742 Y-16.038 E11.9409
G1 X-46.34 Y-16.074 E11.96971
G1 X-46.857 Y-16.2 E11.9953
G1 X-47.383 Y-16.481 E12.02398
G1 X-47.761 Y-16.817 E12.0483
G1 X-48.103 Y-17.29 E12.07637
G1 X-48.319 Y-17.848 E12.10515
G1 X-48.395 Y-18.464 E12.135
G1 X-48.391 Y-29.523 E12.6669
G1 X-48.3 Y-30.051 E12.69267
G1 X-48.113 Y-30.546 E12.71812
G1 X-47.814 Y-30.97 E12.74307
G1 X-47.478 Y-31.298 E12.76565
G1 X-47.055 Y-31.57 E12.78984
G1 X-46.536 Y-31.744 E12.81617
G1 X-45.976 Y-31.817 E12.84333
G1 X-37.168 Y-31.82 E13.26696
G1 X-36.61 Y-31.851 E13.29384
G1 X-36.074 Y-31.942 E13.31999
G1 X-35.4 Y-32.198 E13.35467
G1 X-34.663 Y-32.684 E13.39713
G1 X-34.074 Y-33.324 E13.43896
G1 X-33.715 Y-33.95 E13.47367
G1 X-33.456 Y-34.779 E13.51544
G1 X-33.395 Y-35.427 E13.54674
G1 X-33.395 Y-40.757 E13.80309
G1 X-33.395 Y-40.757 F7800
G1 X-33.78 Y-41.203
;TYPE:External perimeter
G1 F1800
G1 X-18.73 Y-41.203 E14.52694
G1 X-18.73 Y-33.599 E14.89267
G1 X-18.73 Y-6.653 E16.18868
G1 X-33.78 Y-6.653 E16.91253
G1 X-33.78 Y-12.429 E17.19034
G1 X-33.882 Y-13.229 E17.22913
G1 X-34.099 Y-13.823 E17.25955
G1 X-34.427 Y-14.363 E17.28994
G1 X-34.858 Y-14.832 E17.32058
G1 X-35.465 Y-15.259 E17.35627
G1 X-35.906 Y-15.459 E17.37956
G1 X-36.362 Y-15.587 E17.40234
G1 X-36.856 Y-15.649 E17.42629
G1 X-45.593 Y-15.652 E17.84651
G1 X-46.074 Y-15.66 E17.86965
G1 X-46.638 Y-15.732 E17.897
G1 X-47.239 Y-15.948 E17.92772
G1 X-47.72 Y-16.253 E17.95511
G1 X-48.115 Y-16.637 E17.98161
G1 X-48.45 Y-17.116 E18.00972
G1 X-48.696 Y-17.754 E18.04261
G1 X-48.78 Y-18.441 E18.0759
G1 X-48.777 Y-29.556 E18.61049
G1 X-48.659 Y-30.235 E18.64364
G1 X-48.453 Y-30.733 E18.66956
G1 X-48.059 Y-31.292 E18.70245
G1 X-47.658 Y-31.656 E18.7285
G1 X-47.218 Y-31.922 E18.75323
G1 X-46.544 Y-32.149 E18.78744
G1 X-45.995 Y-32.203 E18.81397
G1 X-36.828 Y-32.208 E19.25487
G1 X-36.204 Y-32.305 E19.28524
G1 X-35.606 Y-32.524 E19.31587
G1 X-34.942 Y-32.95 E19.35381
G1 X-34.405 Y-33.522 E19.39155
G1 X-34.081 Y-34.071 E19.42221
G1 X-33.84 Y-34.817 E19.45992
G1 X-33.78 Y-35.427 E19.4894
G1 X-33.78 Y-41.143 E19.76432
G1 X-33.385 Y-41.202 F7800
G1 E17.76432 F2400
G92 E0
G1 X-19.617 Y-38.659 F7800
G1 E2 F2400
;TYPE:Internal infill
;WIDTH:0.45
G1 F4800
G1 X-21.101 Y-40.142 E2.10091
G1 X-24.736 Y-40.142 E2.27574
G1 X-19.791 Y-35.196 E2.61213
G1 X-19.791 Y-31.561 E2.78696
G1 X-28.372 Y-40.142 E3.37063
G1 X-32.008 Y-40.142 E3.54551
G1 X-19.791 Y-27.925 E4.3765
G1 X-19.791 Y-24.289 E4.55138
G1 X-32.723 Y-37.222 E5.43103
G1 X-32.725 Y-35.308 E5.52309
G1 X-32.813 Y-34.54 E5.56027
G1 X-33.03 Y-33.893 E5.59309
G1 X-19.791 Y-20.654 E6.49359
G1 X-19.791 Y-17.018 E6.66847
G1 X-34.648 Y-31.875 E7.67903
G1 X-35.282 Y-31.508 E7.71426
G1 X-35.851 Y-31.305 E7.74332
G1 X-36.707 Y-31.123 E7.78541
G1 X-35.965 Y-30.664 E7.82737
G1 X-35.46 Y-30.013 E7.867
G1 X-35.235 Y-29.208 E7.9072
G1 X-35.22 Y-28.812 E7.92626
G1 X-19.791 Y-13.383 E8.97572
G1 X-19.791 Y-9.747 E9.1506
G1 X-35.22 Y-25.176 E10.20006
G1 X-35.22 Y-21.54 E10.37494
G1 X-21.393 Y-7.713 E11.31544
G1 X-25.028 Y-7.713 E11.49027
G1 X-35.376 Y-18.061 E12.19413
G1 X-35.718 Y-17.447 E12.22793
G1 X-35.913 Y-17.256 E12.24106
G1 X-36.333 Y-16.934 E12.26651
G1 X-36.79 Y-16.719 E12.2908
G1 X-36.084 Y-16.611 E12.32515
G1 X-35.48 Y-16.43 E12.35548
G1 X-34.884 Y-16.147 E12.38721
G1 X-34.043 Y-15.519 E12.43769
G1 X-33.581 Y-15.004 E12.47097
G1 X-33.132 Y-14.261 E12.51272
G1 X-32.847 Y-13.465 E12.55338
G1 X-32.72 Y-12.435 E12.60329
G1 X-32.72 Y-11.769 E12.63532
G1 X-28.664 Y-7.713 E12.9112
G1 X-32.3 Y-7.713 E13.08608
G1 X-32.893 Y-8.307 E13.12645
;LAYER_CHANGE
;Z:17.75
;HEIGHT:0.299999
G1 Z17.75 F7800
G1 E11.12645 F2400
G92 E0
G1 X-32.893 Y-8.307 F7800
G1 X-46.061 Y-16.961
G1 E2 F2400
;TYPE:Perimeter
;WIDTH:0.550909
G1 F3600
G1 X-46.186 Y-16.977 E2.00765
;WIDTH:0.577871
G1 X-46.629 Y-17.167 E2.03852
;WIDTH:0.593453
G1 X-46.92 Y-17.371 E2.06197
G1 X-47.276 Y-17.821 E2.09983
;WIDTH:0.588298
G1 X-47.44 Y-18.213 E2.1276
;WIDTH:0.558799
G1 X-47.532 Y-18.84 E2.16668
;WIDTH:0.510887
G1 X-47.53 Y-29.06 E2.73584
;WIDTH:0.550925
G1 X-47.431 Y-29.664 E2.77298
;WIDTH:0.588327
G1 X-47.267 Y-30.047 E2.80021
;WIDTH:0.589872
G1 X-46.955 Y-30.449 E2.83356
G1 X-46.524 Y-30.742 E2.86772
;WIDTH:0.577586
G1 X-46.151 Y-30.881 E2.8932
;WIDTH:0.546475
G1 X-45.592 Y-30.954 E2.9271
;WIDTH:0.511034
;WIDTH:0.513208
G1 X-37.373 Y-30.954 E3.3872
;WIDTH:0.535847
G1 X-37.104 Y-30.929 E3.40309
G1 X-36.74 Y-30.766 E3.42654
;WIDTH:0.492923
G1 X-36.375 Y-30.604 E3.44788
;WIDTH:0.45
G1 X-35.882 Y-30.148 E3.48018
G1 X-35.6 Y-29.59 E3.51025
G1 X-35.509 Y-29.024 E3.53782
G1 X-35.509 Y-18.841 E4.02759
G1 X-35.559 Y-18.407 E4.0486
G1 X-35.827 Y-17.808 E4.08016
G1 X-36.053 Y-17.515 E4.09796
G1 X-36.419 Y-17.223 E4.12048
;WIDTH:0.488809
G1 X-36.666 Y-17.092 E4.13528
;WIDTH:0.527619
G1 X-36.913 Y-16.961 E4.15143
G1 X-37.418 Y-16.9 E4.18082
;WIDTH:0.512649
G1 X-45.592 Y-16.901 E4.63783
;WIDTH:0.550909
G1 X-46.001 Y-16.953 E4.66285
G1 X-46.001 Y-16.953 F7800
G1 X-45.958 Y-17.373
;WIDTH:0.45
G1 F3600
G1 X-46.029 Y-17.384 E4.66631
G1 X-46.37 Y-17.534 E4.68423
G1 X-46.691 Y-17.796 E4.70416
G1 X-46.979 Y-18.211 E4.72846
G1 X-47.102 Y-18.713 E4.75332
G1 X-47.116 Y-18.84 E4.75947
G1 X-47.115 Y-29.06 E5.25102
G1 X-47.008 Y-29.558 E5.27552
G1 X-46.895 Y-29.786 E5.28776
G1 X-46.649 Y-30.111 E5.30736
G1 X-46.229 Y-30.396 E5.33177
G1 X-45.705 Y-30.527 E5.35775
G1 X-45.592 Y-30.538 E5.36321
G1 X-37.373 Y-30.537 E5.75852
G1 X-36.859 Y-30.416 E5.78392
G1 X-36.596 Y-30.286 E5.79803
G1 X-36.193 Y-29.919 E5.82425
G1 X-35.964 Y-29.457 E5.84905
G1 X-35.895 Y-29.014 E5.87061
G1 X-35.895 Y-18.841 E6.3599
G1 X-35.978 Y-18.365 E6.38314
G1 X-36.24 Y-17.875 E6.40986
G1 X-36.593 Y-17.566 E6.43242
G1 X-37.051 Y-17.366 E6.45646
G1 X-37.418 Y-17.317 E6.47427
G1 X-45.593 Y-17.317 E6.86746
G1 X-45.899 Y-17.364 E6.88235
G1 X-45.863 Y-17.753 F7800
;TYPE:External perimeter
G1 F1800
G1 X-45.964 Y-17.772 E6.88729
G1 X-46.318 Y-17.969 E6.90678
G1 X-46.625 Y-18.363 E6.9308
G1 X-46.73 Y-18.84 E6.95429
G1 X-46.729 Y-29.06 E7.44584
G1 X-46.605 Y-29.528 E7.46913
G1 X-46.367 Y-29.843 E7.48812
G1 X-45.991 Y-30.077 E7.50942
G1 X-45.592 Y-30.153 E7.52896
G1 X-37.373 Y-30.151 E7.92427
G1 X-36.854 Y-29.999 E7.95028
G1 X-36.489 Y-29.668 E7.97398
G1 X-36.339 Y-29.366 E7.9902
G1 X-36.28 Y-29.014 E8.00737
G1 X-36.28 Y-18.841 E8.49666
G1 X-36.329 Y-18.526 E8.51199
G1 X-36.585 Y-18.073 E8.53702
G1 X-36.795 Y-17.897 E8.5502
G1 X-37.11 Y-17.748 E8.56696
G1 X-37.418 Y-17.703 E8.58193
G1 X-45.592 Y-17.703 E8.97507
G1 X-45.804 Y-17.742 E8.98544
G1 X-46.174 Y-17.896 F7800
G1 E6.98544 F2400
G92 E0
G1 X-33.009 Y-40.431 F7800
G1 E2 F2400
;TYPE:Perimeter
G1 F3600
G1 X-19.502 Y-40.431 E2.64964
G1 X-19.502 Y-33.599 E2.97824
G1 X-19.502 Y-7.424 E4.23717
G1 X-33.009 Y-7.424 E4.88681
G1 X-33.009 Y-12.429 E5.12753
G1 X-33.156 Y-13.489 E5.179
G1 X-33.437 Y-14.22 E5.21667
G1 X-33.856 Y-14.881 E5.25431
G1 X-34.414 Y-15.462 E5.29305
G1 X-35.185 Y-15.983 E5.33781
G1 X-35.727 Y-16.212 E5.36611
G1 X-36.296 Y-16.358 E5.39436
;WIDTH:0.488809
G1 X-36.576 Y-16.409 E5.40943
;WIDTH:0.527619
G1 X-36.856 Y-16.459 E5.42586
G1 X-37.418 Y-16.452 E5.45833
;WIDTH:0.512649
G1 X-45.592 Y-16.454 E5.91534
;WIDTH:0.515601
G1 X-45.742 Y-16.456 E5.92378
;WIDTH:0.550909
G1 X-46.297 Y-16.508 E5.95761
;WIDTH:0.570913
G1 X-46.725 Y-16.639 E5.98589
;WIDTH:0.593453
G1 X-47.26 Y-16.966 E6.02727
;WIDTH:0.597968
G1 X-47.603 Y-17.359 E6.06199
G1 X-47.788 Y-17.682 E6.08676
;WIDTH:0.578561
G1 X-47.932 Y-18.16 E6.11878
;WIDTH:0.558787
G1 X-47.979 Y-18.84 E6.16081
;WIDTH:0.510887
G1 X-47.976 Y-29.06 E6.72997
;WIDTH:0.541201
G1 X-47.96 Y-29.465 E6.75407
;WIDTH:0.568058
G1 X-47.861 Y-29.975 E6.78671
;WIDTH:0.583525
G1 X-47.742 Y-30.259 E6.80665
;WIDTH:0.593068
G1 X-47.44 Y-30.707 E6.84228
;WIDTH:0.596062
G1 X-47.122 Y-30.993 E6.87064
G1 X-46.64 Y-31.242 E6.90662
;WIDTH:0.564721
G1 X-46.222 Y-31.357 E6.93367
;WIDTH:0.546475
G1 X-45.592 Y-31.401 E6.97164
;WIDTH:0.513208
G1 X-37.373 Y-31.403 E7.43174
;WIDTH:0.535847
G1 X-37.041 Y-31.392 E7.45127
G1 X-36.858 Y-31.422 E7.46217
;WIDTH:0.492923
G1 X-36.675 Y-31.451 E7.47207
;WIDTH:0.45
G1 X-35.944 Y-31.578 E7.50776
G1 X-35.384 Y-31.779 E7.53638
G1 X-35.116 Y-31.921 E7.55097
G1 X-34.397 Y-32.405 E7.59266
G1 X-33.829 Y-33.011 E7.63261
G1 X-33.349 Y-33.829 E7.67823
G1 X-33.072 Y-34.741 E7.72407
G1 X-33.009 Y-35.427 E7.7572
G1 X-33.009 Y-40.371 E7.99499
G1 X-33.009 Y-40.371 F7800
G1 X-33.395 Y-40.817
G1 F3600
G1 X-19.116 Y-40.817 E8.68176
G1 X-19.116 Y-33.599 E9.02892
G1 X-19.116 Y-7.038 E10.30641
G1 X-33.395 Y-7.038 E10.99318
G1 X-33.395 Y-12.429 E11.25247
G1 X-33.519 Y-13.359 E11.2976
G1 X-33.768 Y-14.021 E11.33162
G1 X-34.141 Y-14.622 E11.36564
G1 X-34.636 Y-15.147 E11.40034
G1 X-35.342 Y-15.631 E11.44151
G1 X-35.83 Y-15.84 E11.46704
G1 X-36.343 Y-15.976 E11.49257
G1 X-36.856 Y-16.035 E11.51741
G1 X-45.976 Y-16.038 E11.95605
G1 X-46.478 Y-16.088 E11.98031
G1 X-46.926 Y-16.241 E12.00308
G1 X-47.468 Y-16.549 E12.03306
G1 X-47.812 Y-16.898 E12.05663
G1 X-48.11 Y-17.312 E12.08116
G1 X-48.304 Y-17.794 E12.10615
G1 X-48.395 Y-18.45 E12.138
G1 X-48.391 Y-29.523 E12.67057
G1 X-48.3 Y-30.051 E12.69634
G1 X-48.113 Y-30.546 E12.72179
G1 X-47.814 Y-30.97 E12.74674
G1 X-47.478 Y-31.298 E12.76932
G1 X-47.052 Y-31.571 E12.79366
G1 X-46.536 Y-31.744 E12.81984
G1 X-45.976 Y-31.817 E12.847
G1 X-36.731 Y-31.833 E13.29165
G1 X-36.074 Y-31.942 E13.32368
G1 X-35.514 Y-32.142 E13.35228
G1 X-35.322 Y-32.247 E13.36281
G1 X-34.671 Y-32.676 E13.40031
G1 X-34.156 Y-33.216 E13.4362
G1 X-33.715 Y-33.95 E13.47738
G1 X-33.456 Y-34.779 E13.51915
G1 X-33.395 Y-35.427 E13.55045
G1 X-33.395 Y-40.757 E13.8068
G1 X-33.395 Y-40.757 F7800
G1 X-33.78 Y-41.203
;TYPE:External perimeter
G1 F1800
G1 X-18.73 Y-41.203 E14.53065
G1 X-18.73 Y-33.599 E14.89638
G1 X-18.73 Y-6.653 E16.19239
G1 X-33.78 Y-6.653 E16.91624
G1 X-33.78 Y-12.429 E17.19405
G1 X-33.882 Y-13.229 E17.23284
G1 X-34.099 Y-13.823 E17.26326
G1 X-34.427 Y-14.363 E17.29365
G1 X-34.858 Y-14.832 E17.32429
G1 X-35.465 Y-15.259 E17.35998
G1 X-35.906 Y-15.459 E17.38327
G1 X-36.362 Y-15.587 E17.40605
G1 X-36.856 Y-15.649 E17.43
G1 X-45.742 Y-15.652 E17.85739
G1 X-46.378 Y-15.69 E17.88803
G1 X-46.935 Y-15.814 E17.91548
G1 X-47.453 Y-16.074 E17.94336
G1 X-47.865 Y-16.369 E17.96773
G1 X-48.314 Y-16.89 E18.00081
G1 X-48.567 Y-17.381 E18.02738
G1 X-48.728 Y-17.923 E18.05457
G1 X-48.78 Y-18.436 E18.07937
G1 X-48.777 Y-29.556 E18.6142
G1 X-48.659 Y-30.235 E18.64735
G1 X-48.453 Y-30.733 E18.67327
G1 X-48.059 Y-31.292 E18.70616
G1 X-47.658 Y-31.656 E18.73221
G1 X-47.215 Y-31.923 E18.75709
G1 X-46.544 Y-32.149 E18.79114
G1 X-45.995 Y-32.203 E18.81767
G1 X-36.828 Y-32.208 E19.25857
G1 X-36.24 Y-32.295 E19.28716
G1 X-36.042 Y-32.363 E19.29723
G1 X-35.528 Y-32.573 E19.32394
G1 X-34.945 Y-32.948 E19.35728
G1 X-34.483 Y-33.421 E19.38908
G1 X-34.081 Y-34.071 E19.42584
G1 X-33.84 Y-34.817 E19.46355
G1 X-33.78 Y-35.427 E19.49303
G1 X-33.78 Y-41.143 E19.76795
G1 X-33.385 Y-41.202 F7800
G1 E17.76795 F2400
G92 E0
G1 X-19.617 Y-38.659 F7800
G1 E2 F2400
;TYPE:Internal infill
;WIDTH:0.45
G1 F4800
G1 X-21.101 Y-40.142 E2.10091
G1 X-24.736 Y-40.142 E2.27574
G1 X-19.791 Y-35.196 E2.61213
G1 X-19.791 Y-31.561 E2.78696
G1 X-28.372 Y-40.142 E3.37063
G1 X-32.008 Y-40.142 E3.54551
G1 X-19.791 Y-27.925 E4.3765
G1 X-19.791 Y-24.289 E4.55138
G1 X-32.723 Y-37.222 E5.43103
G1 X-32.725 Y-35.308 E5.52309
G1 X-32.813 Y-34.54 E5.56027
G1 X-33.03 Y-33.893 E5.59309
G1 X-19.791 Y-20.654 E6.49359
G1 X-19.791 Y-17.018 E6.66847
G1 X-34.648 Y-31.875 E7.67903
G1 X-35.282 Y-31.508 E7.71426
G1 X-36.028 Y-31.256 E7.75213
G1 X-36.773 Y-31.127 E7.7885
G1 X-36.202 Y-30.836 E7.81932
G1 X-35.649 Y-30.319 E7.85573
G1 X-35.32 Y-29.667 E7.89086
G1 X-35.22 Y-28.812 E7.93226
G1 X-19.791 Y-13.383 E8.98172
G1 X-19.791 Y-9.747 E9.1566
G1 X-35.22 Y-25.176 E10.20606
G1 X-35.22 Y-21.54 E10.38094
G1 X-21.393 Y-7.713 E11.32144
G1 X-25.028 Y-7.713 E11.49627
G1 X-35.376 Y-18.061 E12.20013
G1 X-35.718 Y-17.447 E12.23393
G1 X-36.152 Y-17.044 E12.26242
G1 X-36.68 Y-16.729 E12.29199
G1 X-35.617 Y-16.481 E12.34449
G1 X-34.882 Y-16.145 E12.38336
G1 X-34.196 Y-15.661 E12.42374
G1 X-33.581 Y-15.004 E12.46702
G1 X-33.131 Y-14.261 E12.5088
G1 X-32.847 Y-13.465 E12.54945
G1 X-32.72 Y-12.435 E12.59936
G1 X-32.72 Y-11.769 E12.63139
G1 X-28.664 Y-7.713 E12.90727
G1 X-32.3 Y-7.713 E13.08215
G1 X-32.893 Y-8.307 E13.12252
;LAYER_CHANGE
;Z:18.05
;HEIGHT:0.299999
G1 Z18.05 F7800
G1 E11.12252 F2400
G92 E0
G1 X-32.893 Y-8.307 F7800
G1 X-46.061 Y-16.961
G1 E2 F2400
;TYPE:Perimeter
;WIDTH:0.550911
G1 F3600
G1 X-46.186 Y-16.977 E2.00765
;WIDTH:0.577873
G1 X-46.629 Y-17.167 E2.03852
;WIDTH:0.593453
G1 X-46.92 Y-17.371 E2.06197
G1 X-47.276 Y-17.821 E2.09983
;WIDTH:0.588297
G1 X-47.44 Y-18.213 E2.1276
;WIDTH:0.558799
G1 X-47.532 Y-18.84 E2.16668
;WIDTH:0.510887
G1 X-47.53 Y-29.06 E2.73584
;WIDTH:0.559279
G1 X-47.435 Y-29.665 E2.77364
;WIDTH:0.577902
G1 X-47.288 Y-30.009 E2.7976
;WIDTH:0.593648
G1 X-46.993 Y-30.415 E2.83073
G1 X-46.525 Y-30.744 E2.86849
;WIDTH:0.5824
G1 X-46.154 Y-30.88 E2.89402
;WIDTH:0.546678
G1 X-45.599 Y-30.954 E2.9277
;WIDTH:0.511115
;WIDTH:0.513207
G1 X-37.373 Y-30.954 E3.38819
;WIDTH:0.535881
G1 X-37.103 Y-30.929 E3.40414
G1 X-36.723 Y-30.753 E3.42877
;WIDTH:0.49294
G1 X-36.343 Y-30.578 E3.45113
;WIDTH:0.45
G1 X-36.001 Y-30.281 E3.47292
G1 X-35.809 Y-30.031 E3.48808
G1 X-35.593 Y-29.567 E3.5127
G1 X-35.509 Y-29.014 E3.5396
G1 X-35.509 Y-18.841 E4.02889
G1 X-35.559 Y-18.407 E4.0499
G1 X-35.768 Y-17.884 E4.07699
G1 X-36.109 Y-17.472 E4.10271
G1 X-36.445 Y-17.209 E4.12323
;WIDTH:0.488646
G1 X-36.679 Y-17.085 E4.13724
;WIDTH:0.527292
G1 X-36.913 Y-16.961 E4.15253
G1 X-37.418 Y-16.9 E4.1819
;WIDTH:0.512649
G1 X-45.592 Y-16.901 E4.63891
;WIDTH:0.550911
G1 X-46.001 Y-16.953 E4.66393
G1 X-46.001 Y-16.953 F7800
G1 X-45.958 Y-17.373
;WIDTH:0.45
G1 F3600
G1 X-46.029 Y-17.384 E4.66739
G1 X-46.37 Y-17.534 E4.68531
G1 X-46.691 Y-17.796 E4.70524
G1 X-46.979 Y-18.211 E4.72954
G1 X-47.102 Y-18.713 E4.7544
G1 X-47.116 Y-18.84 E4.76055
G1 X-47.115 Y-29.06 E5.2521
G1 X-47.008 Y-29.558 E5.2766
G1 X-46.92 Y-29.75 E5.28676
G1 X-46.627 Y-30.13 E5.30984
G1 X-46.128 Y-30.439 E5.33807
G1 X-45.599 Y-30.538 E5.36395
G1 X-37.373 Y-30.537 E5.75959
G1 X-36.828 Y-30.408 E5.78653
G1 X-36.509 Y-30.212 E5.80454
G1 X-36.157 Y-29.864 E5.82835
G1 X-35.959 Y-29.432 E5.85121
G1 X-35.895 Y-28.863 E5.87875
G1 X-35.895 Y-18.841 E6.36077
G1 X-35.962 Y-18.404 E6.38203
G1 X-36.147 Y-18.018 E6.40262
G1 X-36.531 Y-17.603 E6.42981
G1 X-37.009 Y-17.374 E6.4553
G1 X-37.418 Y-17.317 E6.47516
G1 X-45.593 Y-17.317 E6.86835
G1 X-45.899 Y-17.364 E6.88324
G1 X-45.863 Y-17.753 F7800
;TYPE:External perimeter
G1 F1800
G1 X-45.964 Y-17.772 E6.88818
G1 X-46.317 Y-17.969 E6.90762
G1 X-46.625 Y-18.363 E6.93167
G1 X-46.73 Y-18.84 E6.95516
G1 X-46.729 Y-29.06 E7.44671
G1 X-46.605 Y-29.528 E7.47
G1 X-46.367 Y-29.843 E7.48899
G1 X-45.991 Y-30.077 E7.51029
G1 X-45.599 Y-30.152 E7.52949
G1 X-37.373 Y-30.151 E7.92513
G1 X-36.847 Y-29.994 E7.95153
G1 X-36.489 Y-29.667 E7.97485
G1 X-36.339 Y-29.366 E7.99103
G1 X-36.28 Y-28.863 E8.01539
G1 X-36.28 Y-18.841 E8.49741
G1 X-36.321 Y-18.543 E8.51188
G1 X-36.439 Y-18.27 E8.52618
G1 X-36.794 Y-17.897 E8.55095
G1 X-37.111 Y-17.747 E8.56782
G1 X-37.418 Y-17.703 E8.58274
G1 X-45.592 Y-17.703 E8.97588
G1 X-45.804 Y-17.742 E8.98625
G1 X-46.174 Y-17.896 F7800
G1 E6.98625 F2400
G92 E0
G1 X-33.009 Y-40.431 F7800
G1 E2 F2400
;TYPE:Perimeter
G1 F3600
G1 X-19.502 Y-40.431 E2.64964
G1 X-19.502 Y-33.599 E2.97824
G1 X-19.502 Y-7.424 E4.23717
G1 X-33.009 Y-7.424 E4.88681
G1 X-33.009 Y-12.429 E5.12753
G1 X-33.156 Y-13.489 E5.179
G1 X-33.437 Y-14.22 E5.21667
G1 X-33.856 Y-14.881 E5.25431
G1 X-34.414 Y-15.462 E5.29305
G1 X-35.185 Y-15.983 E5.33781
G1 X-35.752 Y-16.219 E5.36735
G1 X-36.296 Y-16.358 E5.39436
;WIDTH:0.488646
G1 X-36.576 Y-16.409 E5.40942
;WIDTH:0.527292
G1 X-36.856 Y-16.459 E5.42584
G1 X-37.418 Y-16.452 E5.45829
;WIDTH:0.512649
G1 X-45.592 Y-16.454 E5.9153
;WIDTH:0.515602
G1 X-45.742 Y-16.456 E5.92374
;WIDTH:0.550911
G1 X-46.297 Y-16.508 E5.95757
;WIDTH:0.570912
G1 X-46.725 Y-16.639 E5.98585
;WIDTH:0.593453
G1 X-47.26 Y-16.966 E6.02723
;WIDTH:0.597966
G1 X-47.603 Y-17.359 E6.06195
G1 X-47.788 Y-17.682 E6.08672
;WIDTH:0.578561
G1 X-47.932 Y-18.16 E6.11874
;WIDTH:0.558787
G1 X-47.979 Y-18.84 E6.16077
;WIDTH:0.510887
G1 X-47.976 Y-29.06 E6.72993
;WIDTH:0.509782
;WIDTH:0.535686
G1 X-47.944 Y-29.434 E6.752
;WIDTH:0.561591
G1 X-47.913 Y-29.807 E6.77521
;WIDTH:0.577902
G1 X-47.727 Y-30.272 E6.80729
;WIDTH:0.590517
G1 X-47.466 Y-30.672 E6.83863
;WIDTH:0.593649
G1 X-47.151 Y-30.968 E6.86716
G1 X-46.721 Y-31.221 E6.90009
;WIDTH:0.581207
G1 X-46.226 Y-31.356 E6.93316
;WIDTH:0.546678
G1 X-45.599 Y-31.401 E6.97097
;WIDTH:0.513207
G1 X-37.373 Y-31.403 E7.43146
;WIDTH:0.535881
G1 X-37.041 Y-31.392 E7.45099
G1 X-36.861 Y-31.421 E7.46171
;WIDTH:0.49294
G1 X-36.682 Y-31.451 E7.47141
;WIDTH:0.45
G1 X-35.756 Y-31.635 E7.51682
G1 X-35.04 Y-31.952 E7.55448
G1 X-34.384 Y-32.419 E7.59321
G1 X-33.743 Y-33.125 E7.63907
G1 X-33.349 Y-33.829 E7.67787
G1 X-33.072 Y-34.741 E7.72371
G1 X-33.009 Y-35.427 E7.75684
G1 X-33.009 Y-40.371 E7.99463
G1 X-33.009 Y-40.371 F7800
G1 X-33.395 Y-40.817
G1 F3600
G1 X-19.116 Y-40.817 E8.6814
G1 X-19.116 Y-33.599 E9.02856
G1 X-19.116 Y-7.038 E10.30605
G1 X-33.395 Y-7.038 E10.99282
G1 X-33.395 Y-12.429 E11.25211
G1 X-33.519 Y-13.359 E11.29724
G1 X-33.768 Y-14.021 E11.33126
G1 X-34.141 Y-14.622 E11.36528
G1 X-34.636 Y-15.147 E11.39998
G1 X-35.342 Y-15.631 E11.44115
G1 X-35.855 Y-15.847 E11.46792
G1 X-36.343 Y-15.976 E11.4922
G1 X-36.856 Y-16.035 E11.51704
G1 X-45.976 Y-16.038 E11.95568
G1 X-46.478 Y-16.088 E11.97994
G1 X-46.926 Y-16.241 E12.00271
G1 X-47.468 Y-16.549 E12.03269
G1 X-47.812 Y-16.898 E12.05626
G1 X-48.11 Y-17.312 E12.08079
G1 X-48.304 Y-17.794 E12.10578
G1 X-48.395 Y-18.45 E12.13763
G1 X-48.391 Y-29.06 E12.64793
G1 X-48.386 Y-29.578 E12.67285
G1 X-48.257 Y-30.218 E12.70425
G1 X-48.021 Y-30.687 E12.7295
G1 X-47.819 Y-30.962 E12.74591
G1 X-47.441 Y-31.322 E12.77102
G1 X-47.004 Y-31.587 E12.7956
G1 X-46.536 Y-31.749 E12.81942
G1 X-45.976 Y-31.817 E12.84655
G1 X-36.748 Y-31.831 E13.29039
G1 X-35.904 Y-31.991 E13.33171
G1 X-35.255 Y-32.272 E13.36572
G1 X-34.663 Y-32.685 E13.40044
G1 X-34.074 Y-33.324 E13.44224
G1 X-33.715 Y-33.95 E13.47695
G1 X-33.456 Y-34.779 E13.51872
G1 X-33.395 Y-35.427 E13.55002
G1 X-33.395 Y-40.757 E13.80637
G1 X-33.395 Y-40.757 F7800
G1 X-33.78 Y-41.203
;TYPE:External perimeter
G1 F1800
G1 X-18.73 Y-41.203 E14.53022
G1 X-18.73 Y-33.599 E14.89595
G1 X-18.73 Y-6.653 E16.19196
G1 X-33.78 Y-6.653 E16.91581
G1 X-33.78 Y-12.429 E17.19362
G1 X-33.882 Y-13.229 E17.23241
G1 X-34.099 Y-13.823 E17.26283
G1 X-34.427 Y-14.363 E17.29322
G1 X-34.858 Y-14.832 E17.32386
G1 X-35.465 Y-15.259 E17.35955
G1 X-35.797 Y-15.411 E17.37711
G1 X-36.362 Y-15.587 E17.40557
G1 X-36.856 Y-15.649 E17.42952
G1 X-45.742 Y-15.652 E17.85691
G1 X-46.378 Y-15.69 E17.88755
G1 X-46.935 Y-15.814 E17.915
G1 X-47.453 Y-16.074 E17.94288
G1 X-47.865 Y-16.369 E17.96725
G1 X-48.314 Y-16.89 E18.00033
G1 X-48.567 Y-17.381 E18.0269
G1 X-48.728 Y-17.923 E18.05409
G1 X-48.78 Y-18.436 E18.07889
G1 X-48.777 Y-29.061 E18.58992
G1 X-48.74 Y-29.856 E18.6282
G1 X-48.619 Y-30.358 E18.65304
G1 X-48.31 Y-30.971 E18.68606
G1 X-47.967 Y-31.389 E18.71207
G1 X-47.547 Y-31.734 E18.73821
G1 X-47.067 Y-31.99 E18.76437
G1 X-46.547 Y-32.148 E18.79051
G1 X-45.995 Y-32.203 E18.81719
G1 X-36.814 Y-32.211 E19.25876
G1 X-36.051 Y-32.348 E19.29604
G1 X-35.469 Y-32.593 E19.32641
G1 X-34.942 Y-32.951 E19.35705
G1 X-34.405 Y-33.522 E19.39475
G1 X-34.081 Y-34.071 E19.42541
G1 X-33.84 Y-34.817 E19.46312
G1 X-33.78 Y-35.427 E19.4926
G1 X-33.78 Y-41.143 E19.76752
G1 X-33.385 Y-41.202 F7800
G1 E17.76752 F2400
G92 E0
G1 X-19.617 Y-38.659 F7800
G1 E2 F2400
;TYPE:Internal infill
;WIDTH:0.45
G1 F4800
G1 X-21.101 Y-40.142 E2.10091
G1 X-24.736 Y-40.142 E2.27574
G1 X-19.791 Y-35.196 E2.61213
G1 X-19.791 Y-31.561 E2.78696
G1 X-28.372 Y-40.142 E3.37063
G1 X-32.008 Y-40.142 E3.54551
G1 X-19.791 Y-27.925 E4.3765
G1 X-19.791 Y-24.289 E4.55138
G1 X-32.723 Y-37.222 E5.43103
G1 X-32.725 Y-35.308 E5.52309
G1 X-32.813 Y-34.54 E5.56027
G1 X-33.03 Y-33.893 E5.59309
G1 X-19.791 Y-20.654 E6.49359
G1 X-19.791 Y-17.018 E6.66847
G1 X-34.646 Y-31.873 E7.67889
G1 X-35.059 Y-31.611 E7.70241
G1 X-35.693 Y-31.349 E7.7354
G1 X-36.778 Y-31.127 E7.78867
G1 X-36.163 Y-30.804 E7.82208
G1 X-35.8 Y-30.489 E7.8452
G1 X-35.575 Y-30.205 E7.86263
G1 X-35.302 Y-29.592 E7.8949
G1 X-35.22 Y-28.812 E7.93262
G1 X-19.791 Y-13.383 E8.98208
G1 X-19.791 Y-9.747 E9.15696
G1 X-35.22 Y-25.176 E10.20642
G1 X-35.22 Y-21.54 E10.3813
G1 X-21.393 Y-7.713 E11.3218
G1 X-25.028 Y-7.713 E11.49663
G1 X-35.373 Y-18.058 E12.20028
G1 X-35.632 Y-17.582 E12.22634
G1 X-35.911 Y-17.258 E12.2469
G1 X-36.15 Y-17.046 E12.26227
G1 X-36.68 Y-16.729 E12.29197
G1 X-35.644 Y-16.489 E12.34312
G1 X-35.065 Y-16.246 E12.37332
G1 X-34.196 Y-15.661 E12.4237
G1 X-33.581 Y-15.004 E12.46698
G1 X-33.132 Y-14.261 E12.50873
G1 X-32.847 Y-13.465 E12.54939
G1 X-32.72 Y-12.435 E12.5993
G1 X-32.72 Y-11.769 E12.63133
G1 X-28.664 Y-7.713 E12.90721
G1 X-32.3 Y-7.713 E13.08209
G1 X-32.893 Y-8.307 E13.12246
;LAYER_CHANGE
;Z:18.35
;HEIGHT:0.300001
G1 Z18.35 F7800
G1 E11.12246 F2400
G92 E0
G1 X-32.893 Y-8.307 F7800
G1 X-46.061 Y-16.961
G1 E2 F2400
;TYPE:Perimeter
;WIDTH:0.550909
G1 F3600
G1 X-46.186 Y-16.977 E2.00765
;WIDTH:0.577872
G1 X-46.629 Y-17.166 E2.0385
;WIDTH:0.593453
G1 X-46.92 Y-17.371 E2.06199
G1 X-47.276 Y-17.821 E2.09985
;WIDTH:0.588298
G1 X-47.44 Y-18.213 E2.12762
;WIDTH:0.558799
G1 X-47.532 Y-18.84 E2.1667
;WIDTH:0.510887
G1 X-47.53 Y-29.06 E2.73586
;WIDTH:0.528254
G1 X-47.51 Y-29.304 E2.75002
;WIDTH:0.557843
G1 X-47.414 Y-29.736 E2.77726
;WIDTH:0.582871
G1 X-47.29 Y-30.01 E2.79671
;WIDTH:0.589657
G1 X-46.991 Y-30.414 E2.82964
G1 X-46.525 Y-30.743 E2.86701
;WIDTH:0.579675
G1 X-46.154 Y-30.881 E2.89245
;WIDTH:0.549304
G1 X-45.598 Y-30.954 E2.92637
;WIDTH:0.511104
;WIDTH:0.513207
G1 X-37.373 Y-30.954 E3.38681
;WIDTH:0.535866
G1 X-37.104 Y-30.929 E3.4027
G1 X-36.724 Y-30.753 E3.42733
;WIDTH:0.492933
G1 X-36.343 Y-30.578 E3.44974
;WIDTH:0.45
G1 X-36.001 Y-30.281 E3.47153
G1 X-35.809 Y-30.031 E3.48669
G1 X-35.593 Y-29.567 E3.51131
G1 X-35.509 Y-29.014 E3.53821
G1 X-35.509 Y-18.841 E4.0275
G1 X-35.559 Y-18.407 E4.04851
G1 X-35.768 Y-17.884 E4.0756
G1 X-36.053 Y-17.509 E4.09825
G1 X-36.487 Y-17.18 E4.12444
;WIDTH:0.480512
G1 X-36.843 Y-17.053 E4.14406
;WIDTH:0.511025
G1 X-37.199 Y-16.925 E4.16513
;WIDTH:0.512649
G1 X-37.418 Y-16.9 E4.17745
G1 X-45.592 Y-16.901 E4.63446
;WIDTH:0.550909
G1 X-46.001 Y-16.953 E4.65948
G1 X-46.001 Y-16.953 F7800
G1 X-45.958 Y-17.373
;WIDTH:0.45
G1 F3600
G1 X-46.029 Y-17.384 E4.66294
G1 X-46.37 Y-17.534 E4.68086
G1 X-46.691 Y-17.796 E4.70079
G1 X-46.979 Y-18.211 E4.72509
G1 X-47.102 Y-18.713 E4.74995
G1 X-47.116 Y-18.84 E4.7561
G1 X-47.115 Y-29.06 E5.24765
G1 X-47.098 Y-29.2 E5.25443
G1 X-46.926 Y-29.742 E5.28178
G1 X-46.615 Y-30.139 E5.30604
G1 X-46.162 Y-30.427 E5.33186
G1 X-45.598 Y-30.538 E5.35951
G1 X-37.373 Y-30.537 E5.7551
G1 X-36.827 Y-30.408 E5.78208
G1 X-36.509 Y-30.211 E5.80007
G1 X-36.157 Y-29.864 E5.82384
G1 X-35.959 Y-29.432 E5.8467
G1 X-35.895 Y-28.863 E5.87424
G1 X-35.895 Y-18.841 E6.35626
G1 X-35.962 Y-18.404 E6.37752
G1 X-36.112 Y-18.063 E6.39544
G1 X-36.373 Y-17.742 E6.41534
G1 X-36.698 Y-17.502 E6.43477
G1 X-37.007 Y-17.395 E6.4505
G1 X-37.418 Y-17.317 E6.47062
G1 X-45.593 Y-17.317 E6.86381
G1 X-45.899 Y-17.364 E6.8787
G1 X-45.863 Y-17.753 F7800
;TYPE:External perimeter
G1 F1800
G1 X-45.964 Y-17.772 E6.88364
G1 X-46.318 Y-17.969 E6.90313
G1 X-46.625 Y-18.363 E6.92715
G1 X-46.73 Y-18.84 E6.95064
G1 X-46.723 Y-29.107 E7.44445
G1 X-46.605 Y-29.528 E7.46548
G1 X-46.367 Y-29.843 E7.48447
G1 X-45.991 Y-30.077 E7.50577
G1 X-45.598 Y-30.152 E7.52501
G1 X-37.373 Y-30.151 E7.9206
G1 X-36.847 Y-29.994 E7.947
G1 X-36.489 Y-29.667 E7.97032
G1 X-36.339 Y-29.366 E7.9865
G1 X-36.28 Y-28.863 E8.01086
G1 X-36.28 Y-18.841 E8.49288
G1 X-36.321 Y-18.543 E8.50735
G1 X-36.427 Y-18.285 E8.52077
G1 X-36.603 Y-18.052 E8.53481
G1 X-36.972 Y-17.798 E8.55636
G1 X-37.418 Y-17.703 E8.57829
G1 X-45.592 Y-17.703 E8.97143
G1 X-45.804 Y-17.742 E8.9818
G1 X-46.174 Y-17.896 F7800
G1 E6.9818 F2400
G92 E0
G1 X-33.009 Y-40.431 F7800
G1 E2 F2400
;TYPE:Perimeter
G1 F3600
G1 X-19.502 Y-40.431 E2.64964
G1 X-19.502 Y-33.599 E2.97824
G1 X-19.502 Y-7.424 E4.23717
G1 X-33.009 Y-7.424 E4.88681
G1 X-33.009 Y-12.429 E5.12753
G1 X-33.156 Y-13.489 E5.179
G1 X-33.437 Y-14.22 E5.21667
G1 X-33.856 Y-14.881 E5.25431
G1 X-34.414 Y-15.462 E5.29305
G1 X-35.185 Y-15.983 E5.33781
G1 X-35.727 Y-16.212 E5.36611
G1 X-36.296 Y-16.358 E5.39436
;WIDTH:0.458535
G1 X-36.856 Y-16.424 E5.42208
;WIDTH:0.485592
G1 X-37.137 Y-16.438 E5.43686
;WIDTH:0.512649
G1 X-37.418 Y-16.452 E5.45259
G1 X-45.592 Y-16.454 E5.9096
;WIDTH:0.515603
G1 X-45.742 Y-16.456 E5.91804
;WIDTH:0.550909
G1 X-46.297 Y-16.508 E5.95187
;WIDTH:0.570912
G1 X-46.725 Y-16.639 E5.98015
;WIDTH:0.593453
G1 X-47.26 Y-16.966 E6.02153
;WIDTH:0.597967
G1 X-47.603 Y-17.359 E6.05625
G1 X-47.788 Y-17.682 E6.08102
;WIDTH:0.578562
G1 X-47.932 Y-18.16 E6.11304
;WIDTH:0.558788
G1 X-47.979 Y-18.84 E6.15507
;WIDTH:0.510887
G1 X-47.976 Y-29.06 E6.72423
;WIDTH:0.509782
;WIDTH:0.559273
G1 X-47.921 Y-29.755 E6.76726
;WIDTH:0.582427
G1 X-47.76 Y-30.222 E6.79918
;WIDTH:0.593786
G1 X-47.501 Y-30.634 E6.83131
G1 X-47.129 Y-30.983 E6.86499
;WIDTH:0.593113
G1 X-46.591 Y-31.274 E6.90533
;WIDTH:0.568003
G1 X-46.154 Y-31.373 E6.93348
;WIDTH:0.549208
G1 X-45.598 Y-31.401 E6.96714
;WIDTH:0.513207
G1 X-37.373 Y-31.403 E7.42758
;WIDTH:0.535866
G1 X-37.041 Y-31.392 E7.44711
G1 X-36.862 Y-31.421 E7.45777
;WIDTH:0.492933
G1 X-36.683 Y-31.451 E7.46747
;WIDTH:0.45
G1 X-35.756 Y-31.635 E7.51293
G1 X-35.04 Y-31.952 E7.55059
G1 X-34.384 Y-32.419 E7.58932
G1 X-33.743 Y-33.125 E7.63518
G1 X-33.349 Y-33.829 E7.67398
G1 X-33.072 Y-34.741 E7.71982
G1 X-33.009 Y-35.427 E7.75295
G1 X-33.009 Y-40.371 E7.99074
G1 X-33.009 Y-40.371 F7800
G1 X-33.395 Y-40.817
G1 F3600
G1 X-19.116 Y-40.817 E8.67751
G1 X-19.116 Y-33.599 E9.02467
G1 X-19.116 Y-7.038 E10.30216
G1 X-33.395 Y-7.038 E10.98893
G1 X-33.395 Y-12.429 E11.24822
G1 X-33.519 Y-13.359 E11.29335
G1 X-33.768 Y-14.021 E11.32737
G1 X-34.141 Y-14.622 E11.36139
G1 X-34.636 Y-15.147 E11.39609
G1 X-35.342 Y-15.631 E11.43726
G1 X-35.83 Y-15.84 E11.46279
G1 X-36.343 Y-15.976 E11.48832
G1 X-36.856 Y-16.035 E11.51316
G1 X-45.976 Y-16.038 E11.9518
G1 X-46.478 Y-16.088 E11.97606
G1 X-46.926 Y-16.241 E11.99883
G1 X-47.468 Y-16.549 E12.02881
G1 X-47.812 Y-16.898 E12.05238
G1 X-48.11 Y-17.312 E12.07691
G1 X-48.304 Y-17.794 E12.1019
G1 X-48.395 Y-18.45 E12.13375
G1 X-48.391 Y-29.36 E12.65848
G1 X-48.349 Y-29.879 E12.68352
G1 X-48.161 Y-30.447 E12.7123
G1 X-47.888 Y-30.879 E12.73688
G1 X-47.519 Y-31.272 E12.76281
G1 X-47.065 Y-31.559 E12.78864
G1 X-46.545 Y-31.742 E12.81515
G1 X-45.99 Y-31.817 E12.84209
G1 X-36.749 Y-31.831 E13.28655
G1 X-35.904 Y-31.991 E13.32791
G1 X-35.255 Y-32.272 E13.36192
G1 X-34.663 Y-32.685 E13.39664
G1 X-34.074 Y-33.324 E13.43844
G1 X-33.715 Y-33.95 E13.47315
G1 X-33.456 Y-34.779 E13.51492
G1 X-33.395 Y-35.427 E13.54622
G1 X-33.395 Y-40.757 E13.80257
G1 X-33.395 Y-40.757 F7800
G1 X-33.78 Y-41.203
;TYPE:External perimeter
G1 F1800
G1 X-18.73 Y-41.203 E14.52642
G1 X-18.73 Y-33.599 E14.89215
G1 X-18.73 Y-6.653 E16.18816
G1 X-33.78 Y-6.653 E16.91201
G1 X-33.78 Y-12.429 E17.18982
G1 X-33.882 Y-13.229 E17.22861
G1 X-34.099 Y-13.823 E17.25903
G1 X-34.427 Y-14.363 E17.28942
G1 X-34.858 Y-14.832 E17.32006
G1 X-35.465 Y-15.259 E17.35575
G1 X-35.82 Y-15.421 E17.37452
G1 X-36.362 Y-15.587 E17.40178
G1 X-36.856 Y-15.649 E17.42573
G1 X-45.742 Y-15.652 E17.85312
G1 X-46.378 Y-15.69 E17.88376
G1 X-46.935 Y-15.814 E17.91121
G1 X-47.453 Y-16.074 E17.93909
G1 X-47.865 Y-16.369 E17.96346
G1 X-48.314 Y-16.89 E17.99654
G1 X-48.567 Y-17.381 E18.02311
G1 X-48.728 Y-17.923 E18.0503
G1 X-48.78 Y-18.436 E18.0751
G1 X-48.777 Y-29.36 E18.60051
G1 X-48.727 Y-29.964 E18.62966
G1 X-48.513 Y-30.613 E18.66253
G1 X-48.213 Y-31.086 E18.68947
G1 X-47.842 Y-31.495 E18.71603
G1 X-47.404 Y-31.813 E18.74206
G1 X-47.086 Y-31.968 E18.75907
G1 X-46.62 Y-32.12 E18.78265
G1 X-46 Y-32.203 E18.81274
G1 X-36.815 Y-32.21 E19.25451
G1 X-36.051 Y-32.348 E19.29185
G1 X-35.469 Y-32.593 E19.32222
G1 X-34.942 Y-32.951 E19.35286
G1 X-34.405 Y-33.522 E19.39056
G1 X-34.081 Y-34.071 E19.42122
G1 X-33.84 Y-34.817 E19.45893
G1 X-33.78 Y-35.427 E19.48841
G1 X-33.78 Y-41.143 E19.76333
G1 X-33.385 Y-41.202 F7800
G1 E17.76333 F2400
G92 E0
G1 X-19.617 Y-38.659 F7800
G1 E2 F2400
;TYPE:Internal infill
;WIDTH:0.45
G1 F4800
G1 X-21.101 Y-40.142 E2.10091
G1 X-24.736 Y-40.142 E2.27574
G1 X-19.791 Y-35.196 E2.61213
G1 X-19.791 Y-31.561 E2.78696
G1 X-28.372 Y-40.142 E3.37063
G1 X-32.008 Y-40.142 E3.54551
G1 X-19.791 Y-27.925 E4.3765
G1 X-19.791 Y-24.289 E4.55138
G1 X-32.723 Y-37.222 E5.43103
G1 X-32.725 Y-35.308 E5.52309
G1 X-32.813 Y-34.54 E5.56027
G1 X-33.03 Y-33.893 E5.59309
G1 X-19.791 Y-20.654 E6.49359
G1 X-19.791 Y-17.018 E6.66847
G1 X-34.646 Y-31.873 E7.67889
G1 X-35.059 Y-31.611 E7.70241
G1 X-35.693 Y-31.349 E7.7354
G1 X-36.778 Y-31.127 E7.78867
G1 X-36.163 Y-30.804 E7.82208
G1 X-35.8 Y-30.489 E7.8452
G1 X-35.575 Y-30.205 E7.86263
G1 X-35.313 Y-29.638 E7.89267
G1 X-35.23 Y-28.822 E7.93212
G1 X-19.791 Y-13.383 E8.98226
G1 X-19.791 Y-9.747 E9.15714
G1 X-35.226 Y-25.182 E10.20701
G1 X-35.223 Y-21.543 E10.38203
G1 X-21.393 Y-7.713 E11.32273
G1 X-25.028 Y-7.713 E11.49756
G1 X-35.373 Y-18.058 E12.20121
G1 X-35.731 Y-17.434 E12.23581
G1 X-35.966 Y-17.204 E12.25163
G1 X-36.334 Y-16.934 E12.27358
G1 X-36.79 Y-16.719 E12.29783
G1 X-36.084 Y-16.611 E12.33218
G1 X-35.481 Y-16.431 E12.36245
G1 X-34.951 Y-16.188 E12.39049
G1 X-34.073 Y-15.551 E12.44266
G1 X-33.581 Y-15.004 E12.47805
G1 X-33.131 Y-14.261 E12.51983
G1 X-32.847 Y-13.465 E12.56048
G1 X-32.72 Y-12.435 E12.61039
G1 X-32.72 Y-11.769 E12.64242
G1 X-28.664 Y-7.713 E12.9183
G1 X-32.3 Y-7.713 E13.09318
G1 X-32.893 Y-8.307 E13.13355
;LAYER_CHANGE
;Z:18.65
;HEIGHT:0.299999
G1 Z18.65 F7800
G1 E11.13355 F2400
G92 E0
G1 X-32.893 Y-8.307 F7800
G1 X-46.063 Y-16.961
G1 E2 F2400
;TYPE:Perimeter
;WIDTH:0.550913
G1 F3600
G1 X-46.186 Y-16.977 E2.00753
;WIDTH:0.577876
G1 X-46.629 Y-17.167 E2.0384
;WIDTH:0.593454
G1 X-46.92 Y-17.371 E2.06185
G1 X-47.276 Y-17.821 E2.09971
;WIDTH:0.588297
G1 X-47.44 Y-18.213 E2.12748
;WIDTH:0.5588
G1 X-47.532 Y-18.84 E2.16656
;WIDTH:0.510887
G1 X-47.53 Y-29.06 E2.73572
;WIDTH:0.550966
G1 X-47.431 Y-29.664 E2.77287
;WIDTH:0.581755
G1 X-47.274 Y-30.031 E2.79863
;WIDTH:0.593603
G1 X-46.976 Y-30.43 E2.8315
G1 X-46.508 Y-30.754 E2.86907
;WIDTH:0.581727
G1 X-46.143 Y-30.882 E2.89403
;WIDTH:0.545625
G1 X-45.592 Y-30.954 E2.92738
;WIDTH:0.511034
;WIDTH:0.513207
G1 X-37.373 Y-30.954 E3.38748
;WIDTH:0.521986
G1 X-36.916 Y-30.893 E3.41379
G1 X-36.614 Y-30.724 E3.43354
;WIDTH:0.485993
G1 X-36.312 Y-30.555 E3.45174
;WIDTH:0.45
G1 X-36.058 Y-30.349 E3.46747
G1 X-35.716 Y-29.875 E3.49558
G1 X-35.533 Y-29.227 E3.52797
G1 X-35.509 Y-28.097 E3.58233
G1 X-35.509 Y-18.841 E4.02751
G1 X-35.559 Y-18.407 E4.04852
G1 X-35.827 Y-17.808 E4.08008
G1 X-36.053 Y-17.515 E4.09788
G1 X-36.422 Y-17.221 E4.12057
;WIDTH:0.487432
G1 X-36.668 Y-17.091 E4.13525
;WIDTH:0.524865
G1 X-36.915 Y-16.961 E4.15128
G1 X-37.418 Y-16.9 E4.18038
;WIDTH:0.512649
G1 X-45.592 Y-16.901 E4.63739
;WIDTH:0.550913
G1 X-46.003 Y-16.954 E4.66254
G1 X-46.003 Y-16.954 F7800
G1 X-45.959 Y-17.373
;WIDTH:0.45
G1 F3600
G1 X-46.029 Y-17.384 E4.66595
G1 X-46.37 Y-17.534 E4.68387
G1 X-46.691 Y-17.796 E4.7038
G1 X-46.979 Y-18.211 E4.7281
G1 X-47.102 Y-18.713 E4.75296
G1 X-47.116 Y-18.84 E4.75911
G1 X-47.115 Y-29.06 E5.25066
G1 X-47.008 Y-29.558 E5.27516
G1 X-46.847 Y-29.849 E5.29116
G1 X-46.594 Y-30.162 E5.31052
G1 X-46.126 Y-30.44 E5.3367
G1 X-45.592 Y-30.538 E5.36281
G1 X-37.373 Y-30.537 E5.75812
G1 X-36.921 Y-30.451 E5.78025
G1 X-36.442 Y-30.181 E5.8067
G1 X-36.1 Y-29.763 E5.83268
G1 X-35.993 Y-29.515 E5.84567
G1 X-35.895 Y-29.015 E5.87018
G1 X-35.895 Y-18.841 E6.35951
G1 X-35.978 Y-18.365 E6.38275
G1 X-36.241 Y-17.875 E6.4095
G1 X-36.595 Y-17.565 E6.43213
G1 X-37.061 Y-17.364 E6.45654
G1 X-37.418 Y-17.317 E6.47386
G1 X-45.593 Y-17.317 E6.86705
G1 X-45.9 Y-17.364 E6.88199
G1 X-45.864 Y-17.753 F7800
;TYPE:External perimeter
G1 F1800
G1 X-45.964 Y-17.772 E6.88689
G1 X-46.317 Y-17.969 E6.90633
G1 X-46.625 Y-18.363 E6.93038
G1 X-46.73 Y-18.84 E6.95387
G1 X-46.729 Y-29.06 E7.44542
G1 X-46.602 Y-29.532 E7.46893
G1 X-46.329 Y-29.878 E7.49013
G1 X-45.985 Y-30.079 E7.50929
G1 X-45.592 Y-30.153 E7.52852
G1 X-37.373 Y-30.151 E7.92383
G1 X-37.056 Y-30.089 E7.93937
G1 X-36.63 Y-29.83 E7.96335
G1 X-36.369 Y-29.43 E7.98632
G1 X-36.28 Y-29.015 E8.00673
G1 X-36.28 Y-18.841 E8.49606
G1 X-36.329 Y-18.526 E8.51139
G1 X-36.585 Y-18.073 E8.53642
G1 X-36.791 Y-17.899 E8.54939
G1 X-37.118 Y-17.745 E8.56677
G1 X-37.418 Y-17.703 E8.58134
G1 X-45.592 Y-17.703 E8.97448
G1 X-45.805 Y-17.742 E8.98489
G1 X-46.174 Y-17.896 F7800
G1 E6.98489 F2400
G92 E0
G1 X-33.009 Y-40.431 F7800
G1 E2 F2400
;TYPE:Perimeter
G1 F3600
G1 X-19.502 Y-40.431 E2.64964
G1 X-19.502 Y-33.599 E2.97824
G1 X-19.502 Y-7.424 E4.23717
G1 X-33.009 Y-7.424 E4.88681
G1 X-33.009 Y-12.429 E5.12753
G1 X-33.156 Y-13.489 E5.179
G1 X-33.437 Y-14.22 E5.21667
G1 X-33.856 Y-14.881 E5.25431
G1 X-34.414 Y-15.462 E5.29305
G1 X-35.185 Y-15.983 E5.33781
G1 X-35.727 Y-16.212 E5.36611
G1 X-36.296 Y-16.358 E5.39436
;WIDTH:0.487432
G1 X-36.576 Y-16.408 E5.40937
;WIDTH:0.524865
G1 X-36.856 Y-16.458 E5.42571
G1 X-37.418 Y-16.452 E5.45799
;WIDTH:0.512649
G1 X-45.592 Y-16.454 E5.915
;WIDTH:0.515602
G1 X-45.742 Y-16.456 E5.92344
;WIDTH:0.550913
G1 X-46.297 Y-16.508 E5.95727
;WIDTH:0.570913
G1 X-46.725 Y-16.639 E5.98555
;WIDTH:0.593454
G1 X-47.26 Y-16.966 E6.02693
;WIDTH:0.597967
G1 X-47.603 Y-17.359 E6.06165
G1 X-47.788 Y-17.682 E6.08642
;WIDTH:0.578561
G1 X-47.932 Y-18.16 E6.11844
;WIDTH:0.558788
G1 X-47.979 Y-18.84 E6.16047
;WIDTH:0.510887
G1 X-47.976 Y-29.06 E6.72963
;WIDTH:0.541206
G1 X-47.96 Y-29.465 E6.75374
;WIDTH:0.566175
G1 X-47.865 Y-29.96 E6.78529
;WIDTH:0.581755
G1 X-47.718 Y-30.29 E6.8086
;WIDTH:0.590393
G1 X-47.457 Y-30.674 E6.83906
;WIDTH:0.593254
G1 X-47.096 Y-31.013 E6.87173
G1 X-46.708 Y-31.226 E6.90093
;WIDTH:0.57985
G1 X-46.213 Y-31.358 E6.93387
;WIDTH:0.545625
G1 X-45.592 Y-31.401 E6.97123
;WIDTH:0.513207
G1 X-37.373 Y-31.403 E7.43133
;WIDTH:0.541274
G1 X-36.94 Y-31.389 E7.4571
G1 X-36.748 Y-31.431 E7.46879
;WIDTH:0.495637
G1 X-36.556 Y-31.473 E7.47936
;WIDTH:0.45
G1 X-35.96 Y-31.576 E7.50845
G1 X-35.623 Y-31.691 E7.52558
G1 X-35.04 Y-31.952 E7.5563
G1 X-34.384 Y-32.419 E7.59503
G1 X-33.743 Y-33.125 E7.64089
G1 X-33.349 Y-33.829 E7.67969
G1 X-33.072 Y-34.741 E7.72553
G1 X-33.009 Y-35.427 E7.75866
G1 X-33.009 Y-40.371 E7.99645
G1 X-33.009 Y-40.371 F7800
G1 X-33.395 Y-40.817
G1 F3600
G1 X-19.116 Y-40.817 E8.68322
G1 X-19.116 Y-33.599 E9.03038
G1 X-19.116 Y-7.038 E10.30787
G1 X-33.395 Y-7.038 E10.99464
G1 X-33.395 Y-12.429 E11.25393
G1 X-33.519 Y-13.359 E11.29906
G1 X-33.768 Y-14.021 E11.33308
G1 X-34.141 Y-14.622 E11.3671
G1 X-34.636 Y-15.147 E11.4018
G1 X-35.342 Y-15.631 E11.44297
G1 X-35.83 Y-15.84 E11.4685
G1 X-36.343 Y-15.976 E11.49403
G1 X-36.856 Y-16.035 E11.51887
G1 X-45.976 Y-16.038 E11.95751
G1 X-46.478 Y-16.088 E11.98177
G1 X-46.926 Y-16.241 E12.00454
G1 X-47.468 Y-16.549 E12.03452
G1 X-47.812 Y-16.898 E12.05809
G1 X-48.11 Y-17.312 E12.08262
G1 X-48.304 Y-17.794 E12.10761
G1 X-48.395 Y-18.45 E12.13946
G1 X-48.391 Y-29.523 E12.67203
G1 X-48.288 Y-30.12 E12.70117
G1 X-48.051 Y-30.654 E12.72927
G1 X-47.737 Y-31.057 E12.75384
G1 X-47.386 Y-31.367 E12.77636
G1 X-46.98 Y-31.599 E12.79885
G1 X-46.536 Y-31.749 E12.82139
G1 X-45.976 Y-31.817 E12.84852
G1 X-36.757 Y-31.829 E13.29192
G1 X-36.208 Y-31.924 E13.31872
G1 X-35.77 Y-32.047 E13.3406
G1 X-35.255 Y-32.272 E13.36763
G1 X-34.663 Y-32.685 E13.40235
G1 X-34.074 Y-33.324 E13.44415
G1 X-33.715 Y-33.95 E13.47886
G1 X-33.456 Y-34.779 E13.52063
G1 X-33.395 Y-35.427 E13.55193
G1 X-33.395 Y-40.757 E13.80828
G1 X-33.395 Y-40.757 F7800
G1 X-33.78 Y-41.203
;TYPE:External perimeter
G1 F1800
G1 X-18.73 Y-41.203 E14.53213
G1 X-18.73 Y-33.599 E14.89786
G1 X-18.73 Y-6.653 E16.19387
G1 X-33.78 Y-6.653 E16.91772
G1 X-33.78 Y-12.429 E17.19553
G1 X-33.882 Y-13.229 E17.23432
G1 X-34.099 Y-13.823 E17.26474
G1 X-34.427 Y-14.363 E17.29513
G1 X-34.858 Y-14.832 E17.32577
G1 X-35.465 Y-15.259 E17.36146
G1 X-35.906 Y-15.459 E17.38475
G1 X-36.362 Y-15.587 E17.40753
G1 X-36.856 Y-15.649 E17.43148
G1 X-45.742 Y-15.652 E17.85887
G1 X-46.378 Y-15.69 E17.88951
G1 X-46.935 Y-15.814 E17.91696
G1 X-47.453 Y-16.074 E17.94484
G1 X-47.865 Y-16.369 E17.96921
G1 X-48.314 Y-16.89 E18.00229
G1 X-48.567 Y-17.381 E18.02886
G1 X-48.728 Y-17.923 E18.05605
G1 X-48.78 Y-18.436 E18.08085
G1 X-48.777 Y-29.556 E18.61568
G1 X-48.659 Y-30.233 E18.64873
G1 X-48.384 Y-30.853 E18.68135
G1 X-47.965 Y-31.391 E18.71415
G1 X-47.547 Y-31.734 E18.74016
G1 X-47.067 Y-31.99 E18.76632
G1 X-46.547 Y-32.148 E18.79246
G1 X-45.995 Y-32.203 E18.81914
G1 X-37.373 Y-32.206 E19.23383
G1 X-36.688 Y-32.233 E19.2668
G1 X-36.051 Y-32.348 E19.29793
G1 X-35.469 Y-32.593 E19.3283
G1 X-34.942 Y-32.951 E19.35894
G1 X-34.405 Y-33.522 E19.39664
G1 X-34.081 Y-34.071 E19.4273
G1 X-33.84 Y-34.817 E19.46501
G1 X-33.78 Y-35.427 E19.49449
G1 X-33.78 Y-41.143 E19.76941
G1 X-33.385 Y-41.202 F7800
G1 E17.76941 F2400
G92 E0
G1 X-19.617 Y-38.659 F7800
G1 E2 F2400
;TYPE:Internal infill
;WIDTH:0.45
G1 F4800
G1 X-21.101 Y-40.142 E2.10091
G1 X-24.736 Y-40.142 E2.27574
G1 X-19.791 Y-35.196 E2.61213
G1 X-19.791 Y-31.561 E2.78696
G1 X-28.372 Y-40.142 E3.37063
G1 X-32.008 Y-40.142 E3.54551
G1 X-19.791 Y-27.925 E4.3765
G1 X-19.791 Y-24.289 E4.55138
G1 X-32.723 Y-37.222 E5.43103
G1 X-32.725 Y-35.308 E5.52309
G1 X-32.813 Y-34.54 E5.56027
G1 X-33.03 Y-33.893 E5.59309
G1 X-19.791 Y-20.654 E6.49359
G1 X-19.791 Y-17.018 E6.66847
G1 X-34.644 Y-31.871 E7.67875
G1 X-34.975 Y-31.653 E7.69781
G1 X-35.65 Y-31.366 E7.73309
G1 X-36.707 Y-31.123 E7.78525
G1 X-36.041 Y-30.724 E7.82259
G1 X-35.529 Y-30.125 E7.86049
G1 X-35.343 Y-29.698 E7.88289
G1 X-35.22 Y-28.812 E7.92591
G1 X-19.791 Y-13.383 E8.97537
G1 X-19.791 Y-9.747 E9.15025
G1 X-35.22 Y-25.176 E10.19971
G1 X-35.22 Y-21.54 E10.37459
G1 X-21.393 Y-7.713 E11.31509
G1 X-25.028 Y-7.713 E11.48992
G1 X-35.376 Y-18.061 E12.19378
G1 X-35.718 Y-17.447 E12.22758
G1 X-36.152 Y-17.044 E12.25607
G1 X-36.685 Y-16.728 E12.28587
G1 X-35.617 Y-16.481 E12.33859
G1 X-34.882 Y-16.145 E12.37746
G1 X-34.196 Y-15.661 E12.41784
G1 X-33.581 Y-15.004 E12.46112
G1 X-33.131 Y-14.261 E12.5029
G1 X-32.847 Y-13.465 E12.54355
G1 X-32.72 Y-12.435 E12.59346
G1 X-32.72 Y-11.769 E12.62549
G1 X-28.664 Y-7.713 E12.90137
G1 X-32.3 Y-7.713 E13.07625
G1 X-32.893 Y-8.307 E13.11662
;LAYER_CHANGE
;Z:18.95
;HEIGHT:0.300001
G1 Z18.95 F7800
G1 E11.11662 F2400
G92 E0
G1 X-32.893 Y-8.307 F7800
G1 X-46.061 Y-16.961
G1 E2 F2400
;TYPE:Perimeter
;WIDTH:0.55091
G1 F3600
G1 X-46.186 Y-16.977 E2.00765
;WIDTH:0.577366
G1 X-46.629 Y-17.167 E2.03849
;WIDTH:0.593458
G1 X-46.919 Y-17.37 E2.06185
G1 X-47.276 Y-17.821 E2.09981
;WIDTH:0.588413
G1 X-47.44 Y-18.213 E2.12758
;WIDTH:0.558799
G1 X-47.532 Y-18.84 E2.16666
;WIDTH:0.510887
G1 X-47.53 Y-29.06 E2.73582
;WIDTH:0.550964
G1 X-47.431 Y-29.664 E2.77297
;WIDTH:0.581755
G1 X-47.274 Y-30.031 E2.79873
;WIDTH:0.593605
G1 X-46.976 Y-30.43 E2.8316
G1 X-46.508 Y-30.754 E2.86917
;WIDTH:0.581642
G1 X-46.145 Y-30.882 E2.894
;WIDTH:0.545773
G1 X-45.592 Y-30.954 E2.92748
;WIDTH:0.511034
;WIDTH:0.513207
G1 X-37.373 Y-30.954 E3.38758
;WIDTH:0.524458
G1 X-36.915 Y-30.894 E3.41409
G1 X-36.614 Y-30.725 E3.4339
;WIDTH:0.487229
G1 X-36.314 Y-30.557 E3.45203
;WIDTH:0.45
G1 X-36.059 Y-30.349 E3.46786
G1 X-35.716 Y-29.875 E3.496
G1 X-35.533 Y-29.227 E3.52839
G1 X-35.509 Y-28.097 E3.58275
G1 X-35.509 Y-18.841 E4.02793
G1 X-35.559 Y-18.407 E4.04894
G1 X-35.827 Y-17.808 E4.0805
G1 X-36.04 Y-17.528 E4.09742
G1 X-36.487 Y-17.18 E4.12467
;WIDTH:0.480512
G1 X-36.843 Y-17.053 E4.14429
;WIDTH:0.511025
G1 X-37.199 Y-16.925 E4.16536
;WIDTH:0.512649
G1 X-37.418 Y-16.9 E4.17768
G1 X-45.592 Y-16.901 E4.63469
;WIDTH:0.55091
G1 X-46.001 Y-16.953 E4.65971
G1 X-46.001 Y-16.953 F7800
G1 X-45.958 Y-17.373
;WIDTH:0.45
G1 F3600
G1 X-46.029 Y-17.384 E4.66317
G1 X-46.37 Y-17.534 E4.68109
G1 X-46.691 Y-17.796 E4.70102
G1 X-46.979 Y-18.211 E4.72532
G1 X-47.102 Y-18.713 E4.75018
G1 X-47.116 Y-18.84 E4.75633
G1 X-47.115 Y-29.06 E5.24788
G1 X-47.008 Y-29.558 E5.27238
G1 X-46.847 Y-29.849 E5.28838
G1 X-46.594 Y-30.162 E5.30774
G1 X-46.126 Y-30.44 E5.33392
G1 X-45.592 Y-30.538 E5.36003
G1 X-37.373 Y-30.537 E5.75534
G1 X-36.918 Y-30.451 E5.77761
G1 X-36.444 Y-30.183 E5.8038
G1 X-36.1 Y-29.764 E5.82987
G1 X-35.993 Y-29.515 E5.8429
G1 X-35.895 Y-29.015 E5.86741
G1 X-35.895 Y-18.841 E6.35674
G1 X-35.978 Y-18.365 E6.37998
G1 X-36.241 Y-17.875 E6.40673
G1 X-36.659 Y-17.53 E6.4328
G1 X-36.888 Y-17.422 E6.44498
G1 X-37.418 Y-17.317 E6.47097
G1 X-45.593 Y-17.317 E6.86416
G1 X-45.899 Y-17.364 E6.87905
G1 X-45.863 Y-17.753 F7800
;TYPE:External perimeter
G1 F1800
G1 X-45.964 Y-17.772 E6.88399
G1 X-46.326 Y-17.975 E6.90395
G1 X-46.625 Y-18.363 E6.92751
G1 X-46.73 Y-18.84 E6.951
G1 X-46.729 Y-29.06 E7.44255
G1 X-46.602 Y-29.532 E7.46606
G1 X-46.329 Y-29.878 E7.48726
G1 X-45.986 Y-30.079 E7.50638
G1 X-45.592 Y-30.153 E7.52566
G1 X-37.373 Y-30.151 E7.92097
G1 X-37.051 Y-30.087 E7.93676
G1 X-36.633 Y-29.833 E7.96029
G1 X-36.369 Y-29.43 E7.98346
G1 X-36.28 Y-29.015 E8.00387
G1 X-36.28 Y-18.841 E8.4932
G1 X-36.329 Y-18.526 E8.50853
G1 X-36.57 Y-18.089 E8.53253
G1 X-36.972 Y-17.798 E8.5564
G1 X-37.418 Y-17.703 E8.57833
G1 X-45.592 Y-17.703 E8.97147
G1 X-45.804 Y-17.742 E8.98184
G1 X-46.173 Y-17.896 F7800
G1 E6.98184 F2400
G92 E0
G1 X-33.009 Y-40.431 F7800
G1 E2 F2400
;TYPE:Perimeter
G1 F3600
G1 X-19.502 Y-40.431 E2.64964
G1 X-19.502 Y-33.599 E2.97824
G1 X-19.502 Y-7.424 E4.23717
G1 X-33.009 Y-7.424 E4.88681
G1 X-33.009 Y-12.429 E5.12753
G1 X-33.156 Y-13.489 E5.179
G1 X-33.437 Y-14.22 E5.21667
G1 X-33.856 Y-14.881 E5.25431
G1 X-34.414 Y-15.462 E5.29305
G1 X-35.185 Y-15.983 E5.33781
G1 X-35.727 Y-16.212 E5.36611
G1 X-36.296 Y-16.358 E5.39436
;WIDTH:0.458534
G1 X-36.856 Y-16.424 E5.42208
;WIDTH:0.485591
G1 X-37.137 Y-16.438 E5.43686
;WIDTH:0.512649
G1 X-37.418 Y-16.452 E5.45259
G1 X-45.592 Y-16.454 E5.9096
;WIDTH:0.515601
G1 X-45.742 Y-16.456 E5.91804
;WIDTH:0.561665
G1 X-46.417 Y-16.529 E5.96015
;WIDTH:0.577366
G1 X-46.892 Y-16.728 E5.9931
;WIDTH:0.593458
G1 X-47.279 Y-16.981 E6.02361
;WIDTH:0.597558
G1 X-47.609 Y-17.368 E6.05743
G1 X-47.788 Y-17.682 E6.08147
;WIDTH:0.578562
G1 X-47.932 Y-18.16 E6.11349
;WIDTH:0.558787
G1 X-47.979 Y-18.84 E6.15552
;WIDTH:0.510887
G1 X-47.976 Y-29.06 E6.72468
;WIDTH:0.541207
G1 X-47.96 Y-29.465 E6.74879
;WIDTH:0.566176
G1 X-47.865 Y-29.96 E6.78034
;WIDTH:0.581755
G1 X-47.718 Y-30.29 E6.80365
;WIDTH:0.590394
G1 X-47.457 Y-30.674 E6.83411
;WIDTH:0.593254
G1 X-47.096 Y-31.013 E6.86678
G1 X-46.709 Y-31.225 E6.89589
;WIDTH:0.579976
G1 X-46.215 Y-31.358 E6.92879
;WIDTH:0.545773
G1 X-45.592 Y-31.401 E6.96629
;WIDTH:0.513207
G1 X-37.373 Y-31.403 E7.42639
;WIDTH:0.542174
G1 X-36.932 Y-31.389 E7.45268
G1 X-36.741 Y-31.431 E7.46433
;WIDTH:0.496087
G1 X-36.549 Y-31.474 E7.47492
;WIDTH:0.45
G1 X-35.96 Y-31.576 E7.50367
G1 X-35.631 Y-31.687 E7.52037
G1 X-35.04 Y-31.952 E7.55152
G1 X-34.384 Y-32.419 E7.59025
G1 X-33.743 Y-33.125 E7.63611
G1 X-33.349 Y-33.829 E7.67491
G1 X-33.072 Y-34.741 E7.72075
G1 X-33.009 Y-35.427 E7.75388
G1 X-33.009 Y-40.371 E7.99167
G1 X-33.009 Y-40.371 F7800
G1 X-33.395 Y-40.817
G1 F3600
G1 X-19.116 Y-40.817 E8.67844
G1 X-19.116 Y-33.599 E9.0256
G1 X-19.116 Y-7.038 E10.30309
G1 X-33.395 Y-7.038 E10.98986
G1 X-33.395 Y-12.429 E11.24915
G1 X-33.519 Y-13.359 E11.29428
G1 X-33.768 Y-14.021 E11.3283
G1 X-34.141 Y-14.622 E11.36232
G1 X-34.636 Y-15.147 E11.39702
G1 X-35.342 Y-15.631 E11.43819
G1 X-35.83 Y-15.84 E11.46372
G1 X-36.343 Y-15.976 E11.48925
G1 X-36.856 Y-16.035 E11.51409
G1 X-45.976 Y-16.038 E11.95273
G1 X-46.478 Y-16.088 E11.97699
G1 X-46.93 Y-16.244 E11.99999
G1 X-47.471 Y-16.55 E12.02988
G1 X-47.812 Y-16.9 E12.05338
G1 X-48.111 Y-17.313 E12.0779
G1 X-48.304 Y-17.794 E12.10283
G1 X-48.395 Y-18.45 E12.13468
G1 X-48.391 Y-29.523 E12.66725
G1 X-48.288 Y-30.12 E12.69639
G1 X-48.051 Y-30.654 E12.72449
G1 X-47.737 Y-31.056 E12.74902
G1 X-47.386 Y-31.367 E12.77158
G1 X-46.98 Y-31.599 E12.79407
G1 X-46.536 Y-31.749 E12.81661
G1 X-45.976 Y-31.817 E12.84374
G1 X-36.757 Y-31.829 E13.28714
G1 X-36.21 Y-31.924 E13.31384
G1 X-35.779 Y-32.043 E13.33535
G1 X-35.255 Y-32.272 E13.36285
G1 X-34.663 Y-32.685 E13.39757
G1 X-34.074 Y-33.324 E13.43937
G1 X-33.715 Y-33.95 E13.47408
G1 X-33.456 Y-34.779 E13.51585
G1 X-33.395 Y-35.427 E13.54715
G1 X-33.395 Y-40.757 E13.8035
G1 X-33.395 Y-40.757 F7800
G1 X-33.78 Y-41.203
;TYPE:External perimeter
G1 F1800
G1 X-18.73 Y-41.203 E14.52735
G1 X-18.73 Y-33.599 E14.89308
G1 X-18.73 Y-6.653 E16.18909
G1 X-33.78 Y-6.653 E16.91294
G1 X-33.78 Y-12.429 E17.19075
G1 X-33.882 Y-13.229 E17.22954
G1 X-34.099 Y-13.823 E17.25996
G1 X-34.427 Y-14.363 E17.29035
G1 X-34.858 Y-14.832 E17.32099
G1 X-35.465 Y-15.259 E17.35668
G1 X-35.906 Y-15.459 E17.37997
G1 X-36.362 Y-15.587 E17.40275
G1 X-36.856 Y-15.649 E17.4267
G1 X-45.742 Y-15.652 E17.85409
G1 X-46.378 Y-15.69 E17.88473
G1 X-46.935 Y-15.814 E17.91218
G1 X-47.464 Y-16.082 E17.9407
G1 X-47.864 Y-16.369 E17.96438
G1 X-48.321 Y-16.901 E17.99811
G1 X-48.567 Y-17.381 E18.02405
G1 X-48.728 Y-17.923 E18.05124
G1 X-48.78 Y-18.436 E18.07604
G1 X-48.777 Y-29.556 E18.61087
G1 X-48.659 Y-30.233 E18.64392
G1 X-48.384 Y-30.853 E18.67654
G1 X-47.965 Y-31.391 E18.70934
G1 X-47.547 Y-31.734 E18.73535
G1 X-47.067 Y-31.99 E18.76151
G1 X-46.547 Y-32.148 E18.78765
G1 X-45.995 Y-32.203 E18.81433
G1 X-37.373 Y-32.206 E19.22902
G1 X-36.681 Y-32.234 E19.26233
G1 X-36.051 Y-32.348 E19.29312
G1 X-35.469 Y-32.593 E19.32349
G1 X-34.942 Y-32.951 E19.35413
G1 X-34.405 Y-33.522 E19.39183
G1 X-34.081 Y-34.071 E19.42249
G1 X-33.84 Y-34.817 E19.4602
G1 X-33.78 Y-35.427 E19.48968
G1 X-33.78 Y-41.143 E19.7646
G1 X-33.385 Y-41.202 F7800
G1 E17.7646 F2400
G92 E0
G1 X-19.617 Y-38.659 F7800
G1 E2 F2400
;TYPE:Internal infill
;WIDTH:0.45
G1 F4800
G1 X-21.101 Y-40.142 E2.10091
G1 X-24.736 Y-40.142 E2.27574
G1 X-19.791 Y-35.196 E2.61213
G1 X-19.791 Y-31.561 E2.78696
G1 X-28.372 Y-40.142 E3.37063
G1 X-32.008 Y-40.142 E3.54551
G1 X-19.791 Y-27.925 E4.3765
G1 X-19.791 Y-24.289 E4.55138
G1 X-32.723 Y-37.222 E5.43103
G1 X-32.725 Y-35.308 E5.52309
G1 X-32.813 Y-34.54 E5.56027
G1 X-33.03 Y-33.893 E5.59309
G1 X-19.791 Y-20.654 E6.49359
G1 X-19.791 Y-17.018 E6.66847
G1 X-34.644 Y-31.871 E7.67875
G1 X-34.975 Y-31.653 E7.69781
G1 X-35.65 Y-31.366 E7.73309
G1 X-36.701 Y-31.123 E7.78497
G1 X-36.043 Y-30.726 E7.82193
G1 X-35.53 Y-30.126 E7.8599
G1 X-35.343 Y-29.698 E7.88236
G1 X-35.235 Y-29.208 E7.90649
G1 X-35.22 Y-28.812 E7.92555
G1 X-19.791 Y-13.383 E8.97501
G1 X-19.791 Y-9.747 E9.14989
G1 X-35.22 Y-25.176 E10.19935
G1 X-35.22 Y-21.54 E10.37423
G1 X-21.393 Y-7.713 E11.31473
G1 X-25.028 Y-7.713 E11.48956
G1 X-35.376 Y-18.061 E12.19342
G1 X-35.718 Y-17.447 E12.22722
G1 X-35.913 Y-17.256 E12.24035
G1 X-36.333 Y-16.934 E12.2658
G1 X-36.79 Y-16.719 E12.29009
G1 X-36.084 Y-16.611 E12.32444
G1 X-35.48 Y-16.43 E12.35477
G1 X-34.885 Y-16.147 E12.38646
G1 X-34.043 Y-15.519 E12.43698
G1 X-33.581 Y-15.004 E12.47026
G1 X-33.131 Y-14.261 E12.51204
G1 X-32.847 Y-13.465 E12.55269
G1 X-32.72 Y-12.435 E12.6026
G1 X-32.72 Y-11.769 E12.63463
G1 X-28.664 Y-7.713 E12.91051
G1 X-32.3 Y-7.713 E13.08539
G1 X-32.893 Y-8.307 E13.12576
;LAYER_CHANGE
;Z:19.25
;HEIGHT:0.299999
G1 Z19.25 F7800
G1 E11.12576 F2400
G92 E0
G1 X-32.893 Y-8.307 F7800
G1 X-46.061 Y-16.961
G1 E2 F2400
;TYPE:Perimeter
;WIDTH:0.550914
G1 F3600
G1 X-46.186 Y-16.977 E2.00765
;WIDTH:0.577874
G1 X-46.629 Y-17.167 E2.03852
;WIDTH:0.593453
G1 X-46.92 Y-17.371 E2.06197
G1 X-47.276 Y-17.821 E2.09983
;WIDTH:0.5883
G1 X-47.44 Y-18.213 E2.1276
;WIDTH:0.558801
G1 X-47.532 Y-18.84 E2.16668
;WIDTH:0.510887
G1 X-47.53 Y-29.06 E2.73584
;WIDTH:0.550966
G1 X-47.431 Y-29.664 E2.77299
;WIDTH:0.581757
G1 X-47.274 Y-30.031 E2.79875
;WIDTH:0.593603
G1 X-46.976 Y-30.43 E2.83162
G1 X-46.508 Y-30.755 E2.86923
;WIDTH:0.581556
G1 X-46.146 Y-30.882 E2.89398
;WIDTH:0.545919
G1 X-45.592 Y-30.954 E2.92753
;WIDTH:0.511034
;WIDTH:0.513207
G1 X-37.373 Y-30.954 E3.38763
;WIDTH:0.535871
G1 X-37.104 Y-30.929 E3.40352
G1 X-36.724 Y-30.753 E3.42815
;WIDTH:0.492935
G1 X-36.344 Y-30.578 E3.45051
;WIDTH:0.45
G1 X-36.002 Y-30.282 E3.47226
G1 X-35.799 Y-30.012 E3.48851
G1 X-35.583 Y-29.537 E3.51361
G1 X-35.509 Y-29.015 E3.53897
G1 X-35.509 Y-18.841 E4.0283
G1 X-35.559 Y-18.407 E4.04931
G1 X-35.827 Y-17.808 E4.08087
G1 X-36.053 Y-17.515 E4.09867
G1 X-36.42 Y-17.222 E4.12126
;WIDTH:0.487988
G1 X-36.667 Y-17.091 E4.13603
;WIDTH:0.525976
G1 X-36.914 Y-16.961 E4.1521
G1 X-37.418 Y-16.9 E4.18133
;WIDTH:0.512649
G1 X-45.592 Y-16.901 E4.63834
;WIDTH:0.550914
G1 X-46.001 Y-16.953 E4.66336
G1 X-46.001 Y-16.953 F7800
G1 X-45.958 Y-17.373
;WIDTH:0.45
G1 F3600
G1 X-46.029 Y-17.384 E4.66682
G1 X-46.37 Y-17.534 E4.68474
G1 X-46.691 Y-17.796 E4.70467
G1 X-46.979 Y-18.211 E4.72897
G1 X-47.102 Y-18.713 E4.75383
G1 X-47.116 Y-18.84 E4.75998
G1 X-47.115 Y-29.06 E5.25153
G1 X-47.008 Y-29.558 E5.27603
G1 X-46.847 Y-29.849 E5.29203
G1 X-46.594 Y-30.162 E5.31139
G1 X-46.127 Y-30.44 E5.33753
G1 X-45.592 Y-30.538 E5.36369
G1 X-37.373 Y-30.537 E5.759
G1 X-36.827 Y-30.408 E5.78598
G1 X-36.509 Y-30.211 E5.80397
G1 X-36.158 Y-29.865 E5.82768
G1 X-35.948 Y-29.404 E5.85204
G1 X-35.895 Y-28.863 E5.87818
G1 X-35.895 Y-18.841 E6.3602
G1 X-35.978 Y-18.365 E6.38344
G1 X-36.241 Y-17.875 E6.41019
G1 X-36.594 Y-17.566 E6.43275
G1 X-37.057 Y-17.365 E6.45703
G1 X-37.418 Y-17.317 E6.47455
G1 X-45.593 Y-17.317 E6.86774
G1 X-45.899 Y-17.364 E6.88263
G1 X-45.863 Y-17.753 F7800
;TYPE:External perimeter
G1 F1800
G1 X-45.964 Y-17.772 E6.88757
G1 X-46.317 Y-17.969 E6.90701
G1 X-46.625 Y-18.363 E6.93106
G1 X-46.73 Y-18.84 E6.95455
G1 X-46.729 Y-29.06 E7.4461
G1 X-46.602 Y-29.532 E7.46961
G1 X-46.329 Y-29.878 E7.49081
G1 X-45.987 Y-30.078 E7.50987
G1 X-45.592 Y-30.153 E7.52921
G1 X-37.373 Y-30.151 E7.92452
G1 X-36.847 Y-29.994 E7.95092
G1 X-36.488 Y-29.664 E7.97437
G1 X-36.324 Y-29.318 E7.99279
G1 X-36.28 Y-28.863 E8.01478
G1 X-36.28 Y-18.841 E8.4968
G1 X-36.329 Y-18.526 E8.51213
G1 X-36.585 Y-18.073 E8.53716
G1 X-36.792 Y-17.898 E8.5502
G1 X-37.114 Y-17.746 E8.56733
G1 X-37.418 Y-17.703 E8.5821
G1 X-45.592 Y-17.703 E8.97524
G1 X-45.804 Y-17.742 E8.98561
G1 X-46.174 Y-17.896 F7800
G1 E6.98561 F2400
G92 E0
G1 X-33.009 Y-40.431 F7800
G1 E2 F2400
;TYPE:Perimeter
G1 F3600
G1 X-19.502 Y-40.431 E2.64964
G1 X-19.502 Y-33.599 E2.97824
G1 X-19.502 Y-7.424 E4.23717
G1 X-33.009 Y-7.424 E4.88681
G1 X-33.009 Y-12.429 E5.12753
G1 X-33.156 Y-13.489 E5.179
G1 X-33.437 Y-14.22 E5.21667
G1 X-33.856 Y-14.881 E5.25431
G1 X-34.414 Y-15.462 E5.29305
G1 X-35.185 Y-15.983 E5.33781
G1 X-35.727 Y-16.212 E5.36611
G1 X-36.296 Y-16.358 E5.39436
;WIDTH:0.487988
G1 X-36.576 Y-16.408 E5.40939
;WIDTH:0.525976
G1 X-36.856 Y-16.458 E5.42577
G1 X-37.418 Y-16.452 E5.45813
;WIDTH:0.512649
G1 X-45.592 Y-16.454 E5.91514
;WIDTH:0.515602
G1 X-45.742 Y-16.456 E5.92358
;WIDTH:0.550914
G1 X-46.297 Y-16.508 E5.95741
;WIDTH:0.570912
G1 X-46.725 Y-16.639 E5.98569
;WIDTH:0.593453
G1 X-47.26 Y-16.966 E6.02707
;WIDTH:0.597967
G1 X-47.603 Y-17.359 E6.06179
G1 X-47.788 Y-17.682 E6.08656
;WIDTH:0.578562
G1 X-47.932 Y-18.16 E6.11858
;WIDTH:0.558789
G1 X-47.979 Y-18.84 E6.16061
;WIDTH:0.510887
G1 X-47.976 Y-29.06 E6.72977
;WIDTH:0.541207
G1 X-47.96 Y-29.465 E6.75388
;WIDTH:0.566177
G1 X-47.865 Y-29.96 E6.78543
;WIDTH:0.581757
G1 X-47.718 Y-30.29 E6.80874
;WIDTH:0.590393
G1 X-47.457 Y-30.674 E6.8392
;WIDTH:0.593253
G1 X-47.096 Y-31.013 E6.87187
G1 X-46.711 Y-31.225 E6.90086
;WIDTH:0.580101
G1 X-46.216 Y-31.358 E6.93383
;WIDTH:0.545919
G1 X-45.592 Y-31.401 E6.9714
;WIDTH:0.513207
G1 X-37.373 Y-31.403 E7.4315
;WIDTH:0.535871
G1 X-37.041 Y-31.392 E7.45103
G1 X-36.862 Y-31.421 E7.46169
;WIDTH:0.492935
G1 X-36.683 Y-31.451 E7.47139
;WIDTH:0.45
G1 X-35.756 Y-31.635 E7.51685
G1 X-35.04 Y-31.952 E7.55451
G1 X-34.384 Y-32.419 E7.59324
G1 X-33.743 Y-33.125 E7.6391
G1 X-33.349 Y-33.829 E7.6779
G1 X-33.072 Y-34.741 E7.72374
G1 X-33.009 Y-35.427 E7.75687
G1 X-33.009 Y-40.371 E7.99466
G1 X-33.009 Y-40.371 F7800
G1 X-33.395 Y-40.817
G1 F3600
G1 X-19.116 Y-40.817 E8.68143
G1 X-19.116 Y-33.599 E9.02859
G1 X-19.116 Y-7.038 E10.30608
G1 X-33.395 Y-7.038 E10.99285
G1 X-33.395 Y-12.429 E11.25214
G1 X-33.519 Y-13.359 E11.29727
G1 X-33.768 Y-14.021 E11.33129
G1 X-34.141 Y-14.622 E11.36531
G1 X-34.636 Y-15.147 E11.40001
G1 X-35.342 Y-15.631 E11.44118
G1 X-35.83 Y-15.84 E11.46671
G1 X-36.343 Y-15.976 E11.49224
G1 X-36.856 Y-16.035 E11.51708
G1 X-45.976 Y-16.038 E11.95572
G1 X-46.478 Y-16.088 E11.97998
G1 X-46.926 Y-16.241 E12.00275
G1 X-47.468 Y-16.549 E12.03273
G1 X-47.812 Y-16.898 E12.0563
G1 X-48.11 Y-17.312 E12.08083
G1 X-48.304 Y-17.794 E12.10582
G1 X-48.395 Y-18.45 E12.13767
G1 X-48.391 Y-29.523 E12.67024
G1 X-48.288 Y-30.12 E12.69938
G1 X-48.051 Y-30.654 E12.72748
G1 X-47.737 Y-31.057 E12.75205
G1 X-47.386 Y-31.367 E12.77457
G1 X-46.98 Y-31.599 E12.79706
G1 X-46.536 Y-31.749 E12.8196
G1 X-45.976 Y-31.817 E12.84673
G1 X-36.749 Y-31.831 E13.29052
G1 X-35.904 Y-31.991 E13.33188
G1 X-35.255 Y-32.272 E13.36589
G1 X-34.663 Y-32.685 E13.40061
G1 X-34.074 Y-33.324 E13.44241
G1 X-33.715 Y-33.95 E13.47712
G1 X-33.456 Y-34.779 E13.51889
G1 X-33.395 Y-35.427 E13.55019
G1 X-33.395 Y-40.757 E13.80654
G1 X-33.395 Y-40.757 F7800
G1 X-33.78 Y-41.203
;TYPE:External perimeter
G1 F1800
G1 X-18.73 Y-41.203 E14.53039
G1 X-18.73 Y-33.599 E14.89612
G1 X-18.73 Y-6.653 E16.19213
G1 X-33.78 Y-6.653 E16.91598
G1 X-33.78 Y-12.429 E17.19379
G1 X-33.882 Y-13.229 E17.23258
G1 X-34.099 Y-13.823 E17.263
G1 X-34.427 Y-14.363 E17.29339
G1 X-34.858 Y-14.832 E17.32403
G1 X-35.465 Y-15.259 E17.35972
G1 X-35.906 Y-15.459 E17.38301
G1 X-36.362 Y-15.587 E17.40579
G1 X-36.856 Y-15.649 E17.42974
G1 X-45.742 Y-15.652 E17.85713
G1 X-46.378 Y-15.69 E17.88777
G1 X-46.935 Y-15.814 E17.91522
G1 X-47.453 Y-16.074 E17.9431
G1 X-47.865 Y-16.369 E17.96747
G1 X-48.314 Y-16.89 E18.00055
G1 X-48.567 Y-17.381 E18.02712
G1 X-48.728 Y-17.923 E18.05431
G1 X-48.78 Y-18.436 E18.07911
G1 X-48.777 Y-29.556 E18.61394
G1 X-48.659 Y-30.233 E18.64699
G1 X-48.384 Y-30.853 E18.67961
G1 X-47.965 Y-31.391 E18.71241
G1 X-47.547 Y-31.734 E18.73842
G1 X-47.067 Y-31.99 E18.76458
G1 X-46.547 Y-32.148 E18.79072
G1 X-45.995 Y-32.203 E18.8174
G1 X-36.814 Y-32.211 E19.25897
G1 X-36.051 Y-32.348 E19.29625
G1 X-35.469 Y-32.593 E19.32662
G1 X-34.942 Y-32.951 E19.35726
G1 X-34.405 Y-33.522 E19.39496
G1 X-34.081 Y-34.071 E19.42562
G1 X-33.84 Y-34.817 E19.46333
G1 X-33.78 Y-35.427 E19.49281
G1 X-33.78 Y-41.143 E19.76773
G1 X-33.385 Y-41.202 F7800
G1 E17.76773 F2400
G92 E0
G1 X-19.617 Y-38.659 F7800
G1 E2 F2400
;TYPE:Internal infill
;WIDTH:0.45
G1 F4800
G1 X-21.101 Y-40.142 E2.10091
G1 X-24.736 Y-40.142 E2.27574
G1 X-19.791 Y-35.196 E2.61213
G1 X-19.791 Y-31.561 E2.78696
G1 X-28.372 Y-40.142 E3.37063
G1 X-32.008 Y-40.142 E3.54551
G1 X-19.791 Y-27.925 E4.3765
G1 X-19.791 Y-24.289 E4.55138
G1 X-32.723 Y-37.222 E5.43103
G1 X-32.725 Y-35.308 E5.52309
G1 X-32.813 Y-34.54 E5.56027
G1 X-33.03 Y-33.893 E5.59309
G1 X-19.791 Y-20.654 E6.49359
G1 X-19.791 Y-17.018 E6.66847
G1 X-34.645 Y-31.872 E7.67882
G1 X-35.092 Y-31.597 E7.70406
G1 X-35.694 Y-31.349 E7.73537
G1 X-36.778 Y-31.127 E7.78859
G1 X-36.163 Y-30.804 E7.822
G1 X-35.8 Y-30.49 E7.84508
G1 X-35.575 Y-30.205 E7.86254
G1 X-35.286 Y-29.541 E7.89737
G1 X-35.22 Y-28.812 E7.93258
G1 X-19.791 Y-13.383 E8.98204
G1 X-19.791 Y-9.747 E9.15692
G1 X-35.22 Y-25.176 E10.20638
G1 X-35.22 Y-21.54 E10.38126
G1 X-21.393 Y-7.713 E11.32176
G1 X-25.028 Y-7.713 E11.49659
G1 X-35.376 Y-18.061 E12.20045
G1 X-35.718 Y-17.447 E12.23425
G1 X-36.152 Y-17.044 E12.26274
G1 X-36.683 Y-16.728 E12.29246
G1 X-35.617 Y-16.481 E12.34509
G1 X-34.882 Y-16.145 E12.38396
G1 X-34.196 Y-15.661 E12.42434
G1 X-33.581 Y-15.004 E12.46762
G1 X-33.132 Y-14.261 E12.50937
G1 X-32.847 Y-13.465 E12.55003
G1 X-32.72 Y-12.435 E12.59994
G1 X-32.72 Y-11.769 E12.63197
G1 X-28.664 Y-7.713 E12.90785
G1 X-32.3 Y-7.713 E13.08273
G1 X-32.893 Y-8.307 E13.1231
;LAYER_CHANGE
;Z:19.55
;HEIGHT:0.299999
G1 Z19.55 F7800
G1 E11.1231 F2400
G92 E0
G1 X-32.893 Y-8.307 F7800
G1 X-46.061 Y-16.961
G1 E2 F2400
;TYPE:Perimeter
;WIDTH:0.550909
G1 F3600
G1 X-46.186 Y-16.977 E2.00765
;WIDTH:0.577876
G1 X-46.629 Y-17.167 E2.03852
;WIDTH:0.593421
G1 X-46.92 Y-17.371 E2.06197
G1 X-47.276 Y-17.821 E2.09983
;WIDTH:0.588361
G1 X-47.44 Y-18.213 E2.1276
;WIDTH:0.558799
G1 X-47.532 Y-18.84 E2.16668
;WIDTH:0.510887
G1 X-47.53 Y-29.06 E2.73584
;WIDTH:0.550963
G1 X-47.431 Y-29.664 E2.77299
;WIDTH:0.581753
G1 X-47.274 Y-30.031 E2.79875
;WIDTH:0.593602
G1 X-46.976 Y-30.43 E2.83162
G1 X-46.508 Y-30.755 E2.86923
;WIDTH:0.581469
G1 X-46.147 Y-30.881 E2.89389
;WIDTH:0.546068
G1 X-45.592 Y-30.954 E2.92752
;WIDTH:0.511034
;WIDTH:0.513207
G1 X-37.373 Y-30.954 E3.38762
;WIDTH:0.524466
G1 X-36.915 Y-30.894 E3.41413
G1 X-36.612 Y-30.724 E3.43407
;WIDTH:0.487233
G1 X-36.31 Y-30.554 E3.45235
;WIDTH:0.45
G1 X-36.058 Y-30.349 E3.46797
G1 X-35.716 Y-29.875 E3.49608
G1 X-35.533 Y-29.227 E3.52847
G1 X-35.509 Y-28.097 E3.58283
G1 X-35.509 Y-18.841 E4.02801
G1 X-35.559 Y-18.407 E4.04902
G1 X-35.827 Y-17.808 E4.08058
G1 X-36.04 Y-17.528 E4.0975
G1 X-36.487 Y-17.18 E4.12475
;WIDTH:0.480513
G1 X-36.843 Y-17.053 E4.14437
;WIDTH:0.511026
G1 X-37.199 Y-16.925 E4.16545
;WIDTH:0.512649
G1 X-37.418 Y-16.9 E4.17777
G1 X-45.592 Y-16.901 E4.63478
;WIDTH:0.550909
G1 X-46.001 Y-16.953 E4.6598
G1 X-46.001 Y-16.953 F7800
G1 X-45.958 Y-17.373
;WIDTH:0.45
G1 F3600
G1 X-46.029 Y-17.384 E4.66326
G1 X-46.37 Y-17.534 E4.68118
G1 X-46.691 Y-17.796 E4.70111
G1 X-46.979 Y-18.211 E4.72541
G1 X-47.102 Y-18.713 E4.75027
G1 X-47.116 Y-18.84 E4.75642
G1 X-47.115 Y-29.06 E5.24797
G1 X-47.008 Y-29.558 E5.27247
G1 X-46.847 Y-29.849 E5.28847
G1 X-46.594 Y-30.162 E5.30783
G1 X-46.127 Y-30.439 E5.33395
G1 X-45.592 Y-30.538 E5.36012
G1 X-37.373 Y-30.537 E5.75543
G1 X-36.918 Y-30.451 E5.7777
G1 X-36.442 Y-30.181 E5.80402
G1 X-36.1 Y-29.763 E5.83
G1 X-35.993 Y-29.515 E5.84299
G1 X-35.895 Y-29.015 E5.8675
G1 X-35.895 Y-18.841 E6.35683
G1 X-35.978 Y-18.365 E6.38007
G1 X-36.241 Y-17.875 E6.40682
G1 X-36.659 Y-17.53 E6.43289
G1 X-36.888 Y-17.422 E6.44507
G1 X-37.418 Y-17.317 E6.47106
G1 X-45.593 Y-17.317 E6.86425
G1 X-45.899 Y-17.364 E6.87914
G1 X-45.863 Y-17.753 F7800
;TYPE:External perimeter
G1 F1800
G1 X-45.964 Y-17.772 E6.88408
G1 X-46.317 Y-17.969 E6.90352
G1 X-46.625 Y-18.363 E6.92757
G1 X-46.73 Y-18.84 E6.95106
G1 X-46.729 Y-29.06 E7.44261
G1 X-46.602 Y-29.532 E7.46612
G1 X-46.329 Y-29.878 E7.48732
G1 X-45.988 Y-30.078 E7.50633
G1 X-45.592 Y-30.153 E7.52571
G1 X-37.373 Y-30.151 E7.92102
G1 X-37.051 Y-30.087 E7.93681
G1 X-36.63 Y-29.83 E7.96053
G1 X-36.369 Y-29.43 E7.9835
G1 X-36.28 Y-29.015 E8.00391
G1 X-36.28 Y-18.841 E8.49324
G1 X-36.329 Y-18.526 E8.50857
G1 X-36.569 Y-18.089 E8.53255
G1 X-36.972 Y-17.798 E8.55646
G1 X-37.418 Y-17.703 E8.57839
G1 X-45.592 Y-17.703 E8.97153
G1 X-45.804 Y-17.742 E8.9819
G1 X-46.174 Y-17.896 F7800
G1 E6.9819 F2400
G92 E0
G1 X-33.009 Y-40.431 F7800
G1 E2 F2400
;TYPE:Perimeter
G1 F3600
G1 X-19.502 Y-40.431 E2.64964
G1 X-19.502 Y-33.599 E2.97824
G1 X-19.502 Y-7.424 E4.23717
G1 X-33.009 Y-7.424 E4.88681
G1 X-33.009 Y-12.429 E5.12753
G1 X-33.156 Y-13.489 E5.179
G1 X-33.437 Y-14.22 E5.21667
G1 X-33.856 Y-14.881 E5.25431
G1 X-34.414 Y-15.462 E5.29305
G1 X-35.185 Y-15.983 E5.33781
G1 X-35.727 Y-16.212 E5.36611
G1 X-36.296 Y-16.358 E5.39436
;WIDTH:0.458534
G1 X-36.856 Y-16.424 E5.42208
;WIDTH:0.485591
G1 X-37.137 Y-16.438 E5.43686
;WIDTH:0.512649
G1 X-37.418 Y-16.452 E5.45259
G1 X-45.592 Y-16.454 E5.9096
;WIDTH:0.515602
G1 X-45.742 Y-16.456 E5.91804
;WIDTH:0.561665
G1 X-46.417 Y-16.529 E5.96015
;WIDTH:0.577876
G1 X-46.892 Y-16.727 E5.99311
;WIDTH:0.593421
G1 X-47.28 Y-16.982 E6.02375
;WIDTH:0.597745
G1 X-47.606 Y-17.364 E6.05716
G1 X-47.788 Y-17.682 E6.08153
;WIDTH:0.578561
G1 X-47.932 Y-18.16 E6.11355
;WIDTH:0.558788
G1 X-47.979 Y-18.84 E6.15558
;WIDTH:0.510887
G1 X-47.976 Y-29.06 E6.72474
;WIDTH:0.541207
G1 X-47.96 Y-29.465 E6.74885
;WIDTH:0.566174
G1 X-47.865 Y-29.96 E6.7804
;WIDTH:0.581753
G1 X-47.718 Y-30.29 E6.80371
;WIDTH:0.590392
G1 X-47.457 Y-30.674 E6.83417
;WIDTH:0.593253
G1 X-47.096 Y-31.013 E6.86684
G1 X-46.712 Y-31.224 E6.89574
;WIDTH:0.580231
G1 X-46.218 Y-31.357 E6.92866
;WIDTH:0.546068
G1 X-45.592 Y-31.401 E6.96636
;WIDTH:0.513207
G1 X-37.373 Y-31.403 E7.42646
;WIDTH:0.542179
G1 X-36.932 Y-31.389 E7.45275
G1 X-36.74 Y-31.431 E7.46446
;WIDTH:0.496089
G1 X-36.547 Y-31.474 E7.47511
;WIDTH:0.45
G1 X-35.96 Y-31.576 E7.50377
G1 X-35.623 Y-31.691 E7.5209
G1 X-35.04 Y-31.952 E7.55162
G1 X-34.384 Y-32.419 E7.59035
G1 X-33.743 Y-33.125 E7.63621
G1 X-33.349 Y-33.829 E7.67501
G1 X-33.072 Y-34.741 E7.72085
G1 X-33.009 Y-35.427 E7.75398
G1 X-33.009 Y-40.371 E7.99177
G1 X-33.009 Y-40.371 F7800
G1 X-33.395 Y-40.817
G1 F3600
G1 X-19.116 Y-40.817 E8.67854
G1 X-19.116 Y-33.599 E9.0257
G1 X-19.116 Y-7.038 E10.30319
G1 X-33.395 Y-7.038 E10.98996
G1 X-33.395 Y-12.429 E11.24925
G1 X-33.519 Y-13.359 E11.29438
G1 X-33.768 Y-14.021 E11.3284
G1 X-34.141 Y-14.622 E11.36242
G1 X-34.636 Y-15.147 E11.39712
G1 X-35.342 Y-15.631 E11.43829
G1 X-35.83 Y-15.84 E11.46382
G1 X-36.343 Y-15.976 E11.48935
G1 X-36.856 Y-16.035 E11.51419
G1 X-45.976 Y-16.038 E11.95283
G1 X-46.478 Y-16.088 E11.97709
G1 X-46.926 Y-16.241 E11.99986
G1 X-47.468 Y-16.549 E12.02984
G1 X-47.812 Y-16.899 E12.05344
G1 X-48.111 Y-17.313 E12.078
G1 X-48.304 Y-17.794 E12.10293
G1 X-48.395 Y-18.45 E12.13478
G1 X-48.391 Y-29.523 E12.66735
G1 X-48.288 Y-30.12 E12.69649
G1 X-48.051 Y-30.654 E12.72459
G1 X-47.737 Y-31.056 E12.74912
G1 X-47.386 Y-31.367 E12.77168
G1 X-46.98 Y-31.599 E12.79417
G1 X-46.536 Y-31.749 E12.81671
G1 X-45.976 Y-31.817 E12.84384
G1 X-36.757 Y-31.829 E13.28724
G1 X-36.204 Y-31.925 E13.31424
G1 X-35.77 Y-32.047 E13.33592
G1 X-35.255 Y-32.272 E13.36295
G1 X-34.663 Y-32.685 E13.39767
G1 X-34.074 Y-33.324 E13.43947
G1 X-33.715 Y-33.95 E13.47418
G1 X-33.456 Y-34.779 E13.51595
G1 X-33.395 Y-35.427 E13.54725
G1 X-33.395 Y-40.757 E13.8036
G1 X-33.395 Y-40.757 F7800
G1 X-33.78 Y-41.203
;TYPE:External perimeter
G1 F1800
G1 X-18.73 Y-41.203 E14.52745
G1 X-18.73 Y-33.599 E14.89318
G1 X-18.73 Y-6.653 E16.18919
G1 X-33.78 Y-6.653 E16.91304
G1 X-33.78 Y-12.429 E17.19085
G1 X-33.882 Y-13.229 E17.22964
G1 X-34.099 Y-13.823 E17.26006
G1 X-34.427 Y-14.363 E17.29045
G1 X-34.858 Y-14.832 E17.32109
G1 X-35.465 Y-15.259 E17.35678
G1 X-35.906 Y-15.459 E17.38007
G1 X-36.362 Y-15.587 E17.40285
G1 X-36.856 Y-15.649 E17.4268
G1 X-45.742 Y-15.652 E17.85419
G1 X-46.378 Y-15.69 E17.88483
G1 X-46.935 Y-15.814 E17.91228
G1 X-47.453 Y-16.074 E17.94016
G1 X-47.865 Y-16.369 E17.96453
G1 X-48.318 Y-16.896 E17.99795
G1 X-48.567 Y-17.381 E18.02417
G1 X-48.728 Y-17.923 E18.05136
G1 X-48.78 Y-18.436 E18.07616
G1 X-48.777 Y-29.556 E18.61099
G1 X-48.659 Y-30.233 E18.64404
G1 X-48.384 Y-30.853 E18.67666
G1 X-47.965 Y-31.391 E18.70946
G1 X-47.547 Y-31.734 E18.73547
G1 X-47.067 Y-31.99 E18.76163
G1 X-46.547 Y-32.148 E18.78777
G1 X-45.995 Y-32.203 E18.81445
G1 X-37.373 Y-32.206 E19.22914
G1 X-36.679 Y-32.234 E19.26255
G1 X-36.051 Y-32.348 E19.29325
G1 X-35.469 Y-32.593 E19.32362
G1 X-34.942 Y-32.951 E19.35426
G1 X-34.405 Y-33.522 E19.39196
G1 X-34.081 Y-34.071 E19.42262
G1 X-33.84 Y-34.817 E19.46033
G1 X-33.78 Y-35.427 E19.48981
G1 X-33.78 Y-41.143 E19.76473
G1 X-33.385 Y-41.202 F7800
G1 E17.76473 F2400
G92 E0
G1 X-19.617 Y-38.659 F7800
G1 E2 F2400
;TYPE:Internal infill
;WIDTH:0.45
G1 F4800
G1 X-21.101 Y-40.142 E2.10091
G1 X-24.736 Y-40.142 E2.27574
G1 X-19.791 Y-35.196 E2.61213
G1 X-19.791 Y-31.561 E2.78696
G1 X-28.372 Y-40.142 E3.37063
G1 X-32.008 Y-40.142 E3.54551
G1 X-19.791 Y-27.925 E4.3765
G1 X-19.791 Y-24.289 E4.55138
G1 X-32.723 Y-37.222 E5.43103
G1 X-32.725 Y-35.308 E5.52309
G1 X-32.813 Y-34.54 E5.56027
G1 X-33.03 Y-33.893 E5.59309
G1 X-19.791 Y-20.654 E6.49359
G1 X-19.791 Y-17.018 E6.66847
G1 X-34.644 Y-31.871 E7.67875
G1 X-34.975 Y-31.653 E7.69781
G1 X-35.65 Y-31.366 E7.73309
G1 X-36.701 Y-31.123 E7.78497
G1 X-36.042 Y-30.725 E7.822
G1 X-35.53 Y-30.126 E7.8599
G1 X-35.343 Y-29.698 E7.88236
G1 X-35.235 Y-29.208 E7.90649
G1 X-35.22 Y-28.812 E7.92555
G1 X-19.791 Y-13.383 E8.97501
G1 X-19.791 Y-9.747 E9.14989
G1 X-35.22 Y-25.176 E10.19935
G1 X-35.22 Y-21.54 E10.37423
G1 X-21.393 Y-7.713 E11.31473
G1 X-25.028 Y-7.713 E11.48956
G1 X-35.376 Y-18.061 E12.19342
G1 X-35.718 Y-17.447 E12.22722
G1 X-35.913 Y-17.256 E12.24035
G1 X-36.333 Y-16.934 E12.2658
G1 X-36.79 Y-16.719 E12.29009
G1 X-36.084 Y-16.611 E12.32444
G1 X-35.48 Y-16.43 E12.35477
G1 X-34.884 Y-16.147 E12.3865
G1 X-34.043 Y-15.519 E12.43698
G1 X-33.581 Y-15.004 E12.47026
G1 X-33.131 Y-14.261 E12.51204
G1 X-32.847 Y-13.465 E12.55269
G1 X-32.72 Y-12.435 E12.6026
G1 X-32.72 Y-11.769 E12.63463
G1 X-28.664 Y-7.713 E12.91051
G1 X-32.3 Y-7.713 E13.08539
G1 X-32.893 Y-8.307 E13.12576
;LAYER_CHANGE
;Z:19.85
;HEIGHT:0.300001
G1 Z19.85 F7800
G1 E11.12576 F2400
G92 E0
G1 X-32.893 Y-8.307 F7800
G1 X-46.059 Y-16.97
G1 E2 F2400
;TYPE:Perimeter
;WIDTH:0.555483
G1 F3600
G1 X-46.219 Y-16.994 E2.00991
;WIDTH:0.573889
G1 X-46.545 Y-17.119 E2.0321
;WIDTH:0.592533
G1 X-46.941 Y-17.396 E2.06393
G1 X-47.249 Y-17.769 E2.0958
;WIDTH:0.585739
G1 X-47.462 Y-18.253 E2.13019
;WIDTH:0.551288
G1 X-47.532 Y-18.84 E2.16609
;WIDTH:0.510886
G1 X-47.53 Y-29.06 E2.73525
;WIDTH:0.509784
;WIDTH:0.550961
G1 X-47.431 Y-29.664 E2.7724
;WIDTH:0.581739
G1 X-47.274 Y-30.031 E2.79816
;WIDTH:0.593608
G1 X-46.976 Y-30.43 E2.83103
G1 X-46.507 Y-30.755 E2.86869
;WIDTH:0.581214
G1 X-46.151 Y-30.881 E2.89303
;WIDTH:0.54646
G1 X-45.592 Y-30.954 E2.92693
;WIDTH:0.511034
;WIDTH:0.513211
G1 X-37.373 Y-30.954 E3.38703
;WIDTH:0.533591
G1 X-37.042 Y-30.926 E3.40647
G1 X-36.714 Y-30.766 E3.42783
;WIDTH:0.491795
G1 X-36.385 Y-30.606 E3.44733
;WIDTH:0.45
G1 X-36.075 Y-30.358 E3.46642
G1 X-35.715 Y-29.875 E3.49539
G1 X-35.533 Y-29.227 E3.52776
G1 X-35.509 Y-28.097 E3.58212
G1 X-35.509 Y-18.841 E4.0273
G1 X-35.623 Y-18.226 E4.05738
G1 X-35.766 Y-17.896 E4.07468
G1 X-36.053 Y-17.515 E4.09762
G1 X-36.402 Y-17.231 E4.11926
;WIDTH:0.496396
G1 X-36.653 Y-17.095 E4.13464
;WIDTH:0.542793
G1 X-36.904 Y-16.96 E4.15165
G1 X-37.419 Y-16.9 E4.18259
;WIDTH:0.512649
G1 X-45.592 Y-16.901 E4.63955
;WIDTH:0.555483
G1 X-46 Y-16.961 E4.66481
G1 X-46 Y-16.961 F7800
G1 X-45.955 Y-17.389
;WIDTH:0.45
G1 F3600
G1 X-46.122 Y-17.422 E4.673
G1 X-46.501 Y-17.622 E4.69361
G1 X-46.823 Y-17.943 E4.71548
G1 X-47.058 Y-18.427 E4.74136
G1 X-47.116 Y-18.84 E4.76142
G1 X-47.115 Y-29.06 E5.25297
G1 X-47.008 Y-29.558 E5.27747
G1 X-46.847 Y-29.849 E5.29347
G1 X-46.594 Y-30.161 E5.31279
G1 X-46.128 Y-30.439 E5.33889
G1 X-45.592 Y-30.538 E5.36511
G1 X-37.373 Y-30.537 E5.76042
G1 X-36.943 Y-30.455 E5.78147
G1 X-36.464 Y-30.201 E5.80755
G1 X-36.108 Y-29.774 E5.83429
G1 X-35.993 Y-29.515 E5.84792
G1 X-35.895 Y-29.015 E5.87243
G1 X-35.895 Y-18.841 E6.36176
G1 X-36 Y-18.311 E6.38775
G1 X-36.199 Y-17.932 E6.40834
G1 X-36.531 Y-17.603 E6.43082
G1 X-36.988 Y-17.384 E6.45519
G1 X-37.419 Y-17.317 E6.47617
G1 X-45.592 Y-17.317 E6.86926
G1 X-45.896 Y-17.377 E6.88416
G1 X-45.896 Y-17.377 F7800
G1 X-45.861 Y-17.764
;TYPE:External perimeter
G1 F1800
G1 X-46.082 Y-17.814 E6.89506
G1 X-46.331 Y-17.977 E6.90937
G1 X-46.532 Y-18.209 E6.92413
G1 X-46.688 Y-18.54 E6.94173
G1 X-46.73 Y-18.84 E6.9563
G1 X-46.729 Y-29.06 E7.44785
G1 X-46.602 Y-29.532 E7.47136
G1 X-46.33 Y-29.877 E7.49249
G1 X-45.991 Y-30.077 E7.51142
G1 X-45.592 Y-30.153 E7.53096
G1 X-37.373 Y-30.151 E7.92627
G1 X-37.103 Y-30.104 E7.93945
G1 X-36.667 Y-29.863 E7.96341
G1 X-36.376 Y-29.46 E7.98732
G1 X-36.28 Y-29.015 E8.00922
G1 X-36.28 Y-18.841 E8.49855
G1 X-36.391 Y-18.351 E8.52271
G1 X-36.585 Y-18.073 E8.53901
G1 X-36.817 Y-17.884 E8.5534
G1 X-37.067 Y-17.761 E8.5668
G1 X-37.419 Y-17.703 E8.58396
G1 X-45.592 Y-17.703 E8.97705
G1 X-45.802 Y-17.75 E8.9874
G1 X-46.177 Y-17.89 F7800
G1 E6.9874 F2400
G92 E0
G1 X-33.009 Y-40.431 F7800
G1 E2 F2400
;TYPE:Perimeter
G1 F3600
G1 X-19.502 Y-40.431 E2.64964
G1 X-19.502 Y-33.599 E2.97824
G1 X-19.502 Y-7.424 E4.23717
G1 X-33.009 Y-7.424 E4.88681
G1 X-33.009 Y-12.429 E5.12753
G1 X-33.156 Y-13.489 E5.179
G1 X-33.437 Y-14.22 E5.21667
G1 X-33.856 Y-14.881 E5.25431
G1 X-34.255 Y-15.322 E5.28291
G1 X-34.612 Y-15.602 E5.30473
G1 X-35.185 Y-15.983 E5.33783
G1 X-35.727 Y-16.212 E5.36613
G1 X-36.296 Y-16.358 E5.39438
;WIDTH:0.499953
G1 X-36.59 Y-16.414 E5.41064
;WIDTH:0.549907
G1 X-36.884 Y-16.47 E5.42876
G1 X-37.419 Y-16.452 E5.46118
;WIDTH:0.512649
G1 X-45.592 Y-16.454 E5.91814
;WIDTH:0.526003
G1 X-45.863 Y-16.462 E5.93375
;WIDTH:0.561634
G1 X-46.375 Y-16.521 E5.96571
;WIDTH:0.573889
G1 X-46.796 Y-16.677 E5.99424
;WIDTH:0.594368
G1 X-47.28 Y-16.983 E6.03209
G1 X-47.624 Y-17.376 E6.06661
;WIDTH:0.589047
G1 X-47.854 Y-17.847 E6.10091
;WIDTH:0.574846
G1 X-47.947 Y-18.245 E6.12693
;WIDTH:0.542289
G1 X-47.979 Y-18.84 E6.16245
;WIDTH:0.510886
G1 X-47.976 Y-29.06 E6.73161
;WIDTH:0.541204
G1 X-47.96 Y-29.465 E6.75571
;WIDTH:0.566174
G1 X-47.865 Y-29.96 E6.78726
;WIDTH:0.581739
G1 X-47.718 Y-30.29 E6.81057
;WIDTH:0.590378
G1 X-47.457 Y-30.674 E6.84103
;WIDTH:0.593304
G1 X-47.096 Y-31.013 E6.8737
G1 X-46.717 Y-31.222 E6.90225
;WIDTH:0.580645
G1 X-46.221 Y-31.357 E6.93535
;WIDTH:0.54646
G1 X-45.592 Y-31.401 E6.97326
;WIDTH:0.513211
G1 X-36.856 Y-31.409 E7.46231
;WIDTH:0.501653
G1 X-36.552 Y-31.468 E7.4792
;WIDTH:0.475826
G1 X-36.249 Y-31.526 E7.49503
;WIDTH:0.45
G1 X-35.712 Y-31.654 E7.52158
G1 X-35.04 Y-31.952 E7.55694
G1 X-34.384 Y-32.419 E7.59567
G1 X-33.743 Y-33.125 E7.64153
G1 X-33.349 Y-33.829 E7.68033
G1 X-33.072 Y-34.741 E7.72617
G1 X-33.009 Y-35.427 E7.7593
G1 X-33.009 Y-40.371 E7.99709
G1 X-33.009 Y-40.371 F7800
G1 X-33.395 Y-40.817
G1 F3600
G1 X-19.116 Y-40.817 E8.68386
G1 X-19.116 Y-33.599 E9.03102
G1 X-19.116 Y-7.038 E10.30851
G1 X-33.395 Y-7.038 E10.99528
G1 X-33.395 Y-12.429 E11.25457
G1 X-33.519 Y-13.359 E11.2997
G1 X-33.768 Y-14.021 E11.33372
G1 X-34.141 Y-14.622 E11.36774
G1 X-34.54 Y-15.063 E11.39634
G1 X-34.834 Y-15.286 E11.41409
G1 X-35.342 Y-15.631 E11.44362
G1 X-35.83 Y-15.84 E11.46915
G1 X-36.343 Y-15.976 E11.49468
G1 X-36.856 Y-16.035 E11.51952
G1 X-45.593 Y-16.038 E11.93974
G1 X-46.34 Y-16.074 E11.97571
G1 X-46.729 Y-16.157 E11.99484
G1 X-47.204 Y-16.381 E12.0201
G1 X-47.542 Y-16.606 E12.03963
G1 X-47.871 Y-16.966 E12.06309
G1 X-48.164 Y-17.407 E12.08856
G1 X-48.335 Y-17.932 E12.11512
G1 X-48.395 Y-18.45 E12.1402
G1 X-48.391 Y-29.523 E12.67277
G1 X-48.288 Y-30.12 E12.70191
G1 X-48.051 Y-30.654 E12.73001
G1 X-47.737 Y-31.057 E12.75458
G1 X-47.386 Y-31.367 E12.7771
G1 X-46.98 Y-31.599 E12.79959
G1 X-46.536 Y-31.749 E12.82213
G1 X-45.976 Y-31.817 E12.84926
G1 X-37.373 Y-31.82 E13.26303
G1 X-36.724 Y-31.835 E13.29425
G1 X-35.859 Y-32.01 E13.3367
G1 X-35.255 Y-32.272 E13.36837
G1 X-34.663 Y-32.685 E13.40309
G1 X-34.074 Y-33.324 E13.44489
G1 X-33.715 Y-33.95 E13.4796
G1 X-33.456 Y-34.779 E13.52137
G1 X-33.395 Y-35.427 E13.55267
G1 X-33.395 Y-40.757 E13.80902
G1 X-33.395 Y-40.757 F7800
G1 X-33.78 Y-41.203
;TYPE:External perimeter
G1 F1800
G1 X-18.73 Y-41.203 E14.53287
G1 X-18.73 Y-33.599 E14.8986
G1 X-18.73 Y-6.653 E16.19461
G1 X-33.78 Y-6.653 E16.91846
G1 X-33.78 Y-12.429 E17.19627
G1 X-33.882 Y-13.229 E17.23506
G1 X-34.099 Y-13.823 E17.26548
G1 X-34.427 Y-14.363 E17.29587
G1 X-34.858 Y-14.832 E17.32651
G1 X-35.465 Y-15.259 E17.3622
G1 X-35.682 Y-15.36 E17.37371
G1 X-36.362 Y-15.587 E17.40819
G1 X-36.856 Y-15.649 E17.43214
G1 X-45.863 Y-15.652 E17.86535
G1 X-46.377 Y-15.69 E17.89014
G1 X-46.935 Y-15.814 E17.91763
G1 X-47.456 Y-16.077 E17.9457
G1 X-47.865 Y-16.369 E17.96987
G1 X-48.314 Y-16.89 E18.00295
G1 X-48.543 Y-17.317 E18.02625
G1 X-48.711 Y-17.847 E18.05299
G1 X-48.78 Y-18.436 E18.08151
G1 X-48.777 Y-29.556 E18.61634
G1 X-48.659 Y-30.233 E18.64939
G1 X-48.384 Y-30.853 E18.68201
G1 X-47.965 Y-31.391 E18.71481
G1 X-47.547 Y-31.734 E18.74082
G1 X-47.067 Y-31.99 E18.76698
G1 X-46.547 Y-32.148 E18.79312
G1 X-45.995 Y-32.203 E18.8198
G1 X-36.789 Y-32.215 E19.26258
G1 X-36.007 Y-32.366 E19.30089
G1 X-35.469 Y-32.593 E19.32897
G1 X-34.942 Y-32.951 E19.35961
G1 X-34.405 Y-33.522 E19.39731
G1 X-34.081 Y-34.071 E19.42797
G1 X-33.84 Y-34.817 E19.46568
G1 X-33.78 Y-35.427 E19.49516
G1 X-33.78 Y-41.143 E19.77008
G1 X-33.385 Y-41.202 F7800
G1 E17.77008 F2400
G92 E0
G1 X-33.266 Y-33.372 F7800
G1 E2 F2400
;TYPE:Solid infill
;WIDTH:0.447561
G1 F1200
G1 X-33.646 Y-32.78 E2.03362
;WIDTH:0.450017
G1 X-34.26 Y-32.141 E2.07624
;WIDTH:0.466495
G1 X-34.89 Y-31.716 E2.11435
G1 X-35.822 Y-31.323 E2.16508
;WIDTH:0.463701
G1 X-36.233 Y-31.222 E2.18616
;WIDTH:0.496491
G1 X-36.28 Y-31.195 E2.18908
;WIDTH:0.537419
G1 X-36.326 Y-31.167 E2.19226
;WIDTH:0.578348
G1 X-36.373 Y-31.139 E2.19577
;WIDTH:0.619276
G1 X-36.419 Y-31.112 E2.19946
;WIDTH:0.660205
G1 X-36.466 Y-31.084 E2.20353
G1 X-36.423 Y-31.033 E2.20849
;WIDTH:0.611461
G1 X-36.381 Y-30.982 E2.213
;WIDTH:0.562718
G1 X-36.339 Y-30.931 E2.21711
;WIDTH:0.513974
G1 X-36.297 Y-30.88 E2.22081
;WIDTH:0.465231
G1 X-35.848 Y-30.524 E2.24946
;WIDTH:0.461059
G1 X-35.547 Y-30.146 E2.27337
;WIDTH:0.452525
G1 X-35.331 Y-29.668 E2.29876
;WIDTH:0.451957
G1 X-35.225 Y-29.01 E2.33098
;WIDTH:0.442119
G1 X-35.224 Y-18.846 E2.80984
G1 X-35.296 Y-18.331 E2.83434
;WIDTH:0.422043
G1 X-35.427 Y-17.951 E2.85227
;WIDTH:0.444959
G1 X-35.705 Y-17.471 E2.8786
G1 X-36.026 Y-17.167 E2.89959
;WIDTH:0.453596
G1 X-36.193 Y-17.037 E2.90986
;WIDTH:0.489065
G1 X-36.36 Y-16.908 E2.92104
;WIDTH:0.53626
G1 X-36.388 Y-16.858 E2.92441
;WIDTH:0.583455
G1 X-36.415 Y-16.808 E2.92809
;WIDTH:0.630651
G1 X-36.443 Y-16.758 E2.93214
G1 X-36.357 Y-16.72 E2.93878
;WIDTH:0.582285
G1 X-36.27 Y-16.682 E2.94491
;WIDTH:0.53392
G1 X-36.184 Y-16.644 E2.95042
;WIDTH:0.485554
G1 X-36.097 Y-16.606 E2.95541
;WIDTH:0.449681
G1 X-35.54 Y-16.448 E2.98323
;WIDTH:0.453285
G1 X-34.921 Y-16.162 E3.01631
;WIDTH:0.469949
G1 X-34.212 Y-15.66 E3.06025
G1 X-33.593 Y-15.017 E3.1054
;WIDTH:0.450015
G1 X-33.368 Y-14.653 E3.12598
G1 E1.12598 F2400
G92 E0
G1 X-33.368 Y-14.653 F7800
G1 X-32.893 Y-8.307
G1 E2 F2400
;TYPE:Internal infill
;WIDTH:0.45
G1 F4800
G1 X-32.3 Y-7.713 E2.04037
G1 X-28.664 Y-7.713 E2.21525
G1 X-32.72 Y-11.769 E2.49113
G1 X-32.72 Y-12.435 E2.52316
G1 X-32.847 Y-13.465 E2.57307
G1 X-33.163 Y-14.313 E2.6166
G1 X-32.882 Y-14.594 E2.63571
G1 X-33.27 Y-15.235 E2.67175
G1 X-33.957 Y-15.964 E2.71993
G1 X-34.735 Y-16.503 E2.76545
G1 X-35.733 Y-16.908 E2.81725
G1 X-35.418 Y-17.201 E2.83794
G1 X-35.089 Y-17.774 E2.86972
G1 X-25.028 Y-7.713 E3.55406
G1 X-21.393 Y-7.713 E3.72889
G1 X-34.84 Y-21.161 E4.64357
G1 X-34.84 Y-24.796 E4.8184
G1 X-19.791 Y-9.747 E5.84202
G1 X-19.791 Y-13.383 E6.0169
G1 X-34.844 Y-28.436 E7.04079
G1 X-34.867 Y-29.338 E7.08419
G1 X-35.045 Y-30.03 E7.11856
G1 X-35.217 Y-30.352 E7.13612
G1 X-35.731 Y-30.94 E7.17368
G1 X-34.923 Y-31.251 E7.21532
G1 X-34.369 Y-31.596 E7.24671
G1 X-19.791 Y-17.018 E8.23829
G1 X-19.791 Y-20.654 E8.41317
G1 X-33.03 Y-33.893 E9.31367
G1 X-32.813 Y-34.54 E9.34649
G1 X-32.725 Y-35.308 E9.38367
G1 X-32.723 Y-37.222 E9.47573
G1 X-19.791 Y-24.289 E10.35538
G1 X-19.791 Y-27.925 E10.53026
G1 X-32.008 Y-40.142 E11.36125
G1 X-28.372 Y-40.142 E11.53613
G1 X-19.791 Y-31.561 E12.1198
G1 X-19.791 Y-35.196 E12.29463
G1 X-24.736 Y-40.142 E12.63102
G1 X-21.101 Y-40.142 E12.80585
G1 X-19.617 Y-38.659 E12.90676
;LAYER_CHANGE
;Z:20.15
;HEIGHT:0.299999
G1 Z20.15 F7800
G1 E10.90676 F2400
G92 E0
G1 X-19.617 Y-38.659 F7800
G1 X-46.061 Y-16.961
G1 E2 F2400
;TYPE:Perimeter
;WIDTH:0.55091
G1 F3600
G1 X-46.186 Y-16.977 E2.00765
;WIDTH:0.585331
G1 X-46.631 Y-17.163 E2.03899
;WIDTH:0.588401
G1 X-47.009 Y-17.465 E2.07061
G1 X-47.362 Y-17.976 E2.1112
;WIDTH:0.570976
G1 X-47.499 Y-18.526 E2.14701
;WIDTH:0.536592
G1 X-47.532 Y-18.84 E2.16561
;WIDTH:0.510886
G1 X-47.53 Y-29.06 E2.73477
;WIDTH:0.528274
G1 X-47.51 Y-29.304 E2.74894
;WIDTH:0.574031
G1 X-47.363 Y-29.88 E2.78673
;WIDTH:0.593014
G1 X-47.058 Y-30.331 E2.82263
G1 X-46.78 Y-30.588 E2.84759
;WIDTH:0.590146
G1 X-46.271 Y-30.853 E2.88522
;WIDTH:0.555568
G1 X-45.765 Y-30.944 E2.91672
;WIDTH:0.520262
G1 X-45.592 Y-30.954 E2.92657
;WIDTH:0.513208
G1 X-37.373 Y-30.954 E3.38667
;WIDTH:0.535862
G1 X-37.104 Y-30.929 E3.40256
G1 X-36.74 Y-30.766 E3.42601
;WIDTH:0.492931
G1 X-36.375 Y-30.604 E3.44735
;WIDTH:0.45
G1 X-36.029 Y-30.307 E3.46928
G1 X-35.809 Y-30.031 E3.48626
G1 X-35.593 Y-29.567 E3.51088
G1 X-35.509 Y-29.014 E3.53778
G1 X-35.509 Y-18.841 E4.02707
G1 X-35.559 Y-18.407 E4.04808
G1 X-35.827 Y-17.808 E4.07964
G1 X-36.04 Y-17.528 E4.09656
G1 X-36.487 Y-17.18 E4.12381
;WIDTH:0.480514
G1 X-36.843 Y-17.053 E4.14343
;WIDTH:0.511028
G1 X-37.199 Y-16.925 E4.16451
;WIDTH:0.512649
G1 X-37.418 Y-16.9 E4.17683
G1 X-45.592 Y-16.901 E4.63384
;WIDTH:0.55091
G1 X-46.001 Y-16.953 E4.65886
G1 X-46.001 Y-16.953 F7800
G1 X-45.956 Y-17.381
;WIDTH:0.45
G1 F3600
G1 X-46.074 Y-17.401 E4.66462
G1 X-46.37 Y-17.534 E4.68023
G1 X-46.691 Y-17.796 E4.70016
G1 X-46.975 Y-18.202 E4.72399
G1 X-47.102 Y-18.713 E4.74932
G1 X-47.116 Y-18.84 E4.75547
G1 X-47.115 Y-29.06 E5.24702
G1 X-47.098 Y-29.201 E5.25385
G1 X-46.963 Y-29.678 E5.27769
G1 X-46.669 Y-30.087 E5.30192
G1 X-46.226 Y-30.398 E5.32795
G1 X-45.705 Y-30.527 E5.35376
G1 X-45.592 Y-30.538 E5.35922
G1 X-37.373 Y-30.537 E5.75453
G1 X-36.859 Y-30.416 E5.77993
G1 X-36.596 Y-30.286 E5.79404
G1 X-36.165 Y-29.877 E5.82262
G1 X-35.959 Y-29.432 E5.84621
G1 X-35.895 Y-28.863 E5.87375
G1 X-35.895 Y-18.841 E6.35577
G1 X-35.978 Y-18.365 E6.37901
G1 X-36.24 Y-17.875 E6.40573
G1 X-36.659 Y-17.53 E6.43183
G1 X-36.888 Y-17.422 E6.44401
G1 X-37.418 Y-17.317 E6.47
G1 X-45.593 Y-17.317 E6.86319
G1 X-45.897 Y-17.37 E6.87803
G1 X-45.897 Y-17.37 F7800
G1 X-45.864 Y-17.749
;TYPE:External perimeter
G1 F1800
G1 X-45.935 Y-17.761 E6.88149
G1 X-46.291 Y-17.95 E6.90088
G1 X-46.601 Y-18.322 E6.92417
G1 X-46.73 Y-18.84 E6.94984
G1 X-46.723 Y-29.107 E7.44365
G1 X-46.602 Y-29.532 E7.4649
G1 X-46.33 Y-29.877 E7.48603
G1 X-45.99 Y-30.077 E7.505
G1 X-45.592 Y-30.153 E7.52449
G1 X-37.373 Y-30.151 E7.9198
G1 X-36.854 Y-29.999 E7.94581
G1 X-36.489 Y-29.668 E7.96951
G1 X-36.339 Y-29.366 E7.98573
G1 X-36.28 Y-28.863 E8.01009
G1 X-36.28 Y-18.841 E8.49211
G1 X-36.329 Y-18.526 E8.50744
G1 X-36.569 Y-18.089 E8.53142
G1 X-36.972 Y-17.798 E8.55533
G1 X-37.418 Y-17.703 E8.57726
G1 X-45.592 Y-17.703 E8.9704
G1 X-45.805 Y-17.739 E8.98079
G1 X-46.174 Y-17.894 F7800
G1 E6.98079 F2400
G92 E0
G1 X-33.009 Y-40.431 F7800
G1 E2 F2400
;TYPE:Perimeter
G1 F3600
G1 X-19.502 Y-40.431 E2.64964
G1 X-19.502 Y-33.599 E2.97824
G1 X-19.502 Y-7.424 E4.23717
G1 X-33.009 Y-7.424 E4.88681
G1 X-33.009 Y-12.429 E5.12753
G1 X-33.156 Y-13.489 E5.179
G1 X-33.437 Y-14.219 E5.21662
G1 X-33.855 Y-14.881 E5.25428
G1 X-34.414 Y-15.462 E5.29306
G1 X-35.185 Y-15.983 E5.33782
G1 X-35.727 Y-16.212 E5.36612
G1 X-36.296 Y-16.358 E5.39437
;WIDTH:0.458529
G1 X-36.856 Y-16.424 E5.42209
;WIDTH:0.485589
G1 X-37.137 Y-16.438 E5.43687
;WIDTH:0.512649
G1 X-37.418 Y-16.452 E5.4526
G1 X-45.592 Y-16.454 E5.90961
;WIDTH:0.515601
G1 X-45.742 Y-16.456 E5.91805
;WIDTH:0.557468
G1 X-46.345 Y-16.516 E5.95532
;WIDTH:0.58373
G1 X-46.83 Y-16.684 E5.98857
;WIDTH:0.591793
G1 X-47.188 Y-16.909 E6.01638
;WIDTH:0.596785
G1 X-47.582 Y-17.334 E6.05486
G1 X-47.814 Y-17.749 E6.08643
;WIDTH:0.570976
G1 X-47.934 Y-18.175 E6.11439
;WIDTH:0.557659
G1 X-47.979 Y-18.84 E6.1554
;WIDTH:0.510886
G1 X-47.976 Y-29.06 E6.72456
;WIDTH:0.509782
;WIDTH:0.535693
G1 X-47.944 Y-29.434 E6.74663
;WIDTH:0.561605
G1 X-47.913 Y-29.807 E6.76984
;WIDTH:0.588401
G1 X-47.73 Y-30.291 E6.80366
;WIDTH:0.593014
G1 X-47.487 Y-30.641 E6.83175
G1 X-47.131 Y-30.989 E6.86457
;WIDTH:0.592763
G1 X-46.633 Y-31.246 E6.9015
;WIDTH:0.565134
G1 X-46.221 Y-31.357 E6.92815
;WIDTH:0.546435
G1 X-45.592 Y-31.401 E6.96606
;WIDTH:0.513208
G1 X-37.373 Y-31.403 E7.42616
;WIDTH:0.535862
G1 X-37.041 Y-31.392 E7.44569
G1 X-36.858 Y-31.422 E7.4566
;WIDTH:0.492931
G1 X-36.675 Y-31.451 E7.4665
;WIDTH:0.45
G1 X-36.127 Y-31.533 E7.49315
G1 X-35.799 Y-31.634 E7.50966
G1 X-35.041 Y-31.952 E7.5492
G1 X-34.384 Y-32.419 E7.58797
G1 X-33.743 Y-33.125 E7.63383
G1 X-33.349 Y-33.829 E7.67263
G1 X-33.072 Y-34.741 E7.71847
G1 X-33.009 Y-35.427 E7.7516
G1 X-33.009 Y-40.371 E7.98939
G1 X-33.009 Y-40.371 F7800
G1 X-33.395 Y-40.817
G1 F3600
G1 X-19.116 Y-40.817 E8.67616
G1 X-19.116 Y-33.599 E9.02332
G1 X-19.116 Y-7.038 E10.30081
G1 X-33.395 Y-7.038 E10.98758
G1 X-33.395 Y-12.429 E11.24687
G1 X-33.519 Y-13.359 E11.292
G1 X-33.768 Y-14.021 E11.32602
G1 X-34.141 Y-14.622 E11.36004
G1 X-34.636 Y-15.147 E11.39474
G1 X-35.341 Y-15.631 E11.43587
G1 X-35.83 Y-15.84 E11.46145
G1 X-36.343 Y-15.976 E11.48698
G1 X-36.856 Y-16.035 E11.51182
G1 X-45.593 Y-16.038 E11.93204
G1 X-46.036 Y-16.044 E11.95335
G1 X-46.536 Y-16.11 E11.97761
G1 X-47.133 Y-16.329 E12.00819
G1 X-47.598 Y-16.65 E12.03537
G1 X-47.93 Y-17.035 E12.05982
G1 X-48.213 Y-17.548 E12.088
G1 X-48.338 Y-17.963 E12.10885
G1 X-48.395 Y-18.45 E12.13243
G1 X-48.391 Y-29.36 E12.65716
G1 X-48.334 Y-29.942 E12.68529
G1 X-48.146 Y-30.476 E12.71252
G1 X-47.86 Y-30.904 E12.73728
G1 X-47.48 Y-31.297 E12.76357
G1 X-47.032 Y-31.581 E12.78908
G1 X-46.536 Y-31.745 E12.81421
G1 X-45.976 Y-31.817 E12.84137
G1 X-36.772 Y-31.827 E13.28405
G1 X-36.184 Y-31.914 E13.31264
G1 X-35.938 Y-31.994 E13.32508
G1 X-35.255 Y-32.272 E13.36055
G1 X-34.663 Y-32.685 E13.39527
G1 X-34.074 Y-33.324 E13.43707
G1 X-33.715 Y-33.95 E13.47178
G1 X-33.456 Y-34.779 E13.51355
G1 X-33.395 Y-35.427 E13.54485
G1 X-33.395 Y-40.757 E13.8012
G1 X-33.395 Y-40.757 F7800
G1 X-33.78 Y-41.203
;TYPE:External perimeter
G1 F1800
G1 X-18.73 Y-41.203 E14.52505
G1 X-18.73 Y-33.599 E14.89078
G1 X-18.73 Y-6.653 E16.18679
G1 X-33.78 Y-6.653 E16.91064
G1 X-33.78 Y-12.429 E17.18845
G1 X-33.882 Y-13.229 E17.22724
G1 X-34.099 Y-13.823 E17.25766
G1 X-34.427 Y-14.363 E17.28805
G1 X-34.858 Y-14.832 E17.31869
G1 X-35.465 Y-15.259 E17.35438
G1 X-35.906 Y-15.459 E17.37767
G1 X-36.362 Y-15.587 E17.40045
G1 X-36.856 Y-15.649 E17.4244
G1 X-45.742 Y-15.652 E17.85179
G1 X-46.378 Y-15.69 E17.88243
G1 X-46.831 Y-15.801 E17.90486
G1 X-47.323 Y-15.994 E17.93028
G1 X-47.865 Y-16.369 E17.96198
G1 X-48.311 Y-16.886 E17.99482
G1 X-48.564 Y-17.388 E18.02186
G1 X-48.727 Y-17.933 E18.04922
G1 X-48.78 Y-18.436 E18.07355
G1 X-48.769 Y-29.625 E18.6117
G1 X-48.639 Y-30.285 E18.64405
G1 X-48.454 Y-30.731 E18.66727
G1 X-48.059 Y-31.292 E18.70027
G1 X-47.658 Y-31.656 E18.72632
G1 X-47.193 Y-31.934 E18.75238
G1 X-46.544 Y-32.149 E18.78526
G1 X-45.995 Y-32.203 E18.81179
G1 X-36.828 Y-32.208 E19.25269
G1 X-36.24 Y-32.295 E19.28128
G1 X-36.077 Y-32.354 E19.28962
G1 X-35.469 Y-32.593 E19.32104
G1 X-34.942 Y-32.951 E19.35168
G1 X-34.405 Y-33.522 E19.38938
G1 X-34.081 Y-34.071 E19.42004
G1 X-33.84 Y-34.817 E19.45775
G1 X-33.78 Y-35.427 E19.48723
G1 X-33.78 Y-41.143 E19.76215
G1 X-33.385 Y-41.202 F7800
G1 E17.76215 F2400
G92 E0
G1 X-19.617 Y-38.659 F7800
G1 E2 F2400
;TYPE:Internal infill
;WIDTH:0.45
G1 F4800
G1 X-21.101 Y-40.142 E2.10091
G1 X-24.736 Y-40.142 E2.27574
G1 X-19.791 Y-35.196 E2.61213
G1 X-19.791 Y-31.561 E2.78696
G1 X-28.372 Y-40.142 E3.37063
G1 X-32.008 Y-40.142 E3.54551
G1 X-19.791 Y-27.925 E4.3765
G1 X-19.791 Y-24.289 E4.55138
G1 X-32.723 Y-37.222 E5.43103
G1 X-32.725 Y-35.308 E5.52309
G1 X-32.813 Y-34.541 E5.56022
G1 X-33.03 Y-33.893 E5.59309
G1 X-32.986 Y-33.849 E5.59608
G1 X-32.331 Y-34.032 E5.62879
G1 X-31.5 Y-33.202 E5.68528
G1 X-31.846 Y-32.709 E5.71425
G1 X-19.791 Y-20.654 E6.53422
G1 X-19.791 Y-17.018 E6.7091
G1 X-31.755 Y-28.982 E7.52288
G1 X-32.909 Y-27.339 E7.61945
G1 X-31.318 Y-25.748 E7.72767
G1 X-31.663 Y-25.255 E7.75661
G1 X-19.791 Y-13.383 E8.56413
G1 X-19.791 Y-9.747 E8.73901
G1 X-31.572 Y-21.528 E9.54034
G1 X-32.726 Y-19.885 E9.63691
G1 X-31.453 Y-18.612 E9.7235
G1 X-31.799 Y-18.119 E9.75247
G1 X-21.393 Y-7.713 E10.46027
G1 X-25.028 Y-7.713 E10.6351
G1 X-32.602 Y-15.287 E11.15027
G1 X-32.963 Y-14.513 E11.19135
G1 X-33.163 Y-14.313 E11.20495
G1 X-32.847 Y-13.465 E11.24848
G1 X-32.72 Y-12.435 E11.29839
G1 X-32.72 Y-11.769 E11.33042
G1 X-28.664 Y-7.713 E11.6063
G1 X-32.3 Y-7.713 E11.78118
G1 X-32.893 Y-8.307 E11.82155
G1 E9.82155 F2400
G92 E0
G1 X-32.893 Y-8.307 F7800
G1 X-33.512 Y-14.561
G1 E2 F2400
;TYPE:Bridge infill
;WIDTH:0.408408
;HEIGHT:0.4
G1 F3600
G1 X-33.305 Y-14.768 E2.01594
G1 X-32.838 Y-15.77 E2.07615
G1 X-32.894 Y-15.827 E2.0805
G1 X-33.622 Y-15.099 E2.13657
G1 X-33.929 Y-15.44 E2.16156
G1 X-33.218 Y-16.151 E2.21632
G1 X-33.496 Y-16.429 E2.23773
G1 X-33.278 Y-16.739 E2.25837
G1 X-34.267 Y-15.75 E2.33455
G1 X-34.647 Y-16.019 E2.35991
G1 X-32.049 Y-18.617 E2.56002
G1 X-32.373 Y-18.941 E2.58498
G1 X-35.052 Y-16.262 E2.79133
G1 X-35.494 Y-16.468 E2.81789
G1 X-32.697 Y-19.265 E3.03333
G1 X-33.021 Y-19.589 E3.05829
G1 X-35.993 Y-16.617 E3.28721
G1 X-36.545 Y-16.714 E3.31773
G1 X-32.911 Y-20.348 E3.59764
G1 X-31.77 Y-21.973 E3.70578
G1 X-31.852 Y-22.055 E3.7121
G1 X-35.203 Y-18.705 E3.97017
G1 X-35.188 Y-19.367 E4.00623
G1 X-32.176 Y-22.379 E4.23823
G1 X-32.5 Y-22.704 E4.26322
G1 X-35.189 Y-20.015 E4.47034
G1 X-35.19 Y-20.662 E4.50558
G1 X-32.824 Y-23.028 E4.68782
G1 X-33.148 Y-23.352 E4.71278
G1 X-35.19 Y-21.31 E4.87006
G1 X-35.191 Y-21.958 E4.90535
G1 X-32.835 Y-24.314 E5.08682
G1 X-31.861 Y-25.7 E5.17908
G1 X-31.979 Y-25.818 E5.18817
G1 X-35.192 Y-22.605 E5.43565
G1 X-35.192 Y-23.253 E5.47094
G1 X-32.303 Y-26.142 E5.69346
G1 X-32.627 Y-26.466 E5.71842
G1 X-35.193 Y-23.901 E5.91603
G1 X-35.194 Y-24.548 E5.95127
G1 X-32.951 Y-26.79 E6.124
G1 X-33.275 Y-27.115 E6.14899
G1 X-35.194 Y-25.196 E6.2968
G1 X-35.195 Y-25.843 E6.33204
G1 X-32.758 Y-28.28 E6.51975
G1 X-31.953 Y-29.427 E6.59607
G1 X-32.106 Y-29.581 E6.60789
G1 X-35.195 Y-26.491 E6.84586
G1 X-35.196 Y-27.139 E6.88115
G1 X-32.43 Y-29.905 E7.0942
G1 X-32.754 Y-30.229 E7.11916
G1 X-35.197 Y-27.786 E7.30733
G1 X-35.197 Y-28.434 E7.34262
G1 X-33.078 Y-30.553 E7.50583
G1 X-33.402 Y-30.877 E7.53079
G1 X-35.198 Y-29.082 E7.66909
G1 X-35.198 Y-29.181 E7.67448
G1 X-35.282 Y-29.646 E7.70022
G1 X-32.681 Y-32.247 E7.90056
G1 X-32.044 Y-33.154 E7.96093
G1 X-32.233 Y-33.343 E7.97549
G1 X-35.481 Y-30.096 E8.22563
G1 X-35.563 Y-30.25 E8.23513
G1 X-35.752 Y-30.473 E8.25105
G1 X-32.741 Y-33.483 E8.48293
G1 X-33.243 Y-33.342 E8.51133
G1 X-33.471 Y-32.954 E8.53584
G1 X-33.634 Y-32.739 E8.55053
G1 X-34.218 Y-32.131 E8.59645
G1 X-34.866 Y-31.682 E8.63939
G1 X-35.047 Y-31.581 E8.65068
G1 X-35.446 Y-31.426 E8.67399
G1 X-36.09 Y-30.783 E8.72356
G1 X-36.184 Y-30.863 E8.73028
G1 X-36.498 Y-31.023 E8.74947
G1 X-36.104 Y-31.417 E8.77982
;LAYER_CHANGE
;Z:20.45
;HEIGHT:0.300001
G1 Z20.45 F7800
G1 E6.77982 F2400
G92 E0
G1 X-36.104 Y-31.417 F7800
G1 X-33.009 Y-40.431
G1 E2 F2400
;TYPE:Perimeter
;WIDTH:0.45
G1 F3600
G1 X-19.502 Y-40.431 E2.64964
G1 X-19.502 Y-33.678 E2.97444
G1 X-19.502 Y-7.424 E4.23717
G1 X-33.009 Y-7.424 E4.88681
G1 X-33.009 Y-40.371 E6.47145
G1 X-33.009 Y-40.371 F7800
G1 X-33.395 Y-40.817
G1 F3600
G1 X-19.116 Y-40.817 E7.15822
G1 X-19.116 Y-33.678 E7.50158
G1 X-19.116 Y-7.038 E8.78287
G1 X-33.395 Y-7.038 E9.46964
G1 X-33.395 Y-40.757 E11.09141
G1 X-33.395 Y-40.757 F7800
G1 X-33.78 Y-41.203
;TYPE:External perimeter
G1 F1800
G1 X-18.73 Y-41.203 E11.81526
G1 X-18.73 Y-33.678 E12.17719
G1 X-18.73 Y-6.653 E13.477
G1 X-33.78 Y-6.653 E14.20085
G1 X-33.78 Y-41.143 E15.8597
G1 X-33.385 Y-41.202 F7800
G1 E13.8597 F2400
G92 E0
G1 X-19.617 Y-38.659 F7800
G1 E2 F2400
;TYPE:Internal infill
;WIDTH:0.45
G1 F3932
G1 X-21.101 Y-40.142 E2.10091
G1 X-24.736 Y-40.142 E2.27574
G1 X-19.791 Y-35.196 E2.61213
G1 X-19.791 Y-31.561 E2.78696
G1 X-28.372 Y-40.142 E3.37063
G1 X-32.008 Y-40.142 E3.54551
G1 X-19.791 Y-27.925 E4.3765
G1 X-19.791 Y-24.289 E4.55138
G1 X-32.72 Y-37.219 E5.43083
G1 X-32.72 Y-33.583 E5.60571
G1 X-19.791 Y-20.654 E6.48513
G1 X-19.791 Y-17.018 E6.66001
G1 X-32.72 Y-29.947 E7.53943
G1 X-32.72 Y-26.312 E7.71426
G1 X-19.791 Y-13.383 E8.59368
G1 X-19.791 Y-9.747 E8.76856
G1 X-32.72 Y-22.676 E9.64798
G1 X-32.72 Y-19.04 E9.82286
G1 X-21.393 Y-7.713 E10.59331
G1 X-25.028 Y-7.713 E10.76814
G1 X-32.72 Y-15.405 E11.29134
G1 X-32.72 Y-11.769 E11.46622
G1 X-28.664 Y-7.713 E11.7421
G1 X-32.3 Y-7.713 E11.91698
G1 X-32.893 Y-8.307 E11.95735
;LAYER_CHANGE
;Z:20.75
;HEIGHT:0.299999
G1 Z20.75 F7800
G1 E9.95735 F2400
G92 E0
G1 X-32.893 Y-8.307 F7800
G1 X-33.009 Y-40.431
G1 E2 F2400
;TYPE:Perimeter
;WIDTH:0.45
G1 F3600
G1 X-19.502 Y-40.431 E2.64964
G1 X-19.502 Y-33.678 E2.97444
G1 X-19.502 Y-7.424 E4.23717
G1 X-33.009 Y-7.424 E4.88681
G1 X-33.009 Y-40.371 E6.47145
G1 X-33.009 Y-40.371 F7800
G1 X-33.395 Y-40.817
G1 F3600
G1 X-19.116 Y-40.817 E7.15822
G1 X-19.116 Y-33.678 E7.50158
G1 X-19.116 Y-7.038 E8.78287
G1 X-33.395 Y-7.038 E9.46964
G1 X-33.395 Y-40.757 E11.09141
G1 X-33.395 Y-40.757 F7800
G1 X-33.78 Y-41.203
;TYPE:External perimeter
G1 F1800
G1 X-18.73 Y-41.203 E11.81526
G1 X-18.73 Y-33.678 E12.17719
G1 X-18.73 Y-6.653 E13.477
G1 X-33.78 Y-6.653 E14.20085
G1 X-33.78 Y-41.143 E15.8597
G1 X-33.385 Y-41.202 F7800
G1 E13.8597 F2400
G92 E0
G1 X-19.617 Y-38.659 F7800
G1 E2 F2400
;TYPE:Internal infill
;WIDTH:0.45
G1 F4160
G1 X-21.101 Y-40.142 E2.10091
G1 X-24.736 Y-40.142 E2.27574
G1 X-19.791 Y-35.196 E2.61213
G1 X-19.791 Y-31.561 E2.78696
G1 X-28.372 Y-40.142 E3.37063
G1 X-32.008 Y-40.142 E3.54551
G1 X-19.791 Y-27.925 E4.3765
G1 X-19.791 Y-24.289 E4.55138
G1 X-32.72 Y-37.219 E5.43083
G1 X-32.72 Y-33.583 E5.60571
G1 X-19.791 Y-20.654 E6.48513
G1 X-19.791 Y-17.018 E6.66001
G1 X-32.72 Y-29.947 E7.53943
G1 X-32.72 Y-26.312 E7.71426
G1 X-19.791 Y-13.383 E8.59368
G1 X-19.791 Y-9.747 E8.76856
G1 X-32.72 Y-22.676 E9.64798
G1 X-32.72 Y-19.04 E9.82286
G1 X-21.393 Y-7.713 E10.59331
G1 X-25.028 Y-7.713 E10.76814
G1 X-32.72 Y-15.405 E11.29134
G1 X-32.72 Y-11.769 E11.46622
G1 X-28.664 Y-7.713 E11.7421
G1 X-32.3 Y-7.713 E11.91698
G1 X-32.893 Y-8.307 E11.95735
;LAYER_CHANGE
;Z:21.05
;HEIGHT:0.299999
G1 Z21.05 F7800
G1 E9.95735 F2400
G92 E0
G1 X-32.893 Y-8.307 F7800
G1 X-33.009 Y-40.431
G1 E2 F2400
;TYPE:Perimeter
;WIDTH:0.45
G1 F3600
G1 X-19.502 Y-40.431 E2.64964
G1 X-19.502 Y-33.678 E2.97444
G1 X-19.502 Y-7.424 E4.23717
G1 X-33.009 Y-7.424 E4.88681
G1 X-33.009 Y-40.371 E6.47145
G1 X-33.009 Y-40.371 F7800
G1 X-33.395 Y-40.817
G1 F3600
G1 X-19.116 Y-40.817 E7.15822
G1 X-19.116 Y-33.678 E7.50158
G1 X-19.116 Y-7.038 E8.78287
G1 X-33.395 Y-7.038 E9.46964
G1 X-33.395 Y-40.757 E11.09141
G1 X-33.395 Y-40.757 F7800
G1 X-33.78 Y-41.203
;TYPE:External perimeter
G1 F1800
G1 X-18.73 Y-41.203 E11.81526
G1 X-18.73 Y-33.678 E12.17719
G1 X-18.73 Y-6.653 E13.477
G1 X-33.78 Y-6.653 E14.20085
G1 X-33.78 Y-41.143 E15.8597
G1 X-33.385 Y-41.202 F7800
G1 E13.8597 F2400
G92 E0
G1 X-19.617 Y-38.659 F7800
G1 E2 F2400
;TYPE:Internal infill
;WIDTH:0.45
G1 F4160
G1 X-21.101 Y-40.142 E2.10091
G1 X-24.736 Y-40.142 E2.27574
G1 X-19.791 Y-35.196 E2.61213
G1 X-19.791 Y-31.561 E2.78696
G1 X-28.372 Y-40.142 E3.37063
G1 X-32.008 Y-40.142 E3.54551
G1 X-19.791 Y-27.925 E4.3765
G1 X-19.791 Y-24.289 E4.55138
G1 X-32.72 Y-37.219 E5.43083
G1 X-32.72 Y-33.583 E5.60571
G1 X-19.791 Y-20.654 E6.48513
G1 X-19.791 Y-17.018 E6.66001
G1 X-32.72 Y-29.947 E7.53943
G1 X-32.72 Y-26.312 E7.71426
G1 X-19.791 Y-13.383 E8.59368
G1 X-19.791 Y-9.747 E8.76856
G1 X-32.72 Y-22.676 E9.64798
G1 X-32.72 Y-19.04 E9.82286
G1 X-21.393 Y-7.713 E10.59331
G1 X-25.028 Y-7.713 E10.76814
G1 X-32.72 Y-15.405 E11.29134
G1 X-32.72 Y-11.769 E11.46622
G1 X-28.664 Y-7.713 E11.7421
G1 X-32.3 Y-7.713 E11.91698
G1 X-32.893 Y-8.307 E11.95735
;LAYER_CHANGE
;Z:21.35
;HEIGHT:0.300001
G1 Z21.35 F7800
G1 E9.95735 F2400
G92 E0
G1 X-32.893 Y-8.307 F7800
G1 X-33.009 Y-40.431
G1 E2 F2400
;TYPE:Perimeter
;WIDTH:0.45
G1 F3600
G1 X-19.502 Y-40.431 E2.64964
G1 X-19.502 Y-33.678 E2.97444
G1 X-19.502 Y-7.424 E4.23717
G1 X-33.009 Y-7.424 E4.88681
G1 X-33.009 Y-40.371 E6.47145
G1 X-33.009 Y-40.371 F7800
G1 X-33.395 Y-40.817
G1 F3600
G1 X-19.116 Y-40.817 E7.15822
G1 X-19.116 Y-33.678 E7.50158
G1 X-19.116 Y-7.038 E8.78287
G1 X-33.395 Y-7.038 E9.46964
G1 X-33.395 Y-40.757 E11.09141
G1 X-33.395 Y-40.757 F7800
G1 X-33.78 Y-41.203
;TYPE:External perimeter
G1 F1800
G1 X-18.73 Y-41.203 E11.81526
G1 X-18.73 Y-33.678 E12.17719
G1 X-18.73 Y-6.653 E13.477
G1 X-33.78 Y-6.653 E14.20085
G1 X-33.78 Y-41.143 E15.8597
G1 X-33.385 Y-41.202 F7800
G1 E13.8597 F2400
G92 E0
G1 X-19.617 Y-38.659 F7800
G1 E2 F2400
;TYPE:Internal infill
;WIDTH:0.45
G1 F4160
G1 X-21.101 Y-40.142 E2.10091
G1 X-24.736 Y-40.142 E2.27574
G1 X-19.791 Y-35.196 E2.61213
G1 X-19.791 Y-31.561 E2.78696
G1 X-28.372 Y-40.142 E3.37063
G1 X-32.008 Y-40.142 E3.54551
G1 X-19.791 Y-27.925 E4.3765
G1 X-19.791 Y-24.289 E4.55138
G1 X-32.72 Y-37.219 E5.43083
G1 X-32.72 Y-33.583 E5.60571
G1 X-19.791 Y-20.654 E6.48513
G1 X-19.791 Y-17.018 E6.66001
G1 X-32.72 Y-29.947 E7.53943
G1 X-32.72 Y-26.312 E7.71426
G1 X-19.791 Y-13.383 E8.59368
G1 X-19.791 Y-9.747 E8.76856
G1 X-32.72 Y-22.676 E9.64798
G1 X-32.72 Y-19.04 E9.82286
G1 X-21.393 Y-7.713 E10.59331
G1 X-25.028 Y-7.713 E10.76814
G1 X-32.72 Y-15.405 E11.29134
G1 X-32.72 Y-11.769 E11.46622
G1 X-28.664 Y-7.713 E11.7421
G1 X-32.3 Y-7.713 E11.91698
G1 X-32.893 Y-8.307 E11.95735
;LAYER_CHANGE
;Z:21.65
;HEIGHT:0.299999
G1 Z21.65 F7800
G1 E9.95735 F2400
G92 E0
G1 X-32.893 Y-8.307 F7800
G1 X-33.009 Y-40.431
G1 E2 F2400
;TYPE:Perimeter
;WIDTH:0.45
G1 F3600
G1 X-19.502 Y-40.431 E2.64964
G1 X-19.502 Y-33.678 E2.97444
G1 X-19.502 Y-7.424 E4.23717
G1 X-33.009 Y-7.424 E4.88681
G1 X-33.009 Y-40.371 E6.47145
G1 X-33.009 Y-40.371 F7800
G1 X-33.395 Y-40.817
G1 F3600
G1 X-19.116 Y-40.817 E7.15822
G1 X-19.116 Y-33.678 E7.50158
G1 X-19.116 Y-7.038 E8.78287
G1 X-33.395 Y-7.038 E9.46964
G1 X-33.395 Y-40.757 E11.09141
G1 X-33.395 Y-40.757 F7800
G1 X-33.78 Y-41.203
;TYPE:External perimeter
G1 F1800
G1 X-18.73 Y-41.203 E11.81526
G1 X-18.73 Y-33.678 E12.17719
G1 X-18.73 Y-6.653 E13.477
G1 X-33.78 Y-6.653 E14.20085
G1 X-33.78 Y-41.143 E15.8597
G1 X-33.385 Y-41.202 F7800
G1 E13.8597 F2400
G92 E0
G1 X-19.617 Y-38.659 F7800
G1 E2 F2400
;TYPE:Internal infill
;WIDTH:0.45
G1 F4160
G1 X-21.101 Y-40.142 E2.10091
G1 X-24.736 Y-40.142 E2.27574
G1 X-19.791 Y-35.196 E2.61213
G1 X-19.791 Y-31.561 E2.78696
G1 X-28.372 Y-40.142 E3.37063
G1 X-32.008 Y-40.142 E3.54551
G1 X-19.791 Y-27.925 E4.3765
G1 X-19.791 Y-24.289 E4.55138
G1 X-32.72 Y-37.219 E5.43083
G1 X-32.72 Y-33.583 E5.60571
G1 X-19.791 Y-20.654 E6.48513
G1 X-19.791 Y-17.018 E6.66001
G1 X-32.72 Y-29.947 E7.53943
G1 X-32.72 Y-26.312 E7.71426
G1 X-19.791 Y-13.383 E8.59368
G1 X-19.791 Y-9.747 E8.76856
G1 X-32.72 Y-22.676 E9.64798
G1 X-32.72 Y-19.04 E9.82286
G1 X-21.393 Y-7.713 E10.59331
G1 X-25.028 Y-7.713 E10.76814
G1 X-32.72 Y-15.405 E11.29134
G1 X-32.72 Y-11.769 E11.46622
G1 X-28.664 Y-7.713 E11.7421
G1 X-32.3 Y-7.713 E11.91698
G1 X-32.893 Y-8.307 E11.95735
;LAYER_CHANGE
;Z:21.95
;HEIGHT:0.300001
G1 Z21.95 F7800
G1 E9.95735 F2400
G92 E0
G1 X-32.893 Y-8.307 F7800
G1 X-33.009 Y-40.431
G1 E2 F2400
;TYPE:Perimeter
;WIDTH:0.45
G1 F3600
G1 X-19.502 Y-40.431 E2.64964
G1 X-19.502 Y-33.678 E2.97444
G1 X-19.502 Y-7.424 E4.23717
G1 X-33.009 Y-7.424 E4.88681
G1 X-33.009 Y-40.371 E6.47145
G1 X-33.009 Y-40.371 F7800
G1 X-33.395 Y-40.817
G1 F3600
G1 X-19.116 Y-40.817 E7.15822
G1 X-19.116 Y-33.678 E7.50158
G1 X-19.116 Y-7.038 E8.78287
G1 X-33.395 Y-7.038 E9.46964
G1 X-33.395 Y-40.757 E11.09141
G1 X-33.395 Y-40.757 F7800
G1 X-33.78 Y-41.203
;TYPE:External perimeter
G1 F1800
G1 X-18.73 Y-41.203 E11.81526
G1 X-18.73 Y-33.678 E12.17719
G1 X-18.73 Y-6.653 E13.477
G1 X-33.78 Y-6.653 E14.20085
G1 X-33.78 Y-41.143 E15.8597
G1 X-33.385 Y-41.202 F7800
G1 E13.8597 F2400
G92 E0
G1 X-19.617 Y-38.659 F7800
G1 E2 F2400
;TYPE:Internal infill
;WIDTH:0.45
G1 F4160
G1 X-21.101 Y-40.142 E2.10091
G1 X-24.736 Y-40.142 E2.27574
G1 X-19.791 Y-35.196 E2.61213
G1 X-19.791 Y-31.561 E2.78696
G1 X-28.372 Y-40.142 E3.37063
G1 X-32.008 Y-40.142 E3.54551
G1 X-19.791 Y-27.925 E4.3765
G1 X-19.791 Y-24.289 E4.55138
G1 X-32.72 Y-37.219 E5.43083
G1 X-32.72 Y-33.583 E5.60571
G1 X-19.791 Y-20.654 E6.48513
G1 X-19.791 Y-17.018 E6.66001
G1 X-32.72 Y-29.947 E7.53943
G1 X-32.72 Y-26.312 E7.71426
G1 X-19.791 Y-13.383 E8.59368
G1 X-19.791 Y-9.747 E8.76856
G1 X-32.72 Y-22.676 E9.64798
G1 X-32.72 Y-19.04 E9.82286
G1 X-21.393 Y-7.713 E10.59331
G1 X-25.028 Y-7.713 E10.76814
G1 X-32.72 Y-15.405 E11.29134
G1 X-32.72 Y-11.769 E11.46622
G1 X-28.664 Y-7.713 E11.7421
G1 X-32.3 Y-7.713 E11.91698
G1 X-32.893 Y-8.307 E11.95735
;LAYER_CHANGE
;Z:22.25
;HEIGHT:0.299999
G1 Z22.25 F7800
G1 E9.95735 F2400
G92 E0
G1 X-32.893 Y-8.307 F7800
G1 X-33.009 Y-40.431
G1 E2 F2400
;TYPE:Perimeter
;WIDTH:0.45
G1 F3600
G1 X-19.502 Y-40.431 E2.64964
G1 X-19.502 Y-33.678 E2.97444
G1 X-19.502 Y-7.424 E4.23717
G1 X-33.009 Y-7.424 E4.88681
G1 X-33.009 Y-40.371 E6.47145
G1 X-33.009 Y-40.371 F7800
G1 X-33.395 Y-40.817
G1 F3600
G1 X-19.116 Y-40.817 E7.15822
G1 X-19.116 Y-33.678 E7.50158
G1 X-19.116 Y-7.038 E8.78287
G1 X-33.395 Y-7.038 E9.46964
G1 X-33.395 Y-40.757 E11.09141
G1 X-33.395 Y-40.757 F7800
G1 X-33.78 Y-41.203
;TYPE:External perimeter
G1 F1800
G1 X-18.73 Y-41.203 E11.81526
G1 X-18.73 Y-33.678 E12.17719
G1 X-18.73 Y-6.653 E13.477
G1 X-33.78 Y-6.653 E14.20085
G1 X-33.78 Y-41.143 E15.8597
G1 X-33.385 Y-41.202 F7800
G1 E13.8597 F2400
G92 E0
G1 X-19.617 Y-38.659 F7800
G1 E2 F2400
;TYPE:Internal infill
;WIDTH:0.45
G1 F4160
G1 X-21.101 Y-40.142 E2.10091
G1 X-24.736 Y-40.142 E2.27574
G1 X-19.791 Y-35.196 E2.61213
G1 X-19.791 Y-31.561 E2.78696
G1 X-28.372 Y-40.142 E3.37063
G1 X-32.008 Y-40.142 E3.54551
G1 X-19.791 Y-27.925 E4.3765
G1 X-19.791 Y-24.289 E4.55138
G1 X-32.72 Y-37.219 E5.43083
G1 X-32.72 Y-33.583 E5.60571
G1 X-19.791 Y-20.654 E6.48513
G1 X-19.791 Y-17.018 E6.66001
G1 X-32.72 Y-29.947 E7.53943
G1 X-32.72 Y-26.312 E7.71426
G1 X-19.791 Y-13.383 E8.59368
G1 X-19.791 Y-9.747 E8.76856
G1 X-32.72 Y-22.676 E9.64798
G1 X-32.72 Y-19.04 E9.82286
G1 X-21.393 Y-7.713 E10.59331
G1 X-25.028 Y-7.713 E10.76814
G1 X-32.72 Y-15.405 E11.29134
G1 X-32.72 Y-11.769 E11.46622
G1 X-28.664 Y-7.713 E11.7421
G1 X-32.3 Y-7.713 E11.91698
G1 X-32.893 Y-8.307 E11.95735
;LAYER_CHANGE
;Z:22.55
;HEIGHT:0.299999
G1 Z22.55 F7800
G1 E9.95735 F2400
G92 E0
G1 X-32.893 Y-8.307 F7800
G1 X-33.009 Y-40.431
G1 E2 F2400
;TYPE:Perimeter
;WIDTH:0.45
G1 F3600
G1 X-19.502 Y-40.431 E2.64964
G1 X-19.502 Y-33.678 E2.97444
G1 X-19.502 Y-7.424 E4.23717
G1 X-33.009 Y-7.424 E4.88681
G1 X-33.009 Y-40.371 E6.47145
G1 X-33.009 Y-40.371 F7800
G1 X-33.395 Y-40.817
G1 F3600
G1 X-19.116 Y-40.817 E7.15822
G1 X-19.116 Y-33.678 E7.50158
G1 X-19.116 Y-7.038 E8.78287
G1 X-33.395 Y-7.038 E9.46964
G1 X-33.395 Y-40.757 E11.09141
G1 X-33.395 Y-40.757 F7800
G1 X-33.78 Y-41.203
;TYPE:External perimeter
G1 F1800
G1 X-18.73 Y-41.203 E11.81526
G1 X-18.73 Y-33.678 E12.17719
G1 X-18.73 Y-6.653 E13.477
G1 X-33.78 Y-6.653 E14.20085
G1 X-33.78 Y-41.143 E15.8597
G1 X-33.385 Y-41.202 F7800
G1 E13.8597 F2400
G92 E0
G1 X-19.617 Y-38.659 F7800
G1 E2 F2400
;TYPE:Internal infill
;WIDTH:0.45
G1 F4160
G1 X-21.101 Y-40.142 E2.10091
G1 X-24.736 Y-40.142 E2.27574
G1 X-19.791 Y-35.196 E2.61213
G1 X-19.791 Y-31.561 E2.78696
G1 X-28.372 Y-40.142 E3.37063
G1 X-32.008 Y-40.142 E3.54551
G1 X-19.791 Y-27.925 E4.3765
G1 X-19.791 Y-24.289 E4.55138
G1 X-32.72 Y-37.219 E5.43083
G1 X-32.72 Y-33.583 E5.60571
G1 X-19.791 Y-20.654 E6.48513
G1 X-19.791 Y-17.018 E6.66001
G1 X-32.72 Y-29.947 E7.53943
G1 X-32.72 Y-26.312 E7.71426
G1 X-19.791 Y-13.383 E8.59368
G1 X-19.791 Y-9.747 E8.76856
G1 X-32.72 Y-22.676 E9.64798
G1 X-32.72 Y-19.04 E9.82286
G1 X-21.393 Y-7.713 E10.59331
G1 X-25.028 Y-7.713 E10.76814
G1 X-32.72 Y-15.405 E11.29134
G1 X-32.72 Y-11.769 E11.46622
G1 X-28.664 Y-7.713 E11.7421
G1 X-32.3 Y-7.713 E11.91698
G1 X-32.893 Y-8.307 E11.95735
;LAYER_CHANGE
;Z:22.85
;HEIGHT:0.300001
G1 Z22.85 F7800
G1 E9.95735 F2400
G92 E0
G1 X-32.893 Y-8.307 F7800
G1 X-33.009 Y-40.431
G1 E2 F2400
;TYPE:Perimeter
;WIDTH:0.45
G1 F3600
G1 X-19.502 Y-40.431 E2.64964
G1 X-19.502 Y-33.678 E2.97444
G1 X-19.502 Y-7.424 E4.23717
G1 X-33.009 Y-7.424 E4.88681
G1 X-33.009 Y-40.371 E6.47145
G1 X-33.009 Y-40.371 F7800
G1 X-33.395 Y-40.817
G1 F3600
G1 X-19.116 Y-40.817 E7.15822
G1 X-19.116 Y-33.678 E7.50158
G1 X-19.116 Y-7.038 E8.78287
G1 X-33.395 Y-7.038 E9.46964
G1 X-33.395 Y-40.757 E11.09141
G1 X-33.395 Y-40.757 F7800
G1 X-33.78 Y-41.203
;TYPE:External perimeter
G1 F1800
G1 X-18.73 Y-41.203 E11.81526
G1 X-18.73 Y-33.678 E12.17719
G1 X-18.73 Y-6.653 E13.477
G1 X-33.78 Y-6.653 E14.20085
G1 X-33.78 Y-41.143 E15.8597
G1 X-33.385 Y-41.202 F7800
G1 E13.8597 F2400
G92 E0
G1 X-19.617 Y-38.659 F7800
G1 E2 F2400
;TYPE:Internal infill
;WIDTH:0.45
G1 F4160
G1 X-21.101 Y-40.142 E2.10091
G1 X-24.736 Y-40.142 E2.27574
G1 X-19.791 Y-35.196 E2.61213
G1 X-19.791 Y-31.561 E2.78696
G1 X-28.372 Y-40.142 E3.37063
G1 X-32.008 Y-40.142 E3.54551
G1 X-19.791 Y-27.925 E4.3765
G1 X-19.791 Y-24.289 E4.55138
G1 X-32.72 Y-37.219 E5.43083
G1 X-32.72 Y-33.583 E5.60571
G1 X-19.791 Y-20.654 E6.48513
G1 X-19.791 Y-17.018 E6.66001
G1 X-32.72 Y-29.947 E7.53943
G1 X-32.72 Y-26.312 E7.71426
G1 X-19.791 Y-13.383 E8.59368
G1 X-19.791 Y-9.747 E8.76856
G1 X-32.72 Y-22.676 E9.64798
G1 X-32.72 Y-19.04 E9.82286
G1 X-21.393 Y-7.713 E10.59331
G1 X-25.028 Y-7.713 E10.76814
G1 X-32.72 Y-15.405 E11.29134
G1 X-32.72 Y-11.769 E11.46622
G1 X-28.664 Y-7.713 E11.7421
G1 X-32.3 Y-7.713 E11.91698
G1 X-32.893 Y-8.307 E11.95735
;LAYER_CHANGE
;Z:23.15
;HEIGHT:0.299999
G1 Z23.15 F7800
G1 E9.95735 F2400
G92 E0
G1 X-32.893 Y-8.307 F7800
G1 X-33.009 Y-40.431
G1 E2 F2400
;TYPE:Perimeter
;WIDTH:0.45
G1 F3600
G1 X-19.502 Y-40.431 E2.64964
G1 X-19.502 Y-33.678 E2.97444
G1 X-19.502 Y-7.424 E4.23717
G1 X-33.009 Y-7.424 E4.88681
G1 X-33.009 Y-40.371 E6.47145
G1 X-33.009 Y-40.371 F7800
G1 X-33.395 Y-40.817
G1 F3600
G1 X-19.116 Y-40.817 E7.15822
G1 X-19.116 Y-33.678 E7.50158
G1 X-19.116 Y-7.038 E8.78287
G1 X-33.395 Y-7.038 E9.46964
G1 X-33.395 Y-40.757 E11.09141
G1 X-33.395 Y-40.757 F7800
G1 X-33.78 Y-41.203
;TYPE:External perimeter
G1 F1800
G1 X-18.73 Y-41.203 E11.81526
G1 X-18.73 Y-33.678 E12.17719
G1 X-18.73 Y-6.653 E13.477
G1 X-33.78 Y-6.653 E14.20085
G1 X-33.78 Y-41.143 E15.8597
G1 X-33.385 Y-41.202 F7800
G1 E13.8597 F2400
G92 E0
G1 X-19.617 Y-38.659 F7800
G1 E2 F2400
;TYPE:Internal infill
;WIDTH:0.45
G1 F4160
G1 X-21.101 Y-40.142 E2.10091
G1 X-24.736 Y-40.142 E2.27574
G1 X-19.791 Y-35.196 E2.61213
G1 X-19.791 Y-31.561 E2.78696
G1 X-28.372 Y-40.142 E3.37063
G1 X-32.008 Y-40.142 E3.54551
G1 X-19.791 Y-27.925 E4.3765
G1 X-19.791 Y-24.289 E4.55138
G1 X-32.72 Y-37.219 E5.43083
G1 X-32.72 Y-33.583 E5.60571
G1 X-19.791 Y-20.654 E6.48513
G1 X-19.791 Y-17.018 E6.66001
G1 X-32.72 Y-29.947 E7.53943
G1 X-32.72 Y-26.312 E7.71426
G1 X-19.791 Y-13.383 E8.59368
G1 X-19.791 Y-9.747 E8.76856
G1 X-32.72 Y-22.676 E9.64798
G1 X-32.72 Y-19.04 E9.82286
G1 X-21.393 Y-7.713 E10.59331
G1 X-25.028 Y-7.713 E10.76814
G1 X-32.72 Y-15.405 E11.29134
G1 X-32.72 Y-11.769 E11.46622
G1 X-28.664 Y-7.713 E11.7421
G1 X-32.3 Y-7.713 E11.91698
G1 X-32.893 Y-8.307 E11.95735
;LAYER_CHANGE
;Z:23.45
;HEIGHT:0.300001
G1 Z23.45 F7800
G1 E9.95735 F2400
G92 E0
G1 X-32.893 Y-8.307 F7800
G1 X-33.009 Y-40.431
G1 E2 F2400
;TYPE:Perimeter
;WIDTH:0.45
G1 F3600
G1 X-19.502 Y-40.431 E2.64964
G1 X-19.502 Y-33.678 E2.97444
G1 X-19.502 Y-7.424 E4.23717
G1 X-33.009 Y-7.424 E4.88681
G1 X-33.009 Y-40.371 E6.47145
G1 X-33.009 Y-40.371 F7800
G1 X-33.395 Y-40.817
G1 F3600
G1 X-19.116 Y-40.817 E7.15822
G1 X-19.116 Y-33.678 E7.50158
G1 X-19.116 Y-7.038 E8.78287
G1 X-33.395 Y-7.038 E9.46964
G1 X-33.395 Y-40.757 E11.09141
G1 X-33.395 Y-40.757 F7800
G1 X-33.78 Y-41.203
;TYPE:External perimeter
G1 F1800
G1 X-18.73 Y-41.203 E11.81526
G1 X-18.73 Y-33.678 E12.17719
G1 X-18.73 Y-6.653 E13.477
G1 X-33.78 Y-6.653 E14.20085
G1 X-33.78 Y-41.143 E15.8597
G1 X-33.385 Y-41.202 F7800
G1 E13.8597 F2400
G92 E0
G1 X-19.617 Y-38.659 F7800
G1 E2 F2400
;TYPE:Internal infill
;WIDTH:0.45
G1 F4160
G1 X-21.101 Y-40.142 E2.10091
G1 X-24.736 Y-40.142 E2.27574
G1 X-19.791 Y-35.196 E2.61213
G1 X-19.791 Y-31.561 E2.78696
G1 X-28.372 Y-40.142 E3.37063
G1 X-32.008 Y-40.142 E3.54551
G1 X-19.791 Y-27.925 E4.3765
G1 X-19.791 Y-24.289 E4.55138
G1 X-32.72 Y-37.219 E5.43083
G1 X-32.72 Y-33.583 E5.60571
G1 X-19.791 Y-20.654 E6.48513
G1 X-19.791 Y-17.018 E6.66001
G1 X-32.72 Y-29.947 E7.53943
G1 X-32.72 Y-26.312 E7.71426
G1 X-19.791 Y-13.383 E8.59368
G1 X-19.791 Y-9.747 E8.76856
G1 X-32.72 Y-22.676 E9.64798
G1 X-32.72 Y-19.04 E9.82286
G1 X-21.393 Y-7.713 E10.59331
G1 X-25.028 Y-7.713 E10.76814
G1 X-32.72 Y-15.405 E11.29134
G1 X-32.72 Y-11.769 E11.46622
G1 X-28.664 Y-7.713 E11.7421
G1 X-32.3 Y-7.713 E11.91698
G1 X-32.893 Y-8.307 E11.95735
;LAYER_CHANGE
;Z:23.75
;HEIGHT:0.299999
G1 Z23.75 F7800
G1 E9.95735 F2400
G92 E0
G1 X-32.893 Y-8.307 F7800
G1 X-33.009 Y-40.431
G1 E2 F2400
;TYPE:Perimeter
;WIDTH:0.45
G1 F3600
G1 X-19.502 Y-40.431 E2.64964
G1 X-19.502 Y-33.678 E2.97444
G1 X-19.502 Y-7.424 E4.23717
G1 X-33.009 Y-7.424 E4.88681
G1 X-33.009 Y-40.371 E6.47145
G1 X-33.009 Y-40.371 F7800
G1 X-33.395 Y-40.817
G1 F3600
G1 X-19.116 Y-40.817 E7.15822
G1 X-19.116 Y-33.678 E7.50158
G1 X-19.116 Y-7.038 E8.78287
G1 X-33.395 Y-7.038 E9.46964
G1 X-33.395 Y-40.757 E11.09141
G1 X-33.395 Y-40.757 F7800
G1 X-33.78 Y-41.203
;TYPE:External perimeter
G1 F1800
G1 X-18.73 Y-41.203 E11.81526
G1 X-18.73 Y-33.678 E12.17719
G1 X-18.73 Y-6.653 E13.477
G1 X-33.78 Y-6.653 E14.20085
G1 X-33.78 Y-41.143 E15.8597
G1 X-33.385 Y-41.202 F7800
G1 E13.8597 F2400
G92 E0
G1 X-19.617 Y-38.659 F7800
G1 E2 F2400
;TYPE:Internal infill
;WIDTH:0.45
G1 F4160
G1 X-21.101 Y-40.142 E2.10091
G1 X-24.736 Y-40.142 E2.27574
G1 X-19.791 Y-35.196 E2.61213
G1 X-19.791 Y-31.561 E2.78696
G1 X-28.372 Y-40.142 E3.37063
G1 X-32.008 Y-40.142 E3.54551
G1 X-19.791 Y-27.925 E4.3765
G1 X-19.791 Y-24.289 E4.55138
G1 X-32.72 Y-37.219 E5.43083
G1 X-32.72 Y-33.583 E5.60571
G1 X-19.791 Y-20.654 E6.48513
G1 X-19.791 Y-17.018 E6.66001
G1 X-32.72 Y-29.947 E7.53943
G1 X-32.72 Y-26.312 E7.71426
G1 X-19.791 Y-13.383 E8.59368
G1 X-19.791 Y-9.747 E8.76856
G1 X-32.72 Y-22.676 E9.64798
G1 X-32.72 Y-19.04 E9.82286
G1 X-21.393 Y-7.713 E10.59331
G1 X-25.028 Y-7.713 E10.76814
G1 X-32.72 Y-15.405 E11.29134
G1 X-32.72 Y-11.769 E11.46622
G1 X-28.664 Y-7.713 E11.7421
G1 X-32.3 Y-7.713 E11.91698
G1 X-32.893 Y-8.307 E11.95735
;LAYER_CHANGE
;Z:24.05
;HEIGHT:0.299999
G1 Z24.05 F7800
G1 E9.95735 F2400
G92 E0
G1 X-32.893 Y-8.307 F7800
G1 X-33.009 Y-40.431
G1 E2 F2400
;TYPE:Perimeter
;WIDTH:0.45
G1 F3600
G1 X-19.502 Y-40.431 E2.64964
G1 X-19.502 Y-33.678 E2.97444
G1 X-19.502 Y-7.424 E4.23717
G1 X-33.009 Y-7.424 E4.88681
G1 X-33.009 Y-40.371 E6.47145
G1 X-33.009 Y-40.371 F7800
G1 X-33.395 Y-40.817
G1 F3600
G1 X-19.116 Y-40.817 E7.15822
G1 X-19.116 Y-33.678 E7.50158
G1 X-19.116 Y-7.038 E8.78287
G1 X-33.395 Y-7.038 E9.46964
G1 X-33.395 Y-40.757 E11.09141
G1 X-33.395 Y-40.757 F7800
G1 X-33.78 Y-41.203
;TYPE:External perimeter
G1 F1800
G1 X-18.73 Y-41.203 E11.81526
G1 X-18.73 Y-33.678 E12.17719
G1 X-18.73 Y-6.653 E13.477
G1 X-33.78 Y-6.653 E14.20085
G1 X-33.78 Y-41.143 E15.8597
G1 X-33.385 Y-41.202 F7800
G1 E13.8597 F2400
G92 E0
G1 X-19.617 Y-38.659 F7800
G1 E2 F2400
;TYPE:Internal infill
;WIDTH:0.45
G1 F4160
G1 X-21.101 Y-40.142 E2.10091
G1 X-24.736 Y-40.142 E2.27574
G1 X-19.791 Y-35.196 E2.61213
G1 X-19.791 Y-31.561 E2.78696
G1 X-28.372 Y-40.142 E3.37063
G1 X-32.008 Y-40.142 E3.54551
G1 X-19.791 Y-27.925 E4.3765
G1 X-19.791 Y-24.289 E4.55138
G1 X-32.72 Y-37.219 E5.43083
G1 X-32.72 Y-33.583 E5.60571
G1 X-19.791 Y-20.654 E6.48513
G1 X-19.791 Y-17.018 E6.66001
G1 X-32.72 Y-29.947 E7.53943
G1 X-32.72 Y-26.312 E7.71426
G1 X-19.791 Y-13.383 E8.59368
G1 X-19.791 Y-9.747 E8.76856
G1 X-32.72 Y-22.676 E9.64798
G1 X-32.72 Y-19.04 E9.82286
G1 X-21.393 Y-7.713 E10.59331
G1 X-25.028 Y-7.713 E10.76814
G1 X-32.72 Y-15.405 E11.29134
G1 X-32.72 Y-11.769 E11.46622
G1 X-28.664 Y-7.713 E11.7421
G1 X-32.3 Y-7.713 E11.91698
G1 X-32.893 Y-8.307 E11.95735
;LAYER_CHANGE
;Z:24.35
;HEIGHT:0.300001
G1 Z24.35 F7800
G1 E9.95735 F2400
G92 E0
G1 X-32.893 Y-8.307 F7800
G1 X-33.009 Y-40.431
G1 E2 F2400
;TYPE:Perimeter
;WIDTH:0.45
G1 F3600
G1 X-19.502 Y-40.431 E2.64964
G1 X-19.502 Y-33.678 E2.97444
G1 X-19.502 Y-7.424 E4.23717
G1 X-33.009 Y-7.424 E4.88681
G1 X-33.009 Y-40.371 E6.47145
G1 X-33.009 Y-40.371 F7800
G1 X-33.395 Y-40.817
G1 F3600
G1 X-19.116 Y-40.817 E7.15822
G1 X-19.116 Y-33.678 E7.50158
G1 X-19.116 Y-7.038 E8.78287
G1 X-33.395 Y-7.038 E9.46964
G1 X-33.395 Y-40.757 E11.09141
G1 X-33.395 Y-40.757 F7800
G1 X-33.78 Y-41.203
;TYPE:External perimeter
G1 F1800
G1 X-18.73 Y-41.203 E11.81526
G1 X-18.73 Y-33.678 E12.17719
G1 X-18.73 Y-6.653 E13.477
G1 X-33.78 Y-6.653 E14.20085
G1 X-33.78 Y-41.143 E15.8597
G1 X-33.385 Y-41.202 F7800
G1 E13.8597 F2400
G92 E0
G1 X-19.617 Y-38.659 F7800
G1 E2 F2400
;TYPE:Internal infill
;WIDTH:0.45
G1 F4160
G1 X-21.101 Y-40.142 E2.10091
G1 X-24.736 Y-40.142 E2.27574
G1 X-19.791 Y-35.196 E2.61213
G1 X-19.791 Y-31.561 E2.78696
G1 X-28.372 Y-40.142 E3.37063
G1 X-32.008 Y-40.142 E3.54551
G1 X-19.791 Y-27.925 E4.3765
G1 X-19.791 Y-24.289 E4.55138
G1 X-32.72 Y-37.219 E5.43083
G1 X-32.72 Y-33.583 E5.60571
G1 X-19.791 Y-20.654 E6.48513
G1 X-19.791 Y-17.018 E6.66001
G1 X-32.72 Y-29.947 E7.53943
G1 X-32.72 Y-26.312 E7.71426
G1 X-19.791 Y-13.383 E8.59368
G1 X-19.791 Y-9.747 E8.76856
G1 X-32.72 Y-22.676 E9.64798
G1 X-32.72 Y-19.04 E9.82286
G1 X-21.393 Y-7.713 E10.59331
G1 X-25.028 Y-7.713 E10.76814
G1 X-32.72 Y-15.405 E11.29134
G1 X-32.72 Y-11.769 E11.46622
G1 X-28.664 Y-7.713 E11.7421
G1 X-32.3 Y-7.713 E11.91698
G1 X-32.893 Y-8.307 E11.95735
;LAYER_CHANGE
;Z:24.65
;HEIGHT:0.299999
G1 Z24.65 F7800
G1 E9.95735 F2400
G92 E0
G1 X-32.893 Y-8.307 F7800
G1 X-33.009 Y-40.431
G1 E2 F2400
;TYPE:Perimeter
;WIDTH:0.45
G1 F3600
G1 X-19.502 Y-40.431 E2.64964
G1 X-19.502 Y-33.678 E2.97444
G1 X-19.502 Y-7.424 E4.23717
G1 X-33.009 Y-7.424 E4.88681
G1 X-33.009 Y-40.371 E6.47145
G1 X-33.009 Y-40.371 F7800
G1 X-33.395 Y-40.817
G1 F3600
G1 X-19.116 Y-40.817 E7.15822
G1 X-19.116 Y-33.678 E7.50158
G1 X-19.116 Y-7.038 E8.78287
G1 X-33.395 Y-7.038 E9.46964
G1 X-33.395 Y-40.757 E11.09141
G1 X-33.395 Y-40.757 F7800
G1 X-33.78 Y-41.203
;TYPE:External perimeter
G1 F1800
G1 X-18.73 Y-41.203 E11.81526
G1 X-18.73 Y-33.678 E12.17719
G1 X-18.73 Y-6.653 E13.477
G1 X-33.78 Y-6.653 E14.20085
G1 X-33.78 Y-41.143 E15.8597
G1 X-33.385 Y-41.202 F7800
G1 E13.8597 F2400
G92 E0
G1 X-19.617 Y-38.659 F7800
G1 E2 F2400
;TYPE:Internal infill
;WIDTH:0.45
G1 F4160
G1 X-21.101 Y-40.142 E2.10091
G1 X-24.736 Y-40.142 E2.27574
G1 X-19.791 Y-35.196 E2.61213
G1 X-19.791 Y-31.561 E2.78696
G1 X-28.372 Y-40.142 E3.37063
G1 X-32.008 Y-40.142 E3.54551
G1 X-19.791 Y-27.925 E4.3765
G1 X-19.791 Y-24.289 E4.55138
G1 X-32.72 Y-37.219 E5.43083
G1 X-32.72 Y-33.583 E5.60571
G1 X-19.791 Y-20.654 E6.48513
G1 X-19.791 Y-17.018 E6.66001
G1 X-32.72 Y-29.947 E7.53943
G1 X-32.72 Y-26.312 E7.71426
G1 X-19.791 Y-13.383 E8.59368
G1 X-19.791 Y-9.747 E8.76856
G1 X-32.72 Y-22.676 E9.64798
G1 X-32.72 Y-19.04 E9.82286
G1 X-21.393 Y-7.713 E10.59331
G1 X-25.028 Y-7.713 E10.76814
G1 X-32.72 Y-15.405 E11.29134
G1 X-32.72 Y-11.769 E11.46622
G1 X-28.664 Y-7.713 E11.7421
G1 X-32.3 Y-7.713 E11.91698
G1 X-32.893 Y-8.307 E11.95735
;LAYER_CHANGE
;Z:24.95
;HEIGHT:0.300001
G1 Z24.95 F7800
G1 E9.95735 F2400
G92 E0
G1 X-32.893 Y-8.307 F7800
G1 X-33.009 Y-40.431
G1 E2 F2400
;TYPE:Perimeter
;WIDTH:0.45
G1 F3600
G1 X-19.502 Y-40.431 E2.64964
G1 X-19.502 Y-33.678 E2.97444
G1 X-19.502 Y-7.424 E4.23717
G1 X-33.009 Y-7.424 E4.88681
G1 X-33.009 Y-40.371 E6.47145
G1 X-33.009 Y-40.371 F7800
G1 X-33.395 Y-40.817
G1 F3600
G1 X-19.116 Y-40.817 E7.15822
G1 X-19.116 Y-33.678 E7.50158
G1 X-19.116 Y-7.038 E8.78287
G1 X-33.395 Y-7.038 E9.46964
G1 X-33.395 Y-40.757 E11.09141
G1 X-33.395 Y-40.757 F7800
G1 X-33.78 Y-41.203
;TYPE:External perimeter
G1 F1800
G1 X-18.73 Y-41.203 E11.81526
G1 X-18.73 Y-33.678 E12.17719
G1 X-18.73 Y-6.653 E13.477
G1 X-33.78 Y-6.653 E14.20085
G1 X-33.78 Y-41.143 E15.8597
G1 X-33.385 Y-41.202 F7800
G1 E13.8597 F2400
G92 E0
G1 X-19.617 Y-38.659 F7800
G1 E2 F2400
;TYPE:Internal infill
;WIDTH:0.45
G1 F4160
G1 X-21.101 Y-40.142 E2.10091
G1 X-24.736 Y-40.142 E2.27574
G1 X-19.791 Y-35.196 E2.61213
G1 X-19.791 Y-31.561 E2.78696
G1 X-28.372 Y-40.142 E3.37063
G1 X-32.008 Y-40.142 E3.54551
G1 X-19.791 Y-27.925 E4.3765
G1 X-19.791 Y-24.289 E4.55138
G1 X-32.72 Y-37.219 E5.43083
G1 X-32.72 Y-33.583 E5.60571
G1 X-19.791 Y-20.654 E6.48513
G1 X-19.791 Y-17.018 E6.66001
G1 X-32.72 Y-29.947 E7.53943
G1 X-32.72 Y-26.312 E7.71426
G1 X-19.791 Y-13.383 E8.59368
G1 X-19.791 Y-9.747 E8.76856
G1 X-32.72 Y-22.676 E9.64798
G1 X-32.72 Y-19.04 E9.82286
G1 X-21.393 Y-7.713 E10.59331
G1 X-25.028 Y-7.713 E10.76814
G1 X-32.72 Y-15.405 E11.29134
G1 X-32.72 Y-11.769 E11.46622
G1 X-28.664 Y-7.713 E11.7421
G1 X-32.3 Y-7.713 E11.91698
G1 X-32.893 Y-8.307 E11.95735
G1 E9.95735 F2400
G92 E0
M107
;TYPE:Custom
; Filament-specific end gcode
M104 S0 ; turn off temperature
G28 X0  ; home X axis
M84     ; disable motors
; objects_info = {"objects":[]}
; filament used [mm] = 3097.84
; filament used [cm3] = 7.45
; filament used [g] = 9.24
; filament cost = 0.23
; total filament used [g] = 9.24
; total filament cost = 0.23
; total filament used for wipe tower [g] = 0.00
; estimated printing time (normal mode) = 28m 36s
; estimated first layer printing time (normal mode) = 1m 23s

; prusaslicer_config = begin
; arc_fitting = disabled
; autoemit_temperature_commands = 1
; automatic_extrusion_widths = 0
; automatic_infill_combination = 0
; automatic_infill_combination_max_layer_height = 100%
; avoid_crossing_curled_overhangs = 0
; avoid_crossing_perimeters = 0
; avoid_crossing_perimeters_max_detour = 0
; bed_custom_model = 
; bed_custom_texture = 
; bed_shape = 74.7146x6.53668,73.8606x13.0236,72.4444x19.4114,70.4769x25.6515,67.9731x31.6964,64.9519x37.5,61.4364x43.0182,57.4533x48.2091,53.033x53.033,48.2091x57.4533,43.0182x61.4364,37.5x64.9519,31.6964x67.9731,25.6515x70.4769,19.4114x72.4444,13.0236x73.8606,6.53668x74.7146,4.59243e-15x75,-6.53668x74.7146,-13.0236x73.8606,-19.4114x72.4444,-25.6515x70.4769,-31.6964x67.9731,-37.5x64.9519,-43.0182x61.4364,-48.2091x57.4533,-53.033x53.033,-57.4533x48.2091,-61.4364x43.0182,-64.9519x37.5,-67.9731x31.6964,-70.4769x25.6515,-72.4444x19.4114,-73.8606x13.0236,-74.7146x6.53668,-75x9.18485e-15,-74.7146x-6.53668,-73.8606x-13.0236,-72.4444x-19.4114,-70.4769x-25.6515,-67.9731x-31.6964,-64.9519x-37.5,-61.4364x-43.0182,-57.4533x-48.2091,-53.033x-53.033,-48.2091x-57.4533,-43.0182x-61.4364,-37.5x-64.9519,-31.6964x-67.9731,-25.6515x-70.4769,-19.4114x-72.4444,-13.0236x-73.8606,-6.53668x-74.7146,-1.37773e-14x-75,6.53668x-74.7146,13.0236x-73.8606,19.4114x-72.4444,25.6515x-70.4769,31.6964x-67.9731,37.5x-64.9519,43.0182x-61.4364,48.2091x-57.4533,53.033x-53.033,57.4533x-48.2091,61.4364x-43.0182,64.9519x-37.5,67.9731x-31.6964,70.4769x-25.6515,72.4444x-19.4114,73.8606x-13.0236,74.7146x-6.53668,75x-1.83697e-14
; bed_temperature = 60
; before_layer_gcode = 
; between_objects_gcode = 
; binary_gcode = 0
; bottom_fill_pattern = monotonic
; bottom_solid_layers = 0
; bottom_solid_min_thickness = 0
; bridge_acceleration = 0
; bridge_angle = 0
; bridge_fan_speed = 100
; bridge_flow_ratio = 1
; bridge_speed = 60
; brim_separation = 0
; brim_type = outer_only
; brim_width = 0
; chamber_minimal_temperature = 0
; chamber_temperature = 0
; color_change_gcode = M600
; colorprint_heights = 
; compatible_printers_condition_cummulative = ;"printer_notes!~/.*NO_TEMPLATES.*/ and printer_notes!~/.*PRINTER_VENDOR_TRILAB.*/ and printer_notes!~/.*PRINTER_MODEL_MK4IS.*/ and ! (printer_notes=~/.*PRINTER_VENDOR_PRUSA3D.*/ and num_extruders>1)"
; complete_objects = 0
; cooling = 1
; cooling_tube_length = 5
; cooling_tube_retraction = 91.5
; default_acceleration = 0
; default_filament_profile = 
; default_print_profile = 
; deretract_speed = 0
; disable_fan_first_layers = 1
; dont_support_bridges = 1
; draft_shield = disabled
; duplicate_distance = 6
; elefant_foot_compensation = 0
; enable_dynamic_fan_speeds = 0
; enable_dynamic_overhang_speeds = 0
; end_filament_gcode = "; Filament-specific end gcode"
; end_gcode = M104 S0 ; turn off temperature\nG28 X0  ; home X axis\nM84     ; disable motors\n
; ensure_vertical_shell_thickness = enabled
; external_perimeter_acceleration = 0
; external_perimeter_extrusion_width = 0.45
; external_perimeter_speed = 50%
; external_perimeters_first = 0
; extra_loading_move = -2
; extra_perimeters = 1
; extra_perimeters_on_overhangs = 0
; extruder_clearance_height = 20
; extruder_clearance_radius = 20
; extruder_colour = ""
; extruder_offset = 0x0
; extrusion_axis = E
; extrusion_multiplier = 1
; extrusion_width = 0.45
; fan_always_on = 1
; fan_below_layer_time = 100
; filament_abrasive = 0
; filament_colour = #FF8000
; filament_cooling_final_speed = 2
; filament_cooling_initial_speed = 3
; filament_cooling_moves = 1
; filament_cost = 25.4
; filament_density = 1.24
; filament_deretract_speed = nil
; filament_diameter = 1.75
; filament_infill_max_crossing_speed = 0
; filament_infill_max_speed = 0
; filament_load_time = 0
; filament_loading_speed = 14
; filament_loading_speed_start = 19
; filament_max_volumetric_speed = 0
; filament_minimal_purge_on_wipe_tower = 0
; filament_multitool_ramming = 0
; filament_multitool_ramming_flow = 10
; filament_multitool_ramming_volume = 10
; filament_notes = ""
; filament_purge_multiplier = 100%
; filament_ramming_parameters = "130 120 2.70968 2.93548 3.32258 3.83871 4.58065 5.54839 6.51613 7.35484 7.93548 8.16129| 0.05 2.66451 0.45 3.05805 0.95 4.05807 1.45 5.97742 1.95 7.69999 2.45 8.1936 2.95 11.342 3.45 11.4065 3.95 7.6 4.45 7.6 4.95 7.6"
; filament_retract_before_travel = nil
; filament_retract_before_wipe = nil
; filament_retract_layer_change = nil
; filament_retract_length = nil
; filament_retract_length_toolchange = nil
; filament_retract_lift = nil
; filament_retract_lift_above = nil
; filament_retract_lift_below = nil
; filament_retract_restart_extra = nil
; filament_retract_restart_extra_toolchange = nil
; filament_retract_speed = nil
; filament_seam_gap_distance = nil
; filament_settings_id = "Generic PLA @Template"
; filament_shrinkage_compensation_xy = 0%
; filament_shrinkage_compensation_z = 0%
; filament_soluble = 0
; filament_spool_weight = 0
; filament_stamping_distance = 0
; filament_stamping_loading_speed = 20
; filament_toolchange_delay = 0
; filament_travel_lift_before_obstacle = nil
; filament_travel_max_lift = nil
; filament_travel_ramping_lift = nil
; filament_travel_slope = nil
; filament_type = PLA
; filament_unload_time = 0
; filament_unloading_speed = 20
; filament_unloading_speed_start = 100
; filament_vendor = Generic
; filament_wipe = nil
; fill_angle = 45
; fill_density = 15%
; fill_pattern = alignedrectilinear
; first_layer_acceleration = 0
; first_layer_acceleration_over_raft = 0
; first_layer_bed_temperature = 60
; first_layer_extrusion_width = 0.42
; first_layer_height = 0.35
; first_layer_speed = 30
; first_layer_speed_over_raft = 30
; first_layer_temperature = 215
; full_fan_speed_layer = 3
; fuzzy_skin = none
; fuzzy_skin_point_dist = 0.8
; fuzzy_skin_thickness = 0.3
; gap_fill_enabled = 1
; gap_fill_speed = 20
; gcode_comments = 0
; gcode_flavor = smoothie
; gcode_label_objects = disabled
; gcode_resolution = 0.0125
; gcode_substitutions = 
; high_current_on_filament_swap = 0
; host_type = prusalink
; idle_temperature = nil
; infill_acceleration = 0
; infill_anchor = 600%
; infill_anchor_max = 50
; infill_every_layers = 2
; infill_extruder = 1
; infill_extrusion_width = 0.45
; infill_first = 0
; infill_overlap = 25%
; infill_speed = 80
; interface_shells = 0
; ironing = 0
; ironing_flowrate = 15%
; ironing_spacing = 0.1
; ironing_speed = 15
; ironing_type = top
; layer_gcode = 
; layer_height = 0.3
; machine_limits_usage = time_estimate_only
; machine_max_acceleration_e = 10000,5000
; machine_max_acceleration_extruding = 1500,1250
; machine_max_acceleration_retracting = 1500,1250
; machine_max_acceleration_travel = 1500,1250
; machine_max_acceleration_x = 9000,1000
; machine_max_acceleration_y = 9000,1000
; machine_max_acceleration_z = 500,200
; machine_max_feedrate_e = 120,120
; machine_max_feedrate_x = 500,200
; machine_max_feedrate_y = 500,200
; machine_max_feedrate_z = 12,12
; machine_max_jerk_e = 2.5,2.5
; machine_max_jerk_x = 10,10
; machine_max_jerk_y = 10,10
; machine_max_jerk_z = 0.2,0.4
; machine_min_extruding_rate = 0,0
; machine_min_travel_rate = 0,0
; max_fan_speed = 100
; max_layer_height = 0
; max_print_height = 200
; max_print_speed = 80
; max_volumetric_extrusion_rate_slope_negative = 0
; max_volumetric_extrusion_rate_slope_positive = 0
; max_volumetric_speed = 0
; min_bead_width = 85%
; min_fan_speed = 100
; min_feature_size = 25%
; min_layer_height = 0.07
; min_print_speed = 10
; min_skirt_length = 0
; mmu_segmented_region_interlocking_depth = 0
; mmu_segmented_region_max_width = 0
; multimaterial_purging = 140
; notes = 
; nozzle_diameter = 0.4
; nozzle_high_flow = 0
; only_one_perimeter_first_layer = 0
; only_retract_when_crossing_perimeters = 0
; ooze_prevention = 0
; output_filename_format = [input_filename_base].gcode
; overhang_fan_speed_0 = 0
; overhang_fan_speed_1 = 0
; overhang_fan_speed_2 = 0
; overhang_fan_speed_3 = 0
; overhang_speed_0 = 15
; overhang_speed_1 = 15
; overhang_speed_2 = 20
; overhang_speed_3 = 25
; overhangs = 1
; parking_pos_retraction = 92
; pause_print_gcode = M601
; perimeter_acceleration = 0
; perimeter_extruder = 1
; perimeter_extrusion_width = 0.45
; perimeter_generator = arachne
; perimeter_speed = 60
; perimeters = 3
; physical_printer_settings_id = 
; post_process = 
; prefer_clockwise_movements = 0
; print_settings_id = microDelta_1p01
; printer_model = 
; printer_notes = 
; printer_settings_id = microDelta_1p01
; printer_technology = FFF
; printer_variant = 
; printer_vendor = 
; raft_contact_distance = 0.1
; raft_expansion = 1.5
; raft_first_layer_density = 90%
; raft_first_layer_expansion = 3
; raft_layers = 0
; remaining_times = 0
; resolution = 0
; retract_before_travel = 2
; retract_before_wipe = 0%
; retract_layer_change = 0
; retract_length = 2
; retract_length_toolchange = 10
; retract_lift = 0
; retract_lift_above = 0
; retract_lift_below = 0
; retract_restart_extra = 0
; retract_restart_extra_toolchange = 0
; retract_speed = 40
; scarf_seam_entire_loop = 0
; scarf_seam_length = 20
; scarf_seam_max_segment_length = 1
; scarf_seam_on_inner_perimeters = 0
; scarf_seam_only_on_smooth = 1
; scarf_seam_placement = nowhere
; scarf_seam_start_height = 0%
; seam_gap_distance = 15%
; seam_position = aligned
; silent_mode = 1
; single_extruder_multi_material = 0
; single_extruder_multi_material_priming = 1
; skirt_distance = 6
; skirt_height = 1
; skirts = 1
; slice_closing_radius = 0.049
; slicing_mode = regular
; slowdown_below_layer_time = 10
; small_perimeter_speed = 15
; solid_infill_acceleration = 0
; solid_infill_below_area = 70
; solid_infill_every_layers = 0
; solid_infill_extruder = 1
; solid_infill_extrusion_width = 0.45
; solid_infill_speed = 20
; spiral_vase = 0
; staggered_inner_seams = 0
; standby_temperature_delta = -5
; start_filament_gcode = "; Filament gcode\n"
; start_gcode = G28 ; home all axes\nG1 Z5 F5000 ; lift nozzle\n
; support_material = 1
; support_material_angle = 0
; support_material_auto = 1
; support_material_bottom_contact_distance = 0
; support_material_bottom_interface_layers = -1
; support_material_buildplate_only = 0
; support_material_closing_radius = 2
; support_material_contact_distance = 0.2
; support_material_enforce_layers = 0
; support_material_extruder = 1
; support_material_extrusion_width = 0.35
; support_material_interface_contact_loops = 0
; support_material_interface_extruder = 1
; support_material_interface_layers = 3
; support_material_interface_pattern = rectilinear
; support_material_interface_spacing = 0
; support_material_interface_speed = 100%
; support_material_pattern = rectilinear
; support_material_spacing = 2.5
; support_material_speed = 60
; support_material_style = organic
; support_material_synchronize_layers = 0
; support_material_threshold = 0
; support_material_with_sheath = 1
; support_material_xy_spacing = 50%
; support_tree_angle = 40
; support_tree_angle_slow = 25
; support_tree_branch_diameter = 2
; support_tree_branch_diameter_angle = 5
; support_tree_branch_diameter_double_wall = 3
; support_tree_branch_distance = 1
; support_tree_tip_diameter = 0.8
; support_tree_top_rate = 15%
; temperature = 210
; template_custom_gcode = 
; thick_bridges = 1
; thin_walls = 1
; thumbnails = 
; thumbnails_format = PNG
; toolchange_gcode = 
; top_fill_pattern = monotonic
; top_infill_extrusion_width = 0.4
; top_one_perimeter_type = none
; top_solid_infill_acceleration = 0
; top_solid_infill_speed = 15
; top_solid_layers = 0
; top_solid_min_thickness = 0
; travel_acceleration = 0
; travel_lift_before_obstacle = 0
; travel_max_lift = 0
; travel_ramping_lift = 0
; travel_slope = 0
; travel_speed = 130
; travel_speed_z = 0
; use_firmware_retraction = 0
; use_relative_e_distances = 0
; use_volumetric_e = 0
; variable_layer_height = 1
; wall_distribution_count = 1
; wall_transition_angle = 10
; wall_transition_filter_deviation = 25%
; wall_transition_length = 100%
; wipe = 0
; wipe_into_infill = 0
; wipe_into_objects = 0
; wipe_tower = 0
; wipe_tower_acceleration = 0
; wipe_tower_bridging = 10
; wipe_tower_brim_width = 2
; wipe_tower_cone_angle = 0
; wipe_tower_extra_flow = 100%
; wipe_tower_extra_spacing = 100%
; wipe_tower_extruder = 0
; wipe_tower_no_sparse_layers = 0
; wipe_tower_width = 60
; wiping_volumes_matrix = 0
; wiping_volumes_use_custom_matrix = 0
; xy_size_compensation = 0
; z_offset = 0
; prusaslicer_config = end
