; generated by PrusaSlicer 2.9.0 on 2025-03-17 at 09:47:38 UTC

; 

; external perimeters extrusion width = 0.45mm
; perimeters extrusion width = 0.45mm
; infill extrusion width = 0.45mm
; solid infill extrusion width = 0.45mm
; top infill extrusion width = 0.40mm
; support material extrusion width = 0.35mm
; first layer extrusion width = 0.42mm

M190 S60 ; set bed temperature and wait for it to be reached
M104 S215 ; set temperature
;TYPE:Custom
G28 ; home all axes
G1 Z5 F5000 ; lift nozzle
M109 S215 ; set temperature and wait for it to be reached
G21 ; set units to millimeters
G90 ; use absolute coordinates
M82 ; use absolute distances for extrusion
G92 E0
; Filament gcode
M107
;LAYER_CHANGE
;Z:0.35
;HEIGHT:0.35
G1 E-2 F2400
G1 Z.35 F7800
G1 X-.653 Y-7.56
G1 E.00001 F2400
;TYPE:Skirt/Brim
;WIDTH:0.42
G1 F1800
G1 X-22.469 Y-5.677 E1.09893
G1 X-27 Y-5.654 E1.32633
G1 X-29.177 Y-6.051 E1.43739
G1 X-31.075 Y-7.19 E1.54848
G1 X-32.448 Y-8.925 E1.65952
G1 X-33.172 Y-11.826 E1.80957
G1 X-33.172 Y-40.956 E3.27149
G1 X-32.776 Y-43.133 E3.38254
G1 X-31.636 Y-45.03 E3.49361
G1 X-29.901 Y-46.404 E3.60468
G1 X-27 Y-47.128 E3.75473
G1 X-22.433 Y-47.102 E3.98393
G1 X21.333 Y-43.063 E6.1897
G1 X27.294 Y-41.973 E6.49382
G1 X28.374 Y-41.672 E6.55009
G1 X29.587 Y-41.192 E6.61556
G1 X30.289 Y-40.817 E6.6555
G1 X31.958 Y-39.681 E6.75682
G1 X32.792 Y-38.914 E6.81368
G1 X33.739 Y-37.809 E6.88671
G1 X34.383 Y-36.849 E6.94472
G1 X35.045 Y-35.554 E7.01771
G1 X35.446 Y-34.47 E7.07571
G1 X35.786 Y-33.055 E7.14874
G1 X35.965 Y-31.242 E7.24017
G1 X36.015 Y-26.077 E7.49939
G1 X35.577 Y-20.126 E7.79885
G1 X35.436 Y-18.945 E7.85854
G1 X35.098 Y-17.547 E7.93072
G1 X34.698 Y-16.467 E7.98852
G1 X34.036 Y-15.171 E8.06155
G1 X33.392 Y-14.211 E8.11956
G1 X32.445 Y-13.107 E8.19256
G1 X31.595 Y-12.324 E8.25056
G1 X30.416 Y-11.472 E8.32356
G1 X29.43 Y-10.923 E8.3802
G1 X28.199 Y-10.404 E8.44725
G1 X26.726 Y-9.999 E8.52392
G1 X25.78 Y-9.843 E8.57204
G1 X-.593 Y-7.566 E9.90052
G1 E7.90052 F2400
G92 E0
G1 X-.593 Y-7.566 F7800
G92 E0
G1 X-19.425 Y-37.414
G1 E2 F2400
;TYPE:Support material
G1 F1800
G1 X-18.174 Y-37.024 E2.06576
G1 X-17.307 Y-37.2 E2.11016
G1 X-16.152 Y-37.16 E2.16816
G1 X-15.038 Y-36.85 E2.22619
G1 X-14.768 Y-36.699 E2.24172
G1 X-14.109 Y-37.007 E2.27823
G1 X-13.026 Y-37.228 E2.3337
G1 X-11.791 Y-37.188 E2.39571
G1 X-10.708 Y-36.887 E2.45212
G1 X-10.462 Y-36.75 E2.46625
G1 X-9.986 Y-36.972 E2.49261
G1 X-8.902 Y-37.193 E2.54813
G1 X-7.667 Y-37.153 E2.61014
G1 X-6.585 Y-36.852 E2.6665
G1 X-5.618 Y-36.314 E2.72204
G1 X-5.263 Y-36.578 E2.74424
G1 X-4.259 Y-37.047 E2.79985
G1 X-3.127 Y-37.278 E2.85783
G1 X-1.972 Y-37.237 E2.91583
G1 X-.892 Y-36.936 E2.9721
G1 X.168 Y-36.35 E3.03288
G1 X.364 Y-36.17 E3.04624
G1 X1.557 Y-36.736 E3.11251
G1 X2.648 Y-36.959 E3.16839
G1 X3.803 Y-36.918 E3.22639
G1 X4.883 Y-36.617 E3.28266
G1 X5.903 Y-36.054 E3.34113
G1 X7.126 Y-36.684 E3.41017
G1 X8.21 Y-36.905 E3.46569
G1 X9.445 Y-36.865 E3.5277
G1 X10.527 Y-36.564 E3.58406
G1 X11.193 Y-36.194 E3.6223
G1 X11.685 Y-36.561 E3.6531
G1 X12.69 Y-37.03 E3.70876
G1 X13.822 Y-37.261 E3.76674
G1 X14.977 Y-37.22 E3.82474
G1 X16.057 Y-36.919 E3.88101
G1 X17.117 Y-36.333 E3.94179
G1 X17.307 Y-36.158 E3.95475
G1 X18.52 Y-36.735 E4.02216
G1 X19.611 Y-36.957 E4.07803
G1 X20.766 Y-36.916 E4.13603
G1 X21.879 Y-36.606 E4.19401
G1 X22.866 Y-36.057 E4.25069
G1 X23.196 Y-35.765 E4.2728
G1 X24.483 Y-36.068 E4.33916
G1 X25.638 Y-36.027 E4.39716
G1 X26.718 Y-35.726 E4.45343
G1 X27.778 Y-35.14 E4.51421
G1 X28.612 Y-34.372 E4.57111
G1 X29.256 Y-33.412 E4.62912
G1 X29.657 Y-32.328 E4.68712
G1 X29.793 Y-31.182 E4.74504
G1 X29.656 Y-30.028 E4.80336
G1 X29.256 Y-28.948 E4.86116
G1 X29.053 Y-28.645 E4.87946
G1 X29.307 Y-28.262 E4.90252
G1 X29.712 Y-27.159 E4.96149
G1 X29.843 Y-26.018 E5.01913
G1 X29.702 Y-24.87 E5.07718
G1 X29.297 Y-23.787 E5.13521
G1 X28.875 Y-23.163 E5.17302
G1 X29.31 Y-21.988 E5.2359
G1 X29.446 Y-20.843 E5.29377
G1 X29.309 Y-19.689 E5.35209
G1 X28.909 Y-18.609 E5.40989
G1 X28.265 Y-17.648 E5.46795
G1 X27.415 Y-16.866 E5.52591
G1 X26.429 Y-16.317 E5.58255
G1 X25.249 Y-15.992 E5.64397
G1 X24.136 Y-15.953 E5.69986
G1 X23.045 Y-16.175 E5.75573
G1 X21.749 Y-16.839 E5.82881
G1 X21.541 Y-16.648 E5.84298
G1 X20.555 Y-16.099 E5.89962
G1 X19.375 Y-15.774 E5.96104
G1 X18.263 Y-15.735 E6.01688
G1 X17.13 Y-15.966 E6.07491
G1 X16.083 Y-16.455 E6.1329
G1 X15.851 Y-16.64 E6.14779
G1 X14.903 Y-16.113 E6.20222
G1 X13.79 Y-15.803 E6.2602
G1 X12.635 Y-15.762 E6.3182
G1 X11.502 Y-15.993 E6.37623
G1 X10.266 Y-16.633 E6.44608
G1 X9.159 Y-16.018 E6.50963
G1 X8.515 Y-15.825 E6.54337
G1 X7.98 Y-15.693 E6.57102
G1 X6.867 Y-15.654 E6.62691
G1 X5.776 Y-15.876 E6.68278
G1 X4.444 Y-16.568 E6.75811
G1 X3.576 Y-16.085 E6.80796
G1 X2.933 Y-15.893 E6.84164
G1 X2.397 Y-15.761 E6.86934
G1 X1.284 Y-15.721 E6.92523
G1 X.152 Y-15.952 E6.98321
G1 X-.895 Y-16.441 E7.0412
G1 X-1.132 Y-16.63 E7.05641
G1 X-2.063 Y-16.112 E7.10988
G1 X-3.176 Y-15.802 E7.16786
G1 X-4.331 Y-15.761 E7.22586
G1 X-5.464 Y-15.992 E7.28389
G1 X-6.7 Y-16.632 E7.35374
G1 X-7.805 Y-16.018 E7.41718
G1 X-8.449 Y-15.825 E7.45092
G1 X-8.984 Y-15.693 E7.47857
G1 X-10.097 Y-15.654 E7.53446
G1 X-11.188 Y-15.876 E7.59033
G1 X-11.826 Y-16.151 E7.6252
G1 X-12.521 Y-16.568 E7.66588
G1 X-13.412 Y-16.073 E7.71703
G1 X-14.525 Y-15.763 E7.77501
G1 X-15.643 Y-15.723 E7.83115
G1 X-16.865 Y-15.977 E7.89379
G1 X-17.859 Y-16.442 E7.94886
G1 X-18.243 Y-16.748 E7.9735
G1 X-19.266 Y-16.439 E8.02713
G1 X-20.4 Y-16.359 E8.08418
G1 X-21.518 Y-16.532 E8.14096
G1 X-22.565 Y-16.946 E8.19746
G1 X-22.565 Y-36.825 E9.19511
G1 X-21.764 Y-37.199 E9.23947
G1 X-21.219 Y-37.334 E9.26765
G1 X-20.542 Y-37.453 E9.30215
G1 X-19.476 Y-37.416 E9.35568
G1 X-19.476 Y-37.416 F7800
G1 X29.507 Y-24.791
G1 F1800
G1 X29.507 Y-26.22 E9.4274
G1 X29.407 Y-27.088 E9.47125
G1 X29.124 Y-27.867 E9.51284
G1 X29.124 Y-24.21 E9.69637
G1 X28.741 Y-23.518 E9.73606
G1 X28.741 Y-33.623 E10.24319
G1 X28.358 Y-34.185 E10.27732
G1 X28.358 Y-18.343 E11.07237
G1 X27.974 Y-17.802 E11.10566
G1 X27.974 Y-34.537 E11.94552
G1 X27.591 Y-34.889 E11.97163
G1 X27.591 Y-17.45 E12.84682
G1 X27.208 Y-17.106 E12.87266
G1 X27.208 Y-35.111 E13.77626
G1 X26.825 Y-35.32 E13.79816
G1 X26.825 Y-16.893 E14.72294
G1 X26.441 Y-16.679 E14.745
G1 X26.441 Y-35.481 E15.6886
G1 X26.058 Y-35.588 E15.70856
G1 X26.058 Y-16.53 E16.665
G1 X25.675 Y-16.417 E16.68504
G1 X25.675 Y-35.694 E17.65247
G1 X25.292 Y-35.728 E17.67177
G1 X25.292 Y-16.322 E18.64568
G1 X24.909 Y-16.291 E18.66496
G1 X24.909 Y-35.742 E19.64113
G1 X24.525 Y-35.756 E19.66041
G1 X24.525 Y-16.277 E20.63798
G1 X24.142 Y-16.268 E20.65721
G1 X24.142 Y-35.681 E21.63147
G1 X23.759 Y-35.603 E21.65109
G1 X23.759 Y-16.347 E22.61747
G1 X23.376 Y-16.425 E22.63709
G1 X23.376 Y-35.506 E23.59469
G1 X23.143 Y-35.397 E23.6076
G1 X22.993 Y-35.53 E23.61766
G1 X22.993 Y-16.536 E24.57089
G1 X22.609 Y-16.701 E24.59187
G1 X22.609 Y-35.845 E25.55263
G1 X22.226 Y-36.058 E25.57462
G1 X22.226 Y-16.896 E26.53628
G1 X21.843 Y-17.161 E26.55965
G1 X21.843 Y-36.271 E27.5187
G1 X21.46 Y-36.401 E27.539
G1 X21.46 Y-16.995 E28.51291
G1 X21.077 Y-16.745 E28.53586
G1 X21.077 Y-36.508 E29.52768
G1 X20.693 Y-36.608 E29.54759
G1 X20.693 Y-16.531 E30.55517
G1 X20.31 Y-16.35 E30.57643
G1 X20.31 Y-36.622 E31.5938
G1 X19.927 Y-36.635 E31.61303
G1 X19.927 Y-16.235 E32.63682
G1 X19.544 Y-16.135 E32.65669
G1 X19.544 Y-36.627 E33.6851
G1 X19.161 Y-36.548 E33.70473
G1 X19.16 Y-16.077 E34.73209
G1 X18.777 Y-16.064 E34.75132
G1 X18.777 Y-36.47 E35.77541
G1 X18.394 Y-36.342 E35.79568
G1 X18.394 Y-16.05 E36.81405
G1 X18.011 Y-16.103 E36.83345
G1 X18.011 Y-36.177 E37.84088
G1 X17.628 Y-35.976 E37.86259
G1 X17.628 Y-16.181 E38.85602
G1 X17.244 Y-16.259 E38.87568
G1 X17.244 Y-35.793 E39.85601
G1 X16.861 Y-36.122 E39.88135
G1 X16.861 Y-16.434 E40.86941
G1 X16.478 Y-16.613 E40.89063
G1 X16.478 Y-36.343 E41.8808
G1 X16.095 Y-36.549 E41.90263
G1 X16.095 Y-16.843 E42.89159
G1 X15.882 Y-17.013 E42.90527
G1 X15.712 Y-16.918 E42.91504
G1 X15.712 Y-36.693 E43.90747
G1 X15.328 Y-36.8 E43.92748
G1 X15.328 Y-16.705 E44.93597
G1 X14.945 Y-16.491 E44.95799
G1 X14.945 Y-36.906 E45.98254
G1 X14.562 Y-36.924 E46.00178
G1 X14.562 Y-16.34 E47.03481
G1 X14.179 Y-16.233 E47.05477
G1 X14.179 Y-36.937 E48.09382
G1 X13.796 Y-36.938 E48.11304
G1 X13.796 Y-16.127 E49.15746
G1 X13.412 Y-16.1 E49.17678
G1 X13.412 Y-36.86 E50.21864
G1 X13.029 Y-36.782 E50.23826
G1 X13.029 Y-16.087 E51.27686
G1 X12.646 Y-16.077 E51.29609
G1 X12.646 Y-36.667 E52.32942
G1 X12.263 Y-36.488 E52.35064
G1 X12.263 Y-16.155 E53.37107
G1 X11.88 Y-16.233 E53.39069
G1 X11.88 Y-36.309 E54.39822
G1 X11.496 Y-36.033 E54.42195
G1 X11.496 Y-16.338 E55.41036
G1 X11.113 Y-16.517 E55.43158
G1 X11.113 Y-35.883 E56.40348
G1 X10.73 Y-36.096 E56.42547
G1 X10.73 Y-16.696 E57.39908
G1 X10.62 Y-16.748 E57.40519
G1 X10.347 Y-16.966 E57.42272
G1 X10.347 Y-36.292 E58.39261
G1 X9.963 Y-36.399 E58.41262
G1 X9.963 Y-16.82 E59.39521
G1 X9.58 Y-16.607 E59.4172
G1 X9.58 Y-36.505 E60.4158
G1 X9.197 Y-36.569 E60.43529
G1 X9.197 Y-16.394 E61.44779
G1 X8.814 Y-16.238 E61.46854
G1 X8.814 Y-36.591 E62.48997
G1 X8.431 Y-36.594 E62.50919
G1 X8.431 Y-16.124 E63.5365
G1 X8.047 Y-16.029 E63.55635
G1 X8.047 Y-36.555 E64.58647
G1 X7.664 Y-36.477 E64.60609
G1 X7.664 Y-15.992 E65.63415
G1 X7.281 Y-15.979 E65.65338
G1 X7.281 Y-36.399 E66.67818
G1 X7.224 Y-36.387 E66.6811
G1 X6.898 Y-36.235 E66.69915
G1 X6.898 Y-15.965 E67.71642
G1 X6.515 Y-16.042 E67.73603
G1 X6.515 Y-36.056 E68.74045
G1 X6.131 Y-35.839 E68.76259
G1 X6.131 Y-16.12 E69.75221
G1 X5.748 Y-16.226 E69.77215
G1 X5.748 Y-35.784 E70.75369
G1 X5.365 Y-36.006 E70.77591
G1 X5.365 Y-16.391 E71.76031
G1 X5.272 Y-16.431 E71.76539
G1 X4.982 Y-16.583 E71.78182
G1 X4.982 Y-36.215 E72.76707
G1 X4.599 Y-36.374 E72.78788
G1 X4.599 Y-16.841 E73.76816
G1 X4.475 Y-16.94 E73.77612
G1 X4.215 Y-16.796 E73.79104
G1 X4.215 Y-36.481 E74.77895
G1 X3.832 Y-36.587 E74.79889
G1 X3.832 Y-16.583 E75.80281
G1 X3.449 Y-16.371 E75.82478
G1 X3.449 Y-36.62 E76.84099
G1 X3.066 Y-36.633 E76.86022
G1 X3.066 Y-16.257 E77.88281
G1 X2.682 Y-16.151 E77.9028
G1 X2.682 Y-36.647 E78.93141
G1 X2.299 Y-36.571 E78.95101
G1 X2.299 Y-16.068 E79.97997
G1 X1.916 Y-16.054 E79.9992
G1 X1.916 Y-36.493 E81.02495
G1 X1.65 Y-36.439 E81.03857
G1 X1.533 Y-36.388 E81.04498
G1 X1.533 Y-16.041 E82.06611
G1 X1.15 Y-16.066 E82.08537
G1 X1.15 Y-36.223 E83.09697
G1 X.766 Y-36.031 E83.11852
G1 X.766 Y-16.144 E84.11657
G1 X.383 Y-16.222 E84.13619
G1 X.383 Y-35.83 E85.12024
G1 X.314 Y-35.793 E85.12417
G1 X0 Y-36.083 E85.14562
G1 X0 Y-16.365 E86.13519
G1 X-.383 Y-16.545 E86.15643
G1 X-.383 Y-36.31 E87.14835
G1 X-.766 Y-36.52 E87.17027
G1 X-.766 Y-16.735 E88.1632
G1 X-1.15 Y-16.975 E88.18593
G1 X-1.15 Y-36.686 E89.17514
G1 X-1.533 Y-36.792 E89.19508
G1 X-1.533 Y-16.762 E90.2003
G1 X-1.916 Y-16.549 E90.22229
G1 X-1.916 Y-36.899 E91.24357
G1 X-2.299 Y-36.938 E91.26289
G1 X-2.299 Y-16.368 E92.29521
G1 X-2.682 Y-16.262 E92.31515
G1 X-2.682 Y-36.951 E93.35345
G1 X-3.066 Y-36.965 E93.37273
G1 X-3.066 Y-16.155 E94.4171
G1 X-3.449 Y-16.103 E94.4365
G1 X-3.449 Y-36.895 E95.47997
G1 X-3.832 Y-36.817 E95.49959
G1 X-3.832 Y-16.089 E96.53984
G1 X-4.215 Y-16.076 E96.55907
G1 X-4.215 Y-36.725 E97.59536
G1 X-4.599 Y-36.546 E97.61662
G1 X-4.599 Y-16.132 E98.64112
G1 X-4.982 Y-16.211 E98.66075
G1 X-4.982 Y-36.367 E99.6723
G1 X-5.365 Y-36.115 E99.69531
G1 X-5.366 Y-16.289 E100.6903
G1 X-5.748 Y-16.468 E100.71147
G1 X-5.748 Y-36.031 E101.69326
G1 X-6.131 Y-36.244 E101.71525
G1 X-6.131 Y-16.647 E102.69874
G1 X-6.515 Y-16.881 E102.72131
G1 X-6.515 Y-36.458 E103.7038
G1 X-6.898 Y-36.617 E103.72461
G1 X-6.898 Y-16.878 E104.71523
G1 X-7.281 Y-16.664 E104.73725
G1 X-7.281 Y-36.724 E105.74398
G1 X-7.664 Y-36.83 E105.76392
G1 X-7.664 Y-16.451 E106.78666
G1 X-8.047 Y-16.269 E106.80794
G1 X-8.047 Y-36.865 E107.84157
G1 X-8.431 Y-36.882 E107.86086
G1 X-8.431 Y-16.154 E108.90111
G1 X-8.814 Y-16.055 E108.92096
G1 X-8.814 Y-36.882 E109.96618
G1 X-9.197 Y-36.816 E109.98568
G1 X-9.197 Y-15.996 E111.03055
G1 X-9.58 Y-15.982 E111.04978
G1 X-9.58 Y-36.738 E112.09144
G1 X-9.888 Y-36.675 E112.10722
G1 X-9.963 Y-36.64 E112.11137
G1 X-9.963 Y-15.969 E113.14876
G1 X-10.347 Y-16.021 E113.16821
G1 X-10.347 Y-36.461 E114.19401
G1 X-10.474 Y-36.401 E114.20106
G1 X-10.73 Y-36.544 E114.21578
G1 X-10.73 Y-16.099 E115.24183
G1 X-11.095 Y-16.174 E115.26053
G1 X-11.113 Y-36.677 E116.28949
G1 X-11.496 Y-36.784 E116.30945
G1 X-11.496 Y-16.347 E117.3351
G1 X-11.88 Y-16.529 E117.35643
G1 X-11.88 Y-36.882 E118.37786
G1 X-12.263 Y-36.905 E118.39712
G1 X-12.263 Y-16.759 E119.40817
G1 X-12.49 Y-16.941 E119.42277
G1 X-12.646 Y-16.854 E119.43173
G1 X-12.646 Y-36.917 E120.43861
G1 X-12.994 Y-36.917 E120.45607
G1 X-13.029 Y-16.641 E121.47364
G1 X-13.412 Y-16.428 E121.49563
G1 X-13.412 Y-36.832 E122.51962
G1 X-13.796 Y-36.754 E122.53928
G1 X-13.796 Y-16.288 E123.56638
G1 X-14.179 Y-16.182 E123.58632
G1 X-14.179 Y-36.632 E124.61262
G1 X-14.562 Y-36.453 E124.63384
G1 X-14.562 Y-16.075 E125.65653
G1 X-14.945 Y-16.059 E125.67577
G1 X-14.945 Y-36.442 E126.69871
G1 X-15.328 Y-36.608 E126.71966
G1 X-15.328 Y-16.045 E127.75163
G1 X-15.712 Y-16.051 E127.7709
G1 X-15.712 Y-36.715 E128.80794
G1 X-16.095 Y-36.821 E128.82788
G1 X-16.095 Y-16.118 E129.86688
G1 X-16.478 Y-16.202 E129.88656
G1 X-16.478 Y-36.86 E130.9233
G1 X-16.861 Y-36.874 E130.94253
G1 X-16.861 Y-16.318 E131.97415
G1 X-17.244 Y-16.497 E131.99537
G1 X-17.244 Y-36.888 E133.01871
G1 X-17.628 Y-36.818 E133.0383
G1 X-17.628 Y-16.676 E134.04914
G1 X-18.011 Y-16.96 E134.07307
G1 X-18.011 Y-36.74 E135.06575
G1 X-18.221 Y-36.697 E135.07651
G1 X-18.394 Y-36.789 E135.08634
G1 X-18.394 Y-17.027 E136.07811
G1 X-18.777 Y-16.911 E136.09819
G1 X-18.777 Y-36.911 E137.10191
G1 X-19.16 Y-37.018 E137.12187
G1 X-19.161 Y-16.795 E138.13678
G1 X-19.544 Y-16.73 E138.15628
G1 X-19.544 Y-37.107 E139.17892
G1 X-19.927 Y-37.121 E139.19815
G1 X-19.927 Y-16.704 E140.2228
G1 X-20.31 Y-16.677 E140.24207
G1 X-20.31 Y-37.134 E141.26872
G1 X-20.521 Y-37.142 E141.27932
G1 X-20.693 Y-37.111 E141.28809
G1 X-20.693 Y-16.719 E142.31148
G1 X-21.077 Y-16.778 E142.33098
G1 X-21.077 Y-37.044 E143.34805
G1 X-21.46 Y-36.955 E143.36778
G1 X-21.46 Y-16.843 E144.37712
G1 X-21.843 Y-16.994 E144.39778
G1 X-21.843 Y-36.82 E145.39277
G1 X-22.226 Y-36.641 E145.41399
G1 X-22.226 Y-16.979 E146.40075
G1 X-22.226 Y-16.979 F7800
G1 X29.124 Y-19.637
G1 F1800
G1 X29.124 Y-20.922 E146.46524
G1 X29.006 Y-21.915 E146.51543
G1 X28.741 Y-22.633 E146.55384
G1 X28.741 Y-18.636 E146.75443
G1 X28.741 Y-18.636 F7800
G1 X29.124 Y-29.039
G1 F1800
G1 X29.124 Y-33.321 E146.96933
G1 E144.96933 F2400
G92 E0
G1 X29.124 Y-33.321 F7800
G1 X-23.9 Y-40.056
G1 E2 F2400
;TYPE:Perimeter
;WIDTH:0.42
G1 F1800
G1 X-23.9 Y-38.956 E2.0552
G1 X-23.9 Y-12.726 E3.37158
G1 X-26.1 Y-12.726 E3.48199
G1 X-26.1 Y-40.056 E4.85357
G1 X-23.96 Y-40.056 E4.96097
G1 X-23.96 Y-40.056 F7800
G1 X-23.555 Y-40.401
G1 F1800
G1 X-23.555 Y-38.956 E5.03349
G1 X-23.555 Y-12.381 E6.36718
G1 X-26.445 Y-12.381 E6.51222
G1 X-26.445 Y-40.401 E7.91843
G1 X-23.615 Y-40.401 E8.06046
G1 X-23.615 Y-40.401 F7800
G1 X-23.21 Y-40.746
;TYPE:External perimeter
G1 F1800
G1 X-23.21 Y-38.956 E8.15029
G1 X-23.21 Y-12.036 E9.50129
G1 X-26.79 Y-12.036 E9.68096
G1 X-26.79 Y-40.746 E11.1218
G1 X-23.27 Y-40.746 E11.29845
G1 X-23.211 Y-40.35 F7800
G1 X-24.003 Y-39.245
;TYPE:Solid infill
;WIDTH:0.424895
G1 F1800
G1 X-24.556 Y-39.797 E11.33822
G1 X-25.05 Y-39.797 E11.36336
G1 X-24.158 Y-38.906 E11.42753
G1 X-24.158 Y-38.411 E11.45272
G1 X-25.545 Y-39.797 E11.55252
G1 X-25.842 Y-39.797 E11.56764
G1 X-25.842 Y-39.599 E11.57772
G1 X-24.158 Y-37.916 E11.6989
G1 X-24.158 Y-37.421 E11.72409
G1 X-25.842 Y-39.105 E11.84531
G1 X-25.842 Y-38.61 E11.8705
G1 X-24.158 Y-36.927 E11.99168
G1 X-24.158 Y-36.432 E12.01687
G1 X-25.842 Y-38.115 E12.13805
G1 X-25.842 Y-37.621 E12.16319
G1 X-24.158 Y-35.937 E12.28441
G1 X-24.158 Y-35.443 E12.30955
G1 X-25.842 Y-37.126 E12.43073
G1 X-25.842 Y-36.631 E12.45592
G1 X-24.158 Y-34.948 E12.5771
G1 X-24.158 Y-34.453 E12.60229
G1 X-25.842 Y-36.137 E12.72351
G1 X-25.842 Y-35.642 E12.7487
G1 X-24.158 Y-33.959 E12.86988
G1 X-24.158 Y-33.464 E12.89507
G1 X-25.842 Y-35.147 E13.01625
G1 X-25.842 Y-34.653 E13.04139
G1 X-24.158 Y-32.969 E13.16261
G1 X-24.158 Y-32.475 E13.18775
G1 X-25.842 Y-34.158 E13.30893
G1 X-25.842 Y-33.663 E13.33412
G1 X-24.158 Y-31.98 E13.4553
G1 X-24.158 Y-31.485 E13.48049
G1 X-25.842 Y-33.169 E13.60171
G1 X-25.842 Y-32.674 E13.6269
G1 X-24.158 Y-30.991 E13.74808
G1 X-24.158 Y-30.496 E13.77327
G1 X-25.842 Y-32.179 E13.89445
G1 X-25.842 Y-31.685 E13.91959
G1 X-24.158 Y-30.001 E14.04081
G1 X-24.158 Y-29.507 E14.06595
G1 X-25.842 Y-31.19 E14.18713
G1 X-25.842 Y-30.695 E14.21232
G1 X-24.158 Y-29.012 E14.3335
G1 X-24.158 Y-28.517 E14.35869
G1 X-25.842 Y-30.201 E14.47991
G1 X-25.842 Y-29.706 E14.5051
G1 X-24.158 Y-28.023 E14.62628
G1 X-24.158 Y-27.528 E14.65147
G1 X-25.842 Y-29.211 E14.77265
G1 X-25.842 Y-28.717 E14.79779
G1 X-24.158 Y-27.033 E14.91901
G1 X-24.158 Y-26.539 E14.94415
G1 X-25.842 Y-28.222 E15.06533
G1 X-25.842 Y-27.727 E15.09052
G1 X-24.158 Y-26.044 E15.2117
G1 X-24.158 Y-25.549 E15.23689
G1 X-25.842 Y-27.233 E15.35811
G1 X-25.842 Y-26.738 E15.3833
G1 X-24.158 Y-25.055 E15.50448
G1 X-24.158 Y-24.56 E15.52967
G1 X-25.842 Y-26.243 E15.65085
G1 X-25.842 Y-25.749 E15.67599
G1 X-24.158 Y-24.065 E15.79721
G1 X-24.158 Y-23.571 E15.82235
G1 X-25.842 Y-25.254 E15.94353
G1 X-25.842 Y-24.759 E15.96872
G1 X-24.158 Y-23.076 E16.0899
G1 X-24.158 Y-22.581 E16.11509
G1 X-25.842 Y-24.265 E16.23631
G1 X-25.842 Y-23.77 E16.2615
G1 X-24.158 Y-22.087 E16.38268
G1 X-24.158 Y-21.592 E16.40787
G1 X-25.842 Y-23.275 E16.52905
G1 X-25.842 Y-22.781 E16.55419
G1 X-24.158 Y-21.097 E16.67541
G1 X-24.158 Y-20.603 E16.70055
G1 X-25.842 Y-22.286 E16.82173
G1 X-25.842 Y-21.791 E16.84692
G1 X-24.158 Y-20.108 E16.9681
G1 X-24.158 Y-19.613 E16.99329
G1 X-25.842 Y-21.297 E17.11451
G1 X-25.842 Y-20.802 E17.1397
G1 X-24.158 Y-19.119 E17.26088
G1 X-24.158 Y-18.624 E17.28607
G1 X-25.842 Y-20.307 E17.40725
G1 X-25.842 Y-19.813 E17.43239
G1 X-24.158 Y-18.129 E17.55361
G1 X-24.158 Y-17.635 E17.57875
G1 X-25.842 Y-19.318 E17.69993
G1 X-25.842 Y-18.823 E17.72512
G1 X-24.158 Y-17.14 E17.8463
G1 X-24.158 Y-16.645 E17.87149
G1 X-25.842 Y-18.328 E17.99267
G1 X-25.842 Y-17.834 E18.01781
G1 X-24.158 Y-16.151 E18.13899
G1 X-24.158 Y-15.656 E18.16418
G1 X-25.842 Y-17.339 E18.28536
G1 X-25.842 Y-16.844 E18.31055
G1 X-24.158 Y-15.161 E18.43173
G1 X-24.158 Y-14.667 E18.45687
G1 X-25.842 Y-16.35 E18.57805
G1 X-25.842 Y-15.855 E18.60324
G1 X-24.158 Y-14.172 E18.72442
G1 X-24.158 Y-13.677 E18.74961
G1 X-25.842 Y-15.36 E18.87079
G1 X-25.842 Y-14.866 E18.89593
G1 X-24.158 Y-13.183 E19.01711
G1 X-24.158 Y-12.985 E19.02719
G1 X-24.455 Y-12.985 E19.04231
G1 X-25.842 Y-14.371 E19.14211
G1 X-25.842 Y-13.876 E19.1673
G1 X-24.95 Y-12.985 E19.23147
G1 X-25.444 Y-12.985 E19.25661
G1 X-25.997 Y-13.537 E19.29638
M106 S127.5
;LAYER_CHANGE
;Z:0.65
;HEIGHT:0.3
G1 Z.65 F7800
M104 S210 ; set temperature
G1 E17.29638 F2400
G92 E0
G1 X-25.997 Y-13.537 F7800
G1 X6.159 Y-20.872
G1 E2 F2400
;TYPE:Support material
;WIDTH:0.35
G1 F3600
G1 X6.252 Y-21.103 E2.00887
G1 X6.604 Y-21.499 E2.02774
G1 X7.146 Y-21.699 E2.04832
G1 X7.15 Y-22.049 E2.06079
G1 X7.824 Y-21.955 E2.08503
G1 X8.136 Y-21.79 E2.0976
G1 X8.413 Y-21.541 E2.11087
G1 X8.746 Y-20.902 E2.13654
G1 X8.746 Y-20.181 E2.16222
G1 X8.413 Y-19.541 E2.18792
G1 X7.813 Y-19.122 E2.21399
G1 X7.107 Y-19.033 E2.23934
G1 X6.433 Y-19.277 E2.26488
G1 X5.943 Y-19.81 E2.29067
G1 X5.81 Y-20.141 E2.30338
G1 X5.757 Y-20.582 E2.3192
G1 X5.943 Y-21.272 E2.34466
G1 X6.414 Y-21.795 E2.36973
G1 X7.107 Y-22.049 E2.39602
G1 X7.107 Y-22.049 F7800
G1 X7.517 Y-22.395
G1 F3600
G1 X8.279 Y-22.111 E2.42499
G1 X8.678 Y-21.774 E2.4436
G1 X8.93 Y-21.404 E2.45955
G1 X9.088 Y-20.986 E2.47547
G1 X9.133 Y-20.468 E2.49399
G1 X8.93 Y-19.678 E2.52305
G1 X8.678 Y-19.309 E2.53897
G1 X8.345 Y-19.01 E2.55491
G1 X7.877 Y-18.776 E2.57355
G1 X7.069 Y-18.683 E2.60252
G1 X6.562 Y-18.814 E2.62117
G1 X5.895 Y-19.277 E2.65009
G1 X5.634 Y-19.641 E2.66605
G1 X5.468 Y-20.053 E2.68187
G1 X5.404 Y-20.587 E2.70103
G1 X5.467 Y-21.027 E2.71686
G1 X5.634 Y-21.442 E2.7328
G1 X6.171 Y-22.051 E2.76172
G1 X6.633 Y-22.299 E2.7804
G1 X7.069 Y-22.4 E2.79634
G1 X7.474 Y-22.395 E2.81077
G1 E.81077 F2400
G92 E0
G1 X7.474 Y-22.395 F7800
G1 X11.927 Y-20.98
G1 E2 F2400
G1 F3600
G1 X12.02 Y-21.211 E2.00887
G1 X12.372 Y-21.608 E2.02777
G1 X12.914 Y-21.808 E2.04835
G1 X12.918 Y-22.158 E2.06082
G1 X13.592 Y-22.063 E2.08507
G1 X13.904 Y-21.898 E2.09764
G1 X14.181 Y-21.65 E2.11088
G1 X14.513 Y-21.01 E2.13656
G1 X14.514 Y-20.289 E2.16224
G1 X14.181 Y-19.65 E2.18791
G1 X13.581 Y-19.231 E2.21398
G1 X12.875 Y-19.142 E2.23933
G1 X12.201 Y-19.385 E2.26485
G1 X11.711 Y-19.919 E2.29067
G1 X11.578 Y-20.25 E2.30338
G1 X11.525 Y-20.691 E2.3192
G1 X11.711 Y-21.381 E2.34466
G1 X12.182 Y-21.904 E2.36973
G1 X12.875 Y-22.158 E2.39602
G1 X12.875 Y-22.158 F7800
G1 X13.284 Y-22.503
G1 F3600
G1 X14.047 Y-22.22 E2.42501
G1 X14.446 Y-21.882 E2.44364
G1 X14.698 Y-21.513 E2.45956
G1 X14.856 Y-21.094 E2.47551
G1 X14.901 Y-20.577 E2.494
G1 X14.698 Y-19.787 E2.52306
G1 X14.446 Y-19.417 E2.53901
G1 X14.112 Y-19.118 E2.55498
G1 X13.645 Y-18.885 E2.57357
G1 X12.837 Y-18.791 E2.60255
G1 X12.33 Y-18.922 E2.6212
G1 X11.663 Y-19.386 E2.65015
G1 X11.402 Y-19.749 E2.66608
G1 X11.236 Y-20.162 E2.68194
G1 X11.172 Y-20.695 E2.70106
G1 X11.235 Y-21.136 E2.71693
G1 X11.402 Y-21.551 E2.73287
G1 X11.939 Y-22.159 E2.76177
G1 X12.401 Y-22.407 E2.78045
G1 X12.837 Y-22.508 E2.79639
G1 X13.242 Y-22.504 E2.81082
G1 E.81082 F2400
G92 E0
G1 X13.242 Y-22.504 F7800
G1 X17.555 Y-20.953
G1 E2 F2400
G1 F3600
G1 X17.648 Y-21.184 E2.00887
G1 X18 Y-21.58 E2.02774
G1 X18.542 Y-21.78 E2.04832
G1 X18.546 Y-22.13 E2.06079
G1 X19.22 Y-22.036 E2.08503
G1 X19.532 Y-21.871 E2.0976
G1 X19.808 Y-21.623 E2.11082
G1 X20.141 Y-20.983 E2.13652
G1 X20.141 Y-20.262 E2.1622
G1 X19.808 Y-19.622 E2.1879
G1 X19.209 Y-19.204 E2.21392
G1 X18.503 Y-19.114 E2.23927
G1 X17.829 Y-19.358 E2.26481
G1 X17.339 Y-19.892 E2.29063
G1 X17.206 Y-20.223 E2.30334
G1 X17.153 Y-20.664 E2.31916
G1 X17.339 Y-21.354 E2.34462
G1 X17.81 Y-21.876 E2.36967
G1 X18.503 Y-22.131 E2.39598
G1 X18.503 Y-22.131 F7800
G1 X18.912 Y-22.476
G1 F3600
G1 X19.675 Y-22.192 E2.42498
G1 X20.074 Y-21.855 E2.44359
G1 X20.326 Y-21.486 E2.45951
G1 X20.484 Y-21.067 E2.47546
G1 X20.529 Y-20.55 E2.49395
G1 X20.326 Y-19.759 E2.52304
G1 X20.074 Y-19.39 E2.53896
G1 X19.74 Y-19.091 E2.55493
G1 X19.273 Y-18.858 E2.57352
G1 X18.465 Y-18.764 E2.6025
G1 X17.958 Y-18.895 E2.62115
G1 X17.29 Y-19.359 E2.65012
G1 X17.03 Y-19.722 E2.66603
G1 X16.864 Y-20.135 E2.68189
G1 X16.8 Y-20.668 E2.70101
G1 X16.863 Y-21.109 E2.71688
G1 X17.03 Y-21.523 E2.73278
G1 X17.567 Y-22.132 E2.7617
G1 X18.029 Y-22.38 E2.78038
G1 X18.465 Y-22.481 E2.79632
G1 X18.869 Y-22.477 E2.81071
G1 E.81071 F2400
G92 E0
G1 X18.869 Y-22.477 F7800
G1 X23.429 Y-21.171
G1 E2 F2400
G1 F3600
G1 X23.522 Y-21.402 E2.00887
G1 X23.874 Y-21.798 E2.02774
G1 X24.416 Y-21.998 E2.04832
G1 X24.42 Y-22.348 E2.06079
G1 X25.094 Y-22.254 E2.08503
G1 X25.405 Y-22.089 E2.09757
G1 X25.682 Y-21.841 E2.11081
G1 X26.015 Y-21.201 E2.13651
G1 X26.015 Y-20.48 E2.16219
G1 X25.682 Y-19.84 E2.18789
G1 X25.082 Y-19.422 E2.21394
G1 X24.377 Y-19.332 E2.23926
G1 X23.703 Y-19.576 E2.2648
G1 X23.213 Y-20.11 E2.29062
G1 X23.08 Y-20.44 E2.30329
G1 X23.027 Y-20.882 E2.31915
G1 X23.213 Y-21.572 E2.34461
G1 X23.683 Y-22.094 E2.36963
G1 X24.377 Y-22.349 E2.39597
G1 X24.377 Y-22.349 F7800
G1 X24.786 Y-22.694
G1 F3600
G1 X25.549 Y-22.41 E2.42497
G1 X25.947 Y-22.073 E2.44355
G1 X26.2 Y-21.704 E2.45949
G1 X26.358 Y-21.285 E2.47544
G1 X26.403 Y-20.767 E2.49396
G1 X26.2 Y-19.977 E2.52302
G1 X25.947 Y-19.608 E2.53896
G1 X25.614 Y-19.309 E2.5549
G1 X25.147 Y-19.076 E2.57349
G1 X24.339 Y-18.982 E2.60247
G1 X23.831 Y-19.113 E2.62116
G1 X23.164 Y-19.576 E2.65008
G1 X22.904 Y-19.94 E2.66602
G1 X22.738 Y-20.353 E2.68188
G1 X22.674 Y-20.886 E2.701
G1 X22.737 Y-21.326 E2.71683
G1 X22.904 Y-21.741 E2.73277
G1 X23.441 Y-22.35 E2.76169
G1 X23.903 Y-22.598 E2.78037
G1 X24.339 Y-22.699 E2.79631
G1 X24.743 Y-22.695 E2.8107
G1 E.8107 F2400
G92 E0
G1 X24.743 Y-22.695 F7800
G1 X23.813 Y-26.343
G1 E2 F2400
G1 F3600
G1 X24.079 Y-26.815 E2.0193
G1 X24.292 Y-26.998 E2.0293
G1 X24.801 Y-27.186 E2.04863
G1 X24.806 Y-27.536 E2.0611
G1 X25.492 Y-27.44 E2.08578
G1 X26.081 Y-27.024 E2.11147
G1 X26.285 Y-26.723 E2.12442
G1 X26.454 Y-26.022 E2.15011
G1 X26.409 Y-25.661 E2.16307
G1 X26.073 Y-25.022 E2.18879
G1 X25.794 Y-24.774 E2.20209
G1 X25.128 Y-24.522 E2.22746
G1 X24.765 Y-24.519 E2.24039
G1 X24.221 Y-24.678 E2.26058
G1 X23.81 Y-24.663 E2.27523
G1 X23.267 Y-24.274 E2.29903
G1 X22.962 Y-23.711 E2.32184
G1 X22.372 Y-23.298 E2.3475
G1 X21.657 Y-23.203 E2.3732
G1 X21.304 Y-23.286 E2.38612
G1 X20.709 Y-23.681 E2.41156
G1 X20.456 Y-24.055 E2.42765
G1 X20.307 Y-24.67 E2.45019
G1 X20.36 Y-25.112 E2.46605
G1 X20.704 Y-25.738 E2.4915
G1 X21.262 Y-26.123 E2.51565
G1 X21.657 Y-26.22 E2.53014
G1 X22.374 Y-26.125 E2.55591
G1 X22.801 Y-25.901 E2.57309
G1 X23.453 Y-26.386 E2.60204
G1 X23.605 Y-26.754 E2.61622
G1 X24.097 Y-27.291 E2.64217
G1 X24.763 Y-27.537 E2.66746
G1 X24.763 Y-27.537 F7800
G1 X25.188 Y-27.881
G1 F3600
G1 X25.621 Y-27.768 E2.6834
G1 X26.015 Y-27.556 E2.69934
G1 X26.347 Y-27.255 E2.7153
G1 X26.725 Y-26.549 E2.74383
G1 X26.806 Y-26.021 E2.76286
G1 X26.751 Y-25.576 E2.77883
G1 X26.592 Y-25.158 E2.79476
G1 X26.337 Y-24.789 E2.81074
G1 X25.957 Y-24.464 E2.82855
G1 X25.173 Y-24.172 E2.85835
G1 X24.726 Y-24.169 E2.87427
G1 X24.158 Y-24.325 E2.89525
G1 X23.928 Y-24.317 E2.90345
G1 X23.557 Y-24.052 E2.91969
G1 X23.228 Y-23.479 E2.94323
G1 X22.894 Y-23.18 E2.9592
G1 X22.5 Y-22.969 E2.97512
G1 X22.066 Y-22.858 E2.99108
G1 X21.619 Y-22.853 E3.007
G1 X21.183 Y-22.954 E3.02294
G1 X20.784 Y-23.156 E3.03887
G1 X20.446 Y-23.446 E3.05474
G1 X20.143 Y-23.892 E3.07395
G1 X19.954 Y-24.666 E3.10233
G1 X20.018 Y-25.199 E3.12145
G1 X20.184 Y-25.612 E3.13731
G1 X20.444 Y-25.976 E3.15325
G1 X21.112 Y-26.439 E3.1822
G1 X21.619 Y-26.57 E3.20085
G1 X22.066 Y-26.565 E3.21677
G1 X22.769 Y-26.313 E3.24337
G1 X23.166 Y-26.609 E3.26101
G1 X23.56 Y-27.292 E3.2891
G1 X23.901 Y-27.584 E3.30509
G1 X24.634 Y-27.869 E3.33311
G1 X25.145 Y-27.882 E3.35132
G1 E1.35132 F2400
G92 E0
G1 X25.145 Y-27.882 F7800
G1 X23.775 Y-31.514
G1 E2 F2400
G1 F3600
G1 X24.039 Y-31.975 E2.01892
G1 X24.242 Y-32.149 E2.02844
G1 X24.77 Y-32.339 E2.04843
G1 X24.77 Y-32.689 E2.0609
G1 X25.439 Y-32.594 E2.08497
G1 X25.759 Y-32.423 E2.0979
G1 X26.235 Y-31.88 E2.12362
G1 X26.406 Y-31.18 E2.14929
G1 X26.234 Y-30.479 E2.175
G1 X26.025 Y-30.174 E2.18817
G1 X25.439 Y-29.766 E2.21361
G1 X24.724 Y-29.672 E2.2393
G1 X24.05 Y-29.915 E2.26482
G1 X23.56 Y-30.449 E2.29064
G1 X23.426 Y-30.78 E2.30336
G1 X23.374 Y-31.221 E2.31918
G1 X23.523 Y-31.837 E2.34176
G1 X23.776 Y-32.21 E2.35782
G1 X24.047 Y-32.442 E2.37053
G1 X24.727 Y-32.689 E2.3963
G1 X24.727 Y-32.689 F7800
G1 X25.057 Y-33.039
G1 F3600
G1 X25.566 Y-32.922 E2.41491
G1 X25.961 Y-32.711 E2.43086
G1 X26.294 Y-32.413 E2.44678
G1 X26.679 Y-31.694 E2.47583
G1 X26.758 Y-31.18 E2.49436
G1 X26.705 Y-30.736 E2.51029
G1 X26.547 Y-30.317 E2.52624
G1 X26.24 Y-29.895 E2.54483
G1 X25.566 Y-29.437 E2.57386
G1 X25.133 Y-29.326 E2.58978
G1 X24.686 Y-29.321 E2.6057
G1 X24.178 Y-29.453 E2.6244
G1 X23.511 Y-29.916 E2.65332
G1 X23.251 Y-30.279 E2.66923
G1 X23.084 Y-30.692 E2.6851
G1 X23.021 Y-31.225 E2.70422
G1 X23.21 Y-32 E2.73264
G1 X23.513 Y-32.446 E2.75185
G1 X23.851 Y-32.735 E2.76769
G1 X24.25 Y-32.937 E2.78362
G1 X25.014 Y-33.039 E2.81108
G1 E.81108 F2400
G92 E0
G1 X25.014 Y-33.039 F7800
G1 X18.904 Y-32.4
G1 E2 F2400
G1 F3600
G1 X18.996 Y-32.631 E2.00886
G1 X19.348 Y-33.027 E2.02773
G1 X19.891 Y-33.227 E2.04834
G1 X19.895 Y-33.577 E2.06081
G1 X20.568 Y-33.483 E2.08502
G1 X20.88 Y-33.318 E2.09759
G1 X21.157 Y-33.07 E2.11083
G1 X21.49 Y-32.43 E2.13653
G1 X21.49 Y-31.709 E2.16221
G1 X21.157 Y-31.069 E2.18791
G1 X20.557 Y-30.65 E2.21398
G1 X19.852 Y-30.561 E2.23929
G1 X19.177 Y-30.805 E2.26486
G1 X18.687 Y-31.338 E2.29065
G1 X18.554 Y-31.669 E2.30336
G1 X18.501 Y-32.111 E2.31922
G1 X18.687 Y-32.8 E2.34464
G1 X19.158 Y-33.323 E2.36971
G1 X19.852 Y-33.578 E2.39605
G1 X19.852 Y-33.578 F7800
G1 X20.261 Y-33.923
G1 F3600
G1 X21.024 Y-33.639 E2.42505
G1 X21.422 Y-33.302 E2.44363
G1 X21.675 Y-32.933 E2.45957
G1 X21.832 Y-32.514 E2.47551
G1 X21.877 Y-31.996 E2.49403
G1 X21.675 Y-31.206 E2.52308
G1 X21.422 Y-30.837 E2.53902
G1 X21.089 Y-30.538 E2.55496
G1 X20.621 Y-30.304 E2.5736
G1 X19.813 Y-30.211 E2.60257
G1 X19.306 Y-30.342 E2.62122
G1 X18.639 Y-30.805 E2.65014
G1 X18.378 Y-31.169 E2.6661
G1 X18.212 Y-31.582 E2.68196
G1 X18.148 Y-32.115 E2.70108
G1 X18.211 Y-32.555 E2.71691
G1 X18.378 Y-32.97 E2.73285
G1 X18.915 Y-33.579 E2.76177
G1 X19.378 Y-33.827 E2.78048
G1 X19.813 Y-33.928 E2.79639
G1 X20.218 Y-33.923 E2.81082
G1 E.81082 F2400
G92 E0
G1 X20.218 Y-33.923 F7800
G1 X18.247 Y-28.313
G1 E2 F2400
G1 F3600
G1 X18.482 Y-28.752 E2.01774
G1 X18.714 Y-28.951 E2.02863
G1 X19.234 Y-29.14 E2.04834
G1 X19.238 Y-29.49 E2.06081
G1 X19.91 Y-29.396 E2.08498
G1 X20.23 Y-29.225 E2.09791
G1 X20.704 Y-28.687 E2.12345
G1 X20.833 Y-28.343 E2.13654
G1 X20.833 Y-27.622 E2.16222
G1 X20.706 Y-27.282 E2.17515
G1 X20.232 Y-26.74 E2.2008
G1 X19.91 Y-26.568 E2.2138
G1 X18.928 Y-26.316 E2.24992
G1 X19.22 Y-25.549 E2.27916
G1 X19.014 Y-25.27 E2.29151
G1 X19.178 Y-24.581 E2.31674
G1 X19.006 Y-23.881 E2.34242
G1 X18.531 Y-23.339 E2.36809
G1 X18.174 Y-23.154 E2.38241
G1 X17.496 Y-23.073 E2.40673
G1 X16.802 Y-23.328 E2.43307
G1 X16.332 Y-23.85 E2.45809
G1 X16.146 Y-24.54 E2.48355
G1 X16.198 Y-24.982 E2.4994
G1 X16.332 Y-25.312 E2.51209
G1 X16.802 Y-25.835 E2.53714
G1 X17.141 Y-26.007 E2.55068
G1 X17.846 Y-26.166 E2.57643
G1 X18.192 Y-26.976 E2.60781
G1 X17.898 Y-27.577 E2.63164
G1 X17.845 Y-28.023 E2.64764
G1 X18.033 Y-28.718 E2.67329
G1 X18.518 Y-29.244 E2.69878
G1 X19.195 Y-29.49 E2.72444
G1 X19.195 Y-29.49 F7800
G1 X19.604 Y-29.836
G1 F3600
G1 X20.038 Y-29.725 E2.7404
G1 X20.432 Y-29.514 E2.75632
G1 X20.977 Y-28.908 E2.78535
G1 X21.176 Y-28.427 E2.80389
G1 X21.229 Y-27.982 E2.81985
G1 X21.176 Y-27.538 E2.83578
G1 X21.018 Y-27.119 E2.85173
G1 X20.764 Y-26.748 E2.86775
G1 X20.433 Y-26.451 E2.88359
G1 X20.038 Y-26.24 E2.89954
G1 X19.394 Y-26.075 E2.92322
G1 X19.615 Y-25.495 E2.94533
G1 X19.407 Y-25.214 E2.95778
G1 X19.53 Y-24.581 E2.98075
G1 X19.476 Y-24.137 E2.99668
G1 X19.319 Y-23.718 E3.01262
G1 X19.066 Y-23.349 E3.02856
G1 X18.733 Y-23.05 E3.0445
G1 X18.266 Y-22.816 E3.06311
G1 X17.458 Y-22.723 E3.09208
G1 X17.022 Y-22.824 E3.10802
G1 X16.56 Y-23.072 E3.1267
G1 X16.023 Y-23.681 E3.15562
G1 X15.856 Y-24.095 E3.17152
G1 X15.793 Y-24.536 E3.18739
G1 X15.856 Y-25.069 E3.20651
G1 X16.023 Y-25.482 E3.22238
G1 X16.56 Y-26.091 E3.2513
G1 X17.021 Y-26.338 E3.26993
G1 X17.595 Y-26.468 E3.2909
G1 X17.801 Y-26.953 E3.30967
G1 X17.556 Y-27.493 E3.33079
G1 X17.492 Y-28.027 E3.34995
G1 X17.555 Y-28.468 E3.36582
G1 X17.931 Y-29.187 E3.39472
G1 X18.322 Y-29.537 E3.41341
G1 X18.721 Y-29.739 E3.42934
G1 X19.157 Y-29.841 E3.44529
G1 X19.562 Y-29.836 E3.45972
G1 E1.45972 F2400
G92 E0
G1 X19.562 Y-29.836 F7800
G1 X13.113 Y-32.707
G1 E2 F2400
G1 F3600
G1 X13.378 Y-33.168 E2.01894
G1 X13.581 Y-33.342 E2.02846
G1 X14.108 Y-33.532 E2.04842
G1 X14.108 Y-33.882 E2.06089
G1 X14.777 Y-33.787 E2.08496
G1 X15.098 Y-33.616 E2.09792
G1 X15.573 Y-33.073 E2.12362
G1 X15.744 Y-32.373 E2.14929
G1 X15.573 Y-31.672 E2.17499
G1 X15.364 Y-31.367 E2.18816
G1 X14.777 Y-30.959 E2.21363
G1 X14.063 Y-30.865 E2.23929
G1 X13.388 Y-31.108 E2.26485
G1 X12.898 Y-31.642 E2.29067
G1 X12.765 Y-31.973 E2.30338
G1 X12.712 Y-32.414 E2.3192
G1 X12.861 Y-33.03 E2.34178
G1 X13.115 Y-33.403 E2.35786
G1 X13.385 Y-33.635 E2.37054
G1 X14.066 Y-33.882 E2.39635
G1 X14.066 Y-33.882 F7800
G1 X14.395 Y-34.232
G1 F3600
G1 X14.905 Y-34.115 E2.41499
G1 X15.3 Y-33.904 E2.43094
G1 X15.633 Y-33.606 E2.44686
G1 X16.018 Y-32.887 E2.47591
G1 X16.097 Y-32.373 E2.49444
G1 X16.043 Y-31.929 E2.51037
G1 X15.886 Y-31.51 E2.52631
G1 X15.579 Y-31.088 E2.5449
G1 X14.905 Y-30.63 E2.57393
G1 X14.472 Y-30.519 E2.58985
G1 X14.024 Y-30.514 E2.60581
G1 X13.517 Y-30.646 E2.62447
G1 X12.85 Y-31.109 E2.65339
G1 X12.589 Y-31.472 E2.66932
G1 X12.423 Y-31.885 E2.68518
G1 X12.359 Y-32.418 E2.7043
G1 X12.549 Y-33.193 E2.73273
G1 X12.852 Y-33.638 E2.75191
G1 X13.19 Y-33.928 E2.76778
G1 X13.589 Y-34.13 E2.78371
G1 X14.352 Y-34.232 E2.81113
G1 E.81113 F2400
G92 E0
G1 X14.352 Y-34.232 F7800
G1 X12.324 Y-28.466
G1 E2 F2400
G1 F3600
G1 X12.559 Y-28.905 E2.01774
G1 X12.79 Y-29.104 E2.0286
G1 X13.311 Y-29.293 E2.04834
G1 X13.315 Y-29.643 E2.06081
G1 X13.635 Y-29.639 E2.07221
G1 X14.307 Y-29.377 E2.0979
G1 X14.578 Y-29.134 E2.11087
G1 X14.91 Y-28.495 E2.13652
G1 X14.954 Y-28.135 E2.14944
G1 X14.782 Y-27.434 E2.17515
G1 X14.574 Y-27.129 E2.1883
G1 X13.987 Y-26.721 E2.21377
G1 X13.533 Y-26.604 E2.23047
G1 X13.196 Y-26.402 E2.24447
G1 X13.026 Y-25.619 E2.27301
G1 X13.357 Y-24.977 E2.29874
G1 X13.401 Y-24.616 E2.3117
G1 X13.23 Y-23.917 E2.33734
G1 X12.754 Y-23.374 E2.36306
G1 X12.397 Y-23.189 E2.37738
G1 X11.719 Y-23.108 E2.4017
G1 X11.025 Y-23.363 E2.42804
G1 X10.555 Y-23.885 E2.45306
G1 X10.369 Y-24.575 E2.47852
G1 X10.421 Y-25.017 E2.49437
G1 X10.766 Y-25.642 E2.5198
G1 X11.042 Y-25.878 E2.53274
G1 X11.366 Y-26.043 E2.54569
G1 X11.971 Y-26.186 E2.56784
G1 X12.223 Y-26.615 E2.58556
G1 X12.199 Y-27.247 E2.60809
G1 X11.975 Y-27.729 E2.62702
G1 X11.922 Y-28.176 E2.64306
G1 X11.972 Y-28.529 E2.65576
G1 X12.287 Y-29.127 E2.67984
G1 X12.595 Y-29.397 E2.69443
G1 X13.272 Y-29.643 E2.72009
G1 X13.681 Y-29.988 F7800
G1 F3600
G1 X14.115 Y-29.877 E2.73605
G1 X14.509 Y-29.666 E2.75197
G1 X15.054 Y-29.061 E2.78098
G1 X15.253 Y-28.579 E2.79956
G1 X15.306 Y-28.135 E2.81549
G1 X15.253 Y-27.69 E2.83145
G1 X15.095 Y-27.272 E2.84737
G1 X14.841 Y-26.9 E2.86342
G1 X14.51 Y-26.604 E2.87924
G1 X13.506 Y-26.18 E2.91807
G1 X13.4 Y-25.691 E2.93589
G1 X13.7 Y-25.061 E2.96075
G1 X13.753 Y-24.616 E2.97671
G1 X13.674 Y-24.102 E2.99524
G1 X13.289 Y-23.384 E3.02426
G1 X12.956 Y-23.085 E3.0402
G1 X12.489 Y-22.851 E3.05881
G1 X11.681 Y-22.758 E3.08778
G1 X11.245 Y-22.859 E3.10372
G1 X10.783 Y-23.107 E3.1224
G1 X10.246 Y-23.716 E3.15132
G1 X10.079 Y-24.131 E3.16726
G1 X10.016 Y-24.571 E3.18309
G1 X10.079 Y-25.104 E3.20221
G1 X10.246 Y-25.517 E3.21808
G1 X10.506 Y-25.881 E3.23402
G1 X10.846 Y-26.172 E3.24996
G1 X11.245 Y-26.374 E3.26589
G1 X11.745 Y-26.492 E3.28419
G1 X11.869 Y-26.704 E3.29294
G1 X11.853 Y-27.148 E3.30877
G1 X11.633 Y-27.645 E3.32813
G1 X11.569 Y-28.18 E3.34732
G1 X11.632 Y-28.621 E3.36319
G1 X12.008 Y-29.339 E3.39206
G1 X12.399 Y-29.69 E3.41078
G1 X12.798 Y-29.892 E3.42671
G1 X13.234 Y-29.993 E3.44265
G1 X13.638 Y-29.989 E3.45704
G1 E1.45704 F2400
G92 E0
G1 X13.638 Y-29.989 F7800
G1 X7.561 Y-32.358
G1 E2 F2400
G1 F3600
G1 X7.65 Y-32.597 E2.00909
G1 X8.018 Y-32.996 E2.02843
G1 X8.545 Y-33.186 E2.04839
G1 X8.545 Y-33.536 E2.06086
G1 X9.214 Y-33.441 E2.08493
G1 X9.534 Y-33.27 E2.09786
G1 X10.008 Y-32.732 E2.1234
G1 X10.138 Y-32.388 E2.1365
G1 X10.138 Y-31.667 E2.16218
G1 X10.01 Y-31.327 E2.17512
G1 X9.534 Y-30.784 E2.20084
G1 X9.213 Y-30.612 E2.21381
G1 X8.579 Y-30.446 E2.23716
G1 X8.576 Y-29.775 E2.26106
G1 X9.269 Y-28.495 E2.31291
G1 X9.269 Y-27.774 E2.33859
G1 X9.123 Y-27.405 E2.35273
G1 X8.666 Y-26.892 E2.3772
G1 X8.351 Y-26.724 E2.38992
G1 X7.697 Y-26.573 E2.41383
G1 X7.406 Y-26.209 E2.43043
G1 X7.381 Y-25.515 E2.45517
G1 X7.666 Y-24.941 E2.478
G1 X7.709 Y-24.58 E2.49095
G1 X7.538 Y-23.88 E2.51662
G1 X7.063 Y-23.338 E2.54229
G1 X6.705 Y-23.153 E2.55665
G1 X6.028 Y-23.072 E2.58094
G1 X5.334 Y-23.326 E2.60727
G1 X4.863 Y-23.849 E2.63234
G1 X4.677 Y-24.539 E2.6578
G1 X4.73 Y-24.98 E2.67362
G1 X4.863 Y-25.311 E2.68633
G1 X5.287 Y-25.796 E2.70928
G1 X5.651 Y-26.001 E2.72416
G1 X6.222 Y-26.134 E2.74505
G1 X6.547 Y-26.444 E2.76105
G1 X6.62 Y-27.16 E2.78669
G1 X6.332 Y-27.735 E2.8096
G1 X6.28 Y-28.099 E2.8227
G1 X6.435 Y-28.802 E2.84835
G1 X6.897 Y-29.354 E2.87399
G1 X7.216 Y-29.533 E2.88702
G1 X7.877 Y-29.727 E2.91156
G1 X7.879 Y-30.388 E2.93511
G1 X7.653 Y-30.893 E2.95482
G1 X7.341 Y-31.286 E2.9727
G1 X7.181 Y-31.713 E2.98894
G1 X7.183 Y-32.347 E3.01153
G1 X7.339 Y-32.763 E3.02736
G1 X7.547 Y-33.053 E3.04007
G1 X8.146 Y-33.453 E3.06573
G1 X8.502 Y-33.536 E3.07875
G1 X8.502 Y-33.536 F7800
G1 X8.832 Y-33.886
G1 F3600
G1 X9.342 Y-33.769 E3.09739
G1 X9.737 Y-33.558 E3.11334
G1 X10.282 Y-32.953 E3.14235
G1 X10.48 Y-32.471 E3.16091
G1 X10.525 Y-31.954 E3.1794
G1 X10.322 Y-31.164 E3.20846
G1 X10.07 Y-30.794 E3.22441
G1 X9.737 Y-30.496 E3.24033
G1 X9.342 Y-30.284 E3.2563
G1 X8.928 Y-30.176 E3.27154
G1 X8.927 Y-29.849 E3.28319
G1 X9.1 Y-29.463 E3.29826
G1 X9.454 Y-28.998 E3.31908
G1 X9.612 Y-28.579 E3.33503
G1 X9.665 Y-28.135 E3.35096
G1 X9.612 Y-27.69 E3.36692
G1 X9.413 Y-27.209 E3.38546
G1 X8.868 Y-26.603 E3.41449
G1 X8.476 Y-26.393 E3.43033
G1 X7.894 Y-26.259 E3.45161
G1 X7.751 Y-26.08 E3.45977
G1 X7.735 Y-25.616 E3.47631
G1 X8.008 Y-25.025 E3.4995
G1 X8.062 Y-24.58 E3.51547
G1 X7.983 Y-24.066 E3.534
G1 X7.598 Y-23.348 E3.56302
G1 X7.265 Y-23.049 E3.57896
G1 X6.798 Y-22.815 E3.59757
G1 X5.99 Y-22.722 E3.62654
G1 X5.554 Y-22.823 E3.64248
G1 X5.091 Y-23.071 E3.66119
G1 X4.554 Y-23.679 E3.69009
G1 X4.388 Y-24.094 E3.70601
G1 X4.324 Y-24.535 E3.72188
G1 X4.388 Y-25.068 E3.741
G1 X4.554 Y-25.481 E3.75686
G1 X5.083 Y-26.082 E3.78538
G1 X5.549 Y-26.336 E3.80429
G1 X6.05 Y-26.453 E3.82262
G1 X6.212 Y-26.608 E3.83061
G1 X6.26 Y-27.079 E3.84748
G1 X5.991 Y-27.647 E3.86987
G1 X5.927 Y-28.091 E3.88585
G1 X5.971 Y-28.536 E3.90178
G1 X6.119 Y-28.958 E3.91771
G1 X6.363 Y-29.332 E3.93362
G1 X6.689 Y-29.638 E3.94955
G1 X7.079 Y-29.858 E3.9655
G1 X7.528 Y-29.99 E3.98217
G1 X7.529 Y-30.314 E3.99371
G1 X7.358 Y-30.695 E4.00859
G1 X7.028 Y-31.123 E4.02784
G1 X6.838 Y-31.629 E4.04709
G1 X6.839 Y-32.427 E4.07552
G1 X7.027 Y-32.93 E4.09465
G1 X7.287 Y-33.291 E4.1105
G1 X7.626 Y-33.582 E4.12642
G1 X8.025 Y-33.784 E4.14235
G1 X8.789 Y-33.886 E4.16981
G1 E2.16981 F2400
G92 E0
G1 X8.789 Y-33.886 F7800
G1 X1.776 Y-32.874
G1 E2 F2400
G1 F3600
G1 X2.214 Y-33.335 E2.02265
G1 X2.889 Y-33.579 E2.04822
G1 X2.893 Y-33.929 E2.06069
G1 X3.297 Y-33.924 E2.07508
G1 X3.731 Y-33.813 E2.09104
G1 X4.404 Y-33.355 E2.12004
G1 X4.711 Y-32.934 E2.1386
G1 X4.869 Y-32.515 E2.15455
G1 X4.922 Y-32.071 E2.17048
G1 X4.869 Y-31.627 E2.18641
G1 X4.711 Y-31.208 E2.20236
G1 X4.459 Y-30.838 E2.21831
G1 X4.125 Y-30.539 E2.23428
G1 X3.372 Y-30.233 E2.26324
G1 X3.338 Y-29.946 E2.27354
G1 X3.471 Y-29.534 E2.28896
G1 X3.812 Y-29.08 E2.30919
G1 X3.97 Y-28.661 E2.32514
G1 X4.024 Y-28.216 E2.34111
G1 X3.97 Y-27.772 E2.35704
G1 X3.812 Y-27.352 E2.37303
G1 X3.56 Y-26.984 E2.38892
G1 X3.227 Y-26.685 E2.40486
G1 X2.829 Y-26.472 E2.42094
G1 X2.399 Y-26.363 E2.43674
G1 X1.763 Y-26.355 E2.4594
G1 X1.922 Y-25.778 E2.48072
G1 X2.169 Y-25.417 E2.4963
G1 X2.327 Y-24.998 E2.51225
G1 X2.38 Y-24.553 E2.52821
G1 X2.326 Y-24.108 E2.54418
G1 X2.169 Y-23.69 E2.56009
G1 X1.916 Y-23.321 E2.57603
G1 X1.583 Y-23.022 E2.59197
G1 X1.116 Y-22.788 E2.61058
G1 X.308 Y-22.695 E2.63955
G1 X-.128 Y-22.796 E2.65549
G1 X-.533 Y-23.001 E2.67166
G1 X-.866 Y-23.288 E2.68732
G1 X-1.127 Y-23.653 E2.70331
G1 X-1.294 Y-24.067 E2.71921
G1 X-1.357 Y-24.508 E2.73508
G1 X-1.293 Y-25.041 E2.7542
G1 X-.918 Y-25.758 E2.78302
G1 X-.527 Y-26.109 E2.80174
G1 X-.128 Y-26.311 E2.81767
G1 X.309 Y-26.412 E2.83365
G1 X.89 Y-26.412 E2.85435
G1 X.735 Y-26.997 E2.87591
G1 X.35 Y-27.729 E2.90537
G1 X.286 Y-28.262 E2.92449
G1 X.349 Y-28.702 E2.94032
G1 X.517 Y-29.119 E2.95634
G1 X.772 Y-29.476 E2.97197
G1 X1.116 Y-29.772 E2.98814
G1 X1.832 Y-30.052 E3.01553
G1 X1.869 Y-30.366 E3.02679
G1 X1.72 Y-30.755 E3.04163
G1 X1.416 Y-31.169 E3.05993
G1 X1.227 Y-31.673 E3.07911
G1 X1.228 Y-32.471 E3.10754
G1 X1.416 Y-32.973 E3.12664
G1 X1.676 Y-33.335 E3.14252
G1 X2.343 Y-33.798 E3.17144
G1 X2.85 Y-33.93 E3.1901
G1 E1.1901 F2400
G92 E0
G1 X2.85 Y-33.93 F7800
G1 X-3.835 Y-32.724
G1 E2 F2400
G1 F3600
G1 X-3.571 Y-33.185 E2.01892
G1 X-3.368 Y-33.359 E2.02844
G1 X-2.84 Y-33.549 E2.04843
G1 X-2.84 Y-33.899 E2.0609
G1 X-2.171 Y-33.804 E2.08497
G1 X-1.851 Y-33.633 E2.0979
G1 X-1.375 Y-33.09 E2.12362
G1 X-1.204 Y-32.39 E2.14929
G1 X-1.376 Y-31.69 E2.17497
G1 X-1.585 Y-31.384 E2.18817
G1 X-2.171 Y-30.976 E2.21361
G1 X-2.886 Y-30.882 E2.2393
G1 X-3.56 Y-31.125 E2.26482
G1 X-4.05 Y-31.659 E2.29064
G1 X-4.184 Y-31.99 E2.30336
G1 X-4.236 Y-32.431 E2.31918
G1 X-4.087 Y-33.047 E2.34176
G1 X-3.834 Y-33.42 E2.35782
G1 X-3.563 Y-33.652 E2.37053
G1 X-2.883 Y-33.899 E2.3963
G1 X-2.883 Y-33.899 F7800
G1 X-2.553 Y-34.249
G1 F3600
G1 X-2.044 Y-34.132 E2.41491
G1 X-1.649 Y-33.921 E2.43086
G1 X-1.316 Y-33.623 E2.44678
G1 X-.931 Y-32.904 E2.47583
G1 X-.852 Y-32.39 E2.49436
G1 X-.906 Y-31.946 E2.51029
G1 X-1.063 Y-31.527 E2.52623
G1 X-1.37 Y-31.105 E2.54482
G1 X-2.044 Y-30.648 E2.57383
G1 X-2.477 Y-30.536 E2.58976
G1 X-2.924 Y-30.531 E2.60568
G1 X-3.432 Y-30.663 E2.62438
G1 X-4.099 Y-31.126 E2.6533
G1 X-4.359 Y-31.489 E2.66921
G1 X-4.526 Y-31.902 E2.68508
G1 X-4.589 Y-32.435 E2.7042
G1 X-4.4 Y-33.21 E2.73262
G1 X-4.097 Y-33.656 E2.75183
G1 X-3.759 Y-33.945 E2.76767
G1 X-3.36 Y-34.147 E2.7836
G1 X-2.596 Y-34.249 E2.81106
G1 E.81106 F2400
G92 E0
G1 X-2.596 Y-34.249 F7800
G1 X-4.58 Y-28.581
G1 E2 F2400
G1 F3600
G1 X-4.345 Y-29.021 E2.01777
G1 X-4.113 Y-29.219 E2.02864
G1 X-3.592 Y-29.408 E2.04838
G1 X-3.589 Y-29.758 E2.06085
G1 X-3.268 Y-29.755 E2.07229
G1 X-2.596 Y-29.493 E2.09798
G1 X-2.325 Y-29.25 E2.11095
G1 X-1.993 Y-28.611 E2.1366
G1 X-1.95 Y-28.251 E2.14952
G1 X-1.993 Y-27.89 E2.16247
G1 X-2.325 Y-27.251 E2.18812
G1 X-2.917 Y-26.837 E2.21385
G1 X-3.548 Y-26.728 E2.23666
G1 X-3.879 Y-26.313 E2.25557
G1 X-3.884 Y-26.177 E2.26042
G1 X-4.076 Y-26.145 E2.26735
G1 X-3.885 Y-26.145 E2.27415
G1 X-3.904 Y-25.619 E2.2929
G1 X-3.585 Y-24.996 E2.31783
G1 X-3.541 Y-24.636 E2.33075
G1 X-3.712 Y-23.936 E2.35642
G1 X-4.188 Y-23.393 E2.38214
G1 X-4.545 Y-23.208 E2.39646
G1 X-5.223 Y-23.127 E2.42078
G1 X-5.917 Y-23.382 E2.44712
G1 X-6.387 Y-23.905 E2.47217
G1 X-6.574 Y-24.594 E2.4976
G1 X-6.521 Y-25.036 E2.51346
G1 X-6.191 Y-25.648 E2.53823
G1 X-5.577 Y-26.062 E2.56461
G1 X-5.22 Y-26.145 E2.57767
G1 X-4.171 Y-26.145 E2.61504
G1 X-4.598 Y-27.228 E2.65651
G1 X-4.93 Y-27.851 E2.68166
G1 X-4.982 Y-28.209 E2.69455
G1 X-4.929 Y-28.651 E2.71041
G1 X-4.617 Y-29.243 E2.73425
G1 X-4.309 Y-29.513 E2.74884
G1 X-3.631 Y-29.759 E2.77453
G1 X-3.631 Y-29.759 F7800
G1 X-3.222 Y-30.104
G1 F3600
G1 X-2.789 Y-29.993 E2.79045
G1 X-2.394 Y-29.782 E2.8064
G1 X-1.849 Y-29.176 E2.83543
G1 X-1.651 Y-28.695 E2.85396
G1 X-1.597 Y-28.251 E2.86989
G1 X-1.651 Y-27.806 E2.88586
G1 X-1.849 Y-27.325 E2.90439
G1 X-2.394 Y-26.719 E2.93342
G1 X-2.789 Y-26.508 E2.94937
G1 X-3.372 Y-26.387 E2.97058
G1 X-3.534 Y-26.185 E2.9798
G1 X-3.55 Y-25.721 E2.99634
G1 X-3.243 Y-25.08 E3.02166
G1 X-3.189 Y-24.636 E3.03759
G1 X-3.268 Y-24.121 E3.05615
G1 X-3.653 Y-23.403 E3.08517
G1 X-3.986 Y-23.104 E3.10111
G1 X-4.453 Y-22.871 E3.1197
G1 X-5.261 Y-22.777 E3.14868
G1 X-5.697 Y-22.878 E3.16462
G1 X-6.159 Y-23.126 E3.1833
G1 X-6.696 Y-23.735 E3.21222
G1 X-6.863 Y-24.15 E3.22816
G1 X-6.926 Y-24.59 E3.24399
G1 X-6.863 Y-25.123 E3.26311
G1 X-6.487 Y-25.84 E3.29195
G1 X-6.096 Y-26.191 E3.31067
G1 X-5.697 Y-26.393 E3.3266
G1 X-5.26 Y-26.495 E3.34259
G1 X-4.685 Y-26.495 E3.36307
G1 X-5.271 Y-27.763 E3.41283
G1 X-5.335 Y-28.205 E3.42874
G1 X-5.271 Y-28.738 E3.44786
G1 X-4.895 Y-29.455 E3.4767
G1 X-4.504 Y-29.806 E3.49542
G1 X-4.105 Y-30.008 E3.51135
G1 X-3.67 Y-30.109 E3.52726
G1 X-3.265 Y-30.105 E3.54169
G1 E1.54169 F2400
G92 E0
G1 X-3.265 Y-30.105 F7800
G1 X-8.74 Y-28.453
G1 E2 F2400
G1 F3600
G1 X-8.475 Y-28.913 E2.01891
G1 X-8.272 Y-29.087 E2.02843
G1 X-7.745 Y-29.277 E2.04839
G1 X-7.745 Y-29.627 E2.06086
G1 X-7.076 Y-29.532 E2.08493
G1 X-6.756 Y-29.361 E2.09786
G1 X-6.28 Y-28.818 E2.12358
G1 X-6.109 Y-28.119 E2.14922
G1 X-6.281 Y-27.418 E2.17493
G1 X-6.489 Y-27.113 E2.18808
G1 X-7.076 Y-26.705 E2.21355
G1 X-7.791 Y-26.61 E2.23925
G1 X-8.465 Y-26.854 E2.26479
G1 X-8.955 Y-27.388 E2.29061
G1 X-9.088 Y-27.718 E2.30328
G1 X-9.141 Y-28.16 E2.31914
G1 X-8.992 Y-28.776 E2.34172
G1 X-8.739 Y-29.149 E2.35778
G1 X-8.468 Y-29.381 E2.37049
G1 X-7.788 Y-29.627 E2.39625
G1 X-7.788 Y-29.627 F7800
G1 X-7.458 Y-29.977
G1 F3600
G1 X-6.948 Y-29.861 E2.41488
G1 X-6.554 Y-29.65 E2.4308
G1 X-6.22 Y-29.351 E2.44677
G1 X-5.835 Y-28.633 E2.47579
G1 X-5.757 Y-28.119 E2.49431
G1 X-5.81 Y-27.674 E2.51027
G1 X-5.968 Y-27.255 E2.52622
G1 X-6.275 Y-26.834 E2.54478
G1 X-6.948 Y-26.376 E2.57378
G1 X-7.382 Y-26.265 E2.58974
G1 X-7.829 Y-26.26 E2.60566
G1 X-8.336 Y-26.391 E2.62431
G1 X-9.003 Y-26.854 E2.65323
G1 X-9.264 Y-27.218 E2.66919
G1 X-9.43 Y-27.631 E2.68505
G1 X-9.494 Y-28.164 E2.70417
G1 X-9.305 Y-28.938 E2.73255
G1 X-9.002 Y-29.384 E2.75176
G1 X-8.664 Y-29.674 E2.76763
G1 X-8.265 Y-29.876 E2.78356
G1 X-7.501 Y-29.977 E2.81101
G1 E.81101 F2400
G92 E0
G1 X-7.501 Y-29.977 F7800
G1 X-9.561 Y-32.646
G1 E2 F2400
G1 F3600
G1 X-9.468 Y-32.876 E2.00884
G1 X-9.116 Y-33.273 E2.02774
G1 X-8.574 Y-33.473 E2.04832
G1 X-8.57 Y-33.823 E2.06079
G1 X-7.896 Y-33.728 E2.08504
G1 X-7.584 Y-33.564 E2.0976
G1 X-7.307 Y-33.315 E2.11087
G1 X-6.975 Y-32.676 E2.13652
G1 X-6.974 Y-31.955 E2.1622
G1 X-7.307 Y-31.315 E2.1879
G1 X-7.907 Y-30.896 E2.21397
G1 X-8.613 Y-30.807 E2.23932
G1 X-9.287 Y-31.051 E2.26486
G1 X-9.777 Y-31.584 E2.29065
G1 X-9.91 Y-31.915 E2.30336
G1 X-9.963 Y-32.356 E2.31918
G1 X-9.777 Y-33.046 E2.34464
G1 X-9.306 Y-33.569 E2.36971
G1 X-8.613 Y-33.823 E2.396
G1 X-8.613 Y-33.823 F7800
G1 X-8.204 Y-34.169
G1 F3600
G1 X-7.441 Y-33.885 E2.425
G1 X-7.042 Y-33.548 E2.44361
G1 X-6.79 Y-33.178 E2.45956
G1 X-6.632 Y-32.759 E2.47551
G1 X-6.587 Y-32.242 E2.494
G1 X-6.79 Y-31.452 E2.52306
G1 X-7.042 Y-31.082 E2.53901
G1 X-7.376 Y-30.784 E2.55496
G1 X-7.843 Y-30.55 E2.57357
G1 X-8.651 Y-30.456 E2.60255
G1 X-9.158 Y-30.588 E2.62121
G1 X-9.825 Y-31.051 E2.65013
G1 X-10.086 Y-31.414 E2.66606
G1 X-10.252 Y-31.827 E2.68192
G1 X-10.316 Y-32.36 E2.70104
G1 X-10.253 Y-32.801 E2.71691
G1 X-10.086 Y-33.216 E2.73285
G1 X-9.549 Y-33.824 E2.76175
G1 X-9.087 Y-34.072 E2.78043
G1 X-8.651 Y-34.174 E2.79638
G1 X-8.246 Y-34.169 E2.81081
G1 E.81081 F2400
G92 E0
G1 X-8.246 Y-34.169 F7800
G1 X-13.684 Y-32.68
G1 E2 F2400
G1 F3600
G1 X-13.592 Y-32.911 E2.00886
G1 X-13.24 Y-33.308 E2.02776
G1 X-12.697 Y-33.508 E2.04837
G1 X-12.693 Y-33.858 E2.06084
G1 X-12.019 Y-33.763 E2.08509
G1 X-11.708 Y-33.598 E2.09763
G1 X-11.431 Y-33.35 E2.11087
G1 X-11.098 Y-32.71 E2.13657
G1 X-11.098 Y-31.99 E2.16222
G1 X-11.431 Y-31.35 E2.18792
G1 X-12.031 Y-30.931 E2.21399
G1 X-12.736 Y-30.842 E2.2393
G1 X-13.411 Y-31.085 E2.26486
G1 X-13.901 Y-31.619 E2.29068
G1 X-14.034 Y-31.95 E2.30339
G1 X-14.087 Y-32.391 E2.31921
G1 X-13.901 Y-33.081 E2.34467
G1 X-13.43 Y-33.604 E2.36974
G1 X-12.736 Y-33.858 E2.39607
G1 X-12.736 Y-33.858 F7800
G1 X-12.327 Y-34.204
G1 F3600
G1 X-11.564 Y-33.92 E2.42507
G1 X-11.166 Y-33.582 E2.44367
G1 X-10.913 Y-33.213 E2.45961
G1 X-10.756 Y-32.794 E2.47555
G1 X-10.71 Y-32.277 E2.49404
G1 X-10.913 Y-31.487 E2.5231
G1 X-11.166 Y-31.117 E2.53907
G1 X-11.499 Y-30.818 E2.55501
G1 X-11.966 Y-30.585 E2.5736
G1 X-12.774 Y-30.491 E2.60258
G1 X-13.282 Y-30.622 E2.62127
G1 X-13.949 Y-31.086 E2.65022
G1 X-14.21 Y-31.449 E2.66615
G1 X-14.376 Y-31.862 E2.68201
G1 X-14.44 Y-32.395 E2.70113
G1 X-14.376 Y-32.836 E2.717
G1 X-14.21 Y-33.251 E2.73292
G1 X-13.672 Y-33.859 E2.76184
G1 X-13.21 Y-34.107 E2.78052
G1 X-12.774 Y-34.209 E2.79647
G1 X-12.37 Y-34.204 E2.81086
G1 E.81086 F2400
G92 E0
G1 X-12.37 Y-34.204 F7800
G1 X-13.236 Y-28.474
G1 E2 F2400
G1 F3600
G1 X-12.98 Y-28.932 E2.01869
G1 X-12.769 Y-29.113 E2.02859
G1 X-12.248 Y-29.302 E2.04833
G1 X-12.244 Y-29.652 E2.0608
G1 X-11.572 Y-29.558 E2.08497
G1 X-11.252 Y-29.387 E2.0979
G1 X-10.777 Y-28.845 E2.12357
G1 X-10.606 Y-28.144 E2.14927
G1 X-10.649 Y-27.784 E2.16219
G1 X-10.949 Y-27.181 E2.18618
G1 X-10.622 Y-26.36 E2.21766
G1 X-9.961 Y-26.092 E2.24307
G1 X-9.69 Y-25.849 E2.25604
G1 X-9.357 Y-25.21 E2.28171
G1 X-9.357 Y-24.489 E2.30739
G1 X-9.504 Y-24.119 E2.32157
G1 X-9.961 Y-23.607 E2.34602
G1 X-10.281 Y-23.435 E2.35896
G1 X-10.995 Y-23.341 E2.38462
G1 X-11.673 Y-23.587 E2.41031
G1 X-11.964 Y-23.836 E2.42395
G1 X-12.295 Y-24.455 E2.44896
G1 X-12.347 Y-24.814 E2.46188
G1 X-12.311 Y-25.175 E2.4748
G1 X-12.039 Y-25.952 E2.50413
G1 X-12.347 Y-26.168 E2.51753
G1 X-12.711 Y-26.74 E2.54168
G1 X-13.285 Y-27.173 E2.56729
G1 X-13.483 Y-27.477 E2.58021
G1 X-13.638 Y-28.18 E2.60586
G1 X-13.452 Y-28.875 E2.63149
G1 X-12.965 Y-29.406 E2.65716
G1 X-12.287 Y-29.653 E2.68287
G1 X-12.287 Y-29.653 F7800
G1 X-11.878 Y-29.998
G1 F3600
G1 X-11.445 Y-29.887 E2.69879
G1 X-11.05 Y-29.676 E2.71474
G1 X-10.717 Y-29.377 E2.73068
G1 X-10.464 Y-29.008 E2.74662
G1 X-10.307 Y-28.589 E2.76256
G1 X-10.253 Y-28.144 E2.77853
G1 X-10.307 Y-27.7 E2.79446
G1 X-10.556 Y-27.141 E2.81626
G1 X-10.361 Y-26.65 E2.83508
G1 X-9.758 Y-26.381 E2.8586
G1 X-9.425 Y-26.082 E2.87454
G1 X-9.173 Y-25.712 E2.89049
G1 X-9.015 Y-25.294 E2.90641
G1 X-8.961 Y-24.849 E2.92238
G1 X-9.015 Y-24.405 E2.93831
G1 X-9.213 Y-23.923 E2.95687
G1 X-9.758 Y-23.318 E2.98588
G1 X-10.153 Y-23.107 E3.00183
G1 X-10.586 Y-22.996 E3.01775
G1 X-11.034 Y-22.991 E3.03371
G1 X-11.469 Y-23.092 E3.04962
G1 X-11.869 Y-23.294 E3.06558
G1 X-12.26 Y-23.645 E3.0843
G1 X-12.636 Y-24.363 E3.11317
G1 X-12.699 Y-24.806 E3.12911
G1 X-12.656 Y-25.251 E3.14504
G1 X-12.457 Y-25.817 E3.16641
G1 X-12.721 Y-26.003 E3.17791
G1 X-12.962 Y-26.482 E3.19701
G1 X-13.555 Y-26.947 E3.22386
G1 X-13.799 Y-27.321 E3.23977
G1 X-13.947 Y-27.743 E3.2557
G1 X-13.991 Y-28.188 E3.27163
G1 X-13.927 Y-28.63 E3.28754
G1 X-13.761 Y-29.045 E3.30346
G1 X-13.5 Y-29.409 E3.31942
G1 X-13.16 Y-29.7 E3.33536
G1 X-12.761 Y-29.902 E3.35129
G1 X-12.325 Y-30.003 E3.36723
G1 X-11.921 Y-29.998 E3.38162
G1 E1.38162 F2400
G92 E0
G1 X-11.921 Y-29.998 F7800
G1 X-10.805 Y-20.872
G1 E2 F2400
G1 F3600
G1 X-10.712 Y-21.103 E2.00887
G1 X-10.36 Y-21.499 E2.02774
G1 X-9.818 Y-21.699 E2.04832
G1 X-9.814 Y-22.049 E2.06079
G1 X-9.14 Y-21.955 E2.08503
G1 X-8.828 Y-21.79 E2.0976
G1 X-8.551 Y-21.541 E2.11087
G1 X-8.219 Y-20.902 E2.13652
G1 X-8.218 Y-20.181 E2.1622
G1 X-8.551 Y-19.541 E2.1879
G1 X-9.151 Y-19.122 E2.21397
G1 X-9.857 Y-19.033 E2.23932
G1 X-10.531 Y-19.277 E2.26486
G1 X-11.021 Y-19.81 E2.29065
G1 X-11.154 Y-20.141 E2.30336
G1 X-11.207 Y-20.582 E2.31918
G1 X-11.021 Y-21.272 E2.34464
G1 X-10.55 Y-21.795 E2.36971
G1 X-9.857 Y-22.049 E2.396
G1 X-9.857 Y-22.049 F7800
G1 X-9.448 Y-22.395
G1 F3600
G1 X-8.685 Y-22.111 E2.425
G1 X-8.286 Y-21.774 E2.44361
G1 X-8.034 Y-21.404 E2.45956
G1 X-7.876 Y-20.986 E2.47548
G1 X-7.831 Y-20.468 E2.494
G1 X-8.034 Y-19.678 E2.52306
G1 X-8.286 Y-19.309 E2.53898
G1 X-8.619 Y-19.01 E2.55492
G1 X-9.087 Y-18.776 E2.57356
G1 X-9.895 Y-18.683 E2.60253
G1 X-10.402 Y-18.814 E2.62118
G1 X-11.069 Y-19.277 E2.6501
G1 X-11.33 Y-19.641 E2.66606
G1 X-11.496 Y-20.053 E2.68188
G1 X-11.56 Y-20.587 E2.70104
G1 X-11.497 Y-21.027 E2.71687
G1 X-11.33 Y-21.442 E2.73281
G1 X-10.793 Y-22.051 E2.76173
G1 X-10.331 Y-22.299 E2.78041
G1 X-9.895 Y-22.4 E2.79635
G1 X-9.49 Y-22.395 E2.81078
G1 E.81078 F2400
G92 E0
G1 X-9.49 Y-22.395 F7800
G1 X-5.04 Y-20.983
G1 E2 F2400
G1 F3600
G1 X-4.775 Y-21.444 E2.01894
G1 X-4.572 Y-21.618 E2.02846
G1 X-4.045 Y-21.808 E2.04842
G1 X-4.045 Y-22.158 E2.06089
G1 X-3.376 Y-22.063 E2.08496
G1 X-3.056 Y-21.892 E2.09789
G1 X-2.58 Y-21.349 E2.12361
G1 X-2.409 Y-20.649 E2.14928
G1 X-2.58 Y-19.948 E2.17498
G1 X-2.789 Y-19.643 E2.18815
G1 X-3.376 Y-19.235 E2.21362
G1 X-4.09 Y-19.141 E2.23928
G1 X-4.765 Y-19.384 E2.26484
G1 X-5.255 Y-19.918 E2.29066
G1 X-5.388 Y-20.249 E2.30337
G1 X-5.441 Y-20.69 E2.31919
G1 X-5.292 Y-21.306 E2.34177
G1 X-5.038 Y-21.679 E2.35785
G1 X-4.768 Y-21.911 E2.37053
G1 X-4.088 Y-22.158 E2.3963
G1 X-4.088 Y-22.158 F7800
G1 X-3.758 Y-22.508
G1 F3600
G1 X-3.248 Y-22.391 E2.41494
G1 X-2.853 Y-22.18 E2.43089
G1 X-2.52 Y-21.882 E2.44681
G1 X-2.135 Y-21.163 E2.47586
G1 X-2.056 Y-20.649 E2.49439
G1 X-2.11 Y-20.205 E2.51032
G1 X-2.267 Y-19.786 E2.52626
G1 X-2.574 Y-19.364 E2.54485
G1 X-3.248 Y-18.906 E2.57388
G1 X-3.681 Y-18.795 E2.5898
G1 X-4.129 Y-18.79 E2.60576
G1 X-4.636 Y-18.922 E2.62442
G1 X-5.303 Y-19.385 E2.65334
G1 X-5.564 Y-19.748 E2.66927
G1 X-5.73 Y-20.161 E2.68513
G1 X-5.794 Y-20.694 E2.70425
G1 X-5.604 Y-21.469 E2.73268
G1 X-5.301 Y-21.915 E2.75189
G1 X-4.964 Y-22.204 E2.76771
G1 X-4.564 Y-22.406 E2.78367
G1 X-3.801 Y-22.508 E2.81109
G1 E.81109 F2400
G92 E0
G1 X-3.801 Y-22.508 F7800
G1 X.576 Y-20.94
G1 E2 F2400
G1 F3600
G1 X.669 Y-21.17 E2.00884
G1 X1.021 Y-21.567 E2.02774
G1 X1.564 Y-21.767 E2.04835
G1 X1.567 Y-22.117 E2.06082
G1 X2.241 Y-22.022 E2.08507
G1 X2.553 Y-21.857 E2.09764
G1 X2.83 Y-21.609 E2.11088
G1 X3.163 Y-20.97 E2.13655
G1 X3.163 Y-20.249 E2.16223
G1 X2.83 Y-19.609 E2.18793
G1 X2.23 Y-19.19 E2.214
G1 X1.525 Y-19.101 E2.23931
G1 X.85 Y-19.345 E2.26488
G1 X.36 Y-19.878 E2.29067
G1 X.227 Y-20.209 E2.30338
G1 X.174 Y-20.65 E2.3192
G1 X.36 Y-21.34 E2.34466
G1 X.831 Y-21.863 E2.36973
G1 X1.525 Y-22.117 E2.39606
G1 X1.525 Y-22.117 F7800
G1 X1.934 Y-22.463
G1 F3600
G1 X2.697 Y-22.179 E2.42506
G1 X3.095 Y-21.842 E2.44364
G1 X3.348 Y-21.472 E2.45961
G1 X3.505 Y-21.053 E2.47555
G1 X3.55 Y-20.536 E2.49404
G1 X3.348 Y-19.746 E2.52309
G1 X3.095 Y-19.376 E2.53906
G1 X2.762 Y-19.078 E2.55498
G1 X2.294 Y-18.844 E2.57362
G1 X1.486 Y-18.75 E2.6026
G1 X.979 Y-18.882 E2.62126
G1 X.312 Y-19.345 E2.65018
G1 X.051 Y-19.708 E2.66611
G1 X-.115 Y-20.121 E2.68197
G1 X-.179 Y-20.654 E2.70109
G1 X-.116 Y-21.095 E2.71696
G1 X.051 Y-21.51 E2.7329
G1 X.588 Y-22.118 E2.7618
G1 X1.051 Y-22.366 E2.78051
G1 X1.486 Y-22.468 E2.79643
G1 X1.891 Y-22.463 E2.81086
G1 E.81086 F2400
G92 E0
G1 X1.891 Y-22.463 F7800
G1 X-21.286 Y-32.875
G1 E2 F2400
G1 F3600
G1 X-21.032 Y-33.354 E2.01931
G1 X-20.821 Y-33.536 E2.02924
G1 X-20.314 Y-33.725 E2.04852
G1 X-20.31 Y-34.075 E2.06099
G1 X-19.624 Y-33.981 E2.08566
G1 X-19.303 Y-33.809 E2.09863
G1 X-18.876 Y-33.431 E2.11895
G1 X-18.647 Y-33.459 E2.12717
G1 X-18.051 Y-33.326 E2.14892
G1 X-17.42 Y-33.739 E2.17579
G1 X-16.703 Y-33.817 E2.20148
G1 X-16.031 Y-33.555 E2.22717
G1 X-15.556 Y-33.013 E2.25284
G1 X-15.385 Y-32.313 E2.27851
G1 X-15.428 Y-31.952 E2.29146
G1 X-15.761 Y-31.312 E2.31716
G1 X-16.352 Y-30.899 E2.34285
G1 X-17.07 Y-30.804 E2.36865
G1 X-17.488 Y-30.896 E2.3839
G1 X-17.821 Y-30.625 E2.39919
G1 X-18.064 Y-30.006 E2.42288
G1 X-17.93 Y-29.396 E2.44513
G1 X-18 Y-28.584 E2.47416
G1 X-18.161 Y-28.216 E2.48847
G1 X-18.519 Y-27.723 E2.51017
G1 X-18.699 Y-27.17 E2.53089
G1 X-18.701 Y-26.463 E2.55608
G1 X-18.961 Y-25.771 E2.58241
G1 X-18.393 Y-25.35 E2.6076
G1 X-17.684 Y-25.381 E2.63288
G1 X-17.122 Y-25.736 E2.65656
G1 X-16.406 Y-25.814 E2.68222
G1 X-15.734 Y-25.552 E2.70791
G1 X-15.259 Y-25.01 E2.73358
G1 X-15.087 Y-24.31 E2.75926
G1 X-15.259 Y-23.609 E2.78497
G1 X-15.612 Y-23.092 E2.80727
G1 X-15.514 Y-22.587 E2.8256
G1 X-15.065 Y-22.114 E2.84883
G1 X-14.405 Y-21.853 E2.87411
G1 X-14.134 Y-21.61 E2.88708
G1 X-13.812 Y-21.002 E2.91159
G1 X-13.758 Y-20.61 E2.92569
G1 X-13.948 Y-19.88 E2.95256
G1 X-14.405 Y-19.367 E2.97703
G1 X-14.725 Y-19.196 E2.98996
G1 X-15.117 Y-19.101 E3.00433
G1 X-15.793 Y-19.184 E3.02859
G1 X-16.425 Y-19.618 E3.0559
G1 X-16.737 Y-20.21 E3.07974
G1 X-16.79 Y-20.651 E3.09556
G1 X-16.641 Y-21.267 E3.11814
G1 X-16.177 Y-21.951 E3.14758
G1 X-16.441 Y-22.467 E3.16823
G1 X-16.882 Y-22.817 E3.18829
G1 X-17.446 Y-23.047 E3.20999
G1 X-17.818 Y-23.358 E3.22726
G1 X-18.385 Y-23.247 E3.24784
G1 X-18.62 Y-22.883 E3.26327
G1 X-18.71 Y-22.299 E3.28432
G1 X-18.525 Y-21.753 E3.30486
G1 X-18.541 Y-20.996 E3.33183
G1 X-18.758 Y-20.618 E3.34736
G1 X-19.331 Y-20.158 E3.37354
G1 X-20.004 Y-19.961 E3.39852
G1 X-20.716 Y-20.083 E3.42425
G1 X-21.609 Y-20.523 E3.45971
G1 X-21.767 Y-20.825 E3.47185
G1 X-21.865 Y-21.51 E3.4965
G1 X-21.616 Y-22.298 E3.52594
G1 X-21.541 Y-22.887 E3.54709
G1 X-21.75 Y-23.305 E3.56374
G1 X-21.856 Y-24.071 E3.59129
G1 X-21.748 Y-24.534 E3.60823
G1 X-21.358 Y-25.136 E3.63378
G1 X-21.322 Y-25.814 E3.65797
G1 X-21.638 Y-26.424 E3.68244
G1 X-21.689 Y-26.782 E3.69532
G1 X-21.636 Y-27.225 E3.71121
G1 X-21.332 Y-28.167 E3.74647
G1 X-21.52 Y-28.726 E3.76748
G1 X-21.538 Y-29.484 E3.79449
G1 X-21.434 Y-29.839 E3.80767
G1 X-21.041 Y-30.446 E3.83343
G1 X-20.972 Y-30.853 E3.84814
G1 X-21.171 Y-31.418 E3.86948
G1 X-21.501 Y-31.831 E3.88831
G1 X-21.639 Y-32.172 E3.90141
G1 X-21.655 Y-32.887 E3.92689
G1 X-21.5 Y-33.303 E3.9427
G1 X-21.292 Y-33.593 E3.95541
G1 X-21.016 Y-33.829 E3.96835
G1 X-20.353 Y-34.075 E3.99354
G1 X-20.353 Y-34.075 F7800
G1 X-19.93 Y-34.42
G1 F3600
G1 X-19.496 Y-34.309 E4.0095
G1 X-19.101 Y-34.098 E4.02545
G1 X-18.762 Y-33.797 E4.0416
G1 X-18.141 Y-33.705 E4.06396
G1 X-17.54 Y-34.07 E4.08901
G1 X-17.104 Y-34.171 E4.10495
G1 X-16.657 Y-34.166 E4.12087
G1 X-16.224 Y-34.055 E4.13679
G1 X-15.829 Y-33.844 E4.15274
G1 X-15.496 Y-33.545 E4.16868
G1 X-15.243 Y-33.176 E4.18462
G1 X-15.086 Y-32.757 E4.20056
G1 X-15.032 Y-32.313 E4.21649
G1 X-15.086 Y-31.868 E4.23246
G1 X-15.243 Y-31.449 E4.2484
G1 X-15.496 Y-31.08 E4.26434
G1 X-15.829 Y-30.781 E4.28028
G1 X-16.224 Y-30.57 E4.29623
G1 X-16.657 Y-30.459 E4.31215
G1 X-17.399 Y-30.518 E4.33867
G1 X-17.529 Y-30.412 E4.34465
G1 X-17.7 Y-29.977 E4.3613
G1 X-17.58 Y-29.437 E4.38101
G1 X-17.572 Y-28.946 E4.3985
G1 X-17.664 Y-28.479 E4.41546
G1 X-17.852 Y-28.049 E4.43218
G1 X-18.21 Y-27.542 E4.45429
G1 X-18.342 Y-27.135 E4.46953
G1 X-18.358 Y-26.379 E4.49647
G1 X-18.54 Y-25.895 E4.51489
G1 X-18.284 Y-25.705 E4.52625
G1 X-17.815 Y-25.726 E4.54297
G1 X-17.243 Y-26.067 E4.56669
G1 X-16.807 Y-26.168 E4.58263
G1 X-16.36 Y-26.163 E4.59855
G1 X-15.926 Y-26.052 E4.61451
G1 X-15.532 Y-25.841 E4.63043
G1 X-15.199 Y-25.542 E4.64637
G1 X-14.946 Y-25.173 E4.66231
G1 X-14.788 Y-24.754 E4.67826
G1 X-14.735 Y-24.31 E4.69419
G1 X-14.788 Y-23.865 E4.71015
G1 X-14.946 Y-23.446 E4.7261
G1 X-15.241 Y-23.015 E4.74471
G1 X-15.19 Y-22.754 E4.75418
G1 X-14.879 Y-22.427 E4.77026
G1 X-14.202 Y-22.141 E4.79644
G1 X-13.869 Y-21.842 E4.81238
G1 X-13.484 Y-21.124 E4.8414
G1 X-13.405 Y-20.61 E4.85993
G1 X-13.459 Y-20.166 E4.87586
G1 X-13.657 Y-19.684 E4.89442
G1 X-14.202 Y-19.078 E4.92345
G1 X-14.597 Y-18.867 E4.9394
G1 X-15.107 Y-18.751 E4.95803
G1 X-15.913 Y-18.853 E4.98697
G1 X-16.313 Y-19.055 E5.00293
G1 X-16.704 Y-19.405 E5.02162
G1 X-17.079 Y-20.122 E5.05044
G1 X-17.143 Y-20.655 E5.06956
G1 X-16.953 Y-21.43 E5.09799
G1 X-16.583 Y-21.976 E5.12149
G1 X-16.718 Y-22.24 E5.13205
G1 X-17.048 Y-22.502 E5.14706
G1 X-17.642 Y-22.754 E5.17005
G1 X-17.915 Y-22.983 E5.18274
G1 X-18.172 Y-22.932 E5.19207
G1 X-18.286 Y-22.756 E5.19954
G1 X-18.351 Y-22.331 E5.21486
G1 X-18.18 Y-21.826 E5.23385
G1 X-18.136 Y-21.359 E5.25056
G1 X-18.201 Y-20.898 E5.26715
G1 X-18.538 Y-20.337 E5.29046
G1 X-19.153 Y-19.853 E5.31834
G1 X-19.559 Y-19.679 E5.33408
G1 X-19.987 Y-19.61 E5.34952
G1 X-20.832 Y-19.752 E5.38004
G1 X-21.877 Y-20.282 E5.42178
G1 X-22.095 Y-20.698 E5.43851
G1 X-22.216 Y-21.535 E5.46864
G1 X-21.901 Y-22.826 E5.51598
G1 X-22.197 Y-23.638 E5.54677
G1 X-22.207 Y-24.107 E5.56348
G1 X-22.079 Y-24.654 E5.58349
G1 X-21.701 Y-25.263 E5.60902
G1 X-21.678 Y-25.722 E5.62539
G1 X-21.979 Y-26.336 E5.64975
G1 X-22.042 Y-26.778 E5.66565
G1 X-21.978 Y-27.312 E5.68481
G1 X-21.697 Y-28.155 E5.71647
G1 X-21.919 Y-29.102 E5.75112
G1 X-21.76 Y-29.971 E5.78259
G1 X-21.371 Y-30.592 E5.80869
G1 X-21.332 Y-30.822 E5.817
G1 X-21.476 Y-31.231 E5.83245
G1 X-21.812 Y-31.665 E5.852
G1 X-21.979 Y-32.081 E5.86797
G1 X-22.043 Y-32.523 E5.88388
G1 X-21.999 Y-32.967 E5.89977
G1 X-21.811 Y-33.469 E5.91887
G1 X-21.552 Y-33.831 E5.93473
G1 X-21.212 Y-34.122 E5.95067
G1 X-20.453 Y-34.413 E5.97963
G1 X-19.973 Y-34.421 E5.99673
G1 E3.99673 F2400
G92 E0
G1 X-19.973 Y-34.421 F7800
G1 X-23.996 Y-40.261
G1 E2 F2400
;TYPE:Perimeter
;WIDTH:0.45
G1 F3600
G1 X-23.996 Y-39.257 E2.04829
G1 X-23.996 Y-12.522 E3.33415
G1 X-26.004 Y-12.522 E3.43073
G1 X-26.004 Y-40.261 E4.76488
G1 X-24.056 Y-40.261 E4.85857
G1 X-24.056 Y-40.261 F7800
G1 X-23.611 Y-40.646
G1 F3600
G1 X-23.611 Y-39.257 E4.92538
G1 X-23.611 Y-12.136 E6.22981
G1 X-26.389 Y-12.136 E6.36342
G1 X-26.389 Y-40.646 E7.73465
G1 X-23.671 Y-40.646 E7.86538
G1 X-23.671 Y-40.646 F7800
G1 X-23.225 Y-41.032
;TYPE:External perimeter
G1 F1800
G1 X-23.225 Y-39.257 E7.95075
G1 X-23.225 Y-11.75 E9.27374
G1 X-26.775 Y-11.75 E9.44448
G1 X-26.775 Y-41.032 E10.85284
G1 X-23.285 Y-41.032 E11.0207
G1 X-23.226 Y-40.636 F7800
G1 E9.0207 F2400
G92 E0
G1 X-25.715 Y-39.971 F7800
G1 E2 F2400
;TYPE:Solid infill
G1 F1200
G1 X-24.285 Y-39.971 E2.06878
G1 X-24.285 Y-12.811 E3.37508
G1 X-25.715 Y-12.811 E3.44386
G1 X-25.715 Y-39.779 E4.74093
G1 X-25.261 Y-39.518 E4.76612
;WIDTH:0.586121
G1 X-24.739 Y-39.518 E4.80009
G1 X-24.739 Y-13.264 E6.50855
G1 X-25.261 Y-13.264 E6.54252
G1 X-25.261 Y-39.325 E8.23842
M106 S255
;LAYER_CHANGE
;Z:0.95
;HEIGHT:0.3
G1 Z.95 F7800
G1 E6.23842 F2400
G92 E0
G1 X-25.261 Y-39.325 F7800
G1 X6.292 Y-20.931
G1 E2 F2400
;TYPE:Support material
;WIDTH:0.35
G1 F3600
G1 X6.638 Y-21.383 E2.02028
G1 X7.111 Y-21.582 E2.03856
G1 X7.386 Y-21.59 E2.04836
G1 X7.452 Y-21.934 E2.06084
G1 X8.049 Y-21.714 E2.08351
G1 X8.511 Y-21.207 E2.10795
G1 X8.657 Y-20.719 E2.1261
G1 X8.636 Y-20.198 E2.14468
G1 X8.314 Y-19.596 E2.169
G1 X7.734 Y-19.212 E2.19378
G1 X7.057 Y-19.152 E2.21799
G1 X6.434 Y-19.411 E2.24203
G1 X5.989 Y-19.964 E2.26732
G1 X5.867 Y-20.457 E2.28541
G1 X5.889 Y-20.802 E2.29773
G1 X6.169 Y-21.415 E2.32174
G1 X6.725 Y-21.837 E2.34661
G1 X7.41 Y-21.942 E2.3713
G1 X7.41 Y-21.942 F7800
G1 X7.642 Y-22.254
G1 F3600
G1 X8.244 Y-22.008 E2.39447
G1 X8.572 Y-21.726 E2.40988
G1 X8.822 Y-21.373 E2.42529
G1 X9.004 Y-20.762 E2.448
G1 X8.978 Y-20.112 E2.47117
G1 X8.696 Y-19.526 E2.49434
G1 X8.244 Y-19.075 E2.51709
G1 X7.642 Y-18.829 E2.54026
G1 X7.003 Y-18.803 E2.56304
G1 X6.391 Y-19.024 E2.58622
G1 X5.903 Y-19.438 E2.60902
G1 X5.674 Y-19.809 E2.62455
G1 X5.544 Y-20.216 E2.63977
G1 X5.544 Y-20.867 E2.66296
G1 X5.777 Y-21.463 E2.68576
G1 X6.214 Y-21.946 E2.70896
G1 X6.588 Y-22.161 E2.72433
G1 X7.003 Y-22.28 E2.73971
G1 X7.599 Y-22.262 E2.76095
G1 E.76095 F2400
G92 E0
G1 X7.599 Y-22.262 F7800
G1 X5.213 Y-24.97
G1 E2 F2400
G1 F3600
G1 X5.559 Y-25.421 E2.02025
G1 X6.032 Y-25.621 E2.03854
G1 X6.307 Y-25.629 E2.04834
G1 X6.372 Y-25.973 E2.06081
G1 X6.97 Y-25.752 E2.08352
G1 X7.432 Y-25.246 E2.10793
G1 X7.577 Y-24.758 E2.12607
G1 X7.556 Y-24.237 E2.14465
G1 X7.234 Y-23.635 E2.16897
G1 X6.654 Y-23.251 E2.19375
G1 X5.978 Y-23.19 E2.21793
G1 X5.354 Y-23.45 E2.24201
G1 X4.909 Y-24.003 E2.2673
G1 X4.788 Y-24.496 E2.28538
G1 X4.809 Y-24.841 E2.29769
G1 X5.089 Y-25.454 E2.3217
G1 X5.645 Y-25.876 E2.34657
G1 X6.33 Y-25.981 E2.37126
G1 X6.33 Y-25.981 F7800
G1 X6.562 Y-26.293
G1 F3600
G1 X7.164 Y-26.046 E2.39444
G1 X7.493 Y-25.765 E2.40985
G1 X7.742 Y-25.412 E2.42524
G1 X7.925 Y-24.801 E2.44796
G1 X7.898 Y-24.151 E2.47114
G1 X7.616 Y-23.565 E2.49431
G1 X7.164 Y-23.114 E2.51706
G1 X6.562 Y-22.868 E2.54023
G1 X5.923 Y-22.842 E2.56301
G1 X5.311 Y-23.063 E2.58619
G1 X4.824 Y-23.476 E2.60894
G1 X4.594 Y-23.848 E2.62452
G1 X4.464 Y-24.255 E2.63974
G1 X4.464 Y-24.906 E2.66293
G1 X4.697 Y-25.502 E2.68573
G1 X5.134 Y-25.984 E2.70891
G1 X5.508 Y-26.2 E2.7243
G1 X5.923 Y-26.318 E2.73967
G1 X6.52 Y-26.301 E2.76095
G1 E.76095 F2400
G92 E0
G1 X6.52 Y-26.301 F7800
G1 X6.816 Y-28.525
G1 E2 F2400
G1 F3600
G1 X7.162 Y-28.976 E2.02025
G1 X7.635 Y-29.176 E2.03854
G1 X7.91 Y-29.184 E2.04834
G1 X7.975 Y-29.527 E2.06078
G1 X8.573 Y-29.307 E2.08348
G1 X9.035 Y-28.8 E2.10792
G1 X9.181 Y-28.313 E2.12603
G1 X9.16 Y-27.792 E2.14461
G1 X8.838 Y-27.19 E2.16893
G1 X8.257 Y-26.805 E2.19376
G1 X7.581 Y-26.745 E2.21794
G1 X6.958 Y-27.004 E2.24198
G1 X6.512 Y-27.558 E2.26732
G1 X6.391 Y-28.051 E2.2854
G1 X6.412 Y-28.395 E2.29768
G1 X6.692 Y-29.008 E2.32169
G1 X7.249 Y-29.43 E2.34658
G1 X7.933 Y-29.535 E2.37123
G1 X7.933 Y-29.535 F7800
G1 X8.165 Y-29.847
G1 F3600
G1 X8.768 Y-29.601 E2.39443
G1 X9.096 Y-29.32 E2.40982
G1 X9.346 Y-28.967 E2.42523
G1 X9.528 Y-28.355 E2.44798
G1 X9.502 Y-27.706 E2.47112
G1 X9.22 Y-27.12 E2.49429
G1 X8.768 Y-26.669 E2.51704
G1 X8.165 Y-26.422 E2.54025
G1 X7.527 Y-26.397 E2.563
G1 X6.914 Y-26.617 E2.5862
G1 X6.427 Y-27.031 E2.60897
G1 X6.197 Y-27.402 E2.62452
G1 X6.068 Y-27.809 E2.63973
G1 X6.068 Y-28.46 E2.66292
G1 X6.3 Y-29.056 E2.6857
G1 X6.737 Y-29.539 E2.7089
G1 X7.111 Y-29.755 E2.72429
G1 X7.527 Y-29.873 E2.73969
G1 X8.123 Y-29.855 E2.76093
G1 E.76093 F2400
G92 E0
G1 X8.123 Y-29.855 F7800
G1 X7.684 Y-32.417
G1 E2 F2400
G1 F3600
G1 X8.03 Y-32.868 E2.02025
G1 X8.503 Y-33.068 E2.03854
G1 X8.778 Y-33.076 E2.04834
G1 X8.844 Y-33.42 E2.06082
G1 X9.441 Y-33.199 E2.0835
G1 X9.903 Y-32.692 E2.10794
G1 X10.049 Y-32.205 E2.12605
G1 X10.028 Y-31.684 E2.14463
G1 X9.706 Y-31.082 E2.16895
G1 X9.126 Y-30.698 E2.19373
G1 X8.449 Y-30.637 E2.21795
G1 X7.826 Y-30.896 E2.24199
G1 X7.381 Y-31.45 E2.2673
G1 X7.259 Y-31.943 E2.28539
G1 X7.281 Y-32.288 E2.29771
G1 X7.561 Y-32.9 E2.32169
G1 X8.117 Y-33.322 E2.34656
G1 X8.802 Y-33.428 E2.37125
G1 X8.802 Y-33.428 F7800
G1 X9.034 Y-33.74
G1 F3600
G1 X9.636 Y-33.493 E2.39443
G1 X9.964 Y-33.212 E2.40982
G1 X10.214 Y-32.859 E2.42523
G1 X10.397 Y-32.248 E2.44795
G1 X10.37 Y-31.598 E2.47113
G1 X10.088 Y-31.012 E2.4943
G1 X9.636 Y-30.561 E2.51705
G1 X9.034 Y-30.314 E2.54023
G1 X8.395 Y-30.289 E2.56301
G1 X7.783 Y-30.509 E2.58618
G1 X7.295 Y-30.923 E2.60898
G1 X7.066 Y-31.294 E2.62451
G1 X6.936 Y-31.701 E2.63973
G1 X6.936 Y-32.353 E2.66296
G1 X7.169 Y-32.949 E2.68576
G1 X7.606 Y-33.431 E2.70894
G1 X7.98 Y-33.647 E2.72433
G1 X8.395 Y-33.765 E2.7397
G1 X8.992 Y-33.748 E2.76098
G1 E.76098 F2400
G92 E0
G1 X8.992 Y-33.748 F7800
G1 X13.247 Y-32.763
G1 E2 F2400
G1 F3600
G1 X13.594 Y-33.214 E2.02027
G1 X14.066 Y-33.414 E2.03853
G1 X14.341 Y-33.422 E2.04833
G1 X14.407 Y-33.765 E2.06077
G1 X15.004 Y-33.545 E2.08344
G1 X15.466 Y-33.038 E2.10788
G1 X15.612 Y-32.551 E2.12599
G1 X15.591 Y-32.03 E2.14457
G1 X15.269 Y-31.428 E2.16889
G1 X14.689 Y-31.043 E2.19369
G1 X14.012 Y-30.983 E2.2179
G1 X13.389 Y-31.242 E2.24194
G1 X12.944 Y-31.796 E2.26725
G1 X12.823 Y-32.289 E2.28533
G1 X12.844 Y-32.634 E2.29764
G1 X13.124 Y-33.246 E2.32162
G1 X13.68 Y-33.668 E2.34649
G1 X14.365 Y-33.773 E2.37118
G1 X14.365 Y-33.773 F7800
G1 X14.597 Y-34.085
G1 F3600
G1 X15.199 Y-33.839 E2.39435
G1 X15.527 Y-33.558 E2.40974
G1 X15.777 Y-33.205 E2.42515
G1 X15.96 Y-32.594 E2.44787
G1 X15.933 Y-31.944 E2.47105
G1 X15.651 Y-31.358 E2.49422
G1 X15.199 Y-30.907 E2.51697
G1 X14.597 Y-30.66 E2.54015
G1 X13.958 Y-30.635 E2.56293
G1 X13.346 Y-30.855 E2.5861
G1 X12.859 Y-31.269 E2.60887
G1 X12.629 Y-31.64 E2.62442
G1 X12.499 Y-32.047 E2.63964
G1 X12.499 Y-32.698 E2.66283
G1 X12.732 Y-33.294 E2.68563
G1 X13.169 Y-33.777 E2.70883
G1 X13.543 Y-33.993 E2.72422
G1 X13.958 Y-34.111 E2.73959
G1 X14.555 Y-34.094 E2.76087
G1 E.76087 F2400
G92 E0
G1 X14.555 Y-34.094 F7800
G1 X19.037 Y-32.459
G1 E2 F2400
G1 F3600
G1 X19.383 Y-32.911 E2.02028
G1 X19.855 Y-33.111 E2.03854
G1 X20.13 Y-33.118 E2.04834
G1 X20.196 Y-33.462 E2.06082
G1 X20.793 Y-33.242 E2.08349
G1 X21.255 Y-32.735 E2.10793
G1 X21.401 Y-32.247 E2.12608
G1 X21.38 Y-31.726 E2.14466
G1 X21.058 Y-31.124 E2.16898
G1 X20.478 Y-30.74 E2.19376
G1 X19.801 Y-30.68 E2.21797
G1 X19.178 Y-30.939 E2.24201
G1 X18.733 Y-31.492 E2.2673
G1 X18.612 Y-31.985 E2.28538
G1 X18.633 Y-32.33 E2.29769
G1 X18.913 Y-32.943 E2.3217
G1 X19.469 Y-33.365 E2.34657
G1 X20.154 Y-33.47 E2.37126
G1 X20.154 Y-33.47 F7800
G1 X20.386 Y-33.782
G1 F3600
G1 X20.988 Y-33.536 E2.39443
G1 X21.316 Y-33.254 E2.40984
G1 X21.566 Y-32.901 E2.42525
G1 X21.749 Y-32.29 E2.44797
G1 X21.722 Y-31.64 E2.47115
G1 X21.44 Y-31.054 E2.49432
G1 X20.988 Y-30.603 E2.51707
G1 X20.386 Y-30.357 E2.54024
G1 X19.747 Y-30.331 E2.56302
G1 X19.135 Y-30.552 E2.5862
G1 X18.648 Y-30.966 E2.60897
G1 X18.418 Y-31.337 E2.62452
G1 X18.288 Y-31.744 E2.63974
G1 X18.288 Y-32.395 E2.66293
G1 X18.521 Y-32.991 E2.68573
G1 X18.958 Y-33.474 E2.70893
G1 X19.332 Y-33.689 E2.7243
G1 X19.747 Y-33.808 E2.73968
G1 X20.344 Y-33.79 E2.76096
G1 E.76096 F2400
G92 E0
G1 X20.344 Y-33.79 F7800
G1 X23.909 Y-31.57
G1 E2 F2400
G1 F3600
G1 X24.255 Y-32.021 E2.02025
G1 X24.728 Y-32.221 E2.03854
G1 X25.003 Y-32.229 E2.04834
G1 X25.068 Y-32.572 E2.06078
G1 X25.666 Y-32.352 E2.08348
G1 X26.128 Y-31.845 E2.10792
G1 X26.274 Y-31.357 E2.12607
G1 X26.253 Y-30.837 E2.14461
G1 X25.931 Y-30.235 E2.16893
G1 X25.35 Y-29.851 E2.19374
G1 X24.674 Y-29.79 E2.21792
G1 X24.051 Y-30.049 E2.24196
G1 X23.605 Y-30.603 E2.2673
G1 X23.484 Y-31.096 E2.28538
G1 X23.505 Y-31.441 E2.29769
G1 X23.785 Y-32.053 E2.32167
G1 X24.341 Y-32.475 E2.34654
G1 X25.026 Y-32.58 E2.37123
G1 X25.026 Y-32.58 F7800
G1 X25.258 Y-32.893
G1 F3600
G1 X25.861 Y-32.646 E2.39444
G1 X26.189 Y-32.365 E2.40983
G1 X26.438 Y-32.012 E2.42522
G1 X26.621 Y-31.401 E2.44794
G1 X26.595 Y-30.751 E2.47111
G1 X26.312 Y-30.165 E2.49429
G1 X25.86 Y-29.714 E2.51704
G1 X25.258 Y-29.467 E2.54022
G1 X24.62 Y-29.442 E2.56297
G1 X24.007 Y-29.662 E2.58617
G1 X23.52 Y-30.076 E2.60894
G1 X23.29 Y-30.447 E2.62449
G1 X23.161 Y-30.854 E2.6397
G1 X23.161 Y-31.505 E2.66289
G1 X23.393 Y-32.101 E2.68567
G1 X23.83 Y-32.584 E2.70887
G1 X24.204 Y-32.8 E2.72426
G1 X24.62 Y-32.918 E2.73966
G1 X25.216 Y-32.901 E2.7609
G1 E.7609 F2400
G92 E0
G1 X25.216 Y-32.901 F7800
G1 X23.935 Y-26.54
G1 E2 F2400
G1 F3600
G1 X24.293 Y-26.944 E2.01923
G1 X24.534 Y-27.07 E2.02892
G1 X25.075 Y-27.136 E2.04834
G1 X25.156 Y-27.476 E2.06079
G1 X25.46 Y-27.404 E2.07192
G1 X26.042 Y-26.997 E2.09722
G1 X26.245 Y-26.703 E2.10995
G1 X26.368 Y-26.373 E2.1225
G1 X26.415 Y-25.909 E2.13911
G1 X26.247 Y-25.335 E2.16042
G1 X25.778 Y-24.803 E2.18569
G1 X25.068 Y-24.539 E2.21267
G1 X24.411 Y-24.635 E2.23632
G1 X24.173 Y-24.76 E2.2459
G1 X23.741 Y-24.757 E2.26129
G1 X23.19 Y-24.373 E2.28522
G1 X22.861 Y-23.763 E2.30991
G1 X22.289 Y-23.384 E2.33435
G1 X21.951 Y-23.31 E2.34668
G1 X21.433 Y-23.363 E2.36523
G1 X20.974 Y-23.587 E2.38342
G1 X20.734 Y-23.818 E2.39529
G1 X20.48 Y-24.288 E2.41432
G1 X20.417 Y-24.796 E2.43256
G1 X20.539 Y-25.289 E2.45065
G1 X20.965 Y-25.828 E2.47512
G1 X21.607 Y-26.101 E2.49997
G1 X21.952 Y-26.112 E2.51227
G1 X22.614 Y-25.887 E2.53718
G1 X22.898 Y-25.964 E2.54766
G1 X23.43 Y-26.238 E2.56898
G1 X23.771 Y-26.926 E2.59633
G1 X24.092 Y-27.233 E2.61215
G1 X24.755 Y-27.486 E2.63743
G1 X25.114 Y-27.486 E2.65022
G1 X25.114 Y-27.486 F7800
G1 X25.585 Y-27.734
G1 F3600
G1 X25.975 Y-27.524 E2.666
G1 X26.307 Y-27.23 E2.6818
G1 X26.557 Y-26.866 E2.69753
G1 X26.712 Y-26.454 E2.71321
G1 X26.768 Y-25.89 E2.7334
G1 X26.677 Y-25.455 E2.74923
G1 X26.297 Y-24.794 E2.77639
G1 X25.973 Y-24.51 E2.79174
G1 X25.581 Y-24.305 E2.8075
G1 X25.105 Y-24.187 E2.82497
G1 X24.716 Y-24.2 E2.83884
G1 X24.088 Y-24.409 E2.86242
G1 X23.852 Y-24.408 E2.87083
G1 X23.477 Y-24.147 E2.88711
G1 X23.122 Y-23.526 E2.91259
G1 X22.794 Y-23.245 E2.92798
G1 X22.407 Y-23.052 E2.94339
G1 X21.985 Y-22.96 E2.95878
G1 X21.553 Y-22.973 E2.97418
G1 X21.137 Y-23.091 E2.98958
G1 X20.763 Y-23.307 E3.00497
G1 X20.455 Y-23.604 E3.02021
G1 X20.146 Y-24.182 E3.04356
G1 X20.067 Y-24.817 E3.06636
G1 X20.223 Y-25.444 E3.08938
G1 X20.455 Y-25.819 E3.10509
G1 X20.76 Y-26.114 E3.12021
G1 X21.137 Y-26.332 E3.13572
G1 X21.553 Y-26.45 E3.15112
G1 X21.985 Y-26.463 E3.16652
G1 X22.646 Y-26.259 E3.19116
G1 X22.771 Y-26.292 E3.19577
G1 X23.156 Y-26.49 E3.21119
G1 X23.558 Y-27.226 E3.24107
G1 X23.891 Y-27.523 E3.25697
G1 X24.283 Y-27.729 E3.27275
G1 X24.712 Y-27.836 E3.2885
G1 X25.543 Y-27.744 E3.31828
G1 E1.31828 F2400
G92 E0
G1 X25.543 Y-27.744 F7800
G1 X23.562 Y-21.231
G1 E2 F2400
G1 F3600
G1 X23.908 Y-21.682 E2.02025
G1 X24.381 Y-21.882 E2.03854
G1 X24.656 Y-21.889 E2.04834
G1 X24.721 Y-22.233 E2.06081
G1 X25.319 Y-22.013 E2.08351
G1 X25.781 Y-21.506 E2.10795
G1 X25.927 Y-21.018 E2.1261
G1 X25.906 Y-20.498 E2.14464
G1 X25.584 Y-19.895 E2.16899
G1 X25.003 Y-19.511 E2.1938
G1 X24.327 Y-19.451 E2.21798
G1 X23.704 Y-19.71 E2.24202
G1 X23.258 Y-20.264 E2.26736
G1 X23.137 Y-20.756 E2.28541
G1 X23.158 Y-21.101 E2.29772
G1 X23.438 Y-21.714 E2.32173
G1 X23.995 Y-22.136 E2.34662
G1 X24.679 Y-22.241 E2.37127
G1 X24.679 Y-22.241 F7800
G1 X24.911 Y-22.553
G1 F3600
G1 X25.514 Y-22.307 E2.39447
G1 X25.842 Y-22.026 E2.40986
G1 X26.092 Y-21.673 E2.42527
G1 X26.274 Y-21.061 E2.44802
G1 X26.248 Y-20.412 E2.47116
G1 X25.966 Y-19.825 E2.49436
G1 X25.514 Y-19.374 E2.51711
G1 X24.911 Y-19.128 E2.54031
G1 X24.273 Y-19.102 E2.56306
G1 X23.66 Y-19.323 E2.58627
G1 X23.173 Y-19.737 E2.60904
G1 X22.943 Y-20.108 E2.62459
G1 X22.814 Y-20.515 E2.6398
G1 X22.814 Y-21.166 E2.66299
G1 X23.046 Y-21.762 E2.68577
G1 X23.483 Y-22.245 E2.70897
G1 X23.857 Y-22.461 E2.72436
G1 X24.273 Y-22.579 E2.73976
G1 X24.869 Y-22.561 E2.761
G1 E.761 F2400
G92 E0
G1 X24.869 Y-22.561 F7800
G1 X17.688 Y-21.013
G1 E2 F2400
G1 F3600
G1 X18.034 Y-21.464 E2.02025
G1 X18.507 Y-21.664 E2.03854
G1 X18.782 Y-21.671 E2.04834
G1 X18.848 Y-22.015 E2.06082
G1 X19.445 Y-21.795 E2.08349
G1 X19.907 Y-21.288 E2.10793
G1 X20.053 Y-20.8 E2.12608
G1 X20.032 Y-20.28 E2.14462
G1 X19.71 Y-19.677 E2.16897
G1 X19.129 Y-19.293 E2.19378
G1 X18.453 Y-19.233 E2.21796
G1 X17.83 Y-19.492 E2.242
G1 X17.385 Y-20.046 E2.26731
G1 X17.263 Y-20.539 E2.2854
G1 X17.285 Y-20.883 E2.29768
G1 X17.564 Y-21.496 E2.32167
G1 X18.121 Y-21.918 E2.34656
G1 X18.805 Y-22.023 E2.37121
G1 X18.805 Y-22.023 F7800
G1 X19.037 Y-22.335
G1 F3600
G1 X19.64 Y-22.089 E2.39441
G1 X19.968 Y-21.808 E2.4098
G1 X20.218 Y-21.455 E2.42521
G1 X20.4 Y-20.843 E2.44796
G1 X20.374 Y-20.194 E2.4711
G1 X20.092 Y-19.608 E2.49427
G1 X19.64 Y-19.156 E2.51704
G1 X19.037 Y-18.91 E2.54024
G1 X18.399 Y-18.884 E2.56299
G1 X17.786 Y-19.105 E2.5862
G1 X17.299 Y-19.519 E2.60897
G1 X17.069 Y-19.89 E2.62452
G1 X16.94 Y-20.297 E2.63973
G1 X16.94 Y-20.948 E2.66292
G1 X17.172 Y-21.544 E2.6857
G1 X17.609 Y-22.027 E2.7089
G1 X17.983 Y-22.243 E2.72429
G1 X18.399 Y-22.361 E2.73969
G1 X18.995 Y-22.343 E2.76093
G1 E.76093 F2400
G92 E0
G1 X18.995 Y-22.343 F7800
G1 X18.38 Y-28.371
G1 E2 F2400
G1 F3600
G1 X18.726 Y-28.823 E2.02028
G1 X19.199 Y-29.023 E2.03857
G1 X19.474 Y-29.031 E2.04837
G1 X19.54 Y-29.375 E2.06085
G1 X19.822 Y-29.312 E2.07114
G1 X20.137 Y-29.154 E2.08369
G1 X20.599 Y-28.648 E2.1081
G1 X20.766 Y-27.982 E2.13256
G1 X20.724 Y-27.639 E2.14487
G1 X20.599 Y-27.317 E2.15717
G1 X20.137 Y-26.81 E2.18161
G1 X19.828 Y-26.656 E2.19391
G1 X19.178 Y-26.58 E2.21722
G1 X18.914 Y-26.319 E2.23044
G1 X18.766 Y-25.958 E2.24434
G1 X18.826 Y-25.403 E2.26423
G1 X19.025 Y-24.919 E2.28287
G1 X19.067 Y-24.581 E2.295
G1 X18.962 Y-24.071 E2.31355
G1 X18.7 Y-23.634 E2.3317
G1 X18.122 Y-23.252 E2.35638
G1 X17.446 Y-23.192 E2.38056
G1 X17.113 Y-23.286 E2.39289
G1 X16.573 Y-23.688 E2.41687
G1 X16.277 Y-24.321 E2.44176
G1 X16.319 Y-25.005 E2.46617
G1 X16.567 Y-25.464 E2.48476
G1 X16.954 Y-25.796 E2.50292
G1 X17.448 Y-25.972 E2.5216
G1 X18.184 Y-26 E2.54784
G1 X18.346 Y-26.956 E2.58238
G1 X17.977 Y-27.722 E2.61267
G1 X17.955 Y-28.066 E2.62495
G1 X18.077 Y-28.559 E2.64304
G1 X18.514 Y-29.105 E2.66795
G1 X19.145 Y-29.372 E2.69236
G1 X19.498 Y-29.383 E2.70494
G1 X19.498 Y-29.383 F7800
G1 X19.729 Y-29.695
G1 F3600
G1 X20.332 Y-29.448 E2.72815
G1 X20.66 Y-29.167 E2.74354
G1 X20.91 Y-28.814 E2.75895
G1 X21.066 Y-28.411 E2.77434
G1 X21.119 Y-27.982 E2.78974
G1 X21.066 Y-27.553 E2.80514
G1 X20.91 Y-27.15 E2.82053
G1 X20.66 Y-26.797 E2.83594
G1 X20.332 Y-26.516 E2.85133
G1 X19.945 Y-26.323 E2.86674
G1 X19.322 Y-26.23 E2.88918
G1 X19.211 Y-26.121 E2.89472
G1 X19.124 Y-25.907 E2.90295
G1 X19.169 Y-25.49 E2.91789
G1 X19.367 Y-25.009 E2.93642
G1 X19.42 Y-24.581 E2.95178
G1 X19.288 Y-23.944 E2.97495
G1 X18.961 Y-23.396 E2.99768
G1 X18.632 Y-23.115 E3.01309
G1 X18.03 Y-22.869 E3.03626
G1 X17.392 Y-22.843 E3.05901
G1 X16.976 Y-22.961 E3.07441
G1 X16.435 Y-23.324 E3.09762
G1 X16.062 Y-23.849 E3.12056
G1 X15.906 Y-24.476 E3.14358
G1 X15.933 Y-24.907 E3.15896
G1 X16.062 Y-25.314 E3.17417
G1 X16.292 Y-25.685 E3.18972
G1 X16.779 Y-26.099 E3.21249
G1 X17.392 Y-26.32 E3.2357
G1 X17.887 Y-26.339 E3.25335
G1 X17.979 Y-26.886 E3.27311
G1 X17.684 Y-27.453 E3.29588
G1 X17.605 Y-28.087 E3.31864
G1 X17.761 Y-28.715 E3.34169
G1 X17.991 Y-29.086 E3.35724
G1 X18.301 Y-29.386 E3.37261
G1 X18.675 Y-29.602 E3.388
G1 X19.091 Y-29.72 E3.4034
G1 X19.687 Y-29.703 E3.42464
G1 E1.42464 F2400
G92 E0
G1 X19.687 Y-29.703 F7800
G1 X12.456 Y-28.524
G1 E2 F2400
G1 F3600
G1 X12.803 Y-28.976 E2.0203
G1 X13.276 Y-29.176 E2.03859
G1 X13.551 Y-29.184 E2.04839
G1 X13.616 Y-29.527 E2.06083
G1 X13.898 Y-29.464 E2.07112
G1 X14.214 Y-29.307 E2.08369
G1 X14.676 Y-28.8 E2.10813
G1 X14.822 Y-28.312 E2.12628
G1 X14.801 Y-27.792 E2.14482
G1 X14.575 Y-27.322 E2.1634
G1 X14.214 Y-26.963 E2.18154
G1 X13.559 Y-26.733 E2.20627
G1 X13.031 Y-26.733 E2.22508
G1 X12.871 Y-26.112 E2.24793
G1 X12.946 Y-25.539 E2.26852
G1 X13.248 Y-24.959 E2.29182
G1 X13.29 Y-24.616 E2.30413
G1 X13.185 Y-24.106 E2.32268
G1 X12.923 Y-23.669 E2.34083
G1 X12.661 Y-23.444 E2.35313
G1 X12.178 Y-23.246 E2.37173
G1 X11.669 Y-23.227 E2.38988
G1 X11.337 Y-23.321 E2.40217
G1 X10.796 Y-23.723 E2.42618
G1 X10.5 Y-24.356 E2.45107
G1 X10.542 Y-25.04 E2.47548
G1 X10.79 Y-25.499 E2.49407
G1 X11.037 Y-25.739 E2.50634
G1 X11.337 Y-25.912 E2.51868
G1 X12.005 Y-26.029 E2.54284
G1 X12.325 Y-26.283 E2.55739
G1 X12.425 Y-26.726 E2.57357
G1 X12.321 Y-27.263 E2.59306
G1 X12.095 Y-27.711 E2.61094
G1 X12.032 Y-28.051 E2.62326
G1 X12.153 Y-28.712 E2.6472
G1 X12.591 Y-29.258 E2.67214
G1 X13.222 Y-29.525 E2.69655
G1 X13.574 Y-29.535 E2.70909
G1 X13.574 Y-29.535 F7800
G1 X13.806 Y-29.847
G1 F3600
G1 X14.409 Y-29.601 E2.73229
G1 X14.737 Y-29.32 E2.74768
G1 X14.987 Y-28.967 E2.76309
G1 X15.169 Y-28.355 E2.78584
G1 X15.143 Y-27.706 E2.80898
G1 X14.861 Y-27.12 E2.83215
G1 X14.409 Y-26.669 E2.8549
G1 X14.022 Y-26.476 E2.87031
G1 X13.302 Y-26.383 E2.89617
G1 X13.227 Y-26.091 E2.90691
G1 X13.282 Y-25.668 E2.92211
G1 X13.59 Y-25.045 E2.94687
G1 X13.643 Y-24.616 E2.96227
G1 X13.511 Y-23.98 E2.98541
G1 X13.184 Y-23.431 E3.00817
G1 X12.856 Y-23.15 E3.02356
G1 X12.253 Y-22.904 E3.04676
G1 X11.615 Y-22.878 E3.06951
G1 X11.199 Y-22.996 E3.08491
G1 X10.658 Y-23.359 E3.10812
G1 X10.285 Y-23.884 E3.13106
G1 X10.129 Y-24.511 E3.15408
G1 X10.208 Y-25.146 E3.17688
G1 X10.515 Y-25.72 E3.20007
G1 X10.825 Y-26.021 E3.21546
G1 X11.199 Y-26.237 E3.23085
G1 X11.873 Y-26.372 E3.25534
G1 X12.011 Y-26.48 E3.26158
G1 X12.067 Y-26.731 E3.27074
G1 X11.988 Y-27.14 E3.28558
G1 X11.709 Y-27.809 E3.3114
G1 X11.682 Y-28.24 E3.32678
G1 X11.838 Y-28.868 E3.34983
G1 X12.068 Y-29.239 E3.36538
G1 X12.378 Y-29.539 E3.38075
G1 X12.752 Y-29.755 E3.39614
G1 X13.168 Y-29.873 E3.41154
G1 X13.764 Y-29.855 E3.43278
G1 E1.43278 F2400
G92 E0
G1 X13.764 Y-29.855 F7800
G1 X12.06 Y-21.04
G1 E2 F2400
G1 F3600
G1 X12.406 Y-21.491 E2.02025
G1 X12.879 Y-21.691 E2.03854
G1 X13.154 Y-21.698 E2.04834
G1 X13.22 Y-22.042 E2.06082
G1 X13.817 Y-21.822 E2.08349
G1 X14.279 Y-21.315 E2.10793
G1 X14.425 Y-20.827 E2.12608
G1 X14.404 Y-20.307 E2.14462
G1 X14.082 Y-19.705 E2.16894
G1 X13.502 Y-19.32 E2.19374
G1 X12.825 Y-19.26 E2.21795
G1 X12.202 Y-19.519 E2.24199
G1 X11.757 Y-20.073 E2.2673
G1 X11.635 Y-20.566 E2.28539
G1 X11.657 Y-20.91 E2.29767
G1 X11.937 Y-21.523 E2.32168
G1 X12.493 Y-21.945 E2.34655
G1 X13.178 Y-22.05 E2.37124
G1 X13.178 Y-22.05 F7800
G1 X13.409 Y-22.362
G1 F3600
G1 X14.012 Y-22.116 E2.39444
G1 X14.34 Y-21.835 E2.40983
G1 X14.59 Y-21.482 E2.42524
G1 X14.772 Y-20.87 E2.44799
G1 X14.746 Y-20.221 E2.47113
G1 X14.464 Y-19.635 E2.4943
G1 X14.012 Y-19.184 E2.51705
G1 X13.409 Y-18.937 E2.54026
G1 X12.771 Y-18.912 E2.56301
G1 X12.159 Y-19.132 E2.58618
G1 X11.671 Y-19.546 E2.60898
G1 X11.441 Y-19.917 E2.62453
G1 X11.312 Y-20.324 E2.63974
G1 X11.312 Y-20.975 E2.66293
G1 X11.544 Y-21.571 E2.68571
G1 X11.981 Y-22.054 E2.70891
G1 X12.355 Y-22.27 E2.7243
G1 X12.771 Y-22.388 E2.7397
G1 X13.367 Y-22.37 E2.76094
G1 E.76094 F2400
G92 E0
G1 X13.367 Y-22.37 F7800
G1 X.709 Y-20.999
G1 E2 F2400
G1 F3600
G1 X1.056 Y-21.45 E2.02027
G1 X1.528 Y-21.65 E2.03853
G1 X1.803 Y-21.658 E2.04833
G1 X1.869 Y-22.002 E2.06081
G1 X2.466 Y-21.781 E2.08349
G1 X2.928 Y-21.274 E2.10793
G1 X3.074 Y-20.787 E2.12604
G1 X3.053 Y-20.266 E2.14462
G1 X2.731 Y-19.664 E2.16894
G1 X2.151 Y-19.28 E2.19372
G1 X1.474 Y-19.219 E2.21794
G1 X.851 Y-19.478 E2.24198
G1 X.406 Y-20.032 E2.26729
G1 X.285 Y-20.525 E2.28537
G1 X.306 Y-20.87 E2.29768
G1 X.586 Y-21.482 E2.32166
G1 X1.142 Y-21.904 E2.34653
G1 X1.827 Y-22.01 E2.37122
G1 X1.827 Y-22.01 F7800
G1 X2.059 Y-22.322
G1 F3600
G1 X2.661 Y-22.075 E2.3944
G1 X2.989 Y-21.794 E2.40979
G1 X3.239 Y-21.441 E2.4252
G1 X3.422 Y-20.83 E2.44792
G1 X3.395 Y-20.18 E2.4711
G1 X3.113 Y-19.594 E2.49427
G1 X2.661 Y-19.143 E2.51702
G1 X2.059 Y-18.896 E2.5402
G1 X1.42 Y-18.871 E2.56298
G1 X.808 Y-19.092 E2.58616
G1 X.321 Y-19.505 E2.60891
G1 X.091 Y-19.876 E2.62446
G1 X-.039 Y-20.283 E2.63968
G1 X-.039 Y-20.935 E2.66291
G1 X.194 Y-21.531 E2.68571
G1 X.631 Y-22.013 E2.70889
G1 X1.005 Y-22.229 E2.72428
G1 X1.42 Y-22.347 E2.73965
G1 X2.017 Y-22.33 E2.76093
G1 E.76093 F2400
G92 E0
G1 X2.017 Y-22.33 F7800
G1 X-.469 Y-24.944
G1 E2 F2400
G1 F3600
G1 X-.123 Y-25.395 E2.02025
G1 X.35 Y-25.595 E2.03854
G1 X.625 Y-25.602 E2.04834
G1 X.69 Y-25.946 E2.06081
G1 X1.288 Y-25.726 E2.08351
G1 X1.75 Y-25.219 E2.10795
G1 X1.896 Y-24.731 E2.1261
G1 X1.875 Y-24.21 E2.14468
G1 X1.553 Y-23.608 E2.169
G1 X.972 Y-23.224 E2.19381
G1 X.296 Y-23.164 E2.21799
G1 X-.327 Y-23.423 E2.24203
G1 X-.773 Y-23.976 E2.26734
G1 X-.894 Y-24.469 E2.28542
G1 X-.873 Y-24.814 E2.29773
G1 X-.593 Y-25.427 E2.32174
G1 X-.036 Y-25.849 E2.34663
G1 X.648 Y-25.954 E2.37128
G1 X.648 Y-25.954 F7800
G1 X.88 Y-26.266
G1 F3600
G1 X1.483 Y-26.02 E2.39448
G1 X1.811 Y-25.738 E2.40989
G1 X2.061 Y-25.386 E2.42527
G1 X2.243 Y-24.774 E2.44802
G1 X2.217 Y-24.124 E2.47119
G1 X1.934 Y-23.538 E2.49437
G1 X1.483 Y-23.087 E2.51709
G1 X.88 Y-22.841 E2.54029
G1 X.242 Y-22.815 E2.56304
G1 X-.371 Y-23.036 E2.58625
G1 X-.858 Y-23.45 E2.60902
G1 X-1.088 Y-23.821 E2.62457
G1 X-1.217 Y-24.228 E2.63978
G1 X-1.217 Y-24.879 E2.66297
G1 X-.985 Y-25.475 E2.68575
G1 X-.548 Y-25.958 E2.70895
G1 X-.174 Y-26.174 E2.72434
G1 X.242 Y-26.292 E2.73974
G1 X.838 Y-26.274 E2.76098
G1 E.76098 F2400
G92 E0
G1 X1.174 Y-28.607 F7800
G1 E2 F2400
G1 F3600
G1 X1.52 Y-29.058 E2.02025
G1 X1.993 Y-29.258 E2.03854
G1 X2.268 Y-29.265 E2.04834
G1 X2.334 Y-29.609 E2.06082
G1 X2.931 Y-29.389 E2.08349
G1 X3.393 Y-28.882 E2.10793
G1 X3.539 Y-28.394 E2.12608
G1 X3.518 Y-27.873 E2.14466
G1 X3.196 Y-27.271 E2.16898
G1 X2.616 Y-26.887 E2.19376
G1 X1.939 Y-26.827 E2.21797
G1 X1.316 Y-27.086 E2.24201
G1 X.871 Y-27.639 E2.2673
G1 X.749 Y-28.132 E2.28539
G1 X.771 Y-28.477 E2.29771
G1 X1.051 Y-29.09 E2.32172
G1 X1.607 Y-29.512 E2.34659
G1 X2.292 Y-29.617 E2.37128
G1 X2.292 Y-29.617 F7800
G1 X2.524 Y-29.929
G1 F3600
G1 X3.126 Y-29.683 E2.39445
G1 X3.454 Y-29.401 E2.40986
G1 X3.704 Y-29.049 E2.42524
G1 X3.886 Y-28.437 E2.44799
G1 X3.86 Y-27.787 E2.47116
G1 X3.578 Y-27.201 E2.49433
G1 X3.126 Y-26.75 E2.51708
G1 X2.524 Y-26.504 E2.54025
G1 X1.885 Y-26.478 E2.56303
G1 X1.273 Y-26.699 E2.58621
G1 X.785 Y-27.113 E2.60901
G1 X.556 Y-27.484 E2.62454
G1 X.426 Y-27.891 E2.63976
G1 X.426 Y-28.542 E2.66295
G1 X.659 Y-29.138 E2.68575
G1 X1.096 Y-29.621 E2.70895
G1 X1.47 Y-29.837 E2.72434
G1 X1.885 Y-29.955 E2.73971
G1 X2.481 Y-29.937 E2.76095
G1 E.76095 F2400
G92 E0
G1 X2.481 Y-29.937 F7800
G1 X2.073 Y-32.461
G1 E2 F2400
G1 F3600
G1 X2.419 Y-32.912 E2.02025
G1 X2.892 Y-33.112 E2.03854
G1 X3.167 Y-33.12 E2.04834
G1 X3.233 Y-33.463 E2.06078
G1 X3.83 Y-33.243 E2.08345
G1 X4.292 Y-32.736 E2.10789
G1 X4.438 Y-32.248 E2.12604
G1 X4.417 Y-31.728 E2.14458
G1 X4.095 Y-31.126 E2.1689
G1 X3.515 Y-30.741 E2.1937
G1 X2.838 Y-30.681 E2.21791
G1 X2.215 Y-30.94 E2.24195
G1 X1.77 Y-31.494 E2.26726
G1 X1.648 Y-31.987 E2.28535
G1 X1.67 Y-32.332 E2.29767
G1 X1.95 Y-32.944 E2.32165
G1 X2.506 Y-33.366 E2.34652
G1 X3.191 Y-33.471 E2.37121
G1 X3.191 Y-33.471 F7800
G1 X3.422 Y-33.783
G1 F3600
G1 X4.025 Y-33.537 E2.39441
G1 X4.353 Y-33.256 E2.4098
G1 X4.603 Y-32.903 E2.42521
G1 X4.785 Y-32.291 E2.44796
G1 X4.759 Y-31.642 E2.4711
G1 X4.477 Y-31.056 E2.49427
G1 X4.025 Y-30.605 E2.51702
G1 X3.422 Y-30.358 E2.54023
G1 X2.784 Y-30.333 E2.56298
G1 X2.171 Y-30.553 E2.58618
G1 X1.684 Y-30.967 E2.60895
G1 X1.454 Y-31.338 E2.6245
G1 X1.325 Y-31.745 E2.63971
G1 X1.325 Y-32.396 E2.6629
G1 X1.557 Y-32.992 E2.68568
G1 X1.994 Y-33.475 E2.70888
G1 X2.368 Y-33.691 E2.72427
G1 X2.784 Y-33.809 E2.73967
G1 X3.38 Y-33.791 E2.76091
G1 E.76091 F2400
G92 E0
G1 X3.38 Y-33.791 F7800
G1 X-3.701 Y-32.78
G1 E2 F2400
G1 F3600
G1 X-3.355 Y-33.231 E2.02025
G1 X-2.882 Y-33.431 E2.03854
G1 X-2.607 Y-33.439 E2.04834
G1 X-2.542 Y-33.782 E2.06078
G1 X-1.944 Y-33.562 E2.08348
G1 X-1.482 Y-33.055 E2.10792
G1 X-1.336 Y-32.568 E2.12603
G1 X-1.357 Y-32.047 E2.14461
G1 X-1.679 Y-31.445 E2.16893
G1 X-2.26 Y-31.061 E2.19374
G1 X-2.936 Y-31 E2.21792
G1 X-3.56 Y-31.259 E2.24199
G1 X-4.005 Y-31.813 E2.2673
G1 X-4.126 Y-32.306 E2.28538
G1 X-4.105 Y-32.651 E2.29769
G1 X-3.825 Y-33.263 E2.32167
G1 X-3.269 Y-33.685 E2.34654
G1 X-2.584 Y-33.791 E2.37123
G1 X-2.584 Y-33.791 F7800
G1 X-2.352 Y-34.103
G1 F3600
G1 X-1.75 Y-33.856 E2.39441
G1 X-1.421 Y-33.575 E2.40982
G1 X-1.172 Y-33.222 E2.42521
G1 X-.989 Y-32.611 E2.44793
G1 X-1.015 Y-31.961 E2.4711
G1 X-1.298 Y-31.375 E2.49428
G1 X-1.75 Y-30.924 E2.51703
G1 X-2.352 Y-30.677 E2.54021
G1 X-2.99 Y-30.652 E2.56296
G1 X-3.603 Y-30.872 E2.58616
G1 X-4.09 Y-31.286 E2.60893
G1 X-4.32 Y-31.657 E2.62448
G1 X-4.449 Y-32.064 E2.63969
G1 X-4.449 Y-32.716 E2.66292
G1 X-4.217 Y-33.311 E2.68567
G1 X-3.78 Y-33.794 E2.70887
G1 X-3.406 Y-34.01 E2.72426
G1 X-2.99 Y-34.128 E2.73966
G1 X-2.394 Y-34.111 E2.7609
G1 E.7609 F2400
G92 E0
G1 X-2.394 Y-34.111 F7800
G1 X-4.447 Y-28.641
G1 E2 F2400
G1 F3600
G1 X-4.1 Y-29.092 E2.02027
G1 X-3.628 Y-29.292 E2.03853
G1 X-3.353 Y-29.299 E2.04833
G1 X-3.287 Y-29.643 E2.06081
G1 X-2.69 Y-29.423 E2.08348
G1 X-2.228 Y-28.916 E2.10792
G1 X-2.082 Y-28.428 E2.12607
G1 X-2.103 Y-27.908 E2.14461
G1 X-2.425 Y-27.305 E2.16896
G1 X-3.005 Y-26.921 E2.19374
G1 X-3.682 Y-26.861 E2.21795
G1 X-4.305 Y-27.12 E2.24199
G1 X-4.75 Y-27.674 E2.2673
G1 X-4.871 Y-28.167 E2.28538
G1 X-4.85 Y-28.511 E2.29766
G1 X-4.57 Y-29.124 E2.32167
G1 X-4.014 Y-29.546 E2.34654
G1 X-3.329 Y-29.651 E2.37123
G1 X-3.329 Y-29.651 F7800
G1 X-3.097 Y-29.963
G1 F3600
G1 X-2.495 Y-29.717 E2.3944
G1 X-2.167 Y-29.436 E2.40979
G1 X-1.917 Y-29.083 E2.4252
G1 X-1.734 Y-28.471 E2.44796
G1 X-1.761 Y-27.822 E2.4711
G1 X-2.043 Y-27.235 E2.4943
G1 X-2.495 Y-26.784 E2.51705
G1 X-3.097 Y-26.538 E2.54022
G1 X-3.736 Y-26.512 E2.563
G1 X-4.348 Y-26.733 E2.58618
G1 X-4.835 Y-27.147 E2.60895
G1 X-5.065 Y-27.518 E2.6245
G1 X-5.195 Y-27.925 E2.63972
G1 X-5.195 Y-28.576 E2.66291
G1 X-4.962 Y-29.172 E2.68571
G1 X-4.525 Y-29.655 E2.70891
G1 X-4.151 Y-29.871 E2.7243
G1 X-3.736 Y-29.989 E2.73967
G1 X-3.139 Y-29.971 E2.76095
G1 E.76095 F2400
G92 E0
G1 X-3.139 Y-29.971 F7800
G1 X-6.038 Y-25.026
G1 E2 F2400
G1 F3600
G1 X-5.692 Y-25.477 E2.02025
G1 X-5.219 Y-25.677 E2.03854
G1 X-4.944 Y-25.684 E2.04834
G1 X-4.879 Y-26.028 E2.06081
G1 X-4.281 Y-25.808 E2.08351
G1 X-3.819 Y-25.301 E2.10795
G1 X-3.673 Y-24.813 E2.1261
G1 X-3.694 Y-24.293 E2.14464
G1 X-4.016 Y-23.69 E2.16899
G1 X-4.597 Y-23.306 E2.1938
G1 X-5.273 Y-23.246 E2.21798
G1 X-5.897 Y-23.505 E2.24205
G1 X-6.342 Y-24.059 E2.26736
G1 X-6.463 Y-24.552 E2.28544
G1 X-6.442 Y-24.896 E2.29772
G1 X-6.162 Y-25.509 E2.32173
G1 X-5.606 Y-25.931 E2.3466
G1 X-4.921 Y-26.036 E2.37129
G1 X-4.921 Y-26.036 F7800
G1 X-4.689 Y-26.348
G1 F3600
G1 X-4.087 Y-26.102 E2.39446
G1 X-3.758 Y-25.821 E2.40987
G1 X-3.509 Y-25.468 E2.42526
G1 X-3.326 Y-24.856 E2.44802
G1 X-3.352 Y-24.207 E2.47116
G1 X-3.635 Y-23.62 E2.49437
G1 X-4.087 Y-23.169 E2.51712
G1 X-4.689 Y-22.923 E2.54029
G1 X-5.327 Y-22.897 E2.56304
G1 X-5.94 Y-23.118 E2.58625
G1 X-6.427 Y-23.532 E2.60902
G1 X-6.657 Y-23.903 E2.62457
G1 X-6.786 Y-24.31 E2.63978
G1 X-6.786 Y-24.961 E2.66297
G1 X-6.554 Y-25.557 E2.68575
G1 X-6.117 Y-26.04 E2.70895
G1 X-5.743 Y-26.256 E2.72434
G1 X-5.327 Y-26.374 E2.73974
G1 X-4.731 Y-26.356 E2.76098
G1 E.76098 F2400
G92 E0
G1 X-4.731 Y-26.356 F7800
G1 X-8.675 Y-28.233
G1 E2 F2400
G1 F3600
G1 X-8.525 Y-28.672 E2.01653
G1 X-8.26 Y-28.96 E2.03047
G1 X-7.919 Y-29.131 E2.04406
G1 X-7.528 Y-29.168 E2.05805
G1 X-7.454 Y-29.51 E2.07052
G1 X-7.007 Y-29.375 E2.08715
G1 X-6.587 Y-29.066 E2.10573
G1 X-6.262 Y-28.462 E2.13016
G1 X-6.262 Y-27.776 E2.1546
G1 X-6.587 Y-27.171 E2.17907
G1 X-7.165 Y-26.789 E2.20375
G1 X-7.841 Y-26.729 E2.22793
G1 X-8.464 Y-26.988 E2.25197
G1 X-8.909 Y-27.541 E2.27726
G1 X-9.031 Y-28.034 E2.29535
G1 X-9.009 Y-28.379 E2.30767
G1 X-8.73 Y-28.992 E2.33166
G1 X-8.165 Y-29.419 E2.35689
G1 X-7.496 Y-29.519 E2.38099
G1 X-7.496 Y-29.519 F7800
G1 X-7.039 Y-29.777
G1 F3600
G1 X-6.656 Y-29.586 E2.39624
G1 X-6.326 Y-29.304 E2.4117
G1 X-6.076 Y-28.951 E2.42711
G1 X-5.92 Y-28.548 E2.4425
G1 X-5.894 Y-27.898 E2.46567
G1 X-6.076 Y-27.286 E2.48842
G1 X-6.326 Y-26.934 E2.5038
G1 X-6.654 Y-26.652 E2.51921
G1 X-7.043 Y-26.459 E2.53468
G1 X-7.461 Y-26.367 E2.54993
G1 X-7.895 Y-26.38 E2.5654
G1 X-8.314 Y-26.499 E2.58092
G1 X-8.682 Y-26.712 E2.59607
G1 X-8.995 Y-27.015 E2.61159
G1 X-9.225 Y-27.386 E2.62714
G1 X-9.381 Y-28.013 E2.65016
G1 X-9.302 Y-28.648 E2.67296
G1 X-8.998 Y-29.219 E2.696
G1 X-8.685 Y-29.523 E2.71154
G1 X-8.308 Y-29.74 E2.72704
G1 X-7.898 Y-29.857 E2.74223
G1 X-7.463 Y-29.87 E2.75773
G1 X-7.081 Y-29.786 E2.77166
G1 E.77166 F2400
G92 E0
G1 X-7.081 Y-29.786 F7800
G1 X-9.428 Y-32.705
G1 E2 F2400
G1 F3600
G1 X-9.082 Y-33.156 E2.02025
G1 X-8.609 Y-33.356 E2.03854
G1 X-8.334 Y-33.364 E2.04834
G1 X-8.268 Y-33.708 E2.06082
G1 X-7.671 Y-33.487 E2.0835
G1 X-7.209 Y-32.98 E2.10794
G1 X-7.063 Y-32.493 E2.12605
G1 X-7.084 Y-31.972 E2.14463
G1 X-7.406 Y-31.37 E2.16895
G1 X-7.986 Y-30.986 E2.19373
G1 X-8.663 Y-30.925 E2.21795
G1 X-9.286 Y-31.185 E2.242
G1 X-9.731 Y-31.738 E2.26729
G1 X-9.853 Y-32.231 E2.28538
G1 X-9.831 Y-32.576 E2.2977
G1 X-9.551 Y-33.189 E2.32171
G1 X-8.995 Y-33.61 E2.34655
G1 X-8.31 Y-33.716 E2.37124
G1 X-8.31 Y-33.716 F7800
G1 X-8.079 Y-34.028
G1 F3600
G1 X-7.476 Y-33.781 E2.39445
G1 X-7.148 Y-33.5 E2.40984
G1 X-6.898 Y-33.147 E2.42525
G1 X-6.716 Y-32.536 E2.44796
G1 X-6.742 Y-31.886 E2.47113
G1 X-7.024 Y-31.3 E2.4943
G1 X-7.476 Y-30.849 E2.51705
G1 X-8.079 Y-30.603 E2.54025
G1 X-8.717 Y-30.577 E2.563
G1 X-9.33 Y-30.798 E2.58621
G1 X-9.817 Y-31.211 E2.60896
G1 X-10.047 Y-31.582 E2.62451
G1 X-10.176 Y-31.99 E2.63975
G1 X-10.176 Y-32.641 E2.66294
G1 X-9.944 Y-33.237 E2.68572
G1 X-9.507 Y-33.719 E2.7089
G1 X-9.133 Y-33.935 E2.72429
G1 X-8.717 Y-34.053 E2.73969
G1 X-8.121 Y-34.036 E2.76093
G1 E.76093 F2400
G92 E0
G1 X-8.121 Y-34.036 F7800
G1 X-13.551 Y-32.74
G1 E2 F2400
G1 F3600
G1 X-13.205 Y-33.191 E2.02025
G1 X-12.732 Y-33.391 E2.03854
G1 X-12.457 Y-33.399 E2.04834
G1 X-12.392 Y-33.742 E2.06078
G1 X-11.794 Y-33.522 E2.08348
G1 X-11.332 Y-33.015 E2.10792
G1 X-11.186 Y-32.527 E2.12607
G1 X-11.207 Y-32.007 E2.14461
G1 X-11.529 Y-31.405 E2.16893
G1 X-12.11 Y-31.02 E2.19376
G1 X-12.786 Y-30.96 E2.21794
G1 X-13.41 Y-31.219 E2.24201
G1 X-13.855 Y-31.773 E2.26732
G1 X-13.976 Y-32.266 E2.2854
G1 X-13.955 Y-32.611 E2.29771
G1 X-13.675 Y-33.223 E2.32169
G1 X-13.119 Y-33.645 E2.34656
G1 X-12.434 Y-33.75 E2.37125
G1 X-12.434 Y-33.75 F7800
G1 X-12.202 Y-34.062
G1 F3600
G1 X-11.6 Y-33.816 E2.39442
G1 X-11.271 Y-33.535 E2.40983
G1 X-11.022 Y-33.182 E2.42522
G1 X-10.839 Y-32.571 E2.44794
G1 X-10.865 Y-31.921 E2.47111
G1 X-11.148 Y-31.335 E2.49429
G1 X-11.6 Y-30.884 E2.51704
G1 X-12.202 Y-30.637 E2.54022
G1 X-12.84 Y-30.612 E2.56297
G1 X-13.453 Y-30.832 E2.58617
G1 X-13.94 Y-31.246 E2.60894
G1 X-14.17 Y-31.617 E2.62449
G1 X-14.299 Y-32.024 E2.6397
G1 X-14.299 Y-32.675 E2.66289
G1 X-14.067 Y-33.271 E2.68567
G1 X-13.63 Y-33.754 E2.70887
G1 X-13.256 Y-33.97 E2.72426
G1 X-12.84 Y-34.088 E2.73966
G1 X-12.244 Y-34.07 E2.7609
G1 E.7609 F2400
G92 E0
G1 X-12.244 Y-34.07 F7800
G1 X-13.106 Y-28.526
G1 E2 F2400
G1 F3600
G1 X-12.946 Y-28.808 E2.01155
G1 X-12.653 Y-29.055 E2.0252
G1 X-12.285 Y-29.189 E2.03915
G1 X-12.016 Y-29.195 E2.04874
G1 X-11.951 Y-29.538 E2.06118
G1 X-11.345 Y-29.317 E2.08416
G1 X-10.883 Y-28.81 E2.1086
G1 X-10.716 Y-28.144 E2.13306
G1 X-10.758 Y-27.801 E2.14537
G1 X-11.141 Y-27.104 E2.1737
G1 X-10.911 Y-26.582 E2.19402
G1 X-9.791 Y-25.797 E2.24274
G1 X-9.467 Y-25.192 E2.26719
G1 X-9.467 Y-24.506 E2.29163
G1 X-9.693 Y-24.036 E2.31021
G1 X-10.054 Y-23.677 E2.32835
G1 X-10.363 Y-23.523 E2.34065
G1 X-11.046 Y-23.459 E2.36509
G1 X-11.378 Y-23.554 E2.37739
G1 X-11.925 Y-23.967 E2.40181
G1 X-12.172 Y-24.426 E2.42038
G1 X-12.236 Y-24.933 E2.43858
G1 X-12.112 Y-25.432 E2.4569
G1 X-11.83 Y-25.909 E2.47664
G1 X-11.989 Y-26.274 E2.49082
G1 X-12.334 Y-26.738 E2.51142
G1 X-12.969 Y-27.022 E2.5362
G1 X-13.216 Y-27.262 E2.54847
G1 X-13.464 Y-27.721 E2.56706
G1 X-13.506 Y-28.405 E2.59147
G1 X-13.219 Y-29.028 E2.61591
G1 X-12.671 Y-29.441 E2.64036
G1 X-11.993 Y-29.546 E2.6648
G1 X-11.993 Y-29.546 F7800
G1 X-11.753 Y-29.857
G1 F3600
G1 X-11.151 Y-29.611 E2.68797
G1 X-10.822 Y-29.329 E2.70341
G1 X-10.573 Y-28.977 E2.71877
G1 X-10.416 Y-28.573 E2.73421
G1 X-10.363 Y-28.144 E2.74961
G1 X-10.416 Y-27.715 E2.76501
G1 X-10.742 Y-27.066 E2.79088
G1 X-10.624 Y-26.798 E2.80131
G1 X-9.531 Y-26.034 E2.84882
G1 X-9.281 Y-25.681 E2.86423
G1 X-9.125 Y-25.278 E2.87962
G1 X-9.072 Y-24.849 E2.89502
G1 X-9.125 Y-24.42 E2.91042
G1 X-9.407 Y-23.834 E2.93359
G1 X-9.859 Y-23.383 E2.95634
G1 X-10.246 Y-23.19 E2.97175
G1 X-10.668 Y-23.098 E2.98714
G1 X-11.1 Y-23.111 E3.00254
G1 X-11.515 Y-23.229 E3.01791
G1 X-11.889 Y-23.445 E3.0333
G1 X-12.199 Y-23.745 E3.04867
G1 X-12.429 Y-24.116 E3.06422
G1 X-12.586 Y-24.744 E3.08728
G1 X-12.506 Y-25.379 E3.11008
G1 X-12.222 Y-25.933 E3.13226
G1 X-12.548 Y-26.439 E3.1537
G1 X-13.181 Y-26.74 E3.17867
G1 X-13.491 Y-27.041 E3.19406
G1 X-13.721 Y-27.412 E3.20961
G1 X-13.85 Y-27.819 E3.22482
G1 X-13.877 Y-28.25 E3.2402
G1 X-13.798 Y-28.674 E3.25556
G1 X-13.618 Y-29.066 E3.27093
G1 X-13.348 Y-29.402 E3.28629
G1 X-13.004 Y-29.662 E3.30165
G1 X-12.607 Y-29.83 E3.31701
G1 X-11.795 Y-29.865 E3.34596
G1 E1.34596 F2400
G92 E0
G1 X-10.672 Y-20.931 F7800
G1 E2 F2400
G1 F3600
G1 X-10.326 Y-21.383 E2.02028
G1 X-9.853 Y-21.582 E2.03856
G1 X-9.578 Y-21.59 E2.04836
G1 X-9.512 Y-21.934 E2.06084
G1 X-8.915 Y-21.714 E2.08351
G1 X-8.453 Y-21.207 E2.10795
G1 X-8.307 Y-20.719 E2.1261
G1 X-8.328 Y-20.198 E2.14468
G1 X-8.65 Y-19.596 E2.169
G1 X-9.23 Y-19.212 E2.19378
G1 X-9.907 Y-19.152 E2.21799
G1 X-10.53 Y-19.411 E2.24203
G1 X-10.975 Y-19.964 E2.26732
G1 X-11.097 Y-20.457 E2.28541
G1 X-11.075 Y-20.802 E2.29773
G1 X-10.795 Y-21.415 E2.32174
G1 X-10.239 Y-21.837 E2.34661
G1 X-9.554 Y-21.942 E2.3713
G1 X-9.554 Y-21.942 F7800
G1 X-9.323 Y-22.254
G1 F3600
G1 X-8.72 Y-22.008 E2.3945
G1 X-8.392 Y-21.726 E2.40991
G1 X-8.142 Y-21.373 E2.42532
G1 X-7.96 Y-20.762 E2.44803
G1 X-7.986 Y-20.112 E2.4712
G1 X-8.268 Y-19.526 E2.49437
G1 X-8.72 Y-19.075 E2.51712
G1 X-9.323 Y-18.829 E2.54032
G1 X-9.961 Y-18.803 E2.56307
G1 X-10.573 Y-19.024 E2.58625
G1 X-11.061 Y-19.438 E2.60905
G1 X-11.291 Y-19.809 E2.6246
G1 X-11.42 Y-20.216 E2.63981
G1 X-11.42 Y-20.867 E2.663
G1 X-11.188 Y-21.463 E2.68578
G1 X-10.751 Y-21.946 E2.70898
G1 X-10.376 Y-22.161 E2.72438
G1 X-9.961 Y-22.28 E2.73976
G1 X-9.365 Y-22.262 E2.761
G1 E.761 F2400
G92 E0
G1 X-9.365 Y-22.262 F7800
G1 X-4.906 Y-21.039
G1 E2 F2400
G1 F3600
G1 X-4.559 Y-21.49 E2.02027
G1 X-4.087 Y-21.69 E2.03853
G1 X-3.812 Y-21.698 E2.04833
G1 X-3.746 Y-22.041 E2.06077
G1 X-3.149 Y-21.821 E2.08344
G1 X-2.687 Y-21.314 E2.10788
G1 X-2.541 Y-20.827 E2.12599
G1 X-2.562 Y-20.306 E2.14457
G1 X-2.884 Y-19.704 E2.16889
G1 X-3.464 Y-19.319 E2.19369
G1 X-4.141 Y-19.259 E2.2179
G1 X-4.764 Y-19.518 E2.24194
G1 X-5.209 Y-20.072 E2.26725
G1 X-5.331 Y-20.565 E2.28534
G1 X-5.309 Y-20.91 E2.29766
G1 X-5.029 Y-21.522 E2.32164
G1 X-4.473 Y-21.944 E2.34651
G1 X-3.788 Y-22.049 E2.3712
G1 X-3.788 Y-22.049 F7800
G1 X-3.556 Y-22.362
G1 F3600
G1 X-2.954 Y-22.115 E2.39438
G1 X-2.626 Y-21.834 E2.40977
G1 X-2.376 Y-21.481 E2.42518
G1 X-2.193 Y-20.87 E2.4479
G1 X-2.22 Y-20.22 E2.47108
G1 X-2.502 Y-19.634 E2.49425
G1 X-2.954 Y-19.183 E2.517
G1 X-3.556 Y-18.936 E2.54018
G1 X-4.195 Y-18.911 E2.56296
G1 X-4.807 Y-19.131 E2.58613
G1 X-5.294 Y-19.545 E2.6089
G1 X-5.524 Y-19.916 E2.62445
G1 X-5.654 Y-20.323 E2.63967
G1 X-5.654 Y-20.974 E2.66286
G1 X-5.421 Y-21.57 E2.68566
G1 X-4.984 Y-22.053 E2.70886
G1 X-4.61 Y-22.269 E2.72425
G1 X-4.195 Y-22.387 E2.73962
G1 X-3.598 Y-22.37 E2.7609
G1 E.7609 F2400
G92 E0
G1 X-3.598 Y-22.37 F7800
G1 X-16.255 Y-21
G1 E2 F2400
G1 F3600
G1 X-15.908 Y-21.451 E2.02027
G1 X-15.436 Y-21.651 E2.03853
G1 X-15.161 Y-21.659 E2.04833
G1 X-15.095 Y-22.002 E2.06077
G1 X-14.498 Y-21.782 E2.08344
G1 X-14.036 Y-21.275 E2.10788
G1 X-13.89 Y-20.788 E2.12599
G1 X-13.911 Y-20.267 E2.14457
G1 X-14.233 Y-19.665 E2.16889
G1 X-14.813 Y-19.28 E2.19369
G1 X-15.49 Y-19.22 E2.2179
G1 X-16.113 Y-19.479 E2.24194
G1 X-16.558 Y-20.033 E2.26725
G1 X-16.68 Y-20.526 E2.28534
G1 X-16.658 Y-20.871 E2.29766
G1 X-16.378 Y-21.483 E2.32164
G1 X-15.822 Y-21.905 E2.34651
G1 X-15.137 Y-22.01 E2.3712
G1 X-15.137 Y-22.01 F7800
G1 X-14.905 Y-22.322
G1 F3600
G1 X-14.303 Y-22.076 E2.39437
G1 X-13.975 Y-21.795 E2.40976
G1 X-13.725 Y-21.442 E2.42517
G1 X-13.542 Y-20.831 E2.44789
G1 X-13.569 Y-20.181 E2.47107
G1 X-13.851 Y-19.595 E2.49424
G1 X-14.303 Y-19.144 E2.51699
G1 X-14.905 Y-18.897 E2.54017
G1 X-15.544 Y-18.872 E2.56295
G1 X-16.156 Y-19.092 E2.58612
G1 X-16.643 Y-19.506 E2.60889
G1 X-16.873 Y-19.877 E2.62444
G1 X-17.003 Y-20.284 E2.63966
G1 X-17.003 Y-20.935 E2.66285
G1 X-16.77 Y-21.531 E2.68565
G1 X-16.333 Y-22.014 E2.70885
G1 X-15.959 Y-22.23 E2.72424
G1 X-15.544 Y-22.348 E2.73961
G1 X-14.947 Y-22.33 E2.76089
G1 E.76089 F2400
G92 E0
G1 X-14.947 Y-22.33 F7800
G1 X-21.149 Y-32.956
G1 E2 F2400
G1 F3600
G1 X-20.805 Y-33.406 E2.02018
G1 X-20.333 Y-33.608 E2.03847
G1 X-20.055 Y-33.616 E2.04838
G1 X-19.992 Y-33.96 E2.06084
G1 X-19.394 Y-33.741 E2.08353
G1 X-19.012 Y-33.355 E2.10288
G1 X-18.756 Y-33.208 E2.1134
G1 X-18.372 Y-33.179 E2.12712
G1 X-17.872 Y-33.347 E2.14591
G1 X-17.459 Y-33.605 E2.16326
G1 X-16.771 Y-33.713 E2.18807
G1 X-16.434 Y-33.639 E2.20036
G1 X-15.865 Y-33.264 E2.22464
G1 X-15.662 Y-32.978 E2.23713
G1 X-15.495 Y-32.313 E2.26156
G1 X-15.538 Y-31.97 E2.27387
G1 X-15.86 Y-31.367 E2.29822
G1 X-16.124 Y-31.14 E2.31062
G1 X-16.764 Y-30.912 E2.33482
G1 X-17.116 Y-30.923 E2.34737
G1 X-17.608 Y-31.098 E2.36597
G1 X-18.25 Y-31.746 E2.39847
G1 X-19.142 Y-31.689 E2.43031
G1 X-19.129 Y-30.899 E2.45846
G1 X-18.786 Y-30.367 E2.48101
G1 X-18.498 Y-30.208 E2.49273
G1 X-18.197 Y-29.819 E2.51025
G1 X-17.944 Y-29.053 E2.53899
G1 X-18.182 Y-28.276 E2.56794
G1 X-18.635 Y-27.708 E2.59382
G1 X-18.803 Y-27.152 E2.61451
G1 X-18.806 Y-26.48 E2.63845
G1 X-18.931 Y-26.157 E2.65079
G1 X-19.393 Y-25.507 E2.6792
G1 X-18.922 Y-24.892 E2.7068
G1 X-18.162 Y-25.172 E2.73565
G1 X-17.757 Y-25.164 E2.75008
G1 X-17.151 Y-25.605 E2.77678
G1 X-16.819 Y-25.699 E2.78907
G1 X-16.136 Y-25.636 E2.8135
G1 X-15.827 Y-25.482 E2.8258
G1 X-15.466 Y-25.123 E2.84394
G1 X-15.24 Y-24.653 E2.86252
G1 X-15.198 Y-24.31 E2.87483
G1 X-15.24 Y-23.967 E2.88714
G1 X-15.466 Y-23.497 E2.90572
G1 X-15.827 Y-23.137 E2.92388
G1 X-16.136 Y-22.983 E2.93618
G1 X-16.819 Y-22.92 E2.96061
G1 X-17.162 Y-23.017 E2.97331
G1 X-17.445 Y-23.181 E2.98496
G1 X-17.946 Y-23.655 E3.00953
G1 X-18.716 Y-23.286 E3.03995
G1 X-18.99 Y-22.868 E3.05775
G1 X-18.605 Y-21.742 E3.10014
G1 X-18.606 Y-21.369 E3.11343
G1 X-18.713 Y-20.989 E3.12749
G1 X-19.122 Y-20.359 E3.15425
G1 X-19.411 Y-20.143 E3.1671
G1 X-20.052 Y-19.946 E3.19099
G1 X-20.676 Y-20.083 E3.21375
G1 X-21.073 Y-20.383 E3.23148
G1 X-21.685 Y-21.066 E3.26415
G1 X-21.792 Y-21.594 E3.28334
G1 X-21.734 Y-21.925 E3.29531
G1 X-21.523 Y-22.365 E3.31269
G1 X-21.452 Y-22.942 E3.3334
G1 X-21.728 Y-23.639 E3.36011
G1 X-21.735 Y-24.194 E3.37988
G1 X-21.543 Y-24.725 E3.39999
G1 X-21.233 Y-25.14 E3.41844
G1 X-21.188 Y-25.808 E3.44229
G1 X-21.454 Y-26.251 E3.4607
G1 X-21.573 Y-26.732 E3.47835
G1 X-21.509 Y-27.253 E3.49705
G1 X-21.276 Y-27.727 E3.51587
G1 X-21.324 Y-28.3 E3.53635
G1 X-21.535 Y-29.057 E3.56435
G1 X-21.515 Y-29.465 E3.5789
G1 X-21.242 Y-30.136 E3.60471
G1 X-20.95 Y-30.484 E3.62089
G1 X-20.877 Y-30.871 E3.63492
G1 X-21.044 Y-31.448 E3.65632
G1 X-21.363 Y-31.825 E3.67391
G1 X-21.508 Y-32.137 E3.68617
G1 X-21.553 Y-32.82 E3.71055
G1 X-21.364 Y-33.309 E3.72923
G1 X-21.019 Y-33.687 E3.74746
G1 X-20.388 Y-33.956 E3.7719
G1 X-20.034 Y-33.968 E3.78452
G1 X-20.034 Y-33.968 F7800
G1 X-19.808 Y-34.282
G1 F3600
G1 X-19.199 Y-34.035 E3.80793
G1 X-18.651 Y-33.551 E3.83398
G1 X-18.416 Y-33.533 E3.84238
G1 X-18.028 Y-33.664 E3.85697
G1 X-17.589 Y-33.932 E3.87529
G1 X-17.17 Y-34.051 E3.89081
G1 X-16.739 Y-34.064 E3.90617
G1 X-16.316 Y-33.972 E3.92159
G1 X-15.767 Y-33.645 E3.94435
G1 X-15.352 Y-33.145 E3.9675
G1 X-15.169 Y-32.533 E3.99026
G1 X-15.196 Y-31.884 E4.0134
G1 X-15.478 Y-31.297 E4.0366
G1 X-15.93 Y-30.846 E4.05935
G1 X-16.532 Y-30.6 E4.08252
G1 X-17.17 Y-30.574 E4.10527
G1 X-17.589 Y-30.694 E4.1208
G1 X-17.961 Y-30.908 E4.13609
G1 X-18.404 Y-31.385 E4.15928
G1 X-18.786 Y-31.361 E4.17292
G1 X-18.78 Y-31.004 E4.18564
G1 X-18.54 Y-30.631 E4.20144
G1 X-18.246 Y-30.455 E4.21365
G1 X-17.895 Y-30.001 E4.23409
G1 X-17.67 Y-29.504 E4.25352
G1 X-17.593 Y-29.023 E4.27087
G1 X-17.687 Y-28.542 E4.28833
G1 X-17.876 Y-28.103 E4.30536
G1 X-18.323 Y-27.53 E4.33125
G1 X-18.447 Y-27.121 E4.34648
G1 X-18.464 Y-26.394 E4.37239
G1 X-18.62 Y-25.99 E4.38782
G1 X-18.958 Y-25.514 E4.40862
G1 X-18.801 Y-25.309 E4.41782
G1 X-18.222 Y-25.523 E4.43981
G1 X-17.887 Y-25.517 E4.45175
G1 X-17.289 Y-25.93 E4.47764
G1 X-16.873 Y-26.048 E4.49304
G1 X-16.441 Y-26.061 E4.50844
G1 X-16.019 Y-25.969 E4.52383
G1 X-15.632 Y-25.776 E4.53924
G1 X-15.18 Y-25.325 E4.56199
G1 X-14.898 Y-24.739 E4.58516
G1 X-14.845 Y-24.31 E4.60056
G1 X-14.898 Y-23.881 E4.61596
G1 X-15.18 Y-23.295 E4.63913
G1 X-15.632 Y-22.843 E4.6619
G1 X-16.019 Y-22.651 E4.67729
G1 X-16.441 Y-22.558 E4.69268
G1 X-16.873 Y-22.571 E4.70808
G1 X-17.292 Y-22.691 E4.72361
G1 X-17.661 Y-22.903 E4.73877
G1 X-18.012 Y-23.236 E4.75601
G1 X-18.477 Y-23.013 E4.77438
G1 X-18.605 Y-22.818 E4.78269
G1 X-18.255 Y-21.788 E4.82144
G1 X-18.256 Y-21.32 E4.83811
G1 X-18.385 Y-20.863 E4.85503
G1 X-18.591 Y-20.446 E4.8716
G1 X-18.88 Y-20.102 E4.88761
G1 X-19.626 Y-19.665 E4.91841
G1 X-20.036 Y-19.593 E4.93324
G1 X-20.44 Y-19.627 E4.94768
G1 X-20.823 Y-19.764 E4.96217
G1 X-21.314 Y-20.128 E4.98394
G1 X-21.99 Y-20.882 E5.02002
G1 X-22.111 Y-21.207 E5.03237
G1 X-22.145 Y-21.61 E5.04678
G1 X-22.07 Y-22.033 E5.06208
G1 X-21.863 Y-22.465 E5.07915
G1 X-21.811 Y-22.889 E5.09437
G1 X-22.072 Y-23.574 E5.12048
G1 X-22.081 Y-24.252 E5.14464
G1 X-21.954 Y-24.686 E5.16075
G1 X-21.575 Y-25.266 E5.18543
G1 X-21.545 Y-25.722 E5.20171
G1 X-21.77 Y-26.097 E5.21729
G1 X-21.923 Y-26.711 E5.23983
G1 X-21.843 Y-27.358 E5.26305
G1 X-21.633 Y-27.803 E5.28058
G1 X-21.669 Y-28.226 E5.2957
G1 X-21.886 Y-29.037 E5.32561
G1 X-21.862 Y-29.522 E5.34291
G1 X-21.739 Y-29.956 E5.35898
G1 X-21.277 Y-30.639 E5.38835
G1 X-21.237 Y-30.854 E5.39614
G1 X-21.357 Y-31.27 E5.41156
G1 X-21.661 Y-31.641 E5.42865
G1 X-21.842 Y-32.031 E5.44397
G1 X-21.923 Y-32.454 E5.45931
G1 X-21.898 Y-32.884 E5.47465
G1 X-21.662 Y-33.492 E5.49788
G1 X-21.233 Y-33.967 E5.52068
G1 X-20.859 Y-34.185 E5.5361
G1 X-20.443 Y-34.305 E5.55152
G1 X-19.851 Y-34.29 E5.57262
G1 E3.57262 F2400
G92 E0
G1 X-19.851 Y-34.29 F7800
G1 X-23.996 Y-40.374
G1 E2 F2400
;TYPE:Perimeter
;WIDTH:0.45
G1 F3600
G1 X-23.996 Y-39.371 E2.04824
G1 X-23.996 Y-12.408 E3.34507
G1 X-26.004 Y-12.408 E3.44165
G1 X-26.004 Y-40.374 E4.78672
G1 X-24.056 Y-40.374 E4.88041
G1 X-24.056 Y-40.374 F7800
G1 X-23.611 Y-40.76
G1 F3600
G1 X-23.611 Y-39.371 E4.94722
G1 X-23.611 Y-12.022 E6.26261
G1 X-26.389 Y-12.022 E6.39622
G1 X-26.389 Y-40.76 E7.77842
G1 X-23.671 Y-40.76 E7.90915
G1 X-23.671 Y-40.76 F7800
G1 X-23.225 Y-41.146
;TYPE:External perimeter
G1 F1800
G1 X-23.225 Y-39.371 E7.99452
G1 X-23.225 Y-11.636 E9.32848
G1 X-26.775 Y-11.636 E9.49922
G1 X-26.775 Y-41.146 E10.91855
G1 X-23.285 Y-41.146 E11.08641
G1 X-23.226 Y-40.75 F7800
G1 E9.08641 F2400
G92 E0
G1 X-25.715 Y-39.892 F7800
G1 E2 F2400
;TYPE:Solid infill
G1 F1200
G1 X-25.715 Y-12.697 E3.30799
G1 X-24.285 Y-12.697 E3.37677
G1 X-24.285 Y-40.085 E4.69404
G1 X-25.715 Y-40.085 E4.76282
G1 X-25.261 Y-39.632 E4.79367
;WIDTH:0.58612
G1 X-24.739 Y-39.632 E4.82764
G1 X-24.739 Y-13.15 E6.55093
G1 X-25.261 Y-13.15 E6.5849
G1 X-25.261 Y-39.439 E8.29563
;LAYER_CHANGE
;Z:1.25
;HEIGHT:0.3
G1 Z1.25 F7800
G1 E6.29563 F2400
G92 E0
G1 X-25.261 Y-39.439 F7800
G1 X6.38 Y-20.597
G1 E2 F2400
;TYPE:Support material
;WIDTH:0.35
G1 F3600
G1 X6.53 Y-21.03 E2.01632
G1 X6.688 Y-21.212 E2.02491
G1 X7.07 Y-21.399 E2.04006
G1 X7.3 Y-21.419 E2.04828
G1 X7.353 Y-21.765 E2.06075
G1 X7.898 Y-21.589 E2.08115
G1 X8.326 Y-21.142 E2.1032
G1 X8.469 Y-20.651 E2.12142
G1 X8.443 Y-20.23 E2.13645
G1 X8.143 Y-19.689 E2.15849
G1 X7.611 Y-19.36 E2.18077
G1 X6.997 Y-19.336 E2.20266
G1 X6.45 Y-19.609 E2.22444
G1 X6.091 Y-20.149 E2.24754
G1 X6.03 Y-20.64 E2.26517
G1 X6.236 Y-21.226 E2.2873
G1 X6.693 Y-21.636 E2.30917
G1 X7.311 Y-21.771 E2.3317
G1 X7.527 Y-22.092 F7800
G1 F3600
G1 X8.083 Y-21.89 E2.35277
G1 X8.395 Y-21.637 E2.36708
G1 X8.634 Y-21.314 E2.38139
G1 X8.816 Y-20.696 E2.40434
G1 X8.785 Y-20.142 E2.42411
G1 X8.538 Y-19.633 E2.44426
G1 X8.085 Y-19.191 E2.46681
G1 X7.522 Y-18.987 E2.48814
G1 X6.922 Y-18.991 E2.50951
G1 X6.347 Y-19.25 E2.53198
G1 X5.943 Y-19.659 E2.55246
G1 X5.701 Y-20.258 E2.57547
G1 X5.702 Y-20.825 E2.59567
G1 X5.943 Y-21.422 E2.61861
G1 X6.35 Y-21.833 E2.63922
G1 X6.921 Y-22.089 E2.66151
G1 X7.484 Y-22.099 E2.68157
G1 E.68157 F2400
G92 E0
G1 X7.484 Y-22.099 F7800
G1 X5.313 Y-24.637
G1 E2 F2400
G1 F3600
G1 X5.458 Y-25.06 E2.01593
G1 X5.617 Y-25.246 E2.02465
G1 X5.998 Y-25.436 E2.03982
G1 X6.237 Y-25.459 E2.04837
G1 X6.283 Y-25.806 E2.06084
G1 X6.831 Y-25.633 E2.08131
G1 X7.265 Y-25.184 E2.10356
G1 X7.403 Y-24.743 E2.12002
G1 X7.383 Y-24.268 E2.13696
G1 X7.08 Y-23.726 E2.15908
G1 X6.536 Y-23.397 E2.18173
G1 X5.919 Y-23.38 E2.20372
G1 X5.374 Y-23.659 E2.22553
G1 X5.019 Y-24.204 E2.2487
G1 X4.983 Y-24.813 E2.27043
G1 X5.163 Y-25.253 E2.28737
G1 X5.614 Y-25.668 E2.3092
G1 X6.24 Y-25.811 E2.33208
G1 X6.24 Y-25.811 F7800
G1 X6.438 Y-26.138
G1 F3600
G1 X7.014 Y-25.935 E2.35384
G1 X7.33 Y-25.682 E2.36826
G1 X7.573 Y-25.357 E2.38272
G1 X7.75 Y-24.788 E2.40395
G1 X7.725 Y-24.178 E2.4257
G1 X7.45 Y-23.634 E2.44741
G1 X7.014 Y-23.226 E2.46868
G1 X6.438 Y-23.022 E2.49045
G1 X5.841 Y-23.036 E2.51172
G1 X5.284 Y-23.287 E2.53348
G1 X4.867 Y-23.715 E2.55477
G1 X4.638 Y-24.281 E2.57652
G1 X4.638 Y-24.879 E2.59782
G1 X4.867 Y-25.446 E2.6196
G1 X5.284 Y-25.874 E2.64089
G1 X5.841 Y-26.125 E2.66265
G1 X6.396 Y-26.144 E2.68243
G1 E.68243 F2400
G92 E0
G1 X6.396 Y-26.144 F7800
G1 X6.916 Y-28.191
G1 E2 F2400
G1 F3600
G1 X7.062 Y-28.615 E2.01597
G1 X7.22 Y-28.801 E2.02466
G1 X7.601 Y-28.991 E2.03983
G1 X7.841 Y-29.013 E2.04842
G1 X7.886 Y-29.36 E2.06089
G1 X8.434 Y-29.187 E2.08136
G1 X8.869 Y-28.739 E2.10361
G1 X9.006 Y-28.298 E2.12006
G1 X8.987 Y-27.823 E2.13699
G1 X8.683 Y-27.281 E2.15913
G1 X8.14 Y-26.952 E2.18175
G1 X7.523 Y-26.935 E2.20374
G1 X6.978 Y-27.214 E2.22555
G1 X6.623 Y-27.759 E2.24872
G1 X6.586 Y-28.367 E2.27042
G1 X6.766 Y-28.808 E2.28739
G1 X7.217 Y-29.223 E2.30922
G1 X7.844 Y-29.366 E2.33213
G1 X7.844 Y-29.366 F7800
G1 X8.042 Y-29.693
G1 F3600
G1 X8.617 Y-29.489 E2.35386
G1 X8.934 Y-29.237 E2.36829
G1 X9.176 Y-28.912 E2.38272
G1 X9.354 Y-28.342 E2.40399
G1 X9.328 Y-27.733 E2.4257
G1 X9.053 Y-27.188 E2.44745
G1 X8.617 Y-26.78 E2.46872
G1 X8.042 Y-26.577 E2.49044
G1 X7.444 Y-26.59 E2.51175
G1 X6.888 Y-26.841 E2.53348
G1 X6.47 Y-27.269 E2.55479
G1 X6.242 Y-27.836 E2.57656
G1 X6.242 Y-28.434 E2.59786
G1 X6.47 Y-29 E2.6196
G1 X6.888 Y-29.428 E2.64091
G1 X7.444 Y-29.679 E2.66264
G1 X7.999 Y-29.698 E2.68242
G1 E.68242 F2400
G92 E0
G1 X7.999 Y-29.698 F7800
G1 X7.784 Y-32.083
G1 E2 F2400
G1 F3600
G1 X7.93 Y-32.507 E2.01597
G1 X8.088 Y-32.693 E2.02466
G1 X8.47 Y-32.883 E2.03986
G1 X8.709 Y-32.906 E2.04841
G1 X8.755 Y-33.253 E2.06088
G1 X9.303 Y-33.08 E2.08135
G1 X9.737 Y-32.631 E2.1036
G1 X9.875 Y-32.19 E2.12006
G1 X9.855 Y-31.715 E2.137
G1 X9.551 Y-31.173 E2.15914
G1 X9.008 Y-30.844 E2.18176
G1 X8.391 Y-30.827 E2.20375
G1 X7.846 Y-31.106 E2.22556
G1 X7.491 Y-31.651 E2.24873
G1 X7.454 Y-32.26 E2.27047
G1 X7.634 Y-32.7 E2.28741
G1 X8.085 Y-33.115 E2.30924
G1 X8.712 Y-33.258 E2.33215
G1 X8.712 Y-33.258 F7800
G1 X8.91 Y-33.585
G1 F3600
G1 X9.486 Y-33.381 E2.35392
G1 X9.802 Y-33.129 E2.36832
G1 X10.044 Y-32.804 E2.38275
G1 X10.222 Y-32.235 E2.40399
G1 X10.196 Y-31.625 E2.42574
G1 X9.922 Y-31.081 E2.44744
G1 X9.486 Y-30.673 E2.46871
G1 X8.91 Y-30.469 E2.49048
G1 X8.313 Y-30.483 E2.51175
G1 X7.756 Y-30.734 E2.53351
G1 X7.339 Y-31.162 E2.5548
G1 X7.11 Y-31.728 E2.57655
G1 X7.11 Y-32.326 E2.59785
G1 X7.339 Y-32.892 E2.6196
G1 X7.756 Y-33.32 E2.64089
G1 X8.313 Y-33.571 E2.66265
G1 X8.868 Y-33.591 E2.68243
G1 E.68243 F2400
G92 E0
G1 X8.868 Y-33.591 F7800
G1 X13.335 Y-32.428
G1 E2 F2400
G1 F3600
G1 X13.485 Y-32.862 E2.01636
G1 X13.644 Y-33.044 E2.02497
G1 X14.026 Y-33.231 E2.04012
G1 X14.256 Y-33.25 E2.04834
G1 X14.309 Y-33.596 E2.06081
G1 X14.853 Y-33.421 E2.08117
G1 X15.281 Y-32.973 E2.10324
G1 X15.424 Y-32.483 E2.12142
G1 X15.398 Y-32.062 E2.13645
G1 X15.098 Y-31.52 E2.15852
G1 X14.566 Y-31.192 E2.18078
G1 X13.952 Y-31.168 E2.20267
G1 X13.405 Y-31.441 E2.22445
G1 X13.046 Y-31.98 E2.24752
G1 X12.985 Y-32.472 E2.26518
G1 X13.191 Y-33.058 E2.28731
G1 X13.648 Y-33.468 E2.30918
G1 X14.266 Y-33.603 E2.33171
G1 X14.266 Y-33.603 F7800
G1 X14.482 Y-33.924
G1 F3600
G1 X15.038 Y-33.721 E2.3528
G1 X15.35 Y-33.469 E2.36709
G1 X15.589 Y-33.145 E2.38143
G1 X15.771 Y-32.527 E2.40438
G1 X15.74 Y-31.973 E2.42415
G1 X15.493 Y-31.465 E2.44427
G1 X15.04 Y-31.023 E2.46682
G1 X14.477 Y-30.819 E2.48815
G1 X13.877 Y-30.823 E2.50952
G1 X13.302 Y-31.081 E2.53197
G1 X12.898 Y-31.491 E2.55248
G1 X12.657 Y-32.09 E2.57548
G1 X12.657 Y-32.656 E2.59564
G1 X12.898 Y-33.254 E2.61861
G1 X13.305 Y-33.665 E2.63922
G1 X13.876 Y-33.92 E2.6615
G1 X14.44 Y-33.93 E2.6816
G1 E.6816 F2400
G92 E0
G1 X14.44 Y-33.93 F7800
G1 X19.137 Y-32.126
G1 E2 F2400
G1 F3600
G1 X19.282 Y-32.549 E2.01593
G1 X19.441 Y-32.735 E2.02465
G1 X19.822 Y-32.926 E2.03983
G1 X20.061 Y-32.948 E2.04838
G1 X20.107 Y-33.295 E2.06085
G1 X20.655 Y-33.122 E2.08132
G1 X21.089 Y-32.673 E2.10357
G1 X21.227 Y-32.232 E2.12003
G1 X21.207 Y-31.757 E2.13697
G1 X20.904 Y-31.215 E2.15909
G1 X20.36 Y-30.886 E2.18174
G1 X19.743 Y-30.869 E2.20373
G1 X19.198 Y-31.148 E2.22554
G1 X18.843 Y-31.694 E2.24874
G1 X18.806 Y-32.302 E2.27044
G1 X18.986 Y-32.742 E2.28738
G1 X19.437 Y-33.157 E2.30921
G1 X20.064 Y-33.3 E2.33212
G1 X20.064 Y-33.3 F7800
G1 X20.262 Y-33.627
G1 F3600
G1 X20.838 Y-33.424 E2.35388
G1 X21.154 Y-33.171 E2.3683
G1 X21.397 Y-32.847 E2.38273
G1 X21.574 Y-32.277 E2.40399
G1 X21.549 Y-31.668 E2.4257
G1 X21.274 Y-31.123 E2.44745
G1 X20.838 Y-30.715 E2.46872
G1 X20.262 Y-30.511 E2.49049
G1 X19.665 Y-30.525 E2.51176
G1 X19.108 Y-30.776 E2.53352
G1 X18.691 Y-31.204 E2.55481
G1 X18.462 Y-31.77 E2.57656
G1 X18.462 Y-32.368 E2.59786
G1 X18.691 Y-32.935 E2.61964
G1 X19.108 Y-33.363 E2.64093
G1 X19.665 Y-33.614 E2.66269
G1 X20.22 Y-33.633 E2.68247
G1 E.68247 F2400
G92 E0
G1 X20.22 Y-33.633 F7800
G1 X24.003 Y-31.257
G1 E2 F2400
G1 F3600
G1 X24.078 Y-31.553 E2.01088
G1 X24.313 Y-31.864 E2.02477
G1 X24.695 Y-32.05 E2.03991
G1 X24.934 Y-32.07 E2.04845
G1 X24.983 Y-32.417 E2.06093
G1 X25.531 Y-32.24 E2.08145
G1 X25.775 Y-32.042 E2.09264
G1 X26.075 Y-31.497 E2.1148
G1 X26.068 Y-30.875 E2.13696
G1 X25.761 Y-30.338 E2.159
G1 X25.218 Y-30.013 E2.18154
G1 X24.607 Y-29.996 E2.20331
G1 X24.065 Y-30.272 E2.22498
G1 X23.713 Y-30.802 E2.24765
G1 X23.668 Y-31.405 E2.26919
G1 X23.846 Y-31.858 E2.28653
G1 X24.312 Y-32.284 E2.30902
G1 X24.941 Y-32.423 E2.33197
G1 X24.941 Y-32.423 F7800
G1 X25.115 Y-32.752
G1 F3600
G1 X25.716 Y-32.54 E2.35467
G1 X26.03 Y-32.285 E2.36908
G1 X26.269 Y-31.959 E2.38348
G1 X26.417 Y-31.583 E2.39787
G1 X26.464 Y-31.182 E2.41225
G1 X26.409 Y-30.782 E2.42663
G1 X26.156 Y-30.274 E2.44685
G1 X25.693 Y-29.839 E2.46948
G1 X25.169 Y-29.648 E2.48935
G1 X24.529 Y-29.652 E2.51215
G1 X23.998 Y-29.886 E2.53282
G1 X23.562 Y-30.317 E2.55466
G1 X23.33 Y-30.886 E2.57655
G1 X23.323 Y-31.469 E2.59732
G1 X23.557 Y-32.058 E2.6199
G1 X23.954 Y-32.471 E2.64031
G1 X24.543 Y-32.739 E2.66336
G1 X25.072 Y-32.758 E2.68222
G1 E.68222 F2400
G92 E0
G1 X25.072 Y-32.758 F7800
G1 X23.848 Y-26.205
G1 E2 F2400
G1 F3600
G1 X24.114 Y-26.733 E2.02106
G1 X24.311 Y-26.908 E2.03045
G1 X24.778 Y-27.092 E2.04833
G1 X24.786 Y-27.442 E2.0608
G1 X25.153 Y-27.434 E2.07388
G1 X25.755 Y-27.199 E2.0969
G1 X26.213 Y-26.679 E2.12159
G1 X26.336 Y-26.353 E2.134
G1 X26.334 Y-25.666 E2.15847
G1 X26.007 Y-25.054 E2.18319
G1 X25.47 Y-24.683 E2.20644
G1 X24.75 Y-24.589 E2.23231
G1 X24.412 Y-24.675 E2.24473
G1 X23.897 Y-24.944 E2.26543
G1 X23.427 Y-24.783 E2.28313
G1 X23.009 Y-24.385 E2.30369
G1 X22.706 Y-23.855 E2.32544
G1 X22.173 Y-23.532 E2.34764
G1 X21.862 Y-23.481 E2.35887
G1 X21.254 Y-23.62 E2.38109
G1 X20.783 Y-24.05 E2.40381
G1 X20.612 Y-24.479 E2.42026
G1 X20.612 Y-24.944 E2.43683
G1 X20.792 Y-25.384 E2.45377
G1 X20.996 Y-25.624 E2.46499
G1 X21.254 Y-25.803 E2.47618
G1 X21.699 Y-25.934 E2.49271
G1 X22.167 Y-25.895 E2.50944
G1 X22.669 Y-25.674 E2.52898
G1 X22.997 Y-25.805 E2.54156
G1 X23.454 Y-26.15 E2.56196
G1 X23.652 Y-26.678 E2.58205
G1 X23.85 Y-26.966 E2.5945
G1 X24.11 Y-27.198 E2.60691
G1 X24.743 Y-27.443 E2.63109
G1 X24.743 Y-27.443 F7800
G1 X25.199 Y-27.783
G1 F3600
G1 X25.955 Y-27.489 E2.65999
G1 X26.28 Y-27.2 E2.67548
G1 X26.526 Y-26.843 E2.69092
G1 X26.679 Y-26.436 E2.70641
G1 X26.73 Y-26.006 E2.72184
G1 X26.676 Y-25.58 E2.73714
G1 X26.518 Y-25.173 E2.75269
G1 X26.269 Y-24.818 E2.76814
G1 X25.596 Y-24.354 E2.79726
G1 X25.135 Y-24.236 E2.81421
G1 X24.705 Y-24.24 E2.82953
G1 X24.287 Y-24.346 E2.84489
G1 X23.869 Y-24.564 E2.86168
G1 X23.613 Y-24.477 E2.87131
G1 X23.305 Y-24.183 E2.88648
G1 X22.96 Y-23.61 E2.91031
G1 X22.643 Y-23.357 E2.92476
G1 X22.273 Y-23.193 E2.93918
G1 X21.873 Y-23.129 E2.95361
G1 X21.47 Y-23.167 E2.96803
G1 X21.091 Y-23.307 E2.98242
G1 X20.759 Y-23.538 E2.99683
G1 X20.395 Y-24.029 E3.0186
G1 X20.242 Y-24.607 E3.0399
G1 X20.318 Y-25.208 E3.06148
G1 X20.496 Y-25.577 E3.07607
G1 X20.759 Y-25.885 E3.0905
G1 X21.091 Y-26.116 E3.10491
G1 X21.665 Y-26.282 E3.1262
G1 X22.271 Y-26.231 E3.14786
G1 X22.676 Y-26.054 E3.16361
G1 X22.823 Y-26.112 E3.16924
G1 X23.162 Y-26.368 E3.18437
G1 X23.34 Y-26.841 E3.20237
G1 X23.585 Y-27.199 E3.21782
G1 X23.909 Y-27.488 E3.23329
G1 X24.4 Y-27.728 E3.25276
G1 X25.157 Y-27.784 E3.2798
G1 E1.2798 F2400
G92 E0
G1 X25.157 Y-27.784 F7800
G1 X18.502 Y-28.037
G1 E2 F2400
G1 F3600
G1 X18.593 Y-28.381 E2.01268
G1 X18.773 Y-28.625 E2.02348
G1 X19.174 Y-28.837 E2.03964
G1 X19.42 Y-28.862 E2.04845
G1 X19.459 Y-29.21 E2.06092
G1 X20.008 Y-29.039 E2.0814
G1 X20.445 Y-28.589 E2.10375
G1 X20.564 Y-28.295 E2.11505
G1 X20.564 Y-27.669 E2.13735
G1 X20.332 Y-27.219 E2.15539
G1 X20.007 Y-26.927 E2.17095
G1 X19.416 Y-26.752 E2.19291
G1 X18.781 Y-26.906 E2.21619
G1 X18.535 Y-27.086 E2.22705
G1 X18.278 Y-27.433 E2.24243
G1 X18.149 Y-28.038 E2.26447
G1 X18.334 Y-28.637 E2.2868
G1 X18.782 Y-29.062 E2.3088
G1 X19.417 Y-29.215 E2.33207
G1 X19.417 Y-29.215 F7800
G1 X19.598 Y-29.547
G1 F3600
G1 X20.189 Y-29.342 E2.35435
G1 X20.508 Y-29.089 E2.36885
G1 X20.752 Y-28.763 E2.38336
G1 X20.927 Y-28.226 E2.40348
G1 X20.905 Y-27.579 E2.42654
G1 X20.611 Y-27.008 E2.44942
G1 X20.188 Y-26.624 E2.46977
G1 X19.603 Y-26.421 E2.49183
G1 X19.008 Y-26.444 E2.51304
G1 X18.474 Y-26.686 E2.53393
G1 X18.039 Y-27.141 E2.55635
G1 X17.831 Y-27.66 E2.57627
G1 X17.83 Y-28.304 E2.59921
G1 X18.039 Y-28.826 E2.61924
G1 X18.469 Y-29.278 E2.64146
G1 X19.009 Y-29.523 E2.66258
G1 X19.555 Y-29.552 E2.68206
G1 E.68206 F2400
G92 E0
G1 X19.555 Y-29.552 F7800
G1 X16.781 Y-24.638
G1 E2 F2400
G1 F3600
G1 X16.926 Y-25.061 E2.01593
G1 X17.085 Y-25.247 E2.02465
G1 X17.466 Y-25.438 E2.03983
G1 X17.705 Y-25.46 E2.04838
G1 X17.751 Y-25.807 E2.06085
G1 X18.299 Y-25.634 E2.08132
G1 X18.733 Y-25.185 E2.10357
G1 X18.871 Y-24.744 E2.12003
G1 X18.851 Y-24.269 E2.13697
G1 X18.548 Y-23.727 E2.15909
G1 X18.005 Y-23.398 E2.18171
G1 X17.388 Y-23.381 E2.2037
G1 X16.842 Y-23.66 E2.22554
G1 X16.488 Y-24.206 E2.24872
G1 X16.451 Y-24.814 E2.27042
G1 X16.631 Y-25.254 E2.28736
G1 X17.082 Y-25.669 E2.30919
G1 X17.709 Y-25.812 E2.3321
G1 X17.709 Y-25.812 F7800
G1 X17.907 Y-26.139
G1 F3600
G1 X18.482 Y-25.936 E2.35382
G1 X18.799 Y-25.683 E2.36827
G1 X19.041 Y-25.359 E2.38268
G1 X19.218 Y-24.789 E2.40394
G1 X19.193 Y-24.18 E2.42565
G1 X18.918 Y-23.635 E2.4474
G1 X18.482 Y-23.227 E2.46867
G1 X17.907 Y-23.023 E2.4904
G1 X17.309 Y-23.037 E2.51171
G1 X16.752 Y-23.288 E2.53347
G1 X16.335 Y-23.716 E2.55476
G1 X16.106 Y-24.282 E2.57651
G1 X16.106 Y-24.881 E2.59785
G1 X16.335 Y-25.447 E2.6196
G1 X16.752 Y-25.875 E2.64089
G1 X17.309 Y-26.126 E2.66265
G1 X17.864 Y-26.145 E2.68243
G1 E.68243 F2400
G92 E0
G1 X17.864 Y-26.145 F7800
G1 X17.788 Y-20.679
G1 E2 F2400
G1 F3600
G1 X17.934 Y-21.103 E2.01597
G1 X18.092 Y-21.289 E2.02466
G1 X18.473 Y-21.479 E2.03983
G1 X18.713 Y-21.501 E2.04842
G1 X18.758 Y-21.848 E2.06089
G1 X19.306 Y-21.675 E2.08136
G1 X19.741 Y-21.227 E2.10361
G1 X19.879 Y-20.786 E2.12007
G1 X19.859 Y-20.31 E2.13704
G1 X19.555 Y-19.769 E2.15915
G1 X19.012 Y-19.44 E2.18177
G1 X18.395 Y-19.422 E2.20376
G1 X17.85 Y-19.701 E2.22557
G1 X17.495 Y-20.247 E2.24877
G1 X17.458 Y-20.855 E2.27047
G1 X17.638 Y-21.295 E2.28741
G1 X18.089 Y-21.71 E2.30924
G1 X18.716 Y-21.854 E2.33216
G1 X18.716 Y-21.854 F7800
G1 X18.914 Y-22.181
G1 F3600
G1 X19.489 Y-21.977 E2.35389
G1 X19.806 Y-21.724 E2.36834
G1 X20.048 Y-21.4 E2.38275
G1 X20.226 Y-20.83 E2.40402
G1 X20.2 Y-20.221 E2.42573
G1 X19.925 Y-19.676 E2.44748
G1 X19.489 Y-19.268 E2.46875
G1 X18.914 Y-19.065 E2.49047
G1 X18.316 Y-19.078 E2.51178
G1 X17.76 Y-19.329 E2.53351
G1 X17.342 Y-19.757 E2.55482
G1 X17.114 Y-20.324 E2.57659
G1 X17.114 Y-20.922 E2.59789
G1 X17.342 Y-21.488 E2.61963
G1 X17.76 Y-21.916 E2.64094
G1 X18.316 Y-22.167 E2.66267
G1 X18.871 Y-22.186 E2.68245
G1 E.68245 F2400
G92 E0
G1 X18.871 Y-22.186 F7800
G1 X23.683 Y-20.896
G1 E2 F2400
G1 F3600
G1 X23.774 Y-21.238 E2.01261
G1 X23.955 Y-21.484 E2.02349
G1 X24.355 Y-21.695 E2.0396
G1 X24.602 Y-21.721 E2.04845
G1 X24.641 Y-22.068 E2.06089
G1 X25.189 Y-21.897 E2.08134
G1 X25.627 Y-21.448 E2.10369
G1 X25.746 Y-21.154 E2.11499
G1 X25.745 Y-20.527 E2.13733
G1 X25.514 Y-20.078 E2.15532
G1 X25.188 Y-19.786 E2.17091
G1 X24.597 Y-19.611 E2.19287
G1 X23.963 Y-19.764 E2.2161
G1 X23.73 Y-19.933 E2.22635
G1 X23.459 Y-20.292 E2.24237
G1 X23.331 Y-20.897 E2.2644
G1 X23.516 Y-21.496 E2.28673
G1 X23.964 Y-21.921 E2.30873
G1 X24.598 Y-22.073 E2.33196
G1 X24.598 Y-22.073 F7800
G1 X24.78 Y-22.405
G1 F3600
G1 X25.371 Y-22.2 E2.35424
G1 X25.69 Y-21.947 E2.36874
G1 X25.934 Y-21.621 E2.38325
G1 X26.108 Y-21.084 E2.40336
G1 X26.086 Y-20.437 E2.42642
G1 X25.793 Y-19.867 E2.44925
G1 X25.369 Y-19.483 E2.46963
G1 X24.784 Y-19.279 E2.4917
G1 X24.19 Y-19.302 E2.51288
G1 X23.655 Y-19.545 E2.53381
G1 X23.219 Y-20.002 E2.55631
G1 X23.012 Y-20.519 E2.57615
G1 X23.011 Y-21.161 E2.59902
G1 X23.22 Y-21.685 E2.61912
G1 X23.65 Y-22.136 E2.64132
G1 X24.191 Y-22.382 E2.66249
G1 X24.737 Y-22.41 E2.68197
G1 E.68197 F2400
G92 E0
G1 X24.737 Y-22.41 F7800
G1 X12.16 Y-20.706
G1 E2 F2400
G1 F3600
G1 X12.306 Y-21.13 E2.01597
G1 X12.464 Y-21.316 E2.02466
G1 X12.845 Y-21.506 E2.03983
G1 X13.085 Y-21.528 E2.04842
G1 X13.13 Y-21.875 E2.06089
G1 X13.678 Y-21.702 E2.08136
G1 X14.113 Y-21.254 E2.10361
G1 X14.251 Y-20.813 E2.12007
G1 X14.231 Y-20.338 E2.13701
G1 X13.927 Y-19.796 E2.15915
G1 X13.384 Y-19.467 E2.18177
G1 X12.767 Y-19.45 E2.20376
G1 X12.222 Y-19.729 E2.22557
G1 X11.867 Y-20.274 E2.24874
G1 X11.83 Y-20.882 E2.27044
G1 X12.01 Y-21.323 E2.28741
G1 X12.461 Y-21.738 E2.30924
G1 X13.088 Y-21.881 E2.33215
G1 X13.088 Y-21.881 F7800
G1 X13.286 Y-22.208
G1 F3600
G1 X13.861 Y-22.004 E2.35388
G1 X14.178 Y-21.752 E2.36831
G1 X14.42 Y-21.427 E2.38274
G1 X14.598 Y-20.857 E2.40401
G1 X14.572 Y-20.248 E2.42572
G1 X14.298 Y-19.703 E2.44745
G1 X13.861 Y-19.295 E2.46875
G1 X13.286 Y-19.092 E2.49047
G1 X12.689 Y-19.105 E2.51174
G1 X12.132 Y-19.356 E2.5335
G1 X11.714 Y-19.784 E2.55481
G1 X11.486 Y-20.351 E2.57658
G1 X11.486 Y-20.949 E2.59788
G1 X11.714 Y-21.515 E2.61962
G1 X12.132 Y-21.943 E2.64093
G1 X12.689 Y-22.194 E2.66269
G1 X13.244 Y-22.213 E2.68247
G1 E.68247 F2400
G92 E0
G1 X13.244 Y-22.213 F7800
G1 X11.004 Y-24.673
G1 E2 F2400
G1 F3600
G1 X11.149 Y-25.097 E2.01596
G1 X11.308 Y-25.283 E2.02468
G1 X11.689 Y-25.473 E2.03985
G1 X11.928 Y-25.495 E2.0484
G1 X11.974 Y-25.842 E2.06087
G1 X12.522 Y-25.669 E2.08134
G1 X12.956 Y-25.22 E2.10359
G1 X13.094 Y-24.779 E2.12005
G1 X13.074 Y-24.304 E2.13699
G1 X12.771 Y-23.762 E2.15911
G1 X12.228 Y-23.433 E2.18173
G1 X11.611 Y-23.416 E2.20372
G1 X11.065 Y-23.695 E2.22556
G1 X10.711 Y-24.241 E2.24874
G1 X10.674 Y-24.849 E2.27044
G1 X10.854 Y-25.289 E2.28738
G1 X11.305 Y-25.704 E2.30921
G1 X11.932 Y-25.848 E2.33213
G1 X11.932 Y-25.848 F7800
G1 X12.13 Y-26.174
G1 F3600
G1 X12.705 Y-25.971 E2.35385
G1 X13.022 Y-25.718 E2.3683
G1 X13.264 Y-25.394 E2.38271
G1 X13.441 Y-24.824 E2.40397
G1 X13.416 Y-24.215 E2.42568
G1 X13.141 Y-23.67 E2.44743
G1 X12.705 Y-23.262 E2.4687
G1 X12.13 Y-23.058 E2.49043
G1 X11.532 Y-23.072 E2.51174
G1 X10.976 Y-23.323 E2.53347
G1 X10.558 Y-23.751 E2.55478
G1 X10.33 Y-24.317 E2.57652
G1 X10.33 Y-24.916 E2.59786
G1 X10.558 Y-25.482 E2.6196
G1 X10.976 Y-25.91 E2.64091
G1 X11.532 Y-26.161 E2.66264
G1 X12.087 Y-26.18 E2.68242
G1 E.68242 F2400
G92 E0
G1 X12.087 Y-26.18 F7800
G1 X12.557 Y-28.191
G1 E2 F2400
G1 F3600
G1 X12.703 Y-28.615 E2.01597
G1 X12.861 Y-28.801 E2.02466
G1 X13.242 Y-28.991 E2.03983
G1 X13.482 Y-29.013 E2.04842
G1 X13.527 Y-29.36 E2.06089
G1 X14.075 Y-29.187 E2.08136
G1 X14.51 Y-28.739 E2.10361
G1 X14.647 Y-28.298 E2.12006
G1 X14.628 Y-27.823 E2.13699
G1 X14.324 Y-27.281 E2.15913
G1 X13.781 Y-26.952 E2.18175
G1 X13.164 Y-26.935 E2.20374
G1 X12.619 Y-27.214 E2.22555
G1 X12.264 Y-27.759 E2.24872
G1 X12.227 Y-28.367 E2.27042
G1 X12.407 Y-28.808 E2.28739
G1 X12.858 Y-29.223 E2.30922
G1 X13.485 Y-29.366 E2.33213
G1 X13.485 Y-29.366 F7800
G1 X13.683 Y-29.693
G1 F3600
G1 X14.258 Y-29.489 E2.35386
G1 X14.575 Y-29.237 E2.36829
G1 X14.817 Y-28.912 E2.38272
G1 X14.995 Y-28.342 E2.40399
G1 X14.969 Y-27.733 E2.4257
G1 X14.694 Y-27.188 E2.44745
G1 X14.258 Y-26.78 E2.46872
G1 X13.683 Y-26.577 E2.49044
G1 X13.085 Y-26.59 E2.51175
G1 X12.529 Y-26.841 E2.53348
G1 X12.111 Y-27.269 E2.55479
G1 X11.883 Y-27.836 E2.57656
G1 X11.883 Y-28.434 E2.59786
G1 X12.111 Y-29 E2.6196
G1 X12.529 Y-29.428 E2.64091
G1 X13.085 Y-29.679 E2.66264
G1 X13.64 Y-29.698 E2.68242
G1 E.68242 F2400
G92 E0
G1 X13.64 Y-29.698 F7800
G1 X2.173 Y-32.127
G1 E2 F2400
G1 F3600
G1 X2.319 Y-32.551 E2.01597
G1 X2.477 Y-32.737 E2.02466
G1 X2.858 Y-32.927 E2.03983
G1 X3.098 Y-32.949 E2.04842
G1 X3.143 Y-33.296 E2.06089
G1 X3.691 Y-33.123 E2.08136
G1 X4.126 Y-32.675 E2.10361
G1 X4.264 Y-32.234 E2.12007
G1 X4.244 Y-31.759 E2.13701
G1 X3.94 Y-31.217 E2.15915
G1 X3.397 Y-30.888 E2.18177
G1 X2.78 Y-30.871 E2.20376
G1 X2.235 Y-31.15 E2.22557
G1 X1.88 Y-31.695 E2.24874
G1 X1.843 Y-32.303 E2.27044
G1 X2.023 Y-32.744 E2.28741
G1 X2.474 Y-33.159 E2.30924
G1 X3.101 Y-33.302 E2.33215
G1 X3.299 Y-33.629 F7800
G1 F3600
G1 X3.874 Y-33.425 E2.35388
G1 X4.191 Y-33.173 E2.36831
G1 X4.433 Y-32.848 E2.38274
G1 X4.611 Y-32.278 E2.40401
G1 X4.585 Y-31.669 E2.42572
G1 X4.311 Y-31.124 E2.44745
G1 X3.874 Y-30.716 E2.46875
G1 X3.299 Y-30.513 E2.49047
G1 X2.702 Y-30.527 E2.51174
G1 X2.145 Y-30.777 E2.53349
G1 X1.727 Y-31.205 E2.5548
G1 X1.499 Y-31.772 E2.57657
G1 X1.499 Y-32.37 E2.59787
G1 X1.727 Y-32.936 E2.61961
G1 X2.145 Y-33.364 E2.64092
G1 X2.702 Y-33.615 E2.66268
G1 X3.257 Y-33.635 E2.68246
G1 E.68246 F2400
G92 E0
G1 X3.257 Y-33.635 F7800
G1 X1.274 Y-28.273
G1 E2 F2400
G1 F3600
G1 X1.42 Y-28.697 E2.01597
G1 X1.578 Y-28.883 E2.02466
G1 X1.96 Y-29.073 E2.03986
G1 X2.199 Y-29.095 E2.04841
G1 X2.245 Y-29.442 E2.06088
G1 X2.793 Y-29.269 E2.08135
G1 X3.227 Y-28.821 E2.10357
G1 X3.365 Y-28.379 E2.12007
G1 X3.345 Y-27.904 E2.13701
G1 X3.041 Y-27.362 E2.15915
G1 X2.498 Y-27.033 E2.18177
G1 X1.881 Y-27.016 E2.20376
G1 X1.336 Y-27.295 E2.22557
G1 X.981 Y-27.841 E2.24877
G1 X.944 Y-28.449 E2.27047
G1 X1.124 Y-28.889 E2.28741
G1 X1.575 Y-29.304 E2.30924
G1 X2.202 Y-29.448 E2.33216
G1 X2.202 Y-29.448 F7800
G1 X2.4 Y-29.775
G1 F3600
G1 X2.976 Y-29.571 E2.35393
G1 X3.292 Y-29.318 E2.36835
G1 X3.534 Y-28.994 E2.38276
G1 X3.712 Y-28.424 E2.40403
G1 X3.686 Y-27.815 E2.42574
G1 X3.412 Y-27.27 E2.44747
G1 X2.976 Y-26.862 E2.46874
G1 X2.4 Y-26.658 E2.49051
G1 X1.803 Y-26.672 E2.51178
G1 X1.246 Y-26.923 E2.53354
G1 X.829 Y-27.351 E2.55483
G1 X.6 Y-27.917 E2.57658
G1 X.6 Y-28.516 E2.59792
G1 X.829 Y-29.082 E2.61967
G1 X1.246 Y-29.51 E2.64096
G1 X1.803 Y-29.761 E2.66272
G1 X2.358 Y-29.78 E2.6825
G1 E.6825 F2400
G92 E0
G1 X2.358 Y-29.78 F7800
G1 X-.369 Y-24.61
G1 E2 F2400
G1 F3600
G1 X-.224 Y-25.034 E2.01596
G1 X-.065 Y-25.22 E2.02468
G1 X.316 Y-25.41 E2.03985
G1 X.555 Y-25.432 E2.0484
G1 X.601 Y-25.779 E2.06087
G1 X1.149 Y-25.606 E2.08134
G1 X1.583 Y-25.157 E2.10359
G1 X1.721 Y-24.716 E2.12005
G1 X1.702 Y-24.241 E2.13698
G1 X1.398 Y-23.699 E2.15912
G1 X.855 Y-23.37 E2.18174
G1 X.238 Y-23.353 E2.20373
G1 X-.308 Y-23.632 E2.22557
G1 X-.662 Y-24.178 E2.24875
G1 X-.699 Y-24.786 E2.27045
G1 X-.519 Y-25.226 E2.28739
G1 X-.068 Y-25.641 E2.30922
G1 X.559 Y-25.784 E2.33213
G1 X.559 Y-25.784 F7800
G1 X.757 Y-26.111
G1 F3600
G1 X1.332 Y-25.908 E2.35385
G1 X1.649 Y-25.655 E2.3683
G1 X1.891 Y-25.331 E2.38271
G1 X2.068 Y-24.761 E2.40397
G1 X2.043 Y-24.152 E2.42568
G1 X1.768 Y-23.607 E2.44743
G1 X1.332 Y-23.199 E2.4687
G1 X.757 Y-22.995 E2.49043
G1 X.159 Y-23.009 E2.51174
G1 X-.397 Y-23.26 E2.53347
G1 X-.815 Y-23.688 E2.55478
G1 X-1.043 Y-24.254 E2.57652
G1 X-1.043 Y-24.853 E2.59786
G1 X-.815 Y-25.419 E2.6196
G1 X-.397 Y-25.847 E2.64091
G1 X.159 Y-26.098 E2.66264
G1 X.714 Y-26.117 E2.68242
G1 E.68242 F2400
G92 E0
G1 X.714 Y-26.117 F7800
G1 X.81 Y-20.665
G1 E2 F2400
G1 F3600
G1 X.955 Y-21.089 E2.01596
G1 X1.114 Y-21.275 E2.02468
G1 X1.495 Y-21.465 E2.03985
G1 X1.734 Y-21.488 E2.0484
G1 X1.78 Y-21.835 E2.06087
G1 X2.328 Y-21.662 E2.08134
G1 X2.762 Y-21.213 E2.10359
G1 X2.9 Y-20.772 E2.12005
G1 X2.88 Y-20.297 E2.13699
G1 X2.577 Y-19.755 E2.15911
G1 X2.033 Y-19.426 E2.18176
G1 X1.416 Y-19.409 E2.20375
G1 X.871 Y-19.688 E2.22556
G1 X.516 Y-20.233 E2.24873
G1 X.479 Y-20.842 E2.27047
G1 X.659 Y-21.282 E2.28741
G1 X1.11 Y-21.697 E2.30924
G1 X1.737 Y-21.84 E2.33215
G1 X1.737 Y-21.84 F7800
G1 X1.935 Y-22.167
G1 F3600
G1 X2.511 Y-21.963 E2.35392
G1 X2.827 Y-21.711 E2.36832
G1 X3.07 Y-21.386 E2.38278
G1 X3.247 Y-20.817 E2.40401
G1 X3.222 Y-20.207 E2.42576
G1 X2.947 Y-19.663 E2.44747
G1 X2.511 Y-19.255 E2.46874
G1 X1.935 Y-19.051 E2.49051
G1 X1.338 Y-19.065 E2.51178
G1 X.781 Y-19.316 E2.53354
G1 X.364 Y-19.744 E2.55483
G1 X.135 Y-20.31 E2.57658
G1 X.135 Y-20.908 E2.59788
G1 X.364 Y-21.474 E2.61963
G1 X.781 Y-21.902 E2.64092
G1 X1.338 Y-22.153 E2.66268
G1 X1.893 Y-22.173 E2.68246
G1 E.68246 F2400
G92 E0
G1 X1.893 Y-22.173 F7800
G1 X-4.806 Y-20.705
G1 E2 F2400
G1 F3600
G1 X-4.66 Y-21.129 E2.01597
G1 X-4.502 Y-21.315 E2.02466
G1 X-4.12 Y-21.505 E2.03986
G1 X-3.881 Y-21.527 E2.04841
G1 X-3.835 Y-21.874 E2.06088
G1 X-3.287 Y-21.702 E2.08134
G1 X-2.853 Y-21.253 E2.10359
G1 X-2.715 Y-20.812 E2.12005
G1 X-2.735 Y-20.337 E2.13699
G1 X-3.038 Y-19.795 E2.15911
G1 X-3.582 Y-19.466 E2.18176
G1 X-4.199 Y-19.449 E2.20375
G1 X-4.744 Y-19.728 E2.22556
G1 X-5.099 Y-20.273 E2.24873
G1 X-5.136 Y-20.881 E2.27043
G1 X-4.956 Y-21.322 E2.2874
G1 X-4.505 Y-21.737 E2.30923
G1 X-3.878 Y-21.88 E2.33214
G1 X-3.878 Y-21.88 F7800
G1 X-3.68 Y-22.207
G1 F3600
G1 X-3.104 Y-22.003 E2.35391
G1 X-2.788 Y-21.751 E2.36831
G1 X-2.546 Y-21.426 E2.38274
G1 X-2.368 Y-20.857 E2.40398
G1 X-2.394 Y-20.247 E2.42573
G1 X-2.668 Y-19.702 E2.44746
G1 X-3.104 Y-19.295 E2.46871
G1 X-3.68 Y-19.091 E2.49048
G1 X-4.277 Y-19.105 E2.51175
G1 X-4.834 Y-19.355 E2.5335
G1 X-5.251 Y-19.783 E2.55479
G1 X-5.48 Y-20.35 E2.57657
G1 X-5.48 Y-20.948 E2.59787
G1 X-5.251 Y-21.514 E2.61962
G1 X-4.834 Y-21.942 E2.64091
G1 X-4.277 Y-22.193 E2.66267
G1 X-3.722 Y-22.213 E2.68245
G1 E.68245 F2400
G92 E0
G1 X-3.722 Y-22.213 F7800
G1 X-5.938 Y-24.692
G1 E2 F2400
G1 F3600
G1 X-5.793 Y-25.116 E2.01596
G1 X-5.634 Y-25.302 E2.02468
G1 X-5.253 Y-25.492 E2.03985
G1 X-5.014 Y-25.514 E2.0484
G1 X-4.968 Y-25.861 E2.06087
G1 X-4.42 Y-25.688 E2.08134
G1 X-3.986 Y-25.24 E2.10356
G1 X-3.848 Y-24.798 E2.12006
G1 X-3.868 Y-24.323 E2.137
G1 X-4.171 Y-23.782 E2.15909
G1 X-4.715 Y-23.453 E2.18174
G1 X-5.331 Y-23.435 E2.20369
G1 X-5.877 Y-23.714 E2.22553
G1 X-6.231 Y-24.26 E2.24871
G1 X-6.268 Y-24.868 E2.27041
G1 X-6.088 Y-25.308 E2.28735
G1 X-5.637 Y-25.723 E2.30918
G1 X-5.01 Y-25.867 E2.3321
G1 X-5.01 Y-25.867 F7800
G1 X-4.812 Y-26.194
G1 F3600
G1 X-4.237 Y-25.99 E2.35383
G1 X-3.92 Y-25.737 E2.36828
G1 X-3.678 Y-25.413 E2.38269
G1 X-3.501 Y-24.843 E2.40395
G1 X-3.526 Y-24.234 E2.42566
G1 X-3.801 Y-23.689 E2.44741
G1 X-4.237 Y-23.281 E2.46868
G1 X-4.812 Y-23.078 E2.4904
G1 X-5.41 Y-23.091 E2.51171
G1 X-5.967 Y-23.342 E2.53347
G1 X-6.384 Y-23.77 E2.55476
G1 X-6.613 Y-24.336 E2.57651
G1 X-6.613 Y-24.935 E2.59785
G1 X-6.384 Y-25.501 E2.6196
G1 X-5.967 Y-25.929 E2.64089
G1 X-5.41 Y-26.18 E2.66265
G1 X-4.855 Y-26.199 E2.68243
G1 E.68243 F2400
G92 E0
G1 X-4.855 Y-26.199 F7800
G1 X-4.346 Y-28.307
G1 E2 F2400
G1 F3600
G1 X-4.201 Y-28.731 E2.01596
G1 X-4.042 Y-28.917 E2.02468
G1 X-3.661 Y-29.107 E2.03985
G1 X-3.422 Y-29.129 E2.0484
G1 X-3.376 Y-29.476 E2.06087
G1 X-2.828 Y-29.303 E2.08134
G1 X-2.394 Y-28.855 E2.10356
G1 X-2.256 Y-28.414 E2.12002
G1 X-2.276 Y-27.938 E2.13699
G1 X-2.579 Y-27.397 E2.15908
G1 X-3.123 Y-27.068 E2.18173
G1 X-3.74 Y-27.05 E2.20372
G1 X-4.285 Y-27.329 E2.22553
G1 X-4.64 Y-27.875 E2.24873
G1 X-4.677 Y-28.483 E2.27043
G1 X-4.497 Y-28.923 E2.28737
G1 X-4.046 Y-29.338 E2.3092
G1 X-3.419 Y-29.482 E2.33212
G1 X-3.419 Y-29.482 F7800
G1 X-3.221 Y-29.809
G1 F3600
G1 X-2.645 Y-29.605 E2.35389
G1 X-2.329 Y-29.352 E2.36831
G1 X-2.086 Y-29.028 E2.38274
G1 X-1.909 Y-28.458 E2.404
G1 X-1.934 Y-27.849 E2.42571
G1 X-2.209 Y-27.304 E2.44746
G1 X-2.645 Y-26.896 E2.46873
G1 X-3.221 Y-26.693 E2.49049
G1 X-3.818 Y-26.706 E2.51176
G1 X-4.375 Y-26.957 E2.53352
G1 X-4.792 Y-27.385 E2.55481
G1 X-5.021 Y-27.951 E2.57656
G1 X-5.021 Y-28.55 E2.5979
G1 X-4.792 Y-29.116 E2.61965
G1 X-4.375 Y-29.544 E2.64094
G1 X-3.818 Y-29.795 E2.6627
G1 X-3.263 Y-29.814 E2.68248
G1 E.68248 F2400
G92 E0
G1 X-3.263 Y-29.814 F7800
G1 X-3.614 Y-32.445
G1 E2 F2400
G1 F3600
G1 X-3.464 Y-32.879 E2.01636
G1 X-3.305 Y-33.061 E2.02497
G1 X-2.923 Y-33.248 E2.04012
G1 X-2.693 Y-33.267 E2.04834
G1 X-2.64 Y-33.613 E2.06081
G1 X-2.096 Y-33.438 E2.08117
G1 X-1.668 Y-32.99 E2.10324
G1 X-1.525 Y-32.5 E2.12142
G1 X-1.55 Y-32.079 E2.13644
G1 X-1.851 Y-31.537 E2.15853
G1 X-2.382 Y-31.209 E2.18076
G1 X-2.997 Y-31.185 E2.20269
G1 X-3.544 Y-31.458 E2.22447
G1 X-3.903 Y-31.997 E2.24754
G1 X-3.964 Y-32.489 E2.2652
G1 X-3.757 Y-33.075 E2.28734
G1 X-3.301 Y-33.485 E2.30919
G1 X-2.683 Y-33.62 E2.33172
G1 X-2.683 Y-33.62 F7800
G1 X-2.467 Y-33.941
G1 F3600
G1 X-1.911 Y-33.738 E2.35281
G1 X-1.598 Y-33.486 E2.36713
G1 X-1.36 Y-33.162 E2.38145
G1 X-1.178 Y-32.544 E2.4044
G1 X-1.209 Y-31.99 E2.42417
G1 X-1.456 Y-31.482 E2.44429
G1 X-1.908 Y-31.04 E2.46681
G1 X-2.471 Y-30.836 E2.48814
G1 X-3.072 Y-30.84 E2.50955
G1 X-3.647 Y-31.098 E2.532
G1 X-4.051 Y-31.508 E2.55251
G1 X-4.292 Y-32.107 E2.57551
G1 X-4.292 Y-32.674 E2.59571
G1 X-4.051 Y-33.271 E2.61865
G1 X-3.643 Y-33.682 E2.63928
G1 X-3.073 Y-33.937 E2.66153
G1 X-2.509 Y-33.947 E2.68163
G1 E.68163 F2400
G92 E0
G1 X-2.509 Y-33.947 F7800
G1 X-9.34 Y-32.37
G1 E2 F2400
G1 F3600
G1 X-9.19 Y-32.804 E2.01636
G1 X-9.032 Y-32.986 E2.02495
G1 X-8.65 Y-33.173 E2.0401
G1 X-8.42 Y-33.192 E2.04832
G1 X-8.367 Y-33.538 E2.06079
G1 X-7.822 Y-33.363 E2.08118
G1 X-7.394 Y-32.916 E2.10323
G1 X-7.251 Y-32.425 E2.12145
G1 X-7.277 Y-32.004 E2.13648
G1 X-7.577 Y-31.462 E2.15855
G1 X-8.109 Y-31.134 E2.18081
G1 X-8.724 Y-31.11 E2.20274
G1 X-9.27 Y-31.383 E2.22449
G1 X-9.629 Y-31.923 E2.24759
G1 X-9.69 Y-32.414 E2.26522
G1 X-9.484 Y-33 E2.28735
G1 X-9.027 Y-33.41 E2.30922
G1 X-8.409 Y-33.545 E2.33175
G1 X-8.409 Y-33.545 F7800
G1 X-8.193 Y-33.866
G1 F3600
G1 X-7.637 Y-33.664 E2.35282
G1 X-7.325 Y-33.411 E2.36713
G1 X-7.086 Y-33.087 E2.38147
G1 X-6.904 Y-32.47 E2.40439
G1 X-6.935 Y-31.916 E2.42416
G1 X-7.182 Y-31.407 E2.44431
G1 X-7.635 Y-30.965 E2.46686
G1 X-8.198 Y-30.761 E2.48819
G1 X-8.798 Y-30.765 E2.50956
G1 X-9.373 Y-31.024 E2.53203
G1 X-9.778 Y-31.433 E2.55253
G1 X-10.019 Y-32.032 E2.57553
G1 X-10.018 Y-32.599 E2.59573
G1 X-9.777 Y-33.196 E2.61867
G1 X-9.37 Y-33.607 E2.63928
G1 X-8.8 Y-33.862 E2.66153
G1 X-8.236 Y-33.872 E2.68163
G1 E.68163 F2400
G92 E0
G1 X-8.236 Y-33.872 F7800
G1 X-13.451 Y-32.406
G1 E2 F2400
G1 F3600
G1 X-13.306 Y-32.83 E2.01596
G1 X-13.147 Y-33.016 E2.02468
G1 X-12.766 Y-33.206 E2.03985
G1 X-12.527 Y-33.228 E2.0484
G1 X-12.481 Y-33.575 E2.06087
G1 X-11.933 Y-33.402 E2.08134
G1 X-11.499 Y-32.954 E2.10356
G1 X-11.361 Y-32.513 E2.12002
G1 X-11.381 Y-32.038 E2.13696
G1 X-11.684 Y-31.496 E2.15908
G1 X-12.228 Y-31.167 E2.18173
G1 X-12.844 Y-31.15 E2.20368
G1 X-13.39 Y-31.429 E2.22552
G1 X-13.745 Y-31.974 E2.24869
G1 X-13.781 Y-32.582 E2.27039
G1 X-13.601 Y-33.023 E2.28736
G1 X-13.15 Y-33.438 E2.30919
G1 X-12.523 Y-33.581 E2.3321
G1 X-12.523 Y-33.581 F7800
G1 X-12.325 Y-33.908
G1 F3600
G1 X-11.75 Y-33.704 E2.35383
G1 X-11.433 Y-33.452 E2.36826
G1 X-11.191 Y-33.127 E2.38269
G1 X-11.014 Y-32.557 E2.40395
G1 X-11.039 Y-31.948 E2.42566
G1 X-11.314 Y-31.403 E2.44741
G1 X-11.75 Y-30.996 E2.46866
G1 X-12.325 Y-30.792 E2.49039
G1 X-12.923 Y-30.806 E2.5117
G1 X-13.48 Y-31.056 E2.53345
G1 X-13.897 Y-31.484 E2.55474
G1 X-14.126 Y-32.051 E2.57652
G1 X-14.126 Y-32.649 E2.59782
G1 X-13.897 Y-33.215 E2.61957
G1 X-13.48 Y-33.643 E2.64086
G1 X-12.923 Y-33.894 E2.66262
G1 X-12.368 Y-33.914 E2.6824
G1 E.6824 F2400
G92 E0
G1 X-12.368 Y-33.914 F7800
G1 X-13.015 Y-28.2
G1 E2 F2400
G1 F3600
G1 X-12.865 Y-28.633 E2.01632
G1 X-12.706 Y-28.816 E2.02496
G1 X-12.324 Y-29.002 E2.0401
G1 X-12.094 Y-29.022 E2.04832
G1 X-12.041 Y-29.368 E2.06079
G1 X-11.497 Y-29.192 E2.08116
G1 X-11.069 Y-28.745 E2.10321
G1 X-10.926 Y-28.254 E2.12143
G1 X-10.952 Y-27.833 E2.13646
G1 X-11.252 Y-27.292 E2.1585
G1 X-11.784 Y-26.963 E2.18078
G1 X-12.398 Y-26.939 E2.20267
G1 X-12.945 Y-27.212 E2.22445
G1 X-13.304 Y-27.752 E2.24755
G1 X-13.365 Y-28.243 E2.26518
G1 X-13.158 Y-28.829 E2.28732
G1 X-12.702 Y-29.239 E2.30917
G1 X-12.084 Y-29.374 E2.3317
G1 X-12.084 Y-29.374 F7800
G1 X-11.868 Y-29.695
G1 F3600
G1 X-11.312 Y-29.493 E2.35277
G1 X-10.999 Y-29.24 E2.36711
G1 X-10.761 Y-28.917 E2.3814
G1 X-10.579 Y-28.298 E2.40438
G1 X-10.61 Y-27.745 E2.42411
G1 X-10.857 Y-27.237 E2.44423
G1 X-11.309 Y-26.794 E2.46678
G1 X-11.873 Y-26.59 E2.48815
G1 X-12.473 Y-26.595 E2.50953
G1 X-13.048 Y-26.853 E2.53198
G1 X-13.452 Y-27.262 E2.55246
G1 X-13.693 Y-27.861 E2.57546
G1 X-13.693 Y-28.428 E2.59566
G1 X-13.452 Y-29.025 E2.6186
G1 X-13.045 Y-29.436 E2.63921
G1 X-12.474 Y-29.692 E2.6615
G1 X-11.91 Y-29.702 E2.6816
G1 E.6816 F2400
G92 E0
G1 X-11.91 Y-29.702 F7800
G1 X-8.506 Y-28.175
G1 E2 F2400
G1 F3600
G1 X-8.36 Y-28.599 E2.01597
G1 X-8.202 Y-28.785 E2.02466
G1 X-7.821 Y-28.975 E2.03983
G1 X-7.581 Y-28.997 E2.04842
G1 X-7.536 Y-29.344 E2.06089
G1 X-6.988 Y-29.171 E2.08136
G1 X-6.553 Y-28.723 E2.10361
G1 X-6.415 Y-28.281 E2.12011
G1 X-6.435 Y-27.806 E2.13705
G1 X-6.739 Y-27.264 E2.15919
G1 X-7.282 Y-26.935 E2.18181
G1 X-7.899 Y-26.918 E2.2038
G1 X-8.444 Y-27.197 E2.22561
G1 X-8.799 Y-27.743 E2.24881
G1 X-8.836 Y-28.351 E2.27051
G1 X-8.656 Y-28.791 E2.28745
G1 X-8.205 Y-29.206 E2.30928
G1 X-7.578 Y-29.35 E2.3322
G1 X-7.578 Y-29.35 F7800
G1 X-7.38 Y-29.677
G1 F3600
G1 X-6.805 Y-29.473 E2.35393
G1 X-6.488 Y-29.22 E2.36838
G1 X-6.246 Y-28.896 E2.38279
G1 X-6.068 Y-28.326 E2.40406
G1 X-6.094 Y-27.717 E2.42577
G1 X-6.369 Y-27.172 E2.44752
G1 X-6.805 Y-26.764 E2.46879
G1 X-7.38 Y-26.56 E2.49052
G1 X-7.978 Y-26.574 E2.51183
G1 X-8.534 Y-26.825 E2.53356
G1 X-8.952 Y-27.253 E2.55487
G1 X-9.18 Y-27.819 E2.57661
G1 X-9.18 Y-28.418 E2.59795
G1 X-8.952 Y-28.984 E2.61969
G1 X-8.534 Y-29.412 E2.641
G1 X-7.978 Y-29.663 E2.66273
G1 X-7.423 Y-29.682 E2.68251
G1 E.68251 F2400
G92 E0
G1 X-7.423 Y-29.682 F7800
G1 X-11.711 Y-24.906
G1 E2 F2400
G1 F3600
G1 X-11.565 Y-25.329 E2.01594
G1 X-11.407 Y-25.515 E2.02463
G1 X-11.025 Y-25.705 E2.03983
G1 X-10.786 Y-25.728 E2.04838
G1 X-10.74 Y-26.075 E2.06085
G1 X-10.192 Y-25.902 E2.08132
G1 X-9.758 Y-25.453 E2.10357
G1 X-9.62 Y-25.012 E2.12003
G1 X-9.64 Y-24.537 E2.13697
G1 X-9.944 Y-23.995 E2.15911
G1 X-10.487 Y-23.666 E2.18173
G1 X-11.104 Y-23.649 E2.20372
G1 X-11.649 Y-23.928 E2.22553
G1 X-12.004 Y-24.473 E2.2487
G1 X-12.041 Y-25.082 E2.27044
G1 X-11.861 Y-25.522 E2.28738
G1 X-11.41 Y-25.937 E2.30921
G1 X-10.783 Y-26.08 E2.33212
G1 X-10.783 Y-26.08 F7800
G1 X-10.585 Y-26.407
G1 F3600
G1 X-10.009 Y-26.204 E2.35388
G1 X-9.693 Y-25.951 E2.3683
G1 X-9.451 Y-25.626 E2.38273
G1 X-9.273 Y-25.057 E2.40397
G1 X-9.299 Y-24.447 E2.42572
G1 X-9.573 Y-23.903 E2.44742
G1 X-10.009 Y-23.495 E2.46869
G1 X-10.585 Y-23.291 E2.49046
G1 X-11.182 Y-23.305 E2.51173
G1 X-11.739 Y-23.556 E2.53349
G1 X-12.156 Y-23.984 E2.55478
G1 X-12.385 Y-24.55 E2.57653
G1 X-12.385 Y-25.148 E2.59783
G1 X-12.156 Y-25.715 E2.61961
G1 X-11.739 Y-26.143 E2.6409
G1 X-11.182 Y-26.394 E2.66266
G1 X-10.627 Y-26.413 E2.68244
G1 E.68244 F2400
G92 E0
G1 X-10.627 Y-26.413 F7800
G1 X-10.584 Y-20.597
G1 E2 F2400
G1 F3600
G1 X-10.434 Y-21.03 E2.01632
G1 X-10.276 Y-21.212 E2.02491
G1 X-9.894 Y-21.399 E2.04006
G1 X-9.664 Y-21.419 E2.04828
G1 X-9.611 Y-21.765 E2.06075
G1 X-9.066 Y-21.589 E2.08115
G1 X-8.638 Y-21.142 E2.1032
G1 X-8.496 Y-20.651 E2.12141
G1 X-8.521 Y-20.23 E2.13643
G1 X-8.821 Y-19.689 E2.15847
G1 X-9.353 Y-19.36 E2.18075
G1 X-9.967 Y-19.336 E2.20264
G1 X-10.514 Y-19.609 E2.22442
G1 X-10.873 Y-20.149 E2.24752
G1 X-10.934 Y-20.64 E2.26515
G1 X-10.728 Y-21.226 E2.28728
G1 X-10.271 Y-21.636 E2.30915
G1 X-9.653 Y-21.771 E2.33168
G1 X-9.437 Y-22.092 F7800
G1 F3600
G1 X-8.881 Y-21.89 E2.35275
G1 X-8.569 Y-21.637 E2.36706
G1 X-8.33 Y-21.314 E2.38137
G1 X-8.148 Y-20.696 E2.40432
G1 X-8.179 Y-20.142 E2.42409
G1 X-8.426 Y-19.633 E2.44424
G1 X-8.879 Y-19.191 E2.46679
G1 X-9.442 Y-18.987 E2.48812
G1 X-10.042 Y-18.991 E2.50949
G1 X-10.617 Y-19.25 E2.53196
G1 X-11.022 Y-19.659 E2.55246
G1 X-11.263 Y-20.258 E2.57546
G1 X-11.262 Y-20.825 E2.59566
G1 X-11.021 Y-21.422 E2.6186
G1 X-10.614 Y-21.833 E2.63921
G1 X-10.044 Y-22.089 E2.66147
G1 X-9.48 Y-22.099 E2.68157
G1 E.68157 F2400
G92 E0
G1 X-9.48 Y-22.099 F7800
G1 X-16.155 Y-20.666
G1 E2 F2400
G1 F3600
G1 X-16.009 Y-21.09 E2.01597
G1 X-15.851 Y-21.276 E2.02466
G1 X-15.469 Y-21.466 E2.03986
G1 X-15.23 Y-21.488 E2.04841
G1 X-15.184 Y-21.835 E2.06088
G1 X-14.636 Y-21.662 E2.08135
G1 X-14.202 Y-21.214 E2.10357
G1 X-14.064 Y-20.773 E2.12003
G1 X-14.084 Y-20.298 E2.13697
G1 X-14.387 Y-19.756 E2.15909
G1 X-14.931 Y-19.427 E2.18174
G1 X-15.548 Y-19.41 E2.20373
G1 X-16.093 Y-19.689 E2.22554
G1 X-16.448 Y-20.234 E2.24871
G1 X-16.485 Y-20.842 E2.27041
G1 X-16.305 Y-21.283 E2.28738
G1 X-15.854 Y-21.698 E2.30921
G1 X-15.227 Y-21.841 E2.33212
G1 X-15.227 Y-21.841 F7800
G1 X-15.029 Y-22.168
G1 F3600
G1 X-14.453 Y-21.964 E2.35389
G1 X-14.137 Y-21.712 E2.36829
G1 X-13.895 Y-21.387 E2.38272
G1 X-13.717 Y-20.817 E2.40399
G1 X-13.743 Y-20.208 E2.4257
G1 X-14.017 Y-19.663 E2.44743
G1 X-14.453 Y-19.255 E2.4687
G1 X-15.029 Y-19.052 E2.49046
G1 X-15.626 Y-19.066 E2.51173
G1 X-16.183 Y-19.316 E2.53348
G1 X-16.6 Y-19.744 E2.55477
G1 X-16.829 Y-20.311 E2.57655
G1 X-16.829 Y-20.909 E2.59785
G1 X-16.6 Y-21.475 E2.6196
G1 X-16.183 Y-21.903 E2.64089
G1 X-15.626 Y-22.154 E2.66265
G1 X-15.071 Y-22.174 E2.68243
G1 E.68243 F2400
G92 E0
G1 X-15.071 Y-22.174 F7800
G1 X-20.899 Y-32.558
G1 E2 F2400
G1 F3600
G1 X-20.841 Y-33.032 E2.01701
G1 X-20.613 Y-33.294 E2.02938
G1 X-20.103 Y-33.453 E2.04841
G1 X-20.076 Y-33.802 E2.06088
G1 X-19.712 Y-33.727 E2.07412
G1 X-19.267 Y-33.44 E2.09298
G1 X-19.069 Y-33.176 E2.10474
G1 X-18.844 Y-32.65 E2.12512
G1 X-17.934 Y-33.008 E2.15996
G1 X-17.47 Y-33.404 E2.18169
G1 X-17.175 Y-33.513 E2.19289
G1 X-16.551 Y-33.493 E2.21513
G1 X-16.017 Y-33.169 E2.23738
G1 X-15.829 Y-32.917 E2.24858
G1 X-15.67 Y-32.313 E2.27083
G1 X-15.711 Y-32 E2.28208
G1 X-15.924 Y-31.576 E2.29898
G1 X-16.263 Y-31.26 E2.31549
G1 X-16.558 Y-31.13 E2.32697
G1 X-17.175 Y-31.112 E2.34896
G1 X-17.47 Y-31.221 E2.36016
G1 X-17.941 Y-31.651 E2.38288
G1 X-18.221 Y-32.161 E2.40361
G1 X-19.114 Y-31.885 E2.43691
G1 X-19.744 Y-31.308 E2.46734
G1 X-19.254 Y-30.534 E2.49997
G1 X-18.359 Y-29.817 E2.54082
G1 X-18.13 Y-29.087 E2.56808
G1 X-18.158 Y-28.695 E2.58208
G1 X-18.284 Y-28.342 E2.59543
G1 X-18.501 Y-28.041 E2.60865
G1 X-18.893 Y-27.727 E2.62654
G1 X-18.954 Y-26.508 E2.67002
G1 X-19.41 Y-25.752 E2.70147
G1 X-19.073 Y-25.08 E2.72825
G1 X-18.874 Y-24.305 E2.75675
G1 X-17.819 Y-24.671 E2.79653
G1 X-17.434 Y-25.227 E2.82062
G1 X-17.176 Y-25.403 E2.83175
G1 X-16.579 Y-25.536 E2.85354
G1 X-16.265 Y-25.483 E2.86488
G1 X-15.737 Y-25.158 E2.88697
G1 X-15.434 Y-24.618 E2.90903
G1 X-15.393 Y-24.307 E2.9202
G1 X-15.431 Y-23.997 E2.93133
G1 X-15.623 Y-23.6 E2.94704
G1 X-15.973 Y-23.257 E2.9645
G1 X-16.258 Y-23.128 E2.97564
G1 X-16.878 Y-23.101 E2.99775
G1 X-17.182 Y-23.21 E3.00925
G1 X-17.426 Y-23.375 E3.01974
G1 X-17.942 Y-23.968 E3.04774
G1 X-18.79 Y-23.556 E3.08133
G1 X-19.104 Y-23.001 E3.10405
G1 X-19.002 Y-22.356 E3.12731
G1 X-18.813 Y-22.011 E3.14132
G1 X-18.73 Y-21.656 E3.15431
G1 X-18.818 Y-20.914 E3.18093
G1 X-19.213 Y-20.313 E3.20655
G1 X-19.485 Y-20.105 E3.21875
G1 X-20.083 Y-19.924 E3.24101
G1 X-20.608 Y-20.06 E3.26033
G1 X-20.912 Y-20.296 E3.27404
G1 X-21.138 Y-20.661 E3.28933
G1 X-21.323 Y-21.269 E3.31197
G1 X-21.556 Y-21.419 E3.32184
G1 X-21.629 Y-21.659 E3.33078
G1 X-21.567 Y-21.958 E3.34166
G1 X-21.219 Y-22.528 E3.36545
G1 X-21.064 Y-23.14 E3.38794
G1 X-21.337 Y-23.794 E3.41319
G1 X-21.503 Y-23.881 E3.41987
G1 X-21.482 Y-24.372 E3.43738
G1 X-21.174 Y-24.929 E3.46005
G1 X-20.847 Y-25.225 E3.47576
G1 X-20.976 Y-25.964 E3.50248
G1 X-21.248 Y-26.491 E3.52361
G1 X-21.277 Y-27.144 E3.5469
G1 X-21.04 Y-27.644 E3.56661
G1 X-21.119 Y-28.361 E3.59231
G1 X-21.332 Y-28.564 E3.60279
G1 X-21.415 Y-28.791 E3.6114
G1 X-21.442 Y-29.306 E3.62977
G1 X-21.267 Y-29.922 E3.65258
G1 X-20.989 Y-30.331 E3.6702
G1 X-20.459 Y-30.602 E3.69141
G1 X-20.735 Y-31.502 E3.72495
G1 X-21.139 Y-31.955 E3.74657
G1 X-21.257 Y-32.909 E3.78081
G1 X-21.156 Y-33.19 E3.79145
G1 X-20.82 Y-33.58 E3.80979
G1 X-20.438 Y-33.765 E3.82491
G1 X-20.119 Y-33.805 E3.83636
G1 X-20.119 Y-33.805 F7800
G1 X-19.955 Y-34.144
G1 F3600
G1 X-19.232 Y-33.864 E3.86398
G1 X-19.012 Y-33.684 E3.87411
G1 X-18.656 Y-33.1 E3.89848
G1 X-18.136 Y-33.305 E3.91839
G1 X-17.633 Y-33.717 E3.94155
G1 X-17.253 Y-33.857 E3.95598
G1 X-16.85 Y-33.896 E3.9704
G1 X-16.45 Y-33.831 E3.98484
G1 X-16.08 Y-33.667 E3.99926
G1 X-15.764 Y-33.414 E4.01368
G1 X-15.521 Y-33.09 E4.02811
G1 X-15.344 Y-32.52 E4.04937
G1 X-15.369 Y-31.911 E4.07108
G1 X-15.644 Y-31.366 E4.09283
G1 X-16.08 Y-30.958 E4.1141
G1 X-16.656 Y-30.755 E4.13586
G1 X-17.253 Y-30.768 E4.15713
G1 X-17.633 Y-30.908 E4.17156
G1 X-17.965 Y-31.139 E4.18597
G1 X-18.39 Y-31.742 E4.21225
G1 X-18.91 Y-31.582 E4.23163
G1 X-19.282 Y-31.233 E4.2498
G1 X-18.997 Y-30.782 E4.26881
G1 X-18.054 Y-29.99 E4.31268
G1 X-17.877 Y-29.613 E4.32752
G1 X-17.778 Y-29.109 E4.34582
G1 X-17.812 Y-28.622 E4.36321
G1 X-17.972 Y-28.178 E4.38002
G1 X-18.244 Y-27.798 E4.39667
G1 X-18.557 Y-27.548 E4.41094
G1 X-18.613 Y-26.417 E4.45128
G1 X-19.001 Y-25.718 E4.47976
G1 X-18.743 Y-25.203 E4.50028
G1 X-18.63 Y-24.761 E4.51653
G1 X-18.06 Y-24.958 E4.53801
G1 X-17.669 Y-25.491 E4.56156
G1 X-17.336 Y-25.718 E4.57592
G1 X-16.753 Y-25.876 E4.59744
G1 X-16.162 Y-25.82 E4.61859
G1 X-15.797 Y-25.655 E4.63286
G1 X-15.336 Y-25.208 E4.65574
G1 X-15.093 Y-24.708 E4.67554
G1 X-15.04 Y-24.309 E4.68988
G1 X-15.089 Y-23.909 E4.70424
G1 X-15.34 Y-23.393 E4.72468
G1 X-15.787 Y-22.957 E4.74692
G1 X-16.154 Y-22.79 E4.76128
G1 X-16.551 Y-22.722 E4.77563
G1 X-16.953 Y-22.757 E4.79001
G1 X-17.336 Y-22.893 E4.80449
G1 X-17.665 Y-23.117 E4.81867
G1 X-18.03 Y-23.536 E4.83847
G1 X-18.522 Y-23.297 E4.85796
G1 X-18.737 Y-22.915 E4.87358
G1 X-18.666 Y-22.471 E4.8896
G1 X-18.483 Y-22.137 E4.90317
G1 X-18.38 Y-21.695 E4.91934
G1 X-18.383 Y-21.234 E4.93576
G1 X-18.487 Y-20.793 E4.9519
G1 X-18.687 Y-20.398 E4.96767
G1 X-19.108 Y-19.951 E4.98954
G1 X-19.687 Y-19.633 E5.01307
G1 X-20.079 Y-19.571 E5.02721
G1 X-20.772 Y-19.748 E5.05269
G1 X-21.173 Y-20.062 E5.07083
G1 X-21.463 Y-20.527 E5.09035
G1 X-21.62 Y-21.044 E5.1096
G1 X-21.828 Y-21.177 E5.1184
G1 X-21.979 Y-21.695 E5.13762
G1 X-21.902 Y-22.07 E5.15126
G1 X-21.541 Y-22.684 E5.17663
G1 X-21.432 Y-23.113 E5.1924
G1 X-21.611 Y-23.542 E5.20896
G1 X-21.836 Y-23.703 E5.21882
G1 X-21.823 Y-24.462 E5.24586
G1 X-21.676 Y-24.831 E5.26001
G1 X-21.225 Y-25.355 E5.28464
G1 X-21.308 Y-25.829 E5.30178
G1 X-21.59 Y-26.41 E5.32479
G1 X-21.623 Y-27.215 E5.35349
G1 X-21.401 Y-27.725 E5.3733
G1 X-21.453 Y-28.196 E5.39018
G1 X-21.689 Y-28.474 E5.40317
G1 X-21.761 Y-28.727 E5.41254
G1 X-21.79 Y-29.343 E5.43451
G1 X-21.509 Y-30.209 E5.46694
G1 X-21.152 Y-30.658 E5.48737
G1 X-20.882 Y-30.787 E5.49803
G1 X-21.041 Y-31.308 E5.51744
G1 X-21.459 Y-31.804 E5.54055
G1 X-21.554 Y-32.124 E5.55244
G1 X-21.606 Y-32.974 E5.58278
G1 X-21.471 Y-33.348 E5.59694
G1 X-21.028 Y-33.865 E5.62119
G1 X-20.527 Y-34.104 E5.64096
G1 X-19.998 Y-34.147 E5.65987
G1 E3.65987 F2400
G92 E0
G1 X-19.998 Y-34.147 F7800
G1 X-23.996 Y-40.395
G1 E2 F2400
;TYPE:Perimeter
;WIDTH:0.45
G1 F3600
G1 X-23.996 Y-39.391 E2.04829
G1 X-23.996 Y-12.387 E3.34709
G1 X-26.004 Y-12.387 E3.44367
G1 X-26.004 Y-40.395 E4.79076
G1 X-24.056 Y-40.395 E4.88445
G1 X-24.056 Y-40.395 F7800
G1 X-23.611 Y-40.78
G1 F3600
G1 X-23.611 Y-39.391 E4.95126
G1 X-23.611 Y-12.002 E6.26858
G1 X-26.389 Y-12.002 E6.40219
G1 X-26.389 Y-40.78 E7.78631
G1 X-23.671 Y-40.78 E7.91704
G1 X-23.671 Y-40.78 F7800
G1 X-23.225 Y-41.166
;TYPE:External perimeter
G1 F1800
G1 X-23.225 Y-39.391 E8.00241
G1 X-23.225 Y-11.616 E9.33829
G1 X-26.775 Y-11.616 E9.50903
G1 X-26.775 Y-41.166 E10.93028
G1 X-23.285 Y-41.166 E11.09814
G1 X-23.226 Y-40.77 F7800
G1 X-24.478 Y-40.106
;TYPE:Solid infill
G1 F1200
G1 X-25.715 Y-40.106 E11.15764
G1 X-25.715 Y-12.676 E12.47693
G1 X-24.285 Y-12.676 E12.54571
G1 X-24.285 Y-40.106 E13.865
G1 X-24.739 Y-39.652 E13.89588
;WIDTH:0.586121
G1 X-24.739 Y-13.13 E15.62178
G1 X-25.261 Y-13.13 E15.65575
G1 X-25.261 Y-39.652 E17.38165
G1 X-24.932 Y-39.652 E17.40306
;LAYER_CHANGE
;Z:1.55
;HEIGHT:0.3
G1 Z1.55 F7800
G1 E15.40306 F2400
G92 E0
G1 X6.19 Y-20.546 F7800
G1 E2 F2400
;TYPE:Support material
;WIDTH:0.35
G1 F3600
G1 X6.322 Y-21.068 E2.01918
G1 X6.477 Y-21.272 E2.02831
G1 X6.702 Y-21.449 E2.03851
G1 X7.237 Y-21.596 E2.05828
G1 X7.274 Y-21.944 E2.07075
G1 X7.594 Y-21.902 E2.08225
G1 X7.935 Y-21.761 E2.0954
G1 X8.451 Y-21.246 E2.12137
G1 X8.64 Y-20.542 E2.14734
G1 X8.454 Y-19.836 E2.17335
G1 X7.941 Y-19.318 E2.19932
G1 X7.236 Y-19.128 E2.22533
G1 X6.521 Y-19.325 E2.25175
G1 X6.232 Y-19.552 E2.26484
G1 X6.006 Y-19.859 E2.27842
G1 X5.832 Y-20.489 E2.3017
G1 X5.87 Y-20.87 E2.31534
G1 X6.009 Y-21.227 E2.32899
G1 X6.522 Y-21.753 E2.35516
G1 X7.232 Y-21.949 E2.3814
G1 E.3814 F2400
G92 E0
G1 X7.232 Y-21.949 F7800
G1 X5.17 Y-24.844
G1 E2 F2400
G1 F3600
G1 X5.498 Y-25.381 E2.02242
G1 X5.879 Y-25.591 E2.03792
G1 X6.163 Y-25.637 E2.04817
G1 X6.191 Y-25.986 E2.06064
G1 X6.866 Y-25.813 E2.08546
G1 X7.398 Y-25.296 E2.11189
G1 X7.593 Y-24.58 E2.13833
G1 X7.476 Y-24.048 E2.15773
G1 X7.166 Y-23.57 E2.17803
G1 X6.52 Y-23.211 E2.20436
G1 X6.146 Y-23.172 E2.21776
G1 X5.773 Y-23.232 E2.23122
G1 X5.148 Y-23.627 E2.25756
G1 X4.931 Y-23.938 E2.27107
G1 X4.78 Y-24.662 E2.29742
G1 X4.934 Y-25.226 E2.31825
G1 X5.433 Y-25.772 E2.3446
G1 X5.776 Y-25.929 E2.35804
G1 X6.148 Y-25.989 E2.37146
G1 E.37146 F2400
G92 E0
G1 X6.772 Y-28.398 F7800
G1 E2 F2400
G1 F3600
G1 X7.101 Y-28.935 E2.02243
G1 X7.482 Y-29.145 E2.03793
G1 X7.765 Y-29.191 E2.04814
G1 X7.793 Y-29.54 E2.06061
G1 X8.468 Y-29.367 E2.08543
G1 X8.999 Y-28.85 E2.11183
G1 X9.194 Y-28.135 E2.13823
G1 X9.079 Y-27.606 E2.15752
G1 X8.769 Y-27.125 E2.17791
G1 X8.123 Y-26.765 E2.20426
G1 X7.749 Y-26.725 E2.21766
G1 X7.377 Y-26.786 E2.23109
G1 X6.751 Y-27.18 E2.25744
G1 X6.534 Y-27.491 E2.27095
G1 X6.382 Y-28.216 E2.29734
G1 X6.537 Y-28.781 E2.31821
G1 X7.036 Y-29.327 E2.34456
G1 X7.38 Y-29.483 E2.35802
G1 X7.751 Y-29.543 E2.37141
G1 E.37141 F2400
G92 E0
G1 X7.751 Y-29.543 F7800
G1 X7.64 Y-32.289
G1 E2 F2400
G1 F3600
G1 X7.97 Y-32.827 E2.02248
G1 X8.35 Y-33.036 E2.03793
G1 X8.633 Y-33.082 E2.04814
G1 X8.661 Y-33.431 E2.06061
G1 X9.336 Y-33.259 E2.08542
G1 X9.867 Y-32.741 E2.11185
G1 X10.063 Y-32.027 E2.13823
G1 X9.948 Y-31.497 E2.15755
G1 X9.638 Y-31.017 E2.17791
G1 X8.992 Y-30.657 E2.20426
G1 X8.618 Y-30.617 E2.21766
G1 X8.246 Y-30.677 E2.23108
G1 X7.62 Y-31.072 E2.25745
G1 X7.402 Y-31.383 E2.27098
G1 X7.251 Y-32.108 E2.29736
G1 X7.405 Y-32.673 E2.31822
G1 X7.904 Y-33.218 E2.34454
G1 X8.248 Y-33.374 E2.358
G1 X8.619 Y-33.434 E2.37139
G1 E.37139 F2400
G92 E0
G1 X8.619 Y-33.434 F7800
G1 X13.145 Y-32.378
G1 E2 F2400
G1 F3600
G1 X13.278 Y-32.899 E2.01916
G1 X13.432 Y-33.103 E2.02827
G1 X13.657 Y-33.281 E2.03849
G1 X14.192 Y-33.428 E2.05826
G1 X14.23 Y-33.776 E2.07073
G1 X14.549 Y-33.734 E2.08219
G1 X14.891 Y-33.593 E2.09537
G1 X15.406 Y-33.078 E2.12132
G1 X15.596 Y-32.374 E2.1473
G1 X15.41 Y-31.667 E2.17334
G1 X14.896 Y-31.15 E2.19931
G1 X14.191 Y-30.96 E2.22532
G1 X13.476 Y-31.157 E2.25174
G1 X13.187 Y-31.383 E2.26481
G1 X12.961 Y-31.69 E2.27839
G1 X12.787 Y-32.321 E2.30171
G1 X12.826 Y-32.701 E2.31532
G1 X12.964 Y-33.059 E2.32899
G1 X13.478 Y-33.585 E2.35519
G1 X14.187 Y-33.78 E2.38139
G1 E.38139 F2400
G92 E0
G1 X14.187 Y-33.78 F7800
G1 X18.993 Y-32.331
G1 E2 F2400
G1 F3600
G1 X19.323 Y-32.87 E2.02251
G1 X19.702 Y-33.078 E2.03791
G1 X19.985 Y-33.124 E2.04812
G1 X20.013 Y-33.473 E2.06059
G1 X20.688 Y-33.301 E2.0854
G1 X21.22 Y-32.784 E2.11183
G1 X21.415 Y-32.069 E2.13823
G1 X21.3 Y-31.538 E2.15758
G1 X20.991 Y-31.059 E2.17789
G1 X20.344 Y-30.699 E2.20427
G1 X19.971 Y-30.659 E2.21763
G1 X19.598 Y-30.719 E2.23109
G1 X18.972 Y-31.114 E2.25746
G1 X18.755 Y-31.426 E2.271
G1 X18.603 Y-32.151 E2.29739
G1 X18.758 Y-32.715 E2.31823
G1 X19.256 Y-33.26 E2.34453
G1 X19.6 Y-33.416 E2.35799
G1 X19.971 Y-33.477 E2.37138
G1 E.37138 F2400
G92 E0
G1 X19.971 Y-33.477 F7800
G1 X23.861 Y-31.499
G1 E2 F2400
G1 F3600
G1 X24.114 Y-31.945 E2.01827
G1 X24.317 Y-32.107 E2.02752
G1 X24.878 Y-32.266 E2.04829
G1 X24.909 Y-32.615 E2.06077
G1 X25.586 Y-32.426 E2.08581
G1 X25.882 Y-32.195 E2.09919
G1 X26.106 Y-31.894 E2.11256
G1 X26.242 Y-31.545 E2.1259
G1 X26.22 Y-30.804 E2.15231
G1 X25.83 Y-30.183 E2.17843
G1 X25.185 Y-29.842 E2.20442
G1 X24.458 Y-29.866 E2.23033
G1 X23.849 Y-30.243 E2.25585
G1 X23.553 Y-30.724 E2.27597
G1 X23.465 Y-31.245 E2.29479
G1 X23.62 Y-31.852 E2.31711
G1 X23.847 Y-32.175 E2.33117
G1 X24.137 Y-32.41 E2.34447
G1 X24.488 Y-32.564 E2.35812
G1 X24.867 Y-32.619 E2.37176
G1 E.37176 F2400
G92 E0
G1 X24.867 Y-32.619 F7800
G1 X23.993 Y-26.286
G1 E2 F2400
G1 F3600
G1 X24.328 Y-26.79 E2.02156
G1 X24.775 Y-26.987 E2.03896
G1 X25.033 Y-26.996 E2.04816
G1 X25.098 Y-27.34 E2.06063
G1 X25.368 Y-27.282 E2.07047
G1 X25.673 Y-27.13 E2.08261
G1 X26.116 Y-26.642 E2.10609
G1 X26.234 Y-26.332 E2.11791
G1 X26.229 Y-25.673 E2.14139
G1 X25.91 Y-25.097 E2.16485
G1 X25.358 Y-24.743 E2.18821
G1 X24.68 Y-24.696 E2.21242
G1 X24.389 Y-24.79 E2.22331
G1 X23.817 Y-25.211 E2.24861
G1 X23.212 Y-24.987 E2.27159
G1 X22.898 Y-24.569 E2.29021
G1 X22.73 Y-24.174 E2.3055
G1 X22.33 Y-23.786 E2.32535
G1 X21.787 Y-23.657 E2.34523
G1 X21.51 Y-23.703 E2.35523
G1 X21.041 Y-24.003 E2.37506
G1 X20.822 Y-24.368 E2.39022
G1 X20.767 Y-24.779 E2.40499
G1 X20.873 Y-25.177 E2.41966
G1 X21.137 Y-25.515 E2.43494
G1 X21.51 Y-25.72 E2.4501
G1 X22.074 Y-25.738 E2.4702
G1 X22.324 Y-25.641 E2.47975
G1 X23.098 Y-25.072 E2.51397
G1 X23.575 Y-25.99 E2.55082
G1 X23.672 Y-26.461 E2.56795
G1 X23.875 Y-26.83 E2.58295
G1 X24.397 Y-27.24 E2.6066
G1 X25.056 Y-27.348 E2.63039
G1 X25.056 Y-27.348 F7800
G1 X25.324 Y-27.653
G1 F3600
G1 X25.868 Y-27.424 E2.65142
G1 X26.186 Y-27.151 E2.66635
G1 X26.428 Y-26.808 E2.6813
G1 X26.577 Y-26.416 E2.69624
G1 X26.625 Y-25.999 E2.71119
G1 X26.57 Y-25.584 E2.7261
G1 X26.414 Y-25.194 E2.74106
G1 X26.167 Y-24.856 E2.75597
G1 X25.771 Y-24.549 E2.77382
G1 X25.056 Y-24.326 E2.8005
G1 X24.634 Y-24.348 E2.81555
G1 X24.243 Y-24.47 E2.83014
G1 X23.743 Y-24.811 E2.8517
G1 X23.471 Y-24.71 E2.86204
G1 X22.802 Y-23.699 E2.90523
G1 X22.499 Y-23.476 E2.91863
G1 X22.149 Y-23.341 E2.93199
G1 X21.776 Y-23.304 E2.94534
G1 X21.406 Y-23.366 E2.9587
G1 X20.779 Y-23.766 E2.98519
G1 X20.491 Y-24.254 E3.00538
G1 X20.417 Y-24.802 E3.02508
G1 X20.564 Y-25.345 E3.04512
G1 X20.91 Y-25.782 E3.06498
G1 X21.406 Y-26.057 E3.08518
G1 X21.776 Y-26.12 E3.09855
G1 X22.498 Y-25.948 E3.12499
G1 X22.976 Y-25.596 E3.14614
G1 X23.242 Y-26.109 E3.16673
G1 X23.377 Y-26.674 E3.18742
G1 X23.595 Y-27.045 E3.20275
G1 X23.893 Y-27.346 E3.21784
G1 X24.255 Y-27.563 E3.23288
G1 X24.66 Y-27.683 E3.24793
G1 X25.282 Y-27.661 E3.2701
G1 E1.2701 F2400
G92 E0
G1 X25.282 Y-27.661 F7800
G1 X23.561 Y-21.078
G1 E2 F2400
G1 F3600
G1 X23.605 Y-21.256 E2.00653
G1 X23.903 Y-21.657 E2.02433
G1 X24.232 Y-21.841 E2.03776
G1 X24.529 Y-21.9 E2.04855
G1 X24.539 Y-22.249 E2.06099
G1 X25.232 Y-22.089 E2.08633
G1 X25.543 Y-21.867 E2.09994
G1 X25.783 Y-21.568 E2.1136
G1 X25.932 Y-21.219 E2.12712
G1 X25.983 Y-20.84 E2.14074
G1 X25.93 Y-20.462 E2.15434
G1 X25.78 Y-20.114 E2.16784
G1 X25.539 Y-19.816 E2.18149
G1 X25.226 Y-19.593 E2.19518
G1 X24.872 Y-19.465 E2.20859
G1 X24.488 Y-19.438 E2.2223
G1 X23.98 Y-19.57 E2.241
G1 X23.441 Y-20.016 E2.26592
G1 X23.191 Y-20.615 E2.28904
G1 X23.18 Y-20.984 E2.30219
G1 X23.292 Y-21.415 E2.31805
G1 X23.498 Y-21.747 E2.33197
G1 X23.77 Y-21.998 E2.34515
G1 X24.116 Y-22.175 E2.359
G1 X24.496 Y-22.251 E2.37281
G1 E.37281 F2400
G92 E0
G1 X24.496 Y-22.251 F7800
G1 X17.644 Y-20.884
G1 E2 F2400
G1 F3600
G1 X17.975 Y-21.423 E2.02253
G1 X18.354 Y-21.631 E2.03793
G1 X18.637 Y-21.677 E2.04814
G1 X18.665 Y-22.026 E2.06061
G1 X19.34 Y-21.854 E2.08542
G1 X19.872 Y-21.337 E2.11185
G1 X20.068 Y-20.622 E2.13826
G1 X19.952 Y-20.09 E2.15766
G1 X19.643 Y-19.612 E2.17794
G1 X18.996 Y-19.252 E2.20432
G1 X18.622 Y-19.212 E2.21772
G1 X18.249 Y-19.273 E2.23118
G1 X17.623 Y-19.668 E2.25755
G1 X17.406 Y-19.98 E2.27109
G1 X17.255 Y-20.541 E2.29179
G1 X17.282 Y-20.91 E2.30497
G1 X17.409 Y-21.268 E2.3185
G1 X17.908 Y-21.813 E2.34482
G1 X18.251 Y-21.969 E2.35824
G1 X18.622 Y-22.03 E2.37163
G1 E.37163 F2400
G92 E0
G1 X18.622 Y-22.03 F7800
G1 X16.645 Y-24.84
G1 E2 F2400
G1 F3600
G1 X16.986 Y-25.386 E2.02293
G1 X17.35 Y-25.587 E2.03774
G1 X17.64 Y-25.637 E2.04822
G1 X17.661 Y-25.986 E2.06068
G1 X18.34 Y-25.818 E2.0856
G1 X18.644 Y-25.595 E2.09903
G1 X18.878 Y-25.3 E2.11244
G1 X19.025 Y-24.955 E2.1258
G1 X19.075 Y-24.581 E2.13924
G1 X18.945 Y-24.014 E2.15996
G1 X18.645 Y-23.567 E2.17914
G1 X18.34 Y-23.342 E2.19264
G1 X17.993 Y-23.21 E2.20587
G1 X17.615 Y-23.173 E2.2194
G1 X17.241 Y-23.237 E2.23292
G1 X16.619 Y-23.641 E2.25934
G1 X16.405 Y-23.956 E2.27291
G1 X16.263 Y-24.483 E2.29235
G1 X16.406 Y-25.206 E2.31861
G1 X16.9 Y-25.762 E2.34511
G1 X17.244 Y-25.924 E2.35866
G1 X17.618 Y-25.988 E2.37218
G1 E.37218 F2400
G92 E0
G1 X17.618 Y-25.988 F7800
G1 X18.38 Y-28.219
G1 E2 F2400
G1 F3600
G1 X18.424 Y-28.396 E2.0065
G1 X18.723 Y-28.799 E2.02438
G1 X19.051 Y-28.982 E2.03776
G1 X19.347 Y-29.041 E2.04851
G1 X19.357 Y-29.391 E2.06098
G1 X20.051 Y-29.231 E2.08635
G1 X20.362 Y-29.009 E2.09996
G1 X20.602 Y-28.71 E2.11362
G1 X20.751 Y-28.361 E2.12714
G1 X20.802 Y-27.982 E2.14076
G1 X20.749 Y-27.604 E2.15436
G1 X20.599 Y-27.255 E2.16789
G1 X20.358 Y-26.957 E2.18154
G1 X20.044 Y-26.734 E2.19526
G1 X19.691 Y-26.607 E2.20862
G1 X19.306 Y-26.579 E2.22237
G1 X18.799 Y-26.712 E2.24104
G1 X18.261 Y-27.157 E2.26591
G1 X18.01 Y-27.759 E2.28915
G1 X17.999 Y-28.127 E2.30227
G1 X18.11 Y-28.555 E2.31802
G1 X18.316 Y-28.887 E2.33194
G1 X18.588 Y-29.139 E2.34515
G1 X18.934 Y-29.316 E2.359
G1 X19.314 Y-29.392 E2.37281
G1 E.37281 F2400
G92 E0
G1 X19.314 Y-29.392 F7800
G1 X12.413 Y-28.398
G1 E2 F2400
G1 F3600
G1 X12.742 Y-28.935 E2.02243
G1 X13.123 Y-29.145 E2.03793
G1 X13.406 Y-29.191 E2.04814
G1 X13.434 Y-29.54 E2.06061
G1 X14.109 Y-29.367 E2.08543
G1 X14.64 Y-28.85 E2.11183
G1 X14.835 Y-28.135 E2.13823
G1 X14.72 Y-27.606 E2.15752
G1 X14.41 Y-27.125 E2.17791
G1 X13.764 Y-26.765 E2.20426
G1 X13.39 Y-26.725 E2.21766
G1 X13.018 Y-26.786 E2.23109
G1 X12.392 Y-27.18 E2.25744
G1 X12.175 Y-27.491 E2.27095
G1 X12.023 Y-28.216 E2.29734
G1 X12.178 Y-28.781 E2.31821
G1 X12.677 Y-29.327 E2.34456
G1 X13.02 Y-29.483 E2.35798
G1 X13.392 Y-29.543 E2.3714
G1 E.3714 F2400
G92 E0
G1 X13.392 Y-29.543 F7800
G1 X10.862 Y-24.881
G1 E2 F2400
G1 F3600
G1 X11.189 Y-25.417 E2.02237
G1 X11.571 Y-25.628 E2.03792
G1 X11.855 Y-25.674 E2.04817
G1 X11.883 Y-26.023 E2.06064
G1 X12.558 Y-25.85 E2.08546
G1 X12.859 Y-25.627 E2.0988
G1 X13.235 Y-24.988 E2.12521
G1 X13.234 Y-24.245 E2.15168
G1 X12.857 Y-23.607 E2.17808
G1 X12.21 Y-23.248 E2.20444
G1 X11.836 Y-23.209 E2.21784
G1 X11.464 Y-23.27 E2.23127
G1 X10.839 Y-23.665 E2.25761
G1 X10.623 Y-23.976 E2.2711
G1 X10.471 Y-24.699 E2.29742
G1 X10.625 Y-25.262 E2.31821
G1 X11.124 Y-25.809 E2.34459
G1 X11.468 Y-25.966 E2.35806
G1 X11.84 Y-26.026 E2.37148
G1 E.37148 F2400
G92 E0
G1 X11.84 Y-26.026 F7800
G1 X12.016 Y-20.912
G1 E2 F2400
G1 F3600
G1 X12.346 Y-21.45 E2.02248
G1 X12.726 Y-21.659 E2.03793
G1 X13.009 Y-21.705 E2.04814
G1 X13.037 Y-22.054 E2.06061
G1 X13.712 Y-21.881 E2.08543
G1 X14.243 Y-21.364 E2.11183
G1 X14.439 Y-20.65 E2.13821
G1 X14.324 Y-20.119 E2.15756
G1 X14.014 Y-19.639 E2.17792
G1 X13.368 Y-19.28 E2.20425
G1 X12.994 Y-19.24 E2.21765
G1 X12.622 Y-19.3 E2.23107
G1 X11.996 Y-19.695 E2.25744
G1 X11.778 Y-20.006 E2.27097
G1 X11.627 Y-20.731 E2.29735
G1 X11.781 Y-21.295 E2.31818
G1 X12.28 Y-21.84 E2.3445
G1 X12.623 Y-21.997 E2.35794
G1 X12.994 Y-22.057 E2.37133
G1 E.37133 F2400
G92 E0
G1 X12.994 Y-22.057 F7800
G1 X.665 Y-20.871
G1 E2 F2400
G1 F3600
G1 X.996 Y-21.409 E2.0225
G1 X1.375 Y-21.618 E2.03792
G1 X1.658 Y-21.664 E2.04813
G1 X1.686 Y-22.013 E2.0606
G1 X2.361 Y-21.841 E2.08541
G1 X2.893 Y-21.324 E2.11184
G1 X3.088 Y-20.609 E2.13824
G1 X2.973 Y-20.078 E2.15759
G1 X2.664 Y-19.599 E2.1779
G1 X2.017 Y-19.239 E2.20428
G1 X1.643 Y-19.199 E2.21768
G1 X1.271 Y-19.259 E2.2311
G1 X.645 Y-19.654 E2.25747
G1 X.428 Y-19.966 E2.27101
G1 X.276 Y-20.69 E2.29736
G1 X.431 Y-21.255 E2.31823
G1 X.929 Y-21.8 E2.34453
G1 X1.273 Y-21.956 E2.35799
G1 X1.644 Y-22.016 E2.37138
G1 E.37138 F2400
G92 E0
G1 X1.644 Y-22.016 F7800
G1 X-.513 Y-24.815
G1 E2 F2400
G1 F3600
G1 X-.182 Y-25.354 E2.02253
G1 X.196 Y-25.562 E2.0379
G1 X.48 Y-25.608 E2.04815
G1 X.508 Y-25.957 E2.06062
G1 X1.183 Y-25.785 E2.08543
G1 X1.715 Y-25.268 E2.11186
G1 X1.911 Y-24.553 E2.13827
G1 X1.794 Y-24.02 E2.15771
G1 X1.486 Y-23.542 E2.17797
G1 X.839 Y-23.183 E2.20433
G1 X.465 Y-23.143 E2.21773
G1 X.092 Y-23.203 E2.23119
G1 X-.534 Y-23.599 E2.25758
G1 X-.751 Y-23.911 E2.27112
G1 X-.902 Y-24.471 E2.29178
G1 X-.748 Y-25.198 E2.31825
G1 X-.249 Y-25.743 E2.34457
G1 X.094 Y-25.9 E2.35801
G1 X.465 Y-25.96 E2.3714
G1 E.3714 F2400
G92 E0
G1 X.465 Y-25.96 F7800
G1 X1.13 Y-28.478
G1 E2 F2400
G1 F3600
G1 X1.461 Y-29.017 E2.02253
G1 X1.84 Y-29.225 E2.03793
G1 X2.123 Y-29.271 E2.04814
G1 X2.151 Y-29.62 E2.06061
G1 X2.826 Y-29.448 E2.08542
G1 X3.358 Y-28.931 E2.11185
G1 X3.553 Y-28.216 E2.13825
G1 X3.438 Y-27.685 E2.1576
G1 X3.129 Y-27.206 E2.17791
G1 X2.482 Y-26.846 E2.20429
G1 X2.108 Y-26.806 E2.21769
G1 X1.736 Y-26.866 E2.23111
G1 X1.11 Y-27.261 E2.25748
G1 X.892 Y-27.573 E2.27104
G1 X.741 Y-28.298 E2.29742
G1 X.895 Y-28.862 E2.31825
G1 X1.394 Y-29.407 E2.34457
G1 X1.737 Y-29.563 E2.35799
G1 X2.109 Y-29.624 E2.37142
G1 E.37142 F2400
G92 E0
G1 X2.109 Y-29.624 F7800
G1 X2.028 Y-32.334
G1 E2 F2400
G1 F3600
G1 X2.356 Y-32.871 E2.02242
G1 X2.739 Y-33.081 E2.03798
G1 X3.021 Y-33.127 E2.04816
G1 X3.05 Y-33.475 E2.0606
G1 X3.724 Y-33.302 E2.08539
G1 X4.254 Y-32.785 E2.11177
G1 X4.449 Y-32.071 E2.13814
G1 X4.336 Y-31.547 E2.15724
G1 X4.025 Y-31.061 E2.17779
G1 X3.38 Y-30.701 E2.2041
G1 X3.007 Y-30.661 E2.21746
G1 X2.634 Y-30.721 E2.23092
G1 X2.008 Y-31.115 E2.25727
G1 X1.791 Y-31.426 E2.27078
G1 X1.638 Y-32.15 E2.29714
G1 X1.793 Y-32.719 E2.31815
G1 X2.293 Y-33.263 E2.34447
G1 X2.637 Y-33.419 E2.35793
G1 X3.008 Y-33.479 E2.37132
G1 E.37132 F2400
G92 E0
G1 X3.008 Y-33.479 F7800
G1 X-3.804 Y-32.395
G1 E2 F2400
G1 F3600
G1 X-3.671 Y-32.917 E2.01919
G1 X-3.517 Y-33.121 E2.0283
G1 X-3.291 Y-33.298 E2.03853
G1 X-2.757 Y-33.445 E2.05826
G1 X-2.719 Y-33.793 E2.07073
G1 X-2.4 Y-33.751 E2.08219
G1 X-2.058 Y-33.61 E2.09537
G1 X-1.543 Y-33.095 E2.12132
G1 X-1.353 Y-32.391 E2.1473
G1 X-1.539 Y-31.684 E2.17334
G1 X-2.053 Y-31.167 E2.19931
G1 X-2.758 Y-30.977 E2.22532
G1 X-3.473 Y-31.174 E2.25174
G1 X-3.762 Y-31.4 E2.26481
G1 X-3.988 Y-31.707 E2.27839
G1 X-4.162 Y-32.338 E2.30171
G1 X-4.123 Y-32.719 E2.31535
G1 X-3.985 Y-33.076 E2.32898
G1 X-3.471 Y-33.602 E2.35518
G1 X-2.762 Y-33.797 E2.38138
G1 E.38138 F2400
G92 E0
G1 X-2.762 Y-33.797 F7800
G1 X-4.491 Y-28.513
G1 E2 F2400
G1 F3600
G1 X-4.16 Y-29.051 E2.0225
G1 X-3.781 Y-29.26 E2.03792
G1 X-3.498 Y-29.306 E2.04813
G1 X-3.47 Y-29.654 E2.06057
G1 X-2.795 Y-29.482 E2.08538
G1 X-2.263 Y-28.965 E2.11181
G1 X-2.068 Y-28.25 E2.13821
G1 X-2.183 Y-27.72 E2.15753
G1 X-2.492 Y-27.24 E2.17787
G1 X-3.139 Y-26.88 E2.20425
G1 X-3.513 Y-26.84 E2.21765
G1 X-3.885 Y-26.901 E2.23108
G1 X-4.511 Y-27.295 E2.25743
G1 X-4.728 Y-27.607 E2.27097
G1 X-4.88 Y-28.332 E2.29736
G1 X-4.725 Y-28.896 E2.3182
G1 X-4.227 Y-29.441 E2.3445
G1 X-3.883 Y-29.598 E2.35797
G1 X-3.512 Y-29.658 E2.37136
G1 E.37136 F2400
G92 E0
G1 X-3.512 Y-29.658 F7800
G1 X-8.648 Y-28.382
G1 E2 F2400
G1 F3600
G1 X-8.311 Y-28.921 E2.02265
G1 X-7.938 Y-29.127 E2.03783
G1 X-7.651 Y-29.175 E2.0482
G1 X-7.627 Y-29.524 E2.06066
G1 X-6.949 Y-29.354 E2.08556
G1 X-6.646 Y-29.131 E2.09896
G1 X-6.413 Y-28.836 E2.11235
G1 X-6.217 Y-28.119 E2.13883
G1 X-6.342 Y-27.566 E2.15903
G1 X-6.646 Y-27.106 E2.17867
G1 X-7.296 Y-26.748 E2.20511
G1 X-7.672 Y-26.71 E2.21857
G1 X-8.046 Y-26.773 E2.23208
G1 X-8.669 Y-27.172 E2.25844
G1 X-8.884 Y-27.486 E2.272
G1 X-9.031 Y-28.028 E2.29201
G1 X-8.884 Y-28.752 E2.31833
G1 X-8.667 Y-29.068 E2.33199
G1 X-8.386 Y-29.305 E2.34509
G1 X-8.042 Y-29.464 E2.35859
G1 X-7.669 Y-29.527 E2.37207
G1 E.37207 F2400
G92 E0
G1 X-7.669 Y-29.527 F7800
G1 X-9.53 Y-32.32
G1 E2 F2400
G1 F3600
G1 X-9.398 Y-32.842 E2.01918
G1 X-9.243 Y-33.046 E2.02831
G1 X-9.018 Y-33.223 E2.03851
G1 X-8.483 Y-33.37 E2.05828
G1 X-8.446 Y-33.718 E2.07075
G1 X-8.126 Y-33.676 E2.08225
G1 X-7.785 Y-33.535 E2.0954
G1 X-7.269 Y-33.02 E2.12137
G1 X-7.079 Y-32.316 E2.14735
G1 X-7.266 Y-31.609 E2.1734
G1 X-7.779 Y-31.092 E2.19935
G1 X-8.485 Y-30.902 E2.2254
G1 X-9.199 Y-31.099 E2.25179
G1 X-9.488 Y-31.326 E2.26488
G1 X-9.715 Y-31.632 E2.27845
G1 X-9.888 Y-32.263 E2.30176
G1 X-9.85 Y-32.644 E2.3154
G1 X-9.711 Y-33.001 E2.32905
G1 X-9.198 Y-33.527 E2.35522
G1 X-8.488 Y-33.723 E2.38146
G1 E.38146 F2400
G92 E0
G1 X-8.488 Y-33.723 F7800
G1 X-13.593 Y-32.613
G1 E2 F2400
G1 F3600
G1 X-13.256 Y-33.153 E2.02268
G1 X-12.883 Y-33.358 E2.03784
G1 X-12.596 Y-33.406 E2.04821
G1 X-12.572 Y-33.755 E2.06067
G1 X-11.894 Y-33.585 E2.08557
G1 X-11.592 Y-33.362 E2.09894
G1 X-11.359 Y-33.067 E2.11233
G1 X-11.163 Y-32.35 E2.13881
G1 X-11.287 Y-31.798 E2.15896
G1 X-11.592 Y-31.337 E2.17865
G1 X-12.242 Y-30.98 E2.20507
G1 X-12.618 Y-30.942 E2.21853
G1 X-12.991 Y-31.005 E2.23201
G1 X-13.614 Y-31.404 E2.25837
G1 X-13.83 Y-31.717 E2.27192
G1 X-13.977 Y-32.259 E2.29193
G1 X-13.83 Y-32.983 E2.31825
G1 X-13.612 Y-33.3 E2.33196
G1 X-13.332 Y-33.536 E2.34501
G1 X-12.988 Y-33.696 E2.35853
G1 X-12.615 Y-33.758 E2.372
G1 E.372 F2400
G92 E0
G1 X-12.615 Y-33.758 F7800
G1 X-17.922 Y-32.577
G1 E2 F2400
G1 F3600
G1 X-17.595 Y-33.114 E2.0224
G1 X-17.214 Y-33.324 E2.0379
G1 X-16.929 Y-33.37 E2.04818
G1 X-16.902 Y-33.719 E2.06065
G1 X-16.226 Y-33.547 E2.0855
G1 X-15.925 Y-33.324 E2.09884
G1 X-15.548 Y-32.685 E2.12527
G1 X-15.549 Y-31.941 E2.15177
G1 X-15.927 Y-31.302 E2.17822
G1 X-16.575 Y-30.944 E2.20459
G1 X-16.949 Y-30.905 E2.21799
G1 X-17.321 Y-30.967 E2.23142
G1 X-17.945 Y-31.362 E2.25773
G1 X-18.162 Y-31.674 E2.27127
G1 X-18.312 Y-32.397 E2.29757
G1 X-18.159 Y-32.956 E2.31822
G1 X-17.661 Y-33.504 E2.3446
G1 X-17.317 Y-33.662 E2.35809
G1 X-16.945 Y-33.723 E2.37152
G1 E.37152 F2400
G92 E0
G1 X-16.945 Y-33.723 F7800
G1 X-20.885 Y-32.384
G1 E2 F2400
G1 F3600
G1 X-20.839 Y-32.805 E2.01509
G1 X-20.616 Y-33.044 E2.02673
G1 X-20.082 Y-33.291 E2.04769
G1 X-20.052 Y-33.64 E2.06017
G1 X-19.619 Y-33.528 E2.0761
G1 X-19.194 Y-33.131 E2.09682
G1 X-19.04 Y-32.566 E2.11768
G1 X-19.08 Y-32.277 E2.12807
G1 X-19.388 Y-31.779 E2.14893
G1 X-19.871 Y-31.435 E2.17005
G1 X-19.521 Y-30.595 E2.20247
G1 X-19.047 Y-30.282 E2.22271
G1 X-18.48 Y-29.74 E2.25065
G1 X-18.325 Y-29.527 E2.26003
G1 X-18.215 Y-29.061 E2.27709
G1 X-18.349 Y-28.598 E2.29426
G1 X-18.678 Y-28.167 E2.31358
G1 X-18.966 Y-27.937 E2.32671
G1 X-19.122 Y-27.322 E2.34931
G1 X-19.043 Y-26.824 E2.36727
G1 X-19.353 Y-25.597 E2.41235
G1 X-19.34 Y-24.999 E2.43366
G1 X-19.017 Y-24.545 E2.45351
G1 X-18.871 Y-23.914 E2.47658
G1 X-19.057 Y-23.29 E2.49978
G1 X-19.636 Y-22.551 E2.53322
G1 X-19.057 Y-22.28 E2.55599
G1 X-18.844 Y-21.547 E2.58318
G1 X-18.842 Y-21.197 E2.59565
G1 X-18.928 Y-20.857 E2.60814
G1 X-19.235 Y-20.346 E2.62938
G1 X-19.543 Y-20.08 E2.64388
G1 X-19.848 Y-19.977 E2.65535
G1 X-20.202 Y-19.956 E2.66798
G1 X-20.56 Y-20.047 E2.68114
G1 X-21.056 Y-20.418 E2.70321
G1 X-21.241 Y-20.951 E2.72331
G1 X-20.841 Y-22.073 E2.76574
G1 X-21.349 Y-22.134 E2.78397
G1 X-20.715 Y-22.802 E2.81678
G1 X-21.106 Y-23.375 E2.84149
G1 X-21.241 Y-23.83 E2.8584
G1 X-21.124 Y-24.269 E2.87458
G1 X-20.649 Y-25.187 E2.9114
G1 X-20.67 Y-25.607 E2.92638
G1 X-21.173 Y-26.443 E2.96114
G1 X-21.241 Y-26.702 E2.97068
G1 X-21.173 Y-27.17 E2.98753
G1 X-20.749 Y-27.642 E3.01013
G1 X-20.824 Y-28.384 E3.0367
G1 X-21.15 Y-28.895 E3.05829
G1 X-21.24 Y-29.59 E3.08326
G1 X-21.191 Y-29.884 E3.09388
G1 X-20.984 Y-30.221 E3.10797
G1 X-20.104 Y-30.815 E3.14579
G1 X-20.641 Y-31.688 E3.1823
G1 X-21.129 Y-32.082 E3.20464
G1 X-21.265 Y-32.54 E3.22166
G1 X-21.235 Y-32.76 E3.22957
G1 X-21.031 Y-33.146 E3.24512
G1 X-20.491 Y-33.535 E3.26883
G1 X-20.095 Y-33.644 E3.28346
G1 X-20.095 Y-33.644 F7800
G1 X-19.837 Y-33.973
G1 F3600
G1 X-19.458 Y-33.843 E3.29773
G1 X-19.136 Y-33.617 E3.31174
G1 X-18.891 Y-33.313 E3.32565
G1 X-18.742 Y-32.965 E3.33914
G1 X-18.686 Y-32.566 E3.35349
G1 X-18.74 Y-32.181 E3.36734
G1 X-18.897 Y-31.824 E3.38123
G1 X-19.441 Y-31.312 E3.40784
G1 X-19.239 Y-30.828 E3.42652
G1 X-18.821 Y-30.552 E3.44436
G1 X-18.015 Y-29.695 E3.48627
G1 X-17.862 Y-29.05 E3.50989
G1 X-18.044 Y-28.421 E3.53322
G1 X-18.656 Y-27.737 E3.56592
G1 X-18.765 Y-27.306 E3.58176
G1 X-18.689 Y-26.828 E3.599
G1 X-18.742 Y-26.44 E3.61295
G1 X-18.918 Y-26.04 E3.62852
G1 X-19.002 Y-25.569 E3.64556
G1 X-18.992 Y-25.114 E3.66177
G1 X-18.705 Y-24.711 E3.6794
G1 X-18.563 Y-24.331 E3.69385
G1 X-18.518 Y-23.904 E3.70915
G1 X-18.584 Y-23.492 E3.72401
G1 X-18.755 Y-23.108 E3.73898
G1 X-19.089 Y-22.681 E3.75829
G1 X-18.727 Y-22.512 E3.77252
G1 X-18.495 Y-21.59 E3.80639
G1 X-18.491 Y-21.154 E3.82192
G1 X-18.789 Y-20.348 E3.85253
G1 X-19.053 Y-20.018 E3.86758
G1 X-19.375 Y-19.767 E3.88212
G1 X-19.781 Y-19.631 E3.89737
G1 X-20.217 Y-19.604 E3.91293
G1 X-20.699 Y-19.723 E3.93062
G1 X-20.994 Y-19.891 E3.94271
G1 X-21.407 Y-20.311 E3.96369
G1 X-21.595 Y-20.946 E3.98728
G1 X-21.548 Y-21.278 E3.99923
G1 X-21.34 Y-21.781 E4.01862
G1 X-21.725 Y-21.827 E4.03243
G1 X-21.595 Y-22.337 E4.05118
G1 X-21.164 Y-22.838 E4.07472
G1 X-21.323 Y-23.072 E4.0848
G1 X-21.403 Y-23.039 E4.08788
G1 X-21.595 Y-23.828 E4.11681
G1 X-21.549 Y-24.16 E4.12875
G1 X-21.003 Y-25.27 E4.17282
G1 X-21.016 Y-25.516 E4.1816
G1 X-21.499 Y-26.305 E4.21456
G1 X-21.592 Y-26.661 E4.22767
G1 X-21.495 Y-27.317 E4.25129
G1 X-21.115 Y-27.786 E4.27279
G1 X-21.164 Y-28.265 E4.28994
G1 X-21.475 Y-28.754 E4.31058
G1 X-21.595 Y-29.218 E4.32765
G1 X-21.595 Y-29.593 E4.34101
G1 X-21.528 Y-29.99 E4.35535
G1 X-21.32 Y-30.369 E4.37075
G1 X-20.586 Y-30.93 E4.40366
G1 X-20.884 Y-31.414 E4.42391
G1 X-21.243 Y-31.663 E4.43947
G1 X-21.428 Y-31.895 E4.45004
G1 X-21.618 Y-32.537 E4.47389
G1 X-21.461 Y-33.136 E4.49595
G1 X-21.006 Y-33.632 E4.51993
G1 X-20.428 Y-33.948 E4.5434
G1 X-19.88 Y-33.976 E4.56295
G1 E2.56295 F2400
G92 E0
G1 X-19.88 Y-33.976 F7800
G1 X-13.205 Y-28.15
G1 E2 F2400
G1 F3600
G1 X-13.072 Y-28.671 E2.01916
G1 X-12.918 Y-28.875 E2.02827
G1 X-12.692 Y-29.053 E2.03852
G1 X-12.158 Y-29.199 E2.05824
G1 X-12.12 Y-29.547 E2.07071
G1 X-11.801 Y-29.505 E2.08217
G1 X-11.459 Y-29.364 E2.09535
G1 X-10.944 Y-28.849 E2.1213
G1 X-10.754 Y-28.145 E2.14728
G1 X-10.94 Y-27.439 E2.17329
G1 X-11.454 Y-26.921 E2.19929
G1 X-12.159 Y-26.731 E2.2253
G1 X-12.874 Y-26.928 E2.25172
G1 X-13.163 Y-27.155 E2.26481
G1 X-13.389 Y-27.461 E2.27836
G1 X-13.563 Y-28.092 E2.30168
G1 X-13.524 Y-28.473 E2.31532
G1 X-13.386 Y-28.83 E2.32895
G1 X-12.872 Y-29.356 E2.35515
G1 X-12.163 Y-29.552 E2.38135
G1 E.38135 F2400
G92 E0
G1 X-12.163 Y-29.552 F7800
G1 X-11.855 Y-25.112
G1 E2 F2400
G1 F3600
G1 X-11.526 Y-25.65 E2.02247
G1 X-11.145 Y-25.859 E2.03795
G1 X-10.862 Y-25.905 E2.04816
G1 X-10.833 Y-26.254 E2.06064
G1 X-10.158 Y-26.081 E2.08546
G1 X-9.627 Y-25.564 E2.11186
G1 X-9.432 Y-24.849 E2.13826
G1 X-9.547 Y-24.32 E2.15755
G1 X-9.857 Y-23.839 E2.17794
G1 X-10.504 Y-23.48 E2.2043
G1 X-10.877 Y-23.44 E2.21766
G1 X-11.25 Y-23.5 E2.23112
G1 X-11.875 Y-23.894 E2.25744
G1 X-12.093 Y-24.206 E2.271
G1 X-12.245 Y-24.93 E2.29735
G1 X-12.09 Y-25.496 E2.31826
G1 X-11.591 Y-26.041 E2.34458
G1 X-11.247 Y-26.197 E2.35804
G1 X-10.876 Y-26.257 E2.37143
G1 E.37143 F2400
G92 E0
G1 X-10.876 Y-26.257 F7800
G1 X-6.071 Y-24.895
G1 E2 F2400
G1 F3600
G1 X-5.732 Y-25.442 E2.02293
G1 X-5.367 Y-25.642 E2.03776
G1 X-5.077 Y-25.692 E2.04824
G1 X-5.057 Y-26.042 E2.06073
G1 X-4.377 Y-25.874 E2.08568
G1 X-4.073 Y-25.651 E2.09911
G1 X-3.838 Y-25.355 E2.11257
G1 X-3.692 Y-25.01 E2.12592
G1 X-3.641 Y-24.636 E2.13937
G1 X-3.692 Y-24.262 E2.15282
G1 X-3.839 Y-23.917 E2.16618
G1 X-4.074 Y-23.621 E2.17964
G1 X-4.38 Y-23.397 E2.19315
G1 X-4.726 Y-23.265 E2.20634
G1 X-5.104 Y-23.229 E2.21987
G1 X-5.479 Y-23.295 E2.23343
G1 X-6.099 Y-23.699 E2.25979
G1 X-6.312 Y-24.015 E2.27337
G1 X-6.453 Y-24.738 E2.29961
G1 X-6.312 Y-25.257 E2.31877
G1 X-6.097 Y-25.577 E2.3325
G1 X-5.819 Y-25.816 E2.34556
G1 X-5.474 Y-25.979 E2.35915
G1 X-5.1 Y-26.044 E2.37267
G1 E.37267 F2400
G92 E0
G1 X-5.1 Y-26.044 F7800
G1 X-4.95 Y-20.911
G1 E2 F2400
G1 F3600
G1 X-4.62 Y-21.449 E2.02248
G1 X-4.24 Y-21.658 E2.03793
G1 X-3.957 Y-21.704 E2.04814
G1 X-3.929 Y-22.053 E2.06061
G1 X-3.254 Y-21.88 E2.08543
G1 X-2.723 Y-21.363 E2.11183
G1 X-2.527 Y-20.649 E2.13821
G1 X-2.642 Y-20.118 E2.15756
G1 X-2.952 Y-19.638 E2.17792
G1 X-3.598 Y-19.279 E2.20425
G1 X-3.972 Y-19.239 E2.21765
G1 X-4.344 Y-19.299 E2.23107
G1 X-4.97 Y-19.694 E2.25744
G1 X-5.188 Y-20.005 E2.27097
G1 X-5.339 Y-20.73 E2.29735
G1 X-5.185 Y-21.295 E2.31821
G1 X-4.686 Y-21.84 E2.34453
G1 X-4.342 Y-21.996 E2.35799
G1 X-3.971 Y-22.056 E2.37138
G1 E.37138 F2400
G92 E0
G1 X-3.971 Y-22.056 F7800
G1 X-10.775 Y-20.546
G1 E2 F2400
G1 F3600
G1 X-10.642 Y-21.068 E2.01919
G1 X-10.487 Y-21.272 E2.02832
G1 X-10.262 Y-21.449 E2.03852
G1 X-9.727 Y-21.596 E2.05829
G1 X-9.69 Y-21.944 E2.07076
G1 X-9.37 Y-21.902 E2.08226
G1 X-9.029 Y-21.761 E2.09541
G1 X-8.513 Y-21.246 E2.12138
G1 X-8.324 Y-20.542 E2.14735
G1 X-8.51 Y-19.836 E2.17336
G1 X-9.023 Y-19.318 E2.19933
G1 X-9.729 Y-19.128 E2.22538
G1 X-10.443 Y-19.325 E2.25177
G1 X-10.732 Y-19.552 E2.26486
G1 X-10.959 Y-19.859 E2.27846
G1 X-11.132 Y-20.489 E2.30173
G1 X-11.094 Y-20.87 E2.31537
G1 X-10.955 Y-21.227 E2.32902
G1 X-10.442 Y-21.753 E2.35519
G1 X-9.732 Y-21.949 E2.38143
G1 E.38143 F2400
G92 E0
G1 X-9.732 Y-21.949 F7800
G1 X-16.299 Y-20.872
G1 E2 F2400
G1 F3600
G1 X-15.968 Y-21.41 E2.0225
G1 X-15.589 Y-21.619 E2.03792
G1 X-15.306 Y-21.665 E2.04813
G1 X-15.278 Y-22.014 E2.0606
G1 X-14.603 Y-21.841 E2.08542
G1 X-14.071 Y-21.324 E2.11185
G1 X-13.876 Y-20.61 E2.13822
G1 X-13.991 Y-20.079 E2.15757
G1 X-14.3 Y-19.599 E2.17791
G1 X-14.947 Y-19.24 E2.20427
G1 X-15.321 Y-19.2 E2.21767
G1 X-15.693 Y-19.26 E2.23109
G1 X-16.319 Y-19.655 E2.25746
G1 X-16.537 Y-19.966 E2.27099
G1 X-16.688 Y-20.691 E2.29737
G1 X-16.534 Y-21.255 E2.3182
G1 X-16.035 Y-21.8 E2.34452
G1 X-15.691 Y-21.957 E2.35799
G1 X-15.32 Y-22.017 E2.37138
G1 E.37138 F2400
G92 E0
G1 X-15.32 Y-22.017 F7800
G1 X-17.687 Y-24.303
G1 E2 F2400
G1 F3600
G1 X-17.553 Y-24.828 E2.0193
G1 X-17.399 Y-25.032 E2.02841
G1 X-17.175 Y-25.209 E2.03858
G1 X-16.645 Y-25.356 E2.05817
G1 X-16.608 Y-25.704 E2.07064
G1 X-16.29 Y-25.664 E2.08206
G1 X-15.656 Y-25.304 E2.10803
G1 X-15.286 Y-24.677 E2.13397
G1 X-15.277 Y-23.947 E2.15998
G1 X-15.414 Y-23.604 E2.17314
G1 X-15.927 Y-23.081 E2.19924
G1 X-16.636 Y-22.889 E2.22541
G1 X-17.008 Y-22.939 E2.23878
G1 X-17.355 Y-23.087 E2.25222
G1 X-17.645 Y-23.315 E2.26536
G1 X-17.872 Y-23.625 E2.27905
G1 X-18.043 Y-24.257 E2.30237
G1 X-18.004 Y-24.635 E2.31591
G1 X-17.866 Y-24.989 E2.32945
G1 X-17.355 Y-25.512 E2.3555
G1 X-16.651 Y-25.709 E2.38154
G1 E.38154 F2400
G92 E0
G1 X-16.651 Y-25.709 F7800
G1 X-23.996 Y-40.395
G1 E2 F2400
;TYPE:Perimeter
;WIDTH:0.45
G1 F3600
G1 X-23.996 Y-39.391 E2.04829
G1 X-23.996 Y-12.387 E3.34709
G1 X-26.004 Y-12.387 E3.44367
G1 X-26.004 Y-40.395 E4.79076
G1 X-24.056 Y-40.395 E4.88445
G1 X-24.056 Y-40.395 F7800
G1 X-23.611 Y-40.78
G1 F3600
G1 X-23.611 Y-39.391 E4.95126
G1 X-23.611 Y-12.002 E6.26858
G1 X-26.389 Y-12.002 E6.40219
G1 X-26.389 Y-40.78 E7.78631
G1 X-23.671 Y-40.78 E7.91704
G1 X-23.671 Y-40.78 F7800
G1 X-23.225 Y-41.166
;TYPE:External perimeter
G1 F1800
G1 X-23.225 Y-39.391 E8.00241
G1 X-23.225 Y-11.616 E9.33829
G1 X-26.775 Y-11.616 E9.50903
G1 X-26.775 Y-41.166 E10.93028
G1 X-23.285 Y-41.166 E11.09814
G1 X-23.226 Y-40.77 F7800
G1 E9.09814 F2400
G92 E0
G1 X-25.715 Y-39.913 F7800
G1 E2 F2400
;TYPE:Solid infill
G1 F1200
G1 X-25.715 Y-12.676 E3.31001
G1 X-24.285 Y-12.676 E3.37879
G1 X-24.285 Y-40.106 E4.69808
G1 X-25.715 Y-40.106 E4.76686
G1 X-25.261 Y-39.652 E4.79774
;WIDTH:0.58612
G1 X-24.739 Y-39.652 E4.83171
G1 X-24.739 Y-13.13 E6.55761
G1 X-25.261 Y-13.13 E6.59158
G1 X-25.261 Y-39.459 E8.30492
;LAYER_CHANGE
;Z:1.85
;HEIGHT:0.3
G1 Z1.85 F7800
G1 E6.30492 F2400
G92 E0
G1 X-25.261 Y-39.459 F7800
G1 X6.343 Y-20.597
G1 E2 F2400
;TYPE:Support material
;WIDTH:0.35
G1 F3600
G1 X6.566 Y-21.16 E2.02157
G1 X6.954 Y-21.43 E2.03841
G1 X7.217 Y-21.489 E2.04801
G1 X7.221 Y-21.839 E2.06048
G1 X7.869 Y-21.709 E2.08402
G1 X8.397 Y-21.231 E2.10939
G1 X8.544 Y-20.903 E2.12219
G1 X8.594 Y-20.544 E2.1351
G1 X8.544 Y-20.185 E2.14801
G1 X8.398 Y-19.857 E2.1608
G1 X8.167 Y-19.58 E2.17365
G1 X7.536 Y-19.264 E2.19879
G1 X6.831 Y-19.324 E2.224
G1 X6.264 Y-19.736 E2.24897
G1 X5.993 Y-20.384 E2.27399
G1 X5.993 Y-20.701 E2.28528
G1 X6.166 Y-21.222 E2.30484
G1 X6.517 Y-21.592 E2.32301
G1 X7.178 Y-21.84 E2.34816
G1 E.34816 F2400
G92 E0
G1 X7.178 Y-21.84 F7800
G1 X5.304 Y-24.609
G1 E2 F2400
G1 F3600
G1 X5.377 Y-24.953 E2.01253
G1 X5.505 Y-25.152 E2.02096
G1 X5.952 Y-25.432 E2.03975
G1 X6.21 Y-25.459 E2.04899
G1 X6.237 Y-25.808 E2.06146
G1 X6.701 Y-25.696 E2.07846
G1 X7.215 Y-25.244 E2.10284
G1 X7.359 Y-24.926 E2.11528
G1 X7.392 Y-24.456 E2.13206
G1 X7.215 Y-23.917 E2.15227
G1 X6.695 Y-23.461 E2.17691
G1 X6.024 Y-23.357 E2.2011
G1 X5.515 Y-23.539 E2.22036
G1 X5.246 Y-23.769 E2.23297
G1 X5.053 Y-24.067 E2.24562
G1 X4.954 Y-24.403 E2.2581
G1 X4.954 Y-24.756 E2.27068
G1 X5.168 Y-25.281 E2.29088
G1 X5.515 Y-25.621 E2.30819
G1 X5.845 Y-25.768 E2.32106
G1 X6.194 Y-25.812 E2.33359
G1 E.33359 F2400
G92 E0
G1 X6.194 Y-25.812 F7800
G1 X6.905 Y-28.167
G1 E2 F2400
G1 F3600
G1 X6.978 Y-28.507 E2.01239
G1 X7.106 Y-28.706 E2.02082
G1 X7.555 Y-28.986 E2.03967
G1 X7.815 Y-29.013 E2.04898
G1 X7.843 Y-29.362 E2.06145
G1 X8.302 Y-29.249 E2.07829
G1 X8.815 Y-28.798 E2.10262
G1 X8.959 Y-28.481 E2.11502
G1 X8.994 Y-28.021 E2.13145
G1 X8.817 Y-27.472 E2.152
G1 X8.299 Y-27.016 E2.17658
G1 X7.63 Y-26.91 E2.20071
G1 X7.115 Y-27.093 E2.22018
G1 X6.846 Y-27.323 E2.23279
G1 X6.653 Y-27.622 E2.24547
G1 X6.555 Y-27.958 E2.25794
G1 X6.555 Y-28.311 E2.27052
G1 X6.772 Y-28.84 E2.29089
G1 X7.118 Y-29.176 E2.30807
G1 X7.45 Y-29.322 E2.32099
G1 X7.8 Y-29.365 E2.33355
G1 E.33355 F2400
G92 E0
G1 X7.773 Y-31.912 F7800
G1 E2 F2400
G1 F3600
G1 X7.774 Y-32.152 E2.00855
G1 X7.976 Y-32.598 E2.02599
G1 X8.176 Y-32.768 E2.03534
G1 X8.525 Y-32.895 E2.04857
G1 X8.53 Y-33.245 E2.06104
G1 X8.836 Y-33.241 E2.07194
G1 X9.452 Y-32.956 E2.09612
G1 X9.827 Y-32.373 E2.12081
G1 X9.862 Y-31.912 E2.13728
G1 X9.687 Y-31.364 E2.15777
G1 X9.17 Y-30.907 E2.18235
G1 X8.501 Y-30.8 E2.20649
G1 X7.982 Y-30.985 E2.22612
G1 X7.713 Y-31.216 E2.23875
G1 X7.521 Y-31.514 E2.25138
G1 X7.423 Y-31.85 E2.26385
G1 X7.424 Y-32.204 E2.27646
G1 X7.525 Y-32.544 E2.2891
G1 X7.716 Y-32.836 E2.30153
G1 X7.989 Y-33.068 E2.31429
G1 X8.487 Y-33.246 E2.33313
G1 E.33313 F2400
G92 E0
G1 X8.487 Y-33.246 F7800
G1 X13.299 Y-32.428
G1 E2 F2400
G1 F3600
G1 X13.521 Y-32.992 E2.02159
G1 X13.909 Y-33.261 E2.03841
G1 X14.173 Y-33.321 E2.04805
G1 X14.176 Y-33.671 E2.06052
G1 X14.824 Y-33.541 E2.08406
G1 X15.352 Y-33.063 E2.10943
G1 X15.499 Y-32.734 E2.12227
G1 X15.55 Y-32.376 E2.13515
G1 X15.499 Y-32.017 E2.14807
G1 X15.353 Y-31.688 E2.16089
G1 X15.123 Y-31.412 E2.17369
G1 X14.491 Y-31.096 E2.19886
G1 X13.786 Y-31.155 E2.22406
G1 X13.22 Y-31.568 E2.24902
G1 X12.949 Y-32.215 E2.27401
G1 X12.949 Y-32.533 E2.28534
G1 X13.121 Y-33.053 E2.30485
G1 X13.472 Y-33.423 E2.32302
G1 X14.133 Y-33.671 E2.34817
G1 E.34817 F2400
G92 E0
G1 X14.133 Y-33.671 F7800
G1 X19.126 Y-32.102
G1 E2 F2400
G1 F3600
G1 X19.2 Y-32.441 E2.01236
G1 X19.329 Y-32.64 E2.02081
G1 X19.779 Y-32.919 E2.03967
G1 X20.039 Y-32.945 E2.04898
G1 X20.066 Y-33.294 E2.06145
G1 X20.52 Y-33.183 E2.0781
G1 X21.035 Y-32.733 E2.10246
G1 X21.18 Y-32.416 E2.11488
G1 X21.215 Y-31.952 E2.13146
G1 X21.04 Y-31.407 E2.15185
G1 X20.523 Y-30.949 E2.17646
G1 X19.853 Y-30.842 E2.20063
G1 X19.334 Y-31.027 E2.22026
G1 X19.066 Y-31.258 E2.23286
G1 X18.874 Y-31.556 E2.24549
G1 X18.776 Y-31.893 E2.25799
G1 X18.777 Y-32.246 E2.27057
G1 X18.992 Y-32.77 E2.29075
G1 X19.342 Y-33.11 E2.30813
G1 X19.673 Y-33.255 E2.321
G1 X20.024 Y-33.297 E2.33359
G1 E.33359 F2400
G92 E0
G1 X20.024 Y-33.297 F7800
G1 X23.959 Y-31.25
G1 E2 F2400
G1 F3600
G1 X24.153 Y-31.763 E2.01954
G1 X24.526 Y-32.041 E2.03611
G1 X24.875 Y-32.115 E2.04882
G1 X24.891 Y-32.464 E2.06127
G1 X25.491 Y-32.324 E2.08322
G1 X26.009 Y-31.84 E2.10847
G1 X26.151 Y-31.511 E2.12124
G1 X26.198 Y-31.152 E2.13414
G1 X26.145 Y-30.793 E2.14707
G1 X25.995 Y-30.461 E2.16005
G1 X25.761 Y-30.188 E2.17286
G1 X25.459 Y-29.987 E2.18578
G1 X25.115 Y-29.879 E2.19862
G1 X24.752 Y-29.868 E2.21156
G1 X24.103 Y-30.133 E2.23653
G1 X23.741 Y-30.568 E2.25669
G1 X23.602 Y-31.03 E2.27388
G1 X23.613 Y-31.382 E2.28643
G1 X23.834 Y-31.929 E2.30745
G1 X24.375 Y-32.357 E2.33202
G1 X24.849 Y-32.466 E2.34935
G1 E.34935 F2400
G92 E0
G1 X24.849 Y-32.466 F7800
G1 X24.106 Y-26.161
G1 E2 F2400
G1 F3600
G1 X24.102 Y-26.512 E2.0125
G1 X24.31 Y-26.787 E2.02478
G1 X24.981 Y-26.852 E2.0488
G1 X25.004 Y-27.201 E2.06126
G1 X25.548 Y-27.031 E2.08156
G1 X25.789 Y-26.839 E2.09254
G1 X26.084 Y-26.308 E2.11418
G1 X26.074 Y-25.69 E2.1362
G1 X25.878 Y-25.267 E2.15281
G1 X25.695 Y-25.046 E2.16303
G1 X25.423 Y-24.893 E2.17415
G1 X24.802 Y-24.838 E2.19636
G1 X24.222 Y-25.07 E2.21861
G1 X23.846 Y-25.543 E2.24014
G1 X23.741 Y-26.313 E2.26782
G1 X23.86 Y-26.848 E2.28734
G1 X24.141 Y-27.097 E2.30072
G1 X24.361 Y-27.181 E2.30911
G1 X24.962 Y-27.204 E2.33054
G1 X24.962 Y-27.204 F7800
G1 X25.091 Y-27.546
G1 F3600
G1 X25.73 Y-27.333 E2.35454
G1 X26.043 Y-27.084 E2.36879
G1 X26.336 Y-26.63 E2.38804
G1 X26.473 Y-25.993 E2.41125
G1 X26.333 Y-25.398 E2.43303
G1 X25.939 Y-24.792 E2.45878
G1 X25.532 Y-24.558 E2.4755
G1 X24.746 Y-24.491 E2.5036
G1 X24.356 Y-24.592 E2.51795
G1 X24.01 Y-24.787 E2.5321
G1 X23.617 Y-25.237 E2.55338
G1 X23.412 Y-25.793 E2.57449
G1 X23.409 Y-26.656 E2.60523
G1 X23.576 Y-27.057 E2.6207
G1 X23.973 Y-27.408 E2.63958
G1 X24.291 Y-27.528 E2.65169
G1 X25.049 Y-27.549 E2.6787
G1 E.6787 F2400
G92 E0
G1 X25.049 Y-27.549 F7800
G1 X20.949 Y-24.727
G1 E2 F2400
G1 F3600
G1 X21.022 Y-25.083 E2.01295
G1 X21.15 Y-25.282 E2.02138
G1 X21.587 Y-25.561 E2.03985
G1 X21.839 Y-25.592 E2.04889
G1 X21.863 Y-25.941 E2.06135
G1 X22.338 Y-25.831 E2.07872
G1 X22.86 Y-25.378 E2.10334
G1 X23.006 Y-25.059 E2.11584
G1 X23.031 Y-24.534 E2.13456
G1 X22.86 Y-24.045 E2.15301
G1 X22.63 Y-23.78 E2.16551
G1 X22.33 Y-23.588 E2.1782
G1 X21.82 Y-23.479 E2.19678
G1 X21.478 Y-23.528 E2.20909
G1 X21.153 Y-23.675 E2.2218
G1 X20.888 Y-23.904 E2.23428
G1 X20.698 Y-24.2 E2.24681
G1 X20.599 Y-24.887 E2.27154
G1 X20.791 Y-25.377 E2.29029
G1 X21.153 Y-25.748 E2.30876
G1 X21.478 Y-25.896 E2.32148
G1 X21.82 Y-25.944 E2.33378
G1 E.33378 F2400
G92 E0
G1 X21.82 Y-25.944 F7800
G1 X18.403 Y-27.846
G1 E2 F2400
G1 F3600
G1 X18.416 Y-28.204 E2.01276
G1 X18.565 Y-28.525 E2.02537
G1 X18.749 Y-28.72 E2.03492
G1 X19.232 Y-28.924 E2.0536
G1 X19.244 Y-29.273 E2.06604
G1 X19.572 Y-29.262 E2.07773
G1 X19.985 Y-29.108 E2.09343
G1 X20.447 Y-28.678 E2.11591
G1 X20.598 Y-28.336 E2.12923
G1 X20.648 Y-27.98 E2.14204
G1 X20.465 Y-27.306 E2.16692
G1 X20.219 Y-27.017 E2.18044
G1 X19.915 Y-26.811 E2.19352
G1 X19.571 Y-26.699 E2.20641
G1 X19.2 Y-26.687 E2.21963
G1 X18.838 Y-26.78 E2.23294
G1 X18.528 Y-26.963 E2.24576
G1 X18.274 Y-27.234 E2.25899
G1 X18.074 Y-27.68 E2.2764
G1 X18.039 Y-28.04 E2.28929
G1 X18.106 Y-28.395 E2.30216
G1 X18.276 Y-28.728 E2.31548
G1 X18.528 Y-28.997 E2.32861
G1 X18.85 Y-29.186 E2.34191
G1 X19.201 Y-29.275 E2.35481
G1 E.35481 F2400
G92 E0
G1 X19.201 Y-29.275 F7800
G1 X16.802 Y-24.6
G1 E2 F2400
G1 F3600
G1 X16.875 Y-24.952 E2.01281
G1 X17.003 Y-25.151 E2.02124
G1 X17.418 Y-25.42 E2.03886
G1 X17.686 Y-25.46 E2.04851
G1 X17.707 Y-25.809 E2.06097
G1 X18.176 Y-25.706 E2.07808
G1 X18.473 Y-25.519 E2.09058
G1 X18.708 Y-25.25 E2.1033
G1 X18.856 Y-24.93 E2.11586
G1 X18.878 Y-24.366 E2.13597
G1 X18.711 Y-23.913 E2.15317
G1 X18.479 Y-23.646 E2.16577
G1 X18.177 Y-23.454 E2.17852
G1 X17.653 Y-23.347 E2.19757
G1 X16.997 Y-23.548 E2.22201
G1 X16.548 Y-24.072 E2.24659
G1 X16.452 Y-24.757 E2.27123
G1 X16.622 Y-25.211 E2.2885
G1 X17.002 Y-25.614 E2.30823
G1 X17.664 Y-25.811 E2.33284
G1 E.33284 F2400
G92 E0
G1 X17.664 Y-25.811 F7800
G1 X17.779 Y-20.655
G1 E2 F2400
G1 F3600
G1 X17.853 Y-20.995 E2.0124
G1 X17.982 Y-21.193 E2.02082
G1 X18.431 Y-21.472 E2.03965
G1 X18.691 Y-21.498 E2.04896
G1 X18.718 Y-21.847 E2.06143
G1 X19.171 Y-21.736 E2.07805
G1 X19.687 Y-21.286 E2.10244
G1 X19.833 Y-20.969 E2.11487
G1 X19.867 Y-20.501 E2.13159
G1 X19.693 Y-19.96 E2.15183
G1 X19.175 Y-19.502 E2.17646
G1 X18.505 Y-19.395 E2.20063
G1 X17.986 Y-19.581 E2.22027
G1 X17.718 Y-19.812 E2.23287
G1 X17.526 Y-20.11 E2.2455
G1 X17.428 Y-20.446 E2.25797
G1 X17.429 Y-20.799 E2.27055
G1 X17.643 Y-21.321 E2.29065
G1 X17.994 Y-21.663 E2.30811
G1 X18.326 Y-21.808 E2.32102
G1 X18.675 Y-21.85 E2.33354
G1 E.33354 F2400
G92 E0
G1 X18.675 Y-21.85 F7800
G1 X23.586 Y-20.705
G1 E2 F2400
G1 F3600
G1 X23.598 Y-21.061 E2.01269
G1 X23.748 Y-21.384 E2.02538
G1 X23.932 Y-21.579 E2.03493
G1 X24.415 Y-21.782 E2.05359
G1 X24.426 Y-22.132 E2.06606
G1 X24.754 Y-22.121 E2.07775
G1 X25.105 Y-22.006 E2.09091
G1 X25.403 Y-21.803 E2.10376
G1 X25.623 Y-21.545 E2.11584
G1 X25.78 Y-21.195 E2.12951
G1 X25.787 Y-20.509 E2.15395
G1 X25.633 Y-20.152 E2.1678
G1 X25.4 Y-19.874 E2.18072
G1 X25.102 Y-19.671 E2.19357
G1 X24.75 Y-19.557 E2.20675
G1 X24.383 Y-19.545 E2.21983
G1 X23.873 Y-19.716 E2.23899
G1 X23.457 Y-20.092 E2.25897
G1 X23.256 Y-20.54 E2.27646
G1 X23.222 Y-20.9 E2.28934
G1 X23.289 Y-21.254 E2.30217
G1 X23.459 Y-21.587 E2.31549
G1 X23.711 Y-21.856 E2.32862
G1 X24.033 Y-22.045 E2.34192
G1 X24.384 Y-22.133 E2.35481
G1 E.35481 F2400
G92 E0
G1 X24.384 Y-22.133 F7800
G1 X12.15 Y-20.683
G1 E2 F2400
G1 F3600
G1 X12.224 Y-21.022 E2.01236
G1 X12.352 Y-21.22 E2.02076
G1 X12.802 Y-21.5 E2.03964
G1 X13.062 Y-21.526 E2.04895
G1 X13.09 Y-21.875 E2.06142
G1 X13.544 Y-21.763 E2.07808
G1 X14.058 Y-21.313 E2.10242
G1 X14.203 Y-20.996 E2.11484
G1 X14.239 Y-20.533 E2.13138
G1 X14.063 Y-19.987 E2.15182
G1 X13.546 Y-19.53 E2.1764
G1 X12.877 Y-19.422 E2.20054
G1 X12.358 Y-19.607 E2.22017
G1 X12.089 Y-19.838 E2.2328
G1 X11.897 Y-20.137 E2.24546
G1 X11.799 Y-20.473 E2.25793
G1 X11.8 Y-20.826 E2.27051
G1 X12.016 Y-21.351 E2.29073
G1 X12.365 Y-21.69 E2.30806
G1 X12.697 Y-21.836 E2.32098
G1 X13.047 Y-21.878 E2.33354
G1 E.33354 F2400
G92 E0
G1 X13.047 Y-21.878 F7800
G1 X10.996 Y-24.643
G1 E2 F2400
G1 F3600
G1 X11.069 Y-24.989 E2.0126
G1 X11.196 Y-25.189 E2.02104
G1 X11.641 Y-25.469 E2.03977
G1 X11.897 Y-25.498 E2.04895
G1 X11.924 Y-25.847 E2.06142
G1 X12.396 Y-25.733 E2.07872
G1 X12.909 Y-25.28 E2.1031
G1 X13.053 Y-24.962 E2.11554
G1 X13.084 Y-24.488 E2.13246
G1 X12.906 Y-23.953 E2.15255
G1 X12.384 Y-23.498 E2.17722
G1 X11.712 Y-23.396 E2.20143
G1 X11.209 Y-23.576 E2.22046
G1 X10.94 Y-23.806 E2.23307
G1 X10.746 Y-24.104 E2.24574
G1 X10.647 Y-24.439 E2.25818
G1 X10.646 Y-24.792 E2.27076
G1 X10.859 Y-25.317 E2.29094
G1 X11.205 Y-25.657 E2.30822
G1 X11.534 Y-25.805 E2.32107
G1 X11.882 Y-25.85 E2.33357
G1 E.33357 F2400
G92 E0
G1 X11.882 Y-25.85 F7800
G1 X12.546 Y-28.167
G1 E2 F2400
G1 F3600
G1 X12.619 Y-28.507 E2.01239
G1 X12.747 Y-28.706 E2.02082
G1 X13.196 Y-28.986 E2.03967
G1 X13.456 Y-29.013 E2.04898
G1 X13.484 Y-29.362 E2.06145
G1 X13.943 Y-29.249 E2.07829
G1 X14.456 Y-28.798 E2.10262
G1 X14.6 Y-28.481 E2.11502
G1 X14.635 Y-28.021 E2.13145
G1 X14.458 Y-27.472 E2.152
G1 X13.94 Y-27.016 E2.17658
G1 X13.271 Y-26.91 E2.20071
G1 X12.756 Y-27.093 E2.22018
G1 X12.487 Y-27.323 E2.23279
G1 X12.294 Y-27.622 E2.24547
G1 X12.196 Y-27.958 E2.25794
G1 X12.196 Y-28.311 E2.27052
G1 X12.413 Y-28.84 E2.29089
G1 X12.759 Y-29.176 E2.30807
G1 X13.091 Y-29.322 E2.32099
G1 X13.441 Y-29.365 E2.33355
G1 E.33355 F2400
G92 E0
G1 X2.159 Y-31.963 F7800
G1 E2 F2400
G1 F3600
G1 X2.159 Y-32.196 E2.0083
G1 X2.361 Y-32.642 E2.02574
G1 X2.562 Y-32.813 E2.03514
G1 X2.915 Y-32.941 E2.04852
G1 X2.922 Y-33.291 E2.06099
G1 X3.226 Y-33.285 E2.07182
G1 X3.84 Y-32.999 E2.09595
G1 X4.212 Y-32.417 E2.12056
G1 X4.249 Y-31.969 E2.13657
G1 X4.072 Y-31.409 E2.15749
G1 X3.556 Y-30.953 E2.18202
G1 X2.884 Y-30.845 E2.20627
G1 X2.37 Y-31.028 E2.22571
G1 X2.1 Y-31.259 E2.23837
G1 X1.907 Y-31.557 E2.25102
G1 X1.809 Y-31.894 E2.26352
G1 X1.809 Y-32.247 E2.2761
G1 X1.911 Y-32.588 E2.28878
G1 X2.101 Y-32.88 E2.30119
G1 X2.374 Y-33.113 E2.31398
G1 X2.879 Y-33.292 E2.33307
G1 E.33307 F2400
G92 E0
G1 X2.879 Y-33.292 F7800
G1 X1.264 Y-28.249
G1 E2 F2400
G1 F3600
G1 X1.339 Y-28.589 E2.0124
G1 X1.467 Y-28.787 E2.0208
G1 X1.917 Y-29.066 E2.03966
G1 X2.177 Y-29.092 E2.04897
G1 X2.204 Y-29.441 E2.06144
G1 X2.658 Y-29.33 E2.07809
G1 X3.173 Y-28.88 E2.10245
G1 X3.318 Y-28.563 E2.11487
G1 X3.353 Y-28.098 E2.13148
G1 X3.178 Y-27.554 E2.15184
G1 X2.661 Y-27.096 E2.17645
G1 X1.991 Y-26.989 E2.20062
G1 X1.472 Y-27.174 E2.22025
G1 X1.204 Y-27.405 E2.23285
G1 X1.012 Y-27.703 E2.24548
G1 X.914 Y-28.04 E2.25798
G1 X.915 Y-28.393 E2.27056
G1 X1.13 Y-28.916 E2.2907
G1 X1.48 Y-29.257 E2.30811
G1 X1.812 Y-29.402 E2.32102
G1 X2.161 Y-29.444 E2.33354
G1 E.33354 F2400
G92 E0
G1 X2.161 Y-29.444 F7800
G1 X-.378 Y-24.585
G1 E2 F2400
G1 F3600
G1 X-.304 Y-24.925 E2.0124
G1 X-.175 Y-25.124 E2.02085
G1 X.274 Y-25.403 E2.03968
G1 X.534 Y-25.429 E2.04899
G1 X.561 Y-25.778 E2.06146
G1 X1.014 Y-25.667 E2.07808
G1 X1.53 Y-25.217 E2.10247
G1 X1.676 Y-24.9 E2.1149
G1 X1.71 Y-24.431 E2.13165
G1 X1.536 Y-23.89 E2.15189
G1 X1.018 Y-23.433 E2.1765
G1 X.348 Y-23.326 E2.20067
G1 X-.171 Y-23.511 E2.2203
G1 X-.439 Y-23.742 E2.2329
G1 X-.631 Y-24.041 E2.24556
G1 X-.729 Y-24.377 E2.25803
G1 X-.727 Y-24.73 E2.27061
G1 X-.514 Y-25.251 E2.29066
G1 X-.163 Y-25.593 E2.30812
G1 X.169 Y-25.739 E2.32104
G1 X.518 Y-25.781 E2.33356
G1 E.33356 F2400
G92 E0
G1 X.518 Y-25.781 F7800
G1 X.799 Y-20.642
G1 E2 F2400
G1 F3600
G1 X.873 Y-20.981 E2.01236
G1 X1.001 Y-21.18 E2.02079
G1 X1.452 Y-21.459 E2.03968
G1 X1.712 Y-21.485 E2.04899
G1 X1.739 Y-21.834 E2.06146
G1 X2.193 Y-21.723 E2.07811
G1 X2.707 Y-21.272 E2.10247
G1 X2.853 Y-20.955 E2.1149
G1 X2.888 Y-20.493 E2.13141
G1 X2.713 Y-19.946 E2.15187
G1 X2.195 Y-19.489 E2.17648
G1 X1.526 Y-19.382 E2.20062
G1 X1.007 Y-19.567 E2.22025
G1 X.739 Y-19.798 E2.23285
G1 X.547 Y-20.096 E2.24548
G1 X.449 Y-20.432 E2.25795
G1 X.45 Y-20.786 E2.27056
G1 X.665 Y-21.31 E2.29074
G1 X1.014 Y-21.649 E2.30807
G1 X1.346 Y-21.795 E2.32099
G1 X1.696 Y-21.837 E2.33355
G1 E.33355 F2400
G92 E0
G1 X1.696 Y-21.837 F7800
G1 X-4.816 Y-20.682
G1 E2 F2400
G1 F3600
G1 X-4.742 Y-21.021 E2.01236
G1 X-4.614 Y-21.219 E2.02076
G1 X-4.164 Y-21.499 E2.03964
G1 X-3.904 Y-21.525 E2.04895
G1 X-3.876 Y-21.874 E2.06142
G1 X-3.422 Y-21.762 E2.07808
G1 X-2.908 Y-21.312 E2.10242
G1 X-2.763 Y-20.995 E2.11484
G1 X-2.727 Y-20.533 E2.13135
G1 X-2.902 Y-19.986 E2.15181
G1 X-3.42 Y-19.529 E2.17642
G1 X-4.089 Y-19.422 E2.20056
G1 X-4.608 Y-19.607 E2.22019
G1 X-4.877 Y-19.837 E2.2328
G1 X-5.069 Y-20.136 E2.24546
G1 X-5.167 Y-20.472 E2.25793
G1 X-5.166 Y-20.825 E2.27051
G1 X-4.95 Y-21.351 E2.29077
G1 X-4.601 Y-21.689 E2.30808
G1 X-4.269 Y-21.835 E2.321
G1 X-3.919 Y-21.877 E2.33356
G1 E.33356 F2400
G92 E0
G1 X-3.919 Y-21.877 F7800
G1 X-5.911 Y-24.649
G1 E2 F2400
G1 F3600
G1 X-5.84 Y-25.006 E2.01297
G1 X-5.713 Y-25.206 E2.02141
G1 X-5.302 Y-25.476 E2.03893
G1 X-5.038 Y-25.517 E2.04845
G1 X-5.018 Y-25.867 E2.06094
G1 X-4.536 Y-25.763 E2.07851
G1 X-4.239 Y-25.575 E2.09103
G1 X-4.004 Y-25.305 E2.10378
G1 X-3.857 Y-24.985 E2.11632
G1 X-3.839 Y-24.406 E2.13696
G1 X-4.006 Y-23.966 E2.15373
G1 X-4.239 Y-23.7 E2.16633
G1 X-4.545 Y-23.508 E2.1792
G1 X-5.062 Y-23.404 E2.19799
G1 X-5.715 Y-23.605 E2.22233
G1 X-6.163 Y-24.126 E2.24681
G1 X-6.262 Y-24.81 E2.27143
G1 X-6.1 Y-25.254 E2.28827
G1 X-5.718 Y-25.667 E2.30831
G1 X-5.061 Y-25.869 E2.3328
G1 E.3328 F2400
G92 E0
G1 X-5.061 Y-25.869 F7800
G1 X-4.357 Y-28.283
G1 E2 F2400
G1 F3600
G1 X-4.283 Y-28.623 E2.0124
G1 X-4.155 Y-28.821 E2.0208
G1 X-3.705 Y-29.101 E2.03968
G1 X-3.445 Y-29.127 E2.04899
G1 X-3.417 Y-29.475 E2.06143
G1 X-2.963 Y-29.364 E2.07808
G1 X-2.449 Y-28.914 E2.10242
G1 X-2.303 Y-28.597 E2.11485
G1 X-2.268 Y-28.135 E2.13136
G1 X-2.443 Y-27.588 E2.15182
G1 X-2.961 Y-27.131 E2.17643
G1 X-3.63 Y-27.023 E2.20057
G1 X-4.149 Y-27.208 E2.2202
G1 X-4.418 Y-27.439 E2.23283
G1 X-4.61 Y-27.738 E2.24549
G1 X-4.708 Y-28.074 E2.25796
G1 X-4.707 Y-28.427 E2.27054
G1 X-4.491 Y-28.952 E2.29076
G1 X-4.142 Y-29.291 E2.30809
G1 X-3.81 Y-29.437 E2.32101
G1 X-3.46 Y-29.479 E2.33357
G1 E.33357 F2400
G92 E0
G1 X-3.46 Y-29.479 F7800
G1 X-3.65 Y-32.446
G1 E2 F2400
G1 F3600
G1 X-3.428 Y-33.009 E2.02156
G1 X-3.04 Y-33.278 E2.03838
G1 X-2.776 Y-33.338 E2.04802
G1 X-2.772 Y-33.688 E2.06049
G1 X-2.125 Y-33.558 E2.084
G1 X-1.596 Y-33.08 E2.1094
G1 X-1.45 Y-32.752 E2.12219
G1 X-1.399 Y-32.393 E2.13511
G1 X-1.449 Y-32.034 E2.14802
G1 X-1.595 Y-31.705 E2.16084
G1 X-1.826 Y-31.429 E2.17366
G1 X-2.458 Y-31.113 E2.19883
G1 X-3.163 Y-31.172 E2.22403
G1 X-3.729 Y-31.585 E2.24899
G1 X-4 Y-32.232 E2.27398
G1 X-4 Y-32.55 E2.28531
G1 X-3.827 Y-33.071 E2.30487
G1 X-3.476 Y-33.44 E2.32301
G1 X-2.815 Y-33.688 E2.34816
G1 E.34816 F2400
G92 E0
G1 X-2.815 Y-33.688 F7800
G1 X-9.377 Y-32.371
G1 E2 F2400
G1 F3600
G1 X-9.153 Y-32.935 E2.02162
G1 X-8.766 Y-33.204 E2.03841
G1 X-8.503 Y-33.263 E2.04801
G1 X-8.499 Y-33.613 E2.06048
G1 X-7.851 Y-33.483 E2.08402
G1 X-7.323 Y-33.005 E2.10939
G1 X-7.177 Y-32.677 E2.12218
G1 X-7.126 Y-32.318 E2.1351
G1 X-7.176 Y-31.959 E2.14801
G1 X-7.322 Y-31.631 E2.1608
G1 X-7.553 Y-31.354 E2.17365
G1 X-8.184 Y-31.038 E2.19879
G1 X-8.889 Y-31.097 E2.22399
G1 X-9.456 Y-31.51 E2.24898
G1 X-9.727 Y-32.158 E2.274
G1 X-9.727 Y-32.475 E2.28529
G1 X-9.556 Y-32.991 E2.30466
G1 X-9.203 Y-33.366 E2.32301
G1 X-8.542 Y-33.614 E2.34816
G1 E.34816 F2400
G92 E0
G1 X-8.542 Y-33.614 F7800
G1 X-13.444 Y-32.366
G1 E2 F2400
G1 F3600
G1 X-13.372 Y-32.722 E2.01294
G1 X-13.244 Y-32.921 E2.02137
G1 X-12.806 Y-33.199 E2.03985
G1 X-12.555 Y-33.23 E2.04886
G1 X-12.531 Y-33.579 E2.06132
G1 X-12.055 Y-33.469 E2.07872
G1 X-11.534 Y-33.016 E2.10331
G1 X-11.388 Y-32.697 E2.11581
G1 X-11.362 Y-32.173 E2.1345
G1 X-11.534 Y-31.683 E2.153
G1 X-11.764 Y-31.418 E2.1655
G1 X-12.063 Y-31.227 E2.17814
G1 X-12.573 Y-31.118 E2.19672
G1 X-12.916 Y-31.166 E2.20906
G1 X-13.24 Y-31.313 E2.22173
G1 X-13.505 Y-31.543 E2.23423
G1 X-13.696 Y-31.839 E2.24678
G1 X-13.794 Y-32.525 E2.27147
G1 X-13.603 Y-33.015 E2.29021
G1 X-13.24 Y-33.386 E2.3087
G1 X-12.916 Y-33.534 E2.32139
G1 X-12.573 Y-33.582 E2.33373
G1 E.33373 F2400
G92 E0
G1 X-12.573 Y-33.582 F7800
G1 X-17.786 Y-32.337
G1 E2 F2400
G1 F3600
G1 X-17.714 Y-32.685 E2.01266
G1 X-17.586 Y-32.885 E2.02112
G1 X-17.143 Y-33.165 E2.03979
G1 X-16.888 Y-33.195 E2.04894
G1 X-16.862 Y-33.544 E2.06141
G1 X-16.387 Y-33.43 E2.07881
G1 X-15.873 Y-32.977 E2.10322
G1 X-15.729 Y-32.659 E2.11566
G1 X-15.699 Y-32.173 E2.13301
G1 X-15.876 Y-31.648 E2.15275
G1 X-16.401 Y-31.193 E2.1775
G1 X-17.075 Y-31.093 E2.20177
G1 X-17.574 Y-31.274 E2.22068
G1 X-17.843 Y-31.503 E2.23327
G1 X-18.036 Y-31.8 E2.24589
G1 X-18.135 Y-32.135 E2.25833
G1 X-18.136 Y-32.488 E2.27091
G1 X-17.927 Y-33.007 E2.29084
G1 X-17.579 Y-33.353 E2.30832
G1 X-17.251 Y-33.5 E2.32112
G1 X-16.905 Y-33.547 E2.33356
G1 E.33356 F2400
G92 E0
G1 X-16.905 Y-33.547 F7800
G1 X-20.621 Y-31.987
G1 E2 F2400
G1 F3600
G1 X-20.847 Y-32.291 E2.01349
G1 X-20.868 Y-32.785 E2.0311
G1 X-20.746 Y-33.017 E2.04044
G1 X-20.334 Y-33.169 E2.05608
G1 X-20.321 Y-33.519 E2.06856
G1 X-19.747 Y-33.427 E2.08927
G1 X-19.516 Y-33.284 E2.09895
G1 X-19.226 Y-32.832 E2.11808
G1 X-19.229 Y-32.299 E2.13707
G1 X-19.515 Y-31.861 E2.15571
G1 X-20.338 Y-31.379 E2.18969
G1 X-19.675 Y-30.571 E2.22692
G1 X-18.444 Y-29.645 E2.2818
G1 X-18.315 Y-29.461 E2.28981
G1 X-18.232 Y-29.05 E2.30475
G1 X-18.331 Y-28.709 E2.3174
G1 X-18.496 Y-28.479 E2.32748
G1 X-19.194 Y-28.078 E2.35616
G1 X-19.321 Y-27.313 E2.38379
G1 X-19.191 Y-26.822 E2.40188
G1 X-19.231 Y-26.556 E2.41146
G1 X-19.342 Y-26.319 E2.42078
G1 X-19.737 Y-25.902 E2.44124
G1 X-19.769 Y-25.556 E2.45362
G1 X-19.619 Y-24.963 E2.47541
G1 X-19.151 Y-24.484 E2.49927
G1 X-19.037 Y-24.2 E2.51017
G1 X-19.052 Y-23.59 E2.53191
G1 X-19.18 Y-23.309 E2.54291
G1 X-19.494 Y-22.934 E2.56033
G1 X-19.348 Y-22.222 E2.58622
G1 X-19.053 Y-21.771 E2.60542
G1 X-18.979 Y-21.123 E2.62865
G1 X-19.182 Y-20.502 E2.65192
G1 X-19.39 Y-20.275 E2.66289
G1 X-19.994 Y-20.004 E2.68647
G1 X-20.59 Y-20.039 E2.70774
G1 X-20.921 Y-20.192 E2.72073
G1 X-21.131 Y-20.509 E2.73428
G1 X-21.216 Y-20.815 E2.74559
G1 X-21.17 Y-21.306 E2.76316
G1 X-20.767 Y-21.972 E2.79089
G1 X-20.887 Y-22.358 E2.80529
G1 X-20.821 Y-22.927 E2.8257
G1 X-21.162 Y-23.469 E2.84851
G1 X-21.218 Y-23.972 E2.86654
G1 X-20.968 Y-24.562 E2.88937
G1 X-20.533 Y-24.851 E2.90797
G1 X-20.522 Y-25.164 E2.91913
G1 X-20.543 Y-25.47 E2.93006
G1 X-20.838 Y-25.964 E2.95056
G1 X-21.2 Y-26.328 E2.96885
G1 X-21.327 Y-26.784 E2.98571
G1 X-21.193 Y-27.264 E3.00346
G1 X-20.724 Y-27.735 E3.02714
G1 X-20.665 Y-28.032 E3.03793
G1 X-20.719 Y-28.653 E3.06014
G1 X-20.959 Y-28.882 E3.07196
G1 X-21.162 Y-29.235 E3.08647
G1 X-21.218 Y-29.739 E3.10454
G1 X-20.966 Y-30.328 E3.12736
G1 X-20.594 Y-30.577 E3.14331
G1 X-20.549 Y-30.972 E3.15747
G1 X-20.675 Y-31.565 E3.17907
G1 X-20.987 Y-31.847 E3.19405
G1 X-21.175 Y-32.162 E3.20712
G1 X-21.249 Y-32.648 E3.22463
G1 X-21.123 Y-33.091 E3.24104
G1 X-20.995 Y-33.271 E3.24891
G1 X-20.677 Y-33.454 E3.26198
G1 X-20.364 Y-33.52 E3.27338
G1 X-20.364 Y-33.52 F7800
G1 X-20.293 Y-33.868
G1 F3600
G1 X-19.608 Y-33.753 E3.29812
G1 X-19.287 Y-33.554 E3.31157
G1 X-19.041 Y-33.272 E3.3249
G1 X-18.86 Y-32.753 E3.34448
G1 X-18.891 Y-32.197 E3.36432
G1 X-19.05 Y-31.856 E3.37772
G1 X-19.296 Y-31.584 E3.39078
G1 X-19.808 Y-31.284 E3.41192
G1 X-19.441 Y-30.837 E3.43252
G1 X-18.186 Y-29.887 E3.48859
G1 X-17.999 Y-29.621 E3.50017
G1 X-17.88 Y-29.029 E3.52168
G1 X-18.015 Y-28.559 E3.5391
G1 X-18.244 Y-28.233 E3.55329
G1 X-18.879 Y-27.842 E3.57986
G1 X-18.959 Y-27.357 E3.59737
G1 X-18.837 Y-26.82 E3.61699
G1 X-18.892 Y-26.453 E3.63021
G1 X-19.049 Y-26.119 E3.64336
G1 X-19.4 Y-25.75 E3.6615
G1 X-19.308 Y-25.16 E3.68277
G1 X-18.844 Y-24.659 E3.7071
G1 X-18.695 Y-24.285 E3.72144
G1 X-18.65 Y-23.886 E3.73574
G1 X-18.714 Y-23.488 E3.7501
G1 X-18.881 Y-23.121 E3.76446
G1 X-19.117 Y-22.839 E3.77756
G1 X-19.023 Y-22.381 E3.79422
G1 X-18.722 Y-21.896 E3.81455
G1 X-18.632 Y-21.501 E3.82898
G1 X-18.716 Y-20.678 E3.85845
G1 X-18.887 Y-20.305 E3.87307
G1 X-19.167 Y-20.001 E3.88779
G1 X-19.72 Y-19.716 E3.90995
G1 X-20.359 Y-19.642 E3.93287
G1 X-20.841 Y-19.748 E3.95045
G1 X-21.179 Y-19.953 E3.96453
G1 X-21.459 Y-20.381 E3.98275
G1 X-21.565 Y-20.764 E3.99691
G1 X-21.505 Y-21.414 E4.02016
G1 X-21.152 Y-22.03 E4.04545
G1 X-21.252 Y-22.354 E4.05753
G1 X-21.184 Y-22.832 E4.07473
G1 X-21.493 Y-23.351 E4.09625
G1 X-21.568 Y-24.01 E4.11988
G1 X-21.383 Y-24.575 E4.14106
G1 X-21.218 Y-24.816 E4.15146
G1 X-20.877 Y-25.043 E4.16605
G1 X-20.873 Y-25.158 E4.17015
G1 X-20.886 Y-25.362 E4.17743
G1 X-21.104 Y-25.728 E4.19261
G1 X-21.499 Y-26.14 E4.21294
G1 X-21.681 Y-26.781 E4.23668
G1 X-21.495 Y-27.446 E4.26128
G1 X-21.044 Y-27.92 E4.28459
G1 X-21.018 Y-28.051 E4.28935
G1 X-21.056 Y-28.491 E4.30508
G1 X-21.494 Y-29.117 E4.3323
G1 X-21.568 Y-29.776 E4.35592
G1 X-21.383 Y-30.341 E4.3771
G1 X-21.216 Y-30.582 E4.38755
G1 X-20.924 Y-30.778 E4.40008
G1 X-20.904 Y-30.955 E4.40643
G1 X-20.994 Y-31.381 E4.42194
G1 X-21.247 Y-31.61 E4.4341
G1 X-21.502 Y-32.034 E4.45173
G1 X-21.585 Y-32.334 E4.46282
G1 X-21.545 Y-32.978 E4.48581
G1 X-21.244 Y-33.525 E4.50805
G1 X-20.794 Y-33.787 E4.5266
G1 X-20.336 Y-33.869 E4.54318
G1 E2.54318 F2400
G92 E0
G1 X-20.336 Y-33.869 F7800
G1 X-13.051 Y-28.2
G1 E2 F2400
G1 F3600
G1 X-12.829 Y-28.763 E2.02156
G1 X-12.441 Y-29.033 E2.0384
G1 X-12.177 Y-29.092 E2.04804
G1 X-12.173 Y-29.442 E2.06051
G1 X-11.526 Y-29.312 E2.08402
G1 X-10.997 Y-28.834 E2.10942
G1 X-10.851 Y-28.506 E2.12221
G1 X-10.8 Y-28.147 E2.13513
G1 X-10.85 Y-27.788 E2.14804
G1 X-10.996 Y-27.46 E2.16083
G1 X-11.227 Y-27.183 E2.17368
G1 X-11.859 Y-26.867 E2.19885
G1 X-12.563 Y-26.927 E2.22402
G1 X-13.13 Y-27.339 E2.24899
G1 X-13.401 Y-27.987 E2.27401
G1 X-13.401 Y-28.304 E2.2853
G1 X-13.228 Y-28.825 E2.30486
G1 X-12.877 Y-29.195 E2.32303
G1 X-12.216 Y-29.443 E2.34818
G1 E.34818 F2400
G92 E0
G1 X-12.216 Y-29.443 F7800
G1 X-8.499 Y-28.134
G1 E2 F2400
G1 F3600
G1 X-8.426 Y-28.49 E2.01295
G1 X-8.298 Y-28.689 E2.02138
G1 X-7.861 Y-28.968 E2.03985
G1 X-7.609 Y-28.999 E2.04889
G1 X-7.585 Y-29.348 E2.06135
G1 X-7.11 Y-29.238 E2.07872
G1 X-6.588 Y-28.785 E2.10334
G1 X-6.442 Y-28.466 E2.11584
G1 X-6.417 Y-27.941 E2.13456
G1 X-6.588 Y-27.452 E2.15301
G1 X-6.818 Y-27.187 E2.16551
G1 X-7.118 Y-26.995 E2.1782
G1 X-7.628 Y-26.886 E2.19678
G1 X-7.97 Y-26.935 E2.20909
G1 X-8.295 Y-27.082 E2.2218
G1 X-8.56 Y-27.311 E2.23428
G1 X-8.75 Y-27.607 E2.24681
G1 X-8.849 Y-28.294 E2.27154
G1 X-8.657 Y-28.784 E2.29029
G1 X-8.295 Y-29.155 E2.30876
G1 X-7.97 Y-29.303 E2.32148
G1 X-7.628 Y-29.351 E2.33378
G1 E.33378 F2400
G92 E0
G1 X-7.628 Y-29.351 F7800
G1 X-11.722 Y-24.881
G1 E2 F2400
G1 F3600
G1 X-11.648 Y-25.222 E2.01243
G1 X-11.52 Y-25.42 E2.02083
G1 X-11.071 Y-25.7 E2.03968
G1 X-10.812 Y-25.727 E2.04896
G1 X-10.784 Y-26.076 E2.06143
G1 X-10.325 Y-25.963 E2.07827
G1 X-9.812 Y-25.512 E2.1026
G1 X-9.667 Y-25.195 E2.11502
G1 X-9.633 Y-24.735 E2.13145
G1 X-9.809 Y-24.186 E2.15199
G1 X-10.328 Y-23.73 E2.1766
G1 X-10.996 Y-23.624 E2.20069
G1 X-11.511 Y-23.807 E2.22016
G1 X-11.781 Y-24.038 E2.23282
G1 X-11.973 Y-24.336 E2.24545
G1 X-12.072 Y-24.672 E2.25793
G1 X-12.072 Y-25.026 E2.27054
G1 X-11.854 Y-25.554 E2.29089
G1 X-11.508 Y-25.89 E2.30807
G1 X-11.177 Y-26.036 E2.32096
G1 X-10.827 Y-26.079 E2.33352
G1 E.33352 F2400
G92 E0
G1 X-10.827 Y-26.079 F7800
G1 X-10.621 Y-20.597
G1 E2 F2400
G1 F3600
G1 X-10.398 Y-21.16 E2.02157
G1 X-10.01 Y-21.43 E2.03841
G1 X-9.747 Y-21.489 E2.04801
G1 X-9.743 Y-21.839 E2.06048
G1 X-9.095 Y-21.709 E2.08402
G1 X-8.567 Y-21.231 E2.10939
G1 X-8.42 Y-20.903 E2.12219
G1 X-8.37 Y-20.544 E2.1351
G1 X-8.42 Y-20.185 E2.14801
G1 X-8.566 Y-19.857 E2.1608
G1 X-8.797 Y-19.58 E2.17365
G1 X-9.428 Y-19.264 E2.19879
G1 X-10.133 Y-19.324 E2.224
G1 X-10.7 Y-19.736 E2.24897
G1 X-10.971 Y-20.384 E2.27399
G1 X-10.971 Y-20.701 E2.28528
G1 X-10.798 Y-21.222 E2.30484
G1 X-10.447 Y-21.592 E2.32301
G1 X-9.786 Y-21.84 E2.34816
G1 E.34816 F2400
G92 E0
G1 X-9.786 Y-21.84 F7800
G1 X-16.165 Y-20.643
G1 E2 F2400
G1 F3600
G1 X-16.091 Y-20.982 E2.01236
G1 X-15.963 Y-21.18 E2.02076
G1 X-15.513 Y-21.46 E2.03964
G1 X-15.253 Y-21.486 E2.04895
G1 X-15.225 Y-21.835 E2.06142
G1 X-14.771 Y-21.723 E2.07808
G1 X-14.257 Y-21.273 E2.10242
G1 X-14.111 Y-20.956 E2.11485
G1 X-14.076 Y-20.493 E2.13139
G1 X-14.251 Y-19.947 E2.15182
G1 X-14.769 Y-19.49 E2.17643
G1 X-15.438 Y-19.383 E2.20057
G1 X-15.957 Y-19.567 E2.22019
G1 X-16.225 Y-19.798 E2.23279
G1 X-16.417 Y-20.097 E2.24545
G1 X-16.516 Y-20.433 E2.25793
G1 X-16.515 Y-20.786 E2.27051
G1 X-16.299 Y-21.311 E2.29073
G1 X-15.95 Y-21.65 E2.30806
G1 X-15.618 Y-21.796 E2.32098
G1 X-15.268 Y-21.838 E2.33354
G1 E.33354 F2400
G92 E0
G1 X-15.268 Y-21.838 F7800
G1 X-17.533 Y-24.363
G1 E2 F2400
G1 F3600
G1 X-17.341 Y-24.893 E2.02008
G1 X-16.927 Y-25.201 E2.03846
G1 X-16.665 Y-25.261 E2.04804
G1 X-16.662 Y-25.611 E2.06051
G1 X-16.012 Y-25.484 E2.0841
G1 X-15.482 Y-25.008 E2.10948
G1 X-15.335 Y-24.68 E2.12228
G1 X-15.283 Y-24.321 E2.1352
G1 X-15.332 Y-23.962 E2.14811
G1 X-15.477 Y-23.633 E2.16092
G1 X-15.707 Y-23.356 E2.17375
G1 X-16.336 Y-23.037 E2.19887
G1 X-17.042 Y-23.094 E2.2241
G1 X-17.609 Y-23.501 E2.24896
G1 X-17.884 Y-24.159 E2.27437
G1 X-17.883 Y-24.476 E2.28566
G1 X-17.765 Y-24.873 E2.30041
G1 X-17.362 Y-25.361 E2.32296
G1 X-16.705 Y-25.612 E2.34801
G1 E.34801 F2400
G92 E0
G1 X-16.705 Y-25.612 F7800
G1 X-23.996 Y-40.395
G1 E2 F2400
;TYPE:Perimeter
;WIDTH:0.45
G1 F3600
G1 X-23.996 Y-39.391 E2.04829
G1 X-23.996 Y-12.387 E3.34709
G1 X-26.004 Y-12.387 E3.44367
G1 X-26.004 Y-40.395 E4.79076
G1 X-24.056 Y-40.395 E4.88445
G1 X-24.056 Y-40.395 F7800
G1 X-23.611 Y-40.78
G1 F3600
G1 X-23.611 Y-39.391 E4.95126
G1 X-23.611 Y-12.002 E6.26858
G1 X-26.389 Y-12.002 E6.40219
G1 X-26.389 Y-40.78 E7.78631
G1 X-23.671 Y-40.78 E7.91704
G1 X-23.671 Y-40.78 F7800
G1 X-23.225 Y-41.166
;TYPE:External perimeter
G1 F1800
G1 X-23.225 Y-39.391 E8.00241
G1 X-23.225 Y-11.616 E9.33829
G1 X-26.775 Y-11.616 E9.50903
G1 X-26.775 Y-41.166 E10.93028
G1 X-23.285 Y-41.166 E11.09814
G1 X-23.226 Y-40.77 F7800
G1 X-24.478 Y-40.106
;TYPE:Solid infill
G1 F1200
G1 X-25.715 Y-40.106 E11.15764
G1 X-25.715 Y-12.676 E12.47693
G1 X-24.285 Y-12.676 E12.54571
G1 X-24.285 Y-40.106 E13.865
G1 X-24.739 Y-39.652 E13.89588
;WIDTH:0.586121
G1 X-24.739 Y-13.13 E15.62178
G1 X-25.261 Y-13.13 E15.65575
G1 X-25.261 Y-39.652 E17.38165
G1 X-24.932 Y-39.652 E17.40306
;LAYER_CHANGE
;Z:2.15
;HEIGHT:0.3
G1 Z2.15 F7800
G1 E15.40306 F2400
G92 E0
G1 X6.456 Y-20.238 F7800
G1 E2 F2400
;TYPE:Support material
;WIDTH:0.35
G1 F3600
G1 X6.399 Y-20.56 E2.01165
G1 X6.54 Y-21.031 E2.02916
G1 X6.712 Y-21.227 E2.03845
G1 X7.168 Y-21.426 E2.05617
G1 X7.167 Y-21.776 E2.06864
G1 X7.476 Y-21.772 E2.07965
G1 X7.897 Y-21.619 E2.09561
G1 X8.335 Y-21.212 E2.11691
G1 X8.481 Y-20.893 E2.12941
G1 X8.482 Y-20.198 E2.15417
G1 X8.11 Y-19.61 E2.17896
G1 X7.484 Y-19.313 E2.20364
G1 X6.787 Y-19.399 E2.22866
G1 X6.488 Y-19.583 E2.24117
G1 X6.252 Y-19.849 E2.25384
G1 X6.101 Y-20.171 E2.26651
G1 X6.045 Y-20.562 E2.28058
G1 X6.1 Y-20.915 E2.29331
G1 X6.485 Y-21.5 E2.31826
G1 X7.125 Y-21.777 E2.3431
G1 E.3431 F2400
G92 E0
G1 X7.125 Y-21.777 F7800
G1 X5.497 Y-24.269
G1 E2 F2400
G1 F3600
G1 X5.437 Y-24.696 E2.01536
G1 X5.507 Y-24.924 E2.02386
G1 X5.806 Y-25.247 E2.03954
G1 X6.263 Y-25.351 E2.05624
G1 X6.333 Y-25.694 E2.06871
G1 X6.908 Y-25.459 E2.09084
G1 X7.292 Y-24.896 E2.11512
G1 X7.287 Y-24.25 E2.13813
G1 X7.147 Y-23.962 E2.14954
G1 X6.908 Y-23.702 E2.16212
G1 X6.291 Y-23.457 E2.18577
G1 X5.956 Y-23.48 E2.19773
G1 X5.643 Y-23.602 E2.2097
G1 X5.325 Y-23.861 E2.22431
G1 X5.188 Y-24.085 E2.23366
G1 X5.087 Y-24.412 E2.24585
G1 X5.087 Y-24.749 E2.25786
G1 X5.342 Y-25.312 E2.27988
G1 X5.638 Y-25.557 E2.29357
G1 X5.956 Y-25.68 E2.30572
G1 X6.291 Y-25.704 E2.31768
G1 E.31768 F2400
G92 E0
G1 X6.291 Y-25.704 F7800
G1 X7.1 Y-27.826
G1 E2 F2400
G1 F3600
G1 X7.04 Y-28.247 E2.01515
G1 X7.114 Y-28.485 E2.02403
G1 X7.422 Y-28.807 E2.0399
G1 X7.869 Y-28.906 E2.05621
G1 X7.939 Y-29.249 E2.06868
G1 X8.514 Y-29.014 E2.09081
G1 X8.896 Y-28.466 E2.11461
G1 X8.894 Y-27.82 E2.13762
G1 X8.741 Y-27.505 E2.1501
G1 X8.225 Y-27.089 E2.17371
G1 X7.897 Y-27.012 E2.18571
G1 X7.562 Y-27.036 E2.19767
G1 X7.248 Y-27.157 E2.20966
G1 X6.946 Y-27.402 E2.22351
G1 X6.791 Y-27.643 E2.23372
G1 X6.691 Y-28.303 E2.2575
G1 X6.945 Y-28.877 E2.27986
G1 X7.247 Y-29.114 E2.29354
G1 X7.562 Y-29.236 E2.30557
G1 X7.897 Y-29.259 E2.31753
G1 E.31753 F2400
G92 E0
G1 X7.897 Y-29.259 F7800
G1 X7.97 Y-31.719
G1 E2 F2400
G1 F3600
G1 X7.91 Y-32.145 E2.01533
G1 X7.981 Y-32.373 E2.02384
G1 X8.279 Y-32.696 E2.0395
G1 X8.737 Y-32.8 E2.05623
G1 X8.807 Y-33.143 E2.0687
G1 X9.382 Y-32.908 E2.09083
G1 X9.754 Y-32.359 E2.11445
G1 X9.813 Y-31.999 E2.12745
G1 X9.609 Y-31.381 E2.15063
G1 X9.093 Y-30.982 E2.17387
G1 X8.766 Y-30.906 E2.18583
G1 X8.43 Y-30.929 E2.19783
G1 X8.115 Y-31.05 E2.20985
G1 X7.84 Y-31.268 E2.22235
G1 X7.661 Y-31.534 E2.23377
G1 X7.559 Y-31.861 E2.24597
G1 X7.56 Y-32.199 E2.25801
G1 X7.817 Y-32.763 E2.28009
G1 X8.112 Y-33.006 E2.29371
G1 X8.43 Y-33.129 E2.30586
G1 X8.765 Y-33.153 E2.31782
G1 E.31782 F2400
G92 E0
G1 X8.765 Y-33.153 F7800
G1 X13.411 Y-32.07
G1 E2 F2400
G1 F3600
G1 X13.354 Y-32.391 E2.01161
G1 X13.495 Y-32.862 E2.02912
G1 X13.667 Y-33.059 E2.03844
G1 X14.123 Y-33.258 E2.05616
G1 X14.123 Y-33.608 E2.06863
G1 X14.432 Y-33.603 E2.07964
G1 X14.852 Y-33.451 E2.09555
G1 X15.29 Y-33.044 E2.11685
G1 X15.436 Y-32.724 E2.12938
G1 X15.438 Y-32.029 E2.15414
G1 X15.065 Y-31.442 E2.17892
G1 X14.439 Y-31.145 E2.2036
G1 X13.742 Y-31.23 E2.22861
G1 X13.443 Y-31.415 E2.24114
G1 X13.208 Y-31.681 E2.25378
G1 X13.056 Y-32.003 E2.26646
G1 X13 Y-32.394 E2.28053
G1 X13.055 Y-32.747 E2.29326
G1 X13.44 Y-33.332 E2.31821
G1 X14.08 Y-33.609 E2.34305
G1 E.34305 F2400
G92 E0
G1 X14.08 Y-33.609 F7800
G1 X19.322 Y-31.761
G1 E2 F2400
G1 F3600
G1 X19.262 Y-32.188 E2.01536
G1 X19.332 Y-32.415 E2.02382
G1 X19.631 Y-32.738 E2.0395
G1 X20.089 Y-32.842 E2.05623
G1 X20.159 Y-33.185 E2.0687
G1 X20.733 Y-32.95 E2.0908
G1 X21.106 Y-32.401 E2.11444
G1 X21.164 Y-32.04 E2.12747
G1 X21.105 Y-31.716 E2.1392
G1 X20.94 Y-31.399 E2.15193
G1 X20.445 Y-31.025 E2.17403
G1 X20.117 Y-30.948 E2.18603
G1 X19.781 Y-30.971 E2.19803
G1 X19.469 Y-31.092 E2.20995
G1 X19.012 Y-31.576 E2.23366
G1 X18.911 Y-31.903 E2.24585
G1 X18.912 Y-32.241 E2.25789
G1 X19.168 Y-32.804 E2.27992
G1 X19.464 Y-33.049 E2.29361
G1 X19.782 Y-33.172 E2.30576
G1 X20.117 Y-33.195 E2.31772
G1 E.31772 F2400
G92 E0
G1 X24.075 Y-30.838 F7800
G1 E2 F2400
G1 F3600
G1 X24.001 Y-31.14 E2.01108
G1 X24.141 Y-31.643 E2.02968
G1 X24.314 Y-31.84 E2.03902
G1 X24.783 Y-32.05 E2.05733
G1 X24.779 Y-32.4 E2.0698
G1 X25.077 Y-32.398 E2.08042
G1 X25.434 Y-32.293 E2.09368
G1 X25.956 Y-31.818 E2.11882
G1 X26.096 Y-31.49 E2.13152
G1 X26.138 Y-31.137 E2.14418
G1 X26.079 Y-30.786 E2.15686
G1 X25.925 Y-30.469 E2.16941
G1 X25.687 Y-30.207 E2.18202
G1 X25.053 Y-29.932 E2.20664
G1 X24.366 Y-30.041 E2.23142
G1 X23.85 Y-30.492 E2.25583
G1 X23.648 Y-31.131 E2.2797
G1 X23.691 Y-31.497 E2.29283
G1 X23.844 Y-31.834 E2.30601
G1 X24.084 Y-32.109 E2.31901
G1 X24.39 Y-32.302 E2.3319
G1 X24.736 Y-32.4 E2.34471
G1 E.34471 F2400
G92 E0
G1 X24.736 Y-32.4 F7800
G1 X23.855 Y-26.018
G1 E2 F2400
G1 F3600
G1 X23.738 Y-26.464 E2.01643
G1 X23.919 Y-26.921 E2.03394
G1 X24.243 Y-27.146 E2.04799
G1 X24.522 Y-27.19 E2.05805
G1 X24.556 Y-27.538 E2.07051
G1 X24.878 Y-27.487 E2.08212
G1 X25.532 Y-27.194 E2.10765
G1 X25.836 Y-26.981 E2.12087
G1 X26.067 Y-26.693 E2.13402
G1 X26.209 Y-26.353 E2.14715
G1 X26.252 Y-25.987 E2.16028
G1 X26.19 Y-25.249 E2.18666
G1 X25.827 Y-24.699 E2.21014
G1 X25.353 Y-24.513 E2.22828
G1 X24.713 Y-24.658 E2.25166
G1 X24.222 Y-24.912 E2.27135
G1 X23.942 Y-25.154 E2.28453
G1 X23.439 Y-26.054 E2.32126
G1 X23.384 Y-26.494 E2.33706
G1 X23.489 Y-26.894 E2.35179
G1 X23.649 Y-27.148 E2.36248
G1 X24.135 Y-27.483 E2.38351
G1 X24.513 Y-27.543 E2.39714
G1 E.39714 F2400
G92 E0
G1 X24.513 Y-27.543 F7800
G1 X21.254 Y-24.294
G1 E2 F2400
G1 F3600
G1 X21.117 Y-24.654 E2.01372
G1 X21.162 Y-24.961 E2.02477
G1 X21.441 Y-25.303 E2.04049
G1 X21.859 Y-25.416 E2.05592
G1 X21.909 Y-25.763 E2.06841
G1 X22.464 Y-25.553 E2.08955
G1 X22.688 Y-25.32 E2.10106
G1 X22.855 Y-24.88 E2.11783
G1 X22.831 Y-24.392 E2.13524
G1 X22.462 Y-23.869 E2.15804
G1 X21.864 Y-23.654 E2.18068
G1 X21.249 Y-23.823 E2.2034
G1 X21.004 Y-24.04 E2.21506
G1 X20.767 Y-24.627 E2.23761
G1 X20.84 Y-25.105 E2.25484
G1 X21.249 Y-25.601 E2.27774
G1 X21.867 Y-25.769 E2.30055
G1 E.30055 F2400
G92 E0
G1 X21.867 Y-25.769 F7800
G1 X18.466 Y-27.848
G1 E2 F2400
G1 F3600
G1 X18.5 Y-28.267 E2.01498
G1 X18.738 Y-28.635 E2.03059
G1 X19.178 Y-28.855 E2.04811
G1 X19.48 Y-28.86 E2.05887
G1 X19.564 Y-29.2 E2.07135
G1 X19.836 Y-29.128 E2.08137
G1 X20.14 Y-28.941 E2.09408
G1 X20.385 Y-28.664 E2.10725
G1 X20.536 Y-28.336 E2.12011
G1 X20.534 Y-27.62 E2.14562
G1 X20.374 Y-27.281 E2.15897
G1 X20.147 Y-27.025 E2.17116
G1 X19.857 Y-26.847 E2.18328
G1 X19.477 Y-26.743 E2.19731
G1 X19.115 Y-26.759 E2.21022
G1 X18.568 Y-27.013 E2.2317
G1 X18.262 Y-27.372 E2.2485
G1 X18.104 Y-27.906 E2.26834
G1 X18.132 Y-28.258 E2.28092
G1 X18.258 Y-28.585 E2.2934
G1 X18.484 Y-28.879 E2.30661
G1 X18.771 Y-29.085 E2.3192
G1 X19.117 Y-29.204 E2.33223
G1 X19.523 Y-29.211 E2.3467
G1 E.3467 F2400
G92 E0
G1 X19.523 Y-29.211 F7800
G1 X16.94 Y-24.265
G1 E2 F2400
G1 F3600
G1 X16.889 Y-24.729 E2.01663
G1 X16.94 Y-24.912 E2.0234
G1 X17.263 Y-25.251 E2.04008
G1 X17.706 Y-25.354 E2.05628
G1 X17.773 Y-25.698 E2.06876
G1 X18.357 Y-25.463 E2.09119
G1 X18.603 Y-25.192 E2.10423
G1 X18.779 Y-24.583 E2.12681
G1 X18.729 Y-24.25 E2.13881
G1 X18.58 Y-23.942 E2.151
G1 X18.363 Y-23.705 E2.16245
G1 X18.06 Y-23.532 E2.17488
G1 X17.732 Y-23.458 E2.18686
G1 X17.396 Y-23.485 E2.19887
G1 X17.084 Y-23.609 E2.21083
G1 X16.818 Y-23.822 E2.22297
G1 X16.619 Y-24.118 E2.23568
G1 X16.539 Y-24.775 E2.25926
G1 X16.644 Y-25.1 E2.27143
G1 X17.085 Y-25.557 E2.29405
G1 X17.731 Y-25.707 E2.31768
G1 E.31768 F2400
G92 E0
G1 X17.731 Y-25.707 F7800
G1 X17.973 Y-20.314
G1 E2 F2400
G1 F3600
G1 X17.912 Y-20.741 E2.01537
G1 X17.983 Y-20.969 E2.02388
G1 X18.281 Y-21.291 E2.03951
G1 X18.739 Y-21.396 E2.05625
G1 X18.809 Y-21.739 E2.06872
G1 X19.384 Y-21.504 E2.09085
G1 X19.757 Y-20.953 E2.11455
G1 X19.813 Y-20.591 E2.1276
G1 X19.607 Y-19.971 E2.15087
G1 X19.095 Y-19.578 E2.17386
G1 X18.767 Y-19.502 E2.18585
G1 X18.432 Y-19.525 E2.19781
G1 X18.12 Y-19.646 E2.20973
G1 X17.789 Y-19.923 E2.22511
G1 X17.663 Y-20.13 E2.23374
G1 X17.562 Y-20.457 E2.24593
G1 X17.563 Y-20.795 E2.25797
G1 X17.818 Y-21.357 E2.27996
G1 X18.114 Y-21.602 E2.29365
G1 X18.432 Y-21.725 E2.3058
G1 X18.767 Y-21.749 E2.31776
G1 E.31776 F2400
G92 E0
G1 X18.767 Y-21.749 F7800
G1 X23.648 Y-20.705
G1 E2 F2400
G1 F3600
G1 X23.655 Y-21.023 E2.01133
G1 X23.921 Y-21.494 E2.0306
G1 X24.361 Y-21.713 E2.04811
G1 X24.663 Y-21.719 E2.05887
G1 X24.747 Y-22.058 E2.07131
G1 X25.019 Y-21.986 E2.08133
G1 X25.324 Y-21.799 E2.09407
G1 X25.567 Y-21.523 E2.10717
G1 X25.718 Y-21.194 E2.12007
G1 X25.717 Y-20.479 E2.14554
G1 X25.558 Y-20.141 E2.15885
G1 X25.041 Y-19.706 E2.18292
G1 X24.66 Y-19.602 E2.19699
G1 X24.298 Y-19.617 E2.2099
G1 X23.953 Y-19.736 E2.2229
G1 X23.667 Y-19.941 E2.23544
G1 X23.445 Y-20.229 E2.24839
G1 X23.286 Y-20.906 E2.27316
G1 X23.444 Y-21.448 E2.29327
G1 X23.667 Y-21.738 E2.3063
G1 X23.955 Y-21.944 E2.31891
G1 X24.3 Y-22.062 E2.3319
G1 X24.706 Y-22.069 E2.34637
G1 E.34637 F2400
G92 E0
G1 X24.706 Y-22.069 F7800
G1 X12.345 Y-20.341
G1 E2 F2400
G1 F3600
G1 X12.285 Y-20.768 E2.01536
G1 X12.356 Y-20.996 E2.02387
G1 X12.655 Y-21.318 E2.03952
G1 X13.113 Y-21.423 E2.05626
G1 X13.183 Y-21.766 E2.06873
G1 X13.757 Y-21.531 E2.09083
G1 X14.13 Y-20.982 E2.11447
G1 X14.188 Y-20.621 E2.1275
G1 X13.972 Y-19.988 E2.15133
G1 X13.468 Y-19.605 E2.17388
G1 X13.141 Y-19.528 E2.18585
G1 X12.805 Y-19.552 E2.19785
G1 X12.49 Y-19.673 E2.20987
G1 X12.215 Y-19.891 E2.22237
G1 X12.036 Y-20.157 E2.23379
G1 X11.935 Y-20.484 E2.24598
G1 X11.935 Y-20.821 E2.25799
G1 X12.192 Y-21.385 E2.28007
G1 X12.487 Y-21.629 E2.29371
G1 X12.806 Y-21.752 E2.30589
G1 X13.141 Y-21.775 E2.31785
G1 E.31785 F2400
G92 E0
G1 X13.141 Y-21.775 F7800
G1 X11.181 Y-24.302
G1 E2 F2400
G1 F3600
G1 X11.127 Y-24.731 E2.0154
G1 X11.197 Y-24.958 E2.02386
G1 X11.497 Y-25.282 E2.03959
G1 X11.953 Y-25.386 E2.05625
G1 X12.023 Y-25.729 E2.06872
G1 X12.6 Y-25.493 E2.09093
G1 X12.839 Y-25.242 E2.10328
G1 X12.976 Y-24.945 E2.11493
G1 X12.981 Y-24.3 E2.13791
G1 X12.826 Y-23.983 E2.15048
G1 X12.308 Y-23.568 E2.17413
G1 X11.646 Y-23.515 E2.19779
G1 X11.332 Y-23.637 E2.20979
G1 X11.026 Y-23.879 E2.22369
G1 X10.875 Y-24.125 E2.23397
G1 X10.777 Y-24.443 E2.24582
G1 X10.777 Y-24.783 E2.25793
G1 X11.031 Y-25.346 E2.27993
G1 X11.328 Y-25.592 E2.29367
G1 X11.646 Y-25.715 E2.30582
G1 X11.981 Y-25.739 E2.31778
G1 E.31778 F2400
G92 E0
G1 X11.981 Y-25.739 F7800
G1 X12.741 Y-27.826
G1 E2 F2400
G1 F3600
G1 X12.681 Y-28.247 E2.01515
G1 X12.755 Y-28.485 E2.02403
G1 X13.063 Y-28.807 E2.0399
G1 X13.51 Y-28.906 E2.05621
G1 X13.58 Y-29.249 E2.06868
G1 X14.155 Y-29.014 E2.09081
G1 X14.537 Y-28.466 E2.11461
G1 X14.535 Y-27.82 E2.13762
G1 X14.382 Y-27.505 E2.1501
G1 X13.866 Y-27.089 E2.17371
G1 X13.538 Y-27.012 E2.18571
G1 X13.203 Y-27.036 E2.19767
G1 X12.889 Y-27.157 E2.20966
G1 X12.587 Y-27.402 E2.22351
G1 X12.432 Y-27.643 E2.23372
G1 X12.332 Y-28.303 E2.2575
G1 X12.586 Y-28.877 E2.27986
G1 X12.888 Y-29.114 E2.29354
G1 X13.203 Y-29.236 E2.30557
G1 X13.538 Y-29.259 E2.31753
G1 E.31753 F2400
G92 E0
G1 X13.538 Y-29.259 F7800
G1 X2.36 Y-31.763
G1 E2 F2400
G1 F3600
G1 X2.3 Y-32.188 E2.01529
G1 X2.371 Y-32.416 E2.0238
G1 X2.672 Y-32.74 E2.03955
G1 X3.129 Y-32.843 E2.05624
G1 X3.199 Y-33.186 E2.06871
G1 X3.774 Y-32.95 E2.09085
G1 X4.145 Y-32.403 E2.1144
G1 X4.145 Y-31.743 E2.13791
G1 X4.001 Y-31.441 E2.14983
G1 X3.485 Y-31.026 E2.17342
G1 X3.158 Y-30.949 E2.18539
G1 X2.822 Y-30.972 E2.19739
G1 X2.507 Y-31.093 E2.20941
G1 X2.233 Y-31.309 E2.22184
G1 X2.052 Y-31.576 E2.23333
G1 X1.95 Y-31.903 E2.24553
G1 X1.95 Y-32.242 E2.25761
G1 X2.21 Y-32.809 E2.27983
G1 X2.504 Y-33.05 E2.29337
G1 X2.822 Y-33.172 E2.3055
G1 X3.158 Y-33.195 E2.3175
G1 E.3175 F2400
G92 E0
G1 X3.158 Y-33.195 F7800
G1 X1.459 Y-27.908
G1 E2 F2400
G1 F3600
G1 X1.399 Y-28.335 E2.01536
G1 X1.47 Y-28.562 E2.02383
G1 X1.768 Y-28.885 E2.03949
G1 X2.226 Y-28.989 E2.05622
G1 X2.296 Y-29.332 E2.06869
G1 X2.871 Y-29.098 E2.09081
G1 X3.244 Y-28.548 E2.11448
G1 X3.301 Y-28.186 E2.12753
G1 X3.095 Y-27.565 E2.15084
G1 X2.582 Y-27.172 E2.17386
G1 X2.254 Y-27.095 E2.18586
G1 X1.919 Y-27.119 E2.19782
G1 X1.607 Y-27.239 E2.20973
G1 X1.15 Y-27.723 E2.23344
G1 X1.049 Y-28.051 E2.24567
G1 X1.049 Y-28.388 E2.25768
G1 X1.305 Y-28.951 E2.27971
G1 X1.601 Y-29.196 E2.2934
G1 X1.919 Y-29.319 E2.30555
G1 X2.254 Y-29.342 E2.31751
G1 E.31751 F2400
G92 E0
G1 X2.254 Y-29.342 F7800
G1 X-.185 Y-24.245
G1 E2 F2400
G1 F3600
G1 X-.245 Y-24.672 E2.01536
G1 X-.174 Y-24.9 E2.02387
G1 X.123 Y-25.222 E2.03948
G1 X.582 Y-25.327 E2.05625
G1 X.652 Y-25.67 E2.06872
G1 X1.226 Y-25.435 E2.09082
G1 X1.454 Y-25.189 E2.10277
G1 X1.616 Y-24.859 E2.11587
G1 X1.6 Y-24.212 E2.13893
G1 X1.445 Y-23.898 E2.1514
G1 X.937 Y-23.509 E2.17419
G1 X.61 Y-23.432 E2.18616
G1 X.274 Y-23.456 E2.19816
G1 X-.038 Y-23.577 E2.21008
G1 X-.368 Y-23.853 E2.22541
G1 X-.494 Y-24.061 E2.23407
G1 X-.595 Y-24.388 E2.24626
G1 X-.595 Y-24.725 E2.25827
G1 X-.34 Y-25.287 E2.28026
G1 X-.043 Y-25.533 E2.294
G1 X.275 Y-25.656 E2.30615
G1 X.61 Y-25.679 E2.31811
G1 E.31811 F2400
G92 E0
G1 X.61 Y-25.679 F7800
G1 X-4.161 Y-27.942
G1 E2 F2400
G1 F3600
G1 X-4.221 Y-28.369 E2.01536
G1 X-4.15 Y-28.596 E2.02383
G1 X-3.852 Y-28.919 E2.03949
G1 X-3.394 Y-29.023 E2.05622
G1 X-3.324 Y-29.366 E2.06869
G1 X-2.749 Y-29.132 E2.09081
G1 X-2.377 Y-28.583 E2.11443
G1 X-2.319 Y-28.222 E2.12746
G1 X-2.527 Y-27.596 E2.15096
G1 X-3.038 Y-27.206 E2.17386
G1 X-3.366 Y-27.129 E2.18586
G1 X-3.702 Y-27.153 E2.19786
G1 X-4.016 Y-27.274 E2.20985
G1 X-4.291 Y-27.491 E2.22233
G1 X-4.47 Y-27.757 E2.23375
G1 X-4.572 Y-28.085 E2.24599
G1 X-4.571 Y-28.422 E2.258
G1 X-4.315 Y-28.986 E2.28006
G1 X-4.019 Y-29.23 E2.29373
G1 X-3.701 Y-29.353 E2.30588
G1 X-3.366 Y-29.376 E2.31784
G1 E.31784 F2400
G92 E0
G1 X-3.366 Y-29.376 F7800
G1 X-3.537 Y-32.087
G1 E2 F2400
G1 F3600
G1 X-3.595 Y-32.408 E2.01162
G1 X-3.454 Y-32.879 E2.02913
G1 X-3.282 Y-33.076 E2.03845
G1 X-2.826 Y-33.275 E2.05617
G1 X-2.826 Y-33.625 E2.06864
G1 X-2.517 Y-33.621 E2.07965
G1 X-2.097 Y-33.468 E2.09557
G1 X-1.658 Y-33.061 E2.1169
G1 X-1.513 Y-32.741 E2.12942
G1 X-1.511 Y-32.046 E2.15418
G1 X-1.884 Y-31.459 E2.17896
G1 X-2.509 Y-31.162 E2.20361
G1 X-3.206 Y-31.247 E2.22862
G1 X-3.506 Y-31.432 E2.24118
G1 X-3.741 Y-31.698 E2.25382
G1 X-3.893 Y-32.02 E2.2665
G1 X-3.949 Y-32.411 E2.28057
G1 X-3.893 Y-32.764 E2.2933
G1 X-3.508 Y-33.349 E2.31825
G1 X-2.869 Y-33.626 E2.34306
G1 E.34306 F2400
G92 E0
G1 X-2.869 Y-33.626 F7800
G1 X-9.264 Y-32.012
G1 E2 F2400
G1 F3600
G1 X-9.322 Y-32.333 E2.01162
G1 X-9.181 Y-32.805 E2.02917
G1 X-9.009 Y-33.001 E2.03846
G1 X-8.553 Y-33.2 E2.05618
G1 X-8.553 Y-33.55 E2.06865
G1 X-8.244 Y-33.546 E2.07966
G1 X-7.824 Y-33.393 E2.09558
G1 X-7.385 Y-32.986 E2.11691
G1 X-7.239 Y-32.667 E2.12941
G1 X-7.238 Y-31.972 E2.15417
G1 X-7.611 Y-31.384 E2.17898
G1 X-8.236 Y-31.087 E2.20363
G1 X-8.933 Y-31.173 E2.22865
G1 X-9.233 Y-31.357 E2.24119
G1 X-9.468 Y-31.623 E2.25383
G1 X-9.62 Y-31.945 E2.26651
G1 X-9.676 Y-32.336 E2.28058
G1 X-9.62 Y-32.689 E2.29331
G1 X-9.235 Y-33.274 E2.31826
G1 X-8.596 Y-33.551 E2.34307
G1 E.34307 F2400
G92 E0
G1 X-8.596 Y-33.551 F7800
G1 X-13.139 Y-31.933
G1 E2 F2400
G1 F3600
G1 X-13.276 Y-32.293 E2.01372
G1 X-13.232 Y-32.6 E2.02477
G1 X-12.953 Y-32.942 E2.04049
G1 X-12.534 Y-33.055 E2.05595
G1 X-12.484 Y-33.401 E2.0684
G1 X-11.929 Y-33.191 E2.08954
G1 X-11.706 Y-32.959 E2.101
G1 X-11.538 Y-32.518 E2.11781
G1 X-11.562 Y-32.031 E2.13518
G1 X-11.931 Y-31.507 E2.15801
G1 X-12.53 Y-31.292 E2.18068
G1 X-13.145 Y-31.461 E2.2034
G1 X-13.39 Y-31.679 E2.21508
G1 X-13.626 Y-32.265 E2.23759
G1 X-13.554 Y-32.743 E2.25481
G1 X-13.145 Y-33.239 E2.27771
G1 X-12.527 Y-33.408 E2.30053
G1 E.30053 F2400
G92 E0
G1 X-12.527 Y-33.408 F7800
G1 X-17.599 Y-32
G1 E2 F2400
G1 F3600
G1 X-17.666 Y-32.371 E2.01343
G1 X-17.594 Y-32.648 E2.02363
G1 X-17.292 Y-32.977 E2.03954
G1 X-16.835 Y-33.082 E2.05624
G1 X-16.765 Y-33.425 E2.06871
G1 X-16.188 Y-33.19 E2.0909
G1 X-15.948 Y-32.937 E2.10332
G1 X-15.766 Y-32.32 E2.12624
G1 X-15.935 Y-31.703 E2.14903
G1 X-16.189 Y-31.432 E2.16226
G1 X-16.807 Y-31.188 E2.18593
G1 X-17.142 Y-31.212 E2.19789
G1 X-17.456 Y-31.333 E2.20988
G1 X-17.764 Y-31.579 E2.22392
G1 X-17.909 Y-31.816 E2.23382
G1 X-18.017 Y-32.395 E2.2548
G1 X-17.911 Y-32.801 E2.26975
G1 X-17.758 Y-33.039 E2.27983
G1 X-17.46 Y-33.287 E2.29364
G1 X-17.143 Y-33.411 E2.30577
G1 X-16.807 Y-33.435 E2.31777
G1 E.31777 F2400
G92 E0
G1 X-16.807 Y-33.435 F7800
G1 X-21.26 Y-32.779
G1 E2 F2400
G1 F3600
G1 X-21.129 Y-33.038 E2.01034
G1 X-20.772 Y-33.411 E2.02873
G1 X-20.199 Y-33.492 E2.04935
G1 X-20.184 Y-33.842 E2.06183
G1 X-19.754 Y-33.722 E2.07773
G1 X-19.432 Y-33.517 E2.09133
G1 X-19.188 Y-33.24 E2.10448
G1 X-19.032 Y-32.896 E2.11794
G1 X-18.984 Y-32.56 E2.13003
G1 X-19.037 Y-32.206 E2.14278
G1 X-19.192 Y-31.875 E2.1558
G1 X-19.725 Y-31.398 E2.18128
G1 X-19.759 Y-31.129 E2.19094
G1 X-19.543 Y-30.724 E2.20729
G1 X-18.173 Y-29.779 E2.26658
G1 X-17.895 Y-29.26 E2.28755
G1 X-17.853 Y-28.992 E2.29721
G1 X-17.909 Y-28.75 E2.30606
G1 X-18.259 Y-28.314 E2.32598
G1 X-18.754 Y-28.021 E2.34647
G1 X-19.066 Y-27.963 E2.35778
G1 X-19.162 Y-27.447 E2.37648
G1 X-18.982 Y-26.815 E2.39989
G1 X-19.035 Y-26.46 E2.41268
G1 X-19.189 Y-26.128 E2.42572
G1 X-19.434 Y-25.844 E2.43908
G1 X-19.93 Y-25.511 E2.46036
G1 X-19.027 Y-24.657 E2.50464
G1 X-18.831 Y-24.251 E2.5207
G1 X-18.788 Y-23.871 E2.53432
G1 X-18.862 Y-23.493 E2.54804
G1 X-19.047 Y-23.145 E2.56208
G1 X-19.369 Y-22.815 E2.57851
G1 X-19.312 Y-22.333 E2.5958
G1 X-19.015 Y-21.986 E2.61207
G1 X-18.823 Y-21.542 E2.6293
G1 X-18.768 Y-21.026 E2.64779
G1 X-18.861 Y-20.647 E2.66169
G1 X-19.063 Y-20.298 E2.67606
G1 X-19.353 Y-20.003 E2.6908
G1 X-19.71 Y-19.791 E2.70559
G1 X-20.148 Y-19.666 E2.72182
G1 X-20.649 Y-19.671 E2.73967
G1 X-20.887 Y-19.787 E2.7491
G1 X-21.402 Y-20.243 E2.7736
G1 X-21.609 Y-20.66 E2.79018
G1 X-21.583 Y-21.289 E2.81261
G1 X-21.396 Y-21.644 E2.8269
G1 X-20.899 Y-22.133 E2.85174
G1 X-20.887 Y-22.332 E2.85884
G1 X-21.009 Y-22.739 E2.87398
G1 X-21.399 Y-23.133 E2.89373
G1 X-21.577 Y-23.475 E2.90746
G1 X-21.597 Y-24.104 E2.92988
G1 X-21.396 Y-24.528 E2.9466
G1 X-20.856 Y-25.05 E2.97336
G1 X-21.001 Y-25.622 E2.99438
G1 X-21.535 Y-26.088 E3.01963
G1 X-21.688 Y-26.413 E3.03243
G1 X-21.743 Y-26.771 E3.04533
G1 X-21.695 Y-27.115 E3.0577
G1 X-21.543 Y-27.455 E3.07097
G1 X-21.288 Y-27.758 E3.08508
G1 X-20.94 Y-27.988 E3.09994
G1 X-21.007 Y-28.504 E3.11848
G1 X-21.489 Y-29.042 E3.14421
G1 X-21.634 Y-29.598 E3.16468
G1 X-21.495 Y-30.133 E3.18437
G1 X-20.869 Y-30.802 E3.21701
G1 X-20.84 Y-31.065 E3.22644
G1 X-21.026 Y-31.46 E3.24199
G1 X-21.419 Y-31.816 E3.26088
G1 X-21.603 Y-32.14 E3.27415
G1 X-21.639 Y-32.76 E3.29627
G1 X-21.416 Y-33.24 E3.31512
G1 X-20.974 Y-33.7 E3.33785
G1 X-20.597 Y-33.835 E3.35212
G1 X-20.226 Y-33.844 E3.36534
G1 E1.36534 F2400
G92 E0
G1 X-20.226 Y-33.844 F7800
G1 X-12.938 Y-27.841
G1 E2 F2400
G1 F3600
G1 X-12.996 Y-28.163 E2.01166
G1 X-12.855 Y-28.634 E2.02917
G1 X-12.683 Y-28.83 E2.03846
G1 X-12.227 Y-29.029 E2.05618
G1 X-12.227 Y-29.379 E2.06865
G1 X-11.918 Y-29.375 E2.07966
G1 X-11.497 Y-29.222 E2.09562
G1 X-11.059 Y-28.815 E2.11692
G1 X-10.914 Y-28.496 E2.1294
G1 X-10.912 Y-27.801 E2.15416
G1 X-11.285 Y-27.213 E2.17897
G1 X-11.91 Y-26.916 E2.20362
G1 X-12.607 Y-27.002 E2.22864
G1 X-12.907 Y-27.186 E2.24118
G1 X-13.142 Y-27.452 E2.25382
G1 X-13.294 Y-27.774 E2.2665
G1 X-13.35 Y-28.165 E2.28057
G1 X-13.294 Y-28.518 E2.2933
G1 X-12.909 Y-29.103 E2.31825
G1 X-12.27 Y-29.38 E2.34306
G1 E.34306 F2400
G92 E0
G1 X-12.27 Y-29.38 F7800
G1 X-8.194 Y-27.701
G1 E2 F2400
G1 F3600
G1 X-8.331 Y-28.061 E2.01372
G1 X-8.286 Y-28.368 E2.02477
G1 X-8.007 Y-28.71 E2.04049
G1 X-7.589 Y-28.823 E2.05592
G1 X-7.539 Y-29.17 E2.06841
G1 X-6.984 Y-28.96 E2.08955
G1 X-6.76 Y-28.727 E2.10106
G1 X-6.593 Y-28.287 E2.11783
G1 X-6.617 Y-27.799 E2.13524
G1 X-6.986 Y-27.276 E2.15804
G1 X-7.584 Y-27.061 E2.18068
G1 X-8.199 Y-27.229 E2.20339
G1 X-8.444 Y-27.447 E2.21507
G1 X-8.681 Y-28.034 E2.23762
G1 X-8.608 Y-28.512 E2.25485
G1 X-8.199 Y-29.008 E2.27775
G1 X-7.581 Y-29.176 E2.30056
G1 E.30056 F2400
G92 E0
G1 X-7.581 Y-29.176 F7800
G1 X-5.782 Y-24.317
G1 E2 F2400
G1 F3600
G1 X-5.848 Y-24.73 E2.0149
G1 X-5.772 Y-24.964 E2.02366
G1 X-5.461 Y-25.302 E2.04002
G1 X-5.017 Y-25.406 E2.05627
G1 X-4.951 Y-25.75 E2.06875
G1 X-4.359 Y-25.512 E2.09148
G1 X-4.131 Y-25.259 E2.10361
G1 X-3.943 Y-24.634 E2.12686
G1 X-4.117 Y-24.027 E2.14935
G1 X-4.369 Y-23.752 E2.16264
G1 X-4.664 Y-23.584 E2.17473
G1 X-4.993 Y-23.51 E2.18674
G1 X-5.639 Y-23.661 E2.21037
G1 X-6.093 Y-24.148 E2.23409
G1 X-6.199 Y-24.783 E2.25702
G1 X-5.901 Y-25.398 E2.28137
G1 X-5.328 Y-25.732 E2.305
G1 X-4.993 Y-25.759 E2.31697
G1 E.31697 F2400
G92 E0
G1 X-4.993 Y-25.759 F7800
G1 X-4.62 Y-20.341
G1 E2 F2400
G1 F3600
G1 X-4.68 Y-20.767 E2.01533
G1 X-4.61 Y-20.995 E2.02383
G1 X-4.311 Y-21.318 E2.03951
G1 X-3.853 Y-21.422 E2.05624
G1 X-3.783 Y-21.765 E2.06871
G1 X-3.208 Y-21.53 E2.09084
G1 X-2.836 Y-20.981 E2.11446
G1 X-2.778 Y-20.62 E2.12749
G1 X-2.98 Y-20.002 E2.15065
G1 X-3.497 Y-19.604 E2.17389
G1 X-3.825 Y-19.528 E2.18588
G1 X-4.161 Y-19.551 E2.19788
G1 X-4.475 Y-19.672 E2.20987
G1 X-4.75 Y-19.89 E2.22237
G1 X-4.929 Y-20.156 E2.23379
G1 X-5.031 Y-20.483 E2.24599
G1 X-5.03 Y-20.821 E2.25803
G1 X-4.774 Y-21.384 E2.28006
G1 X-4.478 Y-21.628 E2.29373
G1 X-4.16 Y-21.751 E2.30588
G1 X-3.825 Y-21.774 E2.31784
G1 E.31784 F2400
G92 E0
G1 X-3.825 Y-21.774 F7800
G1 X.995 Y-20.301
G1 E2 F2400
G1 F3600
G1 X.935 Y-20.727 E2.01533
G1 X1.006 Y-20.955 E2.02384
G1 X1.304 Y-21.278 E2.0395
G1 X1.762 Y-21.382 E2.05623
G1 X1.832 Y-21.725 E2.0687
G1 X2.407 Y-21.49 E2.09083
G1 X2.779 Y-20.941 E2.11445
G1 X2.837 Y-20.58 E2.12748
G1 X2.624 Y-19.949 E2.1512
G1 X2.118 Y-19.564 E2.17385
G1 X1.79 Y-19.488 E2.18584
G1 X1.454 Y-19.511 E2.19784
G1 X1.14 Y-19.633 E2.20984
G1 X.865 Y-19.85 E2.22232
G1 X.686 Y-20.116 E2.23374
G1 X.584 Y-20.443 E2.24594
G1 X.585 Y-20.781 E2.25798
G1 X.841 Y-21.344 E2.28001
G1 X1.137 Y-21.588 E2.29368
G1 X1.455 Y-21.711 E2.30583
G1 X1.79 Y-21.735 E2.31779
G1 E.31779 F2400
G92 E0
G1 X1.79 Y-21.735 F7800
G1 X-10.508 Y-20.238
G1 E2 F2400
G1 F3600
G1 X-10.565 Y-20.56 E2.01165
G1 X-10.425 Y-21.031 E2.02915
G1 X-10.253 Y-21.227 E2.03844
G1 X-9.796 Y-21.426 E2.0562
G1 X-9.797 Y-21.776 E2.06867
G1 X-9.488 Y-21.772 E2.07968
G1 X-9.067 Y-21.619 E2.09564
G1 X-8.629 Y-21.212 E2.11694
G1 X-8.483 Y-20.893 E2.12944
G1 X-8.482 Y-20.198 E2.1542
G1 X-8.854 Y-19.61 E2.17899
G1 X-9.48 Y-19.313 E2.20367
G1 X-10.177 Y-19.399 E2.22869
G1 X-10.476 Y-19.583 E2.2412
G1 X-10.712 Y-19.849 E2.25387
G1 X-10.863 Y-20.171 E2.26654
G1 X-10.919 Y-20.562 E2.28061
G1 X-10.864 Y-20.915 E2.29334
G1 X-10.479 Y-21.5 E2.31829
G1 X-9.84 Y-21.777 E2.3431
G1 E.3431 F2400
G92 E0
G1 X-9.84 Y-21.777 F7800
G1 X-11.527 Y-24.54
G1 E2 F2400
G1 F3600
G1 X-11.587 Y-24.961 E2.01515
G1 X-11.513 Y-25.199 E2.02403
G1 X-11.204 Y-25.521 E2.03993
G1 X-10.758 Y-25.621 E2.05621
G1 X-10.688 Y-25.964 E2.06868
G1 X-10.113 Y-25.728 E2.09082
G1 X-9.731 Y-25.181 E2.11459
G1 X-9.732 Y-24.534 E2.13764
G1 X-9.885 Y-24.219 E2.15012
G1 X-10.402 Y-23.803 E2.17376
G1 X-10.729 Y-23.727 E2.18572
G1 X-11.065 Y-23.75 E2.19772
G1 X-11.378 Y-23.871 E2.20967
G1 X-11.68 Y-24.116 E2.22352
G1 X-11.835 Y-24.358 E2.23376
G1 X-11.936 Y-25.018 E2.25755
G1 X-11.681 Y-25.592 E2.27993
G1 X-11.379 Y-25.829 E2.29361
G1 X-11.065 Y-25.95 E2.3056
G1 X-10.729 Y-25.974 E2.3176
G1 E.3176 F2400
G92 E0
G1 X-10.729 Y-25.974 F7800
G1 X-17.427 Y-24.027
G1 E2 F2400
G1 F3600
G1 X-17.479 Y-24.336 E2.01116
G1 X-17.339 Y-24.803 E2.02853
G1 X-17.17 Y-24.993 E2.03759
G1 X-16.714 Y-25.197 E2.05539
G1 X-16.716 Y-25.547 E2.06786
G1 X-16.407 Y-25.544 E2.07887
G1 X-15.971 Y-25.385 E2.0954
G1 X-15.546 Y-24.991 E2.11605
G1 X-15.346 Y-24.325 E2.14082
G1 X-15.393 Y-23.977 E2.15333
G1 X-15.763 Y-23.386 E2.17817
G1 X-16.345 Y-23.097 E2.20132
G1 X-16.749 Y-23.077 E2.21573
G1 X-17.087 Y-23.169 E2.22821
G1 X-17.388 Y-23.358 E2.24087
G1 X-17.625 Y-23.625 E2.25359
G1 X-17.778 Y-23.949 E2.26635
G1 X-17.833 Y-24.338 E2.28035
G1 X-17.779 Y-24.689 E2.293
G1 X-17.635 Y-24.997 E2.30511
G1 X-17.395 Y-25.267 E2.31798
G1 X-16.758 Y-25.547 E2.34277
G1 E.34277 F2400
G92 E0
G1 X-16.758 Y-25.547 F7800
G1 X-15.969 Y-20.302
G1 E2 F2400
G1 F3600
G1 X-16.03 Y-20.728 E2.01533
G1 X-15.959 Y-20.956 E2.02384
G1 X-15.66 Y-21.279 E2.03952
G1 X-15.202 Y-21.383 E2.05625
G1 X-15.132 Y-21.726 E2.06872
G1 X-14.558 Y-21.491 E2.09082
G1 X-14.185 Y-20.942 E2.11446
G1 X-14.127 Y-20.581 E2.12749
G1 X-14.344 Y-19.946 E2.1514
G1 X-14.846 Y-19.565 E2.17385
G1 X-15.174 Y-19.489 E2.18584
G1 X-15.51 Y-19.512 E2.19784
G1 X-15.824 Y-19.633 E2.20983
G1 X-16.099 Y-19.851 E2.22233
G1 X-16.279 Y-20.117 E2.23377
G1 X-16.38 Y-20.444 E2.24596
G1 X-16.379 Y-20.782 E2.258
G1 X-16.123 Y-21.345 E2.28003
G1 X-15.827 Y-21.589 E2.2937
G1 X-15.509 Y-21.712 E2.30585
G1 X-15.174 Y-21.735 E2.31781
G1 E.31781 F2400
G92 E0
G1 X-15.174 Y-21.735 F7800
G1 X-23.996 Y-40.395
G1 E2 F2400
;TYPE:Perimeter
;WIDTH:0.45
G1 F3600
G1 X-23.996 Y-39.391 E2.04829
G1 X-23.996 Y-12.387 E3.34709
G1 X-26.004 Y-12.387 E3.44367
G1 X-26.004 Y-40.395 E4.79076
G1 X-24.056 Y-40.395 E4.88445
G1 X-24.056 Y-40.395 F7800
G1 X-23.611 Y-40.78
G1 F3600
G1 X-23.611 Y-39.391 E4.95126
G1 X-23.611 Y-12.002 E6.26858
G1 X-26.389 Y-12.002 E6.40219
G1 X-26.389 Y-40.78 E7.78631
G1 X-23.671 Y-40.78 E7.91704
G1 X-23.671 Y-40.78 F7800
G1 X-23.225 Y-41.166
;TYPE:External perimeter
G1 F1800
G1 X-23.225 Y-39.391 E8.00241
G1 X-23.225 Y-11.616 E9.33829
G1 X-26.775 Y-11.616 E9.50903
G1 X-26.775 Y-41.166 E10.93028
G1 X-23.285 Y-41.166 E11.09814
G1 X-23.226 Y-40.77 F7800
G1 E9.09814 F2400
G92 E0
G1 X-25.715 Y-39.913 F7800
G1 E2 F2400
;TYPE:Solid infill
G1 F1200
G1 X-25.715 Y-12.676 E3.31001
G1 X-24.285 Y-12.676 E3.37879
G1 X-24.285 Y-40.106 E4.69808
G1 X-25.715 Y-40.106 E4.76686
G1 X-25.261 Y-39.652 E4.79774
;WIDTH:0.58612
G1 X-24.739 Y-39.652 E4.83171
G1 X-24.739 Y-13.13 E6.55761
G1 X-25.261 Y-13.13 E6.59158
G1 X-25.261 Y-39.459 E8.30492
;LAYER_CHANGE
;Z:2.45
;HEIGHT:0.3
G1 Z2.45 F7800
G1 E6.30492 F2400
G92 E0
G1 X-25.261 Y-39.459 F7800
G1 X6.608 Y-20.242
G1 E2 F2400
;TYPE:Support material
;WIDTH:0.35
G1 F3600
G1 X6.542 Y-20.428 E2.00703
G1 X6.631 Y-20.91 E2.02449
G1 X6.925 Y-21.206 E2.03935
G1 X7.384 Y-21.3 E2.05604
G1 X7.468 Y-21.64 E2.06852
G1 X8.001 Y-21.399 E2.08936
G1 X8.337 Y-21.014 E2.10756
G1 X8.469 Y-20.808 E2.11628
G1 X8.47 Y-20.363 E2.13213
G1 X8.219 Y-19.931 E2.14993
G1 X7.728 Y-19.516 E2.17283
G1 X7.421 Y-19.43 E2.18419
G1 X7.094 Y-19.444 E2.19585
G1 X6.515 Y-19.749 E2.21916
G1 X6.316 Y-20.017 E2.23105
G1 X6.201 Y-20.343 E2.24336
G1 X6.205 Y-20.757 E2.25811
G1 X6.317 Y-21.073 E2.27005
G1 X6.749 Y-21.514 E2.29204
G1 X7.09 Y-21.643 E2.30503
G1 X7.427 Y-21.652 E2.31704
G1 E.31704 F2400
G92 E0
G1 X7.427 Y-21.652 F7800
G1 X5.628 Y-24.179
G1 E2 F2400
G1 F3600
G1 X5.504 Y-24.493 E2.01203
G1 X5.558 Y-24.867 E2.02549
G1 X5.841 Y-25.184 E2.04063
G1 X6.258 Y-25.282 E2.05589
G1 X6.316 Y-25.627 E2.06835
G1 X6.855 Y-25.411 E2.08904
G1 X7.072 Y-25.179 E2.10036
G1 X7.211 Y-24.893 E2.11169
G1 X7.283 Y-24.479 E2.12666
G1 X7.23 Y-24.263 E2.13458
G1 X6.855 Y-23.75 E2.15722
G1 X6.371 Y-23.543 E2.17597
G1 X5.954 Y-23.553 E2.19083
G1 X5.413 Y-23.876 E2.21328
G1 X5.153 Y-24.449 E2.2357
G1 X5.239 Y-25.018 E2.2562
G1 X5.66 Y-25.488 E2.27868
G1 X6.274 Y-25.635 E2.30117
G1 E.30117 F2400
G92 E0
G1 X6.274 Y-25.635 F7800
G1 X7.234 Y-27.734
G1 E2 F2400
G1 F3600
G1 X7.109 Y-28.054 E2.01224
G1 X7.19 Y-28.474 E2.02748
G1 X7.448 Y-28.74 E2.04068
G1 X7.864 Y-28.837 E2.0559
G1 X7.922 Y-29.182 E2.06836
G1 X8.46 Y-28.966 E2.08901
G1 X8.677 Y-28.735 E2.1003
G1 X8.881 Y-28.103 E2.12396
G1 X8.819 Y-27.83 E2.13393
G1 X8.462 Y-27.307 E2.15649
G1 X7.882 Y-27.081 E2.17867
G1 X7.268 Y-27.226 E2.20114
G1 X6.874 Y-27.639 E2.22147
G1 X6.757 Y-28.004 E2.23512
G1 X6.766 Y-28.324 E2.24652
G1 X6.875 Y-28.635 E2.25826
G1 X7.268 Y-29.045 E2.27849
G1 X7.88 Y-29.19 E2.3009
G1 E.3009 F2400
G92 E0
G1 X8.102 Y-31.627 F7800
G1 E2 F2400
G1 F3600
G1 X7.977 Y-31.948 E2.01227
G1 X8.059 Y-32.369 E2.02755
G1 X8.316 Y-32.633 E2.04068
G1 X8.731 Y-32.731 E2.05587
G1 X8.789 Y-33.076 E2.06833
G1 X9.327 Y-32.86 E2.08898
G1 X9.544 Y-32.63 E2.10024
G1 X9.684 Y-32.344 E2.11158
G1 X9.755 Y-31.926 E2.12668
G1 X9.702 Y-31.71 E2.1346
G1 X9.332 Y-31.202 E2.15699
G1 X8.841 Y-30.99 E2.17604
G1 X8.432 Y-31 E2.19061
G1 X7.888 Y-31.321 E2.21311
G1 X7.625 Y-31.899 E2.23573
G1 X7.635 Y-32.22 E2.24717
G1 X7.745 Y-32.531 E2.25892
G1 X8.135 Y-32.938 E2.279
G1 X8.747 Y-33.083 E2.30141
G1 E.30141 F2400
G92 E0
G1 X8.747 Y-33.083 F7800
G1 X13.563 Y-32.073
G1 E2 F2400
G1 F3600
G1 X13.498 Y-32.259 E2.00702
G1 X13.586 Y-32.742 E2.02451
G1 X13.88 Y-33.038 E2.03937
G1 X14.339 Y-33.132 E2.05606
G1 X14.423 Y-33.472 E2.06854
G1 X14.956 Y-33.23 E2.08939
G1 X15.425 Y-32.64 E2.11624
G1 X15.425 Y-32.196 E2.13206
G1 X15.174 Y-31.763 E2.14989
G1 X14.683 Y-31.348 E2.17279
G1 X14.376 Y-31.262 E2.18415
G1 X14.049 Y-31.276 E2.19581
G1 X13.691 Y-31.413 E2.20947
G1 X13.271 Y-31.849 E2.23104
G1 X13.147 Y-32.241 E2.24569
G1 X13.16 Y-32.588 E2.25806
G1 X13.272 Y-32.905 E2.27004
G1 X13.704 Y-33.345 E2.29201
G1 X14.045 Y-33.474 E2.305
G1 X14.382 Y-33.483 E2.31701
G1 E.31701 F2400
G92 E0
G1 X14.382 Y-33.483 F7800
G1 X19.455 Y-31.669
G1 E2 F2400
G1 F3600
G1 X19.329 Y-31.991 E2.01232
G1 X19.412 Y-32.412 E2.02761
G1 X19.667 Y-32.675 E2.04066
G1 X20.082 Y-32.773 E2.05585
G1 X20.14 Y-33.118 E2.06831
G1 X20.678 Y-32.903 E2.08895
G1 X20.896 Y-32.673 E2.10024
G1 X21.036 Y-32.387 E2.11158
G1 X21.107 Y-31.968 E2.12672
G1 X21.054 Y-31.752 E2.13464
G1 X20.683 Y-31.244 E2.15705
G1 X20.191 Y-31.033 E2.17612
G1 X19.783 Y-31.043 E2.19066
G1 X19.24 Y-31.364 E2.21313
G1 X18.977 Y-31.942 E2.23575
G1 X18.987 Y-32.263 E2.24719
G1 X19.098 Y-32.574 E2.25895
G1 X19.487 Y-32.98 E2.27898
G1 X20.098 Y-33.126 E2.30136
G1 E.30136 F2400
G92 E0
G1 X20.098 Y-33.126 F7800
G1 X24.212 Y-30.831
G1 E2 F2400
G1 F3600
G1 X24.141 Y-31.228 E2.01437
G1 X24.352 Y-31.684 E2.03227
G1 X24.725 Y-31.9 E2.04762
G1 X24.983 Y-31.914 E2.05682
G1 X25.061 Y-32.255 E2.06928
G1 X25.344 Y-32.181 E2.0797
G1 X25.846 Y-31.755 E2.10315
G1 X25.976 Y-31.452 E2.1149
G1 X25.947 Y-30.8 E2.13815
G1 X25.691 Y-30.294 E2.15835
G1 X25.345 Y-30.025 E2.17396
G1 X24.709 Y-30.069 E2.19667
G1 X24.343 Y-30.2 E2.21052
G1 X23.907 Y-30.638 E2.23254
G1 X23.79 Y-31.268 E2.25537
G1 X23.894 Y-31.64 E2.26913
G1 X24.096 Y-31.929 E2.28169
G1 X24.368 Y-32.137 E2.29389
G1 X24.678 Y-32.25 E2.30564
G1 X25.02 Y-32.266 E2.31784
G1 E.31784 F2400
G92 E0
G1 X25.02 Y-32.266 F7800
G1 X23.862 Y-26.171
G1 E2 F2400
G1 F3600
G1 X23.831 Y-26.591 E2.015
G1 X23.964 Y-26.916 E2.02751
G1 X24.508 Y-27.117 E2.04817
G1 X24.52 Y-27.467 E2.06065
G1 X25.028 Y-27.343 E2.07928
G1 X25.327 Y-27.099 E2.09303
G1 X25.745 Y-26.566 E2.11716
G1 X26.106 Y-25.773 E2.1482
G1 X26.127 Y-25.425 E2.16062
G1 X25.97 Y-24.754 E2.18517
G1 X25.6 Y-24.425 E2.20281
G1 X25.15 Y-24.462 E2.21889
G1 X24.399 Y-25.08 E2.25354
G1 X24.177 Y-25.403 E2.2675
G1 X23.826 Y-25.603 E2.28189
G1 X23.566 Y-25.956 E2.29751
G1 X23.461 Y-26.317 E2.3109
G1 X23.587 Y-27.007 E2.33589
G1 X23.979 Y-27.334 E2.35408
G1 X24.477 Y-27.469 E2.37246
G1 E.37246 F2400
G92 E0
G1 X24.477 Y-27.469 F7800
G1 X21.821 Y-24.233
G1 E2 F2400
G1 F3600
G1 X21.535 Y-24.324 E2.01069
G1 X21.424 Y-24.44 E2.01641
G1 X21.35 Y-24.818 E2.03013
G1 X21.535 Y-25.099 E2.04212
G1 X21.854 Y-25.194 E2.05398
G1 X21.901 Y-25.541 E2.06645
G1 X22.256 Y-25.424 E2.07977
G1 X22.543 Y-25.122 E2.09461
G1 X22.658 Y-24.712 E2.10978
G1 X22.473 Y-24.189 E2.12954
G1 X22.256 Y-23.999 E2.13981
G1 X21.854 Y-23.877 E2.15478
G1 X21.324 Y-24.039 E2.17452
G1 X21.13 Y-24.242 E2.18452
G1 X20.989 Y-24.779 E2.2043
G1 X21.13 Y-25.182 E2.21951
G1 X21.324 Y-25.385 E2.22951
G1 X21.859 Y-25.547 E2.24942
G1 E.24942 F2400
G92 E0
G1 X21.859 Y-25.547 F7800
G1 X18.52 Y-27.796
G1 E2 F2400
G1 F3600
G1 X18.486 Y-28.036 E2.00864
G1 X18.778 Y-28.489 E2.02784
G1 X19.137 Y-28.717 E2.04299
G1 X19.363 Y-28.745 E2.0511
G1 X19.422 Y-29.09 E2.06357
G1 X19.678 Y-29.04 E2.07286
G1 X20.015 Y-28.863 E2.08642
G1 X20.248 Y-28.618 E2.09846
G1 X20.398 Y-28.312 E2.1106
G1 X20.448 Y-27.978 E2.12263
G1 X20.396 Y-27.642 E2.13474
G1 X20.247 Y-27.34 E2.14674
G1 X19.711 Y-26.927 E2.17085
G1 X19.063 Y-26.901 E2.19395
G1 X18.517 Y-27.233 E2.21671
G1 X18.152 Y-27.723 E2.23848
G1 X18.157 Y-28.171 E2.25444
G1 X18.512 Y-28.722 E2.27779
G1 X19.04 Y-29.057 E2.30007
G1 X19.38 Y-29.098 E2.31227
G1 E.31227 F2400
G92 E0
G1 X19.38 Y-29.098 F7800
G1 X17.088 Y-24.178
G1 E2 F2400
G1 F3600
G1 X16.946 Y-24.486 E2.01208
G1 X16.948 Y-24.748 E2.02141
G1 X17.272 Y-25.172 E2.04042
G1 X17.692 Y-25.286 E2.05592
G1 X17.74 Y-25.632 E2.06836
G1 X18.293 Y-25.423 E2.08942
G1 X18.517 Y-25.191 E2.10091
G1 X18.67 Y-24.848 E2.11429
G1 X18.662 Y-24.266 E2.13503
G1 X18.52 Y-23.977 E2.1465
G1 X18.017 Y-23.59 E2.16911
G1 X17.375 Y-23.564 E2.192
G1 X16.84 Y-23.909 E2.21468
G1 X16.604 Y-24.407 E2.23431
G1 X16.617 Y-24.87 E2.25081
G1 X16.837 Y-25.253 E2.26654
G1 X17.08 Y-25.469 E2.27812
G1 X17.697 Y-25.639 E2.30092
G1 E.30092 F2400
G92 E0
G1 X17.697 Y-25.639 F7800
G1 X12.875 Y-27.734
G1 E2 F2400
G1 F3600
G1 X12.75 Y-28.054 E2.01224
G1 X12.831 Y-28.474 E2.02748
G1 X13.089 Y-28.74 E2.04068
G1 X13.505 Y-28.837 E2.0559
G1 X13.563 Y-29.182 E2.06836
G1 X14.101 Y-28.966 E2.08901
G1 X14.318 Y-28.735 E2.1003
G1 X14.522 Y-28.103 E2.12396
G1 X14.46 Y-27.83 E2.13393
G1 X14.103 Y-27.307 E2.15649
G1 X13.523 Y-27.081 E2.17867
G1 X12.909 Y-27.226 E2.20114
G1 X12.515 Y-27.639 E2.22147
G1 X12.398 Y-28.004 E2.23512
G1 X12.407 Y-28.324 E2.24652
G1 X12.516 Y-28.635 E2.25826
G1 X12.909 Y-29.045 E2.27849
G1 X13.521 Y-29.19 E2.3009
G1 E.3009 F2400
G92 E0
G1 X11.319 Y-24.214 F7800
G1 E2 F2400
G1 F3600
G1 X11.195 Y-24.528 E2.01203
G1 X11.248 Y-24.9 E2.02542
G1 X11.531 Y-25.219 E2.04061
G1 X11.949 Y-25.317 E2.0559
G1 X12.007 Y-25.663 E2.0684
G1 X12.546 Y-25.445 E2.08911
G1 X12.763 Y-25.213 E2.10043
G1 X12.902 Y-24.925 E2.11182
G1 X12.974 Y-24.515 E2.12665
G1 X12.921 Y-24.299 E2.13457
G1 X12.544 Y-23.784 E2.15731
G1 X12.065 Y-23.579 E2.17587
G1 X11.642 Y-23.589 E2.19094
G1 X11.102 Y-23.912 E2.21336
G1 X10.843 Y-24.484 E2.23573
G1 X10.928 Y-25.05 E2.25612
G1 X11.35 Y-25.523 E2.2787
G1 X11.964 Y-25.67 E2.30119
G1 E.30119 F2400
G92 E0
G1 X11.964 Y-25.67 F7800
G1 X12.478 Y-20.249
G1 E2 F2400
G1 F3600
G1 X12.353 Y-20.571 E2.0123
G1 X12.435 Y-20.993 E2.02761
G1 X12.691 Y-21.256 E2.04068
G1 X13.106 Y-21.353 E2.05586
G1 X13.164 Y-21.699 E2.06836
G1 X13.702 Y-21.483 E2.08901
G1 X13.919 Y-21.253 E2.10027
G1 X14.059 Y-20.967 E2.11161
G1 X14.131 Y-20.548 E2.12676
G1 X14.078 Y-20.333 E2.13465
G1 X13.707 Y-19.824 E2.15709
G1 X13.215 Y-19.613 E2.17616
G1 X12.807 Y-19.623 E2.1907
G1 X12.263 Y-19.944 E2.2132
G1 X12.001 Y-20.522 E2.23581
G1 X12.011 Y-20.843 E2.24725
G1 X12.121 Y-21.154 E2.259
G1 X12.51 Y-21.56 E2.27903
G1 X13.122 Y-21.706 E2.30144
G1 E.30144 F2400
G92 E0
G1 X13.122 Y-21.706 F7800
G1 X18.106 Y-20.221
G1 E2 F2400
G1 F3600
G1 X17.98 Y-20.546 E2.01242
G1 X18.034 Y-20.912 E2.0256
G1 X18.317 Y-21.228 E2.04071
G1 X18.732 Y-21.327 E2.05591
G1 X18.79 Y-21.672 E2.06837
G1 X19.328 Y-21.457 E2.08901
G1 X19.546 Y-21.227 E2.1003
G1 X19.686 Y-20.941 E2.11164
G1 X19.758 Y-20.521 E2.12682
G1 X19.706 Y-20.305 E2.13473
G1 X19.334 Y-19.797 E2.15716
G1 X18.839 Y-19.586 E2.17633
G1 X18.433 Y-19.597 E2.1908
G1 X17.889 Y-19.919 E2.21332
G1 X17.628 Y-20.498 E2.23595
G1 X17.715 Y-21.064 E2.25635
G1 X18.136 Y-21.532 E2.27878
G1 X18.747 Y-21.679 E2.30117
G1 E.30117 F2400
G92 E0
G1 X18.747 Y-21.679 F7800
G1 X23.676 Y-20.625
G1 E2 F2400
G1 F3600
G1 X23.951 Y-21.34 E2.02729
G1 X24.321 Y-21.576 E2.04292
G1 X24.547 Y-21.603 E2.05103
G1 X24.606 Y-21.949 E2.06353
G1 X24.862 Y-21.898 E2.07283
G1 X25.198 Y-21.721 E2.08636
G1 X25.431 Y-21.476 E2.0984
G1 X25.58 Y-21.171 E2.11049
G1 X25.631 Y-20.836 E2.12256
G1 X25.579 Y-20.501 E2.13464
G1 X25.429 Y-20.199 E2.14665
G1 X24.895 Y-19.786 E2.1707
G1 X24.243 Y-19.759 E2.19395
G1 X23.951 Y-19.885 E2.20528
G1 X23.362 Y-20.441 E2.23413
G1 X23.345 Y-20.872 E2.2495
G1 X23.691 Y-21.578 E2.27751
G1 X24.224 Y-21.916 E2.29999
G1 X24.564 Y-21.957 E2.31219
G1 E.31219 F2400
G92 E0
G1 X24.564 Y-21.957 F7800
G1 X1.127 Y-20.208
G1 E2 F2400
G1 F3600
G1 X1.002 Y-20.53 E2.0123
G1 X1.084 Y-20.952 E2.02761
G1 X1.34 Y-21.215 E2.04068
G1 X1.756 Y-21.313 E2.05591
G1 X1.813 Y-21.658 E2.06837
G1 X2.352 Y-21.442 E2.08906
G1 X2.569 Y-21.212 E2.10032
G1 X2.709 Y-20.927 E2.11163
G1 X2.78 Y-20.508 E2.12677
G1 X2.727 Y-20.292 E2.13469
G1 X2.356 Y-19.784 E2.1571
G1 X1.865 Y-19.572 E2.17615
G1 X1.456 Y-19.583 E2.19073
G1 X.913 Y-19.903 E2.21318
G1 X.65 Y-20.481 E2.2358
G1 X.66 Y-20.802 E2.24724
G1 X.77 Y-21.113 E2.25899
G1 X1.16 Y-21.519 E2.27905
G1 X1.771 Y-21.665 E2.30143
G1 E.30143 F2400
G92 E0
G1 X1.771 Y-21.665 F7800
G1 X-.051 Y-24.152
G1 E2 F2400
G1 F3600
G1 X-.178 Y-24.477 E2.01243
G1 X-.123 Y-24.843 E2.02561
G1 X.16 Y-25.159 E2.04072
G1 X.575 Y-25.258 E2.05592
G1 X.632 Y-25.603 E2.06838
G1 X1.171 Y-25.388 E2.08905
G1 X1.388 Y-25.158 E2.10031
G1 X1.529 Y-24.872 E2.11167
G1 X1.601 Y-24.452 E2.12685
G1 X1.548 Y-24.236 E2.13477
G1 X1.176 Y-23.728 E2.1572
G1 X.681 Y-23.516 E2.17638
G1 X.275 Y-23.528 E2.19085
G1 X-.268 Y-23.85 E2.21334
G1 X-.529 Y-24.429 E2.23597
G1 X-.442 Y-24.994 E2.25633
G1 X-.022 Y-25.463 E2.27876
G1 X.59 Y-25.61 E2.30118
G1 E.30118 F2400
G92 E0
G1 X.59 Y-25.61 F7800
G1 X1.592 Y-27.815
G1 E2 F2400
G1 F3600
G1 X1.466 Y-28.139 E2.01238
G1 X1.549 Y-28.56 E2.02767
G1 X1.804 Y-28.822 E2.04069
G1 X2.22 Y-28.92 E2.05592
G1 X2.277 Y-29.266 E2.06841
G1 X2.816 Y-29.05 E2.0891
G1 X3.033 Y-28.82 E2.10036
G1 X3.173 Y-28.534 E2.1117
G1 X3.245 Y-28.115 E2.12685
G1 X3.192 Y-27.899 E2.13477
G1 X2.821 Y-27.391 E2.15718
G1 X2.328 Y-27.18 E2.17628
G1 X1.92 Y-27.19 E2.19082
G1 X1.377 Y-27.512 E2.21331
G1 X1.115 Y-28.09 E2.23592
G1 X1.125 Y-28.411 E2.24736
G1 X1.235 Y-28.722 E2.25911
G1 X1.624 Y-29.126 E2.27909
G1 X2.235 Y-29.273 E2.30148
G1 E.30148 F2400
G92 E0
G1 X2.491 Y-31.673 F7800
G1 E2 F2400
G1 F3600
G1 X2.367 Y-31.986 E2.01199
G1 X2.447 Y-32.408 E2.02729
G1 X2.709 Y-32.678 E2.04069
G1 X3.124 Y-32.774 E2.05586
G1 X3.184 Y-33.119 E2.06833
G1 X3.72 Y-32.901 E2.08894
G1 X3.937 Y-32.671 E2.1002
G1 X4.075 Y-32.386 E2.11148
G1 X4.144 Y-31.97 E2.1265
G1 X4.091 Y-31.754 E2.13442
G1 X3.723 Y-31.245 E2.1568
G1 X3.145 Y-31.018 E2.17892
G1 X2.531 Y-31.16 E2.20137
G1 X2.13 Y-31.579 E2.22203
G1 X2.016 Y-31.936 E2.23538
G1 X2.024 Y-32.257 E2.24682
G1 X2.132 Y-32.569 E2.25858
G1 X2.53 Y-32.983 E2.27904
G1 X3.142 Y-33.126 E2.30143
G1 E.30143 F2400
G92 E0
G1 X3.142 Y-33.126 F7800
G1 X-3.386 Y-32.091
G1 E2 F2400
G1 F3600
G1 X-3.451 Y-32.277 E2.00702
G1 X-3.363 Y-32.759 E2.02447
G1 X-3.069 Y-33.055 E2.03933
G1 X-2.61 Y-33.149 E2.05602
G1 X-2.526 Y-33.489 E2.0685
G1 X-1.992 Y-33.247 E2.08939
G1 X-1.655 Y-32.856 E2.10778
G1 X-1.518 Y-32.639 E2.11692
G1 X-1.526 Y-32.193 E2.13281
G1 X-1.991 Y-31.536 E2.16148
G1 X-2.266 Y-31.365 E2.17302
G1 X-2.573 Y-31.279 E2.18438
G1 X-2.899 Y-31.293 E2.196
G1 X-3.478 Y-31.597 E2.2193
G1 X-3.678 Y-31.866 E2.23124
G1 X-3.792 Y-32.192 E2.24354
G1 X-3.789 Y-32.605 E2.25825
G1 X-3.676 Y-32.922 E2.27024
G1 X-3.245 Y-33.362 E2.29218
G1 X-2.904 Y-33.491 E2.30517
G1 X-2.567 Y-33.5 E2.31718
G1 E.31718 F2400
G92 E0
G1 X-2.567 Y-33.5 F7800
G1 X-4.029 Y-27.85
G1 E2 F2400
G1 F3600
G1 X-4.154 Y-28.172 E2.0123
G1 X-4.072 Y-28.593 E2.02758
G1 X-3.815 Y-28.856 E2.04068
G1 X-3.4 Y-28.954 E2.05587
G1 X-3.342 Y-29.3 E2.06837
G1 X-2.804 Y-29.084 E2.08902
G1 X-2.587 Y-28.854 E2.10028
G1 X-2.447 Y-28.568 E2.11162
G1 X-2.376 Y-28.149 E2.12676
G1 X-2.429 Y-27.933 E2.13468
G1 X-2.8 Y-27.425 E2.15709
G1 X-3.291 Y-27.214 E2.17613
G1 X-3.7 Y-27.224 E2.1907
G1 X-4.243 Y-27.545 E2.21317
G1 X-4.506 Y-28.123 E2.23579
G1 X-4.496 Y-28.444 E2.24723
G1 X-4.386 Y-28.755 E2.25898
G1 X-3.996 Y-29.161 E2.27904
G1 X-3.385 Y-29.307 E2.30142
G1 E.30142 F2400
G92 E0
G1 X-3.385 Y-29.307 F7800
G1 X-7.626 Y-27.64
G1 E2 F2400
G1 F3600
G1 X-7.913 Y-27.731 E2.01073
G1 X-8.024 Y-27.847 E2.01645
G1 X-8.098 Y-28.225 E2.03017
G1 X-7.913 Y-28.506 E2.04216
G1 X-7.594 Y-28.601 E2.05402
G1 X-7.547 Y-28.948 E2.06649
G1 X-7.192 Y-28.831 E2.07981
G1 X-6.905 Y-28.529 E2.09465
G1 X-6.79 Y-28.119 E2.10982
G1 X-6.975 Y-27.596 E2.12958
G1 X-7.192 Y-27.406 E2.13985
G1 X-7.594 Y-27.283 E2.15483
G1 X-8.124 Y-27.445 E2.17457
G1 X-8.318 Y-27.649 E2.1846
G1 X-8.459 Y-28.186 E2.20438
G1 X-8.318 Y-28.588 E2.21956
G1 X-8.124 Y-28.792 E2.22959
G1 X-7.589 Y-28.954 E2.2495
G1 E.2495 F2400
G92 E0
G1 X-7.589 Y-28.954 F7800
G1 X-9.112 Y-32.016
G1 E2 F2400
G1 F3600
G1 X-9.178 Y-32.201 E2.007
G1 X-9.09 Y-32.684 E2.02449
G1 X-8.796 Y-32.98 E2.03935
G1 X-8.337 Y-33.074 E2.05604
G1 X-8.252 Y-33.414 E2.06852
G1 X-7.726 Y-33.177 E2.08907
G1 X-7.256 Y-32.61 E2.11531
G1 X-7.25 Y-32.157 E2.13145
G1 X-7.502 Y-31.705 E2.14989
G1 X-7.993 Y-31.29 E2.17279
G1 X-8.3 Y-31.204 E2.18415
G1 X-8.626 Y-31.218 E2.19577
G1 X-8.984 Y-31.355 E2.20943
G1 X-9.405 Y-31.791 E2.23102
G1 X-9.529 Y-32.183 E2.24567
G1 X-9.515 Y-32.53 E2.25804
G1 X-9.403 Y-32.847 E2.27002
G1 X-8.972 Y-33.287 E2.29196
G1 X-8.631 Y-33.417 E2.30496
G1 X-8.294 Y-33.425 E2.31697
G1 E.31697 F2400
G92 E0
G1 X-8.294 Y-33.425 F7800
G1 X-12.572 Y-31.872
G1 E2 F2400
G1 F3600
G1 X-12.858 Y-31.962 E2.01068
G1 X-12.969 Y-32.078 E2.0164
G1 X-13.043 Y-32.457 E2.03016
G1 X-12.858 Y-32.737 E2.04212
G1 X-12.54 Y-32.832 E2.05394
G1 X-12.492 Y-33.179 E2.06642
G1 X-12.137 Y-33.062 E2.07974
G1 X-11.85 Y-32.76 E2.09458
G1 X-11.735 Y-32.35 E2.10975
G1 X-11.92 Y-31.828 E2.12948
G1 X-12.137 Y-31.637 E2.13978
G1 X-12.539 Y-31.515 E2.15475
G1 X-13.069 Y-31.677 E2.17449
G1 X-13.264 Y-31.88 E2.18452
G1 X-13.404 Y-32.417 E2.20429
G1 X-13.264 Y-32.82 E2.21949
G1 X-13.069 Y-33.023 E2.22952
G1 X-12.534 Y-33.186 E2.24944
G1 E.24944 F2400
G92 E0
G1 X-12.534 Y-33.186 F7800
G1 X-17.466 Y-31.908
G1 E2 F2400
G1 F3600
G1 X-17.592 Y-32.227 E2.01222
G1 X-17.541 Y-32.592 E2.02535
G1 X-17.258 Y-32.913 E2.04059
G1 X-16.84 Y-33.014 E2.05591
G1 X-16.783 Y-33.359 E2.06837
G1 X-16.242 Y-33.142 E2.08914
G1 X-16.025 Y-32.91 E2.10046
G1 X-15.811 Y-32.21 E2.12654
G1 X-15.864 Y-31.995 E2.13443
G1 X-16.245 Y-31.479 E2.15728
G1 X-16.726 Y-31.274 E2.17591
G1 X-17.148 Y-31.286 E2.19095
G1 X-17.688 Y-31.612 E2.21342
G1 X-17.944 Y-32.185 E2.23578
G1 X-17.861 Y-32.742 E2.25584
G1 X-17.44 Y-33.217 E2.27845
G1 X-16.825 Y-33.366 E2.30099
G1 E.30099 F2400
G92 E0
G1 X-16.825 Y-33.366 F7800
G1 X-21.333 Y-32.417
G1 E2 F2400
G1 F3600
G1 X-21.308 Y-32.711 E2.01051
G1 X-21.121 Y-33.049 E2.02427
G1 X-20.7 Y-33.345 E2.0426
G1 X-20.387 Y-33.453 E2.0544
G1 X-20.335 Y-33.8 E2.0669
G1 X-19.911 Y-33.706 E2.08237
G1 X-19.559 Y-33.503 E2.09685
G1 X-19.314 Y-33.23 E2.10992
G1 X-19.16 Y-32.904 E2.12276
G1 X-19.108 Y-32.551 E2.13547
G1 X-19.16 Y-32.197 E2.14822
G1 X-19.312 Y-31.867 E2.16116
G1 X-19.535 Y-31.617 E2.17309
G1 X-19.955 Y-31.36 E2.19063
G1 X-20.291 Y-31.303 E2.20277
G1 X-21.116 Y-31.54 E2.23335
G1 X-21.331 Y-31.679 E2.24247
G1 X-21.544 Y-31.958 E2.25497
G1 X-21.685 Y-32.401 E2.27153
G1 X-21.565 Y-33.024 E2.29413
G1 X-21.173 Y-33.464 E2.31512
G1 X-20.863 Y-33.657 E2.32813
G1 X-20.377 Y-33.809 E2.34627
G1 E.34627 F2400
G92 E0
G1 X-20.377 Y-33.809 F7800
G1 X-20.655 Y-29.162
G1 E2 F2400
G1 F3600
G1 X-20.903 Y-29.398 E2.0122
G1 X-20.952 Y-29.635 E2.02082
G1 X-20.796 Y-29.919 E2.03236
G1 X-20.314 Y-30.146 E2.05134
G1 X-20.268 Y-30.494 E2.06384
G1 X-19.952 Y-30.399 E2.07559
G1 X-19.444 Y-30.001 E2.09858
G1 X-18.576 Y-29.531 E2.13374
G1 X-18.178 Y-29.196 E2.15227
G1 X-18.085 Y-28.967 E2.16107
G1 X-18.31 Y-28.706 E2.17335
G1 X-18.808 Y-28.53 E2.19217
G1 X-19.56 Y-28.538 E2.21896
G1 X-19.696 Y-27.495 E2.25643
G1 X-19.49 Y-27.054 E2.27377
G1 X-19.491 Y-26.551 E2.29169
G1 X-19.794 Y-26.1 E2.31105
G1 X-20.351 Y-25.866 E2.33257
G1 X-20.906 Y-25.968 E2.35267
G1 X-21.124 Y-26.138 E2.36252
G1 X-21.305 Y-26.404 E2.37398
G1 X-21.385 Y-26.901 E2.39191
G1 X-21.246 Y-27.265 E2.40579
G1 X-20.757 Y-27.7 E2.42911
G1 X-20.539 Y-28.063 E2.44419
G1 X-20.742 Y-28.793 E2.47118
G1 X-21.216 Y-29.232 E2.4942
G1 X-21.298 Y-29.706 E2.51134
G1 X-21.049 Y-30.166 E2.52997
G1 X-20.713 Y-30.38 E2.54416
G1 X-20.31 Y-30.504 E2.55918
G1 X-20.31 Y-30.504 F7800
G1 X-19.905 Y-30.769
G1 F3600
G1 X-18.14 Y-29.637 E2.63388
G1 X-17.902 Y-29.418 E2.6454
G1 X-17.728 Y-28.954 E2.66305
G1 X-17.924 Y-28.545 E2.67921
G1 X-18.152 Y-28.391 E2.68901
G1 X-18.962 Y-28.139 E2.71923
G1 X-19.256 Y-28.163 E2.72974
G1 X-19.336 Y-27.551 E2.75173
G1 X-19.151 Y-27.155 E2.7673
G1 X-19.099 Y-26.802 E2.78001
G1 X-19.152 Y-26.448 E2.79276
G1 X-19.31 Y-26.114 E2.80592
G1 X-19.574 Y-25.824 E2.81989
G1 X-19.933 Y-25.609 E2.8348
G1 X-20.312 Y-25.514 E2.84872
G1 X-20.695 Y-25.524 E2.86237
G1 X-21.064 Y-25.652 E2.87628
G1 X-21.379 Y-25.896 E2.89047
G1 X-21.627 Y-26.261 E2.90619
G1 X-21.733 Y-26.608 E2.91912
G1 X-21.735 Y-26.953 E2.93141
G1 X-21.625 Y-27.31 E2.94472
G1 X-21.372 Y-27.682 E2.96075
G1 X-21.021 Y-27.94 E2.97627
G1 X-20.917 Y-28.114 E2.98349
G1 X-21.047 Y-28.582 E3.00079
G1 X-21.321 Y-28.783 E3.0129
G1 X-21.528 Y-29.067 E3.02542
G1 X-21.639 Y-29.375 E3.03708
G1 X-21.641 Y-29.789 E3.05183
G1 X-21.527 Y-30.104 E3.06376
G1 X-21.124 Y-30.55 E3.08517
G1 X-20.306 Y-30.863 E3.11637
G1 X-19.947 Y-30.779 E3.1295
G1 E1.1295 F2400
G92 E0
G1 X-19.947 Y-30.779 F7800
G1 X-21.297 Y-23.731
G1 E2 F2400
G1 F3600
G1 X-21.266 Y-24.05 E2.01142
G1 X-21.07 Y-24.38 E2.02509
G1 X-20.711 Y-24.614 E2.04036
G1 X-20.316 Y-24.74 E2.05513
G1 X-20.274 Y-25.089 E2.06765
G1 X-19.888 Y-25.002 E2.08175
G1 X-19.297 Y-24.62 E2.10682
G1 X-19.064 Y-24.212 E2.12356
G1 X-19.015 Y-23.853 E2.13647
G1 X-19.083 Y-23.494 E2.14949
G1 X-19.261 Y-23.163 E2.16288
G1 X-19.925 Y-22.661 E2.19253
G1 X-20.293 Y-22.585 E2.20592
G1 X-21.113 Y-22.862 E2.23675
G1 X-21.531 Y-23.304 E2.25842
G1 X-21.657 Y-23.735 E2.27442
G1 X-21.529 Y-24.336 E2.29631
G1 X-21.123 Y-24.784 E2.31785
G1 X-20.315 Y-25.099 E2.34874
G1 E.34874 F2400
G92 E0
G1 X-20.315 Y-25.099 F7800
G1 X-17.265 Y-24.001
G1 E2 F2400
G1 F3600
G1 X-17.333 Y-24.443 E2.01593
G1 X-17.249 Y-24.681 E2.02492
G1 X-16.936 Y-24.995 E2.04071
G1 X-16.494 Y-25.069 E2.05667
G1 X-16.404 Y-25.407 E2.06913
G1 X-15.891 Y-25.181 E2.0891
G1 X-15.418 Y-24.71 E2.11288
G1 X-15.397 Y-24.26 E2.12893
G1 X-15.654 Y-23.709 E2.15059
G1 X-16.133 Y-23.293 E2.17319
G1 X-16.453 Y-23.206 E2.185
G1 X-16.784 Y-23.22 E2.1968
G1 X-17.371 Y-23.531 E2.22046
G1 X-17.563 Y-23.794 E2.23206
G1 X-17.675 Y-24.116 E2.24421
G1 X-17.684 Y-24.469 E2.25679
G1 X-17.561 Y-24.847 E2.27095
G1 X-17.102 Y-25.307 E2.2941
G1 X-16.799 Y-25.413 E2.30554
G1 X-16.445 Y-25.42 E2.31815
G1 E.31815 F2400
G92 E0
G1 X-16.445 Y-25.42 F7800
G1 X-12.787 Y-27.845
G1 E2 F2400
G1 F3600
G1 X-12.852 Y-28.031 E2.00702
G1 X-12.764 Y-28.513 E2.02447
G1 X-12.47 Y-28.809 E2.03933
G1 X-12.011 Y-28.903 E2.05602
G1 X-11.926 Y-29.243 E2.0685
G1 X-11.393 Y-29.002 E2.08934
G1 X-11.181 Y-28.764 E2.10069
G1 X-10.912 Y-28.334 E2.11876
G1 X-10.924 Y-27.891 E2.13455
G1 X-11.392 Y-27.291 E2.16166
G1 X-11.974 Y-27.034 E2.18432
G1 X-12.3 Y-27.047 E2.19594
G1 X-12.879 Y-27.352 E2.21925
G1 X-13.079 Y-27.62 E2.23116
G1 X-13.193 Y-27.946 E2.24346
G1 X-13.189 Y-28.36 E2.25821
G1 X-13.077 Y-28.676 E2.27015
G1 X-12.646 Y-29.117 E2.29212
G1 X-12.305 Y-29.246 E2.30511
G1 X-11.968 Y-29.255 E2.31712
G1 E.31712 F2400
G92 E0
G1 X-11.968 Y-29.255 F7800
G1 X-11.393 Y-24.449
G1 E2 F2400
G1 F3600
G1 X-11.518 Y-24.768 E2.01221
G1 X-11.437 Y-25.188 E2.02745
G1 X-11.179 Y-25.455 E2.04068
G1 X-10.763 Y-25.552 E2.0559
G1 X-10.704 Y-25.897 E2.06837
G1 X-10.166 Y-25.68 E2.08904
G1 X-9.95 Y-25.449 E2.10031
G1 X-9.746 Y-24.817 E2.12397
G1 X-9.807 Y-24.544 E2.13394
G1 X-10.164 Y-24.022 E2.15647
G1 X-10.744 Y-23.796 E2.17865
G1 X-11.358 Y-23.94 E2.20112
G1 X-11.753 Y-24.353 E2.22148
G1 X-11.869 Y-24.718 E2.23512
G1 X-11.86 Y-25.039 E2.24656
G1 X-11.751 Y-25.349 E2.25827
G1 X-11.359 Y-25.759 E2.27848
G1 X-10.747 Y-25.904 E2.30089
G1 E.30089 F2400
G92 E0
G1 X-10.747 Y-25.904 F7800
G1 X-5.63 Y-24.221
G1 E2 F2400
G1 F3600
G1 X-5.791 Y-24.645 E2.01616
G1 X-5.726 Y-24.887 E2.02509
G1 X-5.465 Y-25.217 E2.04008
G1 X-5.03 Y-25.338 E2.05616
G1 X-4.984 Y-25.685 E2.06863
G1 X-4.428 Y-25.476 E2.08979
G1 X-4.203 Y-25.243 E2.10133
G1 X-4.011 Y-24.634 E2.12408
G1 X-4.061 Y-24.314 E2.13562
G1 X-4.43 Y-23.793 E2.15836
G1 X-4.715 Y-23.639 E2.1699
G1 X-5.35 Y-23.616 E2.19254
G1 X-5.887 Y-23.967 E2.21539
G1 X-6.053 Y-24.25 E2.22708
G1 X-6.148 Y-24.664 E2.24221
G1 X-6.051 Y-25.023 E2.25546
G1 X-5.651 Y-25.516 E2.27808
G1 X-5.353 Y-25.652 E2.28975
G1 X-5.027 Y-25.691 E2.30145
G1 E.30145 F2400
G92 E0
G1 X-5.027 Y-25.691 F7800
G1 X-4.488 Y-20.248
G1 E2 F2400
G1 F3600
G1 X-4.613 Y-20.57 E2.0123
G1 X-4.531 Y-20.991 E2.02758
G1 X-4.275 Y-21.255 E2.04068
G1 X-3.859 Y-21.353 E2.05591
G1 X-3.801 Y-21.698 E2.06837
G1 X-3.263 Y-21.482 E2.08902
G1 X-3.046 Y-21.252 E2.10028
G1 X-2.906 Y-20.966 E2.11162
G1 X-2.835 Y-20.547 E2.12676
G1 X-2.888 Y-20.332 E2.13465
G1 X-3.259 Y-19.823 E2.15709
G1 X-3.75 Y-19.612 E2.17613
G1 X-4.159 Y-19.622 E2.1907
G1 X-4.702 Y-19.943 E2.21317
G1 X-4.965 Y-20.521 E2.23579
G1 X-4.955 Y-20.842 E2.24723
G1 X-4.845 Y-21.153 E2.25898
G1 X-4.455 Y-21.559 E2.27904
G1 X-3.844 Y-21.705 E2.30142
G1 E.30142 F2400
G92 E0
G1 X-3.844 Y-21.705 F7800
G1 X-10.356 Y-20.242
G1 E2 F2400
G1 F3600
G1 X-10.422 Y-20.428 E2.00703
G1 X-10.333 Y-20.91 E2.02449
G1 X-10.039 Y-21.206 E2.03935
G1 X-9.58 Y-21.3 E2.05604
G1 X-9.496 Y-21.64 E2.06852
G1 X-8.963 Y-21.399 E2.08936
G1 X-8.495 Y-20.808 E2.11622
G1 X-8.495 Y-20.363 E2.13207
G1 X-8.746 Y-19.931 E2.14987
G1 X-9.236 Y-19.516 E2.17275
G1 X-9.544 Y-19.43 E2.18414
G1 X-9.87 Y-19.444 E2.19576
G1 X-10.228 Y-19.581 E2.20942
G1 X-10.648 Y-20.017 E2.23099
G1 X-10.773 Y-20.409 E2.24565
G1 X-10.759 Y-20.757 E2.25806
G1 X-10.647 Y-21.073 E2.27
G1 X-10.216 Y-21.514 E2.29197
G1 X-9.874 Y-21.643 E2.30499
G1 X-9.537 Y-21.652 E2.317
G1 E.317 F2400
G92 E0
G1 X-9.537 Y-21.652 F7800
G1 X-15.837 Y-20.209
G1 E2 F2400
G1 F3600
G1 X-15.962 Y-20.531 E2.0123
G1 X-15.88 Y-20.953 E2.02761
G1 X-15.624 Y-21.216 E2.04068
G1 X-15.209 Y-21.314 E2.05587
G1 X-15.151 Y-21.659 E2.06833
G1 X-14.613 Y-21.443 E2.08898
G1 X-14.395 Y-21.213 E2.10027
G1 X-14.256 Y-20.927 E2.1116
G1 X-14.184 Y-20.508 E2.12675
G1 X-14.237 Y-20.293 E2.13464
G1 X-14.608 Y-19.784 E2.15708
G1 X-15.1 Y-19.573 E2.17615
G1 X-15.508 Y-19.583 E2.19069
G1 X-16.051 Y-19.904 E2.21316
G1 X-16.314 Y-20.482 E2.23578
G1 X-16.304 Y-20.803 E2.24722
G1 X-16.194 Y-21.114 E2.25897
G1 X-15.804 Y-21.52 E2.27903
G1 X-15.193 Y-21.666 E2.30141
G1 E.30141 F2400
G92 E0
G1 X-15.193 Y-21.666 F7800
G1 X-21.304 Y-20.847
G1 E2 F2400
G1 F3600
G1 X-21.269 Y-21.164 E2.01136
G1 X-21.066 Y-21.494 E2.02516
G1 X-20.708 Y-21.732 E2.04047
G1 X-20.316 Y-21.857 E2.05513
G1 X-20.274 Y-22.206 E2.06765
G1 X-19.874 Y-22.117 E2.08225
G1 X-19.307 Y-21.858 E2.10446
G1 X-19.107 Y-21.579 E2.11669
G1 X-19 Y-20.99 E2.13802
G1 X-19.241 Y-20.33 E2.16305
G1 X-19.549 Y-19.996 E2.17924
G1 X-19.927 Y-19.779 E2.19477
G1 X-20.293 Y-19.702 E2.20809
G1 X-21.128 Y-19.98 E2.23944
G1 X-21.539 Y-20.405 E2.2605
G1 X-21.665 Y-20.868 E2.27759
G1 X-21.525 Y-21.459 E2.29923
G1 X-21.114 Y-21.9 E2.32071
G1 X-20.316 Y-22.216 E2.35129
G1 E.35129 F2400
G92 E0
G1 X-20.316 Y-22.216 F7800
G1 X-23.996 Y-40.395
G1 E2 F2400
;TYPE:Perimeter
;WIDTH:0.45
G1 F3600
G1 X-23.996 Y-39.391 E2.04829
G1 X-23.996 Y-12.387 E3.34709
G1 X-26.004 Y-12.387 E3.44367
G1 X-26.004 Y-40.395 E4.79076
G1 X-24.056 Y-40.395 E4.88445
G1 X-24.056 Y-40.395 F7800
G1 X-23.611 Y-40.78
G1 F3600
G1 X-23.611 Y-39.391 E4.95126
G1 X-23.611 Y-12.002 E6.26858
G1 X-26.389 Y-12.002 E6.40219
G1 X-26.389 Y-40.78 E7.78631
G1 X-23.671 Y-40.78 E7.91704
G1 X-23.671 Y-40.78 F7800
G1 X-23.225 Y-41.166
;TYPE:External perimeter
G1 F1800
G1 X-23.225 Y-39.391 E8.00241
G1 X-23.225 Y-11.616 E9.33829
G1 X-26.775 Y-11.616 E9.50903
G1 X-26.775 Y-41.166 E10.93028
G1 X-23.285 Y-41.166 E11.09814
G1 X-23.226 Y-40.77 F7800
G1 X-24.478 Y-40.106
;TYPE:Solid infill
G1 F1200
G1 X-25.715 Y-40.106 E11.15764
G1 X-25.715 Y-12.676 E12.47693
G1 X-24.285 Y-12.676 E12.54571
G1 X-24.285 Y-40.106 E13.865
G1 X-24.739 Y-39.652 E13.89588
;WIDTH:0.586121
G1 X-24.739 Y-13.13 E15.62178
G1 X-25.261 Y-13.13 E15.65575
G1 X-25.261 Y-39.652 E17.38165
G1 X-24.932 Y-39.652 E17.40306
;LAYER_CHANGE
;Z:2.75
;HEIGHT:0.3
G1 Z2.75 F7800
G1 E15.40306 F2400
G92 E0
G1 X6.973 Y-20.127 F7800
G1 E2 F2400
;TYPE:Support material
;WIDTH:0.35
G1 F3600
G1 X6.626 Y-20.39 E2.01551
G1 X6.578 Y-20.516 E2.02031
G1 X6.945 Y-20.938 E2.04023
G1 X7.288 Y-21.079 E2.05344
G1 X7.318 Y-21.427 E2.06588
G1 X8.261 Y-21.117 E2.10124
G1 X8.477 Y-20.948 E2.11101
G1 X8.644 Y-20.554 E2.12625
G1 X8.468 Y-20.187 E2.14075
G1 X7.569 Y-19.697 E2.17722
G1 X7.269 Y-19.656 E2.18801
G1 X6.763 Y-19.842 E2.20722
G1 X6.346 Y-20.172 E2.22616
G1 X6.225 Y-20.57 E2.24098
G1 X6.336 Y-20.824 E2.25085
G1 X6.716 Y-21.21 E2.27015
G1 X7.276 Y-21.433 E2.29162
G1 E.29162 F2400
G92 E0
G1 X7.276 Y-21.433 F7800
G1 X5.768 Y-24.259
G1 E2 F2400
G1 F3600
G1 X5.509 Y-24.49 E2.01236
G1 X5.418 Y-24.686 E2.02006
G1 X5.893 Y-25.033 E2.04102
G1 X6.258 Y-25.123 E2.05441
G1 X6.317 Y-25.468 E2.06688
G1 X6.718 Y-25.317 E2.08214
G1 X7.248 Y-24.849 E2.10733
G1 X7.374 Y-24.649 E2.11575
G1 X7.365 Y-24.258 E2.12968
G1 X7.018 Y-23.954 E2.14611
G1 X6.471 Y-23.721 E2.16729
G1 X6.178 Y-23.682 E2.17782
G1 X5.705 Y-23.828 E2.19545
G1 X5.252 Y-24.249 E2.21748
G1 X5.068 Y-24.567 E2.23057
G1 X5.068 Y-24.772 E2.23787
G1 X5.184 Y-24.992 E2.24673
G1 X5.701 Y-25.331 E2.26875
G1 X6.275 Y-25.476 E2.28984
G1 E.28984 F2400
G92 E0
G1 X6.275 Y-25.476 F7800
G1 X7.396 Y-27.776
G1 E2 F2400
G1 F3600
G1 X7.061 Y-28.021 E2.01479
G1 X7.075 Y-28.189 E2.0208
G1 X7.506 Y-28.592 E2.04182
G1 X7.867 Y-28.678 E2.05504
G1 X7.928 Y-29.023 E2.06752
G1 X8.326 Y-28.87 E2.08271
G1 X8.844 Y-28.477 E2.10587
G1 X8.972 Y-28.275 E2.11439
G1 X8.963 Y-27.884 E2.12832
G1 X8.832 Y-27.714 E2.13597
G1 X8.328 Y-27.401 E2.15711
G1 X7.789 Y-27.237 E2.17718
G1 X7.306 Y-27.385 E2.19518
G1 X6.769 Y-27.82 E2.2198
G1 X6.691 Y-28.159 E2.23219
G1 X6.803 Y-28.415 E2.24214
G1 X7.311 Y-28.889 E2.26689
G1 X7.886 Y-29.031 E2.28799
G1 E.28799 F2400
G92 E0
G1 X7.886 Y-29.031 F7800
G1 X8.252 Y-31.683
G1 E2 F2400
G1 F3600
G1 X7.93 Y-32.233 E2.0227
G1 X8.055 Y-32.376 E2.02947
G1 X8.737 Y-32.571 E2.05474
G1 X8.798 Y-32.916 E2.06722
G1 X9.189 Y-32.767 E2.08213
G1 X9.72 Y-32.296 E2.10742
G1 X9.846 Y-32.095 E2.11587
G1 X9.837 Y-31.705 E2.12977
G1 X9.489 Y-31.401 E2.14623
G1 X8.659 Y-31.13 E2.17733
G1 X8.173 Y-31.279 E2.19544
G1 X7.955 Y-31.481 E2.20603
G1 X7.577 Y-32.162 E2.23378
G1 X7.699 Y-32.545 E2.2481
G1 X8.454 Y-32.901 E2.27784
G1 X8.756 Y-32.924 E2.28863
G1 E.28863 F2400
G92 E0
G1 X8.756 Y-32.924 F7800
G1 X13.928 Y-31.959
G1 E2 F2400
G1 F3600
G1 X13.581 Y-32.222 E2.01551
G1 X13.533 Y-32.348 E2.02031
G1 X13.9 Y-32.769 E2.04021
G1 X14.243 Y-32.91 E2.05342
G1 X14.274 Y-33.259 E2.0659
G1 X15.216 Y-32.95 E2.10122
G1 X15.432 Y-32.782 E2.11097
G1 X15.599 Y-32.387 E2.12625
G1 X15.423 Y-32.021 E2.14072
G1 X14.525 Y-31.529 E2.1772
G1 X14.224 Y-31.488 E2.18802
G1 X13.719 Y-31.674 E2.20719
G1 X13.301 Y-32.004 E2.22616
G1 X13.18 Y-32.401 E2.24095
G1 X13.292 Y-32.655 E2.25084
G1 X13.671 Y-33.041 E2.27011
G1 X14.231 Y-33.264 E2.29158
G1 E.29158 F2400
G92 E0
G1 X14.231 Y-33.264 F7800
G1 X19.599 Y-31.73
G1 E2 F2400
G1 F3600
G1 X19.276 Y-32.271 E2.02245
G1 X19.404 Y-32.416 E2.02934
G1 X20.088 Y-32.614 E2.05471
G1 X20.149 Y-32.958 E2.06716
G1 X20.54 Y-32.81 E2.08205
G1 X21.072 Y-32.338 E2.10739
G1 X21.198 Y-32.138 E2.11581
G1 X21.189 Y-31.747 E2.12974
G1 X20.842 Y-31.444 E2.14615
G1 X20.01 Y-31.172 E2.17733
G1 X19.524 Y-31.322 E2.19545
G1 X19.307 Y-31.524 E2.20601
G1 X18.923 Y-32.199 E2.23368
G1 X19.046 Y-32.583 E2.24804
G1 X19.806 Y-32.943 E2.278
G1 X20.107 Y-32.966 E2.28875
G1 E.28875 F2400
G92 E0
G1 X20.107 Y-32.966 F7800
G1 X24.745 Y-30.647
G1 E2 F2400
G1 F3600
G1 X24.448 Y-30.872 E2.01327
G1 X24.372 Y-31.223 E2.02606
G1 X24.5 Y-31.711 E2.04403
G1 X24.654 Y-31.8 E2.05037
G1 X24.703 Y-32.148 E2.06289
G1 X25.434 Y-31.862 E2.09085
G1 X25.635 Y-31.655 E2.10113
G1 X25.757 Y-31.396 E2.11133
G1 X25.739 Y-30.932 E2.12787
G1 X25.808 Y-30.683 E2.13707
G1 X25.718 Y-30.14 E2.15668
G1 X25.401 Y-29.916 E2.17051
G1 X25.041 Y-29.964 E2.18345
G1 X24.146 Y-30.684 E2.22437
G1 X24.034 Y-30.963 E2.23508
G1 X24.02 Y-31.261 E2.24571
G1 X24.175 Y-31.85 E2.26741
G1 X24.445 Y-32.121 E2.28104
G1 X24.661 Y-32.156 E2.28884
G1 E.28884 F2400
G92 E0
G1 X24.661 Y-32.156 F7800
G1 X24.253 Y-25.947
G1 E2 F2400
G1 F3600
G1 X24.072 Y-26.096 E2.00835
G1 X23.793 Y-26.76 E2.03401
G1 X23.844 Y-26.975 E2.04188
G1 X24.003 Y-27.018 E2.04775
G1 X24.069 Y-27.361 E2.06019
G1 X24.96 Y-27.264 E2.09212
G1 X25.439 Y-27.096 E2.1102
G1 X25.572 Y-26.939 E2.11753
G1 X25.678 Y-26.103 E2.14755
G1 X25.851 Y-25.834 E2.15894
G1 X26.042 Y-25.174 E2.18342
G1 X26.034 Y-24.851 E2.19493
G1 X25.769 Y-24.371 E2.21446
G1 X25.593 Y-24.286 E2.22142
G1 X25.202 Y-24.356 E2.23557
G1 X24.846 Y-24.722 E2.25376
G1 X24.532 Y-25.349 E2.27874
G1 X23.783 Y-25.891 E2.31168
G1 X23.453 Y-26.658 E2.34143
G1 X23.424 Y-26.894 E2.3499
G1 X23.616 Y-27.25 E2.36431
G1 X24.027 Y-27.369 E2.37955
G1 E.37955 F2400
G92 E0
G1 X24.027 Y-27.369 F7800
G1 X22.094 Y-24.802
G1 E2 F2400
G1 F3600
G1 X22.088 Y-24.611 E2.00681
G1 X21.942 Y-24.46 E2.01429
G1 X21.731 Y-24.453 E2.02181
G1 X21.573 Y-24.59 E2.02926
G1 X21.567 Y-24.85 E2.03852
G1 X21.84 Y-25.006 E2.04972
G1 X21.899 Y-25.351 E2.06219
G1 X22.291 Y-25.157 E2.07777
G1 X22.466 Y-24.713 E2.09477
G1 X22.418 Y-24.475 E2.10342
G1 X22.086 Y-24.134 E2.12037
G1 X21.612 Y-24.117 E2.13727
G1 X21.257 Y-24.426 E2.15404
G1 X21.187 Y-24.772 E2.16662
G1 X21.313 Y-25.104 E2.17927
G1 X21.615 Y-25.325 E2.1926
G1 X21.857 Y-25.359 E2.20131
G1 E.20131 F2400
G92 E0
G1 X21.857 Y-25.359 F7800
G1 X18.632 Y-27.683
G1 E2 F2400
G1 F3600
G1 X18.433 Y-27.799 E2.00821
G1 X18.343 Y-27.985 E2.01557
G1 X18.5 Y-28.152 E2.02374
G1 X19.255 Y-28.508 E2.05348
G1 X19.245 Y-28.859 E2.06599
G1 X19.799 Y-28.732 E2.08624
G1 X20.233 Y-28.426 E2.10516
G1 X20.363 Y-28.255 E2.11281
G1 X20.371 Y-27.864 E2.12674
G1 X19.971 Y-27.374 E2.14927
G1 X19.485 Y-27.106 E2.16904
G1 X18.939 Y-27.191 E2.18873
G1 X18.185 Y-27.548 E2.21845
G1 X17.988 Y-27.892 E2.23257
G1 X18.109 Y-28.289 E2.24736
G1 X18.343 Y-28.468 E2.25786
G1 X19.202 Y-28.86 E2.2915
G1 E.2915 F2400
G92 E0
G1 X19.202 Y-28.86 F7800
G1 X17.141 Y-24.325
G1 E2 F2400
G1 F3600
G1 X16.843 Y-24.538 E2.01305
G1 X16.803 Y-24.713 E2.01944
G1 X17.597 Y-25.126 E2.05132
G1 X17.623 Y-25.475 E2.06379
G1 X18.15 Y-25.333 E2.08323
G1 X18.638 Y-24.932 E2.10573
G1 X18.766 Y-24.73 E2.11425
G1 X18.755 Y-24.337 E2.12826
G1 X18.154 Y-23.833 E2.1562
G1 X17.673 Y-23.684 E2.17414
G1 X17.133 Y-23.848 E2.19424
G1 X16.627 Y-24.254 E2.21735
G1 X16.45 Y-24.565 E2.2301
G1 X16.526 Y-24.942 E2.2438
G1 X16.788 Y-25.155 E2.25583
G1 X17.58 Y-25.478 E2.2863
G1 E.2863 F2400
G92 E0
G1 X17.58 Y-25.478 F7800
G1 X13.037 Y-27.776
G1 E2 F2400
G1 F3600
G1 X12.702 Y-28.021 E2.01479
G1 X12.716 Y-28.189 E2.0208
G1 X13.147 Y-28.592 E2.04182
G1 X13.508 Y-28.678 E2.05504
G1 X13.569 Y-29.023 E2.06752
G1 X13.967 Y-28.87 E2.08271
G1 X14.485 Y-28.477 E2.10587
G1 X14.613 Y-28.275 E2.11439
G1 X14.604 Y-27.884 E2.12832
G1 X14.473 Y-27.714 E2.13597
G1 X13.969 Y-27.401 E2.15711
G1 X13.43 Y-27.237 E2.17718
G1 X12.947 Y-27.385 E2.19518
G1 X12.41 Y-27.82 E2.2198
G1 X12.332 Y-28.159 E2.23219
G1 X12.444 Y-28.415 E2.24214
G1 X12.952 Y-28.889 E2.26689
G1 X13.527 Y-29.031 E2.28799
G1 E.28799 F2400
G92 E0
G1 X13.527 Y-29.031 F7800
G1 X11.446 Y-24.278
G1 E2 F2400
G1 F3600
G1 X11.196 Y-24.49 E2.01168
G1 X11.104 Y-24.686 E2.01939
G1 X11.583 Y-25.068 E2.04122
G1 X11.944 Y-25.159 E2.05448
G1 X12.003 Y-25.504 E2.06695
G1 X12.411 Y-25.35 E2.08249
G1 X12.939 Y-24.885 E2.10755
G1 X13.066 Y-24.685 E2.11599
G1 X13.056 Y-24.294 E2.12992
G1 X12.709 Y-23.991 E2.14633
G1 X12.157 Y-23.755 E2.16772
G1 X11.864 Y-23.717 E2.17825
G1 X11.391 Y-23.865 E2.19591
G1 X10.939 Y-24.249 E2.21704
G1 X10.754 Y-24.567 E2.23015
G1 X10.754 Y-24.773 E2.23749
G1 X10.87 Y-24.992 E2.24632
G1 X11.389 Y-25.364 E2.26907
G1 X11.96 Y-25.512 E2.29008
G1 E.29008 F2400
G92 E0
G1 X11.96 Y-25.512 F7800
G1 X12.624 Y-20.309
G1 E2 F2400
G1 F3600
G1 X12.302 Y-20.852 E2.02249
G1 X12.429 Y-20.997 E2.02936
G1 X13.112 Y-21.194 E2.05468
G1 X13.173 Y-21.539 E2.06716
G1 X13.564 Y-21.39 E2.08207
G1 X14.096 Y-20.919 E2.10738
G1 X14.222 Y-20.718 E2.11583
G1 X14.213 Y-20.328 E2.12973
G1 X13.865 Y-20.024 E2.14619
G1 X13.034 Y-19.752 E2.17734
G1 X12.548 Y-19.902 E2.19546
G1 X12.331 Y-20.104 E2.20602
G1 X11.949 Y-20.781 E2.23371
G1 X12.071 Y-21.165 E2.24806
G1 X12.83 Y-21.524 E2.27797
G1 X13.131 Y-21.547 E2.28872
G1 E.28872 F2400
G92 E0
G1 X13.131 Y-21.547 F7800
G1 X18.242 Y-20.292
G1 E2 F2400
G1 F3600
G1 X17.918 Y-20.815 E2.02192
G1 X18.049 Y-20.964 E2.02899
G1 X18.738 Y-21.167 E2.05458
G1 X18.799 Y-21.512 E2.06706
G1 X19.189 Y-21.364 E2.08192
G1 X19.724 Y-20.892 E2.10734
G1 X19.85 Y-20.691 E2.11579
G1 X19.841 Y-20.301 E2.12969
G1 X19.493 Y-19.997 E2.14615
G1 X18.66 Y-19.726 E2.17736
G1 X18.173 Y-19.876 E2.19551
G1 X17.957 Y-20.079 E2.20607
G1 X17.565 Y-20.743 E2.23354
G1 X17.687 Y-21.128 E2.24793
G1 X18.457 Y-21.497 E2.27835
G1 X18.757 Y-21.52 E2.28907
G1 E.28907 F2400
G92 E0
G1 X18.757 Y-21.52 F7800
G1 X23.778 Y-20.441
G1 E2 F2400
G1 F3600
G1 X23.566 Y-20.559 E2.00864
G1 X23.565 Y-20.721 E2.01441
G1 X24.282 Y-21.316 E2.0476
G1 X24.438 Y-21.367 E2.05345
G1 X24.428 Y-21.717 E2.06592
G1 X24.931 Y-21.616 E2.0842
G1 X25.51 Y-21.242 E2.10876
G1 X25.637 Y-21.05 E2.11696
G1 X25.632 Y-20.655 E2.13103
G1 X25.504 Y-20.474 E2.13893
G1 X24.973 Y-20.081 E2.16246
G1 X24.669 Y-19.964 E2.17406
G1 X23.836 Y-20.062 E2.20394
G1 X23.428 Y-20.21 E2.2194
G1 X23.199 Y-20.514 E2.23296
G1 X23.196 Y-20.73 E2.24066
G1 X23.304 Y-20.966 E2.24991
G1 X24.117 Y-21.629 E2.28728
G1 X24.386 Y-21.718 E2.29737
G1 E.29737 F2400
G92 E0
G1 X24.386 Y-21.718 F7800
G1 X1.274 Y-20.268
G1 E2 F2400
G1 F3600
G1 X.951 Y-20.812 E2.02254
G1 X1.078 Y-20.956 E2.02938
G1 X1.762 Y-21.153 E2.05474
G1 X1.823 Y-21.498 E2.06722
G1 X2.213 Y-21.349 E2.08209
G1 X2.745 Y-20.878 E2.1074
G1 X2.871 Y-20.677 E2.11585
G1 X2.862 Y-20.287 E2.12975
G1 X2.515 Y-19.983 E2.14618
G1 X1.683 Y-19.712 E2.17735
G1 X1.197 Y-19.861 E2.19546
G1 X.98 Y-20.063 E2.20602
G1 X.598 Y-20.741 E2.23374
G1 X.721 Y-21.124 E2.24807
G1 X1.479 Y-21.483 E2.27795
G1 X1.781 Y-21.506 E2.28874
G1 E.28874 F2400
G92 E0
G1 X1.781 Y-21.506 F7800
G1 X-.001 Y-24.345
G1 E2 F2400
G1 F3600
G1 X-.232 Y-24.563 E2.01132
G1 X-.215 Y-24.77 E2.01872
G1 X.533 Y-25.104 E2.0479
G1 X.59 Y-25.452 E2.06046
G1 X1.032 Y-25.295 E2.07717
G1 X1.566 Y-24.822 E2.10258
G1 X1.693 Y-24.622 E2.11102
G1 X1.683 Y-24.231 E2.12495
G1 X1.336 Y-23.928 E2.14136
G1 X.502 Y-23.656 E2.17261
G1 X.016 Y-23.807 E2.19074
G1 X-.202 Y-24.011 E2.20138
G1 X-.55 Y-24.413 E2.22032
G1 X-.611 Y-24.77 E2.23322
G1 X-.494 Y-24.992 E2.24216
G1 X-.269 Y-25.156 E2.25208
G1 X.501 Y-25.455 E2.28151
G1 E.28151 F2400
G92 E0
G1 X.501 Y-25.455 F7800
G1 X1.734 Y-27.88
G1 E2 F2400
G1 F3600
G1 X1.411 Y-28.415 E2.02226
G1 X1.54 Y-28.561 E2.0292
G1 X2.226 Y-28.761 E2.05466
G1 X2.287 Y-29.106 E2.06714
G1 X2.677 Y-28.957 E2.08201
G1 X3.21 Y-28.485 E2.10737
G1 X3.336 Y-28.285 E2.11579
G1 X3.327 Y-27.894 E2.12972
G1 X2.979 Y-27.591 E2.14616
G1 X2.147 Y-27.319 E2.17734
G1 X1.661 Y-27.469 E2.19546
G1 X1.444 Y-27.672 E2.20605
G1 X1.058 Y-28.343 E2.23363
G1 X1.18 Y-28.727 E2.24798
G1 X1.943 Y-29.09 E2.27808
G1 X2.244 Y-29.114 E2.28884
G1 E.28884 F2400
G92 E0
G1 X2.244 Y-29.114 F7800
G1 X2.661 Y-31.709
G1 E2 F2400
G1 F3600
G1 X2.339 Y-32.273 E2.02314
G1 X2.464 Y-32.415 E2.02988
G1 X3.13 Y-32.614 E2.05464
G1 X3.193 Y-32.958 E2.0671
G1 X3.584 Y-32.807 E2.08203
G1 X4.108 Y-32.34 E2.10703
G1 X4.235 Y-32.139 E2.1155
G1 X4.226 Y-31.749 E2.1294
G1 X3.878 Y-31.445 E2.14586
G1 X3.054 Y-31.173 E2.17677
G1 X2.567 Y-31.319 E2.19488
G1 X2.348 Y-31.521 E2.20549
G1 X1.985 Y-32.203 E2.23301
G1 X2.108 Y-32.585 E2.24731
G1 X2.849 Y-32.945 E2.27666
G1 X3.151 Y-32.967 E2.28745
G1 E.28745 F2400
G92 E0
G1 X3.151 Y-32.967 F7800
G1 X-3.02 Y-31.975
G1 E2 F2400
G1 F3600
G1 X-3.367 Y-32.239 E2.01553
G1 X-3.415 Y-32.365 E2.02033
G1 X-3.049 Y-32.786 E2.0402
G1 X-2.705 Y-32.927 E2.05344
G1 X-2.675 Y-33.276 E2.06592
G1 X-1.731 Y-32.958 E2.10141
G1 X-1.515 Y-32.786 E2.11125
G1 X-1.348 Y-32.388 E2.12663
G1 X-1.525 Y-32.024 E2.14105
G1 X-2.424 Y-31.546 E2.17732
G1 X-2.724 Y-31.505 E2.18811
G1 X-3.23 Y-31.691 E2.20732
G1 X-3.647 Y-32.021 E2.22626
G1 X-3.768 Y-32.419 E2.24108
G1 X-3.656 Y-32.673 E2.25097
G1 X-3.277 Y-33.058 E2.27022
G1 X-2.718 Y-33.281 E2.29166
G1 E.29166 F2400
G92 E0
G1 X-2.718 Y-33.281 F7800
G1 X-3.881 Y-27.909
G1 E2 F2400
G1 F3600
G1 X-4.204 Y-28.455 E2.0226
G1 X-4.077 Y-28.599 E2.02944
G1 X-3.394 Y-28.795 E2.05475
G1 X-3.333 Y-29.14 E2.06723
G1 X-2.942 Y-28.991 E2.08214
G1 X-2.411 Y-28.52 E2.10743
G1 X-2.285 Y-28.319 E2.11588
G1 X-2.294 Y-27.928 E2.12981
G1 X-2.641 Y-27.625 E2.14622
G1 X-3.472 Y-27.353 E2.17737
G1 X-3.959 Y-27.503 E2.19552
G1 X-4.176 Y-27.705 E2.20608
G1 X-4.557 Y-28.383 E2.23379
G1 X-4.434 Y-28.767 E2.24815
G1 X-3.677 Y-29.125 E2.27798
G1 X-3.375 Y-29.147 E2.28877
G1 E.28877 F2400
G92 E0
G1 X-3.375 Y-29.147 F7800
G1 X-7.354 Y-28.182
G1 E2 F2400
G1 F3600
G1 X-7.362 Y-28.013 E2.00603
G1 X-7.508 Y-27.86 E2.01356
G1 X-7.718 Y-27.85 E2.02105
G1 X-7.904 Y-28.039 E2.0305
G1 X-7.855 Y-28.294 E2.03975
G1 X-7.614 Y-28.407 E2.04923
G1 X-7.553 Y-28.752 E2.06171
G1 X-7.162 Y-28.561 E2.07721
G1 X-7.031 Y-28.357 E2.08585
G1 X-6.985 Y-28.119 E2.09449
G1 X-7.162 Y-27.676 E2.11148
G1 X-7.359 Y-27.536 E2.12009
G1 X-7.835 Y-27.513 E2.13707
G1 X-8.198 Y-27.829 E2.15421
G1 X-8.264 Y-28.182 E2.167
G1 X-8.196 Y-28.414 E2.17561
G1 X-7.95 Y-28.669 E2.18823
G1 X-7.595 Y-28.76 E2.20129
G1 E.20129 F2400
G92 E0
G1 X-7.595 Y-28.76 F7800
G1 X-8.75 Y-31.903
G1 E2 F2400
G1 F3600
G1 X-9.097 Y-32.164 E2.01547
G1 X-9.145 Y-32.29 E2.02027
G1 X-8.776 Y-32.711 E2.04021
G1 X-8.432 Y-32.852 E2.05345
G1 X-8.402 Y-33.201 E2.06593
G1 X-7.464 Y-32.914 E2.10087
G1 X-7.25 Y-32.76 E2.11026
G1 X-7.12 Y-32.572 E2.1184
G1 X-7.124 Y-32.181 E2.13233
G1 X-7.432 Y-31.867 E2.148
G1 X-8.151 Y-31.471 E2.17724
G1 X-8.451 Y-31.43 E2.18803
G1 X-8.751 Y-31.495 E2.19897
G1 X-9.284 Y-31.861 E2.222
G1 X-9.489 Y-32.153 E2.23471
G1 X-9.429 Y-32.531 E2.24834
G1 X-9.004 Y-32.984 E2.27047
G1 X-8.445 Y-33.207 E2.29191
G1 E.29191 F2400
G92 E0
G1 X-8.445 Y-33.207 F7800
G1 X-12.299 Y-32.414
G1 E2 F2400
G1 F3600
G1 X-12.307 Y-32.244 E2.00606
G1 X-12.453 Y-32.091 E2.01359
G1 X-12.664 Y-32.081 E2.02112
G1 X-12.85 Y-32.271 E2.03059
G1 X-12.8 Y-32.526 E2.03985
G1 X-12.559 Y-32.638 E2.04932
G1 X-12.499 Y-32.983 E2.06179
G1 X-12.107 Y-32.792 E2.07732
G1 X-11.976 Y-32.588 E2.08596
G1 X-11.93 Y-32.35 E2.0946
G1 X-12.107 Y-31.908 E2.11156
G1 X-12.305 Y-31.767 E2.12022
G1 X-12.78 Y-31.744 E2.13716
G1 X-13.144 Y-32.061 E2.15436
G1 X-13.21 Y-32.413 E2.16712
G1 X-13.141 Y-32.646 E2.17578
G1 X-12.895 Y-32.9 E2.18838
G1 X-12.541 Y-32.991 E2.2014
G1 E.2014 F2400
G92 E0
G1 X-12.541 Y-32.991 F7800
G1 X-17.347 Y-31.989
G1 E2 F2400
G1 F3600
G1 X-17.68 Y-32.224 E2.01452
G1 X-17.662 Y-32.389 E2.02043
G1 X-17.203 Y-32.764 E2.04154
G1 X-16.847 Y-32.855 E2.05463
G1 X-16.79 Y-33.201 E2.06712
G1 X-16.378 Y-33.048 E2.08278
G1 X-15.848 Y-32.584 E2.10787
G1 X-15.72 Y-32.381 E2.11642
G1 X-15.729 Y-31.991 E2.13032
G1 X-16.076 Y-31.687 E2.14675
G1 X-16.634 Y-31.45 E2.16835
G1 X-16.929 Y-31.413 E2.17894
G1 X-17.395 Y-31.562 E2.19637
G1 X-17.848 Y-31.877 E2.21603
G1 X-18.042 Y-32.183 E2.22894
G1 X-18.044 Y-32.387 E2.23621
G1 X-17.936 Y-32.612 E2.2451
G1 X-17.4 Y-33.059 E2.26996
G1 X-16.832 Y-33.208 E2.29088
G1 E.29088 F2400
G92 E0
G1 X-16.832 Y-33.208 F7800
G1 X-21.373 Y-32.534
G1 E2 F2400
G1 F3600
G1 X-21.164 Y-32.926 E2.01583
G1 X-20.934 Y-33.136 E2.02693
G1 X-20.34 Y-33.292 E2.04881
G1 X-20.326 Y-33.642 E2.06129
G1 X-19.966 Y-33.6 E2.0742
G1 X-19.475 Y-33.215 E2.09643
G1 X-19.307 Y-32.892 E2.1094
G1 X-19.252 Y-32.542 E2.12202
G1 X-19.311 Y-32.187 E2.13484
G1 X-19.486 Y-31.852 E2.1483
G1 X-19.779 Y-31.575 E2.16266
G1 X-20.027 Y-31.494 E2.17195
G1 X-20.757 Y-31.459 E2.19799
G1 X-21.143 Y-31.6 E2.21263
G1 X-21.419 Y-31.828 E2.22538
G1 X-21.664 Y-32.19 E2.24095
G1 X-21.729 Y-32.586 E2.25525
G1 X-21.434 Y-33.153 E2.27802
G1 X-21.129 Y-33.431 E2.29272
G1 X-20.368 Y-33.644 E2.32087
G1 E.32087 F2400
G92 E0
G1 X-20.368 Y-33.644 F7800
G1 X-21.364 Y-29.65
G1 E2 F2400
G1 F3600
G1 X-20.926 Y-30.202 E2.0251
G1 X-20.277 Y-30.349 E2.04881
G1 X-20.272 Y-30.699 E2.06128
G1 X-19.848 Y-30.619 E2.07665
G1 X-19.457 Y-30.281 E2.09506
G1 X-19.253 Y-29.895 E2.11061
G1 X-18.263 Y-29.642 E2.14701
G1 X-17.765 Y-29.327 E2.168
G1 X-17.599 Y-28.922 E2.18359
G1 X-17.778 Y-28.563 E2.19788
G1 X-18.272 Y-28.355 E2.21697
G1 X-18.579 Y-28.353 E2.22791
G1 X-19.891 Y-28.577 E2.27533
G1 X-20.594 Y-28.516 E2.30047
G1 X-21.137 Y-28.69 E2.32078
G1 X-21.626 Y-29.223 E2.34655
G1 X-21.723 Y-29.492 E2.35674
G1 X-21.711 Y-29.733 E2.36534
G1 X-21.417 Y-30.228 E2.38585
G1 X-21.133 Y-30.486 E2.39952
G1 X-20.695 Y-30.661 E2.41632
G1 X-20.315 Y-30.699 E2.42992
G1 E.42992 F2400
G92 E0
G1 X-20.315 Y-30.699 F7800
G1 X-21.369 Y-26.744
G1 E2 F2400
G1 F3600
G1 X-21.23 Y-27.168 E2.0159
G1 X-21.026 Y-27.43 E2.02773
G1 X-20.701 Y-27.609 E2.04095
G1 X-20.44 Y-27.648 E2.05035
G1 X-20.371 Y-27.991 E2.06281
G1 X-20.04 Y-27.919 E2.07488
G1 X-19.525 Y-27.558 E2.09728
G1 X-19.285 Y-27.143 E2.11436
G1 X-19.231 Y-26.785 E2.12726
G1 X-19.29 Y-26.419 E2.14047
G1 X-19.457 Y-26.094 E2.15349
G1 X-19.722 Y-25.82 E2.16707
G1 X-20.047 Y-25.634 E2.18041
G1 X-20.438 Y-25.569 E2.19453
G1 X-20.837 Y-25.629 E2.2089
G1 X-21.191 Y-25.805 E2.22298
G1 X-21.625 Y-26.348 E2.24774
G1 X-21.723 Y-26.802 E2.26429
G1 X-21.451 Y-27.498 E2.29091
G1 X-20.995 Y-27.863 E2.31172
G1 X-20.413 Y-28 E2.33302
G1 E.33302 F2400
G92 E0
G1 X-20.413 Y-28 F7800
G1 X-21.366 Y-23.884
G1 E2 F2400
G1 F3600
G1 X-20.939 Y-24.423 E2.0245
G1 X-20.277 Y-24.583 E2.04876
G1 X-20.273 Y-24.933 E2.06123
G1 X-19.856 Y-24.857 E2.07633
G1 X-19.455 Y-24.515 E2.09511
G1 X-19.284 Y-24.187 E2.10829
G1 X-19.229 Y-23.838 E2.12088
G1 X-19.288 Y-23.484 E2.13366
G1 X-19.462 Y-23.152 E2.14701
G1 X-19.777 Y-22.853 E2.16248
G1 X-20.186 Y-22.742 E2.17758
G1 X-20.594 Y-22.749 E2.19212
G1 X-21.141 Y-22.927 E2.21261
G1 X-21.614 Y-23.437 E2.23739
G1 X-21.722 Y-23.914 E2.25481
G1 X-21.417 Y-24.461 E2.27712
G1 X-20.873 Y-24.844 E2.30082
G1 X-20.316 Y-24.934 E2.32092
G1 E.32092 F2400
G92 E0
G1 X-20.316 Y-24.934 F7800
G1 X-16.966 Y-23.96
G1 E2 F2400
G1 F3600
G1 X-17.237 Y-24.159 E2.01198
G1 X-17.28 Y-24.311 E2.01761
G1 X-16.893 Y-24.745 E2.03832
G1 X-16.602 Y-24.851 E2.04935
G1 X-16.56 Y-25.199 E2.06184
G1 X-15.635 Y-25.017 E2.09542
G1 X-15.422 Y-24.894 E2.10418
G1 X-15.243 Y-24.574 E2.11724
G1 X-15.269 Y-24.335 E2.1258
G1 X-15.609 Y-23.932 E2.14458
G1 X-16.315 Y-23.469 E2.17466
G1 X-16.862 Y-23.482 E2.19415
G1 X-17.117 Y-23.621 E2.2045
G1 X-17.517 Y-23.941 E2.22275
G1 X-17.627 Y-24.146 E2.23104
G1 X-17.631 Y-24.377 E2.23927
G1 X-17.526 Y-24.595 E2.24789
G1 X-17.117 Y-25.02 E2.2689
G1 X-16.602 Y-25.205 E2.28839
G1 E.28839 F2400
G92 E0
G1 X-16.602 Y-25.205 F7800
G1 X-12.376 Y-27.706
G1 E2 F2400
G1 F3600
G1 X-12.732 Y-27.995 E2.01633
G1 X-12.781 Y-28.122 E2.02118
G1 X-12.447 Y-28.542 E2.0403
G1 X-12.106 Y-28.682 E2.05343
G1 X-12.076 Y-29.031 E2.06591
G1 X-11.826 Y-28.989 E2.07494
G1 X-11.125 Y-28.657 E2.10257
G1 X-10.909 Y-28.477 E2.11259
G1 X-10.743 Y-28.073 E2.12815
G1 X-10.923 Y-27.713 E2.14249
G1 X-11.828 Y-27.3 E2.17793
G1 X-12.125 Y-27.259 E2.18861
G1 X-12.423 Y-27.324 E2.19948
G1 X-12.683 Y-27.484 E2.21036
G1 X-13.012 Y-27.777 E2.22605
G1 X-13.134 Y-28.175 E2.24088
G1 X-13.02 Y-28.432 E2.2509
G1 X-12.677 Y-28.813 E2.26916
G1 X-12.118 Y-29.036 E2.2906
G1 E.2906 F2400
G92 E0
G1 X-12.118 Y-29.036 F7800
G1 X-11.23 Y-24.49
G1 E2 F2400
G1 F3600
G1 X-11.566 Y-24.736 E2.01483
G1 X-11.552 Y-24.903 E2.0208
G1 X-11.12 Y-25.307 E2.04187
G1 X-10.76 Y-25.393 E2.05506
G1 X-10.699 Y-25.737 E2.06751
G1 X-10.301 Y-25.585 E2.08269
G1 X-9.783 Y-25.191 E2.10587
G1 X-9.654 Y-24.989 E2.11441
G1 X-9.663 Y-24.599 E2.12831
G1 X-9.795 Y-24.428 E2.13601
G1 X-10.299 Y-24.116 E2.15713
G1 X-10.838 Y-23.951 E2.17721
G1 X-11.321 Y-24.099 E2.19521
G1 X-11.858 Y-24.534 E2.21983
G1 X-11.936 Y-24.874 E2.23226
G1 X-11.823 Y-25.129 E2.2422
G1 X-11.315 Y-25.604 E2.26698
G1 X-10.741 Y-25.745 E2.28804
G1 E.28804 F2400
G92 E0
G1 X-10.741 Y-25.745 F7800
G1 X-5.574 Y-24.347
G1 E2 F2400
G1 F3600
G1 X-5.843 Y-24.511 E2.01122
G1 X-5.911 Y-24.715 E2.01888
G1 X-5.127 Y-25.178 E2.05132
G1 X-5.103 Y-25.527 E2.06378
G1 X-4.57 Y-25.386 E2.08342
G1 X-4.128 Y-25.085 E2.10247
G1 X-3.958 Y-24.748 E2.11592
G1 X-3.992 Y-24.516 E2.12427
G1 X-4.574 Y-23.882 E2.15493
G1 X-5.049 Y-23.736 E2.17263
G1 X-5.591 Y-23.9 E2.1928
G1 X-6.085 Y-24.257 E2.21451
G1 X-6.265 Y-24.566 E2.22725
G1 X-6.189 Y-24.943 E2.24095
G1 X-5.591 Y-25.37 E2.26713
G1 X-5.146 Y-25.531 E2.28399
G1 E.28399 F2400
G92 E0
G1 X-5.146 Y-25.531 F7800
G1 X-4.34 Y-20.307
G1 E2 F2400
G1 F3600
G1 X-4.663 Y-20.853 E2.0226
G1 X-4.536 Y-20.997 E2.02944
G1 X-3.853 Y-21.193 E2.05475
G1 X-3.792 Y-21.538 E2.06723
G1 X-3.401 Y-21.389 E2.08214
G1 X-2.87 Y-20.918 E2.10743
G1 X-2.744 Y-20.717 E2.11588
G1 X-2.753 Y-20.327 E2.12978
G1 X-3.1 Y-20.023 E2.14621
G1 X-3.932 Y-19.751 E2.17739
G1 X-4.418 Y-19.901 E2.19551
G1 X-4.635 Y-20.103 E2.20607
G1 X-5.016 Y-20.782 E2.23381
G1 X-4.893 Y-21.165 E2.24814
G1 X-4.136 Y-21.523 E2.27797
G1 X-3.834 Y-21.546 E2.28876
G1 E.28876 F2400
G92 E0
G1 X-3.834 Y-21.546 F7800
G1 X-9.991 Y-20.127
G1 E2 F2400
G1 F3600
G1 X-10.338 Y-20.39 E2.01551
G1 X-10.386 Y-20.516 E2.02031
G1 X-10.02 Y-20.938 E2.04021
G1 X-9.676 Y-21.079 E2.05345
G1 X-9.646 Y-21.427 E2.06589
G1 X-8.703 Y-21.118 E2.10124
G1 X-8.488 Y-20.949 E2.11098
G1 X-8.32 Y-20.554 E2.12627
G1 X-8.496 Y-20.188 E2.14074
G1 X-9.395 Y-19.697 E2.17723
G1 X-9.695 Y-19.656 E2.18802
G1 X-10.201 Y-19.842 E2.20723
G1 X-10.618 Y-20.172 E2.22617
G1 X-10.739 Y-20.57 E2.24099
G1 X-10.628 Y-20.824 E2.25086
G1 X-10.248 Y-21.21 E2.27016
G1 X-9.688 Y-21.433 E2.29163
G1 E.29163 F2400
G92 E0
G1 X-9.688 Y-21.433 F7800
G1 X-15.691 Y-20.269
G1 E2 F2400
G1 F3600
G1 X-16.014 Y-20.812 E2.02251
G1 X-15.886 Y-20.957 E2.0294
G1 X-15.203 Y-21.154 E2.05472
G1 X-15.141 Y-21.499 E2.06721
G1 X-14.751 Y-21.35 E2.08208
G1 X-14.219 Y-20.879 E2.10739
G1 X-14.093 Y-20.678 E2.11584
G1 X-14.102 Y-20.288 E2.12974
G1 X-14.449 Y-19.984 E2.14617
G1 X-15.281 Y-19.712 E2.17735
G1 X-15.767 Y-19.862 E2.19547
G1 X-15.984 Y-20.064 E2.20603
G1 X-16.367 Y-20.741 E2.23374
G1 X-16.244 Y-21.125 E2.2481
G1 X-15.485 Y-21.484 E2.27801
G1 X-15.184 Y-21.507 E2.28876
G1 E.28876 F2400
G92 E0
G1 X-15.184 Y-21.507 F7800
G1 X-21.367 Y-20.998
G1 E2 F2400
G1 F3600
G1 X-20.933 Y-21.529 E2.02443
G1 X-20.625 Y-21.661 E2.03637
G1 X-20.275 Y-21.7 E2.04892
G1 X-20.271 Y-22.05 E2.06139
G1 X-19.856 Y-21.974 E2.07642
G1 X-19.451 Y-21.63 E2.09535
G1 X-19.281 Y-21.303 E2.10848
G1 X-19.227 Y-20.955 E2.12103
G1 X-19.288 Y-20.602 E2.13379
G1 X-19.463 Y-20.269 E2.14719
G1 X-19.779 Y-19.968 E2.16274
G1 X-20.185 Y-19.857 E2.17773
G1 X-20.711 Y-19.875 E2.19648
G1 X-21.14 Y-20.02 E2.21261
G1 X-21.42 Y-20.275 E2.2261
G1 X-21.704 Y-20.751 E2.24585
G1 X-21.716 Y-21.083 E2.25768
G1 X-21.399 Y-21.589 E2.27895
G1 X-20.856 Y-21.957 E2.30232
G1 X-20.314 Y-22.05 E2.32191
G1 E.32191 F2400
G92 E0
G1 X-20.314 Y-22.05 F7800
G1 X-23.996 Y-40.395
G1 E2 F2400
;TYPE:Perimeter
;WIDTH:0.45
G1 F3600
G1 X-23.996 Y-39.391 E2.04829
G1 X-23.996 Y-12.387 E3.34709
G1 X-26.004 Y-12.387 E3.44367
G1 X-26.004 Y-40.395 E4.79076
G1 X-24.056 Y-40.395 E4.88445
G1 X-24.056 Y-40.395 F7800
G1 X-23.611 Y-40.78
G1 F3600
G1 X-23.611 Y-39.391 E4.95126
G1 X-23.611 Y-12.002 E6.26858
G1 X-26.389 Y-12.002 E6.40219
G1 X-26.389 Y-40.78 E7.78631
G1 X-23.671 Y-40.78 E7.91704
G1 X-23.671 Y-40.78 F7800
G1 X-23.225 Y-41.166
;TYPE:External perimeter
G1 F1800
G1 X-23.225 Y-39.391 E8.00241
G1 X-23.225 Y-11.616 E9.33829
G1 X-26.775 Y-11.616 E9.50903
G1 X-26.775 Y-41.166 E10.93028
G1 X-23.285 Y-41.166 E11.09814
G1 X-23.226 Y-40.77 F7800
G1 E9.09814 F2400
G92 E0
G1 X-25.715 Y-39.913 F7800
G1 E2 F2400
;TYPE:Solid infill
G1 F1200
G1 X-25.715 Y-12.676 E3.31001
G1 X-24.285 Y-12.676 E3.37879
G1 X-24.285 Y-40.106 E4.69808
G1 X-25.715 Y-40.106 E4.76686
G1 X-25.261 Y-39.652 E4.79774
;WIDTH:0.58612
G1 X-24.739 Y-39.652 E4.83171
G1 X-24.739 Y-13.13 E6.55761
G1 X-25.261 Y-13.13 E6.59158
G1 X-25.261 Y-39.459 E8.30492
;LAYER_CHANGE
;Z:3.05
;HEIGHT:0.3
G1 Z3.05 F7800
G1 E6.30492 F2400
G92 E0
G1 X-25.261 Y-39.459 F7800
G1 X1.662 Y-20.365
G1 E2 F2400
;TYPE:Support material
;WIDTH:0.35
G1 F3600
G1 X1.39 Y-20.539 E2.0115
G1 X1.058 Y-20.625 E2.02372
G1 X.826 Y-20.831 E2.03477
G1 X1.163 Y-20.96 E2.04762
G1 X1.188 Y-21.309 E2.06008
G1 X1.877 Y-21.195 E2.08496
G1 X2.684 Y-20.942 E2.11509
G1 X2.886 Y-20.791 E2.12407
G1 X3.041 Y-20.454 E2.13728
G1 X2.881 Y-20.146 E2.14964
G1 X2.694 Y-20.036 E2.15737
G1 X2.422 Y-19.974 E2.16731
G1 X1.418 Y-20.072 E2.20325
G1 X.704 Y-20.432 E2.23174
G1 X.487 Y-20.722 E2.24464
G1 X.467 Y-20.887 E2.25056
G1 X.584 Y-21.119 E2.25982
G1 X.931 Y-21.298 E2.27373
G1 X1.145 Y-21.312 E2.28137
G1 E.28137 F2400
G92 E0
G1 X1.145 Y-21.312 F7800
G1 X.475 Y-24.311
G1 E2 F2400
G1 F3600
G1 X-.07 Y-24.462 E2.02015
G1 X-.362 Y-24.643 E2.03239
G1 X-.353 Y-24.758 E2.0365
G1 X-.048 Y-24.83 E2.04766
G1 X-.031 Y-25.18 E2.06014
G1 X.698 Y-25.138 E2.08615
G1 X1.505 Y-24.886 E2.11627
G1 X1.708 Y-24.736 E2.12526
G1 X1.862 Y-24.398 E2.13849
G1 X1.702 Y-24.09 E2.15085
G1 X1.244 Y-23.918 E2.16828
G1 X.783 Y-23.99 E2.1849
G1 X.458 Y-23.951 E2.19656
G1 X-.179 Y-24.124 E2.22007
G1 X-.645 Y-24.431 E2.23995
G1 X-.75 Y-24.749 E2.25188
G1 X-.534 Y-25.063 E2.26546
G1 X-.073 Y-25.182 E2.28242
G1 E.28242 F2400
G92 E0
G1 X-.073 Y-25.182 F7800
G1 X2.122 Y-27.973
G1 E2 F2400
G1 F3600
G1 X1.858 Y-28.143 E2.01119
G1 X1.517 Y-28.229 E2.02372
G1 X1.285 Y-28.433 E2.03473
G1 X1.624 Y-28.563 E2.04766
G1 X1.647 Y-28.912 E2.06012
G1 X2.34 Y-28.802 E2.08512
G1 X3.148 Y-28.549 E2.11528
G1 X3.351 Y-28.399 E2.12427
G1 X3.505 Y-28.061 E2.1375
G1 X3.345 Y-27.753 E2.14986
G1 X3.158 Y-27.643 E2.15759
G1 X2.887 Y-27.581 E2.16749
G1 X1.881 Y-27.68 E2.2035
G1 X1.162 Y-28.034 E2.23205
G1 X.946 Y-28.324 E2.24493
G1 X.926 Y-28.489 E2.25085
G1 X1.043 Y-28.72 E2.26007
G1 X1.39 Y-28.9 E2.274
G1 X1.604 Y-28.915 E2.28164
G1 E.28164 F2400
G92 E0
G1 X1.604 Y-28.915 F7800
G1 X3.051 Y-31.823
G1 E2 F2400
G1 F3600
G1 X2.446 Y-32.084 E2.02347
G1 X2.214 Y-32.293 E2.03459
G1 X2.549 Y-32.419 E2.04734
G1 X2.576 Y-32.768 E2.05981
G1 X3.251 Y-32.653 E2.0842
G1 X4.047 Y-32.404 E2.11391
G1 X4.25 Y-32.253 E2.12292
G1 X4.404 Y-31.915 E2.13615
G1 X4.244 Y-31.608 E2.14848
G1 X4.057 Y-31.498 E2.15621
G1 X3.786 Y-31.435 E2.16612
G1 X2.792 Y-31.528 E2.20168
G1 X2.098 Y-31.888 E2.22953
G1 X1.875 Y-32.185 E2.24276
G1 X1.855 Y-32.35 E2.24868
G1 X1.972 Y-32.582 E2.25794
G1 X2.319 Y-32.759 E2.27182
G1 X2.533 Y-32.771 E2.27946
G1 E.27946 F2400
G92 E0
G1 X2.533 Y-32.771 F7800
G1 X-3.495 Y-32.262
G1 E2 F2400
G1 F3600
G1 X-3.539 Y-32.333 E2.00298
G1 X-3.445 Y-32.447 E2.00824
G1 X-3.196 Y-32.545 E2.01777
G1 X-2.826 Y-32.513 E2.031
G1 X-2.094 Y-32.615 E2.05733
G1 X-2.08 Y-32.965 E2.06981
G1 X-1.835 Y-32.946 E2.07856
G1 X-1.573 Y-32.851 E2.08849
G1 X-1.252 Y-32.535 E2.10454
G1 X-1.256 Y-32.208 E2.11619
G1 X-1.376 Y-32.059 E2.12301
G1 X-1.835 Y-31.879 E2.14057
G1 X-2.418 Y-31.956 E2.16152
G1 X-2.996 Y-31.829 E2.1826
G1 X-3.382 Y-31.84 E2.19636
G1 X-3.683 Y-31.96 E2.2079
G1 X-3.872 Y-32.176 E2.21812
G1 X-3.878 Y-32.444 E2.22767
G1 X-3.793 Y-32.596 E2.23387
G1 X-3.469 Y-32.829 E2.24809
G1 X-2.123 Y-32.968 E2.29629
G1 E.29629 F2400
G92 E0
G1 X-2.123 Y-32.968 F7800
G1 X-3.493 Y-28.006
G1 E2 F2400
G1 F3600
G1 X-3.767 Y-28.181 E2.01158
G1 X-4.097 Y-28.267 E2.02373
G1 X-4.329 Y-28.474 E2.03481
G1 X-3.992 Y-28.602 E2.04765
G1 X-3.967 Y-28.951 E2.06011
G1 X-3.279 Y-28.836 E2.08496
G1 X-2.472 Y-28.583 E2.11509
G1 X-2.27 Y-28.433 E2.12405
G1 X-2.115 Y-28.095 E2.1373
G1 X-2.276 Y-27.787 E2.14968
G1 X-2.462 Y-27.677 E2.15738
G1 X-2.734 Y-27.615 E2.16732
G1 X-3.738 Y-27.713 E2.20326
G1 X-4.444 Y-28.069 E2.23143
G1 X-4.668 Y-28.365 E2.24465
G1 X-4.688 Y-28.529 E2.25054
G1 X-4.572 Y-28.761 E2.25978
G1 X-4.224 Y-28.94 E2.27372
G1 X-4.01 Y-28.954 E2.28136
G1 E.28136 F2400
G92 E0
G1 X-4.01 Y-28.954 F7800
G1 X-7.636 Y-28.286
G1 E2 F2400
G1 F3600
G1 X-7.463 Y-28.119 E2.00857
G1 X-7.514 Y-28 E2.01318
G1 X-7.634 Y-27.956 E2.01773
G1 X-7.748 Y-28.012 E2.02225
G1 X-7.788 Y-28.171 E2.02809
G1 X-7.636 Y-28.286 E2.03488
G1 X-7.61 Y-28.635 E2.04735
G1 X-7.448 Y-28.609 E2.05319
G1 X-7.267 Y-28.496 E2.06079
G1 X-7.106 Y-28.119 E2.07539
G1 X-7.267 Y-27.741 E2.09003
G1 X-7.652 Y-27.599 E2.10465
G1 X-8.019 Y-27.778 E2.1192
G1 X-8.145 Y-28.069 E2.1305
G1 X-8.021 Y-28.46 E2.14511
G1 X-7.652 Y-28.64 E2.15974
G1 E.15974 F2400
G92 E0
G1 X-7.652 Y-28.64 F7800
G1 X-9.127 Y-32.397
G1 E2 F2400
G1 F3600
G1 X-7.778 Y-32.567 E2.04844
G1 X-7.769 Y-32.917 E2.06091
G1 X-7.565 Y-32.912 E2.06818
G1 X-7.305 Y-32.833 E2.07786
G1 X-6.986 Y-32.532 E2.09348
G1 X-6.988 Y-32.204 E2.10516
G1 X-7.107 Y-32.052 E2.11204
G1 X-7.568 Y-31.848 E2.13
G1 X-8.165 Y-31.893 E2.15133
G1 X-8.967 Y-31.75 E2.18035
G1 X-9.364 Y-31.858 E2.19501
G1 X-9.603 Y-32.101 E2.20715
G1 X-9.608 Y-32.368 E2.21666
G1 X-9.523 Y-32.521 E2.2229
G1 X-9.199 Y-32.754 E2.23712
G1 X-7.811 Y-32.918 E2.28691
G1 E.28691 F2400
G92 E0
G1 X-7.811 Y-32.918 F7800
G1 X-12.581 Y-32.518
G1 E2 F2400
G1 F3600
G1 X-12.408 Y-32.35 E2.00859
G1 X-12.459 Y-32.232 E2.01317
G1 X-12.579 Y-32.187 E2.01774
G1 X-12.694 Y-32.243 E2.0223
G1 X-12.733 Y-32.402 E2.02813
G1 X-12.581 Y-32.518 E2.03494
G1 X-12.555 Y-32.867 E2.04741
G1 X-12.393 Y-32.84 E2.05326
G1 X-12.213 Y-32.727 E2.06083
G1 X-12.051 Y-32.35 E2.07545
G1 X-12.213 Y-31.973 E2.09007
G1 X-12.597 Y-31.83 E2.10467
G1 X-12.965 Y-32.01 E2.11926
G1 X-13.09 Y-32.301 E2.13054
G1 X-12.966 Y-32.691 E2.14512
G1 X-12.598 Y-32.871 E2.15971
G1 E.15971 F2400
G92 E0
G1 X-12.598 Y-32.871 F7800
G1 X-17.24 Y-32.109
G1 E2 F2400
G1 F3600
G1 X-17.548 Y-32.114 E2.01097
G1 X-17.827 Y-32.329 E2.02352
G1 X-17.577 Y-32.456 E2.03351
G1 X-16.909 Y-32.565 E2.05762
G1 X-16.915 Y-32.916 E2.07013
G1 X-16.843 Y-32.914 E2.0727
G1 X-15.907 Y-32.645 E2.10739
G1 X-15.586 Y-32.325 E2.12354
G1 X-15.59 Y-31.998 E2.13519
G1 X-15.911 Y-31.732 E2.15004
G1 X-16.167 Y-31.677 E2.15937
G1 X-17.637 Y-31.771 E2.21184
G1 X-18.076 Y-32.038 E2.23014
G1 X-18.183 Y-32.354 E2.24203
G1 X-17.965 Y-32.675 E2.25585
G1 X-17.656 Y-32.802 E2.26775
G1 X-16.958 Y-32.917 E2.29295
G1 E.29295 F2400
G92 E0
G1 X-16.958 Y-32.917 F7800
G1 X-17.831 Y-28.924
G1 E2 F2400
G1 F3600
G1 X-17.957 Y-28.805 E2.00617
G1 X-18.307 Y-28.781 E2.01867
G1 X-18.772 Y-29.06 E2.03799
G1 X-18.389 Y-29.177 E2.05226
G1 X-18.342 Y-29.524 E2.06473
G1 X-18.086 Y-29.492 E2.07392
G1 X-17.622 Y-29.238 E2.09276
G1 X-17.468 Y-28.9 E2.10599
G1 X-17.628 Y-28.592 E2.11835
G1 X-18.085 Y-28.42 E2.13575
G1 X-18.371 Y-28.434 E2.14595
G1 X-18.643 Y-28.523 E2.15615
G1 X-19.1 Y-28.888 E2.17699
G1 X-19.133 Y-29.191 E2.18785
G1 X-18.962 Y-29.369 E2.19664
G1 X-18.384 Y-29.53 E2.21801
G1 E.21801 F2400
G92 E0
G1 X-18.384 Y-29.53 F7800
G1 X-21.437 Y-29.42
G1 E2 F2400
G1 F3600
G1 X-21.503 Y-29.601 E2.00686
G1 X-21.425 Y-29.762 E2.01323
G1 X-20.804 Y-30.131 E2.03896
G1 X-20.545 Y-30.189 E2.04842
G1 X-20.504 Y-30.536 E2.06087
G1 X-20.07 Y-30.451 E2.07662
G1 X-19.709 Y-30.233 E2.09164
G1 X-19.49 Y-29.935 E2.10481
G1 X-19.419 Y-29.598 E2.11708
G1 X-19.498 Y-29.261 E2.12941
G1 X-19.725 Y-28.959 E2.14287
G1 X-20.087 Y-28.738 E2.15798
G1 X-20.706 Y-28.649 E2.18026
G1 X-21.535 Y-29.033 E2.21281
G1 X-21.818 Y-29.369 E2.22846
G1 X-21.86 Y-29.613 E2.23728
G1 X-21.686 Y-30.001 E2.25243
G1 X-20.942 Y-30.455 E2.28348
G1 X-20.547 Y-30.541 E2.29788
G1 X-20.547 Y-30.541 F7800
G1 X-21.264 Y-32.167
G1 F3600
G1 X-21.493 Y-32.369 E2.30876
G1 X-21.491 Y-32.574 E2.31606
G1 X-21.382 Y-32.719 E2.32252
G1 X-20.624 Y-33.101 E2.35276
G1 X-20.626 Y-33.451 E2.36523
G1 X-20.067 Y-33.38 E2.3853
G1 X-19.716 Y-33.165 E2.39996
G1 X-19.507 Y-32.868 E2.4129
G1 X-19.445 Y-32.532 E2.42507
G1 X-19.532 Y-32.193 E2.43754
G1 X-19.766 Y-31.889 E2.45121
G1 X-20.138 Y-31.663 E2.46672
G1 X-20.658 Y-31.561 E2.4856
G1 X-21.59 Y-31.932 E2.52134
G1 X-21.828 Y-32.251 E2.53552
G1 X-21.817 Y-32.714 E2.55202
G1 X-21.595 Y-33.002 E2.56497
G1 X-20.956 Y-33.373 E2.59129
G1 X-20.669 Y-33.451 E2.60188
G1 E.60188 F2400
G92 E0
G1 X-20.669 Y-33.451 F7800
G1 X-21.462 Y-26.581
G1 E2 F2400
G1 F3600
G1 X-21.504 Y-26.721 E2.00521
G1 X-21.423 Y-26.886 E2.01176
G1 X-20.919 Y-27.339 E2.0359
G1 X-20.56 Y-27.506 E2.05001
G1 X-20.545 Y-27.855 E2.06245
G1 X-20.199 Y-27.825 E2.07482
G1 X-19.846 Y-27.675 E2.08848
G1 X-19.59 Y-27.429 E2.10113
G1 X-19.333 Y-26.865 E2.12321
G1 X-19.338 Y-26.537 E2.1349
G1 X-19.61 Y-26.11 E2.15294
G1 X-19.895 Y-25.867 E2.16628
G1 X-20.247 Y-25.72 E2.17987
G1 X-20.557 Y-25.71 E2.19092
G1 X-20.838 Y-25.776 E2.2012
G1 X-21.534 Y-26.157 E2.22947
G1 X-21.818 Y-26.487 E2.24498
G1 X-21.86 Y-26.731 E2.2538
G1 X-21.687 Y-27.12 E2.26897
G1 X-21.144 Y-27.61 E2.29503
G1 X-20.587 Y-27.857 E2.31674
G1 E.31674 F2400
G92 E0
G1 X-20.587 Y-27.857 F7800
G1 X-21.437 Y-23.654
G1 E2 F2400
G1 F3600
G1 X-21.503 Y-23.834 E2.00683
G1 X-21.425 Y-23.996 E2.01324
G1 X-20.804 Y-24.365 E2.03897
G1 X-20.545 Y-24.422 E2.04842
G1 X-20.504 Y-24.77 E2.0609
G1 X-20.069 Y-24.684 E2.0767
G1 X-19.708 Y-24.467 E2.0917
G1 X-19.489 Y-24.168 E2.1049
G1 X-19.419 Y-23.832 E2.11713
G1 X-19.498 Y-23.494 E2.1295
G1 X-19.725 Y-23.193 E2.14293
G1 X-20.087 Y-22.971 E2.15806
G1 X-20.706 Y-22.882 E2.18034
G1 X-21.535 Y-23.267 E2.2129
G1 X-21.818 Y-23.602 E2.22852
G1 X-21.86 Y-23.846 E2.23734
G1 X-21.686 Y-24.234 E2.25249
G1 X-20.942 Y-24.688 E2.28354
G1 X-20.547 Y-24.775 E2.29795
G1 E.29795 F2400
G92 E0
G1 X-20.547 Y-24.775 F7800
G1 X-17.236 Y-24.408
G1 E2 F2400
G1 F3600
G1 X-16.911 Y-24.477 E2.01184
G1 X-16.519 Y-24.4 E2.02607
G1 X-16.207 Y-24.599 E2.03925
G1 X-15.744 Y-24.677 E2.05598
G1 X-15.684 Y-25.022 E2.06845
G1 X-15.47 Y-24.988 E2.07617
G1 X-15.159 Y-24.764 E2.08982
G1 X-15.139 Y-24.427 E2.10185
G1 X-15.456 Y-24.067 E2.11894
G1 X-15.72 Y-23.95 E2.12923
G1 X-16.4 Y-23.96 E2.15346
G1 X-16.875 Y-23.749 E2.17198
G1 X-17.249 Y-23.759 E2.18531
G1 X-17.658 Y-23.97 E2.2017
G1 X-17.77 Y-24.266 E2.21297
G1 X-17.538 Y-24.643 E2.22874
G1 X-17.223 Y-24.795 E2.2412
G1 X-16.589 Y-24.77 E2.2638
G1 X-16.346 Y-24.926 E2.27409
G1 X-15.727 Y-25.03 E2.29645
G1 E.29645 F2400
G92 E0
G1 X-15.727 Y-25.03 F7800
G1 X-12.803 Y-27.995
G1 E2 F2400
G1 F3600
G1 X-12.904 Y-28.109 E2.00543
G1 X-12.682 Y-28.27 E2.0152
G1 X-11.515 Y-28.321 E2.05681
G1 X-11.481 Y-28.669 E2.06927
G1 X-11.23 Y-28.642 E2.07826
G1 X-10.968 Y-28.539 E2.08829
G1 X-10.647 Y-28.219 E2.10444
G1 X-10.652 Y-27.892 E2.11609
G1 X-10.772 Y-27.744 E2.12288
G1 X-11.229 Y-27.57 E2.1403
G1 X-11.78 Y-27.663 E2.16021
G1 X-12.748 Y-27.596 E2.19478
G1 X-13.048 Y-27.716 E2.20629
G1 X-13.235 Y-27.926 E2.21631
G1 X-13.211 Y-28.281 E2.22899
G1 X-12.828 Y-28.589 E2.2465
G1 X-11.524 Y-28.674 E2.29305
G1 E.29305 F2400
G92 E0
G1 X-11.524 Y-28.674 F7800
G1 X-11.106 Y-24.648
G1 E2 F2400
G1 F3600
G1 X-11.469 Y-24.637 E2.01294
G1 X-11.711 Y-24.796 E2.02326
G1 X-11.416 Y-24.989 E2.03582
G1 X-10.822 Y-25.105 E2.05738
G1 X-10.823 Y-25.456 E2.06988
G1 X-9.842 Y-25.253 E2.10557
G1 X-9.52 Y-24.933 E2.12174
G1 X-9.525 Y-24.606 E2.13339
G1 X-9.846 Y-24.34 E2.14824
G1 X-10.875 Y-24.244 E2.18506
G1 X-11.547 Y-24.292 E2.20906
G1 X-11.95 Y-24.501 E2.22523
G1 X-12.068 Y-24.802 E2.23675
G1 X-11.838 Y-25.174 E2.25233
G1 X-11.514 Y-25.33 E2.26514
G1 X-10.866 Y-25.458 E2.28867
G1 E.28867 F2400
G92 E0
G1 X-10.866 Y-25.458 F7800
G1 X-10.474 Y-20.417
G1 E2 F2400
G1 F3600
G1 X-10.51 Y-20.484 E2.00271
G1 X-10.416 Y-20.598 E2.00797
G1 X-10.168 Y-20.696 E2.01747
G1 X-9.793 Y-20.663 E2.03088
G1 X-9.06 Y-20.774 E2.05729
G1 X-9.05 Y-21.124 E2.06976
G1 X-8.807 Y-21.108 E2.07844
G1 X-8.545 Y-21.016 E2.08833
G1 X-8.224 Y-20.702 E2.10433
G1 X-8.228 Y-20.375 E2.11598
G1 X-8.348 Y-20.226 E2.1228
G1 X-8.807 Y-20.042 E2.14042
G1 X-9.396 Y-20.112 E2.16155
G1 X-9.963 Y-19.98 E2.18229
G1 X-10.353 Y-19.991 E2.19619
G1 X-10.654 Y-20.111 E2.20773
G1 X-10.844 Y-20.327 E2.21798
G1 X-10.849 Y-20.595 E2.22753
G1 X-10.765 Y-20.747 E2.23372
G1 X-10.441 Y-20.98 E2.24794
G1 X-9.093 Y-21.126 E2.29624
G1 E.29624 F2400
G92 E0
G1 X-9.093 Y-21.126 F7800
G1 X-5.765 Y-24.486
G1 E2 F2400
G1 F3600
G1 X-5.942 Y-24.571 E2.00699
G1 X-6.021 Y-24.748 E2.01389
G1 X-5.814 Y-24.831 E2.02183
G1 X-5.393 Y-24.777 E2.03695
G1 X-5.01 Y-24.882 E2.0511
G1 X-4.917 Y-25.22 E2.06359
G1 X-4.436 Y-25.229 E2.08073
G1 X-4.183 Y-25.17 E2.08998
G1 X-3.864 Y-24.898 E2.10491
G1 X-3.861 Y-24.57 E2.1166
G1 X-3.979 Y-24.403 E2.12388
G1 X-4.438 Y-24.16 E2.14238
G1 X-5.191 Y-24.037 E2.16956
G1 X-5.976 Y-24.188 E2.19804
G1 X-6.356 Y-24.512 E2.21583
G1 X-6.378 Y-24.848 E2.22783
G1 X-6.191 Y-25.062 E2.23795
G1 X-5.889 Y-25.177 E2.24946
G1 X-5.409 Y-25.147 E2.26659
G1 X-4.958 Y-25.233 E2.28295
G1 E.28295 F2400
G92 E0
G1 X-4.958 Y-25.233 F7800
G1 X-3.952 Y-20.404
G1 E2 F2400
G1 F3600
G1 X-4.226 Y-20.579 E2.01158
G1 X-4.556 Y-20.666 E2.02374
G1 X-4.788 Y-20.872 E2.03479
G1 X-4.451 Y-21 E2.04763
G1 X-4.426 Y-21.349 E2.06009
G1 X-3.738 Y-21.234 E2.08494
G1 X-2.931 Y-20.982 E2.11506
G1 X-2.729 Y-20.831 E2.12404
G1 X-2.575 Y-20.493 E2.13727
G1 X-2.735 Y-20.186 E2.1496
G1 X-2.921 Y-20.076 E2.1573
G1 X-3.193 Y-20.013 E2.16725
G1 X-4.197 Y-20.111 E2.20319
G1 X-4.903 Y-20.467 E2.23136
G1 X-5.127 Y-20.763 E2.24458
G1 X-5.147 Y-20.928 E2.2505
G1 X-5.03 Y-21.16 E2.25976
G1 X-4.683 Y-21.339 E2.27367
G1 X-4.469 Y-21.352 E2.28131
G1 E.28131 F2400
G92 E0
G1 X-4.469 Y-21.352 F7800
G1 X5.85 Y-24.429
G1 E2 F2400
G1 F3600
G1 X5.518 Y-24.496 E2.01207
G1 X5.287 Y-24.712 E2.02334
G1 X5.5 Y-24.823 E2.0319
G1 X5.937 Y-24.764 E2.04761
G1 X6.189 Y-24.835 E2.05694
G1 X6.19 Y-25.186 E2.06944
G1 X6.258 Y-25.183 E2.07186
G1 X7.187 Y-24.913 E2.10632
G1 X7.508 Y-24.592 E2.12249
G1 X7.504 Y-24.265 E2.13414
G1 X7.183 Y-24 E2.14897
G1 X6.927 Y-23.945 E2.1583
G1 X6.469 Y-24.015 E2.17481
G1 X6.145 Y-23.976 E2.18644
G1 X5.36 Y-24.182 E2.21535
G1 X4.977 Y-24.512 E2.23336
G1 X4.956 Y-24.848 E2.24535
G1 X5.142 Y-25.062 E2.25545
G1 X5.437 Y-25.173 E2.26668
G1 X5.944 Y-25.13 E2.28481
G1 X6.148 Y-25.188 E2.29237
G1 E.29237 F2400
G92 E0
G1 X6.148 Y-25.188 F7800
G1 X7.52 Y-27.934
G1 E2 F2400
G1 F3600
G1 X7.158 Y-27.923 E2.0129
G1 X6.915 Y-28.082 E2.02325
G1 X7.211 Y-28.274 E2.03582
G1 X7.804 Y-28.391 E2.05735
G1 X7.804 Y-28.741 E2.06982
G1 X8.785 Y-28.539 E2.1055
G1 X9.106 Y-28.219 E2.12165
G1 X9.101 Y-27.892 E2.1333
G1 X8.781 Y-27.626 E2.14812
G1 X7.752 Y-27.53 E2.18494
G1 X7.08 Y-27.578 E2.20894
G1 X6.677 Y-27.786 E2.2251
G1 X6.559 Y-28.088 E2.23665
G1 X6.788 Y-28.459 E2.25218
G1 X7.113 Y-28.616 E2.26504
G1 X7.761 Y-28.743 E2.28856
G1 E.28856 F2400
G92 E0
G1 X7.761 Y-28.743 F7800
G1 X8.64 Y-31.78
G1 E2 F2400
G1 F3600
G1 X8.363 Y-31.958 E2.01173
G1 X8.037 Y-32.045 E2.02375
G1 X7.805 Y-32.253 E2.03485
G1 X8.141 Y-32.38 E2.04765
G1 X8.166 Y-32.729 E2.06011
G1 X8.853 Y-32.612 E2.08494
G1 X9.658 Y-32.36 E2.11499
G1 X9.861 Y-32.209 E2.124
G1 X10.015 Y-31.872 E2.1372
G1 X9.855 Y-31.564 E2.14956
G1 X9.668 Y-31.454 E2.15729
G1 X9.397 Y-31.392 E2.16719
G1 X8.395 Y-31.488 E2.20305
G1 X7.689 Y-31.848 E2.23128
G1 X7.466 Y-32.144 E2.24448
G1 X7.445 Y-32.309 E2.25041
G1 X7.562 Y-32.54 E2.25963
G1 X7.91 Y-32.719 E2.27357
G1 X8.124 Y-32.732 E2.28121
G1 E.28121 F2400
G92 E0
G1 X8.124 Y-32.732 F7800
G1 X13.445 Y-32.249
G1 E2 F2400
G1 F3600
G1 X13.409 Y-32.315 E2.00268
G1 X13.503 Y-32.429 E2.00794
G1 X13.752 Y-32.528 E2.01749
G1 X14.126 Y-32.494 E2.03087
G1 X14.86 Y-32.606 E2.05732
G1 X14.869 Y-32.956 E2.06979
G1 X15.113 Y-32.94 E2.0785
G1 X15.374 Y-32.849 E2.08835
G1 X15.695 Y-32.535 E2.10435
G1 X15.691 Y-32.208 E2.116
G1 X15.571 Y-32.059 E2.12282
G1 X15.112 Y-31.874 E2.14045
G1 X14.523 Y-31.944 E2.16158
G1 X13.956 Y-31.812 E2.18232
G1 X13.566 Y-31.823 E2.19622
G1 X13.265 Y-31.943 E2.20776
G1 X13.075 Y-32.159 E2.21801
G1 X13.07 Y-32.426 E2.22752
G1 X13.155 Y-32.579 E2.23376
G1 X13.478 Y-32.812 E2.24795
G1 X14.826 Y-32.959 E2.29626
G1 E.29626 F2400
G92 E0
G1 X14.826 Y-32.959 F7800
G1 X19.987 Y-31.826
G1 E2 F2400
G1 F3600
G1 X19.718 Y-31.998 E2.01137
G1 X19.383 Y-32.084 E2.02369
G1 X19.151 Y-32.289 E2.03472
G1 X19.489 Y-32.418 E2.04761
G1 X19.512 Y-32.768 E2.06011
G1 X20.204 Y-32.655 E2.08509
G1 X21.011 Y-32.402 E2.11522
G1 X21.213 Y-32.251 E2.1242
G1 X21.368 Y-31.914 E2.13741
G1 X21.208 Y-31.606 E2.14977
G1 X21.021 Y-31.496 E2.1575
G1 X20.749 Y-31.434 E2.16744
G1 X19.744 Y-31.532 E2.20341
G1 X19.028 Y-31.89 E2.23193
G1 X18.812 Y-32.18 E2.24481
G1 X18.791 Y-32.345 E2.25074
G1 X18.908 Y-32.577 E2.26
G1 X19.256 Y-32.756 E2.27394
G1 X19.47 Y-32.77 E2.28158
G1 E.28158 F2400
G92 E0
G1 X19.47 Y-32.77 F7800
G1 X18.362 Y-28.095
G1 E2 F2400
G1 F3600
G1 X18.958 Y-28.078 E2.02124
G1 X19.89 Y-28.22 E2.05482
G1 X19.965 Y-28.562 E2.06729
G1 X20.16 Y-28.517 E2.07442
G1 X20.495 Y-28.246 E2.08977
G1 X20.499 Y-27.917 E2.10149
G1 X20.181 Y-27.6 E2.11749
G1 X19.923 Y-27.502 E2.12732
G1 X19.278 Y-27.55 E2.15036
G1 X18.805 Y-27.405 E2.16798
G1 X18.4 Y-27.437 E2.18245
G1 X17.961 Y-27.717 E2.201
G1 X17.854 Y-28.036 E2.21299
G1 X17.97 Y-28.267 E2.2222
G1 X18.316 Y-28.455 E2.23623
G1 X18.977 Y-28.433 E2.25979
G1 X19.924 Y-28.571 E2.29388
G1 E.29388 F2400
G92 E0
G1 X19.924 Y-28.571 F7800
G1 X21.82 Y-24.886
G1 E2 F2400
G1 F3600
G1 X21.988 Y-24.713 E2.00859
G1 X21.933 Y-24.594 E2.01326
G1 X21.81 Y-24.553 E2.01788
G1 X21.699 Y-24.61 E2.02233
G1 X21.66 Y-24.76 E2.02785
G1 X21.82 Y-24.886 E2.03511
G1 X21.845 Y-25.236 E2.04761
G1 X22.008 Y-25.206 E2.05351
G1 X22.19 Y-25.089 E2.06122
G1 X22.345 Y-24.704 E2.07601
G1 X22.171 Y-24.328 E2.09077
G1 X21.782 Y-24.197 E2.10539
G1 X21.426 Y-24.38 E2.11965
G1 X21.305 Y-24.764 E2.13399
G1 X21.48 Y-25.107 E2.14771
G1 X21.802 Y-25.24 E2.16012
G1 E.16012 F2400
G92 E0
G1 X21.802 Y-25.24 F7800
G1 X24.565 Y-26.15
G1 E2 F2400
G1 F3600
G1 X24.357 Y-26.216 E2.00777
G1 X24.169 Y-26.481 E2.01934
G1 X23.817 Y-26.676 E2.03368
G1 X23.714 Y-27.04 E2.04716
G1 X23.819 Y-27.068 E2.05103
G1 X23.878 Y-27.413 E2.0635
G1 X24.141 Y-27.358 E2.07307
G1 X24.449 Y-27.166 E2.086
G1 X25.388 Y-27.196 E2.11947
G1 X25.7 Y-26.972 E2.13315
G1 X25.72 Y-26.635 E2.14518
G1 X25.322 Y-26.193 E2.16637
G1 X25.486 Y-25.709 E2.18457
G1 X25.912 Y-25.23 E2.20741
G1 X25.993 Y-24.917 E2.21893
G1 X25.978 Y-24.605 E2.23006
G1 X25.754 Y-24.215 E2.24608
G1 X25.436 Y-24.165 E2.25755
G1 X25.098 Y-24.401 E2.27224
G1 X24.891 Y-24.861 E2.29021
G1 X24.919 Y-25.439 E2.31082
G1 X24.576 Y-25.792 E2.32835
G1 X24.123 Y-25.941 E2.34534
G1 X23.925 Y-26.221 E2.35756
G1 X23.539 Y-26.458 E2.3737
G1 X23.408 Y-26.757 E2.38533
G1 X23.367 Y-27.12 E2.39834
G1 X23.569 Y-27.375 E2.40993
G1 X23.836 Y-27.421 E2.41958
G1 E.41958 F2400
G92 E0
G1 X23.836 Y-27.421 F7800
G1 X24.965 Y-30.689
G1 E2 F2400
G1 F3600
G1 X24.923 Y-30.929 E2.00868
G1 X24.476 Y-31.594 E2.03722
G1 X24.543 Y-32.251 E2.06075
G1 X24.967 Y-32.062 E2.07729
G1 X25.181 Y-31.803 E2.08926
G1 X25.479 Y-31.076 E2.11725
G1 X25.731 Y-30.739 E2.13224
G1 X25.821 Y-30.182 E2.15234
G1 X25.627 Y-29.865 E2.16558
G1 X25.284 Y-29.829 E2.17787
G1 X24.892 Y-30.072 E2.1943
G1 X24.734 Y-30.284 E2.20372
G1 X24.594 Y-30.779 E2.22205
G1 X24.183 Y-31.364 E2.24752
G1 X24.131 Y-31.948 E2.26841
G1 X24.328 Y-32.207 E2.28
G1 X24.501 Y-32.255 E2.2864
G1 E.2864 F2400
G92 E0
G1 X24.501 Y-32.255 F7800
G1 X17.176 Y-24.439
G1 E2 F2400
G1 F3600
G1 X16.886 Y-24.504 E2.01059
G1 X16.668 Y-24.712 E2.02132
G1 X16.881 Y-24.823 E2.02988
G1 X17.372 Y-24.749 E2.04757
G1 X17.6 Y-24.831 E2.0562
G1 X17.584 Y-25.182 E2.06872
G1 X17.774 Y-25.179 E2.07549
G1 X18.319 Y-25.095 E2.09513
G1 X18.782 Y-24.844 E2.11389
G1 X18.901 Y-24.675 E2.12125
G1 X18.896 Y-24.348 E2.1329
G1 X18.575 Y-24.082 E2.14775
G1 X17.54 Y-23.984 E2.18479
G1 X16.737 Y-24.185 E2.21428
G1 X16.358 Y-24.512 E2.23211
G1 X16.337 Y-24.848 E2.2441
G1 X16.523 Y-25.062 E2.2542
G1 X16.819 Y-25.173 E2.26546
G1 X17.364 Y-25.118 E2.28497
G1 X17.541 Y-25.182 E2.29167
G1 E.29167 F2400
G92 E0
G1 X17.541 Y-25.182 F7800
G1 X18.63 Y-20.381
G1 E2 F2400
G1 F3600
G1 X18.376 Y-20.546 E2.01079
G1 X18.022 Y-20.63 E2.02375
G1 X17.792 Y-20.832 E2.03465
G1 X18.132 Y-20.965 E2.04766
G1 X18.153 Y-21.314 E2.06012
G1 X18.852 Y-21.209 E2.0853
G1 X19.662 Y-20.955 E2.11554
G1 X19.865 Y-20.805 E2.12453
G1 X20.019 Y-20.467 E2.13776
G1 X19.859 Y-20.159 E2.15012
G1 X19.401 Y-19.987 E2.16755
G1 X18.941 Y-20.059 E2.18414
G1 X18.616 Y-20.02 E2.1958
G1 X17.862 Y-20.319 E2.2247
G1 X17.537 Y-20.57 E2.23933
G1 X17.432 Y-20.888 E2.25126
G1 X17.647 Y-21.201 E2.26479
G1 X18.11 Y-21.317 E2.28179
G1 E.28179 F2400
G92 E0
G1 X18.11 Y-21.317 F7800
G1 X13.013 Y-20.406
G1 E2 F2400
G1 F3600
G1 X12.741 Y-20.579 E2.01148
G1 X12.408 Y-20.665 E2.02373
G1 X12.176 Y-20.871 E2.03478
G1 X12.514 Y-21 E2.04767
G1 X12.538 Y-21.349 E2.06013
G1 X13.228 Y-21.235 E2.08504
G1 X14.034 Y-20.982 E2.11513
G1 X14.237 Y-20.832 E2.12412
G1 X14.391 Y-20.494 E2.13735
G1 X14.231 Y-20.187 E2.14968
G1 X14.044 Y-20.077 E2.15741
G1 X13.773 Y-20.014 E2.16732
G1 X12.768 Y-20.113 E2.2033
G1 X12.054 Y-20.472 E2.23177
G1 X11.837 Y-20.762 E2.24467
G1 X11.817 Y-20.927 E2.25059
G1 X11.934 Y-21.159 E2.25985
G1 X12.281 Y-21.338 E2.27376
G1 X12.495 Y-21.352 E2.2814
G1 E.2814 F2400
G92 E0
G1 X11.539 Y-24.439 F7800
G1 E2 F2400
G1 F3600
G1 X11.283 Y-24.468 E2.00918
G1 X11.064 Y-24.58 E2.01794
G1 X10.97 Y-24.722 E2.02401
G1 X11.201 Y-24.828 E2.03306
G1 X11.628 Y-24.8 E2.0483
G1 X11.875 Y-24.87 E2.05745
G1 X11.876 Y-25.22 E2.06992
G1 X11.95 Y-25.217 E2.07256
G1 X12.878 Y-24.949 E2.10697
G1 X13.199 Y-24.629 E2.12312
G1 X13.195 Y-24.302 E2.13477
G1 X12.874 Y-24.036 E2.14962
G1 X12.618 Y-23.981 E2.15895
G1 X12.161 Y-24.051 E2.17542
G1 X11.83 Y-24.01 E2.1873
G1 X11.181 Y-24.128 E2.2108
G1 X10.719 Y-24.431 E2.23048
G1 X10.614 Y-24.749 E2.24241
G1 X10.828 Y-25.062 E2.25592
G1 X11.129 Y-25.175 E2.26737
G1 X11.595 Y-25.154 E2.28399
G1 X11.833 Y-25.222 E2.29281
G1 E.29281 F2400
G92 E0
G1 X11.833 Y-25.222 F7800
G1 X13.161 Y-27.934
G1 E2 F2400
G1 F3600
G1 X12.799 Y-27.923 E2.0129
G1 X12.556 Y-28.082 E2.02325
G1 X12.852 Y-28.274 E2.03582
G1 X13.445 Y-28.391 E2.05735
G1 X13.445 Y-28.741 E2.06982
G1 X14.426 Y-28.539 E2.1055
G1 X14.747 Y-28.219 E2.12165
G1 X14.742 Y-27.892 E2.1333
G1 X14.422 Y-27.626 E2.14812
G1 X13.393 Y-27.53 E2.18494
G1 X12.721 Y-27.578 E2.20894
G1 X12.318 Y-27.786 E2.2251
G1 X12.2 Y-28.088 E2.23665
G1 X12.429 Y-28.459 E2.25218
G1 X12.754 Y-28.616 E2.26504
G1 X13.402 Y-28.743 E2.28856
G1 E.28856 F2400
G92 E0
G1 X13.402 Y-28.743 F7800
G1 X6.491 Y-20.417
G1 E2 F2400
G1 F3600
G1 X6.454 Y-20.484 E2.00273
G1 X6.548 Y-20.598 E2.00799
G1 X6.797 Y-20.696 E2.01752
G1 X7.171 Y-20.663 E2.0309
G1 X7.904 Y-20.774 E2.05731
G1 X7.914 Y-21.124 E2.06978
G1 X8.158 Y-21.107 E2.07849
G1 X8.419 Y-21.015 E2.08835
G1 X8.74 Y-20.701 E2.10435
G1 X8.736 Y-20.374 E2.116
G1 X8.616 Y-20.225 E2.12282
G1 X8.157 Y-20.041 E2.14044
G1 X7.568 Y-20.112 E2.16157
G1 X7.001 Y-19.98 E2.18231
G1 X6.611 Y-19.991 E2.19621
G1 X6.31 Y-20.111 E2.20775
G1 X6.12 Y-20.327 E2.218
G1 X6.115 Y-20.595 E2.22755
G1 X6.2 Y-20.747 E2.23375
G1 X6.523 Y-20.98 E2.24794
G1 X7.871 Y-21.126 E2.29624
G1 E.29624 F2400
G92 E0
G1 X23.667 Y-20.812 F7800
G1 E2 F2400
G1 F3600
G1 X25.01 Y-21.052 E2.0486
G1 X25.026 Y-21.401 E2.06105
G1 X25.191 Y-21.393 E2.06693
G1 X25.604 Y-21.217 E2.08292
G1 X25.77 Y-21.015 E2.09223
G1 X25.768 Y-20.66 E2.10488
G1 X25.639 Y-20.508 E2.11198
G1 X25.189 Y-20.33 E2.12922
G1 X24.438 Y-20.431 E2.15621
G1 X24.394 Y-20.242 E2.16312
G1 X23.93 Y-20.128 E2.18014
G1 X23.558 Y-20.125 E2.19339
G1 X23.123 Y-20.364 E2.21107
G1 X23.075 Y-20.684 E2.2226
G1 X23.3 Y-21.006 E2.23659
G1 X23.476 Y-21.111 E2.24389
G1 X24.983 Y-21.403 E2.29857
G1 E.29857 F2400
G92 E0
G1 X24.983 Y-21.403 F7800
G1 X-15.303 Y-20.366
G1 E2 F2400
G1 F3600
G1 X-15.574 Y-20.539 E2.01145
G1 X-15.907 Y-20.625 E2.0237
G1 X-16.139 Y-20.831 E2.03475
G1 X-15.801 Y-20.96 E2.04764
G1 X-15.777 Y-21.309 E2.0601
G1 X-15.087 Y-21.195 E2.08501
G1 X-14.28 Y-20.943 E2.11513
G1 X-14.078 Y-20.792 E2.12411
G1 X-13.924 Y-20.454 E2.13734
G1 X-14.084 Y-20.147 E2.14967
G1 X-14.27 Y-20.037 E2.15737
G1 X-14.542 Y-19.974 E2.16732
G1 X-15.547 Y-20.073 E2.2033
G1 X-16.261 Y-20.432 E2.23177
G1 X-16.478 Y-20.722 E2.24467
G1 X-16.498 Y-20.887 E2.25059
G1 X-16.381 Y-21.119 E2.25985
G1 X-16.034 Y-21.298 E2.27376
G1 X-15.82 Y-21.312 E2.2814
G1 E.2814 F2400
G92 E0
G1 X-21.236 Y-20.631 F7800
G1 E2 F2400
G1 F3600
G1 X-21.478 Y-20.848 E2.01158
G1 X-21.457 Y-21.106 E2.0208
G1 X-21.371 Y-21.211 E2.02564
G1 X-20.576 Y-21.523 E2.05606
G1 X-20.571 Y-21.873 E2.06853
G1 X-20.068 Y-21.8 E2.08664
G1 X-19.708 Y-21.583 E2.10161
G1 X-19.489 Y-21.285 E2.11478
G1 X-19.419 Y-20.949 E2.12701
G1 X-19.498 Y-20.611 E2.13938
G1 X-19.725 Y-20.31 E2.15281
G1 X-20.085 Y-20.089 E2.16786
G1 X-20.562 Y-19.984 E2.18526
G1 X-20.942 Y-20.053 E2.19902
G1 X-21.703 Y-20.545 E2.2313
G1 X-21.855 Y-20.97 E2.24738
G1 X-21.73 Y-21.333 E2.26106
G1 X-21.585 Y-21.498 E2.26889
G1 X-20.614 Y-21.875 E2.306
G1 E.306 F2400
G92 E0
G1 X-20.614 Y-21.875 F7800
G1 X-23.996 Y-40.395
G1 E2 F2400
;TYPE:Perimeter
;WIDTH:0.45
G1 F3600
G1 X-23.996 Y-39.391 E2.04829
G1 X-23.996 Y-12.387 E3.34709
G1 X-26.004 Y-12.387 E3.44367
G1 X-26.004 Y-40.395 E4.79076
G1 X-24.056 Y-40.395 E4.88445
G1 X-24.056 Y-40.395 F7800
G1 X-23.611 Y-40.78
G1 F3600
G1 X-23.611 Y-39.391 E4.95126
G1 X-23.611 Y-12.002 E6.26858
G1 X-26.389 Y-12.002 E6.40219
G1 X-26.389 Y-40.78 E7.78631
G1 X-23.671 Y-40.78 E7.91704
G1 X-23.671 Y-40.78 F7800
G1 X-23.225 Y-41.166
;TYPE:External perimeter
G1 F1800
G1 X-23.225 Y-39.391 E8.00241
G1 X-23.225 Y-11.616 E9.33829
G1 X-26.775 Y-11.616 E9.50903
G1 X-26.775 Y-41.166 E10.93028
G1 X-23.285 Y-41.166 E11.09814
G1 X-23.226 Y-40.77 F7800
G1 X-24.478 Y-40.106
;TYPE:Solid infill
G1 F1200
G1 X-25.715 Y-40.106 E11.15764
G1 X-25.715 Y-12.676 E12.47693
G1 X-24.285 Y-12.676 E12.54571
G1 X-24.285 Y-40.106 E13.865
G1 X-24.739 Y-39.652 E13.89588
;WIDTH:0.586121
G1 X-24.739 Y-13.13 E15.62178
G1 X-25.261 Y-13.13 E15.65575
G1 X-25.261 Y-39.652 E17.38165
G1 X-24.932 Y-39.652 E17.40306
;LAYER_CHANGE
;Z:3.35
;HEIGHT:0.3
G1 Z3.35 F7800
G1 E15.40306 F2400
G92 E0
G1 X2.392 Y-20.548 F7800
G1 E2 F2400
;TYPE:Support material
;WIDTH:0.35
G1 F3600
G1 X2.787 Y-20.451 E2.01449
G1 X2.463 Y-20.42 E2.02608
G1 X2.288 Y-20.519 E2.03324
G1 X2.392 Y-20.548 E2.03709
G1 X2.397 Y-20.898 E2.04956
G1 X2.619 Y-20.893 E2.05747
G1 X3.036 Y-20.708 E2.07372
G1 X3.176 Y-20.442 E2.08443
G1 X3.034 Y-20.186 E2.09486
G1 X2.859 Y-20.092 E2.10194
G1 X2.372 Y-20.078 E2.1193
G1 X2.146 Y-20.177 E2.12809
G1 X1.899 Y-20.521 E2.14318
G1 X1.964 Y-20.712 E2.15037
G1 X2.355 Y-20.9 E2.16583
G1 X2.355 Y-20.9 F7800
G1 X.96 Y-20.89
G1 F3600
G1 X1.199 Y-20.77 E2.17536
G1 X1.049 Y-20.746 E2.18077
G1 X.722 Y-20.859 E2.19309
G1 X.847 Y-20.892 E2.1977
G1 X.854 Y-21.242 E2.21017
G1 X1.283 Y-21.155 E2.22576
G1 X1.508 Y-20.969 E2.23616
G1 X1.589 Y-20.763 E2.24405
G1 X1.543 Y-20.585 E2.2506
G1 X1.362 Y-20.441 E2.25884
G1 X1.04 Y-20.39 E2.27045
G1 X.697 Y-20.463 E2.28294
G1 X.466 Y-20.606 E2.29262
G1 X.36 Y-20.739 E2.29868
G1 X.363 Y-21.004 E2.30812
G1 X.47 Y-21.125 E2.31387
G1 X.811 Y-21.243 E2.32672
G1 E.32672 F2400
G92 E0
G1 X.811 Y-21.243 F7800
G1 X1.213 Y-24.492
G1 E2 F2400
G1 F3600
G1 X1.608 Y-24.396 E2.01448
G1 X1.284 Y-24.365 E2.02607
G1 X1.109 Y-24.464 E2.03323
G1 X1.213 Y-24.492 E2.03707
G1 X1.219 Y-24.842 E2.04954
G1 X1.44 Y-24.837 E2.05741
G1 X1.857 Y-24.652 E2.07366
G1 X1.997 Y-24.386 E2.08437
G1 X1.855 Y-24.131 E2.09477
G1 X1.68 Y-24.037 E2.10185
G1 X1.193 Y-24.022 E2.11921
G1 X.968 Y-24.121 E2.12797
G1 X.721 Y-24.466 E2.14309
G1 X.786 Y-24.657 E2.15028
G1 X1.176 Y-24.845 E2.1657
G1 X1.176 Y-24.845 F7800
G1 X-.252 Y-24.754
G1 F3600
G1 X-.007 Y-24.636 E2.17539
G1 X-.162 Y-24.61 E2.18099
G1 X-.494 Y-24.721 E2.19346
G1 X-.368 Y-24.755 E2.19811
G1 X-.362 Y-25.105 E2.21058
G1 X.075 Y-25.02 E2.22644
G1 X.302 Y-24.836 E2.23685
G1 X.38 Y-24.636 E2.2445
G1 X.329 Y-24.456 E2.25116
G1 X.142 Y-24.309 E2.25963
G1 X-.177 Y-24.255 E2.27116
G1 X-.52 Y-24.327 E2.28365
G1 X-.751 Y-24.468 E2.29329
G1 X-.856 Y-24.601 E2.29933
G1 X-.852 Y-24.867 E2.30881
G1 X-.746 Y-24.987 E2.31451
G1 X-.405 Y-25.106 E2.32738
G1 E.32738 F2400
G92 E0
G1 X1.42 Y-28.492 F7800
G1 E2 F2400
G1 F3600
G1 X1.667 Y-28.367 E2.00986
G1 X1.181 Y-28.46 E2.02749
G1 X1.307 Y-28.494 E2.03214
G1 X1.313 Y-28.844 E2.04461
G1 X1.744 Y-28.757 E2.06027
G1 X1.969 Y-28.572 E2.07065
G1 X2.049 Y-28.367 E2.07849
G1 X2.002 Y-28.188 E2.08508
G1 X1.824 Y-28.044 E2.09324
G1 X1.503 Y-27.992 E2.10482
G1 X1.155 Y-28.065 E2.11749
G1 X.925 Y-28.207 E2.12712
G1 X.819 Y-28.341 E2.13321
G1 X.823 Y-28.607 E2.14269
G1 X.929 Y-28.726 E2.14837
G1 X1.27 Y-28.845 E2.16124
G1 X1.27 Y-28.845 F7800
G1 X2.856 Y-28.155
G1 F3600
G1 X3.252 Y-28.059 E2.17576
G1 X2.928 Y-28.028 E2.18735
G1 X2.753 Y-28.127 E2.19451
G1 X2.856 Y-28.155 E2.19831
G1 X2.862 Y-28.505 E2.21078
G1 X3.084 Y-28.5 E2.21869
G1 X3.501 Y-28.315 E2.23494
G1 X3.641 Y-28.049 E2.24565
G1 X3.498 Y-27.794 E2.25607
G1 X3.323 Y-27.7 E2.26315
G1 X2.837 Y-27.685 E2.28047
G1 X2.611 Y-27.785 E2.28927
G1 X2.364 Y-28.129 E2.30436
G1 X2.429 Y-28.32 E2.31155
G1 X2.819 Y-28.508 E2.32697
G1 E.32697 F2400
G92 E0
G1 X2.819 Y-28.508 F7800
G1 X2.347 Y-32.352
G1 E2 F2400
G1 F3600
G1 X2.588 Y-32.227 E2.00967
G1 X2.287 Y-32.232 E2.02039
G1 X2.104 Y-32.322 E2.02765
G1 X2.237 Y-32.355 E2.03253
G1 X2.246 Y-32.704 E2.04497
G1 X2.668 Y-32.616 E2.06033
G1 X2.893 Y-32.428 E2.07078
G1 X2.987 Y-32.201 E2.07953
G1 X3.716 Y-32.363 E2.10613
G1 X4.219 Y-32.284 E2.12427
G1 X4.4 Y-32.17 E2.13189
G1 X4.54 Y-31.903 E2.14263
G1 X4.397 Y-31.648 E2.15305
G1 X3.992 Y-31.514 E2.16825
G1 X3.511 Y-31.638 E2.18595
G1 X3.277 Y-31.845 E2.19708
G1 X2.848 Y-31.934 E2.21269
G1 X2.432 Y-31.85 E2.22781
G1 X2.191 Y-31.893 E2.23653
G1 X1.856 Y-32.067 E2.24998
G1 X1.716 Y-32.339 E2.26088
G1 X1.86 Y-32.59 E2.27119
G1 X2.203 Y-32.706 E2.28409
G1 E.28409 F2400
G92 E0
G1 X2.203 Y-32.706 F7800
G1 X-1.851 Y-32.456
G1 E2 F2400
G1 F3600
G1 X-1.47 Y-32.365 E2.01395
G1 X-1.801 Y-32.332 E2.0258
G1 X-1.964 Y-32.417 E2.03235
G1 X-1.851 Y-32.456 E2.03661
G1 X-1.856 Y-32.806 E2.04908
G1 X-1.638 Y-32.805 E2.05685
G1 X-1.221 Y-32.622 E2.07307
G1 X-1.081 Y-32.355 E2.08381
G1 X-1.224 Y-32.1 E2.09423
G1 X-1.399 Y-32.006 E2.10131
G1 X-1.887 Y-31.989 E2.11871
G1 X-2.114 Y-32.083 E2.12746
G1 X-2.283 Y-32.231 E2.13546
G1 X-2.355 Y-32.418 E2.1426
G1 X-2.298 Y-32.593 E2.14916
G1 X-1.899 Y-32.808 E2.16531
G1 X-1.899 Y-32.808 F7800
G1 X-3.346 Y-32.408
G1 F3600
G1 X-3.169 Y-32.363 E2.17182
G1 X-3.414 Y-32.268 E2.18118
G1 X-3.639 Y-32.307 E2.18931
G1 X-3.346 Y-32.408 E2.20035
G1 X-3.302 Y-32.756 E2.21285
G1 X-3.033 Y-32.7 E2.22264
G1 X-2.833 Y-32.544 E2.23168
G1 X-2.777 Y-32.363 E2.23843
G1 X-2.847 Y-32.172 E2.24568
G1 X-3.066 Y-31.998 E2.25564
G1 X-3.386 Y-31.913 E2.26743
G1 X-3.891 Y-32.042 E2.286
G1 X-4.033 Y-32.293 E2.29627
G1 X-3.916 Y-32.541 E2.30604
G1 X-3.739 Y-32.665 E2.31374
G1 X-3.344 Y-32.763 E2.32824
G1 E.32824 F2400
G92 E0
G1 X-3.344 Y-32.763 F7800
G1 X-7.406 Y-32.443
G1 E2 F2400
G1 F3600
G1 X-7.203 Y-32.363 E2.00777
G1 X-7.385 Y-32.308 E2.01454
G1 X-7.693 Y-32.38 E2.02581
G1 X-7.406 Y-32.443 E2.03628
G1 X-7.327 Y-32.784 E2.04875
G1 X-7.135 Y-32.732 E2.05584
G1 X-6.847 Y-32.489 E2.06926
G1 X-6.848 Y-32.225 E2.07866
G1 X-7.135 Y-32.001 E2.09163
G1 X-7.623 Y-31.973 E2.10904
G1 X-8.018 Y-32.196 E2.1252
G1 X-8.083 Y-32.377 E2.13205
G1 X-8.014 Y-32.568 E2.13928
G1 X-7.851 Y-32.705 E2.14687
G1 X-7.368 Y-32.795 E2.16437
G1 X-7.368 Y-32.795 F7800
G1 X-9.076 Y-32.333
G1 F3600
G1 X-8.899 Y-32.288 E2.17088
G1 X-9.144 Y-32.193 E2.18024
G1 X-9.37 Y-32.232 E2.18841
G1 X-9.076 Y-32.333 E2.19948
G1 X-9.032 Y-32.681 E2.21198
G1 X-8.763 Y-32.625 E2.22177
G1 X-8.563 Y-32.469 E2.23081
G1 X-8.508 Y-32.288 E2.23755
G1 X-8.577 Y-32.097 E2.24478
G1 X-8.796 Y-31.923 E2.25474
G1 X-9.116 Y-31.838 E2.26653
G1 X-9.621 Y-31.967 E2.2851
G1 X-9.763 Y-32.218 E2.29537
G1 X-9.646 Y-32.466 E2.30514
G1 X-9.469 Y-32.59 E2.31284
G1 X-9.074 Y-32.688 E2.32734
G1 E.32734 F2400
G92 E0
G1 X-9.074 Y-32.688 F7800
G1 X-12.578 Y-32.391
G1 E2 F2400
G1 F3600
G1 X-12.56 Y-32.31 E2.00296
G1 X-12.613 Y-32.35 E2.00533
G1 X-12.592 Y-32.742 E2.01931
G1 X-12.312 Y-32.655 E2.02976
G1 X-12.208 Y-32.518 E2.03589
G1 X-12.208 Y-32.183 E2.04782
G1 X-12.464 Y-31.965 E2.0598
G1 X-12.794 Y-32.018 E2.07171
G1 X-12.97 Y-32.312 E2.08392
G1 X-12.912 Y-32.558 E2.09292
G1 X-12.635 Y-32.745 E2.10483
G1 E.10483 F2400
G92 E0
G1 X-12.635 Y-32.745 F7800
G1 X-16.199 Y-32.251
G1 E2 F2400
G1 F3600
G1 X-15.804 Y-32.155 E2.01448
G1 X-16.128 Y-32.124 E2.02607
G1 X-16.303 Y-32.223 E2.03323
G1 X-16.199 Y-32.251 E2.03707
G1 X-16.193 Y-32.601 E2.04954
G1 X-15.972 Y-32.596 E2.05741
G1 X-15.555 Y-32.411 E2.07366
G1 X-15.415 Y-32.145 E2.08437
G1 X-15.557 Y-31.89 E2.09477
G1 X-15.732 Y-31.796 E2.10185
G1 X-16.219 Y-31.781 E2.11921
G1 X-16.445 Y-31.881 E2.12801
G1 X-16.692 Y-32.225 E2.1431
G1 X-16.626 Y-32.416 E2.1503
G1 X-16.236 Y-32.604 E2.16572
G1 X-16.236 Y-32.604 F7800
G1 X-17.674 Y-32.365
G1 F3600
G1 X-17.445 Y-32.285 E2.17436
G1 X-17.636 Y-32.231 E2.18143
G1 X-17.926 Y-32.325 E2.19229
G1 X-17.674 Y-32.365 E2.20138
G1 X-17.59 Y-32.705 E2.21386
G1 X-17.271 Y-32.595 E2.22588
G1 X-17.122 Y-32.472 E2.23276
G1 X-17.056 Y-32.285 E2.23982
G1 X-17.118 Y-32.098 E2.24684
G1 X-17.275 Y-31.973 E2.25399
G1 X-17.63 Y-31.874 E2.26712
G1 X-17.958 Y-31.936 E2.27901
G1 X-18.184 Y-32.071 E2.28839
G1 X-18.321 Y-32.339 E2.29911
G1 X-18.179 Y-32.589 E2.30935
G1 X-17.978 Y-32.691 E2.31738
G1 X-17.631 Y-32.716 E2.32977
G1 E.32977 F2400
G92 E0
G1 X-17.631 Y-32.716 F7800
G1 X-18.117 Y-28.994
G1 E2 F2400
G1 F3600
G1 X-17.721 Y-28.898 E2.01452
G1 X-18.045 Y-28.867 E2.02611
G1 X-18.22 Y-28.966 E2.03327
G1 X-18.117 Y-28.994 E2.03707
G1 X-18.111 Y-29.344 E2.04954
G1 X-17.889 Y-29.339 E2.05745
G1 X-17.472 Y-29.154 E2.0737
G1 X-17.332 Y-28.888 E2.08441
G1 X-17.475 Y-28.633 E2.09483
G1 X-17.65 Y-28.539 E2.10191
G1 X-18.136 Y-28.524 E2.11923
G1 X-18.362 Y-28.623 E2.12802
G1 X-18.609 Y-28.968 E2.14314
G1 X-18.544 Y-29.159 E2.15033
G1 X-18.154 Y-29.347 E2.16575
G1 E.16575 F2400
G92 E0
G1 X-18.154 Y-29.347 F7800
G1 X-21.429 Y-29.361
G1 E2 F2400
G1 F3600
G1 X-21.629 Y-29.576 E2.01046
G1 X-21.547 Y-29.746 E2.01718
G1 X-21.182 Y-29.886 E2.03111
G1 X-20.501 Y-29.956 E2.0555
G1 X-20.389 Y-30.291 E2.06808
G1 X-20.043 Y-30.078 E2.08255
G1 X-19.89 Y-29.889 E2.09121
G1 X-19.817 Y-29.591 E2.10214
G1 X-19.895 Y-29.293 E2.11311
G1 X-20.124 Y-29.024 E2.1257
G1 X-20.444 Y-28.859 E2.13853
G1 X-21.218 Y-28.925 E2.1662
G1 X-21.612 Y-29.056 E2.18099
G1 X-21.87 Y-29.281 E2.19319
G1 X-21.979 Y-29.508 E2.20216
G1 X-21.903 Y-29.883 E2.21579
G1 X-21.579 Y-30.134 E2.23039
G1 X-20.427 Y-30.311 E2.27191
G1 E.27191 F2400
G92 E0
G1 X-20.427 Y-30.311 F7800
G1 X-21.475 Y-32.269
G1 E2 F2400
G1 F3600
G1 X-21.646 Y-32.462 E2.00919
G1 X-21.553 Y-32.638 E2.01628
G1 X-21.305 Y-32.77 E2.02629
G1 X-20.526 Y-32.864 E2.05424
G1 X-20.421 Y-33.202 E2.06685
G1 X-20.126 Y-33.06 E2.07851
G1 X-19.899 Y-32.776 E2.09146
G1 X-19.842 Y-32.51 E2.10115
G1 X-19.93 Y-32.21 E2.11229
G1 X-20.171 Y-31.935 E2.12532
G1 X-20.469 Y-31.808 E2.13686
G1 X-21.333 Y-31.812 E2.16764
G1 X-21.807 Y-32.084 E2.18711
G1 X-21.996 Y-32.393 E2.20001
G1 X-21.918 Y-32.766 E2.21359
G1 X-21.639 Y-33 E2.22656
G1 X-21.178 Y-33.15 E2.24383
G1 X-20.46 Y-33.22 E2.26953
G1 E.26953 F2400
G92 E0
G1 X-20.46 Y-33.22 F7800
G1 X-21.554 Y-26.574
G1 E2 F2400
G1 F3600
G1 X-21.629 Y-26.756 E2.00701
G1 X-21.546 Y-26.864 E2.01186
G1 X-20.931 Y-27.031 E2.03456
G1 X-20.546 Y-27.263 E2.05057
G1 X-20.53 Y-27.612 E2.06302
G1 X-20.103 Y-27.545 E2.07842
G1 X-19.829 Y-27.351 E2.09038
G1 X-19.704 Y-27.135 E2.09927
G1 X-19.302 Y-26.951 E2.11502
G1 X-19.195 Y-26.819 E2.12107
G1 X-19.196 Y-26.554 E2.13051
G1 X-19.479 Y-26.335 E2.14326
G1 X-19.786 Y-26.281 E2.15436
G1 X-20.201 Y-25.985 E2.17252
G1 X-20.458 Y-25.937 E2.18183
G1 X-21.382 Y-26.09 E2.21519
G1 X-21.793 Y-26.317 E2.23192
G1 X-21.979 Y-26.624 E2.24471
G1 X-21.903 Y-27 E2.25838
G1 X-21.58 Y-27.252 E2.27297
G1 X-21.055 Y-27.374 E2.29217
G1 X-20.573 Y-27.615 E2.31137
G1 E.31137 F2400
G92 E0
G1 X-20.573 Y-27.615 F7800
G1 X-21.429 Y-23.594
G1 E2 F2400
G1 F3600
G1 X-21.629 Y-23.809 E2.01046
G1 X-21.546 Y-23.979 E2.0172
G1 X-21.182 Y-24.12 E2.03111
G1 X-20.501 Y-24.189 E2.05549
G1 X-20.389 Y-24.525 E2.06811
G1 X-20.043 Y-24.311 E2.0826
G1 X-19.889 Y-24.122 E2.09129
G1 X-19.817 Y-23.824 E2.10221
G1 X-19.894 Y-23.527 E2.11314
G1 X-20.124 Y-23.257 E2.12578
G1 X-20.444 Y-23.093 E2.13859
G1 X-21.218 Y-23.158 E2.16626
G1 X-21.612 Y-23.29 E2.18106
G1 X-21.869 Y-23.514 E2.1932
G1 X-21.979 Y-23.741 E2.20219
G1 X-21.903 Y-24.116 E2.21582
G1 X-21.579 Y-24.367 E2.23042
G1 X-20.427 Y-24.544 E2.27194
G1 E.27194 F2400
G92 E0
G1 X-20.427 Y-24.544 F7800
G1 X-17.217 Y-24.329
G1 E2 F2400
G1 F3600
G1 X-17.04 Y-24.283 E2.00651
G1 X-17.285 Y-24.188 E2.01587
G1 X-17.51 Y-24.228 E2.02401
G1 X-17.217 Y-24.329 E2.03505
G1 X-17.172 Y-24.676 E2.04752
G1 X-16.904 Y-24.621 E2.05727
G1 X-16.705 Y-24.465 E2.06628
G1 X-16.649 Y-24.283 E2.07306
G1 X-16.718 Y-24.092 E2.08029
G1 X-16.937 Y-23.919 E2.09023
G1 X-17.256 Y-23.834 E2.10199
G1 X-17.762 Y-23.963 E2.12059
G1 X-17.903 Y-24.213 E2.13081
G1 X-17.786 Y-24.461 E2.14058
G1 X-17.609 Y-24.586 E2.1483
G1 X-17.214 Y-24.683 E2.16279
G1 X-17.214 Y-24.683 F7800
G1 X-15.503 Y-24.631
G1 F3600
G1 X-15.371 Y-24.614 E2.16753
G1 X-15.6 Y-24.473 E2.17711
G1 X-15.857 Y-24.481 E2.18627
G1 X-15.503 Y-24.631 E2.19997
G1 X-15.48 Y-24.98 E2.21243
G1 X-15.134 Y-24.903 E2.22506
G1 X-14.988 Y-24.682 E2.2345
G1 X-15.115 Y-24.363 E2.24673
G1 X-15.516 Y-24.129 E2.26327
G1 X-15.793 Y-24.104 E2.27318
G1 X-16.178 Y-24.284 E2.28832
G1 X-16.24 Y-24.478 E2.29558
G1 X-16.145 Y-24.693 E2.30395
G1 X-15.768 Y-24.935 E2.31991
G1 X-15.523 Y-24.983 E2.3288
G1 E.3288 F2400
G92 E0
G1 X-15.523 Y-24.983 F7800
G1 X-11.515 Y-24.863
G1 E2 F2400
G1 F3600
G1 X-11.335 Y-24.817 E2.00662
G1 X-11.581 Y-24.723 E2.016
G1 X-11.806 Y-24.764 E2.02415
G1 X-11.515 Y-24.863 E2.0351
G1 X-11.47 Y-25.21 E2.04757
G1 X-11.2 Y-25.155 E2.05739
G1 X-10.994 Y-24.998 E2.06662
G1 X-10.525 Y-25.045 E2.08341
G1 X-10.168 Y-25.212 E2.09745
G1 X-9.909 Y-25.206 E2.10668
G1 X-9.49 Y-25.02 E2.12301
G1 X-9.349 Y-24.754 E2.13373
G1 X-9.492 Y-24.498 E2.14418
G1 X-9.897 Y-24.364 E2.15938
G1 X-10.197 Y-24.405 E2.17017
G1 X-10.526 Y-24.614 E2.18406
G1 X-11.001 Y-24.634 E2.201
G1 X-11.233 Y-24.453 E2.21148
G1 X-11.553 Y-24.368 E2.22327
G1 X-12.06 Y-24.5 E2.24193
G1 X-12.166 Y-24.623 E2.24771
G1 X-12.168 Y-24.89 E2.25722
G1 X-11.905 Y-25.122 E2.26971
G1 X-11.513 Y-25.217 E2.28408
G1 E.28408 F2400
G92 E0
G1 X-11.513 Y-25.217 F7800
G1 X-11.258 Y-28.145
G1 E2 F2400
G1 F3600
G1 X-10.865 Y-28.049 E2.01441
G1 X-11.19 Y-28.018 E2.02604
G1 X-11.361 Y-28.113 E2.03301
G1 X-11.258 Y-28.145 E2.03685
G1 X-11.254 Y-28.495 E2.04932
G1 X-11.033 Y-28.49 E2.05719
G1 X-10.616 Y-28.306 E2.07343
G1 X-10.476 Y-28.039 E2.08417
G1 X-10.619 Y-27.784 E2.09459
G1 X-10.794 Y-27.69 E2.10167
G1 X-11.28 Y-27.675 E2.11899
G1 X-11.506 Y-27.774 E2.12778
G1 X-11.676 Y-27.925 E2.13588
G1 X-11.753 Y-28.117 E2.14325
G1 X-11.702 Y-28.282 E2.1494
G1 X-11.524 Y-28.434 E2.15774
G1 X-11.297 Y-28.497 E2.16613
G1 X-11.297 Y-28.497 F7800
G1 X-12.712 Y-28.165
G1 F3600
G1 X-12.537 Y-28.119 E2.17258
G1 X-12.78 Y-28.024 E2.18187
G1 X-13.005 Y-28.064 E2.19001
G1 X-12.712 Y-28.165 E2.20105
G1 X-12.667 Y-28.512 E2.21352
G1 X-12.4 Y-28.456 E2.22324
G1 X-12.202 Y-28.3 E2.23222
G1 X-12.148 Y-28.119 E2.23895
G1 X-12.216 Y-27.927 E2.24621
G1 X-12.433 Y-27.754 E2.2561
G1 X-12.751 Y-27.669 E2.26783
G1 X-13.257 Y-27.799 E2.28644
G1 X-13.399 Y-28.05 E2.29671
G1 X-13.281 Y-28.297 E2.30646
G1 X-13.104 Y-28.422 E2.31418
G1 X-12.71 Y-28.519 E2.32863
G1 E.32863 F2400
G92 E0
G1 X-12.71 Y-28.519 F7800
G1 X-7.632 Y-28.16
G1 E2 F2400
G1 F3600
G1 X-7.615 Y-28.078 E2.00298
G1 X-7.668 Y-28.119 E2.00537
G1 X-7.647 Y-28.511 E2.01935
G1 X-7.367 Y-28.423 E2.02981
G1 X-7.263 Y-28.286 E2.03594
G1 X-7.263 Y-27.951 E2.04787
G1 X-7.518 Y-27.733 E2.05982
G1 X-7.849 Y-27.787 E2.07177
G1 X-8.025 Y-28.081 E2.08398
G1 X-7.967 Y-28.327 E2.09298
G1 X-7.69 Y-28.513 E2.10487
G1 E.10487 F2400
G92 E0
G1 X-7.69 Y-28.513 F7800
G1 X-4.195 Y-28.532
G1 E2 F2400
G1 F3600
G1 X-3.956 Y-28.412 E2.00953
G1 X-4.106 Y-28.389 E2.01494
G1 X-4.433 Y-28.501 E2.02725
G1 X-4.308 Y-28.535 E2.03186
G1 X-4.301 Y-28.885 E2.04433
G1 X-3.872 Y-28.797 E2.05993
G1 X-3.647 Y-28.611 E2.07033
G1 X-3.566 Y-28.406 E2.07818
G1 X-3.612 Y-28.227 E2.08476
G1 X-3.793 Y-28.084 E2.09298
G1 X-4.115 Y-28.033 E2.10459
G1 X-4.458 Y-28.106 E2.11708
G1 X-4.689 Y-28.248 E2.12674
G1 X-4.795 Y-28.382 E2.13283
G1 X-4.792 Y-28.646 E2.14224
G1 X-4.685 Y-28.767 E2.14799
G1 X-4.344 Y-28.885 E2.16084
G1 X-4.344 Y-28.885 F7800
G1 X-2.764 Y-28.189
G1 F3600
G1 X-2.369 Y-28.093 E2.17532
G1 X-2.693 Y-28.062 E2.18691
G1 X-2.868 Y-28.161 E2.19407
G1 X-2.764 Y-28.189 E2.19791
G1 X-2.759 Y-28.539 E2.21038
G1 X-2.537 Y-28.534 E2.21829
G1 X-2.12 Y-28.349 E2.23454
G1 X-1.98 Y-28.083 E2.24525
G1 X-2.123 Y-27.828 E2.25567
G1 X-2.297 Y-27.734 E2.26272
G1 X-2.784 Y-27.719 E2.28008
G1 X-3.01 Y-27.819 E2.28888
G1 X-3.257 Y-28.163 E2.30397
G1 X-3.192 Y-28.354 E2.31116
G1 X-2.801 Y-28.542 E2.32662
G1 E.32662 F2400
G92 E0
G1 X-2.801 Y-28.542 F7800
G1 X-4.252 Y-24.791
G1 E2 F2400
G1 F3600
G1 X-4.081 Y-24.739 E2.00637
G1 X-4.291 Y-24.653 E2.01445
G1 X-4.566 Y-24.689 E2.02433
G1 X-4.252 Y-24.791 E2.03609
G1 X-4.196 Y-25.136 E2.04854
G1 X-3.834 Y-25.003 E2.06228
G1 X-3.693 Y-24.745 E2.07275
G1 X-3.833 Y-24.481 E2.0834
G1 X-4.246 Y-24.303 E2.09942
G1 X-4.729 Y-24.37 E2.11679
G1 X-4.896 Y-24.508 E2.12451
G1 X-5.867 Y-24.26 E2.16021
G1 X-6.404 Y-24.466 E2.1807
G1 X-6.544 Y-24.737 E2.19157
G1 X-6.401 Y-24.987 E2.20183
G1 X-6.203 Y-25.085 E2.2097
G1 X-5.853 Y-25.103 E2.22218
G1 X-5.577 Y-25.021 E2.23244
G1 X-5.321 Y-24.819 E2.24406
G1 X-4.852 Y-24.904 E2.26104
G1 X-4.491 Y-25.12 E2.27603
G1 X-4.239 Y-25.143 E2.28504
G1 E.28504 F2400
G92 E0
G1 X-4.239 Y-25.143 F7800
G1 X-4.654 Y-20.931
G1 E2 F2400
G1 F3600
G1 X-4.415 Y-20.811 E2.00953
G1 X-4.565 Y-20.787 E2.01494
G1 X-4.892 Y-20.9 E2.02726
G1 X-4.767 Y-20.933 E2.03187
G1 X-4.76 Y-21.283 E2.04434
G1 X-4.331 Y-21.196 E2.05993
G1 X-4.106 Y-21.01 E2.07033
G1 X-4.025 Y-20.804 E2.07822
G1 X-4.071 Y-20.626 E2.08477
G1 X-4.252 Y-20.482 E2.09301
G1 X-4.574 Y-20.431 E2.10462
G1 X-4.917 Y-20.504 E2.11711
G1 X-5.148 Y-20.647 E2.12679
G1 X-5.254 Y-20.78 E2.13285
G1 X-5.251 Y-21.045 E2.14229
G1 X-5.144 Y-21.166 E2.14804
G1 X-4.803 Y-21.284 E2.16089
G1 X-4.803 Y-21.284 F7800
G1 X-3.223 Y-20.587
G1 F3600
G1 X-2.828 Y-20.491 E2.17537
G1 X-3.152 Y-20.46 E2.18696
G1 X-3.327 Y-20.559 E2.19412
G1 X-3.223 Y-20.587 E2.19796
G1 X-3.218 Y-20.938 E2.21047
G1 X-2.996 Y-20.933 E2.21838
G1 X-2.579 Y-20.748 E2.23463
G1 X-2.439 Y-20.481 E2.24537
G1 X-2.582 Y-20.226 E2.25579
G1 X-2.756 Y-20.132 E2.26284
G1 X-3.243 Y-20.118 E2.2802
G1 X-3.469 Y-20.217 E2.28899
G1 X-3.716 Y-20.561 E2.30408
G1 X-3.651 Y-20.752 E2.31127
G1 X-3.261 Y-20.94 E2.32669
G1 E.32669 F2400
G92 E0
G1 X-3.261 Y-20.94 F7800
G1 X-8.818 Y-20.621
G1 E2 F2400
G1 F3600
G1 X-8.442 Y-20.532 E2.01376
G1 X-8.776 Y-20.499 E2.02572
G1 X-8.936 Y-20.579 E2.03209
G1 X-8.818 Y-20.621 E2.03655
G1 X-8.826 Y-20.971 E2.04902
G1 X-8.61 Y-20.972 E2.05671
G1 X-8.193 Y-20.789 E2.07293
G1 X-8.053 Y-20.522 E2.08367
G1 X-8.196 Y-20.267 E2.09409
G1 X-8.371 Y-20.173 E2.10117
G1 X-8.859 Y-20.155 E2.11857
G1 X-9.087 Y-20.246 E2.12732
G1 X-9.255 Y-20.392 E2.13525
G1 X-9.326 Y-20.579 E2.14238
G1 X-9.267 Y-20.758 E2.14909
G1 X-8.869 Y-20.972 E2.16519
G1 X-10.318 Y-20.56 F7800
G1 F3600
G1 X-10.141 Y-20.514 E2.1717
G1 X-10.386 Y-20.419 E2.18106
G1 X-10.611 Y-20.459 E2.1892
G1 X-10.318 Y-20.56 E2.20024
G1 X-10.273 Y-20.907 E2.21271
G1 X-10.005 Y-20.852 E2.22246
G1 X-9.805 Y-20.696 E2.2315
G1 X-9.749 Y-20.514 E2.23828
G1 X-9.818 Y-20.323 E2.24551
G1 X-10.037 Y-20.149 E2.25547
G1 X-10.357 Y-20.064 E2.26726
G1 X-10.863 Y-20.193 E2.28586
G1 X-11.004 Y-20.444 E2.29612
G1 X-10.887 Y-20.692 E2.30589
G1 X-10.711 Y-20.816 E2.31356
G1 X-10.315 Y-20.914 E2.32809
G1 E.32809 F2400
G92 E0
G1 X-10.315 Y-20.914 F7800
G1 X-14.573 Y-20.548
G1 E2 F2400
G1 F3600
G1 X-14.177 Y-20.452 E2.01452
G1 X-14.501 Y-20.421 E2.02611
G1 X-14.676 Y-20.52 E2.03327
G1 X-14.573 Y-20.548 E2.03707
G1 X-14.567 Y-20.899 E2.04958
G1 X-14.345 Y-20.894 E2.05749
G1 X-13.928 Y-20.709 E2.07374
G1 X-13.788 Y-20.442 E2.08448
G1 X-13.931 Y-20.187 E2.0949
G1 X-14.105 Y-20.093 E2.10195
G1 X-14.592 Y-20.079 E2.11931
G1 X-14.818 Y-20.178 E2.1281
G1 X-15.065 Y-20.522 E2.14319
G1 X-15 Y-20.713 E2.15038
G1 X-14.61 Y-20.901 E2.1658
G1 X-14.61 Y-20.901 F7800
G1 X-16.004 Y-20.89
G1 F3600
G1 X-15.766 Y-20.77 E2.1753
G1 X-15.916 Y-20.746 E2.18071
G1 X-16.243 Y-20.859 E2.19303
G1 X-16.118 Y-20.892 E2.19764
G1 X-16.111 Y-21.242 E2.21011
G1 X-15.682 Y-21.155 E2.2257
G1 X-15.457 Y-20.969 E2.2361
G1 X-15.376 Y-20.764 E2.24395
G1 X-15.422 Y-20.585 E2.25053
G1 X-15.603 Y-20.442 E2.25875
G1 X-15.925 Y-20.391 E2.27036
G1 X-16.268 Y-20.463 E2.28285
G1 X-16.499 Y-20.606 E2.29253
G1 X-16.605 Y-20.739 E2.29859
G1 X-16.602 Y-21.004 E2.30803
G1 X-16.495 Y-21.125 E2.31378
G1 X-16.154 Y-21.243 E2.32663
G1 E.32663 F2400
G92 E0
G1 X-16.154 Y-21.243 F7800
G1 X-20.966 Y-20.63
G1 E2 F2400
G1 F3600
G1 X-21.355 Y-20.678 E2.01396
G1 X-21.626 Y-20.924 E2.027
G1 X-21.536 Y-21.107 E2.03426
G1 X-21.19 Y-21.284 E2.04811
G1 X-21.143 Y-21.631 E2.06058
G1 X-20.371 Y-21.615 E2.08809
G1 X-20.122 Y-21.496 E2.09792
G1 X-19.89 Y-21.234 E2.11039
G1 X-19.817 Y-20.941 E2.12115
G1 X-19.895 Y-20.644 E2.13209
G1 X-20.124 Y-20.373 E2.14473
G1 X-20.431 Y-20.209 E2.15713
G1 X-21.206 Y-20.279 E2.18485
G1 X-21.609 Y-20.413 E2.19998
G1 X-21.919 Y-20.715 E2.2154
G1 X-21.974 Y-21.087 E2.2288
G1 X-21.761 Y-21.377 E2.24162
G1 X-21.185 Y-21.637 E2.26413
G1 E.26413 F2400
G92 E0
G1 X-21.185 Y-21.637 F7800
G1 X5.425 Y-24.754
G1 E2 F2400
G1 F3600
G1 X5.666 Y-24.64 E2.0095
G1 X5.503 Y-24.612 E2.01539
G1 X5.184 Y-24.721 E2.0274
G1 X5.31 Y-24.755 E2.03205
G1 X5.316 Y-25.105 E2.04452
G1 X5.753 Y-25.02 E2.06038
G1 X5.981 Y-24.836 E2.07082
G1 X6.058 Y-24.636 E2.07845
G1 X6.006 Y-24.457 E2.08509
G1 X5.823 Y-24.312 E2.09341
G1 X5.497 Y-24.256 E2.10519
G1 X5.157 Y-24.327 E2.11756
G1 X4.927 Y-24.468 E2.12717
G1 X4.822 Y-24.601 E2.13321
G1 X4.826 Y-24.867 E2.14269
G1 X4.932 Y-24.987 E2.14839
G1 X5.273 Y-25.106 E2.16126
G1 X5.273 Y-25.106 F7800
G1 X6.895 Y-24.519
G1 F3600
G1 X7.29 Y-24.422 E2.17575
G1 X6.966 Y-24.391 E2.18734
G1 X6.791 Y-24.491 E2.19452
G1 X6.895 Y-24.519 E2.19836
G1 X6.9 Y-24.869 E2.21083
G1 X7.122 Y-24.864 E2.21874
G1 X7.539 Y-24.679 E2.23499
G1 X7.679 Y-24.413 E2.2457
G1 X7.537 Y-24.157 E2.25613
G1 X7.362 Y-24.063 E2.26321
G1 X6.875 Y-24.049 E2.28057
G1 X6.649 Y-24.148 E2.28936
G1 X6.402 Y-24.493 E2.30448
G1 X6.468 Y-24.683 E2.31165
G1 X6.858 Y-24.871 E2.32707
G1 E.32707 F2400
G92 E0
G1 X6.858 Y-24.871 F7800
G1 X7.111 Y-28.148
G1 E2 F2400
G1 F3600
G1 X7.292 Y-28.103 E2.00664
G1 X7.046 Y-28.008 E2.01603
G1 X6.82 Y-28.049 E2.02421
G1 X7.111 Y-28.148 E2.03516
G1 X7.156 Y-28.496 E2.04766
G1 X7.426 Y-28.44 E2.05748
G1 X7.633 Y-28.283 E2.06674
G1 X8.101 Y-28.331 E2.0835
G1 X8.459 Y-28.497 E2.09756
G1 X8.717 Y-28.491 E2.10675
G1 X9.137 Y-28.306 E2.1231
G1 X9.277 Y-28.039 E2.13384
G1 X9.134 Y-27.784 E2.14426
G1 X8.73 Y-27.65 E2.15942
G1 X8.429 Y-27.691 E2.17024
G1 X8.1 Y-27.9 E2.18413
G1 X7.625 Y-27.919 E2.20106
G1 X7.393 Y-27.739 E2.21152
G1 X7.074 Y-27.654 E2.22328
G1 X6.566 Y-27.786 E2.24198
G1 X6.461 Y-27.908 E2.24771
G1 X6.458 Y-28.176 E2.25726
G1 X6.722 Y-28.407 E2.26976
G1 X7.114 Y-28.503 E2.28414
G1 E.28414 F2400
G92 E0
G1 X7.114 Y-28.503 F7800
G1 X7.939 Y-32.311
G1 E2 F2400
G1 F3600
G1 X8.177 Y-32.19 E2.00951
G1 X8.029 Y-32.167 E2.01485
G1 X7.701 Y-32.281 E2.02722
G1 X7.825 Y-32.314 E2.03179
G1 X7.833 Y-32.664 E2.04426
G1 X8.26 Y-32.576 E2.05979
G1 X8.485 Y-32.389 E2.07021
G1 X8.567 Y-32.183 E2.07811
G1 X8.521 Y-32.005 E2.08466
G1 X8.341 Y-31.862 E2.09285
G1 X8.019 Y-31.811 E2.10446
G1 X7.676 Y-31.885 E2.11696
G1 X7.444 Y-32.028 E2.12667
G1 X7.339 Y-32.161 E2.13271
G1 X7.342 Y-32.426 E2.14215
G1 X7.449 Y-32.546 E2.14788
G1 X7.79 Y-32.664 E2.16073
G1 X7.79 Y-32.664 F7800
G1 X9.366 Y-31.966
G1 F3600
G1 X9.762 Y-31.869 E2.17525
G1 X9.438 Y-31.838 E2.18684
G1 X9.263 Y-31.937 E2.194
G1 X9.366 Y-31.966 E2.19781
G1 X9.372 Y-32.316 E2.21028
G1 X9.594 Y-32.311 E2.21819
G1 X10.011 Y-32.126 E2.23444
G1 X10.151 Y-31.86 E2.24515
G1 X10.008 Y-31.604 E2.2556
G1 X9.833 Y-31.51 E2.26268
G1 X9.347 Y-31.496 E2.28
G1 X9.121 Y-31.595 E2.28879
G1 X8.874 Y-31.939 E2.30388
G1 X8.939 Y-32.13 E2.31107
G1 X9.329 Y-32.318 E2.32649
G1 E.32649 F2400
G92 E0
G1 X9.329 Y-32.318 F7800
G1 X13.601 Y-32.391
G1 E2 F2400
G1 F3600
G1 X13.778 Y-32.346 E2.00651
G1 X13.534 Y-32.251 E2.01584
G1 X13.308 Y-32.29 E2.02401
G1 X13.601 Y-32.391 E2.03505
G1 X13.646 Y-32.739 E2.04755
G1 X13.915 Y-32.683 E2.05734
G1 X14.115 Y-32.527 E2.06638
G1 X14.17 Y-32.346 E2.07312
G1 X14.101 Y-32.155 E2.08035
G1 X13.882 Y-31.981 E2.09031
G1 X13.562 Y-31.896 E2.1021
G1 X13.056 Y-32.025 E2.1207
G1 X12.915 Y-32.276 E2.13096
G1 X13.032 Y-32.524 E2.14073
G1 X13.209 Y-32.648 E2.14843
G1 X13.604 Y-32.746 E2.16293
G1 X13.604 Y-32.746 F7800
G1 X15.101 Y-32.454
G1 F3600
G1 X15.477 Y-32.365 E2.17669
G1 X15.301 Y-32.317 E2.18319
G1 X14.984 Y-32.411 E2.19497
G1 X15.101 Y-32.454 E2.19941
G1 X15.093 Y-32.804 E2.21188
G1 X15.309 Y-32.804 E2.21957
G1 X15.726 Y-32.621 E2.23579
G1 X15.866 Y-32.355 E2.2465
G1 X15.724 Y-32.1 E2.2569
G1 X15.549 Y-32.006 E2.26398
G1 X15.06 Y-31.988 E2.28141
G1 X14.833 Y-32.079 E2.29012
G1 X14.664 Y-32.225 E2.29808
G1 X14.593 Y-32.411 E2.30517
G1 X14.653 Y-32.59 E2.3119
G1 X15.05 Y-32.805 E2.32798
G1 E.32798 F2400
G92 E0
G1 X15.05 Y-32.805 F7800
G1 X19.286 Y-32.348
G1 E2 F2400
G1 F3600
G1 X19.525 Y-32.229 E2.00951
G1 X19.373 Y-32.205 E2.01499
G1 X19.047 Y-32.317 E2.02727
G1 X19.172 Y-32.35 E2.03188
G1 X19.179 Y-32.7 E2.04435
G1 X19.609 Y-32.613 E2.05998
G1 X19.834 Y-32.428 E2.07036
G1 X19.914 Y-32.222 E2.07823
G1 X19.868 Y-32.044 E2.08478
G1 X19.686 Y-31.9 E2.09305
G1 X19.364 Y-31.849 E2.10466
G1 X19.021 Y-31.922 E2.11715
G1 X18.79 Y-32.064 E2.12681
G1 X18.685 Y-32.197 E2.13285
G1 X18.688 Y-32.462 E2.14229
G1 X18.795 Y-32.583 E2.14804
G1 X19.136 Y-32.701 E2.16089
G1 X19.136 Y-32.701 F7800
G1 X20.719 Y-32.008
G1 F3600
G1 X21.114 Y-31.911 E2.17538
G1 X20.79 Y-31.881 E2.18697
G1 X20.615 Y-31.98 E2.19413
G1 X20.719 Y-32.008 E2.19797
G1 X20.724 Y-32.358 E2.21044
G1 X20.946 Y-32.353 E2.21835
G1 X21.363 Y-32.168 E2.2346
G1 X21.503 Y-31.902 E2.24531
G1 X21.361 Y-31.647 E2.25571
G1 X21.186 Y-31.553 E2.26279
G1 X20.699 Y-31.538 E2.28015
G1 X20.473 Y-31.637 E2.28894
G1 X20.226 Y-31.982 E2.30406
G1 X20.291 Y-32.173 E2.31125
G1 X20.682 Y-32.361 E2.32671
G1 E.32671 F2400
G92 E0
G1 X20.682 Y-32.361 F7800
G1 X24.451 Y-31.979
G1 E2 F2400
G1 F3600
G1 X24.616 Y-31.83 E2.00792
G1 X24.687 Y-31.566 E2.01766
G1 X24.482 Y-31.8 E2.02874
G1 X24.45 Y-32.356 E2.04858
G1 X24.727 Y-32.228 E2.05945
G1 X24.919 Y-32.012 E2.06975
G1 X25.036 Y-31.726 E2.08076
G1 X25.039 Y-31.458 E2.09031
G1 X24.942 Y-31.276 E2.09766
G1 X24.776 Y-31.193 E2.10427
G1 X24.525 Y-31.24 E2.11337
G1 X24.155 Y-31.67 E2.13358
G1 X24.101 Y-32.056 E2.14746
G1 X24.168 Y-32.231 E2.15414
G1 X24.408 Y-32.362 E2.16388
G1 E.16388 F2400
G92 E0
G1 X24.408 Y-32.362 F7800
G1 X25.239 Y-30.507
G1 E2 F2400
G1 F3600
G1 X25.445 Y-30.292 E2.01061
G1 X25.498 Y-30.09 E2.01805
G1 X25.267 Y-30.33 E2.02992
G1 X25.211 Y-30.869 E2.04922
G1 X25.592 Y-30.684 E2.06431
G1 X25.758 Y-30.456 E2.07436
G1 X25.851 Y-29.993 E2.09118
G1 X25.691 Y-29.752 E2.10149
G1 X25.415 Y-29.739 E2.11133
G1 X25.221 Y-29.838 E2.11909
G1 X24.94 Y-30.194 E2.13525
G1 X24.894 Y-30.622 E2.15058
G1 X25.002 Y-30.809 E2.15827
G1 X25.169 Y-30.879 E2.16472
G1 E.16472 F2400
G92 E0
G1 X25.169 Y-30.879 F7800
G1 X23.639 Y-27.11
G1 E2 F2400
G1 F3600
G1 X24.089 Y-26.809 E2.01929
G1 X23.795 Y-26.591 E2.03233
G1 X23.613 Y-27.464 E2.0641
G1 X24.049 Y-27.323 E2.08042
G1 X24.386 Y-27.021 E2.09654
G1 X24.839 Y-27.009 E2.11268
G1 X25.095 Y-27.143 E2.12297
G1 X25.558 Y-27.176 E2.13951
G1 X25.723 Y-27.114 E2.14579
G1 X25.87 Y-26.891 E2.1553
G1 X25.727 Y-26.556 E2.16828
G1 X25.319 Y-26.327 E2.18495
G1 X25.065 Y-26.302 E2.19404
G1 X24.281 Y-26.512 E2.22295
G1 X23.85 Y-26.227 E2.24136
G1 X23.618 Y-26.246 E2.24965
G1 X23.444 Y-26.52 E2.26121
G1 X23.445 Y-26.724 E2.26848
G1 X23.27 Y-27.205 E2.28671
G1 X23.319 Y-27.338 E2.29176
G1 X23.571 Y-27.467 E2.30185
G1 E.30185 F2400
G92 E0
G1 X23.571 Y-27.467 F7800
G1 X25.447 Y-24.89
G1 E2 F2400
G1 F3600
G1 X25.591 Y-24.582 E2.01211
G1 X25.579 Y-24.407 E2.01836
G1 X25.425 Y-24.745 E2.03159
G1 X25.555 Y-25.236 E2.04968
G1 X25.862 Y-24.911 E2.06561
G1 X25.934 Y-24.358 E2.08548
G1 X25.752 Y-24.061 E2.09789
G1 X25.626 Y-24.029 E2.10252
G1 X25.338 Y-24.143 E2.11355
G1 X25.145 Y-24.415 E2.12543
G1 X25.071 Y-24.718 E2.13654
G1 X25.162 Y-25.124 E2.15136
G1 X25.319 Y-25.259 E2.15874
G1 X25.519 Y-25.259 E2.16586
G1 E.16586 F2400
G92 E0
G1 X21.824 Y-24.763 F7800
G1 E2 F2400
G1 F3600
G1 X21.872 Y-24.65 E2.00437
G1 X21.752 Y-24.565 E2.00961
G1 X21.74 Y-24.707 E2.01469
G1 X21.824 Y-24.763 E2.01829
G1 X21.913 Y-25.103 E2.03081
G1 X22.037 Y-25.058 E2.03551
G1 X22.201 Y-24.854 E2.04483
G1 X22.193 Y-24.491 E2.05776
G1 X21.793 Y-24.188 E2.07564
G1 X21.569 Y-24.208 E2.08365
G1 X21.396 Y-24.49 E2.09544
G1 X21.403 Y-24.832 E2.10763
G1 X21.561 Y-25.033 E2.11674
G1 X21.873 Y-25.118 E2.12826
G1 E.12826 F2400
G92 E0
G1 X21.873 Y-25.118 F7800
G1 X20.112 Y-28.136
G1 E2 F2400
G1 F3600
G1 X20.279 Y-28.088 E2.00619
G1 X20.065 Y-27.997 E2.01447
G1 X19.794 Y-28.031 E2.0242
G1 X20.112 Y-28.136 E2.03613
G1 X20.164 Y-28.482 E2.04859
G1 X20.524 Y-28.354 E2.0622
G1 X20.667 Y-28.096 E2.07271
G1 X20.527 Y-27.831 E2.08339
G1 X20.114 Y-27.648 E2.09948
G1 X19.63 Y-27.712 E2.11687
G1 X19.476 Y-27.838 E2.12396
G1 X19.419 Y-28.044 E2.13157
G1 X19.498 Y-28.237 E2.139
G1 X19.87 Y-28.463 E2.15451
G1 X20.122 Y-28.489 E2.16353
G1 X20.122 Y-28.489 F7800
G1 X18.358 Y-28.042
G1 F3600
G1 X18.594 Y-27.948 E2.17258
G1 X18.413 Y-27.906 E2.1792
G1 X18.11 Y-28.007 E2.19058
G1 X18.239 Y-28.043 E2.19535
G1 X18.241 Y-28.393 E2.20782
G1 X18.695 Y-28.312 E2.22425
G1 X18.913 Y-28.139 E2.23416
G1 X18.983 Y-27.947 E2.24144
G1 X18.924 Y-27.764 E2.24829
G1 X18.731 Y-27.613 E2.25702
G1 X18.414 Y-27.549 E2.26854
G1 X18.082 Y-27.615 E2.2806
G1 X17.853 Y-27.754 E2.29014
G1 X17.716 Y-28.023 E2.30089
G1 X17.858 Y-28.273 E2.31113
G1 X18.198 Y-28.393 E2.32397
G1 E.32397 F2400
G92 E0
G1 X18.198 Y-28.393 F7800
G1 X18.292 Y-24.6
G1 E2 F2400
G1 F3600
G1 X18.682 Y-24.505 E2.0143
G1 X18.356 Y-24.474 E2.02597
G1 X18.187 Y-24.567 E2.03284
G1 X18.292 Y-24.6 E2.03676
G1 X18.294 Y-24.95 E2.04923
G1 X18.515 Y-24.946 E2.0571
G1 X18.931 Y-24.761 E2.07332
G1 X19.071 Y-24.495 E2.08403
G1 X18.929 Y-24.24 E2.09443
G1 X18.754 Y-24.146 E2.10151
G1 X18.267 Y-24.131 E2.11887
G1 X18.041 Y-24.229 E2.12765
G1 X17.871 Y-24.379 E2.13573
G1 X17.797 Y-24.569 E2.14299
G1 X17.849 Y-24.739 E2.14932
G1 X18.024 Y-24.888 E2.15751
G1 X18.251 Y-24.952 E2.16591
G1 X18.251 Y-24.952 F7800
G1 X16.807 Y-24.754
G1 F3600
G1 X17.047 Y-24.64 E2.17538
G1 X16.885 Y-24.612 E2.18124
G1 X16.565 Y-24.721 E2.19328
G1 X16.691 Y-24.755 E2.19793
G1 X16.697 Y-25.105 E2.2104
G1 X17.134 Y-25.02 E2.22626
G1 X17.362 Y-24.835 E2.23672
G1 X17.441 Y-24.636 E2.24435
G1 X17.389 Y-24.457 E2.25099
G1 X17.204 Y-24.312 E2.25936
G1 X16.878 Y-24.256 E2.27114
G1 X16.538 Y-24.327 E2.28351
G1 X16.308 Y-24.468 E2.29312
G1 X16.203 Y-24.601 E2.29916
G1 X16.207 Y-24.867 E2.30864
G1 X16.313 Y-24.987 E2.31434
G1 X16.654 Y-25.106 E2.32721
G1 E.32721 F2400
G92 E0
G1 X12.586 Y-24.555 F7800
G1 E2 F2400
G1 F3600
G1 X12.981 Y-24.459 E2.01448
G1 X12.657 Y-24.428 E2.02607
G1 X12.482 Y-24.527 E2.03323
G1 X12.586 Y-24.555 E2.03707
G1 X12.592 Y-24.905 E2.04954
G1 X12.813 Y-24.9 E2.05741
G1 X13.23 Y-24.715 E2.07366
G1 X13.37 Y-24.449 E2.08437
G1 X13.228 Y-24.194 E2.09477
G1 X13.053 Y-24.1 E2.10185
G1 X12.566 Y-24.085 E2.11921
G1 X12.341 Y-24.184 E2.12797
G1 X12.094 Y-24.529 E2.14309
G1 X12.159 Y-24.72 E2.15028
G1 X12.549 Y-24.908 E2.1657
G1 X12.549 Y-24.908 F7800
G1 X11.112 Y-24.754
G1 F3600
G1 X11.352 Y-24.641 E2.17515
G1 X11.188 Y-24.613 E2.18108
G1 X10.87 Y-24.721 E2.19304
G1 X10.996 Y-24.755 E2.19769
G1 X11.002 Y-25.105 E2.21016
G1 X11.44 Y-25.02 E2.22605
G1 X11.667 Y-24.836 E2.23646
G1 X11.744 Y-24.638 E2.24403
G1 X11.691 Y-24.458 E2.25071
G1 X11.507 Y-24.312 E2.25908
G1 X11.182 Y-24.256 E2.27083
G1 X10.843 Y-24.327 E2.28317
G1 X10.613 Y-24.468 E2.29278
G1 X10.508 Y-24.601 E2.29882
G1 X10.512 Y-24.867 E2.3083
G1 X10.618 Y-24.987 E2.314
G1 X10.959 Y-25.106 E2.32687
G1 E.32687 F2400
G92 E0
G1 X10.959 Y-25.106 F7800
G1 X12.752 Y-28.148
G1 E2 F2400
G1 F3600
G1 X12.933 Y-28.103 E2.00664
G1 X12.687 Y-28.008 E2.01603
G1 X12.461 Y-28.049 E2.02421
G1 X12.752 Y-28.148 E2.03516
G1 X12.797 Y-28.496 E2.04766
G1 X13.067 Y-28.44 E2.05748
G1 X13.274 Y-28.283 E2.06674
G1 X13.742 Y-28.331 E2.0835
G1 X14.1 Y-28.497 E2.09756
G1 X14.358 Y-28.491 E2.10675
G1 X14.778 Y-28.306 E2.1231
G1 X14.918 Y-28.039 E2.13384
G1 X14.775 Y-27.784 E2.14426
G1 X14.371 Y-27.65 E2.15942
G1 X14.07 Y-27.691 E2.17024
G1 X13.741 Y-27.9 E2.18413
G1 X13.266 Y-27.919 E2.20106
G1 X13.034 Y-27.739 E2.21152
G1 X12.715 Y-27.654 E2.22328
G1 X12.207 Y-27.786 E2.24198
G1 X12.102 Y-27.908 E2.24771
G1 X12.099 Y-28.176 E2.25726
G1 X12.363 Y-28.407 E2.26976
G1 X12.755 Y-28.503 E2.28414
G1 E.28414 F2400
G92 E0
G1 X12.755 Y-28.503 F7800
G1 X12.311 Y-20.93
G1 E2 F2400
G1 F3600
G1 X12.55 Y-20.811 E2.00951
G1 X12.399 Y-20.787 E2.01496
G1 X12.072 Y-20.899 E2.02727
G1 X12.198 Y-20.932 E2.03191
G1 X12.204 Y-21.282 E2.04438
G1 X12.633 Y-21.195 E2.05997
G1 X12.858 Y-21.009 E2.07037
G1 X12.939 Y-20.804 E2.07822
G1 X12.893 Y-20.625 E2.0848
G1 X12.712 Y-20.482 E2.09302
G1 X12.39 Y-20.431 E2.10463
G1 X12.047 Y-20.504 E2.11712
G1 X11.816 Y-20.646 E2.12678
G1 X11.711 Y-20.779 E2.13282
G1 X11.713 Y-21.044 E2.14226
G1 X11.821 Y-21.165 E2.14804
G1 X12.162 Y-21.283 E2.16089
G1 X12.162 Y-21.283 F7800
G1 X13.742 Y-20.588
G1 F3600
G1 X14.138 Y-20.492 E2.17541
G1 X13.814 Y-20.461 E2.187
G1 X13.639 Y-20.56 E2.19416
G1 X13.742 Y-20.588 E2.19796
G1 X13.748 Y-20.939 E2.21047
G1 X13.97 Y-20.933 E2.21838
G1 X14.387 Y-20.749 E2.23462
G1 X14.527 Y-20.482 E2.24536
G1 X14.384 Y-20.227 E2.25578
G1 X14.209 Y-20.133 E2.26286
G1 X13.723 Y-20.119 E2.28018
G1 X13.497 Y-20.218 E2.28897
G1 X13.25 Y-20.562 E2.30406
G1 X13.315 Y-20.753 E2.31125
G1 X13.705 Y-20.941 E2.32667
G1 E.32667 F2400
G92 E0
G1 X13.705 Y-20.941 F7800
G1 X17.928 Y-20.892
G1 E2 F2400
G1 F3600
G1 X18.175 Y-20.769 E2.00983
G1 X17.688 Y-20.86 E2.02748
G1 X17.814 Y-20.894 E2.03213
G1 X17.82 Y-21.243 E2.04456
G1 X18.253 Y-21.157 E2.06029
G1 X18.478 Y-20.973 E2.07064
G1 X18.558 Y-20.77 E2.07841
G1 X18.51 Y-20.59 E2.08505
G1 X18.329 Y-20.445 E2.09331
G1 X18.008 Y-20.392 E2.1049
G1 X17.662 Y-20.465 E2.1175
G1 X17.431 Y-20.607 E2.12716
G1 X17.326 Y-20.74 E2.1332
G1 X17.33 Y-21.006 E2.14268
G1 X17.436 Y-21.125 E2.14836
G1 X17.777 Y-21.244 E2.16123
G1 X17.777 Y-21.244 F7800
G1 X19.37 Y-20.561
G1 F3600
G1 X19.766 Y-20.465 E2.17575
G1 X19.441 Y-20.434 E2.18738
G1 X19.267 Y-20.533 E2.19451
G1 X19.37 Y-20.561 E2.19831
G1 X19.376 Y-20.911 E2.21078
G1 X19.598 Y-20.906 E2.21869
G1 X20.014 Y-20.722 E2.23489
G1 X20.155 Y-20.455 E2.24565
G1 X20.012 Y-20.2 E2.25607
G1 X19.837 Y-20.106 E2.26315
G1 X19.351 Y-20.091 E2.28047
G1 X19.125 Y-20.191 E2.28927
G1 X18.878 Y-20.535 E2.30436
G1 X18.943 Y-20.726 E2.31155
G1 X19.333 Y-20.914 E2.32697
G1 E.32697 F2400
G92 E0
G1 X19.333 Y-20.914 F7800
G1 X23.654 Y-20.689
G1 E2 F2400
G1 F3600
G1 X23.798 Y-20.663 E2.00521
G1 X23.506 Y-20.53 E2.01664
G1 X23.312 Y-20.543 E2.02357
G1 X23.654 Y-20.689 E2.03682
G1 X23.685 Y-21.038 E2.0493
G1 X23.95 Y-20.989 E2.0589
G1 X24.138 Y-20.841 E2.06742
G1 X24.186 Y-20.663 E2.07399
G1 X24.104 Y-20.46 E2.08179
G1 X23.871 Y-20.274 E2.09241
G1 X23.548 Y-20.177 E2.10442
G1 X23.241 Y-20.194 E2.11537
G1 X22.971 Y-20.363 E2.12672
G1 X22.957 Y-20.639 E2.13656
G1 X23.057 Y-20.794 E2.14313
G1 X23.387 Y-20.993 E2.15686
G1 X23.643 Y-21.044 E2.16616
G1 X23.643 Y-21.044 F7800
G1 X25.494 Y-20.966
G1 F3600
G1 X25.487 Y-20.712 E2.17521
G1 X25.077 Y-20.863 E2.19077
G1 X25.494 Y-20.966 E2.20607
G1 X25.606 Y-21.322 E2.21936
G1 X25.799 Y-21.209 E2.22733
G1 X25.842 Y-20.597 E2.24919
G1 X25.784 Y-20.448 E2.25489
G1 X25.596 Y-20.341 E2.2626
G1 X24.913 Y-20.541 E2.28795
G1 X24.698 Y-20.852 E2.30142
G1 X24.758 Y-21.05 E2.30879
G1 X24.911 Y-21.182 E2.31599
G1 X25.564 Y-21.328 E2.33983
G1 E.33983 F2400
G92 E0
G1 X25.564 Y-21.328 F7800
G1 X8.146 Y-20.621
G1 E2 F2400
G1 F3600
G1 X8.522 Y-20.531 E2.01377
G1 X8.189 Y-20.498 E2.02569
G1 X8.029 Y-20.578 E2.03206
G1 X8.146 Y-20.621 E2.0365
G1 X8.138 Y-20.971 E2.04897
G1 X8.354 Y-20.971 E2.05666
G1 X8.771 Y-20.788 E2.07288
G1 X8.911 Y-20.522 E2.08359
G1 X8.769 Y-20.266 E2.09402
G1 X8.594 Y-20.172 E2.1011
G1 X8.105 Y-20.154 E2.11853
G1 X7.878 Y-20.246 E2.12726
G1 X7.709 Y-20.392 E2.13522
G1 X7.638 Y-20.578 E2.14231
G1 X7.697 Y-20.757 E2.14902
G1 X8.095 Y-20.971 E2.16512
G1 X8.095 Y-20.971 F7800
G1 X6.646 Y-20.56
G1 F3600
G1 X6.823 Y-20.514 E2.17163
G1 X6.578 Y-20.419 E2.18099
G1 X6.353 Y-20.459 E2.18913
G1 X6.646 Y-20.56 E2.20017
G1 X6.691 Y-20.907 E2.21264
G1 X6.96 Y-20.852 E2.22242
G1 X7.159 Y-20.696 E2.23143
G1 X7.215 Y-20.514 E2.23821
G1 X7.146 Y-20.323 E2.24544
G1 X6.927 Y-20.149 E2.2554
G1 X6.607 Y-20.064 E2.26719
G1 X6.101 Y-20.193 E2.28579
G1 X5.96 Y-20.444 E2.29605
G1 X6.077 Y-20.692 E2.30582
G1 X6.254 Y-20.816 E2.31352
G1 X6.649 Y-20.914 E2.32802
G1 E.32802 F2400
G92 E0
G1 X6.649 Y-20.914 F7800
G1 X-23.996 Y-40.395
G1 E2 F2400
;TYPE:Perimeter
;WIDTH:0.45
G1 F3600
G1 X-23.996 Y-39.391 E2.04829
G1 X-23.996 Y-12.387 E3.34709
G1 X-26.004 Y-12.387 E3.44367
G1 X-26.004 Y-40.395 E4.79076
G1 X-24.056 Y-40.395 E4.88445
G1 X-24.056 Y-40.395 F7800
G1 X-23.611 Y-40.78
G1 F3600
G1 X-23.611 Y-39.391 E4.95126
G1 X-23.611 Y-12.002 E6.26858
G1 X-26.389 Y-12.002 E6.40219
G1 X-26.389 Y-40.78 E7.78631
G1 X-23.671 Y-40.78 E7.91704
G1 X-23.671 Y-40.78 F7800
G1 X-23.225 Y-41.166
;TYPE:External perimeter
G1 F1800
G1 X-23.225 Y-39.391 E8.00241
G1 X-23.225 Y-11.616 E9.33829
G1 X-26.775 Y-11.616 E9.50903
G1 X-26.775 Y-41.166 E10.93028
G1 X-23.285 Y-41.166 E11.09814
G1 X-23.226 Y-40.77 F7800
G1 E9.09814 F2400
G92 E0
G1 X-25.715 Y-39.913 F7800
G1 E2 F2400
;TYPE:Solid infill
G1 F1200
G1 X-25.715 Y-12.676 E3.31001
G1 X-24.285 Y-12.676 E3.37879
G1 X-24.285 Y-40.106 E4.69808
G1 X-25.715 Y-40.106 E4.76686
G1 X-25.261 Y-39.652 E4.79774
;WIDTH:0.58612
G1 X-24.739 Y-39.652 E4.83171
G1 X-24.739 Y-13.13 E6.55761
G1 X-25.261 Y-13.13 E6.59158
G1 X-25.261 Y-39.459 E8.30492
;LAYER_CHANGE
;Z:3.65
;HEIGHT:0.3
G1 Z3.65 F7800
G1 E6.30492 F2400
G92 E0
G1 X-25.261 Y-39.459 F7800
G1 X2.929 Y-20.734
G1 E2 F2400
;TYPE:Support material
;WIDTH:0.35
G1 F3600
G1 X3.288 Y-20.535 E2.01462
G1 X3.287 Y-20.335 E2.02174
G1 X3.024 Y-20.17 E2.0328
G1 X2.834 Y-20.15 E2.03961
G1 X2.469 Y-20.285 E2.05347
G1 X2.376 Y-20.523 E2.06257
G1 X2.464 Y-20.648 E2.06802
G1 X2.887 Y-20.742 E2.08346
G1 E.08346 F2400
G92 E0
G1 X2.887 Y-20.742 F7800
G1 X.71 Y-21.153
G1 E2 F2400
G1 F3600
G1 X1.07 Y-20.981 E2.01421
G1 X1.132 Y-20.835 E2.01986
G1 X1.089 Y-20.706 E2.0247
G1 X.918 Y-20.595 E2.03196
G1 X.671 Y-20.566 E2.04082
G1 X.318 Y-20.678 E2.05401
G1 X.188 Y-20.857 E2.06189
G1 X.226 Y-20.997 E2.06706
G1 X.48 Y-21.145 E2.07753
G1 X.668 Y-21.161 E2.08425
G1 E.08425 F2400
G92 E0
G1 X.668 Y-21.161 F7800
G1 X-2.686 Y-20.774
G1 E2 F2400
G1 F3600
G1 X-2.327 Y-20.575 E2.01462
G1 X-2.328 Y-20.375 E2.02174
G1 X-2.591 Y-20.21 E2.0328
G1 X-2.781 Y-20.19 E2.03961
G1 X-3.146 Y-20.325 E2.05347
G1 X-3.239 Y-20.563 E2.06257
G1 X-3.151 Y-20.687 E2.06799
G1 X-2.728 Y-20.782 E2.08343
G1 E.08343 F2400
G92 E0
G1 X-2.728 Y-20.782 F7800
G1 X-4.904 Y-21.194
G1 E2 F2400
G1 F3600
G1 X-4.544 Y-21.022 E2.01421
G1 X-4.482 Y-20.876 E2.01986
G1 X-4.525 Y-20.747 E2.0247
G1 X-4.696 Y-20.636 E2.03196
G1 X-4.943 Y-20.607 E2.04082
G1 X-5.295 Y-20.719 E2.05398
G1 X-5.426 Y-20.898 E2.06188
G1 X-5.388 Y-21.038 E2.06705
G1 X-5.134 Y-21.186 E2.07752
G1 X-4.946 Y-21.202 E2.08424
G1 E.08424 F2400
G92 E0
G1 X-4.946 Y-21.202 F7800
G1 X-8.3 Y-20.815
G1 E2 F2400
G1 F3600
G1 X-7.941 Y-20.616 E2.01462
G1 X-7.942 Y-20.416 E2.02174
G1 X-8.205 Y-20.251 E2.0328
G1 X-8.395 Y-20.231 E2.03961
G1 X-8.76 Y-20.365 E2.05346
G1 X-8.852 Y-20.603 E2.06255
G1 X-8.764 Y-20.727 E2.06797
G1 X-8.342 Y-20.823 E2.08339
G1 E.08339 F2400
G92 E0
G1 X-8.342 Y-20.823 F7800
G1 X-10.665 Y-20.747
G1 E2 F2400
G1 F3600
G1 X-10.423 Y-20.721 E2.00867
G1 X-10.253 Y-20.608 E2.01594
G1 X-10.208 Y-20.479 E2.02081
G1 X-10.267 Y-20.334 E2.02639
G1 X-10.664 Y-20.158 E2.04186
G1 X-11.006 Y-20.234 E2.05434
G1 X-11.14 Y-20.398 E2.06188
G1 X-11.099 Y-20.55 E2.06749
G1 X-10.708 Y-20.749 E2.08312
G1 E.08312 F2400
G92 E0
G1 X-10.708 Y-20.749 F7800
G1 X-14.035 Y-20.735
G1 E2 F2400
G1 F3600
G1 X-13.676 Y-20.536 E2.01462
G1 X-13.677 Y-20.336 E2.02174
G1 X-13.94 Y-20.171 E2.0328
G1 X-14.13 Y-20.151 E2.03961
G1 X-14.495 Y-20.286 E2.05347
G1 X-14.588 Y-20.524 E2.06257
G1 X-14.5 Y-20.648 E2.06799
G1 X-14.077 Y-20.743 E2.08343
G1 E.08343 F2400
G92 E0
G1 X-14.077 Y-20.743 F7800
G1 X-16.255 Y-21.153
G1 E2 F2400
G1 F3600
G1 X-15.895 Y-20.981 E2.01421
G1 X-15.833 Y-20.835 E2.01986
G1 X-15.876 Y-20.706 E2.0247
G1 X-16.047 Y-20.595 E2.03196
G1 X-16.294 Y-20.566 E2.04082
G1 X-16.646 Y-20.678 E2.05398
G1 X-16.777 Y-20.857 E2.06188
G1 X-16.739 Y-20.997 E2.06705
G1 X-16.485 Y-21.145 E2.07752
G1 X-16.297 Y-21.161 E2.08424
G1 E.08424 F2400
G92 E0
G1 X-16.297 Y-21.161 F7800
G1 X-17.564 Y-24.516
G1 E2 F2400
G1 F3600
G1 X-17.322 Y-24.49 E2.00867
G1 X-17.152 Y-24.377 E2.01594
G1 X-17.107 Y-24.248 E2.02081
G1 X-17.166 Y-24.103 E2.02639
G1 X-17.563 Y-23.927 E2.04186
G1 X-17.905 Y-24.003 E2.05434
G1 X-18.039 Y-24.167 E2.06188
G1 X-17.998 Y-24.32 E2.06752
G1 X-17.607 Y-24.519 E2.08315
G1 E.08315 F2400
G92 E0
G1 X-17.607 Y-24.519 F7800
G1 X-15.103 Y-24.95
G1 E2 F2400
G1 F3600
G1 X-14.899 Y-24.854 E2.00803
G1 X-14.864 Y-24.762 E2.01154
G1 X-14.988 Y-24.5 E2.02187
G1 X-15.336 Y-24.32 E2.03583
G1 X-15.697 Y-24.394 E2.04896
G1 X-15.763 Y-24.622 E2.05742
G1 X-15.666 Y-24.767 E2.06363
G1 X-15.491 Y-24.887 E2.07119
G1 X-15.144 Y-24.959 E2.08381
G1 E.08381 F2400
G92 E0
G1 X-15.144 Y-24.959 F7800
G1 X-11.869 Y-25.052
G1 E2 F2400
G1 F3600
G1 X-11.621 Y-25.025 E2.00889
G1 X-11.45 Y-24.912 E2.01619
G1 X-11.404 Y-24.782 E2.0211
G1 X-11.463 Y-24.639 E2.02661
G1 X-11.649 Y-24.506 E2.03476
G1 X-12.048 Y-24.483 E2.049
G1 X-12.293 Y-24.629 E2.05916
G1 X-12.296 Y-24.867 E2.06764
G1 X-11.911 Y-25.055 E2.0829
G1 E.0829 F2400
G92 E0
G1 X-11.911 Y-25.055 F7800
G1 X-9.596 Y-25.046
G1 E2 F2400
G1 F3600
G1 X-9.238 Y-24.847 E2.01459
G1 X-9.239 Y-24.647 E2.02171
G1 X-9.501 Y-24.482 E2.03274
G1 X-9.691 Y-24.462 E2.03955
G1 X-10.056 Y-24.597 E2.05341
G1 X-10.149 Y-24.835 E2.06251
G1 X-10.061 Y-24.96 E2.06796
G1 X-9.638 Y-25.055 E2.0834
G1 E.0834 F2400
G92 E0
G1 X-9.638 Y-25.055 F7800
G1 X-10.723 Y-28.332
G1 E2 F2400
G1 F3600
G1 X-10.364 Y-28.133 E2.01462
G1 X-10.366 Y-27.933 E2.02175
G1 X-10.628 Y-27.768 E2.03278
G1 X-10.818 Y-27.748 E2.03959
G1 X-11.183 Y-27.883 E2.05345
G1 X-11.276 Y-28.121 E2.06255
G1 X-11.188 Y-28.245 E2.06797
G1 X-10.765 Y-28.34 E2.08341
G1 E.08341 F2400
G92 E0
G1 X-10.765 Y-28.34 F7800
G1 X-13.06 Y-28.352
G1 E2 F2400
G1 F3600
G1 X-12.817 Y-28.326 E2.00871
G1 X-12.647 Y-28.213 E2.01598
G1 X-12.602 Y-28.084 E2.02085
G1 X-12.661 Y-27.939 E2.02643
G1 X-13.058 Y-27.763 E2.0419
G1 X-13.4 Y-27.839 E2.05438
G1 X-13.535 Y-28.004 E2.06197
G1 X-13.493 Y-28.157 E2.06762
G1 X-13.102 Y-28.355 E2.08323
G1 E.08323 F2400
G92 E0
G1 X-13.102 Y-28.355 F7800
G1 X-12.496 Y-32.617
G1 E2 F2400
G1 F3600
G1 X-12.324 Y-32.479 E2.00786
G1 X-12.293 Y-32.35 E2.01259
G1 X-12.418 Y-32.116 E2.02204
G1 X-12.607 Y-32.071 E2.02896
G1 X-12.82 Y-32.221 E2.03824
G1 X-12.852 Y-32.35 E2.04297
G1 X-12.727 Y-32.584 E2.05242
G1 X-12.537 Y-32.628 E2.05937
G1 E.05937 F2400
G92 E0
G1 X-12.537 Y-32.628 F7800
G1 X-9.424 Y-32.52
G1 E2 F2400
G1 F3600
G1 X-9.182 Y-32.494 E2.00867
G1 X-9.011 Y-32.382 E2.01595
G1 X-8.966 Y-32.252 E2.02085
G1 X-9.026 Y-32.108 E2.02641
G1 X-9.423 Y-31.931 E2.04189
G1 X-9.765 Y-32.007 E2.05437
G1 X-9.899 Y-32.171 E2.06191
G1 X-9.858 Y-32.324 E2.06755
G1 X-9.466 Y-32.523 E2.08321
G1 E.08321 F2400
G92 E0
G1 X-9.466 Y-32.523 F7800
G1 X-7.058 Y-32.647
G1 E2 F2400
G1 F3600
G1 X-6.702 Y-32.449 E2.01451
G1 X-6.704 Y-32.249 E2.02164
G1 X-6.966 Y-32.084 E2.03267
G1 X-7.156 Y-32.063 E2.03948
G1 X-7.522 Y-32.193 E2.05332
G1 X-7.611 Y-32.427 E2.06224
G1 X-7.522 Y-32.553 E2.06774
G1 X-7.1 Y-32.655 E2.08321
G1 E.08321 F2400
G92 E0
G1 X-7.1 Y-32.655 F7800
G1 X-3.694 Y-32.595
G1 E2 F2400
G1 F3600
G1 X-3.451 Y-32.57 E2.0087
G1 X-3.281 Y-32.457 E2.01597
G1 X-3.236 Y-32.327 E2.02087
G1 X-3.295 Y-32.183 E2.02641
G1 X-3.693 Y-32.006 E2.04193
G1 X-4.035 Y-32.082 E2.05441
G1 X-4.169 Y-32.246 E2.06195
G1 X-4.128 Y-32.399 E2.06759
G1 X-3.736 Y-32.598 E2.08325
G1 E.08325 F2400
G92 E0
G1 X-3.736 Y-32.598 F7800
G1 X-1.328 Y-32.648
G1 E2 F2400
G1 F3600
G1 X-.969 Y-32.449 E2.01462
G1 X-.97 Y-32.249 E2.02174
G1 X-1.233 Y-32.084 E2.0328
G1 X-1.423 Y-32.064 E2.03961
G1 X-1.788 Y-32.199 E2.05347
G1 X-1.88 Y-32.436 E2.06253
G1 X-1.792 Y-32.561 E2.06798
G1 X-1.37 Y-32.656 E2.08339
G1 E.08339 F2400
G92 E0
G1 X-1.37 Y-32.656 F7800
G1 X2.098 Y-32.616
G1 E2 F2400
G1 F3600
G1 X2.457 Y-32.445 E2.01417
G1 X2.52 Y-32.297 E2.0199
G1 X2.477 Y-32.169 E2.02471
G1 X2.307 Y-32.058 E2.03194
G1 X2.06 Y-32.03 E2.0408
G1 X1.707 Y-32.142 E2.05399
G1 X1.576 Y-32.321 E2.06189
G1 X1.614 Y-32.461 E2.06706
G1 X1.868 Y-32.609 E2.07753
G1 X2.056 Y-32.625 E2.08425
G1 E.08425 F2400
G92 E0
G1 X2.056 Y-32.625 F7800
G1 X4.293 Y-32.196
G1 E2 F2400
G1 F3600
G1 X4.652 Y-31.997 E2.01462
G1 X4.65 Y-31.797 E2.02175
G1 X4.388 Y-31.632 E2.03278
G1 X4.198 Y-31.612 E2.03959
G1 X3.833 Y-31.747 E2.05345
G1 X3.74 Y-31.985 E2.06255
G1 X3.828 Y-32.109 E2.06797
G1 X4.251 Y-32.204 E2.08341
G1 E.08341 F2400
G92 E0
G1 X4.251 Y-32.204 F7800
G1 X7.689 Y-32.574
G1 E2 F2400
G1 F3600
G1 X8.048 Y-32.403 E2.01417
G1 X8.111 Y-32.256 E2.01987
G1 X8.068 Y-32.128 E2.02468
G1 X7.897 Y-32.017 E2.03194
G1 X7.65 Y-31.988 E2.0408
G1 X7.297 Y-32.1 E2.05399
G1 X7.167 Y-32.279 E2.06187
G1 X7.205 Y-32.419 E2.06704
G1 X7.458 Y-32.567 E2.07748
G1 X7.647 Y-32.583 E2.08424
G1 E.08424 F2400
G92 E0
G1 X7.647 Y-32.583 F7800
G1 X9.904 Y-32.152
G1 E2 F2400
G1 F3600
G1 X10.263 Y-31.953 E2.01462
G1 X10.261 Y-31.753 E2.02175
G1 X9.999 Y-31.588 E2.03278
G1 X9.809 Y-31.568 E2.03959
G1 X9.444 Y-31.703 E2.05345
G1 X9.351 Y-31.941 E2.06255
G1 X9.439 Y-32.066 E2.068
G1 X9.862 Y-32.16 E2.08344
G1 E.08344 F2400
G92 E0
G1 X9.862 Y-32.16 F7800
G1 X13.254 Y-32.578
G1 E2 F2400
G1 F3600
G1 X13.496 Y-32.552 E2.00867
G1 X13.666 Y-32.44 E2.01592
G1 X13.711 Y-32.31 E2.02082
G1 X13.652 Y-32.166 E2.02636
G1 X13.255 Y-31.989 E2.04184
G1 X12.913 Y-32.065 E2.05432
G1 X12.779 Y-32.229 E2.06186
G1 X12.82 Y-32.382 E2.0675
G1 X13.211 Y-32.581 E2.08313
G1 E.08313 F2400
G92 E0
G1 X13.211 Y-32.581 F7800
G1 X15.62 Y-32.648
G1 E2 F2400
G1 F3600
G1 X15.978 Y-32.449 E2.01459
G1 X15.977 Y-32.249 E2.02171
G1 X15.715 Y-32.084 E2.03274
G1 X15.524 Y-32.064 E2.03958
G1 X15.159 Y-32.198 E2.05343
G1 X15.067 Y-32.436 E2.06252
G1 X15.155 Y-32.56 E2.06794
G1 X15.578 Y-32.656 E2.08339
G1 E.08339 F2400
G92 E0
G1 X15.578 Y-32.656 F7800
G1 X19.035 Y-32.611
G1 E2 F2400
G1 F3600
G1 X19.395 Y-32.44 E2.0142
G1 X19.457 Y-32.293 E2.01988
G1 X19.414 Y-32.165 E2.02469
G1 X19.243 Y-32.053 E2.03197
G1 X18.996 Y-32.024 E2.04083
G1 X18.643 Y-32.136 E2.05402
G1 X18.513 Y-32.315 E2.0619
G1 X18.551 Y-32.455 E2.06707
G1 X18.805 Y-32.603 E2.07754
G1 X18.993 Y-32.619 E2.08426
G1 E.08426 F2400
G92 E0
G1 X18.993 Y-32.619 F7800
G1 X21.256 Y-32.195
G1 E2 F2400
G1 F3600
G1 X21.615 Y-31.996 E2.01462
G1 X21.614 Y-31.795 E2.02178
G1 X21.351 Y-31.631 E2.03282
G1 X21.161 Y-31.611 E2.03963
G1 X20.796 Y-31.746 E2.05349
G1 X20.703 Y-31.984 E2.06259
G1 X20.791 Y-32.108 E2.06801
G1 X21.214 Y-32.203 E2.08345
G1 E.08345 F2400
G92 E0
G1 X21.214 Y-32.203 F7800
G1 X24.371 Y-32.466
G1 E2 F2400
G1 F3600
G1 X24.652 Y-32.245 E2.01274
G1 X24.756 Y-31.996 E2.02235
G1 X24.757 Y-31.775 E2.03022
G1 X24.679 Y-31.644 E2.03565
G1 X24.546 Y-31.602 E2.04062
G1 X24.305 Y-31.711 E2.05004
G1 X24.107 Y-32.065 E2.06449
G1 X24.146 Y-32.384 E2.07594
G1 X24.33 Y-32.48 E2.08333
G1 E.08333 F2400
G92 E0
G1 X24.33 Y-32.48 F7800
G1 X25.361 Y-30.454
G1 E2 F2400
G1 F3600
G1 X25.656 Y-30.348 E2.01117
G1 X25.8 Y-30.18 E2.01905
G1 X25.895 Y-29.811 E2.03262
G1 X25.764 Y-29.639 E2.04032
G1 X25.461 Y-29.708 E2.05139
G1 X25.272 Y-29.893 E2.06081
G1 X25.176 Y-30.254 E2.07412
G1 X25.318 Y-30.455 E2.08289
G1 E.08289 F2400
G92 E0
G1 X25.318 Y-30.455 F7800
G1 X25.756 Y-27.159
G1 E2 F2400
G1 F3600
G1 X25.959 Y-27.063 E2.008
G1 X25.995 Y-26.97 E2.01155
G1 X25.871 Y-26.709 E2.02184
G1 X25.522 Y-26.529 E2.03583
G1 X25.162 Y-26.601 E2.04891
G1 X25.087 Y-26.719 E2.05389
G1 X25.194 Y-26.975 E2.06377
G1 X25.368 Y-27.096 E2.07132
G1 X25.714 Y-27.168 E2.08391
G1 E.08391 F2400
G92 E0
G1 X25.714 Y-27.168 F7800
G1 X23.671 Y-26.753
G1 E2 F2400
G1 F3600
G1 X23.726 Y-26.592 E2.00606
G1 X23.498 Y-27.499 E2.03938
G1 X23.91 Y-27.245 E2.05662
G1 X24.088 Y-26.763 E2.07492
G1 X23.999 Y-26.337 E2.09042
G1 X23.664 Y-26.098 E2.10508
G1 X23.491 Y-26.189 E2.11204
G1 X23.307 Y-26.74 E2.13273
G1 X23.331 Y-26.953 E2.14037
G1 X23.178 Y-27.312 E2.15427
G1 X23.278 Y-27.485 E2.16139
G1 X23.456 Y-27.51 E2.16779
G1 E.16779 F2400
G92 E0
G1 X23.456 Y-27.51 F7800
G1 X21.908 Y-25.073
G1 E2 F2400
G1 F3600
G1 X22.063 Y-24.97 E2.00663
G1 X22.104 Y-24.666 E2.01756
G1 X21.89 Y-24.219 E2.03521
G1 X21.577 Y-24.06 E2.04772
G1 X21.45 Y-24.153 E2.05333
G1 X21.408 Y-24.483 E2.06518
G1 X21.604 Y-24.937 E2.0828
G1 X21.867 Y-25.082 E2.0935
G1 E.0935 F2400
G92 E0
G1 X21.867 Y-25.082 F7800
G1 X18.825 Y-24.788
G1 E2 F2400
G1 F3600
G1 X19.183 Y-24.589 E2.01459
G1 X19.182 Y-24.388 E2.02175
G1 X18.92 Y-24.224 E2.03276
G1 X18.729 Y-24.204 E2.0396
G1 X18.364 Y-24.339 E2.05346
G1 X18.272 Y-24.577 E2.06255
G1 X18.36 Y-24.701 E2.06797
G1 X18.783 Y-24.796 E2.08341
G1 E.08341 F2400
G92 E0
G1 X18.783 Y-24.796 F7800
G1 X16.553 Y-25.015
G1 E2 F2400
G1 F3600
G1 X16.913 Y-24.844 E2.0142
G1 X16.975 Y-24.697 E2.01988
G1 X16.932 Y-24.569 E2.02469
G1 X16.76 Y-24.458 E2.03198
G1 X16.514 Y-24.429 E2.0408
G1 X16.161 Y-24.541 E2.05399
G1 X16.031 Y-24.72 E2.06187
G1 X16.069 Y-24.86 E2.06704
G1 X16.322 Y-25.008 E2.07748
G1 X16.511 Y-25.024 E2.08424
G1 E.08424 F2400
G92 E0
G1 X16.511 Y-25.024 F7800
G1 X13.124 Y-24.742
G1 E2 F2400
G1 F3600
G1 X13.482 Y-24.543 E2.01459
G1 X13.481 Y-24.342 E2.02175
G1 X13.219 Y-24.178 E2.03276
G1 X13.028 Y-24.158 E2.0396
G1 X12.663 Y-24.293 E2.05346
G1 X12.571 Y-24.531 E2.06255
G1 X12.659 Y-24.655 E2.06797
G1 X13.081 Y-24.75 E2.08338
G1 E.08338 F2400
G92 E0
G1 X13.081 Y-24.75 F7800
G1 X10.858 Y-25.015
G1 E2 F2400
G1 F3600
G1 X11.218 Y-24.844 E2.0142
G1 X11.28 Y-24.697 E2.01988
G1 X11.237 Y-24.569 E2.02469
G1 X11.065 Y-24.458 E2.03198
G1 X10.819 Y-24.429 E2.0408
G1 X10.466 Y-24.541 E2.05399
G1 X10.336 Y-24.72 E2.06187
G1 X10.373 Y-24.86 E2.06703
G1 X10.627 Y-25.008 E2.0775
G1 X10.816 Y-25.024 E2.08426
G1 E.08426 F2400
G92 E0
G1 X10.816 Y-25.024 F7800
G1 X7.432 Y-24.705
G1 E2 F2400
G1 F3600
G1 X7.791 Y-24.506 E2.01462
G1 X7.79 Y-24.306 E2.02174
G1 X7.528 Y-24.141 E2.03277
G1 X7.337 Y-24.121 E2.03961
G1 X6.972 Y-24.256 E2.05347
G1 X6.879 Y-24.494 E2.06257
G1 X6.968 Y-24.619 E2.06804
G1 X7.39 Y-24.714 E2.08345
G1 E.08345 F2400
G92 E0
G1 X7.39 Y-24.714 F7800
G1 X5.172 Y-25.015
G1 E2 F2400
G1 F3600
G1 X5.532 Y-24.844 E2.0142
G1 X5.594 Y-24.697 E2.01988
G1 X5.551 Y-24.569 E2.02469
G1 X5.379 Y-24.458 E2.03198
G1 X5.133 Y-24.429 E2.0408
G1 X4.78 Y-24.541 E2.05399
G1 X4.65 Y-24.72 E2.06187
G1 X4.687 Y-24.86 E2.06703
G1 X4.941 Y-25.008 E2.0775
G1 X5.13 Y-25.024 E2.08426
G1 E.08426 F2400
G92 E0
G1 X5.13 Y-25.024 F7800
G1 X1.751 Y-24.679
G1 E2 F2400
G1 F3600
G1 X2.109 Y-24.48 E2.01459
G1 X2.108 Y-24.279 E2.02175
G1 X1.846 Y-24.115 E2.03276
G1 X1.655 Y-24.095 E2.0396
G1 X1.29 Y-24.23 E2.05346
G1 X1.198 Y-24.468 E2.06255
G1 X1.286 Y-24.592 E2.06797
G1 X1.709 Y-24.687 E2.08341
G1 E.08341 F2400
G92 E0
G1 X1.709 Y-24.687 F7800
G1 X-.506 Y-25.015
G1 E2 F2400
G1 F3600
G1 X-.146 Y-24.844 E2.0142
G1 X-.084 Y-24.697 E2.01988
G1 X-.127 Y-24.569 E2.02469
G1 X-.299 Y-24.458 E2.03198
G1 X-.545 Y-24.429 E2.0408
G1 X-.898 Y-24.541 E2.05399
G1 X-1.028 Y-24.72 E2.06187
G1 X-.99 Y-24.86 E2.06704
G1 X-.736 Y-25.008 E2.07751
G1 X-.548 Y-25.024 E2.08423
G1 E.08423 F2400
G92 E0
G1 X-.548 Y-25.024 F7800
G1 X-3.919 Y-25.03
G1 E2 F2400
G1 F3600
G1 X-3.583 Y-24.848 E2.01361
G1 X-3.583 Y-24.649 E2.0207
G1 X-3.977 Y-24.447 E2.03647
G1 X-4.4 Y-24.552 E2.052
G1 X-4.484 Y-24.674 E2.05728
G1 X-4.394 Y-24.91 E2.06628
G1 X-3.961 Y-25.037 E2.08236
G1 E.08236 F2400
G92 E0
G1 X-3.961 Y-25.037 F7800
G1 X-6.162 Y-25.015
G1 E2 F2400
G1 F3600
G1 X-5.801 Y-24.844 E2.01423
G1 X-5.739 Y-24.698 E2.01988
G1 X-5.783 Y-24.569 E2.02474
G1 X-5.955 Y-24.458 E2.03203
G1 X-6.201 Y-24.429 E2.04085
G1 X-6.553 Y-24.541 E2.05401
G1 X-6.684 Y-24.72 E2.06191
G1 X-6.646 Y-24.86 E2.06708
G1 X-6.392 Y-25.008 E2.07755
G1 X-6.204 Y-25.024 E2.08427
G1 E.08427 F2400
G92 E0
G1 X-6.204 Y-25.024 F7800
G1 X-7.551 Y-28.386
G1 E2 F2400
G1 F3600
G1 X-7.379 Y-28.247 E2.00788
G1 X-7.347 Y-28.119 E2.01258
G1 X-7.472 Y-27.884 E2.02206
G1 X-7.662 Y-27.84 E2.02901
G1 X-7.875 Y-27.99 E2.03829
G1 X-7.907 Y-28.119 E2.04302
G1 X-7.781 Y-28.353 E2.05249
G1 X-7.592 Y-28.397 E2.0594
G1 E.0594 F2400
G92 E0
G1 X-4.445 Y-28.795 F7800
G1 E2 F2400
G1 F3600
G1 X-4.085 Y-28.624 E2.0142
G1 X-4.023 Y-28.477 E2.01988
G1 X-4.066 Y-28.349 E2.02469
G1 X-4.237 Y-28.237 E2.03197
G1 X-4.484 Y-28.209 E2.04083
G1 X-4.837 Y-28.321 E2.05402
G1 X-4.967 Y-28.5 E2.0619
G1 X-4.929 Y-28.64 E2.06707
G1 X-4.675 Y-28.788 E2.07754
G1 X-4.487 Y-28.804 E2.08426
G1 E.08426 F2400
G92 E0
G1 X-4.487 Y-28.804 F7800
G1 X-2.227 Y-28.376
G1 E2 F2400
G1 F3600
G1 X-1.868 Y-28.177 E2.01462
G1 X-1.869 Y-27.976 E2.02178
G1 X-2.132 Y-27.812 E2.03282
G1 X-2.322 Y-27.792 E2.03963
G1 X-2.687 Y-27.927 E2.05349
G1 X-2.78 Y-28.165 E2.06259
G1 X-2.692 Y-28.289 E2.06801
G1 X-2.269 Y-28.384 E2.08345
G1 E.08345 F2400
G92 E0
G1 X-2.269 Y-28.384 F7800
G1 X1.169 Y-28.754
G1 E2 F2400
G1 F3600
G1 X1.529 Y-28.583 E2.0142
G1 X1.591 Y-28.436 E2.01988
G1 X1.548 Y-28.308 E2.02469
G1 X1.377 Y-28.197 E2.03195
G1 X1.13 Y-28.168 E2.04081
G1 X.778 Y-28.28 E2.05397
G1 X.647 Y-28.459 E2.06187
G1 X.685 Y-28.599 E2.06704
G1 X.939 Y-28.747 E2.07751
G1 X1.127 Y-28.763 E2.08423
G1 E.08423 F2400
G92 E0
G1 X1.127 Y-28.763 F7800
G1 X3.394 Y-28.342
G1 E2 F2400
G1 F3600
G1 X3.753 Y-28.143 E2.01462
G1 X3.751 Y-27.942 E2.02178
G1 X3.489 Y-27.778 E2.03279
G1 X3.299 Y-27.758 E2.0396
G1 X2.934 Y-27.893 E2.05346
G1 X2.841 Y-28.131 E2.06256
G1 X2.929 Y-28.255 E2.06798
G1 X3.352 Y-28.35 E2.08342
G1 E.08342 F2400
G92 E0
G1 X3.352 Y-28.35 F7800
G1 X6.758 Y-28.338
G1 E2 F2400
G1 F3600
G1 X7.005 Y-28.311 E2.00885
G1 X7.177 Y-28.198 E2.01618
G1 X7.222 Y-28.068 E2.02108
G1 X7.164 Y-27.924 E2.02661
G1 X6.978 Y-27.792 E2.03474
G1 X6.578 Y-27.769 E2.04901
G1 X6.333 Y-27.914 E2.05915
G1 X6.331 Y-28.152 E2.06763
G1 X6.715 Y-28.341 E2.08288
G1 E.08288 F2400
G92 E0
G1 X6.715 Y-28.341 F7800
G1 X9.03 Y-28.332
G1 E2 F2400
G1 F3600
G1 X9.389 Y-28.133 E2.01462
G1 X9.388 Y-27.933 E2.02174
G1 X9.125 Y-27.768 E2.0328
G1 X8.935 Y-27.748 E2.03961
G1 X8.57 Y-27.883 E2.05347
G1 X8.477 Y-28.121 E2.06257
G1 X8.565 Y-28.245 E2.06799
G1 X8.988 Y-28.34 E2.08343
G1 E.08343 F2400
G92 E0
G1 X8.988 Y-28.34 F7800
G1 X12.399 Y-28.338
G1 E2 F2400
G1 F3600
G1 X12.646 Y-28.311 E2.00885
G1 X12.818 Y-28.198 E2.01618
G1 X12.863 Y-28.068 E2.02108
G1 X12.805 Y-27.924 E2.02661
G1 X12.619 Y-27.792 E2.03474
G1 X12.219 Y-27.769 E2.04901
G1 X11.974 Y-27.914 E2.05915
G1 X11.972 Y-28.152 E2.06763
G1 X12.356 Y-28.341 E2.08288
G1 E.08288 F2400
G92 E0
G1 X12.356 Y-28.341 F7800
G1 X14.671 Y-28.332
G1 E2 F2400
G1 F3600
G1 X15.03 Y-28.133 E2.01462
G1 X15.029 Y-27.933 E2.02174
G1 X14.766 Y-27.768 E2.0328
G1 X14.576 Y-27.748 E2.03961
G1 X14.211 Y-27.883 E2.05347
G1 X14.118 Y-28.121 E2.06257
G1 X14.206 Y-28.245 E2.06799
G1 X14.629 Y-28.34 E2.08343
G1 E.08343 F2400
G92 E0
G1 X14.629 Y-28.34 F7800
G1 X18.098 Y-28.301
G1 E2 F2400
G1 F3600
G1 X18.459 Y-28.13 E2.01423
G1 X18.52 Y-27.984 E2.01987
G1 X18.475 Y-27.856 E2.0247
G1 X18.303 Y-27.744 E2.03201
G1 X18.059 Y-27.714 E2.04077
G1 X17.706 Y-27.826 E2.05396
G1 X17.576 Y-28.005 E2.06184
G1 X17.614 Y-28.145 E2.06701
G1 X17.867 Y-28.293 E2.07745
G1 X18.056 Y-28.309 E2.08421
G1 E.08421 F2400
G92 E0
G1 X18.056 Y-28.309 F7800
G1 X20.444 Y-28.381
G1 E2 F2400
G1 F3600
G1 X20.776 Y-28.202 E2.01344
G1 X20.776 Y-28.003 E2.02053
G1 X20.379 Y-27.797 E2.03646
G1 X19.959 Y-27.898 E2.05185
G1 X19.875 Y-28.02 E2.05713
G1 X19.965 Y-28.254 E2.06606
G1 X20.401 Y-28.388 E2.08231
G1 E.08231 F2400
G92 E0
G1 X20.401 Y-28.388 F7800
G1 X25.584 Y-24.795
G1 E2 F2400
G1 F3600
G1 X25.839 Y-24.549 E2.01262
G1 X25.914 Y-24.337 E2.02063
G1 X25.916 Y-24.125 E2.02818
G1 X25.771 Y-23.912 E2.03736
G1 X25.553 Y-23.954 E2.04527
G1 X25.287 Y-24.357 E2.06247
G1 X25.329 Y-24.688 E2.07436
G1 X25.546 Y-24.814 E2.0833
G1 E.0833 F2400
G92 E0
G1 X25.546 Y-24.814 F7800
G1 X25.734 Y-21.396
G1 E2 F2400
G1 F3600
G1 X25.921 Y-21.227 E2.00898
G1 X25.905 Y-20.434 E2.03724
G1 X25.831 Y-20.299 E2.04272
G1 X25.657 Y-20.257 E2.0491
G1 X25.252 Y-20.524 E2.06638
G1 X25.196 Y-20.936 E2.08119
G1 X25.375 Y-21.257 E2.09428
G1 X25.692 Y-21.4 E2.10667
G1 E.10667 F2400
G92 E0
G1 X25.692 Y-21.4 F7800
G1 X23.318 Y-20.837
G1 E2 F2400
G1 F3600
G1 X23.529 Y-20.82 E2.00754
G1 X23.686 Y-20.715 E2.01427
G1 X23.723 Y-20.589 E2.01895
G1 X23.652 Y-20.429 E2.02519
G1 X23.265 Y-20.224 E2.04079
G1 X22.911 Y-20.263 E2.05348
G1 X22.804 Y-20.385 E2.05926
G1 X22.833 Y-20.549 E2.06519
G1 X23.088 Y-20.778 E2.0774
G1 X23.276 Y-20.839 E2.08444
G1 E.08444 F2400
G92 E0
G1 X23.276 Y-20.839 F7800
G1 X19.908 Y-20.748
G1 E2 F2400
G1 F3600
G1 X20.266 Y-20.549 E2.01459
G1 X20.265 Y-20.348 E2.02175
G1 X20.003 Y-20.184 E2.03276
G1 X19.813 Y-20.164 E2.03957
G1 X19.448 Y-20.299 E2.05343
G1 X19.355 Y-20.537 E2.06253
G1 X19.443 Y-20.661 E2.06795
G1 X19.866 Y-20.756 E2.08339
G1 E.08339 F2400
G92 E0
G1 X19.866 Y-20.756 F7800
G1 X17.676 Y-21.153
G1 E2 F2400
G1 F3600
G1 X18.036 Y-20.982 E2.0142
G1 X18.098 Y-20.836 E2.01985
G1 X18.055 Y-20.707 E2.02469
G1 X17.883 Y-20.596 E2.03198
G1 X17.637 Y-20.567 E2.0408
G1 X17.284 Y-20.679 E2.05399
G1 X17.154 Y-20.858 E2.06187
G1 X17.192 Y-20.998 E2.06704
G1 X17.445 Y-21.146 E2.07748
G1 X17.634 Y-21.162 E2.08424
G1 E.08424 F2400
G92 E0
G1 X17.634 Y-21.162 F7800
G1 X14.28 Y-20.775
G1 E2 F2400
G1 F3600
G1 X14.639 Y-20.576 E2.01462
G1 X14.637 Y-20.376 E2.02175
G1 X14.375 Y-20.211 E2.03278
G1 X14.185 Y-20.191 E2.03959
G1 X13.82 Y-20.326 E2.05345
G1 X13.727 Y-20.564 E2.06255
G1 X13.815 Y-20.688 E2.06797
G1 X14.238 Y-20.783 E2.08341
G1 E.08341 F2400
G92 E0
G1 X14.238 Y-20.783 F7800
G1 X12.06 Y-21.193
G1 E2 F2400
G1 F3600
G1 X12.42 Y-21.022 E2.0142
G1 X12.482 Y-20.875 E2.01988
G1 X12.439 Y-20.747 E2.02469
G1 X12.268 Y-20.635 E2.03197
G1 X12.021 Y-20.606 E2.04083
G1 X11.669 Y-20.718 E2.05399
G1 X11.538 Y-20.897 E2.06189
G1 X11.576 Y-21.038 E2.06709
G1 X11.83 Y-21.186 E2.07756
G1 X12.018 Y-21.202 E2.08428
G1 E.08428 F2400
G92 E0
G1 X12.018 Y-21.202 F7800
G1 X8.665 Y-20.814
G1 E2 F2400
G1 F3600
G1 X9.023 Y-20.615 E2.01459
G1 X9.022 Y-20.415 E2.02171
G1 X8.759 Y-20.25 E2.03277
G1 X8.569 Y-20.23 E2.03958
G1 X8.204 Y-20.365 E2.05344
G1 X8.112 Y-20.602 E2.0625
G1 X8.2 Y-20.726 E2.06792
G1 X8.623 Y-20.823 E2.08338
G1 E.08338 F2400
G92 E0
G1 X8.623 Y-20.823 F7800
G1 X6.299 Y-20.747
G1 E2 F2400
G1 F3600
G1 X6.541 Y-20.721 E2.00867
G1 X6.711 Y-20.608 E2.01594
G1 X6.756 Y-20.479 E2.02081
G1 X6.697 Y-20.334 E2.02639
G1 X6.3 Y-20.158 E2.04186
G1 X5.958 Y-20.234 E2.05434
G1 X5.824 Y-20.398 E2.06188
G1 X5.865 Y-20.55 E2.06749
G1 X6.256 Y-20.749 E2.08312
G1 E.08312 F2400
G92 E0
G1 X6.256 Y-20.749 F7800
G1 X-15.662 Y-32.438
G1 E2 F2400
G1 F3600
G1 X-15.303 Y-32.239 E2.01462
G1 X-15.304 Y-32.038 E2.02178
G1 X-15.566 Y-31.874 E2.03279
G1 X-15.757 Y-31.854 E2.03963
G1 X-16.122 Y-31.989 E2.05349
G1 X-16.215 Y-32.227 E2.06259
G1 X-16.126 Y-32.351 E2.06803
G1 X-15.704 Y-32.446 E2.08344
G1 E.08344 F2400
G92 E0
G1 X-15.704 Y-32.446 F7800
G1 X-17.939 Y-32.618
G1 E2 F2400
G1 F3600
G1 X-17.576 Y-32.449 E2.01426
G1 X-17.517 Y-32.305 E2.0198
G1 X-17.564 Y-32.176 E2.02469
G1 X-17.737 Y-32.062 E2.03207
G1 X-17.978 Y-32.031 E2.04073
G1 X-18.331 Y-32.142 E2.05391
G1 X-18.461 Y-32.321 E2.06179
G1 X-18.423 Y-32.461 E2.06696
G1 X-18.169 Y-32.61 E2.07745
G1 X-17.981 Y-32.626 E2.08417
G1 E.08417 F2400
G92 E0
G1 X-17.981 Y-32.626 F7800
G1 X-20.96 Y-32.395
G1 E2 F2400
G1 F3600
G1 X-21.202 Y-32.261 E2.00985
G1 X-21.471 Y-32.302 E2.01954
G1 X-21.777 Y-32.515 E2.03282
G1 X-21.581 Y-32.646 E2.04122
G1 X-21.154 Y-32.682 E2.05649
G1 X-21.047 Y-33.018 E2.06905
G1 X-20.487 Y-32.69 E2.09217
G1 X-20.404 Y-32.488 E2.09995
G1 X-20.524 Y-32.277 E2.1086
G1 X-20.82 Y-32.026 E2.12243
G1 X-21.082 Y-31.905 E2.13271
G1 X-21.577 Y-31.964 E2.15047
G1 X-21.907 Y-32.124 E2.16353
G1 X-22.116 Y-32.404 E2.17598
G1 X-22.11 Y-32.672 E2.18553
G1 X-21.92 Y-32.884 E2.19567
G1 X-21.674 Y-32.987 E2.20517
G1 X-21.086 Y-33.036 E2.22619
G1 E.22619 F2400
G92 E0
G1 X-21.086 Y-33.036 F7800
G1 X-20.788 Y-29.562
G1 E2 F2400
G1 F3600
G1 X-21.206 Y-29.402 E2.01594
G1 X-21.49 Y-29.427 E2.0261
G1 X-21.76 Y-29.611 E2.03774
G1 X-21.539 Y-29.769 E2.04742
G1 X-21.255 Y-29.776 E2.05754
G1 X-21.177 Y-30.117 E2.07
G1 X-20.411 Y-29.801 E2.09952
G1 X-20.304 Y-29.584 E2.10814
G1 X-20.407 Y-29.371 E2.11657
G1 X-21.17 Y-29.047 E2.1461
G1 X-21.57 Y-29.083 E2.16041
G1 X-22.02 Y-29.373 E2.17948
G1 X-22.121 Y-29.62 E2.18899
G1 X-22 Y-29.918 E2.20045
G1 X-21.604 Y-30.118 E2.21625
G1 X-21.219 Y-30.127 E2.22997
G1 E.22997 F2400
G92 E0
G1 X-21.219 Y-30.127 F7800
G1 X-21.049 Y-26.574
G1 E2 F2400
G1 F3600
G1 X-21.412 Y-26.529 E2.01303
G1 X-21.674 Y-26.638 E2.02314
G1 X-21.761 Y-26.765 E2.02862
G1 X-21.538 Y-26.886 E2.03766
G1 X-21.25 Y-26.893 E2.04792
G1 X-21.181 Y-27.236 E2.06038
G1 X-20.369 Y-26.923 E2.09138
G1 X-19.934 Y-26.862 E2.10703
G1 X-19.711 Y-26.967 E2.11581
G1 X-19.314 Y-26.958 E2.12996
G1 X-19.153 Y-26.884 E2.13627
G1 X-19.02 Y-26.678 E2.14501
G1 X-19.162 Y-26.475 E2.15384
G1 X-19.317 Y-26.412 E2.1598
G1 X-19.702 Y-26.43 E2.17353
G1 X-19.928 Y-26.563 E2.18287
G1 X-20.37 Y-26.545 E2.19863
G1 X-21.178 Y-26.167 E2.23041
G1 X-21.472 Y-26.182 E2.2409
G1 X-21.887 Y-26.355 E2.25692
G1 X-22.121 Y-26.737 E2.27288
G1 X-22 Y-27.035 E2.28434
G1 X-21.604 Y-27.235 E2.30014
G1 X-21.223 Y-27.245 E2.31372
G1 E.31372 F2400
G92 E0
G1 X-21.223 Y-27.245 F7800
G1 X-20.787 Y-23.796
G1 E2 F2400
G1 F3600
G1 X-21.206 Y-23.635 E2.01599
G1 X-21.489 Y-23.66 E2.02611
G1 X-21.76 Y-23.845 E2.0378
G1 X-21.539 Y-24.002 E2.04746
G1 X-21.255 Y-24.009 E2.05758
G1 X-21.177 Y-24.35 E2.07004
G1 X-20.411 Y-24.035 E2.09955
G1 X-20.303 Y-23.818 E2.10818
G1 X-20.406 Y-23.605 E2.11661
G1 X-21.17 Y-23.281 E2.14617
G1 X-21.57 Y-23.316 E2.16047
G1 X-22.02 Y-23.606 E2.17954
G1 X-22.121 Y-23.853 E2.18905
G1 X-22 Y-24.151 E2.20051
G1 X-21.604 Y-24.351 E2.21631
G1 X-21.219 Y-24.36 E2.23003
G1 E.23003 F2400
G92 E0
G1 X-21.219 Y-24.36 F7800
G1 X-20.98 Y-20.835
G1 E2 F2400
G1 F3600
G1 X-21.131 Y-20.752 E2.00614
G1 X-21.476 Y-20.781 E2.01847
G1 X-21.76 Y-20.961 E2.03045
G1 X-21.726 Y-21.043 E2.03361
G1 X-21.349 Y-21.185 E2.04796
G1 X-21.315 Y-21.534 E2.06045
G1 X-21.017 Y-21.504 E2.07112
G1 X-20.469 Y-21.142 E2.09452
G1 X-20.349 Y-20.936 E2.10301
G1 X-20.436 Y-20.727 E2.11107
G1 X-21.071 Y-20.395 E2.1366
G1 X-21.568 Y-20.437 E2.15437
G1 X-21.877 Y-20.582 E2.16653
G1 X-22.067 Y-20.79 E2.17657
G1 X-22.121 Y-20.97 E2.18326
G1 X-22.004 Y-21.267 E2.19463
G1 X-21.357 Y-21.544 E2.2197
G1 E.2197 F2400
G92 E0
G1 X-21.357 Y-21.544 F7800
G1 X-17.579 Y-29.181
G1 E2 F2400
G1 F3600
G1 X-17.22 Y-28.982 E2.01462
G1 X-17.222 Y-28.781 E2.02178
G1 X-17.484 Y-28.617 E2.03279
G1 X-17.674 Y-28.597 E2.0396
G1 X-18.039 Y-28.732 E2.05346
G1 X-18.132 Y-28.97 E2.06256
G1 X-18.044 Y-29.094 E2.06798
G1 X-17.621 Y-29.189 E2.08342
G1 E.08342 F2400
G92 E0
G1 X-17.621 Y-29.189 F7800
G1 X-23.996 Y-40.395
G1 E2 F2400
;TYPE:Perimeter
;WIDTH:0.45
G1 F3600
G1 X-23.996 Y-39.391 E2.04829
G1 X-23.996 Y-12.387 E3.34709
G1 X-26.004 Y-12.387 E3.44367
G1 X-26.004 Y-40.395 E4.79076
G1 X-24.056 Y-40.395 E4.88445
G1 X-24.056 Y-40.395 F7800
G1 X-23.611 Y-40.78
G1 F3600
G1 X-23.611 Y-39.391 E4.95126
G1 X-23.611 Y-12.002 E6.26858
G1 X-26.389 Y-12.002 E6.40219
G1 X-26.389 Y-40.78 E7.78631
G1 X-23.671 Y-40.78 E7.91704
G1 X-23.671 Y-40.78 F7800
G1 X-23.225 Y-41.166
;TYPE:External perimeter
G1 F1800
G1 X-23.225 Y-39.391 E8.00241
G1 X-23.225 Y-11.616 E9.33829
G1 X-26.775 Y-11.616 E9.50903
G1 X-26.775 Y-41.166 E10.93028
G1 X-23.285 Y-41.166 E11.09814
G1 X-23.226 Y-40.77 F7800
G1 X-24.478 Y-40.106
;TYPE:Solid infill
G1 F1200
G1 X-25.715 Y-40.106 E11.15764
G1 X-25.715 Y-12.676 E12.47693
G1 X-24.285 Y-12.676 E12.54571
G1 X-24.285 Y-40.106 E13.865
G1 X-24.739 Y-39.652 E13.89588
;WIDTH:0.586121
G1 X-24.739 Y-13.13 E15.62178
G1 X-25.261 Y-13.13 E15.65575
G1 X-25.261 Y-39.652 E17.38165
G1 X-24.932 Y-39.652 E17.40306
;LAYER_CHANGE
;Z:3.95
;HEIGHT:0.3
G1 Z3.95 F7800
G1 E15.40306 F2400
G92 E0
G1 X26.647 Y-31.856 F7800
G1 E2 F2400
;TYPE:Support material interface
;WIDTH:0.35
G1 F3600
G1 X26.17 Y-32.333 E2.02403
G1 X25.749 Y-32.35 E2.03904
G1 X26.519 Y-31.581 E2.07781
G1 X26.519 Y-31.177 E2.0922
G1 X25.345 Y-32.35 E2.15132
G1 X24.941 Y-32.35 E2.16571
G1 X26.519 Y-30.773 E2.24518
G1 X26.519 Y-30.369 E2.25957
G1 X25.712 Y-31.176 E2.30023
G1 X25.712 Y-30.772 E2.31462
G1 X26.519 Y-29.965 E2.35528
G1 X26.519 Y-29.561 E2.36967
G1 X25.712 Y-30.368 E2.41033
G1 X25.712 Y-29.964 E2.42472
G1 X26.519 Y-29.157 E2.46538
G1 X26.519 Y-28.753 E2.47977
G1 X25.712 Y-29.56 E2.52043
G1 X25.712 Y-29.156 E2.53482
G1 X26.519 Y-28.349 E2.57548
G1 X26.519 Y-27.945 E2.58987
G1 X25.712 Y-28.752 E2.63053
G1 X25.712 Y-28.348 E2.64492
G1 X26.519 Y-27.541 E2.68558
G1 X26.519 Y-27.137 E2.69997
G1 X25.712 Y-27.944 E2.74063
G1 X25.712 Y-27.541 E2.75499
G1 X26.519 Y-26.733 E2.79567
G1 X26.519 Y-26.33 E2.81003
G1 X25.712 Y-27.137 E2.85069
G1 X25.712 Y-26.733 E2.86508
G1 X26.519 Y-25.926 E2.90574
G1 X26.519 Y-25.522 E2.92013
G1 X25.712 Y-26.329 E2.96079
G1 X25.712 Y-25.925 E2.97518
G1 X26.519 Y-25.118 E3.01584
G1 X26.519 Y-24.714 E3.03023
G1 X25.712 Y-25.521 E3.07089
G1 X25.712 Y-25.117 E3.08528
G1 X26.519 Y-24.31 E3.12594
G1 X26.519 Y-23.906 E3.14033
G1 X25.712 Y-24.713 E3.18099
G1 X25.712 Y-24.309 E3.19538
G1 X26.519 Y-23.502 E3.23604
G1 X26.519 Y-23.098 E3.25043
G1 X25.712 Y-23.905 E3.29109
G1 X25.712 Y-23.501 E3.30548
G1 X26.519 Y-22.694 E3.34614
G1 X26.519 Y-22.29 E3.36053
G1 X25.712 Y-23.097 E3.40119
G1 X25.712 Y-22.693 E3.41558
G1 X26.519 Y-21.886 E3.45624
G1 X26.519 Y-21.482 E3.47063
G1 X25.712 Y-22.289 E3.51129
G1 X25.712 Y-21.886 E3.52565
G1 X26.519 Y-21.079 E3.56631
G1 X26.519 Y-20.675 E3.5807
G1 X25.712 Y-21.482 E3.62136
G1 X25.712 Y-21.239 E3.63002
G1 X25.55 Y-21.239 E3.63579
G1 X26.302 Y-20.487 E3.67368
G1 X26.195 Y-20.455 E3.67766
G1 X25.953 Y-20.432 E3.68632
G1 X25.146 Y-21.239 E3.72698
G1 X24.742 Y-21.239 E3.74137
G1 X25.549 Y-20.432 E3.78203
G1 X25.145 Y-20.432 E3.79642
G1 X24.338 Y-21.239 E3.83708
G1 X23.934 Y-21.239 E3.85147
G1 X24.741 Y-20.432 E3.89213
G1 X24.337 Y-20.432 E3.90652
G1 X23.53 Y-21.239 E3.94718
G1 X23.126 Y-21.239 E3.96157
G1 X23.933 Y-20.432 E4.00223
G1 X23.53 Y-20.432 E4.01659
G1 X22.723 Y-21.239 E4.05725
G1 X22.319 Y-21.239 E4.07164
G1 X23.126 Y-20.432 E4.1123
G1 X22.722 Y-20.432 E4.12669
G1 X21.915 Y-21.239 E4.16735
G1 X21.511 Y-21.239 E4.18174
G1 X22.318 Y-20.432 E4.2224
G1 X21.914 Y-20.432 E4.23679
G1 X21.107 Y-21.239 E4.27745
G1 X20.703 Y-21.239 E4.29184
G1 X21.51 Y-20.432 E4.3325
G1 X21.106 Y-20.432 E4.34689
G1 X20.299 Y-21.239 E4.38755
G1 X19.895 Y-21.239 E4.40194
G1 X20.702 Y-20.432 E4.4426
G1 X20.298 Y-20.432 E4.45699
G1 X19.491 Y-21.239 E4.49765
G1 X19.087 Y-21.239 E4.51204
G1 X19.894 Y-20.432 E4.5527
G1 X19.49 Y-20.432 E4.56709
G1 X18.683 Y-21.239 E4.60775
G1 X18.279 Y-21.239 E4.62214
G1 X19.086 Y-20.432 E4.6628
G1 X18.682 Y-20.432 E4.67719
G1 X17.875 Y-21.239 E4.71785
G1 X17.471 Y-21.239 E4.73224
G1 X18.279 Y-20.432 E4.77292
G1 X17.875 Y-20.432 E4.78731
G1 X17.068 Y-21.239 E4.82797
G1 X16.664 Y-21.239 E4.84236
G1 X17.471 Y-20.432 E4.88302
G1 X17.067 Y-20.432 E4.89741
G1 X16.26 Y-21.239 E4.93807
G1 X15.856 Y-21.239 E4.95246
G1 X16.663 Y-20.432 E4.99312
G1 X16.259 Y-20.432 E5.00751
G1 X15.452 Y-21.239 E5.04817
G1 X15.048 Y-21.239 E5.06256
G1 X15.855 Y-20.432 E5.10322
G1 X15.451 Y-20.432 E5.11761
G1 X14.644 Y-21.239 E5.15827
G1 X14.24 Y-21.239 E5.17266
G1 X15.047 Y-20.432 E5.21332
G1 X14.643 Y-20.432 E5.22771
G1 X13.836 Y-21.239 E5.26837
G1 X13.432 Y-21.239 E5.28276
G1 X14.239 Y-20.432 E5.32342
G1 X13.835 Y-20.432 E5.33781
G1 X13.028 Y-21.239 E5.37847
G1 X12.624 Y-21.239 E5.39286
G1 X13.431 Y-20.432 E5.43352
G1 X13.027 Y-20.432 E5.44791
G1 X12.22 Y-21.239 E5.48857
G1 X11.817 Y-21.239 E5.50293
G1 X12.624 Y-20.432 E5.54359
G1 X12.22 Y-20.432 E5.55798
G1 X11.413 Y-21.239 E5.59864
G1 X11.009 Y-21.239 E5.61303
G1 X11.816 Y-20.432 E5.65369
G1 X11.412 Y-20.432 E5.66808
G1 X10.605 Y-21.239 E5.70874
G1 X10.201 Y-21.239 E5.72313
G1 X11.008 Y-20.432 E5.76379
G1 X10.604 Y-20.432 E5.77818
G1 X9.797 Y-21.239 E5.81884
G1 X9.393 Y-21.239 E5.83323
G1 X10.2 Y-20.432 E5.87389
G1 X9.796 Y-20.432 E5.88828
G1 X8.989 Y-21.239 E5.92894
G1 X8.585 Y-21.239 E5.94333
G1 X9.392 Y-20.432 E5.98399
G1 X8.988 Y-20.432 E5.99838
G1 X8.181 Y-21.239 E6.03904
G1 X7.777 Y-21.239 E6.05343
G1 X8.584 Y-20.432 E6.09409
G1 X8.18 Y-20.432 E6.10848
G1 X7.373 Y-21.239 E6.14914
G1 X6.969 Y-21.239 E6.16353
G1 X7.776 Y-20.432 E6.20419
G1 X7.373 Y-20.432 E6.21855
G1 X6.565 Y-21.239 E6.25923
G1 X6.162 Y-21.239 E6.27359
G1 X6.969 Y-20.432 E6.31425
G1 X6.565 Y-20.432 E6.32864
G1 X5.758 Y-21.239 E6.3693
G1 X5.354 Y-21.239 E6.38369
G1 X6.161 Y-20.432 E6.42435
G1 X5.757 Y-20.432 E6.43874
G1 X4.95 Y-21.239 E6.4794
G1 X4.546 Y-21.239 E6.49379
G1 X5.353 Y-20.432 E6.53445
G1 X4.949 Y-20.432 E6.54884
G1 X4.142 Y-21.239 E6.5895
G1 X3.738 Y-21.239 E6.60389
G1 X4.545 Y-20.432 E6.64455
G1 X4.141 Y-20.432 E6.65894
G1 X3.334 Y-21.239 E6.6996
G1 X2.93 Y-21.239 E6.71399
G1 X3.737 Y-20.432 E6.75465
G1 X3.333 Y-20.432 E6.76904
G1 X2.526 Y-21.239 E6.8097
G1 X2.122 Y-21.239 E6.82409
G1 X2.929 Y-20.432 E6.86475
G1 X2.525 Y-20.432 E6.87914
G1 X1.718 Y-21.239 E6.9198
G1 X1.314 Y-21.239 E6.93419
G1 X2.121 Y-20.432 E6.97485
G1 X1.718 Y-20.432 E6.98921
G1 X.911 Y-21.239 E7.02987
G1 X.507 Y-21.239 E7.04426
G1 X1.314 Y-20.432 E7.08492
G1 X.91 Y-20.432 E7.09931
G1 X.103 Y-21.239 E7.13997
G1 X-.301 Y-21.239 E7.15436
G1 X.506 Y-20.432 E7.19502
G1 X.102 Y-20.432 E7.20941
G1 X-.705 Y-21.239 E7.25007
G1 X-1.109 Y-21.239 E7.26446
G1 X-.302 Y-20.432 E7.30512
G1 X-.706 Y-20.432 E7.31951
G1 X-1.513 Y-21.239 E7.36017
G1 X-1.917 Y-21.239 E7.37456
G1 X-1.11 Y-20.432 E7.41522
G1 X-1.514 Y-20.432 E7.42961
G1 X-2.321 Y-21.239 E7.47027
G1 X-2.725 Y-21.239 E7.48466
G1 X-1.918 Y-20.432 E7.52532
G1 X-2.322 Y-20.432 E7.53971
G1 X-3.129 Y-21.239 E7.58037
G1 X-3.533 Y-21.239 E7.59476
G1 X-2.726 Y-20.432 E7.63542
G1 X-3.13 Y-20.432 E7.64981
G1 X-3.937 Y-21.239 E7.69047
G1 X-4.341 Y-21.239 E7.70486
G1 X-3.533 Y-20.432 E7.74554
G1 X-3.937 Y-20.432 E7.75993
G1 X-4.744 Y-21.239 E7.80059
G1 X-5.148 Y-21.239 E7.81498
G1 X-4.341 Y-20.432 E7.85564
G1 X-4.745 Y-20.432 E7.87003
G1 X-5.552 Y-21.239 E7.91069
G1 X-5.956 Y-21.239 E7.92508
G1 X-5.149 Y-20.432 E7.96574
G1 X-5.553 Y-20.432 E7.98013
G1 X-6.36 Y-21.239 E8.02079
G1 X-6.764 Y-21.239 E8.03518
G1 X-5.957 Y-20.432 E8.07584
G1 X-6.361 Y-20.432 E8.09023
G1 X-7.168 Y-21.239 E8.13089
G1 X-7.572 Y-21.239 E8.14528
G1 X-6.765 Y-20.432 E8.18594
G1 X-7.169 Y-20.432 E8.20033
G1 X-7.976 Y-21.239 E8.24099
G1 X-8.38 Y-21.239 E8.25538
G1 X-7.573 Y-20.432 E8.29604
G1 X-7.977 Y-20.432 E8.31043
G1 X-8.784 Y-21.239 E8.35109
G1 X-9.188 Y-21.239 E8.36548
G1 X-8.381 Y-20.432 E8.40614
G1 X-8.785 Y-20.432 E8.42053
G1 X-9.592 Y-21.239 E8.46119
G1 X-9.996 Y-21.239 E8.47558
G1 X-9.188 Y-20.432 E8.51626
G1 X-9.592 Y-20.432 E8.53065
G1 X-10.399 Y-21.239 E8.57131
G1 X-10.803 Y-21.239 E8.5857
G1 X-9.996 Y-20.432 E8.62636
G1 X-10.4 Y-20.432 E8.64075
G1 X-11.207 Y-21.239 E8.68141
G1 X-11.611 Y-21.239 E8.6958
G1 X-10.804 Y-20.432 E8.73646
G1 X-11.208 Y-20.432 E8.75085
G1 X-12.015 Y-21.239 E8.79151
G1 X-12.419 Y-21.239 E8.8059
G1 X-11.612 Y-20.432 E8.84656
G1 X-12.016 Y-20.432 E8.86095
G1 X-12.823 Y-21.239 E8.90161
G1 X-13.227 Y-21.239 E8.916
G1 X-12.42 Y-20.432 E8.95666
G1 X-12.824 Y-20.432 E8.97105
G1 X-13.631 Y-21.239 E9.01171
G1 X-14.035 Y-21.239 E9.0261
G1 X-13.228 Y-20.432 E9.06676
G1 X-13.632 Y-20.432 E9.08115
G1 X-14.439 Y-21.239 E9.12181
G1 X-14.843 Y-21.239 E9.1362
G1 X-14.036 Y-20.432 E9.17686
G1 X-14.44 Y-20.432 E9.19125
G1 X-15.247 Y-21.239 E9.23191
G1 X-15.65 Y-21.239 E9.24627
G1 X-14.843 Y-20.432 E9.28693
G1 X-15.247 Y-20.432 E9.30132
G1 X-16.054 Y-21.239 E9.34198
G1 X-16.458 Y-21.239 E9.35637
G1 X-15.651 Y-20.432 E9.39703
G1 X-16.055 Y-20.432 E9.41142
G1 X-16.862 Y-21.239 E9.45208
G1 X-17.266 Y-21.239 E9.46647
G1 X-16.459 Y-20.432 E9.50713
G1 X-16.863 Y-20.432 E9.52152
G1 X-17.67 Y-21.239 E9.56218
G1 X-18.074 Y-21.239 E9.57657
G1 X-17.267 Y-20.432 E9.61723
G1 X-17.671 Y-20.432 E9.63162
G1 X-18.478 Y-21.239 E9.67228
G1 X-18.882 Y-21.239 E9.68667
G1 X-18.075 Y-20.432 E9.72733
G1 X-18.479 Y-20.432 E9.74172
G1 X-19.286 Y-21.239 E9.78238
G1 X-19.69 Y-21.239 E9.79677
G1 X-18.883 Y-20.432 E9.83743
G1 X-19.287 Y-20.432 E9.85182
G1 X-20.094 Y-21.239 E9.89248
G1 X-20.498 Y-21.239 E9.90687
G1 X-19.691 Y-20.432 E9.94753
G1 X-20.094 Y-20.432 E9.96189
G1 X-20.902 Y-21.239 E10.00257
G1 X-21.128 Y-21.239 E10.01062
G1 X-21.462 Y-21.396 E10.02377
G1 X-20.498 Y-20.432 E10.07234
G1 X-20.902 Y-20.432 E10.08673
G1 X-21.88 Y-21.41 E10.136
G1 X-21.938 Y-21.397 E10.13812
G1 X-21.938 Y-21.064 E10.14998
G1 X-21.306 Y-20.432 E10.18182
G1 X-21.652 Y-20.432 E10.19415
G1 X-21.652 Y-20.533 E10.19775
G1 X-21.851 Y-20.573 E10.20498
G1 X-22.066 Y-20.788 E10.21581
G1 X-22.066 Y-20.788 F7800
G1 X-22.256 Y-21.031
;TYPE:Support material
G1 F3600
G1 X-22.255 Y-21.032 E10.21586
G1 E8.21586 F2400
G92 E0
G1 X-22.255 Y-21.032 F7800
G1 X-21.617 Y-23.925
G1 E2 F2400
G1 F3600
G1 X-21.378 Y-23.824 E2.00924
G1 X-21.557 Y-23.787 E2.01575
G1 X-21.864 Y-23.89 E2.02729
G1 X-21.735 Y-23.926 E2.03206
G1 X-21.733 Y-24.276 E2.04453
G1 X-21.283 Y-24.195 E2.06082
G1 X-21.056 Y-24.016 E2.07112
G1 X-20.983 Y-23.825 E2.0784
G1 X-21.041 Y-23.644 E2.08517
G1 X-21.237 Y-23.493 E2.09398
G1 X-21.558 Y-23.43 E2.10563
G1 X-21.892 Y-23.498 E2.11777
G1 X-22.121 Y-23.637 E2.12731
G1 X-22.258 Y-23.906 E2.13806
G1 X-22.116 Y-24.156 E2.1483
G1 X-21.776 Y-24.276 E2.16114
G1 E.16114 F2400
G92 E0
G1 X-21.776 Y-24.276 F7800
G1 X-21.617 Y-26.808
G1 E2 F2400
G1 F3600
G1 X-21.375 Y-26.711 E2.00929
G1 X-21.558 Y-26.671 E2.01596
G1 X-21.864 Y-26.774 E2.02746
G1 X-21.735 Y-26.809 E2.03222
G1 X-21.733 Y-27.159 E2.04469
G1 X-21.278 Y-27.077 E2.06116
G1 X-21.057 Y-26.902 E2.0712
G1 X-20.984 Y-26.71 E2.07852
G1 X-21.043 Y-26.528 E2.08534
G1 X-21.238 Y-26.377 E2.09413
G1 X-21.559 Y-26.314 E2.10578
G1 X-21.892 Y-26.381 E2.11788
G1 X-22.121 Y-26.52 E2.12742
G1 X-22.258 Y-26.789 E2.13817
G1 X-22.116 Y-27.039 E2.14841
G1 X-21.776 Y-27.159 E2.16125
G1 E.16125 F2400
G92 E0
G1 X-21.776 Y-27.159 F7800
G1 X-21.617 Y-29.691
G1 E2 F2400
G1 F3600
G1 X-21.378 Y-29.591 E2.00923
G1 X-21.557 Y-29.554 E2.01574
G1 X-21.864 Y-29.657 E2.02728
G1 X-21.735 Y-29.692 E2.03204
G1 X-21.733 Y-30.042 E2.04451
G1 X-21.283 Y-29.961 E2.0608
G1 X-21.057 Y-29.782 E2.07107
G1 X-20.983 Y-29.592 E2.07833
G1 X-21.042 Y-29.41 E2.08515
G1 X-21.237 Y-29.259 E2.09394
G1 X-21.558 Y-29.197 E2.10559
G1 X-21.892 Y-29.264 E2.11773
G1 X-22.121 Y-29.404 E2.12729
G1 X-22.258 Y-29.672 E2.13801
G1 X-22.116 Y-29.922 E2.14825
G1 X-21.776 Y-30.043 E2.16111
G1 X-21.776 Y-30.043 F7800
G1 X-21.78 Y-31.812
;TYPE:Support material interface
G1 F3600
G1 X-21.511 Y-31.543 E2.17466
G1 X-21.107 Y-31.543 E2.18905
G1 X-21.938 Y-32.373 E2.23089
G1 X-21.938 Y-32.552 E2.23727
G1 X-21.854 Y-32.635 E2.24148
G1 X-20.703 Y-31.543 E2.298
G1 X-20.299 Y-31.543 E2.31239
G1 X-21.392 Y-32.635 E2.36743
G1 X-21.033 Y-32.635 E2.38022
G1 X-20.929 Y-32.35 E2.39103
G1 X-20.702 Y-32.35 E2.39912
G1 X-19.896 Y-31.543 E2.43975
G1 X-19.492 Y-31.543 E2.45414
G1 X-20.298 Y-32.35 E2.49477
G1 X-19.894 Y-32.35 E2.50916
G1 X-19.088 Y-31.543 E2.54979
G1 X-18.684 Y-31.543 E2.56418
G1 X-19.49 Y-32.35 E2.60481
G1 X-19.087 Y-32.35 E2.61917
G1 X-18.28 Y-31.543 E2.65983
G1 X-17.876 Y-31.543 E2.67422
G1 X-18.683 Y-32.35 E2.71488
G1 X-18.279 Y-32.35 E2.72927
G1 X-17.472 Y-31.543 E2.76993
G1 X-17.068 Y-31.543 E2.78432
G1 X-17.875 Y-32.35 E2.82498
G1 X-17.471 Y-32.35 E2.83937
G1 X-16.664 Y-31.543 E2.88003
G1 X-16.26 Y-31.543 E2.89442
G1 X-17.067 Y-32.35 E2.93508
G1 X-16.663 Y-32.35 E2.94947
G1 X-15.856 Y-31.543 E2.99013
G1 X-15.452 Y-31.543 E3.00452
G1 X-16.259 Y-32.35 E3.04518
G1 X-15.855 Y-32.35 E3.05957
G1 X-15.048 Y-31.543 E3.10023
G1 X-14.644 Y-31.543 E3.11462
G1 X-15.451 Y-32.35 E3.15528
G1 X-15.047 Y-32.35 E3.16967
G1 X-14.24 Y-31.543 E3.21033
G1 X-13.837 Y-31.543 E3.22469
G1 X-14.643 Y-32.35 E3.26532
G1 X-14.239 Y-32.35 E3.27971
G1 X-13.433 Y-31.543 E3.32034
G1 X-13.029 Y-31.543 E3.33473
G1 X-13.835 Y-32.35 E3.37536
G1 X-13.432 Y-32.35 E3.38972
G1 X-12.625 Y-31.543 E3.43038
G1 X-12.221 Y-31.543 E3.44477
G1 X-13.028 Y-32.35 E3.48543
G1 X-12.624 Y-32.35 E3.49982
G1 X-11.817 Y-31.543 E3.54048
G1 X-11.413 Y-31.543 E3.55487
G1 X-12.22 Y-32.35 E3.59553
G1 X-11.816 Y-32.35 E3.60992
G1 X-11.009 Y-31.543 E3.65058
G1 X-10.605 Y-31.543 E3.66497
G1 X-11.412 Y-32.35 E3.70563
G1 X-11.008 Y-32.35 E3.72002
G1 X-10.201 Y-31.543 E3.76068
G1 X-9.797 Y-31.543 E3.77507
G1 X-10.604 Y-32.35 E3.81573
G1 X-10.2 Y-32.35 E3.83012
G1 X-9.393 Y-31.543 E3.87078
G1 X-8.989 Y-31.543 E3.88517
G1 X-9.796 Y-32.35 E3.92583
G1 X-9.392 Y-32.35 E3.94022
G1 X-8.585 Y-31.543 E3.98088
G1 X-8.182 Y-31.543 E3.99524
G1 X-8.988 Y-32.35 E4.03587
G1 X-8.584 Y-32.35 E4.05026
G1 X-7.778 Y-31.543 E4.09089
G1 X-7.374 Y-31.543 E4.10528
G1 X-8.18 Y-32.35 E4.14591
G1 X-7.777 Y-32.35 E4.16027
G1 X-6.97 Y-31.543 E4.20093
G1 X-6.566 Y-31.543 E4.21532
G1 X-7.373 Y-32.35 E4.25598
G1 X-6.969 Y-32.35 E4.27037
G1 X-6.162 Y-31.543 E4.31103
G1 X-5.758 Y-31.543 E4.32542
G1 X-6.565 Y-32.35 E4.36608
G1 X-6.161 Y-32.35 E4.38047
G1 X-5.354 Y-31.543 E4.42113
G1 X-4.95 Y-31.543 E4.43552
G1 X-5.757 Y-32.35 E4.47618
G1 X-5.353 Y-32.35 E4.49057
G1 X-4.546 Y-31.543 E4.53123
G1 X-4.142 Y-31.543 E4.54562
G1 X-4.949 Y-32.35 E4.58628
G1 X-4.545 Y-32.35 E4.60067
G1 X-3.738 Y-31.543 E4.64133
G1 X-3.334 Y-31.543 E4.65572
G1 X-4.141 Y-32.35 E4.69638
G1 X-3.737 Y-32.35 E4.71077
G1 X-2.93 Y-31.543 E4.75143
G1 X-2.527 Y-31.543 E4.76579
G1 X-3.333 Y-32.35 E4.80642
G1 X-2.929 Y-32.35 E4.82081
G1 X-2.123 Y-31.543 E4.86144
G1 X-1.719 Y-31.543 E4.87583
G1 X-2.526 Y-32.35 E4.91649
G1 X-2.122 Y-32.35 E4.93088
G1 X-1.315 Y-31.543 E4.97154
G1 X-.911 Y-31.543 E4.98593
G1 X-1.718 Y-32.35 E5.02659
G1 X-1.314 Y-32.35 E5.04098
G1 X-.507 Y-31.543 E5.08164
G1 X-.103 Y-31.543 E5.09603
G1 X-.91 Y-32.35 E5.13669
G1 X-.506 Y-32.35 E5.15108
G1 X.301 Y-31.543 E5.19174
G1 X.705 Y-31.543 E5.20613
G1 X-.102 Y-32.35 E5.24679
G1 X.302 Y-32.35 E5.26118
G1 X1.109 Y-31.543 E5.30184
G1 X1.513 Y-31.543 E5.31623
G1 X.706 Y-32.35 E5.35689
G1 X1.11 Y-32.35 E5.37128
G1 X1.917 Y-31.543 E5.41194
G1 X2.321 Y-31.543 E5.42633
G1 X1.514 Y-32.35 E5.46699
G1 X1.918 Y-32.35 E5.48138
G1 X2.725 Y-31.543 E5.52204
G1 X3.128 Y-31.543 E5.5364
G1 X2.322 Y-32.35 E5.57703
G1 X2.726 Y-32.35 E5.59142
G1 X3.532 Y-31.543 E5.63205
G1 X3.936 Y-31.543 E5.64644
G1 X3.129 Y-32.35 E5.6871
G1 X3.533 Y-32.35 E5.70149
G1 X4.34 Y-31.543 E5.74215
G1 X4.744 Y-31.543 E5.75654
G1 X3.937 Y-32.35 E5.7972
G1 X4.341 Y-32.35 E5.81159
G1 X5.148 Y-31.543 E5.85225
G1 X5.552 Y-31.543 E5.86664
G1 X4.745 Y-32.35 E5.9073
G1 X5.149 Y-32.35 E5.92169
G1 X5.956 Y-31.543 E5.96235
G1 X6.36 Y-31.543 E5.97674
G1 X5.553 Y-32.35 E6.0174
G1 X5.957 Y-32.35 E6.03179
G1 X6.764 Y-31.543 E6.07245
G1 X7.168 Y-31.543 E6.08684
G1 X6.361 Y-32.35 E6.1275
G1 X6.765 Y-32.35 E6.14189
G1 X7.572 Y-31.543 E6.18255
G1 X7.976 Y-31.543 E6.19694
G1 X7.169 Y-32.35 E6.2376
G1 X7.573 Y-32.35 E6.25199
G1 X8.38 Y-31.543 E6.29265
G1 X8.783 Y-31.543 E6.30701
G1 X7.977 Y-32.35 E6.34764
G1 X8.38 Y-32.35 E6.362
G1 X9.187 Y-31.543 E6.40266
G1 X9.591 Y-31.543 E6.41705
G1 X8.784 Y-32.35 E6.45771
G1 X9.188 Y-32.35 E6.4721
G1 X9.995 Y-31.543 E6.51276
G1 X10.399 Y-31.543 E6.52715
G1 X9.592 Y-32.35 E6.56781
G1 X9.996 Y-32.35 E6.5822
G1 X10.803 Y-31.543 E6.62286
G1 X11.207 Y-31.543 E6.63725
G1 X10.4 Y-32.35 E6.67791
G1 X10.804 Y-32.35 E6.6923
G1 X11.611 Y-31.543 E6.73296
G1 X12.015 Y-31.543 E6.74735
G1 X11.208 Y-32.35 E6.78801
G1 X11.612 Y-32.35 E6.8024
G1 X12.419 Y-31.543 E6.84306
G1 X12.823 Y-31.543 E6.85745
G1 X12.016 Y-32.35 E6.89811
G1 X12.42 Y-32.35 E6.9125
G1 X13.227 Y-31.543 E6.95316
G1 X13.631 Y-31.543 E6.96755
G1 X12.824 Y-32.35 E7.00821
G1 X13.228 Y-32.35 E7.0226
G1 X14.035 Y-31.543 E7.06326
G1 X14.438 Y-31.543 E7.07762
G1 X13.632 Y-32.35 E7.11825
G1 X14.035 Y-32.35 E7.13261
G1 X14.842 Y-31.543 E7.17327
G1 X15.246 Y-31.543 E7.18766
G1 X14.439 Y-32.35 E7.22832
G1 X14.843 Y-32.35 E7.24271
G1 X15.65 Y-31.543 E7.28337
G1 X16.054 Y-31.543 E7.29776
G1 X15.247 Y-32.35 E7.33842
G1 X15.651 Y-32.35 E7.35281
G1 X16.458 Y-31.543 E7.39347
G1 X16.862 Y-31.543 E7.40786
G1 X16.055 Y-32.35 E7.44852
G1 X16.459 Y-32.35 E7.46291
G1 X17.266 Y-31.543 E7.50357
G1 X17.67 Y-31.543 E7.51796
G1 X16.863 Y-32.35 E7.55862
G1 X17.267 Y-32.35 E7.57301
G1 X18.074 Y-31.543 E7.61367
G1 X18.478 Y-31.543 E7.62806
G1 X17.671 Y-32.35 E7.66872
G1 X18.075 Y-32.35 E7.68311
G1 X18.882 Y-31.543 E7.72377
G1 X19.286 Y-31.543 E7.73816
G1 X18.479 Y-32.35 E7.77882
G1 X18.883 Y-32.35 E7.79321
G1 X19.69 Y-31.543 E7.83387
G1 X20.093 Y-31.543 E7.84823
G1 X19.286 Y-32.35 E7.88889
G1 X19.69 Y-32.35 E7.90328
G1 X20.497 Y-31.543 E7.94394
G1 X20.901 Y-31.543 E7.95833
G1 X20.094 Y-32.35 E7.99899
G1 X20.498 Y-32.35 E8.01338
G1 X21.305 Y-31.543 E8.05404
G1 X21.709 Y-31.543 E8.06843
G1 X20.902 Y-32.35 E8.10909
G1 X21.306 Y-32.35 E8.12348
G1 X22.113 Y-31.543 E8.16414
G1 X22.517 Y-31.543 E8.17853
G1 X21.71 Y-32.35 E8.21919
G1 X22.114 Y-32.35 E8.23358
G1 X22.921 Y-31.543 E8.27424
G1 X23.325 Y-31.543 E8.28863
G1 X22.518 Y-32.35 E8.32929
G1 X22.922 Y-32.35 E8.34368
G1 X23.729 Y-31.543 E8.38434
G1 X24.133 Y-31.543 E8.39873
G1 X23.326 Y-32.35 E8.43939
G1 X23.73 Y-32.35 E8.45378
G1 X24.537 Y-31.543 E8.49444
G1 X24.941 Y-31.543 E8.50883
G1 X24.134 Y-32.35 E8.54949
G1 X24.538 Y-32.35 E8.56388
G1 X25.473 Y-31.414 E8.61101
G1 E6.61101 F2400
G92 E0
G1 X25.473 Y-31.414 F7800
G1 X23.486 Y-27.343
G1 E2 F2400
G1 F3600
G1 X22.344 Y-28.485 E2.05753
G1 X21.654 Y-28.771 E2.08414
G1 X23.472 Y-26.953 E2.17573
G1 X23.528 Y-26.492 E2.19227
G1 X21.163 Y-28.839 E2.31097
G1 X20.778 Y-28.839 E2.32469
G1 X21.698 Y-27.918 E2.37106
G1 X21.181 Y-28.031 E2.38991
G1 X20.374 Y-28.839 E2.43059
G1 X19.97 Y-28.839 E2.44498
G1 X20.775 Y-28.034 E2.48554
G1 X20.371 Y-28.034 E2.49993
G1 X19.566 Y-28.839 E2.54049
G1 X19.162 Y-28.839 E2.55488
G1 X19.967 Y-28.034 E2.59544
G1 X19.563 Y-28.034 E2.60983
G1 X18.758 Y-28.839 E2.65039
G1 X18.354 Y-28.839 E2.66478
G1 X19.159 Y-28.034 E2.70534
G1 X18.755 Y-28.034 E2.71973
G1 X17.95 Y-28.839 E2.76029
G1 X17.546 Y-28.839 E2.77468
G1 X18.351 Y-28.034 E2.81524
G1 X17.948 Y-28.034 E2.8296
G1 X17.142 Y-28.839 E2.87018
G1 X16.738 Y-28.839 E2.88457
G1 X17.544 Y-28.034 E2.92515
G1 X17.14 Y-28.034 E2.93954
G1 X16.334 Y-28.839 E2.98012
G1 X15.93 Y-28.839 E2.99451
G1 X16.736 Y-28.034 E3.03509
G1 X16.332 Y-28.034 E3.04948
G1 X15.526 Y-28.839 E3.09006
G1 X15.122 Y-28.839 E3.10445
G1 X15.928 Y-28.034 E3.14503
G1 X15.524 Y-28.034 E3.15942
G1 X14.719 Y-28.839 E3.19998
G1 X14.315 Y-28.839 E3.21437
G1 X15.12 Y-28.034 E3.25493
G1 X14.716 Y-28.034 E3.26932
G1 X13.911 Y-28.839 E3.30988
G1 X13.507 Y-28.839 E3.32427
G1 X14.312 Y-28.034 E3.36483
G1 X13.908 Y-28.034 E3.37922
G1 X13.103 Y-28.839 E3.41978
G1 X12.699 Y-28.839 E3.43417
G1 X13.504 Y-28.034 E3.47473
G1 X13.1 Y-28.034 E3.48912
G1 X12.295 Y-28.839 E3.52968
G1 X11.891 Y-28.839 E3.54407
G1 X12.697 Y-28.034 E3.58465
G1 X12.293 Y-28.034 E3.59904
G1 X11.487 Y-28.839 E3.63962
G1 X11.083 Y-28.84 E3.65401
G1 X11.889 Y-28.034 E3.69462
G1 X11.485 Y-28.034 E3.70901
G1 X10.679 Y-28.84 E3.74962
G1 X10.275 Y-28.84 E3.76401
G1 X11.081 Y-28.034 E3.80462
G1 X10.677 Y-28.034 E3.81901
G1 X9.871 Y-28.84 E3.85962
G1 X9.467 Y-28.84 E3.87401
G1 X10.273 Y-28.034 E3.91462
G1 X9.869 Y-28.034 E3.92901
G1 X9.063 Y-28.84 E3.96962
G1 X8.659 Y-28.84 E3.98401
G1 X9.465 Y-28.034 E4.02462
G1 X9.061 Y-28.034 E4.03901
G1 X8.255 Y-28.84 E4.07962
G1 X7.851 Y-28.84 E4.09401
G1 X8.657 Y-28.034 E4.13462
G1 X8.253 Y-28.034 E4.14901
G1 X7.447 Y-28.84 E4.18962
G1 X7.044 Y-28.84 E4.20398
G1 X7.849 Y-28.034 E4.24456
G1 X7.445 Y-28.034 E4.25895
G1 X6.64 Y-28.84 E4.29953
G1 X6.236 Y-28.84 E4.31392
G1 X7.042 Y-28.034 E4.35453
G1 X6.638 Y-28.034 E4.36892
G1 X5.832 Y-28.84 E4.40953
G1 X5.428 Y-28.84 E4.42392
G1 X6.234 Y-28.034 E4.46453
G1 X5.83 Y-28.034 E4.47892
G1 X5.024 Y-28.84 E4.51953
G1 X4.62 Y-28.84 E4.53392
G1 X5.426 Y-28.034 E4.57453
G1 X5.022 Y-28.034 E4.58892
G1 X4.216 Y-28.84 E4.62953
G1 X3.812 Y-28.84 E4.64392
G1 X4.618 Y-28.034 E4.68453
G1 X4.214 Y-28.034 E4.69892
G1 X3.408 Y-28.84 E4.73953
G1 X3.004 Y-28.84 E4.75392
G1 X3.81 Y-28.034 E4.79453
G1 X3.406 Y-28.034 E4.80892
G1 X2.6 Y-28.84 E4.84953
G1 X2.196 Y-28.84 E4.86392
G1 X3.002 Y-28.034 E4.90453
G1 X2.598 Y-28.034 E4.91892
G1 X1.792 Y-28.84 E4.95953
G1 X1.388 Y-28.84 E4.97392
G1 X2.194 Y-28.034 E5.01453
G1 X1.791 Y-28.034 E5.02889
G1 X.984 Y-28.84 E5.06952
G1 X.58 Y-28.84 E5.08391
G1 X1.387 Y-28.034 E5.12454
G1 X.983 Y-28.034 E5.13893
G1 X.176 Y-28.84 E5.17956
G1 X-.227 Y-28.84 E5.19392
G1 X.579 Y-28.034 E5.23453
G1 X.175 Y-28.034 E5.24892
G1 X-.631 Y-28.84 E5.28953
G1 X-1.035 Y-28.84 E5.30392
G1 X-.229 Y-28.034 E5.34453
G1 X-.633 Y-28.034 E5.35892
G1 X-1.439 Y-28.84 E5.39953
G1 X-1.843 Y-28.84 E5.41392
G1 X-1.037 Y-28.034 E5.45453
G1 X-1.441 Y-28.034 E5.46892
G1 X-2.247 Y-28.84 E5.50953
G1 X-2.651 Y-28.84 E5.52392
G1 X-1.845 Y-28.034 E5.56453
G1 X-2.249 Y-28.034 E5.57892
G1 X-3.055 Y-28.84 E5.61953
G1 X-3.459 Y-28.84 E5.63392
G1 X-2.653 Y-28.034 E5.67453
G1 X-3.057 Y-28.034 E5.68892
G1 X-3.863 Y-28.84 E5.72953
G1 X-4.267 Y-28.84 E5.74392
G1 X-3.461 Y-28.034 E5.78453
G1 X-3.864 Y-28.034 E5.79889
G1 X-4.671 Y-28.84 E5.83952
G1 X-5.075 Y-28.84 E5.85391
G1 X-4.268 Y-28.034 E5.89454
G1 X-4.672 Y-28.034 E5.90893
G1 X-5.479 Y-28.84 E5.94956
G1 X-5.883 Y-28.84 E5.96395
G1 X-5.076 Y-28.034 E6.00458
G1 X-5.48 Y-28.034 E6.01897
G1 X-6.287 Y-28.84 E6.0596
G1 X-6.691 Y-28.84 E6.07399
G1 X-5.884 Y-28.034 E6.11462
G1 X-6.288 Y-28.034 E6.12901
G1 X-7.095 Y-28.84 E6.16964
G1 X-7.499 Y-28.84 E6.18403
G1 X-6.692 Y-28.034 E6.22466
G1 X-7.096 Y-28.034 E6.23905
G1 X-7.902 Y-28.84 E6.27966
G1 X-8.306 Y-28.84 E6.29405
G1 X-7.5 Y-28.034 E6.33466
G1 X-7.904 Y-28.034 E6.34905
G1 X-8.71 Y-28.84 E6.38966
G1 X-9.114 Y-28.841 E6.40405
G1 X-8.308 Y-28.034 E6.44468
G1 X-8.712 Y-28.034 E6.45907
G1 X-9.518 Y-28.841 E6.4997
G1 X-9.922 Y-28.841 E6.51409
G1 X-9.116 Y-28.034 E6.55472
G1 X-9.519 Y-28.034 E6.56908
G1 X-10.326 Y-28.841 E6.60974
G1 X-10.73 Y-28.841 E6.62413
G1 X-9.923 Y-28.034 E6.66479
G1 X-10.327 Y-28.034 E6.67918
G1 X-11.134 Y-28.841 E6.71984
G1 X-11.538 Y-28.841 E6.73423
G1 X-10.731 Y-28.034 E6.77489
G1 X-11.135 Y-28.034 E6.78928
G1 X-11.942 Y-28.841 E6.82994
G1 X-12.346 Y-28.841 E6.84433
G1 X-11.539 Y-28.034 E6.88499
G1 X-11.943 Y-28.034 E6.89938
G1 X-12.75 Y-28.841 E6.94004
G1 X-13.154 Y-28.841 E6.95443
G1 X-12.347 Y-28.034 E6.99509
G1 X-12.751 Y-28.034 E7.00948
G1 X-13.558 Y-28.841 E7.05014
G1 X-13.962 Y-28.841 E7.06453
G1 X-13.155 Y-28.034 E7.10519
G1 X-13.559 Y-28.034 E7.11958
G1 X-14.366 Y-28.841 E7.16024
G1 X-14.77 Y-28.841 E7.17463
G1 X-13.963 Y-28.034 E7.21529
G1 X-14.367 Y-28.034 E7.22968
G1 X-15.174 Y-28.841 E7.27034
G1 X-15.577 Y-28.841 E7.2847
G1 X-14.77 Y-28.034 E7.32536
G1 X-15.174 Y-28.034 E7.33975
G1 X-15.981 Y-28.841 E7.38041
G1 X-16.385 Y-28.841 E7.3948
G1 X-15.578 Y-28.034 E7.43546
G1 X-15.982 Y-28.034 E7.44985
G1 X-16.788 Y-28.839 E7.49043
G1 X-17.143 Y-28.791 E7.50319
G1 X-16.386 Y-28.034 E7.54133
G1 X-16.79 Y-28.034 E7.55572
G1 X-17.482 Y-28.726 E7.59058
G1 X-17.716 Y-28.651 E7.59933
G1 X-17.78 Y-28.62 E7.60186
G1 X-17.151 Y-27.991 E7.63355
G1 X-17.453 Y-27.889 E7.64491
G1 X-18.046 Y-28.482 E7.67479
G1 X-18.284 Y-28.316 E7.68513
G1 X-17.712 Y-27.744 E7.71395
G1 X-17.932 Y-27.561 E7.72414
G1 X-18.5 Y-28.128 E7.75273
G1 X-18.691 Y-27.916 E7.7629
G1 X-18.118 Y-27.343 E7.79177
G1 X-18.267 Y-27.087 E7.80232
G1 X-18.855 Y-27.675 E7.83194
G1 X-18.994 Y-27.411 E7.84257
G1 X-18.373 Y-26.789 E7.87388
G1 X-18.422 Y-26.434 E7.88665
G1 X-19.11 Y-27.122 E7.92131
G1 X-19.185 Y-26.794 E7.9333
G1 X-18.369 Y-25.977 E7.97444
G1 X-18.202 Y-25.57 E7.99011
G1 X-17.955 Y-25.244 E8.00468
G1 X-17.636 Y-24.989 E8.01923
G1 X-17.193 Y-24.801 E8.03637
G1 X-16.335 Y-23.943 E8.0796
G1 X-15.931 Y-23.943 E8.09399
G1 X-16.736 Y-24.748 E8.13455
G1 X-16.332 Y-24.748 E8.14894
G1 X-15.527 Y-23.943 E8.1895
G1 X-15.123 Y-23.943 E8.20389
G1 X-15.928 Y-24.748 E8.24445
G1 X-15.524 Y-24.748 E8.25884
G1 X-14.719 Y-23.943 E8.2994
G1 X-14.315 Y-23.943 E8.31379
G1 X-15.12 Y-24.748 E8.35435
G1 X-14.716 Y-24.748 E8.36874
G1 X-13.911 Y-23.943 E8.4093
G1 X-13.507 Y-23.943 E8.42369
G1 X-14.312 Y-24.748 E8.46425
G1 X-13.908 Y-24.748 E8.47864
G1 X-13.103 Y-23.943 E8.5192
G1 X-12.699 Y-23.943 E8.53359
G1 X-13.505 Y-24.748 E8.57417
G1 X-13.101 Y-24.748 E8.58856
G1 X-12.295 Y-23.943 E8.62914
G1 X-11.891 Y-23.943 E8.64353
G1 X-12.697 Y-24.748 E8.68411
G1 X-12.293 Y-24.748 E8.6985
G1 X-11.488 Y-23.943 E8.73906
G1 X-11.084 Y-23.943 E8.75345
G1 X-11.889 Y-24.748 E8.79401
G1 X-11.485 Y-24.748 E8.8084
G1 X-10.68 Y-23.943 E8.84896
G1 X-10.276 Y-23.943 E8.86335
G1 X-11.081 Y-24.748 E8.90391
G1 X-10.677 Y-24.748 E8.9183
G1 X-9.872 Y-23.943 E8.95886
G1 X-9.468 Y-23.943 E8.97325
G1 X-10.273 Y-24.748 E9.01381
G1 X-9.869 Y-24.748 E9.0282
G1 X-9.064 Y-23.943 E9.06876
G1 X-8.66 Y-23.943 E9.08315
G1 X-9.465 Y-24.748 E9.12371
G1 X-9.061 Y-24.748 E9.1381
G1 X-8.256 Y-23.943 E9.17866
G1 X-7.852 Y-23.943 E9.19305
G1 X-8.657 Y-24.748 E9.23361
G1 X-8.253 Y-24.748 E9.248
G1 X-7.448 Y-23.943 E9.28856
G1 X-7.044 Y-23.943 E9.30295
G1 X-7.85 Y-24.748 E9.34353
G1 X-7.446 Y-24.748 E9.35792
G1 X-6.64 Y-23.943 E9.3985
G1 X-6.237 Y-23.943 E9.41286
G1 X-7.042 Y-24.748 E9.45342
G1 X-6.638 Y-24.748 E9.46781
G1 X-5.833 Y-23.943 E9.50837
G1 X-5.429 Y-23.943 E9.52276
G1 X-6.234 Y-24.748 E9.56332
G1 X-5.83 Y-24.748 E9.57771
G1 X-5.025 Y-23.943 E9.61827
G1 X-4.621 Y-23.943 E9.63266
G1 X-5.426 Y-24.748 E9.67322
G1 X-5.022 Y-24.748 E9.68761
G1 X-4.217 Y-23.943 E9.72817
G1 X-3.813 Y-23.943 E9.74256
G1 X-4.618 Y-24.748 E9.78312
G1 X-4.214 Y-24.748 E9.79751
G1 X-3.409 Y-23.943 E9.83807
G1 X-3.005 Y-23.943 E9.85246
G1 X-3.81 Y-24.748 E9.89302
G1 X-3.406 Y-24.748 E9.90741
G1 X-2.601 Y-23.943 E9.94797
G1 X-2.197 Y-23.943 E9.96236
G1 X-3.002 Y-24.748 E10.00292
G1 X-2.598 Y-24.748 E10.01731
G1 X-1.793 Y-23.943 E10.05787
G1 X-1.389 Y-23.943 E10.07226
G1 X-2.195 Y-24.748 E10.11284
G1 X-1.791 Y-24.748 E10.12723
G1 X-.985 Y-23.943 E10.16781
G1 X-.582 Y-23.943 E10.18217
G1 X-1.387 Y-24.748 E10.22273
G1 X-.983 Y-24.748 E10.23712
G1 X-.178 Y-23.943 E10.27768
G1 X.226 Y-23.943 E10.29207
G1 X-.579 Y-24.748 E10.33263
G1 X-.175 Y-24.748 E10.34702
G1 X.63 Y-23.943 E10.38758
G1 X1.034 Y-23.943 E10.40197
G1 X.229 Y-24.748 E10.44253
G1 X.633 Y-24.748 E10.45692
G1 X1.438 Y-23.943 E10.49748
G1 X1.842 Y-23.943 E10.51187
G1 X1.037 Y-24.748 E10.55243
G1 X1.441 Y-24.748 E10.56682
G1 X2.246 Y-23.943 E10.60738
G1 X2.65 Y-23.943 E10.62177
G1 X1.845 Y-24.748 E10.66233
G1 X2.249 Y-24.748 E10.67672
G1 X3.054 Y-23.943 E10.71728
G1 X3.458 Y-23.943 E10.73167
G1 X2.653 Y-24.748 E10.77223
G1 X3.056 Y-24.748 E10.78659
G1 X3.862 Y-23.943 E10.82717
G1 X4.266 Y-23.943 E10.84156
G1 X3.46 Y-24.748 E10.88214
G1 X3.864 Y-24.748 E10.89653
G1 X4.669 Y-23.943 E10.93709
G1 X5.073 Y-23.943 E10.95148
G1 X4.268 Y-24.748 E10.99204
G1 X4.672 Y-24.748 E11.00643
G1 X5.477 Y-23.943 E11.04699
G1 X5.881 Y-23.943 E11.06138
G1 X5.076 Y-24.748 E11.10194
G1 X5.48 Y-24.748 E11.11633
G1 X6.285 Y-23.943 E11.15689
G1 X6.689 Y-23.943 E11.17128
G1 X5.884 Y-24.748 E11.21184
G1 X6.288 Y-24.748 E11.22623
G1 X7.093 Y-23.943 E11.26679
G1 X7.497 Y-23.943 E11.28118
G1 X6.692 Y-24.748 E11.32174
G1 X7.096 Y-24.748 E11.33613
G1 X7.901 Y-23.943 E11.37669
G1 X8.305 Y-23.943 E11.39108
G1 X7.5 Y-24.748 E11.43164
G1 X7.904 Y-24.748 E11.44603
G1 X8.709 Y-23.943 E11.48659
G1 X9.113 Y-23.943 E11.50098
G1 X8.308 Y-24.748 E11.54154
G1 X8.711 Y-24.748 E11.5559
G1 X9.517 Y-23.943 E11.59648
G1 X9.921 Y-23.943 E11.61087
G1 X9.115 Y-24.748 E11.65145
G1 X9.519 Y-24.748 E11.66584
G1 X10.324 Y-23.943 E11.7064
G1 X10.728 Y-23.943 E11.72079
G1 X9.923 Y-24.748 E11.76135
G1 X10.327 Y-24.748 E11.77574
G1 X11.132 Y-23.943 E11.8163
G1 X11.536 Y-23.943 E11.83069
G1 X10.731 Y-24.748 E11.87125
G1 X11.135 Y-24.748 E11.88564
G1 X11.94 Y-23.943 E11.9262
G1 X12.344 Y-23.943 E11.94059
G1 X11.539 Y-24.748 E11.98115
G1 X11.943 Y-24.748 E11.99554
G1 X12.748 Y-23.943 E12.0361
G1 X13.152 Y-23.943 E12.05049
G1 X12.347 Y-24.748 E12.09105
G1 X12.751 Y-24.748 E12.10544
G1 X13.556 Y-23.943 E12.146
G1 X13.96 Y-23.943 E12.16039
G1 X13.155 Y-24.748 E12.20095
G1 X13.559 Y-24.748 E12.21534
G1 X14.364 Y-23.943 E12.2559
G1 X14.768 Y-23.943 E12.27029
G1 X13.962 Y-24.748 E12.31087
G1 X14.366 Y-24.748 E12.32526
G1 X15.172 Y-23.943 E12.36584
G1 X15.576 Y-23.943 E12.38023
G1 X14.77 Y-24.748 E12.42081
G1 X15.174 Y-24.748 E12.4352
G1 X15.979 Y-23.943 E12.47576
G1 X16.383 Y-23.943 E12.49015
G1 X15.578 Y-24.748 E12.53071
G1 X15.982 Y-24.748 E12.5451
G1 X16.787 Y-23.943 E12.58566
G1 X17.191 Y-23.943 E12.60005
G1 X16.386 Y-24.748 E12.64061
G1 X16.79 Y-24.748 E12.655
G1 X17.595 Y-23.943 E12.69556
G1 X17.999 Y-23.943 E12.70995
G1 X17.194 Y-24.748 E12.75051
G1 X17.598 Y-24.748 E12.7649
G1 X18.403 Y-23.943 E12.80546
G1 X18.807 Y-23.943 E12.81985
G1 X18.002 Y-24.748 E12.86041
G1 X18.406 Y-24.748 E12.8748
G1 X19.211 Y-23.943 E12.91536
G1 X19.615 Y-23.943 E12.92975
G1 X18.81 Y-24.748 E12.97031
G1 X19.214 Y-24.748 E12.9847
G1 X20.019 Y-23.943 E13.02526
G1 X20.423 Y-23.943 E13.03965
G1 X19.617 Y-24.748 E13.08023
G1 X20.021 Y-24.748 E13.09462
G1 X20.827 Y-23.943 E13.1352
G1 X21.162 Y-23.943 E13.14713
G1 X21.225 Y-23.949 E13.14938
G1 X20.425 Y-24.748 E13.18966
G1 X20.829 Y-24.748 E13.20405
G1 X21.567 Y-24.011 E13.24121
G1 X21.885 Y-24.083 E13.25283
G1 X21.227 Y-24.754 E13.28631
G1 X21.567 Y-24.818 E13.29863
G1 X22.183 Y-24.202 E13.32966
G1 X22.438 Y-24.351 E13.34018
G1 X21.854 Y-24.935 E13.3696
G1 X22.101 Y-25.093 E13.38005
G1 X22.663 Y-24.531 E13.40836
G1 X22.867 Y-24.73 E13.41851
G1 X22.31 Y-25.287 E13.44657
G1 X22.485 Y-25.516 E13.45684
G1 X23.058 Y-24.944 E13.48568
G1 X23.219 Y-25.186 E13.49603
G1 X22.621 Y-25.784 E13.52616
G1 X22.711 Y-26.098 E13.5378
G1 X23.354 Y-25.455 E13.57019
G1 X23.456 Y-25.757 E13.58155
G1 X22.735 Y-26.478 E13.61787
G1 X22.623 Y-26.994 E13.63668
G1 X23.63 Y-25.986 E13.68744
G1 E11.68744 F2400
G92 E0
G1 X23.63 Y-25.986 F7800
G1 X-16.61 Y-23.815
G1 E2 F2400
G1 F3600
G1 X-19.208 Y-26.412 E2.13086
G1 X-19.192 Y-25.992 E2.14583
G1 X-17.181 Y-23.982 E2.24712
G1 X-17.748 Y-24.145 E2.26814
G1 X-19.244 Y-25.641 E2.34351
G1 E.34351 F2400
G92 E0
G1 X-19.244 Y-25.641 F7800
G1 X-22.255 Y-32.586
G1 E2 F2400
;TYPE:Support material
G1 F3600
G1 X-22.255 Y-32.471 E2.0041
G1 X-22.255 Y-32.629 E2.00973
G1 E.00973 F2400
G92 E0
G1 X-22.255 Y-32.629 F7800
G1 X-23.996 Y-40.395
G1 E2 F2400
;TYPE:Perimeter
;WIDTH:0.45
G1 F3600
G1 X-23.996 Y-39.391 E2.04829
G1 X-23.996 Y-12.387 E3.34709
G1 X-26.004 Y-12.387 E3.44367
G1 X-26.004 Y-40.395 E4.79076
G1 X-24.056 Y-40.395 E4.88445
G1 X-24.056 Y-40.395 F7800
G1 X-23.611 Y-40.78
G1 F3600
G1 X-23.611 Y-39.391 E4.95126
G1 X-23.611 Y-12.002 E6.26858
G1 X-26.389 Y-12.002 E6.40219
G1 X-26.389 Y-40.78 E7.78631
G1 X-23.671 Y-40.78 E7.91704
G1 X-23.671 Y-40.78 F7800
G1 X-23.225 Y-41.166
;TYPE:External perimeter
G1 F1800
G1 X-23.225 Y-39.391 E8.00241
G1 X-23.225 Y-11.616 E9.33829
G1 X-26.775 Y-11.616 E9.50903
G1 X-26.775 Y-41.166 E10.93028
G1 X-23.285 Y-41.166 E11.09814
G1 X-23.226 Y-40.77 F7800
G1 E9.09814 F2400
G92 E0
G1 X-25.715 Y-39.913 F7800
G1 E2 F2400
;TYPE:Solid infill
G1 F1200
G1 X-25.715 Y-12.676 E3.31001
G1 X-24.285 Y-12.676 E3.37879
G1 X-24.285 Y-40.106 E4.69808
G1 X-25.715 Y-40.106 E4.76686
G1 X-25.261 Y-39.652 E4.79774
;WIDTH:0.58612
G1 X-24.739 Y-39.652 E4.83171
G1 X-24.739 Y-13.13 E6.55761
G1 X-25.261 Y-13.13 E6.59158
G1 X-25.261 Y-39.459 E8.30492
;LAYER_CHANGE
;Z:4.25
;HEIGHT:0.3
G1 Z4.25 F7800
G1 E6.30492 F2400
G92 E0
G1 X-25.261 Y-39.459 F7800
G1 X26.025 Y-20.304
G1 E2 F2400
;TYPE:Support material interface
;WIDTH:0.35
G1 F3600
G1 X26.519 Y-20.797 E2.02486
G1 X26.519 Y-21.201 E2.03925
G1 X25.749 Y-20.432 E2.07802
G1 X25.346 Y-20.432 E2.09238
G1 X26.647 Y-21.734 E2.15795
G1 E.15795 F2400
G92 E0
G1 X26.647 Y-21.734 F7800
G1 X22.058 Y-24.012
G1 E2 F2400
G1 F3600
G1 X23.201 Y-25.154 E2.05756
G1 X23.469 Y-25.827 E2.08337
G1 X21.679 Y-24.037 E2.17355
G1 X21.184 Y-23.945 E2.19149
G1 X23.653 Y-26.415 E2.3159
G1 E.3159 F2400
G92 E0
G1 X23.653 Y-26.415 F7800
G1 X-16.204 Y-28.969
G1 E2 F2400
G1 F3600
G1 X-17.193 Y-27.981 E2.0498
G1 X-16.736 Y-28.034 E2.06619
G1 X-15.929 Y-28.841 E2.10685
G1 X-15.525 Y-28.841 E2.12124
G1 X-16.332 Y-28.034 E2.1619
G1 X-15.928 Y-28.034 E2.17629
G1 X-15.121 Y-28.841 E2.21695
G1 X-14.717 Y-28.841 E2.23134
G1 X-15.524 Y-28.034 E2.272
G1 X-15.12 Y-28.034 E2.28639
G1 X-14.313 Y-28.841 E2.32705
G1 X-13.909 Y-28.841 E2.34144
G1 X-14.716 Y-28.034 E2.3821
G1 X-14.312 Y-28.034 E2.39649
G1 X-13.505 Y-28.841 E2.43715
G1 X-13.101 Y-28.841 E2.45154
G1 X-13.908 Y-28.034 E2.4922
G1 X-13.504 Y-28.034 E2.50659
G1 X-12.698 Y-28.841 E2.54722
G1 X-12.294 Y-28.841 E2.56161
G1 X-13.1 Y-28.034 E2.60224
G1 X-12.697 Y-28.034 E2.6166
G1 X-11.89 Y-28.841 E2.65726
G1 X-11.486 Y-28.841 E2.67165
G1 X-12.293 Y-28.034 E2.71231
G1 X-11.889 Y-28.034 E2.7267
G1 X-11.082 Y-28.841 E2.76736
G1 X-10.678 Y-28.841 E2.78175
G1 X-11.485 Y-28.034 E2.82241
G1 X-11.081 Y-28.034 E2.8368
G1 X-10.274 Y-28.841 E2.87746
G1 X-9.87 Y-28.841 E2.89185
G1 X-10.677 Y-28.034 E2.93251
G1 X-10.273 Y-28.034 E2.9469
G1 X-9.466 Y-28.841 E2.98756
G1 X-9.062 Y-28.84 E3.00195
G1 X-9.869 Y-28.034 E3.04258
G1 X-9.465 Y-28.034 E3.05697
G1 X-8.658 Y-28.84 E3.0976
G1 X-8.255 Y-28.84 E3.11196
G1 X-9.061 Y-28.034 E3.15257
G1 X-8.657 Y-28.034 E3.16696
G1 X-7.851 Y-28.84 E3.20757
G1 X-7.447 Y-28.84 E3.22196
G1 X-8.253 Y-28.034 E3.26257
G1 X-7.849 Y-28.034 E3.27696
G1 X-7.043 Y-28.84 E3.31757
G1 X-6.639 Y-28.84 E3.33196
G1 X-7.445 Y-28.034 E3.37257
G1 X-7.042 Y-28.034 E3.38693
G1 X-6.235 Y-28.84 E3.42756
G1 X-5.831 Y-28.84 E3.44195
G1 X-6.638 Y-28.034 E3.48258
G1 X-6.234 Y-28.034 E3.49697
G1 X-5.427 Y-28.84 E3.5376
G1 X-5.023 Y-28.84 E3.55199
G1 X-5.83 Y-28.034 E3.59262
G1 X-5.426 Y-28.034 E3.60701
G1 X-4.619 Y-28.84 E3.64764
G1 X-4.215 Y-28.84 E3.66203
G1 X-5.022 Y-28.034 E3.70266
G1 X-4.618 Y-28.034 E3.71705
G1 X-3.812 Y-28.84 E3.75766
G1 X-3.408 Y-28.84 E3.77205
G1 X-4.214 Y-28.034 E3.81266
G1 X-3.81 Y-28.034 E3.82705
G1 X-3.004 Y-28.84 E3.86766
G1 X-2.6 Y-28.84 E3.88205
G1 X-3.406 Y-28.034 E3.92266
G1 X-3.002 Y-28.034 E3.93705
G1 X-2.196 Y-28.84 E3.97766
G1 X-1.792 Y-28.84 E3.99205
G1 X-2.598 Y-28.034 E4.03266
G1 X-2.194 Y-28.034 E4.04705
G1 X-1.388 Y-28.84 E4.08766
G1 X-.984 Y-28.84 E4.10205
G1 X-1.791 Y-28.034 E4.14268
G1 X-1.387 Y-28.034 E4.15707
G1 X-.58 Y-28.84 E4.1977
G1 X-.176 Y-28.84 E4.21209
G1 X-.983 Y-28.034 E4.25272
G1 X-.579 Y-28.034 E4.26711
G1 X.227 Y-28.84 E4.30772
G1 X.631 Y-28.84 E4.32211
G1 X-.175 Y-28.034 E4.36272
G1 X.229 Y-28.034 E4.37711
G1 X1.035 Y-28.84 E4.41772
G1 X1.439 Y-28.84 E4.43211
G1 X.633 Y-28.034 E4.47272
G1 X1.037 Y-28.034 E4.48711
G1 X1.843 Y-28.84 E4.52772
G1 X2.247 Y-28.84 E4.54211
G1 X1.441 Y-28.034 E4.58272
G1 X1.845 Y-28.034 E4.59711
G1 X2.651 Y-28.84 E4.63772
G1 X3.055 Y-28.84 E4.65211
G1 X2.249 Y-28.034 E4.69272
G1 X2.653 Y-28.034 E4.70711
G1 X3.459 Y-28.84 E4.74772
G1 X3.863 Y-28.84 E4.76211
G1 X3.057 Y-28.034 E4.80272
G1 X3.461 Y-28.034 E4.81711
G1 X4.267 Y-28.84 E4.85772
G1 X4.67 Y-28.84 E4.87208
G1 X3.864 Y-28.034 E4.91269
G1 X4.268 Y-28.034 E4.92708
G1 X5.074 Y-28.84 E4.96769
G1 X5.478 Y-28.84 E4.98208
G1 X4.672 Y-28.034 E5.02269
G1 X5.076 Y-28.034 E5.03708
G1 X5.882 Y-28.84 E5.07769
G1 X6.286 Y-28.84 E5.09208
G1 X5.48 Y-28.034 E5.13269
G1 X5.884 Y-28.034 E5.14708
G1 X6.69 Y-28.84 E5.18769
G1 X7.094 Y-28.84 E5.20208
G1 X6.288 Y-28.034 E5.24269
G1 X6.692 Y-28.034 E5.25708
G1 X7.498 Y-28.84 E5.29769
G1 X7.902 Y-28.84 E5.31208
G1 X7.096 Y-28.034 E5.35269
G1 X7.5 Y-28.034 E5.36708
G1 X8.306 Y-28.84 E5.40769
G1 X8.71 Y-28.84 E5.42208
G1 X7.904 Y-28.034 E5.46269
G1 X8.308 Y-28.034 E5.47708
G1 X9.113 Y-28.84 E5.51766
G1 X9.517 Y-28.84 E5.53205
G1 X8.712 Y-28.034 E5.57263
G1 X9.116 Y-28.034 E5.58702
G1 X9.921 Y-28.84 E5.6276
G1 X10.325 Y-28.84 E5.64199
G1 X9.519 Y-28.034 E5.6826
G1 X9.923 Y-28.034 E5.69699
G1 X10.729 Y-28.84 E5.7376
G1 X11.133 Y-28.84 E5.75199
G1 X10.327 Y-28.034 E5.7926
G1 X10.731 Y-28.034 E5.80699
G1 X11.537 Y-28.839 E5.84757
G1 X11.941 Y-28.839 E5.86196
G1 X11.135 Y-28.034 E5.90254
G1 X11.539 Y-28.034 E5.91693
G1 X12.345 Y-28.839 E5.95751
G1 X12.749 Y-28.839 E5.9719
G1 X11.943 Y-28.034 E6.01248
G1 X12.347 Y-28.034 E6.02687
G1 X13.152 Y-28.839 E6.06743
G1 X13.556 Y-28.839 E6.08182
G1 X12.751 Y-28.034 E6.12238
G1 X13.155 Y-28.034 E6.13677
G1 X13.96 Y-28.839 E6.17733
G1 X14.364 Y-28.839 E6.19172
G1 X13.559 Y-28.034 E6.23228
G1 X13.963 Y-28.034 E6.24667
G1 X14.768 Y-28.839 E6.28723
G1 X15.172 Y-28.839 E6.30162
G1 X14.367 Y-28.034 E6.34218
G1 X14.77 Y-28.034 E6.35654
G1 X15.576 Y-28.839 E6.39712
G1 X15.98 Y-28.839 E6.41151
G1 X15.174 Y-28.034 E6.45209
G1 X15.578 Y-28.034 E6.46648
G1 X16.384 Y-28.839 E6.50706
G1 X16.788 Y-28.839 E6.52145
G1 X15.982 Y-28.034 E6.56203
G1 X16.386 Y-28.034 E6.57642
G1 X17.192 Y-28.839 E6.617
G1 X17.595 Y-28.839 E6.63136
G1 X16.79 Y-28.034 E6.67192
G1 X17.194 Y-28.034 E6.68631
G1 X17.999 Y-28.839 E6.72687
G1 X18.403 Y-28.839 E6.74126
G1 X17.598 Y-28.034 E6.78182
G1 X18.002 Y-28.034 E6.79621
G1 X18.807 Y-28.839 E6.83677
G1 X19.211 Y-28.839 E6.85116
G1 X18.406 Y-28.034 E6.89172
G1 X18.81 Y-28.034 E6.90611
G1 X19.615 Y-28.839 E6.94667
G1 X20.019 Y-28.839 E6.96106
G1 X19.214 Y-28.034 E7.00162
G1 X19.618 Y-28.034 E7.01601
G1 X20.423 Y-28.839 E7.05657
G1 X20.827 Y-28.839 E7.07096
G1 X20.022 Y-28.034 E7.11152
G1 X20.425 Y-28.034 E7.12588
G1 X21.226 Y-28.834 E7.16621
G1 X21.583 Y-28.787 E7.17904
G1 X20.829 Y-28.034 E7.217
G1 X21.227 Y-28.028 E7.23118
G1 X21.897 Y-28.698 E7.26493
G1 X22.183 Y-28.58 E7.27595
G1 X21.568 Y-27.964 E7.30696
G1 X21.854 Y-27.847 E7.31797
G1 X22.433 Y-28.426 E7.34714
G1 X22.671 Y-28.26 E7.35748
G1 X22.101 Y-27.689 E7.38622
G1 X22.311 Y-27.495 E7.3964
G1 X22.879 Y-28.064 E7.42504
G1 X23.06 Y-27.841 E7.43527
G1 X22.485 Y-27.266 E7.46424
G1 X22.621 Y-26.998 E7.47495
G1 X23.221 Y-27.598 E7.50518
G1 X23.353 Y-27.326 E7.51595
G1 X22.711 Y-26.684 E7.54829
G1 X22.735 Y-26.304 E7.56185
G1 X23.455 Y-27.025 E7.59815
G1 X23.52 Y-26.685 E7.61048
G1 X22.623 Y-25.788 E7.65567
G1 X22.271 Y-25.244 E7.67875
G1 X21.698 Y-24.864 E7.70324
G1 X20.778 Y-23.943 E7.74961
G1 X20.374 Y-23.943 E7.764
G1 X21.181 Y-24.751 E7.80468
G1 X20.775 Y-24.748 E7.81914
G1 X19.97 Y-23.943 E7.8597
G1 X19.566 Y-23.943 E7.87409
G1 X20.371 Y-24.748 E7.91465
G1 X19.967 Y-24.748 E7.92904
G1 X19.162 Y-23.943 E7.9696
G1 X18.758 Y-23.943 E7.98399
G1 X19.563 Y-24.748 E8.02455
G1 X19.159 Y-24.748 E8.03894
G1 X18.354 Y-23.943 E8.0795
G1 X17.95 Y-23.943 E8.09389
G1 X18.756 Y-24.748 E8.13447
G1 X18.352 Y-24.748 E8.14886
G1 X17.546 Y-23.943 E8.18944
G1 X17.143 Y-23.943 E8.2038
G1 X17.948 Y-24.748 E8.24436
G1 X17.544 Y-24.748 E8.25875
G1 X16.739 Y-23.943 E8.29931
G1 X16.335 Y-23.943 E8.3137
G1 X17.14 Y-24.748 E8.35426
G1 X16.736 Y-24.748 E8.36865
G1 X15.931 Y-23.943 E8.40921
G1 X15.527 Y-23.943 E8.4236
G1 X16.332 Y-24.748 E8.46416
G1 X15.928 Y-24.748 E8.47855
G1 X15.123 Y-23.943 E8.51911
G1 X14.719 Y-23.943 E8.5335
G1 X15.524 Y-24.748 E8.57406
G1 X15.12 Y-24.748 E8.58845
G1 X14.315 Y-23.943 E8.62901
G1 X13.911 Y-23.943 E8.6434
G1 X14.716 Y-24.748 E8.68396
G1 X14.312 Y-24.748 E8.69835
G1 X13.507 Y-23.943 E8.73891
G1 X13.103 Y-23.943 E8.7533
G1 X13.908 Y-24.748 E8.79386
G1 X13.505 Y-24.748 E8.80822
G1 X12.699 Y-23.943 E8.8488
G1 X12.295 Y-23.943 E8.86319
G1 X13.101 Y-24.748 E8.90377
G1 X12.697 Y-24.748 E8.91816
G1 X11.891 Y-23.943 E8.95874
G1 X11.488 Y-23.943 E8.9731
G1 X12.293 Y-24.748 E9.01366
G1 X11.889 Y-24.748 E9.02805
G1 X11.084 Y-23.943 E9.06861
G1 X10.68 Y-23.943 E9.083
G1 X11.485 Y-24.748 E9.12356
G1 X11.081 Y-24.748 E9.13795
G1 X10.276 Y-23.943 E9.17851
G1 X9.872 Y-23.943 E9.1929
G1 X10.677 Y-24.748 E9.23346
G1 X10.273 Y-24.748 E9.24785
G1 X9.468 Y-23.943 E9.28841
G1 X9.064 Y-23.943 E9.3028
G1 X9.869 Y-24.748 E9.34336
G1 X9.465 Y-24.748 E9.35775
G1 X8.66 Y-23.943 E9.39831
G1 X8.256 Y-23.943 E9.4127
G1 X9.061 Y-24.748 E9.45326
G1 X8.657 Y-24.748 E9.46765
G1 X7.852 Y-23.943 E9.50821
G1 X7.448 Y-23.943 E9.5226
G1 X8.253 Y-24.748 E9.56316
G1 X7.85 Y-24.748 E9.57752
G1 X7.044 Y-23.943 E9.6181
G1 X6.64 Y-23.943 E9.63249
G1 X7.446 Y-24.748 E9.67307
G1 X7.042 Y-24.748 E9.68746
G1 X6.237 Y-23.943 E9.72802
G1 X5.833 Y-23.943 E9.74241
G1 X6.638 Y-24.748 E9.78297
G1 X6.234 Y-24.748 E9.79736
G1 X5.429 Y-23.943 E9.83792
G1 X5.025 Y-23.943 E9.85231
G1 X5.83 Y-24.748 E9.89287
G1 X5.426 Y-24.748 E9.90726
G1 X4.621 Y-23.943 E9.94782
G1 X4.217 Y-23.943 E9.96221
G1 X5.022 Y-24.748 E10.00277
G1 X4.618 Y-24.748 E10.01716
G1 X3.813 Y-23.943 E10.05772
G1 X3.409 Y-23.943 E10.07211
G1 X4.214 Y-24.748 E10.11267
G1 X3.81 Y-24.748 E10.12706
G1 X3.005 Y-23.943 E10.16762
G1 X2.601 Y-23.943 E10.18201
G1 X3.406 Y-24.748 E10.22257
G1 X3.002 Y-24.748 E10.23696
G1 X2.197 Y-23.943 E10.27752
G1 X1.793 Y-23.943 E10.29191
G1 X2.598 Y-24.748 E10.33247
G1 X2.195 Y-24.748 E10.34683
G1 X1.389 Y-23.943 E10.38741
G1 X.985 Y-23.943 E10.4018
G1 X1.791 Y-24.748 E10.44238
G1 X1.387 Y-24.748 E10.45677
G1 X.582 Y-23.943 E10.49733
G1 X.178 Y-23.943 E10.51172
G1 X.983 Y-24.748 E10.55228
G1 X.579 Y-24.748 E10.56667
G1 X-.226 Y-23.943 E10.60723
G1 X-.63 Y-23.943 E10.62162
G1 X.175 Y-24.748 E10.66218
G1 X-.229 Y-24.748 E10.67657
G1 X-1.034 Y-23.943 E10.71713
G1 X-1.438 Y-23.943 E10.73152
G1 X-.633 Y-24.748 E10.77208
G1 X-1.037 Y-24.748 E10.78647
G1 X-1.842 Y-23.943 E10.82703
G1 X-2.246 Y-23.943 E10.84142
G1 X-1.441 Y-24.748 E10.88198
G1 X-1.845 Y-24.748 E10.89637
G1 X-2.65 Y-23.943 E10.93693
G1 X-3.054 Y-23.943 E10.95132
G1 X-2.249 Y-24.748 E10.99188
G1 X-2.653 Y-24.748 E11.00627
G1 X-3.458 Y-23.943 E11.04683
G1 X-3.862 Y-23.943 E11.06122
G1 X-3.056 Y-24.748 E11.1018
G1 X-3.46 Y-24.748 E11.11619
G1 X-4.266 Y-23.943 E11.15677
G1 X-4.669 Y-23.943 E11.17113
G1 X-3.864 Y-24.748 E11.21169
G1 X-4.268 Y-24.748 E11.22608
G1 X-5.073 Y-23.943 E11.26664
G1 X-5.477 Y-23.943 E11.28103
G1 X-4.672 Y-24.748 E11.32159
G1 X-5.076 Y-24.748 E11.33598
G1 X-5.881 Y-23.943 E11.37654
G1 X-6.285 Y-23.943 E11.39093
G1 X-5.48 Y-24.748 E11.43149
G1 X-5.884 Y-24.748 E11.44588
G1 X-6.689 Y-23.943 E11.48644
G1 X-7.093 Y-23.943 E11.50083
G1 X-6.288 Y-24.748 E11.54139
G1 X-6.692 Y-24.748 E11.55578
G1 X-7.497 Y-23.943 E11.59634
G1 X-7.901 Y-23.943 E11.61073
G1 X-7.096 Y-24.748 E11.65129
G1 X-7.5 Y-24.748 E11.66568
G1 X-8.305 Y-23.943 E11.70624
G1 X-8.709 Y-23.943 E11.72063
G1 X-7.904 Y-24.748 E11.76119
G1 X-8.308 Y-24.748 E11.77558
G1 X-9.113 Y-23.943 E11.81614
G1 X-9.517 Y-23.943 E11.83053
G1 X-8.711 Y-24.748 E11.87111
G1 X-9.115 Y-24.748 E11.8855
G1 X-9.921 Y-23.943 E11.92608
G1 X-10.324 Y-23.943 E11.94044
G1 X-9.519 Y-24.748 E11.981
G1 X-9.923 Y-24.748 E11.99539
G1 X-10.728 Y-23.943 E12.03595
G1 X-11.132 Y-23.943 E12.05034
G1 X-10.327 Y-24.748 E12.0909
G1 X-10.731 Y-24.748 E12.10529
G1 X-11.536 Y-23.943 E12.14585
G1 X-11.94 Y-23.943 E12.16024
G1 X-11.135 Y-24.748 E12.2008
G1 X-11.539 Y-24.748 E12.21519
G1 X-12.344 Y-23.943 E12.25575
G1 X-12.748 Y-23.943 E12.27014
G1 X-11.943 Y-24.748 E12.3107
G1 X-12.347 Y-24.748 E12.32509
G1 X-13.152 Y-23.943 E12.36565
G1 X-13.556 Y-23.943 E12.38004
G1 X-12.751 Y-24.748 E12.4206
G1 X-13.155 Y-24.748 E12.43499
G1 X-13.96 Y-23.943 E12.47555
G1 X-14.364 Y-23.943 E12.48994
G1 X-13.559 Y-24.748 E12.5305
G1 X-13.962 Y-24.748 E12.54486
G1 X-14.768 Y-23.943 E12.58544
G1 X-15.172 Y-23.943 E12.59983
G1 X-14.366 Y-24.748 E12.64041
G1 X-14.77 Y-24.748 E12.6548
G1 X-15.576 Y-23.943 E12.69538
G1 X-15.979 Y-23.943 E12.70974
G1 X-15.174 Y-24.748 E12.7503
G1 X-15.578 Y-24.748 E12.76469
G1 X-16.383 Y-23.943 E12.80525
G1 X-16.787 Y-23.943 E12.81964
G1 X-15.982 Y-24.748 E12.8602
G1 X-16.386 Y-24.748 E12.87459
G1 X-17.156 Y-23.978 E12.91338
G1 X-17.488 Y-24.05 E12.92548
G1 X-16.79 Y-24.748 E12.96065
G1 X-17.151 Y-24.791 E12.9736
G1 X-17.781 Y-24.161 E13.00534
G1 X-18.044 Y-24.302 E13.01597
G1 X-17.453 Y-24.893 E13.04574
G1 X-17.712 Y-25.038 E13.05631
G1 X-18.285 Y-24.465 E13.08518
G1 X-18.499 Y-24.655 E13.09537
G1 X-17.932 Y-25.221 E13.12391
G1 X-18.118 Y-25.439 E13.13412
G1 X-18.691 Y-24.866 E13.16299
G1 X-18.858 Y-25.103 E13.17332
G1 X-18.267 Y-25.695 E13.20312
G1 X-18.373 Y-25.993 E13.21439
G1 X-18.997 Y-25.368 E13.24585
G1 X-19.114 Y-25.655 E13.25689
G1 X-18.422 Y-26.348 E13.29178
G1 X-18.369 Y-26.805 E13.30817
G1 X-19.191 Y-25.983 E13.34958
G1 X-19.21 Y-26.367 E13.36328
G1 X-16.737 Y-28.841 E13.48789
G1 X-17.2 Y-28.781 E13.50452
G1 X-19.185 Y-26.797 E13.6045
G1 X-19.016 Y-27.369 E13.62575
G1 X-17.544 Y-28.841 E13.69991
G1 E11.69991 F2400
G92 E0
G1 X-17.544 Y-28.841 F7800
G1 X-21.876 Y-24.184
G1 E2 F2400
;TYPE:Support material
G1 F3600
G1 X-21.514 Y-24.013 E2.01426
G1 X-21.453 Y-23.867 E2.0199
G1 X-21.498 Y-23.739 E2.02473
G1 X-21.67 Y-23.627 E2.03204
G1 X-21.915 Y-23.597 E2.04083
G1 X-22.268 Y-23.709 E2.05402
G1 X-22.398 Y-23.888 E2.0619
G1 X-22.36 Y-24.028 E2.06707
G1 X-22.107 Y-24.177 E2.07753
G1 X-21.918 Y-24.192 E2.08428
G1 E.08428 F2400
G92 E0
G1 X-21.918 Y-24.192 F7800
G1 X-21.876 Y-27.067
G1 E2 F2400
G1 F3600
G1 X-21.515 Y-26.896 E2.01423
G1 X-21.454 Y-26.75 E2.01987
G1 X-21.498 Y-26.622 E2.02469
G1 X-21.67 Y-26.51 E2.032
G1 X-21.915 Y-26.481 E2.04079
G1 X-22.268 Y-26.593 E2.05398
G1 X-22.398 Y-26.772 E2.06186
G1 X-22.36 Y-26.912 E2.06703
G1 X-22.107 Y-27.06 E2.07747
G1 X-21.918 Y-27.076 E2.08423
G1 E.08423 F2400
G92 E0
G1 X-21.918 Y-27.076 F7800
G1 X-21.876 Y-29.951
G1 E2 F2400
G1 F3600
G1 X-21.515 Y-29.78 E2.01423
G1 X-21.454 Y-29.634 E2.01987
G1 X-21.498 Y-29.505 E2.02473
G1 X-21.671 Y-29.393 E2.03207
G1 X-21.916 Y-29.364 E2.04086
G1 X-22.268 Y-29.476 E2.05402
G1 X-22.398 Y-29.655 E2.0619
G1 X-22.361 Y-29.795 E2.06706
G1 X-22.107 Y-29.943 E2.07753
G1 X-21.918 Y-29.959 E2.08429
G1 E.08429 F2400
G92 E0
G1 X-21.918 Y-29.959 F7800
G1 X-22.142 Y-32.797
G1 E2 F2400
G1 F3600
G1 X-22.255 Y-32.683 E2.00572
G1 X-22.255 Y-32.345 E2.01776
G1 X-22.415 Y-32.602 E2.02854
G1 X-22.285 Y-32.763 E2.03591
G1 X-22.111 Y-32.827 E2.04251
G1 X-22.111 Y-32.827 F7800
G1 X-21.7 Y-32.764
;TYPE:Support material interface
G1 F3600
G1 X-21.938 Y-32.526 E2.0545
G1 X-21.938 Y-32.216 E2.06554
G1 X-21.833 Y-32.227 E2.0693
G1 X-21.467 Y-32.592 E2.08771
G1 X-21.495 Y-32.35 E2.09639
G1 X-21.306 Y-32.35 E2.10312
G1 X-21.652 Y-32.004 E2.12055
G1 X-21.652 Y-31.6 E2.13494
G1 X-20.902 Y-32.35 E2.17272
G1 X-20.498 Y-32.35 E2.18711
G1 X-21.305 Y-31.543 E2.22777
G1 X-20.901 Y-31.543 E2.24216
G1 X-20.094 Y-32.35 E2.28282
G1 X-19.69 Y-32.35 E2.29721
G1 X-20.497 Y-31.543 E2.33787
G1 X-20.093 Y-31.543 E2.35226
G1 X-19.286 Y-32.35 E2.39292
G1 X-18.883 Y-32.35 E2.40728
G1 X-19.689 Y-31.543 E2.44791
G1 X-19.285 Y-31.543 E2.4623
G1 X-18.479 Y-32.35 E2.50293
G1 X-18.075 Y-32.35 E2.51732
G1 X-18.881 Y-31.543 E2.55795
G1 X-18.478 Y-31.543 E2.57231
G1 X-17.671 Y-32.35 E2.61297
G1 X-17.267 Y-32.35 E2.62736
G1 X-18.074 Y-31.543 E2.66802
G1 X-17.67 Y-31.543 E2.68241
G1 X-16.863 Y-32.35 E2.72307
G1 X-16.459 Y-32.35 E2.73746
G1 X-17.266 Y-31.543 E2.77812
G1 X-16.862 Y-31.543 E2.79251
G1 X-16.055 Y-32.35 E2.83317
G1 X-15.651 Y-32.35 E2.84756
G1 X-16.458 Y-31.543 E2.88822
G1 X-16.054 Y-31.543 E2.90261
G1 X-15.247 Y-32.35 E2.94327
G1 X-14.843 Y-32.35 E2.95766
G1 X-15.65 Y-31.543 E2.99832
G1 X-15.246 Y-31.543 E3.01271
G1 X-14.439 Y-32.35 E3.05337
G1 X-14.035 Y-32.35 E3.06776
G1 X-14.842 Y-31.543 E3.10842
G1 X-14.438 Y-31.543 E3.12281
G1 X-13.632 Y-32.35 E3.16344
G1 X-13.228 Y-32.35 E3.17783
G1 X-14.034 Y-31.543 E3.21846
G1 X-13.63 Y-31.543 E3.23285
G1 X-12.824 Y-32.35 E3.27348
G1 X-12.42 Y-32.35 E3.28787
G1 X-13.226 Y-31.543 E3.3285
G1 X-12.823 Y-31.543 E3.34286
G1 X-12.016 Y-32.35 E3.38352
G1 X-11.612 Y-32.35 E3.39791
G1 X-12.419 Y-31.543 E3.43857
G1 X-12.015 Y-31.543 E3.45296
G1 X-11.208 Y-32.35 E3.49362
G1 X-10.804 Y-32.35 E3.50801
G1 X-11.611 Y-31.543 E3.54867
G1 X-11.207 Y-31.543 E3.56306
G1 X-10.4 Y-32.35 E3.60372
G1 X-9.996 Y-32.35 E3.61811
G1 X-10.803 Y-31.543 E3.65877
G1 X-10.399 Y-31.543 E3.67316
G1 X-9.592 Y-32.35 E3.71382
G1 X-9.188 Y-32.35 E3.72821
G1 X-9.995 Y-31.543 E3.76887
G1 X-9.591 Y-31.543 E3.78326
G1 X-8.784 Y-32.35 E3.82392
G1 X-8.38 Y-32.35 E3.83831
G1 X-9.187 Y-31.543 E3.87897
G1 X-8.783 Y-31.543 E3.89336
G1 X-7.977 Y-32.35 E3.93399
G1 X-7.573 Y-32.35 E3.94838
G1 X-8.379 Y-31.543 E3.98901
G1 X-7.975 Y-31.543 E4.0034
G1 X-7.169 Y-32.35 E4.04403
G1 X-6.765 Y-32.35 E4.05842
G1 X-7.572 Y-31.543 E4.09908
G1 X-7.168 Y-31.543 E4.11347
G1 X-6.361 Y-32.35 E4.15413
G1 X-5.957 Y-32.35 E4.16852
G1 X-6.764 Y-31.543 E4.20918
G1 X-6.36 Y-31.543 E4.22357
G1 X-5.553 Y-32.35 E4.26423
G1 X-5.149 Y-32.35 E4.27862
G1 X-5.956 Y-31.543 E4.31928
G1 X-5.552 Y-31.543 E4.33367
G1 X-4.745 Y-32.35 E4.37433
G1 X-4.341 Y-32.35 E4.38872
G1 X-5.148 Y-31.543 E4.42938
G1 X-4.744 Y-31.543 E4.44377
G1 X-3.937 Y-32.35 E4.48443
G1 X-3.533 Y-32.35 E4.49882
G1 X-4.34 Y-31.543 E4.53948
G1 X-3.936 Y-31.543 E4.55387
G1 X-3.129 Y-32.35 E4.59453
G1 X-2.726 Y-32.35 E4.60889
G1 X-3.532 Y-31.543 E4.64952
G1 X-3.128 Y-31.543 E4.66391
G1 X-2.322 Y-32.35 E4.70454
G1 X-1.918 Y-32.35 E4.71893
G1 X-2.724 Y-31.543 E4.75956
G1 X-2.321 Y-31.543 E4.77392
G1 X-1.514 Y-32.35 E4.81458
G1 X-1.11 Y-32.35 E4.82897
G1 X-1.917 Y-31.543 E4.86963
G1 X-1.513 Y-31.543 E4.88402
G1 X-.706 Y-32.35 E4.92468
G1 X-.302 Y-32.35 E4.93907
G1 X-1.109 Y-31.543 E4.97973
G1 X-.705 Y-31.543 E4.99412
G1 X.102 Y-32.35 E5.03478
G1 X.506 Y-32.35 E5.04917
G1 X-.301 Y-31.543 E5.08983
G1 X.103 Y-31.543 E5.10422
G1 X.91 Y-32.35 E5.14488
G1 X1.314 Y-32.35 E5.15927
G1 X.507 Y-31.543 E5.19993
G1 X.911 Y-31.543 E5.21432
G1 X1.718 Y-32.35 E5.25498
G1 X2.122 Y-32.35 E5.26937
G1 X1.315 Y-31.543 E5.31003
G1 X1.719 Y-31.543 E5.32442
G1 X2.526 Y-32.35 E5.36508
G1 X2.929 Y-32.35 E5.37944
G1 X2.123 Y-31.543 E5.42007
G1 X2.527 Y-31.543 E5.43446
G1 X3.333 Y-32.35 E5.47509
G1 X3.737 Y-32.35 E5.48948
G1 X2.93 Y-31.543 E5.53014
G1 X3.334 Y-31.543 E5.54453
G1 X4.141 Y-32.35 E5.58519
G1 X4.545 Y-32.35 E5.59958
G1 X3.738 Y-31.543 E5.64024
G1 X4.142 Y-31.543 E5.65463
G1 X4.949 Y-32.35 E5.69529
G1 X5.353 Y-32.35 E5.70968
G1 X4.546 Y-31.543 E5.75034
G1 X4.95 Y-31.543 E5.76473
G1 X5.757 Y-32.35 E5.80539
G1 X6.161 Y-32.35 E5.81978
G1 X5.354 Y-31.543 E5.86044
G1 X5.758 Y-31.543 E5.87483
G1 X6.565 Y-32.35 E5.91549
G1 X6.969 Y-32.35 E5.92988
G1 X6.162 Y-31.543 E5.97054
G1 X6.566 Y-31.543 E5.98493
G1 X7.373 Y-32.35 E6.02559
G1 X7.777 Y-32.35 E6.03998
G1 X6.97 Y-31.543 E6.08064
G1 X7.374 Y-31.543 E6.09503
G1 X8.18 Y-32.35 E6.13566
G1 X8.584 Y-32.35 E6.15005
G1 X7.778 Y-31.543 E6.19068
G1 X8.181 Y-31.543 E6.20504
G1 X8.988 Y-32.35 E6.2457
G1 X9.392 Y-32.35 E6.26009
G1 X8.585 Y-31.543 E6.30075
G1 X8.989 Y-31.543 E6.31514
G1 X9.796 Y-32.35 E6.3558
G1 X10.2 Y-32.35 E6.37019
G1 X9.393 Y-31.543 E6.41085
G1 X9.797 Y-31.543 E6.42524
G1 X10.604 Y-32.35 E6.4659
G1 X11.008 Y-32.35 E6.48029
G1 X10.201 Y-31.543 E6.52095
G1 X10.605 Y-31.543 E6.53534
G1 X11.412 Y-32.35 E6.576
G1 X11.816 Y-32.35 E6.59039
G1 X11.009 Y-31.543 E6.63105
G1 X11.413 Y-31.543 E6.64544
G1 X12.22 Y-32.35 E6.6861
G1 X12.624 Y-32.35 E6.70049
G1 X11.817 Y-31.543 E6.74115
G1 X12.221 Y-31.543 E6.75554
G1 X13.028 Y-32.35 E6.7962
G1 X13.432 Y-32.35 E6.81059
G1 X12.625 Y-31.543 E6.85125
G1 X13.029 Y-31.543 E6.86564
G1 X13.835 Y-32.35 E6.90627
G1 X14.239 Y-32.35 E6.92066
G1 X13.432 Y-31.543 E6.96132
G1 X13.836 Y-31.543 E6.97571
G1 X14.643 Y-32.35 E7.01637
G1 X15.047 Y-32.35 E7.03076
G1 X14.24 Y-31.543 E7.07142
G1 X14.644 Y-31.543 E7.08581
G1 X15.451 Y-32.35 E7.12647
G1 X15.855 Y-32.35 E7.14086
G1 X15.048 Y-31.543 E7.18152
G1 X15.452 Y-31.543 E7.19591
G1 X16.259 Y-32.35 E7.23657
G1 X16.663 Y-32.35 E7.25096
G1 X15.856 Y-31.543 E7.29162
G1 X16.26 Y-31.543 E7.30601
G1 X17.067 Y-32.35 E7.34667
G1 X17.471 Y-32.35 E7.36106
G1 X16.664 Y-31.543 E7.40172
G1 X17.068 Y-31.543 E7.41611
G1 X17.875 Y-32.35 E7.45677
G1 X18.279 Y-32.35 E7.47116
G1 X17.472 Y-31.543 E7.51182
G1 X17.876 Y-31.543 E7.52621
G1 X18.683 Y-32.35 E7.56687
G1 X19.087 Y-32.35 E7.58126
G1 X18.28 Y-31.543 E7.62192
G1 X18.683 Y-31.543 E7.63628
G1 X19.49 Y-32.35 E7.67694
G1 X19.894 Y-32.35 E7.69133
G1 X19.087 Y-31.543 E7.73199
G1 X19.491 Y-31.543 E7.74638
G1 X20.298 Y-32.35 E7.78704
G1 X20.702 Y-32.35 E7.80143
G1 X19.895 Y-31.543 E7.84209
G1 X20.299 Y-31.543 E7.85648
G1 X21.106 Y-32.35 E7.89714
G1 X21.51 Y-32.35 E7.91153
G1 X20.703 Y-31.543 E7.95219
G1 X21.107 Y-31.543 E7.96658
G1 X21.914 Y-32.35 E8.00724
G1 X22.318 Y-32.35 E8.02163
G1 X21.511 Y-31.543 E8.06229
G1 X21.915 Y-31.543 E8.07668
G1 X22.722 Y-32.35 E8.11734
G1 X23.126 Y-32.35 E8.13173
G1 X22.319 Y-31.543 E8.17239
G1 X22.723 Y-31.543 E8.18678
G1 X23.53 Y-32.35 E8.22744
G1 X23.934 Y-32.35 E8.24183
G1 X23.127 Y-31.543 E8.28249
G1 X23.531 Y-31.543 E8.29688
G1 X24.338 Y-32.35 E8.33754
G1 X24.741 Y-32.35 E8.3519
G1 X23.934 Y-31.543 E8.39256
G1 X24.338 Y-31.543 E8.40695
G1 X25.145 Y-32.35 E8.44761
G1 X25.549 Y-32.35 E8.462
G1 X24.742 Y-31.543 E8.50266
G1 X25.146 Y-31.543 E8.51705
G1 X25.953 Y-32.35 E8.55771
G1 X26.195 Y-32.327 E8.56637
G1 X26.302 Y-32.295 E8.57035
G1 X25.55 Y-31.543 E8.60824
G1 X25.712 Y-31.543 E8.61401
G1 X25.712 Y-31.3 E8.62267
G1 X26.519 Y-32.107 E8.66333
G1 X26.519 Y-31.703 E8.67772
G1 X25.712 Y-30.896 E8.71838
G1 X25.712 Y-30.492 E8.73277
G1 X26.519 Y-31.299 E8.77343
G1 X26.519 Y-30.896 E8.78779
G1 X25.712 Y-30.089 E8.82845
G1 X25.712 Y-29.685 E8.84284
G1 X26.519 Y-30.492 E8.8835
G1 X26.519 Y-30.088 E8.89789
G1 X25.712 Y-29.281 E8.93855
G1 X25.712 Y-28.877 E8.95294
G1 X26.519 Y-29.684 E8.9936
G1 X26.519 Y-29.28 E9.00799
G1 X25.712 Y-28.473 E9.04865
G1 X25.712 Y-28.069 E9.06304
G1 X26.519 Y-28.876 E9.1037
G1 X26.519 Y-28.472 E9.11809
G1 X25.712 Y-27.665 E9.15875
G1 X25.712 Y-27.261 E9.17314
G1 X26.519 Y-28.068 E9.2138
G1 X26.519 Y-27.664 E9.22819
G1 X25.712 Y-26.857 E9.26885
G1 X25.712 Y-26.453 E9.28324
G1 X26.519 Y-27.26 E9.3239
G1 X26.519 Y-26.856 E9.33829
G1 X25.712 Y-26.049 E9.37895
G1 X25.712 Y-25.645 E9.39334
G1 X26.519 Y-26.452 E9.434
G1 X26.519 Y-26.048 E9.44839
G1 X25.712 Y-25.241 E9.48905
G1 X25.712 Y-24.837 E9.50344
G1 X26.519 Y-25.645 E9.54412
G1 X26.519 Y-25.241 E9.55851
G1 X25.712 Y-24.434 E9.59917
G1 X25.712 Y-24.03 E9.61356
G1 X26.519 Y-24.837 E9.65422
G1 X26.519 Y-24.433 E9.66861
G1 X25.712 Y-23.626 E9.70927
G1 X25.712 Y-23.222 E9.72366
G1 X26.519 Y-24.029 E9.76432
G1 X26.519 Y-23.625 E9.77871
G1 X25.712 Y-22.818 E9.81937
G1 X25.712 Y-22.414 E9.83376
G1 X26.519 Y-23.221 E9.87442
G1 X26.519 Y-22.817 E9.88881
G1 X25.712 Y-22.01 E9.92947
G1 X25.712 Y-21.606 E9.94386
G1 X26.519 Y-22.413 E9.98452
G1 X26.519 Y-22.009 E9.99891
G1 X24.942 Y-20.432 E10.07836
G1 X24.538 Y-20.432 E10.09275
G1 X25.345 Y-21.239 E10.13341
G1 X24.941 Y-21.239 E10.1478
G1 X24.134 Y-20.432 E10.18846
G1 X23.73 Y-20.432 E10.20285
G1 X24.537 Y-21.239 E10.24351
G1 X24.133 Y-21.239 E10.2579
G1 X23.326 Y-20.432 E10.29856
G1 X22.922 Y-20.432 E10.31295
G1 X23.729 Y-21.239 E10.35361
G1 X23.325 Y-21.239 E10.368
G1 X22.518 Y-20.432 E10.40866
G1 X22.114 Y-20.432 E10.42305
G1 X22.921 Y-21.239 E10.46371
G1 X22.517 Y-21.239 E10.4781
G1 X21.71 Y-20.432 E10.51876
G1 X21.306 Y-20.432 E10.53315
G1 X22.113 Y-21.239 E10.57381
G1 X21.709 Y-21.239 E10.5882
G1 X20.902 Y-20.432 E10.62886
G1 X20.498 Y-20.432 E10.64325
G1 X21.305 Y-21.239 E10.68391
G1 X20.902 Y-21.239 E10.69827
G1 X20.094 Y-20.432 E10.73895
G1 X19.691 Y-20.432 E10.75331
G1 X20.498 Y-21.239 E10.79397
G1 X20.094 Y-21.239 E10.80836
G1 X19.287 Y-20.432 E10.84902
G1 X18.883 Y-20.432 E10.86341
G1 X19.69 Y-21.239 E10.90407
G1 X19.286 Y-21.239 E10.91846
G1 X18.479 Y-20.432 E10.95912
G1 X18.075 Y-20.432 E10.97351
G1 X18.882 Y-21.239 E11.01417
G1 X18.478 Y-21.239 E11.02856
G1 X17.671 Y-20.432 E11.06922
G1 X17.267 Y-20.432 E11.08361
G1 X18.074 Y-21.239 E11.12427
G1 X17.67 Y-21.239 E11.13866
G1 X16.863 Y-20.432 E11.17932
G1 X16.459 Y-20.432 E11.19371
G1 X17.266 Y-21.239 E11.23437
G1 X16.862 Y-21.239 E11.24876
G1 X16.055 Y-20.432 E11.28942
G1 X15.651 Y-20.432 E11.30381
G1 X16.458 Y-21.239 E11.34447
G1 X16.054 Y-21.239 E11.35886
G1 X15.247 Y-20.432 E11.39952
G1 X14.843 Y-20.432 E11.41391
G1 X15.65 Y-21.239 E11.45457
G1 X15.247 Y-21.239 E11.46893
G1 X14.44 Y-20.432 E11.50959
G1 X14.036 Y-20.432 E11.52398
G1 X14.843 Y-21.239 E11.56464
G1 X14.439 Y-21.239 E11.57903
G1 X13.632 Y-20.432 E11.61969
G1 X13.228 Y-20.432 E11.63408
G1 X14.035 Y-21.239 E11.67474
G1 X13.631 Y-21.239 E11.68913
G1 X12.824 Y-20.432 E11.72979
G1 X12.42 Y-20.432 E11.74418
G1 X13.227 Y-21.239 E11.78484
G1 X12.823 Y-21.239 E11.79923
G1 X12.016 Y-20.432 E11.83989
G1 X11.612 Y-20.432 E11.85428
G1 X12.419 Y-21.239 E11.89494
G1 X12.015 Y-21.239 E11.90933
G1 X11.208 Y-20.432 E11.94999
G1 X10.804 Y-20.432 E11.96438
G1 X11.611 Y-21.239 E12.00504
G1 X11.207 Y-21.239 E12.01943
G1 X10.4 Y-20.432 E12.06009
G1 X9.996 Y-20.432 E12.07448
G1 X10.803 Y-21.239 E12.11514
G1 X10.399 Y-21.239 E12.12953
G1 X9.592 Y-20.432 E12.17019
G1 X9.188 Y-20.432 E12.18458
G1 X9.996 Y-21.239 E12.22526
G1 X9.592 Y-21.239 E12.23965
G1 X8.785 Y-20.432 E12.28031
G1 X8.381 Y-20.432 E12.2947
G1 X9.188 Y-21.239 E12.33536
G1 X8.784 Y-21.239 E12.34975
G1 X7.977 Y-20.432 E12.39041
G1 X7.573 Y-20.432 E12.4048
G1 X8.38 Y-21.239 E12.44546
G1 X7.976 Y-21.239 E12.45985
G1 X7.169 Y-20.432 E12.50051
G1 X6.765 Y-20.432 E12.5149
G1 X7.572 Y-21.239 E12.55556
G1 X7.168 Y-21.239 E12.56995
G1 X6.361 Y-20.432 E12.61061
G1 X5.957 Y-20.432 E12.625
G1 X6.764 Y-21.239 E12.66566
G1 X6.36 Y-21.239 E12.68005
G1 X5.553 Y-20.432 E12.72071
G1 X5.149 Y-20.432 E12.7351
G1 X5.956 Y-21.239 E12.77576
G1 X5.552 Y-21.239 E12.79015
G1 X4.745 Y-20.432 E12.83081
G1 X4.341 Y-20.432 E12.8452
G1 X5.148 Y-21.239 E12.88586
G1 X4.744 Y-21.239 E12.90025
G1 X3.937 Y-20.432 E12.94091
G1 X3.533 Y-20.432 E12.9553
G1 X4.341 Y-21.239 E12.99598
G1 X3.937 Y-21.239 E13.01037
G1 X3.13 Y-20.432 E13.05103
G1 X2.726 Y-20.432 E13.06542
G1 X3.533 Y-21.239 E13.10608
G1 X3.129 Y-21.239 E13.12047
G1 X2.322 Y-20.432 E13.16113
G1 X1.918 Y-20.432 E13.17552
G1 X2.725 Y-21.239 E13.21618
G1 X2.321 Y-21.239 E13.23057
G1 X1.514 Y-20.432 E13.27123
G1 X1.11 Y-20.432 E13.28562
G1 X1.917 Y-21.239 E13.32628
G1 X1.513 Y-21.239 E13.34067
G1 X.706 Y-20.432 E13.38133
G1 X.302 Y-20.432 E13.39572
G1 X1.109 Y-21.239 E13.43638
G1 X.705 Y-21.239 E13.45077
G1 X-.102 Y-20.432 E13.49143
G1 X-.506 Y-20.432 E13.50582
G1 X.301 Y-21.239 E13.54648
G1 X-.103 Y-21.239 E13.56087
G1 X-.91 Y-20.432 E13.60153
G1 X-1.314 Y-20.432 E13.61592
G1 X-.507 Y-21.239 E13.65658
G1 X-.911 Y-21.239 E13.67097
G1 X-1.718 Y-20.432 E13.71163
G1 X-2.121 Y-20.432 E13.72599
G1 X-1.314 Y-21.239 E13.76665
G1 X-1.718 Y-21.239 E13.78104
G1 X-2.525 Y-20.432 E13.8217
G1 X-2.929 Y-20.432 E13.83609
G1 X-2.122 Y-21.239 E13.87675
G1 X-2.526 Y-21.239 E13.89114
G1 X-3.333 Y-20.432 E13.9318
G1 X-3.737 Y-20.432 E13.94619
G1 X-2.93 Y-21.239 E13.98685
G1 X-3.334 Y-21.239 E14.00124
G1 X-4.141 Y-20.432 E14.0419
G1 X-4.545 Y-20.432 E14.05629
G1 X-3.738 Y-21.239 E14.09695
G1 X-4.142 Y-21.239 E14.11134
G1 X-4.949 Y-20.432 E14.152
G1 X-5.353 Y-20.432 E14.16639
G1 X-4.546 Y-21.239 E14.20705
G1 X-4.95 Y-21.239 E14.22144
G1 X-5.757 Y-20.432 E14.2621
G1 X-6.161 Y-20.432 E14.27649
G1 X-5.354 Y-21.239 E14.31715
G1 X-5.758 Y-21.239 E14.33154
G1 X-6.565 Y-20.432 E14.3722
G1 X-6.969 Y-20.432 E14.38659
G1 X-6.162 Y-21.239 E14.42725
G1 X-6.565 Y-21.239 E14.44161
G1 X-7.373 Y-20.432 E14.48229
G1 X-7.776 Y-20.432 E14.49665
G1 X-6.969 Y-21.239 E14.53731
G1 X-7.373 Y-21.239 E14.5517
G1 X-8.18 Y-20.432 E14.59236
G1 X-8.584 Y-20.432 E14.60675
G1 X-7.777 Y-21.239 E14.64741
G1 X-8.181 Y-21.239 E14.6618
G1 X-8.988 Y-20.432 E14.70246
G1 X-9.392 Y-20.432 E14.71685
G1 X-8.585 Y-21.239 E14.75751
G1 X-8.989 Y-21.239 E14.7719
G1 X-9.796 Y-20.432 E14.81256
G1 X-10.2 Y-20.432 E14.82695
G1 X-9.393 Y-21.239 E14.86761
G1 X-9.797 Y-21.239 E14.882
G1 X-10.604 Y-20.432 E14.92266
G1 X-11.008 Y-20.432 E14.93705
G1 X-10.201 Y-21.239 E14.97771
G1 X-10.605 Y-21.239 E14.9921
G1 X-11.412 Y-20.432 E15.03276
G1 X-11.816 Y-20.432 E15.04715
G1 X-11.009 Y-21.239 E15.08781
G1 X-11.413 Y-21.239 E15.1022
G1 X-12.22 Y-20.432 E15.14286
G1 X-12.624 Y-20.432 E15.15725
G1 X-11.817 Y-21.239 E15.19791
G1 X-12.22 Y-21.239 E15.21227
G1 X-13.027 Y-20.432 E15.25293
G1 X-13.431 Y-20.432 E15.26732
G1 X-12.624 Y-21.239 E15.30798
G1 X-13.028 Y-21.239 E15.32237
G1 X-13.835 Y-20.432 E15.36303
G1 X-14.239 Y-20.432 E15.37742
G1 X-13.432 Y-21.239 E15.41808
G1 X-13.836 Y-21.239 E15.43247
G1 X-14.643 Y-20.432 E15.47313
G1 X-15.047 Y-20.432 E15.48752
G1 X-14.24 Y-21.239 E15.52818
G1 X-14.644 Y-21.239 E15.54257
G1 X-15.451 Y-20.432 E15.58323
G1 X-15.855 Y-20.432 E15.59762
G1 X-15.048 Y-21.239 E15.63828
G1 X-15.452 Y-21.239 E15.65267
G1 X-16.259 Y-20.432 E15.69333
G1 X-16.663 Y-20.432 E15.70772
G1 X-15.856 Y-21.239 E15.74838
G1 X-16.26 Y-21.239 E15.76277
G1 X-17.067 Y-20.432 E15.80343
G1 X-17.471 Y-20.432 E15.81782
G1 X-16.664 Y-21.239 E15.85848
G1 X-17.068 Y-21.239 E15.87287
G1 X-17.875 Y-20.432 E15.91353
G1 X-18.279 Y-20.432 E15.92792
G1 X-17.471 Y-21.239 E15.9686
G1 X-17.875 Y-21.239 E15.98299
G1 X-18.682 Y-20.432 E16.02365
G1 X-19.086 Y-20.432 E16.03804
G1 X-18.279 Y-21.239 E16.0787
G1 X-18.683 Y-21.239 E16.09309
G1 X-19.49 Y-20.432 E16.13375
G1 X-19.894 Y-20.432 E16.14814
G1 X-19.087 Y-21.239 E16.1888
G1 X-19.491 Y-21.239 E16.20319
G1 X-20.298 Y-20.432 E16.24385
G1 X-20.702 Y-20.432 E16.25824
G1 X-19.895 Y-21.239 E16.2989
G1 X-20.299 Y-21.239 E16.31329
G1 X-21.106 Y-20.432 E16.35395
G1 X-21.51 Y-20.432 E16.36834
G1 X-20.703 Y-21.239 E16.409
G1 X-21.107 Y-21.239 E16.42339
G1 X-21.652 Y-20.694 E16.45085
G1 X-21.938 Y-20.685 E16.46104
G1 X-21.938 Y-20.812 E16.46556
G1 X-21.511 Y-21.239 E16.48707
G1 X-21.83 Y-21.324 E16.49883
G1 X-22.066 Y-21.088 E16.51072
G1 X-22.066 Y-21.088 F7800
G1 X-22.255 Y-21.192
;TYPE:Support material
G1 F3600
G1 X-22.255 Y-20.82 E16.52397
G1 X-22.398 Y-21.005 E16.5323
G1 X-22.255 Y-21.234 E16.54192
G1 E14.54192 F2400
G92 E0
G1 X-22.255 Y-21.234 F7800
G1 X-23.996 Y-40.395
G1 E2 F2400
;TYPE:Perimeter
;WIDTH:0.45
G1 F3600
G1 X-23.994 Y-33.424 E2.33528
G1 X-23.932 Y-32.925 E2.35946
G1 X-23.932 Y-19.823 E2.98962
G1 X-23.996 Y-19.291 E3.01539
G1 X-23.996 Y-12.387 E3.34745
G1 X-26.004 Y-12.387 E3.44403
G1 X-26.004 Y-40.395 E4.79112
G1 X-24.056 Y-40.395 E4.88481
G1 X-24.056 Y-40.395 F7800
G1 X-23.61 Y-40.78
G1 F3600
G1 X-23.608 Y-33.424 E5.23861
G1 X-23.547 Y-32.925 E5.26279
G1 X-23.547 Y-19.823 E5.89295
G1 X-23.611 Y-19.291 E5.91872
G1 X-23.611 Y-12.002 E6.2693
G1 X-26.389 Y-12.002 E6.40291
G1 X-26.389 Y-40.78 E7.78703
G1 X-23.67 Y-40.78 E7.9178
G1 X-23.67 Y-40.78 F7800
G1 X-23.225 Y-41.166
;TYPE:External perimeter
G1 F1800
G1 X-23.223 Y-33.424 E8.29016
G1 X-23.161 Y-32.925 E8.31434
G1 X-23.161 Y-19.823 E8.9445
G1 X-23.225 Y-19.291 E8.97027
G1 X-23.225 Y-11.616 E9.33941
G1 X-26.775 Y-11.616 E9.51015
G1 X-26.775 Y-41.166 E10.9314
G1 X-23.285 Y-41.166 E11.09926
G1 X-23.226 Y-40.77 F7800
G1 E9.09926 F2400
G92 E0
G1 X-25.715 Y-40.106 F7800
G1 E2 F2400
;TYPE:Solid infill
G1 F1200
G1 X-24.285 Y-40.106 E2.06878
G1 X-24.283 Y-33.428 E2.38997
G1 X-24.222 Y-33.011 E2.41024
G1 X-24.222 Y-19.806 E3.04535
G1 X-24.285 Y-19.284 E3.07064
G1 X-24.285 Y-12.676 E3.38846
G1 X-25.715 Y-12.676 E3.45724
G1 X-25.715 Y-39.913 E4.76725
G1 X-25.261 Y-39.652 E4.79244
;WIDTH:0.586389
G1 X-24.739 Y-39.652 E4.82643
;WIDTH:0.587198
G1 X-24.738 Y-33.427 E5.23235
;WIDTH:0.618031
G1 X-24.691 Y-32.975 E5.26373
G1 X-24.691 Y-19.787 E6.17442
G1 X-24.739 Y-19.284 E6.20931
;WIDTH:0.58612
G1 X-24.739 Y-13.13 E6.60978
G1 X-25.261 Y-13.13 E6.64375
G1 X-25.261 Y-19.284 E7.04422
;WIDTH:0.61803
G1 X-25.245 Y-19.806 E7.08028
G1 X-25.245 Y-32.954 E7.9882
G1 X-25.26 Y-33.427 E8.02088
;WIDTH:0.587198
G1 X-25.261 Y-39.459 E8.41422
;LAYER_CHANGE
;Z:4.55
;HEIGHT:0.3
G1 Z4.55 F7800
G1 E6.41422 F2400
G92 E0
G1 X-25.261 Y-39.459 F7800
G1 X23.63 Y-25.986
G1 E2 F2400
;TYPE:Support material interface
;WIDTH:0.35
G1 F3600
G1 X22.623 Y-26.994 E2.05076
G1 X22.735 Y-26.478 E2.06957
G1 X23.456 Y-25.757 E2.10589
G1 X23.354 Y-25.455 E2.11725
G1 X22.711 Y-26.098 E2.14964
G1 X22.621 Y-25.784 E2.16128
G1 X23.219 Y-25.186 E2.19141
G1 X23.058 Y-24.944 E2.20176
G1 X22.485 Y-25.516 E2.2306
G1 X22.31 Y-25.287 E2.24087
G1 X22.867 Y-24.73 E2.26893
G1 X22.663 Y-24.531 E2.27908
G1 X22.101 Y-25.093 E2.30739
G1 X21.854 Y-24.935 E2.31784
G1 X22.438 Y-24.351 E2.34726
G1 X22.183 Y-24.202 E2.35778
G1 X21.567 Y-24.818 E2.38881
G1 X21.227 Y-24.754 E2.40113
G1 X21.885 Y-24.083 E2.43461
G1 X21.567 Y-24.011 E2.44623
G1 X20.829 Y-24.748 E2.48339
G1 X20.425 Y-24.748 E2.49778
G1 X21.225 Y-23.949 E2.53806
G1 X21.162 Y-23.943 E2.54031
G1 X20.827 Y-23.943 E2.55224
G1 X20.021 Y-24.748 E2.59282
G1 X19.617 Y-24.748 E2.60721
G1 X20.423 Y-23.943 E2.64779
G1 X20.019 Y-23.943 E2.66218
G1 X19.214 Y-24.748 E2.70274
G1 X18.81 Y-24.748 E2.71713
G1 X19.615 Y-23.943 E2.75769
G1 X19.211 Y-23.943 E2.77208
G1 X18.406 Y-24.748 E2.81264
G1 X18.002 Y-24.748 E2.82703
G1 X18.807 Y-23.943 E2.86759
G1 X18.403 Y-23.943 E2.88198
G1 X17.598 Y-24.748 E2.92254
G1 X17.194 Y-24.748 E2.93693
G1 X17.999 Y-23.943 E2.97749
G1 X17.595 Y-23.943 E2.99188
G1 X16.79 Y-24.748 E3.03244
G1 X16.386 Y-24.748 E3.04683
G1 X17.191 Y-23.943 E3.08739
G1 X16.787 Y-23.943 E3.10178
G1 X15.982 Y-24.748 E3.14234
G1 X15.578 Y-24.748 E3.15673
G1 X16.383 Y-23.943 E3.19729
G1 X15.979 Y-23.943 E3.21168
G1 X15.174 Y-24.748 E3.25224
G1 X14.77 Y-24.748 E3.26663
G1 X15.576 Y-23.943 E3.30721
G1 X15.172 Y-23.943 E3.3216
G1 X14.366 Y-24.748 E3.36218
G1 X13.962 Y-24.748 E3.37657
G1 X14.768 Y-23.943 E3.41715
G1 X14.364 Y-23.943 E3.43154
G1 X13.559 Y-24.748 E3.4721
G1 X13.155 Y-24.748 E3.48649
G1 X13.96 Y-23.943 E3.52705
G1 X13.556 Y-23.943 E3.54144
G1 X12.751 Y-24.748 E3.582
G1 X12.347 Y-24.748 E3.59639
G1 X13.152 Y-23.943 E3.63695
G1 X12.748 Y-23.943 E3.65134
G1 X11.943 Y-24.748 E3.6919
G1 X11.539 Y-24.748 E3.70629
G1 X12.344 Y-23.943 E3.74685
G1 X11.94 Y-23.943 E3.76124
G1 X11.135 Y-24.748 E3.8018
G1 X10.731 Y-24.748 E3.81619
G1 X11.536 Y-23.943 E3.85675
G1 X11.132 Y-23.943 E3.87114
G1 X10.327 Y-24.748 E3.9117
G1 X9.923 Y-24.748 E3.92609
G1 X10.728 Y-23.943 E3.96665
G1 X10.324 Y-23.943 E3.98104
G1 X9.519 Y-24.748 E4.0216
G1 X9.115 Y-24.748 E4.03599
G1 X9.921 Y-23.943 E4.07657
G1 X9.517 Y-23.943 E4.09096
G1 X8.711 Y-24.748 E4.13154
G1 X8.308 Y-24.748 E4.1459
G1 X9.113 Y-23.943 E4.18646
G1 X8.709 Y-23.943 E4.20085
G1 X7.904 Y-24.748 E4.24141
G1 X7.5 Y-24.748 E4.2558
G1 X8.305 Y-23.943 E4.29636
G1 X7.901 Y-23.943 E4.31075
G1 X7.096 Y-24.748 E4.35131
G1 X6.692 Y-24.748 E4.3657
G1 X7.497 Y-23.943 E4.40626
G1 X7.093 Y-23.943 E4.42065
G1 X6.288 Y-24.748 E4.46121
G1 X5.884 Y-24.748 E4.4756
G1 X6.689 Y-23.943 E4.51616
G1 X6.285 Y-23.943 E4.53055
G1 X5.48 Y-24.748 E4.57111
G1 X5.076 Y-24.748 E4.5855
G1 X5.881 Y-23.943 E4.62606
G1 X5.477 Y-23.943 E4.64045
G1 X4.672 Y-24.748 E4.68101
G1 X4.268 Y-24.748 E4.6954
G1 X5.073 Y-23.943 E4.73596
G1 X4.669 Y-23.943 E4.75035
G1 X3.864 Y-24.748 E4.79091
G1 X3.46 Y-24.748 E4.8053
G1 X4.266 Y-23.943 E4.84588
G1 X3.862 Y-23.943 E4.86027
G1 X3.056 Y-24.748 E4.90085
G1 X2.653 Y-24.748 E4.91521
G1 X3.458 Y-23.943 E4.95577
G1 X3.054 Y-23.943 E4.97016
G1 X2.249 Y-24.748 E5.01072
G1 X1.845 Y-24.748 E5.02511
G1 X2.65 Y-23.943 E5.06567
G1 X2.246 Y-23.943 E5.08006
G1 X1.441 Y-24.748 E5.12062
G1 X1.037 Y-24.748 E5.13501
G1 X1.842 Y-23.943 E5.17557
G1 X1.438 Y-23.943 E5.18996
G1 X.633 Y-24.748 E5.23052
G1 X.229 Y-24.748 E5.24491
G1 X1.034 Y-23.943 E5.28547
G1 X.63 Y-23.943 E5.29986
G1 X-.175 Y-24.748 E5.34042
G1 X-.579 Y-24.748 E5.35481
G1 X.226 Y-23.943 E5.39537
G1 X-.178 Y-23.943 E5.40976
G1 X-.983 Y-24.748 E5.45032
G1 X-1.387 Y-24.748 E5.46471
G1 X-.582 Y-23.943 E5.50527
G1 X-.985 Y-23.943 E5.51963
G1 X-1.791 Y-24.748 E5.56021
G1 X-2.195 Y-24.748 E5.5746
G1 X-1.389 Y-23.943 E5.61518
G1 X-1.793 Y-23.943 E5.62957
G1 X-2.598 Y-24.748 E5.67013
G1 X-3.002 Y-24.748 E5.68452
G1 X-2.197 Y-23.943 E5.72508
G1 X-2.601 Y-23.943 E5.73947
G1 X-3.406 Y-24.748 E5.78003
G1 X-3.81 Y-24.748 E5.79442
G1 X-3.005 Y-23.943 E5.83498
G1 X-3.409 Y-23.943 E5.84937
G1 X-4.214 Y-24.748 E5.88993
G1 X-4.618 Y-24.748 E5.90432
G1 X-3.813 Y-23.943 E5.94488
G1 X-4.217 Y-23.943 E5.95927
G1 X-5.022 Y-24.748 E5.99983
G1 X-5.426 Y-24.748 E6.01422
G1 X-4.621 Y-23.943 E6.05478
G1 X-5.025 Y-23.943 E6.06917
G1 X-5.83 Y-24.748 E6.10973
G1 X-6.234 Y-24.748 E6.12412
G1 X-5.429 Y-23.943 E6.16468
G1 X-5.833 Y-23.943 E6.17907
G1 X-6.638 Y-24.748 E6.21963
G1 X-7.042 Y-24.748 E6.23402
G1 X-6.237 Y-23.943 E6.27458
G1 X-6.64 Y-23.943 E6.28894
G1 X-7.446 Y-24.748 E6.32952
G1 X-7.85 Y-24.748 E6.34391
G1 X-7.044 Y-23.943 E6.38449
G1 X-7.448 Y-23.943 E6.39888
G1 X-8.253 Y-24.748 E6.43944
G1 X-8.657 Y-24.748 E6.45383
G1 X-7.852 Y-23.943 E6.49439
G1 X-8.256 Y-23.943 E6.50878
G1 X-9.061 Y-24.748 E6.54934
G1 X-9.465 Y-24.748 E6.56373
G1 X-8.66 Y-23.943 E6.60429
G1 X-9.064 Y-23.943 E6.61868
G1 X-9.869 Y-24.748 E6.65924
G1 X-10.273 Y-24.748 E6.67363
G1 X-9.468 Y-23.943 E6.71419
G1 X-9.872 Y-23.943 E6.72858
G1 X-10.677 Y-24.748 E6.76914
G1 X-11.081 Y-24.748 E6.78353
G1 X-10.276 Y-23.943 E6.82409
G1 X-10.68 Y-23.943 E6.83848
G1 X-11.485 Y-24.748 E6.87904
G1 X-11.889 Y-24.748 E6.89343
G1 X-11.084 Y-23.943 E6.93399
G1 X-11.488 Y-23.943 E6.94838
G1 X-12.293 Y-24.748 E6.98894
G1 X-12.697 Y-24.748 E7.00333
G1 X-11.891 Y-23.943 E7.04391
G1 X-12.295 Y-23.943 E7.0583
G1 X-13.101 Y-24.748 E7.09888
G1 X-13.505 Y-24.748 E7.11327
G1 X-12.699 Y-23.943 E7.15385
G1 X-13.103 Y-23.943 E7.16824
G1 X-13.908 Y-24.748 E7.2088
G1 X-14.312 Y-24.748 E7.22319
G1 X-13.507 Y-23.943 E7.26375
G1 X-13.911 Y-23.943 E7.27814
G1 X-14.716 Y-24.748 E7.3187
G1 X-15.12 Y-24.748 E7.33309
G1 X-14.315 Y-23.943 E7.37365
G1 X-14.719 Y-23.943 E7.38804
G1 X-15.524 Y-24.748 E7.4286
G1 X-15.928 Y-24.748 E7.44299
G1 X-15.123 Y-23.943 E7.48355
G1 X-15.527 Y-23.943 E7.49794
G1 X-16.332 Y-24.748 E7.5385
G1 X-16.736 Y-24.748 E7.55289
G1 X-15.931 Y-23.943 E7.59345
G1 X-16.335 Y-23.943 E7.60784
G1 X-17.193 Y-24.801 E7.65107
G1 X-17.636 Y-24.989 E7.66821
G1 X-17.955 Y-25.244 E7.68276
G1 X-18.202 Y-25.57 E7.69733
G1 X-18.369 Y-25.977 E7.713
G1 X-19.185 Y-26.794 E7.75414
G1 X-19.11 Y-27.122 E7.76613
G1 X-18.422 Y-26.434 E7.80079
G1 X-18.373 Y-26.789 E7.81356
G1 X-18.994 Y-27.411 E7.84487
G1 X-18.855 Y-27.675 E7.8555
G1 X-18.267 Y-27.087 E7.88512
G1 X-18.118 Y-27.343 E7.89567
G1 X-18.691 Y-27.916 E7.92454
G1 X-18.5 Y-28.128 E7.93471
G1 X-17.932 Y-27.561 E7.9633
G1 X-17.712 Y-27.744 E7.97349
G1 X-18.284 Y-28.316 E8.00231
G1 X-18.046 Y-28.482 E8.01265
G1 X-17.453 Y-27.889 E8.04253
G1 X-17.151 Y-27.991 E8.05389
G1 X-17.78 Y-28.62 E8.08558
G1 X-17.716 Y-28.651 E8.08811
G1 X-17.482 Y-28.726 E8.09686
G1 X-16.79 Y-28.034 E8.13172
G1 X-16.386 Y-28.034 E8.14611
G1 X-17.143 Y-28.791 E8.18425
G1 X-16.788 Y-28.839 E8.19701
G1 X-15.982 Y-28.034 E8.23759
G1 X-15.578 Y-28.034 E8.25198
G1 X-16.385 Y-28.841 E8.29264
G1 X-15.981 Y-28.841 E8.30703
G1 X-15.174 Y-28.034 E8.34769
G1 X-14.77 Y-28.034 E8.36208
G1 X-15.577 Y-28.841 E8.40274
G1 X-15.174 Y-28.841 E8.4171
G1 X-14.367 Y-28.034 E8.45776
G1 X-13.963 Y-28.034 E8.47215
G1 X-14.77 Y-28.841 E8.51281
G1 X-14.366 Y-28.841 E8.5272
G1 X-13.559 Y-28.034 E8.56786
G1 X-13.155 Y-28.034 E8.58225
G1 X-13.962 Y-28.841 E8.62291
G1 X-13.558 Y-28.841 E8.6373
G1 X-12.751 Y-28.034 E8.67796
G1 X-12.347 Y-28.034 E8.69235
G1 X-13.154 Y-28.841 E8.73301
G1 X-12.75 Y-28.841 E8.7474
G1 X-11.943 Y-28.034 E8.78806
G1 X-11.539 Y-28.034 E8.80245
G1 X-12.346 Y-28.841 E8.84311
G1 X-11.942 Y-28.841 E8.8575
G1 X-11.135 Y-28.034 E8.89816
G1 X-10.731 Y-28.034 E8.91255
G1 X-11.538 Y-28.841 E8.95321
G1 X-11.134 Y-28.841 E8.9676
G1 X-10.327 Y-28.034 E9.00826
G1 X-9.923 Y-28.034 E9.02265
G1 X-10.73 Y-28.841 E9.06331
G1 X-10.326 Y-28.841 E9.0777
G1 X-9.519 Y-28.034 E9.11836
G1 X-9.116 Y-28.034 E9.13272
G1 X-9.922 Y-28.841 E9.17335
G1 X-9.518 Y-28.841 E9.18774
G1 X-8.712 Y-28.034 E9.22837
G1 X-8.308 Y-28.034 E9.24276
G1 X-9.114 Y-28.841 E9.28339
G1 X-8.71 Y-28.84 E9.29778
G1 X-7.904 Y-28.034 E9.33839
G1 X-7.5 Y-28.034 E9.35278
G1 X-8.306 Y-28.84 E9.39339
G1 X-7.902 Y-28.84 E9.40778
G1 X-7.096 Y-28.034 E9.44839
G1 X-6.692 Y-28.034 E9.46278
G1 X-7.499 Y-28.84 E9.50341
G1 X-7.095 Y-28.84 E9.5178
G1 X-6.288 Y-28.034 E9.55843
G1 X-5.884 Y-28.034 E9.57282
G1 X-6.691 Y-28.84 E9.61345
G1 X-6.287 Y-28.84 E9.62784
G1 X-5.48 Y-28.034 E9.66847
G1 X-5.076 Y-28.034 E9.68286
G1 X-5.883 Y-28.84 E9.72349
G1 X-5.479 Y-28.84 E9.73788
G1 X-4.672 Y-28.034 E9.77851
G1 X-4.268 Y-28.034 E9.7929
G1 X-5.075 Y-28.84 E9.83353
G1 X-4.671 Y-28.84 E9.84792
G1 X-3.864 Y-28.034 E9.88855
G1 X-3.461 Y-28.034 E9.90291
G1 X-4.267 Y-28.84 E9.94352
G1 X-3.863 Y-28.84 E9.95791
G1 X-3.057 Y-28.034 E9.99852
G1 X-2.653 Y-28.034 E10.01291
G1 X-3.459 Y-28.84 E10.05352
G1 X-3.055 Y-28.84 E10.06791
G1 X-2.249 Y-28.034 E10.10852
G1 X-1.845 Y-28.034 E10.12291
G1 X-2.651 Y-28.84 E10.16352
G1 X-2.247 Y-28.84 E10.17791
G1 X-1.441 Y-28.034 E10.21852
G1 X-1.037 Y-28.034 E10.23291
G1 X-1.843 Y-28.84 E10.27352
G1 X-1.439 Y-28.84 E10.28791
G1 X-.633 Y-28.034 E10.32852
G1 X-.229 Y-28.034 E10.34291
G1 X-1.035 Y-28.84 E10.38352
G1 X-.631 Y-28.84 E10.39791
G1 X.175 Y-28.034 E10.43852
G1 X.579 Y-28.034 E10.45291
G1 X-.227 Y-28.84 E10.49352
G1 X.176 Y-28.84 E10.50788
G1 X.983 Y-28.034 E10.54851
G1 X1.387 Y-28.034 E10.5629
G1 X.58 Y-28.84 E10.60353
G1 X.984 Y-28.84 E10.61792
G1 X1.791 Y-28.034 E10.65855
G1 X2.194 Y-28.034 E10.67291
G1 X1.388 Y-28.84 E10.71352
G1 X1.792 Y-28.84 E10.72791
G1 X2.598 Y-28.034 E10.76852
G1 X3.002 Y-28.034 E10.78291
G1 X2.196 Y-28.84 E10.82352
G1 X2.6 Y-28.84 E10.83791
G1 X3.406 Y-28.034 E10.87852
G1 X3.81 Y-28.034 E10.89291
G1 X3.004 Y-28.84 E10.93352
G1 X3.408 Y-28.84 E10.94791
G1 X4.214 Y-28.034 E10.98852
G1 X4.618 Y-28.034 E11.00291
G1 X3.812 Y-28.84 E11.04352
G1 X4.216 Y-28.84 E11.05791
G1 X5.022 Y-28.034 E11.09852
G1 X5.426 Y-28.034 E11.11291
G1 X4.62 Y-28.84 E11.15352
G1 X5.024 Y-28.84 E11.16791
G1 X5.83 Y-28.034 E11.20852
G1 X6.234 Y-28.034 E11.22291
G1 X5.428 Y-28.84 E11.26352
G1 X5.832 Y-28.84 E11.27791
G1 X6.638 Y-28.034 E11.31852
G1 X7.042 Y-28.034 E11.33291
G1 X6.236 Y-28.84 E11.37352
G1 X6.64 Y-28.84 E11.38791
G1 X7.445 Y-28.034 E11.42849
G1 X7.849 Y-28.034 E11.44288
G1 X7.044 Y-28.84 E11.48346
G1 X7.447 Y-28.84 E11.49782
G1 X8.253 Y-28.034 E11.53843
G1 X8.657 Y-28.034 E11.55282
G1 X7.851 Y-28.84 E11.59343
G1 X8.255 Y-28.84 E11.60782
G1 X9.061 Y-28.034 E11.64843
G1 X9.465 Y-28.034 E11.66282
G1 X8.659 Y-28.84 E11.70343
G1 X9.063 Y-28.84 E11.71782
G1 X9.869 Y-28.034 E11.75843
G1 X10.273 Y-28.034 E11.77282
G1 X9.467 Y-28.84 E11.81343
G1 X9.871 Y-28.84 E11.82782
G1 X10.677 Y-28.034 E11.86843
G1 X11.081 Y-28.034 E11.88282
G1 X10.275 Y-28.84 E11.92343
G1 X10.679 Y-28.84 E11.93782
G1 X11.485 Y-28.034 E11.97843
G1 X11.889 Y-28.034 E11.99282
G1 X11.083 Y-28.84 E12.03343
G1 X11.487 Y-28.839 E12.04782
G1 X12.293 Y-28.034 E12.0884
G1 X12.697 Y-28.034 E12.10279
G1 X11.891 Y-28.839 E12.14337
G1 X12.295 Y-28.839 E12.15776
G1 X13.1 Y-28.034 E12.19832
G1 X13.504 Y-28.034 E12.21271
G1 X12.699 Y-28.839 E12.25327
G1 X13.103 Y-28.839 E12.26766
G1 X13.908 Y-28.034 E12.30822
G1 X14.312 Y-28.034 E12.32261
G1 X13.507 Y-28.839 E12.36317
G1 X13.911 Y-28.839 E12.37756
G1 X14.716 Y-28.034 E12.41812
G1 X15.12 Y-28.034 E12.43251
G1 X14.315 Y-28.839 E12.47307
G1 X14.719 Y-28.839 E12.48746
G1 X15.524 Y-28.034 E12.52802
G1 X15.928 Y-28.034 E12.54241
G1 X15.122 Y-28.839 E12.58299
G1 X15.526 Y-28.839 E12.59738
G1 X16.332 Y-28.034 E12.63796
G1 X16.736 Y-28.034 E12.65235
G1 X15.93 Y-28.839 E12.69293
G1 X16.334 Y-28.839 E12.70732
G1 X17.14 Y-28.034 E12.7479
G1 X17.544 Y-28.034 E12.76229
G1 X16.738 Y-28.839 E12.80287
G1 X17.142 Y-28.839 E12.81726
G1 X17.948 Y-28.034 E12.85784
G1 X18.351 Y-28.034 E12.8722
G1 X17.546 Y-28.839 E12.91276
G1 X17.95 Y-28.839 E12.92715
G1 X18.755 Y-28.034 E12.96771
G1 X19.159 Y-28.034 E12.9821
G1 X18.354 Y-28.839 E13.02266
G1 X18.758 Y-28.839 E13.03705
G1 X19.563 Y-28.034 E13.07761
G1 X19.967 Y-28.034 E13.092
G1 X19.162 Y-28.839 E13.13256
G1 X19.566 Y-28.839 E13.14695
G1 X20.371 Y-28.034 E13.18751
G1 X20.775 Y-28.034 E13.2019
G1 X19.97 Y-28.839 E13.24246
G1 X20.374 Y-28.839 E13.25685
G1 X21.181 Y-28.031 E13.29753
G1 X21.698 Y-27.918 E13.31638
G1 X20.778 Y-28.839 E13.36275
G1 X21.163 Y-28.839 E13.37647
G1 X23.528 Y-26.492 E13.49517
G1 X23.472 Y-26.953 E13.51171
G1 X21.654 Y-28.771 E13.6033
G1 X22.344 Y-28.485 E13.62991
G1 X23.486 Y-27.343 E13.68744
G1 E11.68744 F2400
G92 E0
G1 X23.486 Y-27.343 F7800
G1 X-16.61 Y-23.815
G1 E2 F2400
G1 F3600
G1 X-19.208 Y-26.412 E2.13086
G1 X-19.192 Y-25.992 E2.14583
G1 X-17.181 Y-23.982 E2.24712
G1 X-17.748 Y-24.145 E2.26814
G1 X-19.244 Y-25.641 E2.34351
G1 E.34351 F2400
G92 E0
G1 X-19.244 Y-25.641 F7800
G1 X-21.178 Y-20.304
G1 E2 F2400
G1 F3600
G1 X-21.652 Y-20.778 E2.02388
G1 X-21.652 Y-21.182 E2.03827
G1 X-20.902 Y-20.432 E2.07605
G1 X-20.498 Y-20.432 E2.09044
G1 X-21.305 Y-21.239 E2.1311
G1 X-20.902 Y-21.239 E2.14546
G1 X-20.094 Y-20.432 E2.18614
G1 X-19.691 Y-20.432 E2.2005
G1 X-20.498 Y-21.239 E2.24116
G1 X-20.094 Y-21.239 E2.25555
G1 X-19.287 Y-20.432 E2.29621
G1 X-18.883 Y-20.432 E2.3106
G1 X-19.69 Y-21.239 E2.35126
G1 X-19.286 Y-21.239 E2.36565
G1 X-18.479 Y-20.432 E2.40631
G1 X-18.075 Y-20.432 E2.4207
G1 X-18.882 Y-21.239 E2.46136
G1 X-18.478 Y-21.239 E2.47575
G1 X-17.671 Y-20.432 E2.51641
G1 X-17.267 Y-20.432 E2.5308
G1 X-18.074 Y-21.239 E2.57146
G1 X-17.67 Y-21.239 E2.58585
G1 X-16.863 Y-20.432 E2.62651
G1 X-16.459 Y-20.432 E2.6409
G1 X-17.266 Y-21.239 E2.68156
G1 X-16.862 Y-21.239 E2.69595
G1 X-16.055 Y-20.432 E2.73661
G1 X-15.651 Y-20.432 E2.751
G1 X-16.458 Y-21.239 E2.79166
G1 X-16.054 Y-21.239 E2.80605
G1 X-15.247 Y-20.432 E2.84671
G1 X-14.843 Y-20.432 E2.8611
G1 X-15.65 Y-21.239 E2.90176
G1 X-15.247 Y-21.239 E2.91612
G1 X-14.44 Y-20.432 E2.95678
G1 X-14.036 Y-20.432 E2.97117
G1 X-14.843 Y-21.239 E3.01183
G1 X-14.439 Y-21.239 E3.02622
G1 X-13.632 Y-20.432 E3.06688
G1 X-13.228 Y-20.432 E3.08127
G1 X-14.035 Y-21.239 E3.12193
G1 X-13.631 Y-21.239 E3.13632
G1 X-12.824 Y-20.432 E3.17698
G1 X-12.42 Y-20.432 E3.19137
G1 X-13.227 Y-21.239 E3.23203
G1 X-12.823 Y-21.239 E3.24642
G1 X-12.016 Y-20.432 E3.28708
G1 X-11.612 Y-20.432 E3.30147
G1 X-12.419 Y-21.239 E3.34213
G1 X-12.015 Y-21.239 E3.35652
G1 X-11.208 Y-20.432 E3.39718
G1 X-10.804 Y-20.432 E3.41157
G1 X-11.611 Y-21.239 E3.45223
G1 X-11.207 Y-21.239 E3.46662
G1 X-10.4 Y-20.432 E3.50728
G1 X-9.996 Y-20.432 E3.52167
G1 X-10.803 Y-21.239 E3.56233
G1 X-10.399 Y-21.239 E3.57672
G1 X-9.592 Y-20.432 E3.61738
G1 X-9.188 Y-20.432 E3.63177
G1 X-9.996 Y-21.239 E3.67245
G1 X-9.592 Y-21.239 E3.68684
G1 X-8.785 Y-20.432 E3.7275
G1 X-8.381 Y-20.432 E3.74189
G1 X-9.188 Y-21.239 E3.78255
G1 X-8.784 Y-21.239 E3.79694
G1 X-7.977 Y-20.432 E3.8376
G1 X-7.573 Y-20.432 E3.85199
G1 X-8.38 Y-21.239 E3.89265
G1 X-7.976 Y-21.239 E3.90704
G1 X-7.169 Y-20.432 E3.9477
G1 X-6.765 Y-20.432 E3.96209
G1 X-7.572 Y-21.239 E4.00275
G1 X-7.168 Y-21.239 E4.01714
G1 X-6.361 Y-20.432 E4.0578
G1 X-5.957 Y-20.432 E4.07219
G1 X-6.764 Y-21.239 E4.11285
G1 X-6.36 Y-21.239 E4.12724
G1 X-5.553 Y-20.432 E4.1679
G1 X-5.149 Y-20.432 E4.18229
G1 X-5.956 Y-21.239 E4.22295
G1 X-5.552 Y-21.239 E4.23734
G1 X-4.745 Y-20.432 E4.278
G1 X-4.341 Y-20.432 E4.29239
G1 X-5.148 Y-21.239 E4.33305
G1 X-4.744 Y-21.239 E4.34744
G1 X-3.937 Y-20.432 E4.3881
G1 X-3.533 Y-20.432 E4.40249
G1 X-4.341 Y-21.239 E4.44317
G1 X-3.937 Y-21.239 E4.45756
G1 X-3.13 Y-20.432 E4.49822
G1 X-2.726 Y-20.432 E4.51261
G1 X-3.533 Y-21.239 E4.55327
G1 X-3.129 Y-21.239 E4.56766
G1 X-2.322 Y-20.432 E4.60832
G1 X-1.918 Y-20.432 E4.62271
G1 X-2.725 Y-21.239 E4.66337
G1 X-2.321 Y-21.239 E4.67776
G1 X-1.514 Y-20.432 E4.71842
G1 X-1.11 Y-20.432 E4.73281
G1 X-1.917 Y-21.239 E4.77347
G1 X-1.513 Y-21.239 E4.78786
G1 X-.706 Y-20.432 E4.82852
G1 X-.302 Y-20.432 E4.84291
G1 X-1.109 Y-21.239 E4.88357
G1 X-.705 Y-21.239 E4.89796
G1 X.102 Y-20.432 E4.93862
G1 X.506 Y-20.432 E4.95301
G1 X-.301 Y-21.239 E4.99367
G1 X.103 Y-21.239 E5.00806
G1 X.91 Y-20.432 E5.04872
G1 X1.314 Y-20.432 E5.06311
G1 X.507 Y-21.239 E5.10377
G1 X.911 Y-21.239 E5.11816
G1 X1.718 Y-20.432 E5.15882
G1 X2.121 Y-20.432 E5.17318
G1 X1.314 Y-21.239 E5.21384
G1 X1.718 Y-21.239 E5.22823
G1 X2.525 Y-20.432 E5.26889
G1 X2.929 Y-20.432 E5.28328
G1 X2.122 Y-21.239 E5.32394
G1 X2.526 Y-21.239 E5.33833
G1 X3.333 Y-20.432 E5.37899
G1 X3.737 Y-20.432 E5.39338
G1 X2.93 Y-21.239 E5.43404
G1 X3.334 Y-21.239 E5.44843
G1 X4.141 Y-20.432 E5.48909
G1 X4.545 Y-20.432 E5.50348
G1 X3.738 Y-21.239 E5.54414
G1 X4.142 Y-21.239 E5.55853
G1 X4.949 Y-20.432 E5.59919
G1 X5.353 Y-20.432 E5.61358
G1 X4.546 Y-21.239 E5.65424
G1 X4.95 Y-21.239 E5.66863
G1 X5.757 Y-20.432 E5.70929
G1 X6.161 Y-20.432 E5.72368
G1 X5.354 Y-21.239 E5.76434
G1 X5.758 Y-21.239 E5.77873
G1 X6.565 Y-20.432 E5.81939
G1 X6.969 Y-20.432 E5.83378
G1 X6.162 Y-21.239 E5.87444
G1 X6.565 Y-21.239 E5.8888
G1 X7.373 Y-20.432 E5.92948
G1 X7.776 Y-20.432 E5.94384
G1 X6.969 Y-21.239 E5.9845
G1 X7.373 Y-21.239 E5.99889
G1 X8.18 Y-20.432 E6.03955
G1 X8.584 Y-20.432 E6.05394
G1 X7.777 Y-21.239 E6.0946
G1 X8.181 Y-21.239 E6.10899
G1 X8.988 Y-20.432 E6.14965
G1 X9.392 Y-20.432 E6.16404
G1 X8.585 Y-21.239 E6.2047
G1 X8.989 Y-21.239 E6.21909
G1 X9.796 Y-20.432 E6.25975
G1 X10.2 Y-20.432 E6.27414
G1 X9.393 Y-21.239 E6.3148
G1 X9.797 Y-21.239 E6.32919
G1 X10.604 Y-20.432 E6.36985
G1 X11.008 Y-20.432 E6.38424
G1 X10.201 Y-21.239 E6.4249
G1 X10.605 Y-21.239 E6.43929
G1 X11.412 Y-20.432 E6.47995
G1 X11.816 Y-20.432 E6.49434
G1 X11.009 Y-21.239 E6.535
G1 X11.413 Y-21.239 E6.54939
G1 X12.22 Y-20.432 E6.59005
G1 X12.624 Y-20.432 E6.60444
G1 X11.817 Y-21.239 E6.6451
G1 X12.22 Y-21.239 E6.65946
G1 X13.027 Y-20.432 E6.70012
G1 X13.431 Y-20.432 E6.71451
G1 X12.624 Y-21.239 E6.75517
G1 X13.028 Y-21.239 E6.76956
G1 X13.835 Y-20.432 E6.81022
G1 X14.239 Y-20.432 E6.82461
G1 X13.432 Y-21.239 E6.86527
G1 X13.836 Y-21.239 E6.87966
G1 X14.643 Y-20.432 E6.92032
G1 X15.047 Y-20.432 E6.93471
G1 X14.24 Y-21.239 E6.97537
G1 X14.644 Y-21.239 E6.98976
G1 X15.451 Y-20.432 E7.03042
G1 X15.855 Y-20.432 E7.04481
G1 X15.048 Y-21.239 E7.08547
G1 X15.452 Y-21.239 E7.09986
G1 X16.259 Y-20.432 E7.14052
G1 X16.663 Y-20.432 E7.15491
G1 X15.856 Y-21.239 E7.19557
G1 X16.26 Y-21.239 E7.20996
G1 X17.067 Y-20.432 E7.25062
G1 X17.471 Y-20.432 E7.26501
G1 X16.664 Y-21.239 E7.30567
G1 X17.068 Y-21.239 E7.32006
G1 X17.875 Y-20.432 E7.36072
G1 X18.279 Y-20.432 E7.37511
G1 X17.471 Y-21.239 E7.41579
G1 X17.875 Y-21.239 E7.43018
G1 X18.682 Y-20.432 E7.47084
G1 X19.086 Y-20.432 E7.48523
G1 X18.279 Y-21.239 E7.52589
G1 X18.683 Y-21.239 E7.54028
G1 X19.49 Y-20.432 E7.58094
G1 X19.894 Y-20.432 E7.59533
G1 X19.087 Y-21.239 E7.63599
G1 X19.491 Y-21.239 E7.65038
G1 X20.298 Y-20.432 E7.69104
G1 X20.702 Y-20.432 E7.70543
G1 X19.895 Y-21.239 E7.74609
G1 X20.299 Y-21.239 E7.76048
G1 X21.106 Y-20.432 E7.80114
G1 X21.51 Y-20.432 E7.81553
G1 X20.703 Y-21.239 E7.85619
G1 X21.107 Y-21.239 E7.87058
G1 X21.914 Y-20.432 E7.91124
G1 X22.318 Y-20.432 E7.92563
G1 X21.511 Y-21.239 E7.96629
G1 X21.915 Y-21.239 E7.98068
G1 X22.722 Y-20.432 E8.02134
G1 X23.126 Y-20.432 E8.03573
G1 X22.319 Y-21.239 E8.07639
G1 X22.723 Y-21.239 E8.09078
G1 X23.53 Y-20.432 E8.13144
G1 X23.933 Y-20.432 E8.1458
G1 X23.126 Y-21.239 E8.18646
G1 X23.53 Y-21.239 E8.20085
G1 X24.337 Y-20.432 E8.24151
G1 X24.741 Y-20.432 E8.2559
G1 X23.934 Y-21.239 E8.29656
G1 X24.338 Y-21.239 E8.31095
G1 X25.145 Y-20.432 E8.35161
G1 X25.549 Y-20.432 E8.366
G1 X24.742 Y-21.239 E8.40666
G1 X25.146 Y-21.239 E8.42105
G1 X25.953 Y-20.432 E8.46171
G1 X26.195 Y-20.455 E8.47037
G1 X26.302 Y-20.487 E8.47435
G1 X25.55 Y-21.239 E8.51224
G1 X25.712 Y-21.239 E8.51801
G1 X25.712 Y-21.482 E8.52667
G1 X26.519 Y-20.675 E8.56733
G1 X26.519 Y-21.079 E8.58172
G1 X25.712 Y-21.886 E8.62238
G1 X25.712 Y-22.289 E8.63674
G1 X26.519 Y-21.482 E8.6774
G1 X26.519 Y-21.886 E8.69179
G1 X25.712 Y-22.693 E8.73245
G1 X25.712 Y-23.097 E8.74684
G1 X26.519 Y-22.29 E8.7875
G1 X26.519 Y-22.694 E8.80189
G1 X25.712 Y-23.501 E8.84255
G1 X25.712 Y-23.905 E8.85694
G1 X26.519 Y-23.098 E8.8976
G1 X26.519 Y-23.502 E8.91199
G1 X25.712 Y-24.309 E8.95265
G1 X25.712 Y-24.713 E8.96704
G1 X26.519 Y-23.906 E9.0077
G1 X26.519 Y-24.31 E9.02209
G1 X25.712 Y-25.117 E9.06275
G1 X25.712 Y-25.521 E9.07714
G1 X26.519 Y-24.714 E9.1178
G1 X26.519 Y-25.118 E9.13219
G1 X25.712 Y-25.925 E9.17285
G1 X25.712 Y-26.329 E9.18724
G1 X26.519 Y-25.522 E9.2279
G1 X26.519 Y-25.926 E9.24229
G1 X25.712 Y-26.733 E9.28295
G1 X25.712 Y-27.137 E9.29734
G1 X26.519 Y-26.33 E9.338
G1 X26.519 Y-26.733 E9.35236
G1 X25.712 Y-27.541 E9.39304
G1 X25.712 Y-27.944 E9.4074
G1 X26.519 Y-27.137 E9.44806
G1 X26.519 Y-27.541 E9.46245
G1 X25.712 Y-28.348 E9.50311
G1 X25.712 Y-28.752 E9.5175
G1 X26.519 Y-27.945 E9.55816
G1 X26.519 Y-28.349 E9.57255
G1 X25.712 Y-29.156 E9.61321
G1 X25.712 Y-29.56 E9.6276
G1 X26.519 Y-28.753 E9.66826
G1 X26.519 Y-29.157 E9.68265
G1 X25.712 Y-29.964 E9.72331
G1 X25.712 Y-30.368 E9.7377
G1 X26.519 Y-29.561 E9.77836
G1 X26.519 Y-29.965 E9.79275
G1 X25.712 Y-30.772 E9.83341
G1 X25.712 Y-31.176 E9.8478
G1 X26.519 Y-30.369 E9.88846
G1 X26.519 Y-30.773 E9.90285
G1 X24.941 Y-32.35 E9.98232
G1 X25.345 Y-32.35 E9.99671
G1 X26.519 Y-31.177 E10.05583
G1 X26.519 Y-31.581 E10.07022
G1 X25.749 Y-32.35 E10.10899
G1 X26.17 Y-32.333 E10.124
G1 X26.647 Y-31.856 E10.14803
G1 X26.647 Y-31.856 F7800
G1 X25.473 Y-31.414
G1 F3600
G1 X24.538 Y-32.35 E10.19516
G1 X24.134 Y-32.35 E10.20955
G1 X24.941 Y-31.543 E10.25021
G1 X24.537 Y-31.543 E10.2646
G1 X23.73 Y-32.35 E10.30526
G1 X23.326 Y-32.35 E10.31965
G1 X24.133 Y-31.543 E10.36031
G1 X23.729 Y-31.543 E10.3747
G1 X22.922 Y-32.35 E10.41536
G1 X22.518 Y-32.35 E10.42975
G1 X23.325 Y-31.543 E10.47041
G1 X22.921 Y-31.543 E10.4848
G1 X22.114 Y-32.35 E10.52546
G1 X21.71 Y-32.35 E10.53985
G1 X22.517 Y-31.543 E10.58051
G1 X22.113 Y-31.543 E10.5949
G1 X21.306 Y-32.35 E10.63556
G1 X20.902 Y-32.35 E10.64995
G1 X21.709 Y-31.543 E10.69061
G1 X21.305 Y-31.543 E10.705
G1 X20.498 Y-32.35 E10.74566
G1 X20.094 Y-32.35 E10.76005
G1 X20.901 Y-31.543 E10.80071
G1 X20.497 Y-31.543 E10.8151
G1 X19.69 Y-32.35 E10.85576
G1 X19.286 Y-32.35 E10.87015
G1 X20.093 Y-31.543 E10.91081
G1 X19.69 Y-31.543 E10.92517
G1 X18.883 Y-32.35 E10.96583
G1 X18.479 Y-32.35 E10.98022
G1 X19.286 Y-31.543 E11.02088
G1 X18.882 Y-31.543 E11.03527
G1 X18.075 Y-32.35 E11.07593
G1 X17.671 Y-32.35 E11.09032
G1 X18.478 Y-31.543 E11.13098
G1 X18.074 Y-31.543 E11.14537
G1 X17.267 Y-32.35 E11.18603
G1 X16.863 Y-32.35 E11.20042
G1 X17.67 Y-31.543 E11.24108
G1 X17.266 Y-31.543 E11.25547
G1 X16.459 Y-32.35 E11.29613
G1 X16.055 Y-32.35 E11.31052
G1 X16.862 Y-31.543 E11.35118
G1 X16.458 Y-31.543 E11.36557
G1 X15.651 Y-32.35 E11.40623
G1 X15.247 Y-32.35 E11.42062
G1 X16.054 Y-31.543 E11.46128
G1 X15.65 Y-31.543 E11.47567
G1 X14.843 Y-32.35 E11.51633
G1 X14.439 Y-32.35 E11.53072
G1 X15.246 Y-31.543 E11.57138
G1 X14.842 Y-31.543 E11.58577
G1 X14.035 Y-32.35 E11.62643
G1 X13.632 Y-32.35 E11.64079
G1 X14.438 Y-31.543 E11.68142
G1 X14.035 Y-31.543 E11.69578
G1 X13.228 Y-32.35 E11.73644
G1 X12.824 Y-32.35 E11.75083
G1 X13.631 Y-31.543 E11.79149
G1 X13.227 Y-31.543 E11.80588
G1 X12.42 Y-32.35 E11.84654
G1 X12.016 Y-32.35 E11.86093
G1 X12.823 Y-31.543 E11.90159
G1 X12.419 Y-31.543 E11.91598
G1 X11.612 Y-32.35 E11.95664
G1 X11.208 Y-32.35 E11.97103
G1 X12.015 Y-31.543 E12.01169
G1 X11.611 Y-31.543 E12.02608
G1 X10.804 Y-32.35 E12.06674
G1 X10.4 Y-32.35 E12.08113
G1 X11.207 Y-31.543 E12.12179
G1 X10.803 Y-31.543 E12.13618
G1 X9.996 Y-32.35 E12.17684
G1 X9.592 Y-32.35 E12.19123
G1 X10.399 Y-31.543 E12.23189
G1 X9.995 Y-31.543 E12.24628
G1 X9.188 Y-32.35 E12.28694
G1 X8.784 Y-32.35 E12.30133
G1 X9.591 Y-31.543 E12.34199
G1 X9.187 Y-31.543 E12.35638
G1 X8.38 Y-32.35 E12.39704
G1 X7.977 Y-32.35 E12.4114
G1 X8.783 Y-31.543 E12.45203
G1 X8.38 Y-31.543 E12.46639
G1 X7.573 Y-32.35 E12.50705
G1 X7.169 Y-32.35 E12.52144
G1 X7.976 Y-31.543 E12.5621
G1 X7.572 Y-31.543 E12.57649
G1 X6.765 Y-32.35 E12.61715
G1 X6.361 Y-32.35 E12.63154
G1 X7.168 Y-31.543 E12.6722
G1 X6.764 Y-31.543 E12.68659
G1 X5.957 Y-32.35 E12.72725
G1 X5.553 Y-32.35 E12.74164
G1 X6.36 Y-31.543 E12.7823
G1 X5.956 Y-31.543 E12.79669
G1 X5.149 Y-32.35 E12.83735
G1 X4.745 Y-32.35 E12.85174
G1 X5.552 Y-31.543 E12.8924
G1 X5.148 Y-31.543 E12.90679
G1 X4.341 Y-32.35 E12.94745
G1 X3.937 Y-32.35 E12.96184
G1 X4.744 Y-31.543 E13.0025
G1 X4.34 Y-31.543 E13.01689
G1 X3.533 Y-32.35 E13.05755
G1 X3.129 Y-32.35 E13.07194
G1 X3.936 Y-31.543 E13.1126
G1 X3.532 Y-31.543 E13.12699
G1 X2.726 Y-32.35 E13.16762
G1 X2.322 Y-32.35 E13.18201
G1 X3.128 Y-31.543 E13.22264
G1 X2.725 Y-31.543 E13.237
G1 X1.918 Y-32.35 E13.27766
G1 X1.514 Y-32.35 E13.29205
G1 X2.321 Y-31.543 E13.33271
G1 X1.917 Y-31.543 E13.3471
G1 X1.11 Y-32.35 E13.38776
G1 X.706 Y-32.35 E13.40215
G1 X1.513 Y-31.543 E13.44281
G1 X1.109 Y-31.543 E13.4572
G1 X.302 Y-32.35 E13.49786
G1 X-.102 Y-32.35 E13.51225
G1 X.705 Y-31.543 E13.55291
G1 X.301 Y-31.543 E13.5673
G1 X-.506 Y-32.35 E13.60796
G1 X-.91 Y-32.35 E13.62235
G1 X-.103 Y-31.543 E13.66301
G1 X-.507 Y-31.543 E13.6774
G1 X-1.314 Y-32.35 E13.71806
G1 X-1.718 Y-32.35 E13.73245
G1 X-.911 Y-31.543 E13.77311
G1 X-1.315 Y-31.543 E13.7875
G1 X-2.122 Y-32.35 E13.82816
G1 X-2.526 Y-32.35 E13.84255
G1 X-1.719 Y-31.543 E13.88321
G1 X-2.123 Y-31.543 E13.8976
G1 X-2.929 Y-32.35 E13.93823
G1 X-3.333 Y-32.35 E13.95262
G1 X-2.527 Y-31.543 E13.99325
G1 X-2.93 Y-31.543 E14.00761
G1 X-3.737 Y-32.35 E14.04827
G1 X-4.141 Y-32.35 E14.06266
G1 X-3.334 Y-31.543 E14.10332
G1 X-3.738 Y-31.543 E14.11771
G1 X-4.545 Y-32.35 E14.15837
G1 X-4.949 Y-32.35 E14.17276
G1 X-4.142 Y-31.543 E14.21342
G1 X-4.546 Y-31.543 E14.22781
G1 X-5.353 Y-32.35 E14.26847
G1 X-5.757 Y-32.35 E14.28286
G1 X-4.95 Y-31.543 E14.32352
G1 X-5.354 Y-31.543 E14.33791
G1 X-6.161 Y-32.35 E14.37857
G1 X-6.565 Y-32.35 E14.39296
G1 X-5.758 Y-31.543 E14.43362
G1 X-6.162 Y-31.543 E14.44801
G1 X-6.969 Y-32.35 E14.48867
G1 X-7.373 Y-32.35 E14.50306
G1 X-6.566 Y-31.543 E14.54372
G1 X-6.97 Y-31.543 E14.55811
G1 X-7.777 Y-32.35 E14.59877
G1 X-8.18 Y-32.35 E14.61313
G1 X-7.374 Y-31.543 E14.65376
G1 X-7.778 Y-31.543 E14.66815
G1 X-8.584 Y-32.35 E14.70878
G1 X-8.988 Y-32.35 E14.72317
G1 X-8.182 Y-31.543 E14.7638
G1 X-8.585 Y-31.543 E14.77816
G1 X-9.392 Y-32.35 E14.81882
G1 X-9.796 Y-32.35 E14.83321
G1 X-8.989 Y-31.543 E14.87387
G1 X-9.393 Y-31.543 E14.88826
G1 X-10.2 Y-32.35 E14.92892
G1 X-10.604 Y-32.35 E14.94331
G1 X-9.797 Y-31.543 E14.98397
G1 X-10.201 Y-31.543 E14.99836
G1 X-11.008 Y-32.35 E15.03902
G1 X-11.412 Y-32.35 E15.05341
G1 X-10.605 Y-31.543 E15.09407
G1 X-11.009 Y-31.543 E15.10846
G1 X-11.816 Y-32.35 E15.14912
G1 X-12.22 Y-32.35 E15.16351
G1 X-11.413 Y-31.543 E15.20417
G1 X-11.817 Y-31.543 E15.21856
G1 X-12.624 Y-32.35 E15.25922
G1 X-13.028 Y-32.35 E15.27361
G1 X-12.221 Y-31.543 E15.31427
G1 X-12.625 Y-31.543 E15.32866
G1 X-13.432 Y-32.35 E15.36932
G1 X-13.835 Y-32.35 E15.38368
G1 X-13.029 Y-31.543 E15.42431
G1 X-13.433 Y-31.543 E15.4387
G1 X-14.239 Y-32.35 E15.47933
G1 X-14.643 Y-32.35 E15.49372
G1 X-13.837 Y-31.543 E15.53435
G1 X-14.24 Y-31.543 E15.54871
G1 X-15.047 Y-32.35 E15.58937
G1 X-15.451 Y-32.35 E15.60376
G1 X-14.644 Y-31.543 E15.64442
G1 X-15.048 Y-31.543 E15.65881
G1 X-15.855 Y-32.35 E15.69947
G1 X-16.259 Y-32.35 E15.71386
G1 X-15.452 Y-31.543 E15.75452
G1 X-15.856 Y-31.543 E15.76891
G1 X-16.663 Y-32.35 E15.80957
G1 X-17.067 Y-32.35 E15.82396
G1 X-16.26 Y-31.543 E15.86462
G1 X-16.664 Y-31.543 E15.87901
G1 X-17.471 Y-32.35 E15.91967
G1 X-17.875 Y-32.35 E15.93406
G1 X-17.068 Y-31.543 E15.97472
G1 X-17.472 Y-31.543 E15.98911
G1 X-18.279 Y-32.35 E16.02977
G1 X-18.683 Y-32.35 E16.04416
G1 X-17.876 Y-31.543 E16.08482
G1 X-18.28 Y-31.543 E16.09921
G1 X-19.087 Y-32.35 E16.13987
G1 X-19.49 Y-32.35 E16.15423
G1 X-18.684 Y-31.543 E16.19486
G1 X-19.088 Y-31.543 E16.20925
G1 X-19.894 Y-32.35 E16.24988
G1 X-20.298 Y-32.35 E16.26427
G1 X-19.492 Y-31.543 E16.3049
G1 X-19.896 Y-31.543 E16.31929
G1 X-20.702 Y-32.35 E16.35992
G1 X-21.106 Y-32.35 E16.37431
G1 X-20.299 Y-31.543 E16.41497
G1 X-20.703 Y-31.543 E16.42936
G1 X-21.51 Y-32.35 E16.47002
G1 X-21.652 Y-32.35 E16.47508
G1 X-21.652 Y-32.088 E16.48441
G1 X-21.107 Y-31.543 E16.51187
G1 X-21.511 Y-31.543 E16.52626
G1 X-21.78 Y-31.812 E16.53981
G1 E14.53981 F2400
G92 E0
G1 X-21.78 Y-31.812 F7800
G1 X-23.996 Y-40.395
G1 E2 F2400
;TYPE:Perimeter
;WIDTH:0.45
G1 F3600
G1 X-23.996 Y-33.492 E2.33201
G1 X-23.929 Y-33.004 E2.3557
G1 X-23.756 Y-32.579 E2.37777
G1 X-23.756 Y-32.455 E2.38373
G1 X-23.756 Y-20.327 E2.96704
G1 X-23.929 Y-19.778 E2.99472
G1 X-23.996 Y-19.291 E3.01836
G1 X-23.996 Y-12.387 E3.35042
G1 X-26.004 Y-12.387 E3.447
G1 X-26.004 Y-40.395 E4.79409
G1 X-24.056 Y-40.395 E4.88778
G1 X-24.056 Y-40.395 F7800
G1 X-23.611 Y-40.78
G1 F3600
G1 X-23.611 Y-33.492 E5.23831
G1 X-23.548 Y-33.067 E5.25897
G1 X-23.37 Y-32.68 E5.27946
G1 X-23.37 Y-32.455 E5.29028
G1 X-23.37 Y-20.102 E5.88442
G1 X-23.505 Y-19.86 E5.89775
G1 X-23.611 Y-19.291 E5.92559
G1 X-23.611 Y-12.002 E6.27617
G1 X-26.389 Y-12.002 E6.40978
G1 X-26.389 Y-40.78 E7.7939
G1 X-23.671 Y-40.78 E7.92463
G1 X-23.671 Y-40.78 F7800
G1 X-23.225 Y-41.166
;TYPE:External perimeter
G1 F1800
G1 X-23.225 Y-33.492 E8.29372
G1 X-23.168 Y-33.13 E8.31135
G1 X-22.985 Y-32.782 E8.33026
G1 X-22.985 Y-32.455 E8.34599
G1 X-22.985 Y-20 E8.94503
G1 X-23.145 Y-19.716 E8.96071
G1 X-23.225 Y-19.291 E8.98151
G1 X-23.225 Y-11.616 E9.35065
G1 X-26.775 Y-11.616 E9.52139
G1 X-26.775 Y-41.166 E10.94264
G1 X-23.285 Y-41.166 E11.1105
G1 X-23.226 Y-40.77 F7800
G1 E9.1105 F2400
G92 E0
G1 X-24.045 Y-32.515 F7800
G1 E2 F2400
;TYPE:Solid infill
G1 F1200
G1 X-24.045 Y-20.266 E2.58913
G1 X-24.216 Y-19.815 E2.61233
G1 X-24.285 Y-19.284 E2.63808
G1 X-24.285 Y-12.676 E2.9559
G1 X-25.715 Y-12.676 E3.02468
G1 X-25.715 Y-40.106 E4.34397
G1 X-24.285 Y-40.106 E4.41275
G1 X-24.285 Y-33.498 E4.73057
G1 X-24.214 Y-32.956 E4.75686
G1 X-24.114 Y-32.695 E4.7703
G1 X-24.114 Y-32.695 F7800
G1 X-24.97 Y-32.994
;WIDTH:0.415283
G1 F1200
G1 X-24.961 Y-32.855 E4.7764
;WIDTH:0.455699
G1 X-24.94 Y-32.73 E4.78259
;WIDTH:0.496115
G1 X-24.92 Y-32.605 E4.78941
;WIDTH:0.536531
G1 X-24.9 Y-32.481 E4.79681
;WIDTH:0.576946
G1 X-24.88 Y-32.356 E4.8049
G1 X-24.88 Y-20.423 E5.56778
G1 X-24.902 Y-20.265 E5.57798
;WIDTH:0.531773
G1 X-24.925 Y-20.106 E5.58735
;WIDTH:0.486601
G1 X-24.948 Y-19.947 E5.59581
;WIDTH:0.441429
G1 X-24.97 Y-19.789 E5.60331
;WIDTH:0.431347
G1 X-25.081 Y-19.725 E5.60917
;WIDTH:0.466438
G1 X-25.192 Y-19.661 E5.6156
;WIDTH:0.501529
G1 X-25.303 Y-19.598 E5.62256
;WIDTH:0.543824
G1 X-25.282 Y-19.441 E5.63203
;WIDTH:0.58612
G1 X-25.261 Y-19.284 E5.64234
G1 X-25.261 Y-13.13 E6.04281
G1 X-24.739 Y-13.13 E6.07678
G1 X-24.739 Y-19.284 E6.47725
G1 X-24.692 Y-19.478 E6.49024
;WIDTH:0.540746
G1 X-24.645 Y-19.672 E6.5021
;WIDTH:0.495373
G1 X-24.598 Y-19.866 E6.51283
;WIDTH:0.45
G1 X-24.431 Y-20.339 E6.53696
G1 X-24.431 Y-32.442 E7.11907
G1 X-24.596 Y-32.904 E7.14267
;WIDTH:0.496753
G1 X-24.642 Y-33.073 E7.15212
;WIDTH:0.543507
G1 X-24.689 Y-33.242 E7.1626
;WIDTH:0.590261
G1 X-24.735 Y-33.411 E7.17409
G1 X-24.739 Y-33.498 E7.1798
;WIDTH:0.58612
G1 X-24.739 Y-39.652 E7.58027
G1 X-25.261 Y-39.652 E7.61424
G1 X-25.261 Y-33.498 E8.01471
G1 X-25.284 Y-33.33 E8.02574
;WIDTH:0.540746
G1 X-25.306 Y-33.162 E8.03581
;WIDTH:0.495373
G1 X-25.329 Y-32.994 E8.04493
;WIDTH:0.45
G1 X-25.329 Y-19.789 E8.68004
;LAYER_CHANGE
;Z:4.85
;HEIGHT:0.3
G1 Z4.85 F7800
G1 E6.68004 F2400
G92 E0
G1 X-25.329 Y-19.789 F7800
G1 X-23.996 Y-40.395
G1 E2 F2400
;TYPE:Perimeter
G1 F3600
G1 X-23.996 Y-33.492 E2.33201
G1 X-23.929 Y-33.003 E2.35575
G1 X-23.8 Y-32.657 E2.37351
G1 X-23.564 Y-32.271 E2.39527
G1 X-23.308 Y-31.99 E2.41355
G1 X-23.308 Y-20.787 E2.95238
G1 X-23.646 Y-20.411 E2.9767
G1 X-23.892 Y-19.904 E3.0038
G1 X-23.994 Y-19.357 E3.03056
G1 X-23.996 Y-12.387 E3.36579
G1 X-26.004 Y-12.387 E3.46237
G1 X-26.004 Y-40.395 E4.80946
G1 X-24.056 Y-40.395 E4.90315
G1 X-24.056 Y-40.395 F7800
G1 X-23.611 Y-40.78
G1 F3600
G1 X-23.611 Y-33.492 E5.25368
G1 X-23.548 Y-33.066 E5.27439
G1 X-23.471 Y-32.858 E5.28506
G1 X-23.235 Y-32.472 E5.30682
G1 X-22.923 Y-32.178 E5.32744
G1 X-22.923 Y-20.602 E5.88421
G1 X-23.274 Y-20.275 E5.90728
G1 X-23.517 Y-19.816 E5.93226
G1 X-23.608 Y-19.357 E5.95477
G1 X-23.61 Y-12.002 E6.30852
G1 X-26.389 Y-12.002 E6.44218
G1 X-26.389 Y-40.78 E7.8263
G1 X-23.671 Y-40.78 E7.95703
G1 X-23.671 Y-40.78 F7800
G1 X-23.225 Y-41.166
;TYPE:External perimeter
G1 F1800
G1 X-23.225 Y-33.492 E8.32612
G1 X-23.142 Y-33.06 E8.34728
G1 X-22.867 Y-32.628 E8.37191
G1 X-22.56 Y-32.42 E8.38975
;TYPE:Overhang perimeter
;WIDTH:0.4
;HEIGHT:0.4
G1 F3600
G1 X-22.537 Y-32.405 E8.39118
G1 X-22.537 Y-32.233 E8.40017
G1 X-22.537 Y-20.377 E9.01959
G1 X-22.56 Y-20.366 E9.02092
;TYPE:External perimeter
;WIDTH:0.45
;HEIGHT:0.3
G1 F1800
G1 X-22.691 Y-20.299 E9.028
G1 X-22.947 Y-20.064 E9.04471
G1 X-23.12 Y-19.782 E9.06062
G1 X-23.223 Y-19.357 E9.08165
G1 X-23.225 Y-11.616 E9.45397
G1 X-26.775 Y-11.616 E9.62471
G1 X-26.775 Y-41.166 E11.04596
G1 X-23.285 Y-41.166 E11.21382
G1 X-23.226 Y-40.77 F7800
G1 X-24.478 Y-40.106
;TYPE:Solid infill
G1 F1200
G1 X-25.715 Y-40.106 E11.27332
G1 X-25.715 Y-12.676 E12.59261
G1 X-24.285 Y-12.676 E12.66139
G1 X-24.283 Y-19.352 E12.98248
G1 X-24.245 Y-19.661 E12.99745
G1 X-24.05 Y-20.283 E13.0288
G1 X-23.798 Y-20.698 E13.05215
G1 X-23.598 Y-20.908 E13.0661
G1 X-23.598 Y-31.866 E13.59314
G1 X-23.786 Y-32.083 E13.60695
G1 X-24.058 Y-32.531 E13.63216
G1 X-24.214 Y-32.958 E13.65402
G1 X-24.284 Y-33.472 E13.67897
G1 X-24.285 Y-40.106 E13.99804
G1 X-24.739 Y-39.652 E14.02892
;WIDTH:0.586121
G1 X-24.739 Y-33.498 E14.42939
;WIDTH:0.590268
G1 X-24.735 Y-33.411 E14.4351
G1 X-24.678 Y-33.2 E14.44944
;WIDTH:0.543512
G1 X-24.621 Y-32.99 E14.46244
;WIDTH:0.496756
G1 X-24.564 Y-32.78 E14.47417
;WIDTH:0.45
G1 X-24.37 Y-32.296 E14.49925
G1 X-23.983 Y-31.72 E14.53263
G1 X-23.983 Y-21.062 E15.04524
G1 X-24.152 Y-20.866 E15.05769
G1 X-24.418 Y-20.398 E15.08358
;WIDTH:0.488676
G1 X-24.492 Y-20.218 E15.09388
;WIDTH:0.527353
G1 X-24.566 Y-20.038 E15.10512
;WIDTH:0.566029
G1 X-24.639 Y-19.858 E15.11727
;WIDTH:0.604706
G1 X-24.713 Y-19.678 E15.13039
G1 X-24.738 Y-19.352 E15.15242
;WIDTH:0.587191
G1 X-24.739 Y-13.13 E15.55814
;WIDTH:0.586387
G1 X-25.261 Y-13.13 E15.59213
;WIDTH:0.587191
G1 X-25.26 Y-19.352 E15.99785
;WIDTH:0.590182
G1 X-25.272 Y-19.671 E16.01879
;WIDTH:0.562982
G1 X-25.286 Y-19.886 E16.03219
;WIDTH:0.535782
G1 X-25.307 Y-20.212 E16.0514
;WIDTH:0.492891
G1 X-25.329 Y-20.538 E16.06886
;WIDTH:0.45
G1 X-25.329 Y-32.994 E16.66795
;WIDTH:0.495373
G1 X-25.306 Y-33.162 E16.67707
;WIDTH:0.540746
G1 X-25.284 Y-33.33 E16.68714
;WIDTH:0.58612
G1 X-25.261 Y-33.498 E16.69817
G1 X-25.261 Y-39.652 E17.09864
G1 X-24.932 Y-39.652 E17.12005
G1 E15.12005 F2400
G92 E0
G1 X-24.896 Y-32.434 F7800
G1 E2 F2400
;WIDTH:0.544387
G1 F1200
G1 X-24.739 Y-32.069 E2.02379
G1 X-24.416 Y-31.561 E2.05983
G1 X-24.416 Y-21.233 E2.67816
G1 X-24.729 Y-20.752 E2.71252
G1 X-24.896 Y-20.321 E2.74019
G1 X-24.896 Y-32.242 E3.45389
;LAYER_CHANGE
;Z:5.15
;HEIGHT:0.3
G1 Z5.15 F7800
G1 E1.45389 F2400
G92 E0
G1 X-24.896 Y-32.242 F7800
G1 X21.47 Y-28.837
G1 E2 F2400
;TYPE:Overhang perimeter
;WIDTH:0.4
;HEIGHT:0.4
G1 F3600
G1 X21.803 Y-28.782 E2.01763
G1 X22.262 Y-28.594 E2.04354
G1 X22.676 Y-28.319 E2.06951
G1 X23.026 Y-27.968 E2.09541
G1 X23.301 Y-27.554 E2.12138
G1 X23.487 Y-27.094 E2.1473
G1 X23.579 Y-26.582 E2.17448
G1 X23.552 Y-26.002 E2.20481
G1 X23.405 Y-25.454 E2.23445
G1 X23.174 Y-25.015 E2.26037
G1 X22.631 Y-24.435 E2.30188
G1 X22.157 Y-24.135 E2.33119
G1 X21.388 Y-23.921 E2.37289
G1 X21.172 Y-23.897 E2.38424
G1 X-16.857 Y-23.897 E4.37106
G1 X-17.487 Y-24 E4.40441
G1 X-17.947 Y-24.188 E4.43037
G1 X-18.36 Y-24.463 E4.45629
G1 X-18.711 Y-24.814 E4.48222
G1 X-18.985 Y-25.228 E4.50816
G1 X-19.172 Y-25.688 E4.5341
G1 X-19.264 Y-26.2 E4.56128
G1 X-19.236 Y-26.78 E4.59162
G1 X-19.09 Y-27.328 E4.62125
G1 X-18.858 Y-27.768 E4.64724
G1 X-18.544 Y-28.152 E4.67316
G1 X-18.161 Y-28.467 E4.69907
G1 X-17.722 Y-28.7 E4.72504
G1 X-16.948 Y-28.873 E4.76648
G1 X-16.781 Y-28.887 E4.77524
G1 X21.172 Y-28.885 E6.75809
G1 X21.41 Y-28.846 E6.77069
G1 X21.41 Y-28.846 F7800
G1 X21.412 Y-28.461
G1 F3600
G1 X21.671 Y-28.42 E6.78439
G1 X22.061 Y-28.265 E6.80632
G1 X22.413 Y-28.037 E6.82823
G1 X22.713 Y-27.743 E6.85018
G1 X22.949 Y-27.395 E6.87215
G1 X23.111 Y-27.008 E6.89407
G1 X23.193 Y-26.553 E6.91822
G1 X23.166 Y-26.021 E6.94605
G1 X23.04 Y-25.577 E6.97016
G1 X22.743 Y-25.083 E7.00027
G1 X22.362 Y-24.711 E7.02809
G1 X21.972 Y-24.473 E7.05196
G1 X21.302 Y-24.297 E7.08815
G1 X21.172 Y-24.282 E7.09499
G1 X-16.857 Y-24.282 E9.08181
G1 X-17.355 Y-24.363 E9.10817
G1 X-17.746 Y-24.517 E9.13013
G1 X-18.098 Y-24.746 E9.15207
G1 X-18.398 Y-25.039 E9.17398
G1 X-18.634 Y-25.387 E9.19595
G1 X-18.796 Y-25.774 E9.21787
G1 X-18.877 Y-26.229 E9.24202
G1 X-18.851 Y-26.761 E9.26985
G1 X-18.721 Y-27.214 E9.29447
G1 X-18.457 Y-27.668 E9.32191
G1 X-18.171 Y-27.975 E9.34383
G1 X-17.829 Y-28.22 E9.36581
G1 X-17.404 Y-28.401 E9.38994
G1 X-16.781 Y-28.502 E9.42291
G1 X21.172 Y-28.5 E11.40576
G1 X21.353 Y-28.471 E11.41534
G1 X21.353 Y-28.471 F7800
G1 X21.355 Y-28.086
G1 F3600
G1 X21.539 Y-28.057 E11.42507
G1 X21.86 Y-27.936 E11.44299
G1 X22.151 Y-27.754 E11.46092
G1 X22.4 Y-27.518 E11.47884
G1 X22.598 Y-27.237 E11.4968
G1 X22.735 Y-26.922 E11.51475
G1 X22.808 Y-26.572 E11.53343
G1 X22.781 Y-26.04 E11.56126
G1 X22.658 Y-25.664 E11.58193
G1 X22.474 Y-25.359 E11.60054
G1 X22.093 Y-24.987 E11.62836
G1 X21.738 Y-24.793 E11.6495
G1 X21.172 Y-24.668 E11.67978
G1 X-16.857 Y-24.668 E13.6666
G1 X-17.223 Y-24.725 E13.68595
G1 X-17.545 Y-24.846 E13.70392
G1 X-17.836 Y-25.028 E13.72185
G1 X-18.085 Y-25.265 E13.73981
G1 X-18.282 Y-25.546 E13.75774
G1 X-18.42 Y-25.86 E13.77566
G1 X-18.492 Y-26.21 E13.79433
G1 X-18.466 Y-26.742 E13.82216
G1 X-18.343 Y-27.118 E13.84283
G1 X-18.168 Y-27.413 E13.86075
G1 X-17.938 Y-27.668 E13.87869
G1 X-17.662 Y-27.872 E13.89662
G1 X-17.337 Y-28.021 E13.9153
G1 X-16.781 Y-28.116 E13.94477
G1 X21.172 Y-28.114 E15.92762
G1 X21.296 Y-28.095 E15.93417
G1 X21.684 Y-27.996 F7800
G1 E13.93417 F2400
G92 E0
G1 X-23.996 Y-40.395 F7800
G1 E2 F2400
;TYPE:Perimeter
;WIDTH:0.45
;HEIGHT:0.3
G1 F3600
G1 X-23.996 Y-33.491 E2.33206
G1 X-23.899 Y-32.91 E2.36039
G1 X-23.76 Y-32.569 E2.3781
G1 X-23.547 Y-32.245 E2.39675
G1 X-23.295 Y-31.985 E2.41416
G1 X-22.977 Y-31.762 E2.43284
G1 X-22.635 Y-31.61 E2.45084
G1 X-22.113 Y-31.514 E2.47637
;TYPE:Overhang perimeter
;WIDTH:0.4
;HEIGHT:0.4
G1 X-22.022 Y-31.497 E2.48121
G1 X25.665 Y-31.496 E4.97261
G1 X25.665 Y-21.286 E5.50603
G1 X-21.532 Y-21.286 E7.97183
G1 X-22.112 Y-21.27 E8.00214
;TYPE:Perimeter
;WIDTH:0.45
;HEIGHT:0.3
G1 X-22.271 Y-21.265 E8.00979
G1 X-22.809 Y-21.108 E8.03675
G1 X-23.092 Y-20.951 E8.05232
G1 X-23.38 Y-20.721 E8.07005
G1 X-23.598 Y-20.475 E8.08586
G1 X-23.773 Y-20.192 E8.10186
G1 X-23.893 Y-19.903 E8.11691
G1 X-23.994 Y-19.357 E8.14362
G1 X-23.996 Y-12.387 E8.47885
G1 X-26.004 Y-12.387 E8.57543
G1 X-26.004 Y-40.395 E9.92252
G1 X-24.056 Y-40.395 E10.01621
G1 X-24.056 Y-40.395 F7800
G1 X-23.611 Y-40.78
G1 F3600
G1 X-23.611 Y-33.491 E10.36679
G1 X-23.521 Y-32.985 E10.39151
G1 X-23.437 Y-32.78 E10.40217
G1 X-23.225 Y-32.457 E10.42075
G1 X-23.074 Y-32.301 E10.43119
G1 X-22.755 Y-32.078 E10.44991
G1 X-22.55 Y-31.987 E10.4607
G1 X-22.113 Y-31.9 E10.48213
;TYPE:Overhang perimeter
;WIDTH:0.4
;HEIGHT:0.4
G1 X-22.022 Y-31.882 E10.48698
G1 X26.051 Y-31.87 E12.99855
G1 X26.051 Y-20.919 E13.57068
G1 X25.946 Y-20.9 E13.57625
G1 X-21.837 Y-20.9 E16.07267
G1 X-22.112 Y-20.875 E16.0871
;TYPE:Perimeter
;WIDTH:0.45
;HEIGHT:0.3
G1 X-22.376 Y-20.851 E16.09985
G1 X-22.851 Y-20.65 E16.12466
G1 X-23.27 Y-20.272 E16.1518
G1 X-23.517 Y-19.816 E16.17674
G1 X-23.608 Y-19.357 E16.19925
G1 X-23.61 Y-12.002 E16.553
G1 X-26.389 Y-12.002 E16.68666
G1 X-26.389 Y-40.78 E18.07078
G1 X-23.671 Y-40.78 E18.20151
G1 X-23.671 Y-40.78 F7800
G1 X-23.225 Y-41.166
;TYPE:External perimeter
G1 F1800
G1 X-23.225 Y-33.491 E18.57065
G1 X-23.143 Y-33.06 E18.59175
G1 X-22.903 Y-32.669 E18.61382
G1 X-22.534 Y-32.393 E18.63598
G1 X-22.113 Y-32.29 E18.65683
;TYPE:Overhang perimeter
;WIDTH:0.4
;HEIGHT:0.4
G1 F3600
G1 X-22.025 Y-32.268 E18.66157
G1 X25.954 Y-32.268 E21.16823
G1 X26.127 Y-32.249 E21.17732
G1 X26.436 Y-32.11 E21.19502
G1 X26.436 Y-31.896 E21.2062
G1 X26.436 Y-20.665 E21.79296
G1 X26.312 Y-20.591 E21.8005
G1 X25.981 Y-20.514 E21.81825
G1 X-22.112 Y-20.503 E24.33086
;TYPE:External perimeter
;WIDTH:0.45
;HEIGHT:0.3
G1 F1800
G1 X-22.554 Y-20.38 E24.35293
G1 X-22.899 Y-20.118 E24.37377
G1 X-23.118 Y-19.786 E24.3929
G1 X-23.223 Y-19.357 E24.41414
G1 X-23.225 Y-11.616 E24.78646
G1 X-26.775 Y-11.616 E24.9572
G1 X-26.775 Y-41.166 E26.37845
G1 X-23.285 Y-41.166 E26.54631
G1 X-23.226 Y-40.77 F7800
G1 X-24.109 Y-39.496
;TYPE:Top solid infill
;WIDTH:0.417346
G1 F900
G1 X-24.674 Y-40.06 E26.58146
G1 X-25.173 Y-40.06 E26.60343
G1 X-24.26 Y-39.148 E26.66024
G1 X-24.26 Y-38.649 E26.68221
G1 X-25.672 Y-40.06 E26.77009
G1 X-25.74 Y-40.06 E26.77308
G1 X-25.74 Y-39.629 E26.79205
G1 X-24.26 Y-38.15 E26.88416
G1 X-24.26 Y-37.651 E26.90613
G1 X-25.74 Y-39.13 E26.99824
G1 X-25.74 Y-38.631 E27.02021
G1 X-24.26 Y-37.151 E27.11235
G1 X-24.26 Y-36.652 E27.13432
G1 X-25.74 Y-38.131 E27.22643
G1 X-25.74 Y-37.632 E27.2484
G1 X-24.26 Y-36.153 E27.34051
G1 X-24.26 Y-35.722 E27.35948
G1 X-24.328 Y-35.722 E27.36247
G1 X-25.74 Y-37.133 E27.45035
G1 X-25.74 Y-36.634 E27.47232
G1 X-24.827 Y-35.722 E27.52913
G1 X-25.326 Y-35.722 E27.5511
G1 X-25.891 Y-36.286 E27.58625
G1 E25.58625 F2400
G92 E0
G1 X-25.891 Y-36.286 F7800
G1 X-25.715 Y-32.552
G1 E2 F2400
;TYPE:Solid infill
;WIDTH:0.45
G1 F1200
G1 X-25.715 Y-17.421 E2.72775
G1 X-24.284 Y-17.421 E2.79658
G1 X-24.283 Y-19.352 E2.88945
G1 X-24.178 Y-19.952 E2.91875
G1 X-24.023 Y-20.298 E2.93698
G1 X-24.178 Y-20.494 E2.949
G1 X-24.353 Y-20.829 E2.96718
G1 X-24.457 Y-21.302 E2.99047
G1 X-24.459 Y-31.45 E3.47855
G1 X-24.439 Y-31.642 E3.48783
G1 X-24.289 Y-32.144 E3.51303
G1 X-24.017 Y-32.487 E3.53408
G1 X-24.186 Y-32.869 E3.55417
G1 X-24.283 Y-33.464 E3.58317
G1 X-24.285 Y-35.361 E3.67441
G1 X-25.715 Y-35.361 E3.74319
G1 X-25.715 Y-32.745 E3.86901
G1 E1.86901 F2400
G92 E0
G1 X-25.715 Y-32.745 F7800
G1 X-25.304 Y-21.302
G1 E2 F2400
;WIDTH:0.500277
G1 F1200
G1 X-25.304 Y-31.45 E2.55172
;WIDTH:0.499206
G1 X-25.312 Y-31.829 E2.57228
;WIDTH:0.483107
G1 X-25.329 Y-32.745 E2.62013
;WIDTH:0.495373
G1 X-25.306 Y-32.995 E2.63363
;WIDTH:0.540746
G1 X-25.284 Y-33.245 E2.64854
;WIDTH:0.58612
G1 X-25.261 Y-33.495 E2.66488
G1 X-25.261 Y-34.907 E2.75676
G1 X-24.739 Y-34.907 E2.79073
G1 X-24.739 Y-33.495 E2.88261
G1 X-24.695 Y-33.35 E2.89247
;WIDTH:0.540746
G1 X-24.652 Y-33.206 E2.9014
;WIDTH:0.495373
G1 X-24.608 Y-33.061 E2.90955
;WIDTH:0.45
G1 X-24.567 Y-32.807 E2.92192
G1 X-24.471 Y-32.55 E2.93512
G1 X-24.658 Y-32.255 E2.95192
;WIDTH:0.483107
G1 X-24.824 Y-31.758 E2.97929
;WIDTH:0.499206
G1 X-24.869 Y-31.45 E2.99617
;WIDTH:0.500277
G1 X-24.868 Y-21.302 E3.54789
G1 X-24.798 Y-21.022 E3.56358
;WIDTH:0.475138
G1 X-24.729 Y-20.743 E3.5783
;WIDTH:0.45
G1 X-24.477 Y-20.237 E3.60549
G1 X-24.558 Y-20.02 E3.61663
;WIDTH:0.49573
G1 X-24.618 Y-19.797 E3.62905
;WIDTH:0.54146
G1 X-24.678 Y-19.575 E3.64273
;WIDTH:0.587189
G1 X-24.738 Y-19.352 E3.65779
G1 X-24.738 Y-17.875 E3.7541
;WIDTH:0.587027
G1 X-25.26 Y-17.875 E3.78813
;WIDTH:0.587189
G1 X-25.26 Y-19.352 E3.88444
;WIDTH:0.59448
G1 X-25.257 Y-19.515 E3.89522
G1 X-25.281 Y-19.706 E3.90795
;WIDTH:0.54632
G1 X-25.305 Y-19.898 E3.91958
;WIDTH:0.49816
G1 X-25.329 Y-20.089 E3.92999
;WIDTH:0.45
G1 X-25.329 Y-20.674 E3.95813
;WIDTH:0.484847
G1 X-25.312 Y-21.11 E3.98101
G1 X-25.312 Y-21.11 F7800
G1 X-24.939 Y-20.265
;WIDTH:0.486801
G1 F1200
G1 X-24.976 Y-20.228 E3.98377
G1 X-24.962 Y-20.177 E3.98656
G1 X-24.911 Y-20.163 E3.98935
G1 X-24.874 Y-20.2 E3.99211
G1 X-24.888 Y-20.251 E3.9949
G1 E1.9949 F2400
G92 E0
G1 X-24.888 Y-20.251 F7800
G1 X-24.93 Y-32.612
G1 E2 F2400
;WIDTH:0.476927
G1 F1200
G1 X-24.948 Y-32.807 E2.01008
;WIDTH:0.440699
G1 X-24.966 Y-33.003 E2.01932
G1 X-24.966 Y-33.003 F7800
G1 X-24.209 Y-31.709
;TYPE:Bridge infill
;WIDTH:0.412708
;HEIGHT:0.4
G1 F3600
G1 X-23.461 Y-31.709 E2.06092
G1 X-23.156 Y-31.495 E2.08164
G1 X-22.93 Y-31.369 E2.09603
G1 X-22.481 Y-31.247 E2.12191
G1 X-24.041 Y-31.247 E2.20867
G1 X-24.041 Y-30.784 E2.23442
G1 X25.344 Y-30.783 E4.98108
G1 X25.344 Y-30.321 E5.00678
G1 X-24.041 Y-30.321 E7.75344
G1 X-24.041 Y-29.858 E7.77919
G1 X25.344 Y-29.858 E10.52585
G1 X25.344 Y-29.395 E10.5516
G1 X-24.041 Y-29.396 E13.29826
G1 X-24.041 Y-28.933 E13.32401
G1 X-17.978 Y-28.933 E13.66122
G1 X-17.853 Y-28.993 E13.66893
G1 X-17.536 Y-29.095 E13.68745
G1 X-16.997 Y-29.19 E13.71789
G1 X-16.786 Y-29.209 E13.72967
G1 X21.177 Y-29.207 E15.84107
G1 X21.671 Y-29.146 E15.86875
G1 X21.906 Y-29.086 E15.88224
G1 X22.298 Y-28.933 E15.90564
G1 X25.546 Y-28.933 E16.08628
G1 E14.08628 F2400
G92 E0
G1 X25.546 Y-28.933 F7800
G1 X22.666 Y-28.47
G1 E2 F2400
G1 F3600
G1 X25.344 Y-28.47 E2.14894
G1 X25.344 Y-28.007 E2.17469
G1 X23.394 Y-28.007 E2.28314
G1 X23.591 Y-27.692 E2.3038
G1 X23.657 Y-27.545 E2.31276
G1 X25.344 Y-27.545 E2.40659
G1 X25.344 Y-27.082 E2.43234
G1 X23.82 Y-27.082 E2.5171
G1 X23.87 Y-26.861 E2.5297
G1 X23.897 Y-26.619 E2.54324
G1 X25.344 Y-26.619 E2.62372
G1 X25.344 Y-26.156 E2.64947
G1 X23.881 Y-26.156 E2.73084
G1 X23.872 Y-25.978 E2.74075
G1 X23.818 Y-25.694 E2.75683
G1 X25.344 Y-25.694 E2.8417
G1 X25.344 Y-25.231 E2.86745
G1 X23.656 Y-25.231 E2.96133
G1 X23.448 Y-24.847 E2.98562
G1 X23.387 Y-24.768 E2.99117
G1 X25.344 Y-24.768 E3.10001
G1 X25.344 Y-24.306 E3.12571
G1 X22.657 Y-24.306 E3.27515
G1 E1.27515 F2400
G92 E0
G1 X22.657 Y-24.306 F7800
G1 X-18.353 Y-28.47
G1 E2 F2400
G1 F3600
G1 X-24.041 Y-28.47 E2.31635
G1 X-24.041 Y-28.008 E2.34205
G1 X-19.081 Y-28.008 E2.61791
G1 X-19.339 Y-27.545 E2.64739
G1 X-24.041 Y-27.545 E2.9089
G1 X-24.041 Y-27.082 E2.93465
G1 X-19.508 Y-27.082 E3.18676
G1 X-19.557 Y-26.804 E3.20246
G1 X-19.566 Y-26.619 E3.21276
G1 X-24.041 Y-26.619 E3.46165
G1 X-24.041 Y-26.157 E3.48735
G1 X-19.575 Y-26.157 E3.73574
G1 X-19.555 Y-25.922 E3.74886
G1 X-19.502 Y-25.694 E3.76188
G1 X-24.041 Y-25.694 E4.01433
G1 X-24.041 Y-25.231 E4.04008
G1 X-19.339 Y-25.231 E4.30159
G1 X-19.276 Y-25.09 E4.31018
G1 X-19.074 Y-24.769 E4.33127
G1 X-24.041 Y-24.769 E4.60752
G1 X-24.041 Y-24.306 E4.63327
G1 X-18.348 Y-24.306 E4.9499
G1 E2.9499 F2400
G92 E0
G1 X-18.348 Y-24.306 F7800
G1 X-24.244 Y-23.843
G1 E2 F2400
G1 F3600
G1 X-17.97 Y-23.843 E2.34894
G1 X-17.591 Y-23.696 E2.37155
G1 X-17.355 Y-23.636 E2.38509
G1 X-16.861 Y-23.575 E2.41277
G1 X21.178 Y-23.575 E4.5284
G1 X21.392 Y-23.594 E4.54035
G1 X21.992 Y-23.73 E4.57457
G1 X22.288 Y-23.843 E4.59219
G1 X25.344 Y-23.843 E4.76216
G1 X25.344 Y-23.38 E4.78791
G1 X-24.041 Y-23.38 E7.53457
G1 X-24.041 Y-22.918 E7.56027
G1 X25.344 Y-22.917 E10.30693
G1 X25.344 Y-22.455 E10.33263
G1 X-24.041 Y-22.455 E13.07929
G1 X-24.041 Y-21.992 E13.10504
G1 X25.344 Y-21.992 E15.8517
G1 X25.344 Y-21.607 E15.87311
G1 X-22.006 Y-21.607 E18.50659
G1 X-22.306 Y-21.585 E18.52332
G1 X-22.562 Y-21.53 E18.53788
G1 X-24.041 Y-21.53 E18.62014
G1 X-24.04 Y-21.32 E18.63182
G1 X-23.994 Y-21.067 E18.64612
G1 X-23.123 Y-21.067 E18.69456
G1 E16.69456 F2400
G92 E0
G1 X-23.123 Y-21.067 F7800
G1 X-24.108 Y-16.496
G1 E2 F2400
;TYPE:Top solid infill
;WIDTH:0.417407
;HEIGHT:0.3
G1 F900
G1 X-24.673 Y-17.06 E2.03515
G1 X-25.172 Y-17.06 E2.05712
G1 X-24.259 Y-16.148 E2.11394
G1 X-24.259 Y-15.649 E2.13591
G1 X-25.671 Y-17.06 E2.2238
G1 X-25.74 Y-17.06 E2.22684
G1 X-25.74 Y-16.63 E2.24577
G1 X-24.259 Y-15.149 E2.33799
G1 X-24.26 Y-14.65 E2.35996
G1 X-25.74 Y-16.13 E2.45212
G1 X-25.74 Y-15.631 E2.47409
G1 X-24.26 Y-14.151 E2.56625
G1 X-24.26 Y-13.652 E2.58822
G1 X-25.74 Y-15.132 E2.68038
G1 X-25.74 Y-14.633 E2.70235
G1 X-24.26 Y-13.153 E2.79451
G1 X-24.26 Y-12.722 E2.81349
G1 X-24.328 Y-12.722 E2.81648
G1 X-25.74 Y-14.133 E2.90437
G1 X-25.74 Y-13.634 E2.92634
G1 X-24.827 Y-12.722 E2.98316
G1 X-25.326 Y-12.722 E3.00513
G1 X-25.891 Y-13.286 E3.04028
;LAYER_CHANGE
;Z:5.45
;HEIGHT:0.3
G1 Z5.45 F7800
G1 X-23.996 Y-13.512
;TYPE:Perimeter
;WIDTH:0.45
G1 F900
G1 X-23.996 Y-12.95 E3.06731
G1 X-23.996 Y-12.387 E3.09439
G1 X-26.004 Y-12.387 E3.19097
G1 X-26.004 Y-13.512 E3.24508
G1 X-24.056 Y-13.512 E3.33877
G1 X-24.056 Y-13.512 F7800
G1 X-23.611 Y-13.897
G1 F900
G1 X-23.611 Y-12.95 E3.38432
G1 X-23.611 Y-12.002 E3.42992
G1 X-26.389 Y-12.002 E3.56353
G1 X-26.389 Y-13.897 E3.65467
G1 X-23.671 Y-13.897 E3.7854
G1 X-23.671 Y-13.897 F7800
G1 X-23.225 Y-14.283
;TYPE:External perimeter
G1 F900
G1 X-23.225 Y-12.95 E3.84951
G1 X-23.225 Y-11.616 E3.91367
G1 X-26.775 Y-11.616 E4.08441
G1 X-26.775 Y-14.283 E4.21268
G1 X-23.285 Y-14.283 E4.38054
G1 X-23.226 Y-13.887 F7800
G1 X-24.326 Y-13.182
;TYPE:Solid infill
;WIDTH:0.530255
G1 F1200
G1 X-24.326 Y-12.717 E4.40756
G1 X-25.674 Y-12.717 E4.48589
G1 X-25.674 Y-13.182 E4.51291
G1 X-24.518 Y-13.182 E4.58008
G1 E2.58008 F2400
G92 E0
G1 X-24.518 Y-13.182 F7800
G1 X21.465 Y-28.848
G1 E2 F2400
;TYPE:Perimeter
;WIDTH:0.45
G1 F3600
G1 X21.616 Y-28.829 E2.00732
G1 X22.354 Y-28.536 E2.04551
G1 X22.811 Y-28.199 E2.07282
G1 X23.136 Y-27.823 E2.09672
G1 X23.379 Y-27.391 E2.12056
G1 X23.532 Y-26.918 E2.14447
G1 X23.591 Y-26.353 E2.17179
G1 X23.503 Y-25.743 E2.20143
G1 X23.288 Y-25.218 E2.22872
G1 X22.988 Y-24.778 E2.25433
G1 X22.578 Y-24.386 E2.28161
G1 X22.151 Y-24.133 E2.30548
G1 X21.387 Y-23.921 E2.34361
G1 X21.172 Y-23.897 E2.35401
G1 X-16.857 Y-23.897 E4.18307
G1 X-17.487 Y-24 E4.21377
G1 X-17.947 Y-24.188 E4.23767
G1 X-18.36 Y-24.463 E4.26153
G1 X-18.711 Y-24.814 E4.2854
G1 X-18.985 Y-25.228 E4.30928
G1 X-19.172 Y-25.688 E4.33316
G1 X-19.264 Y-26.2 E4.35818
G1 X-19.236 Y-26.78 E4.38611
G1 X-19.187 Y-27.039 E4.39879
G1 X-19.011 Y-27.503 E4.42266
G1 X-18.697 Y-27.975 E4.44993
G1 X-18.316 Y-28.347 E4.47554
G1 X-17.836 Y-28.65 E4.50284
G1 X-17.25 Y-28.843 E4.53251
G1 X-16.781 Y-28.887 E4.55517
G1 X21.172 Y-28.885 E6.38058
G1 X21.406 Y-28.856 E6.39192
G1 X21.406 Y-28.856 F7800
G1 X21.406 Y-28.458
G1 F3600
G1 X21.71 Y-28.403 E6.40678
G1 X22.196 Y-28.184 E6.43242
G1 X22.644 Y-27.822 E6.46012
G1 X22.897 Y-27.486 E6.48035
G1 X23.078 Y-27.108 E6.50051
G1 X23.181 Y-26.7 E6.52075
G1 X23.201 Y-26.281 E6.54093
G1 X23.137 Y-25.866 E6.56113
G1 X22.97 Y-25.435 E6.58336
G1 X22.67 Y-24.995 E6.60897
G1 X22.33 Y-24.682 E6.6312
G1 X21.819 Y-24.415 E6.65893
G1 X21.172 Y-24.282 E6.6907
G1 X-16.857 Y-24.282 E8.51976
G1 X-17.355 Y-24.363 E8.54403
G1 X-17.746 Y-24.517 E8.56424
G1 X-18.098 Y-24.746 E8.58444
G1 X-18.398 Y-25.039 E8.60461
G1 X-18.634 Y-25.387 E8.62483
G1 X-18.796 Y-25.774 E8.64501
G1 X-18.877 Y-26.229 E8.66724
G1 X-18.851 Y-26.761 E8.69286
G1 X-18.822 Y-26.916 E8.70044
G1 X-18.677 Y-27.31 E8.72063
G1 X-18.428 Y-27.699 E8.74284
G1 X-18.046 Y-28.071 E8.76849
G1 X-17.545 Y-28.356 E8.79621
G1 X-17.141 Y-28.469 E8.81639
G1 X-16.781 Y-28.502 E8.83378
G1 X21.172 Y-28.5 E10.65919
G1 X21.347 Y-28.468 E10.66775
G1 X21.347 Y-28.468 F7800
G1 X21.35 Y-28.085
;TYPE:External perimeter
G1 F1800
G1 X21.552 Y-28.052 E10.67759
G1 X22.037 Y-27.833 E10.70318
G1 X22.342 Y-27.581 E10.72221
G1 X22.554 Y-27.31 E10.73876
G1 X22.707 Y-27.003 E10.75526
G1 X22.796 Y-26.672 E10.77175
G1 X22.818 Y-26.329 E10.78828
G1 X22.771 Y-25.989 E10.80479
G1 X22.651 Y-25.653 E10.82195
G1 X22.351 Y-25.213 E10.84756
G1 X22.05 Y-24.956 E10.8666
G1 X21.733 Y-24.791 E10.88379
G1 X21.172 Y-24.668 E10.91141
G1 X-16.857 Y-24.668 E12.74047
G1 X-17.223 Y-24.725 E12.75829
G1 X-17.545 Y-24.846 E12.77483
G1 X-17.836 Y-25.028 E12.79134
G1 X-18.085 Y-25.265 E12.80787
G1 X-18.282 Y-25.546 E12.82438
G1 X-18.42 Y-25.86 E12.84088
G1 X-18.492 Y-26.21 E12.85807
G1 X-18.456 Y-26.793 E12.88616
G1 X-18.343 Y-27.118 E12.90271
G1 X-18.158 Y-27.423 E12.91987
G1 X-17.777 Y-27.795 E12.94548
G1 X-17.431 Y-27.987 E12.96451
G1 X-17.102 Y-28.085 E12.98102
G1 X-16.781 Y-28.116 E12.99653
G1 X21.172 Y-28.114 E14.82194
G1 X21.291 Y-28.095 E14.82774
G1 X21.676 Y-27.987 F7800
G1 E12.82774 F2400
G92 E0
G1 X-23.996 Y-16.27 F7800
G1 E2 F2400
;TYPE:Perimeter
G1 F3600
G1 X-26.004 Y-16.27 E2.09658
G1 X-26.004 Y-36.512 E3.07015
G1 X-23.996 Y-36.512 E3.16673
G1 X-23.996 Y-33.491 E3.31203
G1 X-23.899 Y-32.909 E3.34041
G1 X-23.76 Y-32.569 E3.35808
G1 X-23.547 Y-32.245 E3.37673
G1 X-23.295 Y-31.985 E3.39414
G1 X-22.977 Y-31.762 E3.41282
G1 X-22.635 Y-31.61 E3.43082
G1 X-22.022 Y-31.497 E3.4608
G1 X25.896 Y-31.496 E5.76549
G1 X25.896 Y-21.286 E6.25656
G1 X-22.159 Y-21.279 E8.56784
G1 X-22.675 Y-21.162 E8.59329
G1 X-22.957 Y-21.034 E8.60819
G1 X-23.242 Y-20.844 E8.62466
G1 X-23.468 Y-20.633 E8.63953
G1 X-23.665 Y-20.381 E8.65491
G1 X-23.918 Y-19.823 E8.68438
G1 X-23.996 Y-19.291 E8.71024
G1 X-23.996 Y-16.33 E8.85265
G1 X-23.996 Y-16.33 F7800
G1 X-23.611 Y-15.885
G1 F3600
G1 X-26.389 Y-15.885 E8.98626
G1 X-26.389 Y-36.897 E9.99686
G1 X-23.611 Y-36.897 E10.13047
G1 X-23.611 Y-33.491 E10.29429
G1 X-23.521 Y-32.985 E10.31901
G1 X-23.437 Y-32.78 E10.32967
G1 X-23.225 Y-32.457 E10.34825
G1 X-23.074 Y-32.301 E10.35869
G1 X-22.755 Y-32.078 E10.37741
G1 X-22.55 Y-31.987 E10.3882
G1 X-22.022 Y-31.882 E10.41409
G1 X25.96 Y-31.882 E12.72186
G1 X26.24 Y-31.783 E12.73614
G1 X26.282 Y-31.688 E12.74114
G1 X26.282 Y-21.037 E13.25342
G1 X26.22 Y-20.977 E13.25757
G1 X25.955 Y-20.9 E13.27084
G1 X-22.113 Y-20.894 E15.58274
G1 X-22.574 Y-20.79 E15.60547
G1 X-23.028 Y-20.523 E15.6308
G1 X-23.36 Y-20.144 E15.65503
G1 X-23.556 Y-19.69 E15.67881
G1 X-23.611 Y-19.291 E15.69818
G1 X-23.611 Y-15.945 E15.85911
G1 X-23.611 Y-15.945 F7800
G1 X-23.225 Y-15.499
;TYPE:External perimeter
G1 F1800
G1 X-26.775 Y-15.499 E16.02985
G1 X-26.775 Y-37.283 E17.07758
G1 X-23.225 Y-37.283 E17.24832
G1 X-23.225 Y-33.491 E17.4307
G1 X-23.143 Y-33.06 E17.4518
G1 X-22.903 Y-32.669 E17.47387
G1 X-22.534 Y-32.393 E17.49603
G1 X-22.025 Y-32.268 E17.52124
G1 X25.937 Y-32.268 E19.82805
G1 X26.192 Y-32.24 E19.84039
G1 X26.489 Y-32.088 E19.85644
G1 X26.668 Y-31.865 E19.87019
G1 X26.668 Y-31.688 E19.8787
G1 X26.668 Y-20.91 E20.39708
G1 X26.563 Y-20.76 E20.40589
G1 X26.342 Y-20.603 E20.41893
G1 X25.983 Y-20.514 E20.43672
G1 X-22.113 Y-20.508 E22.74997
G1 X-22.473 Y-20.418 E22.76782
G1 X-22.814 Y-20.202 E22.78723
G1 X-23.056 Y-19.907 E22.80558
G1 X-23.194 Y-19.558 E22.82363
G1 X-23.225 Y-19.291 E22.83656
G1 X-23.225 Y-15.559 E23.01606
G1 X-23.621 Y-15.5 F7800
G1 E21.01606 F2400
G92 E0
G1 X-25.715 Y-18.676 F7800
G1 E2 F2400
;TYPE:Internal infill
;WIDTH:0.45
G1 F4800
G1 X-25.715 Y-16.559 E2.10182
G1 X-25.518 Y-16.559 E2.1113
G1 X-24.285 Y-16.89 E2.1727
G1 X-24.283 Y-17.953 E2.22383
G1 X-25.715 Y-19.385 E2.32123
G1 X-25.715 Y-19.818 E2.34206
G1 X-23.679 Y-27.416 E2.72039
G1 X-23.679 Y-29.029 E2.79797
G1 X-25.715 Y-28.483 E2.89935
G1 X-25.715 Y-27.565 E2.9435
G1 X-23.679 Y-25.529 E3.08199
G1 X-23.679 Y-23.041 E3.20165
G1 X-25.715 Y-22.495 E3.30303
G1 X-25.715 Y-24.809 E3.41433
G1 E1.41433 F2400
G92 E0
G1 X-25.715 Y-24.809 F7800
G1 X-24.285 Y-35.815
G1 E2 F2400
G1 F4800
G1 X-24.285 Y-36.223 E2.01962
G1 X-25.715 Y-36.223 E2.0884
G1 X-25.715 Y-35.745 E2.11139
G1 X-24.285 Y-34.316 E2.20862
G1 X-24.285 Y-34.855 E2.23454
G1 X-25.715 Y-34.472 E2.30574
G1 X-25.715 Y-32.158 E2.41704
G1 E.41704 F2400
G92 E0
G1 X-25.715 Y-32.158 F7800
G1 X-23.197 Y-31.579
G1 E2 F2400
;TYPE:Solid infill
;WIDTH:0.529735
G1 F1200
G1 X-23.238 Y-31.62 E2.00337
G1 X-23.294 Y-31.605 E2.00673
G1 X-23.309 Y-31.549 E2.01009
G1 X-23.268 Y-31.508 E2.01346
G1 X-23.212 Y-31.523 E2.01682
;WIDTH:0.45
G1 X-22.841 Y-31.374 E2.03605
G1 X-23.417 Y-30.785 E2.07567
;WIDTH:0.404381
G1 X-23.488 Y-30.805 E2.0788
G1 X-23.469 Y-30.733 E2.08196
G1 X-23.428 Y-30.744 E2.08376
;WIDTH:0.45
G1 X-23.293 Y-30.377 E2.10257
G1 X-22.407 Y-31.263 E2.16283
G1 X-21.917 Y-31.208 E2.18655
G1 X-23.293 Y-29.832 E2.28014
G1 X-23.293 Y-29.286 E2.3064
G1 X-21.372 Y-31.208 E2.4371
G1 X-20.827 Y-31.208 E2.46331
G1 X-23.293 Y-28.741 E2.63108
G1 X-23.293 Y-28.196 E2.65729
G1 X-20.281 Y-31.208 E2.86216
G1 X-19.736 Y-31.208 E2.88837
G1 X-23.293 Y-27.65 E3.13035
G1 X-23.293 Y-27.105 E3.15656
G1 X-19.191 Y-31.208 E3.43561
G1 X-18.645 Y-31.208 E3.46187
G1 X-23.293 Y-26.56 E3.77802
G1 X-23.293 Y-26.014 E3.80428
G1 X-18.1 Y-31.208 E4.15754
G1 X-17.555 Y-31.208 E4.18375
G1 X-23.293 Y-25.469 E4.57408
G1 X-23.293 Y-24.924 E4.60029
G1 X-17.009 Y-31.208 E5.02772
G1 X-16.464 Y-31.208 E5.05393
G1 X-23.293 Y-24.378 E5.51846
G1 X-23.293 Y-24.378 F7800
G1 X-23.365 Y-23.571
;WIDTH:0.404381
G1 F1200
G1 X-23.436 Y-23.59 E5.52158
G1 X-23.417 Y-23.519 E5.5247
G1 X-23.376 Y-23.53 E5.5265
;WIDTH:0.45
G1 X-23.293 Y-23.833 E5.54161
G1 X-15.919 Y-31.208 E6.04321
G1 X-15.373 Y-31.208 E6.06947
G1 X-17.514 Y-29.066 E6.21513
G1 X-17.559 Y-28.893 E6.22373
;WIDTH:0.404381
G1 X-17.706 Y-28.874 E6.23002
G1 X-17.787 Y-28.894 E6.23356
G1 X-17.787 Y-28.894 F7800
G1 X-16.867 Y-29.169
;WIDTH:0.45
G1 F1200
G1 X-14.828 Y-31.208 E6.37225
G1 X25.607 Y-31.207 E8.31703
G1 X25.607 Y-27.333 E8.50336
G1 X25.471 Y-27.333 E8.5099
G1 X23.759 Y-25.621 E8.62635
G1 X23.825 Y-25.849 E8.63777
G1 X23.879 Y-26.373 E8.66311
G1 X23.807 Y-27.009 E8.69389
G1 X23.63 Y-27.534 E8.72054
G1 X23.354 Y-28.014 E8.74717
G1 X22.987 Y-28.429 E8.77382
G1 X22.467 Y-28.802 E8.8046
G1 X21.994 Y-29.016 E8.82957
G1 X21.68 Y-29.11 E8.84533
G1 X21.166 Y-29.175 E8.87025
G1 X-16.314 Y-29.176 E10.67291
G1 X-14.459 Y-31.031 E10.79908
G1 X-14.146 Y-30.822 E10.81718
G1 X25.222 Y-30.822 E12.71064
G1 X25.222 Y-28.572 E12.81886
G1 X25.198 Y-27.606 E12.86534
G1 X24.237 Y-26.645 E12.93071
G1 X24.173 Y-27.129 E12.95419
G1 X23.966 Y-27.725 E12.98454
G1 X23.645 Y-28.266 E13.0148
G1 X23.214 Y-28.741 E13.04565
G1 X22.626 Y-29.154 E13.08021
G1 X22.152 Y-29.367 E13.1052
G1 X21.696 Y-29.499 E13.12803
G1 X21.166 Y-29.56 E13.15369
G1 X-15.383 Y-29.562 E14.91157
G1 X-14.273 Y-30.677 E14.98724
G1 X-13.952 Y-30.411 E15.00729
;WIDTH:0.502277
G1 X21.166 Y-30.41 E16.92532
;WIDTH:0.535196
G1 X21.777 Y-30.393 E16.96121
G1 X22.031 Y-30.415 E16.97618
;WIDTH:0.492598
G1 X22.284 Y-30.436 E16.98974
;WIDTH:0.45
G1 X24.836 Y-30.436 E17.11248
G1 X24.836 Y-27.789 E17.23979
G1 X24.479 Y-27.432 E17.26407
G1 X24.301 Y-27.915 E17.28883
G1 X23.937 Y-28.519 E17.32275
G1 X23.441 Y-29.052 E17.35777
G1 X22.784 Y-29.505 E17.39615
G1 X22.311 Y-29.719 E17.42112
;WIDTH:0.492598
G1 X22.03 Y-29.822 E17.4371
;WIDTH:0.535196
G1 X21.748 Y-29.924 E17.45471
G1 X21.166 Y-29.972 E17.489
;WIDTH:0.502277
G1 X-13.862 Y-29.973 E19.40212
;WIDTH:0.501541
G1 X-14.389 Y-29.973 E19.43085
G1 X-14.089 Y-30.274 E19.45402
G1 E17.45402 F2400
G92 E0
G1 X-14.089 Y-30.274 F7800
G1 X-19.249 Y-27.399
G1 E2 F2400
;WIDTH:0.404381
G1 F1200
G1 X-19.32 Y-27.418 E2.00312
G1 X-19.301 Y-27.347 E2.00624
G1 X-19.26 Y-27.358 E2.00804
;WIDTH:0.45
G1 X-19.465 Y-27.115 E2.02333
G1 X-23.293 Y-23.288 E2.28367
G1 X-23.293 Y-22.742 E2.30993
G1 X-19.539 Y-26.496 E2.56527
G1 X-19.527 Y-25.963 E2.59091
G1 X-23.293 Y-22.197 E2.84707
G1 X-23.293 Y-21.652 E2.87328
G1 X-19.423 Y-25.522 E3.13651
G1 X-19.262 Y-25.138 E3.15654
G1 X-23.14 Y-21.259 E3.42035
G1 X-23.325 Y-21.053 E3.43367
;WIDTH:0.404381
G1 X-23.396 Y-21.072 E3.43679
G1 X-23.377 Y-21 E3.43995
G1 X-23.336 Y-21.011 E3.44175
G1 X-23.336 Y-21.011 F7800
G1 X-22.551 Y-21.364
G1 F1200
G1 X-22.592 Y-21.353 E3.44355
G1 X-22.611 Y-21.424 E3.44667
G1 X-22.54 Y-21.405 E3.44979
;WIDTH:0.45
G1 X-22.308 Y-21.546 E3.46285
G1 X-19.056 Y-24.798 E3.68405
G1 X-18.814 Y-24.495 E3.7027
G1 X-21.745 Y-21.564 E3.90206
G1 X-21.199 Y-21.564 E3.92832
G1 X-18.532 Y-24.231 E4.10973
G1 X-18.209 Y-24.009 E4.12858
G1 X-20.654 Y-21.564 E4.29489
G1 E2.29489 F2400
G92 E0
G1 X-20.654 Y-21.564 F7800
G1 X-17.041 Y-23.638
G1 E2 F2400
G1 F1200
G1 X-17.599 Y-23.733 E2.02722
G1 X-17.84 Y-23.833 E2.03977
G1 X-20.108 Y-21.564 E2.19407
G1 X19.848 Y-21.573 E4.11581
G1 X19.848 Y-21.71 E4.1224
G1 X21.877 Y-23.739 E4.26041
G1 X21.168 Y-23.607 E4.2951
G1 X-16.851 Y-23.607 E6.12368
G1 X-16.851 Y-23.222 E6.1422
G1 X20.814 Y-23.222 E7.95376
G1 X19.736 Y-22.144 E8.02708
G1 X19.575 Y-21.959 E8.03888
G1 X-19.177 Y-21.95 E9.90272
G1 X-17.748 Y-23.372 E9.99968
G1 X-17.041 Y-23.251 E10.03418
G1 E8.03418 F2400
G92 E0
G1 X-17.041 Y-23.251 F7800
G1 X19.097 Y-22.81
G1 E2 F2400
;WIDTH:0.507093
G1 F1200
G1 X-16.851 Y-22.808 E3.98496
;WIDTH:0.554431
G1 X-17.612 Y-22.896 E4.03178
G1 X-18.12 Y-22.388 E4.07569
G1 X-16.851 Y-22.365 E4.15327
;WIDTH:0.507093
G1 X19.29 Y-22.371 E6.14888
;WIDTH:0.503004
G1 X19.381 Y-22.371 E6.15386
G1 X19.819 Y-22.81 E6.18779
G1 X19.29 Y-22.81 E6.21673
G1 X19.29 Y-22.81 F7800
G1 X20.257 Y-21.574
;WIDTH:0.45
G1 F1200
G1 X25.607 Y-26.924 E6.58063
G1 X25.607 Y-26.379 E6.60684
G1 X20.802 Y-21.574 E6.93367
G1 X21.348 Y-21.574 E6.95993
G1 X25.607 Y-25.833 E7.24962
G1 X25.607 Y-25.288 E7.27583
G1 X21.893 Y-21.574 E7.52845
G1 X22.439 Y-21.574 E7.55471
G1 X25.607 Y-24.743 E7.77023
G1 X25.607 Y-24.197 E7.79649
G1 X22.984 Y-21.574 E7.9749
G1 X23.53 Y-21.574 E8.00116
G1 X25.607 Y-23.652 E8.14247
G1 X25.607 Y-21.575 E8.24237
G1 X24.075 Y-21.574 E8.31605
G1 X25.471 Y-22.97 E8.411
G1 X25.471 Y-22.97 F7800
G1 X25.22 Y-22.04
;WIDTH:0.576171
G1 F1200
G1 X25.175 Y-22.085 E8.41506
G1 X25.113 Y-22.069 E8.41915
G1 X25.097 Y-22.007 E8.42324
G1 X25.142 Y-21.962 E8.4273
G1 X25.204 Y-21.978 E8.43139
G1 E6.43139 F2400
G92 E0
G1 X25.204 Y-21.978 F7800
G1 X22.686 Y-29.965
G1 E2 F2400
;WIDTH:0.45
G1 F1200
G1 X23.182 Y-29.718 E2.02665
G1 X23.668 Y-29.364 E2.05557
G1 X24.228 Y-28.771 E2.0948
G1 X24.45 Y-28.433 E2.11425
G1 X24.45 Y-30.05 E2.19202
G1 X22.514 Y-30.05 E2.28513
G1 X22.514 Y-30.05 F7800
G1 X24.081 Y-29.64
;WIDTH:0.530137
G1 F1200
G1 X24.04 Y-29.681 E2.2885
G1 X23.984 Y-29.666 E2.29187
G1 X23.968 Y-29.61 E2.29525
G1 X24.01 Y-29.568 E2.2987
G1 X24.066 Y-29.584 E2.30208
G1 E.30208 F2400
G92 E0
G1 X24.066 Y-29.584 F7800
G1 X-23.996 Y-39.27
G1 E2 F2400
;TYPE:Perimeter
;WIDTH:0.45
G1 F900
G1 X-26.004 Y-39.27 E2.09658
G1 X-26.004 Y-40.395 E2.15069
G1 X-23.996 Y-40.395 E2.24727
G1 X-23.996 Y-39.833 E2.2743
G1 X-23.996 Y-39.33 E2.29849
G1 X-23.996 Y-39.33 F7800
G1 X-23.611 Y-38.885
G1 F900
G1 X-26.389 Y-38.885 E2.4321
G1 X-26.389 Y-40.78 E2.52324
G1 X-23.611 Y-40.78 E2.65685
G1 X-23.611 Y-39.833 E2.7024
G1 X-23.611 Y-38.945 E2.74511
G1 X-23.611 Y-38.945 F7800
G1 X-23.225 Y-38.499
;TYPE:External perimeter
G1 F900
G1 X-26.775 Y-38.499 E2.91585
G1 X-26.775 Y-41.166 E3.04412
G1 X-23.225 Y-41.166 E3.21486
G1 X-23.225 Y-39.833 E3.27897
G1 X-23.225 Y-38.559 E3.34024
G1 X-23.621 Y-38.5 F7800
G1 E1.34024 F2400
G92 E0
G1 X-25.674 Y-40.065 F7800
G1 E2 F2400
;TYPE:Solid infill
;WIDTH:0.530255
G1 F1200
G1 X-24.326 Y-40.065 E2.07833
G1 X-24.326 Y-39.6 E2.10535
G1 X-25.674 Y-39.6 E2.18368
G1 X-25.674 Y-39.873 E2.19954
;LAYER_CHANGE
;Z:5.75
;HEIGHT:0.3
G1 Z5.75 F7800
G1 E.19954 F2400
G92 E0
G1 X-25.674 Y-39.873 F7800
G1 X-24.036 Y-12.892
G1 E2 F2400
;TYPE:Perimeter
;WIDTH:0.529448
G1 F900
G1 X-24.036 Y-12.66 E2.01346
G1 X-24.036 Y-12.427 E2.02698
G1 X-25.964 Y-12.427 E2.13882
G1 X-25.964 Y-12.892 E2.16579
G1 X-24.096 Y-12.892 E2.27414
G1 X-23.611 Y-13.317 F7800
;WIDTH:0.45
G1 F900
G1 X-23.611 Y-12.66 E2.30574
G1 X-23.611 Y-12.002 E2.33739
G1 X-26.389 Y-12.002 E2.471
G1 X-26.389 Y-13.317 E2.53425
G1 X-23.671 Y-13.317 E2.66498
G1 X-23.671 Y-13.317 F7800
G1 X-23.225 Y-13.703
;TYPE:External perimeter
G1 F900
G1 X-23.225 Y-12.66 E2.71514
G1 X-23.225 Y-11.616 E2.76535
G1 X-26.775 Y-11.616 E2.93609
G1 X-26.775 Y-13.703 E3.03647
G1 X-23.285 Y-13.703 E3.20433
G1 X-23.226 Y-13.307 F7800
G1 E1.20433 F2400
G92 E0
G1 X21.462 Y-28.829 F7800
G1 E2 F2400
;TYPE:Perimeter
G1 F3600
G1 X21.905 Y-28.743 E2.0217
G1 X22.419 Y-28.504 E2.04896
G1 X22.833 Y-28.181 E2.07422
G1 X23.24 Y-27.662 E2.10594
G1 X23.449 Y-27.212 E2.1298
G1 X23.565 Y-26.729 E2.15369
G1 X23.583 Y-26.233 E2.17756
G1 X23.503 Y-25.743 E2.20144
G1 X23.288 Y-25.218 E2.22873
G1 X22.988 Y-24.778 E2.25434
G1 X22.578 Y-24.386 E2.28162
G1 X22.151 Y-24.132 E2.30552
G1 X21.386 Y-23.921 E2.34369
G1 X21.172 Y-23.897 E2.35405
G1 X-16.857 Y-23.897 E4.18311
G1 X-17.487 Y-24 E4.21381
G1 X-17.947 Y-24.188 E4.23771
G1 X-18.36 Y-24.463 E4.26157
G1 X-18.711 Y-24.814 E4.28544
G1 X-19.012 Y-25.295 E4.31273
G1 X-19.194 Y-25.795 E4.33832
G1 X-19.25 Y-26.053 E4.35102
G1 X-19.268 Y-26.549 E4.37489
G1 X-19.187 Y-27.039 E4.39878
G1 X-19.011 Y-27.503 E4.42265
G1 X-18.746 Y-27.923 E4.44654
G1 X-18.345 Y-28.324 E4.47382
G1 X-17.898 Y-28.613 E4.49942
G1 X-17.367 Y-28.814 E4.52673
G1 X-16.781 Y-28.887 E4.55513
G1 X21.172 Y-28.885 E6.38054
G1 X21.403 Y-28.84 E6.39186
G1 X21.403 Y-28.84 F7800
G1 X21.405 Y-28.452
G1 F3600
G1 X21.819 Y-28.367 E6.41219
G1 X22.33 Y-28.1 E6.43992
G1 X22.644 Y-27.822 E6.46009
G1 X22.897 Y-27.486 E6.48032
G1 X23.078 Y-27.108 E6.50048
G1 X23.181 Y-26.7 E6.52072
G1 X23.201 Y-26.281 E6.5409
G1 X23.137 Y-25.866 E6.5611
G1 X22.97 Y-25.435 E6.58333
G1 X22.67 Y-24.995 E6.60894
G1 X22.33 Y-24.682 E6.63117
G1 X21.819 Y-24.415 E6.6589
G1 X21.172 Y-24.282 E6.69067
G1 X-16.857 Y-24.282 E8.51973
G1 X-17.355 Y-24.363 E8.544
G1 X-17.746 Y-24.517 E8.56421
G1 X-18.098 Y-24.746 E8.58441
G1 X-18.398 Y-25.039 E8.60458
G1 X-18.65 Y-25.427 E8.62683
G1 X-18.832 Y-25.927 E8.65242
G1 X-18.865 Y-26.082 E8.66004
G1 X-18.885 Y-26.501 E8.68022
G1 X-18.822 Y-26.916 E8.70041
G1 X-18.677 Y-27.31 E8.7206
G1 X-18.457 Y-27.668 E8.74081
G1 X-18.136 Y-28 E8.76302
G1 X-17.688 Y-28.289 E8.78866
G1 X-17.183 Y-28.463 E8.81435
G1 X-16.781 Y-28.502 E8.83378
G1 X21.172 Y-28.5 E10.65919
G1 X21.347 Y-28.464 E10.66778
G1 X21.347 Y-28.464 F7800
G1 X21.349 Y-28.075
;TYPE:External perimeter
G1 F1800
G1 X21.733 Y-27.991 E10.68669
G1 X22.082 Y-27.805 E10.70571
G1 X22.342 Y-27.581 E10.72222
G1 X22.554 Y-27.31 E10.73877
G1 X22.707 Y-27.003 E10.75527
G1 X22.796 Y-26.672 E10.77176
G1 X22.818 Y-26.329 E10.78829
G1 X22.771 Y-25.989 E10.8048
G1 X22.651 Y-25.653 E10.82196
G1 X22.351 Y-25.213 E10.84757
G1 X22.05 Y-24.956 E10.86661
G1 X21.733 Y-24.791 E10.8838
G1 X21.172 Y-24.668 E10.91142
G1 X-16.857 Y-24.668 E12.74048
G1 X-17.223 Y-24.725 E12.7583
G1 X-17.545 Y-24.846 E12.77484
G1 X-17.836 Y-25.028 E12.79135
G1 X-18.085 Y-25.265 E12.80788
G1 X-18.287 Y-25.559 E12.82504
G1 X-18.481 Y-26.111 E12.85318
G1 X-18.503 Y-26.453 E12.86966
G1 X-18.456 Y-26.793 E12.88617
G1 X-18.343 Y-27.118 E12.90272
G1 X-18.168 Y-27.413 E12.91922
G1 X-17.926 Y-27.676 E12.93641
G1 X-17.479 Y-27.965 E12.96201
G1 X-17.102 Y-28.085 E12.98104
G1 X-16.781 Y-28.116 E12.99655
G1 X21.172 Y-28.114 E14.82196
G1 X21.29 Y-28.088 E14.82777
G1 X21.68 Y-28.001 F7800
G1 E12.82777 F2400
G92 E0
G1 X-23.996 Y-16.85 F7800
G1 E2 F2400
;TYPE:Perimeter
G1 F3600
G1 X-26.004 Y-16.85 E2.09658
G1 X-26.004 Y-35.932 E3.01436
G1 X-23.996 Y-35.932 E3.11094
G1 X-23.996 Y-33.491 E3.22834
G1 X-23.899 Y-32.909 E3.25672
G1 X-23.76 Y-32.569 E3.27439
G1 X-23.547 Y-32.245 E3.29304
G1 X-23.295 Y-31.985 E3.31045
G1 X-22.977 Y-31.762 E3.32913
G1 X-22.635 Y-31.61 E3.34713
G1 X-22.022 Y-31.497 E3.37711
G1 X25.992 Y-31.488 E5.68642
G1 X25.992 Y-21.324 E6.17527
G1 X25.959 Y-21.286 E6.17769
G1 X-22.168 Y-21.278 E8.49243
G1 X-22.675 Y-21.162 E8.51745
G1 X-22.957 Y-21.034 E8.53235
G1 X-23.242 Y-20.844 E8.54882
G1 X-23.468 Y-20.633 E8.56369
G1 X-23.665 Y-20.381 E8.57907
G1 X-23.918 Y-19.823 E8.60854
G1 X-23.996 Y-19.291 E8.6344
G1 X-23.996 Y-16.91 E8.74892
G1 X-23.996 Y-16.91 F7800
G1 X-23.611 Y-16.465
G1 F3600
G1 X-26.389 Y-16.465 E8.88253
G1 X-26.389 Y-36.317 E9.83734
G1 X-23.611 Y-36.317 E9.97095
G1 X-23.611 Y-33.491 E10.10687
G1 X-23.521 Y-32.985 E10.13159
G1 X-23.437 Y-32.78 E10.14225
G1 X-23.225 Y-32.457 E10.16083
G1 X-23.074 Y-32.301 E10.17127
G1 X-22.755 Y-32.078 E10.18999
G1 X-22.55 Y-31.987 E10.20078
G1 X-22.022 Y-31.882 E10.22667
G1 X25.94 Y-31.882 E12.53348
G1 X26.191 Y-31.824 E12.54587
G1 X26.314 Y-31.703 E12.55417
G1 X26.378 Y-31.496 E12.56459
G1 X26.378 Y-21.324 E13.05383
G1 X26.359 Y-21.156 E13.06196
G1 X26.18 Y-20.953 E13.07498
G1 X25.975 Y-20.9 E13.08516
G1 X-22.113 Y-20.894 E15.39803
G1 X-22.574 Y-20.79 E15.42076
G1 X-23.028 Y-20.523 E15.44609
G1 X-23.36 Y-20.144 E15.47032
G1 X-23.556 Y-19.69 E15.4941
G1 X-23.611 Y-19.291 E15.51347
G1 X-23.611 Y-16.525 E15.6465
G1 X-23.611 Y-16.525 F7800
G1 X-23.225 Y-16.079
;TYPE:External perimeter
G1 F1800
G1 X-26.775 Y-16.079 E15.81724
G1 X-26.775 Y-36.703 E16.80918
G1 X-23.225 Y-36.703 E16.97992
G1 X-23.225 Y-33.491 E17.13441
G1 X-23.143 Y-33.06 E17.15551
G1 X-22.903 Y-32.669 E17.17758
G1 X-22.534 Y-32.393 E17.19974
G1 X-22.025 Y-32.268 E17.22495
G1 X25.94 Y-32.268 E19.5319
G1 X26.172 Y-32.246 E19.54311
G1 X26.474 Y-32.092 E19.55941
G1 X26.697 Y-31.826 E19.5761
G1 X26.764 Y-31.496 E19.5923
G1 X26.764 Y-21.324 E20.08154
G1 X26.74 Y-21.086 E20.09305
G1 X26.563 Y-20.761 E20.11085
G1 X26.364 Y-20.608 E20.12292
G1 X25.991 Y-20.514 E20.14142
G1 X-22.113 Y-20.508 E22.45506
G1 X-22.473 Y-20.418 E22.47291
G1 X-22.814 Y-20.202 E22.49232
G1 X-23.056 Y-19.907 E22.51067
G1 X-23.194 Y-19.558 E22.52872
G1 X-23.225 Y-19.291 E22.54165
G1 X-23.225 Y-16.139 E22.69325
G1 X-23.621 Y-16.08 F7800
G1 E20.69325 F2400
G92 E0
G1 X-24.072 Y-20.237 F7800
G1 E2 F2400
;TYPE:Internal infill
;WIDTH:0.45
G1 F4800
G1 X-24.192 Y-19.916 E2.01648
G1 X-24.28 Y-19.409 E2.04123
G1 X-24.283 Y-17.953 E2.11126
G1 X-25.715 Y-19.385 E2.20866
G1 X-25.715 Y-19.818 E2.22949
G1 X-22.634 Y-31.314 E2.80192
G1 X-22.917 Y-31.398 E2.81612
G1 X-23.469 Y-31.754 E2.84771
G1 X-23.784 Y-32.079 E2.86948
G1 X-24.007 Y-32.418 E2.889
G1 X-24.189 Y-32.886 E2.91315
G1 X-24.189 Y-32.886 F7800
G1 X-25.715 Y-32.158
G1 F4800
G1 X-25.715 Y-34.472 E3.02445
G1 X-24.285 Y-34.855 E3.09565
G1 X-24.285 Y-34.316 E3.12157
G1 X-25.612 Y-35.643 E3.21183
G1 X-24.285 Y-35.643 E3.27565
G1 X-24.285 Y-35.047 E3.30432
G1 E1.30432 F2400
G92 E0
G1 X-24.285 Y-35.047 F7800
G1 X-22.605 Y-27.003
G1 E2 F2400
G1 F4800
G1 X-22.605 Y-29.316 E2.11125
G1 X-25.715 Y-28.483 E2.2661
G1 X-25.715 Y-27.565 E2.31025
G1 X-22.605 Y-24.456 E2.52175
G1 X-22.605 Y-23.328 E2.576
G1 X-25.715 Y-22.495 E2.73085
G1 X-25.715 Y-24.809 E2.84215
G1 E.84215 F2400
G92 E0
G1 X-25.715 Y-24.809 F7800
G1 X-22.176 Y-21.685
G1 E2 F2400
;TYPE:Solid infill
;WIDTH:0.569046
G1 F1200
G1 X-22.221 Y-21.64 E2.00401
G1 X-22.205 Y-21.579 E2.00798
G1 X-22.144 Y-21.563 E2.01195
G1 X-22.099 Y-21.607 E2.01591
G1 X-22.116 Y-21.668 E2.0199
;WIDTH:0.45
G1 X-21.471 Y-21.564 E2.05132
G1 X-22.22 Y-22.313 E2.10227
G1 X-22.22 Y-22.858 E2.12848
G1 X-20.926 Y-21.564 E2.2165
G1 X-20.381 Y-21.565 E2.24271
G1 X-22.22 Y-23.403 E2.36776
G1 X-22.22 Y-23.949 E2.39402
G1 X-19.836 Y-21.565 E2.55618
G1 X-19.29 Y-21.565 E2.58244
G1 X-22.22 Y-24.494 E2.7817
G1 X-22.22 Y-25.039 E2.80791
G1 X-18.745 Y-21.565 E3.04424
G1 X-18.2 Y-21.565 E3.07045
G1 X-22.22 Y-25.585 E3.34389
G1 X-22.22 Y-26.13 E3.3701
G1 X-17.655 Y-21.565 E3.68061
G1 X-17.109 Y-21.565 E3.70687
G1 X-22.22 Y-26.675 E4.05448
G1 X-22.22 Y-27.221 E4.08074
G1 X-16.564 Y-21.565 E4.46545
G1 X-16.564 Y-21.565 F7800
G1 X-15.716 Y-21.483
;WIDTH:0.404381
G1 F1200
G1 X-15.705 Y-21.442 E4.46725
G1 X-15.776 Y-21.423 E4.47037
G1 X-15.757 Y-21.494 E4.47349
;WIDTH:0.45
G1 X-16.019 Y-21.565 E4.48655
G1 X-22.22 Y-27.766 E4.90833
G1 X-22.22 Y-28.312 E4.93459
G1 X-19.386 Y-25.478 E5.12736
G1 X-19.229 Y-25.477 E5.13491
;WIDTH:0.404381
G1 X-19.194 Y-25.354 E5.14033
G1 X-19.21 Y-25.203 E5.14677
G1 X-18.83 Y-24.725 E5.17267
G1 X-18.459 Y-24.352 E5.19498
G1 X-17.938 Y-23.941 E5.22312
;WIDTH:0.45
G1 X-17.665 Y-23.757 E5.23895
G1 X-15.474 Y-21.566 E5.38798
G1 X-14.929 Y-21.566 E5.41419
G1 X-16.985 Y-23.623 E5.55407
G1 X-16.425 Y-23.607 E5.58102
G1 X21.204 Y-23.611 E7.39084
G1 X22 Y-23.768 E7.42986
G1 X22.579 Y-24.039 E7.46061
G1 X23.048 Y-24.411 E7.4894
G1 X23.519 Y-25.043 E7.52731
G1 X23.671 Y-25.343 E7.54349
G1 X23.825 Y-25.849 E7.56893
G1 X23.879 Y-26.373 E7.59427
G1 X23.807 Y-27.009 E7.62505
G1 X23.63 Y-27.534 E7.6517
G1 X23.375 Y-27.982 E7.67649
G1 X25.567 Y-25.789 E7.82562
G1 X25.703 Y-25.789 E7.83216
G1 X25.703 Y-21.575 E8.03484
G1 X-14.52 Y-21.566 E9.96943
G1 X-14.52 Y-21.702 E9.97597
G1 X-16.289 Y-23.471 E10.0963
G1 X-16.289 Y-23.471 F7800
G1 X-15.494 Y-23.222
G1 F1200
G1 X21.168 Y-23.222 E11.85961
G1 X22.16 Y-23.418 E11.90824
G1 X22.815 Y-23.734 E11.94322
G1 X23.357 Y-24.181 E11.97701
G1 X23.828 Y-24.813 E12.01492
G1 X24.016 Y-25.171 E12.03437
G1 X24.187 Y-25.701 E12.06116
G1 X24.262 Y-26.289 E12.08967
G1 X24.246 Y-26.564 E12.10292
G1 X25.318 Y-25.516 E12.17502
G1 X25.318 Y-21.96 E12.34605
G1 X-13.96 Y-21.952 E14.23519
G1 X-14.247 Y-21.975 E14.24904
G1 X-15.358 Y-23.086 E14.32461
G1 X-15.358 Y-23.086 F7800
G1 X-14.495 Y-22.808
;WIDTH:0.506712
G1 F1200
G1 X21.168 Y-22.81 E16.29214
;WIDTH:0.509166
G1 X21.354 Y-22.824 E16.30249
G1 X21.837 Y-22.946 E16.33013
;WIDTH:0.479583
G1 X22.321 Y-23.067 E16.35597
;WIDTH:0.45
G1 X23.051 Y-23.429 E16.39516
G1 X23.483 Y-23.764 E16.42145
G1 X23.666 Y-23.95 E16.434
G1 X24.137 Y-24.583 E16.47195
G1 X24.42 Y-25.147 E16.5023
G1 X24.576 Y-25.689 E16.52943
G1 X24.932 Y-25.333 E16.55364
G1 X24.932 Y-22.346 E16.6973
G1 X22.162 Y-22.345 E16.83053
;WIDTH:0.47639
G1 X21.665 Y-22.358 E16.85608
;WIDTH:0.50278
G1 X21.168 Y-22.371 E16.88327
;WIDTH:0.506712
G1 X-14.052 Y-22.366 E18.82636
G1 X-14.358 Y-22.672 E18.85023
G1 E16.85023 F2400
G92 E0
G1 X-14.358 Y-22.672 F7800
G1 X-19.545 Y-26.182
G1 E2 F2400
;WIDTH:0.45
G1 F1200
G1 X-22.22 Y-28.857 E2.18195
G1 X-22.22 Y-29.402 E2.20816
G1 X-19.535 Y-26.717 E2.39079
G1 X-19.446 Y-27.174 E2.41318
G1 X-22.22 Y-29.948 E2.60186
G1 X-22.22 Y-30.493 E2.62807
G1 X-19.292 Y-27.565 E2.82723
G1 X-19.103 Y-27.921 E2.84662
G1 X-22.22 Y-31.038 E3.05863
G1 X-21.844 Y-31.208 E3.07848
G1 X-18.864 Y-28.228 E3.28118
G1 X-18.586 Y-28.495 E3.29972
G1 X-21.298 Y-31.208 E3.48422
G1 X-20.753 Y-31.208 E3.51043
G1 X-18.265 Y-28.72 E3.67966
G1 E1.67966 F2400
G92 E0
G1 X-18.265 Y-28.72 F7800
G1 X-20.071 Y-31.071
G1 E2 F2400
G1 F1200
G1 X-17.922 Y-28.922 E2.14617
G1 X-17.34 Y-29.116 E2.17568
G1 X-16.776 Y-29.176 E2.20296
G1 X21.166 Y-29.175 E4.02784
G1 X21.962 Y-29.026 E4.06679
;WIDTH:0.470956
G1 X22.545 Y-28.776 E4.09896
;WIDTH:0.473813
G1 X22.586 Y-28.753 E4.10136
G1 X22.14 Y-29.216 E4.13419
;WIDTH:0.45
G1 X20.285 Y-31.071 E4.26036
G1 X20.285 Y-31.207 E4.2669
G1 X-20.208 Y-31.208 E6.21447
G1 X-20.208 Y-31.208 F7800
G1 X-19.277 Y-30.822
G1 F1200
G1 X19.727 Y-30.822 E8.09043
G1 X20.012 Y-30.798 E8.10419
G1 X21.257 Y-29.554 E8.18884
G1 X-16.776 Y-29.562 E10.0181
G1 X-17.32 Y-29.513 E10.04437
G1 X-17.831 Y-29.377 E10.0698
G1 X-19.14 Y-30.686 E10.15884
G1 X-19.14 Y-30.686 F7800
G1 X-18.222 Y-30.385
;WIDTH:0.55213
G1 F1200
G1 X-17.381 Y-30.398 E10.21001
;WIDTH:0.527405
G1 X-16.776 Y-30.411 E10.24496
;WIDTH:0.502237
G1 X19.818 Y-30.41 E12.24342
G1 X20.256 Y-29.972 E12.27725
G1 X-16.776 Y-29.973 E14.29963
;WIDTH:0.527405
G1 X-17.36 Y-29.936 E14.33342
;WIDTH:0.55213
G1 X-17.704 Y-29.867 E14.35476
G1 X-18.086 Y-30.249 E14.38762
G1 E12.38762 F2400
G92 E0
G1 X22.586 Y-28.753 F7800
G1 E2 F2400
;WIDTH:0.473813
G1 F1200
G1 X22.792 Y-28.571 E2.01404
;WIDTH:0.439097
G1 X22.999 Y-28.389 E2.02692
;WIDTH:0.441817
G1 X23.352 Y-28.01 E2.0513
;WIDTH:0.444077
G1 X23.363 Y-27.996 E2.05214
G1 E.05214 F2400
G92 E0
G1 X23.363 Y-27.996 F7800
G1 X25.703 Y-26.198
G1 E2 F2400
;WIDTH:0.45
G1 F1200
G1 X20.694 Y-31.207 E2.34071
G1 X21.239 Y-31.207 E2.36692
G1 X25.703 Y-26.743 E2.67056
G1 X25.703 Y-27.289 E2.69682
G1 X21.784 Y-31.207 E2.96335
G1 X22.33 Y-31.207 E2.98961
G1 X25.703 Y-27.834 E3.21904
G1 X25.703 Y-28.379 E3.24525
G1 X22.875 Y-31.207 E3.43761
G1 X23.421 Y-31.207 E3.46387
G1 X25.703 Y-28.925 E3.61909
;WIDTH:0.494221
G1 X25.752 Y-28.896 E3.62214
;WIDTH:0.538443
G1 X25.802 Y-28.868 E3.62553
;WIDTH:0.582665
G1 X25.851 Y-28.839 E3.62921
G1 X25.805 Y-28.793 E3.63342
G1 X25.822 Y-28.731 E3.63758
G1 X25.885 Y-28.714 E3.6418
G1 X25.93 Y-28.76 E3.64596
G1 X25.914 Y-28.822 E3.6501
G1 E1.6501 F2400
G92 E0
G1 X25.914 Y-28.822 F7800
G1 X24.102 Y-31.071
G1 E2 F2400
;WIDTH:0.45
G1 F1200
G1 X25.703 Y-29.47 E2.1089
G1 X25.703 Y-31.207 E2.19244
G1 X23.966 Y-31.207 E2.27598
G1 X23.966 Y-31.207 F7800
G1 X24.813 Y-30.856
;WIDTH:0.380407
G1 F1200
G1 X25.352 Y-30.856 E2.29723
G1 X25.352 Y-30.317 E2.31848
G1 X24.949 Y-30.72 E2.34094
G1 E.34094 F2400
G92 E0
G1 X24.949 Y-30.72 F7800
G1 X22.706 Y-22.731
G1 E2 F2400
;WIDTH:0.45
G1 F1200
G1 X24.546 Y-22.731 E2.0885
G1 X24.546 Y-24.515 E2.1743
G1 X23.976 Y-23.72 E2.22135
G1 X23.719 Y-23.459 E2.23897
G1 X23.287 Y-23.124 E2.26526
G1 X22.513 Y-22.731 E2.30701
G1 X24.078 Y-23.246 F7800
;WIDTH:0.582665
G1 F1200
G1 X24.032 Y-23.2 E2.31122
G1 X24.049 Y-23.137 E2.31544
G1 X24.111 Y-23.121 E2.31958
G1 X24.157 Y-23.166 E2.32374
G1 X24.14 Y-23.229 E2.32796
G1 E.32796 F2400
G92 E0
G1 X24.14 Y-23.229 F7800
G1 X-24.036 Y-39.89
G1 E2 F2400
;TYPE:Perimeter
;WIDTH:0.529448
G1 F900
G1 X-25.964 Y-39.89 E2.11184
G1 X-25.964 Y-40.355 E2.13881
G1 X-24.036 Y-40.355 E2.25065
G1 X-24.036 Y-40.123 E2.26411
G1 X-24.036 Y-39.95 E2.27414
G1 X-23.611 Y-39.465 F7800
;WIDTH:0.45
G1 F900
G1 X-26.389 Y-39.465 E2.40775
G1 X-26.389 Y-40.78 E2.471
G1 X-23.611 Y-40.78 E2.60461
G1 X-23.611 Y-40.123 E2.63621
G1 X-23.611 Y-39.525 E2.66497
G1 X-23.611 Y-39.525 F7800
G1 X-23.225 Y-39.079
;TYPE:External perimeter
G1 F900
G1 X-26.775 Y-39.079 E2.83571
G1 X-26.775 Y-41.166 E2.93609
G1 X-23.225 Y-41.166 E3.10683
G1 X-23.225 Y-40.123 E3.15699
G1 X-23.225 Y-39.139 E3.20432
G1 X-23.621 Y-39.08 F7800
;LAYER_CHANGE
;Z:6.05
;HEIGHT:0.3
G1 Z6.05 F7800
G1 E1.20432 F2400
G92 E0
G1 X-23.968 Y-12.688 F7800
G1 E2 F2400
;TYPE:Perimeter
;WIDTH:0.393267
G1 F900
G1 X-23.968 Y-12.523 E2.00677
G1 X-23.968 Y-12.359 E2.0135
G1 X-26.032 Y-12.359 E2.09817
G1 X-26.032 Y-12.688 E2.11167
G1 X-24.028 Y-12.688 E2.19388
G1 X-24.028 Y-12.688 F7800
G1 X-23.611 Y-13.045
;WIDTH:0.45
G1 F900
G1 X-23.611 Y-12.523 E2.21899
G1 X-23.611 Y-12.002 E2.24405
G1 X-26.389 Y-12.002 E2.37766
G1 X-26.389 Y-13.045 E2.42782
G1 X-23.671 Y-13.045 E2.55855
G1 X-23.671 Y-13.045 F7800
G1 X-23.225 Y-13.431
;TYPE:External perimeter
G1 F900
G1 X-23.225 Y-12.523 E2.60222
G1 X-23.225 Y-11.616 E2.64584
G1 X-26.775 Y-11.616 E2.81658
G1 X-26.775 Y-13.431 E2.90388
G1 X-23.285 Y-13.431 E3.07174
G1 X-23.226 Y-13.035 F7800
G1 E1.07174 F2400
G92 E0
G1 X21.465 Y-28.848 F7800
G1 E2 F2400
;TYPE:Perimeter
G1 F3600
G1 X21.616 Y-28.829 E2.00732
G1 X22.354 Y-28.536 E2.04551
G1 X22.811 Y-28.199 E2.07282
G1 X23.136 Y-27.824 E2.09669
G1 X23.379 Y-27.391 E2.12057
G1 X23.532 Y-26.918 E2.14448
G1 X23.591 Y-26.353 E2.1718
G1 X23.503 Y-25.743 E2.20144
G1 X23.288 Y-25.218 E2.22873
G1 X22.988 Y-24.778 E2.25434
G1 X22.578 Y-24.386 E2.28162
G1 X22.151 Y-24.132 E2.30552
G1 X21.386 Y-23.921 E2.34369
G1 X21.172 Y-23.897 E2.35405
G1 X-16.857 Y-23.897 E4.18311
G1 X-17.487 Y-24 E4.21381
G1 X-17.947 Y-24.188 E4.23771
G1 X-18.411 Y-24.514 E4.26498
G1 X-18.773 Y-24.904 E4.29057
G1 X-19.064 Y-25.391 E4.31786
G1 X-19.238 Y-25.958 E4.34639
G1 X-19.268 Y-26.549 E4.37485
G1 X-19.187 Y-27.039 E4.39874
G1 X-19.011 Y-27.503 E4.42261
G1 X-18.746 Y-27.923 E4.4465
G1 X-18.404 Y-28.283 E4.47038
G1 X-17.997 Y-28.567 E4.49425
G1 X-17.471 Y-28.78 E4.52154
G1 X-16.781 Y-28.887 E4.55512
G1 X21.172 Y-28.885 E6.38053
G1 X21.406 Y-28.856 E6.39187
G1 X21.406 Y-28.856 F7800
G1 X21.406 Y-28.458
G1 F3600
G1 X21.71 Y-28.403 E6.40673
G1 X22.196 Y-28.184 E6.43237
G1 X22.577 Y-27.892 E6.45546
G1 X22.897 Y-27.486 E6.48032
G1 X23.078 Y-27.108 E6.50048
G1 X23.181 Y-26.7 E6.52072
G1 X23.201 Y-26.281 E6.5409
G1 X23.137 Y-25.866 E6.5611
G1 X22.97 Y-25.435 E6.58333
G1 X22.67 Y-24.995 E6.60894
G1 X22.33 Y-24.682 E6.63117
G1 X21.819 Y-24.415 E6.6589
G1 X21.172 Y-24.282 E6.69067
G1 X-16.857 Y-24.282 E8.51973
G1 X-17.355 Y-24.363 E8.544
G1 X-17.746 Y-24.517 E8.56421
G1 X-18.128 Y-24.776 E8.58641
G1 X-18.491 Y-25.166 E8.61204
G1 X-18.75 Y-25.635 E8.63781
G1 X-18.865 Y-26.082 E8.66001
G1 X-18.885 Y-26.501 E8.68019
G1 X-18.822 Y-26.916 E8.70038
G1 X-18.677 Y-27.31 E8.72057
G1 X-18.457 Y-27.668 E8.74078
G1 X-18.171 Y-27.975 E8.76096
G1 X-17.829 Y-28.22 E8.78119
G1 X-17.404 Y-28.401 E8.80341
G1 X-16.781 Y-28.502 E8.83377
G1 X21.172 Y-28.5 E10.65918
G1 X21.347 Y-28.468 E10.66774
G1 X21.347 Y-28.468 F7800
G1 X21.35 Y-28.085
;TYPE:External perimeter
G1 F1800
G1 X21.552 Y-28.052 E10.67758
G1 X22.037 Y-27.833 E10.70317
G1 X22.342 Y-27.581 E10.7222
G1 X22.554 Y-27.31 E10.73875
G1 X22.707 Y-27.003 E10.75525
G1 X22.796 Y-26.672 E10.77174
G1 X22.818 Y-26.329 E10.78827
G1 X22.771 Y-25.989 E10.80478
G1 X22.651 Y-25.653 E10.82194
G1 X22.351 Y-25.213 E10.84755
G1 X22.05 Y-24.956 E10.86659
G1 X21.733 Y-24.791 E10.88378
G1 X21.172 Y-24.668 E10.9114
G1 X-16.857 Y-24.668 E12.74046
G1 X-17.223 Y-24.725 E12.75828
G1 X-17.545 Y-24.846 E12.77482
G1 X-17.846 Y-25.038 E12.79199
G1 X-18.208 Y-25.429 E12.81762
G1 X-18.391 Y-25.779 E12.83662
G1 X-18.481 Y-26.111 E12.85316
G1 X-18.503 Y-26.453 E12.86964
G1 X-18.456 Y-26.793 E12.88615
G1 X-18.343 Y-27.118 E12.9027
G1 X-18.168 Y-27.413 E12.9192
G1 X-17.938 Y-27.668 E12.93572
G1 X-17.662 Y-27.872 E12.95223
G1 X-17.337 Y-28.021 E12.96943
G1 X-16.781 Y-28.116 E12.99656
G1 X21.172 Y-28.114 E14.82197
G1 X21.291 Y-28.095 E14.82777
G1 X21.676 Y-27.987 F7800
G1 E12.82777 F2400
G92 E0
G1 X-23.996 Y-17.123 F7800
G1 E2 F2400
;TYPE:Perimeter
G1 F3600
G1 X-26.004 Y-17.123 E2.09658
G1 X-26.004 Y-35.659 E2.9881
G1 X-23.996 Y-35.659 E3.08468
G1 X-23.996 Y-33.491 E3.18895
G1 X-23.899 Y-32.909 E3.21733
G1 X-23.76 Y-32.569 E3.235
G1 X-23.547 Y-32.245 E3.25365
G1 X-23.295 Y-31.985 E3.27106
G1 X-22.977 Y-31.762 E3.28974
G1 X-22.635 Y-31.61 E3.30774
G1 X-22.022 Y-31.497 E3.33772
G1 X25.893 Y-31.496 E5.64227
G1 X25.983 Y-31.481 E5.64666
G1 X26.002 Y-31.397 E5.6508
G1 X26.004 Y-21.398 E6.13172
G1 X25.96 Y-21.286 E6.13751
G1 X-22.078 Y-21.283 E8.44797
G1 X-22.37 Y-21.238 E8.46218
G1 X-22.994 Y-21.02 E8.49397
G1 X-23.451 Y-20.649 E8.52228
G1 X-23.708 Y-20.319 E8.5424
G1 X-23.918 Y-19.823 E8.56831
G1 X-23.996 Y-19.291 E8.59417
G1 X-23.996 Y-17.183 E8.69556
G1 X-23.996 Y-17.183 F7800
G1 X-23.611 Y-16.737
G1 F3600
G1 X-26.389 Y-16.737 E8.82917
G1 X-26.389 Y-36.045 E9.75782
G1 X-23.611 Y-36.045 E9.89143
G1 X-23.611 Y-33.491 E10.01427
G1 X-23.521 Y-32.985 E10.03899
G1 X-23.437 Y-32.78 E10.04965
G1 X-23.225 Y-32.457 E10.06823
G1 X-23.074 Y-32.301 E10.07867
G1 X-22.755 Y-32.078 E10.09739
G1 X-22.55 Y-31.987 E10.10818
G1 X-22.022 Y-31.882 E10.13407
G1 X25.893 Y-31.882 E12.43862
G1 X26.154 Y-31.84 E12.45133
G1 X26.326 Y-31.684 E12.4625
G1 X26.388 Y-31.397 E12.47662
G1 X26.389 Y-21.398 E12.95754
G1 X26.347 Y-21.137 E12.97025
G1 X26.18 Y-20.953 E12.9822
G1 X25.975 Y-20.9 E12.99238
G1 X-21.574 Y-20.897 E15.27932
G1 X-22.253 Y-20.87 E15.312
G1 X-22.808 Y-20.682 E15.34018
G1 X-23.196 Y-20.359 E15.36446
G1 X-23.387 Y-20.106 E15.37971
G1 X-23.556 Y-19.69 E15.40131
G1 X-23.611 Y-19.291 E15.42068
G1 X-23.611 Y-16.797 E15.54063
G1 X-23.611 Y-16.797 F7800
G1 X-23.225 Y-16.351
;TYPE:External perimeter
G1 F1800
G1 X-26.775 Y-16.351 E15.71137
G1 X-26.775 Y-36.431 E16.67715
G1 X-23.225 Y-36.431 E16.84789
G1 X-23.225 Y-33.491 E16.98929
G1 X-23.143 Y-33.06 E17.01039
G1 X-22.903 Y-32.669 E17.03246
G1 X-22.534 Y-32.393 E17.05462
G1 X-22.025 Y-32.268 E17.07983
G1 X25.893 Y-32.268 E19.38452
G1 X26.298 Y-32.204 E19.40424
G1 X26.508 Y-32.074 E19.41612
G1 X26.676 Y-31.863 E19.42909
G1 X26.774 Y-31.397 E19.45199
G1 X26.775 Y-21.398 E19.93291
G1 X26.71 Y-20.989 E19.95283
G1 X26.563 Y-20.761 E19.96588
G1 X26.364 Y-20.608 E19.97795
G1 X25.991 Y-20.514 E19.99645
G1 X-22.097 Y-20.511 E22.30932
G1 X-22.588 Y-20.359 E22.33404
G1 X-22.941 Y-20.07 E22.35598
G1 X-23.065 Y-19.894 E22.36633
G1 X-23.194 Y-19.558 E22.38364
G1 X-23.225 Y-19.291 E22.39657
G1 X-23.225 Y-16.411 E22.53509
G1 X-23.621 Y-16.352 F7800
G1 E20.53509 F2400
G92 E0
G1 X-24.072 Y-20.237 F7800
G1 E2 F2400
;TYPE:Internal infill
;WIDTH:0.45
G1 F4800
G1 X-24.192 Y-19.916 E2.01648
G1 X-24.28 Y-19.409 E2.04123
G1 X-24.284 Y-17.954 E2.11121
G1 X-25.715 Y-19.385 E2.20854
G1 X-25.715 Y-19.818 E2.22937
G1 X-22.634 Y-31.314 E2.8018
G1 X-22.046 Y-31.208 E2.83054
G1 X-21.177 Y-31.208 E2.87234
G1 X-18.524 Y-28.555 E3.05279
G1 X-17.841 Y-28.963 E3.09105
G1 X-17.235 Y-29.116 E3.12111
G1 X-16.674 Y-31.208 E3.22528
G1 E1.22528 F2400
G92 E0
G1 X-16.674 Y-31.208 F7800
G1 X-24.285 Y-35.047
G1 E2 F2400
G1 F4800
G1 X-24.285 Y-35.37 E2.01554
G1 X-25.34 Y-35.37 E2.06628
G1 X-24.285 Y-34.316 E2.13801
G1 X-24.285 Y-34.855 E2.16393
G1 X-25.715 Y-34.472 E2.23513
G1 X-25.715 Y-32.158 E2.34643
G1 E.34643 F2400
G92 E0
G1 X-25.715 Y-32.158 F7800
G1 X-25.715 Y-24.809
G1 E2 F2400
G1 F4800
G1 X-25.715 Y-22.495 E2.1113
G1 X-18.681 Y-24.38 E2.46155
G1 X-18.539 Y-24.247 E2.47091
G1 X-19.257 Y-21.569 E2.60426
G1 X-19.719 Y-21.569 E2.62648
G1 X-25.715 Y-27.565 E3.03432
G1 X-25.715 Y-28.483 E3.07847
G1 X-15.548 Y-31.208 E3.58473
G1 X-12.997 Y-31.208 E3.70742
G1 X-10.965 Y-29.176 E3.84563
G1 X-11.23 Y-29.176 E3.85838
G1 X-10.686 Y-31.207 E3.95951
G1 X-8.372 Y-31.207 E4.07081
G1 E2.07081 F2400
G92 E0
G1 X-8.372 Y-31.207 F7800
G1 X-7.556 Y-29.176
G1 E2 F2400
G1 F4800
G1 X-5.242 Y-29.176 E2.1113
G1 X-4.698 Y-31.207 E2.21243
G1 X-4.816 Y-31.207 E2.21811
G1 X-2.785 Y-29.176 E2.35626
G1 X-.782 Y-29.176 E2.4526
G1 X6.8 Y-31.207 E2.83013
G1 X7.279 Y-31.207 E2.85317
G1 X6.734 Y-29.175 E2.95436
G1 X5.396 Y-29.175 E3.01871
G1 X3.364 Y-31.207 E3.15692
G1 X1.291 Y-31.207 E3.25662
G1 X.746 Y-29.176 E3.35776
G1 X3.06 Y-29.176 E3.46906
G1 E1.46906 F2400
G92 E0
G1 X3.06 Y-29.176 F7800
G1 X9.23 Y-31.207
G1 E2 F2400
G1 F4800
G1 X11.544 Y-31.207 E2.1113
G1 X13.576 Y-29.175 E2.24951
G1 X12.723 Y-29.175 E2.29054
G1 X13.267 Y-31.207 E2.39171
G1 X15.581 Y-31.207 E2.50301
G1 E.50301 F2400
G92 E0
G1 X15.581 Y-31.207 F7800
G1 X16.397 Y-29.175
G1 E2 F2400
G1 F4800
G1 X18.711 Y-29.175 E2.1113
G1 X19.256 Y-31.207 E2.21249
G1 X19.724 Y-31.207 E2.235
G1 X21.881 Y-29.051 E2.38168
G1 X21.442 Y-29.142 E2.40324
G1 X25.713 Y-30.287 E2.61591
G1 X25.713 Y-31.207 E2.66016
G1 X25.244 Y-31.207 E2.68272
G1 X22.663 Y-21.574 E3.16238
G1 X21.177 Y-21.574 E3.23385
G1 X19.144 Y-23.607 E3.37213
G1 X17.219 Y-23.607 E3.46472
G1 X16.674 Y-21.574 E3.56595
G1 E1.56595 F2400
G92 E0
G1 X16.674 Y-21.574 F7800
G1 X22.308 Y-28.874
G1 E2 F2400
G1 F4800
G1 X22.759 Y-28.621 E2.02487
G1 X23.169 Y-28.246 E2.05159
G1 X23.495 Y-27.798 E2.07824
G1 X23.761 Y-27.17 E2.11104
G1 X25.714 Y-25.218 E2.24385
G1 X25.714 Y-24.299 E2.28805
G1 X15.544 Y-21.574 E2.79445
G1 X12.998 Y-21.573 E2.9169
G1 X10.964 Y-23.607 E3.05525
G1 X11.231 Y-23.607 E3.06809
G1 X10.686 Y-21.573 E3.16937
G1 X8.372 Y-21.573 E3.28067
G1 E1.28067 F2400
G92 E0
G1 X8.372 Y-21.573 F7800
G1 X7.556 Y-23.607
G1 E2 F2400
G1 F4800
G1 X5.242 Y-23.607 E2.1113
G1 X4.697 Y-21.572 E2.21263
G1 X4.819 Y-21.572 E2.2185
G1 X2.784 Y-23.607 E2.35692
G1 X.786 Y-23.607 E2.45302
G1 X-6.814 Y-21.571 E2.83144
G1 X-7.28 Y-21.571 E2.85385
G1 X-6.734 Y-23.607 E2.95523
G1 X-5.397 Y-23.607 E3.01954
G1 X-3.361 Y-21.571 E3.15803
G1 X-1.291 Y-21.572 E3.25759
G1 X-.746 Y-23.607 E3.35892
G1 X-3.06 Y-23.607 E3.47022
G1 E1.47022 F2400
G92 E0
G1 X-3.06 Y-23.607 F7800
G1 X-9.226 Y-21.571
G1 E2 F2400
G1 F4800
G1 X-11.54 Y-21.57 E2.1113
G1 X-13.577 Y-23.607 E2.24985
G1 X-12.723 Y-23.607 E2.29092
G1 X-13.268 Y-21.57 E2.39234
G1 X-15.582 Y-21.57 E2.50364
G1 E.50364 F2400
G92 E0
G1 X-15.582 Y-21.57 F7800
G1 X-23.968 Y-40.094
G1 E2 F2400
;TYPE:Perimeter
;WIDTH:0.393267
G1 F900
G1 X-26.032 Y-40.094 E2.08467
G1 X-26.032 Y-40.423 E2.09817
G1 X-23.968 Y-40.423 E2.18284
G1 X-23.968 Y-40.259 E2.18957
G1 X-23.968 Y-40.154 E2.19388
G1 X-23.968 Y-40.154 F7800
G1 X-23.611 Y-39.737
;WIDTH:0.45
G1 F900
G1 X-26.389 Y-39.737 E2.32749
G1 X-26.389 Y-40.78 E2.37765
G1 X-23.611 Y-40.78 E2.51126
G1 X-23.611 Y-40.259 E2.53632
G1 X-23.611 Y-39.797 E2.55854
G1 X-23.611 Y-39.797 F7800
G1 X-23.225 Y-39.351
;TYPE:External perimeter
G1 F900
G1 X-26.775 Y-39.351 E2.72928
G1 X-26.775 Y-41.166 E2.81658
G1 X-23.225 Y-41.166 E2.98732
G1 X-23.225 Y-40.259 E3.03094
G1 X-23.225 Y-39.411 E3.07173
G1 X-23.621 Y-39.352 F7800
;LAYER_CHANGE
;Z:6.35
;HEIGHT:0.3
G1 Z6.35 F7800
G1 E1.07173 F2400
G92 E0
G1 X-24.052 Y-12.443 F7800
G1 E2 F2400
;TYPE:Perimeter
;WIDTH:0.562053
G1 F900
G1 X-25.948 Y-12.443 E2.11769
G1 E.11769 F2400
G92 E0
G1 X-25.948 Y-12.443 F7800
G1 X-23.611 Y-12.885
G1 E2 F2400
;WIDTH:0.45
G1 F900
G1 X-23.611 Y-12.443 E2.02126
G1 X-23.611 Y-12.002 E2.04247
G1 X-26.389 Y-12.002 E2.17608
G1 X-26.389 Y-12.885 E2.21855
G1 X-23.671 Y-12.885 E2.34928
G1 X-23.671 Y-12.885 F7800
G1 X-23.225 Y-13.271
;TYPE:External perimeter
G1 F900
G1 X-23.225 Y-12.443 E2.3891
G1 X-23.225 Y-11.616 E2.42888
G1 X-26.775 Y-11.616 E2.59962
G1 X-26.775 Y-13.271 E2.67922
G1 X-23.285 Y-13.271 E2.84708
G1 X-23.226 Y-12.875 F7800
G1 E.84708 F2400
G92 E0
G1 X21.463 Y-28.838 F7800
G1 E2 F2400
;TYPE:Perimeter
G1 F3600
G1 X21.803 Y-28.782 E2.01657
G1 X22.322 Y-28.555 E2.04382
G1 X22.754 Y-28.244 E2.06942
G1 X23.136 Y-27.823 E2.09676
G1 X23.379 Y-27.391 E2.1206
G1 X23.532 Y-26.918 E2.14451
G1 X23.591 Y-26.353 E2.17183
G1 X23.503 Y-25.743 E2.20147
G1 X23.288 Y-25.218 E2.22876
G1 X22.988 Y-24.778 E2.25437
G1 X22.578 Y-24.387 E2.28162
G1 X21.869 Y-24.027 E2.31986
G1 X21.316 Y-23.907 E2.34708
G1 X21.172 Y-23.897 E2.35402
G1 X-16.857 Y-23.897 E4.18308
G1 X-17.487 Y-24 E4.21378
G1 X-17.947 Y-24.188 E4.23768
G1 X-18.411 Y-24.514 E4.26495
G1 X-18.773 Y-24.904 E4.29054
G1 X-19.064 Y-25.391 E4.31783
G1 X-19.238 Y-25.958 E4.34636
G1 X-19.268 Y-26.549 E4.37482
G1 X-19.187 Y-27.039 E4.39871
G1 X-19.011 Y-27.503 E4.42258
G1 X-18.746 Y-27.923 E4.44647
G1 X-18.404 Y-28.283 E4.47035
G1 X-17.931 Y-28.596 E4.49763
G1 X-17.435 Y-28.79 E4.52325
G1 X-16.781 Y-28.887 E4.55505
G1 X21.172 Y-28.885 E6.38046
G1 X21.404 Y-28.847 E6.39177
G1 X21.404 Y-28.847 F7800
G1 X21.407 Y-28.462
G1 F3600
G1 X21.671 Y-28.42 E6.40463
G1 X22.097 Y-28.242 E6.42684
G1 X22.529 Y-27.931 E6.45244
G1 X22.834 Y-27.583 E6.4747
G1 X23.078 Y-27.108 E6.50038
G1 X23.181 Y-26.7 E6.52062
G1 X23.201 Y-26.281 E6.5408
G1 X23.137 Y-25.866 E6.561
G1 X22.97 Y-25.435 E6.58323
G1 X22.67 Y-24.995 E6.60884
G1 X22.33 Y-24.682 E6.63107
G1 X21.711 Y-24.379 E6.66422
G1 X21.172 Y-24.282 E6.69056
G1 X-16.857 Y-24.282 E8.51962
G1 X-17.355 Y-24.363 E8.54389
G1 X-17.746 Y-24.517 E8.5641
G1 X-18.128 Y-24.776 E8.5863
G1 X-18.491 Y-25.166 E8.61193
G1 X-18.75 Y-25.635 E8.6377
G1 X-18.865 Y-26.082 E8.6599
G1 X-18.885 Y-26.501 E8.68008
G1 X-18.822 Y-26.916 E8.70027
G1 X-18.677 Y-27.31 E8.72046
G1 X-18.457 Y-27.668 E8.74067
G1 X-18.171 Y-27.975 E8.76085
G1 X-17.79 Y-28.237 E8.78309
G1 X-17.294 Y-28.431 E8.80871
G1 X-16.781 Y-28.502 E8.83362
G1 X21.172 Y-28.5 E10.65903
G1 X21.348 Y-28.472 E10.6676
G1 X21.348 Y-28.472 F7800
G1 X21.35 Y-28.086
;TYPE:External perimeter
G1 F1800
G1 X21.539 Y-28.057 E10.6768
G1 X21.872 Y-27.928 E10.69398
G1 X22.304 Y-27.618 E10.71955
G1 X22.554 Y-27.31 E10.73863
G1 X22.707 Y-27.003 E10.75513
G1 X22.796 Y-26.672 E10.77162
G1 X22.818 Y-26.329 E10.78815
G1 X22.771 Y-25.989 E10.80466
G1 X22.651 Y-25.653 E10.82182
G1 X22.351 Y-25.213 E10.84743
G1 X22.037 Y-24.949 E10.86716
G1 X21.552 Y-24.73 E10.89275
G1 X21.172 Y-24.668 E10.91127
G1 X-16.857 Y-24.668 E12.74033
G1 X-17.223 Y-24.725 E12.75815
G1 X-17.545 Y-24.846 E12.77469
G1 X-17.846 Y-25.038 E12.79186
G1 X-18.208 Y-25.429 E12.81749
G1 X-18.391 Y-25.779 E12.83649
G1 X-18.481 Y-26.111 E12.85303
G1 X-18.503 Y-26.453 E12.86951
G1 X-18.456 Y-26.793 E12.88602
G1 X-18.343 Y-27.118 E12.90257
G1 X-18.168 Y-27.413 E12.91907
G1 X-17.938 Y-27.668 E12.93559
G1 X-17.649 Y-27.878 E12.95277
G1 X-17.153 Y-28.072 E12.97839
G1 X-16.781 Y-28.116 E12.99641
G1 X21.172 Y-28.114 E14.82182
G1 X21.291 Y-28.096 E14.82761
G1 X21.678 Y-27.996 F7800
G1 E12.82761 F2400
G92 E0
G1 X-23.996 Y-17.283 F7800
G1 E2 F2400
;TYPE:Perimeter
G1 F3600
G1 X-26.004 Y-17.283 E2.09658
G1 X-26.004 Y-35.499 E2.97271
G1 X-23.996 Y-35.499 E3.06929
G1 X-23.996 Y-33.491 E3.16587
G1 X-23.899 Y-32.909 E3.19425
G1 X-23.76 Y-32.569 E3.21192
G1 X-23.547 Y-32.245 E3.23057
G1 X-23.295 Y-31.985 E3.24798
G1 X-22.977 Y-31.762 E3.26666
G1 X-22.635 Y-31.61 E3.28466
G1 X-22.022 Y-31.497 E3.31464
G1 X25.893 Y-31.496 E5.61919
G1 X25.983 Y-31.481 E5.62358
G1 X26.002 Y-31.397 E5.62772
G1 X26.004 Y-21.398 E6.10864
G1 X25.96 Y-21.286 E6.11443
G1 X-22.078 Y-21.283 E8.42489
G1 X-22.37 Y-21.238 E8.4391
G1 X-22.994 Y-21.02 E8.47089
G1 X-23.451 Y-20.649 E8.4992
G1 X-23.708 Y-20.319 E8.51932
G1 X-23.918 Y-19.823 E8.54523
G1 X-23.996 Y-19.291 E8.57109
G1 X-23.996 Y-17.343 E8.66478
G1 X-23.996 Y-17.343 F7800
G1 X-23.611 Y-16.897
G1 F3600
G1 X-26.389 Y-16.897 E8.79839
G1 X-26.389 Y-35.885 E9.71165
G1 X-23.611 Y-35.885 E9.84526
G1 X-23.611 Y-33.491 E9.9604
G1 X-23.521 Y-32.985 E9.98512
G1 X-23.437 Y-32.78 E9.99578
G1 X-23.225 Y-32.457 E10.01436
G1 X-23.074 Y-32.301 E10.0248
G1 X-22.755 Y-32.078 E10.04352
G1 X-22.55 Y-31.987 E10.05431
G1 X-22.022 Y-31.882 E10.0802
G1 X25.893 Y-31.882 E12.38475
G1 X26.154 Y-31.84 E12.39746
G1 X26.326 Y-31.684 E12.40863
G1 X26.388 Y-31.397 E12.42275
G1 X26.389 Y-21.398 E12.90367
G1 X26.347 Y-21.137 E12.91638
G1 X26.18 Y-20.953 E12.92833
G1 X25.975 Y-20.9 E12.93851
G1 X-21.574 Y-20.897 E15.22545
G1 X-22.253 Y-20.87 E15.25813
G1 X-22.808 Y-20.682 E15.28631
G1 X-23.196 Y-20.359 E15.31059
G1 X-23.387 Y-20.106 E15.32584
G1 X-23.556 Y-19.69 E15.34744
G1 X-23.611 Y-19.291 E15.36681
G1 X-23.611 Y-16.957 E15.47907
G1 X-23.611 Y-16.957 F7800
G1 X-23.225 Y-16.512
;TYPE:External perimeter
G1 F1800
G1 X-26.775 Y-16.512 E15.64981
G1 X-26.775 Y-36.271 E16.60015
G1 X-23.225 Y-36.271 E16.77089
G1 X-23.225 Y-33.491 E16.9046
G1 X-23.143 Y-33.06 E16.9257
G1 X-22.903 Y-32.669 E16.94777
G1 X-22.534 Y-32.393 E16.96993
G1 X-22.025 Y-32.268 E16.99514
G1 X25.893 Y-32.268 E19.29983
G1 X26.298 Y-32.204 E19.31955
G1 X26.508 Y-32.074 E19.33143
G1 X26.676 Y-31.863 E19.3444
G1 X26.774 Y-31.397 E19.3673
G1 X26.775 Y-21.398 E19.84822
G1 X26.71 Y-20.989 E19.86814
G1 X26.563 Y-20.761 E19.88119
G1 X26.364 Y-20.608 E19.89326
G1 X25.991 Y-20.514 E19.91176
G1 X-22.097 Y-20.511 E22.22463
G1 X-22.588 Y-20.359 E22.24935
G1 X-22.941 Y-20.07 E22.27129
G1 X-23.065 Y-19.894 E22.28164
G1 X-23.194 Y-19.558 E22.29895
G1 X-23.225 Y-19.291 E22.31188
G1 X-23.225 Y-16.572 E22.44265
G1 X-23.621 Y-16.512 F7800
G1 E20.44265 F2400
G92 E0
G1 X-24.071 Y-20.239 F7800
G1 E2 F2400
;TYPE:Internal infill
;WIDTH:0.45
G1 F4800
G1 X-24.259 Y-19.62 E2.03111
G1 X-24.285 Y-17.956 E2.11115
G1 X-25.715 Y-19.385 E2.20838
G1 X-25.715 Y-19.818 E2.22921
G1 X-22.634 Y-31.314 E2.80164
G1 X-22.046 Y-31.208 E2.83038
G1 X-21.177 Y-31.208 E2.87218
G1 X-18.524 Y-28.555 E3.05263
G1 X-18.043 Y-28.863 E3.0801
G1 X-17.23 Y-29.134 E3.12132
G1 X-16.674 Y-31.208 E3.22459
G1 E1.22459 F2400
G92 E0
G1 X-16.674 Y-31.208 F7800
G1 X-25.715 Y-34.665
G1 E2 F2400
G1 F4800
G1 X-25.715 Y-35.21 E2.02621
G1 X-25.18 Y-35.21 E2.05194
G1 X-24.285 Y-34.316 E2.11278
G1 X-24.285 Y-34.855 E2.1387
G1 X-25.715 Y-34.472 E2.2099
G1 X-25.715 Y-32.158 E2.3212
G1 E.3212 F2400
G92 E0
G1 X-25.715 Y-32.158 F7800
G1 X-25.715 Y-24.809
G1 E2 F2400
G1 F4800
G1 X-25.715 Y-22.495 E2.1113
G1 X-18.681 Y-24.38 E2.46155
G1 X-18.539 Y-24.247 E2.47091
G1 X-19.257 Y-21.569 E2.60426
G1 X-19.719 Y-21.569 E2.62648
G1 X-25.715 Y-27.565 E3.03432
G1 X-25.715 Y-28.483 E3.07847
G1 X-15.548 Y-31.208 E3.58473
G1 X-12.997 Y-31.208 E3.70742
G1 X-10.965 Y-29.176 E3.84563
G1 X-11.23 Y-29.176 E3.85838
G1 X-10.686 Y-31.207 E3.95951
G1 X-8.372 Y-31.207 E4.07081
G1 E2.07081 F2400
G92 E0
G1 X-8.372 Y-31.207 F7800
G1 X-7.556 Y-29.176
G1 E2 F2400
G1 F4800
G1 X-5.242 Y-29.176 E2.1113
G1 X-4.698 Y-31.207 E2.21243
G1 X-4.816 Y-31.207 E2.21811
G1 X-2.785 Y-29.176 E2.35626
G1 X-.782 Y-29.176 E2.4526
G1 X6.8 Y-31.207 E2.83013
G1 X7.279 Y-31.207 E2.85317
G1 X6.734 Y-29.175 E2.95436
G1 X5.396 Y-29.175 E3.01871
G1 X3.364 Y-31.207 E3.15692
G1 X1.291 Y-31.207 E3.25662
G1 X.746 Y-29.176 E3.35776
G1 X3.06 Y-29.176 E3.46906
G1 E1.46906 F2400
G92 E0
G1 X3.06 Y-29.176 F7800
G1 X9.23 Y-31.207
G1 E2 F2400
G1 F4800
G1 X11.544 Y-31.207 E2.1113
G1 X13.576 Y-29.175 E2.24951
G1 X12.723 Y-29.175 E2.29054
G1 X13.267 Y-31.207 E2.39171
G1 X15.581 Y-31.207 E2.50301
G1 E.50301 F2400
G92 E0
G1 X15.581 Y-31.207 F7800
G1 X16.397 Y-29.175
G1 E2 F2400
G1 F4800
G1 X18.711 Y-29.175 E2.1113
G1 X19.256 Y-31.207 E2.21249
G1 X19.724 Y-31.207 E2.235
G1 X21.869 Y-29.062 E2.3809
G1 X21.442 Y-29.142 E2.40179
G1 X25.713 Y-30.287 E2.61446
G1 X25.713 Y-31.207 E2.65871
G1 X25.244 Y-31.207 E2.68127
G1 X22.663 Y-21.574 E3.16093
G1 X21.177 Y-21.574 E3.2324
G1 X19.144 Y-23.607 E3.37068
G1 X17.219 Y-23.607 E3.46327
G1 X16.674 Y-21.574 E3.5645
G1 E1.5645 F2400
G92 E0
G1 X16.674 Y-21.574 F7800
G1 X22.311 Y-28.886
G1 E2 F2400
G1 F4800
G1 X22.928 Y-28.475 E2.03566
G1 X23.167 Y-28.248 E2.05151
G1 X23.495 Y-27.798 E2.07829
G1 X23.761 Y-27.17 E2.11109
G1 X25.714 Y-25.218 E2.2439
G1 X25.714 Y-24.299 E2.2881
G1 X15.544 Y-21.574 E2.7945
G1 X12.998 Y-21.573 E2.91695
G1 X10.964 Y-23.607 E3.0553
G1 X11.231 Y-23.607 E3.06814
G1 X10.686 Y-21.573 E3.16942
G1 X8.372 Y-21.573 E3.28072
G1 E1.28072 F2400
G92 E0
G1 X8.372 Y-21.573 F7800
G1 X7.556 Y-23.607
G1 E2 F2400
G1 F4800
G1 X5.242 Y-23.607 E2.1113
G1 X4.697 Y-21.572 E2.21263
G1 X4.819 Y-21.572 E2.2185
G1 X2.784 Y-23.607 E2.35692
G1 X.786 Y-23.607 E2.45302
G1 X-6.814 Y-21.571 E2.83144
G1 X-7.28 Y-21.571 E2.85385
G1 X-6.734 Y-23.607 E2.95523
G1 X-5.397 Y-23.607 E3.01954
G1 X-3.361 Y-21.571 E3.15803
G1 X-1.291 Y-21.572 E3.25759
G1 X-.746 Y-23.607 E3.35892
G1 X-3.06 Y-23.607 E3.47022
G1 E1.47022 F2400
G92 E0
G1 X-3.06 Y-23.607 F7800
G1 X-9.226 Y-21.571
G1 E2 F2400
G1 F4800
G1 X-11.54 Y-21.57 E2.1113
G1 X-13.577 Y-23.607 E2.24985
G1 X-12.723 Y-23.607 E2.29092
G1 X-13.268 Y-21.57 E2.39234
G1 X-15.582 Y-21.57 E2.50364
G1 E.50364 F2400
G92 E0
G1 X-15.582 Y-21.57 F7800
G1 X-24.052 Y-40.339
G1 E2 F2400
;TYPE:Perimeter
;WIDTH:0.562053
G1 F900
G1 X-25.948 Y-40.339 E2.11769
G1 E.11769 F2400
G92 E0
G1 X-25.948 Y-40.339 F7800
G1 X-23.611 Y-39.897
G1 E2 F2400
;WIDTH:0.45
G1 F900
G1 X-26.389 Y-39.897 E2.13361
G1 X-26.389 Y-40.78 E2.17608
G1 X-23.611 Y-40.78 E2.30969
G1 X-23.611 Y-40.339 E2.3309
G1 X-23.611 Y-39.957 E2.34927
G1 X-23.611 Y-39.957 F7800
G1 X-23.225 Y-39.512
;TYPE:External perimeter
G1 F900
G1 X-26.775 Y-39.512 E2.52001
G1 X-26.775 Y-41.166 E2.59956
G1 X-23.225 Y-41.166 E2.7703
G1 X-23.225 Y-40.339 E2.81008
G1 X-23.225 Y-39.572 E2.84697
G1 X-23.621 Y-39.512 F7800
;LAYER_CHANGE
;Z:6.65
;HEIGHT:0.3
G1 Z6.65 F7800
G1 E.84697 F2400
G92 E0
G1 X-24.011 Y-12.402 F7800
G1 E2 F2400
;TYPE:Perimeter
;WIDTH:0.478735
G1 F900
G1 X-25.989 Y-12.402 E2.10222
G1 E.10222 F2400
G92 E0
G1 X-25.989 Y-12.402 F7800
G1 X-23.611 Y-12.802
G1 E2 F2400
;WIDTH:0.45
G1 F900
G1 X-23.611 Y-12.402 E2.01924
G1 X-23.611 Y-12.002 E2.03848
G1 X-26.389 Y-12.002 E2.17209
G1 X-26.389 Y-12.802 E2.21057
G1 X-23.671 Y-12.802 E2.3413
G1 X-23.671 Y-12.802 F7800
G1 X-23.225 Y-13.187
;TYPE:External perimeter
G1 F900
G1 X-23.225 Y-12.402 E2.37906
G1 X-23.225 Y-11.616 E2.41686
G1 X-26.775 Y-11.616 E2.5876
G1 X-26.775 Y-13.187 E2.66316
G1 X-23.285 Y-13.187 E2.83102
G1 X-23.226 Y-12.792 F7800
G1 E.83102 F2400
G92 E0
G1 X21.465 Y-28.848 F7800
G1 E2 F2400
;TYPE:Perimeter
G1 F3600
G1 X21.616 Y-28.829 E2.00732
G1 X22.354 Y-28.536 E2.04551
G1 X22.811 Y-28.199 E2.07282
G1 X23.136 Y-27.823 E2.09672
G1 X23.379 Y-27.391 E2.12056
G1 X23.532 Y-26.918 E2.14447
G1 X23.591 Y-26.353 E2.17179
G1 X23.503 Y-25.743 E2.20143
G1 X23.288 Y-25.218 E2.22872
G1 X22.988 Y-24.778 E2.25433
G1 X22.578 Y-24.386 E2.28161
G1 X22.151 Y-24.132 E2.30551
G1 X21.386 Y-23.921 E2.34368
G1 X21.172 Y-23.897 E2.35404
G1 X-16.857 Y-23.897 E4.1831
G1 X-17.487 Y-24 E4.2138
G1 X-17.947 Y-24.188 E4.2377
G1 X-18.36 Y-24.463 E4.26156
G1 X-18.711 Y-24.814 E4.28543
G1 X-19.012 Y-25.295 E4.31272
G1 X-19.194 Y-25.795 E4.33831
G1 X-19.273 Y-26.357 E4.36561
G1 X-19.23 Y-26.852 E4.38951
G1 X-19.09 Y-27.328 E4.41337
G1 X-18.858 Y-27.768 E4.43729
G1 X-18.545 Y-28.152 E4.46112
G1 X-17.898 Y-28.613 E4.49933
G1 X-17.367 Y-28.814 E4.52664
G1 X-16.781 Y-28.887 E4.55504
G1 X21.172 Y-28.885 E6.38045
G1 X21.406 Y-28.856 E6.39179
G1 X21.406 Y-28.856 F7800
G1 X21.406 Y-28.458
G1 F3600
G1 X21.71 Y-28.403 E6.40665
G1 X22.196 Y-28.184 E6.43229
G1 X22.577 Y-27.892 E6.45538
G1 X22.897 Y-27.486 E6.48024
G1 X23.078 Y-27.108 E6.5004
G1 X23.181 Y-26.7 E6.52064
G1 X23.201 Y-26.281 E6.54082
G1 X23.137 Y-25.866 E6.56102
G1 X22.97 Y-25.435 E6.58325
G1 X22.67 Y-24.995 E6.60886
G1 X22.33 Y-24.682 E6.63109
G1 X21.819 Y-24.415 E6.65882
G1 X21.172 Y-24.282 E6.69059
G1 X-16.857 Y-24.282 E8.51965
G1 X-17.355 Y-24.363 E8.54392
G1 X-17.746 Y-24.517 E8.56413
G1 X-18.098 Y-24.746 E8.58433
G1 X-18.398 Y-25.039 E8.6045
G1 X-18.65 Y-25.427 E8.62675
G1 X-18.832 Y-25.927 E8.65234
G1 X-18.89 Y-26.429 E8.67665
G1 X-18.822 Y-26.916 E8.7003
G1 X-18.724 Y-27.205 E8.71498
G1 X-18.457 Y-27.668 E8.74069
G1 X-18.136 Y-28 E8.7629
G1 X-17.688 Y-28.289 E8.78854
G1 X-17.183 Y-28.463 E8.81423
G1 X-16.781 Y-28.502 E8.83366
G1 X21.172 Y-28.5 E10.65907
G1 X21.347 Y-28.468 E10.66763
G1 X21.347 Y-28.468 F7800
G1 X21.35 Y-28.085
;TYPE:External perimeter
G1 F1800
G1 X21.552 Y-28.052 E10.67747
G1 X22.037 Y-27.833 E10.70306
G1 X22.342 Y-27.581 E10.72209
G1 X22.554 Y-27.31 E10.73864
G1 X22.707 Y-27.003 E10.75514
G1 X22.796 Y-26.672 E10.77163
G1 X22.818 Y-26.329 E10.78816
G1 X22.771 Y-25.989 E10.80467
G1 X22.651 Y-25.653 E10.82183
G1 X22.351 Y-25.213 E10.84744
G1 X22.05 Y-24.956 E10.86648
G1 X21.733 Y-24.791 E10.88367
G1 X21.172 Y-24.668 E10.91129
G1 X-16.857 Y-24.668 E12.74035
G1 X-17.223 Y-24.725 E12.75817
G1 X-17.545 Y-24.846 E12.77471
G1 X-17.836 Y-25.028 E12.79122
G1 X-18.085 Y-25.265 E12.80775
G1 X-18.288 Y-25.559 E12.82493
G1 X-18.47 Y-26.059 E12.85052
G1 X-18.503 Y-26.453 E12.86954
G1 X-18.456 Y-26.793 E12.88605
G1 X-18.359 Y-27.083 E12.90076
G1 X-18.168 Y-27.413 E12.9191
G1 X-17.926 Y-27.676 E12.93629
G1 X-17.479 Y-27.965 E12.96189
G1 X-17.102 Y-28.085 E12.98092
G1 X-16.781 Y-28.116 E12.99643
G1 X21.172 Y-28.114 E14.82184
G1 X21.291 Y-28.095 E14.82764
G1 X21.676 Y-27.987 F7800
G1 E12.82764 F2400
G92 E0
G1 X-23.996 Y-17.366 F7800
G1 E2 F2400
;TYPE:Perimeter
G1 F3600
G1 X-26.004 Y-17.366 E2.09658
G1 X-26.004 Y-35.416 E2.96472
G1 X-23.996 Y-35.416 E3.0613
G1 X-23.996 Y-33.491 E3.15389
G1 X-23.899 Y-32.909 E3.18227
G1 X-23.76 Y-32.569 E3.19994
G1 X-23.547 Y-32.245 E3.21859
G1 X-23.295 Y-31.985 E3.236
G1 X-22.977 Y-31.762 E3.25468
G1 X-22.635 Y-31.61 E3.27268
G1 X-22.022 Y-31.497 E3.30266
G1 X25.893 Y-31.496 E5.60721
G1 X25.983 Y-31.481 E5.6116
G1 X26.002 Y-31.397 E5.61574
G1 X26.004 Y-21.398 E6.09666
G1 X25.96 Y-21.286 E6.10245
G1 X-22.174 Y-21.278 E8.41753
G1 X-22.821 Y-21.094 E8.44988
G1 X-23.093 Y-20.957 E8.46453
G1 X-23.406 Y-20.699 E8.48404
G1 X-23.76 Y-20.22 E8.51269
G1 X-23.953 Y-19.683 E8.54014
G1 X-23.996 Y-19.292 E8.55906
G1 X-23.996 Y-17.426 E8.64881
G1 X-23.996 Y-17.426 F7800
G1 X-23.611 Y-16.98
G1 F3600
G1 X-26.389 Y-16.98 E8.78242
G1 X-26.389 Y-35.802 E9.68769
G1 X-23.611 Y-35.802 E9.8213
G1 X-23.611 Y-33.491 E9.93245
G1 X-23.521 Y-32.985 E9.95717
G1 X-23.437 Y-32.78 E9.96783
G1 X-23.225 Y-32.457 E9.98641
G1 X-23.074 Y-32.301 E9.99685
G1 X-22.755 Y-32.078 E10.01557
G1 X-22.55 Y-31.987 E10.02636
G1 X-22.022 Y-31.882 E10.05225
G1 X25.893 Y-31.882 E12.3568
G1 X26.154 Y-31.84 E12.36951
G1 X26.326 Y-31.684 E12.38068
G1 X26.388 Y-31.397 E12.3948
G1 X26.389 Y-21.398 E12.87572
G1 X26.347 Y-21.137 E12.88843
G1 X26.18 Y-20.953 E12.90038
G1 X25.975 Y-20.9 E12.91056
G1 X-22.135 Y-20.894 E15.22448
G1 X-22.705 Y-20.727 E15.25305
G1 X-23.012 Y-20.541 E15.27031
G1 X-23.315 Y-20.212 E15.29182
G1 X-23.528 Y-19.787 E15.31468
G1 X-23.611 Y-19.292 E15.33882
G1 X-23.611 Y-17.04 E15.44713
G1 X-23.611 Y-17.04 F7800
G1 X-23.225 Y-16.595
;TYPE:External perimeter
G1 F1800
G1 X-26.775 Y-16.595 E15.61787
G1 X-26.775 Y-36.187 E16.56018
G1 X-23.225 Y-36.187 E16.73092
G1 X-23.225 Y-33.491 E16.86059
G1 X-23.143 Y-33.06 E16.88169
G1 X-22.903 Y-32.669 E16.90376
G1 X-22.534 Y-32.393 E16.92592
G1 X-22.025 Y-32.268 E16.95113
G1 X25.893 Y-32.268 E19.25582
G1 X26.298 Y-32.204 E19.27554
G1 X26.508 Y-32.074 E19.28742
G1 X26.676 Y-31.863 E19.30039
G1 X26.774 Y-31.397 E19.32329
G1 X26.775 Y-21.398 E19.80421
G1 X26.71 Y-20.989 E19.82413
G1 X26.563 Y-20.761 E19.83718
G1 X26.364 Y-20.608 E19.84925
G1 X25.991 Y-20.514 E19.86775
G1 X-22.097 Y-20.511 E22.18062
G1 X-22.588 Y-20.359 E22.20534
G1 X-22.787 Y-20.228 E22.2168
G1 X-23.022 Y-19.961 E22.23391
G1 X-23.174 Y-19.634 E22.25125
G1 X-23.225 Y-19.292 E22.26788
G1 X-23.225 Y-16.655 E22.39471
G1 X-23.621 Y-16.595 F7800
G1 E20.39471 F2400
G92 E0
G1 X-24.069 Y-20.236 F7800
G1 E2 F2400
;TYPE:Internal infill
;WIDTH:0.45
G1 F4800
G1 X-24.276 Y-19.449 E2.03914
G1 X-24.283 Y-17.954 E2.11105
G1 X-25.715 Y-19.385 E2.20842
G1 X-25.715 Y-19.818 E2.22925
G1 X-22.634 Y-31.314 E2.80168
G1 X-22.046 Y-31.208 E2.83042
G1 X-21.177 Y-31.208 E2.87222
G1 X-18.521 Y-28.552 E3.05288
G1 X-17.749 Y-28.999 E3.09579
G1 X-17.23 Y-29.134 E3.12158
G1 X-16.674 Y-31.208 E3.22485
G1 E1.22485 F2400
G92 E0
G1 X-16.674 Y-31.208 F7800
G1 X-25.715 Y-34.665
G1 E2 F2400
G1 F4800
G1 X-25.715 Y-35.127 E2.02222
G1 X-25.096 Y-35.127 E2.05199
G1 X-24.285 Y-34.316 E2.10715
G1 X-24.285 Y-34.855 E2.13307
G1 X-25.715 Y-34.472 E2.20427
G1 X-25.715 Y-32.158 E2.31557
G1 E.31557 F2400
G92 E0
G1 X-25.715 Y-32.158 F7800
G1 X-25.715 Y-24.809
G1 E2 F2400
G1 F4800
G1 X-25.715 Y-22.495 E2.1113
G1 X-18.693 Y-24.377 E2.46095
G1 X-18.542 Y-24.239 E2.47079
G1 X-19.257 Y-21.57 E2.60369
G1 X-19.72 Y-21.57 E2.62596
G1 X-25.715 Y-27.565 E3.03373
G1 X-25.715 Y-28.483 E3.07788
G1 X-15.548 Y-31.208 E3.58414
G1 X-12.997 Y-31.208 E3.70683
G1 X-10.965 Y-29.176 E3.84504
G1 X-11.23 Y-29.176 E3.85779
G1 X-10.686 Y-31.207 E3.95892
G1 X-8.372 Y-31.207 E4.07022
G1 E2.07022 F2400
G92 E0
G1 X-8.372 Y-31.207 F7800
G1 X-7.556 Y-29.176
G1 E2 F2400
G1 F4800
G1 X-5.242 Y-29.176 E2.1113
G1 X-4.698 Y-31.207 E2.21243
G1 X-4.816 Y-31.207 E2.21811
G1 X-2.785 Y-29.176 E2.35626
G1 X-.782 Y-29.176 E2.4526
G1 X6.8 Y-31.207 E2.83013
G1 X7.279 Y-31.207 E2.85317
G1 X6.734 Y-29.175 E2.95436
G1 X5.396 Y-29.175 E3.01871
G1 X3.364 Y-31.207 E3.15692
G1 X1.291 Y-31.207 E3.25662
G1 X.746 Y-29.176 E3.35776
G1 X3.06 Y-29.176 E3.46906
G1 E1.46906 F2400
G92 E0
G1 X3.06 Y-29.176 F7800
G1 X9.23 Y-31.207
G1 E2 F2400
G1 F4800
G1 X11.544 Y-31.207 E2.1113
G1 X13.576 Y-29.175 E2.24951
G1 X12.723 Y-29.175 E2.29054
G1 X13.267 Y-31.207 E2.39171
G1 X15.581 Y-31.207 E2.50301
G1 E.50301 F2400
G92 E0
G1 X15.581 Y-31.207 F7800
G1 X16.397 Y-29.175
G1 E2 F2400
G1 F4800
G1 X18.711 Y-29.175 E2.1113
G1 X19.256 Y-31.207 E2.21249
G1 X19.724 Y-31.207 E2.235
G1 X21.881 Y-29.051 E2.38168
G1 X21.442 Y-29.142 E2.40324
G1 X25.713 Y-30.287 E2.61591
G1 X25.713 Y-31.207 E2.66016
G1 X25.244 Y-31.207 E2.68272
G1 X22.663 Y-21.575 E3.16233
G1 X21.177 Y-21.574 E3.2338
G1 X19.144 Y-23.607 E3.37208
G1 X17.219 Y-23.607 E3.46467
G1 X16.674 Y-21.574 E3.5659
G1 E1.5659 F2400
G92 E0
G1 X16.674 Y-21.574 F7800
G1 X22.308 Y-28.874
G1 E2 F2400
G1 F4800
G1 X22.759 Y-28.621 E2.02487
G1 X23.169 Y-28.246 E2.05159
G1 X23.495 Y-27.798 E2.07824
G1 X23.761 Y-27.17 E2.11104
G1 X25.714 Y-25.218 E2.24385
G1 X25.714 Y-24.299 E2.28805
G1 X15.545 Y-21.574 E2.7944
G1 X12.998 Y-21.573 E2.9169
G1 X10.964 Y-23.607 E3.05525
G1 X11.231 Y-23.607 E3.06809
G1 X10.686 Y-21.573 E3.16937
G1 X8.372 Y-21.573 E3.28067
G1 E1.28067 F2400
G92 E0
G1 X7.556 Y-23.607 F7800
G1 E2 F2400
G1 F4800
G1 X5.242 Y-23.607 E2.1113
G1 X4.697 Y-21.573 E2.21258
G1 X4.818 Y-21.573 E2.2184
G1 X2.784 Y-23.607 E2.35675
G1 X.786 Y-23.607 E2.45285
G1 X-6.813 Y-21.571 E2.83123
G1 X-7.28 Y-21.571 E2.85369
G1 X-6.734 Y-23.607 E2.95507
G1 X-5.397 Y-23.607 E3.01938
G1 X-3.361 Y-21.572 E3.15783
G1 X-1.291 Y-21.572 E3.25739
G1 X-.746 Y-23.607 E3.35872
G1 X-3.06 Y-23.607 E3.47002
G1 E1.47002 F2400
G92 E0
G1 X-3.06 Y-23.607 F7800
G1 X-9.226 Y-21.571
G1 E2 F2400
G1 F4800
G1 X-11.54 Y-21.571 E2.1113
G1 X-13.577 Y-23.607 E2.24982
G1 X-12.723 Y-23.607 E2.29089
G1 X-13.268 Y-21.571 E2.39226
G1 X-15.582 Y-21.57 E2.50356
G1 E.50356 F2400
G92 E0
G1 X-15.582 Y-21.57 F7800
G1 X-24.011 Y-40.38
G1 E2 F2400
;TYPE:Perimeter
;WIDTH:0.478735
G1 F900
G1 X-25.989 Y-40.38 E2.10222
G1 E.10222 F2400
G92 E0
G1 X-25.989 Y-40.38 F7800
G1 X-23.611 Y-39.98
G1 E2 F2400
;WIDTH:0.45
G1 F900
G1 X-26.389 Y-39.98 E2.13361
G1 X-26.389 Y-40.78 E2.17209
G1 X-23.611 Y-40.78 E2.3057
G1 X-23.611 Y-40.38 E2.32494
G1 X-23.611 Y-40.04 E2.34129
G1 X-23.611 Y-40.04 F7800
G1 X-23.225 Y-39.595
;TYPE:External perimeter
G1 F900
G1 X-26.775 Y-39.595 E2.51203
G1 X-26.775 Y-41.166 E2.58759
G1 X-23.225 Y-41.166 E2.75833
G1 X-23.225 Y-40.38 E2.79613
G1 X-23.225 Y-39.655 E2.831
G1 X-23.621 Y-39.595 F7800
;LAYER_CHANGE
;Z:6.95
;HEIGHT:0.3
G1 Z6.95 F7800
G1 E.831 F2400
G92 E0
G1 X-24.001 Y-12.392 F7800
G1 E2 F2400
;TYPE:Perimeter
;WIDTH:0.458621
G1 F900
G1 X-25.999 Y-12.392 E2.09825
G1 E.09825 F2400
G92 E0
G1 X-25.999 Y-12.392 F7800
G1 X-23.611 Y-12.782
G1 E2 F2400
;WIDTH:0.45
G1 F900
G1 X-23.611 Y-12.392 E2.01876
G1 X-23.611 Y-12.002 E2.03752
G1 X-26.389 Y-12.002 E2.17113
G1 X-26.389 Y-12.782 E2.20865
G1 X-23.671 Y-12.782 E2.33938
G1 X-23.671 Y-12.782 F7800
G1 X-23.225 Y-13.167
;TYPE:External perimeter
G1 F900
G1 X-23.225 Y-12.392 E2.37665
G1 X-23.225 Y-11.616 E2.41397
G1 X-26.775 Y-11.616 E2.58471
G1 X-26.775 Y-13.167 E2.65931
G1 X-23.285 Y-13.167 E2.82717
G1 X-23.226 Y-12.772 F7800
G1 E.82717 F2400
G92 E0
G1 X21.464 Y-28.838 F7800
G1 E2 F2400
;TYPE:Perimeter
G1 F3600
G1 X21.803 Y-28.782 E2.01653
G1 X22.322 Y-28.555 E2.04378
G1 X22.754 Y-28.244 E2.06938
G1 X23.136 Y-27.823 E2.09672
G1 X23.379 Y-27.391 E2.12056
G1 X23.532 Y-26.918 E2.14447
G1 X23.591 Y-26.353 E2.17179
G1 X23.503 Y-25.743 E2.20143
G1 X23.288 Y-25.218 E2.22872
G1 X22.988 Y-24.778 E2.25433
G1 X22.578 Y-24.386 E2.28161
G1 X22.151 Y-24.133 E2.30548
G1 X21.387 Y-23.921 E2.34361
G1 X21.172 Y-23.897 E2.35401
G1 X-16.857 Y-23.897 E4.18307
G1 X-17.487 Y-24 E4.21377
G1 X-17.947 Y-24.188 E4.23767
G1 X-18.36 Y-24.463 E4.26153
G1 X-18.711 Y-24.814 E4.2854
G1 X-18.985 Y-25.228 E4.30928
G1 X-19.111 Y-25.506 E4.32396
G1 X-19.185 Y-25.759 E4.33664
G1 X-19.265 Y-26.286 E4.36228
G1 X-19.23 Y-26.852 E4.38955
G1 X-19.085 Y-27.343 E4.41417
G1 X-18.858 Y-27.768 E4.43734
G1 X-18.544 Y-28.152 E4.4612
G1 X-18.161 Y-28.467 E4.48505
G1 X-17.722 Y-28.7 E4.50895
G1 X-16.948 Y-28.873 E4.5471
G1 X-16.781 Y-28.887 E4.55516
G1 X21.172 Y-28.885 E6.38057
G1 X21.404 Y-28.847 E6.39188
G1 X21.404 Y-28.847 F7800
G1 X21.407 Y-28.462
G1 F3600
G1 X21.671 Y-28.42 E6.40474
G1 X22.097 Y-28.242 E6.42695
G1 X22.529 Y-27.931 E6.45255
G1 X22.834 Y-27.583 E6.47481
G1 X23.078 Y-27.108 E6.50049
G1 X23.181 Y-26.7 E6.52073
G1 X23.201 Y-26.281 E6.54091
G1 X23.137 Y-25.866 E6.56111
G1 X22.97 Y-25.435 E6.58334
G1 X22.67 Y-24.995 E6.60895
G1 X22.33 Y-24.682 E6.63118
G1 X21.819 Y-24.415 E6.65891
G1 X21.172 Y-24.282 E6.69068
G1 X-16.857 Y-24.282 E8.51974
G1 X-17.355 Y-24.363 E8.54401
G1 X-17.746 Y-24.517 E8.56422
G1 X-18.098 Y-24.746 E8.58442
G1 X-18.398 Y-25.039 E8.60459
G1 X-18.634 Y-25.387 E8.62481
G1 X-18.759 Y-25.665 E8.63947
G1 X-18.883 Y-26.343 E8.67262
G1 X-18.826 Y-26.903 E8.69969
G1 X-18.677 Y-27.31 E8.72054
G1 X-18.457 Y-27.668 E8.74075
G1 X-18.171 Y-27.975 E8.76093
G1 X-17.829 Y-28.22 E8.78116
G1 X-17.404 Y-28.401 E8.80338
G1 X-16.781 Y-28.502 E8.83374
G1 X21.172 Y-28.5 E10.65915
G1 X21.348 Y-28.472 E10.66772
G1 X21.348 Y-28.472 F7800
G1 X21.35 Y-28.086
;TYPE:External perimeter
G1 F1800
G1 X21.539 Y-28.057 E10.67692
G1 X21.872 Y-27.928 E10.6941
G1 X22.304 Y-27.618 E10.71967
G1 X22.554 Y-27.31 E10.73875
G1 X22.707 Y-27.003 E10.75525
G1 X22.796 Y-26.672 E10.77174
G1 X22.818 Y-26.329 E10.78827
G1 X22.771 Y-25.989 E10.80478
G1 X22.651 Y-25.653 E10.82194
G1 X22.351 Y-25.213 E10.84755
G1 X22.05 Y-24.956 E10.86659
G1 X21.733 Y-24.791 E10.88378
G1 X21.172 Y-24.668 E10.9114
G1 X-16.857 Y-24.668 E12.74046
G1 X-17.223 Y-24.725 E12.75828
G1 X-17.545 Y-24.846 E12.77482
G1 X-17.836 Y-25.028 E12.79133
G1 X-18.085 Y-25.265 E12.80786
G1 X-18.282 Y-25.546 E12.82437
G1 X-18.408 Y-25.824 E12.83905
G1 X-18.502 Y-26.401 E12.86717
G1 X-18.456 Y-26.793 E12.88615
G1 X-18.343 Y-27.118 E12.9027
G1 X-18.168 Y-27.413 E12.9192
G1 X-17.938 Y-27.668 E12.93572
G1 X-17.662 Y-27.872 E12.95223
G1 X-17.337 Y-28.021 E12.96943
G1 X-16.781 Y-28.116 E12.99656
G1 X21.172 Y-28.114 E14.82197
G1 X21.291 Y-28.096 E14.82776
G1 X21.678 Y-27.996 F7800
G1 E12.82776 F2400
G92 E0
G1 X-23.996 Y-17.386 F7800
G1 E2 F2400
;TYPE:Perimeter
G1 F3600
G1 X-26.004 Y-17.386 E2.09658
G1 X-26.004 Y-35.396 E2.9628
G1 X-23.996 Y-35.396 E3.05938
G1 X-23.996 Y-33.491 E3.151
G1 X-23.899 Y-32.909 E3.17938
G1 X-23.76 Y-32.569 E3.19705
G1 X-23.547 Y-32.245 E3.2157
G1 X-23.295 Y-31.985 E3.23311
G1 X-22.977 Y-31.762 E3.25179
G1 X-22.635 Y-31.61 E3.26979
G1 X-22.022 Y-31.497 E3.29977
G1 X25.893 Y-31.496 E5.60432
G1 X25.983 Y-31.481 E5.60871
G1 X26.002 Y-31.397 E5.61285
G1 X26.004 Y-21.398 E6.09377
G1 X25.96 Y-21.286 E6.09956
G1 X-22.175 Y-21.278 E8.41469
G1 X-22.821 Y-21.094 E8.447
G1 X-23.093 Y-20.957 E8.46165
G1 X-23.406 Y-20.699 E8.48116
G1 X-23.76 Y-20.22 E8.50981
G1 X-23.953 Y-19.683 E8.53726
G1 X-23.996 Y-19.292 E8.55618
G1 X-23.996 Y-17.446 E8.64497
G1 X-23.996 Y-17.446 F7800
G1 X-23.611 Y-17.001
G1 F3600
G1 X-26.389 Y-17.001 E8.77858
G1 X-26.389 Y-35.782 E9.68188
G1 X-23.611 Y-35.782 E9.81549
G1 X-23.611 Y-33.491 E9.92568
G1 X-23.521 Y-32.985 E9.9504
G1 X-23.437 Y-32.78 E9.96106
G1 X-23.225 Y-32.457 E9.97964
G1 X-23.074 Y-32.301 E9.99008
G1 X-22.755 Y-32.078 E10.0088
G1 X-22.55 Y-31.987 E10.01959
G1 X-22.022 Y-31.882 E10.04548
G1 X25.893 Y-31.882 E12.35003
G1 X26.154 Y-31.84 E12.36274
G1 X26.326 Y-31.684 E12.37391
G1 X26.388 Y-31.397 E12.38803
G1 X26.389 Y-21.398 E12.86895
G1 X26.347 Y-21.137 E12.88166
G1 X26.18 Y-20.953 E12.89361
G1 X25.975 Y-20.9 E12.90379
G1 X-22.136 Y-20.894 E15.21776
G1 X-22.705 Y-20.727 E15.24628
G1 X-23.012 Y-20.541 E15.26354
G1 X-23.315 Y-20.212 E15.28505
G1 X-23.528 Y-19.787 E15.30791
G1 X-23.611 Y-19.292 E15.33205
G1 X-23.611 Y-17.061 E15.43935
G1 X-23.611 Y-17.061 F7800
G1 X-23.225 Y-16.615
;TYPE:External perimeter
G1 F1800
G1 X-26.775 Y-16.615 E15.61009
G1 X-26.775 Y-36.167 E16.55047
G1 X-23.225 Y-36.167 E16.72121
G1 X-23.225 Y-33.491 E16.84992
G1 X-23.143 Y-33.06 E16.87102
G1 X-22.903 Y-32.669 E16.89309
G1 X-22.534 Y-32.393 E16.91525
G1 X-22.025 Y-32.268 E16.94046
G1 X25.893 Y-32.268 E19.24515
G1 X26.298 Y-32.204 E19.26487
G1 X26.508 Y-32.074 E19.27675
G1 X26.676 Y-31.863 E19.28972
G1 X26.774 Y-31.397 E19.31262
G1 X26.775 Y-21.398 E19.79354
G1 X26.71 Y-20.989 E19.81346
G1 X26.563 Y-20.761 E19.82651
G1 X26.364 Y-20.608 E19.83858
G1 X25.991 Y-20.514 E19.85708
G1 X-22.097 Y-20.511 E22.16995
G1 X-22.588 Y-20.359 E22.19467
G1 X-22.787 Y-20.228 E22.20613
G1 X-23.022 Y-19.961 E22.22324
G1 X-23.174 Y-19.634 E22.24058
G1 X-23.225 Y-19.292 E22.25721
G1 X-23.225 Y-16.675 E22.38308
G1 X-23.621 Y-16.616 F7800
G1 E20.38308 F2400
G92 E0
G1 X-24.069 Y-20.236 F7800
G1 E2 F2400
;TYPE:Internal infill
;WIDTH:0.45
G1 F4800
G1 X-24.276 Y-19.449 E2.03914
G1 X-24.283 Y-17.954 E2.11105
G1 X-25.715 Y-19.385 E2.20842
G1 X-25.715 Y-19.818 E2.22925
G1 X-22.634 Y-31.314 E2.80168
G1 X-22.046 Y-31.208 E2.83042
G1 X-21.177 Y-31.208 E2.87222
G1 X-18.524 Y-28.555 E3.05267
G1 X-17.841 Y-28.963 E3.09093
G1 X-17.235 Y-29.116 E3.12099
G1 X-16.674 Y-31.208 E3.22516
G1 E1.22516 F2400
G92 E0
G1 X-16.674 Y-31.208 F7800
G1 X-25.715 Y-34.665
G1 E2 F2400
G1 F4800
G1 X-25.715 Y-35.107 E2.02126
G1 X-25.076 Y-35.107 E2.05199
G1 X-24.285 Y-34.316 E2.10579
G1 X-24.285 Y-34.855 E2.13171
G1 X-25.715 Y-34.472 E2.20291
G1 X-25.715 Y-32.158 E2.31421
G1 E.31421 F2400
G92 E0
G1 X-25.715 Y-32.158 F7800
G1 X-25.715 Y-24.809
G1 E2 F2400
G1 F4800
G1 X-25.715 Y-22.495 E2.1113
G1 X-18.693 Y-24.377 E2.46095
G1 X-18.542 Y-24.239 E2.47079
G1 X-19.257 Y-21.571 E2.60364
G1 X-19.72 Y-21.571 E2.62591
G1 X-25.715 Y-27.565 E3.03365
G1 X-25.715 Y-28.483 E3.0778
G1 X-15.548 Y-31.208 E3.58406
G1 X-12.997 Y-31.208 E3.70675
G1 X-10.965 Y-29.176 E3.84496
G1 X-11.23 Y-29.176 E3.85771
G1 X-10.686 Y-31.207 E3.95884
G1 X-8.372 Y-31.207 E4.07014
G1 E2.07014 F2400
G92 E0
G1 X-8.372 Y-31.207 F7800
G1 X-7.556 Y-29.176
G1 E2 F2400
G1 F4800
G1 X-5.242 Y-29.176 E2.1113
G1 X-4.698 Y-31.207 E2.21243
G1 X-4.816 Y-31.207 E2.21811
G1 X-2.785 Y-29.176 E2.35626
G1 X-.782 Y-29.176 E2.4526
G1 X6.8 Y-31.207 E2.83013
G1 X7.279 Y-31.207 E2.85317
G1 X6.734 Y-29.175 E2.95436
G1 X5.396 Y-29.175 E3.01871
G1 X3.364 Y-31.207 E3.15692
G1 X1.291 Y-31.207 E3.25662
G1 X.746 Y-29.176 E3.35776
G1 X3.06 Y-29.176 E3.46906
G1 E1.46906 F2400
G92 E0
G1 X3.06 Y-29.176 F7800
G1 X9.23 Y-31.207
G1 E2 F2400
G1 F4800
G1 X11.544 Y-31.207 E2.1113
G1 X13.576 Y-29.175 E2.24951
G1 X12.723 Y-29.175 E2.29054
G1 X13.267 Y-31.207 E2.39171
G1 X15.581 Y-31.207 E2.50301
G1 E.50301 F2400
G92 E0
G1 X15.581 Y-31.207 F7800
G1 X16.397 Y-29.175
G1 E2 F2400
G1 F4800
G1 X18.711 Y-29.175 E2.1113
G1 X19.256 Y-31.207 E2.21249
G1 X19.724 Y-31.207 E2.235
G1 X21.869 Y-29.062 E2.3809
G1 X21.442 Y-29.142 E2.40179
G1 X25.713 Y-30.287 E2.61446
G1 X25.713 Y-31.207 E2.65871
G1 X25.244 Y-31.207 E2.68127
G1 X22.663 Y-21.575 E3.16088
G1 X21.177 Y-21.574 E3.23235
G1 X19.144 Y-23.607 E3.37063
G1 X17.219 Y-23.607 E3.46322
G1 X16.674 Y-21.574 E3.56445
G1 E1.56445 F2400
G92 E0
G1 X16.674 Y-21.574 F7800
G1 X22.311 Y-28.886
G1 E2 F2400
G1 F4800
G1 X22.928 Y-28.475 E2.03566
G1 X23.167 Y-28.248 E2.05151
G1 X23.495 Y-27.798 E2.07829
G1 X23.761 Y-27.17 E2.11109
G1 X25.714 Y-25.218 E2.2439
G1 X25.714 Y-24.299 E2.2881
G1 X15.545 Y-21.574 E2.79445
G1 X12.998 Y-21.574 E2.91695
G1 X10.964 Y-23.607 E3.05527
G1 X11.231 Y-23.607 E3.06811
G1 X10.686 Y-21.573 E3.16939
G1 X8.372 Y-21.573 E3.28069
G1 E1.28069 F2400
G92 E0
G1 X8.372 Y-21.573 F7800
G1 X7.556 Y-23.607
G1 E2 F2400
G1 F4800
G1 X5.242 Y-23.607 E2.1113
G1 X4.697 Y-21.573 E2.21258
G1 X4.818 Y-21.573 E2.2184
G1 X2.784 Y-23.607 E2.35675
G1 X.786 Y-23.607 E2.45285
G1 X-6.811 Y-21.572 E2.83112
G1 X-7.28 Y-21.572 E2.85368
G1 X-6.734 Y-23.607 E2.95502
G1 X-5.397 Y-23.607 E3.01933
G1 X-3.361 Y-21.572 E3.15778
G1 X-1.291 Y-21.572 E3.25734
G1 X-.746 Y-23.607 E3.35867
G1 X-3.06 Y-23.607 E3.46997
G1 E1.46997 F2400
G92 E0
G1 X-3.06 Y-23.607 F7800
G1 X-9.227 Y-21.572
G1 E2 F2400
G1 F4800
G1 X-11.541 Y-21.571 E2.1113
G1 X-13.577 Y-23.607 E2.24979
G1 X-12.723 Y-23.607 E2.29086
G1 X-13.268 Y-21.571 E2.39223
G1 X-15.582 Y-21.571 E2.50353
G1 E.50353 F2400
G92 E0
G1 X-15.582 Y-21.571 F7800
G1 X-24.001 Y-40.39
G1 E2 F2400
;TYPE:Perimeter
;WIDTH:0.458621
G1 F900
G1 X-25.999 Y-40.39 E2.09825
G1 E.09825 F2400
G92 E0
G1 X-25.999 Y-40.39 F7800
G1 X-23.611 Y-40.001
G1 E2 F2400
;WIDTH:0.45
G1 F900
G1 X-26.389 Y-40.001 E2.13361
G1 X-26.389 Y-40.78 E2.17108
G1 X-23.611 Y-40.78 E2.30469
G1 X-23.611 Y-40.39 E2.32345
G1 X-23.611 Y-40.061 E2.33927
G1 X-23.611 Y-40.061 F7800
G1 X-23.225 Y-39.615
;TYPE:External perimeter
G1 F900
G1 X-26.775 Y-39.615 E2.51001
G1 X-26.775 Y-41.166 E2.58461
G1 X-23.225 Y-41.166 E2.75535
G1 X-23.225 Y-40.39 E2.79267
G1 X-23.225 Y-39.675 E2.82706
G1 X-23.621 Y-39.616 F7800
;LAYER_CHANGE
;Z:7.25
;HEIGHT:0.3
G1 Z7.25 F7800
G1 E.82706 F2400
G92 E0
G1 X-24.021 Y-12.412 F7800
G1 E2 F2400
;TYPE:Perimeter
;WIDTH:0.499263
G1 F900
G1 X-25.979 Y-12.412 E2.1062
G1 E.1062 F2400
G92 E0
G1 X-25.979 Y-12.412 F7800
G1 X-23.611 Y-12.822
G1 E2 F2400
;WIDTH:0.45
G1 F900
G1 X-23.611 Y-12.412 E2.01972
G1 X-23.611 Y-12.002 E2.03944
G1 X-26.389 Y-12.002 E2.17305
G1 X-26.389 Y-12.822 E2.21249
G1 X-23.671 Y-12.822 E2.34322
G1 X-23.671 Y-12.822 F7800
G1 X-23.225 Y-13.208
;TYPE:External perimeter
G1 F900
G1 X-23.225 Y-12.412 E2.3815
G1 X-23.225 Y-11.616 E2.41978
G1 X-26.775 Y-11.616 E2.59052
G1 X-26.775 Y-13.208 E2.66709
G1 X-23.285 Y-13.208 E2.83495
G1 X-23.226 Y-12.812 F7800
G1 E.83495 F2400
G92 E0
G1 X21.464 Y-28.838 F7800
G1 E2 F2400
;TYPE:Perimeter
G1 F3600
G1 X21.803 Y-28.782 E2.01653
G1 X22.262 Y-28.594 E2.04039
G1 X22.718 Y-28.277 E2.0671
G1 X23.089 Y-27.878 E2.0933
G1 X23.379 Y-27.391 E2.12056
G1 X23.532 Y-26.918 E2.14447
G1 X23.591 Y-26.353 E2.17179
G1 X23.503 Y-25.743 E2.20143
G1 X23.288 Y-25.218 E2.22872
G1 X22.988 Y-24.778 E2.25433
G1 X22.578 Y-24.386 E2.28161
G1 X22.151 Y-24.132 E2.30551
G1 X21.386 Y-23.921 E2.34368
G1 X21.172 Y-23.897 E2.35404
G1 X-16.857 Y-23.897 E4.1831
G1 X-17.487 Y-24 E4.2138
G1 X-17.947 Y-24.188 E4.2377
G1 X-18.411 Y-24.514 E4.26497
G1 X-18.773 Y-24.904 E4.29056
G1 X-19.064 Y-25.391 E4.31785
G1 X-19.238 Y-25.958 E4.34638
G1 X-19.268 Y-26.549 E4.37484
G1 X-19.187 Y-27.039 E4.39873
G1 X-19.011 Y-27.503 E4.4226
G1 X-18.746 Y-27.923 E4.44649
G1 X-18.404 Y-28.283 E4.47037
G1 X-17.997 Y-28.567 E4.49424
G1 X-17.471 Y-28.78 E4.52153
G1 X-16.781 Y-28.887 E4.55511
G1 X21.172 Y-28.885 E6.38052
G1 X21.404 Y-28.847 E6.39183
G1 X21.404 Y-28.847 F7800
G1 X21.407 Y-28.462
G1 F3600
G1 X21.671 Y-28.42 E6.40469
G1 X22.061 Y-28.265 E6.42487
G1 X22.444 Y-28.006 E6.44711
G1 X22.806 Y-27.616 E6.4727
G1 X23.078 Y-27.108 E6.50041
G1 X23.181 Y-26.7 E6.52065
G1 X23.201 Y-26.281 E6.54083
G1 X23.137 Y-25.866 E6.56103
G1 X22.97 Y-25.435 E6.58326
G1 X22.67 Y-24.995 E6.60887
G1 X22.33 Y-24.682 E6.6311
G1 X21.819 Y-24.415 E6.65883
G1 X21.172 Y-24.282 E6.6906
G1 X-16.857 Y-24.282 E8.51966
G1 X-17.355 Y-24.363 E8.54393
G1 X-17.746 Y-24.517 E8.56414
G1 X-18.129 Y-24.776 E8.58638
G1 X-18.491 Y-25.166 E8.61197
G1 X-18.721 Y-25.567 E8.6342
G1 X-18.865 Y-26.082 E8.65992
G1 X-18.885 Y-26.501 E8.6801
G1 X-18.822 Y-26.916 E8.70029
G1 X-18.677 Y-27.31 E8.72048
G1 X-18.457 Y-27.668 E8.74069
G1 X-18.171 Y-27.975 E8.76087
G1 X-17.829 Y-28.22 E8.7811
G1 X-17.404 Y-28.401 E8.80332
G1 X-16.781 Y-28.502 E8.83368
G1 X21.172 Y-28.5 E10.65909
G1 X21.348 Y-28.472 E10.66766
G1 X21.348 Y-28.472 F7800
G1 X21.35 Y-28.086
;TYPE:External perimeter
G1 F1800
G1 X21.539 Y-28.057 E10.67686
G1 X21.86 Y-27.936 E10.69336
G1 X22.161 Y-27.744 E10.71053
G1 X22.523 Y-27.353 E10.73616
G1 X22.707 Y-27.003 E10.75518
G1 X22.796 Y-26.672 E10.77167
G1 X22.818 Y-26.329 E10.7882
G1 X22.771 Y-25.989 E10.80471
G1 X22.651 Y-25.653 E10.82187
G1 X22.351 Y-25.213 E10.84748
G1 X22.05 Y-24.956 E10.86652
G1 X21.733 Y-24.791 E10.88371
G1 X21.172 Y-24.668 E10.91133
G1 X-16.857 Y-24.668 E12.74039
G1 X-17.223 Y-24.725 E12.75821
G1 X-17.545 Y-24.846 E12.77475
G1 X-17.846 Y-25.038 E12.79192
G1 X-18.208 Y-25.429 E12.81755
G1 X-18.377 Y-25.743 E12.8347
G1 X-18.481 Y-26.111 E12.85309
G1 X-18.503 Y-26.453 E12.86957
G1 X-18.456 Y-26.793 E12.88608
G1 X-18.343 Y-27.118 E12.90263
G1 X-18.168 Y-27.413 E12.91913
G1 X-17.938 Y-27.668 E12.93565
G1 X-17.662 Y-27.872 E12.95216
G1 X-17.337 Y-28.021 E12.96936
G1 X-16.781 Y-28.116 E12.99649
G1 X21.172 Y-28.114 E14.8219
G1 X21.291 Y-28.096 E14.82769
G1 X21.679 Y-27.998 F7800
G1 E12.82769 F2400
G92 E0
G1 X-23.996 Y-17.346 F7800
G1 E2 F2400
;TYPE:Perimeter
G1 F3600
G1 X-26.004 Y-17.346 E2.09658
G1 X-26.004 Y-35.437 E2.96669
G1 X-23.996 Y-35.437 E3.06327
G1 X-23.996 Y-33.491 E3.15687
G1 X-23.899 Y-32.909 E3.18525
G1 X-23.76 Y-32.569 E3.20292
G1 X-23.547 Y-32.245 E3.22157
G1 X-23.295 Y-31.985 E3.23898
G1 X-22.977 Y-31.762 E3.25766
G1 X-22.635 Y-31.61 E3.27566
G1 X-22.022 Y-31.497 E3.30564
G1 X25.893 Y-31.496 E5.61019
G1 X25.983 Y-31.481 E5.61458
G1 X26.002 Y-31.397 E5.61872
G1 X26.004 Y-21.398 E6.09964
G1 X25.96 Y-21.286 E6.10543
G1 X-22.174 Y-21.278 E8.42051
G1 X-22.821 Y-21.094 E8.45286
G1 X-23.093 Y-20.957 E8.46751
G1 X-23.406 Y-20.699 E8.48702
G1 X-23.76 Y-20.22 E8.51567
G1 X-23.953 Y-19.683 E8.54312
G1 X-23.996 Y-19.292 E8.56204
G1 X-23.996 Y-17.406 E8.65275
G1 X-23.996 Y-17.406 F7800
G1 X-23.611 Y-16.96
G1 F3600
G1 X-26.389 Y-16.96 E8.78636
G1 X-26.389 Y-35.822 E9.69356
G1 X-23.611 Y-35.822 E9.82717
G1 X-23.611 Y-33.491 E9.93928
G1 X-23.521 Y-32.985 E9.964
G1 X-23.437 Y-32.78 E9.97466
G1 X-23.225 Y-32.457 E9.99324
G1 X-23.074 Y-32.301 E10.00368
G1 X-22.755 Y-32.078 E10.0224
G1 X-22.55 Y-31.987 E10.03319
G1 X-22.022 Y-31.882 E10.05908
G1 X25.893 Y-31.882 E12.36363
G1 X26.154 Y-31.84 E12.37634
G1 X26.326 Y-31.684 E12.38751
G1 X26.388 Y-31.397 E12.40163
G1 X26.389 Y-21.398 E12.88255
G1 X26.347 Y-21.137 E12.89526
G1 X26.18 Y-20.953 E12.90721
G1 X25.975 Y-20.9 E12.91739
G1 X-22.136 Y-20.894 E15.23136
G1 X-22.705 Y-20.727 E15.25988
G1 X-23.012 Y-20.541 E15.27714
G1 X-23.315 Y-20.212 E15.29865
G1 X-23.528 Y-19.787 E15.32151
G1 X-23.611 Y-19.292 E15.34565
G1 X-23.611 Y-17.02 E15.45493
G1 X-23.611 Y-17.02 F7800
G1 X-23.225 Y-16.574
;TYPE:External perimeter
G1 F1800
G1 X-26.775 Y-16.574 E15.62567
G1 X-26.775 Y-36.208 E16.57
G1 X-23.225 Y-36.208 E16.74074
G1 X-23.225 Y-33.491 E16.87142
G1 X-23.143 Y-33.06 E16.89252
G1 X-22.903 Y-32.669 E16.91459
G1 X-22.534 Y-32.393 E16.93675
G1 X-22.025 Y-32.268 E16.96196
G1 X25.893 Y-32.268 E19.26665
G1 X26.298 Y-32.204 E19.28637
G1 X26.508 Y-32.074 E19.29825
G1 X26.676 Y-31.863 E19.31122
G1 X26.774 Y-31.397 E19.33412
G1 X26.775 Y-21.398 E19.81504
G1 X26.71 Y-20.989 E19.83496
G1 X26.563 Y-20.761 E19.84801
G1 X26.364 Y-20.608 E19.86008
G1 X25.991 Y-20.514 E19.87858
G1 X-22.097 Y-20.511 E22.19145
G1 X-22.588 Y-20.359 E22.21617
G1 X-22.787 Y-20.228 E22.22763
G1 X-23.022 Y-19.961 E22.24474
G1 X-23.174 Y-19.634 E22.26208
G1 X-23.225 Y-19.292 E22.27871
G1 X-23.225 Y-16.634 E22.40655
G1 X-23.621 Y-16.575 F7800
G1 E20.40655 F2400
G92 E0
G1 X-24.069 Y-20.236 F7800
G1 E2 F2400
;TYPE:Internal infill
;WIDTH:0.45
G1 F4800
G1 X-24.276 Y-19.449 E2.03914
G1 X-24.283 Y-17.953 E2.11109
G1 X-25.715 Y-19.385 E2.20849
G1 X-25.715 Y-19.818 E2.22932
G1 X-22.634 Y-31.314 E2.80175
G1 X-22.046 Y-31.208 E2.83049
G1 X-21.177 Y-31.208 E2.87229
G1 X-18.524 Y-28.555 E3.05274
G1 X-17.841 Y-28.963 E3.091
G1 X-17.235 Y-29.116 E3.12106
G1 X-16.674 Y-31.208 E3.22523
G1 E1.22523 F2400
G92 E0
G1 X-16.674 Y-31.208 F7800
G1 X-25.715 Y-34.665
G1 E2 F2400
G1 F4800
G1 X-25.715 Y-35.147 E2.02318
G1 X-25.117 Y-35.147 E2.05194
G1 X-24.285 Y-34.316 E2.1085
G1 X-24.285 Y-34.855 E2.13442
G1 X-25.715 Y-34.472 E2.20562
G1 X-25.715 Y-32.158 E2.31692
G1 E.31692 F2400
G92 E0
G1 X-25.715 Y-32.158 F7800
G1 X-25.715 Y-24.809
G1 E2 F2400
G1 F4800
G1 X-25.715 Y-22.495 E2.1113
G1 X-18.681 Y-24.38 E2.46155
G1 X-18.539 Y-24.247 E2.47091
G1 X-19.257 Y-21.569 E2.60426
G1 X-19.719 Y-21.569 E2.62648
G1 X-25.715 Y-27.565 E3.03432
G1 X-25.715 Y-28.483 E3.07847
G1 X-15.548 Y-31.208 E3.58473
G1 X-12.997 Y-31.208 E3.70742
G1 X-10.965 Y-29.176 E3.84563
G1 X-11.23 Y-29.176 E3.85838
G1 X-10.686 Y-31.207 E3.95951
G1 X-8.372 Y-31.207 E4.07081
G1 E2.07081 F2400
G92 E0
G1 X-8.372 Y-31.207 F7800
G1 X-7.556 Y-29.176
G1 E2 F2400
G1 F4800
G1 X-5.242 Y-29.176 E2.1113
G1 X-4.698 Y-31.207 E2.21243
G1 X-4.816 Y-31.207 E2.21811
G1 X-2.785 Y-29.176 E2.35626
G1 X-.782 Y-29.176 E2.4526
G1 X6.8 Y-31.207 E2.83013
G1 X7.279 Y-31.207 E2.85317
G1 X6.734 Y-29.175 E2.95436
G1 X5.396 Y-29.175 E3.01871
G1 X3.364 Y-31.207 E3.15692
G1 X1.291 Y-31.207 E3.25662
G1 X.746 Y-29.176 E3.35776
G1 X3.06 Y-29.176 E3.46906
G1 E1.46906 F2400
G92 E0
G1 X3.06 Y-29.176 F7800
G1 X9.23 Y-31.207
G1 E2 F2400
G1 F4800
G1 X11.544 Y-31.207 E2.1113
G1 X13.576 Y-29.175 E2.24951
G1 X12.723 Y-29.175 E2.29054
G1 X13.267 Y-31.207 E2.39171
G1 X15.581 Y-31.207 E2.50301
G1 E.50301 F2400
G92 E0
G1 X15.581 Y-31.207 F7800
G1 X16.397 Y-29.175
G1 E2 F2400
G1 F4800
G1 X18.711 Y-29.175 E2.1113
G1 X19.256 Y-31.207 E2.21249
G1 X19.724 Y-31.207 E2.235
G1 X21.869 Y-29.062 E2.3809
G1 X21.442 Y-29.142 E2.40179
G1 X25.713 Y-30.287 E2.61446
G1 X25.713 Y-31.207 E2.65871
G1 X25.244 Y-31.207 E2.68127
G1 X22.663 Y-21.574 E3.16093
G1 X21.177 Y-21.574 E3.2324
G1 X19.144 Y-23.607 E3.37068
G1 X17.219 Y-23.607 E3.46327
G1 X16.674 Y-21.574 E3.5645
G1 E1.5645 F2400
G92 E0
G1 X16.674 Y-21.574 F7800
G1 X22.313 Y-28.89
G1 E2 F2400
G1 F4800
G1 X22.924 Y-28.481 E2.03536
G1 X23.305 Y-28.07 E2.06231
G1 X23.639 Y-27.518 E2.09334
G1 X23.761 Y-27.17 E2.11108
G1 X25.714 Y-25.218 E2.24389
G1 X25.714 Y-24.299 E2.28809
G1 X15.544 Y-21.574 E2.79449
G1 X12.998 Y-21.573 E2.91694
G1 X10.964 Y-23.607 E3.05529
G1 X11.231 Y-23.607 E3.06813
G1 X10.686 Y-21.573 E3.16941
G1 X8.372 Y-21.573 E3.28071
G1 E1.28071 F2400
G92 E0
G1 X8.372 Y-21.573 F7800
G1 X7.556 Y-23.607
G1 E2 F2400
G1 F4800
G1 X5.242 Y-23.607 E2.1113
G1 X4.697 Y-21.572 E2.21263
G1 X4.819 Y-21.572 E2.2185
G1 X2.784 Y-23.607 E2.35692
G1 X.786 Y-23.607 E2.45302
G1 X-6.814 Y-21.571 E2.83144
G1 X-7.28 Y-21.571 E2.85385
G1 X-6.734 Y-23.607 E2.95523
G1 X-5.397 Y-23.607 E3.01954
G1 X-3.361 Y-21.571 E3.15803
G1 X-1.291 Y-21.572 E3.25759
G1 X-.746 Y-23.607 E3.35892
G1 X-3.06 Y-23.607 E3.47022
G1 E1.47022 F2400
G92 E0
G1 X-3.06 Y-23.607 F7800
G1 X-9.226 Y-21.571
G1 E2 F2400
G1 F4800
G1 X-11.54 Y-21.57 E2.1113
G1 X-13.577 Y-23.607 E2.24985
G1 X-12.723 Y-23.607 E2.29092
G1 X-13.268 Y-21.57 E2.39234
G1 X-15.582 Y-21.57 E2.50364
G1 E.50364 F2400
G92 E0
G1 X-15.582 Y-21.57 F7800
G1 X-24.021 Y-40.37
G1 E2 F2400
;TYPE:Perimeter
;WIDTH:0.499263
G1 F900
G1 X-25.979 Y-40.37 E2.1062
G1 E.1062 F2400
G92 E0
G1 X-25.979 Y-40.37 F7800
G1 X-23.611 Y-39.96
G1 E2 F2400
;WIDTH:0.45
G1 F900
G1 X-26.389 Y-39.96 E2.13361
G1 X-26.389 Y-40.78 E2.17305
G1 X-23.611 Y-40.78 E2.30666
G1 X-23.611 Y-40.37 E2.32638
G1 X-23.611 Y-40.02 E2.34321
G1 X-23.611 Y-40.02 F7800
G1 X-23.225 Y-39.574
;TYPE:External perimeter
G1 F900
G1 X-26.775 Y-39.574 E2.51395
G1 X-26.775 Y-41.166 E2.59052
G1 X-23.225 Y-41.166 E2.76126
G1 X-23.225 Y-40.37 E2.79954
G1 X-23.225 Y-39.634 E2.83494
G1 X-23.621 Y-39.575 F7800
;LAYER_CHANGE
;Z:7.55
;HEIGHT:0.3
G1 Z7.55 F7800
G1 E.83494 F2400
G92 E0
G1 X-24.074 Y-12.465 F7800
G1 E2 F2400
;TYPE:Perimeter
;WIDTH:0.606193
G1 F900
G1 X-25.926 Y-12.465 E2.12515
G1 E.12515 F2400
G92 E0
G1 X-25.926 Y-12.465 F7800
G1 X-23.611 Y-12.929
G1 E2 F2400
;WIDTH:0.45
G1 F900
G1 X-23.611 Y-12.465 E2.02232
G1 X-23.611 Y-12.002 E2.04459
G1 X-26.389 Y-12.002 E2.1782
G1 X-26.389 Y-12.929 E2.22279
G1 X-23.671 Y-12.929 E2.35352
G1 X-23.671 Y-12.929 F7800
G1 X-23.225 Y-13.315
;TYPE:External perimeter
G1 F900
G1 X-23.225 Y-12.465 E2.3944
G1 X-23.225 Y-11.616 E2.43523
G1 X-26.775 Y-11.616 E2.60597
G1 X-26.775 Y-13.315 E2.68769
G1 X-23.285 Y-13.315 E2.85555
G1 X-23.226 Y-12.919 F7800
G1 E.85555 F2400
G92 E0
G1 X21.463 Y-28.838 F7800
G1 E2 F2400
;TYPE:Perimeter
G1 F3600
G1 X21.803 Y-28.782 E2.01657
G1 X22.322 Y-28.555 E2.04382
G1 X22.754 Y-28.244 E2.06942
G1 X23.136 Y-27.823 E2.09676
G1 X23.379 Y-27.391 E2.1206
G1 X23.532 Y-26.918 E2.14451
G1 X23.591 Y-26.353 E2.17183
G1 X23.538 Y-25.884 E2.19453
G1 X23.27 Y-25.185 E2.23054
G1 X22.945 Y-24.72 E2.25783
G1 X22.578 Y-24.387 E2.28166
G1 X21.869 Y-24.027 E2.3199
G1 X21.316 Y-23.907 E2.34712
G1 X21.172 Y-23.897 E2.35406
G1 X-16.857 Y-23.897 E4.18312
G1 X-17.487 Y-24 E4.21382
G1 X-17.947 Y-24.188 E4.23772
G1 X-18.36 Y-24.463 E4.26158
G1 X-18.711 Y-24.814 E4.28545
G1 X-19.012 Y-25.295 E4.31274
G1 X-19.205 Y-25.826 E4.33991
G1 X-19.273 Y-26.357 E4.36566
G1 X-19.23 Y-26.852 E4.38956
G1 X-19.085 Y-27.343 E4.41418
G1 X-18.858 Y-27.768 E4.43735
G1 X-18.544 Y-28.152 E4.46121
G1 X-18.161 Y-28.467 E4.48506
G1 X-17.722 Y-28.7 E4.50896
G1 X-16.948 Y-28.873 E4.54711
G1 X-16.781 Y-28.887 E4.55517
G1 X21.172 Y-28.885 E6.38058
G1 X21.404 Y-28.847 E6.39189
G1 X21.404 Y-28.847 F7800
G1 X21.407 Y-28.462
G1 F3600
G1 X21.671 Y-28.42 E6.40475
G1 X22.097 Y-28.241 E6.42697
G1 X22.529 Y-27.931 E6.45254
G1 X22.834 Y-27.583 E6.4748
G1 X23.078 Y-27.108 E6.50048
G1 X23.181 Y-26.7 E6.52072
G1 X23.201 Y-26.281 E6.5409
G1 X23.122 Y-25.826 E6.56311
G1 X22.915 Y-25.335 E6.58874
G1 X22.578 Y-24.89 E6.61559
G1 X22.196 Y-24.598 E6.63872
G1 X21.711 Y-24.379 E6.66431
G1 X21.172 Y-24.282 E6.69065
G1 X-16.857 Y-24.282 E8.51971
G1 X-17.355 Y-24.363 E8.54398
G1 X-17.746 Y-24.517 E8.56419
G1 X-18.098 Y-24.746 E8.58439
G1 X-18.398 Y-25.039 E8.60456
G1 X-18.65 Y-25.427 E8.62681
G1 X-18.838 Y-25.946 E8.65336
G1 X-18.885 Y-26.501 E8.68015
G1 X-18.822 Y-26.916 E8.70034
G1 X-18.677 Y-27.31 E8.72053
G1 X-18.457 Y-27.668 E8.74074
G1 X-18.171 Y-27.975 E8.76092
G1 X-17.829 Y-28.22 E8.78115
G1 X-17.404 Y-28.401 E8.80337
G1 X-16.781 Y-28.502 E8.83373
G1 X21.172 Y-28.5 E10.65914
G1 X21.348 Y-28.472 E10.66771
G1 X21.348 Y-28.472 F7800
G1 X21.35 Y-28.086
;TYPE:External perimeter
G1 F1800
G1 X21.539 Y-28.057 E10.67691
G1 X21.872 Y-27.928 E10.69409
G1 X22.304 Y-27.618 E10.71966
G1 X22.554 Y-27.31 E10.73874
G1 X22.707 Y-27.003 E10.75524
G1 X22.796 Y-26.672 E10.77173
G1 X22.818 Y-26.329 E10.78826
G1 X22.766 Y-25.976 E10.80542
G1 X22.56 Y-25.485 E10.83103
G1 X22.316 Y-25.173 E10.85008
G1 X22.037 Y-24.949 E10.86729
G1 X21.552 Y-24.73 E10.89288
G1 X21.172 Y-24.668 E10.9114
G1 X-16.857 Y-24.668 E12.74046
G1 X-17.223 Y-24.725 E12.75828
G1 X-17.545 Y-24.846 E12.77482
G1 X-17.836 Y-25.028 E12.79133
G1 X-18.085 Y-25.265 E12.80786
G1 X-18.287 Y-25.559 E12.82502
G1 X-18.472 Y-26.065 E12.85093
G1 X-18.503 Y-26.453 E12.86965
G1 X-18.456 Y-26.793 E12.88616
G1 X-18.343 Y-27.118 E12.90271
G1 X-18.168 Y-27.413 E12.91921
G1 X-17.938 Y-27.668 E12.93573
G1 X-17.662 Y-27.872 E12.95224
G1 X-17.337 Y-28.021 E12.96944
G1 X-16.781 Y-28.116 E12.99657
G1 X21.172 Y-28.114 E14.82198
G1 X21.291 Y-28.096 E14.82777
G1 X21.678 Y-27.996 F7800
G1 E12.82777 F2400
G92 E0
G1 X-23.996 Y-17.239 F7800
G1 E2 F2400
;TYPE:Perimeter
G1 F3600
G1 X-26.004 Y-17.239 E2.09658
G1 X-26.004 Y-35.543 E2.97694
G1 X-23.996 Y-35.543 E3.07352
G1 X-23.996 Y-33.491 E3.17221
G1 X-23.899 Y-32.909 E3.20059
G1 X-23.76 Y-32.569 E3.21826
G1 X-23.547 Y-32.245 E3.23691
G1 X-23.295 Y-31.985 E3.25432
G1 X-22.977 Y-31.762 E3.273
G1 X-22.635 Y-31.61 E3.291
G1 X-22.022 Y-31.497 E3.32098
G1 X25.893 Y-31.496 E5.62553
G1 X25.983 Y-31.481 E5.62992
G1 X26.002 Y-31.397 E5.63406
G1 X26.004 Y-21.398 E6.11498
G1 X25.96 Y-21.286 E6.12077
G1 X-22.078 Y-21.283 E8.43123
G1 X-22.37 Y-21.238 E8.44544
G1 X-22.994 Y-21.02 E8.47723
G1 X-23.451 Y-20.649 E8.50554
G1 X-23.708 Y-20.319 E8.52566
G1 X-23.918 Y-19.823 E8.55157
G1 X-23.996 Y-19.291 E8.57743
G1 X-23.996 Y-17.299 E8.67324
G1 X-23.996 Y-17.299 F7800
G1 X-23.611 Y-16.853
G1 F3600
G1 X-26.389 Y-16.853 E8.80685
G1 X-26.389 Y-35.929 E9.72434
G1 X-23.611 Y-35.929 E9.85795
G1 X-23.611 Y-33.491 E9.97521
G1 X-23.521 Y-32.985 E9.99993
G1 X-23.437 Y-32.78 E10.01059
G1 X-23.225 Y-32.457 E10.02917
G1 X-23.074 Y-32.301 E10.03961
G1 X-22.755 Y-32.078 E10.05833
G1 X-22.55 Y-31.987 E10.06912
G1 X-22.022 Y-31.882 E10.09501
G1 X25.893 Y-31.882 E12.39956
G1 X26.154 Y-31.84 E12.41227
G1 X26.326 Y-31.684 E12.42344
G1 X26.388 Y-31.397 E12.43756
G1 X26.389 Y-21.398 E12.91848
G1 X26.347 Y-21.137 E12.93119
G1 X26.18 Y-20.953 E12.94314
G1 X25.975 Y-20.9 E12.95332
G1 X-20.826 Y-20.897 E15.20429
G1 X-22.253 Y-20.87 E15.27294
G1 X-22.808 Y-20.682 E15.30112
G1 X-23.196 Y-20.359 E15.3254
G1 X-23.387 Y-20.106 E15.34065
G1 X-23.556 Y-19.69 E15.36225
G1 X-23.611 Y-19.291 E15.38162
G1 X-23.611 Y-16.913 E15.49599
G1 X-23.611 Y-16.913 F7800
G1 X-23.225 Y-16.467
;TYPE:External perimeter
G1 F1800
G1 X-26.775 Y-16.467 E15.66673
G1 X-26.775 Y-36.315 E16.62135
G1 X-23.225 Y-36.315 E16.79209
G1 X-23.225 Y-33.491 E16.92791
G1 X-23.143 Y-33.06 E16.94901
G1 X-22.903 Y-32.669 E16.97108
G1 X-22.534 Y-32.393 E16.99324
G1 X-22.025 Y-32.268 E17.01845
G1 X25.893 Y-32.268 E19.32314
G1 X26.298 Y-32.204 E19.34286
G1 X26.508 Y-32.074 E19.35474
G1 X26.676 Y-31.863 E19.36771
G1 X26.774 Y-31.397 E19.39061
G1 X26.775 Y-21.398 E19.87153
G1 X26.71 Y-20.989 E19.89145
G1 X26.563 Y-20.761 E19.9045
G1 X26.364 Y-20.608 E19.91657
G1 X25.991 Y-20.514 E19.93507
G1 X-22.097 Y-20.511 E22.24794
G1 X-22.588 Y-20.359 E22.27266
G1 X-22.941 Y-20.07 E22.2946
G1 X-23.065 Y-19.894 E22.30495
G1 X-23.194 Y-19.558 E22.32226
G1 X-23.225 Y-19.291 E22.33519
G1 X-23.225 Y-16.527 E22.46813
G1 X-23.621 Y-16.468 F7800
G1 E20.46813 F2400
G92 E0
G1 X-24.072 Y-20.237 F7800
G1 E2 F2400
;TYPE:Internal infill
;WIDTH:0.45
G1 F4800
G1 X-24.192 Y-19.916 E2.01648
G1 X-24.28 Y-19.409 E2.04123
G1 X-24.284 Y-17.954 E2.11121
G1 X-25.715 Y-19.385 E2.20854
G1 X-25.715 Y-19.818 E2.22937
G1 X-22.634 Y-31.314 E2.8018
G1 X-22.046 Y-31.208 E2.83054
G1 X-21.177 Y-31.208 E2.87234
G1 X-18.524 Y-28.555 E3.05279
G1 X-17.841 Y-28.963 E3.09105
G1 X-17.235 Y-29.116 E3.12111
G1 X-16.674 Y-31.208 E3.22528
G1 E1.22528 F2400
G92 E0
G1 X-16.674 Y-31.208 F7800
G1 X-24.285 Y-35.047
G1 E2 F2400
G1 F4800
G1 X-24.285 Y-35.254 E2.00996
G1 X-25.224 Y-35.254 E2.05512
G1 X-24.285 Y-34.316 E2.11896
G1 X-24.285 Y-34.855 E2.14488
G1 X-25.715 Y-34.472 E2.21608
G1 X-25.715 Y-32.158 E2.32738
G1 E.32738 F2400
G92 E0
G1 X-25.715 Y-32.158 F7800
G1 X-25.715 Y-24.809
G1 E2 F2400
G1 F4800
G1 X-25.715 Y-22.495 E2.1113
G1 X-18.693 Y-24.377 E2.46095
G1 X-18.542 Y-24.239 E2.47079
G1 X-19.257 Y-21.57 E2.60369
G1 X-19.72 Y-21.57 E2.62596
G1 X-25.715 Y-27.565 E3.03373
G1 X-25.715 Y-28.483 E3.07788
G1 X-15.548 Y-31.208 E3.58414
G1 X-12.997 Y-31.208 E3.70683
G1 X-10.965 Y-29.176 E3.84504
G1 X-11.23 Y-29.176 E3.85779
G1 X-10.686 Y-31.207 E3.95892
G1 X-8.372 Y-31.207 E4.07022
G1 E2.07022 F2400
G92 E0
G1 X-8.372 Y-31.207 F7800
G1 X-7.556 Y-29.176
G1 E2 F2400
G1 F4800
G1 X-5.242 Y-29.176 E2.1113
G1 X-4.698 Y-31.207 E2.21243
G1 X-4.816 Y-31.207 E2.21811
G1 X-2.785 Y-29.176 E2.35626
G1 X-.782 Y-29.176 E2.4526
G1 X6.8 Y-31.207 E2.83013
G1 X7.279 Y-31.207 E2.85317
G1 X6.734 Y-29.175 E2.95436
G1 X5.396 Y-29.175 E3.01871
G1 X3.364 Y-31.207 E3.15692
G1 X1.291 Y-31.207 E3.25662
G1 X.746 Y-29.176 E3.35776
G1 X3.06 Y-29.176 E3.46906
G1 E1.46906 F2400
G92 E0
G1 X3.06 Y-29.176 F7800
G1 X9.23 Y-31.207
G1 E2 F2400
G1 F4800
G1 X11.544 Y-31.207 E2.1113
G1 X13.576 Y-29.175 E2.24951
G1 X12.723 Y-29.175 E2.29054
G1 X13.267 Y-31.207 E2.39171
G1 X15.581 Y-31.207 E2.50301
G1 E.50301 F2400
G92 E0
G1 X15.581 Y-31.207 F7800
G1 X16.397 Y-29.175
G1 E2 F2400
G1 F4800
G1 X18.711 Y-29.175 E2.1113
G1 X19.256 Y-31.207 E2.21249
G1 X19.724 Y-31.207 E2.235
G1 X21.869 Y-29.062 E2.3809
G1 X21.442 Y-29.142 E2.40179
G1 X25.713 Y-30.287 E2.61446
G1 X25.713 Y-31.207 E2.65871
G1 X25.244 Y-31.207 E2.68127
G1 X22.663 Y-21.575 E3.16088
G1 X21.177 Y-21.574 E3.23235
G1 X19.144 Y-23.607 E3.37063
G1 X17.219 Y-23.607 E3.46322
G1 X16.674 Y-21.574 E3.56445
G1 E1.56445 F2400
G92 E0
G1 X16.674 Y-21.574 F7800
G1 X22.311 Y-28.886
G1 E2 F2400
G1 F4800
G1 X22.928 Y-28.475 E2.03566
G1 X23.167 Y-28.248 E2.05151
G1 X23.495 Y-27.798 E2.07829
G1 X23.761 Y-27.17 E2.11109
G1 X25.714 Y-25.218 E2.2439
G1 X25.714 Y-24.299 E2.2881
G1 X15.545 Y-21.574 E2.79445
G1 X12.998 Y-21.573 E2.91695
G1 X10.964 Y-23.607 E3.0553
G1 X11.231 Y-23.607 E3.06814
G1 X10.686 Y-21.573 E3.16942
G1 X8.372 Y-21.573 E3.28072
G1 E1.28072 F2400
G92 E0
G1 X7.556 Y-23.607 F7800
G1 E2 F2400
G1 F4800
G1 X5.242 Y-23.607 E2.1113
G1 X4.697 Y-21.573 E2.21258
G1 X4.818 Y-21.573 E2.2184
G1 X2.784 Y-23.607 E2.35675
G1 X.786 Y-23.607 E2.45285
G1 X-6.813 Y-21.571 E2.83123
G1 X-7.28 Y-21.571 E2.85369
G1 X-6.734 Y-23.607 E2.95507
G1 X-5.397 Y-23.607 E3.01938
G1 X-3.361 Y-21.572 E3.15783
G1 X-1.291 Y-21.572 E3.25739
G1 X-.746 Y-23.607 E3.35872
G1 X-3.06 Y-23.607 E3.47002
G1 E1.47002 F2400
G92 E0
G1 X-3.06 Y-23.607 F7800
G1 X-9.226 Y-21.571
G1 E2 F2400
G1 F4800
G1 X-11.54 Y-21.571 E2.1113
G1 X-13.577 Y-23.607 E2.24982
G1 X-12.723 Y-23.607 E2.29089
G1 X-13.268 Y-21.571 E2.39226
G1 X-15.582 Y-21.57 E2.50356
G1 E.50356 F2400
G92 E0
G1 X-15.582 Y-21.57 F7800
G1 X-24.074 Y-40.317
G1 E2 F2400
;TYPE:Perimeter
;WIDTH:0.606191
G1 F900
G1 X-25.926 Y-40.317 E2.12515
G1 E.12515 F2400
G92 E0
G1 X-25.926 Y-40.317 F7800
G1 X-23.611 Y-39.853
G1 E2 F2400
;WIDTH:0.45
G1 F900
G1 X-26.389 Y-39.853 E2.13361
G1 X-26.389 Y-40.78 E2.1782
G1 X-23.611 Y-40.78 E2.31181
G1 X-23.611 Y-40.317 E2.33408
G1 X-23.611 Y-39.913 E2.35351
G1 X-23.611 Y-39.913 F7800
G1 X-23.225 Y-39.467
;TYPE:External perimeter
G1 F900
G1 X-26.775 Y-39.467 E2.52425
G1 X-26.775 Y-41.166 E2.60597
G1 X-23.225 Y-41.166 E2.77671
G1 X-23.225 Y-40.317 E2.81754
G1 X-23.225 Y-39.527 E2.85554
G1 X-23.621 Y-39.468 F7800
;LAYER_CHANGE
;Z:7.85
;HEIGHT:0.3
G1 Z7.85 F7800
G1 E.85554 F2400
G92 E0
G1 X-23.987 Y-12.744 F7800
G1 E2 F2400
;TYPE:Perimeter
;WIDTH:0.430774
G1 F900
G1 X-23.987 Y-12.561 E2.00836
G1 X-23.987 Y-12.378 E2.01672
G1 X-26.013 Y-12.378 E2.10931
G1 X-26.013 Y-12.744 E2.12604
G1 X-24.047 Y-12.744 E2.21588
G1 X-24.047 Y-12.744 F7800
G1 X-23.611 Y-13.12
;WIDTH:0.45
G1 F900
G1 X-23.611 Y-12.561 E2.24277
G1 X-23.611 Y-12.002 E2.26966
G1 X-26.389 Y-12.002 E2.40327
G1 X-26.389 Y-13.12 E2.45704
G1 X-23.671 Y-13.12 E2.58777
G1 X-23.671 Y-13.12 F7800
G1 X-23.225 Y-13.506
;TYPE:External perimeter
G1 F900
G1 X-23.225 Y-12.561 E2.63322
G1 X-23.225 Y-11.616 E2.67867
G1 X-26.775 Y-11.616 E2.84941
G1 X-26.775 Y-13.506 E2.94031
G1 X-23.285 Y-13.506 E3.10817
G1 X-23.226 Y-13.11 F7800
G1 E1.10817 F2400
G92 E0
G1 X21.465 Y-28.848 F7800
G1 E2 F2400
;TYPE:Perimeter
G1 F3600
G1 X21.616 Y-28.829 E2.00732
G1 X22.355 Y-28.536 E2.04556
G1 X22.811 Y-28.199 E2.07283
G1 X23.136 Y-27.823 E2.09673
G1 X23.379 Y-27.391 E2.12057
G1 X23.532 Y-26.918 E2.14448
G1 X23.591 Y-26.353 E2.1718
G1 X23.538 Y-25.884 E2.1945
G1 X23.27 Y-25.185 E2.23051
G1 X22.945 Y-24.72 E2.2578
G1 X22.578 Y-24.386 E2.28167
G1 X22.151 Y-24.132 E2.30557
G1 X21.386 Y-23.921 E2.34374
G1 X21.172 Y-23.897 E2.3541
G1 X-16.857 Y-23.897 E4.18316
G1 X-17.487 Y-24 E4.21386
G1 X-17.947 Y-24.188 E4.23776
G1 X-18.411 Y-24.514 E4.26503
G1 X-18.773 Y-24.904 E4.29062
G1 X-19.064 Y-25.391 E4.31791
G1 X-19.238 Y-25.958 E4.34644
G1 X-19.268 Y-26.549 E4.3749
G1 X-19.187 Y-27.039 E4.39879
G1 X-19.011 Y-27.503 E4.42266
G1 X-18.697 Y-27.976 E4.44997
G1 X-18.315 Y-28.347 E4.47558
G1 X-17.836 Y-28.65 E4.50284
G1 X-17.25 Y-28.843 E4.53251
G1 X-16.781 Y-28.887 E4.55517
G1 X21.172 Y-28.885 E6.38058
G1 X21.406 Y-28.856 E6.39192
G1 X21.406 Y-28.856 F7800
G1 X21.406 Y-28.458
G1 F3600
G1 X21.711 Y-28.403 E6.40683
G1 X22.196 Y-28.184 E6.43242
G1 X22.577 Y-27.892 E6.45551
G1 X22.897 Y-27.486 E6.48037
G1 X23.078 Y-27.108 E6.50053
G1 X23.181 Y-26.7 E6.52077
G1 X23.201 Y-26.281 E6.54095
G1 X23.122 Y-25.826 E6.56316
G1 X22.915 Y-25.335 E6.58879
G1 X22.578 Y-24.89 E6.61564
G1 X22.235 Y-24.617 E6.63672
G1 X21.819 Y-24.415 E6.65896
G1 X21.172 Y-24.282 E6.69073
G1 X-16.857 Y-24.282 E8.51979
G1 X-17.355 Y-24.363 E8.54406
G1 X-17.746 Y-24.517 E8.56427
G1 X-18.129 Y-24.776 E8.58651
G1 X-18.491 Y-25.167 E8.61214
G1 X-18.721 Y-25.567 E8.63433
G1 X-18.865 Y-26.082 E8.66005
G1 X-18.885 Y-26.501 E8.68023
G1 X-18.822 Y-26.916 E8.70042
G1 X-18.677 Y-27.31 E8.72061
G1 X-18.427 Y-27.7 E8.74289
G1 X-18.046 Y-28.071 E8.76847
G1 X-17.545 Y-28.356 E8.79619
G1 X-17.141 Y-28.469 E8.81637
G1 X-16.781 Y-28.502 E8.83376
G1 X21.172 Y-28.5 E10.65917
G1 X21.347 Y-28.468 E10.66773
G1 X21.347 Y-28.468 F7800
G1 X21.35 Y-28.085
;TYPE:External perimeter
G1 F1800
G1 X21.552 Y-28.052 E10.67757
G1 X22.037 Y-27.833 E10.70316
G1 X22.342 Y-27.581 E10.72219
G1 X22.554 Y-27.31 E10.73874
G1 X22.707 Y-27.003 E10.75524
G1 X22.796 Y-26.672 E10.77173
G1 X22.818 Y-26.329 E10.78826
G1 X22.766 Y-25.976 E10.80542
G1 X22.56 Y-25.485 E10.83103
G1 X22.316 Y-25.173 E10.85008
G1 X22.05 Y-24.956 E10.86659
G1 X21.733 Y-24.791 E10.88378
G1 X21.172 Y-24.668 E10.9114
G1 X-16.857 Y-24.668 E12.74046
G1 X-17.223 Y-24.725 E12.75828
G1 X-17.545 Y-24.846 E12.77482
G1 X-17.846 Y-25.038 E12.79199
G1 X-18.208 Y-25.429 E12.81762
G1 X-18.377 Y-25.743 E12.83477
G1 X-18.481 Y-26.111 E12.85316
G1 X-18.503 Y-26.453 E12.86964
G1 X-18.456 Y-26.793 E12.88615
G1 X-18.343 Y-27.118 E12.9027
G1 X-18.158 Y-27.424 E12.9199
G1 X-17.777 Y-27.795 E12.94548
G1 X-17.431 Y-27.987 E12.96451
G1 X-17.102 Y-28.085 E12.98102
G1 X-16.781 Y-28.116 E12.99653
G1 X21.172 Y-28.114 E14.82194
G1 X21.291 Y-28.095 E14.82774
G1 X21.676 Y-27.987 F7800
G1 E12.82774 F2400
G92 E0
G1 X-23.996 Y-17.048 F7800
G1 E2 F2400
;TYPE:Perimeter
G1 F3600
G1 X-26.004 Y-17.048 E2.09658
G1 X-26.004 Y-35.734 E2.99531
G1 X-23.996 Y-35.734 E3.09189
G1 X-23.996 Y-33.491 E3.19977
G1 X-23.899 Y-32.909 E3.22815
G1 X-23.76 Y-32.569 E3.24582
G1 X-23.547 Y-32.245 E3.26447
G1 X-23.295 Y-31.985 E3.28188
G1 X-22.977 Y-31.762 E3.30056
G1 X-22.635 Y-31.61 E3.31856
G1 X-22.022 Y-31.497 E3.34854
G1 X25.893 Y-31.496 E5.65309
G1 X25.983 Y-31.481 E5.65748
G1 X26.002 Y-31.397 E5.66162
G1 X26.004 Y-21.398 E6.14254
G1 X25.959 Y-21.286 E6.14835
G1 X-22.175 Y-21.278 E8.46343
G1 X-22.675 Y-21.162 E8.48812
G1 X-22.957 Y-21.034 E8.50302
G1 X-23.242 Y-20.844 E8.51949
G1 X-23.468 Y-20.633 E8.53436
G1 X-23.665 Y-20.381 E8.54974
G1 X-23.918 Y-19.823 E8.57921
G1 X-23.996 Y-19.291 E8.60507
G1 X-23.996 Y-17.108 E8.71006
G1 X-23.996 Y-17.108 F7800
G1 X-23.611 Y-16.662
G1 F3600
G1 X-26.389 Y-16.662 E8.84367
G1 X-26.389 Y-36.12 E9.77953
G1 X-23.611 Y-36.12 E9.91314
G1 X-23.611 Y-33.491 E10.03959
G1 X-23.521 Y-32.985 E10.06431
G1 X-23.437 Y-32.78 E10.07497
G1 X-23.225 Y-32.457 E10.09355
G1 X-23.074 Y-32.301 E10.10399
G1 X-22.755 Y-32.078 E10.12271
G1 X-22.55 Y-31.987 E10.1335
G1 X-22.022 Y-31.882 E10.15939
G1 X25.893 Y-31.882 E12.46394
G1 X26.154 Y-31.84 E12.47665
G1 X26.326 Y-31.684 E12.48782
G1 X26.388 Y-31.397 E12.50194
G1 X26.389 Y-21.398 E12.98286
G1 X26.347 Y-21.137 E12.99557
G1 X26.18 Y-20.953 E13.00752
G1 X25.975 Y-20.9 E13.0177
G1 X-22.113 Y-20.894 E15.33057
G1 X-22.574 Y-20.79 E15.3533
G1 X-23.028 Y-20.523 E15.37863
G1 X-23.36 Y-20.144 E15.40286
G1 X-23.556 Y-19.69 E15.42664
G1 X-23.611 Y-19.291 E15.44601
G1 X-23.611 Y-16.722 E15.56957
G1 X-23.611 Y-16.722 F7800
G1 X-23.225 Y-16.276
;TYPE:External perimeter
G1 F1800
G1 X-26.775 Y-16.276 E15.74031
G1 X-26.775 Y-36.506 E16.7133
G1 X-23.225 Y-36.506 E16.88404
G1 X-23.225 Y-33.491 E17.02905
G1 X-23.143 Y-33.06 E17.05015
G1 X-22.903 Y-32.669 E17.07222
G1 X-22.534 Y-32.393 E17.09438
G1 X-22.025 Y-32.268 E17.11959
G1 X25.893 Y-32.268 E19.42428
G1 X26.298 Y-32.204 E19.444
G1 X26.508 Y-32.074 E19.45588
G1 X26.676 Y-31.863 E19.46885
G1 X26.774 Y-31.397 E19.49175
G1 X26.775 Y-21.399 E19.97262
G1 X26.71 Y-20.989 E19.99259
G1 X26.563 Y-20.761 E20.00564
G1 X26.364 Y-20.608 E20.01771
G1 X25.991 Y-20.514 E20.03621
G1 X-22.113 Y-20.508 E22.34985
G1 X-22.473 Y-20.418 E22.3677
G1 X-22.814 Y-20.202 E22.38711
G1 X-23.056 Y-19.907 E22.40546
G1 X-23.194 Y-19.558 E22.42351
G1 X-23.225 Y-19.291 E22.43644
G1 X-23.225 Y-16.336 E22.57857
G1 X-23.621 Y-16.277 F7800
G1 E20.57857 F2400
G92 E0
G1 X-24.072 Y-20.237 F7800
G1 E2 F2400
;TYPE:Internal infill
;WIDTH:0.45
G1 F4800
G1 X-24.192 Y-19.916 E2.01648
G1 X-24.28 Y-19.409 E2.04123
G1 X-24.284 Y-17.954 E2.11121
G1 X-25.715 Y-19.385 E2.20854
G1 X-25.715 Y-19.818 E2.22937
G1 X-22.734 Y-30.941 E2.78323
G1 X-22.069 Y-30.822 E2.81572
G1 X-20.791 Y-30.822 E2.87719
G1 X-18.793 Y-28.824 E3.01309
G1 X-17.912 Y-29.349 E3.06242
G1 X-17.123 Y-29.532 E3.10138
G1 X-16.778 Y-30.822 E3.16561
G1 X-16.987 Y-30.822 E3.17566
G1 X-25.715 Y-28.483 E3.61026
G1 X-25.715 Y-27.565 E3.65441
G1 X-20.1 Y-21.95 E4.03634
G1 X-19.155 Y-21.95 E4.08179
G1 X-18.649 Y-23.839 E4.17585
G1 X-19.103 Y-24.267 E4.20586
G1 X-25.715 Y-22.495 E4.5351
G1 X-25.715 Y-24.809 E4.6464
G1 E2.6464 F2400
G92 E0
G1 X-25.715 Y-24.809 F7800
G1 X-22.736 Y-21.44
G1 E2 F2400
;TYPE:Solid infill
;WIDTH:0.458263
G1 F1200
G1 X-22.231 Y-21.563 E2.02553
;WIDTH:0.451287
G1 X-22.209 Y-21.564 E2.02659
;WIDTH:0.450041
G1 X25.522 Y-21.575 E4.32253
;WIDTH:0.498551
G1 X25.658 Y-21.599 E4.33001
G1 X25.679 Y-21.683 E4.3347
;WIDTH:0.458427
G1 X25.699 Y-21.768 E4.33899
;WIDTH:0.419645
G1 X25.698 Y-31.014 E4.74868
;WIDTH:0.459462
G1 X25.678 Y-31.099 E4.75298
;WIDTH:0.499279
G1 X25.658 Y-31.183 E4.75766
G1 X25.52 Y-31.207 E4.76526
;WIDTH:0.450031
G1 X-22.034 Y-31.208 E7.05263
;WIDTH:0.462051
G1 X-22.705 Y-31.336 E7.08651
G1 X-22.943 Y-31.415 E7.09895
;WIDTH:0.448203
G1 X-23.447 Y-31.74 E7.12766
;WIDTH:0.462447
G1 X-23.77 Y-32.073 E7.15069
G1 X-23.77 Y-32.073 F7800
G1 X-25.329 Y-32.52
;TYPE:Internal infill
;WIDTH:0.45
G1 F4800
G1 X-25.329 Y-32.57 E7.15309
G1 X-25.715 Y-32.595 E7.17169
G1 X-25.715 Y-34.472 E7.26197
G1 X-24.285 Y-34.855 E7.33317
G1 X-24.285 Y-34.316 E7.35909
G1 X-25.415 Y-35.445 E7.43592
G1 X-24.285 Y-35.445 E7.49027
G1 X-24.285 Y-35.047 E7.50941
G1 E5.50941 F2400
G92 E0
G1 X-24.285 Y-35.047 F7800
G1 X-25.715 Y-32.209
G1 E2 F2400
;TYPE:Solid infill
;WIDTH:0.450031
G1 F1200
G1 X-25.715 Y-30.387 E2.08764
G1 E.08764 F2400
G92 E0
G1 X-25.715 Y-30.387 F7800
G1 X-16.776 Y-29.176
G1 E2 F2400
;WIDTH:0.450029
G1 F1200
G1 X21.166 Y-29.175 E3.82502
;WIDTH:0.450359
G1 X21.177 Y-29.174 E3.82555
;WIDTH:0.467159
G1 X21.68 Y-29.101 E3.85108
G1 X21.981 Y-29.02 E3.86674
;WIDTH:0.452237
G1 X22.499 Y-28.784 E3.89428
;WIDTH:0.454859
G1 X22.927 Y-28.473 E3.92005
G1 X23.179 Y-28.23 E3.9371
;WIDTH:0.448823
G1 X23.502 Y-27.782 E3.96358
G1 X23.73 Y-27.278 E3.9901
;WIDTH:0.448991
G1 X23.854 Y-26.738 E4.01668
;WIDTH:0.450439
G1 X23.868 Y-26.181 E4.04351
G1 X23.732 Y-25.563 E4.07398
;WIDTH:0.448857
G1 X23.539 Y-25.079 E4.09897
;WIDTH:0.450027
G1 X23.347 Y-24.761 E4.11684
G1 X23.006 Y-24.37 E4.14179
;WIDTH:0.448223
G1 X22.541 Y-24.017 E4.16974
G1 X21.955 Y-23.76 E4.20037
;WIDTH:0.450027
G1 X21.168 Y-23.607 E4.23893
G1 X-16.851 Y-23.607 E6.06764
G1 X-17.37 Y-23.674 E6.09281
;WIDTH:0.448337
G1 X-17.895 Y-23.844 E6.11924
;WIDTH:0.448819
G1 X-18.347 Y-24.094 E6.14401
;WIDTH:0.455883
G1 X-18.617 Y-24.315 E6.16105
G1 X-18.984 Y-24.71 E6.18738
;WIDTH:0.455565
G1 X-19.328 Y-25.286 E6.22011
;WIDTH:0.443945
G1 X-19.486 Y-25.79 E6.24511
;WIDTH:0.438607
G1 X-19.539 Y-26.244 E6.26644
;WIDTH:0.442919
G1 X-19.508 Y-26.914 E6.29811
;WIDTH:0.449755
G1 X-19.348 Y-27.459 E6.32541
G1 X-19.113 Y-27.9 E6.34943
;WIDTH:0.450027
G1 X-18.873 Y-28.207 E6.36817
G1 X-18.49 Y-28.573 E6.39365
;WIDTH:0.446825
G1 X-17.945 Y-28.911 E6.42424
;WIDTH:0.450031
G1 X-17.283 Y-29.129 E6.45776
G1 X-16.968 Y-29.159 E6.47298
G1 E4.47298 F2400
G92 E0
G1 X-16.968 Y-29.159 F7800
G1 X-14.925 Y-30.822
G1 E2 F2400
;TYPE:Internal infill
;WIDTH:0.45
G1 F4800
G1 X-12.611 Y-30.822 E2.1113
G1 X-11.351 Y-29.562 E2.197
G1 X-11.127 Y-29.562 E2.20777
G1 X-10.789 Y-30.822 E2.27051
G1 X-8.476 Y-30.822 E2.38176
G1 X-8.476 Y-30.822 F7800
G1 X-7.453 Y-29.562
G1 F4800
G1 X-5.139 Y-29.562 E2.49306
G1 X-4.801 Y-30.822 E2.5558
G1 X-4.431 Y-30.822 E2.5736
G1 X-3.17 Y-29.561 E2.65937
G1 X-.857 Y-29.561 E2.77062
G1 X-.857 Y-29.561 F7800
G1 X-1.127 Y-30.822
G1 F4800
G1 X1.187 Y-30.822 E2.88192
G1 X.849 Y-29.561 E2.94471
G1 X.657 Y-29.561 E2.95394
G1 X5.361 Y-30.822 E3.18817
G1 X7.176 Y-30.822 E3.27547
G1 X6.838 Y-29.561 E3.33826
G1 X5.01 Y-29.561 E3.42618
G1 X3.75 Y-30.822 E3.51192
G1 X1.436 Y-30.822 E3.62322
G1 E1.62322 F2400
G92 E0
G1 X1.436 Y-30.822 F7800
G1 X.855 Y-23.222
G1 E2 F2400
G1 F4800
G1 X3.169 Y-23.222 E2.1113
G1 X4.435 Y-21.956 E2.19741
G1 X4.8 Y-21.956 E2.21497
G1 X5.139 Y-23.222 E2.27801
G1 X7.453 Y-23.222 E2.38931
G1 X7.453 Y-23.222 F7800
G1 X8.475 Y-21.957
G1 F4800
G1 X10.789 Y-21.957 E2.50061
G1 X11.127 Y-23.222 E2.56359
G1 X11.349 Y-23.222 E2.57427
G1 X12.614 Y-21.957 E2.66031
G1 X14.927 Y-21.958 E2.77156
G1 E.77156 F2400
G92 E0
G1 X14.927 Y-21.958 F7800
G1 X16.501 Y-29.56
G1 E2 F2400
G1 F4800
G1 X18.814 Y-29.56 E2.11125
G1 X19.152 Y-30.822 E2.17409
G1 X20.11 Y-30.822 E2.22017
G1 X21.395 Y-29.536 E2.30761
G1 X21.735 Y-29.495 E2.32408
G1 X22.201 Y-29.346 E2.34761
G1 X25.328 Y-30.183 E2.5033
G1 X25.328 Y-30.822 E2.53403
G1 X25.141 Y-30.822 E2.54302
G1 X24.162 Y-27.17 E2.72487
G1 X24.244 Y-26.687 E2.74843
G1 X25.328 Y-25.603 E2.82216
G1 X25.328 Y-24.195 E2.88988
G1 X16.981 Y-21.958 E3.30551
G1 X16.777 Y-21.958 E3.31532
G1 X17.116 Y-23.222 E3.37826
G1 X19.53 Y-23.222 E3.49437
G1 X20.792 Y-21.959 E3.58024
G1 X22.766 Y-21.96 E3.67518
G1 X23.363 Y-24.186 E3.78603
G1 X23.879 Y-24.893 E3.82813
G1 X24.201 Y-25.751 E3.87221
G1 X24.261 Y-26.265 E3.8971
G1 E1.8971 F2400
G92 E0
G1 X24.261 Y-26.265 F7800
G1 X15.478 Y-30.822
G1 E2 F2400
G1 F4800
G1 X13.164 Y-30.822 E2.1113
G1 X12.826 Y-29.561 E2.17409
G1 X13.191 Y-29.561 E2.19165
G1 X11.93 Y-30.822 E2.27742
G1 X9.616 Y-30.822 E2.38872
G1 E.38872 F2400
G92 E0
G1 X9.616 Y-30.822 F7800
G1 X1.125 Y-21.955
G1 E2 F2400
G1 F4800
G1 X-1.189 Y-21.954 E2.1113
G1 X-.849 Y-23.222 E2.17444
G1 X-.653 Y-23.222 E2.18387
G1 X-5.387 Y-21.953 E2.4196
G1 X-7.178 Y-21.953 E2.50574
G1 X-6.838 Y-23.222 E2.56893
G1 X-5.011 Y-23.222 E2.6568
G1 X-3.743 Y-21.954 E2.74305
G1 X-1.429 Y-21.954 E2.85435
G1 E.85435 F2400
G92 E0
G1 X-1.429 Y-21.954 F7800
G1 X-9.608 Y-21.952
G1 E2 F2400
G1 F4800
G1 X-11.921 Y-21.952 E2.11125
G1 X-13.191 Y-23.222 E2.19763
G1 X-12.826 Y-23.222 E2.21519
G1 X-13.166 Y-21.952 E2.27842
G1 X-15.48 Y-21.951 E2.38972
G1 E.38972 F2400
G92 E0
G1 X-15.48 Y-21.951 F7800
G1 X-23.987 Y-40.038
G1 E2 F2400
;TYPE:Perimeter
;WIDTH:0.430774
G1 F900
G1 X-26.013 Y-40.038 E2.09259
G1 X-26.013 Y-40.404 E2.10932
G1 X-23.987 Y-40.404 E2.20191
G1 X-23.987 Y-40.221 E2.21027
G1 X-23.987 Y-40.098 E2.21589
G1 X-23.987 Y-40.098 F7800
G1 X-23.611 Y-39.662
;WIDTH:0.45
G1 F900
G1 X-26.389 Y-39.662 E2.3495
G1 X-26.389 Y-40.78 E2.40327
G1 X-23.611 Y-40.78 E2.53688
G1 X-23.611 Y-40.221 E2.56377
G1 X-23.611 Y-39.722 E2.58777
G1 X-23.611 Y-39.722 F7800
G1 X-23.225 Y-39.276
;TYPE:External perimeter
G1 F900
G1 X-26.775 Y-39.276 E2.75851
G1 X-26.775 Y-41.166 E2.84941
G1 X-23.225 Y-41.166 E3.02015
G1 X-23.225 Y-40.221 E3.0656
G1 X-23.225 Y-39.336 E3.10817
G1 X-23.621 Y-39.277 F7800
;LAYER_CHANGE
;Z:8.15
;HEIGHT:0.3
G1 Z8.15 F7800
G1 E1.10817 F2400
G92 E0
G1 X-24.07 Y-12.993 F7800
G1 E2 F2400
;TYPE:Perimeter
;WIDTH:0.596702
G1 F900
G1 X-24.07 Y-12.727 E2.01766
G1 X-24.07 Y-12.461 E2.03532
G1 X-25.93 Y-12.461 E2.15881
G1 X-25.93 Y-12.993 E2.19413
G1 X-24.13 Y-12.993 E2.31364
G1 X-24.13 Y-12.993 F7800
G1 X-23.611 Y-13.452
;WIDTH:0.45
G1 F900
G1 X-23.611 Y-12.727 E2.34851
G1 X-23.611 Y-12.002 E2.38338
G1 X-26.389 Y-12.002 E2.51699
G1 X-26.389 Y-13.452 E2.58673
G1 X-23.671 Y-13.452 E2.71746
G1 X-23.671 Y-13.452 F7800
G1 X-23.225 Y-13.838
;TYPE:External perimeter
G1 F900
G1 X-23.225 Y-12.727 E2.7709
G1 X-23.225 Y-11.616 E2.82434
G1 X-26.775 Y-11.616 E2.99508
G1 X-26.775 Y-13.838 E3.10195
G1 X-23.285 Y-13.838 E3.26981
G1 X-23.226 Y-13.442 F7800
G1 E1.26981 F2400
G92 E0
G1 X21.463 Y-28.838 F7800
G1 E2 F2400
;TYPE:Perimeter
G1 F3600
G1 X21.803 Y-28.782 E2.01657
G1 X22.322 Y-28.555 E2.04382
G1 X22.754 Y-28.244 E2.06942
G1 X23.136 Y-27.823 E2.09676
G1 X23.379 Y-27.391 E2.1206
G1 X23.532 Y-26.918 E2.14451
G1 X23.591 Y-26.353 E2.17183
G1 X23.538 Y-25.884 E2.19453
G1 X23.27 Y-25.185 E2.23054
G1 X22.945 Y-24.72 E2.25783
G1 X22.578 Y-24.386 E2.2817
G1 X22.151 Y-24.133 E2.30557
G1 X21.387 Y-23.921 E2.3437
G1 X21.172 Y-23.897 E2.3541
G1 X-16.857 Y-23.897 E4.18316
G1 X-17.487 Y-24 E4.21386
G1 X-17.947 Y-24.188 E4.23776
G1 X-18.36 Y-24.463 E4.26162
G1 X-18.711 Y-24.814 E4.28549
G1 X-18.985 Y-25.228 E4.30937
G1 X-19.171 Y-25.685 E4.3331
G1 X-19.247 Y-26.02 E4.34962
G1 X-19.236 Y-26.775 E4.38594
G1 X-19.09 Y-27.328 E4.41345
G1 X-18.858 Y-27.768 E4.43737
G1 X-18.557 Y-28.139 E4.46035
G1 X-17.902 Y-28.61 E4.49915
G1 X-17.367 Y-28.814 E4.52669
G1 X-16.781 Y-28.887 E4.55509
G1 X21.172 Y-28.885 E6.3805
G1 X21.404 Y-28.847 E6.39181
G1 X21.404 Y-28.847 F7800
G1 X21.407 Y-28.462
G1 F3600
G1 X21.671 Y-28.42 E6.40467
G1 X22.097 Y-28.242 E6.42688
G1 X22.529 Y-27.931 E6.45248
G1 X22.834 Y-27.583 E6.47474
G1 X23.078 Y-27.108 E6.50042
G1 X23.181 Y-26.7 E6.52066
G1 X23.201 Y-26.281 E6.54084
G1 X23.122 Y-25.826 E6.56305
G1 X22.915 Y-25.335 E6.58868
G1 X22.574 Y-24.887 E6.61576
G1 X22.235 Y-24.617 E6.6366
G1 X21.819 Y-24.415 E6.65884
G1 X21.172 Y-24.282 E6.69061
G1 X-16.857 Y-24.282 E8.51967
G1 X-17.355 Y-24.363 E8.54394
G1 X-17.746 Y-24.517 E8.56415
G1 X-18.098 Y-24.746 E8.58435
G1 X-18.398 Y-25.039 E8.60452
G1 X-18.634 Y-25.387 E8.62474
G1 X-18.795 Y-25.772 E8.64481
G1 X-18.867 Y-26.086 E8.6603
G1 X-18.851 Y-26.758 E8.69263
G1 X-18.721 Y-27.214 E8.71544
G1 X-18.459 Y-27.667 E8.74061
G1 X-18.148 Y-27.988 E8.76211
G1 X-17.691 Y-28.287 E8.78838
G1 X-17.183 Y-28.463 E8.81424
G1 X-16.781 Y-28.502 E8.83367
G1 X21.172 Y-28.5 E10.65908
G1 X21.348 Y-28.472 E10.66765
G1 X21.348 Y-28.472 F7800
G1 X21.35 Y-28.086
;TYPE:External perimeter
G1 F1800
G1 X21.539 Y-28.057 E10.67685
G1 X21.872 Y-27.928 E10.69403
G1 X22.304 Y-27.618 E10.7196
G1 X22.554 Y-27.31 E10.73868
G1 X22.707 Y-27.003 E10.75518
G1 X22.796 Y-26.672 E10.77167
G1 X22.818 Y-26.329 E10.7882
G1 X22.766 Y-25.976 E10.80536
G1 X22.56 Y-25.485 E10.83097
G1 X22.316 Y-25.173 E10.85002
G1 X22.05 Y-24.956 E10.86653
G1 X21.733 Y-24.791 E10.88372
G1 X21.172 Y-24.668 E10.91134
G1 X-16.857 Y-24.668 E12.7404
G1 X-17.223 Y-24.725 E12.75822
G1 X-17.545 Y-24.846 E12.77476
G1 X-17.836 Y-25.028 E12.79127
G1 X-18.085 Y-25.265 E12.8078
G1 X-18.282 Y-25.546 E12.82431
G1 X-18.42 Y-25.859 E12.84076
G1 X-18.488 Y-26.153 E12.85527
G1 X-18.466 Y-26.741 E12.88357
G1 X-18.343 Y-27.118 E12.90264
G1 X-18.169 Y-27.413 E12.91911
G1 X-17.938 Y-27.666 E12.93559
G1 X-17.48 Y-27.964 E12.96187
G1 X-17.102 Y-28.085 E12.98096
G1 X-16.781 Y-28.116 E12.99647
G1 X21.172 Y-28.114 E14.82188
G1 X21.291 Y-28.096 E14.82767
G1 X21.678 Y-27.996 F7800
G1 E12.82767 F2400
G92 E0
G1 X-23.996 Y-16.716 F7800
G1 E2 F2400
;TYPE:Perimeter
G1 F3600
G1 X-26.004 Y-16.716 E2.09658
G1 X-26.004 Y-36.066 E3.02725
G1 X-23.996 Y-36.066 E3.12383
G1 X-23.996 Y-33.491 E3.24768
G1 X-23.899 Y-32.909 E3.27606
G1 X-23.76 Y-32.569 E3.29373
G1 X-23.547 Y-32.245 E3.31238
G1 X-23.295 Y-31.985 E3.32979
G1 X-22.977 Y-31.762 E3.34847
G1 X-22.635 Y-31.61 E3.36647
G1 X-22.022 Y-31.497 E3.39645
G1 X25.972 Y-31.493 E5.70479
G1 X25.972 Y-21.294 E6.19533
G1 X-22.159 Y-21.279 E8.51026
G1 X-22.675 Y-21.162 E8.53571
G1 X-22.957 Y-21.034 E8.55061
G1 X-23.242 Y-20.844 E8.56708
G1 X-23.468 Y-20.633 E8.58195
G1 X-23.665 Y-20.381 E8.59733
G1 X-23.918 Y-19.823 E8.6268
G1 X-23.996 Y-19.291 E8.65266
G1 X-23.996 Y-16.776 E8.77362
G1 X-23.996 Y-16.776 F7800
G1 X-23.611 Y-16.33
G1 F3600
G1 X-26.389 Y-16.33 E8.90723
G1 X-26.389 Y-36.452 E9.87503
G1 X-23.611 Y-36.452 E10.00864
G1 X-23.611 Y-33.491 E10.15105
G1 X-23.521 Y-32.985 E10.17577
G1 X-23.437 Y-32.78 E10.18643
G1 X-23.225 Y-32.457 E10.20501
G1 X-23.074 Y-32.301 E10.21545
G1 X-22.755 Y-32.078 E10.23417
G1 X-22.55 Y-31.987 E10.24496
G1 X-22.022 Y-31.882 E10.27085
G1 X25.941 Y-31.882 E12.5777
G1 X26.082 Y-31.869 E12.58451
G1 X26.271 Y-31.763 E12.59493
G1 X26.358 Y-31.6 E12.60382
G1 X26.358 Y-21.169 E13.10551
G1 X26.232 Y-20.987 E13.11616
G1 X25.951 Y-20.9 E13.13031
G1 X-22.113 Y-20.894 E15.44202
G1 X-22.574 Y-20.79 E15.46475
G1 X-23.028 Y-20.523 E15.49008
G1 X-23.36 Y-20.144 E15.51431
G1 X-23.556 Y-19.69 E15.53809
G1 X-23.611 Y-19.291 E15.55746
G1 X-23.611 Y-16.39 E15.69699
G1 X-23.611 Y-16.39 F7800
G1 X-23.225 Y-15.945
;TYPE:External perimeter
G1 F1800
G1 X-26.775 Y-15.945 E15.86773
G1 X-26.775 Y-36.838 E16.87261
G1 X-23.225 Y-36.838 E17.04335
G1 X-23.225 Y-33.491 E17.20433
G1 X-23.143 Y-33.06 E17.22543
G1 X-22.903 Y-32.669 E17.2475
G1 X-22.534 Y-32.393 E17.26966
G1 X-22.025 Y-32.268 E17.29487
G1 X25.941 Y-32.268 E19.60187
G1 X26.174 Y-32.246 E19.61313
G1 X26.445 Y-32.114 E19.62763
G1 X26.681 Y-31.859 E19.64434
G1 X26.743 Y-31.6 E19.65715
G1 X26.743 Y-21.086 E20.16284
G1 X26.686 Y-20.959 E20.16954
G1 X26.47 Y-20.677 E20.18662
G1 X26.248 Y-20.558 E20.19873
G1 X25.983 Y-20.514 E20.21165
G1 X-22.113 Y-20.508 E22.5249
G1 X-22.473 Y-20.418 E22.54275
G1 X-22.814 Y-20.202 E22.56216
G1 X-23.056 Y-19.907 E22.58051
G1 X-23.194 Y-19.558 E22.59856
G1 X-23.225 Y-19.291 E22.61149
G1 X-23.225 Y-16.005 E22.76954
G1 X-23.621 Y-15.945 F7800
G1 E20.76954 F2400
G92 E0
G1 X-24.072 Y-20.237 F7800
G1 E2 F2400
;TYPE:Internal infill
;WIDTH:0.45
G1 F4800
G1 X-24.192 Y-19.916 E2.01648
G1 X-24.28 Y-19.409 E2.04123
G1 X-24.283 Y-17.953 E2.11126
G1 X-25.715 Y-19.385 E2.20866
G1 X-25.715 Y-19.818 E2.22949
G1 X-25.21 Y-21.7 E2.32321
G1 X-23.262 Y-21.178 E2.42021
G1 X-23.497 Y-20.998 E2.43445
G1 X-22.332 Y-21.365 F7800
;TYPE:Bridge infill
;WIDTH:0.407119
;HEIGHT:0.4
G1 F3600
G1 X-25.311 Y-22.163 E2.60136
G1 X-25.099 Y-22.579 E2.62663
G1 X-21.43 Y-21.596 E2.8322
G1 X-19.665 Y-21.597 E2.92772
G1 X-24.318 Y-22.843 E3.18842
G1 X-23.435 Y-23.08 E3.2379
G1 X-17.9 Y-21.597 E3.54803
G1 X-16.136 Y-21.598 E3.6435
G1 X-23.501 Y-23.571 E4.05616
G1 X-24.703 Y-24.271 E4.13144
G1 X-24.679 Y-24.36 E4.13643
G1 X-14.371 Y-21.598 E4.71399
G1 X-12.606 Y-21.598 E4.80951
G1 X-24.56 Y-24.801 E5.4793
G1 X-24.552 Y-24.833 E5.48109
G1 X-23.52 Y-24.996 E5.53764
G1 X-10.842 Y-21.599 E6.24799
G1 X-9.077 Y-21.599 E6.34351
G1 X-23.607 Y-25.492 E7.15763
G1 X-24.068 Y-25.954 E7.19295
G1 X-24.1 Y-26.098 E7.20093
G1 X-19.058 Y-24.747 E7.48343
G1 X-19.276 Y-25.09 E7.50543
G1 X-19.372 Y-25.304 E7.51812
G1 X-24.087 Y-26.568 E7.78231
G1 X-23.969 Y-27.009 E7.80702
G1 X-19.532 Y-25.82 E8.05563
G1 X-19.583 Y-26.181 E8.07536
G1 X-19.578 Y-26.306 E8.08213
G1 X-23.851 Y-27.451 E8.32155
G1 X-23.732 Y-27.892 E8.34627
G1 X-19.558 Y-26.774 E8.58013
G1 X-19.504 Y-27.105 E8.59828
G1 X-19.464 Y-27.222 E8.60497
G1 X-23.614 Y-28.334 E8.8375
G1 X-23.496 Y-28.775 E8.86221
G1 X-19.285 Y-27.647 E9.09815
G1 X-19.133 Y-27.935 E9.11577
G1 X-19.038 Y-28.054 E9.12401
G1 X-23.377 Y-29.217 E9.36713
G1 X-23.259 Y-29.658 E9.39184
G1 X-18.702 Y-28.437 E9.64717
G1 X-18.543 Y-28.575 E9.65856
G1 X-18.225 Y-28.783 E9.67913
G1 X-25.682 Y-30.781 E10.09695
G1 X-25.682 Y-31.254 E10.12255
G1 X-17.576 Y-29.082 E10.57673
G1 X-17.307 Y-29.159 E10.59187
G1 X-16.787 Y-29.209 E10.62014
G1 X-16.282 Y-29.209 E10.64747
G1 X-25.682 Y-31.727 E11.17414
G1 X-25.682 Y-32.174 E11.19833
G1 X-25.553 Y-32.166 E11.20533
G1 X-14.516 Y-29.209 E11.82373
G1 X-12.749 Y-29.208 E11.91936
G1 X-20.09 Y-31.175 E12.33068
G1 X-18.323 Y-31.175 E12.42631
G1 X-10.983 Y-29.208 E12.83758
G1 X-9.216 Y-29.208 E12.93321
G1 X-16.557 Y-31.175 E13.34453
G1 X-14.791 Y-31.175 E13.44011
G1 X-7.45 Y-29.208 E13.85143
G1 X-5.683 Y-29.208 E13.94706
G1 X-13.025 Y-31.175 E14.35843
G1 X-11.258 Y-31.175 E14.45406
G1 X-3.917 Y-29.208 E14.86538
G1 X-2.15 Y-29.208 E14.96101
G1 X-9.492 Y-31.175 E15.37238
G1 X-7.726 Y-31.175 E15.46796
G1 X-.384 Y-29.208 E15.87933
G1 X1.383 Y-29.208 E15.97496
G1 X-5.96 Y-31.175 E16.38638
G1 X-4.194 Y-31.175 E16.48196
G1 X3.149 Y-29.208 E16.89338
G1 X4.916 Y-29.208 E16.98901
G1 X-2.427 Y-31.175 E17.40043
G1 X-.661 Y-31.175 E17.49601
G1 X6.682 Y-29.208 E17.90743
G1 X8.449 Y-29.207 E18.00306
G1 X1.105 Y-31.175 E18.41455
G1 X2.871 Y-31.175 E18.51013
G1 X10.215 Y-29.207 E18.92162
G1 X11.982 Y-29.207 E19.01725
G1 X4.638 Y-31.175 E19.42874
G1 X6.404 Y-31.175 E19.52432
G1 X13.748 Y-29.207 E19.93581
G1 X15.515 Y-29.207 E20.03144
G1 X8.17 Y-31.175 E20.44298
G1 X9.936 Y-31.175 E20.53856
G1 X17.281 Y-29.207 E20.9501
G1 X19.048 Y-29.207 E21.04573
G1 X10.947 Y-31.378 E21.49964
G1 E19.49964 F2400
G92 E0
G1 X10.947 Y-31.378 F7800
G1 X-6.557 Y-21.397
G1 E2 F2400
G1 F3600
G1 X-14.686 Y-23.575 E2.45547
G1 X-12.92 Y-23.575 E2.55105
G1 X-5.548 Y-21.6 E2.9641
G1 X-3.783 Y-21.6 E3.05962
G1 X-11.153 Y-23.575 E3.47257
G1 X-9.387 Y-23.575 E3.56815
G1 X-2.018 Y-21.601 E3.98103
G1 X-.254 Y-21.601 E4.0765
G1 X-7.621 Y-23.575 E4.48928
G1 X-5.855 Y-23.575 E4.58486
G1 X1.511 Y-21.602 E4.99757
G1 X3.276 Y-21.602 E5.09309
G1 X-4.089 Y-23.575 E5.50575
G1 X-2.323 Y-23.575 E5.60133
G1 X5.04 Y-21.602 E6.01388
G1 X6.805 Y-21.603 E6.1094
G1 X-.556 Y-23.575 E6.52183
G1 X1.21 Y-23.575 E6.61741
G1 X8.57 Y-21.603 E7.02979
G1 X10.335 Y-21.604 E7.12531
G1 X2.976 Y-23.575 E7.53763
G1 X4.742 Y-23.575 E7.63321
G1 X12.099 Y-21.604 E8.04542
G1 X13.864 Y-21.604 E8.14094
G1 X6.508 Y-23.575 E8.5531
G1 X8.274 Y-23.575 E8.64868
G1 X15.629 Y-21.605 E9.06077
G1 X17.393 Y-21.605 E9.15624
G1 X10.041 Y-23.575 E9.56818
G1 X11.807 Y-23.575 E9.66376
G1 X19.158 Y-21.606 E10.07563
G1 X20.923 Y-21.606 E10.17115
G1 X13.573 Y-23.575 E10.58297
G1 X15.339 Y-23.575 E10.67855
G1 X22.687 Y-21.606 E11.09026
G1 X24.452 Y-21.607 E11.18578
G1 X17.105 Y-23.575 E11.59743
G1 X18.871 Y-23.575 E11.69301
G1 X25.651 Y-21.759 E12.07289
G1 X25.651 Y-22.232 E12.09849
G1 X20.638 Y-23.575 E12.37937
G1 X21.178 Y-23.575 E12.4086
G1 X21.392 Y-23.594 E12.42023
G1 X21.903 Y-23.709 E12.44858
G1 X25.651 Y-22.705 E12.65858
G1 X25.651 Y-23.179 E12.68423
G1 X22.581 Y-24.001 E12.85623
G1 X22.779 Y-24.136 E12.8692
G1 X23.036 Y-24.352 E12.88737
G1 X25.651 Y-23.652 E13.03388
G1 X25.651 Y-24.125 E13.05948
G1 X23.368 Y-24.737 E13.1874
G1 X23.603 Y-25.147 E13.21298
G1 X25.651 Y-24.598 E13.32773
G1 X25.651 Y-25.072 E13.35338
G1 X23.78 Y-25.573 E13.45821
G1 X23.854 Y-25.824 E13.47237
G1 X23.88 Y-26.019 E13.48302
G1 X25.651 Y-25.545 E13.58224
G1 X25.651 Y-26.018 E13.60784
G1 X23.903 Y-26.486 E13.70578
G1 X23.885 Y-26.759 E13.72059
G1 X23.847 Y-26.974 E13.73241
G1 X25.651 Y-26.491 E13.83348
G1 X25.651 Y-26.965 E13.85913
G1 X23.684 Y-27.492 E13.96934
G1 X23.523 Y-27.815 E13.98887
G1 X23.366 Y-28.05 E14.00417
G1 X25.651 Y-27.438 E14.1322
G1 X25.651 Y-27.911 E14.1578
G1 X13.469 Y-31.175 E14.84036
G1 X15.235 Y-31.175 E14.93594
G1 X25.651 Y-28.384 E15.51955
G1 X25.651 Y-28.857 E15.54515
G1 X17.001 Y-31.175 E16.02982
G1 X18.767 Y-31.175 E16.1254
G1 X25.651 Y-29.331 E16.5111
G1 X25.651 Y-29.804 E16.5367
G1 X20.534 Y-31.175 E16.82341
G1 X22.3 Y-31.175 E16.91899
G1 X25.651 Y-30.277 E17.10675
G1 X25.651 Y-30.75 E17.13235
G1 X23.31 Y-31.378 E17.26353
G1 E15.26353 F2400
G92 E0
G1 X23.31 Y-31.378 F7800
G1 X-24.285 Y-35.047
G1 E2 F2400
;TYPE:Internal infill
;WIDTH:0.45
;HEIGHT:0.3
G1 F4800
G1 X-24.285 Y-35.777 E2.03511
G1 X-25.715 Y-35.777 E2.10389
G1 X-24.285 Y-34.316 E2.20222
G1 X-24.285 Y-34.855 E2.22814
G1 X-25.715 Y-34.472 E2.29934
G1 X-25.715 Y-32.595 E2.38962
G1 X-25.278 Y-32.567 E2.41068
G1 E.41068 F2400
G92 E0
G1 X-25.278 Y-32.567 F7800
G1 X-25.496 Y-29.929
G1 E2 F2400
G1 F4800
G1 X-23.745 Y-29.46 E2.08719
G1 X-23.874 Y-28.976 E2.11128
G1 X-25.715 Y-28.483 E2.20295
G1 X-25.715 Y-27.565 E2.2471
G1 X-24.562 Y-26.412 E2.32553
G1 X-24.45 Y-25.745 E2.35806
G1 X-24.195 Y-25.49 E2.3754
G1 X-24.245 Y-25.304 E2.38466
G1 X-24.885 Y-25.203 E2.41582
G1 X-25.189 Y-24.07 E2.47224
G1 X-24.658 Y-23.761 E2.50179
G1 X-24.824 Y-23.14 E2.53271
G1 X-25.354 Y-22.998 E2.5591
G1 X-25.594 Y-22.527 E2.58452
G1 X-25.715 Y-22.495 E2.59054
G1 X-25.715 Y-24.809 E2.70184
G1 E.70184 F2400
G92 E0
G1 X-25.715 Y-24.809 F7800
G1 X-24.07 Y-39.789
G1 E2 F2400
;TYPE:Perimeter
;WIDTH:0.596702
G1 F900
G1 X-25.93 Y-39.789 E2.12349
G1 X-25.93 Y-40.321 E2.15881
G1 X-24.07 Y-40.321 E2.2823
G1 X-24.07 Y-40.055 E2.29996
G1 X-24.07 Y-39.849 E2.31364
G1 X-24.07 Y-39.849 F7800
G1 X-23.611 Y-39.33
;WIDTH:0.45
G1 F900
G1 X-26.389 Y-39.33 E2.44725
G1 X-26.389 Y-40.78 E2.51699
G1 X-23.611 Y-40.78 E2.6506
G1 X-23.611 Y-40.055 E2.68547
G1 X-23.611 Y-39.39 E2.71745
G1 X-23.611 Y-39.39 F7800
G1 X-23.225 Y-38.945
;TYPE:External perimeter
G1 F900
G1 X-26.775 Y-38.945 E2.88819
G1 X-26.775 Y-41.166 E2.99501
G1 X-23.225 Y-41.166 E3.16575
G1 X-23.225 Y-40.055 E3.21919
G1 X-23.225 Y-39.005 E3.26969
G1 X-23.621 Y-38.945 F7800
;LAYER_CHANGE
;Z:8.45
;HEIGHT:0.3
G1 Z8.45 F7800
G1 E1.26969 F2400
G92 E0
G1 X21.464 Y-28.838 F7800
G1 E2 F2400
;TYPE:Perimeter
G1 F3600
G1 X21.803 Y-28.782 E2.01653
G1 X22.262 Y-28.594 E2.04039
G1 X22.719 Y-28.279 E2.06709
G1 X23.026 Y-27.968 E2.08811
G1 X23.301 Y-27.554 E2.11201
G1 X23.487 Y-27.094 E2.13587
G1 X23.579 Y-26.582 E2.16089
G1 X23.552 Y-26.002 E2.18882
G1 X23.405 Y-25.454 E2.21611
G1 X22.988 Y-24.778 E2.25431
G1 X22.578 Y-24.386 E2.28159
G1 X22.151 Y-24.132 E2.30549
G1 X21.386 Y-23.921 E2.34366
G1 X21.172 Y-23.897 E2.35402
G1 X-16.857 Y-23.897 E4.18308
G1 X-17.487 Y-24 E4.21378
G1 X-17.947 Y-24.188 E4.23768
G1 X-18.359 Y-24.461 E4.26145
G1 X-18.743 Y-24.865 E4.28826
G1 X-19.027 Y-25.326 E4.3143
G1 X-19.134 Y-25.57 E4.32711
G1 X-19.25 Y-26.053 E4.351
G1 X-19.268 Y-26.549 E4.37487
G1 X-19.187 Y-27.039 E4.39876
G1 X-19.011 Y-27.503 E4.42263
G1 X-18.748 Y-27.922 E4.44642
G1 X-18.354 Y-28.316 E4.47322
G1 X-17.9 Y-28.611 E4.49926
G1 X-17.367 Y-28.814 E4.52669
G1 X-16.781 Y-28.887 E4.55509
G1 X21.172 Y-28.885 E6.3805
G1 X21.404 Y-28.847 E6.39181
G1 X21.404 Y-28.847 F7800
G1 X21.407 Y-28.462
G1 F3600
G1 X21.671 Y-28.42 E6.40467
G1 X22.061 Y-28.265 E6.42485
G1 X22.457 Y-27.996 E6.44787
G1 X22.713 Y-27.743 E6.46518
G1 X22.949 Y-27.395 E6.4854
G1 X23.111 Y-27.008 E6.50558
G1 X23.193 Y-26.553 E6.52782
G1 X23.166 Y-26.021 E6.55344
G1 X23.04 Y-25.577 E6.57564
G1 X22.67 Y-24.995 E6.60881
G1 X22.235 Y-24.617 E6.63653
G1 X21.819 Y-24.415 E6.65877
G1 X21.172 Y-24.282 E6.69054
G1 X-16.857 Y-24.282 E8.5196
G1 X-17.355 Y-24.363 E8.54387
G1 X-17.746 Y-24.517 E8.56408
G1 X-18.097 Y-24.745 E8.58421
G1 X-18.415 Y-25.067 E8.60598
G1 X-18.698 Y-25.528 E8.632
G1 X-18.763 Y-25.675 E8.63973
G1 X-18.865 Y-26.082 E8.65991
G1 X-18.885 Y-26.501 E8.68009
G1 X-18.822 Y-26.916 E8.70028
G1 X-18.677 Y-27.311 E8.72052
G1 X-18.458 Y-27.667 E8.74062
G1 X-18.143 Y-27.993 E8.76242
G1 X-17.69 Y-28.288 E8.78842
G1 X-17.183 Y-28.463 E8.81422
G1 X-16.781 Y-28.502 E8.83365
G1 X21.172 Y-28.5 E10.65906
G1 X21.348 Y-28.472 E10.66763
G1 X21.348 Y-28.472 F7800
G1 X21.35 Y-28.086
;TYPE:External perimeter
G1 F1800
G1 X21.539 Y-28.057 E10.67683
G1 X21.86 Y-27.936 E10.69333
G1 X22.195 Y-27.713 E10.71269
G1 X22.4 Y-27.518 E10.7263
G1 X22.598 Y-27.237 E10.74283
G1 X22.735 Y-26.922 E10.75935
G1 X22.808 Y-26.572 E10.77655
G1 X22.781 Y-26.041 E10.80212
G1 X22.651 Y-25.653 E10.8218
G1 X22.351 Y-25.213 E10.84741
G1 X22.05 Y-24.956 E10.86645
G1 X21.733 Y-24.791 E10.88364
G1 X21.172 Y-24.668 E10.91126
G1 X-16.857 Y-24.668 E12.74032
G1 X-17.223 Y-24.725 E12.75814
G1 X-17.545 Y-24.846 E12.77468
G1 X-17.835 Y-25.028 E12.79115
G1 X-18.086 Y-25.27 E12.80792
G1 X-18.391 Y-25.779 E12.83646
G1 X-18.481 Y-26.111 E12.853
G1 X-18.503 Y-26.453 E12.86948
G1 X-18.456 Y-26.793 E12.88599
G1 X-18.343 Y-27.118 E12.90254
G1 X-18.168 Y-27.413 E12.91904
G1 X-17.933 Y-27.67 E12.93579
G1 X-17.48 Y-27.965 E12.96179
G1 X-17.102 Y-28.085 E12.98086
G1 X-16.781 Y-28.116 E12.99637
G1 X21.172 Y-28.114 E14.82178
G1 X21.291 Y-28.096 E14.82757
G1 X21.679 Y-27.998 F7800
G1 E12.82757 F2400
G92 E0
G1 X-23.996 Y-12.387 F7800
G1 E2 F2400
;TYPE:Perimeter
G1 F3600
G1 X-26.004 Y-12.387 E2.09658
G1 X-26.004 Y-14.263 E2.18681
;TYPE:Overhang perimeter
;WIDTH:0.4
;HEIGHT:0.4
G1 X-26.004 Y-15.52 E2.25248
;TYPE:Perimeter
;WIDTH:0.45
;HEIGHT:0.3
G1 X-26.004 Y-37.263 E3.29824
;TYPE:Overhang perimeter
;WIDTH:0.4
;HEIGHT:0.4
G1 X-26.004 Y-38.52 E3.36391
;TYPE:Perimeter
;WIDTH:0.45
;HEIGHT:0.3
G1 X-26.004 Y-40.395 E3.45409
G1 X-23.996 Y-40.395 E3.55067
G1 X-23.996 Y-38.52 E3.64085
;TYPE:Overhang perimeter
;WIDTH:0.4
;HEIGHT:0.4
G1 X-23.996 Y-37.263 E3.70652
;TYPE:Perimeter
;WIDTH:0.45
;HEIGHT:0.3
G1 X-23.996 Y-33.491 E3.88794
G1 X-23.899 Y-32.909 E3.91632
G1 X-23.76 Y-32.569 E3.93399
G1 X-23.547 Y-32.245 E3.95264
G1 X-23.295 Y-31.985 E3.97005
G1 X-22.977 Y-31.762 E3.98873
G1 X-22.635 Y-31.61 E4.00673
G1 X-22.022 Y-31.497 E4.03671
G1 X25.839 Y-31.496 E6.33866
G1 X25.839 Y-21.286 E6.82973
G1 X-21.284 Y-21.286 E9.09618
G1 X-22.271 Y-21.265 E9.14366
G1 X-22.809 Y-21.108 E9.17062
G1 X-23.092 Y-20.951 E9.18619
G1 X-23.38 Y-20.721 E9.20392
G1 X-23.598 Y-20.475 E9.21973
G1 X-23.773 Y-20.192 E9.23573
G1 X-23.892 Y-19.904 E9.25072
G1 X-23.994 Y-19.358 E9.27744
G1 X-23.995 Y-15.52 E9.46203
;TYPE:Overhang perimeter
;WIDTH:0.4
;HEIGHT:0.4
G1 X-23.995 Y-14.263 E9.5277
;TYPE:Perimeter
;WIDTH:0.45
;HEIGHT:0.3
G1 X-23.996 Y-12.447 E9.61504
G1 X-23.996 Y-12.447 F7800
G1 X-23.61 Y-12.002
G1 F3600
G1 X-26.389 Y-12.002 E9.7487
G1 X-26.389 Y-14.263 E9.85745
;TYPE:Overhang perimeter
;WIDTH:0.4
;HEIGHT:0.4
G1 X-26.389 Y-15.52 E9.92312
;TYPE:Perimeter
;WIDTH:0.45
;HEIGHT:0.3
G1 X-26.389 Y-37.263 E10.96888
;TYPE:Overhang perimeter
;WIDTH:0.4
;HEIGHT:0.4
G1 X-26.389 Y-38.52 E11.03455
;TYPE:Perimeter
;WIDTH:0.45
;HEIGHT:0.3
G1 X-26.389 Y-40.78 E11.14325
G1 X-23.611 Y-40.78 E11.27686
G1 X-23.611 Y-38.52 E11.38556
;TYPE:Overhang perimeter
;WIDTH:0.4
;HEIGHT:0.4
G1 X-23.611 Y-37.263 E11.45123
;TYPE:Perimeter
;WIDTH:0.45
;HEIGHT:0.3
G1 X-23.611 Y-33.491 E11.63265
G1 X-23.521 Y-32.985 E11.65737
G1 X-23.437 Y-32.78 E11.66803
G1 X-23.225 Y-32.457 E11.68661
G1 X-23.074 Y-32.301 E11.69705
G1 X-22.755 Y-32.078 E11.71577
G1 X-22.55 Y-31.987 E11.72656
G1 X-22.022 Y-31.882 E11.75245
G1 X25.936 Y-31.882 E14.05906
G1 X26.224 Y-31.788 E14.07363
G1 X26.224 Y-21.029 E14.5911
G1 X26.186 Y-20.954 E14.59514
G1 X25.96 Y-20.9 E14.60632
G1 X-22.001 Y-20.9 E16.91308
G1 X-22.376 Y-20.851 E16.93127
G1 X-22.851 Y-20.65 E16.95608
G1 X-23.27 Y-20.272 E16.98322
G1 X-23.517 Y-19.816 E17.00816
G1 X-23.608 Y-19.358 E17.03062
G1 X-23.61 Y-15.52 E17.21521
;TYPE:Overhang perimeter
;WIDTH:0.4
;HEIGHT:0.4
G1 X-23.61 Y-14.263 E17.28088
;TYPE:Perimeter
;WIDTH:0.45
;HEIGHT:0.3
G1 X-23.61 Y-12.062 E17.38674
G1 X-23.61 Y-12.062 F7800
G1 X-23.225 Y-11.616
;TYPE:External perimeter
G1 F1800
G1 X-26.775 Y-11.616 E17.55748
G1 X-26.775 Y-14.263 E17.68479
;TYPE:Overhang perimeter
;WIDTH:0.4
;HEIGHT:0.4
G1 F3600
G1 X-26.775 Y-15.52 E17.75046
;TYPE:External perimeter
;WIDTH:0.45
;HEIGHT:0.3
G1 F1800
G1 X-26.775 Y-37.263 E18.79622
;TYPE:Overhang perimeter
;WIDTH:0.4
;HEIGHT:0.4
G1 F3600
G1 X-26.775 Y-38.52 E18.86189
;TYPE:External perimeter
;WIDTH:0.45
;HEIGHT:0.3
G1 F1800
G1 X-26.775 Y-41.166 E18.98915
G1 X-23.225 Y-41.166 E19.15989
G1 X-23.225 Y-38.52 E19.28715
;TYPE:Overhang perimeter
;WIDTH:0.4
;HEIGHT:0.4
G1 F3600
G1 X-23.225 Y-37.263 E19.35282
;TYPE:External perimeter
;WIDTH:0.45
;HEIGHT:0.3
G1 F1800
G1 X-23.225 Y-33.491 E19.53424
G1 X-23.143 Y-33.06 E19.55534
G1 X-22.903 Y-32.669 E19.57741
G1 X-22.534 Y-32.393 E19.59957
G1 X-22.025 Y-32.268 E19.62478
G1 X25.902 Y-32.268 E21.9299
G1 X26.319 Y-32.194 E21.95027
G1 X26.557 Y-32.024 E21.96434
G1 X26.61 Y-31.921 E21.96991
G1 X26.61 Y-20.822 E22.50373
G1 X26.363 Y-20.607 E22.51948
G1 X25.985 Y-20.514 E22.5382
G1 X-22.14 Y-20.503 E24.85285
G1 X-22.554 Y-20.38 E24.87362
G1 X-22.899 Y-20.118 E24.89446
G1 X-23.118 Y-19.786 E24.91359
G1 X-23.223 Y-19.357 E24.93483
G1 X-23.224 Y-15.52 E25.11938
;TYPE:Overhang perimeter
;WIDTH:0.4
;HEIGHT:0.4
G1 F3600
G1 X-23.224 Y-14.263 E25.18505
;TYPE:External perimeter
;WIDTH:0.45
;HEIGHT:0.3
G1 F1800
G1 X-23.225 Y-11.676 E25.30948
G1 X-23.62 Y-11.617 F7800
G1 X-24.319 Y-12.506
;TYPE:Bridge infill
;WIDTH:0.404068
;HEIGHT:0.4
G1 F3600
G1 X-24.318 Y-17 E25.54907
G1 X-24.772 Y-17 E25.57327
G1 X-24.773 Y-12.709 E25.80204
G1 X-25.228 Y-12.709 E25.8263
G1 X-25.226 Y-17 E26.05507
G1 X-25.68 Y-17 E26.07927
G1 X-25.682 Y-12.506 E26.31886
G1 E24.31886 F2400
G92 E0
G1 X-25.682 Y-12.506 F7800
G1 X-25.715 Y-24.809
G1 E2 F2400
;TYPE:Internal infill
;WIDTH:0.45
;HEIGHT:0.3
G1 F4800
G1 X-25.715 Y-22.495 E2.1113
G1 X-23.893 Y-22.983 E2.20202
G1 X-23.893 Y-20.672 E2.31317
G1 X-23.832 Y-20.643 E2.31642
G1 X-24.023 Y-20.338 E2.33373
G1 X-24.252 Y-19.637 E2.3692
G1 X-24.284 Y-17.954 E2.45016
G1 X-25.715 Y-19.385 E2.54749
G1 X-25.715 Y-19.818 E2.56832
G1 X-23.893 Y-26.617 E2.90687
G1 X-23.893 Y-28.971 E3.02009
G1 X-25.715 Y-28.483 E3.11081
G1 X-25.715 Y-27.565 E3.15496
G1 X-23.893 Y-25.743 E3.27889
G1 E1.27889 F2400
G92 E0
G1 X-23.893 Y-25.743 F7800
G1 X-25.68 Y-40.276
G1 E2 F2400
;TYPE:Bridge infill
;WIDTH:0.403678
;HEIGHT:0.4
G1 F3600
G1 X-25.68 Y-35.782 E2.23913
G1 X-25.227 Y-35.782 E2.26323
G1 X-25.227 Y-40.073 E2.49155
G1 X-24.773 Y-40.073 E2.51571
G1 X-24.773 Y-35.782 E2.74403
G1 X-24.319 Y-35.782 E2.76819
G1 X-24.319 Y-40.276 E3.00732
G1 E1.00732 F2400
G92 E0
G1 X-24.319 Y-40.276 F7800
G1 X-24.285 Y-35.047
G1 E2 F2400
;TYPE:Internal infill
;WIDTH:0.45
;HEIGHT:0.3
G1 F4800
G1 X-24.285 Y-35.364 E2.01525
G1 X-25.334 Y-35.364 E2.0657
G1 X-24.285 Y-34.316 E2.13702
G1 X-24.285 Y-34.855 E2.16294
G1 X-25.715 Y-34.472 E2.23414
G1 X-25.715 Y-32.158 E2.34544
G1 E.34544 F2400
G92 E0
G1 X-25.715 Y-32.158 F7800
G1 X-23.507 Y-31.793
G1 E2 F2400
;TYPE:Solid infill
;WIDTH:0.45
G1 F1200
G1 X-22.944 Y-31.414 E2.03264
G1 X-22.439 Y-31.274 E2.05784
G1 X-22.034 Y-31.208 E2.07758
G1 X-20.679 Y-31.208 E2.14275
G1 X-23.507 Y-28.379 E2.33514
G1 X-23.507 Y-31.601 E2.49011
G1 X-23.122 Y-31.076 E2.52142
G1 X-22.983 Y-31.016 E2.5287
G1 X-22.328 Y-30.853 E2.56116
G1 X-21.61 Y-30.822 E2.59573
G1 X-23.122 Y-29.31 E2.69857
G1 X-23.122 Y-30.884 E2.77427
G1 X-22.585 Y-30.463 E2.80709
;WIDTH:0.618935
G1 X-22.634 Y-30.512 E2.81188
G1 X-22.7 Y-30.494 E2.81661
G1 X-22.718 Y-30.427 E2.82141
G1 X-22.669 Y-30.378 E2.8262
G1 X-22.602 Y-30.396 E2.831
G1 E.831 F2400
G92 E0
G1 X-22.602 Y-30.396 F7800
G1 X-20.134 Y-31.208
G1 E2 F2400
;WIDTH:0.45
G1 F1200
G1 X-23.631 Y-27.697 E2.23834
;WIDTH:0.404381
G1 X-23.702 Y-27.716 E2.24146
G1 X-23.683 Y-27.645 E2.24458
G1 X-23.642 Y-27.656 E2.24638
;WIDTH:0.45
G1 X-23.507 Y-27.289 E2.26519
G1 X-19.588 Y-31.208 E2.53176
G1 X-19.043 Y-31.208 E2.55797
G1 X-23.507 Y-26.743 E2.86164
G1 X-23.507 Y-26.198 E2.88785
G1 X-18.498 Y-31.208 E3.22859
G1 X-17.952 Y-31.208 E3.25485
G1 X-23.507 Y-25.653 E3.63269
G1 X-23.507 Y-25.107 E3.65895
G1 X-17.407 Y-31.208 E4.0739
G1 X-16.862 Y-31.208 E4.10011
G1 X-23.507 Y-24.562 E4.55213
G1 X-23.507 Y-24.562 F7800
G1 X-23.59 Y-23.714
;WIDTH:0.404381
G1 F1200
G1 X-23.631 Y-23.703 E4.55393
G1 X-23.65 Y-23.774 E4.55705
G1 X-23.579 Y-23.755 E4.56017
;WIDTH:0.45
G1 X-23.507 Y-24.017 E4.57324
G1 X-16.316 Y-31.208 E5.06236
G1 X-15.771 Y-31.208 E5.08857
G1 X-18.25 Y-28.729 E5.25719
G1 X-18.522 Y-28.497 E5.27438
;WIDTH:0.404381
G1 X-18.927 Y-28.094 E5.29861
;WIDTH:0.45
G1 X-19.157 Y-27.822 E5.31574
G1 X-23.507 Y-23.471 E5.61166
G1 X-23.507 Y-22.926 E5.63787
G1 X-19.51 Y-26.924 E5.90977
G1 X-19.317 Y-27.166 E5.92466
;WIDTH:0.404381
G1 X-19.358 Y-27.155 E5.92646
G1 X-19.378 Y-27.226 E5.92959
G1 X-19.306 Y-27.207 E5.93275
G1 X-19.306 Y-27.207 F7800
G1 X-19.557 Y-26.331
;WIDTH:0.45
G1 F1200
G1 X-23.507 Y-22.381 E6.20142
G1 X-23.507 Y-21.835 E6.22768
G1 X-19.504 Y-25.839 E6.49999
G1 X-19.385 Y-25.412 E6.52131
G1 X-23.507 Y-21.29 E6.80168
;WIDTH:0.455697
G1 X-23.47 Y-20.944 E6.81866
G1 X-23.517 Y-20.931 E6.82104
G1 X-23.539 Y-21.013 E6.82518
G1 X-23.457 Y-20.991 E6.82932
;WIDTH:0.45
G1 X-22.853 Y-21.399 E6.86438
G1 X-19.199 Y-25.053 E7.11292
G1 X-18.991 Y-24.716 E7.13197
G1 X-22.142 Y-21.565 E7.3463
G1 X-21.586 Y-21.575 E7.37305
G1 X-18.741 Y-24.42 E7.56656
G1 X-18.448 Y-24.168 E7.58515
G1 X-21.041 Y-21.575 E7.76152
G1 X-20.496 Y-21.575 E7.78773
G1 X-18.117 Y-23.953 E7.94951
G1 E5.94951 F2400
G92 E0
G1 X-18.117 Y-23.953 F7800
G1 X20.975 Y-23.607
G1 E2 F2400
G1 F1200
G1 X-16.853 Y-23.607 E3.8194
G1 X-17.562 Y-23.722 E3.85395
G1 X-17.736 Y-23.789 E3.86292
G1 X-19.95 Y-21.575 E4.01351
G1 X19.997 Y-21.575 E5.93482
G1 X19.997 Y-21.711 E5.94136
G1 X22.099 Y-23.814 E6.08437
G1 X21.956 Y-23.754 E6.09183
G1 X21.167 Y-23.607 E6.13043
G1 X20.962 Y-23.222 E6.15141
G1 X19.885 Y-22.145 E6.22467
G1 X19.724 Y-21.96 E6.23647
G1 X-19.019 Y-21.96 E8.09987
G1 X-17.636 Y-23.342 E8.19391
G1 X-16.853 Y-23.222 E8.23201
G1 X20.769 Y-23.222 E10.0415
G1 X20.769 Y-23.222 F7800
G1 X19.968 Y-22.81
;WIDTH:0.502251
G1 F1200
G1 X19.53 Y-22.372 E10.07533
G1 X-16.853 Y-22.372 E12.06234
;WIDTH:0.535524
G1 X-17.985 Y-22.389 E12.12887
G1 X-17.494 Y-22.88 E12.16967
G1 X-16.853 Y-22.81 E12.20756
;WIDTH:0.502251
G1 X19.775 Y-22.81 E14.20795
G1 E12.20795 F2400
G92 E0
G1 X22.52 Y-24.107 F7800
G1 E2 F2400
;WIDTH:0.404381
G1 F1200
G1 X23.135 Y-24.686 E2.03582
G1 E.03582 F2400
G92 E0
G1 X23.135 Y-24.686 F7800
G1 X-15.226 Y-31.208
G1 E2 F2400
;WIDTH:0.45
G1 F1200
G1 X-17.307 Y-29.126 E2.14158
G1 X-17.539 Y-28.976 E2.15487
;WIDTH:0.404381
G1 X-17.61 Y-28.995 E2.15799
G1 X-17.591 Y-28.924 E2.16111
G1 X-17.55 Y-28.935 E2.16291
G1 E.16291 F2400
G92 E0
G1 X-14.671 Y-30.677 F7800
G1 E2 F2400
;WIDTH:0.45
G1 F1200
G1 X-15.78 Y-29.562 E2.07564
G1 X21.168 Y-29.56 E3.85271
G1 X21.951 Y-29.439 E3.89082
G1 X22.537 Y-29.209 E3.9211
G1 X23.067 Y-28.867 E3.95144
G1 X23.519 Y-28.427 E3.98178
G1 X23.874 Y-27.906 E4.0121
G1 X24.119 Y-27.326 E4.04238
G1 X24.245 Y-26.679 E4.07408
G1 X24.251 Y-26.511 E4.08217
G1 X25.141 Y-27.401 E4.14271
G1 X25.164 Y-28.043 E4.17361
G1 X25.164 Y-30.822 E4.30727
G1 X-14.544 Y-30.822 E6.21709
G1 X-14.857 Y-31.031 E6.23519
G1 X-16.711 Y-29.176 E6.36133
G1 X21.168 Y-29.175 E8.18318
G1 X21.877 Y-29.06 E8.21773
G1 X22.39 Y-28.852 E8.24435
G1 X22.852 Y-28.547 E8.27098
G1 X23.245 Y-28.156 E8.29764
G1 X23.552 Y-27.695 E8.32428
G1 X23.761 Y-27.182 E8.35092
G1 X23.865 Y-26.612 E8.37879
G1 X23.841 Y-25.995 E8.40849
G1 X23.77 Y-25.632 E8.42628
G1 X23.665 Y-25.38 E8.43941
G1 X25.413 Y-27.128 E8.55831
G1 X25.55 Y-27.128 E8.5649
G1 X25.55 Y-31.207 E8.76109
G1 X-14.817 Y-31.208 E10.7026
G1 X-14.817 Y-31.208 F7800
G1 X-14.35 Y-30.411
;WIDTH:0.502267
G1 F1200
G1 X21.168 Y-30.41 E12.64244
;WIDTH:0.519753
G1 X21.568 Y-30.401 E12.66516
G1 X21.826 Y-30.419 E12.67985
;WIDTH:0.484876
G1 X22.084 Y-30.436 E12.69341
;WIDTH:0.45
G1 X24.778 Y-30.436 E12.82298
G1 X24.778 Y-27.584 E12.96015
G1 X24.518 Y-27.324 E12.97783
G1 X24.428 Y-27.591 E12.99138
G1 X24.196 Y-28.118 E13.01907
G1 X23.793 Y-28.698 E13.05304
G1 X23.282 Y-29.187 E13.08706
G1 X22.685 Y-29.565 E13.12105
G1 X22.024 Y-29.817 E13.15507
;WIDTH:0.484876
G1 X21.774 Y-29.884 E13.16864
;WIDTH:0.519753
G1 X21.524 Y-29.95 E13.18333
G1 X21.168 Y-29.972 E13.20359
;WIDTH:0.502267
G1 X-14.26 Y-29.973 E15.13851
;WIDTH:0.501524
G1 X-14.787 Y-29.973 E15.16724
G1 X-14.487 Y-30.274 E15.19041
G1 E13.19041 F2400
G92 E0
G1 X-14.487 Y-30.274 F7800
G1 X20.406 Y-21.575
G1 E2 F2400
;WIDTH:0.45
G1 F1200
G1 X25.55 Y-26.719 E2.34989
G1 X25.55 Y-26.174 E2.3761
G1 X20.951 Y-21.575 E2.68892
G1 X21.496 Y-21.575 E2.71513
G1 X25.55 Y-25.628 E2.99084
G1 X25.55 Y-25.083 E3.01705
G1 X22.042 Y-21.575 E3.25566
G1 X22.587 Y-21.575 E3.28187
G1 X25.55 Y-24.538 E3.48341
G1 X25.55 Y-23.992 E3.50967
G1 X23.132 Y-21.575 E3.67411
G1 X23.678 Y-21.575 E3.70037
G1 X25.55 Y-23.447 E3.8277
G1 X25.55 Y-21.575 E3.91774
G1 X24.223 Y-21.575 E3.98156
G1 X25.413 Y-22.765 E4.0625
G1 X25.413 Y-22.765 F7800
G1 X25.208 Y-21.976
;WIDTH:0.455861
G1 F1200
G1 X25.126 Y-21.998 E4.06665
G1 X25.148 Y-21.916 E4.0708
G1 X25.196 Y-21.929 E4.07323
G1 E2.07323 F2400
G92 E0
G1 X25.196 Y-21.929 F7800
G1 X22.695 Y-29.969
G1 E2 F2400
;WIDTH:0.45
G1 F1200
G1 X23.069 Y-29.795 E2.01984
G1 X23.497 Y-29.507 E2.04465
G1 X24.067 Y-28.969 E2.08235
G1 X24.393 Y-28.522 E2.10896
G1 X24.393 Y-30.05 E2.18245
G1 X22.52 Y-30.05 E2.27253
G1 X22.52 Y-30.05 F7800
G1 X24.034 Y-29.654
;WIDTH:0.500617
G1 F1200
G1 X23.996 Y-29.692 E2.27545
G1 X23.943 Y-29.678 E2.27843
G1 X23.929 Y-29.625 E2.28141
G1 X23.968 Y-29.587 E2.28437
G1 X24.02 Y-29.601 E2.2873
;LAYER_CHANGE
;Z:8.75
;HEIGHT:0.3
G1 Z8.75 F7800
G1 E.2873 F2400
G92 E0
G1 X24.02 Y-29.601 F7800
G1 X21.463 Y-28.838
G1 E2 F2400
;TYPE:Perimeter
;WIDTH:0.45
G1 F3600
G1 X21.803 Y-28.782 E2.01657
G1 X22.262 Y-28.594 E2.04043
G1 X22.676 Y-28.319 E2.06433
G1 X23.026 Y-27.968 E2.08817
G1 X23.301 Y-27.554 E2.11207
G1 X23.487 Y-27.094 E2.13593
G1 X23.579 Y-26.582 E2.16095
G1 X23.552 Y-26.003 E2.18883
G1 X23.477 Y-25.676 E2.20497
G1 X23.27 Y-25.185 E2.2306
G1 X22.945 Y-24.72 E2.25789
G1 X22.578 Y-24.386 E2.28176
G1 X22.151 Y-24.132 E2.30566
G1 X21.386 Y-23.921 E2.34383
G1 X21.172 Y-23.897 E2.35419
G1 X-16.857 Y-23.897 E4.18325
G1 X-17.487 Y-24 E4.21395
G1 X-17.947 Y-24.188 E4.23785
G1 X-18.36 Y-24.462 E4.26169
G1 X-18.748 Y-24.871 E4.2888
G1 X-19.028 Y-25.328 E4.31458
G1 X-19.216 Y-25.864 E4.3419
G1 X-19.275 Y-26.429 E4.36922
G1 X-19.195 Y-27.016 E4.39771
G1 X-19.011 Y-27.503 E4.42275
G1 X-18.747 Y-27.923 E4.44661
G1 X-18.348 Y-28.321 E4.47372
G1 X-17.899 Y-28.612 E4.49945
G1 X-17.367 Y-28.814 E4.52682
G1 X-16.781 Y-28.887 E4.55522
G1 X21.172 Y-28.885 E6.38063
G1 X21.404 Y-28.847 E6.39194
G1 X21.404 Y-28.847 F7800
G1 X21.407 Y-28.462
G1 F3600
G1 X21.671 Y-28.42 E6.4048
G1 X22.061 Y-28.265 E6.42498
G1 X22.413 Y-28.037 E6.44515
G1 X22.713 Y-27.743 E6.46535
G1 X22.949 Y-27.395 E6.48557
G1 X23.111 Y-27.008 E6.50575
G1 X23.193 Y-26.553 E6.52799
G1 X23.166 Y-26.022 E6.55356
G1 X23.122 Y-25.826 E6.56322
G1 X22.915 Y-25.335 E6.58885
G1 X22.564 Y-24.878 E6.61657
G1 X22.235 Y-24.617 E6.63677
G1 X21.819 Y-24.415 E6.65901
G1 X21.172 Y-24.282 E6.69078
G1 X-16.857 Y-24.282 E8.51984
G1 X-17.355 Y-24.363 E8.54411
G1 X-17.746 Y-24.517 E8.56432
G1 X-18.098 Y-24.745 E8.58449
G1 X-18.419 Y-25.073 E8.60656
G1 X-18.699 Y-25.529 E8.6323
G1 X-18.858 Y-26.025 E8.65735
G1 X-18.89 Y-26.429 E8.67684
G1 X-18.822 Y-26.916 E8.70049
G1 X-18.677 Y-27.31 E8.72068
G1 X-18.458 Y-27.668 E8.74086
G1 X-18.138 Y-27.998 E8.76297
G1 X-17.689 Y-28.289 E8.7887
G1 X-17.183 Y-28.463 E8.81444
G1 X-16.781 Y-28.502 E8.83387
G1 X21.172 Y-28.5 E10.65928
G1 X21.348 Y-28.472 E10.66785
G1 X21.348 Y-28.472 F7800
G1 X21.35 Y-28.086
;TYPE:External perimeter
G1 F1800
G1 X21.539 Y-28.057 E10.67705
G1 X21.86 Y-27.936 E10.69355
G1 X22.151 Y-27.754 E10.71006
G1 X22.4 Y-27.518 E10.72656
G1 X22.598 Y-27.237 E10.74309
G1 X22.735 Y-26.922 E10.75961
G1 X22.808 Y-26.572 E10.77681
G1 X22.781 Y-26.041 E10.80238
G1 X22.56 Y-25.485 E10.83116
G1 X22.316 Y-25.173 E10.85021
G1 X22.05 Y-24.956 E10.86672
G1 X21.733 Y-24.791 E10.88391
G1 X21.172 Y-24.668 E10.91153
G1 X-16.857 Y-24.668 E12.74059
G1 X-17.223 Y-24.725 E12.75841
G1 X-17.545 Y-24.846 E12.77495
G1 X-17.836 Y-25.028 E12.79146
G1 X-18.09 Y-25.274 E12.80847
G1 X-18.37 Y-25.73 E12.83421
G1 X-18.481 Y-26.111 E12.8533
G1 X-18.504 Y-26.429 E12.86863
G1 X-18.456 Y-26.793 E12.88629
G1 X-18.343 Y-27.118 E12.90284
G1 X-18.168 Y-27.413 E12.91934
G1 X-17.929 Y-27.674 E12.93636
G1 X-17.479 Y-27.965 E12.96213
G1 X-17.102 Y-28.085 E12.98116
G1 X-16.781 Y-28.116 E12.99667
G1 X21.172 Y-28.114 E14.82208
G1 X21.291 Y-28.096 E14.82787
G1 X21.679 Y-27.998 F7800
G1 E12.82787 F2400
G92 E0
G1 X-23.996 Y-12.387 F7800
G1 E2 F2400
;TYPE:Perimeter
G1 F3600
G1 X-26.004 Y-12.387 E2.09658
G1 X-26.004 Y-40.395 E3.44367
G1 X-23.996 Y-40.395 E3.54025
G1 X-23.996 Y-33.491 E3.87231
G1 X-23.899 Y-32.909 E3.90069
G1 X-23.76 Y-32.569 E3.91836
G1 X-23.547 Y-32.245 E3.93701
G1 X-23.295 Y-31.985 E3.95442
G1 X-22.977 Y-31.762 E3.9731
G1 X-22.635 Y-31.61 E3.9911
G1 X-22.022 Y-31.497 E4.02108
G1 X25.531 Y-31.496 E6.30821
G1 X25.531 Y-21.286 E6.79928
G1 X-21.291 Y-21.286 E9.05126
G1 X-22.271 Y-21.265 E9.09841
G1 X-22.809 Y-21.108 E9.12537
G1 X-23.092 Y-20.951 E9.14094
G1 X-23.38 Y-20.721 E9.15867
G1 X-23.598 Y-20.476 E9.17444
G1 X-23.773 Y-20.193 E9.19044
G1 X-23.892 Y-19.904 E9.20547
G1 X-23.994 Y-19.358 E9.23219
G1 X-23.996 Y-12.447 E9.56459
G1 X-23.996 Y-12.447 F7800
G1 X-23.61 Y-12.002
G1 F3600
G1 X-26.389 Y-12.002 E9.69825
G1 X-26.389 Y-40.78 E11.08237
G1 X-23.611 Y-40.78 E11.21598
G1 X-23.611 Y-33.491 E11.56656
G1 X-23.521 Y-32.985 E11.59128
G1 X-23.437 Y-32.78 E11.60194
G1 X-23.225 Y-32.457 E11.62052
G1 X-23.074 Y-32.301 E11.63096
G1 X-22.755 Y-32.078 E11.64968
G1 X-22.55 Y-31.987 E11.66047
G1 X-22.022 Y-31.882 E11.68636
G1 X25.916 Y-31.882 E13.99201
G1 X25.916 Y-20.9 E14.52021
G1 X-22.001 Y-20.9 E16.82485
G1 X-22.376 Y-20.851 E16.84304
G1 X-22.851 Y-20.65 E16.86785
G1 X-23.27 Y-20.272 E16.89499
G1 X-23.517 Y-19.816 E16.91993
G1 X-23.608 Y-19.358 E16.94239
G1 X-23.61 Y-12.062 E17.2933
G1 X-23.61 Y-12.062 F7800
G1 X-23.225 Y-11.616
;TYPE:External perimeter
G1 F1800
G1 X-26.775 Y-11.616 E17.46404
G1 X-26.775 Y-41.166 E18.88529
G1 X-23.225 Y-41.166 E19.05603
G1 X-23.225 Y-33.491 E19.42517
G1 X-23.143 Y-33.06 E19.44627
G1 X-22.903 Y-32.669 E19.46834
G1 X-22.534 Y-32.393 E19.4905
G1 X-22.025 Y-32.268 E19.51571
G1 X25.963 Y-32.268 E21.82377
G1 X26.302 Y-32.195 E21.84045
G1 X26.302 Y-32.102 E21.84492
G1 X26.302 Y-20.587 E22.39875
G1 X25.985 Y-20.514 E22.4144
G1 X-22.14 Y-20.503 E24.72905
G1 X-22.554 Y-20.38 E24.74982
G1 X-22.899 Y-20.118 E24.77066
G1 X-23.117 Y-19.786 E24.78976
G1 X-23.223 Y-19.358 E24.81097
G1 X-23.225 Y-11.676 E25.18045
G1 X-23.62 Y-11.617 F7800
G1 E23.18045 F2400
G92 E0
G1 X-25.715 Y-19.885 F7800
G1 E2 F2400
;TYPE:Solid infill
G1 F1200
G1 X-25.715 Y-40.106 E2.97256
G1 X-24.285 Y-40.106 E3.04134
G1 X-24.285 Y-33.495 E3.35931
G1 X-24.227 Y-33.123 E3.37742
G1 X-24.128 Y-32.714 E3.39766
G1 X-24.219 Y-32.658 E3.4028
G1 X-24.496 Y-32.21 E3.42813
G1 X-24.653 Y-31.691 E3.45421
G1 X-24.673 Y-31.499 E3.46349
G1 X-24.671 Y-21.251 E3.95638
G1 X-24.552 Y-20.736 E3.9818
G1 X-24.249 Y-20.181 E4.01221
G1 X-24.112 Y-20.086 E4.02023
G1 X-24.191 Y-19.833 E4.03298
G1 X-24.283 Y-19.352 E4.05653
G1 X-24.285 Y-12.676 E4.37762
G1 X-25.715 Y-12.676 E4.4464
G1 X-25.715 Y-19.693 E4.78389
G1 E2.78389 F2400
G92 E0
G1 X-25.715 Y-19.693 F7800
G1 X-25.358 Y-31.306
G1 E2 F2400
;WIDTH:0.393197
G1 F1200
G1 X-25.357 Y-21.251 E2.41237
;WIDTH:0.421598
G1 X-25.343 Y-20.949 E2.42584
;WIDTH:0.45
G1 X-25.329 Y-19.885 E2.47702
;WIDTH:0.495729
G1 X-25.306 Y-19.708 E2.48662
;WIDTH:0.541459
G1 X-25.283 Y-19.53 E2.4973
;WIDTH:0.587189
G1 X-25.26 Y-19.352 E2.509
G1 X-25.261 Y-13.13 E2.91472
;WIDTH:0.586388
G1 X-24.739 Y-13.13 E2.94871
;WIDTH:0.587189
G1 X-24.738 Y-19.352 E3.35443
G1 X-24.701 Y-19.513 E3.3652
;WIDTH:0.546406
G1 X-24.664 Y-19.674 E3.37513
;WIDTH:0.505624
G1 X-24.613 Y-19.812 E3.38323
;WIDTH:0.477812
G1 X-24.561 Y-19.95 E3.39083
;WIDTH:0.45
G1 X-24.898 Y-20.565 E3.42456
G1 X-25.02 Y-21.127 E3.45222
;WIDTH:0.403534
G1 X-25.029 Y-21.251 E3.45748
;WIDTH:0.393197
G1 X-25.03 Y-31.498 E3.87773
;WIDTH:0.418378
G1 X-25.007 Y-31.798 E3.89101
;WIDTH:0.45
G1 X-24.865 Y-32.321 E3.91708
G1 X-24.595 Y-32.805 E3.94374
G1 X-24.594 Y-32.977 E3.95201
;WIDTH:0.495373
G1 X-24.643 Y-33.149 E3.96162
;WIDTH:0.540746
G1 X-24.691 Y-33.322 E3.97229
;WIDTH:0.58612
G1 X-24.739 Y-33.495 E3.98397
G1 X-24.739 Y-39.652 E4.38463
G1 X-25.261 Y-39.652 E4.4186
G1 X-25.261 Y-33.495 E4.81926
G1 X-25.284 Y-33.303 E4.83184
;WIDTH:0.540746
G1 X-25.306 Y-33.11 E4.84338
;WIDTH:0.495373
G1 X-25.329 Y-32.917 E4.85383
;WIDTH:0.45
G1 X-25.345 Y-31.848 E4.90525
;WIDTH:0.418378
G1 X-25.358 Y-31.498 E4.92071
G1 E2.92071 F2400
G92 E0
G1 X-25.358 Y-31.498 F7800
G1 X24.735 Y-31.383
G1 E2 F2400
;TYPE:Top solid infill
;WIDTH:0.401971
G1 F900
G1 X25.266 Y-30.852 E2.03162
G1 X25.266 Y-30.374 E2.05175
G1 X24.408 Y-31.232 E2.10284
G1 X23.931 Y-31.232 E2.12292
G1 X25.266 Y-29.897 E2.20242
G1 X25.266 Y-29.419 E2.22255
G1 X23.453 Y-31.232 E2.33051
G1 X22.976 Y-31.232 E2.35059
G1 X25.266 Y-28.942 E2.48695
G1 X25.266 Y-28.465 E2.50703
G1 X22.499 Y-31.232 E2.6718
G1 X22.021 Y-31.232 E2.69193
G1 X25.266 Y-27.987 E2.88516
G1 X25.266 Y-27.51 E2.90524
G1 X21.544 Y-31.232 E3.12687
G1 X21.066 Y-31.232 E3.147
G1 X25.266 Y-27.032 E3.3971
G1 X25.266 Y-26.555 E3.41718
G1 X20.589 Y-31.232 E3.69568
G1 X20.111 Y-31.232 E3.71581
G1 X25.266 Y-26.077 E4.02277
G1 X25.266 Y-25.6 E4.04285
G1 X23.754 Y-27.112 E4.13289
G1 X23.813 Y-26.851 E4.14416
G1 X23.842 Y-26.547 E4.15702
G1 X25.266 Y-25.123 E4.24181
G1 X25.266 Y-24.645 E4.26194
G1 X23.82 Y-26.091 E4.34804
G1 X23.798 Y-25.836 E4.35882
G1 X23.753 Y-25.681 E4.36562
G1 X25.266 Y-24.168 E4.45571
G1 X25.266 Y-23.69 E4.47584
G1 X23.621 Y-25.336 E4.57382
G1 X23.471 Y-25.009 E4.58897
G1 X25.266 Y-23.213 E4.69589
G1 X25.266 Y-22.735 E4.71602
G1 X23.283 Y-24.719 E4.83413
G1 X23.062 Y-24.462 E4.8484
G1 X25.266 Y-22.258 E4.97964
G1 X25.266 Y-21.781 E4.99972
G1 X22.81 Y-24.237 E5.14597
G1 X22.531 Y-24.038 E5.1604
G1 X25.02 Y-21.55 E5.30858
G1 X24.542 Y-21.55 E5.32871
G1 X22.216 Y-23.876 E5.46722
G1 X21.857 Y-23.758 E5.48313
G1 X24.065 Y-21.55 E5.61461
G1 X23.587 Y-21.55 E5.63474
G1 X21.467 Y-23.67 E5.76098
G1 X21.027 Y-23.632 E5.77958
G1 X23.11 Y-21.55 E5.90359
G1 X22.632 Y-21.55 E5.92372
G1 X20.55 Y-23.632 E6.0477
G1 X20.072 Y-23.632 E6.06783
G1 X22.155 Y-21.55 E6.19184
G1 X21.678 Y-21.55 E6.21192
G1 X19.595 Y-23.632 E6.33593
G1 X19.118 Y-23.632 E6.35601
G1 X21.2 Y-21.55 E6.47999
G1 X20.723 Y-21.55 E6.50007
G1 X18.64 Y-23.632 E6.62408
G1 X18.163 Y-23.632 E6.64416
G1 X20.245 Y-21.55 E6.76814
G1 X19.768 Y-21.55 E6.78822
G1 X17.685 Y-23.632 E6.91223
G1 X17.208 Y-23.632 E6.93231
G1 X19.291 Y-21.55 E7.05632
G1 X18.813 Y-21.55 E7.07645
G1 X16.73 Y-23.632 E7.20046
G1 X16.253 Y-23.632 E7.22054
G1 X18.336 Y-21.55 E7.34455
G1 X17.858 Y-21.55 E7.36468
G1 X15.776 Y-23.632 E7.48866
G1 X15.298 Y-23.632 E7.50879
G1 X17.381 Y-21.55 E7.6328
G1 X16.903 Y-21.55 E7.65293
G1 X14.821 Y-23.632 E7.77691
G1 X14.343 Y-23.632 E7.79704
G1 X16.426 Y-21.55 E7.92105
G1 X15.949 Y-21.55 E7.94113
G1 X13.866 Y-23.632 E8.06514
G1 X13.389 Y-23.632 E8.08522
G1 X15.471 Y-21.55 E8.2092
G1 X14.994 Y-21.55 E8.22928
G1 X12.911 Y-23.632 E8.35329
G1 X12.434 Y-23.632 E8.37337
G1 X14.516 Y-21.55 E8.49735
G1 X14.039 Y-21.55 E8.51743
G1 X11.956 Y-23.632 E8.64144
G1 X11.479 Y-23.632 E8.66152
G1 X13.561 Y-21.55 E8.7855
G1 X13.084 Y-21.55 E8.80558
G1 X11.001 Y-23.632 E8.92959
G1 X10.524 Y-23.632 E8.94967
G1 X12.607 Y-21.55 E9.07368
G1 X12.129 Y-21.55 E9.09381
G1 X10.047 Y-23.632 E9.21779
G1 X9.569 Y-23.632 E9.23792
G1 X11.652 Y-21.55 E9.36193
G1 X11.174 Y-21.55 E9.38206
G1 X9.092 Y-23.632 E9.50604
G1 X8.614 Y-23.632 E9.52617
G1 X10.697 Y-21.55 E9.65018
G1 X10.219 Y-21.55 E9.67031
G1 X8.137 Y-23.632 E9.79429
G1 X7.659 Y-23.632 E9.81442
G1 X9.742 Y-21.55 E9.93843
G1 X9.265 Y-21.55 E9.95851
G1 X7.182 Y-23.632 E10.08252
G1 X6.705 Y-23.632 E10.1026
G1 X8.787 Y-21.55 E10.22658
G1 X8.31 Y-21.55 E10.24666
G1 X6.227 Y-23.632 E10.37067
G1 X5.75 Y-23.632 E10.39075
G1 X7.832 Y-21.55 E10.51473
G1 X7.355 Y-21.55 E10.53481
G1 X5.272 Y-23.632 E10.65882
G1 X4.795 Y-23.632 E10.6789
G1 X6.877 Y-21.55 E10.80288
G1 X6.4 Y-21.55 E10.82296
G1 X4.317 Y-23.632 E10.94697
G1 X3.84 Y-23.632 E10.96705
G1 X5.923 Y-21.55 E11.09106
G1 X5.445 Y-21.55 E11.11119
G1 X3.363 Y-23.632 E11.23517
G1 X2.885 Y-23.632 E11.2553
G1 X4.968 Y-21.55 E11.37931
G1 X4.49 Y-21.55 E11.39944
G1 X2.408 Y-23.632 E11.52342
G1 X1.93 Y-23.632 E11.54355
G1 X4.013 Y-21.55 E11.66756
G1 X3.536 Y-21.55 E11.68764
G1 X1.453 Y-23.632 E11.81165
G1 X.975 Y-23.632 E11.83178
G1 X3.058 Y-21.55 E11.95579
G1 X2.581 Y-21.55 E11.97587
G1 X.498 Y-23.632 E12.09988
G1 X.021 Y-23.632 E12.11996
G1 X2.103 Y-21.55 E12.24394
G1 X1.626 Y-21.55 E12.26402
G1 X-.457 Y-23.632 E12.38803
G1 X-.934 Y-23.632 E12.40811
G1 X1.148 Y-21.55 E12.53209
G1 X.671 Y-21.55 E12.55217
G1 X-1.412 Y-23.632 E12.67618
G1 X-1.889 Y-23.632 E12.69626
G1 X.194 Y-21.55 E12.82027
G1 X-.284 Y-21.55 E12.8404
G1 X-2.366 Y-23.632 E12.96438
G1 X-2.844 Y-23.632 E12.98451
G1 X-.761 Y-21.55 E13.10852
G1 X-1.239 Y-21.55 E13.12865
G1 X-3.321 Y-23.632 E13.25263
G1 X-3.799 Y-23.632 E13.27276
G1 X-1.716 Y-21.55 E13.39677
G1 X-2.194 Y-21.55 E13.4169
G1 X-4.276 Y-23.632 E13.54088
G1 X-4.754 Y-23.632 E13.56101
G1 X-2.671 Y-21.55 E13.68502
G1 X-3.148 Y-21.55 E13.7051
G1 X-5.231 Y-23.632 E13.82911
G1 X-5.708 Y-23.632 E13.84919
G1 X-3.626 Y-21.55 E13.97317
G1 X-4.103 Y-21.55 E13.99325
G1 X-6.186 Y-23.632 E14.11726
G1 X-6.663 Y-23.632 E14.13734
G1 X-4.581 Y-21.55 E14.26132
G1 X-5.058 Y-21.55 E14.2814
G1 X-7.141 Y-23.632 E14.40541
G1 X-7.618 Y-23.632 E14.42549
G1 X-5.536 Y-21.55 E14.54947
G1 X-6.013 Y-21.55 E14.56955
G1 X-8.096 Y-23.632 E14.69356
G1 X-8.573 Y-23.632 E14.71364
G1 X-6.49 Y-21.55 E14.83765
G1 X-6.968 Y-21.55 E14.85778
G1 X-9.05 Y-23.632 E14.98176
G1 X-9.528 Y-23.632 E15.00189
G1 X-7.445 Y-21.55 E15.1259
G1 X-7.923 Y-21.55 E15.14603
G1 X-10.005 Y-23.632 E15.27001
G1 X-10.483 Y-23.632 E15.29014
G1 X-8.4 Y-21.55 E15.41415
G1 X-8.878 Y-21.55 E15.43428
G1 X-10.96 Y-23.632 E15.55826
G1 X-11.438 Y-23.632 E15.57839
G1 X-9.355 Y-21.55 E15.7024
G1 X-9.832 Y-21.55 E15.72248
G1 X-11.915 Y-23.632 E15.84649
G1 X-12.392 Y-23.632 E15.86657
G1 X-10.31 Y-21.55 E15.99055
G1 X-10.787 Y-21.55 E16.01063
G1 X-12.87 Y-23.632 E16.13464
G1 X-13.347 Y-23.632 E16.15472
G1 X-11.265 Y-21.55 E16.2787
G1 X-11.742 Y-21.55 E16.29878
G1 X-13.825 Y-23.632 E16.42279
G1 X-14.302 Y-23.632 E16.44287
G1 X-12.219 Y-21.55 E16.56688
G1 X-12.697 Y-21.55 E16.58701
G1 X-14.78 Y-23.632 E16.71102
G1 X-15.257 Y-23.632 E16.7311
G1 X-13.174 Y-21.55 E16.85511
G1 X-13.652 Y-21.55 E16.87524
G1 X-15.734 Y-23.632 E16.99922
G1 X-16.212 Y-23.632 E17.01935
G1 X-14.129 Y-21.55 E17.14336
G1 X-14.607 Y-21.55 E17.16349
G1 X-16.689 Y-23.632 E17.28747
G1 X-17.037 Y-23.646 E17.30213
G1 X-17.205 Y-23.671 E17.30928
G1 X-14.933 Y-21.399 E17.44457
G1 E15.44457 F2400
G92 E0
G1 X-14.933 Y-21.399 F7800
G1 X19.483 Y-31.383
G1 E2 F2400
G1 F900
G1 X21.816 Y-29.05 E2.13892
G1 X21.659 Y-29.09 E2.14574
G1 X21.244 Y-29.144 E2.16336
G1 X19.157 Y-31.232 E2.28766
G1 X18.679 Y-31.232 E2.30779
G1 X20.762 Y-29.15 E2.4318
G1 X20.284 Y-29.15 E2.45193
G1 X18.202 Y-31.232 E2.57591
G1 X17.724 Y-31.232 E2.59604
G1 X19.807 Y-29.15 E2.72005
G1 X19.329 Y-29.15 E2.74018
G1 X17.247 Y-31.232 E2.86416
G1 X16.769 Y-31.232 E2.88429
G1 X18.852 Y-29.15 E3.0083
G1 X18.375 Y-29.15 E3.02838
G1 X16.292 Y-31.232 E3.15239
G1 X15.815 Y-31.232 E3.17247
G1 X17.897 Y-29.15 E3.29645
G1 X17.42 Y-29.15 E3.31653
G1 X15.337 Y-31.232 E3.44054
G1 X14.86 Y-31.232 E3.46062
G1 X16.942 Y-29.15 E3.5846
G1 X16.465 Y-29.15 E3.60468
G1 X14.382 Y-31.232 E3.72869
G1 X13.905 Y-31.232 E3.74877
G1 X15.987 Y-29.15 E3.87275
G1 X15.51 Y-29.15 E3.89283
G1 X13.427 Y-31.232 E4.01684
G1 X12.95 Y-31.232 E4.03692
G1 X15.032 Y-29.15 E4.1609
G1 X14.555 Y-29.15 E4.18098
G1 X12.473 Y-31.232 E4.30496
G1 X11.995 Y-31.232 E4.32509
G1 X14.078 Y-29.15 E4.4491
G1 X13.6 Y-29.15 E4.46923
G1 X11.518 Y-31.232 E4.59321
G1 X11.04 Y-31.232 E4.61334
G1 X13.123 Y-29.15 E4.73735
G1 X12.645 Y-29.15 E4.75748
G1 X10.563 Y-31.232 E4.88146
G1 X10.085 Y-31.232 E4.90159
G1 X12.168 Y-29.15 E5.0256
G1 X11.69 Y-29.15 E5.04573
G1 X9.608 Y-31.232 E5.16971
G1 X9.131 Y-31.232 E5.18979
G1 X11.213 Y-29.15 E5.31377
G1 X10.735 Y-29.15 E5.3339
G1 X8.653 Y-31.232 E5.45788
G1 X8.176 Y-31.232 E5.47796
G1 X10.258 Y-29.15 E5.60194
G1 X9.78 Y-29.15 E5.62207
G1 X7.698 Y-31.232 E5.74605
G1 X7.221 Y-31.232 E5.76613
G1 X9.303 Y-29.15 E5.89011
G1 X8.826 Y-29.15 E5.91019
G1 X6.743 Y-31.232 E6.0342
G1 X6.266 Y-31.232 E6.05428
G1 X8.348 Y-29.15 E6.17826
G1 X7.871 Y-29.15 E6.19834
G1 X5.789 Y-31.232 E6.32232
G1 X5.311 Y-31.232 E6.34245
G1 X7.393 Y-29.15 E6.46643
G1 X6.916 Y-29.15 E6.48651
G1 X4.834 Y-31.232 E6.61049
G1 X4.356 Y-31.232 E6.63062
G1 X6.438 Y-29.15 E6.7546
G1 X5.961 Y-29.15 E6.77468
G1 X3.879 Y-31.232 E6.89866
G1 X3.401 Y-31.232 E6.91879
G1 X5.483 Y-29.15 E7.04277
G1 X5.006 Y-29.15 E7.06285
G1 X2.924 Y-31.232 E7.18683
G1 X2.447 Y-31.232 E7.20691
G1 X4.529 Y-29.15 E7.33089
G1 X4.051 Y-29.15 E7.35102
G1 X1.969 Y-31.232 E7.475
G1 X1.492 Y-31.232 E7.49508
G1 X3.574 Y-29.15 E7.61906
G1 X3.096 Y-29.151 E7.63919
G1 X1.014 Y-31.232 E7.76314
G1 X.537 Y-31.232 E7.78322
G1 X2.619 Y-29.151 E7.90717
G1 X2.141 Y-29.151 E7.9273
G1 X.059 Y-31.232 E8.05125
G1 X-.418 Y-31.232 E8.07133
G1 X1.664 Y-29.151 E8.19528
G1 X1.186 Y-29.151 E8.21541
G1 X-.895 Y-31.232 E8.33933
G1 X-1.373 Y-31.232 E8.35946
G1 X.709 Y-29.151 E8.48341
G1 X.232 Y-29.151 E8.50349
G1 X-1.85 Y-31.232 E8.62744
G1 X-2.328 Y-31.232 E8.64757
G1 X-.246 Y-29.151 E8.77152
G1 X-.723 Y-29.151 E8.7916
G1 X-2.805 Y-31.232 E8.91555
G1 X-3.283 Y-31.232 E8.93568
G1 X-1.201 Y-29.151 E9.05963
G1 X-1.678 Y-29.151 E9.07971
G1 X-3.76 Y-31.232 E9.20366
G1 X-4.237 Y-31.232 E9.22374
G1 X-2.156 Y-29.151 E9.34766
G1 X-2.633 Y-29.151 E9.36774
G1 X-4.715 Y-31.232 E9.49169
G1 X-5.192 Y-31.232 E9.51177
G1 X-3.111 Y-29.151 E9.63569
G1 X-3.588 Y-29.151 E9.65577
G1 X-5.67 Y-31.232 E9.77972
G1 X-6.147 Y-31.232 E9.7998
G1 X-4.065 Y-29.151 E9.92375
G1 X-4.543 Y-29.151 E9.94388
G1 X-6.625 Y-31.232 E10.06783
G1 X-7.102 Y-31.232 E10.08791
G1 X-5.02 Y-29.151 E10.21186
G1 X-5.498 Y-29.151 E10.23199
G1 X-7.579 Y-31.232 E10.35591
G1 X-8.057 Y-31.232 E10.37604
G1 X-5.975 Y-29.151 E10.49999
G1 X-6.453 Y-29.151 E10.52012
G1 X-8.534 Y-31.232 E10.64404
G1 X-9.012 Y-31.232 E10.66417
G1 X-6.93 Y-29.151 E10.78812
G1 X-7.408 Y-29.151 E10.80825
G1 X-9.489 Y-31.232 E10.93217
G1 X-9.967 Y-31.232 E10.9523
G1 X-7.885 Y-29.151 E11.07625
G1 X-8.363 Y-29.151 E11.09638
G1 X-10.444 Y-31.232 E11.2203
G1 X-10.921 Y-31.233 E11.24038
G1 X-8.84 Y-29.151 E11.36433
G1 X-9.317 Y-29.151 E11.38441
G1 X-11.399 Y-31.233 E11.50839
G1 X-11.876 Y-31.233 E11.52847
G1 X-9.795 Y-29.151 E11.65242
G1 X-10.272 Y-29.151 E11.6725
G1 X-12.354 Y-31.233 E11.79648
G1 X-12.831 Y-31.233 E11.81656
G1 X-10.75 Y-29.151 E11.94051
G1 X-11.227 Y-29.151 E11.96059
G1 X-13.309 Y-31.233 E12.08457
G1 X-13.786 Y-31.233 E12.10465
G1 X-11.705 Y-29.151 E12.2286
G1 X-12.182 Y-29.151 E12.24868
G1 X-14.263 Y-31.233 E12.37263
G1 X-14.741 Y-31.233 E12.39276
G1 X-12.66 Y-29.151 E12.51671
G1 X-13.137 Y-29.151 E12.53679
G1 X-15.218 Y-31.233 E12.66074
G1 X-15.696 Y-31.233 E12.68087
G1 X-13.614 Y-29.151 E12.80485
G1 X-14.092 Y-29.151 E12.82498
G1 X-16.173 Y-31.233 E12.94893
G1 X-16.651 Y-31.233 E12.96906
G1 X-14.569 Y-29.151 E13.09304
G1 X-15.047 Y-29.151 E13.11317
G1 X-17.128 Y-31.233 E13.23712
G1 X-17.605 Y-31.233 E13.2572
G1 X-15.524 Y-29.151 E13.38115
G1 X-16.002 Y-29.151 E13.40128
G1 X-18.083 Y-31.233 E13.52523
G1 X-18.56 Y-31.233 E13.54531
G1 X-16.479 Y-29.151 E13.66926
G1 X-16.942 Y-29.137 E13.68876
G1 X-19.038 Y-31.233 E13.81357
G1 X-19.515 Y-31.233 E13.83365
G1 X-17.366 Y-29.083 E13.96165
G1 X-17.737 Y-28.977 E13.9779
G1 X-19.993 Y-31.233 E14.11224
G1 X-20.47 Y-31.233 E14.13232
G1 X-18.06 Y-28.823 E14.27583
G1 X-18.35 Y-28.635 E14.29038
G1 X-20.947 Y-31.233 E14.44505
G1 X-21.425 Y-31.233 E14.46518
G1 X-18.623 Y-28.431 E14.63203
G1 X-18.862 Y-28.192 E14.64626
G1 X-21.902 Y-31.233 E14.82731
G1 X-22.044 Y-31.233 E14.83329
G1 X-22.444 Y-31.297 E14.85035
G1 X-19.071 Y-27.924 E15.0512
G1 X-19.238 Y-27.614 E15.06603
G1 X-23.994 Y-32.369 E15.34921
G1 X-24.166 Y-32.064 E15.36395
G1 X-19.384 Y-27.282 E15.6487
G1 X-19.487 Y-26.908 E15.66503
G1 X-24.285 Y-31.705 E15.95071
G1 X-24.312 Y-31.522 E15.9585
G1 X-24.313 Y-31.256 E15.9697
G1 X-19.535 Y-26.478 E16.25422
G1 X-19.503 Y-25.969 E16.27569
G1 X-24.313 Y-30.779 E16.56211
G1 X-24.313 Y-30.301 E16.58224
G1 X-19.304 Y-25.292 E16.88051
G1 X-18.971 Y-24.729 E16.90805
G1 X-18.764 Y-24.477 E16.92178
G1 X-18.537 Y-24.266 E16.93483
G1 X-18.348 Y-24.123 E16.94481
G1 X-18.082 Y-23.961 E16.95792
G1 X-17.87 Y-23.859 E16.96783
G1 X-15.561 Y-21.55 E17.10532
G1 X-16.039 Y-21.55 E17.12545
G1 X-24.313 Y-29.824 E17.61814
G1 X-24.313 Y-29.346 E17.63827
G1 X-16.516 Y-21.55 E18.10253
G1 X-16.994 Y-21.55 E18.12266
G1 X-24.313 Y-28.869 E18.55848
G1 X-24.313 Y-28.391 E18.57861
G1 X-17.471 Y-21.55 E18.986
G1 X-17.949 Y-21.55 E19.00613
G1 X-24.313 Y-27.914 E19.38509
G1 X-24.313 Y-27.437 E19.40517
G1 X-18.426 Y-21.55 E19.75572
G1 X-18.903 Y-21.55 E19.7758
G1 X-24.313 Y-26.959 E20.09792
G1 X-24.313 Y-26.482 E20.118
G1 X-19.381 Y-21.55 E20.41169
G1 X-19.858 Y-21.55 E20.43177
G1 X-24.313 Y-26.004 E20.69702
G1 X-24.313 Y-25.527 E20.7171
G1 X-20.336 Y-21.55 E20.95392
G1 X-20.813 Y-21.55 E20.974
G1 X-24.313 Y-25.05 E21.18241
G1 X-24.313 Y-24.572 E21.20254
G1 X-21.291 Y-21.55 E21.38249
G1 X-21.768 Y-21.55 E21.40257
G1 X-24.313 Y-24.095 E21.55412
G1 X-24.313 Y-23.617 E21.57425
G1 X-22.229 Y-21.533 E21.69835
G1 X-22.625 Y-21.452 E21.71537
G1 X-24.313 Y-23.14 E21.81589
G1 X-24.313 Y-22.662 E21.83602
G1 X-22.969 Y-21.318 E21.91605
G1 X-23.273 Y-21.145 E21.93078
G1 X-24.313 Y-22.185 E21.99271
G1 X-24.313 Y-21.708 E22.01279
G1 X-23.538 Y-20.933 E22.05894
G1 X-23.764 Y-20.682 E22.07316
G1 X-24.464 Y-21.381 E22.11481
;LAYER_CHANGE
;Z:9.05
;HEIGHT:0.3
G1 Z9.05 F7800
G1 E20.11481 F2400
G92 E0
G1 X-24.464 Y-21.381 F7800
G1 X-23.996 Y-12.387
G1 E2 F2400
;TYPE:Perimeter
;WIDTH:0.45
G1 F3600
G1 X-26.004 Y-12.387 E2.09658
G1 X-26.004 Y-40.395 E3.44367
G1 X-23.996 Y-40.395 E3.54025
G1 X-23.996 Y-33.491 E3.87231
G1 X-23.953 Y-33.1 E3.89123
G1 X-23.798 Y-32.633 E3.9149
G1 X-23.523 Y-32.209 E3.93921
G1 X-23.523 Y-20.574 E4.49881
G1 X-23.701 Y-20.334 E4.51318
G1 X-23.923 Y-19.809 E4.5406
G1 X-23.994 Y-19.358 E4.56256
G1 X-23.996 Y-12.447 E4.89496
G1 X-23.996 Y-12.447 F7800
G1 X-23.61 Y-12.002
G1 F3600
G1 X-26.389 Y-12.002 E5.02862
G1 X-26.389 Y-40.78 E6.41274
G1 X-23.611 Y-40.78 E6.54635
G1 X-23.611 Y-33.491 E6.89693
G1 X-23.571 Y-33.15 E6.91344
G1 X-23.44 Y-32.777 E6.93245
G1 X-23.137 Y-32.358 E6.95732
G1 X-23.137 Y-20.425 E7.53126
G1 X-23.332 Y-20.192 E7.54587
G1 X-23.5 Y-19.869 E7.56338
G1 X-23.608 Y-19.358 E7.5885
G1 X-23.61 Y-12.062 E7.93941
G1 X-23.61 Y-12.062 F7800
G1 X-23.225 Y-11.616
;TYPE:External perimeter
G1 F1800
G1 X-26.775 Y-11.616 E8.11015
G1 X-26.775 Y-41.166 E9.5314
G1 X-23.225 Y-41.166 E9.70214
G1 X-23.225 Y-33.491 E10.07128
G1 X-23.188 Y-33.2 E10.08539
G1 X-23.082 Y-32.921 E10.09974
G1 X-22.896 Y-32.66 E10.11515
G1 X-22.751 Y-32.535 E10.12436
G1 X-22.751 Y-32.393 E10.13119
G1 X-22.751 Y-20.247 E10.71537
G1 X-23.028 Y-19.954 E10.73476
G1 X-23.152 Y-19.704 E10.74818
G1 X-23.223 Y-19.358 E10.76517
G1 X-23.225 Y-11.676 E11.13465
G1 X-23.62 Y-11.617 F7800
G1 E9.13465 F2400
G92 E0
G1 X-24.478 Y-40.106 F7800
G1 E2 F2400
;TYPE:Solid infill
G1 F1200
G1 X-25.715 Y-40.106 E2.0595
G1 X-25.715 Y-12.676 E3.37879
G1 X-24.285 Y-12.676 E3.44757
G1 X-24.283 Y-19.351 E3.76861
G1 X-24.209 Y-19.853 E3.79302
G1 X-23.961 Y-20.458 E3.82447
G1 X-23.812 Y-20.672 E3.83701
G1 X-23.812 Y-32.114 E4.38733
G1 X-23.975 Y-32.35 E4.40112
G1 X-24.221 Y-32.974 E4.43338
G1 X-24.284 Y-33.474 E4.45762
G1 X-24.285 Y-40.106 E4.7766
G1 X-24.739 Y-39.652 E4.80748
;WIDTH:0.586121
G1 X-24.739 Y-33.496 E5.20808
;WIDTH:0.590205
G1 X-24.735 Y-33.402 E5.21425
G1 X-24.683 Y-33.212 E5.22717
;WIDTH:0.54347
G1 X-24.631 Y-33.022 E5.23894
;WIDTH:0.496735
G1 X-24.58 Y-32.832 E5.24955
;WIDTH:0.45
G1 X-24.334 Y-32.208 E5.28181
G1 X-24.197 Y-31.989 E5.29423
G1 X-24.197 Y-20.798 E5.83248
G1 X-24.317 Y-20.607 E5.84333
G1 X-24.59 Y-19.911 E5.87929
;WIDTH:0.49573
G1 X-24.639 Y-19.725 E5.88964
;WIDTH:0.54146
G1 X-24.688 Y-19.538 E5.90114
;WIDTH:0.587191
G1 X-24.738 Y-19.351 E5.91376
G1 X-24.739 Y-13.13 E6.31942
;WIDTH:0.586387
G1 X-25.261 Y-13.13 E6.35341
;WIDTH:0.587191
G1 X-25.26 Y-19.351 E6.75907
G1 X-25.283 Y-19.512 E6.76968
;WIDTH:0.54146
G1 X-25.306 Y-19.672 E6.7793
;WIDTH:0.49573
G1 X-25.329 Y-19.833 E6.78805
;WIDTH:0.45
G1 X-25.329 Y-32.973 E7.42004
;WIDTH:0.495373
G1 X-25.306 Y-33.147 E7.42947
;WIDTH:0.540746
G1 X-25.284 Y-33.322 E7.43995
;WIDTH:0.58612
G1 X-25.261 Y-33.496 E7.45137
G1 X-25.261 Y-39.652 E7.85197
G1 X-24.932 Y-39.652 E7.87338
G1 E5.87338 F2400
G92 E0
G1 X-24.974 Y-32.973 F7800
G1 E2 F2400
;WIDTH:0.401533
G1 F1200
G1 X-24.968 Y-32.882 E2.00383
;WIDTH:0.418907
G1 X-24.924 Y-32.696 E2.01228
;WIDTH:0.437314
G1 X-24.577 Y-31.867 E2.05408
G1 X-24.577 Y-20.975 E2.56071
G1 X-24.957 Y-19.968 E2.61077
;WIDTH:0.431101
G1 X-24.953 Y-20.204 E2.62157
;WIDTH:0.437313
G1 X-24.95 Y-32.019 E3.17113
G1 X-24.964 Y-32.689 E3.2023
;WIDTH:0.409524
G1 X-24.971 Y-32.913 E3.21195
;LAYER_CHANGE
;Z:9.35
;HEIGHT:0.3
G1 Z9.35 F7800
G1 E1.21195 F2400
G92 E0
G1 X-24.971 Y-32.913 F7800
G1 X-23.996 Y-12.387
G1 E2 F2400
;TYPE:Perimeter
;WIDTH:0.45
G1 F3600
G1 X-26.004 Y-12.387 E2.09658
G1 X-26.004 Y-40.395 E3.44367
G1 X-23.996 Y-40.395 E3.54025
G1 X-23.996 Y-33.491 E3.87231
G1 X-23.988 Y-33.365 E3.87838
G1 X-23.831 Y-32.614 E3.91528
G1 X-23.831 Y-20.054 E4.51937
G1 X-23.9 Y-19.894 E4.52775
G1 X-23.996 Y-19.292 E4.55707
G1 X-23.996 Y-12.447 E4.88629
G1 X-23.996 Y-12.447 F7800
G1 X-23.611 Y-12.002
G1 F3600
G1 X-26.389 Y-12.002 E5.0199
G1 X-26.389 Y-40.78 E6.40402
G1 X-23.611 Y-40.78 E6.53763
G1 X-23.611 Y-33.491 E6.88821
G1 X-23.571 Y-33.151 E6.90468
G1 X-23.445 Y-32.811 E6.92212
G1 X-23.445 Y-32.614 E6.9316
G1 X-23.445 Y-19.971 E7.53968
G1 X-23.525 Y-19.792 E7.54911
G1 X-23.611 Y-19.292 E7.57351
G1 X-23.611 Y-12.062 E7.92125
G1 X-23.611 Y-12.062 F7800
G1 X-23.225 Y-11.616
;TYPE:External perimeter
G1 F1800
G1 X-26.775 Y-11.616 E8.09199
G1 X-26.775 Y-41.166 E9.51324
G1 X-23.225 Y-41.166 E9.68398
G1 X-23.225 Y-33.491 E10.05312
G1 X-23.189 Y-33.201 E10.06718
G1 X-23.06 Y-32.893 E10.08324
G1 X-23.06 Y-32.614 E10.09666
G1 X-23.06 Y-19.889 E10.70869
G1 X-23.173 Y-19.635 E10.72206
G1 X-23.225 Y-19.292 E10.73875
G1 X-23.225 Y-11.676 E11.10505
G1 X-23.621 Y-11.617 F7800
G1 E9.10505 F2400
G92 E0
G1 X-24.12 Y-32.672 F7800
G1 E2 F2400
;TYPE:Solid infill
G1 F1200
G1 X-24.12 Y-20.105 E2.60443
G1 X-24.233 Y-19.748 E2.62244
G1 X-24.285 Y-19.286 E2.6448
G1 X-24.285 Y-12.676 E2.96272
G1 X-25.715 Y-12.676 E3.0315
G1 X-25.715 Y-40.106 E4.35079
G1 X-24.285 Y-40.106 E4.41957
G1 X-24.285 Y-33.496 E4.73749
G1 X-24.234 Y-33.025 E4.76028
G1 X-24.179 Y-32.855 E4.76887
G1 X-24.179 Y-32.855 F7800
G1 X-25.22 Y-32.542
;WIDTH:0.668748
G1 F1200
G1 X-25.233 Y-32.742 E4.78398
;WIDTH:0.64152
G1 X-25.247 Y-32.942 E4.79841
;WIDTH:0.614293
G1 X-25.261 Y-33.496 E4.83642
;WIDTH:0.58612
G1 X-25.261 Y-39.652 E5.23702
G1 X-24.739 Y-39.652 E5.27099
G1 X-24.739 Y-33.496 E5.67159
;WIDTH:0.614293
G1 X-24.699 Y-32.973 E5.70757
;WIDTH:0.64152
G1 X-24.657 Y-32.782 E5.72165
;WIDTH:0.668748
G1 X-24.615 Y-32.591 E5.73639
G1 X-24.615 Y-20.228 E6.66831
G1 X-24.686 Y-19.892 E6.6942
;WIDTH:0.630028
G1 X-24.739 Y-19.286 E6.73712
;WIDTH:0.586121
G1 X-24.739 Y-13.13 E7.13772
G1 X-25.261 Y-13.13 E7.17169
G1 X-25.261 Y-19.286 E7.57229
;WIDTH:0.588733
G1 X-25.26 Y-19.384 E7.5787
;WIDTH:0.62874
G1 X-25.24 Y-19.806 E7.60844
;WIDTH:0.668748
G1 X-25.22 Y-20.228 E7.64029
G1 X-25.22 Y-32.349 E8.55397
;LAYER_CHANGE
;Z:9.65
;HEIGHT:0.299999
G1 Z9.65 F7800
G1 E6.55397 F2400
G92 E0
G1 X-25.22 Y-32.349 F7800
G1 X-23.996 Y-12.387
G1 E2 F2400
;TYPE:Perimeter
;WIDTH:0.45
G1 F3600
G1 X-26.004 Y-12.387 E2.09658
G1 X-26.004 Y-40.395 E3.44367
G1 X-23.996 Y-40.395 E3.54025
G1 X-23.994 Y-33.424 E3.87553
G1 X-23.964 Y-33.081 E3.89209
G1 X-23.964 Y-19.668 E4.53721
G1 X-23.996 Y-19.291 E4.55541
G1 X-23.996 Y-12.447 E4.88458
G1 X-23.996 Y-12.447 F7800
G1 X-23.611 Y-12.002
G1 F3600
G1 X-26.389 Y-12.002 E5.01819
G1 X-26.389 Y-40.78 E6.40231
G1 X-23.61 Y-40.78 E6.53597
G1 X-23.608 Y-33.424 E6.88977
G1 X-23.579 Y-33.081 E6.90633
G1 X-23.579 Y-19.668 E7.55145
G1 X-23.611 Y-19.291 E7.56965
G1 X-23.611 Y-12.062 E7.91734
G1 X-23.611 Y-12.062 F7800
G1 X-23.225 Y-11.616
;TYPE:External perimeter
G1 F1800
G1 X-26.775 Y-11.616 E8.08808
G1 X-26.775 Y-41.166 E9.50933
G1 X-23.225 Y-41.166 E9.68007
G1 X-23.223 Y-33.425 E10.05239
G1 X-23.193 Y-33.081 E10.069
G1 X-23.193 Y-19.668 E10.71412
G1 X-23.225 Y-19.291 E10.73232
G1 X-23.225 Y-11.676 E11.09858
G1 X-23.621 Y-11.617 F7800
G1 E9.09858 F2400
G92 E0
G1 X-25.715 Y-40.106 F7800
G1 E2 F2400
;TYPE:Solid infill
G1 F1200
G1 X-24.285 Y-40.106 E2.06878
G1 X-24.283 Y-33.429 E2.38992
G1 X-24.253 Y-33.142 E2.4038
G1 X-24.253 Y-19.656 E3.05243
G1 X-24.285 Y-19.287 E3.07024
G1 X-24.285 Y-12.676 E3.38821
G1 X-25.715 Y-12.676 E3.45699
G1 X-25.715 Y-39.913 E4.767
G1 X-25.261 Y-39.652 E4.79219
;WIDTH:0.586387
G1 X-24.739 Y-39.652 E4.82618
;WIDTH:0.587194
G1 X-24.738 Y-33.429 E5.23197
;WIDTH:0.602129
G1 X-24.715 Y-33.117 E5.25295
G1 X-24.715 Y-19.656 E6.15579
G1 X-24.739 Y-19.287 E6.18059
;WIDTH:0.58612
G1 X-24.739 Y-13.13 E6.58125
G1 X-25.261 Y-13.13 E6.61522
G1 X-25.261 Y-19.287 E7.01588
;WIDTH:0.602129
G1 X-25.26 Y-33.429 E7.9644
;WIDTH:0.587194
G1 X-25.261 Y-39.459 E8.3576
;LAYER_CHANGE
;Z:9.95
;HEIGHT:0.3
G1 Z9.95 F7800
G1 E6.3576 F2400
G92 E0
G1 X-25.261 Y-39.459 F7800
G1 X-23.996 Y-12.387
G1 E2 F2400
;TYPE:Perimeter
;WIDTH:0.45
G1 F3600
G1 X-26.004 Y-12.387 E2.09658
G1 X-26.004 Y-40.395 E3.44367
G1 X-23.996 Y-40.395 E3.54025
G1 X-23.996 Y-39.391 E3.58854
G1 X-23.996 Y-12.447 E4.88445
G1 X-23.996 Y-12.447 F7800
G1 X-23.611 Y-12.002
G1 F3600
G1 X-26.389 Y-12.002 E5.01806
G1 X-26.389 Y-40.78 E6.40218
G1 X-23.611 Y-40.78 E6.53579
G1 X-23.611 Y-39.391 E6.6026
G1 X-23.611 Y-12.062 E7.91703
G1 X-23.611 Y-12.062 F7800
G1 X-23.225 Y-11.616
;TYPE:External perimeter
G1 F1800
G1 X-26.775 Y-11.616 E8.08777
G1 X-26.775 Y-41.166 E9.50902
G1 X-23.225 Y-41.166 E9.67976
G1 X-23.225 Y-39.391 E9.76513
G1 X-23.225 Y-11.676 E11.09813
G1 X-23.621 Y-11.617 F7800
G1 E9.09813 F2400
G92 E0
G1 X-25.715 Y-39.913 F7800
G1 E2 F2400
;TYPE:Solid infill
G1 F1200
G1 X-25.715 Y-12.676 E3.31001
G1 X-24.285 Y-12.676 E3.37879
G1 X-24.285 Y-40.106 E4.69808
G1 X-25.715 Y-40.106 E4.76686
G1 X-25.261 Y-39.652 E4.79774
;WIDTH:0.58612
G1 X-24.739 Y-39.652 E4.83171
G1 X-24.739 Y-13.13 E6.55761
G1 X-25.261 Y-13.13 E6.59158
G1 X-25.261 Y-39.459 E8.30492
;LAYER_CHANGE
;Z:10.25
;HEIGHT:0.3
G1 Z10.25 F7800
G1 E6.30492 F2400
G92 E0
G1 X-25.261 Y-39.459 F7800
G1 X-23.996 Y-12.387
G1 E2 F2400
;TYPE:Perimeter
;WIDTH:0.45
G1 F3600
G1 X-26.004 Y-12.387 E2.09658
G1 X-26.004 Y-40.395 E3.44367
G1 X-23.996 Y-40.395 E3.54025
G1 X-23.996 Y-39.391 E3.58854
G1 X-23.996 Y-12.447 E4.88445
G1 X-23.996 Y-12.447 F7800
G1 X-23.611 Y-12.002
G1 F3600
G1 X-26.389 Y-12.002 E5.01806
G1 X-26.389 Y-40.78 E6.40218
G1 X-23.611 Y-40.78 E6.53579
G1 X-23.611 Y-39.391 E6.6026
G1 X-23.611 Y-12.062 E7.91703
G1 X-23.611 Y-12.062 F7800
G1 X-23.225 Y-11.616
;TYPE:External perimeter
G1 F1800
G1 X-26.775 Y-11.616 E8.08777
G1 X-26.775 Y-41.166 E9.50902
G1 X-23.225 Y-41.166 E9.67976
G1 X-23.225 Y-39.391 E9.76513
G1 X-23.225 Y-11.676 E11.09813
G1 X-23.621 Y-11.617 F7800
G1 E9.09813 F2400
G92 E0
G1 X-24.478 Y-40.106 F7800
G1 E2 F2400
;TYPE:Solid infill
G1 F1200
G1 X-25.715 Y-40.106 E2.0595
G1 X-25.715 Y-12.676 E3.37879
G1 X-24.285 Y-12.676 E3.44757
G1 X-24.285 Y-40.106 E4.76686
G1 X-24.739 Y-39.652 E4.79774
;WIDTH:0.586121
G1 X-24.739 Y-13.13 E6.52364
G1 X-25.261 Y-13.13 E6.55761
G1 X-25.261 Y-39.652 E8.28351
G1 X-24.932 Y-39.652 E8.30492
;LAYER_CHANGE
;Z:10.55
;HEIGHT:0.3
G1 Z10.55 F7800
G1 E6.30492 F2400
G92 E0
G1 X-23.996 Y-12.387 F7800
G1 E2 F2400
;TYPE:Perimeter
;WIDTH:0.45
G1 F3600
G1 X-26.004 Y-12.387 E2.09658
G1 X-26.004 Y-40.395 E3.44367
G1 X-23.996 Y-40.395 E3.54025
G1 X-23.996 Y-39.391 E3.58854
G1 X-23.996 Y-12.447 E4.88445
G1 X-23.996 Y-12.447 F7800
G1 X-23.611 Y-12.002
G1 F3600
G1 X-26.389 Y-12.002 E5.01806
G1 X-26.389 Y-40.78 E6.40218
G1 X-23.611 Y-40.78 E6.53579
G1 X-23.611 Y-39.391 E6.6026
G1 X-23.611 Y-12.062 E7.91703
G1 X-23.611 Y-12.062 F7800
G1 X-23.225 Y-11.616
;TYPE:External perimeter
G1 F1800
G1 X-26.775 Y-11.616 E8.08777
G1 X-26.775 Y-41.166 E9.50902
G1 X-23.225 Y-41.166 E9.67976
G1 X-23.225 Y-39.391 E9.76513
G1 X-23.225 Y-11.676 E11.09813
G1 X-23.621 Y-11.617 F7800
G1 E9.09813 F2400
G92 E0
G1 X-25.715 Y-39.913 F7800
G1 E2 F2400
;TYPE:Solid infill
G1 F1200
G1 X-25.715 Y-12.676 E3.31001
G1 X-24.285 Y-12.676 E3.37879
G1 X-24.285 Y-40.106 E4.69808
G1 X-25.715 Y-40.106 E4.76686
G1 X-25.261 Y-39.652 E4.79774
;WIDTH:0.58612
G1 X-24.739 Y-39.652 E4.83171
G1 X-24.739 Y-13.13 E6.55761
G1 X-25.261 Y-13.13 E6.59158
G1 X-25.261 Y-39.459 E8.30492
;LAYER_CHANGE
;Z:10.85
;HEIGHT:0.3
G1 Z10.85 F7800
G1 E6.30492 F2400
G92 E0
G1 X-25.261 Y-39.459 F7800
G1 X-23.996 Y-12.387
G1 E2 F2400
;TYPE:Perimeter
;WIDTH:0.45
G1 F3600
G1 X-26.004 Y-12.387 E2.09658
G1 X-26.004 Y-40.395 E3.44367
G1 X-23.996 Y-40.395 E3.54025
G1 X-23.996 Y-39.391 E3.58854
G1 X-23.996 Y-12.447 E4.88445
G1 X-23.996 Y-12.447 F7800
G1 X-23.611 Y-12.002
G1 F3600
G1 X-26.389 Y-12.002 E5.01806
G1 X-26.389 Y-40.78 E6.40218
G1 X-23.611 Y-40.78 E6.53579
G1 X-23.611 Y-39.391 E6.6026
G1 X-23.611 Y-12.062 E7.91703
G1 X-23.611 Y-12.062 F7800
G1 X-23.225 Y-11.616
;TYPE:External perimeter
G1 F1800
G1 X-26.775 Y-11.616 E8.08777
G1 X-26.775 Y-41.166 E9.50902
G1 X-23.225 Y-41.166 E9.67976
G1 X-23.225 Y-39.391 E9.76513
G1 X-23.225 Y-11.676 E11.09813
G1 X-23.621 Y-11.617 F7800
G1 E9.09813 F2400
G92 E0
G1 X-24.478 Y-40.106 F7800
G1 E2 F2400
;TYPE:Solid infill
G1 F1200
G1 X-25.715 Y-40.106 E2.0595
G1 X-25.715 Y-12.676 E3.37879
G1 X-24.285 Y-12.676 E3.44757
G1 X-24.285 Y-40.106 E4.76686
G1 X-24.739 Y-39.652 E4.79774
;WIDTH:0.586121
G1 X-24.739 Y-13.13 E6.52364
G1 X-25.261 Y-13.13 E6.55761
G1 X-25.261 Y-39.652 E8.28351
G1 X-24.932 Y-39.652 E8.30492
;LAYER_CHANGE
;Z:11.15
;HEIGHT:0.299999
G1 Z11.15 F7800
G1 E6.30492 F2400
G92 E0
G1 X-23.996 Y-12.387 F7800
G1 E2 F2400
;TYPE:Perimeter
;WIDTH:0.45
G1 F3600
G1 X-26.004 Y-12.387 E2.09658
G1 X-26.004 Y-40.395 E3.44367
G1 X-23.996 Y-40.395 E3.54025
G1 X-23.996 Y-39.391 E3.58854
G1 X-23.996 Y-12.447 E4.88445
G1 X-23.996 Y-12.447 F7800
G1 X-23.611 Y-12.002
G1 F3600
G1 X-26.389 Y-12.002 E5.01806
G1 X-26.389 Y-40.78 E6.40218
G1 X-23.611 Y-40.78 E6.53579
G1 X-23.611 Y-39.391 E6.6026
G1 X-23.611 Y-12.062 E7.91703
G1 X-23.611 Y-12.062 F7800
G1 X-23.225 Y-11.616
;TYPE:External perimeter
G1 F1800
G1 X-26.775 Y-11.616 E8.08777
G1 X-26.775 Y-41.166 E9.50902
G1 X-23.225 Y-41.166 E9.67976
G1 X-23.225 Y-39.391 E9.76513
G1 X-23.225 Y-11.676 E11.09813
G1 X-23.621 Y-11.617 F7800
G1 E9.09813 F2400
G92 E0
G1 X-25.715 Y-39.913 F7800
G1 E2 F2400
;TYPE:Solid infill
G1 F1200
G1 X-25.715 Y-12.676 E3.31001
G1 X-24.285 Y-12.676 E3.37879
G1 X-24.285 Y-40.106 E4.69808
G1 X-25.715 Y-40.106 E4.76686
G1 X-25.261 Y-39.652 E4.79774
;WIDTH:0.58612
G1 X-24.739 Y-39.652 E4.83171
G1 X-24.739 Y-13.13 E6.55761
G1 X-25.261 Y-13.13 E6.59158
G1 X-25.261 Y-39.459 E8.30492
;LAYER_CHANGE
;Z:11.45
;HEIGHT:0.3
G1 Z11.45 F7800
G1 E6.30492 F2400
G92 E0
G1 X-25.261 Y-39.459 F7800
G1 X-23.996 Y-12.387
G1 E2 F2400
;TYPE:Perimeter
;WIDTH:0.45
G1 F3600
G1 X-26.004 Y-12.387 E2.09658
G1 X-26.004 Y-40.395 E3.44367
G1 X-23.996 Y-40.395 E3.54025
G1 X-23.996 Y-39.391 E3.58854
G1 X-23.996 Y-12.447 E4.88445
G1 X-23.996 Y-12.447 F7800
G1 X-23.611 Y-12.002
G1 F3600
G1 X-26.389 Y-12.002 E5.01806
G1 X-26.389 Y-40.78 E6.40218
G1 X-23.611 Y-40.78 E6.53579
G1 X-23.611 Y-39.391 E6.6026
G1 X-23.611 Y-12.062 E7.91703
G1 X-23.611 Y-12.062 F7800
G1 X-23.225 Y-11.616
;TYPE:External perimeter
G1 F1800
G1 X-26.775 Y-11.616 E8.08777
G1 X-26.775 Y-41.166 E9.50902
G1 X-23.225 Y-41.166 E9.67976
G1 X-23.225 Y-39.391 E9.76513
G1 X-23.225 Y-11.676 E11.09813
G1 X-23.621 Y-11.617 F7800
G1 E9.09813 F2400
G92 E0
G1 X-24.478 Y-40.106 F7800
G1 E2 F2400
;TYPE:Solid infill
G1 F1200
G1 X-25.715 Y-40.106 E2.0595
G1 X-25.715 Y-12.676 E3.37879
G1 X-24.285 Y-12.676 E3.44757
G1 X-24.285 Y-40.106 E4.76686
G1 X-24.739 Y-39.652 E4.79774
;WIDTH:0.586121
G1 X-24.739 Y-13.13 E6.52364
G1 X-25.261 Y-13.13 E6.55761
G1 X-25.261 Y-39.652 E8.28351
G1 X-24.932 Y-39.652 E8.30492
;LAYER_CHANGE
;Z:11.75
;HEIGHT:0.3
G1 Z11.75 F7800
G1 E6.30492 F2400
G92 E0
G1 X-23.996 Y-12.387 F7800
G1 E2 F2400
;TYPE:Perimeter
;WIDTH:0.45
G1 F3600
G1 X-26.004 Y-12.387 E2.09658
G1 X-26.004 Y-40.395 E3.44367
G1 X-23.996 Y-40.395 E3.54025
G1 X-23.996 Y-39.391 E3.58854
G1 X-23.996 Y-12.447 E4.88445
G1 X-23.996 Y-12.447 F7800
G1 X-23.611 Y-12.002
G1 F3600
G1 X-26.389 Y-12.002 E5.01806
G1 X-26.389 Y-40.78 E6.40218
G1 X-23.611 Y-40.78 E6.53579
G1 X-23.611 Y-39.391 E6.6026
G1 X-23.611 Y-12.062 E7.91703
G1 X-23.611 Y-12.062 F7800
G1 X-23.225 Y-11.616
;TYPE:External perimeter
G1 F1800
G1 X-26.775 Y-11.616 E8.08777
G1 X-26.775 Y-41.166 E9.50902
G1 X-23.225 Y-41.166 E9.67976
G1 X-23.225 Y-39.391 E9.76513
G1 X-23.225 Y-11.676 E11.09813
G1 X-23.621 Y-11.617 F7800
G1 E9.09813 F2400
G92 E0
G1 X-25.715 Y-39.913 F7800
G1 E2 F2400
;TYPE:Solid infill
G1 F1200
G1 X-25.715 Y-12.676 E3.31001
G1 X-24.285 Y-12.676 E3.37879
G1 X-24.285 Y-40.106 E4.69808
G1 X-25.715 Y-40.106 E4.76686
G1 X-25.261 Y-39.652 E4.79774
;WIDTH:0.58612
G1 X-24.739 Y-39.652 E4.83171
G1 X-24.739 Y-13.13 E6.55761
G1 X-25.261 Y-13.13 E6.59158
G1 X-25.261 Y-39.459 E8.30492
;LAYER_CHANGE
;Z:12.05
;HEIGHT:0.3
G1 Z12.05 F7800
G1 E6.30492 F2400
G92 E0
G1 X-25.261 Y-39.459 F7800
G1 X-23.996 Y-12.387
G1 E2 F2400
;TYPE:Perimeter
;WIDTH:0.45
G1 F3600
G1 X-26.004 Y-12.387 E2.09658
G1 X-26.004 Y-40.395 E3.44367
G1 X-23.996 Y-40.395 E3.54025
G1 X-23.996 Y-39.391 E3.58854
G1 X-23.996 Y-12.447 E4.88445
G1 X-23.996 Y-12.447 F7800
G1 X-23.611 Y-12.002
G1 F3600
G1 X-26.389 Y-12.002 E5.01806
G1 X-26.389 Y-40.78 E6.40218
G1 X-23.611 Y-40.78 E6.53579
G1 X-23.611 Y-39.391 E6.6026
G1 X-23.611 Y-12.062 E7.91703
G1 X-23.611 Y-12.062 F7800
G1 X-23.225 Y-11.616
;TYPE:External perimeter
G1 F1800
G1 X-26.775 Y-11.616 E8.08777
G1 X-26.775 Y-41.166 E9.50902
G1 X-23.225 Y-41.166 E9.67976
G1 X-23.225 Y-39.391 E9.76513
G1 X-23.225 Y-11.676 E11.09813
G1 X-23.621 Y-11.617 F7800
G1 E9.09813 F2400
G92 E0
G1 X-24.478 Y-40.106 F7800
G1 E2 F2400
;TYPE:Solid infill
G1 F1200
G1 X-25.715 Y-40.106 E2.0595
G1 X-25.715 Y-12.676 E3.37879
G1 X-24.285 Y-12.676 E3.44757
G1 X-24.285 Y-40.106 E4.76686
G1 X-24.739 Y-39.652 E4.79774
;WIDTH:0.586121
G1 X-24.739 Y-13.13 E6.52364
G1 X-25.261 Y-13.13 E6.55761
G1 X-25.261 Y-39.652 E8.28351
G1 X-24.932 Y-39.652 E8.30492
;LAYER_CHANGE
;Z:12.35
;HEIGHT:0.3
G1 Z12.35 F7800
G1 E6.30492 F2400
G92 E0
G1 X-23.996 Y-12.387 F7800
G1 E2 F2400
;TYPE:Perimeter
;WIDTH:0.45
G1 F3600
G1 X-26.004 Y-12.387 E2.09658
G1 X-26.004 Y-40.395 E3.44367
G1 X-23.996 Y-40.395 E3.54025
G1 X-23.996 Y-39.391 E3.58854
G1 X-23.996 Y-12.447 E4.88445
G1 X-23.996 Y-12.447 F7800
G1 X-23.611 Y-12.002
G1 F3600
G1 X-26.389 Y-12.002 E5.01806
G1 X-26.389 Y-40.78 E6.40218
G1 X-23.611 Y-40.78 E6.53579
G1 X-23.611 Y-39.391 E6.6026
G1 X-23.611 Y-12.062 E7.91703
G1 X-23.611 Y-12.062 F7800
G1 X-23.225 Y-11.616
;TYPE:External perimeter
G1 F1800
G1 X-26.775 Y-11.616 E8.08777
G1 X-26.775 Y-41.166 E9.50902
G1 X-23.225 Y-41.166 E9.67976
G1 X-23.225 Y-39.391 E9.76513
G1 X-23.225 Y-11.676 E11.09813
G1 X-23.621 Y-11.617 F7800
G1 E9.09813 F2400
G92 E0
G1 X-25.715 Y-39.913 F7800
G1 E2 F2400
;TYPE:Solid infill
G1 F1200
G1 X-25.715 Y-12.676 E3.31001
G1 X-24.285 Y-12.676 E3.37879
G1 X-24.285 Y-40.106 E4.69808
G1 X-25.715 Y-40.106 E4.76686
G1 X-25.261 Y-39.652 E4.79774
;WIDTH:0.58612
G1 X-24.739 Y-39.652 E4.83171
G1 X-24.739 Y-13.13 E6.55761
G1 X-25.261 Y-13.13 E6.59158
G1 X-25.261 Y-39.459 E8.30492
;LAYER_CHANGE
;Z:12.65
;HEIGHT:0.299999
G1 Z12.65 F7800
G1 E6.30492 F2400
G92 E0
G1 X-25.261 Y-39.459 F7800
G1 X-23.996 Y-12.387
G1 E2 F2400
;TYPE:Perimeter
;WIDTH:0.45
G1 F3600
G1 X-26.004 Y-12.387 E2.09658
G1 X-26.004 Y-40.395 E3.44367
G1 X-23.996 Y-40.395 E3.54025
G1 X-23.996 Y-39.391 E3.58854
G1 X-23.996 Y-12.447 E4.88445
G1 X-23.996 Y-12.447 F7800
G1 X-23.611 Y-12.002
G1 F3600
G1 X-26.389 Y-12.002 E5.01806
G1 X-26.389 Y-40.78 E6.40218
G1 X-23.611 Y-40.78 E6.53579
G1 X-23.611 Y-39.391 E6.6026
G1 X-23.611 Y-12.062 E7.91703
G1 X-23.611 Y-12.062 F7800
G1 X-23.225 Y-11.616
;TYPE:External perimeter
G1 F1800
G1 X-26.775 Y-11.616 E8.08777
G1 X-26.775 Y-41.166 E9.50902
G1 X-23.225 Y-41.166 E9.67976
G1 X-23.225 Y-39.391 E9.76513
G1 X-23.225 Y-11.676 E11.09813
G1 X-23.621 Y-11.617 F7800
G1 E9.09813 F2400
G92 E0
G1 X-25.715 Y-40.106 F7800
G1 E2 F2400
;TYPE:Solid infill
G1 F1200
G1 X-24.285 Y-40.106 E2.06878
G1 X-24.285 Y-12.676 E3.38807
G1 X-25.715 Y-12.676 E3.45685
G1 X-25.715 Y-39.913 E4.76686
G1 X-25.261 Y-39.652 E4.79205
;WIDTH:0.586121
G1 X-24.739 Y-39.652 E4.82602
G1 X-24.739 Y-13.13 E6.55192
G1 X-25.261 Y-13.13 E6.58589
G1 X-25.261 Y-39.459 E8.29923
;LAYER_CHANGE
;Z:12.95
;HEIGHT:0.3
G1 Z12.95 F7800
G1 E6.29923 F2400
G92 E0
G1 X-25.261 Y-39.459 F7800
G1 X-23.996 Y-12.434
G1 E2 F2400
;TYPE:Perimeter
;WIDTH:0.45
G1 F3600
G1 X-26.004 Y-12.434 E2.09658
G1 X-26.004 Y-40.348 E3.43915
G1 X-23.996 Y-40.348 E3.53573
G1 X-23.996 Y-39.345 E3.58397
G1 X-23.996 Y-12.494 E4.87541
G1 X-23.996 Y-12.494 F7800
G1 X-23.611 Y-12.048
G1 F3600
G1 X-26.389 Y-12.048 E5.00902
G1 X-26.389 Y-40.734 E6.38872
G1 X-23.611 Y-40.734 E6.52233
G1 X-23.611 Y-39.345 E6.58914
G1 X-23.611 Y-12.108 E7.89915
G1 X-23.611 Y-12.108 F7800
G1 X-23.225 Y-11.662
;TYPE:External perimeter
G1 F1800
G1 X-26.775 Y-11.662 E8.06989
G1 X-26.775 Y-41.12 E9.48672
G1 X-23.225 Y-41.119 E9.65746
G1 X-23.225 Y-39.345 E9.74278
G1 X-23.225 Y-11.722 E11.07135
G1 X-23.621 Y-11.663 F7800
G1 E9.07135 F2400
G92 E0
G1 X-25.715 Y-39.866 F7800
G1 E2 F2400
;TYPE:Solid infill
G1 F1200
G1 X-25.715 Y-12.723 E3.30548
G1 X-24.285 Y-12.723 E3.37426
G1 X-24.285 Y-40.059 E4.68903
G1 X-25.715 Y-40.059 E4.75781
G1 X-25.715 Y-40.059 F7800
G1 X-25.261 Y-39.345
;WIDTH:0.586117
G1 F1200
G1 X-25.261 Y-39.605 E4.77473
G1 X-24.739 Y-39.605 E4.8087
G1 X-24.739 Y-13.176 E6.52854
G1 X-25.261 Y-13.176 E6.56251
G1 X-25.261 Y-39.152 E8.25287
;LAYER_CHANGE
;Z:13.25
;HEIGHT:0.3
G1 Z13.25 F7800
G1 E6.25287 F2400
G92 E0
G1 X-25.261 Y-39.152 F7800
G1 X-23.996 Y-12.587
G1 E2 F2400
;TYPE:Perimeter
;WIDTH:0.45
G1 F3600
G1 X-26.004 Y-12.587 E2.09658
G1 X-26.004 Y-40.195 E3.42443
G1 X-23.996 Y-40.195 E3.52101
G1 X-23.996 Y-39.191 E3.5693
G1 X-23.996 Y-12.647 E4.84597
G1 X-23.996 Y-12.647 F7800
G1 X-23.611 Y-12.202
G1 F3600
G1 X-26.389 Y-12.202 E4.97958
G1 X-26.389 Y-40.58 E6.34446
G1 X-23.611 Y-40.58 E6.47807
G1 X-23.611 Y-39.191 E6.54488
G1 X-23.611 Y-12.262 E7.84007
G1 X-23.611 Y-12.262 F7800
G1 X-23.225 Y-11.816
;TYPE:External perimeter
G1 F1800
G1 X-26.775 Y-11.816 E8.01081
G1 X-26.775 Y-40.966 E9.41282
G1 X-23.225 Y-40.966 E9.58356
G1 X-23.225 Y-39.191 E9.66893
G1 X-23.225 Y-11.876 E10.98269
G1 X-23.621 Y-11.817 F7800
G1 E8.98269 F2400
G92 E0
G1 X-24.478 Y-39.905 F7800
G1 E2 F2400
;TYPE:Solid infill
G1 F1200
G1 X-25.715 Y-39.905 E2.0595
G1 X-25.715 Y-12.877 E3.35945
G1 X-24.285 Y-12.877 E3.42823
G1 X-24.285 Y-39.905 E4.72818
G1 X-24.739 Y-39.452 E4.75903
;WIDTH:0.586121
G1 X-24.739 Y-13.33 E6.4589
G1 X-25.261 Y-13.33 E6.49287
G1 X-25.261 Y-39.452 E8.19274
G1 X-24.932 Y-39.452 E8.21415
;LAYER_CHANGE
;Z:13.55
;HEIGHT:0.3
G1 Z13.55 F7800
G1 E6.21415 F2400
G92 E0
G1 X-24.932 Y-39.452 F7800
G1 X-23.996 Y-12.952
G1 E2 F2400
;TYPE:Perimeter
;WIDTH:0.45
G1 F3600
G1 X-26.004 Y-12.952 E2.09658
G1 X-26.004 Y-39.83 E3.38932
G1 X-23.996 Y-39.83 E3.4859
G1 X-23.996 Y-38.827 E3.53414
G1 X-23.996 Y-13.012 E4.77575
G1 X-23.996 Y-13.012 F7800
G1 X-23.611 Y-12.566
G1 F3600
G1 X-26.389 Y-12.566 E4.90936
G1 X-26.389 Y-40.216 E6.23923
G1 X-23.611 Y-40.216 E6.37284
G1 X-23.611 Y-38.827 E6.43965
G1 X-23.611 Y-12.626 E7.69983
G1 X-23.611 Y-12.626 F7800
G1 X-23.225 Y-12.181
;TYPE:External perimeter
G1 F1800
G1 X-26.775 Y-12.181 E7.87057
G1 X-26.775 Y-40.602 E9.23752
G1 X-23.225 Y-40.602 E9.40826
G1 X-23.225 Y-38.827 E9.49363
G1 X-23.225 Y-12.241 E10.77232
G1 X-23.621 Y-12.181 F7800
G1 E8.77232 F2400
G92 E0
G1 X-24.109 Y-39.038 F7800
G1 E2 F2400
;TYPE:Top solid infill
;WIDTH:0.400261
G1 F900
G1 X-24.637 Y-39.566 E2.03128
G1 X-25.112 Y-39.566 E2.05118
G1 X-24.26 Y-38.714 E2.10166
G1 X-24.26 Y-38.239 E2.12156
G1 X-25.587 Y-39.566 E2.20018
G1 X-25.74 Y-39.566 E2.20659
G1 X-25.74 Y-39.243 E2.22012
G1 X-24.26 Y-37.764 E2.30777
G1 X-24.26 Y-37.289 E2.32767
G1 X-25.74 Y-38.768 E2.41532
G1 X-25.74 Y-38.293 E2.43522
G1 X-24.26 Y-36.814 E2.52287
G1 X-24.26 Y-36.339 E2.54277
G1 X-25.74 Y-37.818 E2.63042
G1 X-25.74 Y-37.343 E2.65032
G1 X-24.26 Y-35.864 E2.73797
G1 X-24.26 Y-35.389 E2.75787
G1 X-25.74 Y-36.868 E2.84552
G1 X-25.74 Y-36.393 E2.86542
G1 X-24.26 Y-34.914 E2.95307
G1 X-24.26 Y-34.439 E2.97297
G1 X-25.74 Y-35.918 E3.06062
G1 X-25.74 Y-35.443 E3.08052
G1 X-24.26 Y-33.964 E3.16817
G1 X-24.26 Y-33.489 E3.18807
G1 X-25.74 Y-34.968 E3.27572
G1 X-25.74 Y-34.493 E3.29562
G1 X-24.26 Y-33.014 E3.38327
G1 X-24.26 Y-32.539 E3.40317
G1 X-25.74 Y-34.018 E3.49082
G1 X-25.74 Y-33.543 E3.51072
G1 X-24.26 Y-32.064 E3.59837
G1 X-24.26 Y-31.589 E3.61827
G1 X-25.74 Y-33.068 E3.70592
G1 X-25.74 Y-32.593 E3.72582
G1 X-24.26 Y-31.114 E3.81347
G1 X-24.26 Y-30.639 E3.83337
G1 X-25.74 Y-32.118 E3.92102
G1 X-25.74 Y-31.643 E3.94092
G1 X-24.26 Y-30.164 E4.02857
G1 X-24.26 Y-29.689 E4.04847
G1 X-25.74 Y-31.168 E4.13612
G1 X-25.74 Y-30.693 E4.15602
G1 X-24.26 Y-29.214 E4.24367
G1 X-24.26 Y-28.739 E4.26357
G1 X-25.74 Y-30.218 E4.35122
G1 X-25.74 Y-29.743 E4.37112
G1 X-24.26 Y-28.264 E4.45877
G1 X-24.26 Y-27.789 E4.47867
G1 X-25.74 Y-29.268 E4.56632
G1 X-25.74 Y-28.793 E4.58622
G1 X-24.26 Y-27.314 E4.67387
G1 X-24.26 Y-26.839 E4.69377
G1 X-25.74 Y-28.318 E4.78142
G1 X-25.74 Y-27.843 E4.80132
G1 X-24.26 Y-26.364 E4.88897
G1 X-24.26 Y-25.889 E4.90887
G1 X-25.74 Y-27.368 E4.99652
G1 X-25.74 Y-26.893 E5.01642
G1 X-24.26 Y-25.414 E5.10407
G1 X-24.26 Y-24.939 E5.12397
G1 X-25.74 Y-26.418 E5.21162
G1 X-25.74 Y-25.943 E5.23152
G1 X-24.26 Y-24.464 E5.31917
G1 X-24.26 Y-23.989 E5.33907
G1 X-25.74 Y-25.468 E5.42672
G1 X-25.74 Y-24.993 E5.44662
G1 X-24.26 Y-23.514 E5.53427
G1 X-24.26 Y-23.039 E5.55417
G1 X-25.74 Y-24.518 E5.64182
G1 X-25.74 Y-24.043 E5.66172
G1 X-24.26 Y-22.564 E5.74937
G1 X-24.26 Y-22.089 E5.76927
G1 X-25.74 Y-23.568 E5.85692
G1 X-25.74 Y-23.093 E5.87682
G1 X-24.26 Y-21.614 E5.96447
G1 X-24.26 Y-21.139 E5.98437
G1 X-25.74 Y-22.618 E6.07202
G1 X-25.74 Y-22.143 E6.09192
G1 X-24.26 Y-20.664 E6.17957
G1 X-24.26 Y-20.189 E6.19947
G1 X-25.74 Y-21.668 E6.28712
G1 X-25.74 Y-21.193 E6.30702
G1 X-24.26 Y-19.714 E6.39467
G1 X-24.26 Y-19.239 E6.41457
G1 X-25.74 Y-20.718 E6.50222
G1 X-25.74 Y-20.243 E6.52212
G1 X-24.26 Y-18.764 E6.60977
G1 X-24.26 Y-18.289 E6.62967
G1 X-25.74 Y-19.768 E6.71732
G1 X-25.74 Y-19.293 E6.73722
G1 X-24.26 Y-17.814 E6.82487
G1 X-24.26 Y-17.339 E6.84477
G1 X-25.74 Y-18.818 E6.93242
G1 X-25.74 Y-18.343 E6.95232
G1 X-24.26 Y-16.864 E7.03997
G1 X-24.26 Y-16.389 E7.05987
G1 X-25.74 Y-17.868 E7.14752
G1 X-25.74 Y-17.393 E7.16742
G1 X-24.26 Y-15.914 E7.25507
G1 X-24.26 Y-15.439 E7.27497
G1 X-25.74 Y-16.918 E7.36262
G1 X-25.74 Y-16.443 E7.38252
G1 X-24.26 Y-14.964 E7.47017
G1 X-24.26 Y-14.489 E7.49007
G1 X-25.74 Y-15.968 E7.57772
G1 X-25.74 Y-15.493 E7.59762
G1 X-24.26 Y-14.014 E7.68527
G1 X-24.26 Y-13.539 E7.70517
G1 X-25.74 Y-15.018 E7.79282
G1 X-25.74 Y-14.543 E7.81272
G1 X-24.413 Y-13.216 E7.89134
G1 X-24.888 Y-13.216 E7.91124
G1 X-25.74 Y-14.068 E7.96172
G1 X-25.74 Y-13.593 E7.98162
G1 X-25.212 Y-13.065 E8.0129
G1 E6.0129 F2400
G92 E0
M107
;TYPE:Custom
; Filament-specific end gcode
M104 S0 ; turn off temperature
G28 X0  ; home X axis
M84     ; disable motors
; objects_info = {"objects":[]}
; filament used [mm] = 1679.43
; filament used [cm3] = 4.04
; filament used [g] = 5.01
; filament cost = 0.13
; total filament used [g] = 5.01
; total filament cost = 0.13
; total filament used for wipe tower [g] = 0.00
; estimated printing time (normal mode) = 23m 9s
; estimated first layer printing time (normal mode) = 2m 1s

; prusaslicer_config = begin
; arc_fitting = disabled
; autoemit_temperature_commands = 1
; automatic_extrusion_widths = 0
; automatic_infill_combination = 0
; automatic_infill_combination_max_layer_height = 100%
; avoid_crossing_curled_overhangs = 0
; avoid_crossing_perimeters = 0
; avoid_crossing_perimeters_max_detour = 0
; bed_custom_model = 
; bed_custom_texture = 
; bed_shape = 74.7146x6.53668,73.8606x13.0236,72.4444x19.4114,70.4769x25.6515,67.9731x31.6964,64.9519x37.5,61.4364x43.0182,57.4533x48.2091,53.033x53.033,48.2091x57.4533,43.0182x61.4364,37.5x64.9519,31.6964x67.9731,25.6515x70.4769,19.4114x72.4444,13.0236x73.8606,6.53668x74.7146,4.59243e-15x75,-6.53668x74.7146,-13.0236x73.8606,-19.4114x72.4444,-25.6515x70.4769,-31.6964x67.9731,-37.5x64.9519,-43.0182x61.4364,-48.2091x57.4533,-53.033x53.033,-57.4533x48.2091,-61.4364x43.0182,-64.9519x37.5,-67.9731x31.6964,-70.4769x25.6515,-72.4444x19.4114,-73.8606x13.0236,-74.7146x6.53668,-75x9.18485e-15,-74.7146x-6.53668,-73.8606x-13.0236,-72.4444x-19.4114,-70.4769x-25.6515,-67.9731x-31.6964,-64.9519x-37.5,-61.4364x-43.0182,-57.4533x-48.2091,-53.033x-53.033,-48.2091x-57.4533,-43.0182x-61.4364,-37.5x-64.9519,-31.6964x-67.9731,-25.6515x-70.4769,-19.4114x-72.4444,-13.0236x-73.8606,-6.53668x-74.7146,-1.37773e-14x-75,6.53668x-74.7146,13.0236x-73.8606,19.4114x-72.4444,25.6515x-70.4769,31.6964x-67.9731,37.5x-64.9519,43.0182x-61.4364,48.2091x-57.4533,53.033x-53.033,57.4533x-48.2091,61.4364x-43.0182,64.9519x-37.5,67.9731x-31.6964,70.4769x-25.6515,72.4444x-19.4114,73.8606x-13.0236,74.7146x-6.53668,75x-1.83697e-14
; bed_temperature = 60
; before_layer_gcode = 
; between_objects_gcode = 
; binary_gcode = 0
; bottom_fill_pattern = monotonic
; bottom_solid_layers = 3
; bottom_solid_min_thickness = 0
; bridge_acceleration = 0
; bridge_angle = 0
; bridge_fan_speed = 100
; bridge_flow_ratio = 1
; bridge_speed = 60
; brim_separation = 0
; brim_type = outer_only
; brim_width = 0
; chamber_minimal_temperature = 0
; chamber_temperature = 0
; color_change_gcode = M600
; colorprint_heights = 
; compatible_printers_condition_cummulative = ;"printer_notes!~/.*NO_TEMPLATES.*/ and printer_notes!~/.*PRINTER_VENDOR_TRILAB.*/ and printer_notes!~/.*PRINTER_MODEL_MK4IS.*/ and ! (printer_notes=~/.*PRINTER_VENDOR_PRUSA3D.*/ and num_extruders>1)"
; complete_objects = 0
; cooling = 1
; cooling_tube_length = 5
; cooling_tube_retraction = 91.5
; default_acceleration = 0
; default_filament_profile = 
; default_print_profile = 
; deretract_speed = 0
; disable_fan_first_layers = 1
; dont_support_bridges = 1
; draft_shield = disabled
; duplicate_distance = 6
; elefant_foot_compensation = 0
; enable_dynamic_fan_speeds = 0
; enable_dynamic_overhang_speeds = 0
; end_filament_gcode = "; Filament-specific end gcode"
; end_gcode = M104 S0 ; turn off temperature\nG28 X0  ; home X axis\nM84     ; disable motors\n
; ensure_vertical_shell_thickness = enabled
; external_perimeter_acceleration = 0
; external_perimeter_extrusion_width = 0.45
; external_perimeter_speed = 50%
; external_perimeters_first = 0
; extra_loading_move = -2
; extra_perimeters = 1
; extra_perimeters_on_overhangs = 0
; extruder_clearance_height = 20
; extruder_clearance_radius = 20
; extruder_colour = ""
; extruder_offset = 0x0
; extrusion_axis = E
; extrusion_multiplier = 1
; extrusion_width = 0.45
; fan_always_on = 1
; fan_below_layer_time = 100
; filament_abrasive = 0
; filament_colour = #FF8000
; filament_cooling_final_speed = 2
; filament_cooling_initial_speed = 3
; filament_cooling_moves = 1
; filament_cost = 25.4
; filament_density = 1.24
; filament_deretract_speed = nil
; filament_diameter = 1.75
; filament_infill_max_crossing_speed = 0
; filament_infill_max_speed = 0
; filament_load_time = 0
; filament_loading_speed = 14
; filament_loading_speed_start = 19
; filament_max_volumetric_speed = 0
; filament_minimal_purge_on_wipe_tower = 0
; filament_multitool_ramming = 0
; filament_multitool_ramming_flow = 10
; filament_multitool_ramming_volume = 10
; filament_notes = ""
; filament_purge_multiplier = 100%
; filament_ramming_parameters = "130 120 2.70968 2.93548 3.32258 3.83871 4.58065 5.54839 6.51613 7.35484 7.93548 8.16129| 0.05 2.66451 0.45 3.05805 0.95 4.05807 1.45 5.97742 1.95 7.69999 2.45 8.1936 2.95 11.342 3.45 11.4065 3.95 7.6 4.45 7.6 4.95 7.6"
; filament_retract_before_travel = nil
; filament_retract_before_wipe = nil
; filament_retract_layer_change = nil
; filament_retract_length = nil
; filament_retract_length_toolchange = nil
; filament_retract_lift = nil
; filament_retract_lift_above = nil
; filament_retract_lift_below = nil
; filament_retract_restart_extra = nil
; filament_retract_restart_extra_toolchange = nil
; filament_retract_speed = nil
; filament_seam_gap_distance = nil
; filament_settings_id = "Generic PLA @Template"
; filament_shrinkage_compensation_xy = 0%
; filament_shrinkage_compensation_z = 0%
; filament_soluble = 0
; filament_spool_weight = 0
; filament_stamping_distance = 0
; filament_stamping_loading_speed = 20
; filament_toolchange_delay = 0
; filament_travel_lift_before_obstacle = nil
; filament_travel_max_lift = nil
; filament_travel_ramping_lift = nil
; filament_travel_slope = nil
; filament_type = PLA
; filament_unload_time = 0
; filament_unloading_speed = 20
; filament_unloading_speed_start = 100
; filament_vendor = Generic
; filament_wipe = nil
; fill_angle = 45
; fill_density = 20%
; fill_pattern = stars
; first_layer_acceleration = 0
; first_layer_acceleration_over_raft = 0
; first_layer_bed_temperature = 60
; first_layer_extrusion_width = 0.42
; first_layer_height = 0.35
; first_layer_speed = 30
; first_layer_speed_over_raft = 30
; first_layer_temperature = 215
; full_fan_speed_layer = 3
; fuzzy_skin = none
; fuzzy_skin_point_dist = 0.8
; fuzzy_skin_thickness = 0.3
; gap_fill_enabled = 1
; gap_fill_speed = 20
; gcode_comments = 0
; gcode_flavor = smoothie
; gcode_label_objects = disabled
; gcode_resolution = 0.0125
; gcode_substitutions = 
; high_current_on_filament_swap = 0
; host_type = prusalink
; idle_temperature = nil
; infill_acceleration = 0
; infill_anchor = 600%
; infill_anchor_max = 50
; infill_every_layers = 1
; infill_extruder = 1
; infill_extrusion_width = 0.45
; infill_first = 0
; infill_overlap = 25%
; infill_speed = 80
; interface_shells = 0
; ironing = 0
; ironing_flowrate = 15%
; ironing_spacing = 0.1
; ironing_speed = 15
; ironing_type = top
; layer_gcode = 
; layer_height = 0.3
; machine_limits_usage = time_estimate_only
; machine_max_acceleration_e = 10000,5000
; machine_max_acceleration_extruding = 1500,1250
; machine_max_acceleration_retracting = 1500,1250
; machine_max_acceleration_travel = 1500,1250
; machine_max_acceleration_x = 9000,1000
; machine_max_acceleration_y = 9000,1000
; machine_max_acceleration_z = 500,200
; machine_max_feedrate_e = 120,120
; machine_max_feedrate_x = 500,200
; machine_max_feedrate_y = 500,200
; machine_max_feedrate_z = 12,12
; machine_max_jerk_e = 2.5,2.5
; machine_max_jerk_x = 10,10
; machine_max_jerk_y = 10,10
; machine_max_jerk_z = 0.2,0.4
; machine_min_extruding_rate = 0,0
; machine_min_travel_rate = 0,0
; max_fan_speed = 100
; max_layer_height = 0
; max_print_height = 200
; max_print_speed = 80
; max_volumetric_extrusion_rate_slope_negative = 0
; max_volumetric_extrusion_rate_slope_positive = 0
; max_volumetric_speed = 0
; min_bead_width = 85%
; min_fan_speed = 100
; min_feature_size = 25%
; min_layer_height = 0.07
; min_print_speed = 10
; min_skirt_length = 0
; mmu_segmented_region_interlocking_depth = 0
; mmu_segmented_region_max_width = 0
; multimaterial_purging = 140
; notes = 
; nozzle_diameter = 0.4
; nozzle_high_flow = 0
; only_one_perimeter_first_layer = 0
; only_retract_when_crossing_perimeters = 0
; ooze_prevention = 0
; output_filename_format = [input_filename_base].gcode
; overhang_fan_speed_0 = 0
; overhang_fan_speed_1 = 0
; overhang_fan_speed_2 = 0
; overhang_fan_speed_3 = 0
; overhang_speed_0 = 15
; overhang_speed_1 = 15
; overhang_speed_2 = 20
; overhang_speed_3 = 25
; overhangs = 1
; parking_pos_retraction = 92
; pause_print_gcode = M601
; perimeter_acceleration = 0
; perimeter_extruder = 1
; perimeter_extrusion_width = 0.45
; perimeter_generator = arachne
; perimeter_speed = 60
; perimeters = 3
; physical_printer_settings_id = 
; post_process = 
; prefer_clockwise_movements = 0
; print_settings_id = microDelta_1p01
; printer_model = 
; printer_notes = 
; printer_settings_id = microDelta_1p01
; printer_technology = FFF
; printer_variant = 
; printer_vendor = 
; raft_contact_distance = 0.1
; raft_expansion = 1.5
; raft_first_layer_density = 90%
; raft_first_layer_expansion = 3
; raft_layers = 0
; remaining_times = 0
; resolution = 0
; retract_before_travel = 2
; retract_before_wipe = 0%
; retract_layer_change = 0
; retract_length = 2
; retract_length_toolchange = 10
; retract_lift = 0
; retract_lift_above = 0
; retract_lift_below = 0
; retract_restart_extra = 0
; retract_restart_extra_toolchange = 0
; retract_speed = 40
; scarf_seam_entire_loop = 0
; scarf_seam_length = 20
; scarf_seam_max_segment_length = 1
; scarf_seam_on_inner_perimeters = 0
; scarf_seam_only_on_smooth = 1
; scarf_seam_placement = nowhere
; scarf_seam_start_height = 0%
; seam_gap_distance = 15%
; seam_position = aligned
; silent_mode = 1
; single_extruder_multi_material = 0
; single_extruder_multi_material_priming = 1
; skirt_distance = 6
; skirt_height = 1
; skirts = 1
; slice_closing_radius = 0.049
; slicing_mode = regular
; slowdown_below_layer_time = 10
; small_perimeter_speed = 15
; solid_infill_acceleration = 0
; solid_infill_below_area = 70
; solid_infill_every_layers = 0
; solid_infill_extruder = 1
; solid_infill_extrusion_width = 0.45
; solid_infill_speed = 20
; spiral_vase = 0
; staggered_inner_seams = 0
; standby_temperature_delta = -5
; start_filament_gcode = "; Filament gcode\n"
; start_gcode = G28 ; home all axes\nG1 Z5 F5000 ; lift nozzle\n
; support_material = 1
; support_material_angle = 0
; support_material_auto = 1
; support_material_bottom_contact_distance = 0
; support_material_bottom_interface_layers = -1
; support_material_buildplate_only = 0
; support_material_closing_radius = 2
; support_material_contact_distance = 0.2
; support_material_enforce_layers = 0
; support_material_extruder = 1
; support_material_extrusion_width = 0.35
; support_material_interface_contact_loops = 0
; support_material_interface_extruder = 1
; support_material_interface_layers = 3
; support_material_interface_pattern = rectilinear
; support_material_interface_spacing = 0
; support_material_interface_speed = 100%
; support_material_pattern = rectilinear
; support_material_spacing = 2.5
; support_material_speed = 60
; support_material_style = organic
; support_material_synchronize_layers = 0
; support_material_threshold = 0
; support_material_with_sheath = 1
; support_material_xy_spacing = 50%
; support_tree_angle = 40
; support_tree_angle_slow = 25
; support_tree_branch_diameter = 2
; support_tree_branch_diameter_angle = 5
; support_tree_branch_diameter_double_wall = 3
; support_tree_branch_distance = 1
; support_tree_tip_diameter = 0.8
; support_tree_top_rate = 15%
; temperature = 210
; template_custom_gcode = 
; thick_bridges = 1
; thin_walls = 1
; thumbnails = 
; thumbnails_format = PNG
; toolchange_gcode = 
; top_fill_pattern = monotonic
; top_infill_extrusion_width = 0.4
; top_one_perimeter_type = none
; top_solid_infill_acceleration = 0
; top_solid_infill_speed = 15
; top_solid_layers = 3
; top_solid_min_thickness = 0
; travel_acceleration = 0
; travel_lift_before_obstacle = 0
; travel_max_lift = 0
; travel_ramping_lift = 0
; travel_slope = 0
; travel_speed = 130
; travel_speed_z = 0
; use_firmware_retraction = 0
; use_relative_e_distances = 0
; use_volumetric_e = 0
; variable_layer_height = 1
; wall_distribution_count = 1
; wall_transition_angle = 10
; wall_transition_filter_deviation = 25%
; wall_transition_length = 100%
; wipe = 0
; wipe_into_infill = 0
; wipe_into_objects = 0
; wipe_tower = 0
; wipe_tower_acceleration = 0
; wipe_tower_bridging = 10
; wipe_tower_brim_width = 2
; wipe_tower_cone_angle = 0
; wipe_tower_extra_flow = 100%
; wipe_tower_extra_spacing = 100%
; wipe_tower_extruder = 0
; wipe_tower_no_sparse_layers = 0
; wipe_tower_width = 60
; wiping_volumes_matrix = 0
; wiping_volumes_use_custom_matrix = 0
; xy_size_compensation = 0
; z_offset = 0
; prusaslicer_config = end
