; generated by PrusaSlicer 2.9.0 on 2025-03-17 at 11:35:52 UTC

; 

; external perimeters extrusion width = 0.45mm
; perimeters extrusion width = 0.45mm
; infill extrusion width = 0.45mm
; solid infill extrusion width = 0.45mm
; top infill extrusion width = 0.40mm
; support material extrusion width = 0.35mm
; first layer extrusion width = 0.42mm

M190 S60 ; set bed temperature and wait for it to be reached
M104 S215 ; set temperature
;TYPE:Custom
G28 ; home all axes
G1 Z5 F5000 ; lift nozzle
M109 S215 ; set temperature and wait for it to be reached
G21 ; set units to millimeters
G90 ; use absolute coordinates
M82 ; use absolute distances for extrusion
G92 E0
; Filament gcode
M107
;LAYER_CHANGE
;Z:0.35
;HEIGHT:0.35
G1 E-2 F2400
G1 Z.35 F7800
G1 X24.819 Y6.481
G1 E.00001 F2400
;TYPE:Skirt/Brim
;WIDTH:0.42
G1 F1800
G1 X29.158 Y-10.134 E.8618
G1 X30.093 Y-12.14 E.97287
G1 X31.676 Y-13.687 E1.08395
G1 X33.702 Y-14.577 E1.195
G1 X35.129 Y-14.744 E1.2671
G1 X40.129 Y-14.744 E1.51803
G1 X43.297 Y-13.869 E1.68297
G1 X50.535 Y-9.542 E2.10618
G1 X52.109 Y-8.356 E2.20509
G1 X52.99 Y-7.497 E2.26684
G1 X53.721 Y-6.623 E2.32402
G1 X54.413 Y-5.607 E2.38571
G1 X54.957 Y-4.607 E2.44284
G1 X55.433 Y-3.475 E2.50447
G1 X55.768 Y-2.387 E2.5616
G1 X56.011 Y-1.183 E2.62324
G1 X56.155 Y.586 E2.71231
G1 X56.014 Y37.374 E4.55856
G1 X55.861 Y39.146 E4.64782
G1 X55.604 Y40.37 E4.71059
G1 X55.257 Y41.458 E4.7679
G1 X54.749 Y42.621 E4.83159
G1 X54.185 Y43.619 E4.88912
G1 X53.469 Y44.632 E4.95138
G1 X44.786 Y54.615 E5.61538
G1 X43.058 Y55.997 E5.72642
G1 X40.129 Y56.736 E5.87802
G1 X20.129 Y56.736 E6.88174
G1 X17.952 Y56.34 E6.99279
G1 X16.055 Y55.2 E7.10386
G1 X14.681 Y53.465 E7.21493
G1 X13.957 Y50.564 E7.36498
G1 X13.961 Y48.744 E7.45632
G1 X14.068 Y47.649 E7.51154
G1 X24.804 Y6.539 E9.64388
G1 E7.64388 F2400
G92 E0
G1 X24.804 Y6.539 F7800
G92 E0
G1 X44.64 Y-5.128
G1 E2 F2400
;TYPE:Support material
G1 F1800
G1 X45.285 Y-5.064 E2.03253
G1 X46.351 Y-4.765 E2.08809
G1 X47.367 Y-4.244 E2.14539
G1 X48.258 Y-3.532 E2.20263
G1 X48.99 Y-2.659 E2.25981
G1 X49.534 Y-1.658 E2.31699
G1 X49.869 Y-.57 E2.37412
G1 X49.982 Y.562 E2.43121
G1 X49.869 Y1.695 E2.48835
G1 X49.534 Y2.783 E2.54548
G1 X48.989 Y3.784 E2.60268
G1 X48.257 Y4.657 E2.65986
G1 X47.364 Y5.369 E2.71718
G1 X46.348 Y5.889 E2.77446
G1 X45.246 Y6.197 E2.83188
G1 X44.105 Y6.279 E2.88929
G1 X42.969 Y6.131 E2.94678
G1 X41.885 Y5.76 E3.00428
G1 X40.897 Y5.179 E3.0618
G1 X40.564 Y4.88 E3.08426
G1 X40.564 Y-3.773 E3.51852
G1 X41.393 Y-4.365 E3.56964
G1 X42.416 Y-4.833 E3.6261
G1 X43.513 Y-5.091 E3.68266
G1 X44.588 Y-5.13 E3.73665
G1 X44.588 Y-5.13 F7800
G1 X49.29 Y2.907
G1 F1800
G1 X49.29 Y-1.398 E3.9527
G1 X48.906 Y-2.163 E3.99566
G1 X48.906 Y3.286 E4.26912
G1 X48.523 Y3.856 E4.30358
G1 X48.523 Y-2.733 E4.63425
G1 X48.14 Y-3.19 E4.66417
G1 X48.14 Y4.313 E5.04071
G1 X47.757 Y4.659 E5.06661
G1 X47.757 Y-3.536 E5.47788
G1 X47.374 Y-3.842 E5.50248
G1 X47.374 Y4.964 E5.94442
G1 X46.99 Y5.211 E5.96733
G1 X46.99 Y-4.088 E6.43401
G1 X46.607 Y-4.285 E6.45562
G1 X46.607 Y5.407 E6.94202
G1 X46.224 Y5.601 E6.96357
G1 X46.224 Y-4.478 E7.46939
G1 X45.841 Y-4.586 E7.48936
G1 X45.841 Y5.708 E8.00597
G1 X45.458 Y5.815 E8.02593
G1 X45.458 Y-4.693 E8.55328
G1 X45.074 Y-4.773 E8.57297
G1 X45.074 Y5.898 E9.1085
G1 X44.691 Y5.925 E9.12777
G1 X44.691 Y-4.811 E9.66657
G1 X44.308 Y-4.831 E9.68582
G1 X44.308 Y5.953 E10.22702
G1 X43.925 Y5.942 E10.24625
G1 X43.925 Y-4.82 E10.78635
G1 X43.542 Y-4.781 E10.80567
G1 X43.542 Y5.892 E11.3413
G1 X43.158 Y5.843 E11.36073
G1 X43.158 Y-4.718 E11.89074
G1 X43.046 Y-4.7 E11.89643
G1 X42.775 Y-4.618 E11.91064
G1 X42.775 Y5.737 E12.43032
G1 X42.392 Y5.605 E12.45065
G1 X42.392 Y-4.492 E12.95738
G1 X42.009 Y-4.342 E12.97802
G1 X42.009 Y5.472 E13.47054
G1 X41.625 Y5.247 E13.49288
G1 X41.625 Y-4.138 E13.96387
G1 X41.242 Y-3.901 E13.98647
G1 X41.242 Y5.202 E14.44331
G1 E12.44331 F2400
G92 E0
G1 X41.242 Y5.202 F7800
G1 X44.975 Y31.82
G1 E2 F2400
G1 F1800
G1 X46.096 Y32.083 E2.05779
G1 X47.138 Y32.571 E2.11553
G1 X48.056 Y33.261 E2.17316
G1 X48.813 Y34.123 E2.23073
G1 X49.377 Y35.121 E2.28826
G1 X49.724 Y36.213 E2.34576
G1 X49.842 Y37.35 E2.40313
G1 X49.774 Y38.011 E2.43648
G1 X49.723 Y38.495 E2.4609
G1 X49.376 Y39.583 E2.51821
G1 X48.812 Y40.582 E2.57578
G1 X48.055 Y41.444 E2.63335
G1 X47.136 Y42.134 E2.69102
G1 X46.093 Y42.62 E2.74877
G1 X44.972 Y42.883 E2.80656
G1 X43.818 Y42.909 E2.86449
G1 X42.684 Y42.695 E2.92241
G1 X41.617 Y42.252 E2.98039
G1 X40.564 Y41.493 E3.04553
G1 X40.564 Y33.213 E3.46107
G1 X41.62 Y32.448 E3.52651
G1 X42.687 Y32.005 E3.58449
G1 X43.822 Y31.793 E3.64244
G1 X44.924 Y31.819 E3.69776
G1 X44.924 Y31.819 F7800
G1 X49.29 Y39.343
G1 F1800
G1 X49.29 Y35.871 E3.87201
G1 X48.906 Y34.92 E3.92348
G1 X48.906 Y39.783 E4.16753
G1 X48.523 Y40.44 E4.2057
G1 X48.523 Y34.264 E4.51565
G1 X48.14 Y33.827 E4.54481
G1 X48.14 Y40.876 E4.89857
G1 X47.757 Y41.279 E4.92647
G1 X47.757 Y33.424 E5.32068
G1 X47.374 Y33.136 E5.34473
G1 X47.374 Y41.567 E5.76785
G1 X46.99 Y41.854 E5.79191
G1 X46.99 Y32.848 E6.24388
G1 X46.607 Y32.665 E6.26518
G1 X46.607 Y42.038 E6.73557
G1 X46.224 Y42.217 E6.75679
G1 X46.224 Y32.486 E7.24515
G1 X45.841 Y32.342 E7.26568
G1 X45.841 Y42.361 E7.76849
G1 X45.458 Y42.45 E7.78822
G1 X45.458 Y32.252 E8.30002
G1 X45.074 Y32.162 E8.31981
G1 X45.074 Y42.54 E8.84064
G1 X44.691 Y42.579 E8.85996
G1 X44.691 Y32.124 E9.38465
G1 X44.308 Y32.115 E9.40388
G1 X44.308 Y42.587 E9.92943
G1 X43.925 Y42.596 E9.94866
G1 X43.925 Y32.106 E10.47511
G1 X43.542 Y32.162 E10.49454
G1 X43.542 Y42.541 E11.01542
G1 X43.158 Y42.469 E11.03503
G1 X43.158 Y32.233 E11.54873
G1 X42.776 Y32.304 E11.56823
G1 X42.775 Y42.397 E12.07476
G1 X42.392 Y42.238 E12.09557
G1 X42.392 Y32.464 E12.58609
G1 X42.009 Y32.622 E12.60688
G1 X42.009 Y42.079 E13.08149
G1 X41.625 Y41.882 E13.10315
G1 X41.625 Y32.82 E13.55793
G1 X41.242 Y33.083 E13.58125
G1 X41.242 Y41.807 E14.01907
G1 E12.01907 F2400
G92 E0
G1 X41.242 Y41.807 F7800
G1 X39.229 Y-7.672
G1 E2 F2400
;TYPE:Perimeter
;WIDTH:0.42
G1 F1800
G1 X39.229 Y-6.071 E2.08035
G1 X39.229 Y49.664 E4.87746
G1 X21.03 Y49.664 E5.79079
G1 X21.031 Y48.972 E5.82552
G1 X21.132 Y48.549 E5.84735
G1 X21.34 Y48.239 E5.86609
G1 X21.739 Y47.968 E5.8903
G1 X22.098 Y47.895 E5.90869
G1 X28.58 Y47.877 E6.234
G1 X29.732 Y47.726 E6.29231
G1 X30.73 Y47.45 E6.34428
G1 X31.562 Y47.105 E6.38948
G1 X32.46 Y46.597 E6.44126
G1 X33.173 Y46.072 E6.4857
G1 X33.744 Y45.548 E6.52459
G1 X34.262 Y44.971 E6.5635
G1 X34.72 Y44.346 E6.60239
G1 X35.115 Y43.679 E6.64129
G1 X35.45 Y42.957 E6.68123
G1 X35.774 Y41.974 E6.73317
G1 X35.982 Y40.83 E6.79152
G1 X36.029 Y39.993 E6.83359
G1 X36.029 Y-7.672 E9.2257
G1 X39.169 Y-7.672 E9.38328
G1 X39.169 Y-7.672 F7800
G1 X39.574 Y-8.017
G1 F1800
G1 X39.574 Y-6.071 E9.48094
G1 X39.574 Y50.009 E12.29536
G1 X20.685 Y50.009 E13.24332
G1 X20.686 Y49.025 E13.2927
G1 X20.751 Y48.569 E13.31582
G1 X20.92 Y48.218 E13.33537
G1 X21.205 Y47.887 E13.35729
G1 X21.595 Y47.653 E13.38012
G1 X22.073 Y47.55 E13.40466
G1 X28.537 Y47.535 E13.72906
G1 X29.64 Y47.394 E13.78487
G1 X30.638 Y47.117 E13.83685
G1 X31.393 Y46.805 E13.87785
G1 X32.343 Y46.262 E13.93277
G1 X32.941 Y45.816 E13.97021
G1 X33.489 Y45.316 E14.00744
G1 X33.985 Y44.765 E14.04465
G1 X34.424 Y44.168 E14.08184
G1 X34.803 Y43.531 E14.11904
G1 X35.122 Y42.848 E14.15687
G1 X35.465 Y41.792 E14.21259
G1 X35.643 Y40.771 E14.2646
G1 X35.684 Y39.993 E14.3037
G1 X35.684 Y-8.017 E16.71312
G1 X39.514 Y-8.017 E16.90533
G1 X39.514 Y-8.017 F7800
G1 X39.919 Y-8.361
;TYPE:External perimeter
G1 F1800
G1 X39.919 Y-6.071 E17.02026
G1 X39.919 Y50.354 E19.852
G1 X20.339 Y50.354 E20.83464
G1 X20.341 Y49.025 E20.90134
G1 X20.418 Y48.472 E20.92936
G1 X20.663 Y47.982 E20.95685
G1 X20.991 Y47.613 E20.98163
G1 X21.586 Y47.293 E21.01554
G1 X22.047 Y47.205 E21.03909
G1 X28.474 Y47.194 E21.36163
G1 X29.548 Y47.061 E21.41594
G1 X30.566 Y46.778 E21.46897
G1 X31.223 Y46.505 E21.50468
G1 X32.12 Y45.997 E21.55641
G1 X32.71 Y45.56 E21.59326
G1 X33.233 Y45.085 E21.62872
G1 X33.708 Y44.56 E21.66425
G1 X34.129 Y43.991 E21.69977
G1 X34.492 Y43.384 E21.73526
G1 X34.795 Y42.74 E21.77098
G1 X35.126 Y41.733 E21.82418
G1 X35.303 Y40.712 E21.87618
G1 X35.339 Y39.993 E21.91231
G1 X35.339 Y-8.361 E24.339
G1 X39.859 Y-8.361 E24.56584
G1 X39.919 Y-7.966 F7800
G1 X39.126 Y-6.87
;TYPE:Solid infill
;WIDTH:0.420353
G1 F1800
G1 X38.583 Y-7.413 E24.60442
G1 X38.095 Y-7.413 E24.62894
G1 X38.971 Y-6.537 E24.69118
G1 X38.971 Y-6.049 E24.7157
G1 X37.607 Y-7.413 E24.81261
G1 X37.118 Y-7.413 E24.83718
G1 X38.971 Y-5.561 E24.96879
G1 X38.971 Y-5.072 E24.99336
G1 X36.63 Y-7.413 E25.15968
G1 X36.288 Y-7.413 E25.17686
G1 X36.288 Y-7.267 E25.18419
G1 X38.971 Y-4.584 E25.37481
G1 X38.971 Y-4.096 E25.39933
G1 X36.288 Y-6.779 E25.58995
G1 X36.288 Y-6.291 E25.61447
G1 X38.971 Y-3.608 E25.80509
G1 X38.971 Y-3.119 E25.82966
G1 X36.288 Y-5.803 E26.02031
G1 X36.288 Y-5.314 E26.04488
G1 X38.971 Y-2.631 E26.2355
G1 X38.971 Y-2.143 E26.26002
G1 X36.288 Y-4.826 E26.45064
G1 X36.288 Y-4.338 E26.47516
G1 X38.971 Y-1.655 E26.66578
G1 X38.971 Y-1.166 E26.69035
G1 X36.288 Y-3.85 E26.881
G1 X36.288 Y-3.361 E26.90557
G1 X38.971 Y-.678 E27.09619
G1 X38.971 Y-.19 E27.12071
G1 X36.288 Y-2.873 E27.31133
G1 X36.288 Y-2.385 E27.33585
G1 X38.971 Y.298 E27.52647
G1 X38.971 Y.787 E27.55104
G1 X36.288 Y-1.897 E27.74169
G1 X36.288 Y-1.408 E27.76626
G1 X38.971 Y1.275 E27.95688
G1 X38.971 Y1.763 E27.9814
G1 X36.288 Y-.92 E28.17202
G1 X36.288 Y-.432 E28.19654
G1 X38.971 Y2.251 E28.38716
G1 X38.971 Y2.74 E28.41173
G1 X36.288 Y.056 E28.60238
G1 X36.288 Y.545 E28.62695
G1 X38.971 Y3.228 E28.81757
G1 X38.971 Y3.716 E28.84209
G1 X36.288 Y1.033 E29.03271
G1 X36.288 Y1.521 E29.05723
G1 X38.971 Y4.204 E29.24785
G1 X38.971 Y4.692 E29.27237
G1 X36.288 Y2.009 E29.46299
G1 X36.288 Y2.498 E29.48756
G1 X38.971 Y5.181 E29.67818
G1 X38.971 Y5.669 E29.7027
G1 X36.288 Y2.986 E29.89332
G1 X36.288 Y3.474 E29.91784
G1 X38.971 Y6.157 E30.10846
G1 X38.971 Y6.645 E30.13298
G1 X36.288 Y3.962 E30.3236
G1 X36.288 Y4.451 E30.34817
G1 X38.971 Y7.134 E30.53879
G1 X38.971 Y7.622 E30.56331
G1 X36.288 Y4.939 E30.75393
G1 X36.288 Y5.427 E30.77845
G1 X38.971 Y8.11 E30.96907
G1 X38.971 Y8.598 E30.99359
G1 X36.288 Y5.915 E31.18421
G1 X36.288 Y6.404 E31.20878
G1 X38.971 Y9.087 E31.3994
G1 X38.971 Y9.575 E31.42392
G1 X36.288 Y6.892 E31.61454
G1 X36.288 Y7.38 E31.63906
G1 X38.971 Y10.063 E31.82968
G1 X38.971 Y10.551 E31.8542
G1 X36.288 Y7.868 E32.04482
G1 X36.288 Y8.357 E32.06939
G1 X38.971 Y11.04 E32.26001
G1 X38.971 Y11.528 E32.28453
G1 X36.288 Y8.845 E32.47515
G1 X36.288 Y9.333 E32.49967
G1 X38.971 Y12.016 E32.69029
G1 X38.971 Y12.504 E32.71481
G1 X36.288 Y9.821 E32.90543
G1 X36.288 Y10.31 E32.93
G1 X38.971 Y12.993 E33.12062
G1 X38.971 Y13.481 E33.14514
G1 X36.288 Y10.798 E33.33576
G1 X36.288 Y11.286 E33.36028
G1 X38.971 Y13.969 E33.5509
G1 X38.971 Y14.457 E33.57542
G1 X36.288 Y11.774 E33.76604
G1 X36.288 Y12.263 E33.79061
G1 X38.971 Y14.946 E33.98123
G1 X38.971 Y15.434 E34.00575
G1 X36.288 Y12.751 E34.19637
G1 X36.288 Y13.239 E34.22089
G1 X38.971 Y15.922 E34.41151
G1 X38.971 Y16.41 E34.43603
G1 X36.288 Y13.727 E34.62665
G1 X36.288 Y14.216 E34.65122
G1 X38.971 Y16.899 E34.84184
G1 X38.971 Y17.387 E34.86636
G1 X36.288 Y14.704 E35.05698
G1 X36.288 Y15.192 E35.0815
G1 X38.971 Y17.875 E35.27212
G1 X38.971 Y18.363 E35.29664
G1 X36.288 Y15.68 E35.48726
G1 X36.288 Y16.169 E35.51183
G1 X38.971 Y18.852 E35.70245
G1 X38.971 Y19.34 E35.72697
G1 X36.288 Y16.657 E35.91759
G1 X36.288 Y17.145 E35.94211
G1 X38.971 Y19.828 E36.13273
G1 X38.971 Y20.316 E36.15725
G1 X36.288 Y17.633 E36.34787
G1 X36.288 Y18.121 E36.37239
G1 X38.971 Y20.805 E36.56304
G1 X38.971 Y21.293 E36.58756
G1 X36.288 Y18.61 E36.77818
G1 X36.288 Y19.098 E36.8027
G1 X38.971 Y21.781 E36.99332
G1 X38.971 Y22.269 E37.01784
G1 X36.288 Y19.586 E37.20846
G1 X36.288 Y20.074 E37.23298
G1 X38.971 Y22.758 E37.42363
G1 X38.971 Y23.246 E37.44815
G1 X36.288 Y20.563 E37.63877
G1 X36.288 Y21.051 E37.66329
G1 X38.971 Y23.734 E37.85391
G1 X38.971 Y24.222 E37.87843
G1 X36.288 Y21.539 E38.06905
G1 X36.288 Y22.027 E38.09357
G1 X38.971 Y24.711 E38.28422
G1 X38.971 Y25.199 E38.30874
G1 X36.288 Y22.516 E38.49936
G1 X36.288 Y23.004 E38.52388
G1 X38.971 Y25.687 E38.7145
G1 X38.971 Y26.175 E38.73902
G1 X36.288 Y23.492 E38.92964
G1 X36.288 Y23.98 E38.95416
G1 X38.971 Y26.664 E39.14481
G1 X38.971 Y27.152 E39.16933
G1 X36.288 Y24.469 E39.35995
G1 X36.288 Y24.957 E39.38447
G1 X38.971 Y27.64 E39.57509
G1 X38.971 Y28.128 E39.59961
G1 X36.288 Y25.445 E39.79023
G1 X36.288 Y25.933 E39.81475
G1 X38.971 Y28.617 E40.0054
G1 X38.971 Y29.105 E40.02992
G1 X36.288 Y26.422 E40.22054
G1 X36.288 Y26.91 E40.24506
G1 X38.971 Y29.593 E40.43568
G1 X38.971 Y30.081 E40.4602
G1 X36.288 Y27.398 E40.65082
G1 X36.288 Y27.886 E40.67534
G1 X38.971 Y30.57 E40.86599
G1 X38.971 Y31.058 E40.89051
G1 X36.288 Y28.375 E41.08113
G1 X36.288 Y28.863 E41.10565
G1 X38.971 Y31.546 E41.29627
G1 X38.971 Y32.034 E41.32079
G1 X36.288 Y29.351 E41.51141
G1 X36.288 Y29.839 E41.53593
G1 X38.971 Y32.523 E41.72658
G1 X38.971 Y33.011 E41.7511
G1 X36.288 Y30.328 E41.94172
G1 X36.288 Y30.816 E41.96624
G1 X38.971 Y33.499 E42.15686
G1 X38.971 Y33.987 E42.18138
G1 X36.288 Y31.304 E42.372
G1 X36.288 Y31.792 E42.39652
G1 X38.971 Y34.475 E42.58714
G1 X38.971 Y34.964 E42.61171
G1 X36.288 Y32.281 E42.80233
G1 X36.288 Y32.769 E42.82685
G1 X38.971 Y35.452 E43.01747
G1 X38.971 Y35.94 E43.04199
G1 X36.288 Y33.257 E43.23261
G1 X36.288 Y33.745 E43.25713
G1 X38.971 Y36.428 E43.44775
G1 X38.971 Y36.917 E43.47232
G1 X36.288 Y34.234 E43.66294
G1 X36.288 Y34.722 E43.68746
G1 X38.971 Y37.405 E43.87808
G1 X38.971 Y37.893 E43.9026
G1 X36.288 Y35.21 E44.09322
G1 X36.288 Y35.698 E44.11774
G1 X38.971 Y38.381 E44.30836
G1 X38.971 Y38.87 E44.33293
G1 X36.288 Y36.187 E44.52355
G1 X36.288 Y36.675 E44.54807
G1 X38.971 Y39.358 E44.73869
G1 X38.971 Y39.846 E44.76321
G1 X36.288 Y37.163 E44.95383
G1 X36.288 Y37.651 E44.97835
G1 X38.971 Y40.334 E45.16897
G1 X38.971 Y40.823 E45.19354
G1 X36.288 Y38.14 E45.38416
G1 X36.288 Y38.628 E45.40868
G1 X38.971 Y41.311 E45.5993
G1 X38.971 Y41.799 E45.62382
G1 X36.288 Y39.116 E45.81444
G1 X36.288 Y39.604 E45.83896
G1 X38.971 Y42.287 E46.02958
G1 X38.971 Y42.776 E46.05415
G1 X36.282 Y40.087 E46.24519
G1 X36.256 Y40.549 E46.26844
G1 X38.971 Y43.264 E46.46133
G1 X38.971 Y43.752 E46.48585
G1 X36.215 Y40.996 E46.68165
G1 X36.139 Y41.409 E46.70275
G1 X38.971 Y44.24 E46.90392
G1 X38.971 Y44.729 E46.92849
G1 X36.064 Y41.822 E47.13502
G1 X36.022 Y42.049 E47.14662
G1 X35.967 Y42.214 E47.15536
G1 X38.971 Y45.217 E47.36875
G1 X38.971 Y45.705 E47.39327
G1 X35.846 Y42.581 E47.61525
G1 X35.725 Y42.948 E47.63466
G1 X38.971 Y46.193 E47.86524
G1 X38.971 Y46.682 E47.88981
G1 X35.579 Y43.29 E48.1308
G1 X35.425 Y43.624 E48.14928
G1 X38.971 Y47.17 E48.40121
G1 X38.971 Y47.658 E48.42573
G1 X35.258 Y43.945 E48.68952
G1 X35.076 Y44.252 E48.70745
G1 X38.971 Y48.146 E48.98414
G1 X38.971 Y48.635 E49.00871
G1 X34.888 Y44.552 E49.29879
G1 X34.681 Y44.834 E49.31636
G1 X38.971 Y49.123 E49.62111
G1 X38.971 Y49.405 E49.63528
G1 X38.765 Y49.405 E49.64563
G1 X34.474 Y45.115 E49.95045
G1 X34.247 Y45.376 E49.96783
G1 X38.277 Y49.405 E50.25411
G1 X37.789 Y49.405 E50.27863
G1 X34.014 Y45.63 E50.54683
G1 X33.772 Y45.877 E50.5642
G1 X37.3 Y49.405 E50.81485
G1 X36.812 Y49.405 E50.83937
G1 X33.514 Y46.107 E51.07368
G1 X33.256 Y46.337 E51.09104
G1 X36.324 Y49.405 E51.30901
G1 X35.836 Y49.405 E51.33353
G1 X32.973 Y46.543 E51.5369
G1 X32.69 Y46.748 E51.55446
G1 X35.347 Y49.405 E51.74323
G1 X34.859 Y49.405 E51.76775
G1 X32.388 Y46.935 E51.94327
G1 X32.077 Y47.111 E51.96122
G1 X34.371 Y49.405 E52.1242
G1 X33.883 Y49.405 E52.14872
G1 X31.765 Y47.288 E52.29916
G1 X31.428 Y47.439 E52.31771
G1 X33.394 Y49.405 E52.45739
G1 X32.906 Y49.405 E52.48191
G1 X31.083 Y47.582 E52.61143
G1 X30.73 Y47.718 E52.63043
G1 X32.418 Y49.405 E52.75032
G1 X31.93 Y49.405 E52.77484
G1 X30.348 Y47.824 E52.8872
G1 X29.966 Y47.93 E52.90712
G1 X31.441 Y49.405 E53.01191
G1 X30.953 Y49.405 E53.03643
G1 X29.556 Y48.009 E53.13565
G1 X29.125 Y48.066 E53.15749
G1 X30.465 Y49.405 E53.25266
G1 X29.977 Y49.405 E53.27718
G1 X28.694 Y48.123 E53.3683
G1 X28.219 Y48.136 E53.39217
G1 X29.488 Y49.405 E53.48233
G1 X29 Y49.405 E53.50685
G1 X27.732 Y48.137 E53.59694
G1 X27.245 Y48.139 E53.62141
G1 X28.512 Y49.405 E53.71139
G1 X28.024 Y49.405 E53.73591
G1 X26.758 Y48.14 E53.82582
G1 X26.271 Y48.141 E53.85029
G1 X27.535 Y49.405 E53.94009
G1 X27.047 Y49.405 E53.96461
G1 X25.785 Y48.143 E54.05427
G1 X25.298 Y48.144 E54.07874
G1 X26.559 Y49.405 E54.16833
G1 X26.071 Y49.405 E54.19285
G1 X24.811 Y48.146 E54.28233
G1 X24.324 Y48.147 E54.3068
G1 X25.582 Y49.405 E54.39618
G1 X25.094 Y49.405 E54.4207
G1 X23.837 Y48.148 E54.51001
G1 X23.35 Y48.15 E54.53448
G1 X24.606 Y49.405 E54.62368
G1 X24.118 Y49.405 E54.6482
G1 X22.863 Y48.151 E54.73733
G1 X22.377 Y48.153 E54.76175
G1 X23.629 Y49.405 E54.8507
G1 X23.141 Y49.405 E54.87522
G1 X21.919 Y48.183 E54.96204
G1 X21.848 Y48.205 E54.96577
G1 X21.601 Y48.353 E54.98024
G1 X22.653 Y49.405 E55.05498
G1 X22.165 Y49.405 E55.0795
G1 X21.382 Y48.623 E55.13509
G1 X21.334 Y48.738 E55.14135
G1 X21.29 Y49.019 E55.15564
G1 X21.832 Y49.561 E55.19415
M106 S127.5
;LAYER_CHANGE
;Z:0.65
;HEIGHT:0.3
G1 Z.65 F7800
M104 S210 ; set temperature
G1 E53.19415 F2400
G92 E0
G1 X21.832 Y49.561 F7800
G1 X43.07 Y36.207
G1 E2 F2400
;TYPE:Support material
;WIDTH:0.35
G1 F3600
G1 X43.084 Y35.954 E2.00903
G1 X43.355 Y35.754 E2.02103
G1 X44.091 Y35.514 E2.04861
G1 X44.091 Y35.164 E2.06108
G1 X44.958 Y35.261 E2.09216
G1 X45.747 Y35.721 E2.1247
G1 X46.28 Y36.46 E2.15716
G1 X46.468 Y37.353 E2.18967
G1 X46.28 Y38.244 E2.22211
G1 X45.746 Y38.983 E2.25459
G1 X44.957 Y39.441 E2.28709
G1 X44.047 Y39.537 E2.31969
G1 X43.182 Y39.252 E2.35213
G1 X42.95 Y39.071 E2.36261
G1 X42.952 Y38.895 E2.36888
G1 X42.532 Y38.382 E2.3925
G1 X42.353 Y37.938 E2.40955
G1 X42.285 Y37.081 E2.44018
G1 X42.437 Y36.518 E2.46095
G1 X42.725 Y36.1 E2.47903
G1 X42.742 Y35.796 E2.48988
G1 X43.177 Y35.45 E2.50968
G1 X44.049 Y35.164 E2.54237
G1 X44.049 Y35.164 F7800
G1 X44.546 Y34.815
G1 F3600
G1 X45.068 Y34.927 E2.56139
G1 X45.554 Y35.145 E2.58037
G1 X45.983 Y35.46 E2.59933
G1 X46.337 Y35.857 E2.61828
G1 X46.602 Y36.318 E2.63722
G1 X46.765 Y36.824 E2.65616
G1 X46.802 Y37.529 E2.68131
G1 X46.601 Y38.386 E2.71267
G1 X46.337 Y38.847 E2.73159
G1 X45.982 Y39.243 E2.75054
G1 X45.553 Y39.558 E2.7695
G1 X45.066 Y39.776 E2.78851
G1 X44.544 Y39.887 E2.80752
G1 X44.01 Y39.887 E2.82654
G1 X43.487 Y39.774 E2.8456
G1 X43 Y39.553 E2.86465
G1 X42.599 Y39.242 E2.88273
G1 X42.601 Y39.019 E2.89067
G1 X42.227 Y38.562 E2.91171
G1 X42.015 Y38.035 E2.93195
G1 X41.936 Y37.045 E2.96733
G1 X42.115 Y36.38 E2.99186
G1 X42.382 Y35.969 E3.00932
G1 X42.4 Y35.656 E3.02049
G1 X42.567 Y35.466 E3.0295
G1 X42.999 Y35.147 E3.04863
G1 X43.488 Y34.926 E3.06775
G1 X44.012 Y34.814 E3.08684
G1 X44.503 Y34.815 E3.10433
G1 E1.10433 F2400
G92 E0
G1 X44.503 Y34.815 F7800
G1 X43.159 Y-.661
G1 E2 F2400
G1 F3600
G1 X43.69 Y-1.338 E2.03065
G1 X44.192 Y-1.432 E2.04884
G1 X44.206 Y-1.782 E2.06132
G1 X45.093 Y-1.637 E2.09334
G1 X45.89 Y-1.135 E2.12689
G1 X46.426 Y-.361 E2.16043
G1 X46.614 Y.562 E2.19399
G1 X46.425 Y1.484 E2.22752
G1 X45.89 Y2.258 E2.26104
G1 X45.091 Y2.759 E2.29464
G1 X44.158 Y2.903 E2.32827
G1 X43.243 Y2.664 E2.36196
G1 X42.752 Y2.32 E2.38332
G1 X42.823 Y1.947 E2.39685
G1 X42.541 Y1.594 E2.41295
G1 X42.361 Y1.154 E2.42989
G1 X42.281 Y.446 E2.45527
G1 X42.366 Y-.065 E2.47372
G1 X42.527 Y-.422 E2.48767
G1 X43.118 Y-1.176 E2.5218
G1 X42.766 Y-1.241 E2.53455
G1 X43.246 Y-1.547 E2.55483
G1 X44.163 Y-1.784 E2.58857
G1 X44.163 Y-1.784 F7800
G1 X44.582 Y-2.117
G1 F3600
G1 X45.216 Y-1.967 E2.61178
G1 X45.705 Y-1.725 E2.63122
G1 X46.134 Y-1.389 E2.65063
G1 X46.487 Y-.975 E2.67001
G1 X46.749 Y-.498 E2.6894
G1 X46.911 Y.021 E2.70877
G1 X46.966 Y.562 E2.72814
G1 X46.911 Y1.103 E2.74751
G1 X46.749 Y1.622 E2.76688
G1 X46.486 Y2.099 E2.78628
G1 X46.133 Y2.513 E2.80566
G1 X45.703 Y2.847 E2.82506
G1 X45.214 Y3.089 E2.8445
G1 X44.686 Y3.227 E2.86394
G1 X44.14 Y3.255 E2.88342
G1 X43.599 Y3.171 E2.90292
G1 X43.086 Y2.979 E2.92243
G1 X42.373 Y2.436 E2.95436
G1 X42.449 Y2.039 E2.96876
G1 X42.236 Y1.773 E2.9809
G1 X42.026 Y1.259 E3.00068
G1 X41.93 Y.426 E3.03055
G1 X42.028 Y-.168 E3.052
G1 X42.225 Y-.604 E3.06904
G1 X42.486 Y-.936 E3.08408
G1 X42.098 Y-1.007 E3.09813
G1 X42.227 Y-1.188 E3.10605
G1 X42.598 Y-1.548 E3.12447
G1 X43.089 Y-1.862 E3.14523
G1 X43.602 Y-2.052 E3.16472
G1 X44.539 Y-2.118 E3.19818
G1 E1.19818 F2400
G92 E0
G1 X44.539 Y-2.118 F7800
G1 X39.133 Y-7.575
G1 E2 F2400
;TYPE:Perimeter
;WIDTH:0.45
G1 F3600
G1 X39.133 Y-6.071 E2.07234
G1 X39.133 Y49.568 E4.74838
G1 X21.127 Y49.568 E5.61441
G1 X21.128 Y48.98 E5.64269
G1 X21.221 Y48.586 E5.66216
G1 X21.408 Y48.307 E5.67831
G1 X21.78 Y48.056 E5.69989
G1 X22.106 Y47.991 E5.71588
G1 X28.592 Y47.973 E6.02784
G1 X29.619 Y47.846 E6.07761
G1 X30.503 Y47.626 E6.12142
G1 X31.611 Y47.189 E6.17871
G1 X32.511 Y46.678 E6.22849
G1 X33.238 Y46.143 E6.2719
G1 X33.816 Y45.613 E6.30962
G1 X34.339 Y45.028 E6.34736
G1 X34.803 Y44.395 E6.38511
G1 X35.212 Y43.699 E6.42394
G1 X35.673 Y42.641 E6.47945
G1 X35.9 Y41.868 E6.5182
G1 X36.077 Y40.847 E6.56804
G1 X36.125 Y39.993 E6.60918
G1 X36.125 Y-7.575 E8.89704
G1 X39.073 Y-7.575 E9.03883
G1 X39.073 Y-7.575 F7800
G1 X39.519 Y-7.961
G1 F3600
G1 X39.519 Y-6.071 E9.12973
G1 X39.519 Y49.953 E11.82429
G1 X20.741 Y49.953 E12.72745
G1 X20.742 Y49.026 E12.77204
G1 X20.805 Y48.584 E12.79351
G1 X20.966 Y48.249 E12.81139
G1 X21.24 Y47.931 E12.83158
G1 X21.618 Y47.704 E12.85279
G1 X22.077 Y47.606 E12.87536
G1 X28.545 Y47.59 E13.18645
G1 X29.572 Y47.464 E13.23622
G1 X30.364 Y47.266 E13.27548
G1 X31.421 Y46.853 E13.33006
G1 X32.321 Y46.343 E13.37981
G1 X32.979 Y45.857 E13.41915
G1 X33.53 Y45.354 E13.45503
G1 X34.03 Y44.798 E13.49099
G1 X34.472 Y44.197 E13.52687
G1 X34.86 Y43.542 E13.56349
G1 X35.304 Y42.53 E13.61664
G1 X35.52 Y41.802 E13.65316
G1 X35.697 Y40.781 E13.703
G1 X35.74 Y39.993 E13.74096
G1 X35.74 Y-7.961 E16.04738
G1 X39.459 Y-7.961 E16.22625
G1 X39.459 Y-7.961 F7800
G1 X39.904 Y-8.346
;TYPE:External perimeter
G1 F1800
G1 X39.904 Y-6.071 E16.33567
G1 X39.904 Y50.339 E19.0488
G1 X20.354 Y50.339 E19.98909
G1 X20.356 Y49.025 E20.05229
G1 X20.432 Y48.476 E20.07895
G1 X20.646 Y48.035 E20.10253
G1 X21 Y47.625 E20.12858
G1 X21.589 Y47.307 E20.16077
G1 X22.048 Y47.22 E20.18324
G1 X28.474 Y47.209 E20.49231
G1 X29.525 Y47.081 E20.54323
G1 X30.226 Y46.906 E20.57798
G1 X31.205 Y46.53 E20.62842
G1 X32.131 Y46.007 E20.67957
G1 X32.72 Y45.571 E20.71482
G1 X33.245 Y45.095 E20.7489
G1 X33.72 Y44.569 E20.78299
G1 X34.142 Y43.999 E20.8171
G1 X34.507 Y43.386 E20.85141
G1 X34.935 Y42.418 E20.90232
G1 X35.14 Y41.735 E20.93662
G1 X35.318 Y40.715 E20.98642
G1 X35.354 Y39.993 E21.02119
G1 X35.354 Y-8.346 E23.34613
G1 X39.844 Y-8.346 E23.56208
G1 X39.904 Y-7.951 F7800
G1 E21.56208 F2400
G92 E0
G1 X36.415 Y-7.286 F7800
G1 E2 F2400
;TYPE:Solid infill
G1 F1200
G1 X38.844 Y-7.286 E2.11683
G1 X38.844 Y39.662 E4.37487
G1 X38.707 Y39.662 E4.38146
G1 X36.078 Y42.291 E4.56028
G1 X36.154 Y42.049 E4.57248
G1 X36.361 Y40.903 E4.62849
G1 X36.415 Y39.991 E4.67243
G1 X36.415 Y-7.093 E6.93701
G1 X36.8 Y-6.9 E6.95772
G1 X38.458 Y-6.9 E7.03746
G1 X38.458 Y39.39 E9.26385
G1 X38.435 Y39.39 E9.26496
G1 X36.716 Y41.109 E9.38188
G1 X36.749 Y40.901 E9.39201
G1 X36.8 Y39.991 E9.43585
G1 X36.8 Y-6.708 E11.68191
G1 X37.186 Y-6.515 E11.70267
G1 X38.072 Y-6.515 E11.74528
G1 X38.072 Y39.206 E13.9443
G1 X37.181 Y40.098 E14.00494
G1 X37.186 Y-6.322 E16.23758
G1 X37.629 Y-6.071 E16.26207
;WIDTH:0.565383
G1 X37.629 Y39.023 E19.07989
G1 X37.629 Y39.023 F7800
G1 X38.844 Y40.071
;WIDTH:0.45
G1 F1200
G1 X35.777 Y43.138 E19.2885
G1 X35.629 Y43.4 E19.30297
;WIDTH:0.404381
G1 X35.558 Y43.381 E19.30609
G1 X35.577 Y43.452 E19.30921
G1 X35.618 Y43.441 E19.31101
G1 E17.31101 F2400
G92 E0
G1 X35.618 Y43.441 F7800
G1 X28.472 Y48.261
G1 E2 F2400
;WIDTH:0.45
G1 F1200
G1 X28.386 Y48.348 E2.00588
G1 X28.346 Y48.563 E2.0164
G1 X28.471 Y48.705 E2.0255
G1 X28.498 Y49.146 E2.04675
G1 X28.562 Y49.278 E2.05381
G1 X21.416 Y49.278 E2.39751
G1 X21.417 Y49.043 E2.40881
G1 X21.487 Y48.745 E2.42353
G1 X21.61 Y48.533 E2.43532
G1 X21.87 Y48.35 E2.45061
G1 X22.128 Y48.28 E2.46347
G1 X28.279 Y48.262 E2.75931
G1 X28.044 Y48.613 E2.77963
;WIDTH:0.379273
G1 X28.134 Y48.928 E2.7925
G1 X22.166 Y48.932 E3.02689
;WIDTH:0.370739
G1 X21.793 Y48.935 E3.04114
;WIDTH:0.36654
G1 X21.824 Y48.815 E3.04581
G1 X22.036 Y48.651 E3.05591
;WIDTH:0.370739
G1 X22.165 Y48.626 E3.06093
;WIDTH:0.379226
G1 X27.851 Y48.613 E3.28422
G1 X27.851 Y48.613 F7800
G1 X28.795 Y48.484
;WIDTH:0.45
G1 F1200
G1 X29.075 Y48.204 E3.30327
G1 X29.698 Y48.127 E3.33346
G1 X28.827 Y48.998 E3.3927
G1 X29.091 Y49.278 E3.41121
G1 X30.417 Y47.952 E3.5014
G1 X30.687 Y47.778 E3.51685
;WIDTH:0.404381
G1 X30.483 Y47.781 E3.5255
G1 X30.483 Y47.781 F7800
G1 X31.297 Y47.618
;WIDTH:0.45
G1 F1200
G1 X29.637 Y49.278 E3.63841
G1 X30.182 Y49.278 E3.66462
G1 X32.369 Y47.091 E3.81338
G1 X32.642 Y46.873 E3.83018
;WIDTH:0.404381
G1 X33.266 Y46.35 E3.86471
G1 X33.851 Y45.798 E3.89882
G1 X34.434 Y45.189 E3.93457
G1 X35.031 Y44.492 E3.97349
;WIDTH:0.45
G1 X35.241 Y44.219 E3.99006
G1 X38.844 Y40.617 E4.2351
;WIDTH:0.48846
G1 X38.913 Y40.582 E4.23919
;WIDTH:0.52692
G1 X38.983 Y40.547 E4.2437
;WIDTH:0.565381
G1 X39.053 Y40.513 E4.24856
G1 X38.992 Y40.529 E4.2525
G1 X38.948 Y40.485 E4.25639
G1 X38.964 Y40.424 E4.26033
G1 X39.025 Y40.408 E4.26427
G1 X39.069 Y40.452 E4.26816
;WIDTH:0.45
G1 X38.998 Y40.878 E4.28893
;WIDTH:0.404381
G1 X38.927 Y40.859 E4.29205
G1 X38.946 Y40.93 E4.29517
G1 X38.987 Y40.919 E4.29697
;WIDTH:0.45
G1 X38.844 Y41.162 E4.31053
G1 X30.727 Y49.278 E4.8626
G1 X31.273 Y49.278 E4.88886
G1 X38.844 Y41.707 E5.40383
G1 X38.844 Y42.253 E5.43009
G1 X31.818 Y49.278 E5.90796
G1 X32.363 Y49.278 E5.93417
G1 X38.844 Y42.798 E6.37497
G1 X38.844 Y43.343 E6.40118
G1 X32.909 Y49.278 E6.80487
G1 X33.454 Y49.278 E6.83108
G1 X38.844 Y43.889 E7.19767
G1 X38.844 Y44.434 E7.22388
G1 X33.999 Y49.278 E7.5534
G1 X34.545 Y49.278 E7.57966
G1 X38.844 Y44.979 E7.87207
G1 X38.844 Y45.525 E7.89833
G1 X35.09 Y49.278 E8.15364
G1 X35.635 Y49.278 E8.17985
G1 X38.844 Y46.07 E8.39809
G1 X38.844 Y46.615 E8.4243
G1 X36.181 Y49.278 E8.60543
G1 X36.726 Y49.278 E8.63164
G1 X38.844 Y47.161 E8.77567
G1 X38.844 Y49.278 E8.87749
G1 X37.271 Y49.278 E8.95315
G1 X38.707 Y47.843 E9.05079
G1 X38.707 Y47.843 F7800
G1 X38.448 Y48.801
;WIDTH:0.599797
G1 F1200
G1 X38.401 Y48.753 E9.05528
G1 X38.336 Y48.771 E9.05978
G1 X38.319 Y48.835 E9.0642
G1 X38.366 Y48.883 E9.06869
G1 X38.431 Y48.865 E9.07319
M106 S255
;LAYER_CHANGE
;Z:0.95
;HEIGHT:0.3
G1 Z.95 F7800
G1 E7.07319 F2400
G92 E0
G1 X38.431 Y48.865 F7800
G1 X43.258 Y36.016
G1 E2 F2400
;TYPE:Support material
;WIDTH:0.35
G1 F3600
G1 X44.037 Y35.652 E2.03063
G1 X44.536 Y35.599 E2.04851
G1 X44.604 Y35.256 E2.06097
G1 X45.332 Y35.479 E2.08809
G1 X45.709 Y35.739 E2.1044
G1 X46.003 Y36.062 E2.11996
G1 X46.382 Y36.899 E2.15269
G1 X46.382 Y37.805 E2.18497
G1 X46.013 Y38.629 E2.21713
G1 X45.715 Y38.952 E2.23279
G1 X45.324 Y39.22 E2.24968
G1 X44.596 Y39.437 E2.27674
G1 X44.261 Y39.431 E2.28868
G1 X43.468 Y39.199 E2.31811
G1 X43.044 Y38.99 E2.33495
G1 X42.81 Y38.764 E2.34654
G1 X42.428 Y38.165 E2.37185
G1 X42.3 Y37.755 E2.38715
G1 X42.296 Y36.961 E2.41544
G1 X42.434 Y36.516 E2.43204
G1 X42.819 Y35.913 E2.45753
G1 X43.028 Y35.742 E2.46715
G1 X43.901 Y35.326 E2.5016
G1 X44.562 Y35.247 E2.52532
G1 X44.562 Y35.247 F7800
G1 X45.066 Y34.99
G1 F3600
G1 X45.5 Y35.17 E2.54206
G1 X45.94 Y35.473 E2.56109
G1 X46.286 Y35.853 E2.5794
G1 X46.562 Y36.323 E2.59882
G1 X46.727 Y36.826 E2.61768
G1 X46.782 Y37.352 E2.63652
G1 X46.726 Y37.878 E2.65536
G1 X46.562 Y38.381 E2.67421
G1 X46.296 Y38.839 E2.69308
G1 X45.945 Y39.218 E2.71148
G1 X45.491 Y39.529 E2.73108
G1 X45.085 Y39.697 E2.74673
G1 X44.207 Y39.78 E2.77815
G1 X43.341 Y39.527 E2.81029
G1 X42.84 Y39.279 E2.8302
G1 X42.547 Y38.996 E2.84471
G1 X42.104 Y38.301 E2.87407
G1 X41.955 Y37.825 E2.89184
G1 X41.951 Y36.892 E2.92508
G1 X42.252 Y36.101 E2.95523
G1 X42.574 Y35.661 E2.97465
G1 X42.832 Y35.451 E2.9865
G1 X43.332 Y35.179 E3.00678
G1 X44.141 Y34.905 E3.03721
G1 X45.024 Y34.981 E3.06878
G1 E1.06878 F2400
G92 E0
G1 X45.024 Y34.981 F7800
G1 X43.146 Y-.676
G1 E2 F2400
G1 F3600
G1 X43.522 Y-.905 E2.01568
G1 X43.839 Y-1.219 E2.03158
G1 X44.298 Y-1.349 E2.04857
G1 X44.306 Y-1.699 E2.06104
G1 X45.094 Y-1.579 E2.08944
G1 X45.855 Y-1.119 E2.12112
G1 X46.391 Y-.355 E2.15437
G1 X46.58 Y.562 E2.18772
G1 X46.39 Y1.479 E2.22108
G1 X46.163 Y1.884 E2.23762
G1 X45.849 Y2.236 E2.25442
G1 X45.121 Y2.677 E2.28474
G1 X44.72 Y2.777 E2.29946
G1 X44.084 Y2.733 E2.32217
G1 X43.057 Y2.208 E2.36326
G1 X42.603 Y1.697 E2.38761
G1 X42.433 Y1.381 E2.40039
G1 X42.272 Y.569 E2.42988
G1 X42.306 Y.202 E2.44301
G1 X42.57 Y-.511 E2.4701
G1 X42.773 Y-.822 E2.48333
G1 X43.287 Y-1.176 E2.50556
G1 X43.427 Y-1.365 E2.51394
G1 X43.918 Y-1.64 E2.53399
G1 X44.263 Y-1.7 E2.54646
G1 X44.263 Y-1.7 F7800
G1 X44.616 Y-2.042
G1 F3600
G1 X45.211 Y-1.91 E2.56817
G1 X45.655 Y-1.704 E2.58561
G1 X46.094 Y-1.377 E2.60511
G1 X46.444 Y-.975 E2.6241
G1 X46.714 Y-.494 E2.64375
G1 X46.877 Y.023 E2.66306
G1 X46.932 Y.562 E2.68236
G1 X46.876 Y1.101 E2.70166
G1 X46.713 Y1.618 E2.72097
G1 X46.449 Y2.089 E2.7402
G1 X46.086 Y2.497 E2.75965
G1 X45.238 Y3.008 E2.79492
G1 X44.331 Y3.141 E2.82758
G1 X43.653 Y2.935 E2.85282
G1 X42.854 Y2.498 E2.88526
G1 X42.559 Y2.216 E2.8998
G1 X42.109 Y1.517 E2.92942
G1 X41.92 Y.57 E2.96382
G1 X42.084 Y-.299 E2.99532
G1 X42.524 Y-1.069 E3.02691
G1 X43.497 Y-1.832 E3.07096
G1 X43.811 Y-1.976 E3.08327
G1 X44.573 Y-2.043 E3.11052
G1 E1.11052 F2400
G92 E0
G1 X44.573 Y-2.043 F7800
G1 X39.133 Y-7.575
G1 E2 F2400
;TYPE:Perimeter
;WIDTH:0.45
G1 F3600
G1 X39.133 Y-6.071 E2.07234
G1 X39.133 Y49.568 E4.74838
G1 X21.127 Y49.568 E5.61441
G1 X21.128 Y48.98 E5.64269
G1 X21.221 Y48.586 E5.66216
G1 X21.408 Y48.307 E5.67831
G1 X21.78 Y48.056 E5.69989
G1 X22.106 Y47.991 E5.71588
G1 X28.592 Y47.973 E6.02784
G1 X29.619 Y47.846 E6.07761
G1 X30.494 Y47.628 E6.12098
G1 X31.611 Y47.189 E6.1787
G1 X32.511 Y46.678 E6.22848
G1 X33.238 Y46.143 E6.27189
G1 X33.816 Y45.613 E6.30961
G1 X34.339 Y45.028 E6.34735
G1 X34.814 Y44.376 E6.38615
G1 X35.315 Y43.495 E6.4349
G1 X35.673 Y42.642 E6.47939
G1 X35.9 Y41.868 E6.51818
G1 X36.077 Y40.847 E6.56802
G1 X36.125 Y39.993 E6.60916
G1 X36.125 Y-7.575 E8.89702
G1 X39.073 Y-7.575 E9.03881
G1 X39.073 Y-7.575 F7800
G1 X39.519 Y-7.961
G1 F3600
G1 X39.519 Y-6.071 E9.12971
G1 X39.519 Y49.953 E11.82427
G1 X20.741 Y49.953 E12.72743
G1 X20.742 Y49.026 E12.77202
G1 X20.805 Y48.584 E12.79349
G1 X20.966 Y48.249 E12.81137
G1 X21.24 Y47.931 E12.83156
G1 X21.618 Y47.704 E12.85277
G1 X22.077 Y47.606 E12.87534
G1 X28.545 Y47.59 E13.18643
G1 X29.572 Y47.464 E13.2362
G1 X30.356 Y47.268 E13.27507
G1 X31.421 Y46.853 E13.33004
G1 X32.321 Y46.343 E13.37979
G1 X32.979 Y45.857 E13.41913
G1 X33.53 Y45.354 E13.45501
G1 X34.03 Y44.798 E13.49097
G1 X34.479 Y44.185 E13.52752
G1 X34.979 Y43.305 E13.5762
G1 X35.304 Y42.53 E13.61662
G1 X35.52 Y41.802 E13.65314
G1 X35.697 Y40.781 E13.70298
G1 X35.74 Y39.993 E13.74094
G1 X35.74 Y-7.961 E16.04736
G1 X39.459 Y-7.961 E16.22623
G1 X39.459 Y-7.961 F7800
G1 X39.904 Y-8.346
;TYPE:External perimeter
G1 F1800
G1 X39.904 Y-6.071 E16.33565
G1 X39.904 Y50.339 E19.04878
G1 X20.354 Y50.339 E19.98907
G1 X20.356 Y49.025 E20.05227
G1 X20.432 Y48.476 E20.07893
G1 X20.646 Y48.035 E20.10251
G1 X21 Y47.625 E20.12856
G1 X21.457 Y47.351 E20.15419
G1 X22.048 Y47.22 E20.1833
G1 X28.474 Y47.209 E20.49237
G1 X29.525 Y47.081 E20.54329
G1 X30.218 Y46.908 E20.57764
G1 X31.204 Y46.53 E20.62843
G1 X32.131 Y46.007 E20.67962
G1 X32.72 Y45.571 E20.71487
G1 X33.245 Y45.095 E20.74895
G1 X33.72 Y44.569 E20.78304
G1 X34.144 Y43.995 E20.81736
G1 X34.644 Y43.114 E20.86608
G1 X34.935 Y42.418 E20.90236
G1 X35.14 Y41.735 E20.93666
G1 X35.317 Y40.715 E20.98645
G1 X35.354 Y39.993 E21.02122
G1 X35.354 Y-8.346 E23.34616
G1 X39.844 Y-8.346 E23.56211
G1 X39.904 Y-7.951 F7800
G1 E21.56211 F2400
G92 E0
G1 X21.417 Y49.043 F7800
G1 E2 F2400
;TYPE:Solid infill
G1 F1200
G1 X21.487 Y48.745 E2.01472
G1 X21.61 Y48.532 E2.02655
G1 X21.868 Y48.351 E2.04171
G1 X22.128 Y48.28 E2.05467
G1 X28.61 Y48.261 E2.36643
G1 X29.729 Y48.121 E2.42067
G1 X30.47 Y47.938 E2.45738
G1 X31.734 Y47.449 E2.52256
G1 X32.667 Y46.921 E2.57412
G1 X33.09 Y46.614 E2.59926
G1 X35.755 Y49.278 E2.7805
G1 X21.416 Y49.278 E3.47016
G1 X21.417 Y49.236 E3.47218
G1 X21.793 Y48.935 E3.49535
;WIDTH:0.366388
G1 X21.824 Y48.815 E3.50002
G1 X22.035 Y48.652 E3.51006
;WIDTH:0.370743
G1 X22.166 Y48.626 E3.51516
;WIDTH:0.380361
G1 X28.611 Y48.612 E3.76916
;WIDTH:0.383067
G1 X28.677 Y48.609 E3.77179
;WIDTH:0.41668
G1 X29.216 Y48.559 E3.79558
;WIDTH:0.450294
G1 X29.755 Y48.508 E3.82164
;WIDTH:0.45274
G1 X30.609 Y48.298 E3.86424
;WIDTH:0.45
G1 X31.949 Y47.772 E3.93348
G1 X32.552 Y47.431 E3.9668
G1 X33.051 Y47.119 E3.99511
G1 X34.824 Y48.893 E4.11574
G1 X30.607 Y48.893 E4.31856
;WIDTH:0.450294
G1 X29.238 Y48.91 E4.38446
;WIDTH:0.41668
G1 X28.696 Y48.926 E4.40829
;WIDTH:0.383067
G1 X28.611 Y48.928 E4.41167
;WIDTH:0.380361
G1 X22.166 Y48.932 E4.66567
;WIDTH:0.370743
G1 X21.985 Y48.934 E4.67259
G1 E2.67259 F2400
G92 E0
G1 X21.985 Y48.934 F7800
G1 X31.136 Y48.507
G1 E2 F2400
;WIDTH:0.45
G1 F1200
G1 X32.139 Y48.108 E2.05192
G1 X33.004 Y47.618 E2.09973
G1 X33.893 Y48.507 E2.1602
G1 X31.329 Y48.507 E2.28352
G1 X31.329 Y48.507 F7800
G1 X32.924 Y48.062
;WIDTH:0.470807
G1 F1200
G1 X32.888 Y48.098 E2.2861
G1 X32.901 Y48.147 E2.28867
G1 X32.95 Y48.16 E2.29124
G1 X32.986 Y48.124 E2.29382
G1 X32.973 Y48.075 E2.29639
G1 X32.973 Y48.075 F7800
G1 X33.401 Y46.379
;WIDTH:0.45
G1 F1200
G1 X36.3 Y49.278 E2.49358
G1 X36.846 Y49.278 E2.51984
G1 X33.689 Y46.121 E2.73458
G1 X33.974 Y45.861 E2.75313
G1 X37.391 Y49.278 E2.98555
G1 X37.936 Y49.278 E3.01176
G1 X34.235 Y45.577 E3.2635
G1 X34.495 Y45.292 E3.28205
G1 X38.482 Y49.278 E3.55321
G1 X38.964 Y49.339 E3.57658
;WIDTH:0.404381
G1 X38.975 Y49.38 E3.57838
G1 X38.904 Y49.399 E3.5815
G1 X38.923 Y49.328 E3.58462
;WIDTH:0.45
G1 X38.844 Y49.095 E3.59645
G1 X34.729 Y44.981 E3.87631
G1 X34.959 Y44.665 E3.89511
G1 X38.844 Y48.55 E4.15936
G1 X38.844 Y48.004 E4.18562
G1 X35.172 Y44.332 E4.43538
G1 X35.369 Y43.985 E4.45457
G1 X38.844 Y47.459 E4.6909
G1 X38.844 Y46.914 E4.71711
G1 X35.567 Y43.637 E4.94001
G1 X35.731 Y43.255 E4.96
G1 X38.844 Y46.368 E5.17174
G1 X38.844 Y45.823 E5.19795
G1 X35.894 Y42.874 E5.39857
G1 X36.027 Y42.461 E5.41944
G1 X38.844 Y45.278 E5.61105
G1 X38.844 Y44.732 E5.63731
G1 X36.155 Y42.043 E5.82021
G1 X36.155 Y42.043 F7800
G1 X36.404 Y40.183
G1 F1200
G1 X36.364 Y40.879 E5.85374
G1 X36.229 Y41.634 E5.89063
G1 X36.291 Y41.634 E5.89361
G1 X38.844 Y44.187 E6.06726
G1 X38.844 Y-7.286 E8.54293
G1 X36.415 Y-7.286 E8.65976
G1 X36.415 Y39.991 E10.93362
G1 X36.8 Y39.991 E10.95214
G1 X36.8 Y-6.9 E13.20743
G1 X38.458 Y-6.9 E13.28717
G1 X38.458 Y43.256 E15.6995
G1 X36.654 Y41.452 E15.82221
G1 X36.749 Y40.901 E15.8491
G1 X36.789 Y40.183 E15.88369
G1 X37.175 Y40.183 E15.90226
G1 X37.134 Y40.924 E15.93795
G1 X37.069 Y41.322 E15.95735
G1 X38.072 Y42.325 E16.02557
G1 X38.072 Y-6.515 E18.3746
G1 X37.186 Y-6.515 E18.41721
G1 X37.186 Y39.991 E20.65399
G1 X37.186 Y39.991 F7800
G1 X37.589 Y41.159
;WIDTH:0.644846
G1 F1200
G1 X37.609 Y40.615 E20.6934
;WIDTH:0.606271
G1 X37.628 Y40.071 E20.73019
;WIDTH:0.567695
G1 X37.629 Y39.991 E20.73521
;WIDTH:0.565383
G1 X37.629 Y-6.071 E23.61352
;LAYER_CHANGE
;Z:1.25
;HEIGHT:0.3
G1 Z1.25 F7800
G1 E21.61352 F2400
G92 E0
G1 X37.629 Y-6.071 F7800
G1 X43.07 Y36.211
G1 E2 F2400
;TYPE:Support material
;WIDTH:0.35
G1 F3600
G1 X43.445 Y35.876 E2.01791
G1 X44.297 Y35.715 E2.0488
G1 X44.331 Y35.367 E2.06126
G1 X45.206 Y35.549 E2.0931
G1 X45.582 Y35.785 E2.10891
G1 X45.903 Y36.111 E2.12521
G1 X46.279 Y36.911 E2.1567
G1 X46.278 Y37.793 E2.18812
G1 X45.898 Y38.59 E2.21957
G1 X45.575 Y38.916 E2.23592
G1 X45.096 Y39.185 E2.25549
G1 X44.273 Y39.345 E2.28536
G1 X43.424 Y39.21 E2.31598
G1 X42.894 Y38.816 E2.33951
G1 X42.659 Y38.545 E2.35229
G1 X42.337 Y37.925 E2.37718
G1 X42.259 Y37.174 E2.40408
G1 X42.355 Y36.735 E2.42009
G1 X42.829 Y35.95 E2.45276
G1 X43.312 Y35.551 E2.47508
G1 X43.8 Y35.405 E2.49323
G1 X44.289 Y35.363 E2.51071
G1 X44.289 Y35.363 F7800
G1 X44.352 Y35.017
G1 F3600
G1 X45.191 Y35.163 E2.54105
G1 X45.808 Y35.516 E2.56637
G1 X46.18 Y35.894 E2.58526
G1 X46.454 Y36.34 E2.60391
G1 X46.623 Y36.834 E2.62251
G1 X46.68 Y37.353 E2.64111
G1 X46.622 Y37.871 E2.65968
G1 X46.451 Y38.364 E2.67827
G1 X46.175 Y38.809 E2.69692
G1 X45.801 Y39.185 E2.71581
G1 X45.224 Y39.513 E2.73945
G1 X44.284 Y39.696 E2.77357
G1 X43.298 Y39.538 E2.80914
G1 X42.648 Y39.067 E2.83774
G1 X42.162 Y38.413 E2.86677
G1 X42.001 Y38.03 E2.88157
G1 X41.909 Y37.137 E2.91355
G1 X42.019 Y36.63 E2.93203
G1 X42.261 Y36.119 E2.95217
G1 X42.845 Y35.45 E2.98381
G1 X43.18 Y35.225 E2.99819
G1 X43.735 Y35.06 E3.01882
G1 X44.31 Y35.013 E3.03937
G1 E1.03937 F2400
G92 E0
G1 X44.31 Y35.013 F7800
G1 X43.27 Y-.758
G1 E2 F2400
G1 F3600
G1 X43.466 Y-.911 E2.00886
G1 X44.024 Y-1.118 E2.03006
G1 X44.537 Y-1.205 E2.0486
G1 X44.571 Y-1.554 E2.06109
G1 X45.356 Y-1.338 E2.09009
G1 X45.741 Y-1.072 E2.10676
G1 X46.05 Y-.736 E2.12302
G1 X46.43 Y.104 E2.15586
G1 X46.428 Y1.019 E2.18846
G1 X46.044 Y1.858 E2.22133
G1 X45.581 Y2.302 E2.24418
G1 X45.258 Y2.489 E2.25748
G1 X44.569 Y2.634 E2.28256
G1 X43.478 Y2.439 E2.32204
G1 X42.908 Y2.048 E2.34666
G1 X42.656 Y1.76 E2.36029
G1 X42.343 Y1.139 E2.38506
G1 X42.277 Y.396 E2.41163
G1 X42.374 Y-.036 E2.4274
G1 X42.574 Y-.461 E2.44413
G1 X42.942 Y-.937 E2.46556
G1 X43.331 Y-1.236 E2.48304
G1 X44.121 Y-1.52 E2.51295
G1 X44.529 Y-1.558 E2.52755
G1 X44.529 Y-1.558 F7800
G1 X44.89 Y-1.874
G1 F3600
G1 X45.745 Y-1.506 E2.56071
G1 X46.335 Y-.943 E2.58976
G1 X46.608 Y-.478 E2.60897
G1 X46.774 Y.031 E2.62804
G1 X46.83 Y.563 E2.6471
G1 X46.772 Y1.094 E2.66613
G1 X46.603 Y1.602 E2.6852
G1 X46.328 Y2.066 E2.70441
G1 X45.959 Y2.457 E2.72356
G1 X45.507 Y2.759 E2.74293
G1 X44.995 Y2.943 E2.76231
G1 X44.569 Y2.985 E2.77756
G1 X43.358 Y2.769 E2.82138
G1 X42.665 Y2.302 E2.85115
G1 X42.16 Y1.623 E2.8813
G1 X41.923 Y.816 E2.91126
G1 X41.927 Y.355 E2.92768
G1 X42.04 Y-.143 E2.94587
G1 X42.279 Y-.651 E2.96587
G1 X42.687 Y-1.178 E2.98961
G1 X43.016 Y-1.464 E3.00514
G1 X44.048 Y-1.865 E3.04458
G1 X44.848 Y-1.879 E3.07308
G1 E1.07308 F2400
G92 E0
G1 X44.848 Y-1.879 F7800
G1 X39.133 Y-7.575
G1 E2 F2400
;TYPE:Perimeter
;WIDTH:0.45
G1 F3600
G1 X39.133 Y-6.071 E2.07234
G1 X39.133 Y49.568 E4.74838
G1 X21.127 Y49.568 E5.61441
G1 X21.136 Y48.935 E5.64486
G1 X21.25 Y48.516 E5.66575
G1 X21.458 Y48.252 E5.68192
G1 X21.752 Y48.078 E5.69835
G1 X22.116 Y47.991 E5.71635
G1 X28.13 Y47.989 E6.0056
G1 X28.96 Y47.945 E6.04558
G1 X29.735 Y47.825 E6.0833
G1 X30.496 Y47.63 E6.12108
G1 X31.232 Y47.361 E6.15877
G1 X31.94 Y47.021 E6.19655
G1 X32.629 Y46.6 E6.23539
G1 X33.536 Y45.883 E6.291
G1 X34.276 Y45.095 E6.34299
G1 X34.592 Y44.698 E6.36739
G1 X35.212 Y43.699 E6.42394
G1 X35.673 Y42.641 E6.47945
G1 X35.897 Y41.886 E6.51733
G1 X36.049 Y41.088 E6.5564
G1 X36.125 Y39.993 E6.60919
G1 X36.125 Y-7.575 E8.89705
G1 X39.073 Y-7.575 E9.03884
G1 X39.073 Y-7.575 F7800
G1 X39.519 Y-7.961
G1 F3600
G1 X39.519 Y-6.071 E9.12974
G1 X39.519 Y49.953 E11.8243
G1 X20.741 Y49.953 E12.72746
G1 X20.742 Y49.026 E12.77205
G1 X20.805 Y48.584 E12.79352
G1 X21.011 Y48.172 E12.81567
G1 X21.288 Y47.898 E12.83441
G1 X21.727 Y47.667 E12.85827
G1 X22.083 Y47.606 E12.87564
G1 X28.13 Y47.603 E13.16648
G1 X28.903 Y47.563 E13.20371
G1 X29.641 Y47.451 E13.23961
G1 X30.366 Y47.266 E13.2756
G1 X31.068 Y47.012 E13.31151
G1 X31.742 Y46.691 E13.34742
G1 X32.392 Y46.296 E13.384
G1 X33.208 Y45.659 E13.43379
G1 X33.807 Y45.059 E13.47457
G1 X34.266 Y44.491 E13.50969
G1 X34.82 Y43.617 E13.55946
G1 X35.304 Y42.53 E13.61669
G1 X35.518 Y41.812 E13.65272
G1 X35.665 Y41.05 E13.69005
G1 X35.74 Y39.993 E13.74102
G1 X35.74 Y-7.961 E16.04744
G1 X39.459 Y-7.961 E16.22631
G1 X39.459 Y-7.961 F7800
G1 X39.904 Y-8.346
;TYPE:External perimeter
G1 F1800
G1 X39.904 Y-6.071 E16.33573
G1 X39.904 Y50.339 E19.04886
G1 X20.354 Y50.339 E19.98915
G1 X20.356 Y49.025 E20.05235
G1 X20.405 Y48.634 E20.0713
G1 X20.562 Y48.161 E20.09527
G1 X20.837 Y47.789 E20.11752
G1 X21.216 Y47.472 E20.14128
G1 X21.614 Y47.296 E20.16221
G1 X22.049 Y47.22 E20.18345
G1 X28.13 Y47.218 E20.47592
G1 X28.847 Y47.182 E20.51045
G1 X29.548 Y47.077 E20.54454
G1 X30.236 Y46.903 E20.57867
G1 X30.903 Y46.664 E20.61275
G1 X31.543 Y46.36 E20.64683
G1 X32.154 Y45.992 E20.68114
G1 X32.97 Y45.355 E20.73093
G1 X33.509 Y44.814 E20.76766
G1 X33.94 Y44.285 E20.80048
G1 X34.494 Y43.411 E20.85025
G1 X34.935 Y42.418 E20.90251
G1 X35.14 Y41.738 E20.93667
G1 X35.281 Y41.013 E20.97219
G1 X35.354 Y39.993 E21.02137
G1 X35.354 Y-8.346 E23.34631
G1 X39.844 Y-8.346 E23.56226
G1 X39.904 Y-7.951 F7800
G1 E21.56226 F2400
G92 E0
G1 X38.844 Y-6.109 F7800
G1 E2 F2400
;TYPE:Internal infill
;WIDTH:0.45
G1 F4800
G1 X38.844 Y-7.286 E2.05661
G1 X37.707 Y-7.286 E2.1113
G1 X36.415 Y-2.461 E2.35154
G1 X36.415 Y-1.647 E2.39069
G1 X38.844 Y-2.298 E2.51164
G1 X38.844 Y-3.01 E2.54588
G1 X36.415 Y-5.439 E2.7111
G1 X36.415 Y-7.286 E2.79993
G1 X36.882 Y-7.286 E2.82239
G1 E.82239 F2400
G92 E0
G1 X36.882 Y-7.286 F7800
G1 X36.415 Y.427
G1 E2 F2400
G1 F4800
G1 X36.415 Y2.741 E2.1113
G1 X38.844 Y5.17 E2.27652
G1 X38.844 Y3.69 E2.3477
G1 X36.415 Y4.341 E2.46865
G1 X36.415 Y6.655 E2.57995
G1 E.57995 F2400
G92 E0
G1 X36.415 Y6.655 F7800
G1 X36.415 Y14.004
G1 E2 F2400
G1 F4800
G1 X36.415 Y16.318 E2.1113
G1 X38.844 Y15.667 E2.23225
G1 X38.844 Y13.35 E2.34369
G1 X36.415 Y10.921 E2.50891
G1 X36.415 Y10.33 E2.53734
G1 X38.844 Y9.679 E2.65829
G1 X38.844 Y10.822 E2.71326
G1 X36.415 Y19.887 E3.16464
G1 X36.415 Y22.306 E3.28099
G1 X38.844 Y21.655 E3.40194
G1 X38.844 Y21.531 E3.4079
G1 X36.415 Y19.101 E3.57315
G1 E1.57315 F2400
G92 E0
G1 X36.415 Y19.101 F7800
G1 X38.844 Y25.33
G1 E2 F2400
G1 F4800
G1 X38.844 Y27.644 E2.1113
G1 X36.415 Y28.295 E2.23225
G1 X36.415 Y27.282 E2.28097
G1 X38.844 Y29.711 E2.44619
G1 X38.844 Y33.171 E2.6126
G1 X34.528 Y49.278 E3.41462
G1 X33.871 Y49.278 E3.44622
G1 X31.939 Y47.347 E3.5776
G1 E1.5776 F2400
G92 E0
G1 X31.939 Y47.347 F7800
G1 X34.683 Y45.053
G1 E2 F2400
G1 F4800
G1 X35.474 Y43.822 E2.07038
G1 X35.818 Y43.046 E2.11121
G1 X38.844 Y46.071 E2.317
G1 X38.844 Y45.609 E2.33922
G1 X31.367 Y47.612 E2.71152
G1 X30.479 Y47.937 E2.757
G1 X29.352 Y48.176 E2.81241
G1 X30.853 Y49.278 F7800
G1 F4800
G1 X28.539 Y49.278 E2.92371
G1 X28.816 Y48.246 E2.9751
G1 X29.161 Y48.203 E2.99182
G1 X25.148 Y49.278 E3.19164
G1 X22.551 Y49.278 E3.31655
G1 X22.818 Y48.28 E3.36624
G1 X24.691 Y48.279 E3.45632
G1 X25.69 Y49.278 E3.52427
G1 E1.52427 F2400
G92 E0
G1 X25.69 Y49.278 F7800
G1 X36.415 Y37.96
G1 E2 F2400
G1 F4800
G1 X36.406 Y40.274 E2.1113
G1 X38.844 Y39.62 E2.23271
G1 X38.844 Y37.891 E2.31587
G1 X36.415 Y35.462 E2.48109
G1 X36.415 Y34.283 E2.5378
G1 X38.844 Y33.632 E2.65875
;LAYER_CHANGE
;Z:1.55
;HEIGHT:0.3
G1 Z1.55 F7800
G1 E.65875 F2400
G92 E0
G1 X38.844 Y33.632 F7800
G1 X43.01 Y36.34
G1 E2 F2400
;TYPE:Support material
;WIDTH:0.35
G1 F3600
G1 X43.375 Y36.003 E2.0177
G1 X43.75 Y35.791 E2.03305
G1 X44.188 Y35.75 E2.04872
G1 X44.229 Y35.402 E2.0612
G1 X45.071 Y35.602 E2.09203
G1 X45.753 Y36.113 E2.12239
G1 X46.016 Y36.514 E2.13947
G1 X46.208 Y37.353 E2.17013
G1 X46.014 Y38.187 E2.20063
G1 X45.455 Y38.865 E2.23193
G1 X44.623 Y39.265 E2.26482
G1 X43.88 Y39.309 E2.29134
G1 X43.515 Y39.173 E2.30522
G1 X42.957 Y38.816 E2.32882
G1 X42.724 Y38.595 E2.34026
G1 X42.371 Y38.026 E2.36411
G1 X42.273 Y37.698 E2.37631
G1 X42.263 Y37.083 E2.39822
G1 X42.444 Y36.541 E2.41858
G1 X42.677 Y36.185 E2.43374
G1 X43.427 Y35.561 E2.4685
G1 X43.651 Y35.449 E2.47742
G1 X44.187 Y35.397 E2.4966
G1 X44.187 Y35.397 F7800
G1 X44.706 Y35.106
G1 F3600
G1 X45.221 Y35.284 E2.51601
G1 X45.68 Y35.563 E2.53515
G1 X46.052 Y35.92 E2.55352
G1 X46.332 Y36.359 E2.57207
G1 X46.503 Y36.844 E2.59039
G1 X46.561 Y37.354 E2.60868
G1 X46.502 Y37.863 E2.62693
G1 X46.329 Y38.346 E2.64521
G1 X46.009 Y38.823 E2.66567
G1 X45.67 Y39.144 E2.6823
G1 X45.214 Y39.427 E2.70142
G1 X44.705 Y39.608 E2.72066
G1 X43.817 Y39.655 E2.75234
G1 X42.931 Y39.243 E2.78715
G1 X42.461 Y38.828 E2.80949
G1 X42.225 Y38.509 E2.82363
G1 X41.927 Y37.764 E2.85221
G1 X41.916 Y37.032 E2.87829
G1 X42.135 Y36.375 E2.90296
G1 X42.4 Y35.969 E2.92023
G1 X42.964 Y35.434 E2.94792
G1 X43.552 Y35.107 E2.97189
G1 X44.19 Y35.045 E2.99473
G1 X44.663 Y35.101 E3.0117
G1 E1.0117 F2400
G92 E0
G1 X44.663 Y35.101 F7800
G1 X43.305 Y-.691
G1 E2 F2400
G1 F3600
G1 X43.758 Y-.997 E2.01947
G1 X44.581 Y-1.064 E2.04889
G1 X44.616 Y-1.413 E2.06139
G1 X45.269 Y-1.245 E2.08541
G1 X45.626 Y-1.021 E2.10042
G1 X45.939 Y-.698 E2.11644
G1 X46.317 Y.115 E2.14838
G1 X46.315 Y1.011 E2.1803
G1 X46.166 Y1.445 E2.19665
G1 X45.936 Y1.814 E2.21214
G1 X45.313 Y2.31 E2.24051
G1 X44.973 Y2.436 E2.25343
G1 X44.143 Y2.543 E2.28324
G1 X43.683 Y2.461 E2.29989
G1 X43.202 Y2.226 E2.31896
G1 X42.712 Y1.805 E2.34197
G1 X42.463 Y1.436 E2.35783
G1 X42.284 Y.915 E2.37745
G1 X42.287 Y.301 E2.39932
G1 X42.38 Y-.027 E2.41147
G1 X42.936 Y-.834 E2.44638
G1 X43.655 Y-1.34 E2.4777
G1 X44.573 Y-1.417 E2.51052
G1 X44.573 Y-1.417 F7800
G1 X44.821 Y-1.744
G1 F3600
G1 X45.421 Y-1.563 E2.53285
G1 X45.848 Y-1.295 E2.55081
G1 X46.218 Y-.913 E2.56976
G1 X46.492 Y-.46 E2.58862
G1 X46.661 Y.04 E2.60742
G1 X46.717 Y.564 E2.62619
G1 X46.659 Y1.088 E2.64497
G1 X46.438 Y1.675 E2.66731
G1 X46.21 Y2.035 E2.68249
G1 X45.826 Y2.412 E2.70166
G1 X45.067 Y2.775 E2.73163
G1 X43.888 Y2.878 E2.77379
G1 X43.019 Y2.526 E2.80719
G1 X42.442 Y2.03 E2.8343
G1 X42.155 Y1.606 E2.85254
G1 X41.971 Y1.129 E2.87075
G1 X41.941 Y.239 E2.90247
G1 X42.224 Y-.506 E2.93086
G1 X42.486 Y-.873 E2.94692
G1 X42.981 Y-1.338 E2.97111
G1 X43.588 Y-1.685 E2.99602
G1 X44.779 Y-1.748 E3.03851
G1 E1.03851 F2400
G92 E0
G1 X44.779 Y-1.748 F7800
G1 X39.133 Y-7.575
G1 E2 F2400
;TYPE:Perimeter
;WIDTH:0.45
G1 F3600
G1 X39.133 Y-6.071 E2.07234
G1 X39.133 Y49.568 E4.74838
G1 X21.127 Y49.568 E5.61441
G1 X21.128 Y48.98 E5.64269
G1 X21.249 Y48.518 E5.66566
G1 X21.458 Y48.252 E5.68193
G1 X21.752 Y48.078 E5.69836
G1 X22.116 Y47.991 E5.71636
G1 X28.13 Y47.989 E6.00561
G1 X28.96 Y47.945 E6.04559
G1 X29.735 Y47.825 E6.08331
G1 X30.496 Y47.63 E6.12109
G1 X31.232 Y47.361 E6.15878
G1 X31.939 Y47.022 E6.19649
G1 X32.594 Y46.623 E6.23338
G1 X33.536 Y45.882 E6.29102
G1 X34.275 Y45.095 E6.34294
G1 X34.592 Y44.698 E6.36737
G1 X35.212 Y43.699 E6.42392
G1 X35.673 Y42.641 E6.47943
G1 X35.897 Y41.886 E6.51731
G1 X36.05 Y41.079 E6.55682
G1 X36.125 Y39.993 E6.60918
G1 X36.125 Y-7.575 E8.89704
G1 X39.073 Y-7.575 E9.03883
G1 X39.073 Y-7.575 F7800
G1 X39.519 Y-7.961
G1 F3600
G1 X39.519 Y-6.071 E9.12973
G1 X39.519 Y49.953 E11.82429
G1 X20.741 Y49.953 E12.72745
G1 X20.742 Y49.026 E12.77204
G1 X20.805 Y48.583 E12.79356
G1 X21.011 Y48.171 E12.81571
G1 X21.288 Y47.898 E12.83442
G1 X21.727 Y47.667 E12.85828
G1 X22.083 Y47.606 E12.87565
G1 X28.13 Y47.603 E13.16649
G1 X28.903 Y47.563 E13.20372
G1 X29.641 Y47.451 E13.23962
G1 X30.366 Y47.266 E13.27561
G1 X31.068 Y47.012 E13.31152
G1 X31.741 Y46.691 E13.34738
G1 X32.357 Y46.318 E13.38202
G1 X33.206 Y45.66 E13.43368
G1 X33.813 Y45.052 E13.475
G1 X34.266 Y44.491 E13.50968
G1 X34.82 Y43.617 E13.55945
G1 X35.304 Y42.53 E13.61668
G1 X35.518 Y41.812 E13.65271
G1 X35.666 Y41.042 E13.69042
G1 X35.74 Y39.993 E13.741
G1 X35.74 Y-7.961 E16.04742
G1 X39.459 Y-7.961 E16.22629
G1 X39.459 Y-7.961 F7800
G1 X39.904 Y-8.346
;TYPE:External perimeter
G1 F1800
G1 X39.904 Y-6.071 E16.33571
G1 X39.904 Y50.339 E19.04884
G1 X20.354 Y50.339 E19.98913
G1 X20.356 Y49.025 E20.05233
G1 X20.405 Y48.634 E20.07128
G1 X20.561 Y48.163 E20.09514
G1 X20.837 Y47.789 E20.1175
G1 X21.216 Y47.472 E20.14126
G1 X21.614 Y47.296 E20.16219
G1 X22.049 Y47.22 E20.18343
G1 X28.13 Y47.218 E20.4759
G1 X28.847 Y47.182 E20.51043
G1 X29.548 Y47.077 E20.54452
G1 X30.236 Y46.903 E20.57865
G1 X30.903 Y46.664 E20.61273
G1 X31.543 Y46.36 E20.64681
G1 X32.121 Y46.013 E20.67923
G1 X32.97 Y45.355 E20.73089
G1 X33.514 Y44.808 E20.76799
G1 X33.94 Y44.285 E20.80043
G1 X34.494 Y43.411 E20.8502
G1 X34.935 Y42.418 E20.90246
G1 X35.14 Y41.738 E20.93662
G1 X35.282 Y41.005 E20.97253
G1 X35.354 Y39.993 E21.02133
G1 X35.354 Y-8.346 E23.34627
G1 X39.844 Y-8.346 E23.56222
G1 X39.904 Y-7.951 F7800
G1 E21.56222 F2400
G92 E0
G1 X38.844 Y-6.109 F7800
G1 E2 F2400
;TYPE:Internal infill
;WIDTH:0.45
G1 F4800
G1 X38.844 Y-7.286 E2.05661
G1 X37.707 Y-7.286 E2.1113
G1 X36.415 Y-2.461 E2.35154
G1 X36.415 Y-1.647 E2.39069
G1 X38.844 Y-2.298 E2.51164
G1 X38.844 Y-3.01 E2.54588
G1 X36.415 Y-5.439 E2.7111
G1 X36.415 Y-7.286 E2.79993
G1 X36.882 Y-7.286 E2.82239
G1 E.82239 F2400
G92 E0
G1 X36.882 Y-7.286 F7800
G1 X36.415 Y.427
G1 E2 F2400
G1 F4800
G1 X36.415 Y2.741 E2.1113
G1 X38.844 Y5.17 E2.27652
G1 X38.844 Y3.69 E2.3477
G1 X36.415 Y4.341 E2.46865
G1 X36.415 Y6.655 E2.57995
G1 E.57995 F2400
G92 E0
G1 X36.415 Y6.655 F7800
G1 X36.415 Y14.004
G1 E2 F2400
G1 F4800
G1 X36.415 Y16.318 E2.1113
G1 X38.844 Y15.667 E2.23225
G1 X38.844 Y13.35 E2.34369
G1 X36.415 Y10.921 E2.50891
G1 X36.415 Y10.33 E2.53734
G1 X38.844 Y9.679 E2.65829
G1 X38.844 Y10.822 E2.71326
G1 X36.415 Y19.887 E3.16464
G1 X36.415 Y22.306 E3.28099
G1 X38.844 Y21.655 E3.40194
G1 X38.844 Y21.531 E3.4079
G1 X36.415 Y19.101 E3.57315
G1 E1.57315 F2400
G92 E0
G1 X36.415 Y19.101 F7800
G1 X38.844 Y25.33
G1 E2 F2400
G1 F4800
G1 X38.844 Y27.644 E2.1113
G1 X36.415 Y28.295 E2.23225
G1 X36.415 Y27.282 E2.28097
G1 X38.844 Y29.711 E2.44619
G1 X38.844 Y33.171 E2.6126
G1 X34.528 Y49.278 E3.41462
G1 X33.871 Y49.278 E3.44622
G1 X31.939 Y47.347 E3.5776
G1 E1.5776 F2400
G92 E0
G1 X31.939 Y47.347 F7800
G1 X34.683 Y45.053
G1 E2 F2400
G1 F4800
G1 X35.474 Y43.822 E2.07038
G1 X35.818 Y43.046 E2.11121
G1 X38.844 Y46.071 E2.317
G1 X38.844 Y45.609 E2.33922
G1 X31.367 Y47.612 E2.71152
G1 X30.479 Y47.937 E2.757
G1 X29.352 Y48.176 E2.81241
G1 X30.853 Y49.278 F7800
G1 F4800
G1 X28.539 Y49.278 E2.92371
G1 X28.816 Y48.246 E2.9751
G1 X29.161 Y48.203 E2.99182
G1 X25.148 Y49.278 E3.19164
G1 X22.551 Y49.278 E3.31655
G1 X22.818 Y48.28 E3.36624
G1 X24.691 Y48.279 E3.45632
G1 X25.69 Y49.278 E3.52427
G1 E1.52427 F2400
G92 E0
G1 X25.69 Y49.278 F7800
G1 X36.415 Y37.96
G1 E2 F2400
G1 F4800
G1 X36.406 Y40.274 E2.1113
G1 X38.844 Y39.62 E2.23271
G1 X38.844 Y37.891 E2.31587
G1 X36.415 Y35.462 E2.48109
G1 X36.415 Y34.283 E2.5378
G1 X38.844 Y33.632 E2.65875
;LAYER_CHANGE
;Z:1.85
;HEIGHT:0.3
G1 Z1.85 F7800
G1 E.65875 F2400
G92 E0
G1 X38.844 Y33.632 F7800
G1 X42.832 Y36.624
G1 E2 F2400
;TYPE:Support material
;WIDTH:0.35
G1 F3600
G1 X43.416 Y36.074 E2.02858
G1 X44.099 Y35.794 E2.05488
G1 X44.105 Y35.443 E2.06739
G1 X44.943 Y35.624 E2.09793
G1 X45.331 Y35.858 E2.11407
G1 X45.893 Y36.534 E2.14539
G1 X46.087 Y37.354 E2.17541
G1 X45.888 Y38.18 E2.20568
G1 X45.327 Y38.859 E2.23706
G1 X44.942 Y39.096 E2.25317
G1 X44.475 Y39.25 E2.27069
G1 X44 Y39.232 E2.28762
G1 X43.413 Y39.038 E2.30964
G1 X43.016 Y38.802 E2.32609
G1 X42.576 Y38.379 E2.34783
G1 X42.361 Y38.01 E2.36304
G1 X42.233 Y37.315 E2.38822
G1 X42.382 Y36.696 E2.4109
G1 X42.59 Y36.346 E2.4254
G1 X43.229 Y35.778 E2.45586
G1 X44.062 Y35.44 E2.48788
G1 X44.062 Y35.44 F7800
G1 X44.33 Y35.109
G1 F3600
G1 X45.089 Y35.303 E2.51579
G1 X45.545 Y35.579 E2.53478
G1 X45.924 Y35.942 E2.55348
G1 X46.228 Y36.432 E2.57402
G1 X46.381 Y36.853 E2.58998
G1 X46.439 Y37.355 E2.60798
G1 X46.379 Y37.858 E2.62603
G1 X46.203 Y38.338 E2.64424
G1 X45.92 Y38.771 E2.66267
G1 X45.543 Y39.137 E2.68139
G1 X45.091 Y39.415 E2.70029
G1 X44.325 Y39.621 E2.72855
G1 X43.928 Y39.576 E2.74278
G1 X43.258 Y39.353 E2.76794
G1 X42.535 Y38.855 E2.79921
G1 X42.042 Y38.158 E2.82962
G1 X41.881 Y37.302 E2.86065
G1 X42.063 Y36.548 E2.88828
G1 X42.304 Y36.141 E2.90513
G1 X42.723 Y35.702 E2.92675
G1 X43.302 Y35.333 E2.95121
G1 X43.695 Y35.181 E2.96622
G1 X44.026 Y35.087 E2.97848
G1 X44.288 Y35.106 E2.98784
G1 E.98784 F2400
G92 E0
G1 X44.288 Y35.106 F7800
G1 X42.72 Y.088
G1 E2 F2400
G1 F3600
G1 X42.871 Y-.176 E2.01083
G1 X43.236 Y-.546 E2.02935
G1 X44.121 Y-.992 E2.06465
G1 X44.114 Y-1.344 E2.07719
G1 X44.52 Y-1.307 E2.09171
G1 X45.264 Y-1.066 E2.11957
G1 X45.79 Y-.645 E2.14357
G1 X46.042 Y-.269 E2.15969
G1 X46.187 Y.131 E2.17485
G1 X46.235 Y.562 E2.1903
G1 X46.179 Y.993 E2.20578
G1 X46.025 Y1.396 E2.22115
G1 X45.766 Y1.768 E2.2373
G1 X45.407 Y2.082 E2.25429
G1 X44.975 Y2.301 E2.27154
G1 X44.483 Y2.468 E2.29005
G1 X43.998 Y2.45 E2.30734
G1 X43.557 Y2.326 E2.32366
G1 X42.948 Y1.986 E2.34851
G1 X42.408 Y1.307 E2.37942
G1 X42.252 Y.688 E2.40216
G1 X42.274 Y.341 E2.41455
G1 X42.583 Y-.379 E2.44246
G1 X43.278 Y-1 E2.47566
G1 X44.071 Y-1.347 E2.5065
G1 X44.071 Y-1.347 F7800
G1 X44.316 Y-1.678
G1 F3600
G1 X45.158 Y-1.502 E2.53714
G1 X45.651 Y-1.242 E2.557
G1 X46.056 Y-.875 E2.57647
G1 X46.372 Y-.386 E2.59721
G1 X46.53 Y.052 E2.6138
G1 X46.587 Y.565 E2.63219
G1 X46.521 Y1.079 E2.65065
G1 X46.368 Y1.482 E2.66601
G1 X46.029 Y2.004 E2.68818
G1 X45.489 Y2.441 E2.71293
G1 X44.403 Y2.831 E2.75404
G1 X43.436 Y2.655 E2.78905
G1 X42.732 Y2.263 E2.81776
G1 X42.321 Y1.84 E2.83877
G1 X42.091 Y1.458 E2.85465
G1 X41.9 Y.703 E2.88239
G1 X41.927 Y.279 E2.89753
G1 X42.06 Y-.167 E2.91411
G1 X42.531 Y-.855 E2.94381
G1 X43.395 Y-1.466 E2.98151
G1 X44.022 Y-1.703 E3.00539
G1 X44.273 Y-1.681 E3.01437
G1 E1.01437 F2400
G92 E0
G1 X44.273 Y-1.681 F7800
G1 X39.133 Y-7.575
G1 E2 F2400
;TYPE:Perimeter
;WIDTH:0.45
G1 F3600
G1 X39.133 Y-6.071 E2.07234
G1 X39.133 Y49.568 E4.74838
G1 X21.127 Y49.568 E5.61441
G1 X21.128 Y48.98 E5.64269
G1 X21.248 Y48.519 E5.6656
G1 X21.458 Y48.252 E5.68194
G1 X21.752 Y48.078 E5.69837
G1 X22.116 Y47.991 E5.71637
G1 X28.13 Y47.989 E6.00562
G1 X28.96 Y47.945 E6.0456
G1 X29.735 Y47.825 E6.08332
G1 X30.496 Y47.63 E6.1211
G1 X31.232 Y47.361 E6.15879
G1 X31.94 Y47.021 E6.19657
G1 X32.629 Y46.6 E6.23541
G1 X33.533 Y45.885 E6.29085
G1 X34.231 Y45.14 E6.33995
G1 X34.803 Y44.395 E6.38513
G1 X35.212 Y43.698 E6.424
G1 X35.673 Y42.641 E6.47946
G1 X35.897 Y41.885 E6.51738
G1 X36.051 Y41.071 E6.55723
G1 X36.125 Y39.993 E6.6092
G1 X36.125 Y-7.575 E8.89706
G1 X39.073 Y-7.575 E9.03885
G1 X39.073 Y-7.575 F7800
G1 X39.519 Y-7.961
G1 F3600
G1 X39.519 Y-6.071 E9.12975
G1 X39.519 Y49.953 E11.82431
G1 X20.741 Y49.953 E12.72747
G1 X20.742 Y49.026 E12.77206
G1 X20.805 Y48.583 E12.79358
G1 X21.011 Y48.171 E12.81573
G1 X21.288 Y47.898 E12.83444
G1 X21.727 Y47.667 E12.8583
G1 X22.083 Y47.606 E12.87567
G1 X28.13 Y47.603 E13.16651
G1 X28.903 Y47.563 E13.20374
G1 X29.641 Y47.451 E13.23964
G1 X30.366 Y47.266 E13.27563
G1 X31.068 Y47.012 E13.31154
G1 X31.741 Y46.691 E13.3474
G1 X32.392 Y46.296 E13.38402
G1 X33.208 Y45.659 E13.43381
G1 X33.927 Y44.903 E13.48399
G1 X34.472 Y44.197 E13.52689
G1 X34.86 Y43.542 E13.56351
G1 X35.304 Y42.53 E13.61666
G1 X35.519 Y41.811 E13.65275
G1 X35.667 Y41.034 E13.69079
G1 X35.74 Y39.993 E13.74098
G1 X35.74 Y-7.961 E16.0474
G1 X39.459 Y-7.961 E16.22627
G1 X39.459 Y-7.961 F7800
G1 X39.904 Y-8.346
;TYPE:External perimeter
G1 F1800
G1 X39.904 Y-6.071 E16.33569
G1 X39.904 Y50.339 E19.04882
G1 X20.354 Y50.339 E19.98911
G1 X20.356 Y49.025 E20.05231
G1 X20.405 Y48.633 E20.07131
G1 X20.56 Y48.165 E20.09502
G1 X20.837 Y47.789 E20.11748
G1 X21.216 Y47.472 E20.14124
G1 X21.614 Y47.296 E20.16217
G1 X22.049 Y47.22 E20.18341
G1 X28.13 Y47.218 E20.47588
G1 X28.847 Y47.182 E20.51041
G1 X29.548 Y47.077 E20.5445
G1 X30.236 Y46.903 E20.57863
G1 X30.903 Y46.664 E20.61271
G1 X31.543 Y46.36 E20.64679
G1 X32.154 Y45.992 E20.6811
G1 X32.988 Y45.339 E20.73205
G1 X33.623 Y44.666 E20.77655
G1 X34.142 Y43.999 E20.8172
G1 X34.507 Y43.386 E20.85151
G1 X34.935 Y42.418 E20.90242
G1 X35.14 Y41.738 E20.93658
G1 X35.283 Y40.996 E20.97292
G1 X35.354 Y39.993 E21.02128
G1 X35.354 Y-8.346 E23.34622
G1 X39.844 Y-8.346 E23.56217
G1 X39.904 Y-7.951 F7800
G1 E21.56217 F2400
G92 E0
G1 X38.844 Y-6.109 F7800
G1 E2 F2400
;TYPE:Internal infill
;WIDTH:0.45
G1 F4800
G1 X38.844 Y-7.286 E2.05661
G1 X37.707 Y-7.286 E2.1113
G1 X36.415 Y-2.461 E2.35154
G1 X36.415 Y-1.647 E2.39069
G1 X38.844 Y-2.298 E2.51164
G1 X38.844 Y-3.01 E2.54588
G1 X36.415 Y-5.439 E2.7111
G1 X36.415 Y-7.286 E2.79993
G1 X36.882 Y-7.286 E2.82239
G1 E.82239 F2400
G92 E0
G1 X36.882 Y-7.286 F7800
G1 X36.415 Y.427
G1 E2 F2400
G1 F4800
G1 X36.415 Y2.741 E2.1113
G1 X38.844 Y5.17 E2.27652
G1 X38.844 Y3.69 E2.3477
G1 X36.415 Y4.341 E2.46865
G1 X36.415 Y6.655 E2.57995
G1 E.57995 F2400
G92 E0
G1 X36.415 Y6.655 F7800
G1 X36.415 Y14.004
G1 E2 F2400
G1 F4800
G1 X36.415 Y16.318 E2.1113
G1 X38.844 Y15.667 E2.23225
G1 X38.844 Y13.35 E2.34369
G1 X36.415 Y10.921 E2.50891
G1 X36.415 Y10.33 E2.53734
G1 X38.844 Y9.679 E2.65829
G1 X38.844 Y10.822 E2.71326
G1 X36.415 Y19.887 E3.16464
G1 X36.415 Y22.306 E3.28099
G1 X38.844 Y21.655 E3.40194
G1 X38.844 Y21.531 E3.4079
G1 X36.415 Y19.101 E3.57315
G1 E1.57315 F2400
G92 E0
G1 X36.415 Y19.101 F7800
G1 X38.844 Y25.33
G1 E2 F2400
G1 F4800
G1 X38.844 Y27.644 E2.1113
G1 X36.415 Y28.295 E2.23225
G1 X36.415 Y27.282 E2.28097
G1 X38.844 Y29.711 E2.44619
G1 X38.844 Y33.171 E2.6126
G1 X34.528 Y49.278 E3.41462
G1 X33.871 Y49.278 E3.44622
G1 X31.939 Y47.347 E3.5776
G1 E1.5776 F2400
G92 E0
G1 X31.939 Y47.347 F7800
G1 X34.673 Y45.044
G1 E2 F2400
G1 F4800
G1 X35.408 Y43.948 E2.06347
G1 X35.817 Y43.044 E2.11119
G1 X38.844 Y46.071 E2.31708
G1 X38.844 Y45.609 E2.3393
G1 X31.367 Y47.612 E2.7116
G1 X30.479 Y47.937 E2.75708
G1 X29.352 Y48.176 E2.81249
G1 X30.853 Y49.278 F7800
G1 F4800
G1 X28.539 Y49.278 E2.92379
G1 X28.816 Y48.246 E2.97518
G1 X29.161 Y48.203 E2.9919
G1 X25.148 Y49.278 E3.19172
G1 X22.551 Y49.278 E3.31663
G1 X22.818 Y48.28 E3.36632
G1 X24.691 Y48.279 E3.4564
G1 X25.69 Y49.278 E3.52435
G1 E1.52435 F2400
G92 E0
G1 X25.69 Y49.278 F7800
G1 X36.415 Y37.96
G1 E2 F2400
G1 F4800
G1 X36.406 Y40.274 E2.1113
G1 X38.844 Y39.62 E2.23271
G1 X38.844 Y37.891 E2.31587
G1 X36.415 Y35.462 E2.48109
G1 X36.415 Y34.283 E2.5378
G1 X38.844 Y33.632 E2.65875
;LAYER_CHANGE
;Z:2.15
;HEIGHT:0.3
G1 Z2.15 F7800
G1 E.65875 F2400
G92 E0
G1 X38.844 Y33.632 F7800
G1 X42.995 Y36.481
G1 E2 F2400
;TYPE:Support material
;WIDTH:0.35
G1 F3600
G1 X43.702 Y36.05 E2.0295
G1 X44.449 Y35.914 E2.05655
G1 X44.53 Y35.573 E2.06904
G1 X45.203 Y35.879 E2.09538
G1 X45.522 Y36.181 E2.11103
G1 X45.906 Y36.939 E2.1413
G1 X45.906 Y37.777 E2.17115
G1 X45.524 Y38.538 E2.20148
G1 X45.197 Y38.843 E2.21741
G1 X44.767 Y39.088 E2.23504
G1 X44.295 Y39.124 E2.2519
G1 X43.349 Y38.91 E2.28645
G1 X42.628 Y38.404 E2.31783
G1 X42.306 Y37.88 E2.33974
G1 X42.23 Y37.567 E2.35121
G1 X42.296 Y36.923 E2.37427
G1 X42.789 Y36.189 E2.40577
G1 X43.579 Y35.721 E2.43848
G1 X44.489 Y35.561 E2.4714
G1 X44.489 Y35.561 F7800
G1 X44.562 Y35.217
G1 F3600
G1 X45.411 Y35.594 E2.50449
G1 X45.792 Y35.954 E2.52316
G1 X46.173 Y36.647 E2.55133
G1 X46.308 Y37.359 E2.57715
G1 X46.135 Y38.168 E2.60662
G1 X45.793 Y38.765 E2.63113
G1 X45.406 Y39.126 E2.64998
G1 X44.923 Y39.402 E2.6698
G1 X44.288 Y39.476 E2.69257
G1 X43.594 Y39.373 E2.71756
G1 X43.209 Y39.232 E2.73217
G1 X42.503 Y38.78 E2.76203
G1 X42.168 Y38.384 E2.78051
G1 X41.976 Y38.002 E2.79574
G1 X41.876 Y37.207 E2.82428
G1 X42.115 Y36.474 E2.85175
G1 X42.556 Y35.925 E2.87684
G1 X43.021 Y35.589 E2.89728
G1 X43.457 Y35.393 E2.91431
G1 X44.519 Y35.213 E2.95268
G1 E.95268 F2400
G92 E0
G1 X44.519 Y35.213 F7800
G1 X43.058 Y-.323
G1 E2 F2400
G1 F3600
G1 X43.874 Y-.761 E2.03299
G1 X44.437 Y-.875 E2.05345
G1 X44.472 Y-1.227 E2.06605
G1 X45.236 Y-.897 E2.0957
G1 X45.593 Y-.595 E2.11236
G1 X45.835 Y-.253 E2.12729
G1 X45.989 Y.151 E2.14269
G1 X46.038 Y.568 E2.15765
G1 X45.983 Y.985 E2.17263
G1 X45.825 Y1.38 E2.18779
G1 X45.208 Y2.056 E2.22039
G1 X44.823 Y2.28 E2.23626
G1 X44.535 Y2.331 E2.24668
G1 X43.725 Y2.281 E2.27559
G1 X43.205 Y2.08 E2.29545
G1 X42.82 Y1.809 E2.31222
G1 X42.445 Y1.359 E2.33309
G1 X42.317 Y1.083 E2.34393
G1 X42.249 Y.44 E2.36696
G1 X42.324 Y.124 E2.37853
G1 X42.635 Y-.396 E2.40011
G1 X43.189 Y-.848 E2.42558
G1 X43.766 Y-1.095 E2.44794
G1 X44.429 Y-1.228 E2.47203
G1 X44.429 Y-1.228 F7800
G1 X44.534 Y-1.577
G1 F3600
G1 X44.947 Y-1.453 E2.48739
G1 X45.435 Y-1.188 E2.50717
G1 X46.047 Y-.568 E2.5382
G1 X46.332 Y.067 E2.563
G1 X46.39 Y.57 E2.58104
G1 X46.324 Y1.074 E2.59915
G1 X46.134 Y1.551 E2.61744
G1 X45.823 Y1.978 E2.63626
G1 X45.415 Y2.341 E2.65571
G1 X44.945 Y2.614 E2.67507
G1 X44.304 Y2.701 E2.69811
G1 X43.635 Y2.621 E2.72211
G1 X43.027 Y2.382 E2.74538
G1 X42.346 Y1.824 E2.77674
G1 X41.983 Y1.196 E2.80258
G1 X41.899 Y.397 E2.8312
G1 X42.16 Y-.342 E2.85912
G1 X42.616 Y-.872 E2.88403
G1 X43.017 Y-1.155 E2.90151
G1 X43.658 Y-1.43 E2.92636
G1 X44.491 Y-1.577 E2.95649
G1 E.95649 F2400
G92 E0
G1 X44.491 Y-1.577 F7800
G1 X39.133 Y-7.575
G1 E2 F2400
;TYPE:Perimeter
;WIDTH:0.45
G1 F3600
G1 X39.133 Y-6.071 E2.07234
G1 X39.133 Y49.568 E4.74838
G1 X21.127 Y49.568 E5.61441
G1 X21.128 Y48.98 E5.64269
G1 X21.248 Y48.521 E5.66551
G1 X21.458 Y48.252 E5.68192
G1 X21.752 Y48.078 E5.69835
G1 X22.116 Y47.991 E5.71635
G1 X28.13 Y47.989 E6.0056
G1 X28.958 Y47.945 E6.04548
G1 X29.676 Y47.836 E6.08041
G1 X30.496 Y47.63 E6.12107
G1 X31.232 Y47.361 E6.15876
G1 X31.94 Y47.021 E6.19654
G1 X32.629 Y46.6 E6.23538
G1 X33.533 Y45.885 E6.29082
G1 X34.231 Y45.14 E6.33992
G1 X34.803 Y44.395 E6.3851
G1 X35.212 Y43.699 E6.42393
G1 X35.673 Y42.641 E6.47944
G1 X35.897 Y41.884 E6.51741
G1 X36.052 Y41.062 E6.55764
G1 X36.125 Y39.993 E6.60917
G1 X36.125 Y-7.575 E8.89703
G1 X39.073 Y-7.575 E9.03882
G1 X39.073 Y-7.575 F7800
G1 X39.519 Y-7.961
G1 F3600
G1 X39.519 Y-6.071 E9.12972
G1 X39.519 Y49.953 E11.82428
G1 X20.741 Y49.953 E12.72744
G1 X20.742 Y49.026 E12.77203
G1 X20.805 Y48.583 E12.79355
G1 X21.012 Y48.171 E12.81573
G1 X21.288 Y47.898 E12.8344
G1 X21.727 Y47.667 E12.85826
G1 X22.083 Y47.606 E12.87563
G1 X28.13 Y47.603 E13.16647
G1 X28.902 Y47.563 E13.20365
G1 X29.584 Y47.461 E13.23682
G1 X30.366 Y47.266 E13.27558
G1 X31.068 Y47.012 E13.31149
G1 X31.742 Y46.691 E13.3474
G1 X32.392 Y46.296 E13.38398
G1 X33.208 Y45.659 E13.43377
G1 X33.927 Y44.903 E13.48395
G1 X34.472 Y44.197 E13.52685
G1 X34.86 Y43.542 E13.56347
G1 X35.304 Y42.53 E13.61662
G1 X35.519 Y41.811 E13.65271
G1 X35.668 Y41.025 E13.69119
G1 X35.74 Y39.993 E13.74095
G1 X35.74 Y-7.961 E16.04737
G1 X39.459 Y-7.961 E16.22624
G1 X39.459 Y-7.961 F7800
G1 X39.904 Y-8.346
;TYPE:External perimeter
G1 F1800
G1 X39.904 Y-6.071 E16.33566
G1 X39.904 Y50.339 E19.04879
G1 X20.354 Y50.339 E19.98908
G1 X20.356 Y49.025 E20.05228
G1 X20.405 Y48.633 E20.07128
G1 X20.559 Y48.167 E20.09489
G1 X20.837 Y47.789 E20.11746
G1 X21.216 Y47.472 E20.14122
G1 X21.614 Y47.296 E20.16215
G1 X22.049 Y47.22 E20.18339
G1 X28.13 Y47.218 E20.47586
G1 X28.846 Y47.182 E20.51034
G1 X29.492 Y47.086 E20.54175
G1 X30.236 Y46.903 E20.5786
G1 X30.903 Y46.664 E20.61268
G1 X31.543 Y46.36 E20.64676
G1 X32.154 Y45.992 E20.68107
G1 X32.988 Y45.339 E20.73202
G1 X33.623 Y44.666 E20.77652
G1 X34.142 Y43.999 E20.81717
G1 X34.507 Y43.386 E20.85148
G1 X34.935 Y42.418 E20.90239
G1 X35.14 Y41.738 E20.93655
G1 X35.284 Y40.988 E20.97328
G1 X35.354 Y39.993 E21.02125
G1 X35.354 Y-8.346 E23.34619
G1 X39.844 Y-8.346 E23.56214
G1 X39.904 Y-7.951 F7800
G1 E21.56214 F2400
G92 E0
G1 X38.844 Y-6.109 F7800
G1 E2 F2400
;TYPE:Internal infill
;WIDTH:0.45
G1 F4800
G1 X38.844 Y-7.286 E2.05661
G1 X37.707 Y-7.286 E2.1113
G1 X36.415 Y-2.461 E2.35154
G1 X36.415 Y-1.647 E2.39069
G1 X38.844 Y-2.298 E2.51164
G1 X38.844 Y-3.01 E2.54588
G1 X36.415 Y-5.439 E2.7111
G1 X36.415 Y-7.286 E2.79993
G1 X36.882 Y-7.286 E2.82239
G1 E.82239 F2400
G92 E0
G1 X36.882 Y-7.286 F7800
G1 X36.415 Y.427
G1 E2 F2400
G1 F4800
G1 X36.415 Y2.741 E2.1113
G1 X38.844 Y5.17 E2.27652
G1 X38.844 Y3.69 E2.3477
G1 X36.415 Y4.341 E2.46865
G1 X36.415 Y6.655 E2.57995
G1 E.57995 F2400
G92 E0
G1 X36.415 Y6.655 F7800
G1 X36.415 Y14.004
G1 E2 F2400
G1 F4800
G1 X36.415 Y16.318 E2.1113
G1 X38.844 Y15.667 E2.23225
G1 X38.844 Y13.35 E2.34369
G1 X36.415 Y10.921 E2.50891
G1 X36.415 Y10.33 E2.53734
G1 X38.844 Y9.679 E2.65829
G1 X38.844 Y10.822 E2.71326
G1 X36.415 Y19.887 E3.16464
G1 X36.415 Y22.306 E3.28099
G1 X38.844 Y21.655 E3.40194
G1 X38.844 Y21.531 E3.4079
G1 X36.415 Y19.101 E3.57315
G1 E1.57315 F2400
G92 E0
G1 X36.415 Y19.101 F7800
G1 X38.844 Y25.33
G1 E2 F2400
G1 F4800
G1 X38.844 Y27.644 E2.1113
G1 X36.415 Y28.295 E2.23225
G1 X36.415 Y27.282 E2.28097
G1 X38.844 Y29.711 E2.44619
G1 X38.844 Y33.171 E2.6126
G1 X34.528 Y49.278 E3.41462
G1 X33.871 Y49.278 E3.44622
G1 X31.939 Y47.347 E3.5776
G1 E1.5776 F2400
G92 E0
G1 X31.939 Y47.347 F7800
G1 X34.673 Y45.044
G1 E2 F2400
G1 F4800
G1 X35.408 Y43.948 E2.06347
G1 X35.817 Y43.044 E2.11119
G1 X38.844 Y46.071 E2.31708
G1 X38.844 Y45.609 E2.3393
G1 X31.392 Y47.605 E2.71035
G1 X30.589 Y47.903 E2.75155
G1 X29.318 Y48.184 E2.81416
G1 X29.318 Y48.184 F7800
G1 X30.853 Y49.278
G1 F4800
G1 X28.539 Y49.278 E2.92546
G1 X28.817 Y48.241 E2.9771
G1 X29.127 Y48.212 E2.99208
G1 X25.148 Y49.278 E3.19021
G1 X22.551 Y49.278 E3.31512
G1 X22.818 Y48.28 E3.36481
G1 X24.691 Y48.279 E3.45489
G1 X25.69 Y49.278 E3.52284
G1 E1.52284 F2400
G92 E0
G1 X25.69 Y49.278 F7800
G1 X36.415 Y37.96
G1 E2 F2400
G1 F4800
G1 X36.406 Y40.274 E2.1113
G1 X38.844 Y39.62 E2.23271
G1 X38.844 Y37.891 E2.31587
G1 X36.415 Y35.462 E2.48109
G1 X36.415 Y34.283 E2.5378
G1 X38.844 Y33.632 E2.65875
;LAYER_CHANGE
;Z:2.45
;HEIGHT:0.3
G1 Z2.45 F7800
G1 E.65875 F2400
G92 E0
G1 X38.844 Y33.632 F7800
G1 X42.855 Y36.691
G1 E2 F2400
;TYPE:Support material
;WIDTH:0.35
G1 F3600
G1 X43.259 Y36.367 E2.01845
G1 X44.065 Y36.116 E2.04852
G1 X44.069 Y35.766 E2.06099
G1 X44.953 Y35.866 E2.09268
G1 X45.377 Y36.211 E2.11215
G1 X45.627 Y36.562 E2.1275
G1 X45.775 Y36.95 E2.14229
G1 X45.824 Y37.362 E2.15707
G1 X45.777 Y37.768 E2.17163
G1 X45.622 Y38.163 E2.18675
G1 X45.091 Y38.771 E2.21551
G1 X44.273 Y38.947 E2.24532
G1 X43.405 Y38.836 E2.27649
G1 X42.651 Y38.387 E2.30775
G1 X42.3 Y37.867 E2.3301
G1 X42.217 Y37.264 E2.35178
G1 X42.289 Y36.953 E2.36315
G1 X42.628 Y36.412 E2.38589
G1 X43.088 Y36.06 E2.40652
G1 X43.457 Y35.889 E2.42101
G1 X44.026 Y35.765 E2.44176
G1 X44.026 Y35.765 F7800
G1 X44.436 Y35.42
G1 F3600
G1 X44.882 Y35.479 E2.45779
G1 X45.236 Y35.622 E2.47139
G1 X45.638 Y35.974 E2.49042
G1 X45.938 Y36.396 E2.50886
G1 X46.118 Y36.866 E2.52679
G1 X46.177 Y37.362 E2.54458
G1 X46.119 Y37.853 E2.56219
G1 X45.933 Y38.33 E2.58043
G1 X45.631 Y38.757 E2.59906
G1 X45.249 Y39.09 E2.61711
G1 X44.286 Y39.297 E2.6522
G1 X43.294 Y39.169 E2.68783
G1 X42.693 Y38.872 E2.71171
G1 X42.154 Y38.339 E2.73871
G1 X41.871 Y37.602 E2.76683
G1 X41.957 Y36.835 E2.79432
G1 X42.373 Y36.171 E2.82223
G1 X42.918 Y35.754 E2.84668
G1 X43.538 Y35.503 E2.87051
G1 X44.393 Y35.419 E2.90112
G1 E.90112 F2400
G92 E0
G1 X44.393 Y35.419 F7800
G1 X43.193 Y-.35
G1 E2 F2400
G1 F3600
G1 X43.761 Y-.581 E2.02184
G1 X44.541 Y-.643 E2.04971
G1 X44.546 Y-.993 E2.06218
G1 X44.942 Y-.928 E2.07648
G1 X45.39 Y-.572 E2.09686
G1 X45.639 Y-.22 E2.11222
G1 X45.791 Y.168 E2.12706
G1 X45.839 Y.559 E2.14109
G1 X45.786 Y.985 E2.15638
G1 X45.63 Y1.379 E2.17148
G1 X45.376 Y1.743 E2.18729
G1 X45.093 Y1.984 E2.20053
G1 X44.257 Y2.186 E2.23117
G1 X43.439 Y2.078 E2.26056
G1 X42.649 Y1.591 E2.29362
G1 X42.308 Y1.055 E2.31625
G1 X42.236 Y.745 E2.32759
G1 X42.319 Y.142 E2.34927
G1 X42.464 Y-.136 E2.36044
G1 X42.967 Y-.625 E2.38543
G1 X43.684 Y-.922 E2.41308
G1 X44.503 Y-.993 E2.44237
G1 X44.503 Y-.993 F7800
G1 X44.706 Y-1.34
G1 F3600
G1 X45.252 Y-1.159 E2.46286
G1 X45.651 Y-.808 E2.48179
G1 X45.95 Y-.387 E2.50019
G1 X46.133 Y.082 E2.51812
G1 X46.192 Y.56 E2.53528
G1 X46.127 Y1.072 E2.55367
G1 X45.941 Y1.546 E2.57181
G1 X45.641 Y1.975 E2.59046
G1 X45.238 Y2.305 E2.60902
G1 X44.276 Y2.536 E2.64426
G1 X43.33 Y2.413 E2.67824
G1 X42.668 Y2.068 E2.70483
G1 X42.152 Y1.527 E2.73146
G1 X41.886 Y.783 E2.75961
G1 X41.989 Y.016 E2.78718
G1 X42.419 Y-.63 E2.81483
G1 X42.983 Y-1.035 E2.83957
G1 X43.978 Y-1.334 E2.87658
G1 X44.663 Y-1.341 E2.90098
G1 E.90098 F2400
G92 E0
G1 X44.663 Y-1.341 F7800
G1 X39.133 Y-7.575
G1 E2 F2400
;TYPE:Perimeter
;WIDTH:0.45
G1 F3600
G1 X39.133 Y-6.071 E2.07234
G1 X39.133 Y49.568 E4.74838
G1 X21.127 Y49.568 E5.61441
G1 X21.128 Y48.98 E5.64269
G1 X21.247 Y48.522 E5.66545
G1 X21.458 Y48.252 E5.68193
G1 X21.752 Y48.078 E5.69836
G1 X22.116 Y47.991 E5.71636
G1 X28.13 Y47.989 E6.00561
G1 X28.96 Y47.945 E6.04559
G1 X29.735 Y47.825 E6.08331
G1 X30.496 Y47.63 E6.12109
G1 X31.232 Y47.361 E6.15878
G1 X31.94 Y47.021 E6.19656
G1 X32.629 Y46.6 E6.2354
G1 X33.533 Y45.885 E6.29084
G1 X34.231 Y45.14 E6.33994
G1 X34.803 Y44.395 E6.38512
G1 X35.212 Y43.699 E6.42395
G1 X35.673 Y42.641 E6.47946
G1 X35.896 Y41.889 E6.51719
G1 X36.047 Y41.096 E6.55602
G1 X36.125 Y39.993 E6.6092
G1 X36.125 Y-7.575 E8.89706
G1 X39.073 Y-7.575 E9.03885
G1 X39.073 Y-7.575 F7800
G1 X39.519 Y-7.961
G1 F3600
G1 X39.519 Y-6.071 E9.12975
G1 X39.519 Y49.953 E11.82431
G1 X20.741 Y49.953 E12.72747
G1 X20.742 Y49.026 E12.77206
G1 X20.805 Y48.583 E12.79358
G1 X21.012 Y48.171 E12.81576
G1 X21.288 Y47.898 E12.83443
G1 X21.727 Y47.667 E12.85829
G1 X22.083 Y47.606 E12.87566
G1 X28.13 Y47.603 E13.1665
G1 X28.903 Y47.563 E13.20373
G1 X29.641 Y47.451 E13.23963
G1 X30.366 Y47.266 E13.27562
G1 X31.068 Y47.012 E13.31153
G1 X31.742 Y46.691 E13.34744
G1 X32.392 Y46.296 E13.38402
G1 X33.208 Y45.659 E13.43381
G1 X33.927 Y44.903 E13.48399
G1 X34.472 Y44.197 E13.52689
G1 X34.86 Y43.542 E13.56351
G1 X35.304 Y42.53 E13.61666
G1 X35.518 Y41.814 E13.6526
G1 X35.662 Y41.067 E13.68919
G1 X35.74 Y39.993 E13.74098
G1 X35.74 Y-7.961 E16.0474
G1 X39.459 Y-7.961 E16.22627
G1 X39.459 Y-7.961 F7800
G1 X39.904 Y-8.346
;TYPE:External perimeter
G1 F1800
G1 X39.904 Y-6.071 E16.33569
G1 X39.904 Y50.339 E19.04882
G1 X20.354 Y50.339 E19.98911
G1 X20.356 Y49.025 E20.05231
G1 X20.405 Y48.632 E20.07136
G1 X20.558 Y48.169 E20.09481
G1 X20.837 Y47.789 E20.11748
G1 X21.216 Y47.472 E20.14124
G1 X21.614 Y47.296 E20.16217
G1 X22.049 Y47.22 E20.18341
G1 X28.13 Y47.218 E20.47588
G1 X28.847 Y47.182 E20.51041
G1 X29.548 Y47.077 E20.5445
G1 X30.236 Y46.903 E20.57863
G1 X30.903 Y46.664 E20.61271
G1 X31.543 Y46.36 E20.64679
G1 X32.154 Y45.992 E20.6811
G1 X32.988 Y45.339 E20.73205
G1 X33.623 Y44.666 E20.77655
G1 X34.142 Y43.999 E20.8172
G1 X34.507 Y43.386 E20.85151
G1 X34.935 Y42.418 E20.90242
G1 X35.14 Y41.739 E20.93653
G1 X35.277 Y41.039 E20.97084
G1 X35.354 Y39.993 E21.02129
G1 X35.354 Y-8.346 E23.34623
G1 X39.844 Y-8.346 E23.56218
G1 X39.904 Y-7.951 F7800
G1 E21.56218 F2400
G92 E0
G1 X38.844 Y-6.109 F7800
G1 E2 F2400
;TYPE:Internal infill
;WIDTH:0.45
G1 F4800
G1 X38.844 Y-7.286 E2.05661
G1 X37.707 Y-7.286 E2.1113
G1 X36.415 Y-2.461 E2.35154
G1 X36.415 Y-1.647 E2.39069
G1 X38.844 Y-2.298 E2.51164
G1 X38.844 Y-3.01 E2.54588
G1 X36.415 Y-5.439 E2.7111
G1 X36.415 Y-7.286 E2.79993
G1 X36.882 Y-7.286 E2.82239
G1 E.82239 F2400
G92 E0
G1 X36.882 Y-7.286 F7800
G1 X36.415 Y.427
G1 E2 F2400
G1 F4800
G1 X36.415 Y2.741 E2.1113
G1 X38.844 Y5.17 E2.27652
G1 X38.844 Y3.69 E2.3477
G1 X36.415 Y4.341 E2.46865
G1 X36.415 Y6.655 E2.57995
G1 E.57995 F2400
G92 E0
G1 X36.415 Y6.655 F7800
G1 X36.415 Y14.004
G1 E2 F2400
G1 F4800
G1 X36.415 Y16.318 E2.1113
G1 X38.844 Y15.667 E2.23225
G1 X38.844 Y13.35 E2.34369
G1 X36.415 Y10.921 E2.50891
G1 X36.415 Y10.33 E2.53734
G1 X38.844 Y9.679 E2.65829
G1 X38.844 Y10.822 E2.71326
G1 X36.415 Y19.887 E3.16464
G1 X36.415 Y22.306 E3.28099
G1 X38.844 Y21.655 E3.40194
G1 X38.844 Y21.531 E3.4079
G1 X36.415 Y19.101 E3.57315
G1 E1.57315 F2400
G92 E0
G1 X36.415 Y19.101 F7800
G1 X38.844 Y25.33
G1 E2 F2400
G1 F4800
G1 X38.844 Y27.644 E2.1113
G1 X36.415 Y28.295 E2.23225
G1 X36.415 Y27.282 E2.28097
G1 X38.844 Y29.711 E2.44619
G1 X38.844 Y33.171 E2.6126
G1 X34.528 Y49.278 E3.41462
G1 X33.871 Y49.278 E3.44622
G1 X31.939 Y47.347 E3.5776
G1 E1.5776 F2400
G92 E0
G1 X31.939 Y47.347 F7800
G1 X34.673 Y45.044
G1 E2 F2400
G1 F4800
G1 X35.408 Y43.948 E2.06347
G1 X35.817 Y43.044 E2.11119
G1 X38.844 Y46.071 E2.31708
G1 X38.844 Y45.609 E2.3393
G1 X31.367 Y47.612 E2.7116
G1 X30.479 Y47.937 E2.75708
G1 X29.352 Y48.176 E2.81249
G1 X30.853 Y49.278 F7800
G1 F4800
G1 X28.539 Y49.278 E2.92379
G1 X28.816 Y48.246 E2.97518
G1 X29.161 Y48.203 E2.9919
G1 X25.148 Y49.278 E3.19172
G1 X22.551 Y49.278 E3.31663
G1 X22.818 Y48.28 E3.36632
G1 X24.691 Y48.279 E3.4564
G1 X25.69 Y49.278 E3.52435
G1 E1.52435 F2400
G92 E0
G1 X25.69 Y49.278 F7800
G1 X36.415 Y37.964
G1 E2 F2400
G1 F4800
G1 X36.393 Y40.277 E2.11125
G1 X38.844 Y39.62 E2.2333
G1 X38.844 Y37.891 E2.31646
G1 X36.415 Y35.462 E2.48168
G1 X36.415 Y34.283 E2.53839
G1 X38.844 Y33.632 E2.65934
;LAYER_CHANGE
;Z:2.75
;HEIGHT:0.3
G1 Z2.75 F7800
G1 E.65934 F2400
G92 E0
G1 X38.844 Y33.632 F7800
G1 X42.766 Y36.856
G1 E2 F2400
;TYPE:Support material
;WIDTH:0.35
G1 F3600
G1 X43.317 Y36.444 E2.02451
G1 X43.998 Y36.308 E2.04925
G1 X43.999 Y35.958 E2.06172
G1 X44.78 Y36.083 E2.0899
G1 X45.221 Y36.32 E2.10774
G1 X45.444 Y36.581 E2.11997
G1 X45.596 Y36.965 E2.13468
G1 X45.647 Y37.367 E2.14912
G1 X45.595 Y37.766 E2.16345
G1 X45.435 Y38.148 E2.1782
G1 X45.161 Y38.408 E2.19166
G1 X44.703 Y38.65 E2.21011
G1 X44.274 Y38.757 E2.22586
G1 X43.634 Y38.765 E2.24866
G1 X42.896 Y38.511 E2.27646
G1 X42.649 Y38.332 E2.28733
G1 X42.332 Y37.929 E2.3056
G1 X42.204 Y37.398 E2.32506
G1 X42.249 Y37.086 E2.33629
G1 X42.445 Y36.694 E2.3519
G1 X42.871 Y36.288 E2.37286
G1 X43.177 Y36.122 E2.38526
G1 X43.957 Y35.958 E2.41365
G1 X43.957 Y35.958 F7800
G1 X44.267 Y35.609
G1 F3600
G1 X44.903 Y35.752 E2.43687
G1 X45.608 Y36.208 E2.46678
G1 X45.938 Y36.878 E2.49339
G1 X46 Y37.368 E2.51098
G1 X45.936 Y37.858 E2.52858
G1 X45.73 Y38.351 E2.54761
G1 X45.367 Y38.695 E2.56543
G1 X44.829 Y38.98 E2.58712
G1 X44.009 Y39.131 E2.61682
G1 X43.582 Y39.113 E2.63204
G1 X43.046 Y38.974 E2.65177
G1 X42.416 Y38.596 E2.67794
G1 X42.088 Y38.213 E2.6959
G1 X41.892 Y37.75 E2.71381
G1 X41.908 Y36.999 E2.74057
G1 X42.158 Y36.491 E2.76074
G1 X42.678 Y35.994 E2.78636
G1 X43.037 Y35.8 E2.8009
G1 X43.623 Y35.631 E2.82263
G1 X44.225 Y35.609 E2.84409
G1 E.84409 F2400
G92 E0
G1 X44.225 Y35.609 F7800
G1 X42.797 Y.049
G1 E2 F2400
G1 F3600
G1 X43.313 Y-.315 E2.0225
G1 X44.052 Y-.449 E2.04926
G1 X44.058 Y-.799 E2.06173
G1 X44.788 Y-.68 E2.08808
G1 X45.242 Y-.451 E2.10619
G1 X45.458 Y-.199 E2.11801
G1 X45.609 Y.184 E2.13268
G1 X45.658 Y.586 E2.14711
G1 X45.607 Y.987 E2.16151
G1 X45.464 Y1.333 E2.17485
G1 X45.156 Y1.639 E2.19032
G1 X44.558 Y1.935 E2.21409
G1 X44.23 Y2.013 E2.2261
G1 X43.674 Y2.004 E2.24591
G1 X42.89 Y1.717 E2.27565
G1 X42.643 Y1.525 E2.28679
G1 X42.33 Y1.085 E2.30603
G1 X42.221 Y.562 E2.32506
G1 X42.343 Y.096 E2.34222
G1 X42.486 Y-.129 E2.35172
G1 X43.186 Y-.643 E2.38266
G1 X44.015 Y-.8 E2.41272
G1 X44.015 Y-.8 F7800
G1 X44.259 Y-1.146
G1 F3600
G1 X44.904 Y-1.014 E2.43617
G1 X45.446 Y-.74 E2.45781
G1 X45.62 Y-.574 E2.46638
G1 X45.95 Y.097 E2.49302
G1 X46.011 Y.587 E2.51061
G1 X45.948 Y1.078 E2.52824
G1 X45.76 Y1.532 E2.54575
G1 X45.37 Y1.919 E2.56532
G1 X44.956 Y2.16 E2.58239
G1 X44.269 Y2.364 E2.60792
G1 X43.631 Y2.353 E2.63065
G1 X43.046 Y2.195 E2.65224
G1 X42.7 Y2.012 E2.66618
G1 X42.177 Y1.519 E2.69178
G1 X41.902 Y.908 E2.71565
G1 X41.909 Y.261 E2.7387
G1 X42.207 Y-.343 E2.76269
G1 X42.732 Y-.805 E2.7876
G1 X43.62 Y-1.127 E2.82125
G1 X44.216 Y-1.147 E2.84249
G1 E.84249 F2400
G92 E0
G1 X44.216 Y-1.147 F7800
G1 X39.133 Y-7.575
G1 E2 F2400
;TYPE:Perimeter
;WIDTH:0.45
G1 F3600
G1 X39.133 Y-6.071 E2.07234
G1 X39.133 Y49.568 E4.74838
G1 X21.127 Y49.568 E5.61441
G1 X21.128 Y48.98 E5.64269
G1 X21.246 Y48.524 E5.66534
G1 X21.458 Y48.252 E5.68193
G1 X21.752 Y48.078 E5.69836
G1 X22.116 Y47.991 E5.71636
G1 X28.13 Y47.989 E6.00561
G1 X28.96 Y47.945 E6.04559
G1 X29.758 Y47.819 E6.08445
G1 X30.755 Y47.543 E6.13421
G1 X31.835 Y47.076 E6.1908
G1 X32.629 Y46.6 E6.23533
G1 X33.445 Y45.963 E6.28512
G1 X34.231 Y45.14 E6.33986
G1 X34.803 Y44.395 E6.38504
G1 X35.212 Y43.699 E6.42387
G1 X35.673 Y42.641 E6.47938
G1 X35.897 Y41.883 E6.5174
G1 X36.054 Y41.045 E6.55841
G1 X36.125 Y39.993 E6.60912
G1 X36.125 Y-7.575 E8.89698
G1 X39.073 Y-7.575 E9.03877
G1 X39.073 Y-7.575 F7800
G1 X39.519 Y-7.961
G1 F3600
G1 X39.519 Y-6.071 E9.12967
G1 X39.519 Y49.953 E11.82423
G1 X20.741 Y49.953 E12.72739
G1 X20.742 Y49.026 E12.77198
G1 X20.805 Y48.583 E12.7935
G1 X21.012 Y48.171 E12.81568
G1 X21.288 Y47.898 E12.83435
G1 X21.727 Y47.667 E12.85821
G1 X22.083 Y47.606 E12.87558
G1 X28.13 Y47.603 E13.16642
G1 X28.903 Y47.563 E13.20365
G1 X29.655 Y47.447 E13.24025
G1 X30.652 Y47.171 E13.29001
G1 X31.679 Y46.723 E13.3439
G1 X32.392 Y46.296 E13.38387
G1 X33.208 Y45.659 E13.43366
G1 X33.927 Y44.903 E13.48384
G1 X34.472 Y44.197 E13.52674
G1 X34.86 Y43.542 E13.56336
G1 X35.304 Y42.53 E13.61651
G1 X35.519 Y41.81 E13.65265
G1 X35.67 Y41.008 E13.6919
G1 X35.74 Y39.993 E13.74083
G1 X35.74 Y-7.961 E16.04725
G1 X39.459 Y-7.961 E16.22612
G1 X39.459 Y-7.961 F7800
G1 X39.904 Y-8.346
;TYPE:External perimeter
G1 F1800
G1 X39.904 Y-6.071 E16.33554
G1 X39.904 Y50.339 E19.04867
G1 X20.354 Y50.339 E19.98896
G1 X20.356 Y49.025 E20.05216
G1 X20.405 Y48.632 E20.07121
G1 X20.557 Y48.171 E20.09456
G1 X20.837 Y47.789 E20.11734
G1 X21.216 Y47.472 E20.1411
G1 X21.614 Y47.296 E20.16203
G1 X22.049 Y47.22 E20.18327
G1 X28.13 Y47.218 E20.47574
G1 X28.847 Y47.182 E20.51027
G1 X29.552 Y47.076 E20.54456
G1 X30.576 Y46.79 E20.5957
G1 X31.543 Y46.36 E20.6466
G1 X32.154 Y45.992 E20.68091
G1 X32.988 Y45.339 E20.73186
G1 X33.623 Y44.666 E20.77636
G1 X34.142 Y43.999 E20.81701
G1 X34.507 Y43.386 E20.85132
G1 X34.935 Y42.418 E20.90223
G1 X35.14 Y41.737 E20.93644
G1 X35.286 Y40.972 E20.9739
G1 X35.354 Y39.993 E21.0211
G1 X35.354 Y-8.346 E23.34604
G1 X39.844 Y-8.346 E23.56199
G1 X39.904 Y-7.951 F7800
G1 E21.56199 F2400
G92 E0
G1 X38.844 Y-6.109 F7800
G1 E2 F2400
;TYPE:Internal infill
;WIDTH:0.45
G1 F4800
G1 X38.844 Y-7.286 E2.05661
G1 X37.707 Y-7.286 E2.1113
G1 X36.415 Y-2.461 E2.35154
G1 X36.415 Y-1.647 E2.39069
G1 X38.844 Y-2.298 E2.51164
G1 X38.844 Y-3.01 E2.54588
G1 X36.415 Y-5.439 E2.7111
G1 X36.415 Y-7.286 E2.79993
G1 X36.882 Y-7.286 E2.82239
G1 E.82239 F2400
G92 E0
G1 X36.882 Y-7.286 F7800
G1 X36.415 Y.427
G1 E2 F2400
G1 F4800
G1 X36.415 Y2.741 E2.1113
G1 X38.844 Y5.17 E2.27652
G1 X38.844 Y3.69 E2.3477
G1 X36.415 Y4.341 E2.46865
G1 X36.415 Y6.655 E2.57995
G1 E.57995 F2400
G92 E0
G1 X36.415 Y6.655 F7800
G1 X36.415 Y14.004
G1 E2 F2400
G1 F4800
G1 X36.415 Y16.318 E2.1113
G1 X38.844 Y15.667 E2.23225
G1 X38.844 Y13.35 E2.34369
G1 X36.415 Y10.921 E2.50891
G1 X36.415 Y10.33 E2.53734
G1 X38.844 Y9.679 E2.65829
G1 X38.844 Y10.822 E2.71326
G1 X36.415 Y19.887 E3.16464
G1 X36.415 Y22.306 E3.28099
G1 X38.844 Y21.655 E3.40194
G1 X38.844 Y21.531 E3.4079
G1 X36.415 Y19.101 E3.57315
G1 E1.57315 F2400
G92 E0
G1 X36.415 Y19.101 F7800
G1 X38.844 Y25.33
G1 E2 F2400
G1 F4800
G1 X38.844 Y27.644 E2.1113
G1 X36.415 Y28.295 E2.23225
G1 X36.415 Y27.282 E2.28097
G1 X38.844 Y29.711 E2.44619
G1 X38.844 Y33.171 E2.6126
G1 X34.528 Y49.278 E3.41462
G1 X33.871 Y49.278 E3.44622
G1 X31.938 Y47.346 E3.57767
G1 E1.57767 F2400
G92 E0
G1 X31.938 Y47.346 F7800
G1 X34.673 Y45.044
G1 E2 F2400
G1 F4800
G1 X35.408 Y43.948 E2.06347
G1 X35.817 Y43.044 E2.11119
G1 X38.844 Y46.071 E2.31708
G1 X38.844 Y45.609 E2.3393
G1 X31.245 Y47.645 E2.71768
G1 X30.838 Y47.82 E2.73899
G1 X29.72 Y48.124 E2.79471
G1 X29.352 Y48.176 E2.81259
G1 X30.853 Y49.278 F7800
G1 F4800
G1 X28.539 Y49.278 E2.92389
G1 X28.816 Y48.246 E2.97528
G1 X29.161 Y48.203 E2.992
G1 X25.148 Y49.278 E3.19182
G1 X22.551 Y49.278 E3.31673
G1 X22.818 Y48.28 E3.36642
G1 X24.691 Y48.279 E3.4565
G1 X25.69 Y49.278 E3.52445
G1 E1.52445 F2400
G92 E0
G1 X25.69 Y49.278 F7800
G1 X36.415 Y37.96
G1 E2 F2400
G1 F4800
G1 X36.406 Y40.274 E2.1113
G1 X38.844 Y39.62 E2.23271
G1 X38.844 Y37.891 E2.31587
G1 X36.415 Y35.462 E2.48109
G1 X36.415 Y34.283 E2.5378
G1 X38.844 Y33.632 E2.65875
;LAYER_CHANGE
;Z:3.05
;HEIGHT:0.3
G1 Z3.05 F7800
G1 E.65875 F2400
G92 E0
G1 X38.844 Y33.632 F7800
G1 X42.565 Y37.126
G1 E2 F2400
;TYPE:Support material
;WIDTH:0.35
G1 F3600
G1 X42.99 Y36.723 E2.02086
G1 X43.406 Y36.547 E2.03695
G1 X43.745 Y36.505 E2.04912
G1 X43.748 Y36.155 E2.06159
G1 X44.379 Y36.235 E2.08425
G1 X44.789 Y36.429 E2.10041
G1 X45.101 Y36.715 E2.11549
G1 X45.276 Y37.034 E2.12845
G1 X45.328 Y37.366 E2.14042
G1 X45.26 Y37.704 E2.1527
G1 X45.063 Y38.037 E2.16648
G1 X44.748 Y38.316 E2.18147
G1 X44.314 Y38.523 E2.1986
G1 X43.815 Y38.614 E2.21667
G1 X43.163 Y38.535 E2.24007
G1 X42.458 Y38.117 E2.26927
G1 X42.13 Y37.666 E2.28914
G1 X42.129 Y37.195 E2.30592
G1 X42.476 Y36.699 E2.32748
G1 X43.15 Y36.258 E2.35617
G1 X43.705 Y36.154 E2.37629
G1 X43.705 Y36.154 F7800
G1 X43.995 Y35.807
G1 F3600
G1 X44.487 Y35.899 E2.39412
G1 X44.912 Y36.097 E2.41082
G1 X45.38 Y36.497 E2.43275
G1 X45.612 Y36.92 E2.44994
G1 X45.683 Y37.374 E2.46631
G1 X45.591 Y37.831 E2.48292
G1 X45.178 Y38.408 E2.5082
G1 X44.941 Y38.612 E2.51934
G1 X44.422 Y38.859 E2.53982
G1 X43.839 Y38.965 E2.56093
G1 X43.058 Y38.87 E2.58896
G1 X42.481 Y38.582 E2.61193
G1 X41.953 Y38.094 E2.63754
G1 X41.793 Y37.775 E2.65025
G1 X41.738 Y37.433 E2.66259
G1 X41.791 Y37.088 E2.67502
G1 X41.953 Y36.761 E2.68802
G1 X42.628 Y36.12 E2.72118
G1 X43.259 Y35.86 E2.74549
G1 X43.952 Y35.806 E2.77025
G1 E.77025 F2400
G92 E0
G1 X43.952 Y35.806 F7800
G1 X42.636 Y.232
G1 E2 F2400
G1 F3600
G1 X42.99 Y-.058 E2.0163
G1 X43.301 Y-.196 E2.02842
G1 X43.87 Y-.267 E2.04885
G1 X43.912 Y-.614 E2.0613
G1 X44.355 Y-.535 E2.07733
G1 X44.756 Y-.349 E2.09308
G1 X45.101 Y-.059 E2.10914
G1 X45.281 Y.263 E2.12228
G1 X45.334 Y.588 E2.13401
G1 X45.267 Y.934 E2.14656
G1 X45.08 Y1.263 E2.16004
G1 X44.773 Y1.552 E2.17506
G1 X44.376 Y1.75 E2.19086
G1 X43.877 Y1.843 E2.20894
G1 X43.353 Y1.801 E2.22767
G1 X42.687 Y1.483 E2.25396
G1 X42.263 Y1.05 E2.27555
G1 X42.147 Y.816 E2.28485
G1 X42.147 Y.344 E2.30166
G1 X42.472 Y-.104 E2.32138
G1 X43.19 Y-.529 E2.3511
G1 X43.869 Y-.62 E2.3755
G1 X43.869 Y-.62 F7800
G1 X44.044 Y-.951
G1 F3600
G1 X44.464 Y-.87 E2.39074
G1 X44.939 Y-.65 E2.40939
G1 X45.38 Y-.277 E2.42997
G1 X45.617 Y.145 E2.44721
G1 X45.689 Y.597 E2.46352
G1 X45.6 Y1.056 E2.48018
G1 X45.358 Y1.482 E2.49763
G1 X44.978 Y1.84 E2.51623
G1 X44.637 Y2.017 E2.52992
G1 X43.899 Y2.195 E2.55696
G1 X43.269 Y2.14 E2.57949
G1 X42.646 Y1.888 E2.60343
G1 X41.97 Y1.248 E2.63659
G1 X41.809 Y.923 E2.64951
G1 X41.756 Y.579 E2.66191
G1 X41.81 Y.236 E2.67428
G1 X41.971 Y-.084 E2.68704
G1 X42.631 Y-.664 E2.71834
G1 X43.416 Y-.941 E2.74799
G1 X44.001 Y-.956 E2.76884
G1 E.76884 F2400
G92 E0
G1 X44.001 Y-.956 F7800
G1 X39.133 Y-7.575
G1 E2 F2400
;TYPE:Perimeter
;WIDTH:0.45
G1 F3600
G1 X39.133 Y-6.071 E2.07234
G1 X39.133 Y49.568 E4.74838
G1 X21.127 Y49.568 E5.61441
G1 X21.136 Y48.935 E5.64486
G1 X21.249 Y48.52 E5.66555
G1 X21.451 Y48.258 E5.68146
G1 X21.752 Y48.078 E5.69833
G1 X22.116 Y47.991 E5.71633
G1 X28.13 Y47.989 E6.00558
G1 X28.96 Y47.945 E6.04556
G1 X29.735 Y47.825 E6.08328
G1 X30.496 Y47.63 E6.12106
G1 X31.232 Y47.361 E6.15875
G1 X31.94 Y47.021 E6.19653
G1 X32.629 Y46.6 E6.23537
G1 X33.445 Y45.963 E6.28516
G1 X34.083 Y45.329 E6.32842
G1 X34.539 Y44.766 E6.36327
G1 X35.142 Y43.829 E6.41686
G1 X35.673 Y42.641 E6.47945
G1 X35.896 Y41.889 E6.51718
G1 X36.047 Y41.096 E6.55601
G1 X36.125 Y39.993 E6.60919
G1 X36.125 Y-7.575 E8.89705
G1 X39.073 Y-7.575 E9.03884
G1 X39.073 Y-7.575 F7800
G1 X39.519 Y-7.961
G1 F3600
G1 X39.519 Y-6.071 E9.12974
G1 X39.519 Y49.953 E11.8243
G1 X20.741 Y49.953 E12.72746
G1 X20.742 Y48.947 E12.77585
G1 X20.85 Y48.474 E12.79919
G1 X21.05 Y48.122 E12.81866
G1 X21.275 Y47.908 E12.83359
G1 X21.727 Y47.667 E12.85823
G1 X22.083 Y47.606 E12.8756
G1 X28.13 Y47.603 E13.16644
G1 X28.903 Y47.563 E13.20367
G1 X29.641 Y47.451 E13.23957
G1 X30.366 Y47.266 E13.27556
G1 X31.068 Y47.012 E13.31147
G1 X31.742 Y46.691 E13.34738
G1 X32.392 Y46.296 E13.38396
G1 X33.208 Y45.659 E13.43375
G1 X33.786 Y45.084 E13.47296
G1 X34.215 Y44.558 E13.50561
G1 X34.817 Y43.621 E13.55918
G1 X35.304 Y42.53 E13.61664
G1 X35.518 Y41.814 E13.65258
G1 X35.662 Y41.067 E13.68917
G1 X35.74 Y39.993 E13.74096
G1 X35.74 Y-7.961 E16.04738
G1 X39.459 Y-7.961 E16.22625
G1 X39.459 Y-7.961 F7800
G1 X39.904 Y-8.346
;TYPE:External perimeter
G1 F1800
G1 X39.904 Y-6.071 E16.33567
G1 X39.904 Y50.339 E19.0488
G1 X20.354 Y50.339 E19.98909
G1 X20.356 Y49.025 E20.05229
G1 X20.405 Y48.635 E20.0712
G1 X20.565 Y48.156 E20.09549
G1 X20.834 Y47.788 E20.11741
G1 X21.216 Y47.472 E20.14125
G1 X21.614 Y47.296 E20.16218
G1 X22.049 Y47.22 E20.18342
G1 X28.13 Y47.218 E20.47589
G1 X28.847 Y47.182 E20.51042
G1 X29.548 Y47.077 E20.54451
G1 X30.236 Y46.903 E20.57864
G1 X30.903 Y46.664 E20.61272
G1 X31.543 Y46.36 E20.6468
G1 X32.154 Y45.992 E20.68111
G1 X32.97 Y45.355 E20.7309
G1 X33.488 Y44.838 E20.7661
G1 X33.89 Y44.349 E20.79655
G1 X34.493 Y43.412 E20.85014
G1 X34.935 Y42.418 E20.90246
G1 X35.14 Y41.739 E20.93657
G1 X35.277 Y41.039 E20.97088
G1 X35.354 Y39.993 E21.02133
G1 X35.354 Y-8.346 E23.34627
G1 X39.844 Y-8.346 E23.56222
G1 X39.904 Y-7.951 F7800
G1 E21.56222 F2400
G92 E0
G1 X38.844 Y-6.109 F7800
G1 E2 F2400
;TYPE:Internal infill
;WIDTH:0.45
G1 F4800
G1 X38.844 Y-7.286 E2.05661
G1 X37.707 Y-7.286 E2.1113
G1 X36.415 Y-2.461 E2.35154
G1 X36.415 Y-1.647 E2.39069
G1 X38.844 Y-2.298 E2.51164
G1 X38.844 Y-3.01 E2.54588
G1 X36.415 Y-5.439 E2.7111
G1 X36.415 Y-7.286 E2.79993
G1 X36.882 Y-7.286 E2.82239
G1 E.82239 F2400
G92 E0
G1 X36.882 Y-7.286 F7800
G1 X36.415 Y.427
G1 E2 F2400
G1 F4800
G1 X36.415 Y2.741 E2.1113
G1 X38.844 Y5.17 E2.27652
G1 X38.844 Y3.69 E2.3477
G1 X36.415 Y4.341 E2.46865
G1 X36.415 Y6.655 E2.57995
G1 E.57995 F2400
G92 E0
G1 X36.415 Y6.655 F7800
G1 X36.415 Y14.004
G1 E2 F2400
G1 F4800
G1 X36.415 Y16.318 E2.1113
G1 X38.844 Y15.667 E2.23225
G1 X38.844 Y13.35 E2.34369
G1 X36.415 Y10.921 E2.50891
G1 X36.415 Y10.33 E2.53734
G1 X38.844 Y9.679 E2.65829
G1 X38.844 Y10.822 E2.71326
G1 X36.415 Y19.887 E3.16464
G1 X36.415 Y22.306 E3.28099
G1 X38.844 Y21.655 E3.40194
G1 X38.844 Y21.531 E3.4079
G1 X36.415 Y19.101 E3.57315
G1 E1.57315 F2400
G92 E0
G1 X36.415 Y19.101 F7800
G1 X38.844 Y25.33
G1 E2 F2400
G1 F4800
G1 X38.844 Y27.644 E2.1113
G1 X36.415 Y28.295 E2.23225
G1 X36.415 Y27.282 E2.28097
G1 X38.844 Y29.711 E2.44619
G1 X38.844 Y33.171 E2.6126
G1 X34.528 Y49.278 E3.41462
G1 X33.871 Y49.278 E3.44622
G1 X31.939 Y47.347 E3.5776
G1 E1.5776 F2400
G92 E0
G1 X31.939 Y47.347 F7800
G1 X34.685 Y45.055
G1 E2 F2400
G1 F4800
G1 X35.387 Y43.983 E2.06163
G1 X35.818 Y43.046 E2.11124
G1 X38.844 Y46.071 E2.31703
G1 X38.844 Y45.609 E2.33925
G1 X31.367 Y47.612 E2.71155
G1 X30.479 Y47.937 E2.75703
G1 X29.352 Y48.176 E2.81244
G1 X30.853 Y49.278 F7800
G1 F4800
G1 X28.539 Y49.278 E2.92374
G1 X28.816 Y48.246 E2.97513
G1 X29.161 Y48.203 E2.99185
G1 X25.148 Y49.278 E3.19167
G1 X22.551 Y49.278 E3.31658
G1 X22.818 Y48.28 E3.36627
G1 X24.691 Y48.279 E3.45635
G1 X25.69 Y49.278 E3.5243
G1 E1.5243 F2400
G92 E0
G1 X25.69 Y49.278 F7800
G1 X36.415 Y37.964
G1 E2 F2400
G1 F4800
G1 X36.393 Y40.277 E2.11125
G1 X38.844 Y39.62 E2.2333
G1 X38.844 Y37.891 E2.31646
G1 X36.415 Y35.462 E2.48168
G1 X36.415 Y34.283 E2.53839
G1 X38.844 Y33.632 E2.65934
;LAYER_CHANGE
;Z:3.35
;HEIGHT:0.3
G1 Z3.35 F7800
G1 E.65934 F2400
G92 E0
G1 X38.844 Y33.632 F7800
G1 X42.412 Y37.166
G1 E2 F2400
;TYPE:Support material
;WIDTH:0.35
G1 F3600
G1 X42.696 Y36.942 E2.01289
G1 X43.123 Y36.769 E2.0293
G1 X43.667 Y36.701 E2.04883
G1 X43.719 Y36.355 E2.06129
G1 X44.384 Y36.562 E2.0861
G1 X44.669 Y36.806 E2.09947
G1 X44.834 Y37.088 E2.11111
G1 X44.882 Y37.38 E2.12165
G1 X44.819 Y37.678 E2.1325
G1 X44.637 Y37.97 E2.14476
G1 X44.345 Y38.214 E2.15832
G1 X43.697 Y38.431 E2.18266
G1 X43.17 Y38.409 E2.20145
G1 X42.547 Y38.234 E2.2245
G1 X42.286 Y38.079 E2.23531
G1 X41.992 Y37.667 E2.25334
G1 X41.991 Y37.21 E2.26962
G1 X42.29 Y36.782 E2.28822
G1 X42.997 Y36.441 E2.31618
G1 X43.676 Y36.348 E2.34059
G1 X43.676 Y36.348 F7800
G1 X44.08 Y36.054
G1 F3600
G1 X44.569 Y36.261 E2.35951
G1 X44.942 Y36.578 E2.37695
G1 X45.168 Y36.966 E2.39295
G1 X45.238 Y37.388 E2.40819
G1 X45.149 Y37.811 E2.42359
G1 X44.904 Y38.203 E2.44006
G1 X44.522 Y38.52 E2.45774
G1 X43.734 Y38.78 E2.4873
G1 X43.371 Y38.795 E2.50024
G1 X42.827 Y38.686 E2.52
G1 X42.066 Y38.356 E2.54955
G1 X41.812 Y38.089 E2.56268
G1 X41.654 Y37.776 E2.57517
G1 X41.601 Y37.441 E2.58725
G1 X41.653 Y37.103 E2.59943
G1 X41.81 Y36.785 E2.61206
G1 X42.065 Y36.509 E2.62545
G1 X42.871 Y36.112 E2.65746
G1 X43.368 Y36 E2.67561
G1 X44.038 Y36.048 E2.69954
G1 E.69954 F2400
G92 E0
G1 X44.038 Y36.048 F7800
G1 X42.336 Y.522
G1 E2 F2400
G1 F3600
G1 X42.409 Y.33 E2.00732
G1 X42.7 Y.103 E2.02047
G1 X43.472 Y-.085 E2.04878
G1 X43.484 Y-.435 E2.06126
G1 X43.954 Y-.389 E2.07808
G1 X44.371 Y-.218 E2.09414
G1 X44.667 Y.027 E2.10783
G1 X44.84 Y.312 E2.11971
G1 X44.896 Y.607 E2.13041
G1 X44.842 Y.906 E2.14123
G1 X44.675 Y1.187 E2.15287
G1 X44.383 Y1.436 E2.16654
G1 X43.986 Y1.608 E2.18195
G1 X43.427 Y1.658 E2.20194
G1 X42.566 Y1.388 E2.23409
G1 X42.119 Y1.027 E2.25456
G1 X41.973 Y.574 E2.27152
G1 X42.119 Y.127 E2.28827
G1 X42.56 Y-.221 E2.30828
G1 X43.441 Y-.436 E2.34059
G1 X43.441 Y-.436 F7800
G1 X43.75 Y-.776
G1 F3600
G1 X44.553 Y-.522 E2.37059
G1 X44.935 Y-.205 E2.38827
G1 X45.172 Y.184 E2.4045
G1 X45.252 Y.606 E2.4198
G1 X45.175 Y1.029 E2.43512
G1 X45.042 Y1.257 E2.44452
G1 X44.571 Y1.736 E2.46845
G1 X44.085 Y1.947 E2.48732
G1 X43.389 Y2.008 E2.51221
G1 X42.883 Y1.893 E2.5307
G1 X42.083 Y1.502 E2.56242
G1 X41.828 Y1.228 E2.57575
G1 X41.671 Y.911 E2.58835
G1 X41.619 Y.574 E2.6005
G1 X41.672 Y.238 E2.61262
G1 X41.829 Y-.076 E2.62513
G1 X42.084 Y-.345 E2.63833
G1 X42.42 Y-.545 E2.65226
G1 X43.118 Y-.745 E2.67813
G1 X43.707 Y-.777 E2.69914
G1 E.69914 F2400
G92 E0
G1 X43.707 Y-.777 F7800
G1 X39.133 Y-7.575
G1 E2 F2400
;TYPE:Perimeter
;WIDTH:0.45
G1 F3600
G1 X39.133 Y-6.071 E2.07234
G1 X39.133 Y49.568 E4.74838
G1 X21.127 Y49.568 E5.61441
G1 X21.128 Y48.98 E5.64269
G1 X21.244 Y48.527 E5.66518
G1 X21.458 Y48.252 E5.68194
G1 X21.752 Y48.078 E5.69837
G1 X22.116 Y47.991 E5.71637
G1 X28.13 Y47.989 E6.00562
G1 X28.96 Y47.945 E6.0456
G1 X29.735 Y47.825 E6.08332
G1 X30.496 Y47.63 E6.1211
G1 X31.232 Y47.361 E6.15879
G1 X31.94 Y47.021 E6.19657
G1 X32.625 Y46.603 E6.23517
G1 X33.461 Y45.948 E6.28625
G1 X34.015 Y45.403 E6.32363
G1 X34.803 Y44.395 E6.38517
G1 X35.212 Y43.699 E6.424
G1 X35.673 Y42.641 E6.47951
G1 X35.896 Y41.889 E6.51724
G1 X36.045 Y41.119 E6.55496
G1 X36.125 Y39.993 E6.60925
G1 X36.125 Y-7.575 E8.89711
G1 X39.073 Y-7.575 E9.0389
G1 X39.073 Y-7.575 F7800
G1 X39.519 Y-7.961
G1 F3600
G1 X39.519 Y-6.071 E9.1298
G1 X39.519 Y49.953 E11.82436
G1 X20.741 Y49.953 E12.72752
G1 X20.742 Y49.026 E12.77211
G1 X20.805 Y48.583 E12.79363
G1 X21.012 Y48.171 E12.81581
G1 X21.288 Y47.898 E12.83448
G1 X21.727 Y47.667 E12.85834
G1 X22.083 Y47.606 E12.87571
G1 X28.13 Y47.603 E13.16655
G1 X28.903 Y47.563 E13.20378
G1 X29.641 Y47.451 E13.23968
G1 X30.366 Y47.266 E13.27567
G1 X31.068 Y47.012 E13.31158
G1 X31.742 Y46.691 E13.34749
G1 X32.389 Y46.297 E13.38392
G1 X33.191 Y45.673 E13.43279
G1 X33.745 Y45.128 E13.47017
G1 X34.472 Y44.197 E13.52698
G1 X34.86 Y43.542 E13.5636
G1 X35.304 Y42.53 E13.61675
G1 X35.518 Y41.814 E13.65269
G1 X35.661 Y41.081 E13.68861
G1 X35.74 Y39.993 E13.74108
G1 X35.74 Y-7.961 E16.0475
G1 X39.459 Y-7.961 E16.22637
G1 X39.459 Y-7.961 F7800
G1 X39.904 Y-8.346
;TYPE:External perimeter
G1 F1800
G1 X39.904 Y-6.071 E16.33579
G1 X39.904 Y50.339 E19.04892
G1 X20.354 Y50.339 E19.98921
G1 X20.356 Y49.025 E20.05241
G1 X20.405 Y48.631 E20.07151
G1 X20.555 Y48.175 E20.0946
G1 X20.837 Y47.789 E20.11759
G1 X21.216 Y47.472 E20.14135
G1 X21.614 Y47.296 E20.16228
G1 X22.049 Y47.22 E20.18352
G1 X28.13 Y47.218 E20.47599
G1 X28.847 Y47.182 E20.51052
G1 X29.548 Y47.077 E20.54461
G1 X30.236 Y46.903 E20.57874
G1 X30.903 Y46.664 E20.61282
G1 X31.543 Y46.36 E20.6469
G1 X32.154 Y45.992 E20.68121
G1 X32.92 Y45.398 E20.72783
G1 X33.623 Y44.665 E20.77668
G1 X34.142 Y43.999 E20.81729
G1 X34.507 Y43.386 E20.8516
G1 X34.935 Y42.418 E20.90251
G1 X35.14 Y41.739 E20.93662
G1 X35.277 Y41.043 E20.97074
G1 X35.354 Y39.993 E21.02138
G1 X35.354 Y-8.346 E23.34632
G1 X39.844 Y-8.346 E23.56227
G1 X39.904 Y-7.951 F7800
G1 E21.56227 F2400
G92 E0
G1 X38.844 Y-6.109 F7800
G1 E2 F2400
;TYPE:Internal infill
;WIDTH:0.45
G1 F4800
G1 X38.844 Y-7.286 E2.05661
G1 X37.707 Y-7.286 E2.1113
G1 X36.415 Y-2.461 E2.35154
G1 X36.415 Y-1.647 E2.39069
G1 X38.844 Y-2.298 E2.51164
G1 X38.844 Y-3.01 E2.54588
G1 X36.415 Y-5.439 E2.7111
G1 X36.415 Y-7.286 E2.79993
G1 X36.882 Y-7.286 E2.82239
G1 E.82239 F2400
G92 E0
G1 X36.882 Y-7.286 F7800
G1 X36.415 Y.427
G1 E2 F2400
G1 F4800
G1 X36.415 Y2.741 E2.1113
G1 X38.844 Y5.17 E2.27652
G1 X38.844 Y3.69 E2.3477
G1 X36.415 Y4.341 E2.46865
G1 X36.415 Y6.655 E2.57995
G1 E.57995 F2400
G92 E0
G1 X36.415 Y6.655 F7800
G1 X36.415 Y14.004
G1 E2 F2400
G1 F4800
G1 X36.415 Y16.318 E2.1113
G1 X38.844 Y15.667 E2.23225
G1 X38.844 Y13.35 E2.34369
G1 X36.415 Y10.921 E2.50891
G1 X36.415 Y10.33 E2.53734
G1 X38.844 Y9.679 E2.65829
G1 X38.844 Y10.822 E2.71326
G1 X36.415 Y19.887 E3.16464
G1 X36.415 Y22.306 E3.28099
G1 X38.844 Y21.655 E3.40194
G1 X38.844 Y21.531 E3.4079
G1 X36.415 Y19.101 E3.57315
G1 E1.57315 F2400
G92 E0
G1 X36.415 Y19.101 F7800
G1 X38.844 Y25.33
G1 E2 F2400
G1 F4800
G1 X38.844 Y27.644 E2.1113
G1 X36.415 Y28.295 E2.23225
G1 X36.415 Y27.282 E2.28097
G1 X38.844 Y29.711 E2.44619
G1 X38.844 Y33.171 E2.6126
G1 X34.528 Y49.278 E3.41462
G1 X33.871 Y49.278 E3.44622
G1 X31.939 Y47.347 E3.5776
G1 E1.5776 F2400
G92 E0
G1 X31.939 Y47.347 F7800
G1 X34.673 Y45.044
G1 E2 F2400
G1 F4800
G1 X35.408 Y43.948 E2.06347
G1 X35.817 Y43.044 E2.11119
G1 X38.844 Y46.071 E2.31708
G1 X38.844 Y45.609 E2.3393
G1 X31.367 Y47.612 E2.7116
G1 X30.479 Y47.937 E2.75708
G1 X29.352 Y48.176 E2.81249
G1 X30.853 Y49.278 F7800
G1 F4800
G1 X28.539 Y49.278 E2.92379
G1 X28.816 Y48.246 E2.97518
G1 X29.161 Y48.203 E2.9919
G1 X25.148 Y49.278 E3.19172
G1 X22.551 Y49.278 E3.31663
G1 X22.818 Y48.28 E3.36632
G1 X24.691 Y48.279 E3.4564
G1 X25.69 Y49.278 E3.52435
G1 E1.52435 F2400
G92 E0
G1 X25.69 Y49.278 F7800
G1 X36.415 Y37.96
G1 E2 F2400
G1 F4800
G1 X36.406 Y40.274 E2.1113
G1 X38.844 Y39.62 E2.23271
G1 X38.844 Y37.891 E2.31587
G1 X36.415 Y35.462 E2.48109
G1 X36.415 Y34.283 E2.5378
G1 X38.844 Y33.632 E2.65875
;LAYER_CHANGE
;Z:3.65
;HEIGHT:0.3
G1 Z3.65 F7800
G1 E.65875 F2400
G92 E0
G1 X38.844 Y33.632 F7800
G1 X41.923 Y37.083
G1 E2 F2400
;TYPE:Support material
;WIDTH:0.35
G1 F3600
G1 X42.143 Y36.809 E2.01252
G1 X42.396 Y36.653 E2.02311
G1 X43.126 Y36.545 E2.0494
G1 X43.134 Y36.195 E2.06187
G1 X43.61 Y36.205 E2.07883
G1 X44.125 Y36.373 E2.09813
G1 X44.505 Y36.664 E2.11518
G1 X44.724 Y37.016 E2.12995
G1 X44.792 Y37.401 E2.14388
G1 X44.707 Y37.787 E2.15796
G1 X44.485 Y38.124 E2.17234
G1 X44.251 Y38.32 E2.18321
G1 X43.562 Y38.605 E2.20977
G1 X42.636 Y38.65 E2.2428
G1 X42.249 Y38.54 E2.25713
G1 X41.925 Y38.348 E2.27055
G1 X41.67 Y38.083 E2.28365
G1 X41.516 Y37.777 E2.29585
G1 X41.464 Y37.449 E2.30768
G1 X41.515 Y37.118 E2.31961
G1 X41.669 Y36.807 E2.33197
G1 X41.919 Y36.537 E2.34508
G1 X42.25 Y36.331 E2.35897
G1 X42.639 Y36.212 E2.37346
G1 X43.091 Y36.194 E2.38957
G1 E.38957 F2400
G92 E0
G1 X43.091 Y36.194 F7800
G1 X41.841 Y.605
G1 E2 F2400
G1 F3600
G1 X41.871 Y.349 E2.00918
G1 X42.157 Y-.053 E2.02676
G1 X42.709 Y-.29 E2.04816
G1 X43.036 Y-.299 E2.05981
G1 X43.112 Y-.641 E2.07229
G1 X43.583 Y-.597 E2.08914
G1 X44.274 Y-.315 E2.11573
G1 X44.497 Y-.137 E2.12589
G1 X44.731 Y.219 E2.14107
G1 X44.811 Y.602 E2.15501
G1 X44.739 Y.989 E2.16903
G1 X44.517 Y1.343 E2.18392
G1 X44.137 Y1.636 E2.20101
G1 X43.701 Y1.786 E2.21744
G1 X42.655 Y1.798 E2.25471
G1 X42.268 Y1.681 E2.26911
G1 X41.937 Y1.478 E2.28294
G1 X41.687 Y1.209 E2.29602
G1 X41.533 Y.899 E2.30835
G1 X41.481 Y.569 E2.32025
G1 X41.534 Y.24 E2.33212
G1 X41.688 Y-.067 E2.34436
G1 X41.936 Y-.329 E2.35721
G1 X42.267 Y-.528 E2.37097
G1 X42.655 Y-.639 E2.38535
G1 X43.07 Y-.65 E2.40014
G1 E.40014 F2400
G92 E0
G1 X43.07 Y-.65 F7800
G1 X39.133 Y-7.575
G1 E2 F2400
;TYPE:Perimeter
;WIDTH:0.45
G1 F3600
G1 X39.133 Y-6.071 E2.07234
G1 X39.133 Y49.568 E4.74838
G1 X21.127 Y49.568 E5.61441
G1 X21.128 Y48.98 E5.64269
G1 X21.244 Y48.529 E5.66509
G1 X21.458 Y48.252 E5.68193
G1 X21.752 Y48.078 E5.69836
G1 X22.116 Y47.991 E5.71636
G1 X28.13 Y47.989 E6.00561
G1 X28.96 Y47.945 E6.04559
G1 X29.735 Y47.825 E6.08331
G1 X30.496 Y47.63 E6.12109
G1 X31.232 Y47.361 E6.15878
G1 X31.94 Y47.021 E6.19656
G1 X32.625 Y46.603 E6.23516
G1 X33.454 Y45.954 E6.2858
G1 X34.015 Y45.403 E6.32362
G1 X34.803 Y44.395 E6.38516
G1 X35.212 Y43.699 E6.42399
G1 X35.673 Y42.641 E6.4795
G1 X35.898 Y41.881 E6.51762
G1 X36.057 Y41.019 E6.55978
G1 X36.125 Y39.993 E6.60924
G1 X36.125 Y-7.575 E8.8971
G1 X39.073 Y-7.575 E9.03889
G1 X39.073 Y-7.575 F7800
G1 X39.519 Y-7.961
G1 F3600
G1 X39.519 Y-6.071 E9.12979
G1 X39.519 Y49.953 E11.82435
G1 X20.741 Y49.953 E12.72751
G1 X20.742 Y49.026 E12.7721
G1 X20.805 Y48.582 E12.79367
G1 X21.012 Y48.17 E12.81585
G1 X21.288 Y47.898 E12.83449
G1 X21.727 Y47.667 E12.85835
G1 X22.083 Y47.606 E12.87572
G1 X28.13 Y47.603 E13.16656
G1 X28.903 Y47.563 E13.20379
G1 X29.641 Y47.451 E13.23969
G1 X30.366 Y47.266 E13.27568
G1 X31.068 Y47.012 E13.31159
G1 X31.742 Y46.691 E13.3475
G1 X32.389 Y46.298 E13.38391
G1 X33.184 Y45.679 E13.43237
G1 X33.745 Y45.128 E13.47019
G1 X34.472 Y44.197 E13.527
G1 X34.86 Y43.542 E13.56362
G1 X35.304 Y42.53 E13.61677
G1 X35.519 Y41.809 E13.65296
G1 X35.673 Y40.983 E13.69337
G1 X35.74 Y39.993 E13.74109
G1 X35.74 Y-7.961 E16.04751
G1 X39.459 Y-7.961 E16.22638
G1 X39.459 Y-7.961 F7800
G1 X39.904 Y-8.346
;TYPE:External perimeter
G1 F1800
G1 X39.904 Y-6.071 E16.3358
G1 X39.904 Y50.339 E19.04893
G1 X20.354 Y50.339 E19.98922
G1 X20.356 Y49.025 E20.05242
G1 X20.405 Y48.631 E20.07152
G1 X20.554 Y48.177 E20.0945
G1 X20.837 Y47.789 E20.1176
G1 X21.216 Y47.472 E20.14136
G1 X21.614 Y47.296 E20.16229
G1 X22.049 Y47.22 E20.18353
G1 X28.13 Y47.218 E20.476
G1 X28.847 Y47.182 E20.51053
G1 X29.548 Y47.077 E20.54462
G1 X30.236 Y46.903 E20.57875
G1 X30.903 Y46.664 E20.61283
G1 X31.543 Y46.36 E20.64691
G1 X32.154 Y45.992 E20.68122
G1 X32.914 Y45.404 E20.72744
G1 X33.623 Y44.665 E20.7767
G1 X34.142 Y43.999 E20.81731
G1 X34.507 Y43.386 E20.85162
G1 X34.935 Y42.418 E20.90253
G1 X35.14 Y41.737 E20.93674
G1 X35.289 Y40.947 E20.97541
G1 X35.354 Y39.993 E21.0214
G1 X35.354 Y-8.346 E23.34634
G1 X39.844 Y-8.346 E23.56229
G1 X39.904 Y-7.951 F7800
G1 E21.56229 F2400
G92 E0
G1 X38.844 Y-6.109 F7800
G1 E2 F2400
;TYPE:Internal infill
;WIDTH:0.45
G1 F4800
G1 X38.844 Y-7.286 E2.05661
G1 X37.707 Y-7.286 E2.1113
G1 X36.415 Y-2.461 E2.35154
G1 X36.415 Y-1.647 E2.39069
G1 X38.844 Y-2.298 E2.51164
G1 X38.844 Y-3.01 E2.54588
G1 X36.415 Y-5.439 E2.7111
G1 X36.415 Y-7.286 E2.79993
G1 X36.882 Y-7.286 E2.82239
G1 E.82239 F2400
G92 E0
G1 X36.882 Y-7.286 F7800
G1 X36.415 Y.427
G1 E2 F2400
G1 F4800
G1 X36.415 Y2.741 E2.1113
G1 X38.844 Y5.17 E2.27652
G1 X38.844 Y3.69 E2.3477
G1 X36.415 Y4.341 E2.46865
G1 X36.415 Y6.655 E2.57995
G1 E.57995 F2400
G92 E0
G1 X36.415 Y6.655 F7800
G1 X36.415 Y14.004
G1 E2 F2400
G1 F4800
G1 X36.415 Y16.318 E2.1113
G1 X38.844 Y15.667 E2.23225
G1 X38.844 Y13.35 E2.34369
G1 X36.415 Y10.921 E2.50891
G1 X36.415 Y10.33 E2.53734
G1 X38.844 Y9.679 E2.65829
G1 X38.844 Y10.822 E2.71326
G1 X36.415 Y19.887 E3.16464
G1 X36.415 Y22.306 E3.28099
G1 X38.844 Y21.655 E3.40194
G1 X38.844 Y21.531 E3.4079
G1 X36.415 Y19.101 E3.57315
G1 E1.57315 F2400
G92 E0
G1 X36.415 Y19.101 F7800
G1 X38.844 Y25.33
G1 E2 F2400
G1 F4800
G1 X38.844 Y27.644 E2.1113
G1 X36.415 Y28.295 E2.23225
G1 X36.415 Y27.282 E2.28097
G1 X38.844 Y29.711 E2.44619
G1 X38.844 Y33.171 E2.6126
G1 X34.528 Y49.278 E3.41462
G1 X33.871 Y49.278 E3.44622
G1 X31.939 Y47.347 E3.5776
G1 E1.5776 F2400
G92 E0
G1 X31.939 Y47.347 F7800
G1 X34.673 Y45.044
G1 E2 F2400
G1 F4800
G1 X35.408 Y43.948 E2.06347
G1 X35.817 Y43.044 E2.11119
G1 X38.844 Y46.071 E2.31708
G1 X38.844 Y45.609 E2.3393
G1 X31.367 Y47.612 E2.7116
G1 X30.479 Y47.937 E2.75708
G1 X29.352 Y48.176 E2.81249
G1 X30.853 Y49.278 F7800
G1 F4800
G1 X28.539 Y49.278 E2.92379
G1 X28.816 Y48.246 E2.97518
G1 X29.161 Y48.203 E2.9919
G1 X25.148 Y49.278 E3.19172
G1 X22.551 Y49.278 E3.31663
G1 X22.818 Y48.28 E3.36632
G1 X24.691 Y48.279 E3.4564
G1 X25.69 Y49.278 E3.52435
G1 E1.52435 F2400
G92 E0
G1 X25.69 Y49.278 F7800
G1 X36.415 Y37.96
G1 E2 F2400
G1 F4800
G1 X36.406 Y40.274 E2.1113
G1 X38.844 Y39.62 E2.23271
G1 X38.844 Y37.891 E2.31587
G1 X36.415 Y35.462 E2.48109
G1 X36.415 Y34.283 E2.5378
G1 X38.844 Y33.632 E2.65875
;LAYER_CHANGE
;Z:3.95
;HEIGHT:0.3
G1 Z3.95 F7800
G1 E.65875 F2400
G92 E0
G1 X38.844 Y33.632 F7800
G1 X41.796 Y37.21
G1 E2 F2400
;TYPE:Support material
;WIDTH:0.35
G1 F3600
G1 X42.015 Y36.825 E2.01578
G1 X42.243 Y36.684 E2.02533
G1 X42.878 Y36.581 E2.04825
G1 X42.949 Y36.239 E2.06069
G1 X43.287 Y36.309 E2.07299
G1 X44.052 Y36.735 E2.10418
G1 X44.273 Y37.049 E2.11786
G1 X44.347 Y37.414 E2.13113
G1 X44.262 Y37.774 E2.14431
G1 X44.021 Y38.098 E2.1587
G1 X43.281 Y38.55 E2.18959
G1 X42.882 Y38.642 E2.20418
G1 X42.475 Y38.632 E2.21868
G1 X42.095 Y38.525 E2.23274
G1 X41.782 Y38.339 E2.24571
G1 X41.59 Y38.084 E2.25708
G1 X41.412 Y37.455 E2.28037
G1 X41.574 Y36.821 E2.30368
G1 X41.778 Y36.56 E2.31548
G1 X42.097 Y36.363 E2.32884
G1 X42.477 Y36.246 E2.343
G1 X42.907 Y36.23 E2.35833
G1 E.35833 F2400
G92 E0
G1 X42.907 Y36.23 F7800
G1 X41.797 Y.685
G1 E2 F2400
G1 F3600
G1 X41.816 Y.333 E2.01256
G1 X42.027 Y-.044 E2.02795
G1 X42.548 Y-.27 E2.04818
G1 X42.867 Y-.279 E2.05955
G1 X42.942 Y-.621 E2.07202
G1 X43.3 Y-.54 E2.0851
G1 X44.043 Y-.088 E2.11608
G1 X44.281 Y.235 E2.13037
G1 X44.367 Y.596 E2.14359
G1 X44.296 Y.954 E2.15659
G1 X44.07 Y1.274 E2.17055
G1 X43.304 Y1.701 E2.20179
G1 X42.904 Y1.786 E2.21636
G1 X42.495 Y1.768 E2.23094
G1 X42.114 Y1.653 E2.24512
G1 X41.796 Y1.458 E2.25841
G1 X41.594 Y1.198 E2.27014
G1 X41.43 Y.565 E2.29343
G1 X41.605 Y-.066 E2.31676
G1 X41.786 Y-.308 E2.32753
G1 X42.114 Y-.509 E2.34123
G1 X42.493 Y-.618 E2.35528
G1 X42.901 Y-.63 E2.36982
G1 E.36982 F2400
G92 E0
G1 X42.901 Y-.63 F7800
G1 X39.133 Y-7.575
G1 E2 F2400
;TYPE:Perimeter
;WIDTH:0.45
G1 F3600
G1 X39.133 Y-6.071 E2.07234
G1 X39.133 Y49.568 E4.74838
G1 X21.127 Y49.568 E5.61441
G1 X21.128 Y48.98 E5.64269
G1 X21.243 Y48.53 E5.66503
G1 X21.458 Y48.252 E5.68193
G1 X21.752 Y48.078 E5.69836
G1 X22.116 Y47.991 E5.71636
G1 X28.13 Y47.989 E6.00561
G1 X28.96 Y47.945 E6.04559
G1 X29.735 Y47.825 E6.08331
G1 X30.496 Y47.63 E6.12109
G1 X31.232 Y47.361 E6.15878
G1 X31.94 Y47.021 E6.19656
G1 X32.625 Y46.603 E6.23516
G1 X33.447 Y45.96 E6.28535
G1 X34.014 Y45.404 E6.32354
G1 X34.803 Y44.395 E6.38514
G1 X35.212 Y43.699 E6.42397
G1 X35.673 Y42.641 E6.47948
G1 X35.896 Y41.889 E6.51721
G1 X36.047 Y41.096 E6.55604
G1 X36.125 Y39.993 E6.60922
G1 X36.125 Y-7.575 E8.89708
G1 X39.073 Y-7.575 E9.03887
G1 X39.073 Y-7.575 F7800
G1 X39.519 Y-7.961
G1 F3600
G1 X39.519 Y-6.071 E9.12977
G1 X39.519 Y49.953 E11.82433
G1 X20.741 Y49.953 E12.72749
G1 X20.742 Y49.026 E12.77208
G1 X20.805 Y48.582 E12.79365
G1 X21.012 Y48.17 E12.81583
G1 X21.288 Y47.898 E12.83447
G1 X21.727 Y47.667 E12.85833
G1 X22.083 Y47.606 E12.8757
G1 X28.13 Y47.603 E13.16654
G1 X28.903 Y47.563 E13.20377
G1 X29.641 Y47.451 E13.23967
G1 X30.366 Y47.266 E13.27566
G1 X31.068 Y47.012 E13.31157
G1 X31.742 Y46.691 E13.34748
G1 X32.389 Y46.298 E13.38389
G1 X33.177 Y45.684 E13.43194
G1 X33.744 Y45.128 E13.47013
G1 X34.472 Y44.197 E13.52697
G1 X34.86 Y43.542 E13.56359
G1 X35.304 Y42.53 E13.61674
G1 X35.518 Y41.814 E13.65268
G1 X35.662 Y41.067 E13.68927
G1 X35.74 Y39.993 E13.74106
G1 X35.74 Y-7.961 E16.04748
G1 X39.459 Y-7.961 E16.22635
G1 X39.459 Y-7.961 F7800
G1 X39.904 Y-8.346
;TYPE:External perimeter
G1 F1800
G1 X39.904 Y-6.071 E16.33577
G1 X39.904 Y50.339 E19.0489
G1 X20.354 Y50.339 E19.98919
G1 X20.356 Y49.025 E20.05239
G1 X20.406 Y48.63 E20.07154
G1 X20.553 Y48.179 E20.09435
G1 X20.837 Y47.789 E20.11755
G1 X21.216 Y47.472 E20.14131
G1 X21.614 Y47.296 E20.16224
G1 X22.049 Y47.22 E20.18348
G1 X28.13 Y47.218 E20.47595
G1 X28.847 Y47.182 E20.51048
G1 X29.548 Y47.077 E20.54457
G1 X30.236 Y46.903 E20.5787
G1 X30.903 Y46.664 E20.61278
G1 X31.543 Y46.36 E20.64686
G1 X32.153 Y45.993 E20.6811
G1 X32.907 Y45.409 E20.72697
G1 X33.623 Y44.665 E20.77663
G1 X34.142 Y43.999 E20.81724
G1 X34.507 Y43.386 E20.85155
G1 X34.935 Y42.418 E20.90246
G1 X35.14 Y41.739 E20.93657
G1 X35.277 Y41.039 E20.97088
G1 X35.354 Y39.993 E21.02133
G1 X35.354 Y-8.346 E23.34627
G1 X39.844 Y-8.346 E23.56222
G1 X39.904 Y-7.951 F7800
G1 E21.56222 F2400
G92 E0
G1 X38.844 Y-6.109 F7800
G1 E2 F2400
;TYPE:Internal infill
;WIDTH:0.45
G1 F4800
G1 X38.844 Y-7.286 E2.05661
G1 X37.707 Y-7.286 E2.1113
G1 X36.415 Y-2.461 E2.35154
G1 X36.415 Y-2.344 E2.35717
G1 X36.8 Y-2.274 E2.37599
G1 X36.8 Y-1.75 E2.40119
G1 X38.458 Y-2.195 E2.48376
G1 X38.458 Y-2.482 E2.49756
G1 X38.793 Y-2.527 E2.51382
G1 X38.844 Y-2.339 E2.52319
G1 X38.844 Y-3.01 E2.55546
G1 X36.415 Y-5.439 E2.72068
G1 X36.415 Y-7.286 E2.80951
G1 X36.882 Y-7.286 E2.83197
G1 E.83197 F2400
G92 E0
G1 X36.882 Y-7.286 F7800
G1 X36.8 Y.813
G1 E2 F2400
G1 F4800
G1 X36.8 Y3.127 E2.1113
G1 X38.458 Y4.785 E2.22408
G1 X38.458 Y3.794 E2.27174
G1 X36.8 Y4.238 E2.35429
G1 X36.8 Y6.552 E2.46559
G1 E.46559 F2400
G92 E0
G1 X36.8 Y6.552 F7800
G1 X38.458 Y12.965
G1 E2 F2400
G1 F4800
G1 X36.8 Y11.307 E2.11278
G1 X36.8 Y10.226 E2.16477
G1 X38.458 Y9.782 E2.24732
G1 X38.458 Y12.261 E2.36655
G1 X36.8 Y18.448 E2.67462
G1 X36.8 Y19.487 E2.72459
G1 X38.458 Y21.145 E2.83737
G1 X38.458 Y21.759 E2.8669
G1 X36.8 Y22.203 E2.94945
G1 X36.8 Y24.517 E3.06075
G1 X36.8 Y24.517 F7800
G1 X38.458 Y25.433
G1 F4800
G1 X38.458 Y27.747 E3.17205
G1 X36.8 Y28.191 E3.2546
G1 X36.8 Y27.667 E3.2798
G1 X38.458 Y29.325 E3.39258
G1 X38.458 Y31.639 E3.50388
G1 E1.50388 F2400
G92 E0
G1 X36.415 Y38.148 F7800
G1 E2 F2400
;TYPE:Solid infill
;WIDTH:0.450031
G1 F1200
G1 X36.415 Y-1.952 E3.92883
G1 E1.92883 F2400
G92 E0
G1 X36.415 Y-1.952 F7800
G1 X36.8 Y13.901
G1 E2 F2400
;TYPE:Internal infill
;WIDTH:0.45
G1 F4800
G1 X36.8 Y16.215 E2.1113
G1 X38.458 Y15.77 E2.19387
G1 X38.458 Y18.084 E2.30517
G1 E.30517 F2400
G92 E0
G1 X38.458 Y18.084 F7800
G1 X38.844 Y40.006
G1 E2 F2400
;TYPE:Solid infill
;WIDTH:0.450029
G1 F1200
G1 X38.844 Y-.849 E3.96513
G1 E1.96513 F2400
G92 E0
G1 X38.844 Y-.849 F7800
G1 X36.181 Y41.917
G1 E2 F2400
;TYPE:Internal infill
;WIDTH:0.45
G1 F4800
G1 X36.32 Y41.238 E2.03333
G1 X36.393 Y40.277 E2.07968
G1 X38.458 Y39.724 E2.1825
G1 X38.458 Y37.505 E2.28923
G1 X36.8 Y35.848 E2.40197
G1 X36.8 Y34.18 E2.4822
G1 X38.458 Y33.735 E2.56477
G1 X38.458 Y34.61 E2.60685
G1 X34.528 Y49.278 E3.33721
G1 X33.871 Y49.278 E3.36881
G1 X31.939 Y47.347 E3.50019
G1 E1.50019 F2400
G92 E0
G1 X31.939 Y47.347 F7800
G1 X30.853 Y49.278
G1 E2 F2400
G1 F4800
G1 X28.539 Y49.278 E2.1113
G1 X28.816 Y48.246 E2.16269
G1 X29.161 Y48.203 E2.17941
G1 X25.148 Y49.278 E2.37923
G1 X22.551 Y49.278 E2.50414
G1 X22.818 Y48.28 E2.55383
G1 X24.691 Y48.279 E2.64391
G1 X25.69 Y49.278 E2.71186
G1 E.71186 F2400
G92 E0
G1 X25.69 Y49.278 F7800
G1 X29.352 Y48.176
G1 E2 F2400
G1 F4800
G1 X30.479 Y47.937 E2.05541
G1 X31.367 Y47.612 E2.10089
G1 X38.844 Y45.609 E2.47319
G1 X38.844 Y46.071 E2.49541
G1 X35.817 Y43.044 E2.7013
G1 X35.408 Y43.948 E2.74902
G1 X34.673 Y45.044 E2.81249
;LAYER_CHANGE
;Z:4.25
;HEIGHT:0.3
G1 Z4.25 F7800
G1 E.81249 F2400
G92 E0
G1 X34.673 Y45.044 F7800
G1 X41.812 Y37.708
G1 E2 F2400
;TYPE:Support material
;WIDTH:0.35
G1 F3600
G1 X41.755 Y37.414 E2.01067
G1 X41.876 Y37.035 E2.02484
G1 X42.21 Y36.694 E2.04184
G1 X42.689 Y36.612 E2.05915
G1 X42.758 Y36.269 E2.07161
G1 X43.456 Y36.518 E2.09801
G1 X43.727 Y36.775 E2.11131
G1 X43.898 Y37.087 E2.12398
G1 X43.956 Y37.428 E2.1363
G1 X43.896 Y37.771 E2.1487
G1 X43.723 Y38.088 E2.16157
G1 X43.451 Y38.35 E2.17502
G1 X43.103 Y38.535 E2.18906
G1 X42.712 Y38.625 E2.20335
G1 X42.326 Y38.615 E2.21711
G1 X42.037 Y38.489 E2.22834
G1 X41.576 Y38.043 E2.25119
G1 X41.402 Y37.41 E2.27458
G1 X41.571 Y36.858 E2.29515
G1 X42.017 Y36.4 E2.31792
G1 X42.317 Y36.28 E2.32943
G1 X42.716 Y36.261 E2.34366
G1 E.34366 F2400
G92 E0
G1 X42.716 Y36.261 F7800
G1 X41.826 Y.813
G1 E2 F2400
G1 F3600
G1 X41.773 Y.516 E2.01075
G1 X41.902 Y.144 E2.02478
G1 X42.23 Y-.168 E2.04091
G1 X42.697 Y-.258 E2.05785
G1 X42.772 Y-.6 E2.07032
G1 X43.469 Y-.338 E2.09685
G1 X43.741 Y-.077 E2.11028
G1 X43.914 Y.239 E2.12311
G1 X43.973 Y.582 E2.13551
G1 X43.915 Y.923 E2.14783
G1 X43.744 Y1.236 E2.16054
G1 X43.472 Y1.493 E2.17387
G1 X43.125 Y1.671 E2.18776
G1 X42.733 Y1.755 E2.20204
G1 X42.333 Y1.737 E2.2163
G1 X42.039 Y1.617 E2.22761
G1 X41.593 Y1.163 E2.25028
G1 X41.452 Y.826 E2.26329
G1 X41.42 Y.507 E2.27471
G1 X41.602 Y-.041 E2.29528
G1 X42.052 Y-.472 E2.31748
G1 X42.343 Y-.598 E2.32878
G1 X42.73 Y-.609 E2.34257
G1 E.34257 F2400
G92 E0
G1 X42.73 Y-.609 F7800
G1 X39.133 Y-7.575
G1 E2 F2400
;TYPE:Perimeter
;WIDTH:0.45
G1 F3600
G1 X39.133 Y-6.071 E2.07234
G1 X39.133 Y49.568 E4.74838
G1 X21.127 Y49.568 E5.61441
G1 X21.136 Y48.935 E5.64486
G1 X21.249 Y48.519 E5.66559
G1 X21.452 Y48.257 E5.68153
G1 X21.752 Y48.078 E5.69833
G1 X22.116 Y47.991 E5.71633
G1 X28.13 Y47.989 E6.00558
G1 X28.96 Y47.945 E6.04556
G1 X29.735 Y47.825 E6.08328
G1 X30.496 Y47.63 E6.12106
G1 X31.232 Y47.361 E6.15875
G1 X31.94 Y47.021 E6.19653
G1 X32.629 Y46.6 E6.23537
G1 X33.533 Y45.885 E6.29081
G1 X34.278 Y45.092 E6.34314
G1 X34.592 Y44.698 E6.36737
G1 X35.212 Y43.699 E6.42392
G1 X35.673 Y42.641 E6.47943
G1 X35.896 Y41.889 E6.51716
G1 X36.047 Y41.096 E6.55599
G1 X36.125 Y39.993 E6.60917
G1 X36.125 Y-7.575 E8.89703
G1 X39.073 Y-7.575 E9.03882
G1 X39.073 Y-7.575 F7800
G1 X39.519 Y-7.961
G1 F3600
G1 X39.519 Y-6.071 E9.12972
G1 X39.519 Y49.953 E11.82428
G1 X20.741 Y49.953 E12.72744
G1 X20.742 Y49.026 E12.77203
G1 X20.805 Y48.584 E12.7935
G1 X21.045 Y48.128 E12.81828
G1 X21.277 Y47.906 E12.83372
G1 X21.727 Y47.667 E12.85823
G1 X22.083 Y47.606 E12.8756
G1 X28.13 Y47.603 E13.16644
G1 X28.903 Y47.563 E13.20367
G1 X29.641 Y47.451 E13.23957
G1 X30.366 Y47.266 E13.27556
G1 X31.068 Y47.012 E13.31147
G1 X31.742 Y46.691 E13.34738
G1 X32.392 Y46.296 E13.38396
G1 X33.208 Y45.659 E13.43375
G1 X33.787 Y45.082 E13.47306
G1 X34.266 Y44.491 E13.50965
G1 X34.82 Y43.617 E13.55942
G1 X35.304 Y42.53 E13.61665
G1 X35.518 Y41.814 E13.65259
G1 X35.662 Y41.067 E13.68918
G1 X35.74 Y39.993 E13.74097
G1 X35.74 Y-7.961 E16.04739
G1 X39.459 Y-7.961 E16.22626
G1 X39.459 Y-7.961 F7800
G1 X39.904 Y-8.346
;TYPE:External perimeter
G1 F1800
G1 X39.904 Y-6.071 E16.33568
G1 X39.904 Y50.339 E19.04881
G1 X20.354 Y50.339 E19.9891
G1 X20.356 Y49.025 E20.0523
G1 X20.405 Y48.635 E20.07121
G1 X20.565 Y48.156 E20.0955
G1 X20.828 Y47.795 E20.11698
G1 X21.216 Y47.472 E20.14126
G1 X21.614 Y47.296 E20.16219
G1 X22.049 Y47.22 E20.18343
G1 X28.13 Y47.218 E20.4759
G1 X28.847 Y47.182 E20.51043
G1 X29.548 Y47.077 E20.54452
G1 X30.236 Y46.903 E20.57865
G1 X30.903 Y46.664 E20.61273
G1 X31.543 Y46.36 E20.64681
G1 X32.154 Y45.992 E20.68112
G1 X32.97 Y45.355 E20.73091
G1 X33.489 Y44.837 E20.76618
G1 X33.94 Y44.285 E20.80046
G1 X34.494 Y43.411 E20.85023
G1 X34.935 Y42.418 E20.90249
G1 X35.14 Y41.739 E20.9366
G1 X35.277 Y41.039 E20.97091
G1 X35.354 Y39.993 E21.02136
G1 X35.354 Y-8.346 E23.3463
G1 X39.844 Y-8.346 E23.56225
G1 X39.904 Y-7.951 F7800
G1 E21.56225 F2400
G92 E0
G1 X38.844 Y-5.324 F7800
G1 E2 F2400
;TYPE:Internal infill
;WIDTH:0.45
G1 F4800
G1 X38.844 Y-3.01 E2.1113
G1 X36.415 Y-5.439 E2.27652
G1 X36.415 Y-7.286 E2.36535
G1 X37.707 Y-7.286 E2.42749
G1 X36.415 Y-2.344 E2.67317
G1 X36.6 Y-2.311 E2.68221
G1 X38.54 Y-2.83 E2.7788
G1 E.7788 F2400
G92 E0
G1 X38.54 Y-2.83 F7800
G1 X36.852 Y39.64
G1 E2 F2400
;TYPE:Bridge infill
;WIDTH:0.408036
;HEIGHT:0.4
G1 F3600
G1 X36.447 Y38.128 E2.0851
G1 X36.447 Y36.358 E2.18133
G1 X37.272 Y39.437 E2.35463
G1 X37.746 Y39.437 E2.3804
G1 X36.447 Y34.588 E2.65331
G1 X36.447 Y32.819 E2.74948
G1 X38.353 Y39.933 E3.14987
G1 X38.626 Y39.86 E3.16523
G1 X38.812 Y39.953 E3.17654
G1 X38.812 Y39.874 E3.18083
G1 X36.447 Y31.049 E3.67753
G1 X36.447 Y29.279 E3.77376
G1 X38.812 Y38.105 E4.27051
G1 X38.812 Y36.335 E4.36674
G1 X36.447 Y27.51 E4.86344
G1 X36.447 Y25.74 E4.95967
G1 X38.812 Y34.565 E5.45637
G1 X38.812 Y32.795 E5.5526
G1 X36.447 Y23.97 E6.0493
G1 X36.447 Y22.2 E6.14553
G1 X38.812 Y31.026 E6.64228
G1 X38.812 Y29.256 E6.73851
G1 X36.447 Y20.431 E7.23521
G1 X36.447 Y18.661 E7.33144
G1 X38.812 Y27.486 E7.82814
G1 X38.812 Y25.717 E7.92431
G1 X36.447 Y16.891 E8.42106
G1 X36.447 Y15.122 E8.51723
G1 X38.812 Y23.947 E9.01393
G1 X38.812 Y22.177 E9.11016
G1 X36.447 Y13.352 E9.60686
G1 X36.447 Y11.582 E9.70309
G1 X38.812 Y20.407 E10.19979
G1 X38.812 Y18.638 E10.29596
G1 X36.447 Y9.812 E10.79271
G1 X36.447 Y8.043 E10.88888
G1 X38.812 Y16.868 E11.38558
G1 X38.812 Y15.098 E11.48181
G1 X36.447 Y6.273 E11.97851
G1 X36.447 Y4.503 E12.07474
G1 X38.812 Y13.329 E12.57149
G1 X38.812 Y11.559 E12.66772
G1 X36.447 Y2.734 E13.16442
G1 X36.447 Y.964 E13.26065
G1 X38.812 Y9.789 E13.75735
G1 X38.812 Y8.019 E13.85358
G1 X36.447 Y-.806 E14.35028
G1 X36.447 Y-1.914 E14.41052
G1 X36.631 Y-1.886 E14.42064
G1 X38.812 Y6.25 E14.87857
G1 X38.812 Y4.48 E14.9748
G1 X37.074 Y-2.005 E15.3398
G1 X37.516 Y-2.123 E15.36467
G1 X38.812 Y2.71 E15.6367
G1 X38.812 Y.94 E15.73293
G1 X37.959 Y-2.242 E15.91203
G1 X38.401 Y-2.361 E15.93692
G1 X39.014 Y-.073 E16.06569
G1 E14.06569 F2400
G92 E0
G1 X39.014 Y-.073 F7800
G1 X37.053 Y39.855
G1 E2 F2400
;TYPE:Internal infill
;WIDTH:0.45
;HEIGHT:0.3
G1 F4800
G1 X34.528 Y49.278 E2.4692
G1 X33.871 Y49.278 E2.5008
G1 X31.939 Y47.347 E2.63218
G1 E.63218 F2400
G92 E0
G1 X31.939 Y47.347 F7800
G1 X30.853 Y49.278
G1 E2 F2400
G1 F4800
G1 X28.539 Y49.278 E2.1113
G1 X28.816 Y48.246 E2.16269
G1 X29.161 Y48.203 E2.17941
G1 X25.148 Y49.278 E2.37923
G1 X22.551 Y49.278 E2.50414
G1 X22.818 Y48.28 E2.55383
G1 X24.691 Y48.279 E2.64391
G1 X25.69 Y49.278 E2.71186
G1 E.71186 F2400
G92 E0
G1 X25.69 Y49.278 F7800
G1 X29.352 Y48.176
G1 E2 F2400
G1 F4800
G1 X30.479 Y47.937 E2.05541
G1 X31.367 Y47.612 E2.10089
G1 X38.844 Y45.609 E2.47319
G1 X38.844 Y46.071 E2.49541
G1 X35.818 Y43.046 E2.7012
G1 X35.474 Y43.822 E2.74203
G1 X34.683 Y45.053 E2.81241
G1 E.81241 F2400
G92 E0
G1 X34.683 Y45.053 F7800
G1 X36.181 Y41.917
G1 E2 F2400
G1 F4800
G1 X36.32 Y41.238 E2.03333
G1 X36.393 Y40.277 E2.07968
G1 X37.714 Y39.923 E2.14546
G1 X38.089 Y40.436 E2.17602
G1 X38.58 Y40.305 E2.20046
G1 X38.844 Y40.437 E2.21466
G1 X38.844 Y41.312 E2.25674
;LAYER_CHANGE
;Z:4.55
;HEIGHT:0.3
G1 Z4.55 F7800
G1 E.25674 F2400
G92 E0
G1 X38.844 Y41.312 F7800
G1 X41.792 Y37.723
G1 E2 F2400
;TYPE:Support material
;WIDTH:0.35
G1 F3600
G1 X41.714 Y37.541 E2.00705
G1 X41.782 Y37.214 E2.01895
G1 X42.181 Y36.806 E2.03928
G1 X42.598 Y36.663 E2.05498
G1 X42.658 Y36.318 E2.06745
G1 X43.263 Y36.544 E2.09046
G1 X43.535 Y36.798 E2.10372
G1 X43.702 Y37.103 E2.11611
G1 X43.758 Y37.437 E2.12817
G1 X43.7 Y37.772 E2.14028
G1 X43.531 Y38.082 E2.15286
G1 X43.265 Y38.339 E2.16604
G1 X42.924 Y38.519 E2.17978
G1 X42.617 Y38.566 E2.19084
G1 X42.04 Y38.41 E2.21213
G1 X41.678 Y38.156 E2.22788
G1 X41.467 Y37.872 E2.24048
G1 X41.365 Y37.606 E2.25063
G1 X41.364 Y37.335 E2.26028
G1 X41.604 Y36.839 E2.27991
G1 X42.011 Y36.498 E2.29883
G1 X42.616 Y36.31 E2.3214
G1 E.3214 F2400
G92 E0
G1 X42.616 Y36.31 F7800
G1 X41.731 Y.621
G1 E2 F2400
G1 F3600
G1 X41.798 Y.309 E2.01137
G1 X42.035 Y.027 E2.02449
G1 X42.662 Y-.2 E2.04825
G1 X42.673 Y-.55 E2.06072
G1 X42.943 Y-.502 E2.07049
G1 X43.283 Y-.323 E2.08418
G1 X43.55 Y-.067 E2.09736
G1 X43.718 Y.241 E2.10986
G1 X43.776 Y.576 E2.12197
G1 X43.719 Y.91 E2.13404
G1 X43.552 Y1.216 E2.14646
G1 X43.288 Y1.467 E2.15944
G1 X42.949 Y1.641 E2.17301
G1 X42.601 Y1.703 E2.1856
G1 X42.037 Y1.52 E2.20672
G1 X41.698 Y1.262 E2.2219
G1 X41.484 Y.962 E2.23503
G1 X41.381 Y.695 E2.24522
G1 X41.38 Y.424 E2.25487
G1 X41.627 Y-.069 E2.27451
G1 X42.015 Y-.377 E2.29216
G1 X42.63 Y-.551 E2.31493
G1 E.31493 F2400
G92 E0
G1 X42.63 Y-.551 F7800
G1 X39.133 Y-7.575
G1 E2 F2400
;TYPE:Perimeter
;WIDTH:0.45
G1 F3600
G1 X39.133 Y-6.071 E2.07234
G1 X39.133 Y49.568 E4.74838
G1 X21.127 Y49.568 E5.61441
G1 X21.136 Y48.935 E5.64486
G1 X21.253 Y48.51 E5.66606
G1 X21.458 Y48.252 E5.68191
G1 X21.752 Y48.078 E5.69834
G1 X22.116 Y47.991 E5.71634
G1 X28.13 Y47.989 E6.00559
G1 X28.96 Y47.945 E6.04557
G1 X29.735 Y47.825 E6.08329
G1 X30.496 Y47.63 E6.12107
G1 X31.232 Y47.361 E6.15876
G1 X31.949 Y47.016 E6.19703
G1 X32.713 Y46.541 E6.2403
G1 X33.255 Y46.127 E6.2731
G1 X34.004 Y45.413 E6.32287
G1 X34.512 Y44.802 E6.36109
G1 X35.14 Y43.832 E6.41667
G1 X35.673 Y42.641 E6.47943
G1 X35.898 Y41.879 E6.51764
G1 X36.06 Y40.994 E6.56091
G1 X36.125 Y39.993 E6.60916
G1 X36.125 Y-7.575 E8.89702
G1 X39.073 Y-7.575 E9.03881
G1 X39.073 Y-7.575 F7800
G1 X39.519 Y-7.961
G1 F3600
G1 X39.519 Y-6.071 E9.12971
G1 X39.519 Y49.953 E11.82427
G1 X20.741 Y49.953 E12.72743
G1 X20.742 Y49.026 E12.77202
G1 X20.805 Y48.584 E12.79349
G1 X21.011 Y48.172 E12.81564
G1 X21.288 Y47.898 E12.83438
G1 X21.727 Y47.667 E12.85824
G1 X22.083 Y47.606 E12.87561
G1 X28.13 Y47.603 E13.16645
G1 X28.903 Y47.563 E13.20368
G1 X29.641 Y47.451 E13.23958
G1 X30.366 Y47.266 E13.27557
G1 X31.068 Y47.012 E13.31148
G1 X31.747 Y46.687 E13.34769
G1 X32.482 Y46.233 E13.38924
G1 X32.989 Y45.848 E13.41986
G1 X33.785 Y45.084 E13.47293
G1 X34.188 Y44.592 E13.50352
G1 X34.816 Y43.622 E13.5591
G1 X35.304 Y42.53 E13.61663
G1 X35.519 Y41.808 E13.65286
G1 X35.676 Y40.958 E13.69443
G1 X35.74 Y39.993 E13.74095
G1 X35.74 Y-7.961 E16.04737
G1 X39.459 Y-7.961 E16.22624
G1 X39.459 Y-7.961 F7800
G1 X39.904 Y-8.346
;TYPE:External perimeter
G1 F1800
G1 X39.904 Y-6.071 E16.33566
G1 X39.904 Y50.339 E19.04879
G1 X20.354 Y50.339 E19.98908
G1 X20.356 Y49.025 E20.05228
G1 X20.405 Y48.635 E20.07119
G1 X20.566 Y48.154 E20.09559
G1 X20.837 Y47.789 E20.11745
G1 X21.216 Y47.472 E20.14121
G1 X21.614 Y47.296 E20.16214
G1 X22.049 Y47.22 E20.18338
G1 X28.13 Y47.218 E20.47585
G1 X28.847 Y47.182 E20.51038
G1 X29.548 Y47.077 E20.54447
G1 X30.236 Y46.903 E20.5786
G1 X30.903 Y46.664 E20.61268
G1 X31.545 Y46.359 E20.64687
G1 X32.251 Y45.924 E20.68675
G1 X32.723 Y45.568 E20.71518
G1 X33.473 Y44.855 E20.76495
G1 X33.864 Y44.382 E20.79447
G1 X34.493 Y43.413 E20.85003
G1 X34.935 Y42.418 E20.9024
G1 X35.14 Y41.737 E20.93661
G1 X35.292 Y40.922 E20.97648
G1 X35.354 Y39.993 E21.02126
G1 X35.354 Y-8.346 E23.3462
G1 X39.844 Y-8.346 E23.56215
G1 X39.904 Y-7.951 F7800
G1 E21.56215 F2400
G92 E0
G1 X38.458 Y-5.441 F7800
G1 E2 F2400
;TYPE:Internal infill
;WIDTH:0.45
G1 F4800
G1 X38.458 Y-6.9 E2.07017
G1 X37.604 Y-6.9 E2.11124
G1 X36.8 Y-3.901 E2.26058
G1 X36.8 Y-1.75 E2.36404
G1 X38.458 Y-2.195 E2.44661
G1 X38.458 Y-3.396 E2.50437
G1 X36.8 Y-5.054 E2.61715
G1 E.61715 F2400
G92 E0
G1 X36.8 Y-5.054 F7800
G1 X38.844 Y-1.968
G1 E2 F2400
;TYPE:Solid infill
;WIDTH:0.450031
G1 F1200
G1 X38.844 Y-7.093 E2.24651
;WIDTH:0.483114
G1 X38.827 Y-7.173 E2.25078
;WIDTH:0.516197
G1 X38.811 Y-7.253 E2.25538
G1 X38.731 Y-7.269 E2.25998
;WIDTH:0.483114
G1 X38.651 Y-7.286 E2.26425
;WIDTH:0.450031
G1 X36.607 Y-7.286 E2.36257
;WIDTH:0.483113
G1 X36.528 Y-7.269 E2.36679
;WIDTH:0.516195
G1 X36.448 Y-7.253 E2.37139
G1 X36.431 Y-7.173 E2.376
;WIDTH:0.483113
G1 X36.415 Y-7.093 E2.38026
;WIDTH:0.450031
G1 X36.415 Y-1.968 E2.62677
G1 X36.415 Y-1.968 F7800
G1 X36.415 Y-.609
;WIDTH:0.45
G1 F1200
G1 X36.415 Y38.778 E4.52115
G1 X38.844 Y38.778 E4.63798
G1 X38.844 Y-.802 E6.54164
G1 X36.415 Y-.802 E6.65847
G1 X36.8 Y-.416 E6.68469
G1 X38.458 Y-.416 E6.76443
G1 X38.458 Y38.393 E8.63101
G1 X36.8 Y38.393 E8.71075
G1 X36.8 Y-.223 E10.56805
G1 X37.186 Y-.031 E10.58879
G1 X38.072 Y-.031 E10.6314
G1 X38.072 Y38.007 E12.4609
G1 X37.186 Y38.007 E12.50351
G1 X37.186 Y.162 E14.32372
G1 X37.629 Y.413 E14.34821
;WIDTH:0.565421
G1 X37.629 Y37.564 E16.66987
G1 E14.66987 F2400
G92 E0
G1 X37.629 Y37.564 F7800
G1 X36.795 Y40.169
G1 E2 F2400
;TYPE:Internal infill
;WIDTH:0.45
G1 F4800
G1 X38.458 Y39.724 E2.0828
G1 X38.458 Y39.559 E2.09074
G1 X38.844 Y39.559 E2.10931
G1 X38.844 Y39.164 E2.12831
G1 X37.238 Y39.164 E2.20555
G1 X36.728 Y41.067 E2.30031
G1 X36.525 Y42.157 E2.35364
G1 X36.216 Y43.098 E2.40128
G1 E.40128 F2400
G92 E0
G1 X36.216 Y43.098 F7800
G1 X36.945 Y48.893
G1 E2 F2400
G1 F4800
G1 X34.631 Y48.893 E2.1113
G1 X36.137 Y43.273 E2.39114
G1 X36.108 Y43.336 E2.39448
G1 X38.458 Y45.712 E2.55521
G1 X32.963 Y47.184 E2.82882
G1 X32.224 Y47.631 E2.87036
G1 X33.485 Y48.893 E2.95617
G1 X28.887 Y48.893 E3.17732
G1 X28.843 Y49.228 E3.19357
G1 X29.031 Y49.278 E3.20293
G1 X28.539 Y49.278 E3.22659
G1 X28.711 Y48.637 E3.25851
G1 X28.09 Y48.666 E3.28841
G1 X28.14 Y48.477 E3.29781
G1 X25.148 Y49.278 E3.44678
G1 X22.551 Y49.278 E3.57169
G1 X22.818 Y48.28 E3.62138
G1 X24.691 Y48.279 E3.71146
G1 X25.69 Y49.278 E3.77941
G1 E1.77941 F2400
G92 E0
G1 X25.69 Y49.278 F7800
G1 X28.526 Y48.259
G1 E2 F2400
;TYPE:Solid infill
;WIDTH:0.450029
G1 F1200
G1 X29.709 Y48.125 E2.05727
G1 X30.471 Y47.939 E2.095
G1 X31.237 Y47.671 E2.13403
;WIDTH:0.452411
G1 X31.984 Y47.324 E2.17389
;WIDTH:0.453625
G1 X32.791 Y46.835 E2.2197
G1 X33.332 Y46.428 E2.25257
;WIDTH:0.450039
G1 X34.009 Y45.806 E2.29679
G1 X34.399 Y45.392 E2.32415
G1 X34.786 Y44.897 E2.35437
;WIDTH:0.450735
G1 X35.384 Y43.986 E2.40688
G1 X35.475 Y43.811 E2.41638
;WIDTH:0.449961
G1 X35.891 Y42.881 E2.46538
G1 X36.148 Y42.071 E2.50625
G1 X36.326 Y41.16 E2.55089
G1 X36.4 Y40.458 E2.58484
G1 X36.411 Y39.944 E2.60956
G1 E.60956 F2400
G92 E0
G1 X36.411 Y39.944 F7800
G1 X30.521 Y49.279
G1 E2 F2400
;WIDTH:0.450029
G1 F1200
G1 X38.651 Y49.278 E2.39105
;WIDTH:0.483113
G1 X38.731 Y49.262 E2.39531
;WIDTH:0.516197
G1 X38.811 Y49.245 E2.39992
G1 X38.827 Y49.166 E2.40446
;WIDTH:0.483113
G1 X38.844 Y49.086 E2.40873
;WIDTH:0.450031
G1 X38.844 Y39.945 E2.84842
;LAYER_CHANGE
;Z:4.85
;HEIGHT:0.3
G1 Z4.85 F7800
G1 E.84842 F2400
G92 E0
G1 X38.844 Y39.945 F7800
G1 X41.532 Y37.465
G1 E2 F2400
;TYPE:Support material
;WIDTH:0.35
G1 F3600
G1 X41.724 Y37.139 E2.01348
G1 X41.941 Y37.004 E2.02258
G1 X42.253 Y36.88 E2.03454
G1 X42.637 Y36.843 E2.04828
G1 X42.685 Y36.496 E2.06076
G1 X43.096 Y36.589 E2.07577
G1 X43.343 Y36.822 E2.08787
G1 X43.506 Y37.12 E2.09997
G1 X43.561 Y37.446 E2.11175
G1 X43.505 Y37.773 E2.12357
G1 X43.18 Y38.23 E2.14355
G1 X42.582 Y38.402 E2.16572
G1 X42.157 Y38.368 E2.18091
G1 X41.496 Y38.077 E2.20664
G1 X41.182 Y37.611 E2.22666
G1 X41.182 Y37.354 E2.23582
G1 X41.496 Y36.869 E2.2564
G1 X42.17 Y36.536 E2.28318
G1 X42.642 Y36.49 E2.30007
G1 E.30007 F2400
G92 E0
G1 X42.642 Y36.49 F7800
G1 X41.546 Y.616
G1 E2 F2400
G1 F3600
G1 X41.608 Y.38 E2.00869
G1 X41.95 Y.098 E2.02448
G1 X42.599 Y-.035 E2.04808
G1 X42.654 Y-.381 E2.06056
G1 X43.091 Y-.28 E2.07654
G1 X43.358 Y-.058 E2.08891
G1 X43.523 Y.244 E2.10117
G1 X43.579 Y.571 E2.11299
G1 X43.523 Y.897 E2.12477
G1 X43.36 Y1.196 E2.1369
G1 X43.116 Y1.424 E2.1488
G1 X42.588 Y1.525 E2.16795
G1 X41.788 Y1.329 E2.19729
G1 X41.304 Y.951 E2.21917
G1 X41.196 Y.708 E2.22864
G1 X41.197 Y.451 E2.2378
G1 X41.512 Y-.042 E2.25864
G1 X42.173 Y-.355 E2.28469
G1 X42.612 Y-.387 E2.30037
G1 E.30037 F2400
G92 E0
G1 X42.612 Y-.387 F7800
G1 X39.133 Y-7.575
G1 E2 F2400
;TYPE:Perimeter
;WIDTH:0.45
G1 F3600
G1 X39.133 Y-6.071 E2.07234
G1 X39.133 Y49.568 E4.74838
G1 X21.127 Y49.568 E5.61441
G1 X21.128 Y48.98 E5.64269
G1 X21.24 Y48.535 E5.66476
G1 X21.458 Y48.252 E5.68194
G1 X21.752 Y48.078 E5.69837
G1 X22.116 Y47.991 E5.71637
G1 X28.13 Y47.989 E6.00562
G1 X28.96 Y47.945 E6.0456
G1 X29.735 Y47.825 E6.08332
G1 X30.496 Y47.63 E6.1211
G1 X31.232 Y47.361 E6.15879
G1 X31.94 Y47.021 E6.19657
G1 X32.629 Y46.6 E6.23541
G1 X33.533 Y45.885 E6.29085
G1 X34.231 Y45.14 E6.33995
G1 X34.803 Y44.395 E6.38513
G1 X35.212 Y43.699 E6.42396
G1 X35.673 Y42.641 E6.47947
G1 X35.896 Y41.889 E6.5172
G1 X36.045 Y41.119 E6.55492
G1 X36.125 Y39.993 E6.60921
G1 X36.125 Y-7.575 E8.89707
G1 X39.073 Y-7.575 E9.03886
G1 X39.073 Y-7.575 F7800
G1 X39.519 Y-7.961
G1 F3600
G1 X39.519 Y-6.071 E9.12976
G1 X39.519 Y49.953 E11.82432
G1 X20.741 Y49.953 E12.72748
G1 X20.742 Y49.026 E12.77207
G1 X20.805 Y48.582 E12.79364
G1 X21.013 Y48.17 E12.81584
G1 X21.288 Y47.898 E12.83444
G1 X21.727 Y47.667 E12.8583
G1 X22.083 Y47.606 E12.87567
G1 X28.13 Y47.603 E13.16651
G1 X28.903 Y47.563 E13.20374
G1 X29.641 Y47.451 E13.23964
G1 X30.366 Y47.266 E13.27563
G1 X31.068 Y47.012 E13.31154
G1 X31.742 Y46.691 E13.34745
G1 X32.392 Y46.296 E13.38403
G1 X33.208 Y45.659 E13.43382
G1 X33.927 Y44.903 E13.484
G1 X34.472 Y44.197 E13.5269
G1 X34.86 Y43.542 E13.56352
G1 X35.304 Y42.53 E13.61667
G1 X35.518 Y41.814 E13.65261
G1 X35.661 Y41.081 E13.68853
G1 X35.74 Y39.993 E13.741
G1 X35.74 Y-7.961 E16.04742
G1 X39.459 Y-7.961 E16.22629
G1 X39.459 Y-7.961 F7800
G1 X39.904 Y-8.346
;TYPE:External perimeter
G1 F1800
G1 X39.904 Y-6.071 E16.33571
G1 X39.904 Y50.339 E19.04884
G1 X20.354 Y50.339 E19.98913
G1 X20.356 Y49.025 E20.05233
G1 X20.406 Y48.629 E20.07153
G1 X20.55 Y48.185 E20.09398
G1 X20.837 Y47.789 E20.1175
G1 X21.216 Y47.472 E20.14126
G1 X21.614 Y47.296 E20.16219
G1 X22.049 Y47.22 E20.18343
G1 X28.13 Y47.218 E20.4759
G1 X28.847 Y47.182 E20.51043
G1 X29.548 Y47.077 E20.54452
G1 X30.236 Y46.903 E20.57865
G1 X30.903 Y46.664 E20.61273
G1 X31.543 Y46.36 E20.64681
G1 X32.154 Y45.992 E20.68112
G1 X32.988 Y45.339 E20.73207
G1 X33.623 Y44.666 E20.77657
G1 X34.142 Y43.999 E20.81722
G1 X34.507 Y43.386 E20.85153
G1 X34.935 Y42.418 E20.90244
G1 X35.14 Y41.739 E20.93655
G1 X35.277 Y41.043 E20.97067
G1 X35.354 Y39.993 E21.02131
G1 X35.354 Y-8.346 E23.34625
G1 X39.844 Y-8.346 E23.5622
G1 X39.904 Y-7.951 F7800
G1 E21.5622 F2400
G92 E0
G1 X38.919 Y-1.798 F7800
G1 E2 F2400
;TYPE:Bridge infill
;WIDTH:0.429824
;HEIGHT:0.4
G1 F3600
G1 X36.447 Y-2.46 E2.15438
G1 X36.447 Y-2.957 E2.18436
G1 X38.812 Y-2.323 E2.33207
G1 X38.812 Y-2.82 E2.36205
G1 X36.447 Y-3.454 E2.50976
G1 X36.447 Y-3.95 E2.53968
G1 X38.812 Y-3.317 E2.68737
G1 X38.812 Y-3.813 E2.71729
G1 X36.447 Y-4.447 E2.865
G1 X36.447 Y-4.944 E2.89498
G1 X38.812 Y-4.31 E3.04269
G1 X38.812 Y-4.807 E3.07267
G1 X36.447 Y-5.441 E3.22038
G1 X36.447 Y-5.937 E3.2503
G1 X38.812 Y-5.304 E3.39799
G1 X38.812 Y-5.8 E3.42791
G1 X36.447 Y-6.434 E3.57562
G1 X36.447 Y-6.931 E3.6056
G1 X38.812 Y-6.297 E3.75331
G1 X38.812 Y-6.794 E3.78329
G1 X36.34 Y-7.456 E3.93767
G1 E1.93767 F2400
G92 E0
G1 X36.34 Y-7.456 F7800
G1 X38.338 Y39.735
G1 E2 F2400
;TYPE:Top solid infill
;WIDTH:0.401524
;HEIGHT:0.3
G1 F900
G1 X38.869 Y39.204 E2.03158
G1 X38.869 Y38.728 E2.0516
G1 X38.012 Y39.584 E2.10253
G1 X37.536 Y39.584 E2.12255
G1 X38.869 Y38.251 E2.20182
G1 X38.869 Y37.774 E2.22188
G1 X37.059 Y39.584 E2.32952
G1 X36.582 Y39.584 E2.34958
G1 X38.869 Y37.297 E2.48558
G1 X38.869 Y36.82 E2.50564
G1 X36.39 Y39.299 E2.65306
G1 X36.39 Y38.823 E2.67308
G1 X38.869 Y36.344 E2.8205
G1 X38.869 Y35.867 E2.84056
G1 X36.39 Y38.346 E2.98798
G1 X36.39 Y37.869 E3.00804
G1 X38.869 Y35.39 E3.15546
G1 X38.869 Y34.913 E3.17552
G1 X36.39 Y37.392 E3.32294
G1 X36.39 Y36.916 E3.34296
G1 X38.869 Y34.436 E3.49041
G1 X38.869 Y33.96 E3.51043
G1 X36.39 Y36.439 E3.65785
G1 X36.39 Y35.962 E3.67791
G1 X38.869 Y33.483 E3.82533
G1 X38.869 Y33.006 E3.84539
G1 X36.39 Y35.485 E3.99281
G1 X36.39 Y35.008 E4.01287
G1 X38.869 Y32.529 E4.16029
G1 X38.869 Y32.052 E4.18035
G1 X36.39 Y34.532 E4.3278
G1 X36.39 Y34.055 E4.34786
G1 X38.869 Y31.576 E4.49528
G1 X38.869 Y31.099 E4.51534
G1 X36.39 Y33.578 E4.66276
G1 X36.39 Y33.101 E4.68282
G1 X38.869 Y30.622 E4.83024
G1 X38.869 Y30.145 E4.8503
G1 X36.39 Y32.624 E4.99772
G1 X36.39 Y32.148 E5.01774
G1 X38.869 Y29.668 E5.16519
G1 X38.869 Y29.192 E5.18521
G1 X36.39 Y31.671 E5.33263
G1 X36.39 Y31.194 E5.35269
G1 X38.869 Y28.715 E5.50011
G1 X38.869 Y28.238 E5.52017
G1 X36.39 Y30.717 E5.66759
G1 X36.39 Y30.24 E5.68765
G1 X38.869 Y27.761 E5.83507
G1 X38.869 Y27.285 E5.85509
G1 X36.39 Y29.764 E6.00251
G1 X36.39 Y29.287 E6.02257
G1 X38.869 Y26.808 E6.16999
G1 X38.869 Y26.331 E6.19005
G1 X36.39 Y28.81 E6.33747
G1 X36.39 Y28.333 E6.35753
G1 X38.869 Y25.854 E6.50495
G1 X38.869 Y25.377 E6.52501
G1 X36.39 Y27.856 E6.67243
G1 X36.39 Y27.38 E6.69245
G1 X38.869 Y24.901 E6.83987
G1 X38.869 Y24.424 E6.85993
G1 X36.39 Y26.903 E7.00735
G1 X36.39 Y26.426 E7.02741
G1 X38.869 Y23.947 E7.17483
G1 X38.869 Y23.47 E7.19489
G1 X36.39 Y25.949 E7.34231
G1 X36.39 Y25.473 E7.36233
G1 X38.869 Y22.993 E7.50978
G1 X38.869 Y22.517 E7.5298
G1 X36.39 Y24.996 E7.67722
G1 X36.39 Y24.519 E7.69728
G1 X38.869 Y22.04 E7.8447
G1 X38.869 Y21.563 E7.86476
G1 X36.39 Y24.042 E8.01218
G1 X36.39 Y23.565 E8.03224
G1 X38.869 Y21.086 E8.17966
G1 X38.869 Y20.609 E8.19972
G1 X36.39 Y23.089 E8.34717
G1 X36.39 Y22.612 E8.36723
G1 X38.869 Y20.133 E8.51465
G1 X38.869 Y19.656 E8.53471
G1 X36.39 Y22.135 E8.68213
G1 X36.39 Y21.658 E8.70219
G1 X38.869 Y19.179 E8.84961
G1 X38.869 Y18.702 E8.86967
G1 X36.39 Y21.181 E9.01709
G1 X36.39 Y20.705 E9.03711
G1 X38.869 Y18.225 E9.18456
G1 X38.869 Y17.749 E9.20458
G1 X36.39 Y20.228 E9.352
G1 X36.39 Y19.751 E9.37206
G1 X38.869 Y17.272 E9.51948
G1 X38.869 Y16.795 E9.53954
G1 X36.39 Y19.274 E9.68696
G1 X36.39 Y18.797 E9.70702
G1 X38.869 Y16.318 E9.85444
G1 X38.869 Y15.842 E9.87446
G1 X36.39 Y18.321 E10.02188
G1 X36.39 Y17.844 E10.04194
G1 X38.869 Y15.365 E10.18936
G1 X38.869 Y14.888 E10.20942
G1 X36.39 Y17.367 E10.35684
G1 X36.39 Y16.89 E10.3769
G1 X38.869 Y14.411 E10.52432
G1 X38.869 Y13.934 E10.54438
G1 X36.39 Y16.413 E10.6918
G1 X36.39 Y15.937 E10.71182
G1 X38.869 Y13.458 E10.85924
G1 X38.869 Y12.981 E10.8793
G1 X36.39 Y15.46 E11.02672
G1 X36.39 Y14.983 E11.04678
G1 X38.869 Y12.504 E11.1942
G1 X38.869 Y12.027 E11.21426
G1 X36.39 Y14.506 E11.36168
G1 X36.39 Y14.03 E11.3817
G1 X38.869 Y11.55 E11.52915
G1 X38.869 Y11.074 E11.54917
G1 X36.39 Y13.553 E11.69659
G1 X36.39 Y13.076 E11.71665
G1 X38.869 Y10.597 E11.86407
G1 X38.869 Y10.12 E11.88413
G1 X36.39 Y12.599 E12.03155
G1 X36.39 Y12.122 E12.05161
G1 X38.869 Y9.643 E12.19903
G1 X38.869 Y9.166 E12.21909
G1 X36.39 Y11.646 E12.36654
G1 X36.39 Y11.169 E12.3866
G1 X38.869 Y8.69 E12.53402
G1 X38.869 Y8.213 E12.55408
G1 X36.39 Y10.692 E12.7015
G1 X36.39 Y10.215 E12.72156
G1 X38.869 Y7.736 E12.86898
G1 X38.869 Y7.259 E12.88904
G1 X36.39 Y9.738 E13.03646
G1 X36.39 Y9.262 E13.05648
G1 X38.869 Y6.782 E13.20393
G1 X38.869 Y6.306 E13.22395
G1 X36.39 Y8.785 E13.37137
G1 X36.39 Y8.308 E13.39143
G1 X38.869 Y5.829 E13.53885
G1 X38.869 Y5.352 E13.55891
G1 X36.39 Y7.831 E13.70633
G1 X36.39 Y7.354 E13.72639
G1 X38.869 Y4.875 E13.87381
G1 X38.869 Y4.399 E13.89383
G1 X36.39 Y6.878 E14.04125
G1 X36.39 Y6.401 E14.06131
G1 X38.869 Y3.922 E14.20873
G1 X38.869 Y3.445 E14.22879
G1 X36.39 Y5.924 E14.37621
G1 X36.39 Y5.447 E14.39627
G1 X38.869 Y2.968 E14.54369
G1 X38.869 Y2.491 E14.56375
G1 X36.39 Y4.97 E14.71117
G1 X36.39 Y4.494 E14.73119
G1 X38.869 Y2.015 E14.87861
G1 X38.869 Y1.538 E14.89867
G1 X36.39 Y4.017 E15.04609
G1 X36.39 Y3.54 E15.06615
G1 X38.869 Y1.061 E15.21357
G1 X38.869 Y.584 E15.23363
G1 X36.39 Y3.063 E15.38105
G1 X36.39 Y2.587 E15.40107
G1 X38.869 Y.107 E15.54852
G1 X38.869 Y-.369 E15.56854
G1 X36.39 Y2.11 E15.71596
G1 X36.39 Y1.633 E15.73602
G1 X38.869 Y-.846 E15.88344
G1 X38.869 Y-1.323 E15.9035
G1 X36.39 Y1.156 E16.05092
G1 X36.39 Y.679 E16.07098
G1 X38.676 Y-1.607 E16.20692
G1 X38.2 Y-1.607 E16.22694
G1 X36.39 Y.203 E16.33458
G1 X36.39 Y-.274 E16.35464
G1 X37.723 Y-1.607 E16.43391
G1 X37.246 Y-1.607 E16.45397
G1 X36.39 Y-.751 E16.50487
G1 X36.39 Y-1.228 E16.52493
G1 X36.92 Y-1.758 E16.55645
G1 E14.55645 F2400
G92 E0
G1 X36.92 Y-1.758 F7800
G1 X27.935 Y48.278
G1 E2 F2400
;TYPE:Solid infill
;WIDTH:0.45
G1 F1200
G1 X22.141 Y48.28 E2.27867
G1 X21.86 Y48.357 E2.29268
G1 X21.652 Y48.473 E2.30413
G1 X21.504 Y48.665 E2.31579
G1 X21.417 Y49.041 E2.33435
G1 X21.416 Y49.278 E2.34575
G1 X29.031 Y49.278 E2.71201
G1 X28.186 Y49.052 E2.75408
G1 X28.05 Y48.816 E2.76718
G1 X28.156 Y48.392 E2.7882
G1 X28.128 Y48.278 E2.79385
G1 X27.548 Y48.625 E2.82636
;WIDTH:0.371701
G1 X27.742 Y48.625 E2.8338
G1 X27.701 Y48.798 E2.84061
G1 X27.791 Y48.932 E2.8468
G1 X22.184 Y48.933 E3.06172
;WIDTH:0.37064
G1 X21.789 Y48.936 E3.07681
;WIDTH:0.363365
G1 X21.829 Y48.804 E3.08195
G1 X22.027 Y48.656 E3.09117
;WIDTH:0.37064
G1 X22.184 Y48.626 E3.09728
;WIDTH:0.371662
G1 X27.355 Y48.625 E3.29546
G1 E1.29546 F2400
G92 E0
G1 X27.355 Y48.625 F7800
G1 X31.308 Y49.449
G1 E2 F2400
;TYPE:Bridge infill
;WIDTH:0.413954
;HEIGHT:0.4
G1 F3600
G1 X28.513 Y48.7 E2.16191
G1 X28.58 Y48.452 E2.17628
G1 X28.566 Y48.29 E2.18538
G1 X28.744 Y48.281 E2.19535
G1 X32.345 Y49.246 E2.40395
G1 X34.138 Y49.246 E2.50427
G1 X29.903 Y48.112 E2.74958
G1 X30.489 Y47.967 E2.78336
G1 X30.779 Y47.866 E2.80054
G1 X35.93 Y49.246 E3.09892
G1 X37.723 Y49.246 E3.19924
G1 X31.509 Y47.581 E3.5592
G1 X31.999 Y47.354 E3.58942
G1 X32.139 Y47.27 E3.59856
G1 X38.812 Y49.058 E3.98511
G1 X38.812 Y48.577 E4.01202
G1 X32.69 Y46.937 E4.36665
G1 X32.82 Y46.858 E4.37516
G1 X33.17 Y46.585 E4.4
G1 X38.812 Y48.097 E4.72683
G1 X38.812 Y47.617 E4.75369
G1 X33.628 Y46.228 E5.05399
G1 X34.01 Y45.85 E5.08406
G1 X38.812 Y47.136 E5.36222
G1 X38.812 Y46.656 E5.38908
G1 X34.382 Y45.469 E5.6457
G1 X34.692 Y45.072 E5.67388
G1 X38.812 Y46.176 E5.91254
G1 X38.812 Y45.695 E5.93945
G1 X35 Y44.674 E6.16026
G1 X35.254 Y44.262 E6.18734
G1 X38.812 Y45.215 E6.39344
G1 X38.812 Y44.735 E6.4203
G1 X35.49 Y43.845 E6.61273
G1 X35.684 Y43.417 E6.63902
G1 X38.812 Y44.255 E6.82021
G1 X38.812 Y43.774 E6.84712
G1 X35.878 Y42.988 E7.01708
G1 X36.031 Y42.549 E7.04309
G1 X38.812 Y43.294 E7.20418
G1 X38.812 Y42.814 E7.23104
G1 X36.171 Y42.106 E7.38403
G1 X36.266 Y41.651 E7.41004
G1 X38.812 Y42.333 E7.55752
G1 X38.812 Y41.853 E7.58438
G1 X36.356 Y41.195 E7.72665
G1 X36.406 Y40.728 E7.75293
G1 X38.812 Y41.373 E7.89231
G1 X38.812 Y40.892 E7.91922
G1 X36.439 Y40.257 E8.05667
G1 X36.447 Y39.977 E8.07234
G1 X37.187 Y39.977 E8.11375
G1 X39.014 Y40.466 E8.21958
;LAYER_CHANGE
;Z:5.15
;HEIGHT:0.3
G1 Z5.15 F7800
G1 E6.21958 F2400
G92 E0
G1 X39.014 Y40.466 F7800
G1 X41.805 Y37.922
G1 E2 F2400
;TYPE:Support material
;WIDTH:0.35
G1 F3600
G1 X41.474 Y37.79 E2.01269
G1 X41.339 Y37.659 E2.01939
G1 X41.286 Y37.437 E2.02752
G1 X41.48 Y37.178 E2.03905
G1 X41.961 Y36.993 E2.05741
G1 X41.963 Y36.643 E2.06988
G1 X42.683 Y36.716 E2.09566
G1 X43.007 Y36.901 E2.10895
G1 X43.216 Y37.159 E2.12078
G1 X43.281 Y37.452 E2.13147
G1 X43.205 Y37.744 E2.14222
G1 X42.98 Y38.011 E2.15466
G1 X42.659 Y38.2 E2.16793
G1 X41.916 Y38.303 E2.19465
G1 X41.268 Y38.079 E2.21907
G1 X41.047 Y37.863 E2.23008
G1 X40.936 Y37.616 E2.23973
G1 X40.936 Y37.362 E2.24878
G1 X41.048 Y37.114 E2.25847
G1 X41.27 Y36.893 E2.26963
G1 X41.921 Y36.642 E2.29449
G1 E.29449 F2400
G92 E0
G1 X41.921 Y36.642 F7800
G1 X41.803 Y1.011
G1 E2 F2400
G1 F3600
G1 X41.477 Y.888 E2.01241
G1 X41.346 Y.765 E2.01881
G1 X41.296 Y.554 E2.02653
G1 X41.5 Y.275 E2.03884
G1 X41.979 Y.082 E2.05724
G1 X41.979 Y-.268 E2.06971
G1 X42.683 Y-.183 E2.09497
G1 X42.998 Y.003 E2.108
G1 X43.224 Y.27 E2.12046
G1 X43.3 Y.566 E2.13135
G1 X43.234 Y.855 E2.14191
G1 X43.018 Y1.118 E2.15403
G1 X42.687 Y1.302 E2.16752
G1 X41.932 Y1.392 E2.19461
G1 X41.278 Y1.181 E2.21909
G1 X41.057 Y.974 E2.22988
G1 X40.946 Y.734 E2.2393
G1 X40.947 Y.479 E2.24838
G1 X41.06 Y.224 E2.25832
G1 X41.285 Y-.007 E2.26981
G1 X41.937 Y-.268 E2.29483
G1 E.29483 F2400
G92 E0
G1 X41.937 Y-.268 F7800
G1 X36.125 Y38.794
G1 E2 F2400
;TYPE:Perimeter
;WIDTH:0.45
G1 F3600
G1 X39.133 Y38.794 E2.14467
G1 X39.133 Y40.304 E2.2173
G1 X39.133 Y49.568 E2.66287
G1 X21.131 Y49.568 E3.5287
G1 X21.134 Y48.921 E3.55982
G1 X21.267 Y48.485 E3.58174
G1 X21.533 Y48.214 E3.6
G1 X21.801 Y48.065 E3.61475
G1 X22.189 Y47.989 E3.63377
G1 X28.13 Y47.989 E3.91951
G1 X28.96 Y47.945 E3.95949
G1 X29.735 Y47.825 E3.99721
G1 X30.495 Y47.63 E4.03495
G1 X31.232 Y47.361 E4.07268
G1 X31.94 Y47.021 E4.11046
G1 X32.629 Y46.6 E4.1493
G1 X33.533 Y45.885 E4.20474
G1 X34.231 Y45.14 E4.25384
G1 X34.803 Y44.395 E4.29902
G1 X35.203 Y43.72 E4.33676
G1 X35.541 Y42.986 E4.37563
G1 X35.9 Y41.868 E4.43211
G1 X36.077 Y40.847 E4.48195
G1 X36.125 Y39.993 E4.52309
G1 X36.125 Y38.854 E4.57787
G1 X36.125 Y38.854 F7800
G1 X35.74 Y38.408
G1 F3600
G1 X39.519 Y38.408 E4.75963
G1 X39.519 Y40.304 E4.85082
G1 X39.519 Y49.953 E5.3149
G1 X20.743 Y49.953 E6.21796
G1 X20.748 Y48.988 E6.26437
G1 X20.857 Y48.442 E6.29115
G1 X20.996 Y48.202 E6.30449
G1 X21.421 Y47.805 E6.33246
G1 X21.8 Y47.648 E6.35219
G1 X22.166 Y47.603 E6.36993
G1 X28.13 Y47.603 E6.65678
G1 X28.903 Y47.563 E6.69401
G1 X29.642 Y47.451 E6.72996
G1 X30.365 Y47.267 E6.76584
G1 X31.068 Y47.012 E6.80181
G1 X31.742 Y46.691 E6.83772
G1 X32.392 Y46.296 E6.8743
G1 X33.261 Y45.612 E6.92749
G1 X33.927 Y44.903 E6.97428
G1 X34.472 Y44.197 E7.01718
G1 X34.854 Y43.555 E7.05311
G1 X35.175 Y42.866 E7.08967
G1 X35.52 Y41.801 E7.14351
G1 X35.697 Y40.781 E7.1933
G1 X35.74 Y39.993 E7.23126
G1 X35.74 Y38.468 E7.30461
G1 X35.74 Y38.468 F7800
G1 X35.354 Y38.023
;TYPE:External perimeter
G1 F1800
G1 X39.904 Y38.023 E7.52345
G1 X39.904 Y40.304 E7.63316
G1 X39.904 Y50.339 E8.11581
G1 X20.355 Y50.339 E9.05605
G1 X20.364 Y48.824 E9.12892
G1 X20.493 Y48.307 E9.15455
G1 X20.788 Y47.833 E9.1814
G1 X21.219 Y47.472 E9.20844
G1 X21.701 Y47.272 E9.23354
G1 X22.142 Y47.218 E9.25491
G1 X28.139 Y47.217 E9.54334
G1 X28.847 Y47.182 E9.57743
G1 X29.548 Y47.077 E9.61152
G1 X30.235 Y46.904 E9.64559
G1 X30.903 Y46.664 E9.67973
G1 X31.543 Y46.36 E9.71381
G1 X32.154 Y45.992 E9.74812
G1 X32.97 Y45.355 E9.79791
G1 X33.623 Y44.666 E9.84357
G1 X34.142 Y43.999 E9.88422
G1 X34.505 Y43.39 E9.91832
G1 X34.809 Y42.745 E9.95262
G1 X35.134 Y41.762 E10.00242
G1 X35.32 Y40.691 E10.0547
G1 X35.354 Y39.993 E10.08831
G1 X35.354 Y38.083 E10.18017
G1 X35.75 Y38.023 F7800
G1 E8.18017 F2400
G92 E0
G1 X21.423 Y48.992 F7800
G1 E2 F2400
;TYPE:Solid infill
G1 F1200
G1 X21.475 Y48.751 E2.01186
G1 X21.571 Y48.56 E2.02214
G1 X21.843 Y48.361 E2.03835
G1 X22.207 Y48.278 E2.05631
G1 X28.127 Y48.278 E2.34104
G1 X29.007 Y48.23 E2.38343
G1 X29.729 Y48.121 E2.41855
G1 X30.598 Y47.9 E2.46168
G1 X31.361 Y47.62 E2.50077
G1 X32.334 Y47.119 E2.55341
G1 X33.089 Y46.608 E2.59726
G1 X35.759 Y49.278 E2.77887
G1 X21.422 Y49.278 E3.46843
G1 X21.422 Y49.185 E3.4729
G1 X21.782 Y48.936 E3.49395
;WIDTH:0.363354
G1 X21.807 Y48.834 E3.49787
G1 X21.955 Y48.685 E3.5057
;WIDTH:0.371816
G1 X22.228 Y48.625 E3.51642
G1 X28.127 Y48.625 E3.74262
;WIDTH:0.37232
G1 X28.156 Y48.624 E3.74373
;WIDTH:0.398723
G1 X29.06 Y48.586 E3.78146
;WIDTH:0.42564
G1 X29.442 Y48.541 E3.79879
;WIDTH:0.452558
G1 X29.824 Y48.496 E3.81741
G1 X30.73 Y48.262 E3.86271
;WIDTH:0.45
G1 X31.528 Y47.968 E3.90361
G1 X32.536 Y47.447 E3.95818
G1 X33.057 Y47.122 E3.98771
G1 X34.828 Y48.893 E4.10817
G1 X30.75 Y48.893 E4.30431
;WIDTH:0.451387
G1 X29.406 Y48.906 E4.36919
;WIDTH:0.423352
G1 X29.017 Y48.92 E4.38662
;WIDTH:0.395317
G1 X28.127 Y48.932 E4.42336
;WIDTH:0.371816
G1 X21.974 Y48.934 E4.6593
G1 E2.6593 F2400
G92 E0
G1 X21.974 Y48.934 F7800
G1 X31.183 Y48.507
G1 E2 F2400
;WIDTH:0.45
G1 F1200
G1 X31.696 Y48.315 E2.02635
G1 X32.497 Y47.924 E2.06922
G1 X33.003 Y47.613 E2.09779
G1 X33.897 Y48.507 E2.1586
G1 X31.376 Y48.507 E2.27985
G1 X31.376 Y48.507 F7800
G1 X32.931 Y48.064
;WIDTH:0.468459
G1 F1200
G1 X32.895 Y48.099 E2.28238
G1 X32.908 Y48.148 E2.28493
G1 X32.957 Y48.161 E2.28748
G1 X32.993 Y48.125 E2.29005
G1 X32.98 Y48.077 E2.29256
G1 X32.98 Y48.077 F7800
G1 X33.395 Y46.369
;WIDTH:0.45
G1 F1200
G1 X36.305 Y49.278 E2.49046
G1 X36.85 Y49.278 E2.51667
G1 X33.694 Y46.122 E2.73134
G1 X33.969 Y45.852 E2.74988
G1 X37.395 Y49.278 E2.98291
G1 X37.941 Y49.278 E3.00917
G1 X34.243 Y45.581 E3.26067
G1 X34.484 Y45.276 E3.27937
G1 X38.486 Y49.278 E3.55158
G1 X38.963 Y49.338 E3.5747
;WIDTH:0.404381
G1 X38.974 Y49.379 E3.5765
G1 X38.903 Y49.398 E3.57962
G1 X38.922 Y49.327 E3.58274
;WIDTH:0.45
G1 X38.844 Y49.091 E3.59469
G1 X34.725 Y44.972 E3.87486
G1 X34.966 Y44.668 E3.89352
G1 X38.844 Y48.545 E4.15726
G1 X38.844 Y48 E4.18347
G1 X35.172 Y44.328 E4.43323
G1 X35.377 Y43.988 E4.45233
G1 X38.844 Y47.455 E4.68815
G1 X38.844 Y46.909 E4.71441
G1 X35.563 Y43.629 E4.93755
G1 X35.735 Y43.255 E4.95735
G1 X38.844 Y46.364 E5.16882
G1 X38.844 Y45.819 E5.19503
G1 X35.885 Y42.86 E5.3963
G1 X36.017 Y42.447 E5.41715
G1 X38.844 Y45.273 E5.60941
G1 X38.844 Y44.728 E5.63562
G1 X36.149 Y42.033 E5.81893
G1 X36.385 Y41.723 E5.83767
G1 X38.844 Y44.183 E6.00496
G1 X38.844 Y39.083 E6.25025
G1 X36.415 Y39.083 E6.36708
G1 X36.415 Y39.991 E6.41075
G1 X36.38 Y40.737 E6.44667
G1 X36.233 Y41.622 E6.48982
G1 X36.653 Y41.447 E6.5117
G1 X36.765 Y40.756 E6.54537
G1 X36.8 Y39.991 E6.5822
G1 X36.8 Y39.469 E6.60731
G1 X38.458 Y39.469 E6.68705
G1 X38.458 Y43.252 E6.869
G1 X36.789 Y41.583 E6.98252
G1 X37.066 Y41.314 E7.00109
G1 X37.15 Y40.774 E7.02737
G1 X37.186 Y39.854 E7.07165
G1 X38.072 Y39.854 E7.11426
G1 X38.072 Y42.321 E7.23291
G1 X37.203 Y41.451 E7.29205
G1 X37.587 Y41.148 E7.31558
;WIDTH:0.650329
G1 X37.605 Y40.726 E7.34645
;WIDTH:0.614475
G1 X37.623 Y40.304 E7.37543
G1 E5.37543 F2400
G92 E0
G1 X37.623 Y40.304 F7800
G1 X36.125 Y-.817
G1 E2 F2400
;TYPE:Perimeter
;WIDTH:0.45
G1 F900
G1 X36.125 Y-7.575 E2.32504
G1 X39.133 Y-7.575 E2.46971
G1 X39.133 Y-6.071 E2.54205
G1 X39.133 Y-.817 E2.79475
G1 X36.185 Y-.817 E2.93654
G1 X36.185 Y-.817 F7800
G1 X35.74 Y-.432
G1 F900
G1 X35.74 Y-7.961 E3.29866
G1 X39.519 Y-7.961 E3.48042
G1 X39.519 Y-6.071 E3.57132
G1 X39.519 Y-.432 E3.84254
G1 X35.8 Y-.432 E4.02141
G1 X35.8 Y-.432 F7800
G1 X35.354 Y-.046
;TYPE:External perimeter
G1 F900
G1 X35.354 Y-8.346 E4.42061
G1 X39.904 Y-8.346 E4.63945
G1 X39.904 Y-6.071 E4.74887
G1 X39.904 Y-.046 E5.03865
G1 X35.414 Y-.046 E5.2546
G1 X35.355 Y-.442 F7800
G1 E3.2546 F2400
G92 E0
G1 X36.415 Y-7.093 F7800
G1 E2 F2400
;TYPE:Solid infill
G1 F1200
G1 X36.415 Y-1.106 E2.28795
G1 X38.844 Y-1.106 E2.40478
G1 X38.844 Y-7.286 E2.70202
G1 X36.415 Y-7.286 E2.81885
G1 X36.8 Y-6.9 E2.84507
G1 X38.458 Y-6.9 E2.92481
G1 X38.458 Y-1.492 E3.18492
G1 X36.8 Y-1.492 E3.26466
G1 X36.8 Y-6.708 E3.51553
G1 X37.186 Y-6.515 E3.53629
G1 X38.072 Y-6.515 E3.5789
G1 X38.072 Y-1.878 E3.80192
G1 X37.186 Y-1.878 E3.84453
G1 X37.186 Y-6.322 E4.05827
G1 X37.629 Y-6.071 E4.08276
;WIDTH:0.565403
G1 X37.629 Y-2.321 E4.3171
;LAYER_CHANGE
;Z:5.45
;HEIGHT:0.3
G1 Z5.45 F7800
G1 E2.3171 F2400
G92 E0
G1 X37.629 Y-2.321 F7800
G1 X41.651 Y37.941
G1 E2 F2400
;TYPE:Support material
;WIDTH:0.35
G1 F3600
G1 X41.228 Y37.787 E2.01604
G1 X41.111 Y37.422 E2.02969
G1 X41.247 Y37.176 E2.0397
G1 X41.726 Y37.015 E2.0577
G1 X41.741 Y36.666 E2.07014
G1 X42.386 Y36.782 E2.09349
G1 X42.824 Y37.205 E2.11518
G1 X42.884 Y37.464 E2.12465
G1 X42.816 Y37.729 E2.1344
G1 X42.637 Y37.973 E2.14518
G1 X42.381 Y38.164 E2.15656
G1 X42.061 Y38.276 E2.16864
G1 X41.332 Y38.237 E2.19465
G1 X40.998 Y38.061 E2.2081
G1 X40.76 Y37.62 E2.22595
G1 X40.857 Y37.104 E2.24465
G1 X41.02 Y36.899 E2.25398
G1 X41.699 Y36.664 E2.27958
G1 E.27958 F2400
G92 E0
G1 X41.699 Y36.664 F7800
G1 X37.31 Y36.446
G1 E2 F2400
G1 F3600
G1 X36.965 Y36.327 E2.013
G1 X36.799 Y35.991 E2.02635
G1 X36.884 Y35.595 E2.04078
G1 X37.169 Y35.411 E2.05286
G1 X37.17 Y35.061 E2.06533
G1 X37.667 Y35.175 E2.08349
G1 X37.88 Y35.365 E2.09366
G1 X38.068 Y35.898 E2.11379
G1 X37.886 Y36.493 E2.13596
G1 X37.654 Y36.696 E2.14694
G1 X37.132 Y36.789 E2.16583
G1 X36.698 Y36.561 E2.18329
G1 X36.45 Y36.05 E2.20352
G1 X36.515 Y35.535 E2.22201
G1 X36.806 Y35.19 E2.23809
G1 X37.127 Y35.061 E2.25041
G1 E.25041 F2400
G92 E0
G1 X37.127 Y35.061 F7800
G1 X37.138 Y2.545
G1 E2 F2400
G1 F3600
G1 X36.856 Y2.351 E2.01219
G1 X36.788 Y2.002 E2.02486
G1 X36.942 Y1.69 E2.03725
G1 X37.227 Y1.58 E2.04813
G1 X37.26 Y1.231 E2.06062
G1 X37.685 Y1.363 E2.07647
G1 X37.888 Y1.581 E2.08708
G1 X38.059 Y2.106 E2.10675
G1 X37.871 Y2.622 E2.12631
G1 X37.664 Y2.802 E2.13608
G1 X37.132 Y2.911 E2.15543
G1 X36.653 Y2.661 E2.17468
G1 X36.434 Y2.205 E2.1927
G1 X36.523 Y1.686 E2.21146
G1 X36.714 Y1.418 E2.22318
G1 X37.217 Y1.227 E2.24235
G1 E.24235 F2400
G92 E0
G1 X37.217 Y1.227 F7800
G1 X41.646 Y1.043
G1 E2 F2400
G1 F3600
G1 X41.261 Y.925 E2.01434
G1 X41.118 Y.549 E2.02867
G1 X41.262 Y.291 E2.0392
G1 X41.753 Y.112 E2.05782
G1 X41.76 Y-.238 E2.07029
G1 X42.401 Y-.129 E2.09345
G1 X42.838 Y.295 E2.11514
G1 X42.901 Y.557 E2.12474
G1 X42.836 Y.819 E2.13436
G1 X42.655 Y1.061 E2.14513
G1 X42.074 Y1.368 E2.16854
G1 X41.704 Y1.406 E2.18179
G1 X41.336 Y1.349 E2.19506
G1 X41.042 Y1.208 E2.20668
G1 X40.771 Y.755 E2.22548
G1 X40.857 Y.236 E2.24422
G1 X41.035 Y.016 E2.2543
G1 X41.717 Y-.239 E2.28024
G1 E.28024 F2400
G92 E0
G1 X41.717 Y-.239 F7800
G1 X36.124 Y39.126
G1 E2 F2400
;TYPE:Perimeter
;WIDTH:0.45
G1 F3600
G1 X39.133 Y39.126 E2.14472
G1 X39.133 Y40.643 E2.21768
G1 X39.133 Y49.568 E2.64694
G1 X21.131 Y49.568 E3.51277
G1 X21.134 Y48.99 E3.54057
G1 X21.212 Y48.613 E3.55909
G1 X21.451 Y48.257 E3.57971
G1 X21.803 Y48.067 E3.59895
G1 X22.189 Y47.989 E3.61789
G1 X28.13 Y47.989 E3.90363
G1 X28.96 Y47.945 E3.94361
G1 X29.735 Y47.825 E3.98133
G1 X30.495 Y47.63 E4.01907
G1 X31.232 Y47.361 E4.0568
G1 X31.94 Y47.021 E4.09458
G1 X32.61 Y46.614 E4.13228
G1 X33.255 Y46.127 E4.17115
G1 X34.004 Y45.414 E4.22089
G1 X34.815 Y44.375 E4.28428
G1 X35.377 Y43.368 E4.33975
G1 X35.673 Y42.642 E4.37746
G1 X35.896 Y41.889 E4.41523
G1 X36.045 Y41.119 E4.45295
G1 X36.117 Y40.341 E4.49053
G1 X36.121 Y39.184 E4.54618
G1 X36.121 Y39.184 F7800
G1 X35.737 Y38.74
G1 F3600
G1 X39.519 Y38.74 E4.72808
G1 X39.519 Y40.643 E4.81961
G1 X39.519 Y49.953 E5.26739
G1 X20.743 Y49.953 E6.17045
G1 X20.748 Y48.988 E6.21686
G1 X20.851 Y48.463 E6.24259
G1 X21.071 Y48.097 E6.26313
G1 X21.273 Y47.908 E6.27644
G1 X21.803 Y47.648 E6.30483
G1 X22.166 Y47.603 E6.32242
G1 X28.13 Y47.603 E6.60927
G1 X28.903 Y47.563 E6.6465
G1 X29.642 Y47.451 E6.68245
G1 X30.365 Y47.267 E6.71833
G1 X31.068 Y47.012 E6.7543
G1 X31.742 Y46.691 E6.79021
G1 X32.381 Y46.304 E6.82614
G1 X32.989 Y45.848 E6.86269
G1 X33.738 Y45.134 E6.91246
G1 X34.479 Y44.185 E6.97037
G1 X35.021 Y43.22 E7.0236
G1 X35.304 Y42.53 E7.05947
G1 X35.518 Y41.814 E7.09541
G1 X35.661 Y41.081 E7.13133
G1 X35.731 Y40.34 E7.16713
G1 X35.737 Y38.8 E7.2412
G1 X35.737 Y38.8 F7800
G1 X35.353 Y38.354
;TYPE:External perimeter
G1 F1800
G1 X39.904 Y38.354 E7.46009
G1 X39.904 Y40.643 E7.57018
G1 X39.904 Y50.339 E8.03652
G1 X20.355 Y50.339 E8.97676
G1 X20.364 Y48.824 E9.04963
G1 X20.491 Y48.314 E9.07491
G1 X20.762 Y47.862 E9.10026
G1 X21.18 Y47.495 E9.12701
G1 X21.702 Y47.272 E9.15431
G1 X22.142 Y47.218 E9.17563
G1 X28.139 Y47.217 E9.46406
G1 X28.847 Y47.182 E9.49815
G1 X29.548 Y47.077 E9.53224
G1 X30.235 Y46.904 E9.56631
G1 X30.903 Y46.664 E9.60045
G1 X31.543 Y46.36 E9.63453
G1 X32.151 Y45.995 E9.66864
G1 X32.723 Y45.568 E9.70297
G1 X33.472 Y44.855 E9.75271
G1 X34.144 Y43.995 E9.8052
G1 X34.654 Y43.094 E9.855
G1 X34.935 Y42.418 E9.89021
G1 X35.14 Y41.738 E9.92437
G1 X35.277 Y41.043 E9.95844
G1 X35.346 Y40.338 E9.99251
G1 X35.353 Y38.414 E10.08505
G1 X35.749 Y38.355 F7800
G1 X36.464 Y39.408
;TYPE:Solid infill
;WIDTH:0.461757
G1 F1200
G1 X36.38 Y39.386 E10.08935
G1 X36.403 Y39.469 E10.09362
G1 X36.451 Y39.456 E10.09608
;WIDTH:0.45
G1 X36.408 Y39.982 E10.12146
G1 X36.975 Y39.415 E10.16003
G1 X37.153 Y39.28 E10.17077
;WIDTH:0.404381
G1 X37.112 Y39.291 E10.17257
G1 X37.093 Y39.22 E10.17569
G1 X37.164 Y39.239 E10.17881
;WIDTH:0.45
G1 X37.52 Y39.415 E10.19791
G1 X36.256 Y40.672 E10.28365
;WIDTH:0.404381
G1 X36.185 Y40.653 E10.28677
G1 X36.204 Y40.724 E10.28989
G1 X36.245 Y40.713 E10.29169
;WIDTH:0.45
G1 X36.326 Y41.154 E10.31326
G1 X38.066 Y39.415 E10.43158
G1 X38.611 Y39.415 E10.45779
G1 X36.2 Y41.826 E10.62178
G1 X36.078 Y42.126 E10.63736
;WIDTH:0.404381
G1 X36.037 Y42.137 E10.63916
G1 X36.018 Y42.066 E10.64228
G1 X36.089 Y42.085 E10.6454
G1 X36.089 Y42.085 F7800
G1 X35.854 Y42.879
G1 F1200
G1 X35.813 Y42.89 E10.6472
G1 X35.794 Y42.819 E10.65032
G1 X35.865 Y42.838 E10.65344
;WIDTH:0.45
G1 X35.995 Y42.577 E10.66746
G1 X38.844 Y39.728 E10.86125
G1 X38.844 Y40.273 E10.88746
G1 X35.633 Y43.484 E11.10587
G1 X35.465 Y43.786 E11.12249
;WIDTH:0.404381
G1 X35.424 Y43.797 E11.12429
G1 X35.405 Y43.726 E11.12741
G1 X35.476 Y43.745 E11.13053
G1 E9.13053 F2400
G92 E0
G1 X35.476 Y43.745 F7800
G1 X33.201 Y46.501
G1 E2 F2400
G1 F1200
G1 X34.158 Y45.586 E2.05615
;WIDTH:0.408955
G1 X34.613 Y45.078 E2.08546
;WIDTH:0.45
G1 X34.857 Y44.805 E2.10307
G1 X38.844 Y40.818 E2.37426
G1 E.37426 F2400
G92 E0
G1 X38.844 Y40.818 F7800
G1 X28.016 Y48.625
G1 E2 F2400
;WIDTH:0.371814
G1 F1200
G1 X28.003 Y48.755 E2.00501
G1 X28.092 Y48.932 E2.01261
G1 X21.782 Y48.936 E2.25457
;WIDTH:0.363979
G1 X21.8 Y48.865 E2.25731
G1 X21.919 Y48.705 E2.26476
;WIDTH:0.371814
G1 X22.228 Y48.625 E2.277
G1 X27.823 Y48.625 E2.49154
;WIDTH:0.410907
G1 X27.837 Y48.451 E2.49908
;WIDTH:0.45
G1 X27.851 Y48.278 E2.50743
G1 X28.676 Y48.249 E2.54713
G1 X28.397 Y48.539 E2.56648
G1 X28.345 Y48.702 E2.57471
G1 X28.485 Y48.894 E2.58614
G1 X28.513 Y49.278 E2.60466
G1 X21.422 Y49.278 E2.94571
G1 X21.423 Y48.992 E2.95947
G1 X21.482 Y48.724 E2.97267
G1 X21.666 Y48.463 E2.98803
G1 X21.917 Y48.333 E3.00163
G1 X22.207 Y48.278 E3.01583
G1 X27.658 Y48.278 E3.278
G1 X27.658 Y48.278 F7800
G1 X28.808 Y48.672
G1 F1200
G1 X29.293 Y48.187 E3.31099
G1 X29.913 Y47.91 E3.34365
;WIDTH:0.404381
G1 X30.15 Y47.876 E3.3538
G1 X30.231 Y47.9 E3.35738
;WIDTH:0.45
G1 X29.964 Y48.062 E3.3724
G1 X28.846 Y49.18 E3.44844
G1 X29.293 Y49.278 E3.47045
G1 X30.714 Y47.858 E3.56707
G1 X30.714 Y47.858 F7800
G1 X31.623 Y47.494
G1 F1200
G1 X29.838 Y49.278 E3.68845
G1 X29.838 Y49.278 F7800
G1 X30.686 Y49.421
;WIDTH:0.404381
G1 F1200
G1 X30.645 Y49.432 E3.69025
G1 X30.626 Y49.361 E3.69337
G1 X30.697 Y49.38 E3.69649
;WIDTH:0.45
G1 X30.384 Y49.278 E3.71232
G1 X32.928 Y46.734 E3.88536
G1 E1.88536 F2400
G92 E0
G1 X32.928 Y46.734 F7800
G1 X30.929 Y49.278
G1 E2 F2400
G1 F1200
G1 X38.844 Y41.364 E2.53833
G1 X38.844 Y41.909 E2.56454
G1 X31.474 Y49.278 E3.0658
G1 X32.02 Y49.278 E3.09206
G1 X38.844 Y42.454 E3.55622
G1 X38.844 Y43 E3.58248
G1 X32.565 Y49.278 E4.00954
G1 X33.11 Y49.278 E4.03575
G1 X38.844 Y43.545 E4.42574
G1 X38.844 Y44.09 E4.45195
G1 X33.656 Y49.278 E4.80483
G1 X34.201 Y49.278 E4.83104
G1 X38.844 Y44.636 E5.14682
G1 X38.844 Y45.181 E5.17303
G1 X34.746 Y49.278 E5.45174
G1 X35.292 Y49.278 E5.478
G1 X38.844 Y45.726 E5.7196
G1 X38.844 Y46.272 E5.74586
G1 X35.837 Y49.278 E5.95036
G1 X36.382 Y49.278 E5.97657
G1 X38.844 Y46.817 E6.144
G1 X38.844 Y47.362 E6.17021
G1 X36.928 Y49.278 E6.30053
G1 X36.821 Y49.432 E6.30955
;WIDTH:0.404381
G1 X36.75 Y49.413 E6.31267
G1 X36.769 Y49.484 E6.31579
G1 X36.81 Y49.473 E6.31759
G1 E4.31759 F2400
G92 E0
G1 X36.81 Y49.473 F7800
G1 X38.707 Y48.044
G1 E2 F2400
;WIDTH:0.45
G1 F1200
G1 X37.473 Y49.278 E2.08394
G1 X38.844 Y49.278 E2.14988
G1 X38.844 Y47.908 E2.21577
G1 X38.844 Y47.908 F7800
G1 X38.493 Y48.864
;WIDTH:0.481661
G1 F1200
G1 X38.456 Y48.827 E2.21849
G1 X38.405 Y48.84 E2.22123
G1 X38.392 Y48.891 E2.22397
G1 X38.429 Y48.927 E2.22666
G1 X38.479 Y48.914 E2.22935
G1 E.22935 F2400
G92 E0
G1 X38.479 Y48.914 F7800
G1 X36.125 Y-1.149
G1 E2 F2400
;TYPE:Perimeter
;WIDTH:0.45
G1 F900
G1 X36.125 Y-7.575 E2.30907
G1 X39.133 Y-7.575 E2.45374
G1 X39.133 Y-6.071 E2.52608
G1 X39.133 Y-1.149 E2.76281
G1 X36.185 Y-1.149 E2.9046
G1 X36.185 Y-1.149 F7800
G1 X35.74 Y-.763
G1 F900
G1 X35.74 Y-7.961 E3.2508
G1 X39.519 Y-7.961 E3.43256
G1 X39.519 Y-6.071 E3.52346
G1 X39.519 Y-.763 E3.77876
G1 X35.8 Y-.763 E3.95763
G1 X35.8 Y-.763 F7800
G1 X35.354 Y-.378
;TYPE:External perimeter
G1 F900
G1 X35.354 Y-8.346 E4.34086
G1 X39.904 Y-8.346 E4.5597
G1 X39.904 Y-6.071 E4.66912
G1 X39.904 Y-.378 E4.94293
G1 X35.414 Y-.378 E5.15888
G1 X35.355 Y-.773 F7800
G1 E3.15888 F2400
G92 E0
G1 X36.415 Y-7.286 F7800
G1 E2 F2400
;TYPE:Solid infill
G1 F1200
G1 X38.844 Y-7.286 E2.11683
G1 X38.844 Y-1.438 E2.3981
G1 X36.415 Y-1.438 E2.51493
G1 X36.415 Y-7.093 E2.78692
G1 X36.8 Y-6.9 E2.80763
G1 X38.458 Y-6.9 E2.88737
G1 X38.458 Y-1.824 E3.13151
G1 X36.8 Y-1.824 E3.21125
G1 X36.8 Y-6.708 E3.44615
G1 X37.186 Y-6.515 E3.46691
G1 X38.072 Y-6.515 E3.50952
G1 X38.072 Y-2.209 E3.71662
G1 X37.186 Y-2.209 E3.75923
G1 X37.186 Y-6.322 E3.95705
G1 X37.629 Y-6.071 E3.98154
;WIDTH:0.565403
G1 X37.629 Y-2.653 E4.19513
;LAYER_CHANGE
;Z:5.75
;HEIGHT:0.3
G1 Z5.75 F7800
G1 E2.19513 F2400
G92 E0
G1 X37.629 Y-2.653 F7800
G1 X41.453 Y37.955
G1 E2 F2400
;TYPE:Support material
;WIDTH:0.35
G1 F3600
G1 X41.143 Y37.803 E2.0123
G1 X40.981 Y37.45 E2.02614
G1 X41.155 Y37.175 E2.03773
G1 X41.474 Y37.021 E2.05035
G1 X41.493 Y36.672 E2.0628
G1 X42.168 Y36.803 E2.08729
G1 X42.426 Y36.987 E2.09858
G1 X42.582 Y37.218 E2.10851
G1 X42.634 Y37.475 E2.11785
G1 X42.445 Y37.939 E2.1357
G1 X42.161 Y38.165 E2.14863
G1 X41.836 Y38.282 E2.16094
G1 X41.281 Y38.279 E2.18071
G1 X40.907 Y38.066 E2.19604
G1 X40.637 Y37.634 E2.21419
G1 X40.628 Y37.392 E2.22282
G1 X40.725 Y37.135 E2.23261
G1 X41.162 Y36.751 E2.25333
G1 X41.45 Y36.669 E2.264
G1 E.264 F2400
G92 E0
G1 X41.45 Y36.669 F7800
G1 X37.254 Y36.56
G1 E2 F2400
G1 F3600
G1 X37.046 Y36.474 E2.00802
G1 X36.799 Y36.112 E2.02363
G1 X36.857 Y35.714 E2.03796
G1 X37.221 Y35.481 E2.05336
G1 X37.216 Y35.131 E2.06583
G1 X37.697 Y35.261 E2.08358
G1 X37.903 Y35.451 E2.09356
G1 X38.038 Y35.72 E2.10428
G1 X38.087 Y36.062 E2.11659
G1 X38.007 Y36.39 E2.12862
G1 X37.803 Y36.687 E2.14146
G1 X37.566 Y36.86 E2.15191
G1 X37.075 Y36.888 E2.16943
G1 X36.829 Y36.755 E2.17939
G1 X36.5 Y36.341 E2.19823
G1 X36.448 Y35.828 E2.2166
G1 X36.689 Y35.361 E2.23532
G1 X37.173 Y35.131 E2.25441
G1 E.25441 F2400
G92 E0
G1 X37.173 Y35.131 F7800
G1 X37.159 Y2.505
G1 E2 F2400
G1 F3600
G1 X36.832 Y2.282 E2.0141
G1 X36.771 Y1.904 E2.02774
G1 X37.017 Y1.552 E2.04304
G1 X37.257 Y1.477 E2.052
G1 X37.321 Y1.131 E2.06454
G1 X37.801 Y1.397 E2.08409
G1 X38.01 Y1.704 E2.09732
G1 X38.058 Y2.011 E2.10839
G1 X38.012 Y2.32 E2.11952
G1 X37.675 Y2.746 E2.13887
G1 X37.151 Y2.867 E2.15803
G1 X36.671 Y2.645 E2.17687
G1 X36.514 Y2.439 E2.1861
G1 X36.421 Y1.828 E2.20812
G1 X36.566 Y1.512 E2.22051
G1 X36.806 Y1.267 E2.23273
G1 X37.279 Y1.123 E2.25034
G1 E.25034 F2400
G92 E0
G1 X37.279 Y1.123 F7800
G1 X41.529 Y1.071
G1 E2 F2400
G1 F3600
G1 X41.155 Y.937 E2.01415
G1 X40.986 Y.599 E2.02761
G1 X41.159 Y.302 E2.03985
G1 X41.502 Y.136 E2.05342
G1 X41.509 Y-.214 E2.06589
G1 X42.186 Y-.101 E2.09034
G1 X42.443 Y.078 E2.1015
G1 X42.598 Y.307 E2.11135
G1 X42.65 Y.564 E2.12069
G1 X42.597 Y.824 E2.13014
G1 X42.439 Y1.062 E2.14032
G1 X41.838 Y1.391 E2.16473
G1 X41.461 Y1.429 E2.17823
G1 X40.928 Y1.206 E2.19881
G1 X40.647 Y.793 E2.21661
G1 X40.633 Y.55 E2.22528
G1 X40.728 Y.276 E2.23561
G1 X41.154 Y-.128 E2.25653
G1 X41.466 Y-.215 E2.26807
G1 E.26807 F2400
G92 E0
G1 X41.466 Y-.215 F7800
G1 X36.123 Y39.317
G1 E2 F2400
;TYPE:Perimeter
;WIDTH:0.45
G1 F3600
G1 X39.133 Y39.317 E2.14477
G1 X39.133 Y40.847 E2.21836
G1 X39.133 Y49.568 E2.63781
G1 X21.131 Y49.568 E3.50364
G1 X21.134 Y48.99 E3.53144
G1 X21.219 Y48.585 E3.55134
G1 X21.504 Y48.222 E3.57354
G1 X21.753 Y48.073 E3.5875
G1 X22.16 Y47.989 E3.60749
G1 X28.13 Y47.989 E3.89463
G1 X28.96 Y47.945 E3.93461
G1 X29.735 Y47.825 E3.97233
G1 X30.495 Y47.63 E4.01007
G1 X31.232 Y47.361 E4.0478
G1 X31.94 Y47.021 E4.08558
G1 X32.61 Y46.614 E4.12328
G1 X33.255 Y46.127 E4.16215
G1 X34.004 Y45.414 E4.21189
G1 X34.815 Y44.375 E4.27528
G1 X35.377 Y43.368 E4.33075
G1 X35.679 Y42.619 E4.36959
G1 X35.983 Y41.483 E4.42615
G1 X36.117 Y40.342 E4.48141
G1 X36.121 Y39.375 E4.52792
G1 X36.121 Y39.375 F7800
G1 X35.737 Y38.931
G1 F3600
G1 X39.519 Y38.931 E4.70982
G1 X39.519 Y40.847 E4.80197
G1 X39.519 Y49.953 E5.23994
G1 X20.743 Y49.953 E6.143
G1 X20.749 Y48.872 E6.19499
G1 X20.902 Y48.358 E6.22078
G1 X21.255 Y47.922 E6.24776
G1 X21.602 Y47.713 E6.26724
G1 X22.148 Y47.603 E6.29403
G1 X28.13 Y47.603 E6.58174
G1 X28.903 Y47.563 E6.61897
G1 X29.642 Y47.451 E6.65492
G1 X30.365 Y47.267 E6.6908
G1 X31.068 Y47.012 E6.72677
G1 X31.742 Y46.691 E6.76268
G1 X32.381 Y46.304 E6.79861
G1 X32.989 Y45.848 E6.83516
G1 X33.738 Y45.134 E6.88493
G1 X34.479 Y44.185 E6.94284
G1 X35.021 Y43.221 E6.99603
G1 X35.308 Y42.516 E7.03264
G1 X35.6 Y41.436 E7.08645
G1 X35.731 Y40.34 E7.13954
G1 X35.737 Y38.991 E7.20442
G1 X35.353 Y38.545 F7800
;TYPE:External perimeter
G1 F1800
G1 X39.904 Y38.545 E7.42331
G1 X39.904 Y40.847 E7.53403
G1 X39.904 Y50.339 E7.99056
G1 X20.355 Y50.339 E8.9308
G1 X20.364 Y48.824 E9.00367
G1 X20.457 Y48.451 E9.02216
G1 X20.63 Y48.046 E9.04334
G1 X21.006 Y47.622 E9.0706
G1 X21.452 Y47.354 E9.09563
G1 X21.666 Y47.298 E9.10627
G1 X22.136 Y47.218 E9.1292
G1 X28.13 Y47.218 E9.41749
G1 X28.847 Y47.182 E9.45202
G1 X29.548 Y47.077 E9.48611
G1 X30.235 Y46.904 E9.52018
G1 X30.903 Y46.664 E9.55432
G1 X31.543 Y46.36 E9.5884
G1 X32.151 Y45.995 E9.62251
G1 X32.723 Y45.568 E9.65684
G1 X33.472 Y44.855 E9.70658
G1 X34.144 Y43.995 E9.75907
G1 X34.654 Y43.094 E9.80887
G1 X34.936 Y42.413 E9.84432
G1 X35.218 Y41.388 E9.89545
G1 X35.346 Y40.338 E9.94633
G1 X35.353 Y38.605 E10.02968
G1 X35.749 Y38.546 F7800
G1 E8.02968 F2400
G92 E0
G1 X21.423 Y48.999 F7800
G1 E2 F2400
;TYPE:Solid infill
G1 F1200
G1 X21.516 Y48.645 E2.0176
G1 X21.753 Y48.41 E2.03365
G1 X22.09 Y48.284 E2.05095
G1 X28.127 Y48.278 E2.34131
G1 X29.007 Y48.23 E2.3837
G1 X29.729 Y48.121 E2.41882
G1 X30.598 Y47.9 E2.46195
G1 X31.361 Y47.62 E2.50104
G1 X32.092 Y47.267 E2.54008
G1 X32.677 Y46.917 E2.57287
G1 X33.094 Y46.613 E2.59769
G1 X35.759 Y49.278 E2.77896
G1 X21.422 Y49.278 E3.46852
G1 X21.422 Y49.192 E3.47266
G1 X21.791 Y48.933 E3.49434
;WIDTH:0.369063
G1 X21.821 Y48.833 E3.49831
G1 X21.914 Y48.716 E3.50399
G1 X22.154 Y48.629 E3.51369
;WIDTH:0.371815
G1 X28.128 Y48.625 E3.74276
;WIDTH:0.372321
G1 X28.156 Y48.624 E3.74384
;WIDTH:0.398722
G1 X29.06 Y48.586 E3.78157
;WIDTH:0.42564
G1 X29.442 Y48.541 E3.7989
;WIDTH:0.452558
G1 X29.824 Y48.496 E3.81752
G1 X30.73 Y48.262 E3.86282
;WIDTH:0.45
G1 X31.528 Y47.968 E3.90372
G1 X32.546 Y47.445 E3.95877
G1 X33.055 Y47.119 E3.98784
G1 X34.828 Y48.893 E4.10847
G1 X30.75 Y48.893 E4.30461
;WIDTH:0.451387
G1 X29.406 Y48.906 E4.36949
;WIDTH:0.423352
G1 X29.017 Y48.92 E4.38692
;WIDTH:0.395317
G1 X28.128 Y48.932 E4.42362
;WIDTH:0.371815
G1 X22.154 Y48.933 E4.65269
;WIDTH:0.369063
G1 X21.984 Y48.933 E4.65915
G1 E2.65915 F2400
G92 E0
G1 X21.984 Y48.933 F7800
G1 X31.183 Y48.507
G1 E2 F2400
;WIDTH:0.45
G1 F1200
G1 X31.696 Y48.315 E2.02635
G1 X32.489 Y47.929 E2.06877
G1 X33.008 Y47.618 E2.09787
G1 X33.897 Y48.507 E2.15834
G1 X31.376 Y48.507 E2.27959
G1 X31.376 Y48.507 F7800
G1 X32.934 Y48.065
;WIDTH:0.466473
G1 F1200
G1 X32.898 Y48.1 E2.28211
G1 X32.911 Y48.149 E2.28465
G1 X32.96 Y48.162 E2.28719
G1 X32.995 Y48.126 E2.28971
G1 X32.982 Y48.078 E2.2922
G1 X32.982 Y48.078 F7800
G1 X33.402 Y46.375
;WIDTH:0.45
G1 F1200
G1 X36.305 Y49.278 E2.48966
G1 X36.85 Y49.278 E2.51587
G1 X33.683 Y46.111 E2.73129
G1 X33.964 Y45.847 E2.74983
G1 X37.395 Y49.278 E2.9832
G1 X37.941 Y49.278 E3.00946
G1 X34.24 Y45.578 E3.26116
G1 X34.482 Y45.275 E3.27981
G1 X38.486 Y49.278 E3.55212
G1 X38.963 Y49.338 E3.57524
;WIDTH:0.404381
G1 X38.974 Y49.379 E3.57704
G1 X38.903 Y49.398 E3.58016
G1 X38.922 Y49.327 E3.58328
;WIDTH:0.45
G1 X38.844 Y49.091 E3.59523
G1 X34.724 Y44.971 E3.87547
G1 X34.966 Y44.668 E3.89412
G1 X38.844 Y48.545 E4.15786
G1 X38.844 Y48 E4.18407
G1 X35.167 Y44.323 E4.43417
G1 X35.367 Y43.978 E4.45335
G1 X38.844 Y47.455 E4.68985
G1 X38.844 Y46.909 E4.71611
G1 X35.567 Y43.633 E4.93897
G1 X35.73 Y43.25 E4.95899
G1 X38.844 Y46.364 E5.1708
G1 X38.844 Y45.819 E5.19701
G1 X35.889 Y42.864 E5.39801
G1 X36.024 Y42.454 E5.41877
G1 X38.844 Y45.273 E5.61055
G1 X38.844 Y44.728 E5.63676
G1 X36.141 Y42.025 E5.82061
G1 X36.262 Y41.572 E5.84316
G1 X36.398 Y40.475 E5.89633
G1 X36.408 Y39.606 E5.93813
G1 X38.844 Y39.606 E6.05529
G1 X38.844 Y44.183 E6.27543
G1 X36.694 Y42.033 E6.42167
G1 X36.394 Y41.712 E6.4428
G1 X36.665 Y41.458 E6.46066
G1 X36.779 Y40.544 E6.50496
G1 X36.789 Y39.991 E6.53156
G1 X38.458 Y39.991 E6.61183
G1 X38.458 Y43.252 E6.76867
G1 X36.801 Y41.595 E6.88138
G1 X37.071 Y41.319 E6.89995
G1 X37.17 Y40.377 E6.94551
G1 X38.072 Y40.377 E6.98889
G1 X38.072 Y42.321 E7.08239
G1 X37.207 Y41.455 E7.14126
G1 X37.584 Y41.143 E7.1648
;WIDTH:0.654789
G1 X37.603 Y40.847 E7.18664
G1 E5.18664 F2400
G92 E0
G1 X37.603 Y40.847 F7800
G1 X36.125 Y-1.34
G1 E2 F2400
;TYPE:Perimeter
;WIDTH:0.45
G1 F900
G1 X36.125 Y-7.575 E2.29988
G1 X39.133 Y-7.575 E2.44455
G1 X39.133 Y-6.071 E2.51689
G1 X39.133 Y-1.34 E2.74443
G1 X36.185 Y-1.34 E2.88622
G1 X36.185 Y-1.34 F7800
G1 X35.74 Y-.954
G1 F900
G1 X35.74 Y-7.961 E3.22323
G1 X39.519 Y-7.961 E3.40499
G1 X39.519 Y-6.071 E3.49589
G1 X39.519 Y-.954 E3.742
G1 X35.8 Y-.954 E3.92087
G1 X35.8 Y-.954 F7800
G1 X35.354 Y-.569
;TYPE:External perimeter
G1 F900
G1 X35.354 Y-8.346 E4.29492
G1 X39.904 Y-8.346 E4.51376
G1 X39.904 Y-6.071 E4.62318
G1 X39.904 Y-.569 E4.88781
G1 X35.414 Y-.569 E5.10376
G1 X35.355 Y-.964 F7800
G1 E3.10376 F2400
G92 E0
G1 X36.415 Y-7.093 F7800
G1 E2 F2400
;TYPE:Solid infill
G1 F1200
G1 X36.415 Y-1.629 E2.2628
G1 X38.844 Y-1.629 E2.37963
G1 X38.844 Y-7.286 E2.65171
G1 X36.415 Y-7.286 E2.76854
G1 X36.8 Y-6.9 E2.79476
G1 X38.458 Y-6.9 E2.8745
G1 X38.458 Y-2.015 E3.10945
G1 X36.8 Y-2.015 E3.18919
G1 X36.8 Y-6.708 E3.41491
G1 X37.186 Y-6.515 E3.43567
G1 X38.072 Y-6.515 E3.47828
G1 X38.072 Y-2.4 E3.6762
G1 X37.186 Y-2.4 E3.71881
G1 X37.186 Y-6.322 E3.90744
G1 X37.629 Y-6.071 E3.93193
;WIDTH:0.565403
G1 X37.629 Y-2.844 E4.13359
;LAYER_CHANGE
;Z:6.05
;HEIGHT:0.3
G1 Z6.05 F7800
G1 E2.13359 F2400
G92 E0
G1 X37.629 Y-2.844 F7800
G1 X41.282 Y37.881
G1 E2 F2400
;TYPE:Support material
;WIDTH:0.35
G1 F3600
G1 X40.912 Y37.646 E2.01561
G1 X40.863 Y37.398 E2.02462
G1 X41.166 Y37.142 E2.03875
G1 X41.555 Y37.055 E2.05295
G1 X41.632 Y36.712 E2.06547
G1 X42.196 Y36.997 E2.08798
G1 X42.356 Y37.23 E2.09805
G1 X42.409 Y37.483 E2.10726
G1 X42.356 Y37.739 E2.11657
G1 X42.195 Y37.977 E2.12681
G1 X41.928 Y38.168 E2.1385
G1 X41.569 Y38.284 E2.15194
G1 X41.064 Y38.182 E2.17029
G1 X40.637 Y37.867 E2.18919
G1 X40.489 Y37.468 E2.20435
G1 X40.537 Y37.249 E2.21234
G1 X40.71 Y37.016 E2.22268
G1 X41.032 Y36.817 E2.23616
G1 X41.591 Y36.699 E2.25651
G1 E.25651 F2400
G92 E0
G1 X37.275 Y36.688 F7800
G1 E2 F2400
G1 F3600
G1 X36.99 Y36.474 E2.0127
G1 X36.831 Y36.011 E2.03014
G1 X36.982 Y35.699 E2.04249
G1 X37.228 Y35.576 E2.05229
G1 X37.245 Y35.225 E2.06481
G1 X37.714 Y35.387 E2.08249
G1 X37.919 Y35.616 E2.09344
G1 X38.045 Y35.91 E2.10483
G1 X38.028 Y36.268 E2.1176
G1 X37.74 Y36.86 E2.14105
G1 X37.304 Y37.054 E2.15805
G1 X36.876 Y36.876 E2.17456
G1 X36.541 Y36.362 E2.19642
G1 X36.471 Y35.993 E2.2098
G1 X36.726 Y35.453 E2.23107
G1 X37.203 Y35.22 E2.24998
G1 E.24998 F2400
G92 E0
G1 X37.203 Y35.22 F7800
G1 X37.199 Y2.421
G1 E2 F2400
G1 F3600
G1 X36.931 Y2.281 E2.01077
G1 X36.8 Y2.002 E2.02175
G1 X36.943 Y1.54 E2.03898
G1 X37.232 Y1.351 E2.05128
G1 X37.28 Y1.004 E2.06376
G1 X37.675 Y1.2 E2.07947
G1 X37.875 Y1.477 E2.09164
G1 X38.012 Y2.081 E2.1137
G1 X37.869 Y2.435 E2.1273
G1 X37.425 Y2.755 E2.1468
G1 X36.903 Y2.698 E2.16551
G1 X36.675 Y2.527 E2.17566
G1 X36.462 Y2.139 E2.19143
G1 X36.517 Y1.619 E2.21006
G1 X36.8 Y1.166 E2.22909
G1 X37.238 Y.995 E2.24584
G1 E.24584 F2400
G92 E0
G1 X37.238 Y.995 F7800
G1 X41.295 Y1.01
G1 E2 F2400
G1 F3600
G1 X40.917 Y.807 E2.01528
G1 X40.868 Y.567 E2.02401
G1 X41.217 Y.257 E2.04064
G1 X41.541 Y.177 E2.05253
G1 X41.607 Y-.168 E2.06504
G1 X41.947 Y-.077 E2.07758
G1 X42.21 Y.1 E2.08887
G1 X42.37 Y.328 E2.09879
G1 X42.424 Y.58 E2.10797
G1 X42.37 Y.838 E2.11736
G1 X42.208 Y1.081 E2.12776
G1 X41.642 Y1.392 E2.15077
G1 X41.058 Y1.313 E2.17176
G1 X40.652 Y1.041 E2.18917
G1 X40.493 Y.651 E2.20417
G1 X40.539 Y.425 E2.21239
G1 X40.72 Y.169 E2.22356
G1 X41.068 Y-.061 E2.23842
G1 X41.565 Y-.179 E2.25662
G1 E.25662 F2400
G92 E0
G1 X41.565 Y-.179 F7800
G1 X36.123 Y39.424
G1 E2 F2400
;TYPE:Perimeter
;WIDTH:0.45
G1 F3600
G1 X39.133 Y39.424 E2.14477
G1 X39.133 Y40.956 E2.21845
G1 X39.133 Y49.568 E2.63266
G1 X21.131 Y49.568 E3.49849
G1 X21.134 Y48.921 E3.52961
G1 X21.267 Y48.484 E3.55158
G1 X21.534 Y48.215 E3.56981
G1 X21.801 Y48.065 E3.58454
G1 X22.189 Y47.989 E3.60356
G1 X28.13 Y47.989 E3.8893
G1 X28.96 Y47.945 E3.92928
G1 X29.735 Y47.825 E3.967
G1 X30.495 Y47.63 E4.00474
G1 X31.232 Y47.361 E4.04247
G1 X31.94 Y47.021 E4.08025
G1 X32.629 Y46.6 E4.11909
G1 X33.533 Y45.885 E4.17453
G1 X34.231 Y45.14 E4.22363
G1 X34.799 Y44.402 E4.26842
G1 X35.095 Y43.914 E4.29587
G1 X35.377 Y43.368 E4.32543
G1 X35.673 Y42.642 E4.36314
G1 X35.896 Y41.889 E4.40091
G1 X36.045 Y41.119 E4.43863
G1 X36.117 Y40.342 E4.47616
G1 X36.121 Y39.481 E4.51757
G1 X36.121 Y39.481 F7800
G1 X35.737 Y39.038
G1 F3600
G1 X39.519 Y39.038 E4.69947
G1 X39.519 Y40.956 E4.79172
G1 X39.519 Y49.953 E5.22444
G1 X20.743 Y49.953 E6.1275
G1 X20.748 Y48.988 E6.17391
G1 X20.857 Y48.442 E6.20069
G1 X20.994 Y48.205 E6.21386
G1 X21.422 Y47.805 E6.24204
G1 X21.8 Y47.648 E6.26173
G1 X22.166 Y47.603 E6.27947
G1 X28.13 Y47.603 E6.56632
G1 X28.903 Y47.563 E6.60355
G1 X29.642 Y47.451 E6.6395
G1 X30.365 Y47.267 E6.67538
G1 X31.068 Y47.012 E6.71135
G1 X31.742 Y46.691 E6.74726
G1 X32.392 Y46.296 E6.78384
G1 X33.261 Y45.612 E6.83703
G1 X33.927 Y44.903 E6.88382
G1 X34.47 Y44.201 E6.92651
G1 X34.753 Y43.735 E6.95273
G1 X35.021 Y43.22 E6.98065
G1 X35.304 Y42.53 E7.01652
G1 X35.518 Y41.814 E7.05246
G1 X35.661 Y41.081 E7.08838
G1 X35.731 Y40.34 E7.12418
G1 X35.737 Y39.098 E7.18392
G1 X35.737 Y39.098 F7800
G1 X35.353 Y38.652
;TYPE:External perimeter
G1 F1800
G1 X39.904 Y38.652 E7.40281
G1 X39.904 Y40.956 E7.51362
G1 X39.904 Y50.339 E7.96491
G1 X20.355 Y50.339 E8.90515
G1 X20.364 Y48.824 E8.97802
G1 X20.493 Y48.307 E9.00365
G1 X20.784 Y47.838 E9.0302
G1 X21.219 Y47.471 E9.05757
G1 X21.701 Y47.272 E9.08265
G1 X22.142 Y47.218 E9.10402
G1 X28.13 Y47.218 E9.39202
G1 X28.847 Y47.182 E9.42655
G1 X29.548 Y47.077 E9.46064
G1 X30.235 Y46.904 E9.49471
G1 X30.903 Y46.664 E9.52885
G1 X31.543 Y46.36 E9.56293
G1 X32.154 Y45.992 E9.59724
G1 X32.988 Y45.339 E9.64819
G1 X33.623 Y44.666 E9.69269
G1 X34.141 Y44 E9.73327
G1 X34.412 Y43.556 E9.75829
G1 X34.664 Y43.073 E9.78449
G1 X34.935 Y42.418 E9.81858
G1 X35.14 Y41.738 E9.85274
G1 X35.277 Y41.043 E9.88681
G1 X35.346 Y40.339 E9.92083
G1 X35.353 Y38.712 E9.99908
G1 X35.748 Y38.653 F7800
G1 X36.361 Y39.665
;TYPE:Solid infill
;WIDTH:0.404381
G1 F1200
G1 X36.32 Y39.676 E10.00088
G1 X36.301 Y39.605 E10.004
G1 X36.372 Y39.624 E10.00712
;WIDTH:0.45
G1 X36.408 Y39.993 E10.02495
G1 X36.688 Y39.713 E10.044
G1 X37.233 Y39.713 E10.07021
G1 X36.387 Y40.559 E10.12775
G1 X36.387 Y40.559 F7800
G1 X36.182 Y41.322
;WIDTH:0.404381
G1 F1200
G1 X36.141 Y41.333 E10.12955
G1 X36.122 Y41.262 E10.13267
G1 X36.193 Y41.281 E10.13579
;WIDTH:0.45
G1 X37.779 Y39.713 E10.24306
G1 X38.324 Y39.713 E10.26927
G1 X36.201 Y41.836 E10.41367
G1 X36.078 Y42.139 E10.4294
;WIDTH:0.404381
G1 X36.037 Y42.15 E10.4312
G1 X36.018 Y42.079 E10.43432
G1 X36.089 Y42.098 E10.43744
G1 X36.089 Y42.098 F7800
G1 X35.857 Y42.862
G1 F1200
G1 X35.786 Y42.843 E10.44056
G1 X35.805 Y42.914 E10.44368
G1 X35.846 Y42.903 E10.44548
;WIDTH:0.45
G1 X35.982 Y42.6 E10.46145
G1 X38.844 Y39.738 E10.65612
G1 X38.844 Y40.284 E10.68238
G1 X35.64 Y43.488 E10.90031
G1 X35.481 Y43.749 E10.91501
;WIDTH:0.404381
G1 X35.41 Y43.73 E10.91813
G1 X35.429 Y43.801 E10.92125
G1 X35.47 Y43.79 E10.92305
G1 E8.92305 F2400
G92 E0
G1 X35.47 Y43.79 F7800
G1 X33.263 Y46.439
G1 E2 F2400
;WIDTH:0.407883
G1 F1200
G1 X33.691 Y46.058 E2.02455
;WIDTH:0.404381
G1 X34.281 Y45.463 E2.06008
;WIDTH:0.405367
G1 X34.588 Y45.117 E2.07975
;WIDTH:0.45
G1 X34.829 Y44.844 E2.09726
G1 X38.844 Y40.829 E2.37036
G1 E.37036 F2400
G92 E0
G1 X38.844 Y40.829 F7800
G1 X28.017 Y48.625
G1 E2 F2400
;WIDTH:0.371815
G1 F1200
G1 X28.001 Y48.757 E2.0051
G1 X28.088 Y48.932 E2.01259
G1 X21.782 Y48.936 E2.25439
;WIDTH:0.363353
G1 X21.807 Y48.833 E2.25834
G1 X21.956 Y48.684 E2.2662
;WIDTH:0.371814
G1 X22.228 Y48.625 E2.27687
G1 X27.824 Y48.625 E2.49145
;WIDTH:0.410907
G1 X27.837 Y48.451 E2.49899
;WIDTH:0.45
G1 X27.849 Y48.278 E2.50733
G1 X28.684 Y48.252 E2.54751
G1 X28.397 Y48.549 E2.56737
G1 X28.345 Y48.71 E2.57551
G1 X28.485 Y48.905 E2.58706
G1 X28.511 Y49.278 E2.60504
G1 X21.422 Y49.278 E2.946
G1 X21.423 Y48.992 E2.95976
G1 X21.475 Y48.75 E2.97167
G1 X21.568 Y48.564 E2.98167
G1 X21.845 Y48.36 E2.99822
G1 X22.207 Y48.278 E3.01607
G1 X27.656 Y48.278 E3.27815
G1 X27.656 Y48.278 F7800
G1 X28.808 Y48.683
G1 F1200
G1 X29.309 Y48.182 E3.31223
G1 X30.021 Y47.89 E3.34924
;WIDTH:0.404381
G1 X30.16 Y47.877 E3.35516
G1 X30.246 Y47.902 E3.35896
;WIDTH:0.45
G1 X29.976 Y48.061 E3.37403
G1 X28.844 Y49.192 E3.45099
G1 X29.304 Y49.278 E3.4735
G1 X30.735 Y47.847 E3.57083
G1 X30.735 Y47.847 F7800
G1 X31.958 Y47.271
;WIDTH:0.404381
G1 F1200
G1 X31.887 Y47.252 E3.57395
G1 X31.906 Y47.323 E3.57707
G1 X31.947 Y47.312 E3.57887
;WIDTH:0.45
G1 X31.644 Y47.483 E3.5956
G1 X29.849 Y49.278 E3.71769
G1 X29.849 Y49.278 F7800
G1 X30.697 Y49.421
;WIDTH:0.404381
G1 F1200
G1 X30.656 Y49.432 E3.71949
G1 X30.637 Y49.361 E3.72261
G1 X30.708 Y49.38 E3.72573
;WIDTH:0.45
G1 X30.394 Y49.278 E3.74161
G1 X32.991 Y46.682 E3.91822
G1 E1.91822 F2400
G92 E0
G1 X32.991 Y46.682 F7800
G1 X30.94 Y49.278
G1 E2 F2400
G1 F1200
G1 X38.844 Y41.374 E2.53762
G1 X38.844 Y41.92 E2.56388
G1 X31.485 Y49.278 E3.0644
G1 X32.03 Y49.278 E3.09061
G1 X38.844 Y42.465 E3.55406
G1 X38.844 Y43.01 E3.58027
G1 X32.576 Y49.278 E4.00661
G1 X33.121 Y49.278 E4.03282
G1 X38.844 Y43.556 E4.42206
G1 X38.844 Y44.101 E4.44827
G1 X33.666 Y49.278 E4.80044
G1 X34.212 Y49.278 E4.8267
G1 X38.844 Y44.647 E5.14173
G1 X38.844 Y45.192 E5.16794
G1 X34.757 Y49.278 E5.4459
G1 X35.302 Y49.278 E5.47211
G1 X38.844 Y45.737 E5.713
G1 X38.844 Y46.283 E5.73926
G1 X35.848 Y49.278 E5.94301
G1 X36.393 Y49.278 E5.96922
G1 X38.844 Y46.828 E6.1359
G1 X38.844 Y47.373 E6.16211
G1 X36.938 Y49.278 E6.29172
G1 X36.832 Y49.432 E6.30071
;WIDTH:0.404381
G1 X36.76 Y49.413 E6.30387
G1 X36.779 Y49.484 E6.30699
G1 X36.821 Y49.473 E6.30883
G1 E4.30883 F2400
G92 E0
G1 X36.821 Y49.473 F7800
G1 X38.707 Y48.055
G1 E2 F2400
;WIDTH:0.45
G1 F1200
G1 X37.484 Y49.278 E2.08319
G1 X38.844 Y49.278 E2.1486
G1 X38.844 Y47.919 E2.21396
G1 X38.844 Y47.919 F7800
G1 X38.495 Y48.867
;WIDTH:0.475353
G1 F1200
G1 X38.459 Y48.831 E2.21657
G1 X38.409 Y48.844 E2.21922
G1 X38.396 Y48.893 E2.22182
G1 X38.432 Y48.93 E2.22447
G1 X38.482 Y48.917 E2.22712
G1 E.22712 F2400
G92 E0
G1 X38.482 Y48.917 F7800
G1 X36.125 Y-1.447
G1 E2 F2400
;TYPE:Perimeter
;WIDTH:0.45
G1 F900
G1 X36.125 Y-7.575 E2.29474
G1 X39.133 Y-7.575 E2.43941
G1 X39.133 Y-6.071 E2.51175
G1 X39.133 Y-1.447 E2.73415
G1 X36.185 Y-1.447 E2.87594
G1 X36.185 Y-1.447 F7800
G1 X35.74 Y-1.061
G1 F900
G1 X35.74 Y-7.961 E3.20781
G1 X39.519 Y-7.961 E3.38957
G1 X39.519 Y-6.071 E3.48047
G1 X39.519 Y-1.061 E3.72143
G1 X35.8 Y-1.061 E3.9003
G1 X35.8 Y-1.061 F7800
G1 X35.354 Y-.676
;TYPE:External perimeter
G1 F900
G1 X35.354 Y-8.346 E4.2692
G1 X39.904 Y-8.346 E4.48804
G1 X39.904 Y-6.071 E4.59746
G1 X39.904 Y-.676 E4.85694
G1 X35.414 Y-.676 E5.07289
G1 X35.355 Y-1.071 F7800
G1 E3.07289 F2400
G92 E0
G1 X36.415 Y-7.286 F7800
G1 E2 F2400
;TYPE:Solid infill
G1 F1200
G1 X38.844 Y-7.286 E2.11683
G1 X38.844 Y-1.736 E2.38377
G1 X36.415 Y-1.736 E2.5006
G1 X36.415 Y-7.093 E2.75825
G1 X36.8 Y-6.9 E2.77896
G1 X38.458 Y-6.9 E2.8587
G1 X38.458 Y-2.122 E3.08851
G1 X36.8 Y-2.122 E3.16825
G1 X36.8 Y-6.708 E3.38882
G1 X37.186 Y-6.515 E3.40958
G1 X38.072 Y-6.515 E3.45219
G1 X38.072 Y-2.507 E3.64496
G1 X37.186 Y-2.507 E3.68757
G1 X37.186 Y-6.322 E3.87106
G1 X37.629 Y-6.071 E3.89555
;WIDTH:0.565403
G1 X37.629 Y-2.951 E4.09052
;LAYER_CHANGE
;Z:6.35
;HEIGHT:0.3
G1 Z6.35 F7800
G1 E2.09052 F2400
G92 E0
G1 X37.629 Y-2.951 F7800
G1 X41.685 Y37.733
G1 E2 F2400
;TYPE:Support material
;WIDTH:0.35
G1 F3600
G1 X41.192 Y37.799 E2.01772
G1 X40.925 Y37.706 E2.02779
G1 X40.745 Y37.534 E2.03666
G1 X40.799 Y37.309 E2.0449
G1 X41.153 Y37.186 E2.05825
G1 X41.147 Y36.836 E2.07072
G1 X41.611 Y36.851 E2.08726
G1 X41.947 Y37.002 E2.10038
G1 X42.114 Y37.237 E2.11065
G1 X42.169 Y37.489 E2.11984
G1 X42.113 Y37.742 E2.12907
G1 X41.858 Y38.041 E2.14307
G1 X41.479 Y38.154 E2.15716
G1 X40.957 Y38.096 E2.17587
G1 X40.483 Y37.777 E2.19622
G1 X40.372 Y37.541 E2.20551
G1 X40.373 Y37.334 E2.21288
G1 X40.488 Y37.115 E2.22169
G1 X40.713 Y36.95 E2.23163
G1 X41.104 Y36.836 E2.24614
G1 E.24614 F2400
G92 E0
G1 X41.104 Y36.836 F7800
G1 X37.428 Y36.761
G1 E2 F2400
G1 F3600
G1 X37.243 Y36.81 E2.00682
G1 X37.077 Y36.622 E2.01575
G1 X36.962 Y36.224 E2.03051
G1 X36.982 Y35.968 E2.03966
G1 X37.022 Y35.871 E2.0434
G1 X37.25 Y35.764 E2.05237
G1 X37.269 Y35.414 E2.06486
G1 X37.722 Y35.574 E2.08197
G1 X37.951 Y36.149 E2.10402
G1 X37.937 Y36.494 E2.11632
G1 X37.84 Y36.797 E2.12765
G1 X37.471 Y37.151 E2.14587
G1 X37.27 Y37.182 E2.15312
G1 X36.91 Y36.995 E2.16757
G1 X36.663 Y36.531 E2.1863
G1 X36.609 Y36.243 E2.19674
G1 X36.638 Y35.886 E2.2095
G1 X36.748 Y35.637 E2.2192
G1 X36.971 Y35.475 E2.22902
G1 X37.226 Y35.408 E2.23841
G1 E.23841 F2400
G92 E0
G1 X37.226 Y35.408 F7800
G1 X37.311 Y2.252
G1 E2 F2400
G1 F3600
G1 X37.01 Y2.178 E2.01104
G1 X36.907 Y1.753 E2.02662
G1 X36.994 Y1.414 E2.03909
G1 X37.187 Y1.222 E2.04879
G1 X37.182 Y.871 E2.0613
G1 X37.33 Y.88 E2.06658
G1 X37.566 Y1.01 E2.07618
G1 X37.75 Y1.249 E2.08693
G1 X37.871 Y1.585 E2.09965
G1 X37.892 Y1.955 E2.11285
G1 X37.809 Y2.271 E2.12449
G1 X37.658 Y2.478 E2.13362
G1 X37.152 Y2.615 E2.15229
G1 X36.802 Y2.469 E2.1658
G1 X36.59 Y2.086 E2.18139
G1 X36.561 Y1.69 E2.19553
G1 X36.68 Y1.254 E2.21163
G1 X36.816 Y1.056 E2.22019
G1 X37.139 Y.868 E2.2335
G1 E.2335 F2400
G92 E0
G1 X41.078 Y.923 F7800
G1 E2 F2400
G1 F3600
G1 X40.813 Y.789 E2.01058
G1 X40.724 Y.609 E2.01773
G1 X40.892 Y.432 E2.02642
G1 X41.497 Y.31 E2.04841
G1 X41.53 Y-.038 E2.06086
G1 X41.806 Y.024 E2.07094
G1 X42.125 Y.352 E2.08724
G1 X42.18 Y.601 E2.09632
G1 X42.124 Y.857 E2.10566
G1 X41.96 Y1.093 E2.1159
G1 X41.735 Y1.218 E2.12507
G1 X41.21 Y1.295 E2.14397
G1 X40.752 Y1.18 E2.16079
G1 X40.436 Y.88 E2.17631
G1 X40.378 Y.513 E2.18955
G1 X40.585 Y.218 E2.20239
G1 X40.99 Y.02 E2.21845
G1 X41.488 Y-.042 E2.23633
G1 E.23633 F2400
G92 E0
G1 X41.488 Y-.042 F7800
G1 X36.123 Y39.464
G1 E2 F2400
;TYPE:Perimeter
;WIDTH:0.45
G1 F3600
G1 X39.133 Y39.464 E2.14477
G1 X39.133 Y40.999 E2.2186
G1 X39.133 Y49.568 E2.63074
G1 X21.131 Y49.568 E3.49657
G1 X21.134 Y48.99 E3.52437
G1 X21.206 Y48.636 E3.54174
G1 X21.372 Y48.339 E3.5581
G1 X21.754 Y48.072 E3.58052
G1 X22.161 Y47.989 E3.6005
G1 X28.13 Y47.989 E3.88759
G1 X28.96 Y47.945 E3.92757
G1 X29.735 Y47.825 E3.96529
G1 X30.495 Y47.63 E4.00303
G1 X31.232 Y47.361 E4.04076
G1 X31.94 Y47.021 E4.07854
G1 X32.629 Y46.6 E4.11738
G1 X33.533 Y45.885 E4.17282
G1 X34.231 Y45.14 E4.22192
G1 X34.803 Y44.395 E4.2671
G1 X35.212 Y43.699 E4.30593
G1 X35.631 Y42.753 E4.35569
G1 X35.896 Y41.889 E4.39916
G1 X36.071 Y40.848 E4.44993
G1 X36.117 Y40.342 E4.47437
G1 X36.121 Y39.522 E4.51381
G1 X36.121 Y39.522 F7800
G1 X35.737 Y39.079
G1 F3600
G1 X39.519 Y39.079 E4.69571
G1 X39.519 Y40.999 E4.78806
G1 X39.519 Y49.953 E5.21872
G1 X20.743 Y49.953 E6.12178
G1 X20.749 Y48.872 E6.17377
G1 X20.903 Y48.35 E6.19995
G1 X21.145 Y48.022 E6.21955
G1 X21.603 Y47.713 E6.24612
G1 X22.149 Y47.603 E6.27291
G1 X28.13 Y47.603 E6.56058
G1 X28.903 Y47.563 E6.59781
G1 X29.642 Y47.451 E6.63376
G1 X30.365 Y47.267 E6.66964
G1 X31.068 Y47.012 E6.70561
G1 X31.742 Y46.691 E6.74152
G1 X32.392 Y46.296 E6.7781
G1 X33.261 Y45.612 E6.83129
G1 X33.927 Y44.903 E6.87808
G1 X34.472 Y44.197 E6.92098
G1 X34.86 Y43.542 E6.9576
G1 X35.279 Y42.596 E7.00736
G1 X35.518 Y41.814 E7.04669
G1 X35.661 Y41.081 E7.08261
G1 X35.731 Y40.34 E7.11841
G1 X35.737 Y39.139 E7.17617
G1 X35.737 Y39.139 F7800
G1 X35.353 Y38.693
;TYPE:External perimeter
G1 F1800
G1 X39.904 Y38.693 E7.39506
G1 X39.904 Y40.999 E7.50597
G1 X39.904 Y50.339 E7.95519
G1 X20.355 Y50.339 E8.89543
G1 X20.364 Y48.824 E8.9683
G1 X20.493 Y48.307 E8.99393
G1 X20.669 Y47.996 E9.01112
G1 X21 Y47.625 E9.03503
G1 X21.452 Y47.354 E9.06038
G1 X21.665 Y47.298 E9.07097
G1 X22.136 Y47.218 E9.09395
G1 X28.13 Y47.218 E9.38224
G1 X28.847 Y47.182 E9.41677
G1 X29.548 Y47.077 E9.45086
G1 X30.235 Y46.904 E9.48493
G1 X30.903 Y46.664 E9.51907
G1 X31.543 Y46.36 E9.55315
G1 X32.154 Y45.992 E9.58746
G1 X32.988 Y45.339 E9.63841
G1 X33.623 Y44.666 E9.68291
G1 X34.142 Y43.999 E9.72356
G1 X34.507 Y43.386 E9.75787
G1 X34.926 Y42.44 E9.80763
G1 X35.14 Y41.738 E9.84293
G1 X35.277 Y41.043 E9.877
G1 X35.346 Y40.339 E9.91102
G1 X35.353 Y38.753 E9.9873
G1 X35.748 Y38.694 F7800
G1 E7.9873 F2400
G92 E0
G1 X21.423 Y48.957 F7800
G1 E2 F2400
;TYPE:Solid infill
G1 F1200
G1 X21.539 Y48.611 E2.01755
G1 X21.802 Y48.389 E2.0341
G1 X22.087 Y48.284 E2.04871
G1 X28.128 Y48.278 E2.33926
G1 X28.893 Y48.241 E2.3761
G1 X29.729 Y48.122 E2.41671
G1 X30.488 Y47.934 E2.45432
G1 X31.255 Y47.664 E2.49343
G1 X31.993 Y47.32 E2.53259
G1 X32.792 Y46.838 E2.57747
G1 X33.087 Y46.606 E2.59552
G1 X35.759 Y49.278 E2.77727
G1 X21.422 Y49.278 E3.46683
G1 X21.422 Y49.15 E3.47299
G1 X21.785 Y48.933 E3.49333
;WIDTH:0.368887
G1 X21.809 Y48.837 E3.49709
G1 X22 Y48.673 E3.50665
G1 X22.131 Y48.629 E3.5119
;WIDTH:0.371815
G1 X28.128 Y48.625 E3.74185
;WIDTH:0.372202
G1 X28.153 Y48.624 E3.74281
;WIDTH:0.39281
G1 X28.943 Y48.595 E3.77519
;WIDTH:0.422732
G1 X29.382 Y48.546 E3.79493
;WIDTH:0.452655
G1 X29.821 Y48.497 E3.81632
G1 X30.615 Y48.298 E3.85596
;WIDTH:0.45
G1 X31.417 Y48.014 E3.89688
G1 X32.137 Y47.68 E3.93505
G1 X33.062 Y47.126 E3.98691
G1 X34.828 Y48.893 E4.10707
G1 X30.633 Y48.893 E4.30883
;WIDTH:0.451074
G1 X29.345 Y48.908 E4.37096
;WIDTH:0.420366
G1 X28.9 Y48.923 E4.39073
;WIDTH:0.389659
G1 X28.128 Y48.932 E4.42205
;WIDTH:0.371815
G1 X22.151 Y48.933 E4.65124
;WIDTH:0.368887
G1 X21.978 Y48.933 E4.65781
G1 E2.65781 F2400
G92 E0
G1 X21.978 Y48.933 F7800
G1 X31.183 Y48.507
G1 E2 F2400
;WIDTH:0.45
G1 F1200
G1 X31.58 Y48.364 E2.0203
G1 X32.392 Y47.98 E2.0635
G1 X33.002 Y47.612 E2.09776
G1 X33.897 Y48.507 E2.15864
G1 X31.376 Y48.507 E2.27989
G1 X31.376 Y48.507 F7800
G1 X32.928 Y48.062
;WIDTH:0.470943
G1 F1200
G1 X32.892 Y48.098 E2.28247
G1 X32.905 Y48.147 E2.28504
G1 X32.954 Y48.16 E2.28761
G1 X32.99 Y48.124 E2.29019
G1 X32.977 Y48.075 E2.29276
G1 X32.977 Y48.075 F7800
G1 X33.391 Y46.365
;WIDTH:0.45
G1 F1200
G1 X36.305 Y49.278 E2.49093
G1 X36.85 Y49.278 E2.51714
G1 X33.695 Y46.124 E2.73171
G1 X33.97 Y45.853 E2.75028
G1 X37.395 Y49.278 E2.98324
G1 X37.941 Y49.278 E3.0095
G1 X34.239 Y45.577 E3.26127
G1 X34.488 Y45.281 E3.27987
G1 X38.486 Y49.278 E3.55177
G1 X38.963 Y49.338 E3.57489
;WIDTH:0.404381
G1 X38.974 Y49.379 E3.57669
G1 X38.903 Y49.398 E3.57981
G1 X38.922 Y49.327 E3.58293
;WIDTH:0.45
G1 X38.844 Y49.091 E3.59488
G1 X34.727 Y44.974 E3.87491
G1 X34.966 Y44.668 E3.89358
G1 X38.844 Y48.545 E4.15732
G1 X38.844 Y48 E4.18353
G1 X35.174 Y44.33 E4.43316
G1 X35.381 Y43.992 E4.45222
G1 X38.844 Y47.455 E4.68777
G1 X38.844 Y46.909 E4.71403
G1 X35.556 Y43.622 E4.93764
G1 X35.726 Y43.246 E4.95749
G1 X38.844 Y46.364 E5.16957
G1 X38.844 Y45.819 E5.19578
G1 X35.896 Y42.871 E5.3963
G1 X36.024 Y42.454 E5.41728
G1 X38.844 Y45.273 E5.60906
G1 X38.844 Y44.728 E5.63527
G1 X36.152 Y42.037 E5.81834
G1 X36.391 Y41.73 E5.83705
G1 X38.844 Y44.183 E6.0039
G1 X38.844 Y39.753 E6.21697
G1 X36.408 Y39.753 E6.33413
G1 X36.401 Y40.448 E6.36756
G1 X36.344 Y41.035 E6.39593
G1 X36.241 Y41.626 E6.42478
G1 X36.666 Y41.459 E6.44674
G1 X36.743 Y40.914 E6.47321
G1 X36.79 Y40.139 E6.51055
G1 X38.458 Y40.139 E6.59078
G1 X38.458 Y43.252 E6.7405
G1 X36.802 Y41.596 E6.85314
G1 X37.101 Y41.35 E6.87176
G1 X37.168 Y40.525 E6.91157
G1 X38.072 Y40.525 E6.95505
G1 X38.072 Y42.321 E7.04143
G1 X37.238 Y41.486 E7.09819
G1 X37.591 Y41.157 E7.1214
;WIDTH:0.642455
G1 X37.598 Y40.999 E7.1328
G1 E5.1328 F2400
G92 E0
G1 X37.598 Y40.999 F7800
G1 X36.125 Y-1.488
G1 E2 F2400
;TYPE:Perimeter
;WIDTH:0.45
G1 F900
G1 X36.125 Y-7.575 E2.29276
G1 X39.133 Y-7.575 E2.43743
G1 X39.133 Y-6.071 E2.50977
G1 X39.133 Y-1.488 E2.7302
G1 X36.185 Y-1.488 E2.87199
G1 X36.185 Y-1.488 F7800
G1 X35.74 Y-1.102
G1 F900
G1 X35.74 Y-7.961 E3.20188
G1 X39.519 Y-7.961 E3.38364
G1 X39.519 Y-6.071 E3.47454
G1 X39.519 Y-1.102 E3.71353
G1 X35.8 Y-1.102 E3.8924
G1 X35.8 Y-1.102 F7800
G1 X35.354 Y-.716
;TYPE:External perimeter
G1 F900
G1 X35.354 Y-8.346 E4.25938
G1 X39.904 Y-8.346 E4.47822
G1 X39.904 Y-6.071 E4.58764
G1 X39.904 Y-.716 E4.8452
G1 X35.414 Y-.716 E5.06115
G1 X35.355 Y-1.112 F7800
G1 X36.415 Y-1.777
;TYPE:Solid infill
G1 F1200
G1 X36.415 Y-7.286 E5.32611
G1 X38.844 Y-7.286 E5.44294
G1 X38.844 Y-1.777 E5.7079
G1 X36.607 Y-1.777 E5.81549
G1 X36.8 Y-2.162 E5.8362
G1 X36.8 Y-6.9 E6.06408
G1 X38.458 Y-6.9 E6.14382
G1 X38.458 Y-2.162 E6.3717
G1 X36.993 Y-2.162 E6.44216
G1 X37.186 Y-2.548 E6.46292
G1 X37.186 Y-6.515 E6.65372
G1 X38.072 Y-6.515 E6.69633
G1 X38.072 Y-2.548 E6.88713
G1 X37.379 Y-2.548 E6.92046
G1 X37.629 Y-2.991 E6.94493
;WIDTH:0.565403
G1 X37.629 Y-6.071 E7.1374
;LAYER_CHANGE
;Z:6.65
;HEIGHT:0.3
G1 Z6.65 F7800
G1 E5.1374 F2400
G92 E0
G1 X37.629 Y-6.071 F7800
G1 X41.306 Y37.357
G1 E2 F2400
;TYPE:Support material
;WIDTH:0.35
G1 F3600
G1 X41.464 Y37.515 E2.00796
G1 X41.156 Y37.662 E2.02012
G1 X40.683 Y37.527 E2.03764
G1 X40.588 Y37.416 E2.04284
G1 X40.797 Y37.284 E2.05165
G1 X40.782 Y36.934 E2.06413
G1 X41.127 Y36.935 E2.07642
G1 X41.515 Y37.055 E2.09089
G1 X41.761 Y37.26 E2.1023
G1 X41.838 Y37.49 E2.11094
G1 X41.771 Y37.709 E2.1191
G1 X41.547 Y37.911 E2.12985
G1 X41.19 Y38.017 E2.14312
G1 X40.797 Y37.978 E2.15719
G1 X40.472 Y37.813 E2.17017
G1 X40.252 Y37.521 E2.18319
G1 X40.262 Y37.255 E2.19267
G1 X40.503 Y37.015 E2.20479
G1 X40.739 Y36.934 E2.21368
G1 E.21368 F2400
G92 E0
G1 X40.739 Y36.934 F7800
G1 X37.486 Y36.645
G1 E2 F2400
G1 F3600
G1 X37.427 Y36.814 E2.00638
G1 X37.252 Y36.943 E2.01412
G1 X37.121 Y36.636 E2.02601
G1 X37.118 Y36.367 E2.03559
G1 X37.358 Y35.732 E2.05977
G1 X37.605 Y35.871 E2.06987
G1 X37.762 Y36.105 E2.07991
G1 X37.833 Y36.711 E2.10165
G1 X37.572 Y37.193 E2.12118
G1 X37.389 Y37.296 E2.12866
G1 X37.065 Y37.246 E2.14034
G1 X36.833 Y36.922 E2.15454
G1 X36.768 Y36.336 E2.17554
G1 X36.916 Y35.91 E2.19161
G1 X37.1 Y35.758 E2.20011
G1 X37.316 Y35.722 E2.20791
G1 E.20791 F2400
G92 E0
G1 X37.316 Y35.722 F7800
G1 X37.406 Y1.63
G1 E2 F2400
G1 F3600
G1 X37.356 Y1.827 E2.00724
G1 X37.201 Y1.946 E2.0142
G1 X37.03 Y1.629 E2.02703
G1 X37.065 Y1.279 E2.03956
G1 X37.205 Y1.087 E2.04803
G1 X37.183 Y.737 E2.06052
G1 X37.474 Y.825 E2.07135
G1 X37.629 Y1.015 E2.08009
G1 X37.76 Y1.661 E2.10357
G1 X37.678 Y1.98 E2.1153
G1 X37.518 Y2.197 E2.1249
G1 X37.303 Y2.303 E2.13344
G1 X37.024 Y2.258 E2.14351
G1 X36.729 Y1.868 E2.16093
G1 X36.682 Y1.371 E2.17871
G1 X36.886 Y.898 E2.19706
G1 X37.14 Y.736 E2.20779
G1 E.20779 F2400
G92 E0
G1 X37.14 Y.736 F7800
G1 X41.459 Y.591
G1 E2 F2400
G1 F3600
G1 X41.363 Y.746 E2.0065
G1 X41.129 Y.831 E2.01537
G1 X40.796 Y.784 E2.02735
G1 X40.594 Y.613 E2.03678
G1 X40.826 Y.469 E2.04651
G1 X41.136 Y.455 E2.05756
G1 X41.207 Y.113 E2.07
G1 X41.543 Y.204 E2.0824
G1 X41.783 Y.407 E2.0936
G1 X41.848 Y.622 E2.1016
G1 X41.77 Y.85 E2.11018
G1 X41.552 Y1.046 E2.12062
G1 X41.171 Y1.183 E2.13504
G1 X40.886 Y1.172 E2.1452
G1 X40.481 Y1.015 E2.16067
G1 X40.341 Y.878 E2.16765
G1 X40.234 Y.56 E2.1796
G1 X40.347 Y.332 E2.18867
G1 X40.755 Y.122 E2.20502
G1 X41.165 Y.104 E2.21964
G1 E.21964 F2400
G92 E0
G1 X41.165 Y.104 F7800
G1 X36.125 Y39.444
G1 E2 F2400
;TYPE:Perimeter
;WIDTH:0.45
G1 F3600
G1 X39.133 Y39.444 E2.14467
G1 X39.133 Y40.981 E2.21859
G1 X39.133 Y49.568 E2.63159
G1 X21.127 Y49.568 E3.49762
G1 X21.128 Y49.043 E3.52287
G1 X21.199 Y48.635 E3.54279
G1 X21.406 Y48.306 E3.56149
G1 X21.752 Y48.067 E3.58172
G1 X22.1 Y47.991 E3.59885
G1 X28.13 Y47.989 E3.88887
G1 X29.232 Y47.91 E3.94201
G1 X30.382 Y47.663 E3.99858
G1 X31.232 Y47.361 E4.04197
G1 X31.94 Y47.021 E4.07975
G1 X32.61 Y46.614 E4.11745
G1 X33.255 Y46.127 E4.15632
G1 X34.004 Y45.414 E4.20606
G1 X34.687 Y44.564 E4.2585
G1 X35.011 Y44.062 E4.28724
G1 X35.377 Y43.368 E4.32498
G1 X35.677 Y42.628 E4.36339
G1 X35.937 Y41.706 E4.40946
G1 X36.063 Y40.868 E4.45022
G1 X36.125 Y39.993 E4.49241
G1 X36.125 Y39.504 E4.51593
G1 X36.125 Y39.504 F7800
G1 X35.74 Y39.058
G1 F3600
G1 X39.519 Y39.058 E4.69769
G1 X39.519 Y40.981 E4.79018
G1 X39.519 Y49.953 E5.2217
G1 X20.741 Y49.953 E6.12486
G1 X20.742 Y49.043 E6.16863
G1 X20.803 Y48.645 E6.188
G1 X20.938 Y48.283 E6.20658
G1 X21.219 Y47.959 E6.22721
G1 X21.602 Y47.71 E6.24918
G1 X22.073 Y47.606 E6.27238
G1 X28.13 Y47.603 E6.5637
G1 X29.203 Y47.526 E6.61544
G1 X30.297 Y47.286 E6.66931
G1 X31.067 Y47.013 E6.7086
G1 X31.742 Y46.69 E6.74459
G1 X32.381 Y46.304 E6.7805
G1 X32.989 Y45.848 E6.81705
G1 X33.738 Y45.134 E6.86682
G1 X34.365 Y44.352 E6.91503
G1 X34.671 Y43.881 E6.94204
G1 X35.021 Y43.22 E6.97801
G1 X35.306 Y42.522 E7.01427
G1 X35.558 Y41.634 E7.05867
G1 X35.679 Y40.839 E7.09735
G1 X35.74 Y39.993 E7.13815
G1 X35.74 Y39.118 E7.18023
G1 X35.74 Y39.118 F7800
G1 X35.354 Y38.673
;TYPE:External perimeter
G1 F1800
G1 X39.904 Y38.673 E7.39907
G1 X39.904 Y40.981 E7.51008
G1 X39.904 Y50.339 E7.96017
G1 X20.354 Y50.339 E8.90046
G1 X20.356 Y49.042 E8.96284
G1 X20.425 Y48.57 E8.98578
G1 X20.54 Y48.223 E9.00336
G1 X20.844 Y47.771 E9.02956
G1 X21.145 Y47.517 E9.0485
G1 X21.589 Y47.31 E9.07206
G1 X22.047 Y47.22 E9.09451
G1 X28.13 Y47.218 E9.38708
G1 X29.203 Y47.137 E9.43883
G1 X30.213 Y46.91 E9.48862
G1 X30.902 Y46.664 E9.52381
G1 X31.544 Y46.36 E9.55797
G1 X32.151 Y45.995 E9.59204
G1 X32.723 Y45.568 E9.62637
G1 X33.472 Y44.855 E9.67611
G1 X34.042 Y44.141 E9.72005
G1 X34.331 Y43.699 E9.74545
G1 X34.665 Y43.073 E9.77958
G1 X34.936 Y42.415 E9.81381
G1 X35.179 Y41.562 E9.85647
G1 X35.294 Y40.811 E9.89301
G1 X35.354 Y39.993 E9.93246
G1 X35.354 Y38.733 E9.99306
G1 X35.75 Y38.674 F7800
G1 X36.545 Y39.79
;TYPE:Solid infill
;WIDTH:0.598797
G1 F1200
G1 X36.498 Y39.743 E9.99749
G1 X36.433 Y39.76 E10.00197
G1 X36.416 Y39.825 E10.00645
G1 X36.463 Y39.872 E10.01088
G1 X36.528 Y39.855 E10.01536
;WIDTH:0.45
G1 X37.205 Y39.733 E10.04845
G1 X36.376 Y40.563 E10.10487
G1 X36.329 Y41.155 E10.13343
G1 X37.751 Y39.733 E10.23015
G1 X38.296 Y39.733 E10.25636
G1 X36.204 Y41.826 E10.39869
G1 X36.09 Y42.087 E10.41239
;WIDTH:0.404381
G1 X36.019 Y42.068 E10.41551
G1 X36.038 Y42.139 E10.41863
G1 X36.079 Y42.128 E10.42043
;WIDTH:0.45
G1 X35.858 Y42.854 E10.45693
;WIDTH:0.404381
G1 X35.787 Y42.835 E10.46005
G1 X35.806 Y42.906 E10.46317
G1 X35.847 Y42.895 E10.46497
;WIDTH:0.45
G1 X35.982 Y42.593 E10.48088
G1 X38.841 Y39.733 E10.67538
G1 X38.844 Y40.276 E10.7015
G1 X35.637 Y43.483 E10.91964
G1 X35.471 Y43.785 E10.93621
;WIDTH:0.404381
G1 X35.43 Y43.796 E10.93801
G1 X35.411 Y43.725 E10.94113
G1 X35.482 Y43.744 E10.94425
G1 E8.94425 F2400
G92 E0
G1 X35.482 Y43.744 F7800
G1 X33.213 Y46.492
G1 E2 F2400
G1 F1200
G1 X34.159 Y45.587 E2.05552
;WIDTH:0.408625
G1 X34.641 Y45.053 E2.08641
;WIDTH:0.45
G1 X34.885 Y44.781 E2.10398
G1 X38.844 Y40.822 E2.37327
G1 E.37327 F2400
G92 E0
G1 X38.844 Y40.822 F7800
G1 X27.954 Y48.625
G1 E2 F2400
;WIDTH:0.371738
G1 F1200
G1 X27.895 Y48.778 E2.00629
G1 X27.959 Y48.932 E2.01268
G1 X22.154 Y48.933 E2.23522
;WIDTH:0.370634
G1 X21.8 Y48.934 E2.24874
;WIDTH:0.368065
G1 X21.829 Y48.828 E2.2529
G1 X21.929 Y48.709 E2.25879
;WIDTH:0.370634
G1 X22.143 Y48.626 E2.26756
;WIDTH:0.371701
G1 X27.761 Y48.625 E2.4829
;WIDTH:0.41085
G1 X27.751 Y48.451 E2.49043
;WIDTH:0.45
G1 X27.741 Y48.278 E2.49876
G1 X28.14 Y48.278 E2.51795
G1 X28.701 Y48.238 E2.545
G1 X28.303 Y48.635 E2.57204
G1 X28.241 Y48.778 E2.57954
G1 X28.298 Y48.914 E2.58663
G1 X28.386 Y49.002 E2.59262
G1 X28.416 Y49.278 E2.60597
G1 X21.416 Y49.278 E2.94265
G1 X21.417 Y49.057 E2.95328
G1 X21.525 Y48.633 E2.97432
G1 X21.747 Y48.4 E2.9898
G1 X22.12 Y48.28 E3.00865
G1 X27.548 Y48.278 E3.26972
G1 X27.548 Y48.278 F7800
G1 X28.707 Y48.777
G1 F1200
G1 X29.293 Y48.191 E3.30958
G1 X29.994 Y48.035 E3.34412
G1 X28.76 Y49.269 E3.42806
G1 X29.296 Y49.278 E3.45384
G1 X30.719 Y47.856 E3.5506
G1 X30.989 Y47.681 E3.56608
;WIDTH:0.404381
G1 X30.911 Y47.664 E3.56947
G1 X30.743 Y47.695 E3.57671
G1 X30.743 Y47.695 F7800
G1 X31.625 Y47.495
;WIDTH:0.45
G1 F1200
G1 X29.841 Y49.278 E3.69802
G1 X29.841 Y49.278 F7800
G1 X30.701 Y49.38
;WIDTH:0.404381
G1 F1200
G1 X30.629 Y49.361 E3.70118
G1 X30.648 Y49.432 E3.7043
G1 X30.69 Y49.421 E3.70614
;WIDTH:0.45
G1 X30.387 Y49.278 E3.72225
G1 X32.94 Y46.725 E3.8959
G1 E1.8959 F2400
G92 E0
G1 X32.94 Y46.725 F7800
G1 X30.932 Y49.278
G1 E2 F2400
G1 F1200
G1 X38.844 Y41.367 E2.53813
G1 X38.844 Y41.912 E2.56434
G1 X31.478 Y49.278 E3.06537
G1 X32.023 Y49.278 E3.09158
G1 X38.844 Y42.458 E3.5555
G1 X38.844 Y43.003 E3.58171
G1 X32.568 Y49.278 E4.00856
G1 X33.114 Y49.278 E4.03482
G1 X38.844 Y43.548 E4.42457
G1 X38.844 Y44.094 E4.45083
G1 X33.659 Y49.278 E4.80347
G1 X34.204 Y49.278 E4.82968
G1 X38.844 Y44.639 E5.14525
G1 X38.844 Y45.184 E5.17146
G1 X34.75 Y49.278 E5.44993
G1 X35.295 Y49.278 E5.47614
G1 X38.844 Y45.73 E5.7175
G1 X38.844 Y46.275 E5.74371
G1 X35.84 Y49.278 E5.948
G1 X36.386 Y49.278 E5.97426
G1 X38.844 Y46.82 E6.14145
G1 X38.844 Y47.366 E6.16771
G1 X36.931 Y49.278 E6.2978
G1 X36.824 Y49.432 E6.30682
;WIDTH:0.404381
G1 X36.753 Y49.413 E6.30994
G1 X36.772 Y49.484 E6.31306
G1 X36.813 Y49.473 E6.31486
G1 E4.31486 F2400
G92 E0
G1 X36.813 Y49.473 F7800
G1 X38.707 Y48.047
G1 E2 F2400
;WIDTH:0.45
G1 F1200
G1 X37.476 Y49.278 E2.08373
G1 X38.844 Y49.278 E2.14953
G1 X38.844 Y47.911 E2.21528
G1 X38.844 Y47.911 F7800
G1 X38.493 Y48.865
;WIDTH:0.479753
G1 F1200
G1 X38.457 Y48.828 E2.21795
G1 X38.407 Y48.841 E2.22063
G1 X38.393 Y48.891 E2.22332
G1 X38.43 Y48.928 E2.22603
G1 X38.48 Y48.915 E2.22871
G1 E.22871 F2400
G92 E0
G1 X38.48 Y48.915 F7800
G1 X36.125 Y-1.467
G1 E2 F2400
;TYPE:Perimeter
;WIDTH:0.45
G1 F900
G1 X36.125 Y-7.575 E2.29377
G1 X39.133 Y-7.575 E2.43844
G1 X39.133 Y-6.071 E2.51078
G1 X39.133 Y-1.467 E2.73222
G1 X36.185 Y-1.467 E2.87401
G1 X36.185 Y-1.467 F7800
G1 X35.74 Y-1.082
G1 F900
G1 X35.74 Y-7.961 E3.20487
G1 X39.519 Y-7.961 E3.38663
G1 X39.519 Y-6.071 E3.47753
G1 X39.519 Y-1.082 E3.71748
G1 X35.8 Y-1.082 E3.89635
G1 X35.8 Y-1.082 F7800
G1 X35.354 Y-.696
;TYPE:External perimeter
G1 F900
G1 X35.354 Y-8.346 E4.26429
G1 X39.904 Y-8.346 E4.48313
G1 X39.904 Y-6.071 E4.59255
G1 X39.904 Y-.696 E4.85107
G1 X35.414 Y-.696 E5.06702
G1 X35.355 Y-1.092 F7800
G1 E3.06702 F2400
G92 E0
G1 X36.415 Y-7.286 F7800
G1 E2 F2400
;TYPE:Solid infill
G1 F1200
G1 X38.844 Y-7.286 E2.11683
G1 X38.844 Y-1.757 E2.38276
G1 X36.415 Y-1.757 E2.49959
G1 X36.415 Y-7.093 E2.75623
G1 X36.8 Y-6.9 E2.77694
G1 X38.458 Y-6.9 E2.85668
G1 X38.458 Y-2.142 E3.08552
G1 X36.8 Y-2.142 E3.16526
G1 X36.8 Y-6.708 E3.38487
G1 X37.186 Y-6.515 E3.40563
G1 X38.072 Y-6.515 E3.44824
G1 X38.072 Y-2.528 E3.64
G1 X37.186 Y-2.528 E3.68261
G1 X37.186 Y-6.322 E3.86509
G1 X37.629 Y-6.071 E3.88958
;WIDTH:0.565403
G1 X37.629 Y-2.971 E4.0833
;LAYER_CHANGE
;Z:6.95
;HEIGHT:0.3
G1 Z6.95 F7800
G1 E2.0833 F2400
G92 E0
G1 X37.629 Y-2.971 F7800
G1 X40.729 Y37.353
G1 E2 F2400
;TYPE:Support material
;WIDTH:0.35
G1 F3600
G1 X40.971 Y37.466 E2.00951
G1 X40.81 Y37.495 E2.01534
G1 X40.489 Y37.381 E2.02748
G1 X40.61 Y37.35 E2.03193
G1 X40.621 Y37 E2.0444
G1 X41.058 Y37.087 E2.06027
G1 X41.288 Y37.273 E2.07081
G1 X41.366 Y37.469 E2.07832
G1 X41.311 Y37.648 E2.08499
G1 X41.123 Y37.795 E2.09349
G1 X40.803 Y37.852 E2.10507
G1 X40.465 Y37.779 E2.11739
G1 X40.233 Y37.633 E2.12716
G1 X40.128 Y37.499 E2.13322
G1 X40.132 Y37.233 E2.1427
G1 X40.238 Y37.114 E2.14838
G1 X40.578 Y36.999 E2.16117
G1 E.16117 F2400
G92 E0
G1 X40.578 Y36.999 F7800
G1 X37.304 Y36.567
G1 E2 F2400
G1 F3600
G1 X37.354 Y36.873 E2.01105
G1 X37.265 Y37.056 E2.0183
G1 X37.223 Y36.851 E2.02575
G1 X37.34 Y36.186 E2.0498
G1 X37.635 Y36.417 E2.06315
G1 X37.701 Y36.945 E2.08211
G1 X37.448 Y37.38 E2.10004
G1 X37.232 Y37.448 E2.10811
G1 X36.964 Y37.248 E2.12002
G1 X36.871 Y36.847 E2.13468
G1 X36.98 Y36.408 E2.15079
G1 X37.119 Y36.242 E2.1585
G1 X37.299 Y36.171 E2.16539
G1 E.16539 F2400
G92 E0
G1 X37.299 Y36.171 F7800
G1 X37.228 Y.983
G1 E2 F2400
G1 F3600
G1 X37.279 Y1.283 E2.01084
G1 X37.215 Y1.479 E2.01819
G1 X37.147 Y1.2 E2.02842
G1 X37.303 Y.602 E2.05044
G1 X37.532 Y.796 E2.06113
G1 X37.63 Y1.324 E2.08026
G1 X37.552 Y1.618 E2.0911
G1 X37.4 Y1.808 E2.09977
G1 X37.225 Y1.869 E2.10637
G1 X37.025 Y1.8 E2.11391
G1 X36.894 Y1.639 E2.1213
G1 X36.793 Y1.186 E2.13783
G1 X36.892 Y.845 E2.15048
G1 X37.013 Y.692 E2.15743
G1 X37.262 Y.592 E2.16699
G1 E.16699 F2400
G92 E0
G1 X37.262 Y.592 F7800
G1 X40.74 Y.553
G1 E2 F2400
G1 F3600
G1 X40.978 Y.641 E2.00904
G1 X40.79 Y.689 E2.01595
G1 X40.49 Y.588 E2.02723
G1 X40.62 Y.552 E2.03204
G1 X40.621 Y.202 E2.04451
G1 X41.082 Y.282 E2.06118
G1 X41.301 Y.454 E2.0711
G1 X41.372 Y.642 E2.07826
G1 X41.309 Y.826 E2.08519
G1 X41.11 Y.98 E2.09415
G1 X40.792 Y1.046 E2.10572
G1 X40.461 Y.98 E2.11774
G1 X40.233 Y.842 E2.12723
G1 X40.096 Y.573 E2.13798
G1 X40.238 Y.323 E2.14822
G1 X40.578 Y.202 E2.16108
G1 E.16108 F2400
G92 E0
G1 X40.578 Y.202 F7800
G1 X36.123 Y39.361
G1 E2 F2400
;TYPE:Perimeter
;WIDTH:0.45
G1 F3600
G1 X39.133 Y39.361 E2.14477
G1 X39.133 Y40.89 E2.21831
G1 X39.133 Y49.568 E2.63569
G1 X21.131 Y49.568 E3.50152
G1 X21.134 Y48.99 E3.52932
G1 X21.185 Y48.721 E3.54249
G1 X21.396 Y48.317 E3.56441
G1 X21.754 Y48.072 E3.58527
G1 X22.161 Y47.989 E3.60525
G1 X28.13 Y47.989 E3.89234
G1 X28.96 Y47.945 E3.93232
G1 X29.735 Y47.825 E3.97004
G1 X30.495 Y47.63 E4.00778
G1 X31.232 Y47.361 E4.04551
G1 X31.94 Y47.021 E4.08329
G1 X32.61 Y46.614 E4.12099
G1 X33.255 Y46.127 E4.15986
G1 X34.004 Y45.414 E4.2096
G1 X34.799 Y44.401 E4.27153
G1 X35.108 Y43.891 E4.30021
G1 X35.377 Y43.368 E4.3285
G1 X35.673 Y42.642 E4.36621
G1 X35.896 Y41.889 E4.40398
G1 X36.045 Y41.119 E4.4417
G1 X36.117 Y40.342 E4.47923
G1 X36.121 Y39.419 E4.52362
G1 X36.121 Y39.419 F7800
G1 X35.737 Y38.975
G1 F3600
G1 X39.519 Y38.975 E4.70552
G1 X39.519 Y40.89 E4.79762
G1 X39.519 Y49.953 E5.23352
G1 X20.743 Y49.953 E6.13658
G1 X20.748 Y48.988 E6.18299
G1 X20.851 Y48.467 E6.20853
G1 X21.166 Y48.002 E6.23554
G1 X21.603 Y47.713 E6.26074
G1 X22.149 Y47.603 E6.28753
G1 X28.13 Y47.603 E6.5752
G1 X28.903 Y47.563 E6.61243
G1 X29.642 Y47.451 E6.64838
G1 X30.365 Y47.267 E6.68426
G1 X31.068 Y47.012 E6.72023
G1 X31.742 Y46.691 E6.75614
G1 X32.381 Y46.304 E6.79207
G1 X32.989 Y45.848 E6.82862
G1 X33.738 Y45.134 E6.87839
G1 X34.47 Y44.201 E6.93543
G1 X34.766 Y43.712 E6.96292
G1 X35.021 Y43.22 E6.98957
G1 X35.304 Y42.53 E7.02544
G1 X35.518 Y41.814 E7.06138
G1 X35.661 Y41.081 E7.0973
G1 X35.731 Y40.34 E7.1331
G1 X35.737 Y39.035 E7.19587
G1 X35.737 Y39.035 F7800
G1 X35.353 Y38.59
;TYPE:External perimeter
G1 F1800
G1 X39.904 Y38.59 E7.41476
G1 X39.904 Y40.89 E7.52538
G1 X39.904 Y50.339 E7.97984
G1 X20.355 Y50.339 E8.92008
G1 X20.364 Y48.824 E8.99295
G1 X20.491 Y48.315 E9.01818
G1 X20.71 Y47.96 E9.03824
G1 X21 Y47.625 E9.05955
G1 X21.452 Y47.354 E9.0849
G1 X21.664 Y47.298 E9.09545
G1 X22.136 Y47.218 E9.11848
G1 X28.13 Y47.218 E9.40677
G1 X28.847 Y47.182 E9.4413
G1 X29.548 Y47.077 E9.47539
G1 X30.235 Y46.904 E9.50946
G1 X30.903 Y46.664 E9.5436
G1 X31.543 Y46.36 E9.57768
G1 X32.151 Y45.995 E9.61179
G1 X32.723 Y45.568 E9.64612
G1 X33.472 Y44.855 E9.69586
G1 X34.141 Y44 E9.74807
G1 X34.424 Y43.534 E9.77429
G1 X34.664 Y43.073 E9.79929
G1 X34.935 Y42.418 E9.83338
G1 X35.14 Y41.738 E9.86754
G1 X35.277 Y41.043 E9.90161
G1 X35.346 Y40.339 E9.93563
G1 X35.353 Y38.65 E10.01687
G1 X35.749 Y38.59 F7800
G1 E8.01687 F2400
G92 E0
G1 X21.423 Y48.992 F7800
G1 E2 F2400
;TYPE:Solid infill
G1 F1200
G1 X21.465 Y48.791 E2.00988
G1 X21.619 Y48.507 E2.02542
G1 X21.803 Y48.385 E2.03604
G1 X22.083 Y48.284 E2.05036
G1 X28.128 Y48.278 E2.3411
G1 X28.893 Y48.241 E2.37794
G1 X29.729 Y48.122 E2.41855
G1 X30.488 Y47.934 E2.45616
G1 X31.255 Y47.664 E2.49527
G1 X31.992 Y47.321 E2.53437
G1 X32.676 Y46.917 E2.57258
G1 X33.094 Y46.613 E2.59744
G1 X35.759 Y49.278 E2.77871
G1 X21.422 Y49.278 E3.46827
G1 X21.422 Y49.185 E3.47274
G1 X21.785 Y48.934 E3.49397
;WIDTH:0.368709
G1 X21.86 Y48.772 E3.50075
G1 X21.993 Y48.673 E3.50704
G1 X22.148 Y48.629 E3.51316
;WIDTH:0.371814
G1 X28.128 Y48.625 E3.74246
;WIDTH:0.372201
G1 X28.153 Y48.624 E3.74342
;WIDTH:0.39281
G1 X28.943 Y48.595 E3.7758
;WIDTH:0.422732
G1 X29.382 Y48.546 E3.79554
;WIDTH:0.452655
G1 X29.821 Y48.497 E3.81693
G1 X30.615 Y48.298 E3.85657
;WIDTH:0.45
G1 X31.417 Y48.014 E3.89749
G1 X32.138 Y47.679 E3.93573
G1 X33.055 Y47.119 E3.98741
G1 X34.828 Y48.893 E4.10804
G1 X30.633 Y48.893 E4.3098
;WIDTH:0.451074
G1 X29.345 Y48.908 E4.37193
;WIDTH:0.420366
G1 X28.9 Y48.923 E4.3917
;WIDTH:0.389659
G1 X28.128 Y48.932 E4.42302
;WIDTH:0.371814
G1 X22.148 Y48.934 E4.65232
;WIDTH:0.368709
G1 X21.978 Y48.934 E4.65877
G1 E2.65877 F2400
G92 E0
G1 X21.978 Y48.934 F7800
G1 X31.183 Y48.507
G1 E2 F2400
;WIDTH:0.45
G1 F1200
G1 X31.58 Y48.364 E2.0203
G1 X32.384 Y47.985 E2.06305
G1 X33.007 Y47.617 E2.09785
G1 X33.897 Y48.507 E2.15839
G1 X31.376 Y48.507 E2.27964
G1 X31.376 Y48.507 F7800
G1 X32.931 Y48.064
;WIDTH:0.468197
G1 F1200
G1 X32.896 Y48.099 E2.28213
G1 X32.909 Y48.148 E2.28468
G1 X32.958 Y48.161 E2.28723
G1 X32.993 Y48.126 E2.28972
G1 X32.98 Y48.077 E2.29227
G1 X32.98 Y48.077 F7800
G1 X33.402 Y46.375
;WIDTH:0.45
G1 F1200
G1 X36.305 Y49.278 E2.48973
G1 X36.85 Y49.278 E2.51594
G1 X33.683 Y46.111 E2.73136
G1 X33.964 Y45.847 E2.7499
G1 X37.395 Y49.278 E2.98327
G1 X37.941 Y49.278 E3.00953
G1 X34.24 Y45.578 E3.26123
G1 X34.482 Y45.275 E3.27988
G1 X38.486 Y49.278 E3.55219
G1 X38.963 Y49.338 E3.57531
;WIDTH:0.404381
G1 X38.974 Y49.379 E3.57711
G1 X38.903 Y49.398 E3.58023
G1 X38.922 Y49.327 E3.58335
;WIDTH:0.45
G1 X38.844 Y49.091 E3.5953
G1 X34.724 Y44.971 E3.87554
G1 X34.966 Y44.668 E3.89419
G1 X38.844 Y48.545 E4.15793
G1 X38.844 Y48 E4.18414
G1 X35.176 Y44.333 E4.4336
G1 X35.379 Y43.99 E4.45277
G1 X38.844 Y47.455 E4.68845
G1 X38.844 Y46.909 E4.71471
G1 X35.565 Y43.631 E4.93771
G1 X35.736 Y43.256 E4.95753
G1 X38.844 Y46.364 E5.16893
G1 X38.844 Y45.819 E5.19514
G1 X35.896 Y42.871 E5.39566
G1 X36.026 Y42.455 E5.41662
G1 X38.844 Y45.273 E5.6083
G1 X38.844 Y44.728 E5.63451
G1 X36.153 Y42.037 E5.81755
G1 X36.393 Y41.732 E5.83622
G1 X38.844 Y44.183 E6.00293
G1 X38.844 Y39.65 E6.22095
G1 X36.409 Y39.65 E6.33807
G1 X36.401 Y40.448 E6.37645
G1 X36.342 Y41.027 E6.40444
G1 X36.243 Y41.626 E6.43364
G1 X36.669 Y41.462 E6.45559
G1 X36.753 Y40.803 E6.48754
G1 X36.79 Y40.036 E6.52447
G1 X38.458 Y40.036 E6.6047
G1 X38.458 Y43.252 E6.75938
G1 X36.805 Y41.599 E6.87182
G1 X37.104 Y41.352 E6.89047
G1 X37.109 Y41.105 E6.90235
G1 X37.172 Y40.455 E6.93376
G1 X37.206 Y40.421 E6.93607
G1 X38.072 Y40.421 E6.97772
G1 X38.072 Y42.321 E7.0691
G1 X37.24 Y41.488 E7.12573
G1 X37.59 Y41.155 E7.14897
;WIDTH:0.644623
G1 X37.603 Y40.891 E7.1681
G1 E5.1681 F2400
G92 E0
G1 X37.603 Y40.891 F7800
G1 X36.125 Y-1.384
G1 E2 F2400
;TYPE:Perimeter
;WIDTH:0.45
G1 F900
G1 X36.125 Y-7.575 E2.29777
G1 X39.133 Y-7.575 E2.44244
G1 X39.133 Y-6.071 E2.51478
G1 X39.133 Y-1.384 E2.74021
G1 X36.185 Y-1.384 E2.882
G1 X36.185 Y-1.384 F7800
G1 X35.74 Y-.999
G1 F900
G1 X35.74 Y-7.961 E3.21685
G1 X39.519 Y-7.961 E3.39861
G1 X39.519 Y-6.071 E3.48951
G1 X39.519 Y-.999 E3.73346
G1 X35.8 Y-.999 E3.91233
G1 X35.8 Y-.999 F7800
G1 X35.354 Y-.613
;TYPE:External perimeter
G1 F900
G1 X35.354 Y-8.346 E4.28426
G1 X39.904 Y-8.346 E4.5031
G1 X39.904 Y-6.071 E4.61252
G1 X39.904 Y-.613 E4.87503
G1 X35.414 Y-.613 E5.09098
G1 X35.355 Y-1.009 F7800
G1 X36.415 Y-1.673
;TYPE:Solid infill
G1 F1200
G1 X36.415 Y-7.286 E5.36095
G1 X38.844 Y-7.286 E5.47778
G1 X38.844 Y-1.673 E5.74775
G1 X36.607 Y-1.673 E5.85534
G1 X36.8 Y-2.059 E5.8761
G1 X36.8 Y-6.9 E6.10894
G1 X38.458 Y-6.9 E6.18868
G1 X38.458 Y-2.059 E6.42152
G1 X36.993 Y-2.059 E6.49198
G1 X37.186 Y-2.445 E6.51274
G1 X37.186 Y-6.515 E6.70849
G1 X38.072 Y-6.515 E6.7511
G1 X38.072 Y-2.445 E6.94685
G1 X37.379 Y-2.445 E6.98018
G1 X37.629 Y-2.888 E7.00465
;WIDTH:0.565403
G1 X37.629 Y-6.071 E7.20356
;LAYER_CHANGE
;Z:7.25
;HEIGHT:0.3
G1 Z7.25 F7800
G1 E5.20356 F2400
G92 E0
G1 X37.629 Y-6.071 F7800
G1 X40.478 Y37.086
G1 E2 F2400
;TYPE:Support material
;WIDTH:0.35
G1 F3600
G1 X40.836 Y37.26 E2.01418
G1 X40.899 Y37.409 E2.01994
G1 X40.856 Y37.536 E2.02472
G1 X40.687 Y37.646 E2.0319
G1 X40.248 Y37.638 E2.04754
G1 X39.97 Y37.428 E2.05995
G1 X39.969 Y37.278 E2.06529
G1 X40.086 Y37.156 E2.07131
G1 X40.436 Y37.077 E2.08409
G1 E.08409 F2400
G92 E0
G1 X40.436 Y37.077 F7800
G1 X37.27 Y36.656
G1 E2 F2400
G1 F3600
G1 X37.485 Y36.766 E2.0086
G1 X37.551 Y37.218 E2.02487
G1 X37.451 Y37.455 E2.03403
G1 X37.233 Y37.587 E2.04311
G1 X37.06 Y37.47 E2.05055
G1 X36.97 Y37.038 E2.06627
G1 X37.07 Y36.781 E2.07609
G1 X37.227 Y36.655 E2.08326
G1 E.08326 F2400
G92 E0
G1 X37.227 Y36.655 F7800
G1 X37.274 Y.455
G1 E2 F2400
G1 F3600
G1 X37.437 Y.575 E2.00721
G1 X37.522 Y1.009 E2.02296
G1 X37.448 Y1.232 E2.03133
G1 X37.188 Y1.395 E2.04226
G1 X36.993 Y1.224 E2.0515
G1 X36.943 Y.815 E2.06618
G1 X37.029 Y.598 E2.0745
G1 X37.232 Y.45 E2.08345
G1 E.08345 F2400
G92 E0
G1 X40.477 Y.295 F7800
G1 E2 F2400
G1 F3600
G1 X40.84 Y.466 E2.01429
G1 X40.901 Y.611 E2.01989
G1 X40.856 Y.74 E2.02476
G1 X40.683 Y.852 E2.0321
G1 X40.438 Y.881 E2.04089
G1 X40.086 Y.77 E2.05404
G1 X39.956 Y.591 E2.06192
G1 X39.994 Y.45 E2.06712
G1 X40.435 Y.286 E2.08388
G1 E.08388 F2400
G92 E0
G1 X40.435 Y.286 F7800
G1 X36.123 Y39.201
G1 E2 F2400
;TYPE:Perimeter
;WIDTH:0.45
G1 F3600
G1 X39.133 Y39.201 E2.14477
G1 X39.133 Y40.722 E2.21792
G1 X39.133 Y49.568 E2.64338
G1 X21.131 Y49.568 E3.50921
G1 X21.134 Y48.99 E3.53701
G1 X21.185 Y48.72 E3.55023
G1 X21.395 Y48.318 E3.57204
G1 X21.755 Y48.072 E3.59301
G1 X22.162 Y47.989 E3.61299
G1 X28.13 Y47.989 E3.90003
G1 X28.96 Y47.945 E3.94001
G1 X29.735 Y47.825 E3.97773
G1 X30.495 Y47.63 E4.01547
G1 X31.232 Y47.361 E4.0532
G1 X31.94 Y47.021 E4.09098
G1 X32.629 Y46.6 E4.12982
G1 X33.533 Y45.885 E4.18526
G1 X34.231 Y45.14 E4.23436
G1 X34.803 Y44.395 E4.27954
G1 X35.212 Y43.699 E4.31837
G1 X35.631 Y42.753 E4.36813
G1 X35.896 Y41.889 E4.4116
G1 X36.045 Y41.119 E4.44932
G1 X36.117 Y40.341 E4.4869
G1 X36.121 Y39.259 E4.53894
G1 X36.121 Y39.259 F7800
G1 X35.737 Y38.815
G1 F3600
G1 X39.519 Y38.815 E4.72084
G1 X39.519 Y40.722 E4.81256
G1 X39.519 Y49.953 E5.25654
G1 X20.743 Y49.953 E6.1596
G1 X20.748 Y48.988 E6.20601
G1 X20.851 Y48.467 E6.23155
G1 X21.165 Y48.003 E6.2585
G1 X21.603 Y47.713 E6.28377
G1 X22.149 Y47.603 E6.31056
G1 X28.13 Y47.603 E6.59823
G1 X28.903 Y47.563 E6.63546
G1 X29.642 Y47.451 E6.67141
G1 X30.365 Y47.267 E6.70729
G1 X31.068 Y47.012 E6.74326
G1 X31.742 Y46.691 E6.77917
G1 X32.392 Y46.296 E6.81575
G1 X33.261 Y45.612 E6.86894
G1 X33.927 Y44.903 E6.91573
G1 X34.472 Y44.197 E6.95863
G1 X34.86 Y43.542 E6.99525
G1 X35.304 Y42.53 E7.0484
G1 X35.518 Y41.814 E7.08434
G1 X35.661 Y41.081 E7.12026
G1 X35.731 Y40.34 E7.15606
G1 X35.737 Y38.875 E7.22652
G1 X35.737 Y38.875 F7800
G1 X35.353 Y38.429
;TYPE:External perimeter
G1 F1800
G1 X39.904 Y38.429 E7.44541
G1 X39.904 Y40.722 E7.5557
G1 X39.904 Y50.339 E8.01824
G1 X20.355 Y50.339 E8.95848
G1 X20.364 Y48.824 E9.03135
G1 X20.491 Y48.315 E9.05658
G1 X20.708 Y47.962 E9.07651
G1 X21 Y47.625 E9.09796
G1 X21.452 Y47.354 E9.12331
G1 X21.664 Y47.298 E9.13386
G1 X22.136 Y47.218 E9.15689
G1 X28.13 Y47.218 E9.44518
G1 X28.847 Y47.182 E9.47971
G1 X29.548 Y47.077 E9.5138
G1 X30.235 Y46.904 E9.54787
G1 X30.903 Y46.664 E9.58201
G1 X31.543 Y46.36 E9.61609
G1 X32.154 Y45.992 E9.6504
G1 X32.97 Y45.355 E9.70019
G1 X33.623 Y44.666 E9.74585
G1 X34.142 Y43.999 E9.7865
G1 X34.507 Y43.386 E9.82081
G1 X34.935 Y42.418 E9.87172
G1 X35.14 Y41.738 E9.90588
G1 X35.277 Y41.043 E9.93995
G1 X35.346 Y40.338 E9.97402
G1 X35.353 Y38.489 E10.06295
G1 X35.749 Y38.43 F7800
G1 X37.093 Y39.314
;TYPE:Solid infill
;WIDTH:0.404381
G1 F1200
G1 X37.022 Y39.295 E10.06607
G1 X37.041 Y39.366 E10.06919
G1 X37.082 Y39.355 E10.07099
;WIDTH:0.45
G1 X36.904 Y39.49 E10.08173
G1 X36.405 Y39.989 E10.11567
G1 X36.391 Y40.548 E10.14256
G1 X37.449 Y39.49 E10.21452
G1 X37.994 Y39.49 E10.24073
G1 X36.329 Y41.155 E10.35398
G1 X36.329 Y41.155 F7800
G1 X36.081 Y42.129
;WIDTH:0.404381
G1 F1200
G1 X36.04 Y42.14 E10.35578
G1 X36.021 Y42.069 E10.3589
G1 X36.092 Y42.088 E10.36202
;WIDTH:0.45
G1 X36.204 Y41.826 E10.37572
G1 X38.54 Y39.49 E10.53461
G1 X38.966 Y39.398 E10.55557
;WIDTH:0.404381
G1 X38.895 Y39.379 E10.55869
G1 X38.914 Y39.45 E10.56181
G1 X38.955 Y39.439 E10.56361
;WIDTH:0.45
G1 X38.844 Y39.731 E10.57863
G1 X35.981 Y42.593 E10.77333
G1 X35.981 Y42.593 F7800
G1 X35.445 Y43.82
;WIDTH:0.404381
G1 F1200
G1 X35.404 Y43.831 E10.77513
G1 X35.385 Y43.76 E10.77825
G1 X35.456 Y43.779 E10.78137
;WIDTH:0.45
G1 X35.603 Y43.517 E10.79582
G1 X38.844 Y40.277 E11.01623
G1 X38.844 Y40.822 E11.04244
G1 X34.855 Y44.811 E11.31377
G1 X34.613 Y45.084 E11.33132
;WIDTH:0.405363
G1 X34.279 Y45.462 E11.35277
;WIDTH:0.404381
G1 X33.69 Y46.056 E11.38824
;WIDTH:0.407883
G1 X33.229 Y46.467 E11.4147
G1 E9.4147 F2400
G92 E0
G1 X33.229 Y46.467 F7800
G1 X27.85 Y48.278
G1 E2 F2400
;WIDTH:0.45
G1 F1200
G1 X28.68 Y48.248 E2.03995
G1 X28.397 Y48.542 E2.05958
G1 X28.345 Y48.704 E2.06776
G1 X28.485 Y48.898 E2.07927
G1 X28.513 Y49.278 E2.0976
G1 X21.422 Y49.278 E2.43865
G1 X21.423 Y48.992 E2.45241
G1 X21.462 Y48.804 E2.46164
G1 X21.612 Y48.544 E2.47608
G1 X21.757 Y48.408 E2.48564
G1 X22.082 Y48.284 E2.50237
G1 X27.657 Y48.279 E2.77051
G1 X27.657 Y48.452 E2.77883
;WIDTH:0.410781
G1 X27.658 Y48.625 E2.7863
;WIDTH:0.371562
G1 X22.146 Y48.629 E2.99748
;WIDTH:0.368618
G1 X21.911 Y48.717 E3.007
G1 X21.785 Y48.934 E3.01652
G1 X22.146 Y48.934 E3.03022
;WIDTH:0.371665
G1 X28.092 Y48.932 E3.25811
G1 X28.003 Y48.756 E3.26567
G1 X28.017 Y48.625 E3.27072
G1 X27.85 Y48.625 E3.27712
G1 X27.85 Y48.625 F7800
G1 X28.809 Y48.676
;WIDTH:0.45
G1 F1200
G1 X29.298 Y48.187 E3.31038
G1 X29.922 Y47.908 E3.34326
;WIDTH:0.404381
G1 X30.154 Y47.875 E3.3532
G1 X30.235 Y47.899 E3.35678
;WIDTH:0.45
G1 X29.969 Y48.061 E3.37176
G1 X28.846 Y49.183 E3.44811
G1 X29.296 Y49.278 E3.47023
G1 X30.719 Y47.856 E3.56699
G1 X30.719 Y47.856 F7800
G1 X31.629 Y47.491
G1 F1200
G1 X29.842 Y49.278 E3.68854
G1 X29.842 Y49.278 F7800
G1 X30.69 Y49.421
;WIDTH:0.404381
G1 F1200
G1 X30.649 Y49.432 E3.69034
G1 X30.63 Y49.361 E3.69346
G1 X30.701 Y49.38 E3.69658
;WIDTH:0.45
G1 X30.387 Y49.278 E3.71246
G1 X32.956 Y46.71 E3.88717
G1 E1.88717 F2400
G92 E0
G1 X32.956 Y46.71 F7800
G1 X30.932 Y49.278
G1 E2 F2400
G1 F1200
G1 X38.844 Y41.367 E2.53813
G1 X38.844 Y41.913 E2.56439
G1 X31.478 Y49.278 E3.06538
G1 X32.023 Y49.278 E3.09159
G1 X38.844 Y42.458 E3.55551
G1 X38.844 Y43.003 E3.58172
G1 X32.568 Y49.278 E4.00857
G1 X33.114 Y49.278 E4.03483
G1 X38.844 Y43.549 E4.42454
G1 X38.844 Y44.094 E4.45075
G1 X33.659 Y49.278 E4.80339
G1 X34.205 Y49.278 E4.82965
G1 X38.844 Y44.639 E5.14519
G1 X38.844 Y45.185 E5.17145
G1 X34.75 Y49.278 E5.44988
G1 X35.295 Y49.278 E5.47609
G1 X38.844 Y45.73 E5.71745
G1 X38.844 Y46.275 E5.74366
G1 X35.841 Y49.278 E5.94792
G1 X36.386 Y49.278 E5.97413
G1 X38.844 Y46.821 E6.14129
G1 X38.844 Y47.366 E6.1675
G1 X36.931 Y49.278 E6.29759
G1 X36.824 Y49.432 E6.30661
;WIDTH:0.404381
G1 X36.753 Y49.413 E6.30973
G1 X36.772 Y49.484 E6.31285
G1 X36.813 Y49.473 E6.31465
G1 E4.31465 F2400
G92 E0
G1 X36.813 Y49.473 F7800
G1 X38.707 Y48.048
G1 E2 F2400
;WIDTH:0.45
G1 F1200
G1 X37.477 Y49.278 E2.08366
G1 X38.844 Y49.278 E2.14941
G1 X38.844 Y47.911 E2.21516
G1 X38.844 Y47.911 F7800
G1 X38.493 Y48.865
;WIDTH:0.479585
G1 F1200
G1 X38.457 Y48.828 E2.21783
G1 X38.407 Y48.841 E2.22051
G1 X38.393 Y48.892 E2.22325
G1 X38.43 Y48.928 E2.22592
G1 X38.48 Y48.915 E2.2286
G1 E.2286 F2400
G92 E0
G1 X38.48 Y48.915 F7800
G1 X36.125 Y-1.224
G1 E2 F2400
;TYPE:Perimeter
;WIDTH:0.45
G1 F900
G1 X36.125 Y-7.575 E2.30546
G1 X39.133 Y-7.575 E2.45013
G1 X39.133 Y-6.071 E2.52247
G1 X39.133 Y-1.224 E2.75559
G1 X36.185 Y-1.224 E2.89738
G1 X36.185 Y-1.224 F7800
G1 X35.74 Y-.838
G1 F900
G1 X35.74 Y-7.961 E3.23997
G1 X39.519 Y-7.961 E3.42173
G1 X39.519 Y-6.071 E3.51263
G1 X39.519 Y-.838 E3.76432
G1 X35.8 Y-.838 E3.94319
G1 X35.8 Y-.838 F7800
G1 X35.354 Y-.453
;TYPE:External perimeter
G1 F900
G1 X35.354 Y-8.346 E4.32282
G1 X39.904 Y-8.346 E4.54166
G1 X39.904 Y-6.071 E4.65108
G1 X39.904 Y-.453 E4.92129
G1 X35.414 Y-.453 E5.13724
G1 X35.355 Y-.848 F7800
G1 E3.13724 F2400
G92 E0
G1 X36.415 Y-7.286 F7800
G1 E2 F2400
;TYPE:Solid infill
G1 F1200
G1 X38.844 Y-7.286 E2.11683
G1 X38.844 Y-1.513 E2.39449
G1 X36.415 Y-1.513 E2.51132
G1 X36.415 Y-7.093 E2.7797
G1 X36.8 Y-6.9 E2.80041
G1 X38.458 Y-6.9 E2.88015
G1 X38.458 Y-1.899 E3.12068
G1 X36.8 Y-1.899 E3.20042
G1 X36.8 Y-6.708 E3.43172
G1 X37.186 Y-6.515 E3.45248
G1 X38.072 Y-6.515 E3.49509
G1 X38.072 Y-2.285 E3.69854
G1 X37.186 Y-2.285 E3.74115
G1 X37.186 Y-6.322 E3.93532
G1 X37.629 Y-6.071 E3.95981
;WIDTH:0.565403
G1 X37.629 Y-2.728 E4.16871
;LAYER_CHANGE
;Z:7.55
;HEIGHT:0.3
G1 Z7.55 F7800
G1 E2.16871 F2400
G92 E0
G1 X37.629 Y-2.728 F7800
G1 X36.125 Y38.928
G1 E2 F2400
;TYPE:Perimeter
;WIDTH:0.45
G1 F3600
G1 X39.133 Y38.928 E2.14467
G1 X39.133 Y40.437 E2.21725
G1 X39.133 Y49.568 E2.65642
G1 X21.131 Y49.568 E3.52225
G1 X21.134 Y48.99 E3.55005
G1 X21.185 Y48.72 E3.56327
G1 X21.394 Y48.319 E3.58502
G1 X21.755 Y48.072 E3.60606
G1 X22.162 Y47.989 E3.62604
G1 X28.13 Y47.989 E3.91308
G1 X28.96 Y47.945 E3.95306
G1 X29.735 Y47.825 E3.99078
G1 X30.495 Y47.63 E4.02852
G1 X31.232 Y47.361 E4.06625
G1 X31.94 Y47.021 E4.10403
G1 X32.61 Y46.614 E4.14173
G1 X33.255 Y46.127 E4.1806
G1 X34.004 Y45.414 E4.23034
G1 X34.8 Y44.4 E4.29234
G1 X35.116 Y43.876 E4.32177
G1 X35.377 Y43.368 E4.34924
G1 X35.673 Y42.642 E4.38695
G1 X35.896 Y41.889 E4.42472
G1 X36.045 Y41.119 E4.46244
G1 X36.125 Y39.993 E4.51673
G1 X36.125 Y38.988 E4.56507
G1 X36.125 Y38.988 F7800
G1 X35.74 Y38.543
G1 F3600
G1 X39.519 Y38.543 E4.74683
G1 X39.519 Y40.437 E4.83792
G1 X39.519 Y49.953 E5.29561
G1 X20.743 Y49.953 E6.19867
G1 X20.748 Y48.988 E6.24508
G1 X20.851 Y48.466 E6.27067
G1 X21.165 Y48.004 E6.29754
G1 X21.603 Y47.713 E6.32283
G1 X22.149 Y47.603 E6.34962
G1 X28.158 Y47.602 E6.63863
G1 X28.903 Y47.563 E6.67451
G1 X29.642 Y47.451 E6.71046
G1 X30.365 Y47.267 E6.74634
G1 X31.068 Y47.012 E6.78231
G1 X31.742 Y46.691 E6.81822
G1 X32.381 Y46.304 E6.85415
G1 X32.989 Y45.848 E6.8907
G1 X33.738 Y45.134 E6.94047
G1 X34.47 Y44.2 E6.99754
G1 X34.774 Y43.698 E7.02577
G1 X35.021 Y43.22 E7.05165
G1 X35.304 Y42.53 E7.08752
G1 X35.518 Y41.814 E7.12346
G1 X35.661 Y41.081 E7.15938
G1 X35.74 Y39.993 E7.21185
G1 X35.74 Y38.603 E7.2787
G1 X35.74 Y38.603 F7800
G1 X35.354 Y38.157
;TYPE:External perimeter
G1 F1800
G1 X39.904 Y38.157 E7.49754
G1 X39.904 Y40.437 E7.6072
G1 X39.904 Y50.339 E8.08345
G1 X20.355 Y50.339 E9.02369
G1 X20.364 Y48.824 E9.09656
G1 X20.491 Y48.315 E9.12179
G1 X20.706 Y47.965 E9.14155
G1 X21 Y47.625 E9.16317
G1 X21.452 Y47.354 E9.18852
G1 X21.663 Y47.298 E9.19902
G1 X22.137 Y47.218 E9.22214
G1 X28.13 Y47.218 E9.51038
G1 X28.847 Y47.182 E9.54491
G1 X29.548 Y47.077 E9.579
G1 X30.235 Y46.904 E9.61307
G1 X30.903 Y46.664 E9.64721
G1 X31.543 Y46.36 E9.68129
G1 X32.151 Y45.995 E9.7154
G1 X32.723 Y45.568 E9.74973
G1 X33.472 Y44.855 E9.79947
G1 X34.141 Y44 E9.85168
G1 X34.433 Y43.519 E9.87874
G1 X34.664 Y43.073 E9.9029
G1 X34.935 Y42.418 E9.93699
G1 X35.14 Y41.738 E9.97115
G1 X35.277 Y41.043 E10.00522
G1 X35.354 Y39.993 E10.05586
G1 X35.354 Y38.217 E10.14128
G1 X35.75 Y38.158 F7800
G1 E8.14128 F2400
G92 E0
G1 X21.423 Y48.992 F7800
G1 E2 F2400
;TYPE:Solid infill
G1 F1200
G1 X21.465 Y48.79 E2.00992
G1 X21.612 Y48.516 E2.02488
G1 X21.805 Y48.386 E2.03607
G1 X22.08 Y48.285 E2.05016
G1 X28.128 Y48.278 E2.34105
G1 X29.007 Y48.23 E2.38339
G1 X29.729 Y48.121 E2.41851
G1 X30.598 Y47.9 E2.46164
G1 X31.361 Y47.62 E2.50073
G1 X32.092 Y47.267 E2.53977
G1 X32.677 Y46.917 E2.57256
G1 X33.094 Y46.613 E2.59738
G1 X35.759 Y49.278 E2.77865
G1 X21.422 Y49.278 E3.46821
G1 X21.422 Y49.185 E3.47268
G1 X21.785 Y48.934 E3.49391
;WIDTH:0.368529
G1 X21.856 Y48.779 E3.50038
G1 X21.998 Y48.671 E3.50715
G1 X22.145 Y48.629 E3.51295
;WIDTH:0.371815
G1 X28.128 Y48.625 E3.74237
;WIDTH:0.37232
G1 X28.156 Y48.624 E3.74345
;WIDTH:0.398722
G1 X29.06 Y48.586 E3.78118
;WIDTH:0.42564
G1 X29.442 Y48.541 E3.79851
;WIDTH:0.452558
G1 X29.824 Y48.496 E3.81713
G1 X30.73 Y48.262 E3.86243
;WIDTH:0.45
G1 X31.528 Y47.968 E3.90333
G1 X32.546 Y47.445 E3.95838
G1 X33.055 Y47.119 E3.98745
G1 X34.828 Y48.893 E4.10808
G1 X30.751 Y48.893 E4.30417
;WIDTH:0.451387
G1 X29.406 Y48.906 E4.3691
;WIDTH:0.423352
G1 X29.017 Y48.92 E4.38653
;WIDTH:0.395317
G1 X28.128 Y48.932 E4.42323
;WIDTH:0.371815
G1 X22.145 Y48.934 E4.65265
;WIDTH:0.368529
G1 X21.978 Y48.934 E4.65899
G1 E2.65899 F2400
G92 E0
G1 X21.978 Y48.934 F7800
G1 X31.183 Y48.507
G1 E2 F2400
;WIDTH:0.45
G1 F1200
G1 X31.696 Y48.315 E2.02635
G1 X32.489 Y47.929 E2.06877
G1 X33.008 Y47.618 E2.09787
G1 X33.897 Y48.507 E2.15834
G1 X31.376 Y48.507 E2.27959
G1 X31.376 Y48.507 F7800
G1 X32.934 Y48.065
;WIDTH:0.466473
G1 F1200
G1 X32.898 Y48.1 E2.28211
G1 X32.911 Y48.149 E2.28465
G1 X32.96 Y48.162 E2.28719
G1 X32.995 Y48.126 E2.28971
G1 X32.982 Y48.078 E2.2922
G1 X32.982 Y48.078 F7800
G1 X33.402 Y46.375
;WIDTH:0.45
G1 F1200
G1 X36.305 Y49.278 E2.48966
G1 X36.85 Y49.278 E2.51587
G1 X33.683 Y46.111 E2.73129
G1 X33.964 Y45.847 E2.74983
G1 X37.395 Y49.278 E2.9832
G1 X37.941 Y49.278 E3.00946
G1 X34.24 Y45.578 E3.26116
G1 X34.482 Y45.275 E3.27981
G1 X38.486 Y49.278 E3.55212
G1 X38.963 Y49.338 E3.57524
;WIDTH:0.404381
G1 X38.974 Y49.379 E3.57704
G1 X38.903 Y49.398 E3.58016
G1 X38.922 Y49.327 E3.58328
;WIDTH:0.45
G1 X38.844 Y49.091 E3.59523
G1 X34.724 Y44.971 E3.87547
G1 X34.966 Y44.668 E3.89412
G1 X38.844 Y48.545 E4.15786
G1 X38.844 Y48 E4.18407
G1 X35.175 Y44.331 E4.43363
G1 X35.382 Y43.993 E4.45269
G1 X38.844 Y47.455 E4.68817
G1 X38.844 Y46.909 E4.71443
G1 X35.566 Y43.632 E4.93736
G1 X35.736 Y43.256 E4.95721
G1 X38.844 Y46.364 E5.16861
G1 X38.844 Y45.819 E5.19482
G1 X35.896 Y42.871 E5.39534
G1 X36.026 Y42.455 E5.4163
G1 X38.844 Y45.273 E5.60798
G1 X38.844 Y44.728 E5.63419
G1 X36.153 Y42.037 E5.81723
G1 X36.393 Y41.732 E5.8359
G1 X38.844 Y44.183 E6.00261
G1 X38.844 Y39.218 E6.24141
G1 X36.414 Y39.218 E6.35828
G1 X36.401 Y40.448 E6.41744
G1 X36.342 Y41.027 E6.44543
G1 X36.243 Y41.626 E6.47463
G1 X36.669 Y41.462 E6.49658
G1 X36.786 Y40.452 E6.54548
G1 X36.795 Y39.603 E6.58632
G1 X38.458 Y39.603 E6.6663
G1 X38.458 Y43.252 E6.8418
G1 X36.805 Y41.599 E6.95424
G1 X37.088 Y41.309 E6.97373
G1 X37.167 Y40.545 E7.01067
G1 X37.177 Y39.989 E7.03742
G1 X38.072 Y39.989 E7.08047
G1 X38.072 Y42.321 E7.19263
G1 X37.213 Y41.455 E7.2513
G1 X37.59 Y41.155 E7.27447
;WIDTH:0.644619
G1 X37.604 Y40.873 E7.2949
;WIDTH:0.615719
G1 X37.618 Y40.591 E7.31432
;WIDTH:0.586821
G1 X37.622 Y40.439 E7.32423
G1 E5.32423 F2400
G92 E0
G1 X37.622 Y40.439 F7800
G1 X36.125 Y-.952
G1 E2 F2400
;TYPE:Perimeter
;WIDTH:0.45
G1 F900
G1 X36.125 Y-7.575 E2.31854
G1 X39.133 Y-7.575 E2.46321
G1 X39.133 Y-6.071 E2.53555
G1 X39.133 Y-.952 E2.78176
G1 X36.185 Y-.952 E2.92355
G1 X36.185 Y-.952 F7800
G1 X35.74 Y-.566
G1 F900
G1 X35.74 Y-7.961 E3.27922
G1 X39.519 Y-7.961 E3.46098
G1 X39.519 Y-6.071 E3.55188
G1 X39.519 Y-.566 E3.81665
G1 X35.8 Y-.566 E3.99552
G1 X35.8 Y-.566 F7800
G1 X35.354 Y-.18
;TYPE:External perimeter
G1 F900
G1 X35.354 Y-8.346 E4.38828
G1 X39.904 Y-8.346 E4.60712
G1 X39.904 Y-6.071 E4.71654
G1 X39.904 Y-.18 E4.99988
G1 X35.414 Y-.18 E5.21583
G1 X35.355 Y-.576 F7800
G1 X36.415 Y-1.241
;TYPE:Solid infill
G1 F1200
G1 X36.415 Y-7.286 E5.50657
G1 X38.844 Y-7.286 E5.6234
G1 X38.844 Y-1.241 E5.91414
G1 X36.607 Y-1.241 E6.02173
G1 X36.8 Y-1.627 E6.04249
G1 X36.8 Y-6.9 E6.2961
G1 X38.458 Y-6.9 E6.37584
G1 X38.458 Y-1.627 E6.62945
G1 X36.993 Y-1.627 E6.69991
G1 X37.186 Y-2.012 E6.72062
G1 X37.186 Y-6.515 E6.9372
G1 X38.072 Y-6.515 E6.97981
G1 X38.072 Y-2.012 E7.19639
G1 X37.379 Y-2.012 E7.22972
G1 X37.629 Y-2.455 E7.25419
;WIDTH:0.565403
G1 X37.629 Y-6.071 E7.48015
;LAYER_CHANGE
;Z:7.85
;HEIGHT:0.3
G1 Z7.85 F7800
G1 E5.48015 F2400
G92 E0
G1 X37.629 Y-6.071 F7800
G1 X39.133 Y49.568
G1 E2 F2400
;TYPE:Perimeter
;WIDTH:0.45
G1 F3600
G1 X21.131 Y49.568 E2.86583
G1 X21.134 Y48.99 E2.89363
G1 X21.185 Y48.719 E2.90689
G1 X21.392 Y48.321 E2.92847
G1 X21.755 Y48.071 E2.94967
G1 X22.162 Y47.989 E2.96964
G1 X28.13 Y47.989 E3.25668
G1 X28.96 Y47.945 E3.29666
G1 X29.735 Y47.825 E3.33438
G1 X30.517 Y47.622 E3.37324
G1 X31.59 Y47.2 E3.4287
G1 X32.299 Y46.813 E3.46755
G1 X33.145 Y46.217 E3.51732
G1 X34.004 Y45.414 E3.57388
G1 X34.803 Y44.395 E3.63616
G1 X35.203 Y43.72 E3.6739
G1 X35.541 Y42.986 E3.71277
G1 X35.866 Y42.004 E3.76252
G1 X36.023 Y41.237 E3.80017
G1 X36.125 Y39.993 E3.8602
G1 X36.125 Y38.348 E3.93932
G1 X39.133 Y38.348 E4.08399
G1 X39.133 Y39.852 E4.15633
G1 X39.133 Y49.508 E4.62075
G1 X39.133 Y49.508 F7800
G1 X39.519 Y49.953
G1 F3600
G1 X20.743 Y49.953 E5.52381
G1 X20.748 Y48.988 E5.57022
G1 X20.851 Y48.466 E5.59581
G1 X21.164 Y48.005 E5.62261
G1 X21.603 Y47.713 E5.64797
G1 X22.149 Y47.603 E5.67476
G1 X28.158 Y47.602 E5.96377
G1 X28.903 Y47.563 E5.99965
G1 X29.642 Y47.451 E6.0356
G1 X30.378 Y47.262 E6.07215
G1 X31.409 Y46.86 E6.12537
G1 X32.077 Y46.497 E6.16194
G1 X32.923 Y45.902 E6.21169
G1 X33.738 Y45.134 E6.26555
G1 X34.472 Y44.197 E6.3228
G1 X34.854 Y43.555 E6.35873
G1 X35.175 Y42.866 E6.39529
G1 X35.5 Y41.883 E6.44509
G1 X35.639 Y41.204 E6.47842
G1 X35.74 Y39.993 E6.53687
G1 X35.74 Y37.963 E6.63451
G1 X39.519 Y37.963 E6.81627
G1 X39.519 Y39.852 E6.90712
G1 X39.519 Y49.893 E7.39006
G1 X39.519 Y49.893 F7800
G1 X39.904 Y50.339
;TYPE:External perimeter
G1 F1800
G1 X20.355 Y50.339 E8.3303
G1 X20.364 Y48.824 E8.40317
G1 X20.491 Y48.315 E8.4284
G1 X20.704 Y47.968 E8.44798
G1 X21 Y47.625 E8.46977
G1 X21.452 Y47.354 E8.49512
G1 X21.663 Y47.298 E8.50562
G1 X22.137 Y47.218 E8.52874
G1 X28.13 Y47.218 E8.81698
G1 X28.847 Y47.182 E8.85151
G1 X29.548 Y47.077 E8.8856
G1 X30.24 Y46.902 E8.91993
G1 X31.227 Y46.52 E8.97083
G1 X31.855 Y46.182 E9.00513
G1 X32.723 Y45.568 E9.05627
G1 X33.472 Y44.855 E9.10601
G1 X34.142 Y43.999 E9.15829
G1 X34.505 Y43.39 E9.19239
G1 X34.809 Y42.745 E9.22669
G1 X35.134 Y41.762 E9.27649
G1 X35.255 Y41.171 E9.3055
G1 X35.354 Y39.993 E9.36236
G1 X35.354 Y37.732 E9.47111
;TYPE:Overhang perimeter
;WIDTH:0.4
;HEIGHT:0.4
G1 F3600
G1 X35.354 Y37.577 E9.47921
G1 X39.904 Y37.577 E9.71692
G1 X39.904 Y37.732 E9.72502
;TYPE:External perimeter
;WIDTH:0.45
;HEIGHT:0.3
G1 F1800
G1 X39.904 Y39.852 E9.82698
G1 X39.904 Y50.279 E10.32848
G1 X39.509 Y50.338 F7800
G1 E8.32848 F2400
G92 E0
G1 X36.552 Y38.694 F7800
G1 E2 F2400
;TYPE:Solid infill
;WIDTH:0.597039
G1 F1200
G1 X36.505 Y38.647 E2.00442
G1 X36.441 Y38.664 E2.00882
G1 X36.424 Y38.728 E2.01322
G1 X36.471 Y38.775 E2.01764
G1 X36.535 Y38.758 E2.02204
;WIDTH:0.45
G1 X36.415 Y39.434 E2.05506
G1 X37.211 Y38.637 E2.10924
G1 X37.756 Y38.637 E2.13545
G1 X36.415 Y39.979 E2.2267
G1 X36.365 Y40.574 E2.25542
G1 X38.302 Y38.637 E2.38717
G1 X38.844 Y38.641 E2.41324
G1 X36.315 Y41.17 E2.58526
G1 X36.315 Y41.17 F7800
G1 X36.038 Y42.105
;WIDTH:0.404381
G1 F1200
G1 X36.021 Y41.911 E2.59352
;WIDTH:0.45
G1 X36.198 Y41.832 E2.60284
G1 X38.844 Y39.186 E2.78282
G1 X38.844 Y39.731 E2.80903
G1 X35.973 Y42.602 E3.00431
G1 X35.832 Y42.905 E3.02038
;WIDTH:0.404381
G1 X35.791 Y42.916 E3.02218
G1 X35.772 Y42.845 E3.0253
G1 X35.843 Y42.864 E3.02842
G1 X35.843 Y42.864 F7800
G1 X35.463 Y43.8
G1 F1200
G1 X35.422 Y43.811 E3.03022
G1 X35.403 Y43.74 E3.03334
G1 X35.474 Y43.759 E3.03646
;WIDTH:0.45
G1 X35.623 Y43.497 E3.05096
G1 X38.844 Y40.277 E3.27001
G1 X38.844 Y40.822 E3.29622
G1 X34.842 Y44.824 E3.56843
G1 X34.598 Y45.097 E3.58604
;WIDTH:0.408953
G1 X34.159 Y45.587 E3.61431
;WIDTH:0.404381
G1 X33.261 Y46.45 E3.66713
G1 E1.66713 F2400
G92 E0
G1 X33.261 Y46.45 F7800
G1 X27.85 Y48.278
G1 E2 F2400
;WIDTH:0.45
G1 F1200
G1 X28.68 Y48.248 E2.03995
G1 X28.397 Y48.542 E2.05958
G1 X28.345 Y48.704 E2.06776
G1 X28.485 Y48.898 E2.07927
G1 X28.513 Y49.278 E2.0976
G1 X21.422 Y49.278 E2.43865
G1 X21.423 Y48.992 E2.45241
G1 X21.462 Y48.803 E2.46169
G1 X21.612 Y48.543 E2.47613
G1 X21.757 Y48.408 E2.48566
G1 X22.078 Y48.285 E2.50219
G1 X27.657 Y48.279 E2.77052
G1 X27.657 Y48.452 E2.77884
;WIDTH:0.410774
G1 X27.658 Y48.625 E2.78631
;WIDTH:0.371549
G1 X22.143 Y48.63 E2.9976
;WIDTH:0.368437
G1 X21.911 Y48.717 E3.007
G1 X21.785 Y48.934 E3.01652
G1 X22.144 Y48.934 E3.03013
;WIDTH:0.371658
G1 X28.091 Y48.932 E3.25805
G1 X28.003 Y48.756 E3.26559
G1 X28.017 Y48.625 E3.27064
G1 X27.85 Y48.625 E3.27704
G1 X27.85 Y48.625 F7800
G1 X28.809 Y48.676
;WIDTH:0.45
G1 F1200
G1 X29.298 Y48.187 E3.3103
G1 X29.896 Y47.912 E3.34196
;WIDTH:0.404381
G1 X30.157 Y47.873 E3.35315
G1 X30.239 Y47.897 E3.35677
;WIDTH:0.45
G1 X29.97 Y48.059 E3.37187
G1 X28.846 Y49.184 E3.44836
G1 X29.297 Y49.278 E3.47052
G1 X30.723 Y47.852 E3.56751
G1 X30.723 Y47.852 F7800
G1 X31.93 Y47.293
;WIDTH:0.404381
G1 F1200
G1 X31.859 Y47.274 E3.57063
G1 X31.878 Y47.345 E3.57375
G1 X31.919 Y47.334 E3.57555
;WIDTH:0.45
G1 X31.616 Y47.504 E3.59226
G1 X29.842 Y49.278 E3.71293
G1 X29.842 Y49.278 F7800
G1 X30.69 Y49.421
;WIDTH:0.404381
G1 F1200
G1 X30.649 Y49.432 E3.71473
G1 X30.63 Y49.361 E3.71785
G1 X30.701 Y49.38 E3.72097
;WIDTH:0.45
G1 X30.387 Y49.278 E3.73685
G1 X32.988 Y46.678 E3.91373
G1 E1.91373 F2400
G92 E0
G1 X32.988 Y46.678 F7800
G1 X30.933 Y49.278
G1 E2 F2400
G1 F1200
G1 X38.844 Y41.368 E2.53806
G1 X38.844 Y41.913 E2.56427
G1 X31.478 Y49.278 E3.06526
G1 X32.023 Y49.278 E3.09147
G1 X38.844 Y42.458 E3.55539
G1 X38.844 Y43.004 E3.58165
G1 X32.569 Y49.278 E4.00843
G1 X33.114 Y49.278 E4.03464
G1 X38.844 Y43.549 E4.42435
G1 X38.844 Y44.094 E4.45056
G1 X33.659 Y49.278 E4.8032
G1 X34.205 Y49.278 E4.82946
G1 X38.844 Y44.64 E5.14497
G1 X38.844 Y45.185 E5.17118
G1 X34.75 Y49.278 E5.44961
G1 X35.296 Y49.278 E5.47587
G1 X38.844 Y45.73 E5.7172
G1 X38.844 Y46.276 E5.74346
G1 X35.841 Y49.278 E5.94769
G1 X36.386 Y49.278 E5.9739
G1 X38.844 Y46.821 E6.14106
G1 X38.844 Y47.366 E6.16727
G1 X36.932 Y49.278 E6.29732
G1 X36.825 Y49.432 E6.30634
;WIDTH:0.404381
G1 X36.753 Y49.413 E6.3095
G1 X36.773 Y49.484 E6.31263
G1 X36.814 Y49.473 E6.31443
G1 E4.31443 F2400
G92 E0
G1 X36.814 Y49.473 F7800
G1 X38.707 Y48.048
G1 E2 F2400
;WIDTH:0.45
G1 F1200
G1 X37.477 Y49.278 E2.08366
G1 X38.844 Y49.278 E2.14941
G1 X38.844 Y47.912 E2.21511
G1 X38.844 Y47.912 F7800
G1 X38.494 Y48.865
;WIDTH:0.479409
G1 F1200
G1 X38.457 Y48.828 E2.21782
G1 X38.407 Y48.841 E2.22049
G1 X38.393 Y48.892 E2.22323
G1 X38.43 Y48.928 E2.2259
G1 X38.48 Y48.915 E2.22857
G1 E.22857 F2400
G92 E0
G1 X38.48 Y48.915 F7800
G1 X36.125 Y-7.575
G1 E2 F2400
;TYPE:Perimeter
;WIDTH:0.45
G1 F900
G1 X39.133 Y-7.575 E2.14467
G1 X39.133 Y-6.071 E2.21701
G1 X39.133 Y-.372 E2.49111
G1 X36.125 Y-.372 E2.63578
G1 X36.125 Y-7.515 E2.97933
G1 X36.125 Y-7.515 F7800
G1 X35.74 Y-7.961
G1 F900
G1 X39.519 Y-7.961 E3.16109
G1 X39.519 Y-6.071 E3.25199
G1 X39.519 Y.014 E3.54466
G1 X35.74 Y.014 E3.72642
G1 X35.74 Y-7.901 E4.1071
G1 X35.74 Y-7.901 F7800
G1 X35.354 Y-8.346
;TYPE:External perimeter
G1 F900
G1 X39.904 Y-8.346 E4.32594
G1 X39.904 Y-6.071 E4.43536
G1 X39.904 Y.245 E4.73914
;TYPE:Overhang perimeter
;WIDTH:0.4
;HEIGHT:0.4
G1 X39.904 Y.4 E4.74724
G1 X35.354 Y.4 E4.98495
G1 X35.354 Y.245 E4.99305
;TYPE:External perimeter
;WIDTH:0.45
;HEIGHT:0.3
G1 X35.354 Y-8.286 E5.40336
G1 X35.75 Y-8.346 F7800
G1 X36.415 Y-7.286
;TYPE:Solid infill
G1 F1200
G1 X38.844 Y-7.286 E5.52019
G1 X38.844 Y-.661 E5.83883
G1 X36.415 Y-.661 E5.95566
G1 X36.415 Y-7.093 E6.26502
G1 X36.8 Y-6.9 E6.28573
G1 X38.458 Y-6.9 E6.36547
G1 X38.458 Y-1.047 E6.64698
G1 X36.8 Y-1.047 E6.72672
G1 X36.8 Y-6.708 E6.99899
G1 X37.186 Y-6.515 E7.01975
G1 X38.072 Y-6.515 E7.06236
G1 X38.072 Y-1.432 E7.30683
G1 X37.186 Y-1.432 E7.34944
G1 X37.186 Y-6.322 E7.58463
G1 X37.629 Y-6.071 E7.60912
;WIDTH:0.565405
G1 X37.629 Y-1.875 E7.87133
;LAYER_CHANGE
;Z:8.15
;HEIGHT:0.3
G1 Z8.15 F7800
G1 E5.87133 F2400
G92 E0
G1 X37.629 Y-1.875 F7800
G1 X39.133 Y49.568
G1 E2 F2400
;TYPE:Perimeter
;WIDTH:0.45
G1 F3600
G1 X21.127 Y49.568 E2.86603
G1 X21.136 Y48.935 E2.89648
G1 X21.251 Y48.515 E2.91742
G1 X21.455 Y48.255 E2.93331
G1 X21.752 Y48.078 E2.94994
G1 X22.116 Y47.991 E2.96794
G1 X28.177 Y47.988 E3.25945
G1 X28.96 Y47.945 E3.29717
G1 X29.735 Y47.825 E3.33489
G1 X30.496 Y47.63 E3.37267
G1 X31.232 Y47.361 E3.41036
G1 X31.94 Y47.021 E3.44814
G1 X32.629 Y46.6 E3.48698
G1 X33.445 Y45.963 E3.53677
G1 X34.243 Y45.127 E3.59236
G1 X34.726 Y44.506 E3.6302
G1 X35.212 Y43.699 E3.67551
G1 X35.673 Y42.641 E3.73102
G1 X35.896 Y41.889 E3.76875
G1 X36.047 Y41.096 E3.80758
G1 X36.125 Y39.993 E3.86076
G1 X36.125 Y37.152 E3.9974
;TYPE:Overhang perimeter
;WIDTH:0.4
;HEIGHT:0.4
G1 X36.125 Y.825 E5.8953
;TYPE:Perimeter
;WIDTH:0.45
;HEIGHT:0.3
G1 X36.125 Y-7.575 E6.29931
G1 X39.133 Y-7.575 E6.44398
G1 X39.133 Y-6.071 E6.51632
G1 X39.133 Y.825 E6.84799
;TYPE:Overhang perimeter
;WIDTH:0.4
;HEIGHT:0.4
G1 X39.133 Y37.152 E8.74589
;TYPE:Perimeter
;WIDTH:0.45
;HEIGHT:0.3
G1 X39.133 Y49.508 E9.34017
G1 X39.133 Y49.508 F7800
G1 X39.519 Y49.953
G1 F3600
G1 X20.741 Y49.953 E10.24333
G1 X20.742 Y49.026 E10.28792
G1 X20.805 Y48.584 E10.30939
G1 X21.029 Y48.149 E10.33292
G1 X21.283 Y47.902 E10.34996
G1 X21.727 Y47.667 E10.37412
G1 X22.083 Y47.606 E10.39149
G1 X28.158 Y47.602 E10.68368
G1 X28.903 Y47.563 E10.71956
G1 X29.641 Y47.451 E10.75546
G1 X30.366 Y47.266 E10.79145
G1 X31.068 Y47.012 E10.82736
G1 X31.742 Y46.691 E10.86327
G1 X32.392 Y46.296 E10.89985
G1 X33.208 Y45.659 E10.94964
G1 X33.941 Y44.887 E11.00084
G1 X34.398 Y44.304 E11.03647
G1 X34.86 Y43.542 E11.07933
G1 X35.279 Y42.596 E11.12909
G1 X35.518 Y41.814 E11.16842
G1 X35.662 Y41.067 E11.20501
G1 X35.738 Y40.036 E11.25473
G1 X35.74 Y37.152 E11.39344
;TYPE:Overhang perimeter
;WIDTH:0.4
;HEIGHT:0.4
G1 X35.74 Y.825 E13.29134
;TYPE:Perimeter
;WIDTH:0.45
;HEIGHT:0.3
G1 X35.74 Y-7.961 E13.71392
G1 X39.519 Y-7.961 E13.89568
G1 X39.519 Y-6.071 E13.98658
G1 X39.519 Y.825 E14.31825
;TYPE:Overhang perimeter
;WIDTH:0.4
;HEIGHT:0.4
G1 X39.519 Y37.152 E16.21615
;TYPE:Perimeter
;WIDTH:0.45
;HEIGHT:0.3
G1 X39.519 Y49.893 E16.82895
G1 X39.519 Y49.893 F7800
G1 X39.904 Y50.339
;TYPE:External perimeter
G1 F1800
G1 X20.354 Y50.339 E17.76924
G1 X20.356 Y49.025 E17.83244
G1 X20.405 Y48.635 E17.85135
G1 X20.565 Y48.155 E17.87569
G1 X20.809 Y47.818 E17.8957
G1 X21.216 Y47.472 E17.92139
G1 X21.614 Y47.296 E17.94232
G1 X22.049 Y47.22 E17.96356
G1 X28.139 Y47.217 E18.25647
G1 X28.847 Y47.182 E18.29056
G1 X29.548 Y47.077 E18.32465
G1 X30.236 Y46.903 E18.35878
G1 X30.903 Y46.664 E18.39286
G1 X31.543 Y46.36 E18.42694
G1 X32.154 Y45.992 E18.46125
G1 X32.97 Y45.355 E18.51104
G1 X33.639 Y44.648 E18.55785
G1 X34.069 Y44.102 E18.59128
G1 X34.507 Y43.386 E18.63165
G1 X34.927 Y42.44 E18.68143
G1 X35.14 Y41.739 E18.71667
G1 X35.277 Y41.039 E18.75098
G1 X35.354 Y40.008 E18.80071
G1 X35.354 Y37.152 E18.93807
;TYPE:Overhang perimeter
;WIDTH:0.4
;HEIGHT:0.4
G1 F3600
G1 X35.354 Y.825 E20.83597
;TYPE:External perimeter
;WIDTH:0.45
;HEIGHT:0.3
G1 F1800
G1 X35.354 Y-8.346 E21.27706
G1 X39.904 Y-8.346 E21.4959
G1 X39.904 Y-6.071 E21.60532
G1 X39.904 Y.825 E21.93699
;TYPE:Overhang perimeter
;WIDTH:0.4
;HEIGHT:0.4
G1 F3600
G1 X39.904 Y37.152 E23.83489
;TYPE:External perimeter
;WIDTH:0.45
;HEIGHT:0.3
G1 F1800
G1 X39.904 Y50.279 E24.46625
G1 X39.509 Y50.338 F7800
G1 E22.46625 F2400
G92 E0
G1 X21.417 Y49.044 F7800
G1 E2 F2400
;TYPE:Solid infill
G1 F1200
G1 X21.515 Y48.644 E2.01981
G1 X21.645 Y48.478 E2.02995
G1 X21.86 Y48.358 E2.04179
G1 X22.141 Y48.28 E2.05582
G1 X28.128 Y48.278 E2.34377
G1 X28.893 Y48.241 E2.38061
G1 X29.728 Y48.122 E2.42118
G1 X30.488 Y47.934 E2.45884
G1 X31.255 Y47.664 E2.49795
G1 X31.993 Y47.32 E2.53711
G1 X32.792 Y46.837 E2.58202
G1 X33.086 Y46.61 E2.59988
G1 X35.755 Y49.278 E2.78139
G1 X21.416 Y49.278 E3.47105
G1 X21.417 Y49.237 E3.47302
G1 X21.791 Y48.936 E3.49611
;WIDTH:0.363437
G1 X21.827 Y48.8 E3.50136
G1 X22.027 Y48.656 E3.51055
;WIDTH:0.370631
G1 X22.184 Y48.626 E3.51666
;WIDTH:0.371805
G1 X28.128 Y48.625 E3.74457
;WIDTH:0.372193
G1 X28.154 Y48.624 E3.74557
;WIDTH:0.392799
G1 X28.943 Y48.595 E3.77791
;WIDTH:0.42271
G1 X29.382 Y48.546 E3.79765
;WIDTH:0.452621
G1 X29.821 Y48.497 E3.81904
G1 X30.616 Y48.297 E3.85874
;WIDTH:0.45
G1 X31.417 Y48.014 E3.8996
G1 X32.137 Y47.68 E3.93777
G1 X33.055 Y47.124 E3.98939
G1 X34.824 Y48.893 E4.10972
G1 X30.633 Y48.893 E4.31129
;WIDTH:0.451035
G1 X29.345 Y48.908 E4.37341
;WIDTH:0.420341
G1 X28.9 Y48.923 E4.39318
;WIDTH:0.389648
G1 X28.128 Y48.932 E4.4245
;WIDTH:0.371805
G1 X22.184 Y48.933 E4.65241
;WIDTH:0.370631
G1 X21.984 Y48.934 E4.66005
G1 E2.66005 F2400
G92 E0
G1 X21.984 Y48.934 F7800
G1 X31.184 Y48.507
G1 E2 F2400
;WIDTH:0.45
G1 F1200
G1 X31.58 Y48.364 E2.02025
G1 X32.392 Y47.98 E2.06345
G1 X32.999 Y47.613 E2.09757
G1 X33.893 Y48.507 E2.15838
G1 X31.376 Y48.507 E2.27944
G1 X31.376 Y48.507 F7800
G1 X32.925 Y48.063
;WIDTH:0.469471
G1 F1200
G1 X32.89 Y48.099 E2.28198
G1 X32.903 Y48.148 E2.28454
G1 X32.952 Y48.161 E2.2871
G1 X32.987 Y48.125 E2.28964
G1 X32.974 Y48.076 E2.2922
G1 X32.974 Y48.076 F7800
G1 X33.393 Y46.371
;WIDTH:0.45
G1 F1200
G1 X36.3 Y49.278 E2.48993
G1 X36.846 Y49.278 E2.51619
G1 X33.691 Y46.124 E2.73076
G1 X33.964 Y45.852 E2.7493
G1 X37.391 Y49.278 E2.98237
G1 X37.936 Y49.278 E3.00858
G1 X34.237 Y45.579 E3.26018
G1 X34.487 Y45.284 E3.27878
G1 X38.482 Y49.278 E3.55048
G1 X38.964 Y49.339 E3.57385
;WIDTH:0.404381
G1 X38.975 Y49.38 E3.57565
G1 X38.904 Y49.399 E3.57877
G1 X38.923 Y49.328 E3.58189
;WIDTH:0.45
G1 X38.844 Y49.095 E3.59372
G1 X34.728 Y44.98 E3.87365
G1 X34.959 Y44.665 E3.89244
G1 X38.844 Y48.55 E4.15669
G1 X38.844 Y48.004 E4.18295
G1 X35.169 Y44.33 E4.43288
G1 X35.379 Y43.995 E4.4519
G1 X38.844 Y47.459 E4.68755
G1 X38.844 Y46.914 E4.71376
G1 X35.554 Y43.624 E4.93754
G1 X35.724 Y43.249 E4.95734
G1 X38.844 Y46.368 E5.16952
G1 X38.844 Y45.823 E5.19573
G1 X35.894 Y42.874 E5.39635
G1 X36.026 Y42.46 E5.41725
G1 X38.844 Y45.278 E5.60893
G1 X38.844 Y44.732 E5.63519
G1 X36.155 Y42.043 E5.81809
G1 X36.391 Y41.734 E5.83679
G1 X38.844 Y44.187 E6.00364
G1 X38.844 Y39.499 E6.22912
G1 X36.415 Y39.499 E6.34595
G1 X36.414 Y40.004 E6.37024
G1 X36.321 Y41.226 E6.42918
G1 X36.239 Y41.634 E6.4492
G1 X36.667 Y41.465 E6.47133
G1 X36.706 Y41.255 E6.4816
G1 X36.8 Y39.885 E6.54765
G1 X38.458 Y39.885 E6.62739
G1 X38.458 Y43.256 E6.78952
G1 X36.804 Y41.602 E6.90202
G1 X37.191 Y41.444 E6.92212
G1 X38.072 Y42.325 E6.98204
G1 X38.072 Y40.27 E7.08088
G1 X37.167 Y40.27 E7.12441
G1 X37.09 Y41.284 E7.17332
G1 X37.587 Y41.153 E7.19804
;WIDTH:0.649599
G1 X37.603 Y40.74 E7.22821
G1 E5.22821 F2400
G92 E0
G1 X37.603 Y40.74 F7800
G1 X36.456 Y-1.307
G1 E2 F2400
;TYPE:Bridge infill
;WIDTH:0.41912
;HEIGHT:0.4
G1 F3600
G1 X36.456 Y39.081 E4.31661
G1 X36.926 Y39.081 E4.34357
G1 X36.926 Y-1.105 E6.64859
G1 X37.395 Y-1.105 E6.67549
G1 X37.395 Y39.081 E8.98051
G1 X37.864 Y39.081 E9.00741
G1 X37.864 Y-1.105 E11.31243
G1 X38.333 Y-1.105 E11.33933
G1 X38.333 Y39.081 E13.64435
G1 X38.802 Y39.081 E13.67125
G1 X38.802 Y-1.307 E15.98786
G1 E13.98786 F2400
G92 E0
G1 X38.802 Y-1.307 F7800
G1 X36.415 Y-7.093
G1 E2 F2400
;TYPE:Solid infill
;WIDTH:0.45
;HEIGHT:0.3
G1 F1200
G1 X36.415 Y-1.522 E2.26795
G1 X38.844 Y-1.522 E2.38478
G1 X38.844 Y-7.286 E2.66201
G1 X36.415 Y-7.286 E2.77884
G1 X36.8 Y-6.9 E2.80506
G1 X38.458 Y-6.9 E2.8848
G1 X38.458 Y-1.908 E3.1249
G1 X36.8 Y-1.908 E3.20464
G1 X36.8 Y-6.708 E3.4355
G1 X37.186 Y-6.515 E3.45626
G1 X38.072 Y-6.515 E3.49887
G1 X38.072 Y-2.294 E3.70189
G1 X37.186 Y-2.294 E3.7445
G1 X37.186 Y-6.322 E3.93823
G1 X37.629 Y-6.071 E3.96272
;WIDTH:0.565383
G1 X37.629 Y-2.737 E4.17105
;LAYER_CHANGE
;Z:8.45
;HEIGHT:0.3
G1 Z8.45 F7800
G1 E2.17105 F2400
G92 E0
G1 X37.629 Y-2.737 F7800
G1 X39.133 Y49.568
G1 E2 F2400
;TYPE:Perimeter
;WIDTH:0.45
G1 F3600
G1 X21.127 Y49.568 E2.86603
G1 X21.136 Y48.935 E2.89648
G1 X21.251 Y48.515 E2.91742
G1 X21.456 Y48.254 E2.93338
G1 X21.752 Y48.078 E2.94994
G1 X22.116 Y47.991 E2.96794
G1 X28.13 Y47.989 E3.25719
G1 X28.96 Y47.945 E3.29717
G1 X29.735 Y47.825 E3.33489
G1 X30.496 Y47.63 E3.37267
G1 X31.232 Y47.361 E3.41036
G1 X31.94 Y47.021 E3.44814
G1 X32.629 Y46.6 E3.48698
G1 X33.533 Y45.885 E3.54242
G1 X34.231 Y45.14 E3.59152
G1 X34.803 Y44.395 E3.6367
G1 X35.212 Y43.699 E3.67553
G1 X35.673 Y42.641 E3.73104
G1 X35.896 Y41.889 E3.76877
G1 X36.047 Y41.096 E3.8076
G1 X36.125 Y39.993 E3.86078
G1 X36.125 Y-7.575 E6.14864
G1 X39.133 Y-7.575 E6.29331
G1 X39.133 Y-6.071 E6.36565
G1 X39.133 Y49.508 E9.03881
G1 X39.133 Y49.508 F7800
G1 X39.519 Y49.953
G1 F3600
G1 X20.741 Y49.953 E9.94197
G1 X20.742 Y49.026 E9.98656
G1 X20.805 Y48.584 E10.00803
G1 X21.028 Y48.15 E10.0315
G1 X21.283 Y47.902 E10.04861
G1 X21.727 Y47.667 E10.07277
G1 X22.083 Y47.606 E10.09014
G1 X28.13 Y47.603 E10.38098
G1 X28.903 Y47.563 E10.41821
G1 X29.641 Y47.451 E10.45411
G1 X30.366 Y47.266 E10.4901
G1 X31.068 Y47.012 E10.52601
G1 X31.742 Y46.691 E10.56192
G1 X32.392 Y46.296 E10.5985
G1 X33.208 Y45.659 E10.64829
G1 X33.927 Y44.903 E10.69847
G1 X34.472 Y44.197 E10.74137
G1 X34.86 Y43.542 E10.77799
G1 X35.304 Y42.53 E10.83114
G1 X35.518 Y41.814 E10.86708
G1 X35.662 Y41.067 E10.90367
G1 X35.74 Y39.993 E10.95546
G1 X35.74 Y-7.961 E13.26188
G1 X39.519 Y-7.961 E13.44364
G1 X39.519 Y-6.071 E13.53454
G1 X39.519 Y49.893 E16.22621
G1 X39.519 Y49.893 F7800
G1 X39.904 Y50.339
;TYPE:External perimeter
G1 F1800
G1 X20.354 Y50.339 E17.1665
G1 X20.356 Y49.025 E17.2297
G1 X20.405 Y48.635 E17.24861
G1 X20.565 Y48.155 E17.27295
G1 X20.808 Y47.82 E17.29285
G1 X21.216 Y47.472 E17.31864
G1 X21.614 Y47.296 E17.33957
G1 X22.049 Y47.22 E17.36081
G1 X28.13 Y47.218 E17.65328
G1 X28.847 Y47.182 E17.68781
G1 X29.548 Y47.077 E17.7219
G1 X30.236 Y46.903 E17.75603
G1 X30.903 Y46.664 E17.79011
G1 X31.543 Y46.36 E17.82419
G1 X32.154 Y45.992 E17.8585
G1 X32.988 Y45.339 E17.90945
G1 X33.623 Y44.666 E17.95395
G1 X34.142 Y43.999 E17.9946
G1 X34.507 Y43.386 E18.02891
G1 X34.935 Y42.418 E18.07982
G1 X35.14 Y41.739 E18.11393
G1 X35.277 Y41.039 E18.14824
G1 X35.354 Y39.993 E18.19869
G1 X35.354 Y-8.346 E20.52363
G1 X39.904 Y-8.346 E20.74247
G1 X39.904 Y-6.071 E20.85189
G1 X39.904 Y50.279 E23.56213
G1 X39.509 Y50.338 F7800
G1 E21.56213 F2400
G92 E0
G1 X34.673 Y45.044 F7800
G1 E2 F2400
;TYPE:Internal infill
;WIDTH:0.45
G1 F4800
G1 X35.408 Y43.948 E2.06347
G1 X35.817 Y43.044 E2.11119
G1 X38.844 Y46.071 E2.31708
G1 X38.844 Y45.609 E2.3393
G1 X31.367 Y47.612 E2.7116
G1 X30.479 Y47.937 E2.75708
G1 X29.352 Y48.176 E2.81249
G1 X30.853 Y49.278 F7800
G1 F4800
G1 X28.539 Y49.278 E2.92379
G1 X28.816 Y48.246 E2.97518
G1 X29.161 Y48.203 E2.9919
G1 X25.148 Y49.278 E3.19172
G1 X22.551 Y49.278 E3.31663
G1 X22.818 Y48.28 E3.36632
G1 X24.691 Y48.279 E3.4564
G1 X25.69 Y49.278 E3.52435
G1 E1.52435 F2400
G92 E0
G1 X25.69 Y49.278 F7800
G1 X31.939 Y47.347
G1 E2 F2400
G1 F4800
G1 X33.871 Y49.278 E2.13138
G1 X34.528 Y49.278 E2.16298
G1 X37.357 Y38.718 E2.68879
G1 X38.844 Y38.718 E2.76031
G1 X38.844 Y39.62 E2.80369
G1 X36.393 Y40.277 E2.92574
G1 X36.415 Y38.718 E3.00073
G1 X37.164 Y38.718 E3.03675
G1 E1.03675 F2400
G92 E0
G1 X37.164 Y38.718 F7800
G1 X36.415 Y-.356
G1 E2 F2400
;TYPE:Solid infill
;WIDTH:0.45
G1 F1200
G1 X38.844 Y-.356 E2.11683
G1 X38.844 Y38.333 E3.97764
G1 X36.415 Y38.333 E4.09447
G1 X36.415 Y-.163 E5.94599
G1 X36.8 Y.029 E5.96668
G1 X38.458 Y.029 E6.04642
G1 X38.458 Y37.947 E7.87014
G1 X36.8 Y37.947 E7.94988
G1 X36.8 Y.222 E9.76432
G1 X36.8 Y.222 F7800
G1 X37.88 Y.415
G1 F1200
G1 X37.186 Y.415 E9.7977
G1 X37.186 Y37.562 E11.58434
G1 X38.072 Y37.562 E11.62695
G1 X38.072 Y.415 E13.41359
G1 X37.629 Y.858 E13.44372
;WIDTH:0.565383
G1 X37.629 Y37.118 E15.70953
G1 E13.70953 F2400
G92 E0
G1 X37.629 Y37.118 F7800
G1 X38.844 Y-6.109
G1 E2 F2400
;TYPE:Internal infill
;WIDTH:0.45
G1 F4800
G1 X38.844 Y-7.286 E2.05661
G1 X37.707 Y-7.286 E2.1113
G1 X36.415 Y-2.461 E2.35154
G1 X36.415 Y-1.647 E2.39069
G1 X38.844 Y-2.298 E2.51164
G1 X38.844 Y-3.01 E2.54588
G1 X36.415 Y-5.439 E2.7111
G1 X36.415 Y-7.286 E2.79993
G1 X36.882 Y-7.286 E2.82239
;LAYER_CHANGE
;Z:8.75
;HEIGHT:0.3
G1 Z8.75 F7800
G1 E.82239 F2400
G92 E0
G1 X36.882 Y-7.286 F7800
G1 X39.133 Y49.568
G1 E2 F2400
;TYPE:Perimeter
;WIDTH:0.45
G1 F3600
G1 X21.127 Y49.568 E2.86603
G1 X21.136 Y48.934 E2.89653
G1 X21.251 Y48.515 E2.91743
G1 X21.456 Y48.254 E2.93339
G1 X21.752 Y48.078 E2.94995
G1 X22.116 Y47.991 E2.96795
G1 X28.13 Y47.989 E3.2572
G1 X28.96 Y47.945 E3.29718
G1 X29.735 Y47.825 E3.3349
G1 X30.496 Y47.63 E3.37268
G1 X31.232 Y47.361 E3.41037
G1 X31.94 Y47.021 E3.44815
G1 X32.629 Y46.6 E3.48699
G1 X33.533 Y45.885 E3.54243
G1 X34.241 Y45.129 E3.59225
G1 X34.736 Y44.491 E3.63109
G1 X35.212 Y43.699 E3.67553
G1 X35.673 Y42.641 E3.73104
G1 X35.896 Y41.889 E3.76877
G1 X36.045 Y41.119 E3.80649
G1 X36.125 Y39.993 E3.86078
G1 X36.125 Y-7.575 E6.14864
G1 X39.133 Y-7.575 E6.29331
G1 X39.133 Y-6.071 E6.36565
G1 X39.133 Y49.508 E9.03881
G1 X39.133 Y49.508 F7800
G1 X39.519 Y49.953
G1 F3600
G1 X20.741 Y49.953 E9.94197
G1 X20.742 Y49.025 E9.9866
G1 X20.805 Y48.584 E10.00803
G1 X21.026 Y48.152 E10.03137
G1 X21.284 Y47.902 E10.04865
G1 X21.727 Y47.667 E10.07277
G1 X22.083 Y47.606 E10.09014
G1 X28.13 Y47.603 E10.38098
G1 X28.903 Y47.563 E10.41821
G1 X29.641 Y47.451 E10.45411
G1 X30.366 Y47.266 E10.4901
G1 X31.068 Y47.012 E10.52601
G1 X31.742 Y46.691 E10.56192
G1 X32.392 Y46.296 E10.5985
G1 X33.208 Y45.659 E10.64829
G1 X33.939 Y44.89 E10.69932
G1 X34.408 Y44.29 E10.73595
G1 X34.86 Y43.542 E10.77798
G1 X35.304 Y42.53 E10.83113
G1 X35.518 Y41.814 E10.86707
G1 X35.661 Y41.081 E10.90299
G1 X35.74 Y39.993 E10.95546
G1 X35.74 Y-7.961 E13.26188
G1 X39.519 Y-7.961 E13.44364
G1 X39.519 Y-6.071 E13.53454
G1 X39.519 Y49.893 E16.22621
G1 X39.519 Y49.893 F7800
G1 X39.904 Y50.339
;TYPE:External perimeter
G1 F1800
G1 X20.354 Y50.339 E17.1665
G1 X20.356 Y49.025 E17.2297
G1 X20.405 Y48.635 E17.24861
G1 X20.565 Y48.155 E17.27295
G1 X20.806 Y47.822 E17.29272
G1 X21.216 Y47.472 E17.31865
G1 X21.614 Y47.296 E17.33958
G1 X22.049 Y47.22 E17.36082
G1 X28.13 Y47.218 E17.65329
G1 X28.847 Y47.182 E17.68782
G1 X29.548 Y47.077 E17.72191
G1 X30.236 Y46.903 E17.75604
G1 X30.903 Y46.664 E17.79012
G1 X31.543 Y46.36 E17.8242
G1 X32.154 Y45.992 E17.85851
G1 X32.988 Y45.339 E17.90946
G1 X33.636 Y44.651 E17.95492
G1 X34.079 Y44.088 E17.98938
G1 X34.507 Y43.386 E18.02892
G1 X34.935 Y42.418 E18.07983
G1 X35.14 Y41.739 E18.11394
G1 X35.277 Y41.043 E18.14806
G1 X35.354 Y39.993 E18.1987
G1 X35.354 Y-8.346 E20.52364
G1 X39.904 Y-8.346 E20.74248
G1 X39.904 Y-6.071 E20.8519
G1 X39.904 Y50.279 E23.56214
G1 X39.509 Y50.338 F7800
G1 E21.56214 F2400
G92 E0
G1 X34.675 Y45.046 F7800
G1 E2 F2400
;TYPE:Internal infill
;WIDTH:0.45
G1 F4800
G1 X35.402 Y43.958 E2.06294
G1 X35.817 Y43.044 E2.11122
G1 X38.844 Y46.071 E2.31711
G1 X38.844 Y45.609 E2.33933
G1 X31.367 Y47.612 E2.71163
G1 X30.479 Y47.937 E2.75711
G1 X29.352 Y48.176 E2.81252
G1 X30.853 Y49.278 F7800
G1 F4800
G1 X28.539 Y49.278 E2.92382
G1 X28.816 Y48.246 E2.97521
G1 X29.161 Y48.203 E2.99193
G1 X25.148 Y49.278 E3.19175
G1 X22.551 Y49.278 E3.31666
G1 X22.818 Y48.28 E3.36635
G1 X24.691 Y48.279 E3.45643
G1 X25.69 Y49.278 E3.52438
G1 E1.52438 F2400
G92 E0
G1 X25.69 Y49.278 F7800
G1 X31.939 Y47.347
G1 E2 F2400
G1 F4800
G1 X33.871 Y49.278 E2.13138
G1 X34.528 Y49.278 E2.16298
G1 X37.645 Y37.645 E2.74222
G1 X38.598 Y37.645 E2.78806
G1 X38.844 Y37.891 E2.80479
G1 X38.844 Y39.62 E2.88795
G1 X36.406 Y40.274 E3.00936
G1 X36.415 Y37.96 E3.12066
G1 X36.415 Y37.96 F7800
G1 X36.415 Y37.259
;TYPE:Solid infill
;WIDTH:0.45
G1 F1200
G1 X36.415 Y.717 E4.8782
G1 X38.844 Y.717 E4.99503
G1 X38.844 Y37.259 E6.75257
G1 X36.607 Y37.259 E6.86016
G1 X36.8 Y36.874 E6.88087
G1 X36.8 Y1.103 E8.60133
G1 X38.458 Y1.103 E8.68107
G1 X38.458 Y36.874 E10.40153
G1 X36.993 Y36.874 E10.47199
G1 X37.186 Y36.488 E10.49275
G1 X37.186 Y1.488 E12.17613
G1 X38.072 Y1.488 E12.21874
G1 X38.072 Y36.488 E13.90212
G1 X37.379 Y36.488 E13.93545
G1 X37.629 Y36.045 E13.95992
;WIDTH:0.565383
G1 X37.629 Y1.932 E16.09156
G1 E14.09156 F2400
G92 E0
G1 X37.629 Y1.932 F7800
G1 X38.844 Y-6.109
G1 E2 F2400
;TYPE:Internal infill
;WIDTH:0.45
G1 F4800
G1 X38.844 Y-7.286 E2.05661
G1 X37.707 Y-7.286 E2.1113
G1 X36.415 Y-2.461 E2.35154
G1 X36.415 Y-1.647 E2.39069
G1 X38.844 Y-2.298 E2.51164
G1 X38.844 Y-3.01 E2.54588
G1 X36.415 Y-5.439 E2.7111
G1 X36.415 Y-7.286 E2.79993
G1 X36.882 Y-7.286 E2.82239
;LAYER_CHANGE
;Z:9.05
;HEIGHT:0.3
G1 Z9.05 F7800
G1 E.82239 F2400
G92 E0
G1 X36.882 Y-7.286 F7800
G1 X39.133 Y49.568
G1 E2 F2400
;TYPE:Perimeter
;WIDTH:0.45
G1 F3600
G1 X21.127 Y49.568 E2.86603
G1 X21.136 Y48.934 E2.89653
G1 X21.251 Y48.514 E2.91747
G1 X21.456 Y48.254 E2.93339
G1 X21.752 Y48.078 E2.94995
G1 X22.116 Y47.991 E2.96795
G1 X28.13 Y47.989 E3.2572
G1 X28.96 Y47.945 E3.29718
G1 X29.735 Y47.825 E3.3349
G1 X30.496 Y47.63 E3.37268
G1 X31.232 Y47.361 E3.41037
G1 X31.94 Y47.021 E3.44815
G1 X32.629 Y46.6 E3.48699
G1 X33.533 Y45.885 E3.54243
G1 X34.231 Y45.14 E3.59153
G1 X34.803 Y44.395 E3.63671
G1 X35.212 Y43.699 E3.67554
G1 X35.673 Y42.641 E3.73105
G1 X35.9 Y41.871 E3.76966
G1 X36.078 Y40.836 E3.82017
G1 X36.125 Y39.994 E3.86073
G1 X36.125 Y-7.575 E6.14863
G1 X39.133 Y-7.575 E6.2933
G1 X39.133 Y-6.071 E6.36564
G1 X39.133 Y49.508 E9.0388
G1 X39.133 Y49.508 F7800
G1 X39.519 Y49.953
G1 F3600
G1 X20.741 Y49.953 E9.94196
G1 X20.742 Y49.025 E9.98659
G1 X20.805 Y48.584 E10.00802
G1 X21.025 Y48.153 E10.03129
G1 X21.284 Y47.902 E10.04864
G1 X21.727 Y47.667 E10.07276
G1 X22.083 Y47.606 E10.09013
G1 X28.13 Y47.603 E10.38097
G1 X28.903 Y47.563 E10.4182
G1 X29.641 Y47.451 E10.4541
G1 X30.366 Y47.266 E10.49009
G1 X31.068 Y47.012 E10.526
G1 X31.742 Y46.691 E10.56191
G1 X32.392 Y46.296 E10.59849
G1 X33.208 Y45.659 E10.64828
G1 X33.927 Y44.903 E10.69846
G1 X34.472 Y44.197 E10.74136
G1 X34.86 Y43.542 E10.77798
G1 X35.304 Y42.53 E10.83113
G1 X35.52 Y41.804 E10.86756
G1 X35.693 Y40.814 E10.9159
G1 X35.74 Y39.994 E10.9554
G1 X35.74 Y-7.961 E13.26187
G1 X39.519 Y-7.961 E13.44363
G1 X39.519 Y-6.071 E13.53453
G1 X39.519 Y49.893 E16.2262
G1 X39.519 Y49.893 F7800
G1 X39.904 Y50.339
;TYPE:External perimeter
G1 F1800
G1 X20.354 Y50.339 E17.16649
G1 X20.356 Y49.025 E17.22969
G1 X20.405 Y48.635 E17.2486
G1 X20.565 Y48.155 E17.27294
G1 X20.805 Y47.823 E17.29264
G1 X21.216 Y47.472 E17.31864
G1 X21.614 Y47.296 E17.33957
G1 X22.049 Y47.22 E17.36081
G1 X28.13 Y47.218 E17.65328
G1 X28.847 Y47.182 E17.68781
G1 X29.548 Y47.077 E17.7219
G1 X30.236 Y46.903 E17.75603
G1 X30.903 Y46.664 E17.79011
G1 X31.543 Y46.36 E17.82419
G1 X32.154 Y45.992 E17.8585
G1 X32.988 Y45.339 E17.90945
G1 X33.623 Y44.666 E17.95395
G1 X34.142 Y43.999 E17.9946
G1 X34.507 Y43.386 E18.02891
G1 X34.935 Y42.418 E18.07982
G1 X35.14 Y41.736 E18.11407
G1 X35.308 Y40.792 E18.16019
G1 X35.354 Y39.994 E18.19863
G1 X35.354 Y-8.346 E20.52362
G1 X39.904 Y-8.346 E20.74246
G1 X39.904 Y-6.071 E20.85188
G1 X39.904 Y50.279 E23.56212
G1 X39.509 Y50.338 F7800
G1 E21.56212 F2400
G92 E0
G1 X34.673 Y45.044 F7800
G1 E2 F2400
;TYPE:Internal infill
;WIDTH:0.45
G1 F4800
G1 X35.408 Y43.948 E2.06347
G1 X35.817 Y43.044 E2.11119
G1 X38.844 Y46.071 E2.31708
G1 X38.844 Y45.609 E2.3393
G1 X31.367 Y47.612 E2.7116
G1 X30.479 Y47.937 E2.75708
G1 X29.352 Y48.176 E2.81249
G1 X30.853 Y49.278 F7800
G1 F4800
G1 X28.539 Y49.278 E2.92379
G1 X28.816 Y48.246 E2.97518
G1 X29.161 Y48.203 E2.9919
G1 X25.148 Y49.278 E3.19172
G1 X22.551 Y49.278 E3.31663
G1 X22.818 Y48.28 E3.36632
G1 X24.691 Y48.279 E3.4564
G1 X25.69 Y49.278 E3.52435
G1 E1.52435 F2400
G92 E0
G1 X25.69 Y49.278 F7800
G1 X31.939 Y47.347
G1 E2 F2400
G1 F4800
G1 X33.871 Y49.278 E2.13138
G1 X34.528 Y49.278 E2.16298
G1 X38.844 Y33.171 E2.965
G1 X38.844 Y29.711 E3.13141
G1 X36.415 Y27.282 E3.29663
G1 X36.415 Y28.295 E3.34535
G1 X38.844 Y27.644 E3.4663
G1 X38.844 Y25.33 E3.5776
G1 E1.5776 F2400
G92 E0
G1 X38.844 Y25.33 F7800
G1 X36.415 Y19.101
G1 E2 F2400
G1 F4800
G1 X38.844 Y21.531 E2.16525
G1 X38.844 Y21.655 E2.17121
G1 X36.415 Y22.306 E2.29216
G1 X36.415 Y19.887 E2.40851
G1 X38.844 Y10.822 E2.85989
G1 X38.844 Y9.679 E2.91486
G1 X36.415 Y10.33 E3.03581
G1 X36.415 Y10.921 E3.06424
G1 X38.844 Y13.35 E3.22946
G1 X38.844 Y15.667 E3.3409
G1 X36.415 Y16.318 E3.46185
G1 X36.415 Y14.004 E3.57315
G1 E1.57315 F2400
G92 E0
G1 X36.415 Y14.004 F7800
G1 X36.415 Y6.655
G1 E2 F2400
G1 F4800
G1 X36.415 Y4.341 E2.1113
G1 X38.844 Y3.69 E2.23225
G1 X38.844 Y5.17 E2.30343
G1 X36.415 Y2.741 E2.46865
G1 X36.415 Y.427 E2.57995
G1 E.57995 F2400
G92 E0
G1 X36.415 Y.427 F7800
G1 X38.844 Y-6.109
G1 E2 F2400
G1 F4800
G1 X38.844 Y-7.286 E2.05661
G1 X37.707 Y-7.286 E2.1113
G1 X36.415 Y-2.461 E2.35154
G1 X36.415 Y-1.647 E2.39069
G1 X38.844 Y-2.298 E2.51164
G1 X38.844 Y-3.01 E2.54588
G1 X36.415 Y-5.439 E2.7111
G1 X36.415 Y-7.286 E2.79993
G1 X36.882 Y-7.286 E2.82239
G1 E.82239 F2400
G92 E0
G1 X36.882 Y-7.286 F7800
G1 X38.844 Y33.632
G1 E2 F2400
G1 F4800
G1 X36.415 Y34.283 E2.12095
G1 X36.415 Y35.462 E2.17766
G1 X38.844 Y37.891 E2.34288
G1 X38.844 Y39.62 E2.42604
G1 X36.397 Y40.276 E2.54789
G1 X36.415 Y37.963 E2.65914
;LAYER_CHANGE
;Z:9.35
;HEIGHT:0.3
G1 Z9.35 F7800
G1 E.65914 F2400
G92 E0
G1 X36.415 Y37.963 F7800
G1 X39.133 Y49.568
G1 E2 F2400
;TYPE:Perimeter
;WIDTH:0.45
G1 F3600
G1 X21.127 Y49.568 E2.86603
G1 X21.128 Y48.98 E2.89431
G1 X21.228 Y48.559 E2.91512
G1 X21.458 Y48.252 E2.93357
G1 X21.752 Y48.078 E2.95
G1 X22.116 Y47.991 E2.968
G1 X28.13 Y47.989 E3.25725
G1 X28.983 Y47.941 E3.29834
G1 X30.14 Y47.73 E3.35491
G1 X31.232 Y47.361 E3.41035
G1 X31.94 Y47.021 E3.44813
G1 X32.629 Y46.6 E3.48697
G1 X33.533 Y45.885 E3.54241
G1 X34.24 Y45.131 E3.59212
G1 X34.747 Y44.476 E3.63196
G1 X35.212 Y43.699 E3.67551
G1 X35.673 Y42.641 E3.73102
G1 X35.896 Y41.889 E3.76875
G1 X36.045 Y41.119 E3.80647
G1 X36.125 Y39.993 E3.86076
G1 X36.125 Y-7.575 E6.14862
G1 X39.133 Y-7.575 E6.29329
G1 X39.133 Y-6.071 E6.36563
G1 X39.133 Y49.508 E9.03879
G1 X39.133 Y49.508 F7800
G1 X39.519 Y49.953
G1 F3600
G1 X20.741 Y49.953 E9.94195
G1 X20.742 Y49.026 E9.98654
G1 X20.806 Y48.579 E10.00826
G1 X21.015 Y48.168 E10.03044
G1 X21.288 Y47.898 E10.04891
G1 X21.727 Y47.667 E10.07277
G1 X22.083 Y47.606 E10.09014
G1 X28.13 Y47.603 E10.38098
G1 X28.917 Y47.561 E10.41889
G1 X30.019 Y47.363 E10.47274
G1 X31.002 Y47.039 E10.52252
G1 X31.742 Y46.691 E10.56185
G1 X32.392 Y46.296 E10.59843
G1 X33.208 Y45.659 E10.64822
G1 X33.937 Y44.892 E10.69911
G1 X34.417 Y44.275 E10.73671
G1 X34.86 Y43.542 E10.7779
G1 X35.304 Y42.53 E10.83105
G1 X35.518 Y41.814 E10.86699
G1 X35.661 Y41.081 E10.90291
G1 X35.74 Y39.993 E10.95538
G1 X35.74 Y-7.961 E13.2618
G1 X39.519 Y-7.961 E13.44356
G1 X39.519 Y-6.071 E13.53446
G1 X39.519 Y49.893 E16.22613
G1 X39.519 Y49.893 F7800
G1 X39.904 Y50.339
;TYPE:External perimeter
G1 F1800
G1 X20.354 Y50.339 E17.16642
G1 X20.356 Y49.025 E17.22962
G1 X20.407 Y48.622 E17.24916
G1 X20.535 Y48.215 E17.26968
G1 X20.837 Y47.789 E17.2948
G1 X21.216 Y47.472 E17.31856
G1 X21.614 Y47.296 E17.33949
G1 X22.049 Y47.22 E17.36073
G1 X28.13 Y47.218 E17.6532
G1 X28.851 Y47.181 E17.68792
G1 X29.898 Y46.997 E17.73905
G1 X30.881 Y46.673 E17.78883
G1 X31.543 Y46.36 E17.82405
G1 X32.154 Y45.992 E17.85836
G1 X32.988 Y45.339 E17.90931
G1 X33.634 Y44.653 E17.95463
G1 X34.088 Y44.074 E17.99002
G1 X34.507 Y43.386 E18.02876
G1 X34.935 Y42.418 E18.07967
G1 X35.14 Y41.739 E18.11378
G1 X35.277 Y41.043 E18.1479
G1 X35.354 Y39.993 E18.19854
G1 X35.354 Y-8.346 E20.52348
G1 X39.904 Y-8.346 E20.74232
G1 X39.904 Y-6.071 E20.85174
G1 X39.904 Y50.279 E23.56198
G1 X39.509 Y50.338 F7800
G1 E21.56198 F2400
G92 E0
G1 X34.675 Y45.046 F7800
G1 E2 F2400
;TYPE:Internal infill
;WIDTH:0.45
G1 F4800
G1 X35.403 Y43.957 E2.063
G1 X35.817 Y43.044 E2.11122
G1 X38.844 Y46.071 E2.31711
G1 X38.844 Y45.609 E2.33933
G1 X31.353 Y47.616 E2.71233
G1 X30.224 Y48.006 E2.76978
G1 X29.263 Y48.176 E2.81672
G1 X25.148 Y49.278 E3.02161
G1 X22.551 Y49.278 E3.14652
G1 X22.818 Y48.28 E3.19621
G1 X24.691 Y48.279 E3.28629
G1 X25.69 Y49.278 E3.35424
G1 E1.35424 F2400
G92 E0
G1 X25.69 Y49.278 F7800
G1 X28.816 Y48.246
G1 E2 F2400
G1 F4800
G1 X28.539 Y49.278 E2.05139
G1 X30.853 Y49.278 E2.16269
G1 E.16269 F2400
G92 E0
G1 X30.853 Y49.278 F7800
G1 X31.939 Y47.346
G1 E2 F2400
G1 F4800
G1 X33.871 Y49.278 E2.13141
G1 X34.528 Y49.278 E2.16301
G1 X38.844 Y33.171 E2.96503
G1 X38.844 Y29.711 E3.13144
G1 X36.415 Y27.282 E3.29666
G1 X36.415 Y28.295 E3.34538
G1 X38.844 Y27.644 E3.46633
G1 X38.844 Y25.33 E3.57763
G1 E1.57763 F2400
G92 E0
G1 X38.844 Y25.33 F7800
G1 X36.415 Y19.101
G1 E2 F2400
G1 F4800
G1 X38.844 Y21.531 E2.16525
G1 X38.844 Y21.655 E2.17121
G1 X36.415 Y22.306 E2.29216
G1 X36.415 Y19.887 E2.40851
G1 X38.844 Y10.822 E2.85989
G1 X38.844 Y9.679 E2.91486
G1 X36.415 Y10.33 E3.03581
G1 X36.415 Y10.921 E3.06424
G1 X38.844 Y13.35 E3.22946
G1 X38.844 Y15.667 E3.3409
G1 X36.415 Y16.318 E3.46185
G1 X36.415 Y14.004 E3.57315
G1 E1.57315 F2400
G92 E0
G1 X36.415 Y14.004 F7800
G1 X36.415 Y6.655
G1 E2 F2400
G1 F4800
G1 X36.415 Y4.341 E2.1113
G1 X38.844 Y3.69 E2.23225
G1 X38.844 Y5.17 E2.30343
G1 X36.415 Y2.741 E2.46865
G1 X36.415 Y.427 E2.57995
G1 E.57995 F2400
G92 E0
G1 X36.415 Y.427 F7800
G1 X38.844 Y-6.109
G1 E2 F2400
G1 F4800
G1 X38.844 Y-7.286 E2.05661
G1 X37.707 Y-7.286 E2.1113
G1 X36.415 Y-2.461 E2.35154
G1 X36.415 Y-1.647 E2.39069
G1 X38.844 Y-2.298 E2.51164
G1 X38.844 Y-3.01 E2.54588
G1 X36.415 Y-5.439 E2.7111
G1 X36.415 Y-7.286 E2.79993
G1 X36.882 Y-7.286 E2.82239
G1 E.82239 F2400
G92 E0
G1 X36.882 Y-7.286 F7800
G1 X38.844 Y33.632
G1 E2 F2400
G1 F4800
G1 X36.415 Y34.283 E2.12095
G1 X36.415 Y35.462 E2.17766
G1 X38.844 Y37.891 E2.34288
G1 X38.844 Y39.62 E2.42604
G1 X36.406 Y40.274 E2.54745
G1 X36.415 Y37.96 E2.65875
;LAYER_CHANGE
;Z:9.65
;HEIGHT:0.299999
G1 Z9.65 F7800
G1 E.65875 F2400
G92 E0
G1 X36.415 Y37.96 F7800
G1 X39.133 Y49.568
G1 E2 F2400
;TYPE:Perimeter
;WIDTH:0.45
G1 F3600
G1 X21.127 Y49.568 E2.86603
G1 X21.136 Y48.934 E2.89653
G1 X21.252 Y48.514 E2.91749
G1 X21.456 Y48.254 E2.93338
G1 X21.752 Y48.078 E2.94994
G1 X22.116 Y47.991 E2.96794
G1 X28.13 Y47.989 E3.25719
G1 X28.96 Y47.945 E3.29717
G1 X29.735 Y47.825 E3.33489
G1 X30.496 Y47.63 E3.37267
G1 X31.232 Y47.361 E3.41036
G1 X31.94 Y47.021 E3.44814
G1 X32.629 Y46.6 E3.48698
G1 X33.533 Y45.885 E3.54242
G1 X34.239 Y45.131 E3.5921
G1 X34.752 Y44.469 E3.63238
G1 X35.212 Y43.699 E3.67552
G1 X35.673 Y42.641 E3.73103
G1 X35.896 Y41.889 E3.76876
G1 X36.047 Y41.096 E3.80759
G1 X36.125 Y39.993 E3.86077
G1 X36.125 Y-7.575 E6.14863
G1 X39.133 Y-7.575 E6.2933
G1 X39.133 Y-6.071 E6.36564
G1 X39.133 Y49.508 E9.0388
G1 X39.133 Y49.508 F7800
G1 X39.519 Y49.953
G1 F3600
G1 X20.741 Y49.953 E9.94196
G1 X20.742 Y49.025 E9.98659
G1 X20.805 Y48.584 E10.00802
G1 X21.023 Y48.157 E10.03108
G1 X21.285 Y47.901 E10.0487
G1 X21.727 Y47.667 E10.07275
G1 X22.083 Y47.606 E10.09012
G1 X28.13 Y47.603 E10.38096
G1 X28.903 Y47.563 E10.41819
G1 X29.641 Y47.451 E10.45409
G1 X30.366 Y47.266 E10.49008
G1 X31.068 Y47.012 E10.52599
G1 X31.742 Y46.691 E10.5619
G1 X32.392 Y46.296 E10.59848
G1 X33.208 Y45.659 E10.64827
G1 X33.936 Y44.893 E10.6991
G1 X34.422 Y44.268 E10.73718
G1 X34.86 Y43.542 E10.77796
G1 X35.304 Y42.53 E10.83111
G1 X35.518 Y41.814 E10.86705
G1 X35.662 Y41.067 E10.90364
G1 X35.74 Y39.993 E10.95543
G1 X35.74 Y-7.961 E13.26185
G1 X39.519 Y-7.961 E13.44361
G1 X39.519 Y-6.071 E13.53451
G1 X39.519 Y49.893 E16.22618
G1 X39.519 Y49.893 F7800
G1 X39.904 Y50.339
;TYPE:External perimeter
G1 F1800
G1 X20.354 Y50.339 E17.16647
G1 X20.356 Y49.025 E17.22967
G1 X20.405 Y48.635 E17.24858
G1 X20.565 Y48.155 E17.27292
G1 X20.802 Y47.827 E17.29238
G1 X21.216 Y47.472 E17.31861
G1 X21.614 Y47.296 E17.33954
G1 X22.049 Y47.22 E17.36078
G1 X28.13 Y47.218 E17.65325
G1 X28.847 Y47.182 E17.68778
G1 X29.548 Y47.077 E17.72187
G1 X30.236 Y46.903 E17.756
G1 X30.903 Y46.664 E17.79008
G1 X31.543 Y46.36 E17.82416
G1 X32.154 Y45.992 E17.85847
G1 X32.988 Y45.339 E17.90942
G1 X33.633 Y44.654 E17.95467
G1 X34.093 Y44.067 E17.99054
G1 X34.507 Y43.386 E18.02887
G1 X34.935 Y42.418 E18.07978
G1 X35.14 Y41.739 E18.11389
G1 X35.277 Y41.039 E18.1482
G1 X35.354 Y39.993 E18.19865
G1 X35.354 Y-8.346 E20.52359
G1 X39.904 Y-8.346 E20.74243
G1 X39.904 Y-6.071 E20.85185
G1 X39.904 Y50.279 E23.56209
G1 X39.509 Y50.338 F7800
G1 E21.56209 F2400
G92 E0
G1 X34.674 Y45.046 F7800
G1 E2 F2400
;TYPE:Internal infill
;WIDTH:0.45
G1 F4800
G1 X35.404 Y43.956 E2.0631
G1 X35.817 Y43.044 E2.11125
G1 X38.844 Y46.071 E2.31714
G1 X38.844 Y45.609 E2.33936
G1 X31.367 Y47.612 E2.71166
G1 X30.479 Y47.937 E2.75714
G1 X29.352 Y48.176 E2.81255
G1 X30.853 Y49.278 F7800
G1 F4800
G1 X28.539 Y49.278 E2.92385
G1 X28.816 Y48.246 E2.97524
G1 X29.161 Y48.203 E2.99196
G1 X25.148 Y49.278 E3.19178
G1 X22.551 Y49.278 E3.31669
G1 X22.818 Y48.28 E3.36638
G1 X24.691 Y48.279 E3.45646
G1 X25.69 Y49.278 E3.52441
G1 E1.52441 F2400
G92 E0
G1 X25.69 Y49.278 F7800
G1 X31.939 Y47.347
G1 E2 F2400
G1 F4800
G1 X33.871 Y49.278 E2.13138
G1 X34.528 Y49.278 E2.16298
G1 X38.844 Y33.171 E2.965
G1 X38.844 Y29.711 E3.13141
G1 X36.415 Y27.282 E3.29663
G1 X36.415 Y28.295 E3.34535
G1 X38.844 Y27.644 E3.4663
G1 X38.844 Y25.33 E3.5776
G1 E1.5776 F2400
G92 E0
G1 X38.844 Y25.33 F7800
G1 X36.415 Y19.101
G1 E2 F2400
G1 F4800
G1 X38.844 Y21.531 E2.16525
G1 X38.844 Y21.655 E2.17121
G1 X36.415 Y22.306 E2.29216
G1 X36.415 Y19.887 E2.40851
G1 X38.844 Y10.822 E2.85989
G1 X38.844 Y9.679 E2.91486
G1 X36.415 Y10.33 E3.03581
G1 X36.415 Y10.921 E3.06424
G1 X38.844 Y13.35 E3.22946
G1 X38.844 Y15.667 E3.3409
G1 X36.415 Y16.318 E3.46185
G1 X36.415 Y14.004 E3.57315
G1 E1.57315 F2400
G92 E0
G1 X36.415 Y14.004 F7800
G1 X36.415 Y6.655
G1 E2 F2400
G1 F4800
G1 X36.415 Y4.341 E2.1113
G1 X38.844 Y3.69 E2.23225
G1 X38.844 Y5.17 E2.30343
G1 X36.415 Y2.741 E2.46865
G1 X36.415 Y.427 E2.57995
G1 E.57995 F2400
G92 E0
G1 X36.415 Y.427 F7800
G1 X38.844 Y-6.109
G1 E2 F2400
G1 F4800
G1 X38.844 Y-7.286 E2.05661
G1 X37.707 Y-7.286 E2.1113
G1 X36.415 Y-2.461 E2.35154
G1 X36.415 Y-1.647 E2.39069
G1 X38.844 Y-2.298 E2.51164
G1 X38.844 Y-3.01 E2.54588
G1 X36.415 Y-5.439 E2.7111
G1 X36.415 Y-7.286 E2.79993
G1 X36.882 Y-7.286 E2.82239
G1 E.82239 F2400
G92 E0
G1 X36.882 Y-7.286 F7800
G1 X38.844 Y33.632
G1 E2 F2400
G1 F4800
G1 X36.415 Y34.283 E2.12095
G1 X36.415 Y35.462 E2.17766
G1 X38.844 Y37.891 E2.34288
G1 X38.844 Y39.62 E2.42604
G1 X36.393 Y40.277 E2.54809
G1 X36.415 Y37.964 E2.65934
;LAYER_CHANGE
;Z:9.95
;HEIGHT:0.3
G1 Z9.95 F7800
G1 E.65934 F2400
G92 E0
G1 X36.415 Y37.964 F7800
G1 X39.133 Y49.568
G1 E2 F2400
;TYPE:Perimeter
;WIDTH:0.45
G1 F3600
G1 X21.127 Y49.568 E2.86603
G1 X21.136 Y48.934 E2.89653
G1 X21.252 Y48.513 E2.91753
G1 X21.457 Y48.254 E2.93342
G1 X21.752 Y48.078 E2.94994
G1 X22.116 Y47.991 E2.96794
G1 X28.13 Y47.989 E3.25719
G1 X28.96 Y47.945 E3.29717
G1 X29.735 Y47.825 E3.33489
G1 X30.496 Y47.63 E3.37267
G1 X31.232 Y47.361 E3.41036
G1 X31.94 Y47.021 E3.44814
G1 X32.629 Y46.6 E3.48698
G1 X33.533 Y45.885 E3.54242
G1 X34.231 Y45.14 E3.59152
G1 X34.803 Y44.395 E3.6367
G1 X35.212 Y43.699 E3.67553
G1 X35.673 Y42.641 E3.73104
G1 X35.9 Y41.87 E3.7697
G1 X36.081 Y40.81 E3.82142
G1 X36.125 Y39.993 E3.86077
G1 X36.125 Y-7.575 E6.14863
G1 X39.133 Y-7.575 E6.2933
G1 X39.133 Y-6.071 E6.36564
G1 X39.133 Y49.508 E9.0388
G1 X39.133 Y49.508 F7800
G1 X39.519 Y49.953
G1 F3600
G1 X20.741 Y49.953 E9.94196
G1 X20.742 Y49.025 E9.98659
G1 X20.805 Y48.584 E10.00802
G1 X21.021 Y48.158 E10.03099
G1 X21.285 Y47.901 E10.04871
G1 X21.727 Y47.667 E10.07276
G1 X22.083 Y47.606 E10.09013
G1 X28.13 Y47.603 E10.38097
G1 X28.903 Y47.563 E10.4182
G1 X29.641 Y47.451 E10.4541
G1 X30.366 Y47.266 E10.49009
G1 X31.068 Y47.012 E10.526
G1 X31.742 Y46.691 E10.56191
G1 X32.392 Y46.296 E10.59849
G1 X33.208 Y45.659 E10.64828
G1 X33.927 Y44.903 E10.69846
G1 X34.472 Y44.197 E10.74136
G1 X34.86 Y43.542 E10.77798
G1 X35.304 Y42.53 E10.83113
G1 X35.52 Y41.803 E10.86761
G1 X35.696 Y40.788 E10.91716
G1 X35.74 Y39.993 E10.95546
G1 X35.74 Y-7.961 E13.26188
G1 X39.519 Y-7.961 E13.44364
G1 X39.519 Y-6.071 E13.53454
G1 X39.519 Y49.893 E16.22621
G1 X39.519 Y49.893 F7800
G1 X39.904 Y50.339
;TYPE:External perimeter
G1 F1800
G1 X20.354 Y50.339 E17.1665
G1 X20.356 Y49.025 E17.2297
G1 X20.405 Y48.635 E17.24861
G1 X20.566 Y48.154 E17.27301
G1 X20.801 Y47.828 E17.29234
G1 X21.216 Y47.472 E17.31864
G1 X21.614 Y47.296 E17.33957
G1 X22.049 Y47.22 E17.36081
G1 X28.13 Y47.218 E17.65328
G1 X28.847 Y47.182 E17.68781
G1 X29.548 Y47.077 E17.7219
G1 X30.236 Y46.903 E17.75603
G1 X30.903 Y46.664 E17.79011
G1 X31.543 Y46.36 E17.82419
G1 X32.154 Y45.992 E17.8585
G1 X32.988 Y45.339 E17.90945
G1 X33.623 Y44.666 E17.95395
G1 X34.142 Y43.999 E17.9946
G1 X34.507 Y43.386 E18.02891
G1 X34.935 Y42.418 E18.07982
G1 X35.14 Y41.735 E18.11412
G1 X35.311 Y40.767 E18.1614
G1 X35.354 Y39.993 E18.19868
G1 X35.354 Y-8.346 E20.52362
G1 X39.904 Y-8.346 E20.74246
G1 X39.904 Y-6.071 E20.85188
G1 X39.904 Y50.279 E23.56212
G1 X39.509 Y50.338 F7800
G1 E21.56212 F2400
G92 E0
G1 X34.673 Y45.044 F7800
G1 E2 F2400
;TYPE:Internal infill
;WIDTH:0.45
G1 F4800
G1 X35.408 Y43.948 E2.06347
G1 X35.817 Y43.044 E2.11119
G1 X38.844 Y46.071 E2.31708
G1 X38.844 Y45.609 E2.3393
G1 X31.367 Y47.612 E2.7116
G1 X30.479 Y47.937 E2.75708
G1 X29.352 Y48.176 E2.81249
G1 X30.853 Y49.278 F7800
G1 F4800
G1 X28.539 Y49.278 E2.92379
G1 X28.816 Y48.246 E2.97518
G1 X29.161 Y48.203 E2.9919
G1 X25.148 Y49.278 E3.19172
G1 X22.551 Y49.278 E3.31663
G1 X22.818 Y48.28 E3.36632
G1 X24.691 Y48.279 E3.4564
G1 X25.69 Y49.278 E3.52435
G1 E1.52435 F2400
G92 E0
G1 X25.69 Y49.278 F7800
G1 X31.939 Y47.347
G1 E2 F2400
G1 F4800
G1 X33.871 Y49.278 E2.13138
G1 X34.528 Y49.278 E2.16298
G1 X38.844 Y33.171 E2.965
G1 X38.844 Y29.711 E3.13141
G1 X36.415 Y27.282 E3.29663
G1 X36.415 Y28.295 E3.34535
G1 X38.844 Y27.644 E3.4663
G1 X38.844 Y25.33 E3.5776
G1 E1.5776 F2400
G92 E0
G1 X38.844 Y25.33 F7800
G1 X36.415 Y19.101
G1 E2 F2400
G1 F4800
G1 X38.844 Y21.531 E2.16525
G1 X38.844 Y21.655 E2.17121
G1 X36.415 Y22.306 E2.29216
G1 X36.415 Y19.887 E2.40851
G1 X38.844 Y10.822 E2.85989
G1 X38.844 Y9.679 E2.91486
G1 X36.415 Y10.33 E3.03581
G1 X36.415 Y10.921 E3.06424
G1 X38.844 Y13.35 E3.22946
G1 X38.844 Y15.667 E3.3409
G1 X36.415 Y16.318 E3.46185
G1 X36.415 Y14.004 E3.57315
G1 E1.57315 F2400
G92 E0
G1 X36.415 Y14.004 F7800
G1 X36.415 Y6.655
G1 E2 F2400
G1 F4800
G1 X36.415 Y4.341 E2.1113
G1 X38.844 Y3.69 E2.23225
G1 X38.844 Y5.17 E2.30343
G1 X36.415 Y2.741 E2.46865
G1 X36.415 Y.427 E2.57995
G1 E.57995 F2400
G92 E0
G1 X36.415 Y.427 F7800
G1 X38.844 Y-6.109
G1 E2 F2400
G1 F4800
G1 X38.844 Y-7.286 E2.05661
G1 X37.707 Y-7.286 E2.1113
G1 X36.415 Y-2.461 E2.35154
G1 X36.415 Y-1.647 E2.39069
G1 X38.844 Y-2.298 E2.51164
G1 X38.844 Y-3.01 E2.54588
G1 X36.415 Y-5.439 E2.7111
G1 X36.415 Y-7.286 E2.79993
G1 X36.882 Y-7.286 E2.82239
G1 E.82239 F2400
G92 E0
G1 X36.882 Y-7.286 F7800
G1 X38.844 Y33.632
G1 E2 F2400
G1 F4800
G1 X36.415 Y34.283 E2.12095
G1 X36.415 Y35.462 E2.17766
G1 X38.844 Y37.891 E2.34288
G1 X38.844 Y39.62 E2.42604
G1 X36.397 Y40.276 E2.54789
G1 X36.415 Y37.963 E2.65914
;LAYER_CHANGE
;Z:10.25
;HEIGHT:0.3
G1 Z10.25 F7800
G1 E.65914 F2400
G92 E0
G1 X36.415 Y37.963 F7800
G1 X39.133 Y49.568
G1 E2 F2400
;TYPE:Perimeter
;WIDTH:0.45
G1 F3600
G1 X21.127 Y49.568 E2.86603
G1 X21.136 Y48.934 E2.89653
G1 X21.252 Y48.513 E2.91753
G1 X21.457 Y48.254 E2.93342
G1 X21.752 Y48.078 E2.94994
G1 X22.116 Y47.991 E2.96794
G1 X28.13 Y47.989 E3.25719
G1 X28.96 Y47.945 E3.29717
G1 X29.758 Y47.819 E3.33603
G1 X30.755 Y47.543 E3.38579
G1 X31.835 Y47.076 E3.44238
G1 X32.629 Y46.6 E3.48691
G1 X33.444 Y45.963 E3.53666
G1 X34.293 Y45.083 E3.59547
G1 X34.803 Y44.395 E3.63666
G1 X35.212 Y43.699 E3.67549
G1 X35.673 Y42.641 E3.731
G1 X35.896 Y41.889 E3.76873
G1 X36.045 Y41.119 E3.80645
G1 X36.125 Y39.993 E3.86074
G1 X36.125 Y-7.575 E6.1486
G1 X39.133 Y-7.575 E6.29327
G1 X39.133 Y-6.071 E6.36561
G1 X39.133 Y49.508 E9.03877
G1 X39.133 Y49.508 F7800
G1 X39.519 Y49.953
G1 F3600
G1 X20.741 Y49.953 E9.94193
G1 X20.742 Y49.025 E9.98656
G1 X20.805 Y48.584 E10.00799
G1 X21.02 Y48.16 E10.03085
G1 X21.286 Y47.9 E10.04874
G1 X21.727 Y47.667 E10.07273
G1 X22.083 Y47.606 E10.0901
G1 X28.13 Y47.603 E10.38094
G1 X28.903 Y47.563 E10.41817
G1 X29.655 Y47.447 E10.45477
G1 X30.652 Y47.171 E10.50453
G1 X31.679 Y46.723 E10.55842
G1 X32.392 Y46.296 E10.59839
G1 X33.207 Y45.659 E10.64814
G1 X33.984 Y44.851 E10.70206
G1 X34.472 Y44.197 E10.74131
G1 X34.86 Y43.542 E10.77793
G1 X35.304 Y42.53 E10.83108
G1 X35.518 Y41.814 E10.86702
G1 X35.661 Y41.081 E10.90294
G1 X35.74 Y39.993 E10.95541
G1 X35.74 Y-7.961 E13.26183
G1 X39.519 Y-7.961 E13.44359
G1 X39.519 Y-6.071 E13.53449
G1 X39.519 Y49.893 E16.22616
G1 X39.519 Y49.893 F7800
G1 X39.904 Y50.339
;TYPE:External perimeter
G1 F1800
G1 X20.354 Y50.339 E17.16645
G1 X20.356 Y49.025 E17.22965
G1 X20.405 Y48.635 E17.24856
G1 X20.566 Y48.154 E17.27296
G1 X20.799 Y47.83 E17.29215
G1 X21.216 Y47.472 E17.31858
G1 X21.614 Y47.296 E17.33951
G1 X22.049 Y47.22 E17.36075
G1 X28.13 Y47.218 E17.65322
G1 X28.847 Y47.182 E17.68775
G1 X29.552 Y47.076 E17.72204
G1 X30.576 Y46.79 E17.77318
G1 X31.543 Y46.36 E17.82408
G1 X32.154 Y45.992 E17.85839
G1 X32.991 Y45.337 E17.90951
G1 X33.676 Y44.62 E17.9572
G1 X34.142 Y43.999 E17.99454
G1 X34.507 Y43.386 E18.02885
G1 X34.935 Y42.418 E18.07976
G1 X35.14 Y41.739 E18.11387
G1 X35.277 Y41.043 E18.14799
G1 X35.354 Y39.993 E18.19863
G1 X35.354 Y-8.346 E20.52357
G1 X39.904 Y-8.346 E20.74241
G1 X39.904 Y-6.071 E20.85183
G1 X39.904 Y50.279 E23.56207
G1 X39.509 Y50.338 F7800
G1 E21.56207 F2400
G92 E0
G1 X34.677 Y45.048 F7800
G1 E2 F2400
;TYPE:Internal infill
;WIDTH:0.45
G1 F4800
G1 X35.049 Y44.548 E2.02997
G1 X35.474 Y43.821 E2.07047
G1 X35.818 Y43.046 E2.11125
G1 X38.844 Y46.071 E2.31704
G1 X38.844 Y45.609 E2.33926
G1 X31.245 Y47.645 E2.71764
G1 X30.838 Y47.82 E2.73895
G1 X29.72 Y48.124 E2.79467
G1 X29.352 Y48.176 E2.81255
G1 X30.853 Y49.278 F7800
G1 F4800
G1 X28.539 Y49.278 E2.92385
G1 X28.816 Y48.246 E2.97524
G1 X29.161 Y48.203 E2.99196
G1 X25.148 Y49.278 E3.19178
G1 X22.551 Y49.278 E3.31669
G1 X22.818 Y48.28 E3.36638
G1 X24.691 Y48.279 E3.45646
G1 X25.69 Y49.278 E3.52441
G1 E1.52441 F2400
G92 E0
G1 X25.69 Y49.278 F7800
G1 X31.938 Y47.346
G1 E2 F2400
G1 F4800
G1 X33.871 Y49.278 E2.13145
G1 X34.528 Y49.278 E2.16305
G1 X38.844 Y33.171 E2.96507
G1 X38.844 Y29.711 E3.13148
G1 X36.415 Y27.282 E3.2967
G1 X36.415 Y28.295 E3.34542
G1 X38.844 Y27.644 E3.46637
G1 X38.844 Y25.33 E3.57767
G1 E1.57767 F2400
G92 E0
G1 X38.844 Y25.33 F7800
G1 X36.415 Y19.101
G1 E2 F2400
G1 F4800
G1 X38.844 Y21.531 E2.16525
G1 X38.844 Y21.655 E2.17121
G1 X36.415 Y22.306 E2.29216
G1 X36.415 Y19.887 E2.40851
G1 X38.844 Y10.822 E2.85989
G1 X38.844 Y9.679 E2.91486
G1 X36.415 Y10.33 E3.03581
G1 X36.415 Y10.921 E3.06424
G1 X38.844 Y13.35 E3.22946
G1 X38.844 Y15.667 E3.3409
G1 X36.415 Y16.318 E3.46185
G1 X36.415 Y14.004 E3.57315
G1 E1.57315 F2400
G92 E0
G1 X36.415 Y14.004 F7800
G1 X36.415 Y6.655
G1 E2 F2400
G1 F4800
G1 X36.415 Y4.341 E2.1113
G1 X38.844 Y3.69 E2.23225
G1 X38.844 Y5.17 E2.30343
G1 X36.415 Y2.741 E2.46865
G1 X36.415 Y.427 E2.57995
G1 E.57995 F2400
G92 E0
G1 X36.415 Y.427 F7800
G1 X38.844 Y-6.109
G1 E2 F2400
G1 F4800
G1 X38.844 Y-7.286 E2.05661
G1 X37.707 Y-7.286 E2.1113
G1 X36.415 Y-2.461 E2.35154
G1 X36.415 Y-1.647 E2.39069
G1 X38.844 Y-2.298 E2.51164
G1 X38.844 Y-3.01 E2.54588
G1 X36.415 Y-5.439 E2.7111
G1 X36.415 Y-7.286 E2.79993
G1 X36.882 Y-7.286 E2.82239
G1 E.82239 F2400
G92 E0
G1 X36.882 Y-7.286 F7800
G1 X38.844 Y33.632
G1 E2 F2400
G1 F4800
G1 X36.415 Y34.283 E2.12095
G1 X36.415 Y35.462 E2.17766
G1 X38.844 Y37.891 E2.34288
G1 X38.844 Y39.62 E2.42604
G1 X36.406 Y40.274 E2.54745
G1 X36.415 Y37.96 E2.65875
;LAYER_CHANGE
;Z:10.55
;HEIGHT:0.3
G1 Z10.55 F7800
G1 E.65875 F2400
G92 E0
G1 X36.415 Y37.96 F7800
G1 X39.133 Y49.568
G1 E2 F2400
;TYPE:Perimeter
;WIDTH:0.45
G1 F3600
G1 X21.127 Y49.568 E2.86603
G1 X21.128 Y48.98 E2.89431
G1 X21.225 Y48.565 E2.91481
G1 X21.458 Y48.252 E2.93358
G1 X21.752 Y48.078 E2.95001
G1 X22.116 Y47.991 E2.96801
G1 X28.13 Y47.989 E3.25726
G1 X28.96 Y47.945 E3.29724
G1 X29.735 Y47.825 E3.33496
G1 X30.496 Y47.63 E3.37274
G1 X31.232 Y47.361 E3.41043
G1 X31.94 Y47.021 E3.44821
G1 X32.629 Y46.6 E3.48705
G1 X33.533 Y45.885 E3.54249
G1 X34.231 Y45.14 E3.59159
G1 X34.803 Y44.395 E3.63677
G1 X35.212 Y43.699 E3.6756
G1 X35.673 Y42.641 E3.73111
G1 X35.896 Y41.889 E3.76884
G1 X36.047 Y41.096 E3.80767
G1 X36.125 Y39.993 E3.86085
G1 X36.125 Y-7.575 E6.14871
G1 X39.133 Y-7.575 E6.29338
G1 X39.133 Y-6.071 E6.36572
G1 X39.133 Y49.508 E9.03888
G1 X39.133 Y49.508 F7800
G1 X39.519 Y49.953
G1 F3600
G1 X20.741 Y49.953 E9.94204
G1 X20.742 Y49.026 E9.98663
G1 X20.806 Y48.578 E10.0084
G1 X21.015 Y48.167 E10.03058
G1 X21.288 Y47.898 E10.04901
G1 X21.727 Y47.667 E10.07287
G1 X22.083 Y47.606 E10.09024
G1 X28.13 Y47.603 E10.38108
G1 X28.903 Y47.563 E10.41831
G1 X29.641 Y47.451 E10.45421
G1 X30.366 Y47.266 E10.4902
G1 X31.068 Y47.012 E10.52611
G1 X31.742 Y46.691 E10.56202
G1 X32.392 Y46.296 E10.5986
G1 X33.208 Y45.659 E10.64839
G1 X33.927 Y44.903 E10.69857
G1 X34.472 Y44.197 E10.74147
G1 X34.86 Y43.542 E10.77809
G1 X35.304 Y42.53 E10.83124
G1 X35.518 Y41.814 E10.86718
G1 X35.662 Y41.067 E10.90377
G1 X35.74 Y39.993 E10.95556
G1 X35.74 Y-7.961 E13.26198
G1 X39.519 Y-7.961 E13.44374
G1 X39.519 Y-6.071 E13.53464
G1 X39.519 Y49.893 E16.22631
G1 X39.519 Y49.893 F7800
G1 X39.904 Y50.339
;TYPE:External perimeter
G1 F1800
G1 X20.354 Y50.339 E17.1666
G1 X20.356 Y49.025 E17.2298
G1 X20.407 Y48.622 E17.24934
G1 X20.531 Y48.223 E17.26944
G1 X20.837 Y47.789 E17.29498
G1 X21.216 Y47.472 E17.31874
G1 X21.614 Y47.296 E17.33967
G1 X22.049 Y47.22 E17.36091
G1 X28.13 Y47.218 E17.65338
G1 X28.847 Y47.182 E17.68791
G1 X29.548 Y47.077 E17.722
G1 X30.236 Y46.903 E17.75613
G1 X30.903 Y46.664 E17.79021
G1 X31.543 Y46.36 E17.82429
G1 X32.154 Y45.992 E17.8586
G1 X32.988 Y45.339 E17.90955
G1 X33.623 Y44.666 E17.95405
G1 X34.142 Y43.999 E17.9947
G1 X34.507 Y43.386 E18.02901
G1 X34.935 Y42.418 E18.07992
G1 X35.14 Y41.739 E18.11403
G1 X35.277 Y41.039 E18.14834
G1 X35.354 Y39.993 E18.19879
G1 X35.354 Y-8.346 E20.52373
G1 X39.904 Y-8.346 E20.74257
G1 X39.904 Y-6.071 E20.85199
G1 X39.904 Y50.279 E23.56223
G1 X39.509 Y50.338 F7800
G1 E21.56223 F2400
G92 E0
G1 X34.673 Y45.044 F7800
G1 E2 F2400
;TYPE:Internal infill
;WIDTH:0.45
G1 F4800
G1 X35.408 Y43.948 E2.06347
G1 X35.817 Y43.044 E2.11119
G1 X38.844 Y46.071 E2.31708
G1 X38.844 Y45.609 E2.3393
G1 X31.367 Y47.612 E2.7116
G1 X30.479 Y47.937 E2.75708
G1 X29.352 Y48.176 E2.81249
G1 X30.853 Y49.278 F7800
G1 F4800
G1 X28.539 Y49.278 E2.92379
G1 X28.816 Y48.246 E2.97518
G1 X29.161 Y48.203 E2.9919
G1 X25.148 Y49.278 E3.19172
G1 X22.551 Y49.278 E3.31663
G1 X22.818 Y48.28 E3.36632
G1 X24.691 Y48.279 E3.4564
G1 X25.69 Y49.278 E3.52435
G1 E1.52435 F2400
G92 E0
G1 X25.69 Y49.278 F7800
G1 X31.939 Y47.347
G1 E2 F2400
G1 F4800
G1 X33.871 Y49.278 E2.13138
G1 X34.528 Y49.278 E2.16298
G1 X38.844 Y33.171 E2.965
G1 X38.844 Y29.711 E3.13141
G1 X36.415 Y27.282 E3.29663
G1 X36.415 Y28.295 E3.34535
G1 X38.844 Y27.644 E3.4663
G1 X38.844 Y25.33 E3.5776
G1 E1.5776 F2400
G92 E0
G1 X38.844 Y25.33 F7800
G1 X36.415 Y19.101
G1 E2 F2400
G1 F4800
G1 X38.844 Y21.531 E2.16525
G1 X38.844 Y21.655 E2.17121
G1 X36.415 Y22.306 E2.29216
G1 X36.415 Y19.887 E2.40851
G1 X38.844 Y10.822 E2.85989
G1 X38.844 Y9.679 E2.91486
G1 X36.415 Y10.33 E3.03581
G1 X36.415 Y10.921 E3.06424
G1 X38.844 Y13.35 E3.22946
G1 X38.844 Y15.667 E3.3409
G1 X36.415 Y16.318 E3.46185
G1 X36.415 Y14.004 E3.57315
G1 E1.57315 F2400
G92 E0
G1 X36.415 Y14.004 F7800
G1 X36.415 Y6.655
G1 E2 F2400
G1 F4800
G1 X36.415 Y4.341 E2.1113
G1 X38.844 Y3.69 E2.23225
G1 X38.844 Y5.17 E2.30343
G1 X36.415 Y2.741 E2.46865
G1 X36.415 Y.427 E2.57995
G1 E.57995 F2400
G92 E0
G1 X36.415 Y.427 F7800
G1 X38.844 Y-6.109
G1 E2 F2400
G1 F4800
G1 X38.844 Y-7.286 E2.05661
G1 X37.707 Y-7.286 E2.1113
G1 X36.415 Y-2.461 E2.35154
G1 X36.415 Y-1.647 E2.39069
G1 X38.844 Y-2.298 E2.51164
G1 X38.844 Y-3.01 E2.54588
G1 X36.415 Y-5.439 E2.7111
G1 X36.415 Y-7.286 E2.79993
G1 X36.882 Y-7.286 E2.82239
G1 E.82239 F2400
G92 E0
G1 X36.882 Y-7.286 F7800
G1 X38.844 Y33.632
G1 E2 F2400
G1 F4800
G1 X36.415 Y34.283 E2.12095
G1 X36.415 Y35.462 E2.17766
G1 X38.844 Y37.891 E2.34288
G1 X38.844 Y39.62 E2.42604
G1 X36.393 Y40.277 E2.54809
G1 X36.415 Y37.964 E2.65934
;LAYER_CHANGE
;Z:10.85
;HEIGHT:0.3
G1 Z10.85 F7800
G1 E.65934 F2400
G92 E0
G1 X36.415 Y37.964 F7800
G1 X39.133 Y49.568
G1 E2 F2400
;TYPE:Perimeter
;WIDTH:0.45
G1 F3600
G1 X21.127 Y49.568 E2.86603
G1 X21.128 Y48.98 E2.89431
G1 X21.224 Y48.567 E2.9147
G1 X21.458 Y48.252 E2.93357
G1 X21.752 Y48.078 E2.95
G1 X22.116 Y47.991 E2.968
G1 X28.13 Y47.989 E3.25725
G1 X28.96 Y47.945 E3.29723
G1 X29.735 Y47.825 E3.33495
G1 X30.496 Y47.63 E3.37273
G1 X31.232 Y47.361 E3.41042
G1 X31.94 Y47.021 E3.4482
G1 X32.629 Y46.6 E3.48704
G1 X33.533 Y45.885 E3.54248
G1 X34.235 Y45.135 E3.59189
G1 X34.772 Y44.44 E3.63413
G1 X35.212 Y43.699 E3.67558
G1 X35.673 Y42.641 E3.73109
G1 X35.896 Y41.889 E3.76882
G1 X36.045 Y41.119 E3.80654
G1 X36.125 Y39.993 E3.86083
G1 X36.125 Y-7.575 E6.14869
G1 X39.133 Y-7.575 E6.29336
G1 X39.133 Y-6.071 E6.3657
G1 X39.133 Y49.508 E9.03886
G1 X39.133 Y49.508 F7800
G1 X39.519 Y49.953
G1 F3600
G1 X20.741 Y49.953 E9.94202
G1 X20.742 Y49.025 E9.98665
G1 X20.806 Y48.578 E10.00837
G1 X21.015 Y48.167 E10.03055
G1 X21.288 Y47.898 E10.04898
G1 X21.727 Y47.667 E10.07284
G1 X22.083 Y47.606 E10.09021
G1 X28.13 Y47.603 E10.38105
G1 X28.903 Y47.563 E10.41828
G1 X29.641 Y47.451 E10.45418
G1 X30.366 Y47.266 E10.49017
G1 X31.068 Y47.012 E10.52608
G1 X31.742 Y46.691 E10.56199
G1 X32.392 Y46.296 E10.59857
G1 X33.208 Y45.659 E10.64836
G1 X33.932 Y44.897 E10.69891
G1 X34.442 Y44.24 E10.73891
G1 X34.86 Y43.542 E10.77804
G1 X35.304 Y42.53 E10.83119
G1 X35.518 Y41.814 E10.86713
G1 X35.661 Y41.081 E10.90305
G1 X35.74 Y39.993 E10.95552
G1 X35.74 Y-7.961 E13.26194
G1 X39.519 Y-7.961 E13.4437
G1 X39.519 Y-6.071 E13.5346
G1 X39.519 Y49.893 E16.22627
G1 X39.519 Y49.893 F7800
G1 X39.904 Y50.339
;TYPE:External perimeter
G1 F1800
G1 X20.354 Y50.339 E17.16656
G1 X20.356 Y49.025 E17.22976
G1 X20.407 Y48.622 E17.2493
G1 X20.53 Y48.225 E17.26929
G1 X20.837 Y47.789 E17.29494
G1 X21.216 Y47.472 E17.3187
G1 X21.614 Y47.296 E17.33963
G1 X22.049 Y47.22 E17.36087
G1 X28.13 Y47.218 E17.65334
G1 X28.847 Y47.182 E17.68787
G1 X29.548 Y47.077 E17.72196
G1 X30.236 Y46.903 E17.75609
G1 X30.903 Y46.664 E17.79017
G1 X31.543 Y46.36 E17.82425
G1 X32.154 Y45.992 E17.85856
G1 X32.988 Y45.339 E17.90951
G1 X33.629 Y44.659 E17.95446
G1 X34.113 Y44.04 E17.99225
G1 X34.507 Y43.386 E18.02897
G1 X34.935 Y42.418 E18.07988
G1 X35.14 Y41.739 E18.11399
G1 X35.277 Y41.043 E18.14811
G1 X35.354 Y39.993 E18.19875
G1 X35.354 Y-8.346 E20.52369
G1 X39.904 Y-8.346 E20.74253
G1 X39.904 Y-6.071 E20.85195
G1 X39.904 Y50.279 E23.56219
G1 X39.509 Y50.338 F7800
G1 E21.56219 F2400
G92 E0
G1 X34.674 Y45.045 F7800
G1 E2 F2400
;TYPE:Internal infill
;WIDTH:0.45
G1 F4800
G1 X35.405 Y43.953 E2.0632
G1 X35.817 Y43.044 E2.1112
G1 X38.844 Y46.071 E2.31709
G1 X38.844 Y45.609 E2.33931
G1 X31.367 Y47.612 E2.71161
G1 X30.479 Y47.937 E2.75709
G1 X29.352 Y48.176 E2.8125
G1 X30.853 Y49.278 F7800
G1 F4800
G1 X28.539 Y49.278 E2.9238
G1 X28.816 Y48.246 E2.97519
G1 X29.161 Y48.203 E2.99191
G1 X25.148 Y49.278 E3.19173
G1 X22.551 Y49.278 E3.31664
G1 X22.818 Y48.28 E3.36633
G1 X24.691 Y48.279 E3.45641
G1 X25.69 Y49.278 E3.52436
G1 E1.52436 F2400
G92 E0
G1 X25.69 Y49.278 F7800
G1 X31.939 Y47.347
G1 E2 F2400
G1 F4800
G1 X33.871 Y49.278 E2.13138
G1 X34.528 Y49.278 E2.16298
G1 X38.844 Y33.171 E2.965
G1 X38.844 Y29.711 E3.13141
G1 X36.415 Y27.282 E3.29663
G1 X36.415 Y28.295 E3.34535
G1 X38.844 Y27.644 E3.4663
G1 X38.844 Y25.33 E3.5776
G1 E1.5776 F2400
G92 E0
G1 X38.844 Y25.33 F7800
G1 X36.415 Y19.101
G1 E2 F2400
G1 F4800
G1 X38.844 Y21.531 E2.16525
G1 X38.844 Y21.655 E2.17121
G1 X36.415 Y22.306 E2.29216
G1 X36.415 Y19.887 E2.40851
G1 X38.844 Y10.822 E2.85989
G1 X38.844 Y9.679 E2.91486
G1 X36.415 Y10.33 E3.03581
G1 X36.415 Y10.921 E3.06424
G1 X38.844 Y13.35 E3.22946
G1 X38.844 Y15.667 E3.3409
G1 X36.415 Y16.318 E3.46185
G1 X36.415 Y14.004 E3.57315
G1 E1.57315 F2400
G92 E0
G1 X36.415 Y14.004 F7800
G1 X36.415 Y6.655
G1 E2 F2400
G1 F4800
G1 X36.415 Y4.341 E2.1113
G1 X38.844 Y3.69 E2.23225
G1 X38.844 Y5.17 E2.30343
G1 X36.415 Y2.741 E2.46865
G1 X36.415 Y.427 E2.57995
G1 E.57995 F2400
G92 E0
G1 X36.415 Y.427 F7800
G1 X38.844 Y-6.109
G1 E2 F2400
G1 F4800
G1 X38.844 Y-7.286 E2.05661
G1 X37.707 Y-7.286 E2.1113
G1 X36.415 Y-2.461 E2.35154
G1 X36.415 Y-1.647 E2.39069
G1 X38.844 Y-2.298 E2.51164
G1 X38.844 Y-3.01 E2.54588
G1 X36.415 Y-5.439 E2.7111
G1 X36.415 Y-7.286 E2.79993
G1 X36.882 Y-7.286 E2.82239
G1 E.82239 F2400
G92 E0
G1 X36.882 Y-7.286 F7800
G1 X38.844 Y33.632
G1 E2 F2400
G1 F4800
G1 X36.415 Y34.283 E2.12095
G1 X36.415 Y35.462 E2.17766
G1 X38.844 Y37.891 E2.34288
G1 X38.844 Y39.62 E2.42604
G1 X36.406 Y40.274 E2.54745
G1 X36.415 Y37.96 E2.65875
;LAYER_CHANGE
;Z:11.15
;HEIGHT:0.299999
G1 Z11.15 F7800
G1 E.65875 F2400
G92 E0
G1 X36.415 Y37.96 F7800
G1 X39.133 Y49.568
G1 E2 F2400
;TYPE:Perimeter
;WIDTH:0.45
G1 F3600
G1 X21.127 Y49.568 E2.86603
G1 X21.128 Y48.98 E2.89431
G1 X21.224 Y48.568 E2.91466
G1 X21.458 Y48.252 E2.93357
G1 X21.752 Y48.078 E2.95
G1 X22.116 Y47.991 E2.968
G1 X28.13 Y47.989 E3.25725
G1 X28.96 Y47.945 E3.29723
G1 X29.735 Y47.825 E3.33495
G1 X30.496 Y47.63 E3.37273
G1 X31.232 Y47.361 E3.41042
G1 X31.94 Y47.021 E3.4482
G1 X32.629 Y46.6 E3.48704
G1 X33.533 Y45.885 E3.54248
G1 X34.235 Y45.136 E3.59185
G1 X34.777 Y44.432 E3.63458
G1 X35.212 Y43.699 E3.67558
G1 X35.673 Y42.641 E3.73109
G1 X35.896 Y41.889 E3.76882
G1 X36.047 Y41.096 E3.80765
G1 X36.125 Y39.993 E3.86083
G1 X36.125 Y-7.575 E6.14869
G1 X39.133 Y-7.575 E6.29336
G1 X39.133 Y-6.071 E6.3657
G1 X39.133 Y49.508 E9.03886
G1 X39.133 Y49.508 F7800
G1 X39.519 Y49.953
G1 F3600
G1 X20.741 Y49.953 E9.94202
G1 X20.742 Y49.026 E9.98661
G1 X20.806 Y48.578 E10.00838
G1 X21.015 Y48.167 E10.03056
G1 X21.288 Y47.898 E10.04899
G1 X21.727 Y47.667 E10.07285
G1 X22.083 Y47.606 E10.09022
G1 X28.13 Y47.603 E10.38106
G1 X28.903 Y47.563 E10.41829
G1 X29.641 Y47.451 E10.45419
G1 X30.366 Y47.266 E10.49018
G1 X31.068 Y47.012 E10.52609
G1 X31.742 Y46.691 E10.562
G1 X32.392 Y46.296 E10.59858
G1 X33.208 Y45.659 E10.64837
G1 X33.931 Y44.898 E10.69886
G1 X34.447 Y44.233 E10.73934
G1 X34.86 Y43.542 E10.77806
G1 X35.304 Y42.53 E10.83121
G1 X35.518 Y41.814 E10.86715
G1 X35.662 Y41.067 E10.90374
G1 X35.74 Y39.993 E10.95553
G1 X35.74 Y-7.961 E13.26195
G1 X39.519 Y-7.961 E13.44371
G1 X39.519 Y-6.071 E13.53461
G1 X39.519 Y49.893 E16.22628
G1 X39.519 Y49.893 F7800
G1 X39.904 Y50.339
;TYPE:External perimeter
G1 F1800
G1 X20.354 Y50.339 E17.16657
G1 X20.356 Y49.025 E17.22977
G1 X20.407 Y48.622 E17.24931
G1 X20.529 Y48.227 E17.26919
G1 X20.802 Y47.828 E17.29244
G1 X21.216 Y47.472 E17.3187
G1 X21.614 Y47.296 E17.33963
G1 X22.049 Y47.22 E17.36087
G1 X28.13 Y47.218 E17.65334
G1 X28.847 Y47.182 E17.68787
G1 X29.548 Y47.077 E17.72196
G1 X30.236 Y46.903 E17.75609
G1 X30.903 Y46.664 E17.79017
G1 X31.543 Y46.36 E17.82425
G1 X32.154 Y45.992 E17.85856
G1 X32.988 Y45.339 E17.90951
G1 X33.628 Y44.66 E17.95439
G1 X34.117 Y44.033 E17.99263
G1 X34.507 Y43.386 E18.02896
G1 X34.935 Y42.418 E18.07987
G1 X35.14 Y41.739 E18.11398
G1 X35.277 Y41.039 E18.14829
G1 X35.354 Y39.993 E18.19874
G1 X35.354 Y-8.346 E20.52368
G1 X39.904 Y-8.346 E20.74252
G1 X39.904 Y-6.071 E20.85194
G1 X39.904 Y50.279 E23.56218
G1 X39.509 Y50.338 F7800
G1 E21.56218 F2400
G92 E0
G1 X34.673 Y45.045 F7800
G1 E2 F2400
;TYPE:Internal infill
;WIDTH:0.45
G1 F4800
G1 X35.406 Y43.952 E2.0633
G1 X35.817 Y43.044 E2.11124
G1 X38.844 Y46.071 E2.31713
G1 X38.844 Y45.609 E2.33935
G1 X31.367 Y47.612 E2.71165
G1 X30.479 Y47.937 E2.75713
G1 X29.352 Y48.176 E2.81254
G1 X30.853 Y49.278 F7800
G1 F4800
G1 X28.539 Y49.278 E2.92384
G1 X28.816 Y48.246 E2.97523
G1 X29.161 Y48.203 E2.99195
G1 X25.148 Y49.278 E3.19177
G1 X22.551 Y49.278 E3.31668
G1 X22.818 Y48.28 E3.36637
G1 X24.691 Y48.279 E3.45645
G1 X25.69 Y49.278 E3.5244
G1 E1.5244 F2400
G92 E0
G1 X25.69 Y49.278 F7800
G1 X31.939 Y47.347
G1 E2 F2400
G1 F4800
G1 X33.871 Y49.278 E2.13138
G1 X34.528 Y49.278 E2.16298
G1 X38.844 Y33.171 E2.965
G1 X38.844 Y29.711 E3.13141
G1 X36.415 Y27.282 E3.29663
G1 X36.415 Y28.295 E3.34535
G1 X38.844 Y27.644 E3.4663
G1 X38.844 Y25.33 E3.5776
G1 E1.5776 F2400
G92 E0
G1 X38.844 Y25.33 F7800
G1 X36.415 Y19.101
G1 E2 F2400
G1 F4800
G1 X38.844 Y21.531 E2.16525
G1 X38.844 Y21.655 E2.17121
G1 X36.415 Y22.306 E2.29216
G1 X36.415 Y19.887 E2.40851
G1 X38.844 Y10.822 E2.85989
G1 X38.844 Y9.679 E2.91486
G1 X36.415 Y10.33 E3.03581
G1 X36.415 Y10.921 E3.06424
G1 X38.844 Y13.35 E3.22946
G1 X38.844 Y15.667 E3.3409
G1 X36.415 Y16.318 E3.46185
G1 X36.415 Y14.004 E3.57315
G1 E1.57315 F2400
G92 E0
G1 X36.415 Y14.004 F7800
G1 X36.415 Y6.655
G1 E2 F2400
G1 F4800
G1 X36.415 Y4.341 E2.1113
G1 X38.844 Y3.69 E2.23225
G1 X38.844 Y5.17 E2.30343
G1 X36.415 Y2.741 E2.46865
G1 X36.415 Y.427 E2.57995
G1 E.57995 F2400
G92 E0
G1 X36.415 Y.427 F7800
G1 X38.844 Y-6.109
G1 E2 F2400
G1 F4800
G1 X38.844 Y-7.286 E2.05661
G1 X37.707 Y-7.286 E2.1113
G1 X36.415 Y-2.461 E2.35154
G1 X36.415 Y-1.647 E2.39069
G1 X38.844 Y-2.298 E2.51164
G1 X38.844 Y-3.01 E2.54588
G1 X36.415 Y-5.439 E2.7111
G1 X36.415 Y-7.286 E2.79993
G1 X36.882 Y-7.286 E2.82239
G1 E.82239 F2400
G92 E0
G1 X36.882 Y-7.286 F7800
G1 X38.844 Y33.632
G1 E2 F2400
G1 F4800
G1 X36.415 Y34.283 E2.12095
G1 X36.415 Y35.462 E2.17766
G1 X38.844 Y37.891 E2.34288
G1 X38.844 Y39.62 E2.42604
G1 X36.393 Y40.277 E2.54809
G1 X36.415 Y37.964 E2.65934
;LAYER_CHANGE
;Z:11.45
;HEIGHT:0.3
G1 Z11.45 F7800
G1 E.65934 F2400
G92 E0
G1 X36.415 Y37.964 F7800
G1 X39.133 Y49.568
G1 E2 F2400
;TYPE:Perimeter
;WIDTH:0.45
G1 F3600
G1 X21.127 Y49.568 E2.86603
G1 X21.136 Y48.934 E2.89653
G1 X21.252 Y48.512 E2.91758
G1 X21.458 Y48.253 E2.9335
G1 X21.752 Y48.078 E2.94996
G1 X22.116 Y47.991 E2.96796
G1 X28.13 Y47.989 E3.25721
G1 X28.96 Y47.945 E3.29719
G1 X29.735 Y47.825 E3.33491
G1 X30.496 Y47.63 E3.37269
G1 X31.232 Y47.361 E3.41038
G1 X31.94 Y47.021 E3.44816
G1 X32.61 Y46.614 E3.48586
G1 X33.255 Y46.127 E3.52473
G1 X34.004 Y45.414 E3.57447
G1 X34.782 Y44.425 E3.63499
G1 X35.212 Y43.699 E3.67557
G1 X35.673 Y42.641 E3.73108
G1 X35.896 Y41.889 E3.76881
G1 X36.045 Y41.119 E3.80653
G1 X36.125 Y39.993 E3.86082
G1 X36.125 Y-7.575 E6.14868
G1 X39.133 Y-7.575 E6.29335
G1 X39.133 Y-6.071 E6.36569
G1 X39.133 Y49.508 E9.03885
G1 X39.133 Y49.508 F7800
G1 X39.519 Y49.953
G1 F3600
G1 X20.741 Y49.953 E9.94201
G1 X20.742 Y49.025 E9.98664
G1 X20.805 Y48.584 E10.00807
G1 X21.015 Y48.166 E10.03057
G1 X21.287 Y47.899 E10.0489
G1 X21.727 Y47.667 E10.07282
G1 X22.083 Y47.606 E10.09019
G1 X28.13 Y47.603 E10.38103
G1 X28.903 Y47.563 E10.41826
G1 X29.641 Y47.451 E10.45416
G1 X30.366 Y47.266 E10.49015
G1 X31.068 Y47.012 E10.52606
G1 X31.741 Y46.691 E10.56192
G1 X32.381 Y46.304 E10.59789
G1 X32.989 Y45.848 E10.63444
G1 X33.738 Y45.134 E10.68421
G1 X34.452 Y44.226 E10.73977
G1 X34.86 Y43.542 E10.77808
G1 X35.304 Y42.53 E10.83123
G1 X35.518 Y41.814 E10.86717
G1 X35.661 Y41.081 E10.90309
G1 X35.74 Y39.993 E10.95556
G1 X35.74 Y-7.961 E13.26198
G1 X39.519 Y-7.961 E13.44374
G1 X39.519 Y-6.071 E13.53464
G1 X39.519 Y49.893 E16.22631
G1 X39.519 Y49.893 F7800
G1 X39.904 Y50.339
;TYPE:External perimeter
G1 F1800
G1 X20.354 Y50.339 E17.1666
G1 X20.356 Y49.025 E17.2298
G1 X20.405 Y48.635 E17.24871
G1 X20.566 Y48.154 E17.27311
G1 X20.838 Y47.788 E17.29504
G1 X21.216 Y47.472 E17.31874
G1 X21.614 Y47.296 E17.33967
G1 X22.049 Y47.22 E17.36091
G1 X28.13 Y47.218 E17.65338
G1 X28.847 Y47.182 E17.68791
G1 X29.548 Y47.077 E17.722
G1 X30.236 Y46.903 E17.75613
G1 X30.903 Y46.664 E17.79021
G1 X31.543 Y46.36 E17.82429
G1 X32.151 Y45.995 E17.8584
G1 X32.723 Y45.568 E17.89273
G1 X33.472 Y44.855 E17.94247
G1 X34.122 Y44.026 E17.99314
G1 X34.507 Y43.386 E18.02906
G1 X34.935 Y42.418 E18.07997
G1 X35.14 Y41.739 E18.11408
G1 X35.277 Y41.043 E18.1482
G1 X35.354 Y39.993 E18.19884
G1 X35.354 Y-8.346 E20.52378
G1 X39.904 Y-8.346 E20.74262
G1 X39.904 Y-6.071 E20.85204
G1 X39.904 Y50.279 E23.56228
G1 X39.509 Y50.338 F7800
G1 E21.56228 F2400
G92 E0
G1 X34.673 Y45.045 F7800
G1 E2 F2400
;TYPE:Internal infill
;WIDTH:0.45
G1 F4800
G1 X35.406 Y43.951 E2.06334
G1 X35.817 Y43.044 E2.11123
G1 X38.844 Y46.071 E2.31712
G1 X38.844 Y45.609 E2.33934
G1 X31.367 Y47.612 E2.71164
G1 X30.479 Y47.937 E2.75712
G1 X29.352 Y48.176 E2.81253
G1 X30.853 Y49.278 F7800
G1 F4800
G1 X28.539 Y49.278 E2.92383
G1 X28.816 Y48.246 E2.97522
G1 X29.161 Y48.203 E2.99194
G1 X25.148 Y49.278 E3.19176
G1 X22.551 Y49.278 E3.31667
G1 X22.818 Y48.28 E3.36636
G1 X24.691 Y48.279 E3.45644
G1 X25.69 Y49.278 E3.52439
G1 E1.52439 F2400
G92 E0
G1 X25.69 Y49.278 F7800
G1 X31.939 Y47.347
G1 E2 F2400
G1 F4800
G1 X33.871 Y49.278 E2.13138
G1 X34.528 Y49.278 E2.16298
G1 X38.844 Y33.171 E2.965
G1 X38.844 Y29.711 E3.13141
G1 X36.415 Y27.282 E3.29663
G1 X36.415 Y28.295 E3.34535
G1 X38.844 Y27.644 E3.4663
G1 X38.844 Y25.33 E3.5776
G1 E1.5776 F2400
G92 E0
G1 X38.844 Y25.33 F7800
G1 X36.415 Y19.101
G1 E2 F2400
G1 F4800
G1 X38.844 Y21.531 E2.16525
G1 X38.844 Y21.655 E2.17121
G1 X36.415 Y22.306 E2.29216
G1 X36.415 Y19.887 E2.40851
G1 X38.844 Y10.822 E2.85989
G1 X38.844 Y9.679 E2.91486
G1 X36.415 Y10.33 E3.03581
G1 X36.415 Y10.921 E3.06424
G1 X38.844 Y13.35 E3.22946
G1 X38.844 Y15.667 E3.3409
G1 X36.415 Y16.318 E3.46185
G1 X36.415 Y14.004 E3.57315
G1 E1.57315 F2400
G92 E0
G1 X36.415 Y14.004 F7800
G1 X36.415 Y6.655
G1 E2 F2400
G1 F4800
G1 X36.415 Y4.341 E2.1113
G1 X38.844 Y3.69 E2.23225
G1 X38.844 Y5.17 E2.30343
G1 X36.415 Y2.741 E2.46865
G1 X36.415 Y.427 E2.57995
G1 E.57995 F2400
G92 E0
G1 X36.415 Y.427 F7800
G1 X38.844 Y-6.109
G1 E2 F2400
G1 F4800
G1 X38.844 Y-7.286 E2.05661
G1 X37.707 Y-7.286 E2.1113
G1 X36.415 Y-2.461 E2.35154
G1 X36.415 Y-1.647 E2.39069
G1 X38.844 Y-2.298 E2.51164
G1 X38.844 Y-3.01 E2.54588
G1 X36.415 Y-5.439 E2.7111
G1 X36.415 Y-7.286 E2.79993
G1 X36.882 Y-7.286 E2.82239
G1 E.82239 F2400
G92 E0
G1 X36.882 Y-7.286 F7800
G1 X38.844 Y33.632
G1 E2 F2400
G1 F4800
G1 X36.415 Y34.283 E2.12095
G1 X36.415 Y35.462 E2.17766
G1 X38.844 Y37.891 E2.34288
G1 X38.844 Y39.62 E2.42604
G1 X36.406 Y40.274 E2.54745
G1 X36.415 Y37.96 E2.65875
;LAYER_CHANGE
;Z:11.75
;HEIGHT:0.3
G1 Z11.75 F7800
G1 E.65875 F2400
G92 E0
G1 X36.415 Y37.96 F7800
G1 X39.133 Y49.568
G1 E2 F2400
;TYPE:Perimeter
;WIDTH:0.45
G1 F3600
G1 X21.127 Y49.568 E2.86603
G1 X21.136 Y48.934 E2.89653
G1 X21.252 Y48.511 E2.91763
G1 X21.458 Y48.253 E2.93351
G1 X21.752 Y48.078 E2.94997
G1 X22.116 Y47.991 E2.96797
G1 X28.13 Y47.989 E3.25722
G1 X28.96 Y47.945 E3.2972
G1 X29.735 Y47.825 E3.33492
G1 X30.496 Y47.63 E3.3727
G1 X31.232 Y47.361 E3.41039
G1 X31.94 Y47.021 E3.44817
G1 X32.629 Y46.6 E3.48701
G1 X33.533 Y45.885 E3.54245
G1 X34.233 Y45.138 E3.59169
G1 X34.788 Y44.417 E3.63545
G1 X35.212 Y43.7 E3.67551
G1 X35.663 Y42.667 E3.72972
G1 X35.896 Y41.889 E3.76878
G1 X36.045 Y41.119 E3.8065
G1 X36.125 Y39.993 E3.86079
G1 X36.125 Y-7.575 E6.14865
G1 X39.133 Y-7.575 E6.29332
G1 X39.133 Y-6.071 E6.36566
G1 X39.133 Y49.508 E9.03882
G1 X39.133 Y49.508 F7800
G1 X39.519 Y49.953
G1 F3600
G1 X20.741 Y49.953 E9.94198
G1 X20.742 Y49.025 E9.98661
G1 X20.805 Y48.584 E10.00804
G1 X21.014 Y48.168 E10.03043
G1 X21.287 Y47.899 E10.04886
G1 X21.727 Y47.667 E10.07278
G1 X22.083 Y47.606 E10.09015
G1 X28.13 Y47.603 E10.38099
G1 X28.903 Y47.563 E10.41822
G1 X29.641 Y47.451 E10.45412
G1 X30.366 Y47.266 E10.49011
G1 X31.068 Y47.012 E10.52602
G1 X31.741 Y46.691 E10.56188
G1 X32.392 Y46.296 E10.5985
G1 X33.208 Y45.659 E10.64829
G1 X33.929 Y44.9 E10.69864
G1 X34.457 Y44.218 E10.74012
G1 X34.859 Y43.543 E10.77791
G1 X35.294 Y42.554 E10.82988
G1 X35.518 Y41.814 E10.86707
G1 X35.661 Y41.081 E10.90299
G1 X35.74 Y39.993 E10.95546
G1 X35.74 Y-7.961 E13.26188
G1 X39.519 Y-7.961 E13.44364
G1 X39.519 Y-6.071 E13.53454
G1 X39.519 Y49.893 E16.22621
G1 X39.519 Y49.893 F7800
G1 X39.904 Y50.339
;TYPE:External perimeter
G1 F1800
G1 X20.354 Y50.339 E17.1665
G1 X20.356 Y49.025 E17.2297
G1 X20.405 Y48.635 E17.24861
G1 X20.566 Y48.154 E17.27301
G1 X20.837 Y47.789 E17.29487
G1 X21.216 Y47.472 E17.31863
G1 X21.614 Y47.296 E17.33956
G1 X22.049 Y47.22 E17.3608
G1 X28.13 Y47.218 E17.65327
G1 X28.847 Y47.182 E17.6878
G1 X29.548 Y47.077 E17.72189
G1 X30.236 Y46.903 E17.75602
G1 X30.903 Y46.664 E17.7901
G1 X31.543 Y46.36 E17.82418
G1 X32.154 Y45.992 E17.85849
G1 X32.988 Y45.339 E17.90944
G1 X33.626 Y44.662 E17.95418
G1 X34.127 Y44.019 E17.99339
G1 X34.507 Y43.386 E18.0289
G1 X34.926 Y42.441 E18.07862
G1 X35.14 Y41.739 E18.11392
G1 X35.277 Y41.043 E18.14804
G1 X35.354 Y39.993 E18.19868
G1 X35.354 Y-8.346 E20.52362
G1 X39.904 Y-8.346 E20.74246
G1 X39.904 Y-6.071 E20.85188
G1 X39.904 Y50.279 E23.56212
G1 X39.509 Y50.338 F7800
G1 E21.56212 F2400
G92 E0
G1 X36.945 Y48.893 F7800
G1 E2 F2400
;TYPE:Internal infill
;WIDTH:0.45
G1 F4800
G1 X34.631 Y48.893 E2.1113
G1 X36.135 Y43.279 E2.39084
G1 X36.109 Y43.337 E2.3939
G1 X38.458 Y45.712 E2.55456
G1 X32.96 Y47.185 E2.82832
G1 X32.214 Y47.622 E2.8699
G1 X33.485 Y48.893 E2.95635
G1 X30.287 Y48.893 E3.11016
G1 X30.39 Y49.278 E3.12933
G1 X28.539 Y49.278 E3.21836
G1 X28.816 Y48.246 E3.26975
G1 X29.161 Y48.203 E3.28647
G1 X25.148 Y49.278 E3.48629
G1 X22.551 Y49.278 E3.6112
G1 X22.818 Y48.28 E3.66089
G1 X24.691 Y48.279 E3.75097
G1 X25.69 Y49.278 E3.81892
G1 E1.81892 F2400
G92 E0
G1 X25.69 Y49.278 F7800
G1 X30.789 Y49.278
G1 E2 F2400
;TYPE:Solid infill
;WIDTH:0.450011
G1 F1200
G1 X38.651 Y49.278 E2.37815
;WIDTH:0.483091
G1 X38.731 Y49.262 E2.38241
;WIDTH:0.516171
G1 X38.811 Y49.245 E2.38702
G1 X38.827 Y49.166 E2.39156
;WIDTH:0.48309
G1 X38.844 Y49.086 E2.39583
;WIDTH:0.450011
G1 X38.844 Y-7.093 E5.09792
;WIDTH:0.483093
G1 X38.827 Y-7.173 E5.10219
;WIDTH:0.516175
G1 X38.811 Y-7.253 E5.10679
G1 X38.731 Y-7.269 E5.11139
;WIDTH:0.483093
G1 X38.651 Y-7.286 E5.11566
;WIDTH:0.450011
G1 X36.607 Y-7.286 E5.21397
;WIDTH:0.483092
G1 X36.528 Y-7.269 E5.21819
;WIDTH:0.516173
G1 X36.448 Y-7.253 E5.22279
G1 X36.431 Y-7.173 E5.2274
;WIDTH:0.483092
G1 X36.415 Y-7.093 E5.23166
;WIDTH:0.450011
G1 X36.414 Y39.99 E7.49625
;WIDTH:0.449653
G1 X36.322 Y41.206 E7.55485
;WIDTH:0.448967
G1 X36.152 Y42.051 E7.59619
;WIDTH:0.448349
G1 X35.901 Y42.854 E7.63648
;WIDTH:0.449937
G1 X35.475 Y43.811 E7.68685
;WIDTH:0.462641
G1 X34.981 Y44.629 E7.73432
G1 X34.388 Y45.409 E7.78299
;WIDTH:0.449941
G1 X33.944 Y45.879 E7.81408
;WIDTH:0.430429
G1 X33.339 Y46.417 E7.85104
;WIDTH:0.432367
G1 X32.662 Y46.914 E7.88959
;WIDTH:0.436333
G1 X31.988 Y47.315 E7.92597
;WIDTH:0.449955
G1 X30.977 Y47.762 E7.97913
;WIDTH:0.460723
G1 X30.436 Y47.943 E8.00733
G1 E6.00733 F2400
G92 E0
G1 X30.436 Y47.943 F7800
G1 X36.214 Y43.103
G1 E2 F2400
;TYPE:Internal infill
;WIDTH:0.45
G1 F4800
G1 X36.524 Y42.16 E2.04774
G1 X36.715 Y41.115 E2.09883
G1 X38.458 Y34.61 E2.42273
G1 X38.458 Y33.735 E2.46481
G1 X36.8 Y34.18 E2.54738
G1 X36.8 Y35.848 E2.62761
G1 X38.458 Y37.505 E2.74035
G1 X38.458 Y39.724 E2.84708
G1 X36.788 Y40.171 E2.93023
G1 E.93023 F2400
G92 E0
G1 X36.788 Y40.171 F7800
G1 X38.458 Y31.639
G1 E2 F2400
G1 F4800
G1 X38.458 Y29.325 E2.1113
G1 X36.8 Y27.667 E2.22408
G1 X36.8 Y28.191 E2.24928
G1 X38.458 Y27.747 E2.33183
G1 X38.458 Y25.433 E2.44313
G1 X38.458 Y25.433 F7800
G1 X36.8 Y24.517
G1 F4800
G1 X36.8 Y22.203 E2.55443
G1 X38.458 Y21.759 E2.63698
G1 X38.458 Y21.145 E2.66651
G1 X36.8 Y19.487 E2.77929
G1 X36.8 Y18.448 E2.82926
G1 X38.458 Y12.261 E3.13733
G1 X38.458 Y9.782 E3.25656
G1 X36.8 Y10.226 E3.33911
G1 X36.8 Y11.307 E3.3911
G1 X38.458 Y12.965 E3.50388
G1 X38.458 Y12.965 F7800
G1 X36.8 Y13.901
G1 F4800
G1 X36.8 Y16.215 E3.61518
G1 X38.458 Y15.77 E3.69775
G1 X38.458 Y18.084 E3.80905
G1 E1.80905 F2400
G92 E0
G1 X36.8 Y6.552 F7800
G1 E2 F2400
G1 F4800
G1 X36.8 Y4.238 E2.1113
G1 X38.458 Y3.794 E2.19385
G1 X38.458 Y4.785 E2.24151
G1 X36.8 Y3.127 E2.35429
G1 X36.8 Y.813 E2.46559
G1 E.46559 F2400
G92 E0
G1 X36.8 Y.813 F7800
G1 X36.8 Y-5.054
G1 E2 F2400
G1 F4800
G1 X38.458 Y-3.396 E2.11278
G1 X38.458 Y-2.195 E2.17054
G1 X36.8 Y-1.75 E2.25311
G1 X36.8 Y-3.901 E2.35657
G1 X37.604 Y-6.9 E2.50591
G1 X38.458 Y-6.9 E2.54698
G1 X38.458 Y-5.441 E2.61715
;LAYER_CHANGE
;Z:12.05
;HEIGHT:0.3
G1 Z12.05 F7800
G1 E.61715 F2400
G92 E0
G1 X38.458 Y-5.441 F7800
G1 X39.133 Y49.568
G1 E2 F2400
;TYPE:Perimeter
;WIDTH:0.45
G1 F3600
G1 X21.127 Y49.568 E2.86603
G1 X21.128 Y48.98 E2.89431
G1 X21.221 Y48.586 E2.91378
G1 X21.408 Y48.307 E2.92993
G1 X21.78 Y48.057 E2.95149
G1 X22.105 Y47.991 E2.96744
G1 X28.592 Y47.973 E3.27944
G1 X29.758 Y47.819 E3.33601
G1 X30.755 Y47.543 E3.38577
G1 X31.611 Y47.189 E3.43032
G1 X32.511 Y46.678 E3.4801
G1 X33.238 Y46.143 E3.52351
G1 X33.816 Y45.613 E3.56123
G1 X34.339 Y45.028 E3.59897
G1 X34.803 Y44.395 E3.63672
G1 X35.212 Y43.699 E3.67555
G1 X35.673 Y42.642 E3.73101
G1 X35.896 Y41.89 E3.76874
G1 X36.044 Y41.114 E3.80674
G1 X36.125 Y39.993 E3.8608
G1 X36.125 Y-7.575 E6.14866
G1 X39.133 Y-7.575 E6.29333
G1 X39.133 Y-6.071 E6.36567
G1 X39.133 Y49.508 E9.03883
G1 X39.133 Y49.508 F7800
G1 X39.519 Y49.953
G1 F3600
G1 X20.741 Y49.953 E9.94199
G1 X20.742 Y49.026 E9.98658
G1 X20.805 Y48.584 E10.00805
G1 X20.966 Y48.249 E10.02593
G1 X21.24 Y47.931 E10.04612
G1 X21.618 Y47.704 E10.06733
G1 X22.077 Y47.606 E10.0899
G1 X28.545 Y47.59 E10.40099
G1 X29.655 Y47.447 E10.45482
G1 X30.653 Y47.171 E10.50462
G1 X31.421 Y46.853 E10.5446
G1 X32.321 Y46.343 E10.59435
G1 X32.979 Y45.857 E10.63369
G1 X33.53 Y45.354 E10.66957
G1 X34.03 Y44.798 E10.70553
G1 X34.472 Y44.197 E10.74141
G1 X34.86 Y43.542 E10.77803
G1 X35.304 Y42.53 E10.83118
G1 X35.518 Y41.814 E10.86712
G1 X35.659 Y41.085 E10.90283
G1 X35.74 Y39.993 E10.9555
G1 X35.74 Y-7.961 E13.26192
G1 X39.519 Y-7.961 E13.44368
G1 X39.519 Y-6.071 E13.53458
G1 X39.519 Y49.893 E16.22625
G1 X39.519 Y49.893 F7800
G1 X39.904 Y50.339
;TYPE:External perimeter
G1 F1800
G1 X20.354 Y50.339 E17.16654
G1 X20.356 Y49.025 E17.22974
G1 X20.432 Y48.476 E17.2564
G1 X20.646 Y48.035 E17.27998
G1 X21 Y47.625 E17.30603
G1 X21.591 Y47.307 E17.33831
G1 X22.048 Y47.22 E17.36068
G1 X28.474 Y47.209 E17.66975
G1 X29.552 Y47.076 E17.72199
G1 X30.572 Y46.792 E17.77291
G1 X31.23 Y46.518 E17.80719
G1 X32.131 Y46.007 E17.85701
G1 X32.72 Y45.571 E17.89226
G1 X33.245 Y45.095 E17.92634
G1 X33.72 Y44.569 E17.96043
G1 X34.142 Y43.999 E17.99454
G1 X34.507 Y43.386 E18.02885
G1 X34.935 Y42.418 E18.07976
G1 X35.14 Y41.739 E18.11387
G1 X35.275 Y41.056 E18.14736
G1 X35.354 Y39.993 E18.19863
G1 X35.354 Y-8.346 E20.52357
G1 X39.904 Y-8.346 E20.74241
G1 X39.904 Y-6.071 E20.85183
G1 X39.904 Y50.279 E23.56207
G1 X39.509 Y50.338 F7800
G1 E21.56207 F2400
G92 E0
G1 X30.419 Y47.759 F7800
G1 E2 F2400
;TYPE:Bridge infill
;WIDTH:0.406977
;HEIGHT:0.4
G1 F3600
G1 X30.818 Y49.246 E2.08327
G1 X31.291 Y49.246 E2.10885
G1 X30.91 Y47.825 E2.18842
G1 X31.336 Y47.649 E2.21335
G1 X31.764 Y49.246 E2.30277
G1 X32.237 Y49.246 E2.32835
G1 X31.762 Y47.472 E2.42767
G1 X32.172 Y47.24 E2.45315
G1 X32.71 Y49.246 E2.56548
G1 X33.183 Y49.246 E2.59106
G1 X32.583 Y47.007 E2.71643
G1 X32.983 Y46.732 E2.74268
G1 X33.656 Y49.246 E2.88343
G1 X34.129 Y49.246 E2.90901
G1 X33.378 Y46.442 E3.066
G1 X33.76 Y46.101 E3.09369
G1 X34.602 Y49.246 E3.26977
G1 X35.076 Y49.246 E3.29541
G1 X34.134 Y45.734 E3.49206
G1 X34.5 Y45.334 E3.52138
G1 X35.549 Y49.246 E3.74043
G1 X36.022 Y49.246 E3.76601
G1 X34.85 Y44.873 E4.01086
G1 X35.076 Y44.565 E4.03152
G1 X35.189 Y44.372 E4.04362
G1 X36.495 Y49.246 E4.31652
G1 X36.968 Y49.246 E4.3421
G1 X35.512 Y43.814 E4.64625
G1 X35.807 Y43.149 E4.6856
G1 X37.441 Y49.246 E5.02698
G1 X37.914 Y49.246 E5.05256
G1 X36.079 Y42.398 E5.43599
G1 X36.182 Y42.069 E5.45464
G1 X36.305 Y41.475 E5.48745
G1 X38.387 Y49.246 E5.92255
G1 X38.812 Y49.246 E5.94554
G1 X38.812 Y49.064 E5.95538
G1 X36.432 Y40.185 E6.45254
G1 X36.447 Y39.998 E6.46269
G1 X36.447 Y38.473 E6.54517
G1 X38.812 Y47.299 E7.03935
G1 X38.812 Y45.533 E7.13486
G1 X36.447 Y36.708 E7.62899
G1 X36.447 Y34.942 E7.7245
G1 X38.812 Y43.767 E8.21863
G1 X38.812 Y42.002 E8.31409
G1 X36.447 Y33.176 E8.80827
G1 X36.447 Y31.411 E8.90373
G1 X38.812 Y40.236 E9.39786
G1 X38.812 Y38.47 E9.49337
G1 X36.447 Y29.645 E9.9875
G1 X36.447 Y27.88 E10.08296
G1 X38.812 Y36.705 E10.57709
G1 X38.812 Y34.939 E10.6726
G1 X36.447 Y26.114 E11.16673
G1 X36.447 Y24.348 E11.26224
G1 X38.812 Y33.174 E11.75642
G1 X38.812 Y31.408 E11.85193
G1 X36.447 Y22.583 E12.34606
G1 X36.447 Y20.817 E12.44157
G1 X38.812 Y29.642 E12.9357
G1 X38.812 Y27.877 E13.03116
G1 X36.447 Y19.051 E13.52534
G1 X36.447 Y17.286 E13.6208
G1 X38.812 Y26.111 E14.11493
G1 X38.812 Y24.345 E14.21044
G1 X36.447 Y15.52 E14.70457
G1 X36.447 Y13.755 E14.80003
G1 X38.812 Y22.58 E15.29416
G1 X38.812 Y20.814 E15.38967
G1 X36.447 Y11.989 E15.8838
G1 X36.447 Y10.223 E15.97931
G1 X38.812 Y19.049 E16.47349
G1 X38.812 Y17.283 E16.569
G1 X36.447 Y8.458 E17.06313
G1 X36.447 Y6.692 E17.15864
G1 X38.812 Y15.517 E17.65277
G1 X38.812 Y13.752 E17.74823
G1 X36.447 Y4.926 E18.24241
G1 X36.447 Y3.161 E18.33787
G1 X38.812 Y11.986 E18.832
G1 X38.812 Y10.22 E18.92751
G1 X36.447 Y1.395 E19.42164
G1 X36.447 Y-.37 E19.5171
G1 X38.812 Y8.455 E20.01123
G1 X38.812 Y6.689 E20.10674
G1 X36.447 Y-2.136 E20.60087
G1 X36.447 Y-3.902 E20.69638
G1 X38.812 Y4.924 E21.19056
G1 X38.812 Y3.158 E21.28607
G1 X36.447 Y-5.667 E21.7802
G1 X36.447 Y-7.254 E21.86603
G1 X36.495 Y-7.254 E21.86863
G1 X38.812 Y1.392 E22.35273
G1 X38.812 Y-.373 E22.44819
G1 X36.968 Y-7.254 E22.83347
G1 X37.441 Y-7.254 E22.85905
G1 X38.812 Y-2.139 E23.14545
G1 X38.812 Y-3.905 E23.24096
G1 X37.914 Y-7.254 E23.42848
G1 X38.387 Y-7.254 E23.45406
G1 X39.014 Y-4.914 E23.58508
G1 E21.58508 F2400
G92 E0
G1 X39.014 Y-4.914 F7800
G1 X28.61 Y48.612
G1 E2 F2400
;TYPE:Solid infill
;WIDTH:0.383485
;HEIGHT:0.3
G1 F1200
G1 X28.681 Y48.608 E2.00283
;WIDTH:0.414769
G1 X29.232 Y48.551 E2.02704
;WIDTH:0.446053
G1 X29.782 Y48.493 E2.05337
G1 X29.89 Y48.895 E2.07319
G1 X29.126 Y48.911 E2.10957
;WIDTH:0.413211
G1 X28.611 Y48.928 E2.13199
;WIDTH:0.38037
G1 X22.165 Y48.932 E2.38604
;WIDTH:0.370749
G1 X21.793 Y48.934 E2.40026
;WIDTH:0.366806
G1 X21.835 Y48.801 E2.40552
G1 X22.038 Y48.651 E2.41504
;WIDTH:0.370749
G1 X22.164 Y48.626 E2.41995
;WIDTH:0.380082
G1 X28.418 Y48.612 E2.66621
;WIDTH:0.415041
G1 X28.417 Y48.437 E2.67386
;WIDTH:0.45
G1 X28.417 Y48.261 E2.68232
G1 X22.127 Y48.28 E2.98485
G1 X21.872 Y48.349 E2.99756
G1 X21.609 Y48.533 E3.013
G1 X21.487 Y48.745 E3.02476
G1 X21.417 Y49.043 E3.03948
G1 X21.416 Y49.278 E3.05078
G1 X30.39 Y49.278 E3.4824
G1 X30.057 Y48.036 E3.54425
G1 X29.565 Y48.135 E3.56839
G1 X28.609 Y48.261 E3.61477
;LAYER_CHANGE
;Z:12.35
;HEIGHT:0.3
G1 Z12.35 F7800
G1 E1.61477 F2400
G92 E0
G1 X28.609 Y48.261 F7800
G1 X39.133 Y49.568
G1 E2 F2400
;TYPE:Perimeter
G1 F3600
G1 X21.127 Y49.568 E2.86603
G1 X21.128 Y49.026 E2.8921
G1 X21.178 Y48.692 E2.90834
G1 X21.357 Y48.359 E2.92652
G1 X21.658 Y48.112 E2.94525
G1 X22.116 Y47.991 E2.96803
G1 X28.592 Y47.973 E3.2795
G1 X29.735 Y47.825 E3.33493
G1 X30.517 Y47.622 E3.37379
G1 X31.611 Y47.189 E3.43038
G1 X32.511 Y46.678 E3.48016
G1 X33.238 Y46.143 E3.52357
G1 X33.816 Y45.613 E3.56129
G1 X34.339 Y45.028 E3.59903
G1 X34.803 Y44.395 E3.63678
G1 X35.212 Y43.699 E3.67561
G1 X35.673 Y42.642 E3.73107
G1 X35.896 Y41.89 E3.7688
G1 X36.045 Y41.105 E3.80723
G1 X36.125 Y39.993 E3.86085
G1 X36.125 Y-7.575 E6.14871
G1 X39.133 Y-7.575 E6.29338
G1 X39.133 Y-6.071 E6.36572
G1 X39.133 Y49.508 E9.03888
G1 X39.133 Y49.508 F7800
G1 X39.519 Y49.953
G1 F3600
G1 X20.741 Y49.953 E9.94204
G1 X20.742 Y49.025 E9.98667
G1 X20.805 Y48.584 E10.0081
G1 X20.966 Y48.249 E10.02598
G1 X21.25 Y47.921 E10.04685
G1 X21.581 Y47.726 E10.06533
G1 X22.083 Y47.606 E10.09015
G1 X28.545 Y47.59 E10.40095
G1 X29.642 Y47.451 E10.45413
G1 X30.378 Y47.262 E10.49068
G1 X31.421 Y46.853 E10.54456
G1 X32.321 Y46.343 E10.59431
G1 X32.979 Y45.857 E10.63365
G1 X33.53 Y45.354 E10.66953
G1 X34.03 Y44.798 E10.70549
G1 X34.472 Y44.197 E10.74137
G1 X34.86 Y43.542 E10.77799
G1 X35.304 Y42.53 E10.83114
G1 X35.518 Y41.814 E10.86708
G1 X35.661 Y41.076 E10.90324
G1 X35.74 Y39.993 E10.95547
G1 X35.74 Y-7.961 E13.26189
G1 X39.519 Y-7.961 E13.44365
G1 X39.519 Y-6.071 E13.53455
G1 X39.519 Y49.893 E16.22622
G1 X39.519 Y49.893 F7800
G1 X39.904 Y50.339
;TYPE:External perimeter
G1 F1800
G1 X20.354 Y50.339 E17.16651
G1 X20.356 Y49.025 E17.22971
G1 X20.376 Y48.802 E17.24048
G1 X20.494 Y48.327 E17.26402
G1 X20.758 Y47.867 E17.28953
G1 X21.129 Y47.538 E17.31338
G1 X21.612 Y47.296 E17.33936
G1 X22.049 Y47.22 E17.36069
G1 X28.474 Y47.209 E17.66971
G1 X29.525 Y47.081 E17.72063
G1 X30.24 Y46.902 E17.75608
G1 X31.23 Y46.518 E17.80715
G1 X32.131 Y46.007 E17.85697
G1 X32.72 Y45.571 E17.89222
G1 X33.245 Y45.095 E17.9263
G1 X33.72 Y44.569 E17.96039
G1 X34.142 Y43.999 E17.9945
G1 X34.507 Y43.386 E18.02881
G1 X34.935 Y42.418 E18.07972
G1 X35.14 Y41.739 E18.11383
G1 X35.276 Y41.047 E18.14775
G1 X35.354 Y39.993 E18.19858
G1 X35.354 Y-8.346 E20.52352
G1 X39.904 Y-8.346 E20.74236
G1 X39.904 Y-6.071 E20.85178
G1 X39.904 Y50.279 E23.56202
G1 X39.509 Y50.338 F7800
G1 E21.56202 F2400
G92 E0
G1 X21.417 Y49.043 F7800
G1 E2 F2400
;TYPE:Solid infill
G1 F1200
G1 X21.51 Y48.657 E2.0191
G1 X21.624 Y48.518 E2.02775
G1 X21.849 Y48.357 E2.04106
G1 X22.142 Y48.28 E2.05563
G1 X28.61 Y48.261 E2.36672
G1 X29.73 Y48.121 E2.42101
G1 X30.492 Y47.932 E2.45877
G1 X31.734 Y47.449 E2.52286
G1 X32.667 Y46.921 E2.57442
G1 X33.09 Y46.614 E2.59956
G1 X35.755 Y49.278 E2.7808
G1 X21.416 Y49.278 E3.47046
G1 X21.417 Y49.236 E3.47248
G1 X21.79 Y48.937 E3.49547
;WIDTH:0.361847
G1 X21.821 Y48.816 E3.5001
G1 X22.011 Y48.657 E3.50929
;WIDTH:0.370763
G1 X22.185 Y48.626 E3.51604
;WIDTH:0.38036
G1 X28.611 Y48.612 E3.76929
;WIDTH:0.383066
G1 X28.677 Y48.609 E3.77192
;WIDTH:0.416679
G1 X29.216 Y48.559 E3.79571
;WIDTH:0.450293
G1 X29.755 Y48.508 E3.82177
;WIDTH:0.452732
G1 X30.632 Y48.291 E3.86553
;WIDTH:0.45
G1 X31.949 Y47.772 E3.93361
G1 X32.552 Y47.431 E3.96693
G1 X33.051 Y47.119 E3.99524
G1 X34.824 Y48.893 E4.11587
G1 X30.631 Y48.893 E4.31754
;WIDTH:0.450293
G1 X29.238 Y48.91 E4.38459
;WIDTH:0.416679
G1 X28.696 Y48.926 E4.40842
;WIDTH:0.383066
G1 X28.611 Y48.928 E4.4118
;WIDTH:0.38036
G1 X22.185 Y48.932 E4.66505
;WIDTH:0.370763
G1 X21.982 Y48.935 E4.67281
G1 E2.67281 F2400
G92 E0
G1 X21.982 Y48.935 F7800
G1 X31.14 Y48.507
G1 E2 F2400
;WIDTH:0.45
G1 F1200
G1 X32.139 Y48.108 E2.05174
G1 X33.004 Y47.618 E2.09955
G1 X33.893 Y48.507 E2.16002
G1 X31.333 Y48.507 E2.28315
G1 X31.333 Y48.507 F7800
G1 X32.924 Y48.062
;WIDTH:0.470807
G1 F1200
G1 X32.888 Y48.098 E2.28573
G1 X32.901 Y48.147 E2.2883
G1 X32.95 Y48.16 E2.29087
G1 X32.986 Y48.124 E2.29345
G1 X32.973 Y48.075 E2.29602
G1 X32.973 Y48.075 F7800
G1 X33.401 Y46.379
;WIDTH:0.45
G1 F1200
G1 X36.3 Y49.278 E2.49321
G1 X36.846 Y49.278 E2.51947
G1 X33.689 Y46.121 E2.73421
G1 X33.974 Y45.861 E2.75276
G1 X37.391 Y49.278 E2.98518
G1 X37.936 Y49.278 E3.01139
G1 X34.235 Y45.577 E3.26313
G1 X34.495 Y45.292 E3.28168
G1 X38.482 Y49.278 E3.55284
G1 X38.964 Y49.339 E3.57621
;WIDTH:0.404381
G1 X38.975 Y49.38 E3.57801
G1 X38.904 Y49.399 E3.58113
G1 X38.923 Y49.328 E3.58425
;WIDTH:0.45
G1 X38.844 Y49.095 E3.59608
G1 X34.73 Y44.981 E3.87591
G1 X34.961 Y44.667 E3.89466
G1 X38.844 Y48.55 E4.15878
G1 X38.844 Y48.004 E4.18504
G1 X35.174 Y44.334 E4.43467
G1 X35.375 Y43.99 E4.45383
G1 X38.844 Y47.459 E4.68979
G1 X38.844 Y46.914 E4.716
G1 X35.559 Y43.629 E4.93944
G1 X35.727 Y43.251 E4.95934
G1 X38.844 Y46.368 E5.17135
G1 X38.844 Y45.823 E5.19756
G1 X35.894 Y42.874 E5.39818
G1 X36.026 Y42.46 E5.41908
G1 X38.844 Y45.278 E5.61076
G1 X38.844 Y44.732 E5.63702
G1 X36.155 Y42.043 E5.81992
G1 X36.155 Y42.043 F7800
G1 X36.4 Y40.182
G1 F1200
G1 X36.32 Y41.234 E5.87066
G1 X36.239 Y41.634 E5.89029
G1 X36.291 Y41.634 E5.89279
G1 X38.844 Y44.187 E6.06644
G1 X38.844 Y-7.286 E8.54211
G1 X36.415 Y-7.286 E8.65894
G1 X36.415 Y39.99 E10.93275
G1 X36.8 Y39.99 E10.95127
G1 X36.8 Y-6.9 E13.20652
G1 X38.458 Y-6.9 E13.28626
G1 X38.458 Y43.256 E15.69859
G1 X36.667 Y41.465 E15.82041
G1 X36.704 Y41.264 E15.83024
G1 X36.787 Y40.182 E15.88243
G1 X37.174 Y40.182 E15.90104
G1 X37.089 Y41.293 E15.95463
G1 X37.117 Y41.37 E15.95857
G1 X38.072 Y42.325 E16.02353
G1 X38.072 Y-6.515 E18.37256
G1 X37.186 Y-6.515 E18.41517
G1 X37.186 Y39.99 E20.6519
G1 X37.186 Y39.99 F7800
G1 X37.587 Y41.152
;WIDTH:0.650219
G1 F1200
G1 X37.607 Y40.625 E20.69044
;WIDTH:0.609861
G1 X37.627 Y40.097 E20.72639
;WIDTH:0.569503
G1 X37.629 Y39.99 E20.73313
;WIDTH:0.565383
G1 X37.629 Y-6.071 E23.61138
;LAYER_CHANGE
;Z:12.65
;HEIGHT:0.299999
G1 Z12.65 F7800
G1 E21.61138 F2400
G92 E0
G1 X37.629 Y-6.071 F7800
G1 X39.133 Y49.568
G1 E2 F2400
;TYPE:Perimeter
;WIDTH:0.45
G1 F3600
G1 X21.127 Y49.568 E2.86603
G1 X21.136 Y48.935 E2.89648
G1 X21.253 Y48.51 E2.91768
G1 X21.458 Y48.252 E2.93353
G1 X21.752 Y48.078 E2.94996
G1 X22.116 Y47.991 E2.96796
G1 X28.13 Y47.989 E3.25721
G1 X28.96 Y47.945 E3.29719
G1 X29.735 Y47.825 E3.33491
G1 X30.496 Y47.63 E3.37269
G1 X31.232 Y47.361 E3.41038
G1 X31.94 Y47.021 E3.44816
G1 X32.629 Y46.6 E3.487
G1 X33.533 Y45.885 E3.54244
G1 X34.231 Y45.14 E3.59154
G1 X34.803 Y44.395 E3.63672
G1 X35.212 Y43.699 E3.67555
G1 X35.673 Y42.641 E3.73106
G1 X35.896 Y41.889 E3.76879
G1 X36.045 Y41.119 E3.80651
G1 X36.125 Y39.993 E3.8608
G1 X36.125 Y-7.575 E6.14866
G1 X39.133 Y-7.575 E6.29333
G1 X39.133 Y-6.071 E6.36567
G1 X39.133 Y49.508 E9.03883
G1 X39.133 Y49.508 F7800
G1 X39.519 Y49.953
G1 F3600
G1 X20.741 Y49.953 E9.94199
G1 X20.742 Y49.026 E9.98658
G1 X20.805 Y48.584 E10.00805
G1 X21.011 Y48.172 E10.0302
G1 X21.288 Y47.898 E10.04894
G1 X21.727 Y47.667 E10.0728
G1 X22.083 Y47.606 E10.09017
G1 X28.13 Y47.603 E10.38101
G1 X28.903 Y47.563 E10.41824
G1 X29.641 Y47.451 E10.45414
G1 X30.366 Y47.266 E10.49013
G1 X31.068 Y47.012 E10.52604
G1 X31.742 Y46.691 E10.56195
G1 X32.392 Y46.296 E10.59853
G1 X33.208 Y45.659 E10.64832
G1 X33.927 Y44.903 E10.6985
G1 X34.472 Y44.197 E10.7414
G1 X34.86 Y43.542 E10.77802
G1 X35.304 Y42.53 E10.83117
G1 X35.518 Y41.814 E10.86711
G1 X35.661 Y41.081 E10.90303
G1 X35.74 Y39.993 E10.9555
G1 X35.74 Y-7.961 E13.26192
G1 X39.519 Y-7.961 E13.44368
G1 X39.519 Y-6.071 E13.53458
G1 X39.519 Y49.893 E16.22625
G1 X39.519 Y49.893 F7800
G1 X39.904 Y50.339
;TYPE:External perimeter
G1 F1800
G1 X20.354 Y50.339 E17.16654
G1 X20.356 Y49.025 E17.22974
G1 X20.405 Y48.635 E17.24865
G1 X20.566 Y48.154 E17.27305
G1 X20.837 Y47.789 E17.29491
G1 X21.216 Y47.472 E17.31867
G1 X21.614 Y47.296 E17.3396
G1 X22.049 Y47.22 E17.36084
G1 X28.13 Y47.218 E17.65331
G1 X28.847 Y47.182 E17.68784
G1 X29.548 Y47.077 E17.72193
G1 X30.236 Y46.903 E17.75606
G1 X30.903 Y46.664 E17.79014
G1 X31.543 Y46.36 E17.82422
G1 X32.154 Y45.992 E17.85853
G1 X32.988 Y45.339 E17.90948
G1 X33.623 Y44.666 E17.95398
G1 X34.142 Y43.999 E17.99463
G1 X34.507 Y43.386 E18.02894
G1 X34.935 Y42.418 E18.07985
G1 X35.14 Y41.739 E18.11396
G1 X35.277 Y41.043 E18.14808
G1 X35.354 Y39.993 E18.19872
G1 X35.354 Y-8.346 E20.52366
G1 X39.904 Y-8.346 E20.7425
G1 X39.904 Y-6.071 E20.85192
G1 X39.904 Y50.279 E23.56216
G1 X39.509 Y50.338 F7800
G1 X38.336 Y49.455
;TYPE:Top solid infill
;WIDTH:0.402461
G1 F900
G1 X38.869 Y48.922 E23.59394
G1 X38.869 Y48.444 E23.6141
G1 X38.009 Y49.303 E23.66535
G1 X37.531 Y49.303 E23.68551
G1 X38.869 Y47.966 E23.76527
G1 X38.869 Y47.488 E23.78543
G1 X37.053 Y49.303 E23.89369
G1 X36.575 Y49.303 E23.91385
G1 X38.869 Y47.009 E24.05065
G1 X38.869 Y46.531 E24.07081
G1 X36.096 Y49.303 E24.23614
G1 X35.618 Y49.303 E24.2563
G1 X38.869 Y46.053 E24.45014
G1 X38.869 Y45.575 E24.4703
G1 X35.14 Y49.303 E24.69264
G1 X34.662 Y49.303 E24.7128
G1 X38.869 Y45.097 E24.96365
G1 X38.869 Y44.619 E24.98381
G1 X34.184 Y49.303 E25.26316
G1 X33.706 Y49.303 E25.28332
G1 X38.869 Y44.141 E25.59118
G1 X38.869 Y43.663 E25.61134
G1 X33.228 Y49.303 E25.9477
G1 X32.75 Y49.303 E25.96786
G1 X38.869 Y43.184 E26.33276
G1 X38.869 Y42.706 E26.35292
G1 X32.272 Y49.303 E26.74632
G1 X31.793 Y49.303 E26.76652
G1 X38.869 Y42.228 E27.18846
G1 X38.869 Y41.75 E27.20862
G1 X31.315 Y49.303 E27.65906
G1 X30.837 Y49.303 E27.67922
G1 X38.869 Y41.272 E28.15817
G1 X38.869 Y40.794 E28.17833
G1 X30.359 Y49.303 E28.68578
G1 X29.881 Y49.303 E28.70594
G1 X31.802 Y47.382 E28.8205
G1 X31.237 Y47.645 E28.84678
G1 X30.967 Y47.739 E28.85884
G1 X29.403 Y49.303 E28.95211
G1 X28.925 Y49.303 E28.97227
G1 X30.264 Y47.964 E29.05212
G1 X29.64 Y48.11 E29.07914
G1 X28.447 Y49.303 E29.15028
G1 X27.969 Y49.303 E29.17044
G1 X29.083 Y48.189 E29.23687
G1 X28.561 Y48.233 E29.25896
G1 X27.49 Y49.303 E29.3228
G1 X27.012 Y49.303 E29.34296
G1 X28.063 Y48.253 E29.4056
G1 X27.584 Y48.253 E29.4258
G1 X26.534 Y49.303 E29.48842
G1 X26.056 Y49.303 E29.50858
G1 X27.106 Y48.253 E29.5712
G1 X26.628 Y48.254 E29.59136
G1 X25.578 Y49.303 E29.65395
G1 X25.1 Y49.303 E29.67411
G1 X26.149 Y48.254 E29.73667
G1 X25.671 Y48.254 E29.75683
G1 X24.622 Y49.303 E29.81939
G1 X24.144 Y49.303 E29.83955
G1 X25.193 Y48.254 E29.90211
G1 X24.715 Y48.254 E29.92227
G1 X23.665 Y49.303 E29.98486
G1 X23.187 Y49.303 E30.00502
G1 X24.236 Y48.255 E30.06755
G1 X23.758 Y48.255 E30.08771
G1 X22.709 Y49.303 E30.15024
G1 X22.231 Y49.303 E30.1704
G1 X23.28 Y48.255 E30.23293
G1 X22.801 Y48.255 E30.25313
G1 X21.753 Y49.303 E30.31563
G1 X21.391 Y49.303 E30.33089
G1 X21.392 Y49.187 E30.33578
G1 X22.323 Y48.255 E30.39133
G1 X22.139 Y48.255 E30.39909
G1 X21.917 Y48.294 E30.40859
G1 X21.74 Y48.372 E30.41675
G1 X21.268 Y48.832 E30.44454
G1 E28.44454 F2400
G92 E0
G1 X21.268 Y48.832 F7800
G1 X35.147 Y44.038
G1 E2 F2400
G1 F900
G1 X38.869 Y40.316 E2.22196
G1 X38.869 Y39.838 E2.24212
G1 X35.886 Y42.82 E2.41998
G1 X36.106 Y42.123 E2.4508
G1 X38.869 Y39.36 E2.61557
G1 X38.869 Y38.881 E2.63577
G1 X36.234 Y41.516 E2.7929
G1 X36.307 Y41.148 E2.80872
G1 X36.327 Y40.945 E2.81732
G1 X38.869 Y38.403 E2.96891
G1 X38.869 Y37.925 E2.98907
G1 X36.377 Y40.417 E3.13768
G1 X36.39 Y39.926 E3.15839
G1 X38.869 Y37.447 E3.30622
G1 X38.869 Y36.969 E3.32638
G1 X36.39 Y39.448 E3.47421
G1 X36.39 Y38.97 E3.49437
G1 X38.869 Y36.491 E3.6422
G1 X38.869 Y36.013 E3.66236
G1 X36.39 Y38.492 E3.81019
G1 X36.39 Y38.014 E3.83035
G1 X38.869 Y35.535 E3.97818
G1 X38.869 Y35.056 E3.99838
G1 X36.39 Y37.536 E4.14624
G1 X36.39 Y37.057 E4.16644
G1 X38.869 Y34.578 E4.31427
G1 X38.869 Y34.1 E4.33443
G1 X36.39 Y36.579 E4.48226
G1 X36.39 Y36.101 E4.50242
G1 X38.869 Y33.622 E4.65025
G1 X38.869 Y33.144 E4.67041
G1 X36.39 Y35.623 E4.81824
G1 X36.39 Y35.145 E4.8384
G1 X38.869 Y32.666 E4.98623
G1 X38.869 Y32.188 E5.00639
G1 X36.39 Y34.667 E5.15422
G1 X36.39 Y34.189 E5.17438
G1 X38.869 Y31.71 E5.32221
G1 X38.869 Y31.232 E5.34237
G1 X36.39 Y33.711 E5.4902
G1 X36.39 Y33.232 E5.5104
G1 X38.869 Y30.753 E5.65823
G1 X38.869 Y30.275 E5.67839
G1 X36.39 Y32.754 E5.82622
G1 X36.39 Y32.276 E5.84638
G1 X38.869 Y29.797 E5.99421
G1 X38.869 Y29.319 E6.01437
G1 X36.39 Y31.798 E6.1622
G1 X36.39 Y31.32 E6.18236
G1 X38.869 Y28.841 E6.33019
G1 X38.869 Y28.363 E6.35035
G1 X36.39 Y30.842 E6.49818
G1 X36.39 Y30.364 E6.51834
G1 X38.869 Y27.885 E6.66617
G1 X38.869 Y27.407 E6.68633
G1 X36.39 Y29.886 E6.83416
G1 X36.39 Y29.408 E6.85432
G1 X38.869 Y26.928 E7.00218
G1 X38.869 Y26.45 E7.02234
G1 X36.39 Y28.929 E7.17017
G1 X36.39 Y28.451 E7.19033
G1 X38.869 Y25.972 E7.33816
G1 X38.869 Y25.494 E7.35832
G1 X36.39 Y27.973 E7.50615
G1 X36.39 Y27.495 E7.52631
G1 X38.869 Y25.016 E7.67414
G1 X38.869 Y24.538 E7.6943
G1 X36.39 Y27.017 E7.84213
G1 X36.39 Y26.539 E7.86229
G1 X38.869 Y24.06 E8.01012
G1 X38.869 Y23.582 E8.03028
G1 X36.39 Y26.061 E8.17811
G1 X36.39 Y25.583 E8.19827
G1 X38.869 Y23.104 E8.3461
G1 X38.869 Y22.625 E8.3663
G1 X36.39 Y25.105 E8.51416
G1 X36.39 Y24.626 E8.53436
G1 X38.869 Y22.147 E8.68219
G1 X38.869 Y21.669 E8.70235
G1 X36.39 Y24.148 E8.85018
G1 X36.39 Y23.67 E8.87034
G1 X38.869 Y21.191 E9.01817
G1 X38.869 Y20.713 E9.03833
G1 X36.39 Y23.192 E9.18616
G1 X36.39 Y22.714 E9.20632
G1 X38.869 Y20.235 E9.35415
G1 X38.869 Y19.757 E9.37431
G1 X36.39 Y22.236 E9.52214
G1 X36.39 Y21.758 E9.5423
G1 X38.869 Y19.279 E9.69013
G1 X38.869 Y18.8 E9.71033
G1 X36.39 Y21.28 E9.85819
G1 X36.39 Y20.801 E9.87839
G1 X38.869 Y18.322 E10.02622
G1 X38.869 Y17.844 E10.04638
G1 X36.39 Y20.323 E10.19421
G1 X36.39 Y19.845 E10.21437
G1 X38.869 Y17.366 E10.3622
G1 X38.869 Y16.888 E10.38236
G1 X36.39 Y19.367 E10.53019
G1 X36.39 Y18.889 E10.55035
G1 X38.869 Y16.41 E10.69818
G1 X38.869 Y15.932 E10.71834
G1 X36.39 Y18.411 E10.86617
G1 X36.39 Y17.933 E10.88633
G1 X38.869 Y15.454 E11.03416
G1 X38.869 Y14.976 E11.05432
G1 X36.39 Y17.455 E11.20215
G1 X36.39 Y16.977 E11.22231
G1 X38.869 Y14.497 E11.37017
G1 X38.869 Y14.019 E11.39033
G1 X36.39 Y16.498 E11.53816
G1 X36.39 Y16.02 E11.55832
G1 X38.869 Y13.541 E11.70615
G1 X38.869 Y13.063 E11.72631
G1 X36.39 Y15.542 E11.87414
G1 X36.39 Y15.064 E11.8943
G1 X38.869 Y12.585 E12.04213
G1 X38.869 Y12.107 E12.06229
G1 X36.39 Y14.586 E12.21012
G1 X36.39 Y14.108 E12.23028
G1 X38.869 Y11.629 E12.37811
G1 X38.869 Y11.151 E12.39827
G1 X36.39 Y13.63 E12.5461
G1 X36.39 Y13.152 E12.56626
G1 X38.869 Y10.672 E12.71412
G1 X38.869 Y10.194 E12.73428
G1 X36.39 Y12.673 E12.88211
G1 X36.39 Y12.195 E12.90227
G1 X38.869 Y9.716 E13.0501
G1 X38.869 Y9.238 E13.07026
G1 X36.39 Y11.717 E13.21809
G1 X36.39 Y11.239 E13.23825
G1 X38.869 Y8.76 E13.38608
G1 X38.869 Y8.282 E13.40624
G1 X36.39 Y10.761 E13.55407
G1 X36.39 Y10.283 E13.57423
G1 X38.869 Y7.804 E13.72206
G1 X38.869 Y7.326 E13.74222
G1 X36.39 Y9.805 E13.89005
G1 X36.39 Y9.327 E13.91021
G1 X38.869 Y6.848 E14.05804
G1 X38.869 Y6.369 E14.07824
G1 X36.39 Y8.849 E14.2261
G1 X36.39 Y8.37 E14.2463
G1 X38.869 Y5.891 E14.39413
G1 X38.869 Y5.413 E14.41429
G1 X36.39 Y7.892 E14.56212
G1 X36.39 Y7.414 E14.58228
G1 X38.869 Y4.935 E14.73011
G1 X38.869 Y4.457 E14.75027
G1 X36.39 Y6.936 E14.8981
G1 X36.39 Y6.458 E14.91826
G1 X38.869 Y3.979 E15.06609
G1 X38.869 Y3.501 E15.08625
G1 X36.39 Y5.98 E15.23408
G1 X36.39 Y5.502 E15.25424
G1 X38.869 Y3.023 E15.40207
G1 X38.869 Y2.544 E15.42227
G1 X36.39 Y5.024 E15.57013
G1 X36.39 Y4.545 E15.59033
G1 X38.869 Y2.066 E15.73816
G1 X38.869 Y1.588 E15.75832
G1 X36.39 Y4.067 E15.90615
G1 X36.39 Y3.589 E15.92631
G1 X38.869 Y1.11 E16.07414
G1 X38.869 Y.632 E16.0943
G1 X36.39 Y3.111 E16.24213
G1 X36.39 Y2.633 E16.26229
G1 X38.869 Y.154 E16.41012
G1 X38.869 Y-.324 E16.43028
G1 X36.39 Y2.155 E16.57811
G1 X36.39 Y1.677 E16.59827
G1 X38.869 Y-.802 E16.7461
G1 X38.869 Y-1.28 E16.76626
G1 X36.39 Y1.199 E16.91409
G1 X36.39 Y.721 E16.93425
G1 X38.869 Y-1.759 E17.08211
G1 X38.869 Y-2.237 E17.10227
G1 X36.39 Y.242 E17.2501
G1 X36.39 Y-.236 E17.27026
G1 X38.869 Y-2.715 E17.41809
G1 X38.869 Y-3.193 E17.43825
G1 X36.39 Y-.714 E17.58608
G1 X36.39 Y-1.192 E17.60624
G1 X38.869 Y-3.671 E17.75407
G1 X38.869 Y-4.149 E17.77423
G1 X36.39 Y-1.67 E17.92206
G1 X36.39 Y-2.148 E17.94222
G1 X38.869 Y-4.627 E18.09005
G1 X38.869 Y-5.105 E18.11021
G1 X36.39 Y-2.626 E18.25804
G1 X36.39 Y-3.104 E18.2782
G1 X38.869 Y-5.584 E18.42606
G1 X38.869 Y-6.062 E18.44622
G1 X36.39 Y-3.583 E18.59405
G1 X36.39 Y-4.061 E18.61421
G1 X38.869 Y-6.54 E18.76204
G1 X38.869 Y-7.018 E18.7822
G1 X36.39 Y-4.539 E18.93003
G1 X36.39 Y-5.017 E18.95019
G1 X38.684 Y-7.311 E19.08699
G1 X38.206 Y-7.311 E19.10715
G1 X36.39 Y-5.495 E19.21544
G1 X36.39 Y-5.973 E19.2356
G1 X37.727 Y-7.311 E19.31536
G1 X37.249 Y-7.311 E19.33552
G1 X36.39 Y-6.451 E19.38677
G1 X36.39 Y-6.929 E19.40693
G1 X36.922 Y-7.462 E19.43868
G1 E17.43868 F2400
G92 E0
M107
;TYPE:Custom
; Filament-specific end gcode
M104 S0 ; turn off temperature
G28 X0  ; home X axis
M84     ; disable motors
; objects_info = {"objects":[]}
; filament used [mm] = 1379.75
; filament used [cm3] = 3.32
; filament used [g] = 4.12
; filament cost = 0.10
; total filament used [g] = 4.12
; total filament cost = 0.10
; total filament used for wipe tower [g] = 0.00
; estimated printing time (normal mode) = 16m 59s
; estimated first layer printing time (normal mode) = 1m 4s

; prusaslicer_config = begin
; arc_fitting = disabled
; autoemit_temperature_commands = 1
; automatic_extrusion_widths = 0
; automatic_infill_combination = 0
; automatic_infill_combination_max_layer_height = 100%
; avoid_crossing_curled_overhangs = 0
; avoid_crossing_perimeters = 0
; avoid_crossing_perimeters_max_detour = 0
; bed_custom_model = 
; bed_custom_texture = 
; bed_shape = 74.7146x6.53668,73.8606x13.0236,72.4444x19.4114,70.4769x25.6515,67.9731x31.6964,64.9519x37.5,61.4364x43.0182,57.4533x48.2091,53.033x53.033,48.2091x57.4533,43.0182x61.4364,37.5x64.9519,31.6964x67.9731,25.6515x70.4769,19.4114x72.4444,13.0236x73.8606,6.53668x74.7146,4.59243e-15x75,-6.53668x74.7146,-13.0236x73.8606,-19.4114x72.4444,-25.6515x70.4769,-31.6964x67.9731,-37.5x64.9519,-43.0182x61.4364,-48.2091x57.4533,-53.033x53.033,-57.4533x48.2091,-61.4364x43.0182,-64.9519x37.5,-67.9731x31.6964,-70.4769x25.6515,-72.4444x19.4114,-73.8606x13.0236,-74.7146x6.53668,-75x9.18485e-15,-74.7146x-6.53668,-73.8606x-13.0236,-72.4444x-19.4114,-70.4769x-25.6515,-67.9731x-31.6964,-64.9519x-37.5,-61.4364x-43.0182,-57.4533x-48.2091,-53.033x-53.033,-48.2091x-57.4533,-43.0182x-61.4364,-37.5x-64.9519,-31.6964x-67.9731,-25.6515x-70.4769,-19.4114x-72.4444,-13.0236x-73.8606,-6.53668x-74.7146,-1.37773e-14x-75,6.53668x-74.7146,13.0236x-73.8606,19.4114x-72.4444,25.6515x-70.4769,31.6964x-67.9731,37.5x-64.9519,43.0182x-61.4364,48.2091x-57.4533,53.033x-53.033,57.4533x-48.2091,61.4364x-43.0182,64.9519x-37.5,67.9731x-31.6964,70.4769x-25.6515,72.4444x-19.4114,73.8606x-13.0236,74.7146x-6.53668,75x-1.83697e-14
; bed_temperature = 60
; before_layer_gcode = 
; between_objects_gcode = 
; binary_gcode = 0
; bottom_fill_pattern = monotonic
; bottom_solid_layers = 3
; bottom_solid_min_thickness = 0
; bridge_acceleration = 0
; bridge_angle = 0
; bridge_fan_speed = 100
; bridge_flow_ratio = 1
; bridge_speed = 60
; brim_separation = 0
; brim_type = outer_only
; brim_width = 0
; chamber_minimal_temperature = 0
; chamber_temperature = 0
; color_change_gcode = M600
; colorprint_heights = 
; compatible_printers_condition_cummulative = ;"printer_notes!~/.*NO_TEMPLATES.*/ and printer_notes!~/.*PRINTER_VENDOR_TRILAB.*/ and printer_notes!~/.*PRINTER_MODEL_MK4IS.*/ and ! (printer_notes=~/.*PRINTER_VENDOR_PRUSA3D.*/ and num_extruders>1)"
; complete_objects = 0
; cooling = 1
; cooling_tube_length = 5
; cooling_tube_retraction = 91.5
; default_acceleration = 0
; default_filament_profile = 
; default_print_profile = 
; deretract_speed = 0
; disable_fan_first_layers = 1
; dont_support_bridges = 1
; draft_shield = disabled
; duplicate_distance = 6
; elefant_foot_compensation = 0
; enable_dynamic_fan_speeds = 0
; enable_dynamic_overhang_speeds = 0
; end_filament_gcode = "; Filament-specific end gcode"
; end_gcode = M104 S0 ; turn off temperature\nG28 X0  ; home X axis\nM84     ; disable motors\n
; ensure_vertical_shell_thickness = enabled
; external_perimeter_acceleration = 0
; external_perimeter_extrusion_width = 0.45
; external_perimeter_speed = 50%
; external_perimeters_first = 0
; extra_loading_move = -2
; extra_perimeters = 1
; extra_perimeters_on_overhangs = 0
; extruder_clearance_height = 20
; extruder_clearance_radius = 20
; extruder_colour = ""
; extruder_offset = 0x0
; extrusion_axis = E
; extrusion_multiplier = 1
; extrusion_width = 0.45
; fan_always_on = 1
; fan_below_layer_time = 100
; filament_abrasive = 0
; filament_colour = #FF8000
; filament_cooling_final_speed = 2
; filament_cooling_initial_speed = 3
; filament_cooling_moves = 1
; filament_cost = 25.4
; filament_density = 1.24
; filament_deretract_speed = nil
; filament_diameter = 1.75
; filament_infill_max_crossing_speed = 0
; filament_infill_max_speed = 0
; filament_load_time = 0
; filament_loading_speed = 14
; filament_loading_speed_start = 19
; filament_max_volumetric_speed = 0
; filament_minimal_purge_on_wipe_tower = 0
; filament_multitool_ramming = 0
; filament_multitool_ramming_flow = 10
; filament_multitool_ramming_volume = 10
; filament_notes = ""
; filament_purge_multiplier = 100%
; filament_ramming_parameters = "130 120 2.70968 2.93548 3.32258 3.83871 4.58065 5.54839 6.51613 7.35484 7.93548 8.16129| 0.05 2.66451 0.45 3.05805 0.95 4.05807 1.45 5.97742 1.95 7.69999 2.45 8.1936 2.95 11.342 3.45 11.4065 3.95 7.6 4.45 7.6 4.95 7.6"
; filament_retract_before_travel = nil
; filament_retract_before_wipe = nil
; filament_retract_layer_change = nil
; filament_retract_length = nil
; filament_retract_length_toolchange = nil
; filament_retract_lift = nil
; filament_retract_lift_above = nil
; filament_retract_lift_below = nil
; filament_retract_restart_extra = nil
; filament_retract_restart_extra_toolchange = nil
; filament_retract_speed = nil
; filament_seam_gap_distance = nil
; filament_settings_id = "Generic PLA @Template"
; filament_shrinkage_compensation_xy = 0%
; filament_shrinkage_compensation_z = 0%
; filament_soluble = 0
; filament_spool_weight = 0
; filament_stamping_distance = 0
; filament_stamping_loading_speed = 20
; filament_toolchange_delay = 0
; filament_travel_lift_before_obstacle = nil
; filament_travel_max_lift = nil
; filament_travel_ramping_lift = nil
; filament_travel_slope = nil
; filament_type = PLA
; filament_unload_time = 0
; filament_unloading_speed = 20
; filament_unloading_speed_start = 100
; filament_vendor = Generic
; filament_wipe = nil
; fill_angle = 45
; fill_density = 20%
; fill_pattern = stars
; first_layer_acceleration = 0
; first_layer_acceleration_over_raft = 0
; first_layer_bed_temperature = 60
; first_layer_extrusion_width = 0.42
; first_layer_height = 0.35
; first_layer_speed = 30
; first_layer_speed_over_raft = 30
; first_layer_temperature = 215
; full_fan_speed_layer = 3
; fuzzy_skin = none
; fuzzy_skin_point_dist = 0.8
; fuzzy_skin_thickness = 0.3
; gap_fill_enabled = 1
; gap_fill_speed = 20
; gcode_comments = 0
; gcode_flavor = smoothie
; gcode_label_objects = disabled
; gcode_resolution = 0.0125
; gcode_substitutions = 
; high_current_on_filament_swap = 0
; host_type = prusalink
; idle_temperature = nil
; infill_acceleration = 0
; infill_anchor = 600%
; infill_anchor_max = 50
; infill_every_layers = 1
; infill_extruder = 1
; infill_extrusion_width = 0.45
; infill_first = 0
; infill_overlap = 25%
; infill_speed = 80
; interface_shells = 0
; ironing = 0
; ironing_flowrate = 15%
; ironing_spacing = 0.1
; ironing_speed = 15
; ironing_type = top
; layer_gcode = 
; layer_height = 0.3
; machine_limits_usage = time_estimate_only
; machine_max_acceleration_e = 10000,5000
; machine_max_acceleration_extruding = 1500,1250
; machine_max_acceleration_retracting = 1500,1250
; machine_max_acceleration_travel = 1500,1250
; machine_max_acceleration_x = 9000,1000
; machine_max_acceleration_y = 9000,1000
; machine_max_acceleration_z = 500,200
; machine_max_feedrate_e = 120,120
; machine_max_feedrate_x = 500,200
; machine_max_feedrate_y = 500,200
; machine_max_feedrate_z = 12,12
; machine_max_jerk_e = 2.5,2.5
; machine_max_jerk_x = 10,10
; machine_max_jerk_y = 10,10
; machine_max_jerk_z = 0.2,0.4
; machine_min_extruding_rate = 0,0
; machine_min_travel_rate = 0,0
; max_fan_speed = 100
; max_layer_height = 0
; max_print_height = 200
; max_print_speed = 80
; max_volumetric_extrusion_rate_slope_negative = 0
; max_volumetric_extrusion_rate_slope_positive = 0
; max_volumetric_speed = 0
; min_bead_width = 85%
; min_fan_speed = 100
; min_feature_size = 25%
; min_layer_height = 0.07
; min_print_speed = 10
; min_skirt_length = 0
; mmu_segmented_region_interlocking_depth = 0
; mmu_segmented_region_max_width = 0
; multimaterial_purging = 140
; notes = 
; nozzle_diameter = 0.4
; nozzle_high_flow = 0
; only_one_perimeter_first_layer = 0
; only_retract_when_crossing_perimeters = 0
; ooze_prevention = 0
; output_filename_format = [input_filename_base].gcode
; overhang_fan_speed_0 = 0
; overhang_fan_speed_1 = 0
; overhang_fan_speed_2 = 0
; overhang_fan_speed_3 = 0
; overhang_speed_0 = 15
; overhang_speed_1 = 15
; overhang_speed_2 = 20
; overhang_speed_3 = 25
; overhangs = 1
; parking_pos_retraction = 92
; pause_print_gcode = M601
; perimeter_acceleration = 0
; perimeter_extruder = 1
; perimeter_extrusion_width = 0.45
; perimeter_generator = arachne
; perimeter_speed = 60
; perimeters = 3
; physical_printer_settings_id = 
; post_process = 
; prefer_clockwise_movements = 0
; print_settings_id = microDelta_1p01
; printer_model = 
; printer_notes = 
; printer_settings_id = microDelta_1p01
; printer_technology = FFF
; printer_variant = 
; printer_vendor = 
; raft_contact_distance = 0.1
; raft_expansion = 1.5
; raft_first_layer_density = 90%
; raft_first_layer_expansion = 3
; raft_layers = 0
; remaining_times = 0
; resolution = 0
; retract_before_travel = 2
; retract_before_wipe = 0%
; retract_layer_change = 0
; retract_length = 2
; retract_length_toolchange = 10
; retract_lift = 0
; retract_lift_above = 0
; retract_lift_below = 0
; retract_restart_extra = 0
; retract_restart_extra_toolchange = 0
; retract_speed = 40
; scarf_seam_entire_loop = 0
; scarf_seam_length = 20
; scarf_seam_max_segment_length = 1
; scarf_seam_on_inner_perimeters = 0
; scarf_seam_only_on_smooth = 1
; scarf_seam_placement = nowhere
; scarf_seam_start_height = 0%
; seam_gap_distance = 15%
; seam_position = aligned
; silent_mode = 1
; single_extruder_multi_material = 0
; single_extruder_multi_material_priming = 1
; skirt_distance = 6
; skirt_height = 1
; skirts = 1
; slice_closing_radius = 0.049
; slicing_mode = regular
; slowdown_below_layer_time = 10
; small_perimeter_speed = 15
; solid_infill_acceleration = 0
; solid_infill_below_area = 70
; solid_infill_every_layers = 0
; solid_infill_extruder = 1
; solid_infill_extrusion_width = 0.45
; solid_infill_speed = 20
; spiral_vase = 0
; staggered_inner_seams = 0
; standby_temperature_delta = -5
; start_filament_gcode = "; Filament gcode\n"
; start_gcode = G28 ; home all axes\nG1 Z5 F5000 ; lift nozzle\n
; support_material = 1
; support_material_angle = 0
; support_material_auto = 1
; support_material_bottom_contact_distance = 0
; support_material_bottom_interface_layers = -1
; support_material_buildplate_only = 0
; support_material_closing_radius = 2
; support_material_contact_distance = 0.2
; support_material_enforce_layers = 0
; support_material_extruder = 1
; support_material_extrusion_width = 0.35
; support_material_interface_contact_loops = 0
; support_material_interface_extruder = 1
; support_material_interface_layers = 3
; support_material_interface_pattern = rectilinear
; support_material_interface_spacing = 0
; support_material_interface_speed = 100%
; support_material_pattern = rectilinear
; support_material_spacing = 2.5
; support_material_speed = 60
; support_material_style = organic
; support_material_synchronize_layers = 0
; support_material_threshold = 0
; support_material_with_sheath = 1
; support_material_xy_spacing = 50%
; support_tree_angle = 40
; support_tree_angle_slow = 25
; support_tree_branch_diameter = 2
; support_tree_branch_diameter_angle = 5
; support_tree_branch_diameter_double_wall = 3
; support_tree_branch_distance = 1
; support_tree_tip_diameter = 0.8
; support_tree_top_rate = 15%
; temperature = 210
; template_custom_gcode = 
; thick_bridges = 1
; thin_walls = 1
; thumbnails = 
; thumbnails_format = PNG
; toolchange_gcode = 
; top_fill_pattern = monotonic
; top_infill_extrusion_width = 0.4
; top_one_perimeter_type = none
; top_solid_infill_acceleration = 0
; top_solid_infill_speed = 15
; top_solid_layers = 3
; top_solid_min_thickness = 0
; travel_acceleration = 0
; travel_lift_before_obstacle = 0
; travel_max_lift = 0
; travel_ramping_lift = 0
; travel_slope = 0
; travel_speed = 130
; travel_speed_z = 0
; use_firmware_retraction = 0
; use_relative_e_distances = 0
; use_volumetric_e = 0
; variable_layer_height = 1
; wall_distribution_count = 1
; wall_transition_angle = 10
; wall_transition_filter_deviation = 25%
; wall_transition_length = 100%
; wipe = 0
; wipe_into_infill = 0
; wipe_into_objects = 0
; wipe_tower = 0
; wipe_tower_acceleration = 0
; wipe_tower_bridging = 10
; wipe_tower_brim_width = 2
; wipe_tower_cone_angle = 0
; wipe_tower_extra_flow = 100%
; wipe_tower_extra_spacing = 100%
; wipe_tower_extruder = 0
; wipe_tower_no_sparse_layers = 0
; wipe_tower_width = 60
; wiping_volumes_matrix = 0
; wiping_volumes_use_custom_matrix = 0
; xy_size_compensation = 0
; z_offset = 0
; prusaslicer_config = end
